# Wavefront OBJ file written 2025-12-01T11:50:11
o obstacle_edgeMesh

# points : 6664
# lines  : 9996

# <points count="6664">
v 0.75 0.114 0.06
v 0.814 0.114 0.06
v 0.75 0.114 0
v 0.814 0.114 0
v 0.814 0.05 0.06
v 0.814 0.05 0
v 0.75 0.05 0.06
v 0.75 0.05 0
v 0.893 0.114 0.06
v 0.957 0.114 0.06
v 0.893 0.114 0
v 0.957 0.114 0
v 0.957 0.05 0.06
v 0.957 0.05 0
v 0.893 0.05 0.06
v 0.893 0.05 0
v 1.036 0.114 0.06
v 1.1 0.114 0.06
v 1.036 0.114 0
v 1.1 0.114 0
v 1.1 0.05 0.06
v 1.1 0.05 0
v 1.036 0.05 0.06
v 1.036 0.05 0
v 1.179 0.114 0.06
v 1.243 0.114 0.06
v 1.179 0.114 0
v 1.243 0.114 0
v 1.243 0.05 0.06
v 1.243 0.05 0
v 1.179 0.05 0.06
v 1.179 0.05 0
v 1.322 0.114 0.06
v 1.386 0.114 0.06
v 1.322 0.114 0
v 1.386 0.114 0
v 1.386 0.05 0.06
v 1.386 0.05 0
v 1.322 0.05 0.06
v 1.322 0.05 0
v 1.465 0.114 0.06
v 1.529 0.114 0.06
v 1.465 0.114 0
v 1.529 0.114 0
v 1.529 0.05 0.06
v 1.529 0.05 0
v 1.465 0.05 0.06
v 1.465 0.05 0
v 1.608 0.114 0.06
v 1.672 0.114 0.06
v 1.608 0.114 0
v 1.672 0.114 0
v 1.672 0.05 0.06
v 1.672 0.05 0
v 1.608 0.05 0.06
v 1.608 0.05 0
v 1.751 0.114 0.06
v 1.815 0.114 0.06
v 1.751 0.114 0
v 1.815 0.114 0
v 1.815 0.05 0.06
v 1.815 0.05 0
v 1.751 0.05 0.06
v 1.751 0.05 0
v 1.894 0.114 0.06
v 1.958 0.114 0.06
v 1.894 0.114 0
v 1.958 0.114 0
v 1.958 0.05 0.06
v 1.958 0.05 0
v 1.894 0.05 0.06
v 1.894 0.05 0
v 2.037 0.114 0.06
v 2.101 0.114 0.06
v 2.037 0.114 0
v 2.101 0.114 0
v 2.101 0.05 0.06
v 2.101 0.05 0
v 2.037 0.05 0.06
v 2.037 0.05 0
v 2.18 0.114 0.06
v 2.244 0.114 0.06
v 2.18 0.114 0
v 2.244 0.114 0
v 2.244 0.05 0.06
v 2.244 0.05 0
v 2.18 0.05 0.06
v 2.18 0.05 0
v 2.323 0.114 0.06
v 2.387 0.114 0.06
v 2.323 0.114 0
v 2.387 0.114 0
v 2.387 0.05 0.06
v 2.387 0.05 0
v 2.323 0.05 0.06
v 2.323 0.05 0
v 2.466 0.114 0.06
v 2.53 0.114 0.06
v 2.466 0.114 0
v 2.53 0.114 0
v 2.53 0.05 0.06
v 2.53 0.05 0
v 2.466 0.05 0.06
v 2.466 0.05 0
v 2.609 0.114 0.06
v 2.673 0.114 0.06
v 2.609 0.114 0
v 2.673 0.114 0
v 2.673 0.05 0.06
v 2.673 0.05 0
v 2.609 0.05 0.06
v 2.609 0.05 0
v 2.752 0.114 0.06
v 2.816 0.114 0.06
v 2.752 0.114 0
v 2.816 0.114 0
v 2.816 0.05 0.06
v 2.816 0.05 0
v 2.752 0.05 0.06
v 2.752 0.05 0
v 2.895 0.114 0.06
v 2.959 0.114 0.06
v 2.895 0.114 0
v 2.959 0.114 0
v 2.959 0.05 0.06
v 2.959 0.05 0
v 2.895 0.05 0.06
v 2.895 0.05 0
v 3.038 0.114 0.06
v 3.102 0.114 0.06
v 3.038 0.114 0
v 3.102 0.114 0
v 3.102 0.05 0.06
v 3.102 0.05 0
v 3.038 0.05 0.06
v 3.038 0.05 0
v 3.181 0.114 0.06
v 3.245 0.114 0.06
v 3.181 0.114 0
v 3.245 0.114 0
v 3.245 0.05 0.06
v 3.245 0.05 0
v 3.181 0.05 0.06
v 3.181 0.05 0
v 3.324 0.114 0.06
v 3.388 0.114 0.06
v 3.324 0.114 0
v 3.388 0.114 0
v 3.388 0.05 0.06
v 3.388 0.05 0
v 3.324 0.05 0.06
v 3.324 0.05 0
v 3.467 0.114 0.06
v 3.531 0.114 0.06
v 3.467 0.114 0
v 3.531 0.114 0
v 3.531 0.05 0.06
v 3.531 0.05 0
v 3.467 0.05 0.06
v 3.467 0.05 0
v 3.61 0.114 0.06
v 3.674 0.114 0.06
v 3.61 0.114 0
v 3.674 0.114 0
v 3.674 0.05 0.06
v 3.674 0.05 0
v 3.61 0.05 0.06
v 3.61 0.05 0
v 3.753 0.114 0.06
v 3.817 0.114 0.06
v 3.753 0.114 0
v 3.817 0.114 0
v 3.817 0.05 0.06
v 3.817 0.05 0
v 3.753 0.05 0.06
v 3.753 0.05 0
v 3.896 0.114 0.06
v 3.96 0.114 0.06
v 3.896 0.114 0
v 3.96 0.114 0
v 3.96 0.05 0.06
v 3.96 0.05 0
v 3.896 0.05 0.06
v 3.896 0.05 0
v 4.039 0.114 0.06
v 4.103 0.114 0.06
v 4.039 0.114 0
v 4.103 0.114 0
v 4.103 0.05 0.06
v 4.103 0.05 0
v 4.039 0.05 0.06
v 4.039 0.05 0
v 4.182 0.114 0.06
v 4.246 0.114 0.06
v 4.182 0.114 0
v 4.246 0.114 0
v 4.246 0.05 0.06
v 4.246 0.05 0
v 4.182 0.05 0.06
v 4.182 0.05 0
v 4.325 0.114 0.06
v 4.389 0.114 0.06
v 4.325 0.114 0
v 4.389 0.114 0
v 4.389 0.05 0.06
v 4.389 0.05 0
v 4.325 0.05 0.06
v 4.325 0.05 0
v 4.468 0.114 0.06
v 4.532 0.114 0.06
v 4.468 0.114 0
v 4.532 0.114 0
v 4.532 0.05 0.06
v 4.532 0.05 0
v 4.468 0.05 0.06
v 4.468 0.05 0
v 4.611 0.114 0.06
v 4.675 0.114 0.06
v 4.611 0.114 0
v 4.675 0.114 0
v 4.675 0.05 0.06
v 4.675 0.05 0
v 4.611 0.05 0.06
v 4.611 0.05 0
v 4.754 0.114 0.06
v 4.818 0.114 0.06
v 4.754 0.114 0
v 4.818 0.114 0
v 4.818 0.05 0.06
v 4.818 0.05 0
v 4.754 0.05 0.06
v 4.754 0.05 0
v 4.897 0.114 0.06
v 4.961 0.114 0.06
v 4.897 0.114 0
v 4.961 0.114 0
v 4.961 0.05 0.06
v 4.961 0.05 0
v 4.897 0.05 0.06
v 4.897 0.05 0
v 5.04 0.114 0.06
v 5.104 0.114 0.06
v 5.04 0.114 0
v 5.104 0.114 0
v 5.104 0.05 0.06
v 5.104 0.05 0
v 5.04 0.05 0.06
v 5.04 0.05 0
v 5.183 0.114 0.06
v 5.247 0.114 0.06
v 5.183 0.114 0
v 5.247 0.114 0
v 5.247 0.05 0.06
v 5.247 0.05 0
v 5.183 0.05 0.06
v 5.183 0.05 0
v 5.326 0.114 0.06
v 5.39 0.114 0.06
v 5.326 0.114 0
v 5.39 0.114 0
v 5.39 0.05 0.06
v 5.39 0.05 0
v 5.326 0.05 0.06
v 5.326 0.05 0
v 5.469 0.114 0.06
v 5.533 0.114 0.06
v 5.469 0.114 0
v 5.533 0.114 0
v 5.533 0.05 0.06
v 5.533 0.05 0
v 5.469 0.05 0.06
v 5.469 0.05 0
v 5.612 0.114 0.06
v 5.676 0.114 0.06
v 5.612 0.114 0
v 5.676 0.114 0
v 5.676 0.05 0.06
v 5.676 0.05 0
v 5.612 0.05 0.06
v 5.612 0.05 0
v 5.755 0.114 0.06
v 5.819 0.114 0.06
v 5.755 0.114 0
v 5.819 0.114 0
v 5.819 0.05 0.06
v 5.819 0.05 0
v 5.755 0.05 0.06
v 5.755 0.05 0
v 5.898 0.114 0.06
v 5.962 0.114 0.06
v 5.898 0.114 0
v 5.962 0.114 0
v 5.962 0.05 0.06
v 5.962 0.05 0
v 5.898 0.05 0.06
v 5.898 0.05 0
v 6.041 0.114 0.06
v 6.105 0.114 0.06
v 6.041 0.114 0
v 6.105 0.114 0
v 6.105 0.05 0.06
v 6.105 0.05 0
v 6.041 0.05 0.06
v 6.041 0.05 0
v 6.184 0.114 0.06
v 6.248 0.114 0.06
v 6.184 0.114 0
v 6.248 0.114 0
v 6.248 0.05 0.06
v 6.248 0.05 0
v 6.184 0.05 0.06
v 6.184 0.05 0
v 6.327 0.114 0.06
v 6.391 0.114 0.06
v 6.327 0.114 0
v 6.391 0.114 0
v 6.391 0.05 0.06
v 6.391 0.05 0
v 6.327 0.05 0.06
v 6.327 0.05 0
v 6.47 0.114 0.06
v 6.534 0.114 0.06
v 6.47 0.114 0
v 6.534 0.114 0
v 6.534 0.05 0.06
v 6.534 0.05 0
v 6.47 0.05 0.06
v 6.47 0.05 0
v 6.613 0.114 0.06
v 6.677 0.114 0.06
v 6.613 0.114 0
v 6.677 0.114 0
v 6.677 0.05 0.06
v 6.677 0.05 0
v 6.613 0.05 0.06
v 6.613 0.05 0
v 6.756 0.114 0.06
v 6.82 0.114 0.06
v 6.756 0.114 0
v 6.82 0.114 0
v 6.82 0.05 0.06
v 6.82 0.05 0
v 6.756 0.05 0.06
v 6.756 0.05 0
v 6.899 0.114 0.06
v 6.963 0.114 0.06
v 6.899 0.114 0
v 6.963 0.114 0
v 6.963 0.05 0.06
v 6.963 0.05 0
v 6.899 0.05 0.06
v 6.899 0.05 0
v 7.042 0.114 0.06
v 7.106 0.114 0.06
v 7.042 0.114 0
v 7.106 0.114 0
v 7.106 0.05 0.06
v 7.106 0.05 0
v 7.042 0.05 0.06
v 7.042 0.05 0
v 7.185 0.114 0.06
v 7.249 0.114 0.06
v 7.185 0.114 0
v 7.249 0.114 0
v 7.249 0.05 0.06
v 7.249 0.05 0
v 7.185 0.05 0.06
v 7.185 0.05 0
v 7.328 0.114 0.06
v 7.392 0.114 0.06
v 7.328 0.114 0
v 7.392 0.114 0
v 7.392 0.05 0.06
v 7.392 0.05 0
v 7.328 0.05 0.06
v 7.328 0.05 0
v 7.471 0.114 0.06
v 7.535 0.114 0.06
v 7.471 0.114 0
v 7.535 0.114 0
v 7.535 0.05 0.06
v 7.535 0.05 0
v 7.471 0.05 0.06
v 7.471 0.05 0
v 7.614 0.114 0.06
v 7.678 0.114 0.06
v 7.614 0.114 0
v 7.678 0.114 0
v 7.678 0.05 0.06
v 7.678 0.05 0
v 7.614 0.05 0.06
v 7.614 0.05 0
v 7.757 0.114 0.06
v 7.821 0.114 0.06
v 7.757 0.114 0
v 7.821 0.114 0
v 7.821 0.05 0.06
v 7.821 0.05 0
v 7.757 0.05 0.06
v 7.757 0.05 0
v 7.9 0.114 0.06
v 7.964 0.114 0.06
v 7.9 0.114 0
v 7.964 0.114 0
v 7.964 0.05 0.06
v 7.964 0.05 0
v 7.9 0.05 0.06
v 7.9 0.05 0
v 8.043 0.114 0.06
v 8.107 0.114 0.06
v 8.043 0.114 0
v 8.107 0.114 0
v 8.107 0.05 0.06
v 8.107 0.05 0
v 8.043 0.05 0.06
v 8.043 0.05 0
v 8.186 0.114 0.06
v 8.25 0.114 0.06
v 8.186 0.114 0
v 8.25 0.114 0
v 8.25 0.05 0.06
v 8.25 0.05 0
v 8.186 0.05 0.06
v 8.186 0.05 0
v 8.329 0.114 0.06
v 8.393 0.114 0.06
v 8.329 0.114 0
v 8.393 0.114 0
v 8.393 0.05 0.06
v 8.393 0.05 0
v 8.329 0.05 0.06
v 8.329 0.05 0
v 8.472 0.114 0.06
v 8.536 0.114 0.06
v 8.472 0.114 0
v 8.536 0.114 0
v 8.536 0.05 0.06
v 8.536 0.05 0
v 8.472 0.05 0.06
v 8.472 0.05 0
v 8.615 0.114 0.06
v 8.679 0.114 0.06
v 8.615 0.114 0
v 8.679 0.114 0
v 8.679 0.05 0.06
v 8.679 0.05 0
v 8.615 0.05 0.06
v 8.615 0.05 0
v 8.758 0.114 0.06
v 8.822 0.114 0.06
v 8.758 0.114 0
v 8.822 0.114 0
v 8.822 0.05 0.06
v 8.822 0.05 0
v 8.758 0.05 0.06
v 8.758 0.05 0
v 8.901 0.114 0.06
v 8.965 0.114 0.06
v 8.901 0.114 0
v 8.965 0.114 0
v 8.965 0.05 0.06
v 8.965 0.05 0
v 8.901 0.05 0.06
v 8.901 0.05 0
v 9.044 0.114 0.06
v 9.108 0.114 0.06
v 9.044 0.114 0
v 9.108 0.114 0
v 9.108 0.05 0.06
v 9.108 0.05 0
v 9.044 0.05 0.06
v 9.044 0.05 0
v 9.187 0.114 0.06
v 9.251 0.114 0.06
v 9.187 0.114 0
v 9.251 0.114 0
v 9.251 0.05 0.06
v 9.251 0.05 0
v 9.187 0.05 0.06
v 9.187 0.05 0
v 9.33 0.114 0.06
v 9.394 0.114 0.06
v 9.33 0.114 0
v 9.394 0.114 0
v 9.394 0.05 0.06
v 9.394 0.05 0
v 9.33 0.05 0.06
v 9.33 0.05 0
v 9.473 0.114 0.06
v 9.537 0.114 0.06
v 9.473 0.114 0
v 9.537 0.114 0
v 9.537 0.05 0.06
v 9.537 0.05 0
v 9.473 0.05 0.06
v 9.473 0.05 0
v 9.616 0.114 0.06
v 9.68 0.114 0.06
v 9.616 0.114 0
v 9.68 0.114 0
v 9.68 0.05 0.06
v 9.68 0.05 0
v 9.616 0.05 0.06
v 9.616 0.05 0
v 9.759 0.114 0.06
v 9.823 0.114 0.06
v 9.759 0.114 0
v 9.823 0.114 0
v 9.823 0.05 0.06
v 9.823 0.05 0
v 9.759 0.05 0.06
v 9.759 0.05 0
v 9.902 0.114 0.06
v 9.966 0.114 0.06
v 9.902 0.114 0
v 9.966 0.114 0
v 9.966 0.05 0.06
v 9.966 0.05 0
v 9.902 0.05 0.06
v 9.902 0.05 0
v 10.045 0.114 0.06
v 10.109 0.114 0.06
v 10.045 0.114 0
v 10.109 0.114 0
v 10.109 0.05 0.06
v 10.109 0.05 0
v 10.045 0.05 0.06
v 10.045 0.05 0
v 10.188 0.114 0.06
v 10.252 0.114 0.06
v 10.188 0.114 0
v 10.252 0.114 0
v 10.252 0.05 0.06
v 10.252 0.05 0
v 10.188 0.05 0.06
v 10.188 0.05 0
v 10.331 0.114 0.06
v 10.395 0.114 0.06
v 10.331 0.114 0
v 10.395 0.114 0
v 10.395 0.05 0.06
v 10.395 0.05 0
v 10.331 0.05 0.06
v 10.331 0.05 0
v 10.474 0.114 0.06
v 10.538 0.114 0.06
v 10.474 0.114 0
v 10.538 0.114 0
v 10.538 0.05 0.06
v 10.538 0.05 0
v 10.474 0.05 0.06
v 10.474 0.05 0
v 10.617 0.114 0.06
v 10.681 0.114 0.06
v 10.617 0.114 0
v 10.681 0.114 0
v 10.681 0.05 0.06
v 10.681 0.05 0
v 10.617 0.05 0.06
v 10.617 0.05 0
v 10.76 0.114 0.06
v 10.824 0.114 0.06
v 10.76 0.114 0
v 10.824 0.114 0
v 10.824 0.05 0.06
v 10.824 0.05 0
v 10.76 0.05 0.06
v 10.76 0.05 0
v 10.903 0.114 0.06
v 10.967 0.114 0.06
v 10.903 0.114 0
v 10.967 0.114 0
v 10.967 0.05 0.06
v 10.967 0.05 0
v 10.903 0.05 0.06
v 10.903 0.05 0
v 11.046 0.114 0.06
v 11.11 0.114 0.06
v 11.046 0.114 0
v 11.11 0.114 0
v 11.11 0.05 0.06
v 11.11 0.05 0
v 11.046 0.05 0.06
v 11.046 0.05 0
v 11.189 0.114 0.06
v 11.253 0.114 0.06
v 11.189 0.114 0
v 11.253 0.114 0
v 11.253 0.05 0.06
v 11.253 0.05 0
v 11.189 0.05 0.06
v 11.189 0.05 0
v 11.332 0.114 0.06
v 11.396 0.114 0.06
v 11.332 0.114 0
v 11.396 0.114 0
v 11.396 0.05 0.06
v 11.396 0.05 0
v 11.332 0.05 0.06
v 11.332 0.05 0
v 11.475 0.114 0.06
v 11.539 0.114 0.06
v 11.475 0.114 0
v 11.539 0.114 0
v 11.539 0.05 0.06
v 11.539 0.05 0
v 11.475 0.05 0.06
v 11.475 0.05 0
v 11.618 0.114 0.06
v 11.682 0.114 0.06
v 11.618 0.114 0
v 11.682 0.114 0
v 11.682 0.05 0.06
v 11.682 0.05 0
v 11.618 0.05 0.06
v 11.618 0.05 0
v 11.761 0.114 0.06
v 11.825 0.114 0.06
v 11.761 0.114 0
v 11.825 0.114 0
v 11.825 0.05 0.06
v 11.825 0.05 0
v 11.761 0.05 0.06
v 11.761 0.05 0
v 11.904 0.114 0.06
v 11.968 0.114 0.06
v 11.904 0.114 0
v 11.968 0.114 0
v 11.968 0.05 0.06
v 11.968 0.05 0
v 11.904 0.05 0.06
v 11.904 0.05 0
v 12.047 0.114 0.06
v 12.111 0.114 0.06
v 12.047 0.114 0
v 12.111 0.114 0
v 12.111 0.05 0.06
v 12.111 0.05 0
v 12.047 0.05 0.06
v 12.047 0.05 0
v 12.19 0.114 0.06
v 12.254 0.114 0.06
v 12.19 0.114 0
v 12.254 0.114 0
v 12.254 0.05 0.06
v 12.254 0.05 0
v 12.19 0.05 0.06
v 12.19 0.05 0
v 12.333 0.114 0.06
v 12.397 0.114 0.06
v 12.333 0.114 0
v 12.397 0.114 0
v 12.397 0.05 0.06
v 12.397 0.05 0
v 12.333 0.05 0.06
v 12.333 0.05 0
v 12.476 0.114 0.06
v 12.54 0.114 0.06
v 12.476 0.114 0
v 12.54 0.114 0
v 12.54 0.05 0.06
v 12.54 0.05 0
v 12.476 0.05 0.06
v 12.476 0.05 0
v 12.619 0.114 0.06
v 12.683 0.114 0.06
v 12.619 0.114 0
v 12.683 0.114 0
v 12.683 0.05 0.06
v 12.683 0.05 0
v 12.619 0.05 0.06
v 12.619 0.05 0
v 12.762 0.114 0.06
v 12.826 0.114 0.06
v 12.762 0.114 0
v 12.826 0.114 0
v 12.826 0.05 0.06
v 12.826 0.05 0
v 12.762 0.05 0.06
v 12.762 0.05 0
v 12.905 0.114 0.06
v 12.969 0.114 0.06
v 12.905 0.114 0
v 12.969 0.114 0
v 12.969 0.05 0.06
v 12.969 0.05 0
v 12.905 0.05 0.06
v 12.905 0.05 0
v 13.048 0.114 0.06
v 13.112 0.114 0.06
v 13.048 0.114 0
v 13.112 0.114 0
v 13.112 0.05 0.06
v 13.112 0.05 0
v 13.048 0.05 0.06
v 13.048 0.05 0
v 13.191 0.114 0.06
v 13.255 0.114 0.06
v 13.191 0.114 0
v 13.255 0.114 0
v 13.255 0.05 0.06
v 13.255 0.05 0
v 13.191 0.05 0.06
v 13.191 0.05 0
v 13.334 0.114 0.06
v 13.398 0.114 0.06
v 13.334 0.114 0
v 13.398 0.114 0
v 13.398 0.05 0.06
v 13.398 0.05 0
v 13.334 0.05 0.06
v 13.334 0.05 0
v 13.477 0.114 0.06
v 13.541 0.114 0.06
v 13.477 0.114 0
v 13.541 0.114 0
v 13.541 0.05 0.06
v 13.541 0.05 0
v 13.477 0.05 0.06
v 13.477 0.05 0
v 13.62 0.114 0.06
v 13.684 0.114 0.06
v 13.62 0.114 0
v 13.684 0.114 0
v 13.684 0.05 0.06
v 13.684 0.05 0
v 13.62 0.05 0.06
v 13.62 0.05 0
v 13.763 0.114 0.06
v 13.827 0.114 0.06
v 13.763 0.114 0
v 13.827 0.114 0
v 13.827 0.05 0.06
v 13.827 0.05 0
v 13.763 0.05 0.06
v 13.763 0.05 0
v 13.906 0.114 0.06
v 13.97 0.114 0.06
v 13.906 0.114 0
v 13.97 0.114 0
v 13.97 0.05 0.06
v 13.97 0.05 0
v 13.906 0.05 0.06
v 13.906 0.05 0
v 14.049 0.114 0.06
v 14.113 0.114 0.06
v 14.049 0.114 0
v 14.113 0.114 0
v 14.113 0.05 0.06
v 14.113 0.05 0
v 14.049 0.05 0.06
v 14.049 0.05 0
v 14.192 0.114 0.06
v 14.256 0.114 0.06
v 14.192 0.114 0
v 14.256 0.114 0
v 14.256 0.05 0.06
v 14.256 0.05 0
v 14.192 0.05 0.06
v 14.192 0.05 0
v 14.335 0.114 0.06
v 14.399 0.114 0.06
v 14.335 0.114 0
v 14.399 0.114 0
v 14.399 0.05 0.06
v 14.399 0.05 0
v 14.335 0.05 0.06
v 14.335 0.05 0
v 14.478 0.114 0.06
v 14.542 0.114 0.06
v 14.478 0.114 0
v 14.542 0.114 0
v 14.542 0.05 0.06
v 14.542 0.05 0
v 14.478 0.05 0.06
v 14.478 0.05 0
v 14.621 0.114 0.06
v 14.685 0.114 0.06
v 14.621 0.114 0
v 14.685 0.114 0
v 14.685 0.05 0.06
v 14.685 0.05 0
v 14.621 0.05 0.06
v 14.621 0.05 0
v 14.764 0.114 0.06
v 14.828 0.114 0.06
v 14.764 0.114 0
v 14.828 0.114 0
v 14.828 0.05 0.06
v 14.828 0.05 0
v 14.764 0.05 0.06
v 14.764 0.05 0
v 14.907 0.114 0.06
v 14.971 0.114 0.06
v 14.907 0.114 0
v 14.971 0.114 0
v 14.971 0.05 0.06
v 14.971 0.05 0
v 14.907 0.05 0.06
v 14.907 0.05 0
v 15.05 0.114 0.06
v 15.114 0.114 0.06
v 15.05 0.114 0
v 15.114 0.114 0
v 15.114 0.05 0.06
v 15.114 0.05 0
v 15.05 0.05 0.06
v 15.05 0.05 0
v 15.193 0.114 0.06
v 15.257 0.114 0.06
v 15.193 0.114 0
v 15.257 0.114 0
v 15.257 0.05 0.06
v 15.257 0.05 0
v 15.193 0.05 0.06
v 15.193 0.05 0
v 15.336 0.114 0.06
v 15.4 0.114 0.06
v 15.336 0.114 0
v 15.4 0.114 0
v 15.4 0.05 0.06
v 15.4 0.05 0
v 15.336 0.05 0.06
v 15.336 0.05 0
v 15.479 0.114 0.06
v 15.543 0.114 0.06
v 15.479 0.114 0
v 15.543 0.114 0
v 15.543 0.05 0.06
v 15.543 0.05 0
v 15.479 0.05 0.06
v 15.479 0.05 0
v 15.622 0.114 0.06
v 15.686 0.114 0.06
v 15.622 0.114 0
v 15.686 0.114 0
v 15.686 0.05 0.06
v 15.686 0.05 0
v 15.622 0.05 0.06
v 15.622 0.05 0
v 15.765 0.114 0.06
v 15.829 0.114 0.06
v 15.765 0.114 0
v 15.829 0.114 0
v 15.829 0.05 0.06
v 15.829 0.05 0
v 15.765 0.05 0.06
v 15.765 0.05 0
v 15.908 0.114 0.06
v 15.972 0.114 0.06
v 15.908 0.114 0
v 15.972 0.114 0
v 15.972 0.05 0.06
v 15.972 0.05 0
v 15.908 0.05 0.06
v 15.908 0.05 0
v 16.051 0.114 0.06
v 16.115 0.114 0.06
v 16.051 0.114 0
v 16.115 0.114 0
v 16.115 0.05 0.06
v 16.115 0.05 0
v 16.051 0.05 0.06
v 16.051 0.05 0
v 16.194 0.114 0.06
v 16.258 0.114 0.06
v 16.194 0.114 0
v 16.258 0.114 0
v 16.258 0.05 0.06
v 16.258 0.05 0
v 16.194 0.05 0.06
v 16.194 0.05 0
v 16.337 0.114 0.06
v 16.401 0.114 0.06
v 16.337 0.114 0
v 16.401 0.114 0
v 16.401 0.05 0.06
v 16.401 0.05 0
v 16.337 0.05 0.06
v 16.337 0.05 0
v 16.48 0.114 0.06
v 16.544 0.114 0.06
v 16.48 0.114 0
v 16.544 0.114 0
v 16.544 0.05 0.06
v 16.544 0.05 0
v 16.48 0.05 0.06
v 16.48 0.05 0
v 16.623 0.114 0.06
v 16.687 0.114 0.06
v 16.623 0.114 0
v 16.687 0.114 0
v 16.687 0.05 0.06
v 16.687 0.05 0
v 16.623 0.05 0.06
v 16.623 0.05 0
v 16.766 0.114 0.06
v 16.83 0.114 0.06
v 16.766 0.114 0
v 16.83 0.114 0
v 16.83 0.05 0.06
v 16.83 0.05 0
v 16.766 0.05 0.06
v 16.766 0.05 0
v 16.909 0.114 0.06
v 16.973 0.114 0.06
v 16.909 0.114 0
v 16.973 0.114 0
v 16.973 0.05 0.06
v 16.973 0.05 0
v 16.909 0.05 0.06
v 16.909 0.05 0
v 17.052 0.114 0.06
v 17.116 0.114 0.06
v 17.052 0.114 0
v 17.116 0.114 0
v 17.116 0.05 0.06
v 17.116 0.05 0
v 17.052 0.05 0.06
v 17.052 0.05 0
v 17.195 0.114 0.06
v 17.259 0.114 0.06
v 17.195 0.114 0
v 17.259 0.114 0
v 17.259 0.05 0.06
v 17.259 0.05 0
v 17.195 0.05 0.06
v 17.195 0.05 0
v 17.338 0.114 0.06
v 17.402 0.114 0.06
v 17.338 0.114 0
v 17.402 0.114 0
v 17.402 0.05 0.06
v 17.402 0.05 0
v 17.338 0.05 0.06
v 17.338 0.05 0
v 17.481 0.114 0.06
v 17.545 0.114 0.06
v 17.481 0.114 0
v 17.545 0.114 0
v 17.545 0.05 0.06
v 17.545 0.05 0
v 17.481 0.05 0.06
v 17.481 0.05 0
v 17.624 0.114 0.06
v 17.688 0.114 0.06
v 17.624 0.114 0
v 17.688 0.114 0
v 17.688 0.05 0.06
v 17.688 0.05 0
v 17.624 0.05 0.06
v 17.624 0.05 0
v 0.75 0.257 0.06
v 0.814 0.257 0.06
v 0.75 0.257 0
v 0.814 0.257 0
v 0.814 0.193 0.06
v 0.814 0.193 0
v 0.75 0.193 0.06
v 0.75 0.193 0
v 0.893 0.257 0.06
v 0.957 0.257 0.06
v 0.893 0.257 0
v 0.957 0.257 0
v 0.957 0.193 0.06
v 0.957 0.193 0
v 0.893 0.193 0.06
v 0.893 0.193 0
v 1.036 0.257 0.06
v 1.1 0.257 0.06
v 1.036 0.257 0
v 1.1 0.257 0
v 1.1 0.193 0.06
v 1.1 0.193 0
v 1.036 0.193 0.06
v 1.036 0.193 0
v 1.179 0.257 0.06
v 1.243 0.257 0.06
v 1.179 0.257 0
v 1.243 0.257 0
v 1.243 0.193 0.06
v 1.243 0.193 0
v 1.179 0.193 0.06
v 1.179 0.193 0
v 1.322 0.257 0.06
v 1.386 0.257 0.06
v 1.322 0.257 0
v 1.386 0.257 0
v 1.386 0.193 0.06
v 1.386 0.193 0
v 1.322 0.193 0.06
v 1.322 0.193 0
v 1.465 0.257 0.06
v 1.529 0.257 0.06
v 1.465 0.257 0
v 1.529 0.257 0
v 1.529 0.193 0.06
v 1.529 0.193 0
v 1.465 0.193 0.06
v 1.465 0.193 0
v 1.608 0.257 0.06
v 1.672 0.257 0.06
v 1.608 0.257 0
v 1.672 0.257 0
v 1.672 0.193 0.06
v 1.672 0.193 0
v 1.608 0.193 0.06
v 1.608 0.193 0
v 1.751 0.257 0.06
v 1.815 0.257 0.06
v 1.751 0.257 0
v 1.815 0.257 0
v 1.815 0.193 0.06
v 1.815 0.193 0
v 1.751 0.193 0.06
v 1.751 0.193 0
v 1.894 0.257 0.06
v 1.958 0.257 0.06
v 1.894 0.257 0
v 1.958 0.257 0
v 1.958 0.193 0.06
v 1.958 0.193 0
v 1.894 0.193 0.06
v 1.894 0.193 0
v 2.037 0.257 0.06
v 2.101 0.257 0.06
v 2.037 0.257 0
v 2.101 0.257 0
v 2.101 0.193 0.06
v 2.101 0.193 0
v 2.037 0.193 0.06
v 2.037 0.193 0
v 2.18 0.257 0.06
v 2.244 0.257 0.06
v 2.18 0.257 0
v 2.244 0.257 0
v 2.244 0.193 0.06
v 2.244 0.193 0
v 2.18 0.193 0.06
v 2.18 0.193 0
v 2.323 0.257 0.06
v 2.387 0.257 0.06
v 2.323 0.257 0
v 2.387 0.257 0
v 2.387 0.193 0.06
v 2.387 0.193 0
v 2.323 0.193 0.06
v 2.323 0.193 0
v 2.466 0.257 0.06
v 2.53 0.257 0.06
v 2.466 0.257 0
v 2.53 0.257 0
v 2.53 0.193 0.06
v 2.53 0.193 0
v 2.466 0.193 0.06
v 2.466 0.193 0
v 2.609 0.257 0.06
v 2.673 0.257 0.06
v 2.609 0.257 0
v 2.673 0.257 0
v 2.673 0.193 0.06
v 2.673 0.193 0
v 2.609 0.193 0.06
v 2.609 0.193 0
v 2.752 0.257 0.06
v 2.816 0.257 0.06
v 2.752 0.257 0
v 2.816 0.257 0
v 2.816 0.193 0.06
v 2.816 0.193 0
v 2.752 0.193 0.06
v 2.752 0.193 0
v 2.895 0.257 0.06
v 2.959 0.257 0.06
v 2.895 0.257 0
v 2.959 0.257 0
v 2.959 0.193 0.06
v 2.959 0.193 0
v 2.895 0.193 0.06
v 2.895 0.193 0
v 3.038 0.257 0.06
v 3.102 0.257 0.06
v 3.038 0.257 0
v 3.102 0.257 0
v 3.102 0.193 0.06
v 3.102 0.193 0
v 3.038 0.193 0.06
v 3.038 0.193 0
v 3.181 0.257 0.06
v 3.245 0.257 0.06
v 3.181 0.257 0
v 3.245 0.257 0
v 3.245 0.193 0.06
v 3.245 0.193 0
v 3.181 0.193 0.06
v 3.181 0.193 0
v 3.324 0.257 0.06
v 3.388 0.257 0.06
v 3.324 0.257 0
v 3.388 0.257 0
v 3.388 0.193 0.06
v 3.388 0.193 0
v 3.324 0.193 0.06
v 3.324 0.193 0
v 3.467 0.257 0.06
v 3.531 0.257 0.06
v 3.467 0.257 0
v 3.531 0.257 0
v 3.531 0.193 0.06
v 3.531 0.193 0
v 3.467 0.193 0.06
v 3.467 0.193 0
v 3.61 0.257 0.06
v 3.674 0.257 0.06
v 3.61 0.257 0
v 3.674 0.257 0
v 3.674 0.193 0.06
v 3.674 0.193 0
v 3.61 0.193 0.06
v 3.61 0.193 0
v 3.753 0.257 0.06
v 3.817 0.257 0.06
v 3.753 0.257 0
v 3.817 0.257 0
v 3.817 0.193 0.06
v 3.817 0.193 0
v 3.753 0.193 0.06
v 3.753 0.193 0
v 3.896 0.257 0.06
v 3.96 0.257 0.06
v 3.896 0.257 0
v 3.96 0.257 0
v 3.96 0.193 0.06
v 3.96 0.193 0
v 3.896 0.193 0.06
v 3.896 0.193 0
v 4.039 0.257 0.06
v 4.103 0.257 0.06
v 4.039 0.257 0
v 4.103 0.257 0
v 4.103 0.193 0.06
v 4.103 0.193 0
v 4.039 0.193 0.06
v 4.039 0.193 0
v 4.182 0.257 0.06
v 4.246 0.257 0.06
v 4.182 0.257 0
v 4.246 0.257 0
v 4.246 0.193 0.06
v 4.246 0.193 0
v 4.182 0.193 0.06
v 4.182 0.193 0
v 4.325 0.257 0.06
v 4.389 0.257 0.06
v 4.325 0.257 0
v 4.389 0.257 0
v 4.389 0.193 0.06
v 4.389 0.193 0
v 4.325 0.193 0.06
v 4.325 0.193 0
v 4.468 0.257 0.06
v 4.532 0.257 0.06
v 4.468 0.257 0
v 4.532 0.257 0
v 4.532 0.193 0.06
v 4.532 0.193 0
v 4.468 0.193 0.06
v 4.468 0.193 0
v 4.611 0.257 0.06
v 4.675 0.257 0.06
v 4.611 0.257 0
v 4.675 0.257 0
v 4.675 0.193 0.06
v 4.675 0.193 0
v 4.611 0.193 0.06
v 4.611 0.193 0
v 4.754 0.257 0.06
v 4.818 0.257 0.06
v 4.754 0.257 0
v 4.818 0.257 0
v 4.818 0.193 0.06
v 4.818 0.193 0
v 4.754 0.193 0.06
v 4.754 0.193 0
v 4.897 0.257 0.06
v 4.961 0.257 0.06
v 4.897 0.257 0
v 4.961 0.257 0
v 4.961 0.193 0.06
v 4.961 0.193 0
v 4.897 0.193 0.06
v 4.897 0.193 0
v 5.04 0.257 0.06
v 5.104 0.257 0.06
v 5.04 0.257 0
v 5.104 0.257 0
v 5.104 0.193 0.06
v 5.104 0.193 0
v 5.04 0.193 0.06
v 5.04 0.193 0
v 5.183 0.257 0.06
v 5.247 0.257 0.06
v 5.183 0.257 0
v 5.247 0.257 0
v 5.247 0.193 0.06
v 5.247 0.193 0
v 5.183 0.193 0.06
v 5.183 0.193 0
v 5.326 0.257 0.06
v 5.39 0.257 0.06
v 5.326 0.257 0
v 5.39 0.257 0
v 5.39 0.193 0.06
v 5.39 0.193 0
v 5.326 0.193 0.06
v 5.326 0.193 0
v 5.469 0.257 0.06
v 5.533 0.257 0.06
v 5.469 0.257 0
v 5.533 0.257 0
v 5.533 0.193 0.06
v 5.533 0.193 0
v 5.469 0.193 0.06
v 5.469 0.193 0
v 5.612 0.257 0.06
v 5.676 0.257 0.06
v 5.612 0.257 0
v 5.676 0.257 0
v 5.676 0.193 0.06
v 5.676 0.193 0
v 5.612 0.193 0.06
v 5.612 0.193 0
v 5.755 0.257 0.06
v 5.819 0.257 0.06
v 5.755 0.257 0
v 5.819 0.257 0
v 5.819 0.193 0.06
v 5.819 0.193 0
v 5.755 0.193 0.06
v 5.755 0.193 0
v 5.898 0.257 0.06
v 5.962 0.257 0.06
v 5.898 0.257 0
v 5.962 0.257 0
v 5.962 0.193 0.06
v 5.962 0.193 0
v 5.898 0.193 0.06
v 5.898 0.193 0
v 6.041 0.257 0.06
v 6.105 0.257 0.06
v 6.041 0.257 0
v 6.105 0.257 0
v 6.105 0.193 0.06
v 6.105 0.193 0
v 6.041 0.193 0.06
v 6.041 0.193 0
v 6.184 0.257 0.06
v 6.248 0.257 0.06
v 6.184 0.257 0
v 6.248 0.257 0
v 6.248 0.193 0.06
v 6.248 0.193 0
v 6.184 0.193 0.06
v 6.184 0.193 0
v 6.327 0.257 0.06
v 6.391 0.257 0.06
v 6.327 0.257 0
v 6.391 0.257 0
v 6.391 0.193 0.06
v 6.391 0.193 0
v 6.327 0.193 0.06
v 6.327 0.193 0
v 6.47 0.257 0.06
v 6.534 0.257 0.06
v 6.47 0.257 0
v 6.534 0.257 0
v 6.534 0.193 0.06
v 6.534 0.193 0
v 6.47 0.193 0.06
v 6.47 0.193 0
v 6.613 0.257 0.06
v 6.677 0.257 0.06
v 6.613 0.257 0
v 6.677 0.257 0
v 6.677 0.193 0.06
v 6.677 0.193 0
v 6.613 0.193 0.06
v 6.613 0.193 0
v 6.756 0.257 0.06
v 6.82 0.257 0.06
v 6.756 0.257 0
v 6.82 0.257 0
v 6.82 0.193 0.06
v 6.82 0.193 0
v 6.756 0.193 0.06
v 6.756 0.193 0
v 6.899 0.257 0.06
v 6.963 0.257 0.06
v 6.899 0.257 0
v 6.963 0.257 0
v 6.963 0.193 0.06
v 6.963 0.193 0
v 6.899 0.193 0.06
v 6.899 0.193 0
v 7.042 0.257 0.06
v 7.106 0.257 0.06
v 7.042 0.257 0
v 7.106 0.257 0
v 7.106 0.193 0.06
v 7.106 0.193 0
v 7.042 0.193 0.06
v 7.042 0.193 0
v 7.185 0.257 0.06
v 7.249 0.257 0.06
v 7.185 0.257 0
v 7.249 0.257 0
v 7.249 0.193 0.06
v 7.249 0.193 0
v 7.185 0.193 0.06
v 7.185 0.193 0
v 7.328 0.257 0.06
v 7.392 0.257 0.06
v 7.328 0.257 0
v 7.392 0.257 0
v 7.392 0.193 0.06
v 7.392 0.193 0
v 7.328 0.193 0.06
v 7.328 0.193 0
v 7.471 0.257 0.06
v 7.535 0.257 0.06
v 7.471 0.257 0
v 7.535 0.257 0
v 7.535 0.193 0.06
v 7.535 0.193 0
v 7.471 0.193 0.06
v 7.471 0.193 0
v 7.614 0.257 0.06
v 7.678 0.257 0.06
v 7.614 0.257 0
v 7.678 0.257 0
v 7.678 0.193 0.06
v 7.678 0.193 0
v 7.614 0.193 0.06
v 7.614 0.193 0
v 7.757 0.257 0.06
v 7.821 0.257 0.06
v 7.757 0.257 0
v 7.821 0.257 0
v 7.821 0.193 0.06
v 7.821 0.193 0
v 7.757 0.193 0.06
v 7.757 0.193 0
v 7.9 0.257 0.06
v 7.964 0.257 0.06
v 7.9 0.257 0
v 7.964 0.257 0
v 7.964 0.193 0.06
v 7.964 0.193 0
v 7.9 0.193 0.06
v 7.9 0.193 0
v 8.043 0.257 0.06
v 8.107 0.257 0.06
v 8.043 0.257 0
v 8.107 0.257 0
v 8.107 0.193 0.06
v 8.107 0.193 0
v 8.043 0.193 0.06
v 8.043 0.193 0
v 8.186 0.257 0.06
v 8.25 0.257 0.06
v 8.186 0.257 0
v 8.25 0.257 0
v 8.25 0.193 0.06
v 8.25 0.193 0
v 8.186 0.193 0.06
v 8.186 0.193 0
v 8.329 0.257 0.06
v 8.393 0.257 0.06
v 8.329 0.257 0
v 8.393 0.257 0
v 8.393 0.193 0.06
v 8.393 0.193 0
v 8.329 0.193 0.06
v 8.329 0.193 0
v 8.472 0.257 0.06
v 8.536 0.257 0.06
v 8.472 0.257 0
v 8.536 0.257 0
v 8.536 0.193 0.06
v 8.536 0.193 0
v 8.472 0.193 0.06
v 8.472 0.193 0
v 8.615 0.257 0.06
v 8.679 0.257 0.06
v 8.615 0.257 0
v 8.679 0.257 0
v 8.679 0.193 0.06
v 8.679 0.193 0
v 8.615 0.193 0.06
v 8.615 0.193 0
v 8.758 0.257 0.06
v 8.822 0.257 0.06
v 8.758 0.257 0
v 8.822 0.257 0
v 8.822 0.193 0.06
v 8.822 0.193 0
v 8.758 0.193 0.06
v 8.758 0.193 0
v 8.901 0.257 0.06
v 8.965 0.257 0.06
v 8.901 0.257 0
v 8.965 0.257 0
v 8.965 0.193 0.06
v 8.965 0.193 0
v 8.901 0.193 0.06
v 8.901 0.193 0
v 9.044 0.257 0.06
v 9.108 0.257 0.06
v 9.044 0.257 0
v 9.108 0.257 0
v 9.108 0.193 0.06
v 9.108 0.193 0
v 9.044 0.193 0.06
v 9.044 0.193 0
v 9.187 0.257 0.06
v 9.251 0.257 0.06
v 9.187 0.257 0
v 9.251 0.257 0
v 9.251 0.193 0.06
v 9.251 0.193 0
v 9.187 0.193 0.06
v 9.187 0.193 0
v 9.33 0.257 0.06
v 9.394 0.257 0.06
v 9.33 0.257 0
v 9.394 0.257 0
v 9.394 0.193 0.06
v 9.394 0.193 0
v 9.33 0.193 0.06
v 9.33 0.193 0
v 9.473 0.257 0.06
v 9.537 0.257 0.06
v 9.473 0.257 0
v 9.537 0.257 0
v 9.537 0.193 0.06
v 9.537 0.193 0
v 9.473 0.193 0.06
v 9.473 0.193 0
v 9.616 0.257 0.06
v 9.68 0.257 0.06
v 9.616 0.257 0
v 9.68 0.257 0
v 9.68 0.193 0.06
v 9.68 0.193 0
v 9.616 0.193 0.06
v 9.616 0.193 0
v 9.759 0.257 0.06
v 9.823 0.257 0.06
v 9.759 0.257 0
v 9.823 0.257 0
v 9.823 0.193 0.06
v 9.823 0.193 0
v 9.759 0.193 0.06
v 9.759 0.193 0
v 9.902 0.257 0.06
v 9.966 0.257 0.06
v 9.902 0.257 0
v 9.966 0.257 0
v 9.966 0.193 0.06
v 9.966 0.193 0
v 9.902 0.193 0.06
v 9.902 0.193 0
v 10.045 0.257 0.06
v 10.109 0.257 0.06
v 10.045 0.257 0
v 10.109 0.257 0
v 10.109 0.193 0.06
v 10.109 0.193 0
v 10.045 0.193 0.06
v 10.045 0.193 0
v 10.188 0.257 0.06
v 10.252 0.257 0.06
v 10.188 0.257 0
v 10.252 0.257 0
v 10.252 0.193 0.06
v 10.252 0.193 0
v 10.188 0.193 0.06
v 10.188 0.193 0
v 10.331 0.257 0.06
v 10.395 0.257 0.06
v 10.331 0.257 0
v 10.395 0.257 0
v 10.395 0.193 0.06
v 10.395 0.193 0
v 10.331 0.193 0.06
v 10.331 0.193 0
v 10.474 0.257 0.06
v 10.538 0.257 0.06
v 10.474 0.257 0
v 10.538 0.257 0
v 10.538 0.193 0.06
v 10.538 0.193 0
v 10.474 0.193 0.06
v 10.474 0.193 0
v 10.617 0.257 0.06
v 10.681 0.257 0.06
v 10.617 0.257 0
v 10.681 0.257 0
v 10.681 0.193 0.06
v 10.681 0.193 0
v 10.617 0.193 0.06
v 10.617 0.193 0
v 10.76 0.257 0.06
v 10.824 0.257 0.06
v 10.76 0.257 0
v 10.824 0.257 0
v 10.824 0.193 0.06
v 10.824 0.193 0
v 10.76 0.193 0.06
v 10.76 0.193 0
v 10.903 0.257 0.06
v 10.967 0.257 0.06
v 10.903 0.257 0
v 10.967 0.257 0
v 10.967 0.193 0.06
v 10.967 0.193 0
v 10.903 0.193 0.06
v 10.903 0.193 0
v 11.046 0.257 0.06
v 11.11 0.257 0.06
v 11.046 0.257 0
v 11.11 0.257 0
v 11.11 0.193 0.06
v 11.11 0.193 0
v 11.046 0.193 0.06
v 11.046 0.193 0
v 11.189 0.257 0.06
v 11.253 0.257 0.06
v 11.189 0.257 0
v 11.253 0.257 0
v 11.253 0.193 0.06
v 11.253 0.193 0
v 11.189 0.193 0.06
v 11.189 0.193 0
v 11.332 0.257 0.06
v 11.396 0.257 0.06
v 11.332 0.257 0
v 11.396 0.257 0
v 11.396 0.193 0.06
v 11.396 0.193 0
v 11.332 0.193 0.06
v 11.332 0.193 0
v 11.475 0.257 0.06
v 11.539 0.257 0.06
v 11.475 0.257 0
v 11.539 0.257 0
v 11.539 0.193 0.06
v 11.539 0.193 0
v 11.475 0.193 0.06
v 11.475 0.193 0
v 11.618 0.257 0.06
v 11.682 0.257 0.06
v 11.618 0.257 0
v 11.682 0.257 0
v 11.682 0.193 0.06
v 11.682 0.193 0
v 11.618 0.193 0.06
v 11.618 0.193 0
v 11.761 0.257 0.06
v 11.825 0.257 0.06
v 11.761 0.257 0
v 11.825 0.257 0
v 11.825 0.193 0.06
v 11.825 0.193 0
v 11.761 0.193 0.06
v 11.761 0.193 0
v 11.904 0.257 0.06
v 11.968 0.257 0.06
v 11.904 0.257 0
v 11.968 0.257 0
v 11.968 0.193 0.06
v 11.968 0.193 0
v 11.904 0.193 0.06
v 11.904 0.193 0
v 12.047 0.257 0.06
v 12.111 0.257 0.06
v 12.047 0.257 0
v 12.111 0.257 0
v 12.111 0.193 0.06
v 12.111 0.193 0
v 12.047 0.193 0.06
v 12.047 0.193 0
v 12.19 0.257 0.06
v 12.254 0.257 0.06
v 12.19 0.257 0
v 12.254 0.257 0
v 12.254 0.193 0.06
v 12.254 0.193 0
v 12.19 0.193 0.06
v 12.19 0.193 0
v 12.333 0.257 0.06
v 12.397 0.257 0.06
v 12.333 0.257 0
v 12.397 0.257 0
v 12.397 0.193 0.06
v 12.397 0.193 0
v 12.333 0.193 0.06
v 12.333 0.193 0
v 12.476 0.257 0.06
v 12.54 0.257 0.06
v 12.476 0.257 0
v 12.54 0.257 0
v 12.54 0.193 0.06
v 12.54 0.193 0
v 12.476 0.193 0.06
v 12.476 0.193 0
v 12.619 0.257 0.06
v 12.683 0.257 0.06
v 12.619 0.257 0
v 12.683 0.257 0
v 12.683 0.193 0.06
v 12.683 0.193 0
v 12.619 0.193 0.06
v 12.619 0.193 0
v 12.762 0.257 0.06
v 12.826 0.257 0.06
v 12.762 0.257 0
v 12.826 0.257 0
v 12.826 0.193 0.06
v 12.826 0.193 0
v 12.762 0.193 0.06
v 12.762 0.193 0
v 12.905 0.257 0.06
v 12.969 0.257 0.06
v 12.905 0.257 0
v 12.969 0.257 0
v 12.969 0.193 0.06
v 12.969 0.193 0
v 12.905 0.193 0.06
v 12.905 0.193 0
v 13.048 0.257 0.06
v 13.112 0.257 0.06
v 13.048 0.257 0
v 13.112 0.257 0
v 13.112 0.193 0.06
v 13.112 0.193 0
v 13.048 0.193 0.06
v 13.048 0.193 0
v 13.191 0.257 0.06
v 13.255 0.257 0.06
v 13.191 0.257 0
v 13.255 0.257 0
v 13.255 0.193 0.06
v 13.255 0.193 0
v 13.191 0.193 0.06
v 13.191 0.193 0
v 13.334 0.257 0.06
v 13.398 0.257 0.06
v 13.334 0.257 0
v 13.398 0.257 0
v 13.398 0.193 0.06
v 13.398 0.193 0
v 13.334 0.193 0.06
v 13.334 0.193 0
v 13.477 0.257 0.06
v 13.541 0.257 0.06
v 13.477 0.257 0
v 13.541 0.257 0
v 13.541 0.193 0.06
v 13.541 0.193 0
v 13.477 0.193 0.06
v 13.477 0.193 0
v 13.62 0.257 0.06
v 13.684 0.257 0.06
v 13.62 0.257 0
v 13.684 0.257 0
v 13.684 0.193 0.06
v 13.684 0.193 0
v 13.62 0.193 0.06
v 13.62 0.193 0
v 13.763 0.257 0.06
v 13.827 0.257 0.06
v 13.763 0.257 0
v 13.827 0.257 0
v 13.827 0.193 0.06
v 13.827 0.193 0
v 13.763 0.193 0.06
v 13.763 0.193 0
v 13.906 0.257 0.06
v 13.97 0.257 0.06
v 13.906 0.257 0
v 13.97 0.257 0
v 13.97 0.193 0.06
v 13.97 0.193 0
v 13.906 0.193 0.06
v 13.906 0.193 0
v 14.049 0.257 0.06
v 14.113 0.257 0.06
v 14.049 0.257 0
v 14.113 0.257 0
v 14.113 0.193 0.06
v 14.113 0.193 0
v 14.049 0.193 0.06
v 14.049 0.193 0
v 14.192 0.257 0.06
v 14.256 0.257 0.06
v 14.192 0.257 0
v 14.256 0.257 0
v 14.256 0.193 0.06
v 14.256 0.193 0
v 14.192 0.193 0.06
v 14.192 0.193 0
v 14.335 0.257 0.06
v 14.399 0.257 0.06
v 14.335 0.257 0
v 14.399 0.257 0
v 14.399 0.193 0.06
v 14.399 0.193 0
v 14.335 0.193 0.06
v 14.335 0.193 0
v 14.478 0.257 0.06
v 14.542 0.257 0.06
v 14.478 0.257 0
v 14.542 0.257 0
v 14.542 0.193 0.06
v 14.542 0.193 0
v 14.478 0.193 0.06
v 14.478 0.193 0
v 14.621 0.257 0.06
v 14.685 0.257 0.06
v 14.621 0.257 0
v 14.685 0.257 0
v 14.685 0.193 0.06
v 14.685 0.193 0
v 14.621 0.193 0.06
v 14.621 0.193 0
v 14.764 0.257 0.06
v 14.828 0.257 0.06
v 14.764 0.257 0
v 14.828 0.257 0
v 14.828 0.193 0.06
v 14.828 0.193 0
v 14.764 0.193 0.06
v 14.764 0.193 0
v 14.907 0.257 0.06
v 14.971 0.257 0.06
v 14.907 0.257 0
v 14.971 0.257 0
v 14.971 0.193 0.06
v 14.971 0.193 0
v 14.907 0.193 0.06
v 14.907 0.193 0
v 15.05 0.257 0.06
v 15.114 0.257 0.06
v 15.05 0.257 0
v 15.114 0.257 0
v 15.114 0.193 0.06
v 15.114 0.193 0
v 15.05 0.193 0.06
v 15.05 0.193 0
v 15.193 0.257 0.06
v 15.257 0.257 0.06
v 15.193 0.257 0
v 15.257 0.257 0
v 15.257 0.193 0.06
v 15.257 0.193 0
v 15.193 0.193 0.06
v 15.193 0.193 0
v 15.336 0.257 0.06
v 15.4 0.257 0.06
v 15.336 0.257 0
v 15.4 0.257 0
v 15.4 0.193 0.06
v 15.4 0.193 0
v 15.336 0.193 0.06
v 15.336 0.193 0
v 15.479 0.257 0.06
v 15.543 0.257 0.06
v 15.479 0.257 0
v 15.543 0.257 0
v 15.543 0.193 0.06
v 15.543 0.193 0
v 15.479 0.193 0.06
v 15.479 0.193 0
v 15.622 0.257 0.06
v 15.686 0.257 0.06
v 15.622 0.257 0
v 15.686 0.257 0
v 15.686 0.193 0.06
v 15.686 0.193 0
v 15.622 0.193 0.06
v 15.622 0.193 0
v 15.765 0.257 0.06
v 15.829 0.257 0.06
v 15.765 0.257 0
v 15.829 0.257 0
v 15.829 0.193 0.06
v 15.829 0.193 0
v 15.765 0.193 0.06
v 15.765 0.193 0
v 15.908 0.257 0.06
v 15.972 0.257 0.06
v 15.908 0.257 0
v 15.972 0.257 0
v 15.972 0.193 0.06
v 15.972 0.193 0
v 15.908 0.193 0.06
v 15.908 0.193 0
v 16.051 0.257 0.06
v 16.115 0.257 0.06
v 16.051 0.257 0
v 16.115 0.257 0
v 16.115 0.193 0.06
v 16.115 0.193 0
v 16.051 0.193 0.06
v 16.051 0.193 0
v 16.194 0.257 0.06
v 16.258 0.257 0.06
v 16.194 0.257 0
v 16.258 0.257 0
v 16.258 0.193 0.06
v 16.258 0.193 0
v 16.194 0.193 0.06
v 16.194 0.193 0
v 16.337 0.257 0.06
v 16.401 0.257 0.06
v 16.337 0.257 0
v 16.401 0.257 0
v 16.401 0.193 0.06
v 16.401 0.193 0
v 16.337 0.193 0.06
v 16.337 0.193 0
v 16.48 0.257 0.06
v 16.544 0.257 0.06
v 16.48 0.257 0
v 16.544 0.257 0
v 16.544 0.193 0.06
v 16.544 0.193 0
v 16.48 0.193 0.06
v 16.48 0.193 0
v 16.623 0.257 0.06
v 16.687 0.257 0.06
v 16.623 0.257 0
v 16.687 0.257 0
v 16.687 0.193 0.06
v 16.687 0.193 0
v 16.623 0.193 0.06
v 16.623 0.193 0
v 16.766 0.257 0.06
v 16.83 0.257 0.06
v 16.766 0.257 0
v 16.83 0.257 0
v 16.83 0.193 0.06
v 16.83 0.193 0
v 16.766 0.193 0.06
v 16.766 0.193 0
v 16.909 0.257 0.06
v 16.973 0.257 0.06
v 16.909 0.257 0
v 16.973 0.257 0
v 16.973 0.193 0.06
v 16.973 0.193 0
v 16.909 0.193 0.06
v 16.909 0.193 0
v 17.052 0.257 0.06
v 17.116 0.257 0.06
v 17.052 0.257 0
v 17.116 0.257 0
v 17.116 0.193 0.06
v 17.116 0.193 0
v 17.052 0.193 0.06
v 17.052 0.193 0
v 17.195 0.257 0.06
v 17.259 0.257 0.06
v 17.195 0.257 0
v 17.259 0.257 0
v 17.259 0.193 0.06
v 17.259 0.193 0
v 17.195 0.193 0.06
v 17.195 0.193 0
v 17.338 0.257 0.06
v 17.402 0.257 0.06
v 17.338 0.257 0
v 17.402 0.257 0
v 17.402 0.193 0.06
v 17.402 0.193 0
v 17.338 0.193 0.06
v 17.338 0.193 0
v 17.481 0.257 0.06
v 17.545 0.257 0.06
v 17.481 0.257 0
v 17.545 0.257 0
v 17.545 0.193 0.06
v 17.545 0.193 0
v 17.481 0.193 0.06
v 17.481 0.193 0
v 17.624 0.257 0.06
v 17.688 0.257 0.06
v 17.624 0.257 0
v 17.688 0.257 0
v 17.688 0.193 0.06
v 17.688 0.193 0
v 17.624 0.193 0.06
v 17.624 0.193 0
v 0.75 0.4 0.06
v 0.814 0.4 0.06
v 0.75 0.4 0
v 0.814 0.4 0
v 0.814 0.336 0.06
v 0.814 0.336 0
v 0.75 0.336 0.06
v 0.75 0.336 0
v 0.893 0.4 0.06
v 0.957 0.4 0.06
v 0.893 0.4 0
v 0.957 0.4 0
v 0.957 0.336 0.06
v 0.957 0.336 0
v 0.893 0.336 0.06
v 0.893 0.336 0
v 1.036 0.4 0.06
v 1.1 0.4 0.06
v 1.036 0.4 0
v 1.1 0.4 0
v 1.1 0.336 0.06
v 1.1 0.336 0
v 1.036 0.336 0.06
v 1.036 0.336 0
v 1.179 0.4 0.06
v 1.243 0.4 0.06
v 1.179 0.4 0
v 1.243 0.4 0
v 1.243 0.336 0.06
v 1.243 0.336 0
v 1.179 0.336 0.06
v 1.179 0.336 0
v 1.322 0.4 0.06
v 1.386 0.4 0.06
v 1.322 0.4 0
v 1.386 0.4 0
v 1.386 0.336 0.06
v 1.386 0.336 0
v 1.322 0.336 0.06
v 1.322 0.336 0
v 1.465 0.4 0.06
v 1.529 0.4 0.06
v 1.465 0.4 0
v 1.529 0.4 0
v 1.529 0.336 0.06
v 1.529 0.336 0
v 1.465 0.336 0.06
v 1.465 0.336 0
v 1.608 0.4 0.06
v 1.672 0.4 0.06
v 1.608 0.4 0
v 1.672 0.4 0
v 1.672 0.336 0.06
v 1.672 0.336 0
v 1.608 0.336 0.06
v 1.608 0.336 0
v 1.751 0.4 0.06
v 1.815 0.4 0.06
v 1.751 0.4 0
v 1.815 0.4 0
v 1.815 0.336 0.06
v 1.815 0.336 0
v 1.751 0.336 0.06
v 1.751 0.336 0
v 1.894 0.4 0.06
v 1.958 0.4 0.06
v 1.894 0.4 0
v 1.958 0.4 0
v 1.958 0.336 0.06
v 1.958 0.336 0
v 1.894 0.336 0.06
v 1.894 0.336 0
v 2.037 0.4 0.06
v 2.101 0.4 0.06
v 2.037 0.4 0
v 2.101 0.4 0
v 2.101 0.336 0.06
v 2.101 0.336 0
v 2.037 0.336 0.06
v 2.037 0.336 0
v 2.18 0.4 0.06
v 2.244 0.4 0.06
v 2.18 0.4 0
v 2.244 0.4 0
v 2.244 0.336 0.06
v 2.244 0.336 0
v 2.18 0.336 0.06
v 2.18 0.336 0
v 2.323 0.4 0.06
v 2.387 0.4 0.06
v 2.323 0.4 0
v 2.387 0.4 0
v 2.387 0.336 0.06
v 2.387 0.336 0
v 2.323 0.336 0.06
v 2.323 0.336 0
v 2.466 0.4 0.06
v 2.53 0.4 0.06
v 2.466 0.4 0
v 2.53 0.4 0
v 2.53 0.336 0.06
v 2.53 0.336 0
v 2.466 0.336 0.06
v 2.466 0.336 0
v 2.609 0.4 0.06
v 2.673 0.4 0.06
v 2.609 0.4 0
v 2.673 0.4 0
v 2.673 0.336 0.06
v 2.673 0.336 0
v 2.609 0.336 0.06
v 2.609 0.336 0
v 2.752 0.4 0.06
v 2.816 0.4 0.06
v 2.752 0.4 0
v 2.816 0.4 0
v 2.816 0.336 0.06
v 2.816 0.336 0
v 2.752 0.336 0.06
v 2.752 0.336 0
v 2.895 0.4 0.06
v 2.959 0.4 0.06
v 2.895 0.4 0
v 2.959 0.4 0
v 2.959 0.336 0.06
v 2.959 0.336 0
v 2.895 0.336 0.06
v 2.895 0.336 0
v 3.038 0.4 0.06
v 3.102 0.4 0.06
v 3.038 0.4 0
v 3.102 0.4 0
v 3.102 0.336 0.06
v 3.102 0.336 0
v 3.038 0.336 0.06
v 3.038 0.336 0
v 3.181 0.4 0.06
v 3.245 0.4 0.06
v 3.181 0.4 0
v 3.245 0.4 0
v 3.245 0.336 0.06
v 3.245 0.336 0
v 3.181 0.336 0.06
v 3.181 0.336 0
v 3.324 0.4 0.06
v 3.388 0.4 0.06
v 3.324 0.4 0
v 3.388 0.4 0
v 3.388 0.336 0.06
v 3.388 0.336 0
v 3.324 0.336 0.06
v 3.324 0.336 0
v 3.467 0.4 0.06
v 3.531 0.4 0.06
v 3.467 0.4 0
v 3.531 0.4 0
v 3.531 0.336 0.06
v 3.531 0.336 0
v 3.467 0.336 0.06
v 3.467 0.336 0
v 3.61 0.4 0.06
v 3.674 0.4 0.06
v 3.61 0.4 0
v 3.674 0.4 0
v 3.674 0.336 0.06
v 3.674 0.336 0
v 3.61 0.336 0.06
v 3.61 0.336 0
v 3.753 0.4 0.06
v 3.817 0.4 0.06
v 3.753 0.4 0
v 3.817 0.4 0
v 3.817 0.336 0.06
v 3.817 0.336 0
v 3.753 0.336 0.06
v 3.753 0.336 0
v 3.896 0.4 0.06
v 3.96 0.4 0.06
v 3.896 0.4 0
v 3.96 0.4 0
v 3.96 0.336 0.06
v 3.96 0.336 0
v 3.896 0.336 0.06
v 3.896 0.336 0
v 4.039 0.4 0.06
v 4.103 0.4 0.06
v 4.039 0.4 0
v 4.103 0.4 0
v 4.103 0.336 0.06
v 4.103 0.336 0
v 4.039 0.336 0.06
v 4.039 0.336 0
v 4.182 0.4 0.06
v 4.246 0.4 0.06
v 4.182 0.4 0
v 4.246 0.4 0
v 4.246 0.336 0.06
v 4.246 0.336 0
v 4.182 0.336 0.06
v 4.182 0.336 0
v 4.325 0.4 0.06
v 4.389 0.4 0.06
v 4.325 0.4 0
v 4.389 0.4 0
v 4.389 0.336 0.06
v 4.389 0.336 0
v 4.325 0.336 0.06
v 4.325 0.336 0
v 4.468 0.4 0.06
v 4.532 0.4 0.06
v 4.468 0.4 0
v 4.532 0.4 0
v 4.532 0.336 0.06
v 4.532 0.336 0
v 4.468 0.336 0.06
v 4.468 0.336 0
v 4.611 0.4 0.06
v 4.675 0.4 0.06
v 4.611 0.4 0
v 4.675 0.4 0
v 4.675 0.336 0.06
v 4.675 0.336 0
v 4.611 0.336 0.06
v 4.611 0.336 0
v 4.754 0.4 0.06
v 4.818 0.4 0.06
v 4.754 0.4 0
v 4.818 0.4 0
v 4.818 0.336 0.06
v 4.818 0.336 0
v 4.754 0.336 0.06
v 4.754 0.336 0
v 4.897 0.4 0.06
v 4.961 0.4 0.06
v 4.897 0.4 0
v 4.961 0.4 0
v 4.961 0.336 0.06
v 4.961 0.336 0
v 4.897 0.336 0.06
v 4.897 0.336 0
v 5.04 0.4 0.06
v 5.104 0.4 0.06
v 5.04 0.4 0
v 5.104 0.4 0
v 5.104 0.336 0.06
v 5.104 0.336 0
v 5.04 0.336 0.06
v 5.04 0.336 0
v 5.183 0.4 0.06
v 5.247 0.4 0.06
v 5.183 0.4 0
v 5.247 0.4 0
v 5.247 0.336 0.06
v 5.247 0.336 0
v 5.183 0.336 0.06
v 5.183 0.336 0
v 5.326 0.4 0.06
v 5.39 0.4 0.06
v 5.326 0.4 0
v 5.39 0.4 0
v 5.39 0.336 0.06
v 5.39 0.336 0
v 5.326 0.336 0.06
v 5.326 0.336 0
v 5.469 0.4 0.06
v 5.533 0.4 0.06
v 5.469 0.4 0
v 5.533 0.4 0
v 5.533 0.336 0.06
v 5.533 0.336 0
v 5.469 0.336 0.06
v 5.469 0.336 0
v 5.612 0.4 0.06
v 5.676 0.4 0.06
v 5.612 0.4 0
v 5.676 0.4 0
v 5.676 0.336 0.06
v 5.676 0.336 0
v 5.612 0.336 0.06
v 5.612 0.336 0
v 5.755 0.4 0.06
v 5.819 0.4 0.06
v 5.755 0.4 0
v 5.819 0.4 0
v 5.819 0.336 0.06
v 5.819 0.336 0
v 5.755 0.336 0.06
v 5.755 0.336 0
v 5.898 0.4 0.06
v 5.962 0.4 0.06
v 5.898 0.4 0
v 5.962 0.4 0
v 5.962 0.336 0.06
v 5.962 0.336 0
v 5.898 0.336 0.06
v 5.898 0.336 0
v 6.041 0.4 0.06
v 6.105 0.4 0.06
v 6.041 0.4 0
v 6.105 0.4 0
v 6.105 0.336 0.06
v 6.105 0.336 0
v 6.041 0.336 0.06
v 6.041 0.336 0
v 6.184 0.4 0.06
v 6.248 0.4 0.06
v 6.184 0.4 0
v 6.248 0.4 0
v 6.248 0.336 0.06
v 6.248 0.336 0
v 6.184 0.336 0.06
v 6.184 0.336 0
v 6.327 0.4 0.06
v 6.391 0.4 0.06
v 6.327 0.4 0
v 6.391 0.4 0
v 6.391 0.336 0.06
v 6.391 0.336 0
v 6.327 0.336 0.06
v 6.327 0.336 0
v 6.47 0.4 0.06
v 6.534 0.4 0.06
v 6.47 0.4 0
v 6.534 0.4 0
v 6.534 0.336 0.06
v 6.534 0.336 0
v 6.47 0.336 0.06
v 6.47 0.336 0
v 6.613 0.4 0.06
v 6.677 0.4 0.06
v 6.613 0.4 0
v 6.677 0.4 0
v 6.677 0.336 0.06
v 6.677 0.336 0
v 6.613 0.336 0.06
v 6.613 0.336 0
v 6.756 0.4 0.06
v 6.82 0.4 0.06
v 6.756 0.4 0
v 6.82 0.4 0
v 6.82 0.336 0.06
v 6.82 0.336 0
v 6.756 0.336 0.06
v 6.756 0.336 0
v 6.899 0.4 0.06
v 6.963 0.4 0.06
v 6.899 0.4 0
v 6.963 0.4 0
v 6.963 0.336 0.06
v 6.963 0.336 0
v 6.899 0.336 0.06
v 6.899 0.336 0
v 7.042 0.4 0.06
v 7.106 0.4 0.06
v 7.042 0.4 0
v 7.106 0.4 0
v 7.106 0.336 0.06
v 7.106 0.336 0
v 7.042 0.336 0.06
v 7.042 0.336 0
v 7.185 0.4 0.06
v 7.249 0.4 0.06
v 7.185 0.4 0
v 7.249 0.4 0
v 7.249 0.336 0.06
v 7.249 0.336 0
v 7.185 0.336 0.06
v 7.185 0.336 0
v 7.328 0.4 0.06
v 7.392 0.4 0.06
v 7.328 0.4 0
v 7.392 0.4 0
v 7.392 0.336 0.06
v 7.392 0.336 0
v 7.328 0.336 0.06
v 7.328 0.336 0
v 7.471 0.4 0.06
v 7.535 0.4 0.06
v 7.471 0.4 0
v 7.535 0.4 0
v 7.535 0.336 0.06
v 7.535 0.336 0
v 7.471 0.336 0.06
v 7.471 0.336 0
v 7.614 0.4 0.06
v 7.678 0.4 0.06
v 7.614 0.4 0
v 7.678 0.4 0
v 7.678 0.336 0.06
v 7.678 0.336 0
v 7.614 0.336 0.06
v 7.614 0.336 0
v 7.757 0.4 0.06
v 7.821 0.4 0.06
v 7.757 0.4 0
v 7.821 0.4 0
v 7.821 0.336 0.06
v 7.821 0.336 0
v 7.757 0.336 0.06
v 7.757 0.336 0
v 7.9 0.4 0.06
v 7.964 0.4 0.06
v 7.9 0.4 0
v 7.964 0.4 0
v 7.964 0.336 0.06
v 7.964 0.336 0
v 7.9 0.336 0.06
v 7.9 0.336 0
v 8.043 0.4 0.06
v 8.107 0.4 0.06
v 8.043 0.4 0
v 8.107 0.4 0
v 8.107 0.336 0.06
v 8.107 0.336 0
v 8.043 0.336 0.06
v 8.043 0.336 0
v 8.186 0.4 0.06
v 8.25 0.4 0.06
v 8.186 0.4 0
v 8.25 0.4 0
v 8.25 0.336 0.06
v 8.25 0.336 0
v 8.186 0.336 0.06
v 8.186 0.336 0
v 8.329 0.4 0.06
v 8.393 0.4 0.06
v 8.329 0.4 0
v 8.393 0.4 0
v 8.393 0.336 0.06
v 8.393 0.336 0
v 8.329 0.336 0.06
v 8.329 0.336 0
v 8.472 0.4 0.06
v 8.536 0.4 0.06
v 8.472 0.4 0
v 8.536 0.4 0
v 8.536 0.336 0.06
v 8.536 0.336 0
v 8.472 0.336 0.06
v 8.472 0.336 0
v 8.615 0.4 0.06
v 8.679 0.4 0.06
v 8.615 0.4 0
v 8.679 0.4 0
v 8.679 0.336 0.06
v 8.679 0.336 0
v 8.615 0.336 0.06
v 8.615 0.336 0
v 8.758 0.4 0.06
v 8.822 0.4 0.06
v 8.758 0.4 0
v 8.822 0.4 0
v 8.822 0.336 0.06
v 8.822 0.336 0
v 8.758 0.336 0.06
v 8.758 0.336 0
v 8.901 0.4 0.06
v 8.965 0.4 0.06
v 8.901 0.4 0
v 8.965 0.4 0
v 8.965 0.336 0.06
v 8.965 0.336 0
v 8.901 0.336 0.06
v 8.901 0.336 0
v 9.044 0.4 0.06
v 9.108 0.4 0.06
v 9.044 0.4 0
v 9.108 0.4 0
v 9.108 0.336 0.06
v 9.108 0.336 0
v 9.044 0.336 0.06
v 9.044 0.336 0
v 9.187 0.4 0.06
v 9.251 0.4 0.06
v 9.187 0.4 0
v 9.251 0.4 0
v 9.251 0.336 0.06
v 9.251 0.336 0
v 9.187 0.336 0.06
v 9.187 0.336 0
v 9.33 0.4 0.06
v 9.394 0.4 0.06
v 9.33 0.4 0
v 9.394 0.4 0
v 9.394 0.336 0.06
v 9.394 0.336 0
v 9.33 0.336 0.06
v 9.33 0.336 0
v 9.473 0.4 0.06
v 9.537 0.4 0.06
v 9.473 0.4 0
v 9.537 0.4 0
v 9.537 0.336 0.06
v 9.537 0.336 0
v 9.473 0.336 0.06
v 9.473 0.336 0
v 9.616 0.4 0.06
v 9.68 0.4 0.06
v 9.616 0.4 0
v 9.68 0.4 0
v 9.68 0.336 0.06
v 9.68 0.336 0
v 9.616 0.336 0.06
v 9.616 0.336 0
v 9.759 0.4 0.06
v 9.823 0.4 0.06
v 9.759 0.4 0
v 9.823 0.4 0
v 9.823 0.336 0.06
v 9.823 0.336 0
v 9.759 0.336 0.06
v 9.759 0.336 0
v 9.902 0.4 0.06
v 9.966 0.4 0.06
v 9.902 0.4 0
v 9.966 0.4 0
v 9.966 0.336 0.06
v 9.966 0.336 0
v 9.902 0.336 0.06
v 9.902 0.336 0
v 10.045 0.4 0.06
v 10.109 0.4 0.06
v 10.045 0.4 0
v 10.109 0.4 0
v 10.109 0.336 0.06
v 10.109 0.336 0
v 10.045 0.336 0.06
v 10.045 0.336 0
v 10.188 0.4 0.06
v 10.252 0.4 0.06
v 10.188 0.4 0
v 10.252 0.4 0
v 10.252 0.336 0.06
v 10.252 0.336 0
v 10.188 0.336 0.06
v 10.188 0.336 0
v 10.331 0.4 0.06
v 10.395 0.4 0.06
v 10.331 0.4 0
v 10.395 0.4 0
v 10.395 0.336 0.06
v 10.395 0.336 0
v 10.331 0.336 0.06
v 10.331 0.336 0
v 10.474 0.4 0.06
v 10.538 0.4 0.06
v 10.474 0.4 0
v 10.538 0.4 0
v 10.538 0.336 0.06
v 10.538 0.336 0
v 10.474 0.336 0.06
v 10.474 0.336 0
v 10.617 0.4 0.06
v 10.681 0.4 0.06
v 10.617 0.4 0
v 10.681 0.4 0
v 10.681 0.336 0.06
v 10.681 0.336 0
v 10.617 0.336 0.06
v 10.617 0.336 0
v 10.76 0.4 0.06
v 10.824 0.4 0.06
v 10.76 0.4 0
v 10.824 0.4 0
v 10.824 0.336 0.06
v 10.824 0.336 0
v 10.76 0.336 0.06
v 10.76 0.336 0
v 10.903 0.4 0.06
v 10.967 0.4 0.06
v 10.903 0.4 0
v 10.967 0.4 0
v 10.967 0.336 0.06
v 10.967 0.336 0
v 10.903 0.336 0.06
v 10.903 0.336 0
v 11.046 0.4 0.06
v 11.11 0.4 0.06
v 11.046 0.4 0
v 11.11 0.4 0
v 11.11 0.336 0.06
v 11.11 0.336 0
v 11.046 0.336 0.06
v 11.046 0.336 0
v 11.189 0.4 0.06
v 11.253 0.4 0.06
v 11.189 0.4 0
v 11.253 0.4 0
v 11.253 0.336 0.06
v 11.253 0.336 0
v 11.189 0.336 0.06
v 11.189 0.336 0
v 11.332 0.4 0.06
v 11.396 0.4 0.06
v 11.332 0.4 0
v 11.396 0.4 0
v 11.396 0.336 0.06
v 11.396 0.336 0
v 11.332 0.336 0.06
v 11.332 0.336 0
v 11.475 0.4 0.06
v 11.539 0.4 0.06
v 11.475 0.4 0
v 11.539 0.4 0
v 11.539 0.336 0.06
v 11.539 0.336 0
v 11.475 0.336 0.06
v 11.475 0.336 0
v 11.618 0.4 0.06
v 11.682 0.4 0.06
v 11.618 0.4 0
v 11.682 0.4 0
v 11.682 0.336 0.06
v 11.682 0.336 0
v 11.618 0.336 0.06
v 11.618 0.336 0
v 11.761 0.4 0.06
v 11.825 0.4 0.06
v 11.761 0.4 0
v 11.825 0.4 0
v 11.825 0.336 0.06
v 11.825 0.336 0
v 11.761 0.336 0.06
v 11.761 0.336 0
v 11.904 0.4 0.06
v 11.968 0.4 0.06
v 11.904 0.4 0
v 11.968 0.4 0
v 11.968 0.336 0.06
v 11.968 0.336 0
v 11.904 0.336 0.06
v 11.904 0.336 0
v 12.047 0.4 0.06
v 12.111 0.4 0.06
v 12.047 0.4 0
v 12.111 0.4 0
v 12.111 0.336 0.06
v 12.111 0.336 0
v 12.047 0.336 0.06
v 12.047 0.336 0
v 12.19 0.4 0.06
v 12.254 0.4 0.06
v 12.19 0.4 0
v 12.254 0.4 0
v 12.254 0.336 0.06
v 12.254 0.336 0
v 12.19 0.336 0.06
v 12.19 0.336 0
v 12.333 0.4 0.06
v 12.397 0.4 0.06
v 12.333 0.4 0
v 12.397 0.4 0
v 12.397 0.336 0.06
v 12.397 0.336 0
v 12.333 0.336 0.06
v 12.333 0.336 0
v 12.476 0.4 0.06
v 12.54 0.4 0.06
v 12.476 0.4 0
v 12.54 0.4 0
v 12.54 0.336 0.06
v 12.54 0.336 0
v 12.476 0.336 0.06
v 12.476 0.336 0
v 12.619 0.4 0.06
v 12.683 0.4 0.06
v 12.619 0.4 0
v 12.683 0.4 0
v 12.683 0.336 0.06
v 12.683 0.336 0
v 12.619 0.336 0.06
v 12.619 0.336 0
v 12.762 0.4 0.06
v 12.826 0.4 0.06
v 12.762 0.4 0
v 12.826 0.4 0
v 12.826 0.336 0.06
v 12.826 0.336 0
v 12.762 0.336 0.06
v 12.762 0.336 0
v 12.905 0.4 0.06
v 12.969 0.4 0.06
v 12.905 0.4 0
v 12.969 0.4 0
v 12.969 0.336 0.06
v 12.969 0.336 0
v 12.905 0.336 0.06
v 12.905 0.336 0
v 13.048 0.4 0.06
v 13.112 0.4 0.06
v 13.048 0.4 0
v 13.112 0.4 0
v 13.112 0.336 0.06
v 13.112 0.336 0
v 13.048 0.336 0.06
v 13.048 0.336 0
v 13.191 0.4 0.06
v 13.255 0.4 0.06
v 13.191 0.4 0
v 13.255 0.4 0
v 13.255 0.336 0.06
v 13.255 0.336 0
v 13.191 0.336 0.06
v 13.191 0.336 0
v 13.334 0.4 0.06
v 13.398 0.4 0.06
v 13.334 0.4 0
v 13.398 0.4 0
v 13.398 0.336 0.06
v 13.398 0.336 0
v 13.334 0.336 0.06
v 13.334 0.336 0
v 13.477 0.4 0.06
v 13.541 0.4 0.06
v 13.477 0.4 0
v 13.541 0.4 0
v 13.541 0.336 0.06
v 13.541 0.336 0
v 13.477 0.336 0.06
v 13.477 0.336 0
v 13.62 0.4 0.06
v 13.684 0.4 0.06
v 13.62 0.4 0
v 13.684 0.4 0
v 13.684 0.336 0.06
v 13.684 0.336 0
v 13.62 0.336 0.06
v 13.62 0.336 0
v 13.763 0.4 0.06
v 13.827 0.4 0.06
v 13.763 0.4 0
v 13.827 0.4 0
v 13.827 0.336 0.06
v 13.827 0.336 0
v 13.763 0.336 0.06
v 13.763 0.336 0
v 13.906 0.4 0.06
v 13.97 0.4 0.06
v 13.906 0.4 0
v 13.97 0.4 0
v 13.97 0.336 0.06
v 13.97 0.336 0
v 13.906 0.336 0.06
v 13.906 0.336 0
v 14.049 0.4 0.06
v 14.113 0.4 0.06
v 14.049 0.4 0
v 14.113 0.4 0
v 14.113 0.336 0.06
v 14.113 0.336 0
v 14.049 0.336 0.06
v 14.049 0.336 0
v 14.192 0.4 0.06
v 14.256 0.4 0.06
v 14.192 0.4 0
v 14.256 0.4 0
v 14.256 0.336 0.06
v 14.256 0.336 0
v 14.192 0.336 0.06
v 14.192 0.336 0
v 14.335 0.4 0.06
v 14.399 0.4 0.06
v 14.335 0.4 0
v 14.399 0.4 0
v 14.399 0.336 0.06
v 14.399 0.336 0
v 14.335 0.336 0.06
v 14.335 0.336 0
v 14.478 0.4 0.06
v 14.542 0.4 0.06
v 14.478 0.4 0
v 14.542 0.4 0
v 14.542 0.336 0.06
v 14.542 0.336 0
v 14.478 0.336 0.06
v 14.478 0.336 0
v 14.621 0.4 0.06
v 14.685 0.4 0.06
v 14.621 0.4 0
v 14.685 0.4 0
v 14.685 0.336 0.06
v 14.685 0.336 0
v 14.621 0.336 0.06
v 14.621 0.336 0
v 14.764 0.4 0.06
v 14.828 0.4 0.06
v 14.764 0.4 0
v 14.828 0.4 0
v 14.828 0.336 0.06
v 14.828 0.336 0
v 14.764 0.336 0.06
v 14.764 0.336 0
v 14.907 0.4 0.06
v 14.971 0.4 0.06
v 14.907 0.4 0
v 14.971 0.4 0
v 14.971 0.336 0.06
v 14.971 0.336 0
v 14.907 0.336 0.06
v 14.907 0.336 0
v 15.05 0.4 0.06
v 15.114 0.4 0.06
v 15.05 0.4 0
v 15.114 0.4 0
v 15.114 0.336 0.06
v 15.114 0.336 0
v 15.05 0.336 0.06
v 15.05 0.336 0
v 15.193 0.4 0.06
v 15.257 0.4 0.06
v 15.193 0.4 0
v 15.257 0.4 0
v 15.257 0.336 0.06
v 15.257 0.336 0
v 15.193 0.336 0.06
v 15.193 0.336 0
v 15.336 0.4 0.06
v 15.4 0.4 0.06
v 15.336 0.4 0
v 15.4 0.4 0
v 15.4 0.336 0.06
v 15.4 0.336 0
v 15.336 0.336 0.06
v 15.336 0.336 0
v 15.479 0.4 0.06
v 15.543 0.4 0.06
v 15.479 0.4 0
v 15.543 0.4 0
v 15.543 0.336 0.06
v 15.543 0.336 0
v 15.479 0.336 0.06
v 15.479 0.336 0
v 15.622 0.4 0.06
v 15.686 0.4 0.06
v 15.622 0.4 0
v 15.686 0.4 0
v 15.686 0.336 0.06
v 15.686 0.336 0
v 15.622 0.336 0.06
v 15.622 0.336 0
v 15.765 0.4 0.06
v 15.829 0.4 0.06
v 15.765 0.4 0
v 15.829 0.4 0
v 15.829 0.336 0.06
v 15.829 0.336 0
v 15.765 0.336 0.06
v 15.765 0.336 0
v 15.908 0.4 0.06
v 15.972 0.4 0.06
v 15.908 0.4 0
v 15.972 0.4 0
v 15.972 0.336 0.06
v 15.972 0.336 0
v 15.908 0.336 0.06
v 15.908 0.336 0
v 16.051 0.4 0.06
v 16.115 0.4 0.06
v 16.051 0.4 0
v 16.115 0.4 0
v 16.115 0.336 0.06
v 16.115 0.336 0
v 16.051 0.336 0.06
v 16.051 0.336 0
v 16.194 0.4 0.06
v 16.258 0.4 0.06
v 16.194 0.4 0
v 16.258 0.4 0
v 16.258 0.336 0.06
v 16.258 0.336 0
v 16.194 0.336 0.06
v 16.194 0.336 0
v 16.337 0.4 0.06
v 16.401 0.4 0.06
v 16.337 0.4 0
v 16.401 0.4 0
v 16.401 0.336 0.06
v 16.401 0.336 0
v 16.337 0.336 0.06
v 16.337 0.336 0
v 16.48 0.4 0.06
v 16.544 0.4 0.06
v 16.48 0.4 0
v 16.544 0.4 0
v 16.544 0.336 0.06
v 16.544 0.336 0
v 16.48 0.336 0.06
v 16.48 0.336 0
v 16.623 0.4 0.06
v 16.687 0.4 0.06
v 16.623 0.4 0
v 16.687 0.4 0
v 16.687 0.336 0.06
v 16.687 0.336 0
v 16.623 0.336 0.06
v 16.623 0.336 0
v 16.766 0.4 0.06
v 16.83 0.4 0.06
v 16.766 0.4 0
v 16.83 0.4 0
v 16.83 0.336 0.06
v 16.83 0.336 0
v 16.766 0.336 0.06
v 16.766 0.336 0
v 16.909 0.4 0.06
v 16.973 0.4 0.06
v 16.909 0.4 0
v 16.973 0.4 0
v 16.973 0.336 0.06
v 16.973 0.336 0
v 16.909 0.336 0.06
v 16.909 0.336 0
v 17.052 0.4 0.06
v 17.116 0.4 0.06
v 17.052 0.4 0
v 17.116 0.4 0
v 17.116 0.336 0.06
v 17.116 0.336 0
v 17.052 0.336 0.06
v 17.052 0.336 0
v 17.195 0.4 0.06
v 17.259 0.4 0.06
v 17.195 0.4 0
v 17.259 0.4 0
v 17.259 0.336 0.06
v 17.259 0.336 0
v 17.195 0.336 0.06
v 17.195 0.336 0
v 17.338 0.4 0.06
v 17.402 0.4 0.06
v 17.338 0.4 0
v 17.402 0.4 0
v 17.402 0.336 0.06
v 17.402 0.336 0
v 17.338 0.336 0.06
v 17.338 0.336 0
v 17.481 0.4 0.06
v 17.545 0.4 0.06
v 17.481 0.4 0
v 17.545 0.4 0
v 17.545 0.336 0.06
v 17.545 0.336 0
v 17.481 0.336 0.06
v 17.481 0.336 0
v 17.624 0.4 0.06
v 17.688 0.4 0.06
v 17.624 0.4 0
v 17.688 0.4 0
v 17.688 0.336 0.06
v 17.688 0.336 0
v 17.624 0.336 0.06
v 17.624 0.336 0
v 0.75 0.543 0.06
v 0.814 0.543 0.06
v 0.75 0.543 0
v 0.814 0.543 0
v 0.814 0.479 0.06
v 0.814 0.479 0
v 0.75 0.479 0.06
v 0.75 0.479 0
v 0.893 0.543 0.06
v 0.957 0.543 0.06
v 0.893 0.543 0
v 0.957 0.543 0
v 0.957 0.479 0.06
v 0.957 0.479 0
v 0.893 0.479 0.06
v 0.893 0.479 0
v 1.036 0.543 0.06
v 1.1 0.543 0.06
v 1.036 0.543 0
v 1.1 0.543 0
v 1.1 0.479 0.06
v 1.1 0.479 0
v 1.036 0.479 0.06
v 1.036 0.479 0
v 1.179 0.543 0.06
v 1.243 0.543 0.06
v 1.179 0.543 0
v 1.243 0.543 0
v 1.243 0.479 0.06
v 1.243 0.479 0
v 1.179 0.479 0.06
v 1.179 0.479 0
v 1.322 0.543 0.06
v 1.386 0.543 0.06
v 1.322 0.543 0
v 1.386 0.543 0
v 1.386 0.479 0.06
v 1.386 0.479 0
v 1.322 0.479 0.06
v 1.322 0.479 0
v 1.465 0.543 0.06
v 1.529 0.543 0.06
v 1.465 0.543 0
v 1.529 0.543 0
v 1.529 0.479 0.06
v 1.529 0.479 0
v 1.465 0.479 0.06
v 1.465 0.479 0
v 1.608 0.543 0.06
v 1.672 0.543 0.06
v 1.608 0.543 0
v 1.672 0.543 0
v 1.672 0.479 0.06
v 1.672 0.479 0
v 1.608 0.479 0.06
v 1.608 0.479 0
v 1.751 0.543 0.06
v 1.815 0.543 0.06
v 1.751 0.543 0
v 1.815 0.543 0
v 1.815 0.479 0.06
v 1.815 0.479 0
v 1.751 0.479 0.06
v 1.751 0.479 0
v 1.894 0.543 0.06
v 1.958 0.543 0.06
v 1.894 0.543 0
v 1.958 0.543 0
v 1.958 0.479 0.06
v 1.958 0.479 0
v 1.894 0.479 0.06
v 1.894 0.479 0
v 2.037 0.543 0.06
v 2.101 0.543 0.06
v 2.037 0.543 0
v 2.101 0.543 0
v 2.101 0.479 0.06
v 2.101 0.479 0
v 2.037 0.479 0.06
v 2.037 0.479 0
v 2.18 0.543 0.06
v 2.244 0.543 0.06
v 2.18 0.543 0
v 2.244 0.543 0
v 2.244 0.479 0.06
v 2.244 0.479 0
v 2.18 0.479 0.06
v 2.18 0.479 0
v 2.323 0.543 0.06
v 2.387 0.543 0.06
v 2.323 0.543 0
v 2.387 0.543 0
v 2.387 0.479 0.06
v 2.387 0.479 0
v 2.323 0.479 0.06
v 2.323 0.479 0
v 2.466 0.543 0.06
v 2.53 0.543 0.06
v 2.466 0.543 0
v 2.53 0.543 0
v 2.53 0.479 0.06
v 2.53 0.479 0
v 2.466 0.479 0.06
v 2.466 0.479 0
v 2.609 0.543 0.06
v 2.673 0.543 0.06
v 2.609 0.543 0
v 2.673 0.543 0
v 2.673 0.479 0.06
v 2.673 0.479 0
v 2.609 0.479 0.06
v 2.609 0.479 0
v 2.752 0.543 0.06
v 2.816 0.543 0.06
v 2.752 0.543 0
v 2.816 0.543 0
v 2.816 0.479 0.06
v 2.816 0.479 0
v 2.752 0.479 0.06
v 2.752 0.479 0
v 2.895 0.543 0.06
v 2.959 0.543 0.06
v 2.895 0.543 0
v 2.959 0.543 0
v 2.959 0.479 0.06
v 2.959 0.479 0
v 2.895 0.479 0.06
v 2.895 0.479 0
v 3.038 0.543 0.06
v 3.102 0.543 0.06
v 3.038 0.543 0
v 3.102 0.543 0
v 3.102 0.479 0.06
v 3.102 0.479 0
v 3.038 0.479 0.06
v 3.038 0.479 0
v 3.181 0.543 0.06
v 3.245 0.543 0.06
v 3.181 0.543 0
v 3.245 0.543 0
v 3.245 0.479 0.06
v 3.245 0.479 0
v 3.181 0.479 0.06
v 3.181 0.479 0
v 3.324 0.543 0.06
v 3.388 0.543 0.06
v 3.324 0.543 0
v 3.388 0.543 0
v 3.388 0.479 0.06
v 3.388 0.479 0
v 3.324 0.479 0.06
v 3.324 0.479 0
v 3.467 0.543 0.06
v 3.531 0.543 0.06
v 3.467 0.543 0
v 3.531 0.543 0
v 3.531 0.479 0.06
v 3.531 0.479 0
v 3.467 0.479 0.06
v 3.467 0.479 0
v 3.61 0.543 0.06
v 3.674 0.543 0.06
v 3.61 0.543 0
v 3.674 0.543 0
v 3.674 0.479 0.06
v 3.674 0.479 0
v 3.61 0.479 0.06
v 3.61 0.479 0
v 3.753 0.543 0.06
v 3.817 0.543 0.06
v 3.753 0.543 0
v 3.817 0.543 0
v 3.817 0.479 0.06
v 3.817 0.479 0
v 3.753 0.479 0.06
v 3.753 0.479 0
v 3.896 0.543 0.06
v 3.96 0.543 0.06
v 3.896 0.543 0
v 3.96 0.543 0
v 3.96 0.479 0.06
v 3.96 0.479 0
v 3.896 0.479 0.06
v 3.896 0.479 0
v 4.039 0.543 0.06
v 4.103 0.543 0.06
v 4.039 0.543 0
v 4.103 0.543 0
v 4.103 0.479 0.06
v 4.103 0.479 0
v 4.039 0.479 0.06
v 4.039 0.479 0
v 4.182 0.543 0.06
v 4.246 0.543 0.06
v 4.182 0.543 0
v 4.246 0.543 0
v 4.246 0.479 0.06
v 4.246 0.479 0
v 4.182 0.479 0.06
v 4.182 0.479 0
v 4.325 0.543 0.06
v 4.389 0.543 0.06
v 4.325 0.543 0
v 4.389 0.543 0
v 4.389 0.479 0.06
v 4.389 0.479 0
v 4.325 0.479 0.06
v 4.325 0.479 0
v 4.468 0.543 0.06
v 4.532 0.543 0.06
v 4.468 0.543 0
v 4.532 0.543 0
v 4.532 0.479 0.06
v 4.532 0.479 0
v 4.468 0.479 0.06
v 4.468 0.479 0
v 4.611 0.543 0.06
v 4.675 0.543 0.06
v 4.611 0.543 0
v 4.675 0.543 0
v 4.675 0.479 0.06
v 4.675 0.479 0
v 4.611 0.479 0.06
v 4.611 0.479 0
v 4.754 0.543 0.06
v 4.818 0.543 0.06
v 4.754 0.543 0
v 4.818 0.543 0
v 4.818 0.479 0.06
v 4.818 0.479 0
v 4.754 0.479 0.06
v 4.754 0.479 0
v 4.897 0.543 0.06
v 4.961 0.543 0.06
v 4.897 0.543 0
v 4.961 0.543 0
v 4.961 0.479 0.06
v 4.961 0.479 0
v 4.897 0.479 0.06
v 4.897 0.479 0
v 5.04 0.543 0.06
v 5.104 0.543 0.06
v 5.04 0.543 0
v 5.104 0.543 0
v 5.104 0.479 0.06
v 5.104 0.479 0
v 5.04 0.479 0.06
v 5.04 0.479 0
v 5.183 0.543 0.06
v 5.247 0.543 0.06
v 5.183 0.543 0
v 5.247 0.543 0
v 5.247 0.479 0.06
v 5.247 0.479 0
v 5.183 0.479 0.06
v 5.183 0.479 0
v 5.326 0.543 0.06
v 5.39 0.543 0.06
v 5.326 0.543 0
v 5.39 0.543 0
v 5.39 0.479 0.06
v 5.39 0.479 0
v 5.326 0.479 0.06
v 5.326 0.479 0
v 5.469 0.543 0.06
v 5.533 0.543 0.06
v 5.469 0.543 0
v 5.533 0.543 0
v 5.533 0.479 0.06
v 5.533 0.479 0
v 5.469 0.479 0.06
v 5.469 0.479 0
v 5.612 0.543 0.06
v 5.676 0.543 0.06
v 5.612 0.543 0
v 5.676 0.543 0
v 5.676 0.479 0.06
v 5.676 0.479 0
v 5.612 0.479 0.06
v 5.612 0.479 0
v 5.755 0.543 0.06
v 5.819 0.543 0.06
v 5.755 0.543 0
v 5.819 0.543 0
v 5.819 0.479 0.06
v 5.819 0.479 0
v 5.755 0.479 0.06
v 5.755 0.479 0
v 5.898 0.543 0.06
v 5.962 0.543 0.06
v 5.898 0.543 0
v 5.962 0.543 0
v 5.962 0.479 0.06
v 5.962 0.479 0
v 5.898 0.479 0.06
v 5.898 0.479 0
v 6.041 0.543 0.06
v 6.105 0.543 0.06
v 6.041 0.543 0
v 6.105 0.543 0
v 6.105 0.479 0.06
v 6.105 0.479 0
v 6.041 0.479 0.06
v 6.041 0.479 0
v 6.184 0.543 0.06
v 6.248 0.543 0.06
v 6.184 0.543 0
v 6.248 0.543 0
v 6.248 0.479 0.06
v 6.248 0.479 0
v 6.184 0.479 0.06
v 6.184 0.479 0
v 6.327 0.543 0.06
v 6.391 0.543 0.06
v 6.327 0.543 0
v 6.391 0.543 0
v 6.391 0.479 0.06
v 6.391 0.479 0
v 6.327 0.479 0.06
v 6.327 0.479 0
v 6.47 0.543 0.06
v 6.534 0.543 0.06
v 6.47 0.543 0
v 6.534 0.543 0
v 6.534 0.479 0.06
v 6.534 0.479 0
v 6.47 0.479 0.06
v 6.47 0.479 0
v 6.613 0.543 0.06
v 6.677 0.543 0.06
v 6.613 0.543 0
v 6.677 0.543 0
v 6.677 0.479 0.06
v 6.677 0.479 0
v 6.613 0.479 0.06
v 6.613 0.479 0
v 6.756 0.543 0.06
v 6.82 0.543 0.06
v 6.756 0.543 0
v 6.82 0.543 0
v 6.82 0.479 0.06
v 6.82 0.479 0
v 6.756 0.479 0.06
v 6.756 0.479 0
v 6.899 0.543 0.06
v 6.963 0.543 0.06
v 6.899 0.543 0
v 6.963 0.543 0
v 6.963 0.479 0.06
v 6.963 0.479 0
v 6.899 0.479 0.06
v 6.899 0.479 0
v 7.042 0.543 0.06
v 7.106 0.543 0.06
v 7.042 0.543 0
v 7.106 0.543 0
v 7.106 0.479 0.06
v 7.106 0.479 0
v 7.042 0.479 0.06
v 7.042 0.479 0
v 7.185 0.543 0.06
v 7.249 0.543 0.06
v 7.185 0.543 0
v 7.249 0.543 0
v 7.249 0.479 0.06
v 7.249 0.479 0
v 7.185 0.479 0.06
v 7.185 0.479 0
v 7.328 0.543 0.06
v 7.392 0.543 0.06
v 7.328 0.543 0
v 7.392 0.543 0
v 7.392 0.479 0.06
v 7.392 0.479 0
v 7.328 0.479 0.06
v 7.328 0.479 0
v 7.471 0.543 0.06
v 7.535 0.543 0.06
v 7.471 0.543 0
v 7.535 0.543 0
v 7.535 0.479 0.06
v 7.535 0.479 0
v 7.471 0.479 0.06
v 7.471 0.479 0
v 7.614 0.543 0.06
v 7.678 0.543 0.06
v 7.614 0.543 0
v 7.678 0.543 0
v 7.678 0.479 0.06
v 7.678 0.479 0
v 7.614 0.479 0.06
v 7.614 0.479 0
v 7.757 0.543 0.06
v 7.821 0.543 0.06
v 7.757 0.543 0
v 7.821 0.543 0
v 7.821 0.479 0.06
v 7.821 0.479 0
v 7.757 0.479 0.06
v 7.757 0.479 0
v 7.9 0.543 0.06
v 7.964 0.543 0.06
v 7.9 0.543 0
v 7.964 0.543 0
v 7.964 0.479 0.06
v 7.964 0.479 0
v 7.9 0.479 0.06
v 7.9 0.479 0
v 8.043 0.543 0.06
v 8.107 0.543 0.06
v 8.043 0.543 0
v 8.107 0.543 0
v 8.107 0.479 0.06
v 8.107 0.479 0
v 8.043 0.479 0.06
v 8.043 0.479 0
v 8.186 0.543 0.06
v 8.25 0.543 0.06
v 8.186 0.543 0
v 8.25 0.543 0
v 8.25 0.479 0.06
v 8.25 0.479 0
v 8.186 0.479 0.06
v 8.186 0.479 0
v 8.329 0.543 0.06
v 8.393 0.543 0.06
v 8.329 0.543 0
v 8.393 0.543 0
v 8.393 0.479 0.06
v 8.393 0.479 0
v 8.329 0.479 0.06
v 8.329 0.479 0
v 8.472 0.543 0.06
v 8.536 0.543 0.06
v 8.472 0.543 0
v 8.536 0.543 0
v 8.536 0.479 0.06
v 8.536 0.479 0
v 8.472 0.479 0.06
v 8.472 0.479 0
v 8.615 0.543 0.06
v 8.679 0.543 0.06
v 8.615 0.543 0
v 8.679 0.543 0
v 8.679 0.479 0.06
v 8.679 0.479 0
v 8.615 0.479 0.06
v 8.615 0.479 0
v 8.758 0.543 0.06
v 8.822 0.543 0.06
v 8.758 0.543 0
v 8.822 0.543 0
v 8.822 0.479 0.06
v 8.822 0.479 0
v 8.758 0.479 0.06
v 8.758 0.479 0
v 8.901 0.543 0.06
v 8.965 0.543 0.06
v 8.901 0.543 0
v 8.965 0.543 0
v 8.965 0.479 0.06
v 8.965 0.479 0
v 8.901 0.479 0.06
v 8.901 0.479 0
v 9.044 0.543 0.06
v 9.108 0.543 0.06
v 9.044 0.543 0
v 9.108 0.543 0
v 9.108 0.479 0.06
v 9.108 0.479 0
v 9.044 0.479 0.06
v 9.044 0.479 0
v 9.187 0.543 0.06
v 9.251 0.543 0.06
v 9.187 0.543 0
v 9.251 0.543 0
v 9.251 0.479 0.06
v 9.251 0.479 0
v 9.187 0.479 0.06
v 9.187 0.479 0
v 9.33 0.543 0.06
v 9.394 0.543 0.06
v 9.33 0.543 0
v 9.394 0.543 0
v 9.394 0.479 0.06
v 9.394 0.479 0
v 9.33 0.479 0.06
v 9.33 0.479 0
v 9.473 0.543 0.06
v 9.537 0.543 0.06
v 9.473 0.543 0
v 9.537 0.543 0
v 9.537 0.479 0.06
v 9.537 0.479 0
v 9.473 0.479 0.06
v 9.473 0.479 0
v 9.616 0.543 0.06
v 9.68 0.543 0.06
v 9.616 0.543 0
v 9.68 0.543 0
v 9.68 0.479 0.06
v 9.68 0.479 0
v 9.616 0.479 0.06
v 9.616 0.479 0
v 9.759 0.543 0.06
v 9.823 0.543 0.06
v 9.759 0.543 0
v 9.823 0.543 0
v 9.823 0.479 0.06
v 9.823 0.479 0
v 9.759 0.479 0.06
v 9.759 0.479 0
v 9.902 0.543 0.06
v 9.966 0.543 0.06
v 9.902 0.543 0
v 9.966 0.543 0
v 9.966 0.479 0.06
v 9.966 0.479 0
v 9.902 0.479 0.06
v 9.902 0.479 0
v 10.045 0.543 0.06
v 10.109 0.543 0.06
v 10.045 0.543 0
v 10.109 0.543 0
v 10.109 0.479 0.06
v 10.109 0.479 0
v 10.045 0.479 0.06
v 10.045 0.479 0
v 10.188 0.543 0.06
v 10.252 0.543 0.06
v 10.188 0.543 0
v 10.252 0.543 0
v 10.252 0.479 0.06
v 10.252 0.479 0
v 10.188 0.479 0.06
v 10.188 0.479 0
v 10.331 0.543 0.06
v 10.395 0.543 0.06
v 10.331 0.543 0
v 10.395 0.543 0
v 10.395 0.479 0.06
v 10.395 0.479 0
v 10.331 0.479 0.06
v 10.331 0.479 0
v 10.474 0.543 0.06
v 10.538 0.543 0.06
v 10.474 0.543 0
v 10.538 0.543 0
v 10.538 0.479 0.06
v 10.538 0.479 0
v 10.474 0.479 0.06
v 10.474 0.479 0
v 10.617 0.543 0.06
v 10.681 0.543 0.06
v 10.617 0.543 0
v 10.681 0.543 0
v 10.681 0.479 0.06
v 10.681 0.479 0
v 10.617 0.479 0.06
v 10.617 0.479 0
v 10.76 0.543 0.06
v 10.824 0.543 0.06
v 10.76 0.543 0
v 10.824 0.543 0
v 10.824 0.479 0.06
v 10.824 0.479 0
v 10.76 0.479 0.06
v 10.76 0.479 0
v 10.903 0.543 0.06
v 10.967 0.543 0.06
v 10.903 0.543 0
v 10.967 0.543 0
v 10.967 0.479 0.06
v 10.967 0.479 0
v 10.903 0.479 0.06
v 10.903 0.479 0
v 11.046 0.543 0.06
v 11.11 0.543 0.06
v 11.046 0.543 0
v 11.11 0.543 0
v 11.11 0.479 0.06
v 11.11 0.479 0
v 11.046 0.479 0.06
v 11.046 0.479 0
v 11.189 0.543 0.06
v 11.253 0.543 0.06
v 11.189 0.543 0
v 11.253 0.543 0
v 11.253 0.479 0.06
v 11.253 0.479 0
v 11.189 0.479 0.06
v 11.189 0.479 0
v 11.332 0.543 0.06
v 11.396 0.543 0.06
v 11.332 0.543 0
v 11.396 0.543 0
v 11.396 0.479 0.06
v 11.396 0.479 0
v 11.332 0.479 0.06
v 11.332 0.479 0
v 11.475 0.543 0.06
v 11.539 0.543 0.06
v 11.475 0.543 0
v 11.539 0.543 0
v 11.539 0.479 0.06
v 11.539 0.479 0
v 11.475 0.479 0.06
v 11.475 0.479 0
v 11.618 0.543 0.06
v 11.682 0.543 0.06
v 11.618 0.543 0
v 11.682 0.543 0
v 11.682 0.479 0.06
v 11.682 0.479 0
v 11.618 0.479 0.06
v 11.618 0.479 0
v 11.761 0.543 0.06
v 11.825 0.543 0.06
v 11.761 0.543 0
v 11.825 0.543 0
v 11.825 0.479 0.06
v 11.825 0.479 0
v 11.761 0.479 0.06
v 11.761 0.479 0
v 11.904 0.543 0.06
v 11.968 0.543 0.06
v 11.904 0.543 0
v 11.968 0.543 0
v 11.968 0.479 0.06
v 11.968 0.479 0
v 11.904 0.479 0.06
v 11.904 0.479 0
v 12.047 0.543 0.06
v 12.111 0.543 0.06
v 12.047 0.543 0
v 12.111 0.543 0
v 12.111 0.479 0.06
v 12.111 0.479 0
v 12.047 0.479 0.06
v 12.047 0.479 0
v 12.19 0.543 0.06
v 12.254 0.543 0.06
v 12.19 0.543 0
v 12.254 0.543 0
v 12.254 0.479 0.06
v 12.254 0.479 0
v 12.19 0.479 0.06
v 12.19 0.479 0
v 12.333 0.543 0.06
v 12.397 0.543 0.06
v 12.333 0.543 0
v 12.397 0.543 0
v 12.397 0.479 0.06
v 12.397 0.479 0
v 12.333 0.479 0.06
v 12.333 0.479 0
v 12.476 0.543 0.06
v 12.54 0.543 0.06
v 12.476 0.543 0
v 12.54 0.543 0
v 12.54 0.479 0.06
v 12.54 0.479 0
v 12.476 0.479 0.06
v 12.476 0.479 0
v 12.619 0.543 0.06
v 12.683 0.543 0.06
v 12.619 0.543 0
v 12.683 0.543 0
v 12.683 0.479 0.06
v 12.683 0.479 0
v 12.619 0.479 0.06
v 12.619 0.479 0
v 12.762 0.543 0.06
v 12.826 0.543 0.06
v 12.762 0.543 0
v 12.826 0.543 0
v 12.826 0.479 0.06
v 12.826 0.479 0
v 12.762 0.479 0.06
v 12.762 0.479 0
v 12.905 0.543 0.06
v 12.969 0.543 0.06
v 12.905 0.543 0
v 12.969 0.543 0
v 12.969 0.479 0.06
v 12.969 0.479 0
v 12.905 0.479 0.06
v 12.905 0.479 0
v 13.048 0.543 0.06
v 13.112 0.543 0.06
v 13.048 0.543 0
v 13.112 0.543 0
v 13.112 0.479 0.06
v 13.112 0.479 0
v 13.048 0.479 0.06
v 13.048 0.479 0
v 13.191 0.543 0.06
v 13.255 0.543 0.06
v 13.191 0.543 0
v 13.255 0.543 0
v 13.255 0.479 0.06
v 13.255 0.479 0
v 13.191 0.479 0.06
v 13.191 0.479 0
v 13.334 0.543 0.06
v 13.398 0.543 0.06
v 13.334 0.543 0
v 13.398 0.543 0
v 13.398 0.479 0.06
v 13.398 0.479 0
v 13.334 0.479 0.06
v 13.334 0.479 0
v 13.477 0.543 0.06
v 13.541 0.543 0.06
v 13.477 0.543 0
v 13.541 0.543 0
v 13.541 0.479 0.06
v 13.541 0.479 0
v 13.477 0.479 0.06
v 13.477 0.479 0
v 13.62 0.543 0.06
v 13.684 0.543 0.06
v 13.62 0.543 0
v 13.684 0.543 0
v 13.684 0.479 0.06
v 13.684 0.479 0
v 13.62 0.479 0.06
v 13.62 0.479 0
v 13.763 0.543 0.06
v 13.827 0.543 0.06
v 13.763 0.543 0
v 13.827 0.543 0
v 13.827 0.479 0.06
v 13.827 0.479 0
v 13.763 0.479 0.06
v 13.763 0.479 0
v 13.906 0.543 0.06
v 13.97 0.543 0.06
v 13.906 0.543 0
v 13.97 0.543 0
v 13.97 0.479 0.06
v 13.97 0.479 0
v 13.906 0.479 0.06
v 13.906 0.479 0
v 14.049 0.543 0.06
v 14.113 0.543 0.06
v 14.049 0.543 0
v 14.113 0.543 0
v 14.113 0.479 0.06
v 14.113 0.479 0
v 14.049 0.479 0.06
v 14.049 0.479 0
v 14.192 0.543 0.06
v 14.256 0.543 0.06
v 14.192 0.543 0
v 14.256 0.543 0
v 14.256 0.479 0.06
v 14.256 0.479 0
v 14.192 0.479 0.06
v 14.192 0.479 0
v 14.335 0.543 0.06
v 14.399 0.543 0.06
v 14.335 0.543 0
v 14.399 0.543 0
v 14.399 0.479 0.06
v 14.399 0.479 0
v 14.335 0.479 0.06
v 14.335 0.479 0
v 14.478 0.543 0.06
v 14.542 0.543 0.06
v 14.478 0.543 0
v 14.542 0.543 0
v 14.542 0.479 0.06
v 14.542 0.479 0
v 14.478 0.479 0.06
v 14.478 0.479 0
v 14.621 0.543 0.06
v 14.685 0.543 0.06
v 14.621 0.543 0
v 14.685 0.543 0
v 14.685 0.479 0.06
v 14.685 0.479 0
v 14.621 0.479 0.06
v 14.621 0.479 0
v 14.764 0.543 0.06
v 14.828 0.543 0.06
v 14.764 0.543 0
v 14.828 0.543 0
v 14.828 0.479 0.06
v 14.828 0.479 0
v 14.764 0.479 0.06
v 14.764 0.479 0
v 14.907 0.543 0.06
v 14.971 0.543 0.06
v 14.907 0.543 0
v 14.971 0.543 0
v 14.971 0.479 0.06
v 14.971 0.479 0
v 14.907 0.479 0.06
v 14.907 0.479 0
v 15.05 0.543 0.06
v 15.114 0.543 0.06
v 15.05 0.543 0
v 15.114 0.543 0
v 15.114 0.479 0.06
v 15.114 0.479 0
v 15.05 0.479 0.06
v 15.05 0.479 0
v 15.193 0.543 0.06
v 15.257 0.543 0.06
v 15.193 0.543 0
v 15.257 0.543 0
v 15.257 0.479 0.06
v 15.257 0.479 0
v 15.193 0.479 0.06
v 15.193 0.479 0
v 15.336 0.543 0.06
v 15.4 0.543 0.06
v 15.336 0.543 0
v 15.4 0.543 0
v 15.4 0.479 0.06
v 15.4 0.479 0
v 15.336 0.479 0.06
v 15.336 0.479 0
v 15.479 0.543 0.06
v 15.543 0.543 0.06
v 15.479 0.543 0
v 15.543 0.543 0
v 15.543 0.479 0.06
v 15.543 0.479 0
v 15.479 0.479 0.06
v 15.479 0.479 0
v 15.622 0.543 0.06
v 15.686 0.543 0.06
v 15.622 0.543 0
v 15.686 0.543 0
v 15.686 0.479 0.06
v 15.686 0.479 0
v 15.622 0.479 0.06
v 15.622 0.479 0
v 15.765 0.543 0.06
v 15.829 0.543 0.06
v 15.765 0.543 0
v 15.829 0.543 0
v 15.829 0.479 0.06
v 15.829 0.479 0
v 15.765 0.479 0.06
v 15.765 0.479 0
v 15.908 0.543 0.06
v 15.972 0.543 0.06
v 15.908 0.543 0
v 15.972 0.543 0
v 15.972 0.479 0.06
v 15.972 0.479 0
v 15.908 0.479 0.06
v 15.908 0.479 0
v 16.051 0.543 0.06
v 16.115 0.543 0.06
v 16.051 0.543 0
v 16.115 0.543 0
v 16.115 0.479 0.06
v 16.115 0.479 0
v 16.051 0.479 0.06
v 16.051 0.479 0
v 16.194 0.543 0.06
v 16.258 0.543 0.06
v 16.194 0.543 0
v 16.258 0.543 0
v 16.258 0.479 0.06
v 16.258 0.479 0
v 16.194 0.479 0.06
v 16.194 0.479 0
v 16.337 0.543 0.06
v 16.401 0.543 0.06
v 16.337 0.543 0
v 16.401 0.543 0
v 16.401 0.479 0.06
v 16.401 0.479 0
v 16.337 0.479 0.06
v 16.337 0.479 0
v 16.48 0.543 0.06
v 16.544 0.543 0.06
v 16.48 0.543 0
v 16.544 0.543 0
v 16.544 0.479 0.06
v 16.544 0.479 0
v 16.48 0.479 0.06
v 16.48 0.479 0
v 16.623 0.543 0.06
v 16.687 0.543 0.06
v 16.623 0.543 0
v 16.687 0.543 0
v 16.687 0.479 0.06
v 16.687 0.479 0
v 16.623 0.479 0.06
v 16.623 0.479 0
v 16.766 0.543 0.06
v 16.83 0.543 0.06
v 16.766 0.543 0
v 16.83 0.543 0
v 16.83 0.479 0.06
v 16.83 0.479 0
v 16.766 0.479 0.06
v 16.766 0.479 0
v 16.909 0.543 0.06
v 16.973 0.543 0.06
v 16.909 0.543 0
v 16.973 0.543 0
v 16.973 0.479 0.06
v 16.973 0.479 0
v 16.909 0.479 0.06
v 16.909 0.479 0
v 17.052 0.543 0.06
v 17.116 0.543 0.06
v 17.052 0.543 0
v 17.116 0.543 0
v 17.116 0.479 0.06
v 17.116 0.479 0
v 17.052 0.479 0.06
v 17.052 0.479 0
v 17.195 0.543 0.06
v 17.259 0.543 0.06
v 17.195 0.543 0
v 17.259 0.543 0
v 17.259 0.479 0.06
v 17.259 0.479 0
v 17.195 0.479 0.06
v 17.195 0.479 0
v 17.338 0.543 0.06
v 17.402 0.543 0.06
v 17.338 0.543 0
v 17.402 0.543 0
v 17.402 0.479 0.06
v 17.402 0.479 0
v 17.338 0.479 0.06
v 17.338 0.479 0
v 17.481 0.543 0.06
v 17.545 0.543 0.06
v 17.481 0.543 0
v 17.545 0.543 0
v 17.545 0.479 0.06
v 17.545 0.479 0
v 17.481 0.479 0.06
v 17.481 0.479 0
v 17.624 0.543 0.06
v 17.688 0.543 0.06
v 17.624 0.543 0
v 17.688 0.543 0
v 17.688 0.479 0.06
v 17.688 0.479 0
v 17.624 0.479 0.06
v 17.624 0.479 0
v 0.75 0.686 0.06
v 0.814 0.686 0.06
v 0.75 0.686 0
v 0.814 0.686 0
v 0.814 0.622 0.06
v 0.814 0.622 0
v 0.75 0.622 0.06
v 0.75 0.622 0
v 0.893 0.686 0.06
v 0.957 0.686 0.06
v 0.893 0.686 0
v 0.957 0.686 0
v 0.957 0.622 0.06
v 0.957 0.622 0
v 0.893 0.622 0.06
v 0.893 0.622 0
v 1.036 0.686 0.06
v 1.1 0.686 0.06
v 1.036 0.686 0
v 1.1 0.686 0
v 1.1 0.622 0.06
v 1.1 0.622 0
v 1.036 0.622 0.06
v 1.036 0.622 0
v 1.179 0.686 0.06
v 1.243 0.686 0.06
v 1.179 0.686 0
v 1.243 0.686 0
v 1.243 0.622 0.06
v 1.243 0.622 0
v 1.179 0.622 0.06
v 1.179 0.622 0
v 1.322 0.686 0.06
v 1.386 0.686 0.06
v 1.322 0.686 0
v 1.386 0.686 0
v 1.386 0.622 0.06
v 1.386 0.622 0
v 1.322 0.622 0.06
v 1.322 0.622 0
v 1.465 0.686 0.06
v 1.529 0.686 0.06
v 1.465 0.686 0
v 1.529 0.686 0
v 1.529 0.622 0.06
v 1.529 0.622 0
v 1.465 0.622 0.06
v 1.465 0.622 0
v 1.608 0.686 0.06
v 1.672 0.686 0.06
v 1.608 0.686 0
v 1.672 0.686 0
v 1.672 0.622 0.06
v 1.672 0.622 0
v 1.608 0.622 0.06
v 1.608 0.622 0
v 1.751 0.686 0.06
v 1.815 0.686 0.06
v 1.751 0.686 0
v 1.815 0.686 0
v 1.815 0.622 0.06
v 1.815 0.622 0
v 1.751 0.622 0.06
v 1.751 0.622 0
v 1.894 0.686 0.06
v 1.958 0.686 0.06
v 1.894 0.686 0
v 1.958 0.686 0
v 1.958 0.622 0.06
v 1.958 0.622 0
v 1.894 0.622 0.06
v 1.894 0.622 0
v 2.037 0.686 0.06
v 2.101 0.686 0.06
v 2.037 0.686 0
v 2.101 0.686 0
v 2.101 0.622 0.06
v 2.101 0.622 0
v 2.037 0.622 0.06
v 2.037 0.622 0
v 2.18 0.686 0.06
v 2.244 0.686 0.06
v 2.18 0.686 0
v 2.244 0.686 0
v 2.244 0.622 0.06
v 2.244 0.622 0
v 2.18 0.622 0.06
v 2.18 0.622 0
v 2.323 0.686 0.06
v 2.387 0.686 0.06
v 2.323 0.686 0
v 2.387 0.686 0
v 2.387 0.622 0.06
v 2.387 0.622 0
v 2.323 0.622 0.06
v 2.323 0.622 0
v 2.466 0.686 0.06
v 2.53 0.686 0.06
v 2.466 0.686 0
v 2.53 0.686 0
v 2.53 0.622 0.06
v 2.53 0.622 0
v 2.466 0.622 0.06
v 2.466 0.622 0
v 2.609 0.686 0.06
v 2.673 0.686 0.06
v 2.609 0.686 0
v 2.673 0.686 0
v 2.673 0.622 0.06
v 2.673 0.622 0
v 2.609 0.622 0.06
v 2.609 0.622 0
v 2.752 0.686 0.06
v 2.816 0.686 0.06
v 2.752 0.686 0
v 2.816 0.686 0
v 2.816 0.622 0.06
v 2.816 0.622 0
v 2.752 0.622 0.06
v 2.752 0.622 0
v 2.895 0.686 0.06
v 2.959 0.686 0.06
v 2.895 0.686 0
v 2.959 0.686 0
v 2.959 0.622 0.06
v 2.959 0.622 0
v 2.895 0.622 0.06
v 2.895 0.622 0
v 3.038 0.686 0.06
v 3.102 0.686 0.06
v 3.038 0.686 0
v 3.102 0.686 0
v 3.102 0.622 0.06
v 3.102 0.622 0
v 3.038 0.622 0.06
v 3.038 0.622 0
v 3.181 0.686 0.06
v 3.245 0.686 0.06
v 3.181 0.686 0
v 3.245 0.686 0
v 3.245 0.622 0.06
v 3.245 0.622 0
v 3.181 0.622 0.06
v 3.181 0.622 0
v 3.324 0.686 0.06
v 3.388 0.686 0.06
v 3.324 0.686 0
v 3.388 0.686 0
v 3.388 0.622 0.06
v 3.388 0.622 0
v 3.324 0.622 0.06
v 3.324 0.622 0
v 3.467 0.686 0.06
v 3.531 0.686 0.06
v 3.467 0.686 0
v 3.531 0.686 0
v 3.531 0.622 0.06
v 3.531 0.622 0
v 3.467 0.622 0.06
v 3.467 0.622 0
v 3.61 0.686 0.06
v 3.674 0.686 0.06
v 3.61 0.686 0
v 3.674 0.686 0
v 3.674 0.622 0.06
v 3.674 0.622 0
v 3.61 0.622 0.06
v 3.61 0.622 0
v 3.753 0.686 0.06
v 3.817 0.686 0.06
v 3.753 0.686 0
v 3.817 0.686 0
v 3.817 0.622 0.06
v 3.817 0.622 0
v 3.753 0.622 0.06
v 3.753 0.622 0
v 3.896 0.686 0.06
v 3.96 0.686 0.06
v 3.896 0.686 0
v 3.96 0.686 0
v 3.96 0.622 0.06
v 3.96 0.622 0
v 3.896 0.622 0.06
v 3.896 0.622 0
v 4.039 0.686 0.06
v 4.103 0.686 0.06
v 4.039 0.686 0
v 4.103 0.686 0
v 4.103 0.622 0.06
v 4.103 0.622 0
v 4.039 0.622 0.06
v 4.039 0.622 0
v 4.182 0.686 0.06
v 4.246 0.686 0.06
v 4.182 0.686 0
v 4.246 0.686 0
v 4.246 0.622 0.06
v 4.246 0.622 0
v 4.182 0.622 0.06
v 4.182 0.622 0
v 4.325 0.686 0.06
v 4.389 0.686 0.06
v 4.325 0.686 0
v 4.389 0.686 0
v 4.389 0.622 0.06
v 4.389 0.622 0
v 4.325 0.622 0.06
v 4.325 0.622 0
v 4.468 0.686 0.06
v 4.532 0.686 0.06
v 4.468 0.686 0
v 4.532 0.686 0
v 4.532 0.622 0.06
v 4.532 0.622 0
v 4.468 0.622 0.06
v 4.468 0.622 0
v 4.611 0.686 0.06
v 4.675 0.686 0.06
v 4.611 0.686 0
v 4.675 0.686 0
v 4.675 0.622 0.06
v 4.675 0.622 0
v 4.611 0.622 0.06
v 4.611 0.622 0
v 4.754 0.686 0.06
v 4.818 0.686 0.06
v 4.754 0.686 0
v 4.818 0.686 0
v 4.818 0.622 0.06
v 4.818 0.622 0
v 4.754 0.622 0.06
v 4.754 0.622 0
v 4.897 0.686 0.06
v 4.961 0.686 0.06
v 4.897 0.686 0
v 4.961 0.686 0
v 4.961 0.622 0.06
v 4.961 0.622 0
v 4.897 0.622 0.06
v 4.897 0.622 0
v 5.04 0.686 0.06
v 5.104 0.686 0.06
v 5.04 0.686 0
v 5.104 0.686 0
v 5.104 0.622 0.06
v 5.104 0.622 0
v 5.04 0.622 0.06
v 5.04 0.622 0
v 5.183 0.686 0.06
v 5.247 0.686 0.06
v 5.183 0.686 0
v 5.247 0.686 0
v 5.247 0.622 0.06
v 5.247 0.622 0
v 5.183 0.622 0.06
v 5.183 0.622 0
v 5.326 0.686 0.06
v 5.39 0.686 0.06
v 5.326 0.686 0
v 5.39 0.686 0
v 5.39 0.622 0.06
v 5.39 0.622 0
v 5.326 0.622 0.06
v 5.326 0.622 0
v 5.469 0.686 0.06
v 5.533 0.686 0.06
v 5.469 0.686 0
v 5.533 0.686 0
v 5.533 0.622 0.06
v 5.533 0.622 0
v 5.469 0.622 0.06
v 5.469 0.622 0
v 5.612 0.686 0.06
v 5.676 0.686 0.06
v 5.612 0.686 0
v 5.676 0.686 0
v 5.676 0.622 0.06
v 5.676 0.622 0
v 5.612 0.622 0.06
v 5.612 0.622 0
v 5.755 0.686 0.06
v 5.819 0.686 0.06
v 5.755 0.686 0
v 5.819 0.686 0
v 5.819 0.622 0.06
v 5.819 0.622 0
v 5.755 0.622 0.06
v 5.755 0.622 0
v 5.898 0.686 0.06
v 5.962 0.686 0.06
v 5.898 0.686 0
v 5.962 0.686 0
v 5.962 0.622 0.06
v 5.962 0.622 0
v 5.898 0.622 0.06
v 5.898 0.622 0
v 6.041 0.686 0.06
v 6.105 0.686 0.06
v 6.041 0.686 0
v 6.105 0.686 0
v 6.105 0.622 0.06
v 6.105 0.622 0
v 6.041 0.622 0.06
v 6.041 0.622 0
v 6.184 0.686 0.06
v 6.248 0.686 0.06
v 6.184 0.686 0
v 6.248 0.686 0
v 6.248 0.622 0.06
v 6.248 0.622 0
v 6.184 0.622 0.06
v 6.184 0.622 0
v 6.327 0.686 0.06
v 6.391 0.686 0.06
v 6.327 0.686 0
v 6.391 0.686 0
v 6.391 0.622 0.06
v 6.391 0.622 0
v 6.327 0.622 0.06
v 6.327 0.622 0
v 6.47 0.686 0.06
v 6.534 0.686 0.06
v 6.47 0.686 0
v 6.534 0.686 0
v 6.534 0.622 0.06
v 6.534 0.622 0
v 6.47 0.622 0.06
v 6.47 0.622 0
v 6.613 0.686 0.06
v 6.677 0.686 0.06
v 6.613 0.686 0
v 6.677 0.686 0
v 6.677 0.622 0.06
v 6.677 0.622 0
v 6.613 0.622 0.06
v 6.613 0.622 0
v 6.756 0.686 0.06
v 6.82 0.686 0.06
v 6.756 0.686 0
v 6.82 0.686 0
v 6.82 0.622 0.06
v 6.82 0.622 0
v 6.756 0.622 0.06
v 6.756 0.622 0
v 6.899 0.686 0.06
v 6.963 0.686 0.06
v 6.899 0.686 0
v 6.963 0.686 0
v 6.963 0.622 0.06
v 6.963 0.622 0
v 6.899 0.622 0.06
v 6.899 0.622 0
v 7.042 0.686 0.06
v 7.106 0.686 0.06
v 7.042 0.686 0
v 7.106 0.686 0
v 7.106 0.622 0.06
v 7.106 0.622 0
v 7.042 0.622 0.06
v 7.042 0.622 0
v 7.185 0.686 0.06
v 7.249 0.686 0.06
v 7.185 0.686 0
v 7.249 0.686 0
v 7.249 0.622 0.06
v 7.249 0.622 0
v 7.185 0.622 0.06
v 7.185 0.622 0
v 7.328 0.686 0.06
v 7.392 0.686 0.06
v 7.328 0.686 0
v 7.392 0.686 0
v 7.392 0.622 0.06
v 7.392 0.622 0
v 7.328 0.622 0.06
v 7.328 0.622 0
v 7.471 0.686 0.06
v 7.535 0.686 0.06
v 7.471 0.686 0
v 7.535 0.686 0
v 7.535 0.622 0.06
v 7.535 0.622 0
v 7.471 0.622 0.06
v 7.471 0.622 0
v 7.614 0.686 0.06
v 7.678 0.686 0.06
v 7.614 0.686 0
v 7.678 0.686 0
v 7.678 0.622 0.06
v 7.678 0.622 0
v 7.614 0.622 0.06
v 7.614 0.622 0
v 7.757 0.686 0.06
v 7.821 0.686 0.06
v 7.757 0.686 0
v 7.821 0.686 0
v 7.821 0.622 0.06
v 7.821 0.622 0
v 7.757 0.622 0.06
v 7.757 0.622 0
v 7.9 0.686 0.06
v 7.964 0.686 0.06
v 7.9 0.686 0
v 7.964 0.686 0
v 7.964 0.622 0.06
v 7.964 0.622 0
v 7.9 0.622 0.06
v 7.9 0.622 0
v 8.043 0.686 0.06
v 8.107 0.686 0.06
v 8.043 0.686 0
v 8.107 0.686 0
v 8.107 0.622 0.06
v 8.107 0.622 0
v 8.043 0.622 0.06
v 8.043 0.622 0
v 8.186 0.686 0.06
v 8.25 0.686 0.06
v 8.186 0.686 0
v 8.25 0.686 0
v 8.25 0.622 0.06
v 8.25 0.622 0
v 8.186 0.622 0.06
v 8.186 0.622 0
v 8.329 0.686 0.06
v 8.393 0.686 0.06
v 8.329 0.686 0
v 8.393 0.686 0
v 8.393 0.622 0.06
v 8.393 0.622 0
v 8.329 0.622 0.06
v 8.329 0.622 0
v 8.472 0.686 0.06
v 8.536 0.686 0.06
v 8.472 0.686 0
v 8.536 0.686 0
v 8.536 0.622 0.06
v 8.536 0.622 0
v 8.472 0.622 0.06
v 8.472 0.622 0
v 8.615 0.686 0.06
v 8.679 0.686 0.06
v 8.615 0.686 0
v 8.679 0.686 0
v 8.679 0.622 0.06
v 8.679 0.622 0
v 8.615 0.622 0.06
v 8.615 0.622 0
v 8.758 0.686 0.06
v 8.822 0.686 0.06
v 8.758 0.686 0
v 8.822 0.686 0
v 8.822 0.622 0.06
v 8.822 0.622 0
v 8.758 0.622 0.06
v 8.758 0.622 0
v 8.901 0.686 0.06
v 8.965 0.686 0.06
v 8.901 0.686 0
v 8.965 0.686 0
v 8.965 0.622 0.06
v 8.965 0.622 0
v 8.901 0.622 0.06
v 8.901 0.622 0
v 9.044 0.686 0.06
v 9.108 0.686 0.06
v 9.044 0.686 0
v 9.108 0.686 0
v 9.108 0.622 0.06
v 9.108 0.622 0
v 9.044 0.622 0.06
v 9.044 0.622 0
v 9.187 0.686 0.06
v 9.251 0.686 0.06
v 9.187 0.686 0
v 9.251 0.686 0
v 9.251 0.622 0.06
v 9.251 0.622 0
v 9.187 0.622 0.06
v 9.187 0.622 0
v 9.33 0.686 0.06
v 9.394 0.686 0.06
v 9.33 0.686 0
v 9.394 0.686 0
v 9.394 0.622 0.06
v 9.394 0.622 0
v 9.33 0.622 0.06
v 9.33 0.622 0
v 9.473 0.686 0.06
v 9.537 0.686 0.06
v 9.473 0.686 0
v 9.537 0.686 0
v 9.537 0.622 0.06
v 9.537 0.622 0
v 9.473 0.622 0.06
v 9.473 0.622 0
v 9.616 0.686 0.06
v 9.68 0.686 0.06
v 9.616 0.686 0
v 9.68 0.686 0
v 9.68 0.622 0.06
v 9.68 0.622 0
v 9.616 0.622 0.06
v 9.616 0.622 0
v 9.759 0.686 0.06
v 9.823 0.686 0.06
v 9.759 0.686 0
v 9.823 0.686 0
v 9.823 0.622 0.06
v 9.823 0.622 0
v 9.759 0.622 0.06
v 9.759 0.622 0
v 9.902 0.686 0.06
v 9.966 0.686 0.06
v 9.902 0.686 0
v 9.966 0.686 0
v 9.966 0.622 0.06
v 9.966 0.622 0
v 9.902 0.622 0.06
v 9.902 0.622 0
v 10.045 0.686 0.06
v 10.109 0.686 0.06
v 10.045 0.686 0
v 10.109 0.686 0
v 10.109 0.622 0.06
v 10.109 0.622 0
v 10.045 0.622 0.06
v 10.045 0.622 0
v 10.188 0.686 0.06
v 10.252 0.686 0.06
v 10.188 0.686 0
v 10.252 0.686 0
v 10.252 0.622 0.06
v 10.252 0.622 0
v 10.188 0.622 0.06
v 10.188 0.622 0
v 10.331 0.686 0.06
v 10.395 0.686 0.06
v 10.331 0.686 0
v 10.395 0.686 0
v 10.395 0.622 0.06
v 10.395 0.622 0
v 10.331 0.622 0.06
v 10.331 0.622 0
v 10.474 0.686 0.06
v 10.538 0.686 0.06
v 10.474 0.686 0
v 10.538 0.686 0
v 10.538 0.622 0.06
v 10.538 0.622 0
v 10.474 0.622 0.06
v 10.474 0.622 0
v 10.617 0.686 0.06
v 10.681 0.686 0.06
v 10.617 0.686 0
v 10.681 0.686 0
v 10.681 0.622 0.06
v 10.681 0.622 0
v 10.617 0.622 0.06
v 10.617 0.622 0
v 10.76 0.686 0.06
v 10.824 0.686 0.06
v 10.76 0.686 0
v 10.824 0.686 0
v 10.824 0.622 0.06
v 10.824 0.622 0
v 10.76 0.622 0.06
v 10.76 0.622 0
v 10.903 0.686 0.06
v 10.967 0.686 0.06
v 10.903 0.686 0
v 10.967 0.686 0
v 10.967 0.622 0.06
v 10.967 0.622 0
v 10.903 0.622 0.06
v 10.903 0.622 0
v 11.046 0.686 0.06
v 11.11 0.686 0.06
v 11.046 0.686 0
v 11.11 0.686 0
v 11.11 0.622 0.06
v 11.11 0.622 0
v 11.046 0.622 0.06
v 11.046 0.622 0
v 11.189 0.686 0.06
v 11.253 0.686 0.06
v 11.189 0.686 0
v 11.253 0.686 0
v 11.253 0.622 0.06
v 11.253 0.622 0
v 11.189 0.622 0.06
v 11.189 0.622 0
v 11.332 0.686 0.06
v 11.396 0.686 0.06
v 11.332 0.686 0
v 11.396 0.686 0
v 11.396 0.622 0.06
v 11.396 0.622 0
v 11.332 0.622 0.06
v 11.332 0.622 0
v 11.475 0.686 0.06
v 11.539 0.686 0.06
v 11.475 0.686 0
v 11.539 0.686 0
v 11.539 0.622 0.06
v 11.539 0.622 0
v 11.475 0.622 0.06
v 11.475 0.622 0
v 11.618 0.686 0.06
v 11.682 0.686 0.06
v 11.618 0.686 0
v 11.682 0.686 0
v 11.682 0.622 0.06
v 11.682 0.622 0
v 11.618 0.622 0.06
v 11.618 0.622 0
v 11.761 0.686 0.06
v 11.825 0.686 0.06
v 11.761 0.686 0
v 11.825 0.686 0
v 11.825 0.622 0.06
v 11.825 0.622 0
v 11.761 0.622 0.06
v 11.761 0.622 0
v 11.904 0.686 0.06
v 11.968 0.686 0.06
v 11.904 0.686 0
v 11.968 0.686 0
v 11.968 0.622 0.06
v 11.968 0.622 0
v 11.904 0.622 0.06
v 11.904 0.622 0
v 12.047 0.686 0.06
v 12.111 0.686 0.06
v 12.047 0.686 0
v 12.111 0.686 0
v 12.111 0.622 0.06
v 12.111 0.622 0
v 12.047 0.622 0.06
v 12.047 0.622 0
v 12.19 0.686 0.06
v 12.254 0.686 0.06
v 12.19 0.686 0
v 12.254 0.686 0
v 12.254 0.622 0.06
v 12.254 0.622 0
v 12.19 0.622 0.06
v 12.19 0.622 0
v 12.333 0.686 0.06
v 12.397 0.686 0.06
v 12.333 0.686 0
v 12.397 0.686 0
v 12.397 0.622 0.06
v 12.397 0.622 0
v 12.333 0.622 0.06
v 12.333 0.622 0
v 12.476 0.686 0.06
v 12.54 0.686 0.06
v 12.476 0.686 0
v 12.54 0.686 0
v 12.54 0.622 0.06
v 12.54 0.622 0
v 12.476 0.622 0.06
v 12.476 0.622 0
v 12.619 0.686 0.06
v 12.683 0.686 0.06
v 12.619 0.686 0
v 12.683 0.686 0
v 12.683 0.622 0.06
v 12.683 0.622 0
v 12.619 0.622 0.06
v 12.619 0.622 0
v 12.762 0.686 0.06
v 12.826 0.686 0.06
v 12.762 0.686 0
v 12.826 0.686 0
v 12.826 0.622 0.06
v 12.826 0.622 0
v 12.762 0.622 0.06
v 12.762 0.622 0
v 12.905 0.686 0.06
v 12.969 0.686 0.06
v 12.905 0.686 0
v 12.969 0.686 0
v 12.969 0.622 0.06
v 12.969 0.622 0
v 12.905 0.622 0.06
v 12.905 0.622 0
v 13.048 0.686 0.06
v 13.112 0.686 0.06
v 13.048 0.686 0
v 13.112 0.686 0
v 13.112 0.622 0.06
v 13.112 0.622 0
v 13.048 0.622 0.06
v 13.048 0.622 0
v 13.191 0.686 0.06
v 13.255 0.686 0.06
v 13.191 0.686 0
v 13.255 0.686 0
v 13.255 0.622 0.06
v 13.255 0.622 0
v 13.191 0.622 0.06
v 13.191 0.622 0
v 13.334 0.686 0.06
v 13.398 0.686 0.06
v 13.334 0.686 0
v 13.398 0.686 0
v 13.398 0.622 0.06
v 13.398 0.622 0
v 13.334 0.622 0.06
v 13.334 0.622 0
v 13.477 0.686 0.06
v 13.541 0.686 0.06
v 13.477 0.686 0
v 13.541 0.686 0
v 13.541 0.622 0.06
v 13.541 0.622 0
v 13.477 0.622 0.06
v 13.477 0.622 0
v 13.62 0.686 0.06
v 13.684 0.686 0.06
v 13.62 0.686 0
v 13.684 0.686 0
v 13.684 0.622 0.06
v 13.684 0.622 0
v 13.62 0.622 0.06
v 13.62 0.622 0
v 13.763 0.686 0.06
v 13.827 0.686 0.06
v 13.763 0.686 0
v 13.827 0.686 0
v 13.827 0.622 0.06
v 13.827 0.622 0
v 13.763 0.622 0.06
v 13.763 0.622 0
v 13.906 0.686 0.06
v 13.97 0.686 0.06
v 13.906 0.686 0
v 13.97 0.686 0
v 13.97 0.622 0.06
v 13.97 0.622 0
v 13.906 0.622 0.06
v 13.906 0.622 0
v 14.049 0.686 0.06
v 14.113 0.686 0.06
v 14.049 0.686 0
v 14.113 0.686 0
v 14.113 0.622 0.06
v 14.113 0.622 0
v 14.049 0.622 0.06
v 14.049 0.622 0
v 14.192 0.686 0.06
v 14.256 0.686 0.06
v 14.192 0.686 0
v 14.256 0.686 0
v 14.256 0.622 0.06
v 14.256 0.622 0
v 14.192 0.622 0.06
v 14.192 0.622 0
v 14.335 0.686 0.06
v 14.399 0.686 0.06
v 14.335 0.686 0
v 14.399 0.686 0
v 14.399 0.622 0.06
v 14.399 0.622 0
v 14.335 0.622 0.06
v 14.335 0.622 0
v 14.478 0.686 0.06
v 14.542 0.686 0.06
v 14.478 0.686 0
v 14.542 0.686 0
v 14.542 0.622 0.06
v 14.542 0.622 0
v 14.478 0.622 0.06
v 14.478 0.622 0
v 14.621 0.686 0.06
v 14.685 0.686 0.06
v 14.621 0.686 0
v 14.685 0.686 0
v 14.685 0.622 0.06
v 14.685 0.622 0
v 14.621 0.622 0.06
v 14.621 0.622 0
v 14.764 0.686 0.06
v 14.828 0.686 0.06
v 14.764 0.686 0
v 14.828 0.686 0
v 14.828 0.622 0.06
v 14.828 0.622 0
v 14.764 0.622 0.06
v 14.764 0.622 0
v 14.907 0.686 0.06
v 14.971 0.686 0.06
v 14.907 0.686 0
v 14.971 0.686 0
v 14.971 0.622 0.06
v 14.971 0.622 0
v 14.907 0.622 0.06
v 14.907 0.622 0
v 15.05 0.686 0.06
v 15.114 0.686 0.06
v 15.05 0.686 0
v 15.114 0.686 0
v 15.114 0.622 0.06
v 15.114 0.622 0
v 15.05 0.622 0.06
v 15.05 0.622 0
v 15.193 0.686 0.06
v 15.257 0.686 0.06
v 15.193 0.686 0
v 15.257 0.686 0
v 15.257 0.622 0.06
v 15.257 0.622 0
v 15.193 0.622 0.06
v 15.193 0.622 0
v 15.336 0.686 0.06
v 15.4 0.686 0.06
v 15.336 0.686 0
v 15.4 0.686 0
v 15.4 0.622 0.06
v 15.4 0.622 0
v 15.336 0.622 0.06
v 15.336 0.622 0
v 15.479 0.686 0.06
v 15.543 0.686 0.06
v 15.479 0.686 0
v 15.543 0.686 0
v 15.543 0.622 0.06
v 15.543 0.622 0
v 15.479 0.622 0.06
v 15.479 0.622 0
v 15.622 0.686 0.06
v 15.686 0.686 0.06
v 15.622 0.686 0
v 15.686 0.686 0
v 15.686 0.622 0.06
v 15.686 0.622 0
v 15.622 0.622 0.06
v 15.622 0.622 0
v 15.765 0.686 0.06
v 15.829 0.686 0.06
v 15.765 0.686 0
v 15.829 0.686 0
v 15.829 0.622 0.06
v 15.829 0.622 0
v 15.765 0.622 0.06
v 15.765 0.622 0
v 15.908 0.686 0.06
v 15.972 0.686 0.06
v 15.908 0.686 0
v 15.972 0.686 0
v 15.972 0.622 0.06
v 15.972 0.622 0
v 15.908 0.622 0.06
v 15.908 0.622 0
v 16.051 0.686 0.06
v 16.115 0.686 0.06
v 16.051 0.686 0
v 16.115 0.686 0
v 16.115 0.622 0.06
v 16.115 0.622 0
v 16.051 0.622 0.06
v 16.051 0.622 0
v 16.194 0.686 0.06
v 16.258 0.686 0.06
v 16.194 0.686 0
v 16.258 0.686 0
v 16.258 0.622 0.06
v 16.258 0.622 0
v 16.194 0.622 0.06
v 16.194 0.622 0
v 16.337 0.686 0.06
v 16.401 0.686 0.06
v 16.337 0.686 0
v 16.401 0.686 0
v 16.401 0.622 0.06
v 16.401 0.622 0
v 16.337 0.622 0.06
v 16.337 0.622 0
v 16.48 0.686 0.06
v 16.544 0.686 0.06
v 16.48 0.686 0
v 16.544 0.686 0
v 16.544 0.622 0.06
v 16.544 0.622 0
v 16.48 0.622 0.06
v 16.48 0.622 0
v 16.623 0.686 0.06
v 16.687 0.686 0.06
v 16.623 0.686 0
v 16.687 0.686 0
v 16.687 0.622 0.06
v 16.687 0.622 0
v 16.623 0.622 0.06
v 16.623 0.622 0
v 16.766 0.686 0.06
v 16.83 0.686 0.06
v 16.766 0.686 0
v 16.83 0.686 0
v 16.83 0.622 0.06
v 16.83 0.622 0
v 16.766 0.622 0.06
v 16.766 0.622 0
v 16.909 0.686 0.06
v 16.973 0.686 0.06
v 16.909 0.686 0
v 16.973 0.686 0
v 16.973 0.622 0.06
v 16.973 0.622 0
v 16.909 0.622 0.06
v 16.909 0.622 0
v 17.052 0.686 0.06
v 17.116 0.686 0.06
v 17.052 0.686 0
v 17.116 0.686 0
v 17.116 0.622 0.06
v 17.116 0.622 0
v 17.052 0.622 0.06
v 17.052 0.622 0
v 17.195 0.686 0.06
v 17.259 0.686 0.06
v 17.195 0.686 0
v 17.259 0.686 0
v 17.259 0.622 0.06
v 17.259 0.622 0
v 17.195 0.622 0.06
v 17.195 0.622 0
v 17.338 0.686 0.06
v 17.402 0.686 0.06
v 17.338 0.686 0
v 17.402 0.686 0
v 17.402 0.622 0.06
v 17.402 0.622 0
v 17.338 0.622 0.06
v 17.338 0.622 0
v 17.481 0.686 0.06
v 17.545 0.686 0.06
v 17.481 0.686 0
v 17.545 0.686 0
v 17.545 0.622 0.06
v 17.545 0.622 0
v 17.481 0.622 0.06
v 17.481 0.622 0
v 17.624 0.686 0.06
v 17.688 0.686 0.06
v 17.624 0.686 0
v 17.688 0.686 0
v 17.688 0.622 0.06
v 17.688 0.622 0
v 17.624 0.622 0.06
v 17.624 0.622 0
v 0.75 0.829 0.06
v 0.814 0.829 0.06
v 0.75 0.829 0
v 0.814 0.829 0
v 0.814 0.765 0.06
v 0.814 0.765 0
v 0.75 0.765 0.06
v 0.75 0.765 0
v 0.893 0.829 0.06
v 0.957 0.829 0.06
v 0.893 0.829 0
v 0.957 0.829 0
v 0.957 0.765 0.06
v 0.957 0.765 0
v 0.893 0.765 0.06
v 0.893 0.765 0
v 1.036 0.829 0.06
v 1.1 0.829 0.06
v 1.036 0.829 0
v 1.1 0.829 0
v 1.1 0.765 0.06
v 1.1 0.765 0
v 1.036 0.765 0.06
v 1.036 0.765 0
v 1.179 0.829 0.06
v 1.243 0.829 0.06
v 1.179 0.829 0
v 1.243 0.829 0
v 1.243 0.765 0.06
v 1.243 0.765 0
v 1.179 0.765 0.06
v 1.179 0.765 0
v 1.322 0.829 0.06
v 1.386 0.829 0.06
v 1.322 0.829 0
v 1.386 0.829 0
v 1.386 0.765 0.06
v 1.386 0.765 0
v 1.322 0.765 0.06
v 1.322 0.765 0
v 1.465 0.829 0.06
v 1.529 0.829 0.06
v 1.465 0.829 0
v 1.529 0.829 0
v 1.529 0.765 0.06
v 1.529 0.765 0
v 1.465 0.765 0.06
v 1.465 0.765 0
v 1.608 0.829 0.06
v 1.672 0.829 0.06
v 1.608 0.829 0
v 1.672 0.829 0
v 1.672 0.765 0.06
v 1.672 0.765 0
v 1.608 0.765 0.06
v 1.608 0.765 0
v 1.751 0.829 0.06
v 1.815 0.829 0.06
v 1.751 0.829 0
v 1.815 0.829 0
v 1.815 0.765 0.06
v 1.815 0.765 0
v 1.751 0.765 0.06
v 1.751 0.765 0
v 1.894 0.829 0.06
v 1.958 0.829 0.06
v 1.894 0.829 0
v 1.958 0.829 0
v 1.958 0.765 0.06
v 1.958 0.765 0
v 1.894 0.765 0.06
v 1.894 0.765 0
v 2.037 0.829 0.06
v 2.101 0.829 0.06
v 2.037 0.829 0
v 2.101 0.829 0
v 2.101 0.765 0.06
v 2.101 0.765 0
v 2.037 0.765 0.06
v 2.037 0.765 0
v 2.18 0.829 0.06
v 2.244 0.829 0.06
v 2.18 0.829 0
v 2.244 0.829 0
v 2.244 0.765 0.06
v 2.244 0.765 0
v 2.18 0.765 0.06
v 2.18 0.765 0
v 2.323 0.829 0.06
v 2.387 0.829 0.06
v 2.323 0.829 0
v 2.387 0.829 0
v 2.387 0.765 0.06
v 2.387 0.765 0
v 2.323 0.765 0.06
v 2.323 0.765 0
v 2.466 0.829 0.06
v 2.53 0.829 0.06
v 2.466 0.829 0
v 2.53 0.829 0
v 2.53 0.765 0.06
v 2.53 0.765 0
v 2.466 0.765 0.06
v 2.466 0.765 0
v 2.609 0.829 0.06
v 2.673 0.829 0.06
v 2.609 0.829 0
v 2.673 0.829 0
v 2.673 0.765 0.06
v 2.673 0.765 0
v 2.609 0.765 0.06
v 2.609 0.765 0
v 2.752 0.829 0.06
v 2.816 0.829 0.06
v 2.752 0.829 0
v 2.816 0.829 0
v 2.816 0.765 0.06
v 2.816 0.765 0
v 2.752 0.765 0.06
v 2.752 0.765 0
v 2.895 0.829 0.06
v 2.959 0.829 0.06
v 2.895 0.829 0
v 2.959 0.829 0
v 2.959 0.765 0.06
v 2.959 0.765 0
v 2.895 0.765 0.06
v 2.895 0.765 0
v 3.038 0.829 0.06
v 3.102 0.829 0.06
v 3.038 0.829 0
v 3.102 0.829 0
v 3.102 0.765 0.06
v 3.102 0.765 0
v 3.038 0.765 0.06
v 3.038 0.765 0
v 3.181 0.829 0.06
v 3.245 0.829 0.06
v 3.181 0.829 0
v 3.245 0.829 0
v 3.245 0.765 0.06
v 3.245 0.765 0
v 3.181 0.765 0.06
v 3.181 0.765 0
v 3.324 0.829 0.06
v 3.388 0.829 0.06
v 3.324 0.829 0
v 3.388 0.829 0
v 3.388 0.765 0.06
v 3.388 0.765 0
v 3.324 0.765 0.06
v 3.324 0.765 0
v 3.467 0.829 0.06
v 3.531 0.829 0.06
v 3.467 0.829 0
v 3.531 0.829 0
v 3.531 0.765 0.06
v 3.531 0.765 0
v 3.467 0.765 0.06
v 3.467 0.765 0
v 3.61 0.829 0.06
v 3.674 0.829 0.06
v 3.61 0.829 0
v 3.674 0.829 0
v 3.674 0.765 0.06
v 3.674 0.765 0
v 3.61 0.765 0.06
v 3.61 0.765 0
v 3.753 0.829 0.06
v 3.817 0.829 0.06
v 3.753 0.829 0
v 3.817 0.829 0
v 3.817 0.765 0.06
v 3.817 0.765 0
v 3.753 0.765 0.06
v 3.753 0.765 0
v 3.896 0.829 0.06
v 3.96 0.829 0.06
v 3.896 0.829 0
v 3.96 0.829 0
v 3.96 0.765 0.06
v 3.96 0.765 0
v 3.896 0.765 0.06
v 3.896 0.765 0
v 4.039 0.829 0.06
v 4.103 0.829 0.06
v 4.039 0.829 0
v 4.103 0.829 0
v 4.103 0.765 0.06
v 4.103 0.765 0
v 4.039 0.765 0.06
v 4.039 0.765 0
v 4.182 0.829 0.06
v 4.246 0.829 0.06
v 4.182 0.829 0
v 4.246 0.829 0
v 4.246 0.765 0.06
v 4.246 0.765 0
v 4.182 0.765 0.06
v 4.182 0.765 0
v 4.325 0.829 0.06
v 4.389 0.829 0.06
v 4.325 0.829 0
v 4.389 0.829 0
v 4.389 0.765 0.06
v 4.389 0.765 0
v 4.325 0.765 0.06
v 4.325 0.765 0
v 4.468 0.829 0.06
v 4.532 0.829 0.06
v 4.468 0.829 0
v 4.532 0.829 0
v 4.532 0.765 0.06
v 4.532 0.765 0
v 4.468 0.765 0.06
v 4.468 0.765 0
v 4.611 0.829 0.06
v 4.675 0.829 0.06
v 4.611 0.829 0
v 4.675 0.829 0
v 4.675 0.765 0.06
v 4.675 0.765 0
v 4.611 0.765 0.06
v 4.611 0.765 0
v 4.754 0.829 0.06
v 4.818 0.829 0.06
v 4.754 0.829 0
v 4.818 0.829 0
v 4.818 0.765 0.06
v 4.818 0.765 0
v 4.754 0.765 0.06
v 4.754 0.765 0
v 4.897 0.829 0.06
v 4.961 0.829 0.06
v 4.897 0.829 0
v 4.961 0.829 0
v 4.961 0.765 0.06
v 4.961 0.765 0
v 4.897 0.765 0.06
v 4.897 0.765 0
v 5.04 0.829 0.06
v 5.104 0.829 0.06
v 5.04 0.829 0
v 5.104 0.829 0
v 5.104 0.765 0.06
v 5.104 0.765 0
v 5.04 0.765 0.06
v 5.04 0.765 0
v 5.183 0.829 0.06
v 5.247 0.829 0.06
v 5.183 0.829 0
v 5.247 0.829 0
v 5.247 0.765 0.06
v 5.247 0.765 0
v 5.183 0.765 0.06
v 5.183 0.765 0
v 5.326 0.829 0.06
v 5.39 0.829 0.06
v 5.326 0.829 0
v 5.39 0.829 0
v 5.39 0.765 0.06
v 5.39 0.765 0
v 5.326 0.765 0.06
v 5.326 0.765 0
v 5.469 0.829 0.06
v 5.533 0.829 0.06
v 5.469 0.829 0
v 5.533 0.829 0
v 5.533 0.765 0.06
v 5.533 0.765 0
v 5.469 0.765 0.06
v 5.469 0.765 0
v 5.612 0.829 0.06
v 5.676 0.829 0.06
v 5.612 0.829 0
v 5.676 0.829 0
v 5.676 0.765 0.06
v 5.676 0.765 0
v 5.612 0.765 0.06
v 5.612 0.765 0
v 5.755 0.829 0.06
v 5.819 0.829 0.06
v 5.755 0.829 0
v 5.819 0.829 0
v 5.819 0.765 0.06
v 5.819 0.765 0
v 5.755 0.765 0.06
v 5.755 0.765 0
v 5.898 0.829 0.06
v 5.962 0.829 0.06
v 5.898 0.829 0
v 5.962 0.829 0
v 5.962 0.765 0.06
v 5.962 0.765 0
v 5.898 0.765 0.06
v 5.898 0.765 0
v 6.041 0.829 0.06
v 6.105 0.829 0.06
v 6.041 0.829 0
v 6.105 0.829 0
v 6.105 0.765 0.06
v 6.105 0.765 0
v 6.041 0.765 0.06
v 6.041 0.765 0
v 6.184 0.829 0.06
v 6.248 0.829 0.06
v 6.184 0.829 0
v 6.248 0.829 0
v 6.248 0.765 0.06
v 6.248 0.765 0
v 6.184 0.765 0.06
v 6.184 0.765 0
v 6.327 0.829 0.06
v 6.391 0.829 0.06
v 6.327 0.829 0
v 6.391 0.829 0
v 6.391 0.765 0.06
v 6.391 0.765 0
v 6.327 0.765 0.06
v 6.327 0.765 0
v 6.47 0.829 0.06
v 6.534 0.829 0.06
v 6.47 0.829 0
v 6.534 0.829 0
v 6.534 0.765 0.06
v 6.534 0.765 0
v 6.47 0.765 0.06
v 6.47 0.765 0
v 6.613 0.829 0.06
v 6.677 0.829 0.06
v 6.613 0.829 0
v 6.677 0.829 0
v 6.677 0.765 0.06
v 6.677 0.765 0
v 6.613 0.765 0.06
v 6.613 0.765 0
v 6.756 0.829 0.06
v 6.82 0.829 0.06
v 6.756 0.829 0
v 6.82 0.829 0
v 6.82 0.765 0.06
v 6.82 0.765 0
v 6.756 0.765 0.06
v 6.756 0.765 0
v 6.899 0.829 0.06
v 6.963 0.829 0.06
v 6.899 0.829 0
v 6.963 0.829 0
v 6.963 0.765 0.06
v 6.963 0.765 0
v 6.899 0.765 0.06
v 6.899 0.765 0
v 7.042 0.829 0.06
v 7.106 0.829 0.06
v 7.042 0.829 0
v 7.106 0.829 0
v 7.106 0.765 0.06
v 7.106 0.765 0
v 7.042 0.765 0.06
v 7.042 0.765 0
v 7.185 0.829 0.06
v 7.249 0.829 0.06
v 7.185 0.829 0
v 7.249 0.829 0
v 7.249 0.765 0.06
v 7.249 0.765 0
v 7.185 0.765 0.06
v 7.185 0.765 0
v 7.328 0.829 0.06
v 7.392 0.829 0.06
v 7.328 0.829 0
v 7.392 0.829 0
v 7.392 0.765 0.06
v 7.392 0.765 0
v 7.328 0.765 0.06
v 7.328 0.765 0
v 7.471 0.829 0.06
v 7.535 0.829 0.06
v 7.471 0.829 0
v 7.535 0.829 0
v 7.535 0.765 0.06
v 7.535 0.765 0
v 7.471 0.765 0.06
v 7.471 0.765 0
v 7.614 0.829 0.06
v 7.678 0.829 0.06
v 7.614 0.829 0
v 7.678 0.829 0
v 7.678 0.765 0.06
v 7.678 0.765 0
v 7.614 0.765 0.06
v 7.614 0.765 0
v 7.757 0.829 0.06
v 7.821 0.829 0.06
v 7.757 0.829 0
v 7.821 0.829 0
v 7.821 0.765 0.06
v 7.821 0.765 0
v 7.757 0.765 0.06
v 7.757 0.765 0
v 7.9 0.829 0.06
v 7.964 0.829 0.06
v 7.9 0.829 0
v 7.964 0.829 0
v 7.964 0.765 0.06
v 7.964 0.765 0
v 7.9 0.765 0.06
v 7.9 0.765 0
v 8.043 0.829 0.06
v 8.107 0.829 0.06
v 8.043 0.829 0
v 8.107 0.829 0
v 8.107 0.765 0.06
v 8.107 0.765 0
v 8.043 0.765 0.06
v 8.043 0.765 0
v 8.186 0.829 0.06
v 8.25 0.829 0.06
v 8.186 0.829 0
v 8.25 0.829 0
v 8.25 0.765 0.06
v 8.25 0.765 0
v 8.186 0.765 0.06
v 8.186 0.765 0
v 8.329 0.829 0.06
v 8.393 0.829 0.06
v 8.329 0.829 0
v 8.393 0.829 0
v 8.393 0.765 0.06
v 8.393 0.765 0
v 8.329 0.765 0.06
v 8.329 0.765 0
v 8.472 0.829 0.06
v 8.536 0.829 0.06
v 8.472 0.829 0
v 8.536 0.829 0
v 8.536 0.765 0.06
v 8.536 0.765 0
v 8.472 0.765 0.06
v 8.472 0.765 0
v 8.615 0.829 0.06
v 8.679 0.829 0.06
v 8.615 0.829 0
v 8.679 0.829 0
v 8.679 0.765 0.06
v 8.679 0.765 0
v 8.615 0.765 0.06
v 8.615 0.765 0
v 8.758 0.829 0.06
v 8.822 0.829 0.06
v 8.758 0.829 0
v 8.822 0.829 0
v 8.822 0.765 0.06
v 8.822 0.765 0
v 8.758 0.765 0.06
v 8.758 0.765 0
v 8.901 0.829 0.06
v 8.965 0.829 0.06
v 8.901 0.829 0
v 8.965 0.829 0
v 8.965 0.765 0.06
v 8.965 0.765 0
v 8.901 0.765 0.06
v 8.901 0.765 0
v 9.044 0.829 0.06
v 9.108 0.829 0.06
v 9.044 0.829 0
v 9.108 0.829 0
v 9.108 0.765 0.06
v 9.108 0.765 0
v 9.044 0.765 0.06
v 9.044 0.765 0
v 9.187 0.829 0.06
v 9.251 0.829 0.06
v 9.187 0.829 0
v 9.251 0.829 0
v 9.251 0.765 0.06
v 9.251 0.765 0
v 9.187 0.765 0.06
v 9.187 0.765 0
v 9.33 0.829 0.06
v 9.394 0.829 0.06
v 9.33 0.829 0
v 9.394 0.829 0
v 9.394 0.765 0.06
v 9.394 0.765 0
v 9.33 0.765 0.06
v 9.33 0.765 0
v 9.473 0.829 0.06
v 9.537 0.829 0.06
v 9.473 0.829 0
v 9.537 0.829 0
v 9.537 0.765 0.06
v 9.537 0.765 0
v 9.473 0.765 0.06
v 9.473 0.765 0
v 9.616 0.829 0.06
v 9.68 0.829 0.06
v 9.616 0.829 0
v 9.68 0.829 0
v 9.68 0.765 0.06
v 9.68 0.765 0
v 9.616 0.765 0.06
v 9.616 0.765 0
v 9.759 0.829 0.06
v 9.823 0.829 0.06
v 9.759 0.829 0
v 9.823 0.829 0
v 9.823 0.765 0.06
v 9.823 0.765 0
v 9.759 0.765 0.06
v 9.759 0.765 0
v 9.902 0.829 0.06
v 9.966 0.829 0.06
v 9.902 0.829 0
v 9.966 0.829 0
v 9.966 0.765 0.06
v 9.966 0.765 0
v 9.902 0.765 0.06
v 9.902 0.765 0
v 10.045 0.829 0.06
v 10.109 0.829 0.06
v 10.045 0.829 0
v 10.109 0.829 0
v 10.109 0.765 0.06
v 10.109 0.765 0
v 10.045 0.765 0.06
v 10.045 0.765 0
v 10.188 0.829 0.06
v 10.252 0.829 0.06
v 10.188 0.829 0
v 10.252 0.829 0
v 10.252 0.765 0.06
v 10.252 0.765 0
v 10.188 0.765 0.06
v 10.188 0.765 0
v 10.331 0.829 0.06
v 10.395 0.829 0.06
v 10.331 0.829 0
v 10.395 0.829 0
v 10.395 0.765 0.06
v 10.395 0.765 0
v 10.331 0.765 0.06
v 10.331 0.765 0
v 10.474 0.829 0.06
v 10.538 0.829 0.06
v 10.474 0.829 0
v 10.538 0.829 0
v 10.538 0.765 0.06
v 10.538 0.765 0
v 10.474 0.765 0.06
v 10.474 0.765 0
v 10.617 0.829 0.06
v 10.681 0.829 0.06
v 10.617 0.829 0
v 10.681 0.829 0
v 10.681 0.765 0.06
v 10.681 0.765 0
v 10.617 0.765 0.06
v 10.617 0.765 0
v 10.76 0.829 0.06
v 10.824 0.829 0.06
v 10.76 0.829 0
v 10.824 0.829 0
v 10.824 0.765 0.06
v 10.824 0.765 0
v 10.76 0.765 0.06
v 10.76 0.765 0
v 10.903 0.829 0.06
v 10.967 0.829 0.06
v 10.903 0.829 0
v 10.967 0.829 0
v 10.967 0.765 0.06
v 10.967 0.765 0
v 10.903 0.765 0.06
v 10.903 0.765 0
v 11.046 0.829 0.06
v 11.11 0.829 0.06
v 11.046 0.829 0
v 11.11 0.829 0
v 11.11 0.765 0.06
v 11.11 0.765 0
v 11.046 0.765 0.06
v 11.046 0.765 0
v 11.189 0.829 0.06
v 11.253 0.829 0.06
v 11.189 0.829 0
v 11.253 0.829 0
v 11.253 0.765 0.06
v 11.253 0.765 0
v 11.189 0.765 0.06
v 11.189 0.765 0
v 11.332 0.829 0.06
v 11.396 0.829 0.06
v 11.332 0.829 0
v 11.396 0.829 0
v 11.396 0.765 0.06
v 11.396 0.765 0
v 11.332 0.765 0.06
v 11.332 0.765 0
v 11.475 0.829 0.06
v 11.539 0.829 0.06
v 11.475 0.829 0
v 11.539 0.829 0
v 11.539 0.765 0.06
v 11.539 0.765 0
v 11.475 0.765 0.06
v 11.475 0.765 0
v 11.618 0.829 0.06
v 11.682 0.829 0.06
v 11.618 0.829 0
v 11.682 0.829 0
v 11.682 0.765 0.06
v 11.682 0.765 0
v 11.618 0.765 0.06
v 11.618 0.765 0
v 11.761 0.829 0.06
v 11.825 0.829 0.06
v 11.761 0.829 0
v 11.825 0.829 0
v 11.825 0.765 0.06
v 11.825 0.765 0
v 11.761 0.765 0.06
v 11.761 0.765 0
v 11.904 0.829 0.06
v 11.968 0.829 0.06
v 11.904 0.829 0
v 11.968 0.829 0
v 11.968 0.765 0.06
v 11.968 0.765 0
v 11.904 0.765 0.06
v 11.904 0.765 0
v 12.047 0.829 0.06
v 12.111 0.829 0.06
v 12.047 0.829 0
v 12.111 0.829 0
v 12.111 0.765 0.06
v 12.111 0.765 0
v 12.047 0.765 0.06
v 12.047 0.765 0
v 12.19 0.829 0.06
v 12.254 0.829 0.06
v 12.19 0.829 0
v 12.254 0.829 0
v 12.254 0.765 0.06
v 12.254 0.765 0
v 12.19 0.765 0.06
v 12.19 0.765 0
v 12.333 0.829 0.06
v 12.397 0.829 0.06
v 12.333 0.829 0
v 12.397 0.829 0
v 12.397 0.765 0.06
v 12.397 0.765 0
v 12.333 0.765 0.06
v 12.333 0.765 0
v 12.476 0.829 0.06
v 12.54 0.829 0.06
v 12.476 0.829 0
v 12.54 0.829 0
v 12.54 0.765 0.06
v 12.54 0.765 0
v 12.476 0.765 0.06
v 12.476 0.765 0
v 12.619 0.829 0.06
v 12.683 0.829 0.06
v 12.619 0.829 0
v 12.683 0.829 0
v 12.683 0.765 0.06
v 12.683 0.765 0
v 12.619 0.765 0.06
v 12.619 0.765 0
v 12.762 0.829 0.06
v 12.826 0.829 0.06
v 12.762 0.829 0
v 12.826 0.829 0
v 12.826 0.765 0.06
v 12.826 0.765 0
v 12.762 0.765 0.06
v 12.762 0.765 0
v 12.905 0.829 0.06
v 12.969 0.829 0.06
v 12.905 0.829 0
v 12.969 0.829 0
v 12.969 0.765 0.06
v 12.969 0.765 0
v 12.905 0.765 0.06
v 12.905 0.765 0
v 13.048 0.829 0.06
v 13.112 0.829 0.06
v 13.048 0.829 0
v 13.112 0.829 0
v 13.112 0.765 0.06
v 13.112 0.765 0
v 13.048 0.765 0.06
v 13.048 0.765 0
v 13.191 0.829 0.06
v 13.255 0.829 0.06
v 13.191 0.829 0
v 13.255 0.829 0
v 13.255 0.765 0.06
v 13.255 0.765 0
v 13.191 0.765 0.06
v 13.191 0.765 0
v 13.334 0.829 0.06
v 13.398 0.829 0.06
v 13.334 0.829 0
v 13.398 0.829 0
v 13.398 0.765 0.06
v 13.398 0.765 0
v 13.334 0.765 0.06
v 13.334 0.765 0
v 13.477 0.829 0.06
v 13.541 0.829 0.06
v 13.477 0.829 0
v 13.541 0.829 0
v 13.541 0.765 0.06
v 13.541 0.765 0
v 13.477 0.765 0.06
v 13.477 0.765 0
v 13.62 0.829 0.06
v 13.684 0.829 0.06
v 13.62 0.829 0
v 13.684 0.829 0
v 13.684 0.765 0.06
v 13.684 0.765 0
v 13.62 0.765 0.06
v 13.62 0.765 0
v 13.763 0.829 0.06
v 13.827 0.829 0.06
v 13.763 0.829 0
v 13.827 0.829 0
v 13.827 0.765 0.06
v 13.827 0.765 0
v 13.763 0.765 0.06
v 13.763 0.765 0
v 13.906 0.829 0.06
v 13.97 0.829 0.06
v 13.906 0.829 0
v 13.97 0.829 0
v 13.97 0.765 0.06
v 13.97 0.765 0
v 13.906 0.765 0.06
v 13.906 0.765 0
v 14.049 0.829 0.06
v 14.113 0.829 0.06
v 14.049 0.829 0
v 14.113 0.829 0
v 14.113 0.765 0.06
v 14.113 0.765 0
v 14.049 0.765 0.06
v 14.049 0.765 0
v 14.192 0.829 0.06
v 14.256 0.829 0.06
v 14.192 0.829 0
v 14.256 0.829 0
v 14.256 0.765 0.06
v 14.256 0.765 0
v 14.192 0.765 0.06
v 14.192 0.765 0
v 14.335 0.829 0.06
v 14.399 0.829 0.06
v 14.335 0.829 0
v 14.399 0.829 0
v 14.399 0.765 0.06
v 14.399 0.765 0
v 14.335 0.765 0.06
v 14.335 0.765 0
v 14.478 0.829 0.06
v 14.542 0.829 0.06
v 14.478 0.829 0
v 14.542 0.829 0
v 14.542 0.765 0.06
v 14.542 0.765 0
v 14.478 0.765 0.06
v 14.478 0.765 0
v 14.621 0.829 0.06
v 14.685 0.829 0.06
v 14.621 0.829 0
v 14.685 0.829 0
v 14.685 0.765 0.06
v 14.685 0.765 0
v 14.621 0.765 0.06
v 14.621 0.765 0
v 14.764 0.829 0.06
v 14.828 0.829 0.06
v 14.764 0.829 0
v 14.828 0.829 0
v 14.828 0.765 0.06
v 14.828 0.765 0
v 14.764 0.765 0.06
v 14.764 0.765 0
v 14.907 0.829 0.06
v 14.971 0.829 0.06
v 14.907 0.829 0
v 14.971 0.829 0
v 14.971 0.765 0.06
v 14.971 0.765 0
v 14.907 0.765 0.06
v 14.907 0.765 0
v 15.05 0.829 0.06
v 15.114 0.829 0.06
v 15.05 0.829 0
v 15.114 0.829 0
v 15.114 0.765 0.06
v 15.114 0.765 0
v 15.05 0.765 0.06
v 15.05 0.765 0
v 15.193 0.829 0.06
v 15.257 0.829 0.06
v 15.193 0.829 0
v 15.257 0.829 0
v 15.257 0.765 0.06
v 15.257 0.765 0
v 15.193 0.765 0.06
v 15.193 0.765 0
v 15.336 0.829 0.06
v 15.4 0.829 0.06
v 15.336 0.829 0
v 15.4 0.829 0
v 15.4 0.765 0.06
v 15.4 0.765 0
v 15.336 0.765 0.06
v 15.336 0.765 0
v 15.479 0.829 0.06
v 15.543 0.829 0.06
v 15.479 0.829 0
v 15.543 0.829 0
v 15.543 0.765 0.06
v 15.543 0.765 0
v 15.479 0.765 0.06
v 15.479 0.765 0
v 15.622 0.829 0.06
v 15.686 0.829 0.06
v 15.622 0.829 0
v 15.686 0.829 0
v 15.686 0.765 0.06
v 15.686 0.765 0
v 15.622 0.765 0.06
v 15.622 0.765 0
v 15.765 0.829 0.06
v 15.829 0.829 0.06
v 15.765 0.829 0
v 15.829 0.829 0
v 15.829 0.765 0.06
v 15.829 0.765 0
v 15.765 0.765 0.06
v 15.765 0.765 0
v 15.908 0.829 0.06
v 15.972 0.829 0.06
v 15.908 0.829 0
v 15.972 0.829 0
v 15.972 0.765 0.06
v 15.972 0.765 0
v 15.908 0.765 0.06
v 15.908 0.765 0
v 16.051 0.829 0.06
v 16.115 0.829 0.06
v 16.051 0.829 0
v 16.115 0.829 0
v 16.115 0.765 0.06
v 16.115 0.765 0
v 16.051 0.765 0.06
v 16.051 0.765 0
v 16.194 0.829 0.06
v 16.258 0.829 0.06
v 16.194 0.829 0
v 16.258 0.829 0
v 16.258 0.765 0.06
v 16.258 0.765 0
v 16.194 0.765 0.06
v 16.194 0.765 0
v 16.337 0.829 0.06
v 16.401 0.829 0.06
v 16.337 0.829 0
v 16.401 0.829 0
v 16.401 0.765 0.06
v 16.401 0.765 0
v 16.337 0.765 0.06
v 16.337 0.765 0
v 16.48 0.829 0.06
v 16.544 0.829 0.06
v 16.48 0.829 0
v 16.544 0.829 0
v 16.544 0.765 0.06
v 16.544 0.765 0
v 16.48 0.765 0.06
v 16.48 0.765 0
v 16.623 0.829 0.06
v 16.687 0.829 0.06
v 16.623 0.829 0
v 16.687 0.829 0
v 16.687 0.765 0.06
v 16.687 0.765 0
v 16.623 0.765 0.06
v 16.623 0.765 0
v 16.766 0.829 0.06
v 16.83 0.829 0.06
v 16.766 0.829 0
v 16.83 0.829 0
v 16.83 0.765 0.06
v 16.83 0.765 0
v 16.766 0.765 0.06
v 16.766 0.765 0
v 16.909 0.829 0.06
v 16.973 0.829 0.06
v 16.909 0.829 0
v 16.973 0.829 0
v 16.973 0.765 0.06
v 16.973 0.765 0
v 16.909 0.765 0.06
v 16.909 0.765 0
v 17.052 0.829 0.06
v 17.116 0.829 0.06
v 17.052 0.829 0
v 17.116 0.829 0
v 17.116 0.765 0.06
v 17.116 0.765 0
v 17.052 0.765 0.06
v 17.052 0.765 0
v 17.195 0.829 0.06
v 17.259 0.829 0.06
v 17.195 0.829 0
v 17.259 0.829 0
v 17.259 0.765 0.06
v 17.259 0.765 0
v 17.195 0.765 0.06
v 17.195 0.765 0
v 17.338 0.829 0.06
v 17.402 0.829 0.06
v 17.338 0.829 0
v 17.402 0.829 0
v 17.402 0.765 0.06
v 17.402 0.765 0
v 17.338 0.765 0.06
v 17.338 0.765 0
v 17.481 0.829 0.06
v 17.545 0.829 0.06
v 17.481 0.829 0
v 17.545 0.829 0
v 17.545 0.765 0.06
v 17.545 0.765 0
v 17.481 0.765 0.06
v 17.481 0.765 0
v 17.624 0.829 0.06
v 17.688 0.829 0.06
v 17.624 0.829 0
v 17.688 0.829 0
v 17.688 0.765 0.06
v 17.688 0.765 0
v 17.624 0.765 0.06
v 17.624 0.765 0
v 0.75 0.972 0.06
v 0.814 0.972 0.06
v 0.75 0.972 0
v 0.814 0.972 0
v 0.814 0.908 0.06
v 0.814 0.908 0
v 0.75 0.908 0.06
v 0.75 0.908 0
v 0.893 0.972 0.06
v 0.957 0.972 0.06
v 0.893 0.972 0
v 0.957 0.972 0
v 0.957 0.908 0.06
v 0.957 0.908 0
v 0.893 0.908 0.06
v 0.893 0.908 0
v 1.036 0.972 0.06
v 1.1 0.972 0.06
v 1.036 0.972 0
v 1.1 0.972 0
v 1.1 0.908 0.06
v 1.1 0.908 0
v 1.036 0.908 0.06
v 1.036 0.908 0
v 1.179 0.972 0.06
v 1.243 0.972 0.06
v 1.179 0.972 0
v 1.243 0.972 0
v 1.243 0.908 0.06
v 1.243 0.908 0
v 1.179 0.908 0.06
v 1.179 0.908 0
v 1.322 0.972 0.06
v 1.386 0.972 0.06
v 1.322 0.972 0
v 1.386 0.972 0
v 1.386 0.908 0.06
v 1.386 0.908 0
v 1.322 0.908 0.06
v 1.322 0.908 0
v 1.465 0.972 0.06
v 1.529 0.972 0.06
v 1.465 0.972 0
v 1.529 0.972 0
v 1.529 0.908 0.06
v 1.529 0.908 0
v 1.465 0.908 0.06
v 1.465 0.908 0
v 1.608 0.972 0.06
v 1.672 0.972 0.06
v 1.608 0.972 0
v 1.672 0.972 0
v 1.672 0.908 0.06
v 1.672 0.908 0
v 1.608 0.908 0.06
v 1.608 0.908 0
v 1.751 0.972 0.06
v 1.815 0.972 0.06
v 1.751 0.972 0
v 1.815 0.972 0
v 1.815 0.908 0.06
v 1.815 0.908 0
v 1.751 0.908 0.06
v 1.751 0.908 0
v 1.894 0.972 0.06
v 1.958 0.972 0.06
v 1.894 0.972 0
v 1.958 0.972 0
v 1.958 0.908 0.06
v 1.958 0.908 0
v 1.894 0.908 0.06
v 1.894 0.908 0
v 2.037 0.972 0.06
v 2.101 0.972 0.06
v 2.037 0.972 0
v 2.101 0.972 0
v 2.101 0.908 0.06
v 2.101 0.908 0
v 2.037 0.908 0.06
v 2.037 0.908 0
v 2.18 0.972 0.06
v 2.244 0.972 0.06
v 2.18 0.972 0
v 2.244 0.972 0
v 2.244 0.908 0.06
v 2.244 0.908 0
v 2.18 0.908 0.06
v 2.18 0.908 0
v 2.323 0.972 0.06
v 2.387 0.972 0.06
v 2.323 0.972 0
v 2.387 0.972 0
v 2.387 0.908 0.06
v 2.387 0.908 0
v 2.323 0.908 0.06
v 2.323 0.908 0
v 2.466 0.972 0.06
v 2.53 0.972 0.06
v 2.466 0.972 0
v 2.53 0.972 0
v 2.53 0.908 0.06
v 2.53 0.908 0
v 2.466 0.908 0.06
v 2.466 0.908 0
v 2.609 0.972 0.06
v 2.673 0.972 0.06
v 2.609 0.972 0
v 2.673 0.972 0
v 2.673 0.908 0.06
v 2.673 0.908 0
v 2.609 0.908 0.06
v 2.609 0.908 0
v 2.752 0.972 0.06
v 2.816 0.972 0.06
v 2.752 0.972 0
v 2.816 0.972 0
v 2.816 0.908 0.06
v 2.816 0.908 0
v 2.752 0.908 0.06
v 2.752 0.908 0
v 2.895 0.972 0.06
v 2.959 0.972 0.06
v 2.895 0.972 0
v 2.959 0.972 0
v 2.959 0.908 0.06
v 2.959 0.908 0
v 2.895 0.908 0.06
v 2.895 0.908 0
v 3.038 0.972 0.06
v 3.102 0.972 0.06
v 3.038 0.972 0
v 3.102 0.972 0
v 3.102 0.908 0.06
v 3.102 0.908 0
v 3.038 0.908 0.06
v 3.038 0.908 0
v 3.181 0.972 0.06
v 3.245 0.972 0.06
v 3.181 0.972 0
v 3.245 0.972 0
v 3.245 0.908 0.06
v 3.245 0.908 0
v 3.181 0.908 0.06
v 3.181 0.908 0
v 3.324 0.972 0.06
v 3.388 0.972 0.06
v 3.324 0.972 0
v 3.388 0.972 0
v 3.388 0.908 0.06
v 3.388 0.908 0
v 3.324 0.908 0.06
v 3.324 0.908 0
v 3.467 0.972 0.06
v 3.531 0.972 0.06
v 3.467 0.972 0
v 3.531 0.972 0
v 3.531 0.908 0.06
v 3.531 0.908 0
v 3.467 0.908 0.06
v 3.467 0.908 0
v 3.61 0.972 0.06
v 3.674 0.972 0.06
v 3.61 0.972 0
v 3.674 0.972 0
v 3.674 0.908 0.06
v 3.674 0.908 0
v 3.61 0.908 0.06
v 3.61 0.908 0
v 3.753 0.972 0.06
v 3.817 0.972 0.06
v 3.753 0.972 0
v 3.817 0.972 0
v 3.817 0.908 0.06
v 3.817 0.908 0
v 3.753 0.908 0.06
v 3.753 0.908 0
v 3.896 0.972 0.06
v 3.96 0.972 0.06
v 3.896 0.972 0
v 3.96 0.972 0
v 3.96 0.908 0.06
v 3.96 0.908 0
v 3.896 0.908 0.06
v 3.896 0.908 0
v 4.039 0.972 0.06
v 4.103 0.972 0.06
v 4.039 0.972 0
v 4.103 0.972 0
v 4.103 0.908 0.06
v 4.103 0.908 0
v 4.039 0.908 0.06
v 4.039 0.908 0
v 4.182 0.972 0.06
v 4.246 0.972 0.06
v 4.182 0.972 0
v 4.246 0.972 0
v 4.246 0.908 0.06
v 4.246 0.908 0
v 4.182 0.908 0.06
v 4.182 0.908 0
v 4.325 0.972 0.06
v 4.389 0.972 0.06
v 4.325 0.972 0
v 4.389 0.972 0
v 4.389 0.908 0.06
v 4.389 0.908 0
v 4.325 0.908 0.06
v 4.325 0.908 0
v 4.468 0.972 0.06
v 4.532 0.972 0.06
v 4.468 0.972 0
v 4.532 0.972 0
v 4.532 0.908 0.06
v 4.532 0.908 0
v 4.468 0.908 0.06
v 4.468 0.908 0
v 4.611 0.972 0.06
v 4.675 0.972 0.06
v 4.611 0.972 0
v 4.675 0.972 0
v 4.675 0.908 0.06
v 4.675 0.908 0
v 4.611 0.908 0.06
v 4.611 0.908 0
v 4.754 0.972 0.06
v 4.818 0.972 0.06
v 4.754 0.972 0
v 4.818 0.972 0
v 4.818 0.908 0.06
v 4.818 0.908 0
v 4.754 0.908 0.06
v 4.754 0.908 0
v 4.897 0.972 0.06
v 4.961 0.972 0.06
v 4.897 0.972 0
v 4.961 0.972 0
v 4.961 0.908 0.06
v 4.961 0.908 0
v 4.897 0.908 0.06
v 4.897 0.908 0
v 5.04 0.972 0.06
v 5.104 0.972 0.06
v 5.04 0.972 0
v 5.104 0.972 0
v 5.104 0.908 0.06
v 5.104 0.908 0
v 5.04 0.908 0.06
v 5.04 0.908 0
v 5.183 0.972 0.06
v 5.247 0.972 0.06
v 5.183 0.972 0
v 5.247 0.972 0
v 5.247 0.908 0.06
v 5.247 0.908 0
v 5.183 0.908 0.06
v 5.183 0.908 0
v 5.326 0.972 0.06
v 5.39 0.972 0.06
v 5.326 0.972 0
v 5.39 0.972 0
v 5.39 0.908 0.06
v 5.39 0.908 0
v 5.326 0.908 0.06
v 5.326 0.908 0
v 5.469 0.972 0.06
v 5.533 0.972 0.06
v 5.469 0.972 0
v 5.533 0.972 0
v 5.533 0.908 0.06
v 5.533 0.908 0
v 5.469 0.908 0.06
v 5.469 0.908 0
v 5.612 0.972 0.06
v 5.676 0.972 0.06
v 5.612 0.972 0
v 5.676 0.972 0
v 5.676 0.908 0.06
v 5.676 0.908 0
v 5.612 0.908 0.06
v 5.612 0.908 0
v 5.755 0.972 0.06
v 5.819 0.972 0.06
v 5.755 0.972 0
v 5.819 0.972 0
v 5.819 0.908 0.06
v 5.819 0.908 0
v 5.755 0.908 0.06
v 5.755 0.908 0
v 5.898 0.972 0.06
v 5.962 0.972 0.06
v 5.898 0.972 0
v 5.962 0.972 0
v 5.962 0.908 0.06
v 5.962 0.908 0
v 5.898 0.908 0.06
v 5.898 0.908 0
v 6.041 0.972 0.06
v 6.105 0.972 0.06
v 6.041 0.972 0
v 6.105 0.972 0
v 6.105 0.908 0.06
v 6.105 0.908 0
v 6.041 0.908 0.06
v 6.041 0.908 0
v 6.184 0.972 0.06
v 6.248 0.972 0.06
v 6.184 0.972 0
v 6.248 0.972 0
v 6.248 0.908 0.06
v 6.248 0.908 0
v 6.184 0.908 0.06
v 6.184 0.908 0
v 6.327 0.972 0.06
v 6.391 0.972 0.06
v 6.327 0.972 0
v 6.391 0.972 0
v 6.391 0.908 0.06
v 6.391 0.908 0
v 6.327 0.908 0.06
v 6.327 0.908 0
v 6.47 0.972 0.06
v 6.534 0.972 0.06
v 6.47 0.972 0
v 6.534 0.972 0
v 6.534 0.908 0.06
v 6.534 0.908 0
v 6.47 0.908 0.06
v 6.47 0.908 0
v 6.613 0.972 0.06
v 6.677 0.972 0.06
v 6.613 0.972 0
v 6.677 0.972 0
v 6.677 0.908 0.06
v 6.677 0.908 0
v 6.613 0.908 0.06
v 6.613 0.908 0
v 6.756 0.972 0.06
v 6.82 0.972 0.06
v 6.756 0.972 0
v 6.82 0.972 0
v 6.82 0.908 0.06
v 6.82 0.908 0
v 6.756 0.908 0.06
v 6.756 0.908 0
v 6.899 0.972 0.06
v 6.963 0.972 0.06
v 6.899 0.972 0
v 6.963 0.972 0
v 6.963 0.908 0.06
v 6.963 0.908 0
v 6.899 0.908 0.06
v 6.899 0.908 0
v 7.042 0.972 0.06
v 7.106 0.972 0.06
v 7.042 0.972 0
v 7.106 0.972 0
v 7.106 0.908 0.06
v 7.106 0.908 0
v 7.042 0.908 0.06
v 7.042 0.908 0
v 7.185 0.972 0.06
v 7.249 0.972 0.06
v 7.185 0.972 0
v 7.249 0.972 0
v 7.249 0.908 0.06
v 7.249 0.908 0
v 7.185 0.908 0.06
v 7.185 0.908 0
v 7.328 0.972 0.06
v 7.392 0.972 0.06
v 7.328 0.972 0
v 7.392 0.972 0
v 7.392 0.908 0.06
v 7.392 0.908 0
v 7.328 0.908 0.06
v 7.328 0.908 0
v 7.471 0.972 0.06
v 7.535 0.972 0.06
v 7.471 0.972 0
v 7.535 0.972 0
v 7.535 0.908 0.06
v 7.535 0.908 0
v 7.471 0.908 0.06
v 7.471 0.908 0
v 7.614 0.972 0.06
v 7.678 0.972 0.06
v 7.614 0.972 0
v 7.678 0.972 0
v 7.678 0.908 0.06
v 7.678 0.908 0
v 7.614 0.908 0.06
v 7.614 0.908 0
v 7.757 0.972 0.06
v 7.821 0.972 0.06
v 7.757 0.972 0
v 7.821 0.972 0
v 7.821 0.908 0.06
v 7.821 0.908 0
v 7.757 0.908 0.06
v 7.757 0.908 0
v 7.9 0.972 0.06
v 7.964 0.972 0.06
v 7.9 0.972 0
v 7.964 0.972 0
v 7.964 0.908 0.06
v 7.964 0.908 0
v 7.9 0.908 0.06
v 7.9 0.908 0
v 8.043 0.972 0.06
v 8.107 0.972 0.06
v 8.043 0.972 0
v 8.107 0.972 0
v 8.107 0.908 0.06
v 8.107 0.908 0
v 8.043 0.908 0.06
v 8.043 0.908 0
v 8.186 0.972 0.06
v 8.25 0.972 0.06
v 8.186 0.972 0
v 8.25 0.972 0
v 8.25 0.908 0.06
v 8.25 0.908 0
v 8.186 0.908 0.06
v 8.186 0.908 0
v 8.329 0.972 0.06
v 8.393 0.972 0.06
v 8.329 0.972 0
v 8.393 0.972 0
v 8.393 0.908 0.06
v 8.393 0.908 0
v 8.329 0.908 0.06
v 8.329 0.908 0
v 8.472 0.972 0.06
v 8.536 0.972 0.06
v 8.472 0.972 0
v 8.536 0.972 0
v 8.536 0.908 0.06
v 8.536 0.908 0
v 8.472 0.908 0.06
v 8.472 0.908 0
v 8.615 0.972 0.06
v 8.679 0.972 0.06
v 8.615 0.972 0
v 8.679 0.972 0
v 8.679 0.908 0.06
v 8.679 0.908 0
v 8.615 0.908 0.06
v 8.615 0.908 0
v 8.758 0.972 0.06
v 8.822 0.972 0.06
v 8.758 0.972 0
v 8.822 0.972 0
v 8.822 0.908 0.06
v 8.822 0.908 0
v 8.758 0.908 0.06
v 8.758 0.908 0
v 8.901 0.972 0.06
v 8.965 0.972 0.06
v 8.901 0.972 0
v 8.965 0.972 0
v 8.965 0.908 0.06
v 8.965 0.908 0
v 8.901 0.908 0.06
v 8.901 0.908 0
v 9.044 0.972 0.06
v 9.108 0.972 0.06
v 9.044 0.972 0
v 9.108 0.972 0
v 9.108 0.908 0.06
v 9.108 0.908 0
v 9.044 0.908 0.06
v 9.044 0.908 0
v 9.187 0.972 0.06
v 9.251 0.972 0.06
v 9.187 0.972 0
v 9.251 0.972 0
v 9.251 0.908 0.06
v 9.251 0.908 0
v 9.187 0.908 0.06
v 9.187 0.908 0
v 9.33 0.972 0.06
v 9.394 0.972 0.06
v 9.33 0.972 0
v 9.394 0.972 0
v 9.394 0.908 0.06
v 9.394 0.908 0
v 9.33 0.908 0.06
v 9.33 0.908 0
v 9.473 0.972 0.06
v 9.537 0.972 0.06
v 9.473 0.972 0
v 9.537 0.972 0
v 9.537 0.908 0.06
v 9.537 0.908 0
v 9.473 0.908 0.06
v 9.473 0.908 0
v 9.616 0.972 0.06
v 9.68 0.972 0.06
v 9.616 0.972 0
v 9.68 0.972 0
v 9.68 0.908 0.06
v 9.68 0.908 0
v 9.616 0.908 0.06
v 9.616 0.908 0
v 9.759 0.972 0.06
v 9.823 0.972 0.06
v 9.759 0.972 0
v 9.823 0.972 0
v 9.823 0.908 0.06
v 9.823 0.908 0
v 9.759 0.908 0.06
v 9.759 0.908 0
v 9.902 0.972 0.06
v 9.966 0.972 0.06
v 9.902 0.972 0
v 9.966 0.972 0
v 9.966 0.908 0.06
v 9.966 0.908 0
v 9.902 0.908 0.06
v 9.902 0.908 0
v 10.045 0.972 0.06
v 10.109 0.972 0.06
v 10.045 0.972 0
v 10.109 0.972 0
v 10.109 0.908 0.06
v 10.109 0.908 0
v 10.045 0.908 0.06
v 10.045 0.908 0
v 10.188 0.972 0.06
v 10.252 0.972 0.06
v 10.188 0.972 0
v 10.252 0.972 0
v 10.252 0.908 0.06
v 10.252 0.908 0
v 10.188 0.908 0.06
v 10.188 0.908 0
v 10.331 0.972 0.06
v 10.395 0.972 0.06
v 10.331 0.972 0
v 10.395 0.972 0
v 10.395 0.908 0.06
v 10.395 0.908 0
v 10.331 0.908 0.06
v 10.331 0.908 0
v 10.474 0.972 0.06
v 10.538 0.972 0.06
v 10.474 0.972 0
v 10.538 0.972 0
v 10.538 0.908 0.06
v 10.538 0.908 0
v 10.474 0.908 0.06
v 10.474 0.908 0
v 10.617 0.972 0.06
v 10.681 0.972 0.06
v 10.617 0.972 0
v 10.681 0.972 0
v 10.681 0.908 0.06
v 10.681 0.908 0
v 10.617 0.908 0.06
v 10.617 0.908 0
v 10.76 0.972 0.06
v 10.824 0.972 0.06
v 10.76 0.972 0
v 10.824 0.972 0
v 10.824 0.908 0.06
v 10.824 0.908 0
v 10.76 0.908 0.06
v 10.76 0.908 0
v 10.903 0.972 0.06
v 10.967 0.972 0.06
v 10.903 0.972 0
v 10.967 0.972 0
v 10.967 0.908 0.06
v 10.967 0.908 0
v 10.903 0.908 0.06
v 10.903 0.908 0
v 11.046 0.972 0.06
v 11.11 0.972 0.06
v 11.046 0.972 0
v 11.11 0.972 0
v 11.11 0.908 0.06
v 11.11 0.908 0
v 11.046 0.908 0.06
v 11.046 0.908 0
v 11.189 0.972 0.06
v 11.253 0.972 0.06
v 11.189 0.972 0
v 11.253 0.972 0
v 11.253 0.908 0.06
v 11.253 0.908 0
v 11.189 0.908 0.06
v 11.189 0.908 0
v 11.332 0.972 0.06
v 11.396 0.972 0.06
v 11.332 0.972 0
v 11.396 0.972 0
v 11.396 0.908 0.06
v 11.396 0.908 0
v 11.332 0.908 0.06
v 11.332 0.908 0
v 11.475 0.972 0.06
v 11.539 0.972 0.06
v 11.475 0.972 0
v 11.539 0.972 0
v 11.539 0.908 0.06
v 11.539 0.908 0
v 11.475 0.908 0.06
v 11.475 0.908 0
v 11.618 0.972 0.06
v 11.682 0.972 0.06
v 11.618 0.972 0
v 11.682 0.972 0
v 11.682 0.908 0.06
v 11.682 0.908 0
v 11.618 0.908 0.06
v 11.618 0.908 0
v 11.761 0.972 0.06
v 11.825 0.972 0.06
v 11.761 0.972 0
v 11.825 0.972 0
v 11.825 0.908 0.06
v 11.825 0.908 0
v 11.761 0.908 0.06
v 11.761 0.908 0
v 11.904 0.972 0.06
v 11.968 0.972 0.06
v 11.904 0.972 0
v 11.968 0.972 0
v 11.968 0.908 0.06
v 11.968 0.908 0
v 11.904 0.908 0.06
v 11.904 0.908 0
v 12.047 0.972 0.06
v 12.111 0.972 0.06
v 12.047 0.972 0
v 12.111 0.972 0
v 12.111 0.908 0.06
v 12.111 0.908 0
v 12.047 0.908 0.06
v 12.047 0.908 0
v 12.19 0.972 0.06
v 12.254 0.972 0.06
v 12.19 0.972 0
v 12.254 0.972 0
v 12.254 0.908 0.06
v 12.254 0.908 0
v 12.19 0.908 0.06
v 12.19 0.908 0
v 12.333 0.972 0.06
v 12.397 0.972 0.06
v 12.333 0.972 0
v 12.397 0.972 0
v 12.397 0.908 0.06
v 12.397 0.908 0
v 12.333 0.908 0.06
v 12.333 0.908 0
v 12.476 0.972 0.06
v 12.54 0.972 0.06
v 12.476 0.972 0
v 12.54 0.972 0
v 12.54 0.908 0.06
v 12.54 0.908 0
v 12.476 0.908 0.06
v 12.476 0.908 0
v 12.619 0.972 0.06
v 12.683 0.972 0.06
v 12.619 0.972 0
v 12.683 0.972 0
v 12.683 0.908 0.06
v 12.683 0.908 0
v 12.619 0.908 0.06
v 12.619 0.908 0
v 12.762 0.972 0.06
v 12.826 0.972 0.06
v 12.762 0.972 0
v 12.826 0.972 0
v 12.826 0.908 0.06
v 12.826 0.908 0
v 12.762 0.908 0.06
v 12.762 0.908 0
v 12.905 0.972 0.06
v 12.969 0.972 0.06
v 12.905 0.972 0
v 12.969 0.972 0
v 12.969 0.908 0.06
v 12.969 0.908 0
v 12.905 0.908 0.06
v 12.905 0.908 0
v 13.048 0.972 0.06
v 13.112 0.972 0.06
v 13.048 0.972 0
v 13.112 0.972 0
v 13.112 0.908 0.06
v 13.112 0.908 0
v 13.048 0.908 0.06
v 13.048 0.908 0
v 13.191 0.972 0.06
v 13.255 0.972 0.06
v 13.191 0.972 0
v 13.255 0.972 0
v 13.255 0.908 0.06
v 13.255 0.908 0
v 13.191 0.908 0.06
v 13.191 0.908 0
v 13.334 0.972 0.06
v 13.398 0.972 0.06
v 13.334 0.972 0
v 13.398 0.972 0
v 13.398 0.908 0.06
v 13.398 0.908 0
v 13.334 0.908 0.06
v 13.334 0.908 0
v 13.477 0.972 0.06
v 13.541 0.972 0.06
v 13.477 0.972 0
v 13.541 0.972 0
v 13.541 0.908 0.06
v 13.541 0.908 0
v 13.477 0.908 0.06
v 13.477 0.908 0
v 13.62 0.972 0.06
v 13.684 0.972 0.06
v 13.62 0.972 0
v 13.684 0.972 0
v 13.684 0.908 0.06
v 13.684 0.908 0
v 13.62 0.908 0.06
v 13.62 0.908 0
v 13.763 0.972 0.06
v 13.827 0.972 0.06
v 13.763 0.972 0
v 13.827 0.972 0
v 13.827 0.908 0.06
v 13.827 0.908 0
v 13.763 0.908 0.06
v 13.763 0.908 0
v 13.906 0.972 0.06
v 13.97 0.972 0.06
v 13.906 0.972 0
v 13.97 0.972 0
v 13.97 0.908 0.06
v 13.97 0.908 0
v 13.906 0.908 0.06
v 13.906 0.908 0
v 14.049 0.972 0.06
v 14.113 0.972 0.06
v 14.049 0.972 0
v 14.113 0.972 0
v 14.113 0.908 0.06
v 14.113 0.908 0
v 14.049 0.908 0.06
v 14.049 0.908 0
v 14.192 0.972 0.06
v 14.256 0.972 0.06
v 14.192 0.972 0
v 14.256 0.972 0
v 14.256 0.908 0.06
v 14.256 0.908 0
v 14.192 0.908 0.06
v 14.192 0.908 0
v 14.335 0.972 0.06
v 14.399 0.972 0.06
v 14.335 0.972 0
v 14.399 0.972 0
v 14.399 0.908 0.06
v 14.399 0.908 0
v 14.335 0.908 0.06
v 14.335 0.908 0
v 14.478 0.972 0.06
v 14.542 0.972 0.06
v 14.478 0.972 0
v 14.542 0.972 0
v 14.542 0.908 0.06
v 14.542 0.908 0
v 14.478 0.908 0.06
v 14.478 0.908 0
v 14.621 0.972 0.06
v 14.685 0.972 0.06
v 14.621 0.972 0
v 14.685 0.972 0
v 14.685 0.908 0.06
v 14.685 0.908 0
v 14.621 0.908 0.06
v 14.621 0.908 0
v 14.764 0.972 0.06
v 14.828 0.972 0.06
v 14.764 0.972 0
v 14.828 0.972 0
v 14.828 0.908 0.06
v 14.828 0.908 0
v 14.764 0.908 0.06
v 14.764 0.908 0
v 14.907 0.972 0.06
v 14.971 0.972 0.06
v 14.907 0.972 0
v 14.971 0.972 0
v 14.971 0.908 0.06
v 14.971 0.908 0
v 14.907 0.908 0.06
v 14.907 0.908 0
v 15.05 0.972 0.06
v 15.114 0.972 0.06
v 15.05 0.972 0
v 15.114 0.972 0
v 15.114 0.908 0.06
v 15.114 0.908 0
v 15.05 0.908 0.06
v 15.05 0.908 0
v 15.193 0.972 0.06
v 15.257 0.972 0.06
v 15.193 0.972 0
v 15.257 0.972 0
v 15.257 0.908 0.06
v 15.257 0.908 0
v 15.193 0.908 0.06
v 15.193 0.908 0
v 15.336 0.972 0.06
v 15.4 0.972 0.06
v 15.336 0.972 0
v 15.4 0.972 0
v 15.4 0.908 0.06
v 15.4 0.908 0
v 15.336 0.908 0.06
v 15.336 0.908 0
v 15.479 0.972 0.06
v 15.543 0.972 0.06
v 15.479 0.972 0
v 15.543 0.972 0
v 15.543 0.908 0.06
v 15.543 0.908 0
v 15.479 0.908 0.06
v 15.479 0.908 0
v 15.622 0.972 0.06
v 15.686 0.972 0.06
v 15.622 0.972 0
v 15.686 0.972 0
v 15.686 0.908 0.06
v 15.686 0.908 0
v 15.622 0.908 0.06
v 15.622 0.908 0
v 15.765 0.972 0.06
v 15.829 0.972 0.06
v 15.765 0.972 0
v 15.829 0.972 0
v 15.829 0.908 0.06
v 15.829 0.908 0
v 15.765 0.908 0.06
v 15.765 0.908 0
v 15.908 0.972 0.06
v 15.972 0.972 0.06
v 15.908 0.972 0
v 15.972 0.972 0
v 15.972 0.908 0.06
v 15.972 0.908 0
v 15.908 0.908 0.06
v 15.908 0.908 0
v 16.051 0.972 0.06
v 16.115 0.972 0.06
v 16.051 0.972 0
v 16.115 0.972 0
v 16.115 0.908 0.06
v 16.115 0.908 0
v 16.051 0.908 0.06
v 16.051 0.908 0
v 16.194 0.972 0.06
v 16.258 0.972 0.06
v 16.194 0.972 0
v 16.258 0.972 0
v 16.258 0.908 0.06
v 16.258 0.908 0
v 16.194 0.908 0.06
v 16.194 0.908 0
v 16.337 0.972 0.06
v 16.401 0.972 0.06
v 16.337 0.972 0
v 16.401 0.972 0
v 16.401 0.908 0.06
v 16.401 0.908 0
v 16.337 0.908 0.06
v 16.337 0.908 0
v 16.48 0.972 0.06
v 16.544 0.972 0.06
v 16.48 0.972 0
v 16.544 0.972 0
v 16.544 0.908 0.06
v 16.544 0.908 0
v 16.48 0.908 0.06
v 16.48 0.908 0
v 16.623 0.972 0.06
v 16.687 0.972 0.06
v 16.623 0.972 0
v 16.687 0.972 0
v 16.687 0.908 0.06
v 16.687 0.908 0
v 16.623 0.908 0.06
v 16.623 0.908 0
v 16.766 0.972 0.06
v 16.83 0.972 0.06
v 16.766 0.972 0
v 16.83 0.972 0
v 16.83 0.908 0.06
v 16.83 0.908 0
v 16.766 0.908 0.06
v 16.766 0.908 0
v 16.909 0.972 0.06
v 16.973 0.972 0.06
v 16.909 0.972 0
v 16.973 0.972 0
v 16.973 0.908 0.06
v 16.973 0.908 0
v 16.909 0.908 0.06
v 16.909 0.908 0
v 17.052 0.972 0.06
v 17.116 0.972 0.06
v 17.052 0.972 0
v 17.116 0.972 0
v 17.116 0.908 0.06
v 17.116 0.908 0
v 17.052 0.908 0.06
v 17.052 0.908 0
v 17.195 0.972 0.06
v 17.259 0.972 0.06
v 17.195 0.972 0
v 17.259 0.972 0
v 17.259 0.908 0.06
v 17.259 0.908 0
v 17.195 0.908 0.06
v 17.195 0.908 0
v 17.338 0.972 0.06
v 17.402 0.972 0.06
v 17.338 0.972 0
v 17.402 0.972 0
v 17.402 0.908 0.06
v 17.402 0.908 0
v 17.338 0.908 0.06
v 17.338 0.908 0
v 17.481 0.972 0.06
v 17.545 0.972 0.06
v 17.481 0.972 0
v 17.545 0.972 0
v 17.545 0.908 0.06
v 17.545 0.908 0
v 17.481 0.908 0.06
v 17.481 0.908 0
v 17.624 0.972 0.06
v 17.688 0.972 0.06
v 17.624 0.972 0
v 17.688 0.972 0
v 17.688 0.908 0.06
v 17.688 0.908 0
v 17.624 0.908 0.06
v 17.624 0.908 0
# </points>

# <edges count="9996">
l 3 1
l 1 2
l 2 4
l 4 3
l 2 5
l 5 6
l 6 4
l 5 7
l 7 8
l 8 6
l 7 1
l 3 8
l 11 9
l 9 10
l 10 12
l 12 11
l 10 13
l 13 14
l 14 12
l 13 15
l 15 16
l 16 14
l 15 9
l 11 16
l 19 17
l 17 18
l 18 20
l 20 19
l 18 21
l 21 22
l 22 20
l 21 23
l 23 24
l 24 22
l 23 17
l 19 24
l 27 25
l 25 26
l 26 28
l 28 27
l 26 29
l 29 30
l 30 28
l 29 31
l 31 32
l 32 30
l 31 25
l 27 32
l 35 33
l 33 34
l 34 36
l 36 35
l 34 37
l 37 38
l 38 36
l 37 39
l 39 40
l 40 38
l 39 33
l 35 40
l 43 41
l 41 42
l 42 44
l 44 43
l 42 45
l 45 46
l 46 44
l 45 47
l 47 48
l 48 46
l 47 41
l 43 48
l 51 49
l 49 50
l 50 52
l 52 51
l 50 53
l 53 54
l 54 52
l 53 55
l 55 56
l 56 54
l 55 49
l 51 56
l 59 57
l 57 58
l 58 60
l 60 59
l 58 61
l 61 62
l 62 60
l 61 63
l 63 64
l 64 62
l 63 57
l 59 64
l 67 65
l 65 66
l 66 68
l 68 67
l 66 69
l 69 70
l 70 68
l 69 71
l 71 72
l 72 70
l 71 65
l 67 72
l 75 73
l 73 74
l 74 76
l 76 75
l 74 77
l 77 78
l 78 76
l 77 79
l 79 80
l 80 78
l 79 73
l 75 80
l 83 81
l 81 82
l 82 84
l 84 83
l 82 85
l 85 86
l 86 84
l 85 87
l 87 88
l 88 86
l 87 81
l 83 88
l 91 89
l 89 90
l 90 92
l 92 91
l 90 93
l 93 94
l 94 92
l 93 95
l 95 96
l 96 94
l 95 89
l 91 96
l 99 97
l 97 98
l 98 100
l 100 99
l 98 101
l 101 102
l 102 100
l 101 103
l 103 104
l 104 102
l 103 97
l 99 104
l 107 105
l 105 106
l 106 108
l 108 107
l 106 109
l 109 110
l 110 108
l 109 111
l 111 112
l 112 110
l 111 105
l 107 112
l 115 113
l 113 114
l 114 116
l 116 115
l 114 117
l 117 118
l 118 116
l 117 119
l 119 120
l 120 118
l 119 113
l 115 120
l 123 121
l 121 122
l 122 124
l 124 123
l 122 125
l 125 126
l 126 124
l 125 127
l 127 128
l 128 126
l 127 121
l 123 128
l 131 129
l 129 130
l 130 132
l 132 131
l 130 133
l 133 134
l 134 132
l 133 135
l 135 136
l 136 134
l 135 129
l 131 136
l 139 137
l 137 138
l 138 140
l 140 139
l 138 141
l 141 142
l 142 140
l 141 143
l 143 144
l 144 142
l 143 137
l 139 144
l 147 145
l 145 146
l 146 148
l 148 147
l 146 149
l 149 150
l 150 148
l 149 151
l 151 152
l 152 150
l 151 145
l 147 152
l 155 153
l 153 154
l 154 156
l 156 155
l 154 157
l 157 158
l 158 156
l 157 159
l 159 160
l 160 158
l 159 153
l 155 160
l 163 161
l 161 162
l 162 164
l 164 163
l 162 165
l 165 166
l 166 164
l 165 167
l 167 168
l 168 166
l 167 161
l 163 168
l 171 169
l 169 170
l 170 172
l 172 171
l 170 173
l 173 174
l 174 172
l 173 175
l 175 176
l 176 174
l 175 169
l 171 176
l 179 177
l 177 178
l 178 180
l 180 179
l 178 181
l 181 182
l 182 180
l 181 183
l 183 184
l 184 182
l 183 177
l 179 184
l 187 185
l 185 186
l 186 188
l 188 187
l 186 189
l 189 190
l 190 188
l 189 191
l 191 192
l 192 190
l 191 185
l 187 192
l 195 193
l 193 194
l 194 196
l 196 195
l 194 197
l 197 198
l 198 196
l 197 199
l 199 200
l 200 198
l 199 193
l 195 200
l 203 201
l 201 202
l 202 204
l 204 203
l 202 205
l 205 206
l 206 204
l 205 207
l 207 208
l 208 206
l 207 201
l 203 208
l 211 209
l 209 210
l 210 212
l 212 211
l 210 213
l 213 214
l 214 212
l 213 215
l 215 216
l 216 214
l 215 209
l 211 216
l 219 217
l 217 218
l 218 220
l 220 219
l 218 221
l 221 222
l 222 220
l 221 223
l 223 224
l 224 222
l 223 217
l 219 224
l 227 225
l 225 226
l 226 228
l 228 227
l 226 229
l 229 230
l 230 228
l 229 231
l 231 232
l 232 230
l 231 225
l 227 232
l 235 233
l 233 234
l 234 236
l 236 235
l 234 237
l 237 238
l 238 236
l 237 239
l 239 240
l 240 238
l 239 233
l 235 240
l 243 241
l 241 242
l 242 244
l 244 243
l 242 245
l 245 246
l 246 244
l 245 247
l 247 248
l 248 246
l 247 241
l 243 248
l 251 249
l 249 250
l 250 252
l 252 251
l 250 253
l 253 254
l 254 252
l 253 255
l 255 256
l 256 254
l 255 249
l 251 256
l 259 257
l 257 258
l 258 260
l 260 259
l 258 261
l 261 262
l 262 260
l 261 263
l 263 264
l 264 262
l 263 257
l 259 264
l 267 265
l 265 266
l 266 268
l 268 267
l 266 269
l 269 270
l 270 268
l 269 271
l 271 272
l 272 270
l 271 265
l 267 272
l 275 273
l 273 274
l 274 276
l 276 275
l 274 277
l 277 278
l 278 276
l 277 279
l 279 280
l 280 278
l 279 273
l 275 280
l 283 281
l 281 282
l 282 284
l 284 283
l 282 285
l 285 286
l 286 284
l 285 287
l 287 288
l 288 286
l 287 281
l 283 288
l 291 289
l 289 290
l 290 292
l 292 291
l 290 293
l 293 294
l 294 292
l 293 295
l 295 296
l 296 294
l 295 289
l 291 296
l 299 297
l 297 298
l 298 300
l 300 299
l 298 301
l 301 302
l 302 300
l 301 303
l 303 304
l 304 302
l 303 297
l 299 304
l 307 305
l 305 306
l 306 308
l 308 307
l 306 309
l 309 310
l 310 308
l 309 311
l 311 312
l 312 310
l 311 305
l 307 312
l 315 313
l 313 314
l 314 316
l 316 315
l 314 317
l 317 318
l 318 316
l 317 319
l 319 320
l 320 318
l 319 313
l 315 320
l 323 321
l 321 322
l 322 324
l 324 323
l 322 325
l 325 326
l 326 324
l 325 327
l 327 328
l 328 326
l 327 321
l 323 328
l 331 329
l 329 330
l 330 332
l 332 331
l 330 333
l 333 334
l 334 332
l 333 335
l 335 336
l 336 334
l 335 329
l 331 336
l 339 337
l 337 338
l 338 340
l 340 339
l 338 341
l 341 342
l 342 340
l 341 343
l 343 344
l 344 342
l 343 337
l 339 344
l 347 345
l 345 346
l 346 348
l 348 347
l 346 349
l 349 350
l 350 348
l 349 351
l 351 352
l 352 350
l 351 345
l 347 352
l 355 353
l 353 354
l 354 356
l 356 355
l 354 357
l 357 358
l 358 356
l 357 359
l 359 360
l 360 358
l 359 353
l 355 360
l 363 361
l 361 362
l 362 364
l 364 363
l 362 365
l 365 366
l 366 364
l 365 367
l 367 368
l 368 366
l 367 361
l 363 368
l 371 369
l 369 370
l 370 372
l 372 371
l 370 373
l 373 374
l 374 372
l 373 375
l 375 376
l 376 374
l 375 369
l 371 376
l 379 377
l 377 378
l 378 380
l 380 379
l 378 381
l 381 382
l 382 380
l 381 383
l 383 384
l 384 382
l 383 377
l 379 384
l 387 385
l 385 386
l 386 388
l 388 387
l 386 389
l 389 390
l 390 388
l 389 391
l 391 392
l 392 390
l 391 385
l 387 392
l 395 393
l 393 394
l 394 396
l 396 395
l 394 397
l 397 398
l 398 396
l 397 399
l 399 400
l 400 398
l 399 393
l 395 400
l 403 401
l 401 402
l 402 404
l 404 403
l 402 405
l 405 406
l 406 404
l 405 407
l 407 408
l 408 406
l 407 401
l 403 408
l 411 409
l 409 410
l 410 412
l 412 411
l 410 413
l 413 414
l 414 412
l 413 415
l 415 416
l 416 414
l 415 409
l 411 416
l 419 417
l 417 418
l 418 420
l 420 419
l 418 421
l 421 422
l 422 420
l 421 423
l 423 424
l 424 422
l 423 417
l 419 424
l 427 425
l 425 426
l 426 428
l 428 427
l 426 429
l 429 430
l 430 428
l 429 431
l 431 432
l 432 430
l 431 425
l 427 432
l 435 433
l 433 434
l 434 436
l 436 435
l 434 437
l 437 438
l 438 436
l 437 439
l 439 440
l 440 438
l 439 433
l 435 440
l 443 441
l 441 442
l 442 444
l 444 443
l 442 445
l 445 446
l 446 444
l 445 447
l 447 448
l 448 446
l 447 441
l 443 448
l 451 449
l 449 450
l 450 452
l 452 451
l 450 453
l 453 454
l 454 452
l 453 455
l 455 456
l 456 454
l 455 449
l 451 456
l 459 457
l 457 458
l 458 460
l 460 459
l 458 461
l 461 462
l 462 460
l 461 463
l 463 464
l 464 462
l 463 457
l 459 464
l 467 465
l 465 466
l 466 468
l 468 467
l 466 469
l 469 470
l 470 468
l 469 471
l 471 472
l 472 470
l 471 465
l 467 472
l 475 473
l 473 474
l 474 476
l 476 475
l 474 477
l 477 478
l 478 476
l 477 479
l 479 480
l 480 478
l 479 473
l 475 480
l 483 481
l 481 482
l 482 484
l 484 483
l 482 485
l 485 486
l 486 484
l 485 487
l 487 488
l 488 486
l 487 481
l 483 488
l 491 489
l 489 490
l 490 492
l 492 491
l 490 493
l 493 494
l 494 492
l 493 495
l 495 496
l 496 494
l 495 489
l 491 496
l 499 497
l 497 498
l 498 500
l 500 499
l 498 501
l 501 502
l 502 500
l 501 503
l 503 504
l 504 502
l 503 497
l 499 504
l 507 505
l 505 506
l 506 508
l 508 507
l 506 509
l 509 510
l 510 508
l 509 511
l 511 512
l 512 510
l 511 505
l 507 512
l 515 513
l 513 514
l 514 516
l 516 515
l 514 517
l 517 518
l 518 516
l 517 519
l 519 520
l 520 518
l 519 513
l 515 520
l 523 521
l 521 522
l 522 524
l 524 523
l 522 525
l 525 526
l 526 524
l 525 527
l 527 528
l 528 526
l 527 521
l 523 528
l 531 529
l 529 530
l 530 532
l 532 531
l 530 533
l 533 534
l 534 532
l 533 535
l 535 536
l 536 534
l 535 529
l 531 536
l 539 537
l 537 538
l 538 540
l 540 539
l 538 541
l 541 542
l 542 540
l 541 543
l 543 544
l 544 542
l 543 537
l 539 544
l 547 545
l 545 546
l 546 548
l 548 547
l 546 549
l 549 550
l 550 548
l 549 551
l 551 552
l 552 550
l 551 545
l 547 552
l 555 553
l 553 554
l 554 556
l 556 555
l 554 557
l 557 558
l 558 556
l 557 559
l 559 560
l 560 558
l 559 553
l 555 560
l 563 561
l 561 562
l 562 564
l 564 563
l 562 565
l 565 566
l 566 564
l 565 567
l 567 568
l 568 566
l 567 561
l 563 568
l 571 569
l 569 570
l 570 572
l 572 571
l 570 573
l 573 574
l 574 572
l 573 575
l 575 576
l 576 574
l 575 569
l 571 576
l 579 577
l 577 578
l 578 580
l 580 579
l 578 581
l 581 582
l 582 580
l 581 583
l 583 584
l 584 582
l 583 577
l 579 584
l 587 585
l 585 586
l 586 588
l 588 587
l 586 589
l 589 590
l 590 588
l 589 591
l 591 592
l 592 590
l 591 585
l 587 592
l 595 593
l 593 594
l 594 596
l 596 595
l 594 597
l 597 598
l 598 596
l 597 599
l 599 600
l 600 598
l 599 593
l 595 600
l 603 601
l 601 602
l 602 604
l 604 603
l 602 605
l 605 606
l 606 604
l 605 607
l 607 608
l 608 606
l 607 601
l 603 608
l 611 609
l 609 610
l 610 612
l 612 611
l 610 613
l 613 614
l 614 612
l 613 615
l 615 616
l 616 614
l 615 609
l 611 616
l 619 617
l 617 618
l 618 620
l 620 619
l 618 621
l 621 622
l 622 620
l 621 623
l 623 624
l 624 622
l 623 617
l 619 624
l 627 625
l 625 626
l 626 628
l 628 627
l 626 629
l 629 630
l 630 628
l 629 631
l 631 632
l 632 630
l 631 625
l 627 632
l 635 633
l 633 634
l 634 636
l 636 635
l 634 637
l 637 638
l 638 636
l 637 639
l 639 640
l 640 638
l 639 633
l 635 640
l 643 641
l 641 642
l 642 644
l 644 643
l 642 645
l 645 646
l 646 644
l 645 647
l 647 648
l 648 646
l 647 641
l 643 648
l 651 649
l 649 650
l 650 652
l 652 651
l 650 653
l 653 654
l 654 652
l 653 655
l 655 656
l 656 654
l 655 649
l 651 656
l 659 657
l 657 658
l 658 660
l 660 659
l 658 661
l 661 662
l 662 660
l 661 663
l 663 664
l 664 662
l 663 657
l 659 664
l 667 665
l 665 666
l 666 668
l 668 667
l 666 669
l 669 670
l 670 668
l 669 671
l 671 672
l 672 670
l 671 665
l 667 672
l 675 673
l 673 674
l 674 676
l 676 675
l 674 677
l 677 678
l 678 676
l 677 679
l 679 680
l 680 678
l 679 673
l 675 680
l 683 681
l 681 682
l 682 684
l 684 683
l 682 685
l 685 686
l 686 684
l 685 687
l 687 688
l 688 686
l 687 681
l 683 688
l 691 689
l 689 690
l 690 692
l 692 691
l 690 693
l 693 694
l 694 692
l 693 695
l 695 696
l 696 694
l 695 689
l 691 696
l 699 697
l 697 698
l 698 700
l 700 699
l 698 701
l 701 702
l 702 700
l 701 703
l 703 704
l 704 702
l 703 697
l 699 704
l 707 705
l 705 706
l 706 708
l 708 707
l 706 709
l 709 710
l 710 708
l 709 711
l 711 712
l 712 710
l 711 705
l 707 712
l 715 713
l 713 714
l 714 716
l 716 715
l 714 717
l 717 718
l 718 716
l 717 719
l 719 720
l 720 718
l 719 713
l 715 720
l 723 721
l 721 722
l 722 724
l 724 723
l 722 725
l 725 726
l 726 724
l 725 727
l 727 728
l 728 726
l 727 721
l 723 728
l 731 729
l 729 730
l 730 732
l 732 731
l 730 733
l 733 734
l 734 732
l 733 735
l 735 736
l 736 734
l 735 729
l 731 736
l 739 737
l 737 738
l 738 740
l 740 739
l 738 741
l 741 742
l 742 740
l 741 743
l 743 744
l 744 742
l 743 737
l 739 744
l 747 745
l 745 746
l 746 748
l 748 747
l 746 749
l 749 750
l 750 748
l 749 751
l 751 752
l 752 750
l 751 745
l 747 752
l 755 753
l 753 754
l 754 756
l 756 755
l 754 757
l 757 758
l 758 756
l 757 759
l 759 760
l 760 758
l 759 753
l 755 760
l 763 761
l 761 762
l 762 764
l 764 763
l 762 765
l 765 766
l 766 764
l 765 767
l 767 768
l 768 766
l 767 761
l 763 768
l 771 769
l 769 770
l 770 772
l 772 771
l 770 773
l 773 774
l 774 772
l 773 775
l 775 776
l 776 774
l 775 769
l 771 776
l 779 777
l 777 778
l 778 780
l 780 779
l 778 781
l 781 782
l 782 780
l 781 783
l 783 784
l 784 782
l 783 777
l 779 784
l 787 785
l 785 786
l 786 788
l 788 787
l 786 789
l 789 790
l 790 788
l 789 791
l 791 792
l 792 790
l 791 785
l 787 792
l 795 793
l 793 794
l 794 796
l 796 795
l 794 797
l 797 798
l 798 796
l 797 799
l 799 800
l 800 798
l 799 793
l 795 800
l 803 801
l 801 802
l 802 804
l 804 803
l 802 805
l 805 806
l 806 804
l 805 807
l 807 808
l 808 806
l 807 801
l 803 808
l 811 809
l 809 810
l 810 812
l 812 811
l 810 813
l 813 814
l 814 812
l 813 815
l 815 816
l 816 814
l 815 809
l 811 816
l 819 817
l 817 818
l 818 820
l 820 819
l 818 821
l 821 822
l 822 820
l 821 823
l 823 824
l 824 822
l 823 817
l 819 824
l 827 825
l 825 826
l 826 828
l 828 827
l 826 829
l 829 830
l 830 828
l 829 831
l 831 832
l 832 830
l 831 825
l 827 832
l 835 833
l 833 834
l 834 836
l 836 835
l 834 837
l 837 838
l 838 836
l 837 839
l 839 840
l 840 838
l 839 833
l 835 840
l 843 841
l 841 842
l 842 844
l 844 843
l 842 845
l 845 846
l 846 844
l 845 847
l 847 848
l 848 846
l 847 841
l 843 848
l 851 849
l 849 850
l 850 852
l 852 851
l 850 853
l 853 854
l 854 852
l 853 855
l 855 856
l 856 854
l 855 849
l 851 856
l 859 857
l 857 858
l 858 860
l 860 859
l 858 861
l 861 862
l 862 860
l 861 863
l 863 864
l 864 862
l 863 857
l 859 864
l 867 865
l 865 866
l 866 868
l 868 867
l 866 869
l 869 870
l 870 868
l 869 871
l 871 872
l 872 870
l 871 865
l 867 872
l 875 873
l 873 874
l 874 876
l 876 875
l 874 877
l 877 878
l 878 876
l 877 879
l 879 880
l 880 878
l 879 873
l 875 880
l 883 881
l 881 882
l 882 884
l 884 883
l 882 885
l 885 886
l 886 884
l 885 887
l 887 888
l 888 886
l 887 881
l 883 888
l 891 889
l 889 890
l 890 892
l 892 891
l 890 893
l 893 894
l 894 892
l 893 895
l 895 896
l 896 894
l 895 889
l 891 896
l 899 897
l 897 898
l 898 900
l 900 899
l 898 901
l 901 902
l 902 900
l 901 903
l 903 904
l 904 902
l 903 897
l 899 904
l 907 905
l 905 906
l 906 908
l 908 907
l 906 909
l 909 910
l 910 908
l 909 911
l 911 912
l 912 910
l 911 905
l 907 912
l 915 913
l 913 914
l 914 916
l 916 915
l 914 917
l 917 918
l 918 916
l 917 919
l 919 920
l 920 918
l 919 913
l 915 920
l 923 921
l 921 922
l 922 924
l 924 923
l 922 925
l 925 926
l 926 924
l 925 927
l 927 928
l 928 926
l 927 921
l 923 928
l 931 929
l 929 930
l 930 932
l 932 931
l 930 933
l 933 934
l 934 932
l 933 935
l 935 936
l 936 934
l 935 929
l 931 936
l 939 937
l 937 938
l 938 940
l 940 939
l 938 941
l 941 942
l 942 940
l 941 943
l 943 944
l 944 942
l 943 937
l 939 944
l 947 945
l 945 946
l 946 948
l 948 947
l 946 949
l 949 950
l 950 948
l 949 951
l 951 952
l 952 950
l 951 945
l 947 952
l 955 953
l 953 954
l 954 956
l 956 955
l 954 957
l 957 958
l 958 956
l 957 959
l 959 960
l 960 958
l 959 953
l 955 960
l 963 961
l 961 962
l 962 964
l 964 963
l 962 965
l 965 966
l 966 964
l 965 967
l 967 968
l 968 966
l 967 961
l 963 968
l 971 969
l 969 970
l 970 972
l 972 971
l 970 973
l 973 974
l 974 972
l 973 975
l 975 976
l 976 974
l 975 969
l 971 976
l 979 977
l 977 978
l 978 980
l 980 979
l 978 981
l 981 982
l 982 980
l 981 983
l 983 984
l 984 982
l 983 977
l 979 984
l 987 985
l 985 986
l 986 988
l 988 987
l 986 989
l 989 990
l 990 988
l 989 991
l 991 992
l 992 990
l 991 985
l 987 992
l 995 993
l 993 994
l 994 996
l 996 995
l 994 997
l 997 998
l 998 996
l 997 999
l 999 1000
l 1000 998
l 999 993
l 995 1000
l 1003 1001
l 1001 1002
l 1002 1004
l 1004 1003
l 1002 1005
l 1005 1006
l 1006 1004
l 1005 1007
l 1007 1008
l 1008 1006
l 1007 1001
l 1003 1008
l 1011 1009
l 1009 1010
l 1010 1012
l 1012 1011
l 1010 1013
l 1013 1014
l 1014 1012
l 1013 1015
l 1015 1016
l 1016 1014
l 1015 1009
l 1011 1016
l 1019 1017
l 1017 1018
l 1018 1020
l 1020 1019
l 1018 1021
l 1021 1022
l 1022 1020
l 1021 1023
l 1023 1024
l 1024 1022
l 1023 1017
l 1019 1024
l 1027 1025
l 1025 1026
l 1026 1028
l 1028 1027
l 1026 1029
l 1029 1030
l 1030 1028
l 1029 1031
l 1031 1032
l 1032 1030
l 1031 1025
l 1027 1032
l 1035 1033
l 1033 1034
l 1034 1036
l 1036 1035
l 1034 1037
l 1037 1038
l 1038 1036
l 1037 1039
l 1039 1040
l 1040 1038
l 1039 1033
l 1035 1040
l 1043 1041
l 1041 1042
l 1042 1044
l 1044 1043
l 1042 1045
l 1045 1046
l 1046 1044
l 1045 1047
l 1047 1048
l 1048 1046
l 1047 1041
l 1043 1048
l 1051 1049
l 1049 1050
l 1050 1052
l 1052 1051
l 1050 1053
l 1053 1054
l 1054 1052
l 1053 1055
l 1055 1056
l 1056 1054
l 1055 1049
l 1051 1056
l 1059 1057
l 1057 1058
l 1058 1060
l 1060 1059
l 1058 1061
l 1061 1062
l 1062 1060
l 1061 1063
l 1063 1064
l 1064 1062
l 1063 1057
l 1059 1064
l 1067 1065
l 1065 1066
l 1066 1068
l 1068 1067
l 1066 1069
l 1069 1070
l 1070 1068
l 1069 1071
l 1071 1072
l 1072 1070
l 1071 1065
l 1067 1072
l 1075 1073
l 1073 1074
l 1074 1076
l 1076 1075
l 1074 1077
l 1077 1078
l 1078 1076
l 1077 1079
l 1079 1080
l 1080 1078
l 1079 1073
l 1075 1080
l 1083 1081
l 1081 1082
l 1082 1084
l 1084 1083
l 1082 1085
l 1085 1086
l 1086 1084
l 1085 1087
l 1087 1088
l 1088 1086
l 1087 1081
l 1083 1088
l 1091 1089
l 1089 1090
l 1090 1092
l 1092 1091
l 1090 1093
l 1093 1094
l 1094 1092
l 1093 1095
l 1095 1096
l 1096 1094
l 1095 1089
l 1091 1096
l 1099 1097
l 1097 1098
l 1098 1100
l 1100 1099
l 1098 1101
l 1101 1102
l 1102 1100
l 1101 1103
l 1103 1104
l 1104 1102
l 1103 1097
l 1099 1104
l 1107 1105
l 1105 1106
l 1106 1108
l 1108 1107
l 1106 1109
l 1109 1110
l 1110 1108
l 1109 1111
l 1111 1112
l 1112 1110
l 1111 1105
l 1107 1112
l 1115 1113
l 1113 1114
l 1114 1116
l 1116 1115
l 1114 1117
l 1117 1118
l 1118 1116
l 1117 1119
l 1119 1120
l 1120 1118
l 1119 1113
l 1115 1120
l 1123 1121
l 1121 1122
l 1122 1124
l 1124 1123
l 1122 1125
l 1125 1126
l 1126 1124
l 1125 1127
l 1127 1128
l 1128 1126
l 1127 1121
l 1123 1128
l 1131 1129
l 1129 1130
l 1130 1132
l 1132 1131
l 1130 1133
l 1133 1134
l 1134 1132
l 1133 1135
l 1135 1136
l 1136 1134
l 1135 1129
l 1131 1136
l 1139 1137
l 1137 1138
l 1138 1140
l 1140 1139
l 1138 1141
l 1141 1142
l 1142 1140
l 1141 1143
l 1143 1144
l 1144 1142
l 1143 1137
l 1139 1144
l 1147 1145
l 1145 1146
l 1146 1148
l 1148 1147
l 1146 1149
l 1149 1150
l 1150 1148
l 1149 1151
l 1151 1152
l 1152 1150
l 1151 1145
l 1147 1152
l 1155 1153
l 1153 1154
l 1154 1156
l 1156 1155
l 1154 1157
l 1157 1158
l 1158 1156
l 1157 1159
l 1159 1160
l 1160 1158
l 1159 1153
l 1155 1160
l 1163 1161
l 1161 1162
l 1162 1164
l 1164 1163
l 1162 1165
l 1165 1166
l 1166 1164
l 1165 1167
l 1167 1168
l 1168 1166
l 1167 1161
l 1163 1168
l 1171 1169
l 1169 1170
l 1170 1172
l 1172 1171
l 1170 1173
l 1173 1174
l 1174 1172
l 1173 1175
l 1175 1176
l 1176 1174
l 1175 1169
l 1171 1176
l 1179 1177
l 1177 1178
l 1178 1180
l 1180 1179
l 1178 1181
l 1181 1182
l 1182 1180
l 1181 1183
l 1183 1184
l 1184 1182
l 1183 1177
l 1179 1184
l 1187 1185
l 1185 1186
l 1186 1188
l 1188 1187
l 1186 1189
l 1189 1190
l 1190 1188
l 1189 1191
l 1191 1192
l 1192 1190
l 1191 1185
l 1187 1192
l 1195 1193
l 1193 1194
l 1194 1196
l 1196 1195
l 1194 1197
l 1197 1198
l 1198 1196
l 1197 1199
l 1199 1200
l 1200 1198
l 1199 1193
l 1195 1200
l 1203 1201
l 1201 1202
l 1202 1204
l 1204 1203
l 1202 1205
l 1205 1206
l 1206 1204
l 1205 1207
l 1207 1208
l 1208 1206
l 1207 1201
l 1203 1208
l 1211 1209
l 1209 1210
l 1210 1212
l 1212 1211
l 1210 1213
l 1213 1214
l 1214 1212
l 1213 1215
l 1215 1216
l 1216 1214
l 1215 1209
l 1211 1216
l 1219 1217
l 1217 1218
l 1218 1220
l 1220 1219
l 1218 1221
l 1221 1222
l 1222 1220
l 1221 1223
l 1223 1224
l 1224 1222
l 1223 1217
l 1219 1224
l 1227 1225
l 1225 1226
l 1226 1228
l 1228 1227
l 1226 1229
l 1229 1230
l 1230 1228
l 1229 1231
l 1231 1232
l 1232 1230
l 1231 1225
l 1227 1232
l 1235 1233
l 1233 1234
l 1234 1236
l 1236 1235
l 1234 1237
l 1237 1238
l 1238 1236
l 1237 1239
l 1239 1240
l 1240 1238
l 1239 1233
l 1235 1240
l 1243 1241
l 1241 1242
l 1242 1244
l 1244 1243
l 1242 1245
l 1245 1246
l 1246 1244
l 1245 1247
l 1247 1248
l 1248 1246
l 1247 1241
l 1243 1248
l 1251 1249
l 1249 1250
l 1250 1252
l 1252 1251
l 1250 1253
l 1253 1254
l 1254 1252
l 1253 1255
l 1255 1256
l 1256 1254
l 1255 1249
l 1251 1256
l 1259 1257
l 1257 1258
l 1258 1260
l 1260 1259
l 1258 1261
l 1261 1262
l 1262 1260
l 1261 1263
l 1263 1264
l 1264 1262
l 1263 1257
l 1259 1264
l 1267 1265
l 1265 1266
l 1266 1268
l 1268 1267
l 1266 1269
l 1269 1270
l 1270 1268
l 1269 1271
l 1271 1272
l 1272 1270
l 1271 1265
l 1267 1272
l 1275 1273
l 1273 1274
l 1274 1276
l 1276 1275
l 1274 1277
l 1277 1278
l 1278 1276
l 1277 1279
l 1279 1280
l 1280 1278
l 1279 1273
l 1275 1280
l 1283 1281
l 1281 1282
l 1282 1284
l 1284 1283
l 1282 1285
l 1285 1286
l 1286 1284
l 1285 1287
l 1287 1288
l 1288 1286
l 1287 1281
l 1283 1288
l 1291 1289
l 1289 1290
l 1290 1292
l 1292 1291
l 1290 1293
l 1293 1294
l 1294 1292
l 1293 1295
l 1295 1296
l 1296 1294
l 1295 1289
l 1291 1296
l 1299 1297
l 1297 1298
l 1298 1300
l 1300 1299
l 1298 1301
l 1301 1302
l 1302 1300
l 1301 1303
l 1303 1304
l 1304 1302
l 1303 1297
l 1299 1304
l 1307 1305
l 1305 1306
l 1306 1308
l 1308 1307
l 1306 1309
l 1309 1310
l 1310 1308
l 1309 1311
l 1311 1312
l 1312 1310
l 1311 1305
l 1307 1312
l 1315 1313
l 1313 1314
l 1314 1316
l 1316 1315
l 1314 1317
l 1317 1318
l 1318 1316
l 1317 1319
l 1319 1320
l 1320 1318
l 1319 1313
l 1315 1320
l 1323 1321
l 1321 1322
l 1322 1324
l 1324 1323
l 1322 1325
l 1325 1326
l 1326 1324
l 1325 1327
l 1327 1328
l 1328 1326
l 1327 1321
l 1323 1328
l 1331 1329
l 1329 1330
l 1330 1332
l 1332 1331
l 1330 1333
l 1333 1334
l 1334 1332
l 1333 1335
l 1335 1336
l 1336 1334
l 1335 1329
l 1331 1336
l 1339 1337
l 1337 1338
l 1338 1340
l 1340 1339
l 1338 1341
l 1341 1342
l 1342 1340
l 1341 1343
l 1343 1344
l 1344 1342
l 1343 1337
l 1339 1344
l 1347 1345
l 1345 1346
l 1346 1348
l 1348 1347
l 1346 1349
l 1349 1350
l 1350 1348
l 1349 1351
l 1351 1352
l 1352 1350
l 1351 1345
l 1347 1352
l 1355 1353
l 1353 1354
l 1354 1356
l 1356 1355
l 1354 1357
l 1357 1358
l 1358 1356
l 1357 1359
l 1359 1360
l 1360 1358
l 1359 1353
l 1355 1360
l 1363 1361
l 1361 1362
l 1362 1364
l 1364 1363
l 1362 1365
l 1365 1366
l 1366 1364
l 1365 1367
l 1367 1368
l 1368 1366
l 1367 1361
l 1363 1368
l 1371 1369
l 1369 1370
l 1370 1372
l 1372 1371
l 1370 1373
l 1373 1374
l 1374 1372
l 1373 1375
l 1375 1376
l 1376 1374
l 1375 1369
l 1371 1376
l 1379 1377
l 1377 1378
l 1378 1380
l 1380 1379
l 1378 1381
l 1381 1382
l 1382 1380
l 1381 1383
l 1383 1384
l 1384 1382
l 1383 1377
l 1379 1384
l 1387 1385
l 1385 1386
l 1386 1388
l 1388 1387
l 1386 1389
l 1389 1390
l 1390 1388
l 1389 1391
l 1391 1392
l 1392 1390
l 1391 1385
l 1387 1392
l 1395 1393
l 1393 1394
l 1394 1396
l 1396 1395
l 1394 1397
l 1397 1398
l 1398 1396
l 1397 1399
l 1399 1400
l 1400 1398
l 1399 1393
l 1395 1400
l 1403 1401
l 1401 1402
l 1402 1404
l 1404 1403
l 1402 1405
l 1405 1406
l 1406 1404
l 1405 1407
l 1407 1408
l 1408 1406
l 1407 1401
l 1403 1408
l 1411 1409
l 1409 1410
l 1410 1412
l 1412 1411
l 1410 1413
l 1413 1414
l 1414 1412
l 1413 1415
l 1415 1416
l 1416 1414
l 1415 1409
l 1411 1416
l 1419 1417
l 1417 1418
l 1418 1420
l 1420 1419
l 1418 1421
l 1421 1422
l 1422 1420
l 1421 1423
l 1423 1424
l 1424 1422
l 1423 1417
l 1419 1424
l 1427 1425
l 1425 1426
l 1426 1428
l 1428 1427
l 1426 1429
l 1429 1430
l 1430 1428
l 1429 1431
l 1431 1432
l 1432 1430
l 1431 1425
l 1427 1432
l 1435 1433
l 1433 1434
l 1434 1436
l 1436 1435
l 1434 1437
l 1437 1438
l 1438 1436
l 1437 1439
l 1439 1440
l 1440 1438
l 1439 1433
l 1435 1440
l 1443 1441
l 1441 1442
l 1442 1444
l 1444 1443
l 1442 1445
l 1445 1446
l 1446 1444
l 1445 1447
l 1447 1448
l 1448 1446
l 1447 1441
l 1443 1448
l 1451 1449
l 1449 1450
l 1450 1452
l 1452 1451
l 1450 1453
l 1453 1454
l 1454 1452
l 1453 1455
l 1455 1456
l 1456 1454
l 1455 1449
l 1451 1456
l 1459 1457
l 1457 1458
l 1458 1460
l 1460 1459
l 1458 1461
l 1461 1462
l 1462 1460
l 1461 1463
l 1463 1464
l 1464 1462
l 1463 1457
l 1459 1464
l 1467 1465
l 1465 1466
l 1466 1468
l 1468 1467
l 1466 1469
l 1469 1470
l 1470 1468
l 1469 1471
l 1471 1472
l 1472 1470
l 1471 1465
l 1467 1472
l 1475 1473
l 1473 1474
l 1474 1476
l 1476 1475
l 1474 1477
l 1477 1478
l 1478 1476
l 1477 1479
l 1479 1480
l 1480 1478
l 1479 1473
l 1475 1480
l 1483 1481
l 1481 1482
l 1482 1484
l 1484 1483
l 1482 1485
l 1485 1486
l 1486 1484
l 1485 1487
l 1487 1488
l 1488 1486
l 1487 1481
l 1483 1488
l 1491 1489
l 1489 1490
l 1490 1492
l 1492 1491
l 1490 1493
l 1493 1494
l 1494 1492
l 1493 1495
l 1495 1496
l 1496 1494
l 1495 1489
l 1491 1496
l 1499 1497
l 1497 1498
l 1498 1500
l 1500 1499
l 1498 1501
l 1501 1502
l 1502 1500
l 1501 1503
l 1503 1504
l 1504 1502
l 1503 1497
l 1499 1504
l 1507 1505
l 1505 1506
l 1506 1508
l 1508 1507
l 1506 1509
l 1509 1510
l 1510 1508
l 1509 1511
l 1511 1512
l 1512 1510
l 1511 1505
l 1507 1512
l 1515 1513
l 1513 1514
l 1514 1516
l 1516 1515
l 1514 1517
l 1517 1518
l 1518 1516
l 1517 1519
l 1519 1520
l 1520 1518
l 1519 1513
l 1515 1520
l 1523 1521
l 1521 1522
l 1522 1524
l 1524 1523
l 1522 1525
l 1525 1526
l 1526 1524
l 1525 1527
l 1527 1528
l 1528 1526
l 1527 1521
l 1523 1528
l 1531 1529
l 1529 1530
l 1530 1532
l 1532 1531
l 1530 1533
l 1533 1534
l 1534 1532
l 1533 1535
l 1535 1536
l 1536 1534
l 1535 1529
l 1531 1536
l 1539 1537
l 1537 1538
l 1538 1540
l 1540 1539
l 1538 1541
l 1541 1542
l 1542 1540
l 1541 1543
l 1543 1544
l 1544 1542
l 1543 1537
l 1539 1544
l 1547 1545
l 1545 1546
l 1546 1548
l 1548 1547
l 1546 1549
l 1549 1550
l 1550 1548
l 1549 1551
l 1551 1552
l 1552 1550
l 1551 1545
l 1547 1552
l 1555 1553
l 1553 1554
l 1554 1556
l 1556 1555
l 1554 1557
l 1557 1558
l 1558 1556
l 1557 1559
l 1559 1560
l 1560 1558
l 1559 1553
l 1555 1560
l 1563 1561
l 1561 1562
l 1562 1564
l 1564 1563
l 1562 1565
l 1565 1566
l 1566 1564
l 1565 1567
l 1567 1568
l 1568 1566
l 1567 1561
l 1563 1568
l 1571 1569
l 1569 1570
l 1570 1572
l 1572 1571
l 1570 1573
l 1573 1574
l 1574 1572
l 1573 1575
l 1575 1576
l 1576 1574
l 1575 1569
l 1571 1576
l 1579 1577
l 1577 1578
l 1578 1580
l 1580 1579
l 1578 1581
l 1581 1582
l 1582 1580
l 1581 1583
l 1583 1584
l 1584 1582
l 1583 1577
l 1579 1584
l 1587 1585
l 1585 1586
l 1586 1588
l 1588 1587
l 1586 1589
l 1589 1590
l 1590 1588
l 1589 1591
l 1591 1592
l 1592 1590
l 1591 1585
l 1587 1592
l 1595 1593
l 1593 1594
l 1594 1596
l 1596 1595
l 1594 1597
l 1597 1598
l 1598 1596
l 1597 1599
l 1599 1600
l 1600 1598
l 1599 1593
l 1595 1600
l 1603 1601
l 1601 1602
l 1602 1604
l 1604 1603
l 1602 1605
l 1605 1606
l 1606 1604
l 1605 1607
l 1607 1608
l 1608 1606
l 1607 1601
l 1603 1608
l 1611 1609
l 1609 1610
l 1610 1612
l 1612 1611
l 1610 1613
l 1613 1614
l 1614 1612
l 1613 1615
l 1615 1616
l 1616 1614
l 1615 1609
l 1611 1616
l 1619 1617
l 1617 1618
l 1618 1620
l 1620 1619
l 1618 1621
l 1621 1622
l 1622 1620
l 1621 1623
l 1623 1624
l 1624 1622
l 1623 1617
l 1619 1624
l 1627 1625
l 1625 1626
l 1626 1628
l 1628 1627
l 1626 1629
l 1629 1630
l 1630 1628
l 1629 1631
l 1631 1632
l 1632 1630
l 1631 1625
l 1627 1632
l 1635 1633
l 1633 1634
l 1634 1636
l 1636 1635
l 1634 1637
l 1637 1638
l 1638 1636
l 1637 1639
l 1639 1640
l 1640 1638
l 1639 1633
l 1635 1640
l 1643 1641
l 1641 1642
l 1642 1644
l 1644 1643
l 1642 1645
l 1645 1646
l 1646 1644
l 1645 1647
l 1647 1648
l 1648 1646
l 1647 1641
l 1643 1648
l 1651 1649
l 1649 1650
l 1650 1652
l 1652 1651
l 1650 1653
l 1653 1654
l 1654 1652
l 1653 1655
l 1655 1656
l 1656 1654
l 1655 1649
l 1651 1656
l 1659 1657
l 1657 1658
l 1658 1660
l 1660 1659
l 1658 1661
l 1661 1662
l 1662 1660
l 1661 1663
l 1663 1664
l 1664 1662
l 1663 1657
l 1659 1664
l 1667 1665
l 1665 1666
l 1666 1668
l 1668 1667
l 1666 1669
l 1669 1670
l 1670 1668
l 1669 1671
l 1671 1672
l 1672 1670
l 1671 1665
l 1667 1672
l 1675 1673
l 1673 1674
l 1674 1676
l 1676 1675
l 1674 1677
l 1677 1678
l 1678 1676
l 1677 1679
l 1679 1680
l 1680 1678
l 1679 1673
l 1675 1680
l 1683 1681
l 1681 1682
l 1682 1684
l 1684 1683
l 1682 1685
l 1685 1686
l 1686 1684
l 1685 1687
l 1687 1688
l 1688 1686
l 1687 1681
l 1683 1688
l 1691 1689
l 1689 1690
l 1690 1692
l 1692 1691
l 1690 1693
l 1693 1694
l 1694 1692
l 1693 1695
l 1695 1696
l 1696 1694
l 1695 1689
l 1691 1696
l 1699 1697
l 1697 1698
l 1698 1700
l 1700 1699
l 1698 1701
l 1701 1702
l 1702 1700
l 1701 1703
l 1703 1704
l 1704 1702
l 1703 1697
l 1699 1704
l 1707 1705
l 1705 1706
l 1706 1708
l 1708 1707
l 1706 1709
l 1709 1710
l 1710 1708
l 1709 1711
l 1711 1712
l 1712 1710
l 1711 1705
l 1707 1712
l 1715 1713
l 1713 1714
l 1714 1716
l 1716 1715
l 1714 1717
l 1717 1718
l 1718 1716
l 1717 1719
l 1719 1720
l 1720 1718
l 1719 1713
l 1715 1720
l 1723 1721
l 1721 1722
l 1722 1724
l 1724 1723
l 1722 1725
l 1725 1726
l 1726 1724
l 1725 1727
l 1727 1728
l 1728 1726
l 1727 1721
l 1723 1728
l 1731 1729
l 1729 1730
l 1730 1732
l 1732 1731
l 1730 1733
l 1733 1734
l 1734 1732
l 1733 1735
l 1735 1736
l 1736 1734
l 1735 1729
l 1731 1736
l 1739 1737
l 1737 1738
l 1738 1740
l 1740 1739
l 1738 1741
l 1741 1742
l 1742 1740
l 1741 1743
l 1743 1744
l 1744 1742
l 1743 1737
l 1739 1744
l 1747 1745
l 1745 1746
l 1746 1748
l 1748 1747
l 1746 1749
l 1749 1750
l 1750 1748
l 1749 1751
l 1751 1752
l 1752 1750
l 1751 1745
l 1747 1752
l 1755 1753
l 1753 1754
l 1754 1756
l 1756 1755
l 1754 1757
l 1757 1758
l 1758 1756
l 1757 1759
l 1759 1760
l 1760 1758
l 1759 1753
l 1755 1760
l 1763 1761
l 1761 1762
l 1762 1764
l 1764 1763
l 1762 1765
l 1765 1766
l 1766 1764
l 1765 1767
l 1767 1768
l 1768 1766
l 1767 1761
l 1763 1768
l 1771 1769
l 1769 1770
l 1770 1772
l 1772 1771
l 1770 1773
l 1773 1774
l 1774 1772
l 1773 1775
l 1775 1776
l 1776 1774
l 1775 1769
l 1771 1776
l 1779 1777
l 1777 1778
l 1778 1780
l 1780 1779
l 1778 1781
l 1781 1782
l 1782 1780
l 1781 1783
l 1783 1784
l 1784 1782
l 1783 1777
l 1779 1784
l 1787 1785
l 1785 1786
l 1786 1788
l 1788 1787
l 1786 1789
l 1789 1790
l 1790 1788
l 1789 1791
l 1791 1792
l 1792 1790
l 1791 1785
l 1787 1792
l 1795 1793
l 1793 1794
l 1794 1796
l 1796 1795
l 1794 1797
l 1797 1798
l 1798 1796
l 1797 1799
l 1799 1800
l 1800 1798
l 1799 1793
l 1795 1800
l 1803 1801
l 1801 1802
l 1802 1804
l 1804 1803
l 1802 1805
l 1805 1806
l 1806 1804
l 1805 1807
l 1807 1808
l 1808 1806
l 1807 1801
l 1803 1808
l 1811 1809
l 1809 1810
l 1810 1812
l 1812 1811
l 1810 1813
l 1813 1814
l 1814 1812
l 1813 1815
l 1815 1816
l 1816 1814
l 1815 1809
l 1811 1816
l 1819 1817
l 1817 1818
l 1818 1820
l 1820 1819
l 1818 1821
l 1821 1822
l 1822 1820
l 1821 1823
l 1823 1824
l 1824 1822
l 1823 1817
l 1819 1824
l 1827 1825
l 1825 1826
l 1826 1828
l 1828 1827
l 1826 1829
l 1829 1830
l 1830 1828
l 1829 1831
l 1831 1832
l 1832 1830
l 1831 1825
l 1827 1832
l 1835 1833
l 1833 1834
l 1834 1836
l 1836 1835
l 1834 1837
l 1837 1838
l 1838 1836
l 1837 1839
l 1839 1840
l 1840 1838
l 1839 1833
l 1835 1840
l 1843 1841
l 1841 1842
l 1842 1844
l 1844 1843
l 1842 1845
l 1845 1846
l 1846 1844
l 1845 1847
l 1847 1848
l 1848 1846
l 1847 1841
l 1843 1848
l 1851 1849
l 1849 1850
l 1850 1852
l 1852 1851
l 1850 1853
l 1853 1854
l 1854 1852
l 1853 1855
l 1855 1856
l 1856 1854
l 1855 1849
l 1851 1856
l 1859 1857
l 1857 1858
l 1858 1860
l 1860 1859
l 1858 1861
l 1861 1862
l 1862 1860
l 1861 1863
l 1863 1864
l 1864 1862
l 1863 1857
l 1859 1864
l 1867 1865
l 1865 1866
l 1866 1868
l 1868 1867
l 1866 1869
l 1869 1870
l 1870 1868
l 1869 1871
l 1871 1872
l 1872 1870
l 1871 1865
l 1867 1872
l 1875 1873
l 1873 1874
l 1874 1876
l 1876 1875
l 1874 1877
l 1877 1878
l 1878 1876
l 1877 1879
l 1879 1880
l 1880 1878
l 1879 1873
l 1875 1880
l 1883 1881
l 1881 1882
l 1882 1884
l 1884 1883
l 1882 1885
l 1885 1886
l 1886 1884
l 1885 1887
l 1887 1888
l 1888 1886
l 1887 1881
l 1883 1888
l 1891 1889
l 1889 1890
l 1890 1892
l 1892 1891
l 1890 1893
l 1893 1894
l 1894 1892
l 1893 1895
l 1895 1896
l 1896 1894
l 1895 1889
l 1891 1896
l 1899 1897
l 1897 1898
l 1898 1900
l 1900 1899
l 1898 1901
l 1901 1902
l 1902 1900
l 1901 1903
l 1903 1904
l 1904 1902
l 1903 1897
l 1899 1904
l 1907 1905
l 1905 1906
l 1906 1908
l 1908 1907
l 1906 1909
l 1909 1910
l 1910 1908
l 1909 1911
l 1911 1912
l 1912 1910
l 1911 1905
l 1907 1912
l 1915 1913
l 1913 1914
l 1914 1916
l 1916 1915
l 1914 1917
l 1917 1918
l 1918 1916
l 1917 1919
l 1919 1920
l 1920 1918
l 1919 1913
l 1915 1920
l 1923 1921
l 1921 1922
l 1922 1924
l 1924 1923
l 1922 1925
l 1925 1926
l 1926 1924
l 1925 1927
l 1927 1928
l 1928 1926
l 1927 1921
l 1923 1928
l 1931 1929
l 1929 1930
l 1930 1932
l 1932 1931
l 1930 1933
l 1933 1934
l 1934 1932
l 1933 1935
l 1935 1936
l 1936 1934
l 1935 1929
l 1931 1936
l 1939 1937
l 1937 1938
l 1938 1940
l 1940 1939
l 1938 1941
l 1941 1942
l 1942 1940
l 1941 1943
l 1943 1944
l 1944 1942
l 1943 1937
l 1939 1944
l 1947 1945
l 1945 1946
l 1946 1948
l 1948 1947
l 1946 1949
l 1949 1950
l 1950 1948
l 1949 1951
l 1951 1952
l 1952 1950
l 1951 1945
l 1947 1952
l 1955 1953
l 1953 1954
l 1954 1956
l 1956 1955
l 1954 1957
l 1957 1958
l 1958 1956
l 1957 1959
l 1959 1960
l 1960 1958
l 1959 1953
l 1955 1960
l 1963 1961
l 1961 1962
l 1962 1964
l 1964 1963
l 1962 1965
l 1965 1966
l 1966 1964
l 1965 1967
l 1967 1968
l 1968 1966
l 1967 1961
l 1963 1968
l 1971 1969
l 1969 1970
l 1970 1972
l 1972 1971
l 1970 1973
l 1973 1974
l 1974 1972
l 1973 1975
l 1975 1976
l 1976 1974
l 1975 1969
l 1971 1976
l 1979 1977
l 1977 1978
l 1978 1980
l 1980 1979
l 1978 1981
l 1981 1982
l 1982 1980
l 1981 1983
l 1983 1984
l 1984 1982
l 1983 1977
l 1979 1984
l 1987 1985
l 1985 1986
l 1986 1988
l 1988 1987
l 1986 1989
l 1989 1990
l 1990 1988
l 1989 1991
l 1991 1992
l 1992 1990
l 1991 1985
l 1987 1992
l 1995 1993
l 1993 1994
l 1994 1996
l 1996 1995
l 1994 1997
l 1997 1998
l 1998 1996
l 1997 1999
l 1999 2000
l 2000 1998
l 1999 1993
l 1995 2000
l 2003 2001
l 2001 2002
l 2002 2004
l 2004 2003
l 2002 2005
l 2005 2006
l 2006 2004
l 2005 2007
l 2007 2008
l 2008 2006
l 2007 2001
l 2003 2008
l 2011 2009
l 2009 2010
l 2010 2012
l 2012 2011
l 2010 2013
l 2013 2014
l 2014 2012
l 2013 2015
l 2015 2016
l 2016 2014
l 2015 2009
l 2011 2016
l 2019 2017
l 2017 2018
l 2018 2020
l 2020 2019
l 2018 2021
l 2021 2022
l 2022 2020
l 2021 2023
l 2023 2024
l 2024 2022
l 2023 2017
l 2019 2024
l 2027 2025
l 2025 2026
l 2026 2028
l 2028 2027
l 2026 2029
l 2029 2030
l 2030 2028
l 2029 2031
l 2031 2032
l 2032 2030
l 2031 2025
l 2027 2032
l 2035 2033
l 2033 2034
l 2034 2036
l 2036 2035
l 2034 2037
l 2037 2038
l 2038 2036
l 2037 2039
l 2039 2040
l 2040 2038
l 2039 2033
l 2035 2040
l 2043 2041
l 2041 2042
l 2042 2044
l 2044 2043
l 2042 2045
l 2045 2046
l 2046 2044
l 2045 2047
l 2047 2048
l 2048 2046
l 2047 2041
l 2043 2048
l 2051 2049
l 2049 2050
l 2050 2052
l 2052 2051
l 2050 2053
l 2053 2054
l 2054 2052
l 2053 2055
l 2055 2056
l 2056 2054
l 2055 2049
l 2051 2056
l 2059 2057
l 2057 2058
l 2058 2060
l 2060 2059
l 2058 2061
l 2061 2062
l 2062 2060
l 2061 2063
l 2063 2064
l 2064 2062
l 2063 2057
l 2059 2064
l 2067 2065
l 2065 2066
l 2066 2068
l 2068 2067
l 2066 2069
l 2069 2070
l 2070 2068
l 2069 2071
l 2071 2072
l 2072 2070
l 2071 2065
l 2067 2072
l 2075 2073
l 2073 2074
l 2074 2076
l 2076 2075
l 2074 2077
l 2077 2078
l 2078 2076
l 2077 2079
l 2079 2080
l 2080 2078
l 2079 2073
l 2075 2080
l 2083 2081
l 2081 2082
l 2082 2084
l 2084 2083
l 2082 2085
l 2085 2086
l 2086 2084
l 2085 2087
l 2087 2088
l 2088 2086
l 2087 2081
l 2083 2088
l 2091 2089
l 2089 2090
l 2090 2092
l 2092 2091
l 2090 2093
l 2093 2094
l 2094 2092
l 2093 2095
l 2095 2096
l 2096 2094
l 2095 2089
l 2091 2096
l 2099 2097
l 2097 2098
l 2098 2100
l 2100 2099
l 2098 2101
l 2101 2102
l 2102 2100
l 2101 2103
l 2103 2104
l 2104 2102
l 2103 2097
l 2099 2104
l 2107 2105
l 2105 2106
l 2106 2108
l 2108 2107
l 2106 2109
l 2109 2110
l 2110 2108
l 2109 2111
l 2111 2112
l 2112 2110
l 2111 2105
l 2107 2112
l 2115 2113
l 2113 2114
l 2114 2116
l 2116 2115
l 2114 2117
l 2117 2118
l 2118 2116
l 2117 2119
l 2119 2120
l 2120 2118
l 2119 2113
l 2115 2120
l 2123 2121
l 2121 2122
l 2122 2124
l 2124 2123
l 2122 2125
l 2125 2126
l 2126 2124
l 2125 2127
l 2127 2128
l 2128 2126
l 2127 2121
l 2123 2128
l 2131 2129
l 2129 2130
l 2130 2132
l 2132 2131
l 2130 2133
l 2133 2134
l 2134 2132
l 2133 2135
l 2135 2136
l 2136 2134
l 2135 2129
l 2131 2136
l 2139 2137
l 2137 2138
l 2138 2140
l 2140 2139
l 2138 2141
l 2141 2142
l 2142 2140
l 2141 2143
l 2143 2144
l 2144 2142
l 2143 2137
l 2139 2144
l 2147 2145
l 2145 2146
l 2146 2148
l 2148 2147
l 2146 2149
l 2149 2150
l 2150 2148
l 2149 2151
l 2151 2152
l 2152 2150
l 2151 2145
l 2147 2152
l 2155 2153
l 2153 2154
l 2154 2156
l 2156 2155
l 2154 2157
l 2157 2158
l 2158 2156
l 2157 2159
l 2159 2160
l 2160 2158
l 2159 2153
l 2155 2160
l 2163 2161
l 2161 2162
l 2162 2164
l 2164 2163
l 2162 2165
l 2165 2166
l 2166 2164
l 2165 2167
l 2167 2168
l 2168 2166
l 2167 2161
l 2163 2168
l 2171 2169
l 2169 2170
l 2170 2172
l 2172 2171
l 2170 2173
l 2173 2174
l 2174 2172
l 2173 2175
l 2175 2176
l 2176 2174
l 2175 2169
l 2171 2176
l 2179 2177
l 2177 2178
l 2178 2180
l 2180 2179
l 2178 2181
l 2181 2182
l 2182 2180
l 2181 2183
l 2183 2184
l 2184 2182
l 2183 2177
l 2179 2184
l 2187 2185
l 2185 2186
l 2186 2188
l 2188 2187
l 2186 2189
l 2189 2190
l 2190 2188
l 2189 2191
l 2191 2192
l 2192 2190
l 2191 2185
l 2187 2192
l 2195 2193
l 2193 2194
l 2194 2196
l 2196 2195
l 2194 2197
l 2197 2198
l 2198 2196
l 2197 2199
l 2199 2200
l 2200 2198
l 2199 2193
l 2195 2200
l 2203 2201
l 2201 2202
l 2202 2204
l 2204 2203
l 2202 2205
l 2205 2206
l 2206 2204
l 2205 2207
l 2207 2208
l 2208 2206
l 2207 2201
l 2203 2208
l 2211 2209
l 2209 2210
l 2210 2212
l 2212 2211
l 2210 2213
l 2213 2214
l 2214 2212
l 2213 2215
l 2215 2216
l 2216 2214
l 2215 2209
l 2211 2216
l 2219 2217
l 2217 2218
l 2218 2220
l 2220 2219
l 2218 2221
l 2221 2222
l 2222 2220
l 2221 2223
l 2223 2224
l 2224 2222
l 2223 2217
l 2219 2224
l 2227 2225
l 2225 2226
l 2226 2228
l 2228 2227
l 2226 2229
l 2229 2230
l 2230 2228
l 2229 2231
l 2231 2232
l 2232 2230
l 2231 2225
l 2227 2232
l 2235 2233
l 2233 2234
l 2234 2236
l 2236 2235
l 2234 2237
l 2237 2238
l 2238 2236
l 2237 2239
l 2239 2240
l 2240 2238
l 2239 2233
l 2235 2240
l 2243 2241
l 2241 2242
l 2242 2244
l 2244 2243
l 2242 2245
l 2245 2246
l 2246 2244
l 2245 2247
l 2247 2248
l 2248 2246
l 2247 2241
l 2243 2248
l 2251 2249
l 2249 2250
l 2250 2252
l 2252 2251
l 2250 2253
l 2253 2254
l 2254 2252
l 2253 2255
l 2255 2256
l 2256 2254
l 2255 2249
l 2251 2256
l 2259 2257
l 2257 2258
l 2258 2260
l 2260 2259
l 2258 2261
l 2261 2262
l 2262 2260
l 2261 2263
l 2263 2264
l 2264 2262
l 2263 2257
l 2259 2264
l 2267 2265
l 2265 2266
l 2266 2268
l 2268 2267
l 2266 2269
l 2269 2270
l 2270 2268
l 2269 2271
l 2271 2272
l 2272 2270
l 2271 2265
l 2267 2272
l 2275 2273
l 2273 2274
l 2274 2276
l 2276 2275
l 2274 2277
l 2277 2278
l 2278 2276
l 2277 2279
l 2279 2280
l 2280 2278
l 2279 2273
l 2275 2280
l 2283 2281
l 2281 2282
l 2282 2284
l 2284 2283
l 2282 2285
l 2285 2286
l 2286 2284
l 2285 2287
l 2287 2288
l 2288 2286
l 2287 2281
l 2283 2288
l 2291 2289
l 2289 2290
l 2290 2292
l 2292 2291
l 2290 2293
l 2293 2294
l 2294 2292
l 2293 2295
l 2295 2296
l 2296 2294
l 2295 2289
l 2291 2296
l 2299 2297
l 2297 2298
l 2298 2300
l 2300 2299
l 2298 2301
l 2301 2302
l 2302 2300
l 2301 2303
l 2303 2304
l 2304 2302
l 2303 2297
l 2299 2304
l 2307 2305
l 2305 2306
l 2306 2308
l 2308 2307
l 2306 2309
l 2309 2310
l 2310 2308
l 2309 2311
l 2311 2312
l 2312 2310
l 2311 2305
l 2307 2312
l 2315 2313
l 2313 2314
l 2314 2316
l 2316 2315
l 2314 2317
l 2317 2318
l 2318 2316
l 2317 2319
l 2319 2320
l 2320 2318
l 2319 2313
l 2315 2320
l 2323 2321
l 2321 2322
l 2322 2324
l 2324 2323
l 2322 2325
l 2325 2326
l 2326 2324
l 2325 2327
l 2327 2328
l 2328 2326
l 2327 2321
l 2323 2328
l 2331 2329
l 2329 2330
l 2330 2332
l 2332 2331
l 2330 2333
l 2333 2334
l 2334 2332
l 2333 2335
l 2335 2336
l 2336 2334
l 2335 2329
l 2331 2336
l 2339 2337
l 2337 2338
l 2338 2340
l 2340 2339
l 2338 2341
l 2341 2342
l 2342 2340
l 2341 2343
l 2343 2344
l 2344 2342
l 2343 2337
l 2339 2344
l 2347 2345
l 2345 2346
l 2346 2348
l 2348 2347
l 2346 2349
l 2349 2350
l 2350 2348
l 2349 2351
l 2351 2352
l 2352 2350
l 2351 2345
l 2347 2352
l 2355 2353
l 2353 2354
l 2354 2356
l 2356 2355
l 2354 2357
l 2357 2358
l 2358 2356
l 2357 2359
l 2359 2360
l 2360 2358
l 2359 2353
l 2355 2360
l 2363 2361
l 2361 2362
l 2362 2364
l 2364 2363
l 2362 2365
l 2365 2366
l 2366 2364
l 2365 2367
l 2367 2368
l 2368 2366
l 2367 2361
l 2363 2368
l 2371 2369
l 2369 2370
l 2370 2372
l 2372 2371
l 2370 2373
l 2373 2374
l 2374 2372
l 2373 2375
l 2375 2376
l 2376 2374
l 2375 2369
l 2371 2376
l 2379 2377
l 2377 2378
l 2378 2380
l 2380 2379
l 2378 2381
l 2381 2382
l 2382 2380
l 2381 2383
l 2383 2384
l 2384 2382
l 2383 2377
l 2379 2384
l 2387 2385
l 2385 2386
l 2386 2388
l 2388 2387
l 2386 2389
l 2389 2390
l 2390 2388
l 2389 2391
l 2391 2392
l 2392 2390
l 2391 2385
l 2387 2392
l 2395 2393
l 2393 2394
l 2394 2396
l 2396 2395
l 2394 2397
l 2397 2398
l 2398 2396
l 2397 2399
l 2399 2400
l 2400 2398
l 2399 2393
l 2395 2400
l 2403 2401
l 2401 2402
l 2402 2404
l 2404 2403
l 2402 2405
l 2405 2406
l 2406 2404
l 2405 2407
l 2407 2408
l 2408 2406
l 2407 2401
l 2403 2408
l 2411 2409
l 2409 2410
l 2410 2412
l 2412 2411
l 2410 2413
l 2413 2414
l 2414 2412
l 2413 2415
l 2415 2416
l 2416 2414
l 2415 2409
l 2411 2416
l 2419 2417
l 2417 2418
l 2418 2420
l 2420 2419
l 2418 2421
l 2421 2422
l 2422 2420
l 2421 2423
l 2423 2424
l 2424 2422
l 2423 2417
l 2419 2424
l 2427 2425
l 2425 2426
l 2426 2428
l 2428 2427
l 2426 2429
l 2429 2430
l 2430 2428
l 2429 2431
l 2431 2432
l 2432 2430
l 2431 2425
l 2427 2432
l 2435 2433
l 2433 2434
l 2434 2436
l 2436 2435
l 2434 2437
l 2437 2438
l 2438 2436
l 2437 2439
l 2439 2440
l 2440 2438
l 2439 2433
l 2435 2440
l 2443 2441
l 2441 2442
l 2442 2444
l 2444 2443
l 2442 2445
l 2445 2446
l 2446 2444
l 2445 2447
l 2447 2448
l 2448 2446
l 2447 2441
l 2443 2448
l 2451 2449
l 2449 2450
l 2450 2452
l 2452 2451
l 2450 2453
l 2453 2454
l 2454 2452
l 2453 2455
l 2455 2456
l 2456 2454
l 2455 2449
l 2451 2456
l 2459 2457
l 2457 2458
l 2458 2460
l 2460 2459
l 2458 2461
l 2461 2462
l 2462 2460
l 2461 2463
l 2463 2464
l 2464 2462
l 2463 2457
l 2459 2464
l 2467 2465
l 2465 2466
l 2466 2468
l 2468 2467
l 2466 2469
l 2469 2470
l 2470 2468
l 2469 2471
l 2471 2472
l 2472 2470
l 2471 2465
l 2467 2472
l 2475 2473
l 2473 2474
l 2474 2476
l 2476 2475
l 2474 2477
l 2477 2478
l 2478 2476
l 2477 2479
l 2479 2480
l 2480 2478
l 2479 2473
l 2475 2480
l 2483 2481
l 2481 2482
l 2482 2484
l 2484 2483
l 2482 2485
l 2485 2486
l 2486 2484
l 2485 2487
l 2487 2488
l 2488 2486
l 2487 2481
l 2483 2488
l 2491 2489
l 2489 2490
l 2490 2492
l 2492 2491
l 2490 2493
l 2493 2494
l 2494 2492
l 2493 2495
l 2495 2496
l 2496 2494
l 2495 2489
l 2491 2496
l 2499 2497
l 2497 2498
l 2498 2500
l 2500 2499
l 2498 2501
l 2501 2502
l 2502 2500
l 2501 2503
l 2503 2504
l 2504 2502
l 2503 2497
l 2499 2504
l 2507 2505
l 2505 2506
l 2506 2508
l 2508 2507
l 2506 2509
l 2509 2510
l 2510 2508
l 2509 2511
l 2511 2512
l 2512 2510
l 2511 2505
l 2507 2512
l 2515 2513
l 2513 2514
l 2514 2516
l 2516 2515
l 2514 2517
l 2517 2518
l 2518 2516
l 2517 2519
l 2519 2520
l 2520 2518
l 2519 2513
l 2515 2520
l 2523 2521
l 2521 2522
l 2522 2524
l 2524 2523
l 2522 2525
l 2525 2526
l 2526 2524
l 2525 2527
l 2527 2528
l 2528 2526
l 2527 2521
l 2523 2528
l 2531 2529
l 2529 2530
l 2530 2532
l 2532 2531
l 2530 2533
l 2533 2534
l 2534 2532
l 2533 2535
l 2535 2536
l 2536 2534
l 2535 2529
l 2531 2536
l 2539 2537
l 2537 2538
l 2538 2540
l 2540 2539
l 2538 2541
l 2541 2542
l 2542 2540
l 2541 2543
l 2543 2544
l 2544 2542
l 2543 2537
l 2539 2544
l 2547 2545
l 2545 2546
l 2546 2548
l 2548 2547
l 2546 2549
l 2549 2550
l 2550 2548
l 2549 2551
l 2551 2552
l 2552 2550
l 2551 2545
l 2547 2552
l 2555 2553
l 2553 2554
l 2554 2556
l 2556 2555
l 2554 2557
l 2557 2558
l 2558 2556
l 2557 2559
l 2559 2560
l 2560 2558
l 2559 2553
l 2555 2560
l 2563 2561
l 2561 2562
l 2562 2564
l 2564 2563
l 2562 2565
l 2565 2566
l 2566 2564
l 2565 2567
l 2567 2568
l 2568 2566
l 2567 2561
l 2563 2568
l 2571 2569
l 2569 2570
l 2570 2572
l 2572 2571
l 2570 2573
l 2573 2574
l 2574 2572
l 2573 2575
l 2575 2576
l 2576 2574
l 2575 2569
l 2571 2576
l 2579 2577
l 2577 2578
l 2578 2580
l 2580 2579
l 2578 2581
l 2581 2582
l 2582 2580
l 2581 2583
l 2583 2584
l 2584 2582
l 2583 2577
l 2579 2584
l 2587 2585
l 2585 2586
l 2586 2588
l 2588 2587
l 2586 2589
l 2589 2590
l 2590 2588
l 2589 2591
l 2591 2592
l 2592 2590
l 2591 2585
l 2587 2592
l 2595 2593
l 2593 2594
l 2594 2596
l 2596 2595
l 2594 2597
l 2597 2598
l 2598 2596
l 2597 2599
l 2599 2600
l 2600 2598
l 2599 2593
l 2595 2600
l 2603 2601
l 2601 2602
l 2602 2604
l 2604 2603
l 2602 2605
l 2605 2606
l 2606 2604
l 2605 2607
l 2607 2608
l 2608 2606
l 2607 2601
l 2603 2608
l 2611 2609
l 2609 2610
l 2610 2612
l 2612 2611
l 2610 2613
l 2613 2614
l 2614 2612
l 2613 2615
l 2615 2616
l 2616 2614
l 2615 2609
l 2611 2616
l 2619 2617
l 2617 2618
l 2618 2620
l 2620 2619
l 2618 2621
l 2621 2622
l 2622 2620
l 2621 2623
l 2623 2624
l 2624 2622
l 2623 2617
l 2619 2624
l 2627 2625
l 2625 2626
l 2626 2628
l 2628 2627
l 2626 2629
l 2629 2630
l 2630 2628
l 2629 2631
l 2631 2632
l 2632 2630
l 2631 2625
l 2627 2632
l 2635 2633
l 2633 2634
l 2634 2636
l 2636 2635
l 2634 2637
l 2637 2638
l 2638 2636
l 2637 2639
l 2639 2640
l 2640 2638
l 2639 2633
l 2635 2640
l 2643 2641
l 2641 2642
l 2642 2644
l 2644 2643
l 2642 2645
l 2645 2646
l 2646 2644
l 2645 2647
l 2647 2648
l 2648 2646
l 2647 2641
l 2643 2648
l 2651 2649
l 2649 2650
l 2650 2652
l 2652 2651
l 2650 2653
l 2653 2654
l 2654 2652
l 2653 2655
l 2655 2656
l 2656 2654
l 2655 2649
l 2651 2656
l 2659 2657
l 2657 2658
l 2658 2660
l 2660 2659
l 2658 2661
l 2661 2662
l 2662 2660
l 2661 2663
l 2663 2664
l 2664 2662
l 2663 2657
l 2659 2664
l 2667 2665
l 2665 2666
l 2666 2668
l 2668 2667
l 2666 2669
l 2669 2670
l 2670 2668
l 2669 2671
l 2671 2672
l 2672 2670
l 2671 2665
l 2667 2672
l 2675 2673
l 2673 2674
l 2674 2676
l 2676 2675
l 2674 2677
l 2677 2678
l 2678 2676
l 2677 2679
l 2679 2680
l 2680 2678
l 2679 2673
l 2675 2680
l 2683 2681
l 2681 2682
l 2682 2684
l 2684 2683
l 2682 2685
l 2685 2686
l 2686 2684
l 2685 2687
l 2687 2688
l 2688 2686
l 2687 2681
l 2683 2688
l 2691 2689
l 2689 2690
l 2690 2692
l 2692 2691
l 2690 2693
l 2693 2694
l 2694 2692
l 2693 2695
l 2695 2696
l 2696 2694
l 2695 2689
l 2691 2696
l 2699 2697
l 2697 2698
l 2698 2700
l 2700 2699
l 2698 2701
l 2701 2702
l 2702 2700
l 2701 2703
l 2703 2704
l 2704 2702
l 2703 2697
l 2699 2704
l 2707 2705
l 2705 2706
l 2706 2708
l 2708 2707
l 2706 2709
l 2709 2710
l 2710 2708
l 2709 2711
l 2711 2712
l 2712 2710
l 2711 2705
l 2707 2712
l 2715 2713
l 2713 2714
l 2714 2716
l 2716 2715
l 2714 2717
l 2717 2718
l 2718 2716
l 2717 2719
l 2719 2720
l 2720 2718
l 2719 2713
l 2715 2720
l 2723 2721
l 2721 2722
l 2722 2724
l 2724 2723
l 2722 2725
l 2725 2726
l 2726 2724
l 2725 2727
l 2727 2728
l 2728 2726
l 2727 2721
l 2723 2728
l 2731 2729
l 2729 2730
l 2730 2732
l 2732 2731
l 2730 2733
l 2733 2734
l 2734 2732
l 2733 2735
l 2735 2736
l 2736 2734
l 2735 2729
l 2731 2736
l 2739 2737
l 2737 2738
l 2738 2740
l 2740 2739
l 2738 2741
l 2741 2742
l 2742 2740
l 2741 2743
l 2743 2744
l 2744 2742
l 2743 2737
l 2739 2744
l 2747 2745
l 2745 2746
l 2746 2748
l 2748 2747
l 2746 2749
l 2749 2750
l 2750 2748
l 2749 2751
l 2751 2752
l 2752 2750
l 2751 2745
l 2747 2752
l 2755 2753
l 2753 2754
l 2754 2756
l 2756 2755
l 2754 2757
l 2757 2758
l 2758 2756
l 2757 2759
l 2759 2760
l 2760 2758
l 2759 2753
l 2755 2760
l 2763 2761
l 2761 2762
l 2762 2764
l 2764 2763
l 2762 2765
l 2765 2766
l 2766 2764
l 2765 2767
l 2767 2768
l 2768 2766
l 2767 2761
l 2763 2768
l 2771 2769
l 2769 2770
l 2770 2772
l 2772 2771
l 2770 2773
l 2773 2774
l 2774 2772
l 2773 2775
l 2775 2776
l 2776 2774
l 2775 2769
l 2771 2776
l 2779 2777
l 2777 2778
l 2778 2780
l 2780 2779
l 2778 2781
l 2781 2782
l 2782 2780
l 2781 2783
l 2783 2784
l 2784 2782
l 2783 2777
l 2779 2784
l 2787 2785
l 2785 2786
l 2786 2788
l 2788 2787
l 2786 2789
l 2789 2790
l 2790 2788
l 2789 2791
l 2791 2792
l 2792 2790
l 2791 2785
l 2787 2792
l 2795 2793
l 2793 2794
l 2794 2796
l 2796 2795
l 2794 2797
l 2797 2798
l 2798 2796
l 2797 2799
l 2799 2800
l 2800 2798
l 2799 2793
l 2795 2800
l 2803 2801
l 2801 2802
l 2802 2804
l 2804 2803
l 2802 2805
l 2805 2806
l 2806 2804
l 2805 2807
l 2807 2808
l 2808 2806
l 2807 2801
l 2803 2808
l 2811 2809
l 2809 2810
l 2810 2812
l 2812 2811
l 2810 2813
l 2813 2814
l 2814 2812
l 2813 2815
l 2815 2816
l 2816 2814
l 2815 2809
l 2811 2816
l 2819 2817
l 2817 2818
l 2818 2820
l 2820 2819
l 2818 2821
l 2821 2822
l 2822 2820
l 2821 2823
l 2823 2824
l 2824 2822
l 2823 2817
l 2819 2824
l 2827 2825
l 2825 2826
l 2826 2828
l 2828 2827
l 2826 2829
l 2829 2830
l 2830 2828
l 2829 2831
l 2831 2832
l 2832 2830
l 2831 2825
l 2827 2832
l 2835 2833
l 2833 2834
l 2834 2836
l 2836 2835
l 2834 2837
l 2837 2838
l 2838 2836
l 2837 2839
l 2839 2840
l 2840 2838
l 2839 2833
l 2835 2840
l 2843 2841
l 2841 2842
l 2842 2844
l 2844 2843
l 2842 2845
l 2845 2846
l 2846 2844
l 2845 2847
l 2847 2848
l 2848 2846
l 2847 2841
l 2843 2848
l 2851 2849
l 2849 2850
l 2850 2852
l 2852 2851
l 2850 2853
l 2853 2854
l 2854 2852
l 2853 2855
l 2855 2856
l 2856 2854
l 2855 2849
l 2851 2856
l 2859 2857
l 2857 2858
l 2858 2860
l 2860 2859
l 2858 2861
l 2861 2862
l 2862 2860
l 2861 2863
l 2863 2864
l 2864 2862
l 2863 2857
l 2859 2864
l 2867 2865
l 2865 2866
l 2866 2868
l 2868 2867
l 2866 2869
l 2869 2870
l 2870 2868
l 2869 2871
l 2871 2872
l 2872 2870
l 2871 2865
l 2867 2872
l 2875 2873
l 2873 2874
l 2874 2876
l 2876 2875
l 2874 2877
l 2877 2878
l 2878 2876
l 2877 2879
l 2879 2880
l 2880 2878
l 2879 2873
l 2875 2880
l 2883 2881
l 2881 2882
l 2882 2884
l 2884 2883
l 2882 2885
l 2885 2886
l 2886 2884
l 2885 2887
l 2887 2888
l 2888 2886
l 2887 2881
l 2883 2888
l 2891 2889
l 2889 2890
l 2890 2892
l 2892 2891
l 2890 2893
l 2893 2894
l 2894 2892
l 2893 2895
l 2895 2896
l 2896 2894
l 2895 2889
l 2891 2896
l 2899 2897
l 2897 2898
l 2898 2900
l 2900 2899
l 2898 2901
l 2901 2902
l 2902 2900
l 2901 2903
l 2903 2904
l 2904 2902
l 2903 2897
l 2899 2904
l 2907 2905
l 2905 2906
l 2906 2908
l 2908 2907
l 2906 2909
l 2909 2910
l 2910 2908
l 2909 2911
l 2911 2912
l 2912 2910
l 2911 2905
l 2907 2912
l 2915 2913
l 2913 2914
l 2914 2916
l 2916 2915
l 2914 2917
l 2917 2918
l 2918 2916
l 2917 2919
l 2919 2920
l 2920 2918
l 2919 2913
l 2915 2920
l 2923 2921
l 2921 2922
l 2922 2924
l 2924 2923
l 2922 2925
l 2925 2926
l 2926 2924
l 2925 2927
l 2927 2928
l 2928 2926
l 2927 2921
l 2923 2928
l 2931 2929
l 2929 2930
l 2930 2932
l 2932 2931
l 2930 2933
l 2933 2934
l 2934 2932
l 2933 2935
l 2935 2936
l 2936 2934
l 2935 2929
l 2931 2936
l 2939 2937
l 2937 2938
l 2938 2940
l 2940 2939
l 2938 2941
l 2941 2942
l 2942 2940
l 2941 2943
l 2943 2944
l 2944 2942
l 2943 2937
l 2939 2944
l 2947 2945
l 2945 2946
l 2946 2948
l 2948 2947
l 2946 2949
l 2949 2950
l 2950 2948
l 2949 2951
l 2951 2952
l 2952 2950
l 2951 2945
l 2947 2952
l 2955 2953
l 2953 2954
l 2954 2956
l 2956 2955
l 2954 2957
l 2957 2958
l 2958 2956
l 2957 2959
l 2959 2960
l 2960 2958
l 2959 2953
l 2955 2960
l 2963 2961
l 2961 2962
l 2962 2964
l 2964 2963
l 2962 2965
l 2965 2966
l 2966 2964
l 2965 2967
l 2967 2968
l 2968 2966
l 2967 2961
l 2963 2968
l 2971 2969
l 2969 2970
l 2970 2972
l 2972 2971
l 2970 2973
l 2973 2974
l 2974 2972
l 2973 2975
l 2975 2976
l 2976 2974
l 2975 2969
l 2971 2976
l 2979 2977
l 2977 2978
l 2978 2980
l 2980 2979
l 2978 2981
l 2981 2982
l 2982 2980
l 2981 2983
l 2983 2984
l 2984 2982
l 2983 2977
l 2979 2984
l 2987 2985
l 2985 2986
l 2986 2988
l 2988 2987
l 2986 2989
l 2989 2990
l 2990 2988
l 2989 2991
l 2991 2992
l 2992 2990
l 2991 2985
l 2987 2992
l 2995 2993
l 2993 2994
l 2994 2996
l 2996 2995
l 2994 2997
l 2997 2998
l 2998 2996
l 2997 2999
l 2999 3000
l 3000 2998
l 2999 2993
l 2995 3000
l 3003 3001
l 3001 3002
l 3002 3004
l 3004 3003
l 3002 3005
l 3005 3006
l 3006 3004
l 3005 3007
l 3007 3008
l 3008 3006
l 3007 3001
l 3003 3008
l 3011 3009
l 3009 3010
l 3010 3012
l 3012 3011
l 3010 3013
l 3013 3014
l 3014 3012
l 3013 3015
l 3015 3016
l 3016 3014
l 3015 3009
l 3011 3016
l 3019 3017
l 3017 3018
l 3018 3020
l 3020 3019
l 3018 3021
l 3021 3022
l 3022 3020
l 3021 3023
l 3023 3024
l 3024 3022
l 3023 3017
l 3019 3024
l 3027 3025
l 3025 3026
l 3026 3028
l 3028 3027
l 3026 3029
l 3029 3030
l 3030 3028
l 3029 3031
l 3031 3032
l 3032 3030
l 3031 3025
l 3027 3032
l 3035 3033
l 3033 3034
l 3034 3036
l 3036 3035
l 3034 3037
l 3037 3038
l 3038 3036
l 3037 3039
l 3039 3040
l 3040 3038
l 3039 3033
l 3035 3040
l 3043 3041
l 3041 3042
l 3042 3044
l 3044 3043
l 3042 3045
l 3045 3046
l 3046 3044
l 3045 3047
l 3047 3048
l 3048 3046
l 3047 3041
l 3043 3048
l 3051 3049
l 3049 3050
l 3050 3052
l 3052 3051
l 3050 3053
l 3053 3054
l 3054 3052
l 3053 3055
l 3055 3056
l 3056 3054
l 3055 3049
l 3051 3056
l 3059 3057
l 3057 3058
l 3058 3060
l 3060 3059
l 3058 3061
l 3061 3062
l 3062 3060
l 3061 3063
l 3063 3064
l 3064 3062
l 3063 3057
l 3059 3064
l 3067 3065
l 3065 3066
l 3066 3068
l 3068 3067
l 3066 3069
l 3069 3070
l 3070 3068
l 3069 3071
l 3071 3072
l 3072 3070
l 3071 3065
l 3067 3072
l 3075 3073
l 3073 3074
l 3074 3076
l 3076 3075
l 3074 3077
l 3077 3078
l 3078 3076
l 3077 3079
l 3079 3080
l 3080 3078
l 3079 3073
l 3075 3080
l 3083 3081
l 3081 3082
l 3082 3084
l 3084 3083
l 3082 3085
l 3085 3086
l 3086 3084
l 3085 3087
l 3087 3088
l 3088 3086
l 3087 3081
l 3083 3088
l 3091 3089
l 3089 3090
l 3090 3092
l 3092 3091
l 3090 3093
l 3093 3094
l 3094 3092
l 3093 3095
l 3095 3096
l 3096 3094
l 3095 3089
l 3091 3096
l 3099 3097
l 3097 3098
l 3098 3100
l 3100 3099
l 3098 3101
l 3101 3102
l 3102 3100
l 3101 3103
l 3103 3104
l 3104 3102
l 3103 3097
l 3099 3104
l 3107 3105
l 3105 3106
l 3106 3108
l 3108 3107
l 3106 3109
l 3109 3110
l 3110 3108
l 3109 3111
l 3111 3112
l 3112 3110
l 3111 3105
l 3107 3112
l 3115 3113
l 3113 3114
l 3114 3116
l 3116 3115
l 3114 3117
l 3117 3118
l 3118 3116
l 3117 3119
l 3119 3120
l 3120 3118
l 3119 3113
l 3115 3120
l 3123 3121
l 3121 3122
l 3122 3124
l 3124 3123
l 3122 3125
l 3125 3126
l 3126 3124
l 3125 3127
l 3127 3128
l 3128 3126
l 3127 3121
l 3123 3128
l 3131 3129
l 3129 3130
l 3130 3132
l 3132 3131
l 3130 3133
l 3133 3134
l 3134 3132
l 3133 3135
l 3135 3136
l 3136 3134
l 3135 3129
l 3131 3136
l 3139 3137
l 3137 3138
l 3138 3140
l 3140 3139
l 3138 3141
l 3141 3142
l 3142 3140
l 3141 3143
l 3143 3144
l 3144 3142
l 3143 3137
l 3139 3144
l 3147 3145
l 3145 3146
l 3146 3148
l 3148 3147
l 3146 3149
l 3149 3150
l 3150 3148
l 3149 3151
l 3151 3152
l 3152 3150
l 3151 3145
l 3147 3152
l 3155 3153
l 3153 3154
l 3154 3156
l 3156 3155
l 3154 3157
l 3157 3158
l 3158 3156
l 3157 3159
l 3159 3160
l 3160 3158
l 3159 3153
l 3155 3160
l 3163 3161
l 3161 3162
l 3162 3164
l 3164 3163
l 3162 3165
l 3165 3166
l 3166 3164
l 3165 3167
l 3167 3168
l 3168 3166
l 3167 3161
l 3163 3168
l 3171 3169
l 3169 3170
l 3170 3172
l 3172 3171
l 3170 3173
l 3173 3174
l 3174 3172
l 3173 3175
l 3175 3176
l 3176 3174
l 3175 3169
l 3171 3176
l 3179 3177
l 3177 3178
l 3178 3180
l 3180 3179
l 3178 3181
l 3181 3182
l 3182 3180
l 3181 3183
l 3183 3184
l 3184 3182
l 3183 3177
l 3179 3184
l 3187 3185
l 3185 3186
l 3186 3188
l 3188 3187
l 3186 3189
l 3189 3190
l 3190 3188
l 3189 3191
l 3191 3192
l 3192 3190
l 3191 3185
l 3187 3192
l 3195 3193
l 3193 3194
l 3194 3196
l 3196 3195
l 3194 3197
l 3197 3198
l 3198 3196
l 3197 3199
l 3199 3200
l 3200 3198
l 3199 3193
l 3195 3200
l 3203 3201
l 3201 3202
l 3202 3204
l 3204 3203
l 3202 3205
l 3205 3206
l 3206 3204
l 3205 3207
l 3207 3208
l 3208 3206
l 3207 3201
l 3203 3208
l 3211 3209
l 3209 3210
l 3210 3212
l 3212 3211
l 3210 3213
l 3213 3214
l 3214 3212
l 3213 3215
l 3215 3216
l 3216 3214
l 3215 3209
l 3211 3216
l 3219 3217
l 3217 3218
l 3218 3220
l 3220 3219
l 3218 3221
l 3221 3222
l 3222 3220
l 3221 3223
l 3223 3224
l 3224 3222
l 3223 3217
l 3219 3224
l 3227 3225
l 3225 3226
l 3226 3228
l 3228 3227
l 3226 3229
l 3229 3230
l 3230 3228
l 3229 3231
l 3231 3232
l 3232 3230
l 3231 3225
l 3227 3232
l 3235 3233
l 3233 3234
l 3234 3236
l 3236 3235
l 3234 3237
l 3237 3238
l 3238 3236
l 3237 3239
l 3239 3240
l 3240 3238
l 3239 3233
l 3235 3240
l 3243 3241
l 3241 3242
l 3242 3244
l 3244 3243
l 3242 3245
l 3245 3246
l 3246 3244
l 3245 3247
l 3247 3248
l 3248 3246
l 3247 3241
l 3243 3248
l 3251 3249
l 3249 3250
l 3250 3252
l 3252 3251
l 3250 3253
l 3253 3254
l 3254 3252
l 3253 3255
l 3255 3256
l 3256 3254
l 3255 3249
l 3251 3256
l 3259 3257
l 3257 3258
l 3258 3260
l 3260 3259
l 3258 3261
l 3261 3262
l 3262 3260
l 3261 3263
l 3263 3264
l 3264 3262
l 3263 3257
l 3259 3264
l 3267 3265
l 3265 3266
l 3266 3268
l 3268 3267
l 3266 3269
l 3269 3270
l 3270 3268
l 3269 3271
l 3271 3272
l 3272 3270
l 3271 3265
l 3267 3272
l 3275 3273
l 3273 3274
l 3274 3276
l 3276 3275
l 3274 3277
l 3277 3278
l 3278 3276
l 3277 3279
l 3279 3280
l 3280 3278
l 3279 3273
l 3275 3280
l 3283 3281
l 3281 3282
l 3282 3284
l 3284 3283
l 3282 3285
l 3285 3286
l 3286 3284
l 3285 3287
l 3287 3288
l 3288 3286
l 3287 3281
l 3283 3288
l 3291 3289
l 3289 3290
l 3290 3292
l 3292 3291
l 3290 3293
l 3293 3294
l 3294 3292
l 3293 3295
l 3295 3296
l 3296 3294
l 3295 3289
l 3291 3296
l 3299 3297
l 3297 3298
l 3298 3300
l 3300 3299
l 3298 3301
l 3301 3302
l 3302 3300
l 3301 3303
l 3303 3304
l 3304 3302
l 3303 3297
l 3299 3304
l 3307 3305
l 3305 3306
l 3306 3308
l 3308 3307
l 3306 3309
l 3309 3310
l 3310 3308
l 3309 3311
l 3311 3312
l 3312 3310
l 3311 3305
l 3307 3312
l 3315 3313
l 3313 3314
l 3314 3316
l 3316 3315
l 3314 3317
l 3317 3318
l 3318 3316
l 3317 3319
l 3319 3320
l 3320 3318
l 3319 3313
l 3315 3320
l 3323 3321
l 3321 3322
l 3322 3324
l 3324 3323
l 3322 3325
l 3325 3326
l 3326 3324
l 3325 3327
l 3327 3328
l 3328 3326
l 3327 3321
l 3323 3328
l 3331 3329
l 3329 3330
l 3330 3332
l 3332 3331
l 3330 3333
l 3333 3334
l 3334 3332
l 3333 3335
l 3335 3336
l 3336 3334
l 3335 3329
l 3331 3336
l 3339 3337
l 3337 3338
l 3338 3340
l 3340 3339
l 3338 3341
l 3341 3342
l 3342 3340
l 3341 3343
l 3343 3344
l 3344 3342
l 3343 3337
l 3339 3344
l 3347 3345
l 3345 3346
l 3346 3348
l 3348 3347
l 3346 3349
l 3349 3350
l 3350 3348
l 3349 3351
l 3351 3352
l 3352 3350
l 3351 3345
l 3347 3352
l 3355 3353
l 3353 3354
l 3354 3356
l 3356 3355
l 3354 3357
l 3357 3358
l 3358 3356
l 3357 3359
l 3359 3360
l 3360 3358
l 3359 3353
l 3355 3360
l 3363 3361
l 3361 3362
l 3362 3364
l 3364 3363
l 3362 3365
l 3365 3366
l 3366 3364
l 3365 3367
l 3367 3368
l 3368 3366
l 3367 3361
l 3363 3368
l 3371 3369
l 3369 3370
l 3370 3372
l 3372 3371
l 3370 3373
l 3373 3374
l 3374 3372
l 3373 3375
l 3375 3376
l 3376 3374
l 3375 3369
l 3371 3376
l 3379 3377
l 3377 3378
l 3378 3380
l 3380 3379
l 3378 3381
l 3381 3382
l 3382 3380
l 3381 3383
l 3383 3384
l 3384 3382
l 3383 3377
l 3379 3384
l 3387 3385
l 3385 3386
l 3386 3388
l 3388 3387
l 3386 3389
l 3389 3390
l 3390 3388
l 3389 3391
l 3391 3392
l 3392 3390
l 3391 3385
l 3387 3392
l 3395 3393
l 3393 3394
l 3394 3396
l 3396 3395
l 3394 3397
l 3397 3398
l 3398 3396
l 3397 3399
l 3399 3400
l 3400 3398
l 3399 3393
l 3395 3400
l 3403 3401
l 3401 3402
l 3402 3404
l 3404 3403
l 3402 3405
l 3405 3406
l 3406 3404
l 3405 3407
l 3407 3408
l 3408 3406
l 3407 3401
l 3403 3408
l 3411 3409
l 3409 3410
l 3410 3412
l 3412 3411
l 3410 3413
l 3413 3414
l 3414 3412
l 3413 3415
l 3415 3416
l 3416 3414
l 3415 3409
l 3411 3416
l 3419 3417
l 3417 3418
l 3418 3420
l 3420 3419
l 3418 3421
l 3421 3422
l 3422 3420
l 3421 3423
l 3423 3424
l 3424 3422
l 3423 3417
l 3419 3424
l 3427 3425
l 3425 3426
l 3426 3428
l 3428 3427
l 3426 3429
l 3429 3430
l 3430 3428
l 3429 3431
l 3431 3432
l 3432 3430
l 3431 3425
l 3427 3432
l 3435 3433
l 3433 3434
l 3434 3436
l 3436 3435
l 3434 3437
l 3437 3438
l 3438 3436
l 3437 3439
l 3439 3440
l 3440 3438
l 3439 3433
l 3435 3440
l 3443 3441
l 3441 3442
l 3442 3444
l 3444 3443
l 3442 3445
l 3445 3446
l 3446 3444
l 3445 3447
l 3447 3448
l 3448 3446
l 3447 3441
l 3443 3448
l 3451 3449
l 3449 3450
l 3450 3452
l 3452 3451
l 3450 3453
l 3453 3454
l 3454 3452
l 3453 3455
l 3455 3456
l 3456 3454
l 3455 3449
l 3451 3456
l 3459 3457
l 3457 3458
l 3458 3460
l 3460 3459
l 3458 3461
l 3461 3462
l 3462 3460
l 3461 3463
l 3463 3464
l 3464 3462
l 3463 3457
l 3459 3464
l 3467 3465
l 3465 3466
l 3466 3468
l 3468 3467
l 3466 3469
l 3469 3470
l 3470 3468
l 3469 3471
l 3471 3472
l 3472 3470
l 3471 3465
l 3467 3472
l 3475 3473
l 3473 3474
l 3474 3476
l 3476 3475
l 3474 3477
l 3477 3478
l 3478 3476
l 3477 3479
l 3479 3480
l 3480 3478
l 3479 3473
l 3475 3480
l 3483 3481
l 3481 3482
l 3482 3484
l 3484 3483
l 3482 3485
l 3485 3486
l 3486 3484
l 3485 3487
l 3487 3488
l 3488 3486
l 3487 3481
l 3483 3488
l 3491 3489
l 3489 3490
l 3490 3492
l 3492 3491
l 3490 3493
l 3493 3494
l 3494 3492
l 3493 3495
l 3495 3496
l 3496 3494
l 3495 3489
l 3491 3496
l 3499 3497
l 3497 3498
l 3498 3500
l 3500 3499
l 3498 3501
l 3501 3502
l 3502 3500
l 3501 3503
l 3503 3504
l 3504 3502
l 3503 3497
l 3499 3504
l 3507 3505
l 3505 3506
l 3506 3508
l 3508 3507
l 3506 3509
l 3509 3510
l 3510 3508
l 3509 3511
l 3511 3512
l 3512 3510
l 3511 3505
l 3507 3512
l 3515 3513
l 3513 3514
l 3514 3516
l 3516 3515
l 3514 3517
l 3517 3518
l 3518 3516
l 3517 3519
l 3519 3520
l 3520 3518
l 3519 3513
l 3515 3520
l 3523 3521
l 3521 3522
l 3522 3524
l 3524 3523
l 3522 3525
l 3525 3526
l 3526 3524
l 3525 3527
l 3527 3528
l 3528 3526
l 3527 3521
l 3523 3528
l 3531 3529
l 3529 3530
l 3530 3532
l 3532 3531
l 3530 3533
l 3533 3534
l 3534 3532
l 3533 3535
l 3535 3536
l 3536 3534
l 3535 3529
l 3531 3536
l 3539 3537
l 3537 3538
l 3538 3540
l 3540 3539
l 3538 3541
l 3541 3542
l 3542 3540
l 3541 3543
l 3543 3544
l 3544 3542
l 3543 3537
l 3539 3544
l 3547 3545
l 3545 3546
l 3546 3548
l 3548 3547
l 3546 3549
l 3549 3550
l 3550 3548
l 3549 3551
l 3551 3552
l 3552 3550
l 3551 3545
l 3547 3552
l 3555 3553
l 3553 3554
l 3554 3556
l 3556 3555
l 3554 3557
l 3557 3558
l 3558 3556
l 3557 3559
l 3559 3560
l 3560 3558
l 3559 3553
l 3555 3560
l 3563 3561
l 3561 3562
l 3562 3564
l 3564 3563
l 3562 3565
l 3565 3566
l 3566 3564
l 3565 3567
l 3567 3568
l 3568 3566
l 3567 3561
l 3563 3568
l 3571 3569
l 3569 3570
l 3570 3572
l 3572 3571
l 3570 3573
l 3573 3574
l 3574 3572
l 3573 3575
l 3575 3576
l 3576 3574
l 3575 3569
l 3571 3576
l 3579 3577
l 3577 3578
l 3578 3580
l 3580 3579
l 3578 3581
l 3581 3582
l 3582 3580
l 3581 3583
l 3583 3584
l 3584 3582
l 3583 3577
l 3579 3584
l 3587 3585
l 3585 3586
l 3586 3588
l 3588 3587
l 3586 3589
l 3589 3590
l 3590 3588
l 3589 3591
l 3591 3592
l 3592 3590
l 3591 3585
l 3587 3592
l 3595 3593
l 3593 3594
l 3594 3596
l 3596 3595
l 3594 3597
l 3597 3598
l 3598 3596
l 3597 3599
l 3599 3600
l 3600 3598
l 3599 3593
l 3595 3600
l 3603 3601
l 3601 3602
l 3602 3604
l 3604 3603
l 3602 3605
l 3605 3606
l 3606 3604
l 3605 3607
l 3607 3608
l 3608 3606
l 3607 3601
l 3603 3608
l 3611 3609
l 3609 3610
l 3610 3612
l 3612 3611
l 3610 3613
l 3613 3614
l 3614 3612
l 3613 3615
l 3615 3616
l 3616 3614
l 3615 3609
l 3611 3616
l 3619 3617
l 3617 3618
l 3618 3620
l 3620 3619
l 3618 3621
l 3621 3622
l 3622 3620
l 3621 3623
l 3623 3624
l 3624 3622
l 3623 3617
l 3619 3624
l 3627 3625
l 3625 3626
l 3626 3628
l 3628 3627
l 3626 3629
l 3629 3630
l 3630 3628
l 3629 3631
l 3631 3632
l 3632 3630
l 3631 3625
l 3627 3632
l 3635 3633
l 3633 3634
l 3634 3636
l 3636 3635
l 3634 3637
l 3637 3638
l 3638 3636
l 3637 3639
l 3639 3640
l 3640 3638
l 3639 3633
l 3635 3640
l 3643 3641
l 3641 3642
l 3642 3644
l 3644 3643
l 3642 3645
l 3645 3646
l 3646 3644
l 3645 3647
l 3647 3648
l 3648 3646
l 3647 3641
l 3643 3648
l 3651 3649
l 3649 3650
l 3650 3652
l 3652 3651
l 3650 3653
l 3653 3654
l 3654 3652
l 3653 3655
l 3655 3656
l 3656 3654
l 3655 3649
l 3651 3656
l 3659 3657
l 3657 3658
l 3658 3660
l 3660 3659
l 3658 3661
l 3661 3662
l 3662 3660
l 3661 3663
l 3663 3664
l 3664 3662
l 3663 3657
l 3659 3664
l 3667 3665
l 3665 3666
l 3666 3668
l 3668 3667
l 3666 3669
l 3669 3670
l 3670 3668
l 3669 3671
l 3671 3672
l 3672 3670
l 3671 3665
l 3667 3672
l 3675 3673
l 3673 3674
l 3674 3676
l 3676 3675
l 3674 3677
l 3677 3678
l 3678 3676
l 3677 3679
l 3679 3680
l 3680 3678
l 3679 3673
l 3675 3680
l 3683 3681
l 3681 3682
l 3682 3684
l 3684 3683
l 3682 3685
l 3685 3686
l 3686 3684
l 3685 3687
l 3687 3688
l 3688 3686
l 3687 3681
l 3683 3688
l 3691 3689
l 3689 3690
l 3690 3692
l 3692 3691
l 3690 3693
l 3693 3694
l 3694 3692
l 3693 3695
l 3695 3696
l 3696 3694
l 3695 3689
l 3691 3696
l 3699 3697
l 3697 3698
l 3698 3700
l 3700 3699
l 3698 3701
l 3701 3702
l 3702 3700
l 3701 3703
l 3703 3704
l 3704 3702
l 3703 3697
l 3699 3704
l 3707 3705
l 3705 3706
l 3706 3708
l 3708 3707
l 3706 3709
l 3709 3710
l 3710 3708
l 3709 3711
l 3711 3712
l 3712 3710
l 3711 3705
l 3707 3712
l 3715 3713
l 3713 3714
l 3714 3716
l 3716 3715
l 3714 3717
l 3717 3718
l 3718 3716
l 3717 3719
l 3719 3720
l 3720 3718
l 3719 3713
l 3715 3720
l 3723 3721
l 3721 3722
l 3722 3724
l 3724 3723
l 3722 3725
l 3725 3726
l 3726 3724
l 3725 3727
l 3727 3728
l 3728 3726
l 3727 3721
l 3723 3728
l 3731 3729
l 3729 3730
l 3730 3732
l 3732 3731
l 3730 3733
l 3733 3734
l 3734 3732
l 3733 3735
l 3735 3736
l 3736 3734
l 3735 3729
l 3731 3736
l 3739 3737
l 3737 3738
l 3738 3740
l 3740 3739
l 3738 3741
l 3741 3742
l 3742 3740
l 3741 3743
l 3743 3744
l 3744 3742
l 3743 3737
l 3739 3744
l 3747 3745
l 3745 3746
l 3746 3748
l 3748 3747
l 3746 3749
l 3749 3750
l 3750 3748
l 3749 3751
l 3751 3752
l 3752 3750
l 3751 3745
l 3747 3752
l 3755 3753
l 3753 3754
l 3754 3756
l 3756 3755
l 3754 3757
l 3757 3758
l 3758 3756
l 3757 3759
l 3759 3760
l 3760 3758
l 3759 3753
l 3755 3760
l 3763 3761
l 3761 3762
l 3762 3764
l 3764 3763
l 3762 3765
l 3765 3766
l 3766 3764
l 3765 3767
l 3767 3768
l 3768 3766
l 3767 3761
l 3763 3768
l 3771 3769
l 3769 3770
l 3770 3772
l 3772 3771
l 3770 3773
l 3773 3774
l 3774 3772
l 3773 3775
l 3775 3776
l 3776 3774
l 3775 3769
l 3771 3776
l 3779 3777
l 3777 3778
l 3778 3780
l 3780 3779
l 3778 3781
l 3781 3782
l 3782 3780
l 3781 3783
l 3783 3784
l 3784 3782
l 3783 3777
l 3779 3784
l 3787 3785
l 3785 3786
l 3786 3788
l 3788 3787
l 3786 3789
l 3789 3790
l 3790 3788
l 3789 3791
l 3791 3792
l 3792 3790
l 3791 3785
l 3787 3792
l 3795 3793
l 3793 3794
l 3794 3796
l 3796 3795
l 3794 3797
l 3797 3798
l 3798 3796
l 3797 3799
l 3799 3800
l 3800 3798
l 3799 3793
l 3795 3800
l 3803 3801
l 3801 3802
l 3802 3804
l 3804 3803
l 3802 3805
l 3805 3806
l 3806 3804
l 3805 3807
l 3807 3808
l 3808 3806
l 3807 3801
l 3803 3808
l 3811 3809
l 3809 3810
l 3810 3812
l 3812 3811
l 3810 3813
l 3813 3814
l 3814 3812
l 3813 3815
l 3815 3816
l 3816 3814
l 3815 3809
l 3811 3816
l 3819 3817
l 3817 3818
l 3818 3820
l 3820 3819
l 3818 3821
l 3821 3822
l 3822 3820
l 3821 3823
l 3823 3824
l 3824 3822
l 3823 3817
l 3819 3824
l 3827 3825
l 3825 3826
l 3826 3828
l 3828 3827
l 3826 3829
l 3829 3830
l 3830 3828
l 3829 3831
l 3831 3832
l 3832 3830
l 3831 3825
l 3827 3832
l 3835 3833
l 3833 3834
l 3834 3836
l 3836 3835
l 3834 3837
l 3837 3838
l 3838 3836
l 3837 3839
l 3839 3840
l 3840 3838
l 3839 3833
l 3835 3840
l 3843 3841
l 3841 3842
l 3842 3844
l 3844 3843
l 3842 3845
l 3845 3846
l 3846 3844
l 3845 3847
l 3847 3848
l 3848 3846
l 3847 3841
l 3843 3848
l 3851 3849
l 3849 3850
l 3850 3852
l 3852 3851
l 3850 3853
l 3853 3854
l 3854 3852
l 3853 3855
l 3855 3856
l 3856 3854
l 3855 3849
l 3851 3856
l 3859 3857
l 3857 3858
l 3858 3860
l 3860 3859
l 3858 3861
l 3861 3862
l 3862 3860
l 3861 3863
l 3863 3864
l 3864 3862
l 3863 3857
l 3859 3864
l 3867 3865
l 3865 3866
l 3866 3868
l 3868 3867
l 3866 3869
l 3869 3870
l 3870 3868
l 3869 3871
l 3871 3872
l 3872 3870
l 3871 3865
l 3867 3872
l 3875 3873
l 3873 3874
l 3874 3876
l 3876 3875
l 3874 3877
l 3877 3878
l 3878 3876
l 3877 3879
l 3879 3880
l 3880 3878
l 3879 3873
l 3875 3880
l 3883 3881
l 3881 3882
l 3882 3884
l 3884 3883
l 3882 3885
l 3885 3886
l 3886 3884
l 3885 3887
l 3887 3888
l 3888 3886
l 3887 3881
l 3883 3888
l 3891 3889
l 3889 3890
l 3890 3892
l 3892 3891
l 3890 3893
l 3893 3894
l 3894 3892
l 3893 3895
l 3895 3896
l 3896 3894
l 3895 3889
l 3891 3896
l 3899 3897
l 3897 3898
l 3898 3900
l 3900 3899
l 3898 3901
l 3901 3902
l 3902 3900
l 3901 3903
l 3903 3904
l 3904 3902
l 3903 3897
l 3899 3904
l 3907 3905
l 3905 3906
l 3906 3908
l 3908 3907
l 3906 3909
l 3909 3910
l 3910 3908
l 3909 3911
l 3911 3912
l 3912 3910
l 3911 3905
l 3907 3912
l 3915 3913
l 3913 3914
l 3914 3916
l 3916 3915
l 3914 3917
l 3917 3918
l 3918 3916
l 3917 3919
l 3919 3920
l 3920 3918
l 3919 3913
l 3915 3920
l 3923 3921
l 3921 3922
l 3922 3924
l 3924 3923
l 3922 3925
l 3925 3926
l 3926 3924
l 3925 3927
l 3927 3928
l 3928 3926
l 3927 3921
l 3923 3928
l 3931 3929
l 3929 3930
l 3930 3932
l 3932 3931
l 3930 3933
l 3933 3934
l 3934 3932
l 3933 3935
l 3935 3936
l 3936 3934
l 3935 3929
l 3931 3936
l 3939 3937
l 3937 3938
l 3938 3940
l 3940 3939
l 3938 3941
l 3941 3942
l 3942 3940
l 3941 3943
l 3943 3944
l 3944 3942
l 3943 3937
l 3939 3944
l 3947 3945
l 3945 3946
l 3946 3948
l 3948 3947
l 3946 3949
l 3949 3950
l 3950 3948
l 3949 3951
l 3951 3952
l 3952 3950
l 3951 3945
l 3947 3952
l 3955 3953
l 3953 3954
l 3954 3956
l 3956 3955
l 3954 3957
l 3957 3958
l 3958 3956
l 3957 3959
l 3959 3960
l 3960 3958
l 3959 3953
l 3955 3960
l 3963 3961
l 3961 3962
l 3962 3964
l 3964 3963
l 3962 3965
l 3965 3966
l 3966 3964
l 3965 3967
l 3967 3968
l 3968 3966
l 3967 3961
l 3963 3968
l 3971 3969
l 3969 3970
l 3970 3972
l 3972 3971
l 3970 3973
l 3973 3974
l 3974 3972
l 3973 3975
l 3975 3976
l 3976 3974
l 3975 3969
l 3971 3976
l 3979 3977
l 3977 3978
l 3978 3980
l 3980 3979
l 3978 3981
l 3981 3982
l 3982 3980
l 3981 3983
l 3983 3984
l 3984 3982
l 3983 3977
l 3979 3984
l 3987 3985
l 3985 3986
l 3986 3988
l 3988 3987
l 3986 3989
l 3989 3990
l 3990 3988
l 3989 3991
l 3991 3992
l 3992 3990
l 3991 3985
l 3987 3992
l 3995 3993
l 3993 3994
l 3994 3996
l 3996 3995
l 3994 3997
l 3997 3998
l 3998 3996
l 3997 3999
l 3999 4000
l 4000 3998
l 3999 3993
l 3995 4000
l 4003 4001
l 4001 4002
l 4002 4004
l 4004 4003
l 4002 4005
l 4005 4006
l 4006 4004
l 4005 4007
l 4007 4008
l 4008 4006
l 4007 4001
l 4003 4008
l 4011 4009
l 4009 4010
l 4010 4012
l 4012 4011
l 4010 4013
l 4013 4014
l 4014 4012
l 4013 4015
l 4015 4016
l 4016 4014
l 4015 4009
l 4011 4016
l 4019 4017
l 4017 4018
l 4018 4020
l 4020 4019
l 4018 4021
l 4021 4022
l 4022 4020
l 4021 4023
l 4023 4024
l 4024 4022
l 4023 4017
l 4019 4024
l 4027 4025
l 4025 4026
l 4026 4028
l 4028 4027
l 4026 4029
l 4029 4030
l 4030 4028
l 4029 4031
l 4031 4032
l 4032 4030
l 4031 4025
l 4027 4032
l 4035 4033
l 4033 4034
l 4034 4036
l 4036 4035
l 4034 4037
l 4037 4038
l 4038 4036
l 4037 4039
l 4039 4040
l 4040 4038
l 4039 4033
l 4035 4040
l 4043 4041
l 4041 4042
l 4042 4044
l 4044 4043
l 4042 4045
l 4045 4046
l 4046 4044
l 4045 4047
l 4047 4048
l 4048 4046
l 4047 4041
l 4043 4048
l 4051 4049
l 4049 4050
l 4050 4052
l 4052 4051
l 4050 4053
l 4053 4054
l 4054 4052
l 4053 4055
l 4055 4056
l 4056 4054
l 4055 4049
l 4051 4056
l 4059 4057
l 4057 4058
l 4058 4060
l 4060 4059
l 4058 4061
l 4061 4062
l 4062 4060
l 4061 4063
l 4063 4064
l 4064 4062
l 4063 4057
l 4059 4064
l 4067 4065
l 4065 4066
l 4066 4068
l 4068 4067
l 4066 4069
l 4069 4070
l 4070 4068
l 4069 4071
l 4071 4072
l 4072 4070
l 4071 4065
l 4067 4072
l 4075 4073
l 4073 4074
l 4074 4076
l 4076 4075
l 4074 4077
l 4077 4078
l 4078 4076
l 4077 4079
l 4079 4080
l 4080 4078
l 4079 4073
l 4075 4080
l 4083 4081
l 4081 4082
l 4082 4084
l 4084 4083
l 4082 4085
l 4085 4086
l 4086 4084
l 4085 4087
l 4087 4088
l 4088 4086
l 4087 4081
l 4083 4088
l 4091 4089
l 4089 4090
l 4090 4092
l 4092 4091
l 4090 4093
l 4093 4094
l 4094 4092
l 4093 4095
l 4095 4096
l 4096 4094
l 4095 4089
l 4091 4096
l 4099 4097
l 4097 4098
l 4098 4100
l 4100 4099
l 4098 4101
l 4101 4102
l 4102 4100
l 4101 4103
l 4103 4104
l 4104 4102
l 4103 4097
l 4099 4104
l 4107 4105
l 4105 4106
l 4106 4108
l 4108 4107
l 4106 4109
l 4109 4110
l 4110 4108
l 4109 4111
l 4111 4112
l 4112 4110
l 4111 4105
l 4107 4112
l 4115 4113
l 4113 4114
l 4114 4116
l 4116 4115
l 4114 4117
l 4117 4118
l 4118 4116
l 4117 4119
l 4119 4120
l 4120 4118
l 4119 4113
l 4115 4120
l 4123 4121
l 4121 4122
l 4122 4124
l 4124 4123
l 4122 4125
l 4125 4126
l 4126 4124
l 4125 4127
l 4127 4128
l 4128 4126
l 4127 4121
l 4123 4128
l 4131 4129
l 4129 4130
l 4130 4132
l 4132 4131
l 4130 4133
l 4133 4134
l 4134 4132
l 4133 4135
l 4135 4136
l 4136 4134
l 4135 4129
l 4131 4136
l 4139 4137
l 4137 4138
l 4138 4140
l 4140 4139
l 4138 4141
l 4141 4142
l 4142 4140
l 4141 4143
l 4143 4144
l 4144 4142
l 4143 4137
l 4139 4144
l 4147 4145
l 4145 4146
l 4146 4148
l 4148 4147
l 4146 4149
l 4149 4150
l 4150 4148
l 4149 4151
l 4151 4152
l 4152 4150
l 4151 4145
l 4147 4152
l 4155 4153
l 4153 4154
l 4154 4156
l 4156 4155
l 4154 4157
l 4157 4158
l 4158 4156
l 4157 4159
l 4159 4160
l 4160 4158
l 4159 4153
l 4155 4160
l 4163 4161
l 4161 4162
l 4162 4164
l 4164 4163
l 4162 4165
l 4165 4166
l 4166 4164
l 4165 4167
l 4167 4168
l 4168 4166
l 4167 4161
l 4163 4168
l 4171 4169
l 4169 4170
l 4170 4172
l 4172 4171
l 4170 4173
l 4173 4174
l 4174 4172
l 4173 4175
l 4175 4176
l 4176 4174
l 4175 4169
l 4171 4176
l 4179 4177
l 4177 4178
l 4178 4180
l 4180 4179
l 4178 4181
l 4181 4182
l 4182 4180
l 4181 4183
l 4183 4184
l 4184 4182
l 4183 4177
l 4179 4184
l 4187 4185
l 4185 4186
l 4186 4188
l 4188 4187
l 4186 4189
l 4189 4190
l 4190 4188
l 4189 4191
l 4191 4192
l 4192 4190
l 4191 4185
l 4187 4192
l 4195 4193
l 4193 4194
l 4194 4196
l 4196 4195
l 4194 4197
l 4197 4198
l 4198 4196
l 4197 4199
l 4199 4200
l 4200 4198
l 4199 4193
l 4195 4200
l 4203 4201
l 4201 4202
l 4202 4204
l 4204 4203
l 4202 4205
l 4205 4206
l 4206 4204
l 4205 4207
l 4207 4208
l 4208 4206
l 4207 4201
l 4203 4208
l 4211 4209
l 4209 4210
l 4210 4212
l 4212 4211
l 4210 4213
l 4213 4214
l 4214 4212
l 4213 4215
l 4215 4216
l 4216 4214
l 4215 4209
l 4211 4216
l 4219 4217
l 4217 4218
l 4218 4220
l 4220 4219
l 4218 4221
l 4221 4222
l 4222 4220
l 4221 4223
l 4223 4224
l 4224 4222
l 4223 4217
l 4219 4224
l 4227 4225
l 4225 4226
l 4226 4228
l 4228 4227
l 4226 4229
l 4229 4230
l 4230 4228
l 4229 4231
l 4231 4232
l 4232 4230
l 4231 4225
l 4227 4232
l 4235 4233
l 4233 4234
l 4234 4236
l 4236 4235
l 4234 4237
l 4237 4238
l 4238 4236
l 4237 4239
l 4239 4240
l 4240 4238
l 4239 4233
l 4235 4240
l 4243 4241
l 4241 4242
l 4242 4244
l 4244 4243
l 4242 4245
l 4245 4246
l 4246 4244
l 4245 4247
l 4247 4248
l 4248 4246
l 4247 4241
l 4243 4248
l 4251 4249
l 4249 4250
l 4250 4252
l 4252 4251
l 4250 4253
l 4253 4254
l 4254 4252
l 4253 4255
l 4255 4256
l 4256 4254
l 4255 4249
l 4251 4256
l 4259 4257
l 4257 4258
l 4258 4260
l 4260 4259
l 4258 4261
l 4261 4262
l 4262 4260
l 4261 4263
l 4263 4264
l 4264 4262
l 4263 4257
l 4259 4264
l 4267 4265
l 4265 4266
l 4266 4268
l 4268 4267
l 4266 4269
l 4269 4270
l 4270 4268
l 4269 4271
l 4271 4272
l 4272 4270
l 4271 4265
l 4267 4272
l 4275 4273
l 4273 4274
l 4274 4276
l 4276 4275
l 4274 4277
l 4277 4278
l 4278 4276
l 4277 4279
l 4279 4280
l 4280 4278
l 4279 4273
l 4275 4280
l 4283 4281
l 4281 4282
l 4282 4284
l 4284 4283
l 4282 4285
l 4285 4286
l 4286 4284
l 4285 4287
l 4287 4288
l 4288 4286
l 4287 4281
l 4283 4288
l 4291 4289
l 4289 4290
l 4290 4292
l 4292 4291
l 4290 4293
l 4293 4294
l 4294 4292
l 4293 4295
l 4295 4296
l 4296 4294
l 4295 4289
l 4291 4296
l 4299 4297
l 4297 4298
l 4298 4300
l 4300 4299
l 4298 4301
l 4301 4302
l 4302 4300
l 4301 4303
l 4303 4304
l 4304 4302
l 4303 4297
l 4299 4304
l 4307 4305
l 4305 4306
l 4306 4308
l 4308 4307
l 4306 4309
l 4309 4310
l 4310 4308
l 4309 4311
l 4311 4312
l 4312 4310
l 4311 4305
l 4307 4312
l 4315 4313
l 4313 4314
l 4314 4316
l 4316 4315
l 4314 4317
l 4317 4318
l 4318 4316
l 4317 4319
l 4319 4320
l 4320 4318
l 4319 4313
l 4315 4320
l 4323 4321
l 4321 4322
l 4322 4324
l 4324 4323
l 4322 4325
l 4325 4326
l 4326 4324
l 4325 4327
l 4327 4328
l 4328 4326
l 4327 4321
l 4323 4328
l 4331 4329
l 4329 4330
l 4330 4332
l 4332 4331
l 4330 4333
l 4333 4334
l 4334 4332
l 4333 4335
l 4335 4336
l 4336 4334
l 4335 4329
l 4331 4336
l 4339 4337
l 4337 4338
l 4338 4340
l 4340 4339
l 4338 4341
l 4341 4342
l 4342 4340
l 4341 4343
l 4343 4344
l 4344 4342
l 4343 4337
l 4339 4344
l 4347 4345
l 4345 4346
l 4346 4348
l 4348 4347
l 4346 4349
l 4349 4350
l 4350 4348
l 4349 4351
l 4351 4352
l 4352 4350
l 4351 4345
l 4347 4352
l 4355 4353
l 4353 4354
l 4354 4356
l 4356 4355
l 4354 4357
l 4357 4358
l 4358 4356
l 4357 4359
l 4359 4360
l 4360 4358
l 4359 4353
l 4355 4360
l 4363 4361
l 4361 4362
l 4362 4364
l 4364 4363
l 4362 4365
l 4365 4366
l 4366 4364
l 4365 4367
l 4367 4368
l 4368 4366
l 4367 4361
l 4363 4368
l 4371 4369
l 4369 4370
l 4370 4372
l 4372 4371
l 4370 4373
l 4373 4374
l 4374 4372
l 4373 4375
l 4375 4376
l 4376 4374
l 4375 4369
l 4371 4376
l 4379 4377
l 4377 4378
l 4378 4380
l 4380 4379
l 4378 4381
l 4381 4382
l 4382 4380
l 4381 4383
l 4383 4384
l 4384 4382
l 4383 4377
l 4379 4384
l 4387 4385
l 4385 4386
l 4386 4388
l 4388 4387
l 4386 4389
l 4389 4390
l 4390 4388
l 4389 4391
l 4391 4392
l 4392 4390
l 4391 4385
l 4387 4392
l 4395 4393
l 4393 4394
l 4394 4396
l 4396 4395
l 4394 4397
l 4397 4398
l 4398 4396
l 4397 4399
l 4399 4400
l 4400 4398
l 4399 4393
l 4395 4400
l 4403 4401
l 4401 4402
l 4402 4404
l 4404 4403
l 4402 4405
l 4405 4406
l 4406 4404
l 4405 4407
l 4407 4408
l 4408 4406
l 4407 4401
l 4403 4408
l 4411 4409
l 4409 4410
l 4410 4412
l 4412 4411
l 4410 4413
l 4413 4414
l 4414 4412
l 4413 4415
l 4415 4416
l 4416 4414
l 4415 4409
l 4411 4416
l 4419 4417
l 4417 4418
l 4418 4420
l 4420 4419
l 4418 4421
l 4421 4422
l 4422 4420
l 4421 4423
l 4423 4424
l 4424 4422
l 4423 4417
l 4419 4424
l 4427 4425
l 4425 4426
l 4426 4428
l 4428 4427
l 4426 4429
l 4429 4430
l 4430 4428
l 4429 4431
l 4431 4432
l 4432 4430
l 4431 4425
l 4427 4432
l 4435 4433
l 4433 4434
l 4434 4436
l 4436 4435
l 4434 4437
l 4437 4438
l 4438 4436
l 4437 4439
l 4439 4440
l 4440 4438
l 4439 4433
l 4435 4440
l 4443 4441
l 4441 4442
l 4442 4444
l 4444 4443
l 4442 4445
l 4445 4446
l 4446 4444
l 4445 4447
l 4447 4448
l 4448 4446
l 4447 4441
l 4443 4448
l 4451 4449
l 4449 4450
l 4450 4452
l 4452 4451
l 4450 4453
l 4453 4454
l 4454 4452
l 4453 4455
l 4455 4456
l 4456 4454
l 4455 4449
l 4451 4456
l 4459 4457
l 4457 4458
l 4458 4460
l 4460 4459
l 4458 4461
l 4461 4462
l 4462 4460
l 4461 4463
l 4463 4464
l 4464 4462
l 4463 4457
l 4459 4464
l 4467 4465
l 4465 4466
l 4466 4468
l 4468 4467
l 4466 4469
l 4469 4470
l 4470 4468
l 4469 4471
l 4471 4472
l 4472 4470
l 4471 4465
l 4467 4472
l 4475 4473
l 4473 4474
l 4474 4476
l 4476 4475
l 4474 4477
l 4477 4478
l 4478 4476
l 4477 4479
l 4479 4480
l 4480 4478
l 4479 4473
l 4475 4480
l 4483 4481
l 4481 4482
l 4482 4484
l 4484 4483
l 4482 4485
l 4485 4486
l 4486 4484
l 4485 4487
l 4487 4488
l 4488 4486
l 4487 4481
l 4483 4488
l 4491 4489
l 4489 4490
l 4490 4492
l 4492 4491
l 4490 4493
l 4493 4494
l 4494 4492
l 4493 4495
l 4495 4496
l 4496 4494
l 4495 4489
l 4491 4496
l 4499 4497
l 4497 4498
l 4498 4500
l 4500 4499
l 4498 4501
l 4501 4502
l 4502 4500
l 4501 4503
l 4503 4504
l 4504 4502
l 4503 4497
l 4499 4504
l 4507 4505
l 4505 4506
l 4506 4508
l 4508 4507
l 4506 4509
l 4509 4510
l 4510 4508
l 4509 4511
l 4511 4512
l 4512 4510
l 4511 4505
l 4507 4512
l 4515 4513
l 4513 4514
l 4514 4516
l 4516 4515
l 4514 4517
l 4517 4518
l 4518 4516
l 4517 4519
l 4519 4520
l 4520 4518
l 4519 4513
l 4515 4520
l 4523 4521
l 4521 4522
l 4522 4524
l 4524 4523
l 4522 4525
l 4525 4526
l 4526 4524
l 4525 4527
l 4527 4528
l 4528 4526
l 4527 4521
l 4523 4528
l 4531 4529
l 4529 4530
l 4530 4532
l 4532 4531
l 4530 4533
l 4533 4534
l 4534 4532
l 4533 4535
l 4535 4536
l 4536 4534
l 4535 4529
l 4531 4536
l 4539 4537
l 4537 4538
l 4538 4540
l 4540 4539
l 4538 4541
l 4541 4542
l 4542 4540
l 4541 4543
l 4543 4544
l 4544 4542
l 4543 4537
l 4539 4544
l 4547 4545
l 4545 4546
l 4546 4548
l 4548 4547
l 4546 4549
l 4549 4550
l 4550 4548
l 4549 4551
l 4551 4552
l 4552 4550
l 4551 4545
l 4547 4552
l 4555 4553
l 4553 4554
l 4554 4556
l 4556 4555
l 4554 4557
l 4557 4558
l 4558 4556
l 4557 4559
l 4559 4560
l 4560 4558
l 4559 4553
l 4555 4560
l 4563 4561
l 4561 4562
l 4562 4564
l 4564 4563
l 4562 4565
l 4565 4566
l 4566 4564
l 4565 4567
l 4567 4568
l 4568 4566
l 4567 4561
l 4563 4568
l 4571 4569
l 4569 4570
l 4570 4572
l 4572 4571
l 4570 4573
l 4573 4574
l 4574 4572
l 4573 4575
l 4575 4576
l 4576 4574
l 4575 4569
l 4571 4576
l 4579 4577
l 4577 4578
l 4578 4580
l 4580 4579
l 4578 4581
l 4581 4582
l 4582 4580
l 4581 4583
l 4583 4584
l 4584 4582
l 4583 4577
l 4579 4584
l 4587 4585
l 4585 4586
l 4586 4588
l 4588 4587
l 4586 4589
l 4589 4590
l 4590 4588
l 4589 4591
l 4591 4592
l 4592 4590
l 4591 4585
l 4587 4592
l 4595 4593
l 4593 4594
l 4594 4596
l 4596 4595
l 4594 4597
l 4597 4598
l 4598 4596
l 4597 4599
l 4599 4600
l 4600 4598
l 4599 4593
l 4595 4600
l 4603 4601
l 4601 4602
l 4602 4604
l 4604 4603
l 4602 4605
l 4605 4606
l 4606 4604
l 4605 4607
l 4607 4608
l 4608 4606
l 4607 4601
l 4603 4608
l 4611 4609
l 4609 4610
l 4610 4612
l 4612 4611
l 4610 4613
l 4613 4614
l 4614 4612
l 4613 4615
l 4615 4616
l 4616 4614
l 4615 4609
l 4611 4616
l 4619 4617
l 4617 4618
l 4618 4620
l 4620 4619
l 4618 4621
l 4621 4622
l 4622 4620
l 4621 4623
l 4623 4624
l 4624 4622
l 4623 4617
l 4619 4624
l 4627 4625
l 4625 4626
l 4626 4628
l 4628 4627
l 4626 4629
l 4629 4630
l 4630 4628
l 4629 4631
l 4631 4632
l 4632 4630
l 4631 4625
l 4627 4632
l 4635 4633
l 4633 4634
l 4634 4636
l 4636 4635
l 4634 4637
l 4637 4638
l 4638 4636
l 4637 4639
l 4639 4640
l 4640 4638
l 4639 4633
l 4635 4640
l 4643 4641
l 4641 4642
l 4642 4644
l 4644 4643
l 4642 4645
l 4645 4646
l 4646 4644
l 4645 4647
l 4647 4648
l 4648 4646
l 4647 4641
l 4643 4648
l 4651 4649
l 4649 4650
l 4650 4652
l 4652 4651
l 4650 4653
l 4653 4654
l 4654 4652
l 4653 4655
l 4655 4656
l 4656 4654
l 4655 4649
l 4651 4656
l 4659 4657
l 4657 4658
l 4658 4660
l 4660 4659
l 4658 4661
l 4661 4662
l 4662 4660
l 4661 4663
l 4663 4664
l 4664 4662
l 4663 4657
l 4659 4664
l 4667 4665
l 4665 4666
l 4666 4668
l 4668 4667
l 4666 4669
l 4669 4670
l 4670 4668
l 4669 4671
l 4671 4672
l 4672 4670
l 4671 4665
l 4667 4672
l 4675 4673
l 4673 4674
l 4674 4676
l 4676 4675
l 4674 4677
l 4677 4678
l 4678 4676
l 4677 4679
l 4679 4680
l 4680 4678
l 4679 4673
l 4675 4680
l 4683 4681
l 4681 4682
l 4682 4684
l 4684 4683
l 4682 4685
l 4685 4686
l 4686 4684
l 4685 4687
l 4687 4688
l 4688 4686
l 4687 4681
l 4683 4688
l 4691 4689
l 4689 4690
l 4690 4692
l 4692 4691
l 4690 4693
l 4693 4694
l 4694 4692
l 4693 4695
l 4695 4696
l 4696 4694
l 4695 4689
l 4691 4696
l 4699 4697
l 4697 4698
l 4698 4700
l 4700 4699
l 4698 4701
l 4701 4702
l 4702 4700
l 4701 4703
l 4703 4704
l 4704 4702
l 4703 4697
l 4699 4704
l 4707 4705
l 4705 4706
l 4706 4708
l 4708 4707
l 4706 4709
l 4709 4710
l 4710 4708
l 4709 4711
l 4711 4712
l 4712 4710
l 4711 4705
l 4707 4712
l 4715 4713
l 4713 4714
l 4714 4716
l 4716 4715
l 4714 4717
l 4717 4718
l 4718 4716
l 4717 4719
l 4719 4720
l 4720 4718
l 4719 4713
l 4715 4720
l 4723 4721
l 4721 4722
l 4722 4724
l 4724 4723
l 4722 4725
l 4725 4726
l 4726 4724
l 4725 4727
l 4727 4728
l 4728 4726
l 4727 4721
l 4723 4728
l 4731 4729
l 4729 4730
l 4730 4732
l 4732 4731
l 4730 4733
l 4733 4734
l 4734 4732
l 4733 4735
l 4735 4736
l 4736 4734
l 4735 4729
l 4731 4736
l 4739 4737
l 4737 4738
l 4738 4740
l 4740 4739
l 4738 4741
l 4741 4742
l 4742 4740
l 4741 4743
l 4743 4744
l 4744 4742
l 4743 4737
l 4739 4744
l 4747 4745
l 4745 4746
l 4746 4748
l 4748 4747
l 4746 4749
l 4749 4750
l 4750 4748
l 4749 4751
l 4751 4752
l 4752 4750
l 4751 4745
l 4747 4752
l 4755 4753
l 4753 4754
l 4754 4756
l 4756 4755
l 4754 4757
l 4757 4758
l 4758 4756
l 4757 4759
l 4759 4760
l 4760 4758
l 4759 4753
l 4755 4760
l 4763 4761
l 4761 4762
l 4762 4764
l 4764 4763
l 4762 4765
l 4765 4766
l 4766 4764
l 4765 4767
l 4767 4768
l 4768 4766
l 4767 4761
l 4763 4768
l 4771 4769
l 4769 4770
l 4770 4772
l 4772 4771
l 4770 4773
l 4773 4774
l 4774 4772
l 4773 4775
l 4775 4776
l 4776 4774
l 4775 4769
l 4771 4776
l 4779 4777
l 4777 4778
l 4778 4780
l 4780 4779
l 4778 4781
l 4781 4782
l 4782 4780
l 4781 4783
l 4783 4784
l 4784 4782
l 4783 4777
l 4779 4784
l 4787 4785
l 4785 4786
l 4786 4788
l 4788 4787
l 4786 4789
l 4789 4790
l 4790 4788
l 4789 4791
l 4791 4792
l 4792 4790
l 4791 4785
l 4787 4792
l 4795 4793
l 4793 4794
l 4794 4796
l 4796 4795
l 4794 4797
l 4797 4798
l 4798 4796
l 4797 4799
l 4799 4800
l 4800 4798
l 4799 4793
l 4795 4800
l 4803 4801
l 4801 4802
l 4802 4804
l 4804 4803
l 4802 4805
l 4805 4806
l 4806 4804
l 4805 4807
l 4807 4808
l 4808 4806
l 4807 4801
l 4803 4808
l 4811 4809
l 4809 4810
l 4810 4812
l 4812 4811
l 4810 4813
l 4813 4814
l 4814 4812
l 4813 4815
l 4815 4816
l 4816 4814
l 4815 4809
l 4811 4816
l 4819 4817
l 4817 4818
l 4818 4820
l 4820 4819
l 4818 4821
l 4821 4822
l 4822 4820
l 4821 4823
l 4823 4824
l 4824 4822
l 4823 4817
l 4819 4824
l 4827 4825
l 4825 4826
l 4826 4828
l 4828 4827
l 4826 4829
l 4829 4830
l 4830 4828
l 4829 4831
l 4831 4832
l 4832 4830
l 4831 4825
l 4827 4832
l 4835 4833
l 4833 4834
l 4834 4836
l 4836 4835
l 4834 4837
l 4837 4838
l 4838 4836
l 4837 4839
l 4839 4840
l 4840 4838
l 4839 4833
l 4835 4840
l 4843 4841
l 4841 4842
l 4842 4844
l 4844 4843
l 4842 4845
l 4845 4846
l 4846 4844
l 4845 4847
l 4847 4848
l 4848 4846
l 4847 4841
l 4843 4848
l 4851 4849
l 4849 4850
l 4850 4852
l 4852 4851
l 4850 4853
l 4853 4854
l 4854 4852
l 4853 4855
l 4855 4856
l 4856 4854
l 4855 4849
l 4851 4856
l 4859 4857
l 4857 4858
l 4858 4860
l 4860 4859
l 4858 4861
l 4861 4862
l 4862 4860
l 4861 4863
l 4863 4864
l 4864 4862
l 4863 4857
l 4859 4864
l 4867 4865
l 4865 4866
l 4866 4868
l 4868 4867
l 4866 4869
l 4869 4870
l 4870 4868
l 4869 4871
l 4871 4872
l 4872 4870
l 4871 4865
l 4867 4872
l 4875 4873
l 4873 4874
l 4874 4876
l 4876 4875
l 4874 4877
l 4877 4878
l 4878 4876
l 4877 4879
l 4879 4880
l 4880 4878
l 4879 4873
l 4875 4880
l 4883 4881
l 4881 4882
l 4882 4884
l 4884 4883
l 4882 4885
l 4885 4886
l 4886 4884
l 4885 4887
l 4887 4888
l 4888 4886
l 4887 4881
l 4883 4888
l 4891 4889
l 4889 4890
l 4890 4892
l 4892 4891
l 4890 4893
l 4893 4894
l 4894 4892
l 4893 4895
l 4895 4896
l 4896 4894
l 4895 4889
l 4891 4896
l 4899 4897
l 4897 4898
l 4898 4900
l 4900 4899
l 4898 4901
l 4901 4902
l 4902 4900
l 4901 4903
l 4903 4904
l 4904 4902
l 4903 4897
l 4899 4904
l 4907 4905
l 4905 4906
l 4906 4908
l 4908 4907
l 4906 4909
l 4909 4910
l 4910 4908
l 4909 4911
l 4911 4912
l 4912 4910
l 4911 4905
l 4907 4912
l 4915 4913
l 4913 4914
l 4914 4916
l 4916 4915
l 4914 4917
l 4917 4918
l 4918 4916
l 4917 4919
l 4919 4920
l 4920 4918
l 4919 4913
l 4915 4920
l 4923 4921
l 4921 4922
l 4922 4924
l 4924 4923
l 4922 4925
l 4925 4926
l 4926 4924
l 4925 4927
l 4927 4928
l 4928 4926
l 4927 4921
l 4923 4928
l 4931 4929
l 4929 4930
l 4930 4932
l 4932 4931
l 4930 4933
l 4933 4934
l 4934 4932
l 4933 4935
l 4935 4936
l 4936 4934
l 4935 4929
l 4931 4936
l 4939 4937
l 4937 4938
l 4938 4940
l 4940 4939
l 4938 4941
l 4941 4942
l 4942 4940
l 4941 4943
l 4943 4944
l 4944 4942
l 4943 4937
l 4939 4944
l 4947 4945
l 4945 4946
l 4946 4948
l 4948 4947
l 4946 4949
l 4949 4950
l 4950 4948
l 4949 4951
l 4951 4952
l 4952 4950
l 4951 4945
l 4947 4952
l 4955 4953
l 4953 4954
l 4954 4956
l 4956 4955
l 4954 4957
l 4957 4958
l 4958 4956
l 4957 4959
l 4959 4960
l 4960 4958
l 4959 4953
l 4955 4960
l 4963 4961
l 4961 4962
l 4962 4964
l 4964 4963
l 4962 4965
l 4965 4966
l 4966 4964
l 4965 4967
l 4967 4968
l 4968 4966
l 4967 4961
l 4963 4968
l 4971 4969
l 4969 4970
l 4970 4972
l 4972 4971
l 4970 4973
l 4973 4974
l 4974 4972
l 4973 4975
l 4975 4976
l 4976 4974
l 4975 4969
l 4971 4976
l 4979 4977
l 4977 4978
l 4978 4980
l 4980 4979
l 4978 4981
l 4981 4982
l 4982 4980
l 4981 4983
l 4983 4984
l 4984 4982
l 4983 4977
l 4979 4984
l 4987 4985
l 4985 4986
l 4986 4988
l 4988 4987
l 4986 4989
l 4989 4990
l 4990 4988
l 4989 4991
l 4991 4992
l 4992 4990
l 4991 4985
l 4987 4992
l 4995 4993
l 4993 4994
l 4994 4996
l 4996 4995
l 4994 4997
l 4997 4998
l 4998 4996
l 4997 4999
l 4999 5000
l 5000 4998
l 4999 4993
l 4995 5000
l 5003 5001
l 5001 5002
l 5002 5004
l 5004 5003
l 5002 5005
l 5005 5006
l 5006 5004
l 5005 5007
l 5007 5008
l 5008 5006
l 5007 5001
l 5003 5008
l 5011 5009
l 5009 5010
l 5010 5012
l 5012 5011
l 5010 5013
l 5013 5014
l 5014 5012
l 5013 5015
l 5015 5016
l 5016 5014
l 5015 5009
l 5011 5016
l 5019 5017
l 5017 5018
l 5018 5020
l 5020 5019
l 5018 5021
l 5021 5022
l 5022 5020
l 5021 5023
l 5023 5024
l 5024 5022
l 5023 5017
l 5019 5024
l 5027 5025
l 5025 5026
l 5026 5028
l 5028 5027
l 5026 5029
l 5029 5030
l 5030 5028
l 5029 5031
l 5031 5032
l 5032 5030
l 5031 5025
l 5027 5032
l 5035 5033
l 5033 5034
l 5034 5036
l 5036 5035
l 5034 5037
l 5037 5038
l 5038 5036
l 5037 5039
l 5039 5040
l 5040 5038
l 5039 5033
l 5035 5040
l 5043 5041
l 5041 5042
l 5042 5044
l 5044 5043
l 5042 5045
l 5045 5046
l 5046 5044
l 5045 5047
l 5047 5048
l 5048 5046
l 5047 5041
l 5043 5048
l 5051 5049
l 5049 5050
l 5050 5052
l 5052 5051
l 5050 5053
l 5053 5054
l 5054 5052
l 5053 5055
l 5055 5056
l 5056 5054
l 5055 5049
l 5051 5056
l 5059 5057
l 5057 5058
l 5058 5060
l 5060 5059
l 5058 5061
l 5061 5062
l 5062 5060
l 5061 5063
l 5063 5064
l 5064 5062
l 5063 5057
l 5059 5064
l 5067 5065
l 5065 5066
l 5066 5068
l 5068 5067
l 5066 5069
l 5069 5070
l 5070 5068
l 5069 5071
l 5071 5072
l 5072 5070
l 5071 5065
l 5067 5072
l 5075 5073
l 5073 5074
l 5074 5076
l 5076 5075
l 5074 5077
l 5077 5078
l 5078 5076
l 5077 5079
l 5079 5080
l 5080 5078
l 5079 5073
l 5075 5080
l 5083 5081
l 5081 5082
l 5082 5084
l 5084 5083
l 5082 5085
l 5085 5086
l 5086 5084
l 5085 5087
l 5087 5088
l 5088 5086
l 5087 5081
l 5083 5088
l 5091 5089
l 5089 5090
l 5090 5092
l 5092 5091
l 5090 5093
l 5093 5094
l 5094 5092
l 5093 5095
l 5095 5096
l 5096 5094
l 5095 5089
l 5091 5096
l 5099 5097
l 5097 5098
l 5098 5100
l 5100 5099
l 5098 5101
l 5101 5102
l 5102 5100
l 5101 5103
l 5103 5104
l 5104 5102
l 5103 5097
l 5099 5104
l 5107 5105
l 5105 5106
l 5106 5108
l 5108 5107
l 5106 5109
l 5109 5110
l 5110 5108
l 5109 5111
l 5111 5112
l 5112 5110
l 5111 5105
l 5107 5112
l 5115 5113
l 5113 5114
l 5114 5116
l 5116 5115
l 5114 5117
l 5117 5118
l 5118 5116
l 5117 5119
l 5119 5120
l 5120 5118
l 5119 5113
l 5115 5120
l 5123 5121
l 5121 5122
l 5122 5124
l 5124 5123
l 5122 5125
l 5125 5126
l 5126 5124
l 5125 5127
l 5127 5128
l 5128 5126
l 5127 5121
l 5123 5128
l 5131 5129
l 5129 5130
l 5130 5132
l 5132 5131
l 5130 5133
l 5133 5134
l 5134 5132
l 5133 5135
l 5135 5136
l 5136 5134
l 5135 5129
l 5131 5136
l 5139 5137
l 5137 5138
l 5138 5140
l 5140 5139
l 5138 5141
l 5141 5142
l 5142 5140
l 5141 5143
l 5143 5144
l 5144 5142
l 5143 5137
l 5139 5144
l 5147 5145
l 5145 5146
l 5146 5148
l 5148 5147
l 5146 5149
l 5149 5150
l 5150 5148
l 5149 5151
l 5151 5152
l 5152 5150
l 5151 5145
l 5147 5152
l 5155 5153
l 5153 5154
l 5154 5156
l 5156 5155
l 5154 5157
l 5157 5158
l 5158 5156
l 5157 5159
l 5159 5160
l 5160 5158
l 5159 5153
l 5155 5160
l 5163 5161
l 5161 5162
l 5162 5164
l 5164 5163
l 5162 5165
l 5165 5166
l 5166 5164
l 5165 5167
l 5167 5168
l 5168 5166
l 5167 5161
l 5163 5168
l 5171 5169
l 5169 5170
l 5170 5172
l 5172 5171
l 5170 5173
l 5173 5174
l 5174 5172
l 5173 5175
l 5175 5176
l 5176 5174
l 5175 5169
l 5171 5176
l 5179 5177
l 5177 5178
l 5178 5180
l 5180 5179
l 5178 5181
l 5181 5182
l 5182 5180
l 5181 5183
l 5183 5184
l 5184 5182
l 5183 5177
l 5179 5184
l 5187 5185
l 5185 5186
l 5186 5188
l 5188 5187
l 5186 5189
l 5189 5190
l 5190 5188
l 5189 5191
l 5191 5192
l 5192 5190
l 5191 5185
l 5187 5192
l 5195 5193
l 5193 5194
l 5194 5196
l 5196 5195
l 5194 5197
l 5197 5198
l 5198 5196
l 5197 5199
l 5199 5200
l 5200 5198
l 5199 5193
l 5195 5200
l 5203 5201
l 5201 5202
l 5202 5204
l 5204 5203
l 5202 5205
l 5205 5206
l 5206 5204
l 5205 5207
l 5207 5208
l 5208 5206
l 5207 5201
l 5203 5208
l 5211 5209
l 5209 5210
l 5210 5212
l 5212 5211
l 5210 5213
l 5213 5214
l 5214 5212
l 5213 5215
l 5215 5216
l 5216 5214
l 5215 5209
l 5211 5216
l 5219 5217
l 5217 5218
l 5218 5220
l 5220 5219
l 5218 5221
l 5221 5222
l 5222 5220
l 5221 5223
l 5223 5224
l 5224 5222
l 5223 5217
l 5219 5224
l 5227 5225
l 5225 5226
l 5226 5228
l 5228 5227
l 5226 5229
l 5229 5230
l 5230 5228
l 5229 5231
l 5231 5232
l 5232 5230
l 5231 5225
l 5227 5232
l 5235 5233
l 5233 5234
l 5234 5236
l 5236 5235
l 5234 5237
l 5237 5238
l 5238 5236
l 5237 5239
l 5239 5240
l 5240 5238
l 5239 5233
l 5235 5240
l 5243 5241
l 5241 5242
l 5242 5244
l 5244 5243
l 5242 5245
l 5245 5246
l 5246 5244
l 5245 5247
l 5247 5248
l 5248 5246
l 5247 5241
l 5243 5248
l 5251 5249
l 5249 5250
l 5250 5252
l 5252 5251
l 5250 5253
l 5253 5254
l 5254 5252
l 5253 5255
l 5255 5256
l 5256 5254
l 5255 5249
l 5251 5256
l 5259 5257
l 5257 5258
l 5258 5260
l 5260 5259
l 5258 5261
l 5261 5262
l 5262 5260
l 5261 5263
l 5263 5264
l 5264 5262
l 5263 5257
l 5259 5264
l 5267 5265
l 5265 5266
l 5266 5268
l 5268 5267
l 5266 5269
l 5269 5270
l 5270 5268
l 5269 5271
l 5271 5272
l 5272 5270
l 5271 5265
l 5267 5272
l 5275 5273
l 5273 5274
l 5274 5276
l 5276 5275
l 5274 5277
l 5277 5278
l 5278 5276
l 5277 5279
l 5279 5280
l 5280 5278
l 5279 5273
l 5275 5280
l 5283 5281
l 5281 5282
l 5282 5284
l 5284 5283
l 5282 5285
l 5285 5286
l 5286 5284
l 5285 5287
l 5287 5288
l 5288 5286
l 5287 5281
l 5283 5288
l 5291 5289
l 5289 5290
l 5290 5292
l 5292 5291
l 5290 5293
l 5293 5294
l 5294 5292
l 5293 5295
l 5295 5296
l 5296 5294
l 5295 5289
l 5291 5296
l 5299 5297
l 5297 5298
l 5298 5300
l 5300 5299
l 5298 5301
l 5301 5302
l 5302 5300
l 5301 5303
l 5303 5304
l 5304 5302
l 5303 5297
l 5299 5304
l 5307 5305
l 5305 5306
l 5306 5308
l 5308 5307
l 5306 5309
l 5309 5310
l 5310 5308
l 5309 5311
l 5311 5312
l 5312 5310
l 5311 5305
l 5307 5312
l 5315 5313
l 5313 5314
l 5314 5316
l 5316 5315
l 5314 5317
l 5317 5318
l 5318 5316
l 5317 5319
l 5319 5320
l 5320 5318
l 5319 5313
l 5315 5320
l 5323 5321
l 5321 5322
l 5322 5324
l 5324 5323
l 5322 5325
l 5325 5326
l 5326 5324
l 5325 5327
l 5327 5328
l 5328 5326
l 5327 5321
l 5323 5328
l 5331 5329
l 5329 5330
l 5330 5332
l 5332 5331
l 5330 5333
l 5333 5334
l 5334 5332
l 5333 5335
l 5335 5336
l 5336 5334
l 5335 5329
l 5331 5336
l 5339 5337
l 5337 5338
l 5338 5340
l 5340 5339
l 5338 5341
l 5341 5342
l 5342 5340
l 5341 5343
l 5343 5344
l 5344 5342
l 5343 5337
l 5339 5344
l 5347 5345
l 5345 5346
l 5346 5348
l 5348 5347
l 5346 5349
l 5349 5350
l 5350 5348
l 5349 5351
l 5351 5352
l 5352 5350
l 5351 5345
l 5347 5352
l 5355 5353
l 5353 5354
l 5354 5356
l 5356 5355
l 5354 5357
l 5357 5358
l 5358 5356
l 5357 5359
l 5359 5360
l 5360 5358
l 5359 5353
l 5355 5360
l 5363 5361
l 5361 5362
l 5362 5364
l 5364 5363
l 5362 5365
l 5365 5366
l 5366 5364
l 5365 5367
l 5367 5368
l 5368 5366
l 5367 5361
l 5363 5368
l 5371 5369
l 5369 5370
l 5370 5372
l 5372 5371
l 5370 5373
l 5373 5374
l 5374 5372
l 5373 5375
l 5375 5376
l 5376 5374
l 5375 5369
l 5371 5376
l 5379 5377
l 5377 5378
l 5378 5380
l 5380 5379
l 5378 5381
l 5381 5382
l 5382 5380
l 5381 5383
l 5383 5384
l 5384 5382
l 5383 5377
l 5379 5384
l 5387 5385
l 5385 5386
l 5386 5388
l 5388 5387
l 5386 5389
l 5389 5390
l 5390 5388
l 5389 5391
l 5391 5392
l 5392 5390
l 5391 5385
l 5387 5392
l 5395 5393
l 5393 5394
l 5394 5396
l 5396 5395
l 5394 5397
l 5397 5398
l 5398 5396
l 5397 5399
l 5399 5400
l 5400 5398
l 5399 5393
l 5395 5400
l 5403 5401
l 5401 5402
l 5402 5404
l 5404 5403
l 5402 5405
l 5405 5406
l 5406 5404
l 5405 5407
l 5407 5408
l 5408 5406
l 5407 5401
l 5403 5408
l 5411 5409
l 5409 5410
l 5410 5412
l 5412 5411
l 5410 5413
l 5413 5414
l 5414 5412
l 5413 5415
l 5415 5416
l 5416 5414
l 5415 5409
l 5411 5416
l 5419 5417
l 5417 5418
l 5418 5420
l 5420 5419
l 5418 5421
l 5421 5422
l 5422 5420
l 5421 5423
l 5423 5424
l 5424 5422
l 5423 5417
l 5419 5424
l 5427 5425
l 5425 5426
l 5426 5428
l 5428 5427
l 5426 5429
l 5429 5430
l 5430 5428
l 5429 5431
l 5431 5432
l 5432 5430
l 5431 5425
l 5427 5432
l 5435 5433
l 5433 5434
l 5434 5436
l 5436 5435
l 5434 5437
l 5437 5438
l 5438 5436
l 5437 5439
l 5439 5440
l 5440 5438
l 5439 5433
l 5435 5440
l 5443 5441
l 5441 5442
l 5442 5444
l 5444 5443
l 5442 5445
l 5445 5446
l 5446 5444
l 5445 5447
l 5447 5448
l 5448 5446
l 5447 5441
l 5443 5448
l 5451 5449
l 5449 5450
l 5450 5452
l 5452 5451
l 5450 5453
l 5453 5454
l 5454 5452
l 5453 5455
l 5455 5456
l 5456 5454
l 5455 5449
l 5451 5456
l 5459 5457
l 5457 5458
l 5458 5460
l 5460 5459
l 5458 5461
l 5461 5462
l 5462 5460
l 5461 5463
l 5463 5464
l 5464 5462
l 5463 5457
l 5459 5464
l 5467 5465
l 5465 5466
l 5466 5468
l 5468 5467
l 5466 5469
l 5469 5470
l 5470 5468
l 5469 5471
l 5471 5472
l 5472 5470
l 5471 5465
l 5467 5472
l 5475 5473
l 5473 5474
l 5474 5476
l 5476 5475
l 5474 5477
l 5477 5478
l 5478 5476
l 5477 5479
l 5479 5480
l 5480 5478
l 5479 5473
l 5475 5480
l 5483 5481
l 5481 5482
l 5482 5484
l 5484 5483
l 5482 5485
l 5485 5486
l 5486 5484
l 5485 5487
l 5487 5488
l 5488 5486
l 5487 5481
l 5483 5488
l 5491 5489
l 5489 5490
l 5490 5492
l 5492 5491
l 5490 5493
l 5493 5494
l 5494 5492
l 5493 5495
l 5495 5496
l 5496 5494
l 5495 5489
l 5491 5496
l 5499 5497
l 5497 5498
l 5498 5500
l 5500 5499
l 5498 5501
l 5501 5502
l 5502 5500
l 5501 5503
l 5503 5504
l 5504 5502
l 5503 5497
l 5499 5504
l 5507 5505
l 5505 5506
l 5506 5508
l 5508 5507
l 5506 5509
l 5509 5510
l 5510 5508
l 5509 5511
l 5511 5512
l 5512 5510
l 5511 5505
l 5507 5512
l 5515 5513
l 5513 5514
l 5514 5516
l 5516 5515
l 5514 5517
l 5517 5518
l 5518 5516
l 5517 5519
l 5519 5520
l 5520 5518
l 5519 5513
l 5515 5520
l 5523 5521
l 5521 5522
l 5522 5524
l 5524 5523
l 5522 5525
l 5525 5526
l 5526 5524
l 5525 5527
l 5527 5528
l 5528 5526
l 5527 5521
l 5523 5528
l 5531 5529
l 5529 5530
l 5530 5532
l 5532 5531
l 5530 5533
l 5533 5534
l 5534 5532
l 5533 5535
l 5535 5536
l 5536 5534
l 5535 5529
l 5531 5536
l 5539 5537
l 5537 5538
l 5538 5540
l 5540 5539
l 5538 5541
l 5541 5542
l 5542 5540
l 5541 5543
l 5543 5544
l 5544 5542
l 5543 5537
l 5539 5544
l 5547 5545
l 5545 5546
l 5546 5548
l 5548 5547
l 5546 5549
l 5549 5550
l 5550 5548
l 5549 5551
l 5551 5552
l 5552 5550
l 5551 5545
l 5547 5552
l 5555 5553
l 5553 5554
l 5554 5556
l 5556 5555
l 5554 5557
l 5557 5558
l 5558 5556
l 5557 5559
l 5559 5560
l 5560 5558
l 5559 5553
l 5555 5560
l 5563 5561
l 5561 5562
l 5562 5564
l 5564 5563
l 5562 5565
l 5565 5566
l 5566 5564
l 5565 5567
l 5567 5568
l 5568 5566
l 5567 5561
l 5563 5568
l 5571 5569
l 5569 5570
l 5570 5572
l 5572 5571
l 5570 5573
l 5573 5574
l 5574 5572
l 5573 5575
l 5575 5576
l 5576 5574
l 5575 5569
l 5571 5576
l 5579 5577
l 5577 5578
l 5578 5580
l 5580 5579
l 5578 5581
l 5581 5582
l 5582 5580
l 5581 5583
l 5583 5584
l 5584 5582
l 5583 5577
l 5579 5584
l 5587 5585
l 5585 5586
l 5586 5588
l 5588 5587
l 5586 5589
l 5589 5590
l 5590 5588
l 5589 5591
l 5591 5592
l 5592 5590
l 5591 5585
l 5587 5592
l 5595 5593
l 5593 5594
l 5594 5596
l 5596 5595
l 5594 5597
l 5597 5598
l 5598 5596
l 5597 5599
l 5599 5600
l 5600 5598
l 5599 5593
l 5595 5600
l 5603 5601
l 5601 5602
l 5602 5604
l 5604 5603
l 5602 5605
l 5605 5606
l 5606 5604
l 5605 5607
l 5607 5608
l 5608 5606
l 5607 5601
l 5603 5608
l 5611 5609
l 5609 5610
l 5610 5612
l 5612 5611
l 5610 5613
l 5613 5614
l 5614 5612
l 5613 5615
l 5615 5616
l 5616 5614
l 5615 5609
l 5611 5616
l 5619 5617
l 5617 5618
l 5618 5620
l 5620 5619
l 5618 5621
l 5621 5622
l 5622 5620
l 5621 5623
l 5623 5624
l 5624 5622
l 5623 5617
l 5619 5624
l 5627 5625
l 5625 5626
l 5626 5628
l 5628 5627
l 5626 5629
l 5629 5630
l 5630 5628
l 5629 5631
l 5631 5632
l 5632 5630
l 5631 5625
l 5627 5632
l 5635 5633
l 5633 5634
l 5634 5636
l 5636 5635
l 5634 5637
l 5637 5638
l 5638 5636
l 5637 5639
l 5639 5640
l 5640 5638
l 5639 5633
l 5635 5640
l 5643 5641
l 5641 5642
l 5642 5644
l 5644 5643
l 5642 5645
l 5645 5646
l 5646 5644
l 5645 5647
l 5647 5648
l 5648 5646
l 5647 5641
l 5643 5648
l 5651 5649
l 5649 5650
l 5650 5652
l 5652 5651
l 5650 5653
l 5653 5654
l 5654 5652
l 5653 5655
l 5655 5656
l 5656 5654
l 5655 5649
l 5651 5656
l 5659 5657
l 5657 5658
l 5658 5660
l 5660 5659
l 5658 5661
l 5661 5662
l 5662 5660
l 5661 5663
l 5663 5664
l 5664 5662
l 5663 5657
l 5659 5664
l 5667 5665
l 5665 5666
l 5666 5668
l 5668 5667
l 5666 5669
l 5669 5670
l 5670 5668
l 5669 5671
l 5671 5672
l 5672 5670
l 5671 5665
l 5667 5672
l 5675 5673
l 5673 5674
l 5674 5676
l 5676 5675
l 5674 5677
l 5677 5678
l 5678 5676
l 5677 5679
l 5679 5680
l 5680 5678
l 5679 5673
l 5675 5680
l 5683 5681
l 5681 5682
l 5682 5684
l 5684 5683
l 5682 5685
l 5685 5686
l 5686 5684
l 5685 5687
l 5687 5688
l 5688 5686
l 5687 5681
l 5683 5688
l 5691 5689
l 5689 5690
l 5690 5692
l 5692 5691
l 5690 5693
l 5693 5694
l 5694 5692
l 5693 5695
l 5695 5696
l 5696 5694
l 5695 5689
l 5691 5696
l 5699 5697
l 5697 5698
l 5698 5700
l 5700 5699
l 5698 5701
l 5701 5702
l 5702 5700
l 5701 5703
l 5703 5704
l 5704 5702
l 5703 5697
l 5699 5704
l 5707 5705
l 5705 5706
l 5706 5708
l 5708 5707
l 5706 5709
l 5709 5710
l 5710 5708
l 5709 5711
l 5711 5712
l 5712 5710
l 5711 5705
l 5707 5712
l 5715 5713
l 5713 5714
l 5714 5716
l 5716 5715
l 5714 5717
l 5717 5718
l 5718 5716
l 5717 5719
l 5719 5720
l 5720 5718
l 5719 5713
l 5715 5720
l 5723 5721
l 5721 5722
l 5722 5724
l 5724 5723
l 5722 5725
l 5725 5726
l 5726 5724
l 5725 5727
l 5727 5728
l 5728 5726
l 5727 5721
l 5723 5728
l 5731 5729
l 5729 5730
l 5730 5732
l 5732 5731
l 5730 5733
l 5733 5734
l 5734 5732
l 5733 5735
l 5735 5736
l 5736 5734
l 5735 5729
l 5731 5736
l 5739 5737
l 5737 5738
l 5738 5740
l 5740 5739
l 5738 5741
l 5741 5742
l 5742 5740
l 5741 5743
l 5743 5744
l 5744 5742
l 5743 5737
l 5739 5744
l 5747 5745
l 5745 5746
l 5746 5748
l 5748 5747
l 5746 5749
l 5749 5750
l 5750 5748
l 5749 5751
l 5751 5752
l 5752 5750
l 5751 5745
l 5747 5752
l 5755 5753
l 5753 5754
l 5754 5756
l 5756 5755
l 5754 5757
l 5757 5758
l 5758 5756
l 5757 5759
l 5759 5760
l 5760 5758
l 5759 5753
l 5755 5760
l 5763 5761
l 5761 5762
l 5762 5764
l 5764 5763
l 5762 5765
l 5765 5766
l 5766 5764
l 5765 5767
l 5767 5768
l 5768 5766
l 5767 5761
l 5763 5768
l 5771 5769
l 5769 5770
l 5770 5772
l 5772 5771
l 5770 5773
l 5773 5774
l 5774 5772
l 5773 5775
l 5775 5776
l 5776 5774
l 5775 5769
l 5771 5776
l 5779 5777
l 5777 5778
l 5778 5780
l 5780 5779
l 5778 5781
l 5781 5782
l 5782 5780
l 5781 5783
l 5783 5784
l 5784 5782
l 5783 5777
l 5779 5784
l 5787 5785
l 5785 5786
l 5786 5788
l 5788 5787
l 5786 5789
l 5789 5790
l 5790 5788
l 5789 5791
l 5791 5792
l 5792 5790
l 5791 5785
l 5787 5792
l 5795 5793
l 5793 5794
l 5794 5796
l 5796 5795
l 5794 5797
l 5797 5798
l 5798 5796
l 5797 5799
l 5799 5800
l 5800 5798
l 5799 5793
l 5795 5800
l 5803 5801
l 5801 5802
l 5802 5804
l 5804 5803
l 5802 5805
l 5805 5806
l 5806 5804
l 5805 5807
l 5807 5808
l 5808 5806
l 5807 5801
l 5803 5808
l 5811 5809
l 5809 5810
l 5810 5812
l 5812 5811
l 5810 5813
l 5813 5814
l 5814 5812
l 5813 5815
l 5815 5816
l 5816 5814
l 5815 5809
l 5811 5816
l 5819 5817
l 5817 5818
l 5818 5820
l 5820 5819
l 5818 5821
l 5821 5822
l 5822 5820
l 5821 5823
l 5823 5824
l 5824 5822
l 5823 5817
l 5819 5824
l 5827 5825
l 5825 5826
l 5826 5828
l 5828 5827
l 5826 5829
l 5829 5830
l 5830 5828
l 5829 5831
l 5831 5832
l 5832 5830
l 5831 5825
l 5827 5832
l 5835 5833
l 5833 5834
l 5834 5836
l 5836 5835
l 5834 5837
l 5837 5838
l 5838 5836
l 5837 5839
l 5839 5840
l 5840 5838
l 5839 5833
l 5835 5840
l 5843 5841
l 5841 5842
l 5842 5844
l 5844 5843
l 5842 5845
l 5845 5846
l 5846 5844
l 5845 5847
l 5847 5848
l 5848 5846
l 5847 5841
l 5843 5848
l 5851 5849
l 5849 5850
l 5850 5852
l 5852 5851
l 5850 5853
l 5853 5854
l 5854 5852
l 5853 5855
l 5855 5856
l 5856 5854
l 5855 5849
l 5851 5856
l 5859 5857
l 5857 5858
l 5858 5860
l 5860 5859
l 5858 5861
l 5861 5862
l 5862 5860
l 5861 5863
l 5863 5864
l 5864 5862
l 5863 5857
l 5859 5864
l 5867 5865
l 5865 5866
l 5866 5868
l 5868 5867
l 5866 5869
l 5869 5870
l 5870 5868
l 5869 5871
l 5871 5872
l 5872 5870
l 5871 5865
l 5867 5872
l 5875 5873
l 5873 5874
l 5874 5876
l 5876 5875
l 5874 5877
l 5877 5878
l 5878 5876
l 5877 5879
l 5879 5880
l 5880 5878
l 5879 5873
l 5875 5880
l 5883 5881
l 5881 5882
l 5882 5884
l 5884 5883
l 5882 5885
l 5885 5886
l 5886 5884
l 5885 5887
l 5887 5888
l 5888 5886
l 5887 5881
l 5883 5888
l 5891 5889
l 5889 5890
l 5890 5892
l 5892 5891
l 5890 5893
l 5893 5894
l 5894 5892
l 5893 5895
l 5895 5896
l 5896 5894
l 5895 5889
l 5891 5896
l 5899 5897
l 5897 5898
l 5898 5900
l 5900 5899
l 5898 5901
l 5901 5902
l 5902 5900
l 5901 5903
l 5903 5904
l 5904 5902
l 5903 5897
l 5899 5904
l 5907 5905
l 5905 5906
l 5906 5908
l 5908 5907
l 5906 5909
l 5909 5910
l 5910 5908
l 5909 5911
l 5911 5912
l 5912 5910
l 5911 5905
l 5907 5912
l 5915 5913
l 5913 5914
l 5914 5916
l 5916 5915
l 5914 5917
l 5917 5918
l 5918 5916
l 5917 5919
l 5919 5920
l 5920 5918
l 5919 5913
l 5915 5920
l 5923 5921
l 5921 5922
l 5922 5924
l 5924 5923
l 5922 5925
l 5925 5926
l 5926 5924
l 5925 5927
l 5927 5928
l 5928 5926
l 5927 5921
l 5923 5928
l 5931 5929
l 5929 5930
l 5930 5932
l 5932 5931
l 5930 5933
l 5933 5934
l 5934 5932
l 5933 5935
l 5935 5936
l 5936 5934
l 5935 5929
l 5931 5936
l 5939 5937
l 5937 5938
l 5938 5940
l 5940 5939
l 5938 5941
l 5941 5942
l 5942 5940
l 5941 5943
l 5943 5944
l 5944 5942
l 5943 5937
l 5939 5944
l 5947 5945
l 5945 5946
l 5946 5948
l 5948 5947
l 5946 5949
l 5949 5950
l 5950 5948
l 5949 5951
l 5951 5952
l 5952 5950
l 5951 5945
l 5947 5952
l 5955 5953
l 5953 5954
l 5954 5956
l 5956 5955
l 5954 5957
l 5957 5958
l 5958 5956
l 5957 5959
l 5959 5960
l 5960 5958
l 5959 5953
l 5955 5960
l 5963 5961
l 5961 5962
l 5962 5964
l 5964 5963
l 5962 5965
l 5965 5966
l 5966 5964
l 5965 5967
l 5967 5968
l 5968 5966
l 5967 5961
l 5963 5968
l 5971 5969
l 5969 5970
l 5970 5972
l 5972 5971
l 5970 5973
l 5973 5974
l 5974 5972
l 5973 5975
l 5975 5976
l 5976 5974
l 5975 5969
l 5971 5976
l 5979 5977
l 5977 5978
l 5978 5980
l 5980 5979
l 5978 5981
l 5981 5982
l 5982 5980
l 5981 5983
l 5983 5984
l 5984 5982
l 5983 5977
l 5979 5984
l 5987 5985
l 5985 5986
l 5986 5988
l 5988 5987
l 5986 5989
l 5989 5990
l 5990 5988
l 5989 5991
l 5991 5992
l 5992 5990
l 5991 5985
l 5987 5992
l 5995 5993
l 5993 5994
l 5994 5996
l 5996 5995
l 5994 5997
l 5997 5998
l 5998 5996
l 5997 5999
l 5999 6000
l 6000 5998
l 5999 5993
l 5995 6000
l 6003 6001
l 6001 6002
l 6002 6004
l 6004 6003
l 6002 6005
l 6005 6006
l 6006 6004
l 6005 6007
l 6007 6008
l 6008 6006
l 6007 6001
l 6003 6008
l 6011 6009
l 6009 6010
l 6010 6012
l 6012 6011
l 6010 6013
l 6013 6014
l 6014 6012
l 6013 6015
l 6015 6016
l 6016 6014
l 6015 6009
l 6011 6016
l 6019 6017
l 6017 6018
l 6018 6020
l 6020 6019
l 6018 6021
l 6021 6022
l 6022 6020
l 6021 6023
l 6023 6024
l 6024 6022
l 6023 6017
l 6019 6024
l 6027 6025
l 6025 6026
l 6026 6028
l 6028 6027
l 6026 6029
l 6029 6030
l 6030 6028
l 6029 6031
l 6031 6032
l 6032 6030
l 6031 6025
l 6027 6032
l 6035 6033
l 6033 6034
l 6034 6036
l 6036 6035
l 6034 6037
l 6037 6038
l 6038 6036
l 6037 6039
l 6039 6040
l 6040 6038
l 6039 6033
l 6035 6040
l 6043 6041
l 6041 6042
l 6042 6044
l 6044 6043
l 6042 6045
l 6045 6046
l 6046 6044
l 6045 6047
l 6047 6048
l 6048 6046
l 6047 6041
l 6043 6048
l 6051 6049
l 6049 6050
l 6050 6052
l 6052 6051
l 6050 6053
l 6053 6054
l 6054 6052
l 6053 6055
l 6055 6056
l 6056 6054
l 6055 6049
l 6051 6056
l 6059 6057
l 6057 6058
l 6058 6060
l 6060 6059
l 6058 6061
l 6061 6062
l 6062 6060
l 6061 6063
l 6063 6064
l 6064 6062
l 6063 6057
l 6059 6064
l 6067 6065
l 6065 6066
l 6066 6068
l 6068 6067
l 6066 6069
l 6069 6070
l 6070 6068
l 6069 6071
l 6071 6072
l 6072 6070
l 6071 6065
l 6067 6072
l 6075 6073
l 6073 6074
l 6074 6076
l 6076 6075
l 6074 6077
l 6077 6078
l 6078 6076
l 6077 6079
l 6079 6080
l 6080 6078
l 6079 6073
l 6075 6080
l 6083 6081
l 6081 6082
l 6082 6084
l 6084 6083
l 6082 6085
l 6085 6086
l 6086 6084
l 6085 6087
l 6087 6088
l 6088 6086
l 6087 6081
l 6083 6088
l 6091 6089
l 6089 6090
l 6090 6092
l 6092 6091
l 6090 6093
l 6093 6094
l 6094 6092
l 6093 6095
l 6095 6096
l 6096 6094
l 6095 6089
l 6091 6096
l 6099 6097
l 6097 6098
l 6098 6100
l 6100 6099
l 6098 6101
l 6101 6102
l 6102 6100
l 6101 6103
l 6103 6104
l 6104 6102
l 6103 6097
l 6099 6104
l 6107 6105
l 6105 6106
l 6106 6108
l 6108 6107
l 6106 6109
l 6109 6110
l 6110 6108
l 6109 6111
l 6111 6112
l 6112 6110
l 6111 6105
l 6107 6112
l 6115 6113
l 6113 6114
l 6114 6116
l 6116 6115
l 6114 6117
l 6117 6118
l 6118 6116
l 6117 6119
l 6119 6120
l 6120 6118
l 6119 6113
l 6115 6120
l 6123 6121
l 6121 6122
l 6122 6124
l 6124 6123
l 6122 6125
l 6125 6126
l 6126 6124
l 6125 6127
l 6127 6128
l 6128 6126
l 6127 6121
l 6123 6128
l 6131 6129
l 6129 6130
l 6130 6132
l 6132 6131
l 6130 6133
l 6133 6134
l 6134 6132
l 6133 6135
l 6135 6136
l 6136 6134
l 6135 6129
l 6131 6136
l 6139 6137
l 6137 6138
l 6138 6140
l 6140 6139
l 6138 6141
l 6141 6142
l 6142 6140
l 6141 6143
l 6143 6144
l 6144 6142
l 6143 6137
l 6139 6144
l 6147 6145
l 6145 6146
l 6146 6148
l 6148 6147
l 6146 6149
l 6149 6150
l 6150 6148
l 6149 6151
l 6151 6152
l 6152 6150
l 6151 6145
l 6147 6152
l 6155 6153
l 6153 6154
l 6154 6156
l 6156 6155
l 6154 6157
l 6157 6158
l 6158 6156
l 6157 6159
l 6159 6160
l 6160 6158
l 6159 6153
l 6155 6160
l 6163 6161
l 6161 6162
l 6162 6164
l 6164 6163
l 6162 6165
l 6165 6166
l 6166 6164
l 6165 6167
l 6167 6168
l 6168 6166
l 6167 6161
l 6163 6168
l 6171 6169
l 6169 6170
l 6170 6172
l 6172 6171
l 6170 6173
l 6173 6174
l 6174 6172
l 6173 6175
l 6175 6176
l 6176 6174
l 6175 6169
l 6171 6176
l 6179 6177
l 6177 6178
l 6178 6180
l 6180 6179
l 6178 6181
l 6181 6182
l 6182 6180
l 6181 6183
l 6183 6184
l 6184 6182
l 6183 6177
l 6179 6184
l 6187 6185
l 6185 6186
l 6186 6188
l 6188 6187
l 6186 6189
l 6189 6190
l 6190 6188
l 6189 6191
l 6191 6192
l 6192 6190
l 6191 6185
l 6187 6192
l 6195 6193
l 6193 6194
l 6194 6196
l 6196 6195
l 6194 6197
l 6197 6198
l 6198 6196
l 6197 6199
l 6199 6200
l 6200 6198
l 6199 6193
l 6195 6200
l 6203 6201
l 6201 6202
l 6202 6204
l 6204 6203
l 6202 6205
l 6205 6206
l 6206 6204
l 6205 6207
l 6207 6208
l 6208 6206
l 6207 6201
l 6203 6208
l 6211 6209
l 6209 6210
l 6210 6212
l 6212 6211
l 6210 6213
l 6213 6214
l 6214 6212
l 6213 6215
l 6215 6216
l 6216 6214
l 6215 6209
l 6211 6216
l 6219 6217
l 6217 6218
l 6218 6220
l 6220 6219
l 6218 6221
l 6221 6222
l 6222 6220
l 6221 6223
l 6223 6224
l 6224 6222
l 6223 6217
l 6219 6224
l 6227 6225
l 6225 6226
l 6226 6228
l 6228 6227
l 6226 6229
l 6229 6230
l 6230 6228
l 6229 6231
l 6231 6232
l 6232 6230
l 6231 6225
l 6227 6232
l 6235 6233
l 6233 6234
l 6234 6236
l 6236 6235
l 6234 6237
l 6237 6238
l 6238 6236
l 6237 6239
l 6239 6240
l 6240 6238
l 6239 6233
l 6235 6240
l 6243 6241
l 6241 6242
l 6242 6244
l 6244 6243
l 6242 6245
l 6245 6246
l 6246 6244
l 6245 6247
l 6247 6248
l 6248 6246
l 6247 6241
l 6243 6248
l 6251 6249
l 6249 6250
l 6250 6252
l 6252 6251
l 6250 6253
l 6253 6254
l 6254 6252
l 6253 6255
l 6255 6256
l 6256 6254
l 6255 6249
l 6251 6256
l 6259 6257
l 6257 6258
l 6258 6260
l 6260 6259
l 6258 6261
l 6261 6262
l 6262 6260
l 6261 6263
l 6263 6264
l 6264 6262
l 6263 6257
l 6259 6264
l 6267 6265
l 6265 6266
l 6266 6268
l 6268 6267
l 6266 6269
l 6269 6270
l 6270 6268
l 6269 6271
l 6271 6272
l 6272 6270
l 6271 6265
l 6267 6272
l 6275 6273
l 6273 6274
l 6274 6276
l 6276 6275
l 6274 6277
l 6277 6278
l 6278 6276
l 6277 6279
l 6279 6280
l 6280 6278
l 6279 6273
l 6275 6280
l 6283 6281
l 6281 6282
l 6282 6284
l 6284 6283
l 6282 6285
l 6285 6286
l 6286 6284
l 6285 6287
l 6287 6288
l 6288 6286
l 6287 6281
l 6283 6288
l 6291 6289
l 6289 6290
l 6290 6292
l 6292 6291
l 6290 6293
l 6293 6294
l 6294 6292
l 6293 6295
l 6295 6296
l 6296 6294
l 6295 6289
l 6291 6296
l 6299 6297
l 6297 6298
l 6298 6300
l 6300 6299
l 6298 6301
l 6301 6302
l 6302 6300
l 6301 6303
l 6303 6304
l 6304 6302
l 6303 6297
l 6299 6304
l 6307 6305
l 6305 6306
l 6306 6308
l 6308 6307
l 6306 6309
l 6309 6310
l 6310 6308
l 6309 6311
l 6311 6312
l 6312 6310
l 6311 6305
l 6307 6312
l 6315 6313
l 6313 6314
l 6314 6316
l 6316 6315
l 6314 6317
l 6317 6318
l 6318 6316
l 6317 6319
l 6319 6320
l 6320 6318
l 6319 6313
l 6315 6320
l 6323 6321
l 6321 6322
l 6322 6324
l 6324 6323
l 6322 6325
l 6325 6326
l 6326 6324
l 6325 6327
l 6327 6328
l 6328 6326
l 6327 6321
l 6323 6328
l 6331 6329
l 6329 6330
l 6330 6332
l 6332 6331
l 6330 6333
l 6333 6334
l 6334 6332
l 6333 6335
l 6335 6336
l 6336 6334
l 6335 6329
l 6331 6336
l 6339 6337
l 6337 6338
l 6338 6340
l 6340 6339
l 6338 6341
l 6341 6342
l 6342 6340
l 6341 6343
l 6343 6344
l 6344 6342
l 6343 6337
l 6339 6344
l 6347 6345
l 6345 6346
l 6346 6348
l 6348 6347
l 6346 6349
l 6349 6350
l 6350 6348
l 6349 6351
l 6351 6352
l 6352 6350
l 6351 6345
l 6347 6352
l 6355 6353
l 6353 6354
l 6354 6356
l 6356 6355
l 6354 6357
l 6357 6358
l 6358 6356
l 6357 6359
l 6359 6360
l 6360 6358
l 6359 6353
l 6355 6360
l 6363 6361
l 6361 6362
l 6362 6364
l 6364 6363
l 6362 6365
l 6365 6366
l 6366 6364
l 6365 6367
l 6367 6368
l 6368 6366
l 6367 6361
l 6363 6368
l 6371 6369
l 6369 6370
l 6370 6372
l 6372 6371
l 6370 6373
l 6373 6374
l 6374 6372
l 6373 6375
l 6375 6376
l 6376 6374
l 6375 6369
l 6371 6376
l 6379 6377
l 6377 6378
l 6378 6380
l 6380 6379
l 6378 6381
l 6381 6382
l 6382 6380
l 6381 6383
l 6383 6384
l 6384 6382
l 6383 6377
l 6379 6384
l 6387 6385
l 6385 6386
l 6386 6388
l 6388 6387
l 6386 6389
l 6389 6390
l 6390 6388
l 6389 6391
l 6391 6392
l 6392 6390
l 6391 6385
l 6387 6392
l 6395 6393
l 6393 6394
l 6394 6396
l 6396 6395
l 6394 6397
l 6397 6398
l 6398 6396
l 6397 6399
l 6399 6400
l 6400 6398
l 6399 6393
l 6395 6400
l 6403 6401
l 6401 6402
l 6402 6404
l 6404 6403
l 6402 6405
l 6405 6406
l 6406 6404
l 6405 6407
l 6407 6408
l 6408 6406
l 6407 6401
l 6403 6408
l 6411 6409
l 6409 6410
l 6410 6412
l 6412 6411
l 6410 6413
l 6413 6414
l 6414 6412
l 6413 6415
l 6415 6416
l 6416 6414
l 6415 6409
l 6411 6416
l 6419 6417
l 6417 6418
l 6418 6420
l 6420 6419
l 6418 6421
l 6421 6422
l 6422 6420
l 6421 6423
l 6423 6424
l 6424 6422
l 6423 6417
l 6419 6424
l 6427 6425
l 6425 6426
l 6426 6428
l 6428 6427
l 6426 6429
l 6429 6430
l 6430 6428
l 6429 6431
l 6431 6432
l 6432 6430
l 6431 6425
l 6427 6432
l 6435 6433
l 6433 6434
l 6434 6436
l 6436 6435
l 6434 6437
l 6437 6438
l 6438 6436
l 6437 6439
l 6439 6440
l 6440 6438
l 6439 6433
l 6435 6440
l 6443 6441
l 6441 6442
l 6442 6444
l 6444 6443
l 6442 6445
l 6445 6446
l 6446 6444
l 6445 6447
l 6447 6448
l 6448 6446
l 6447 6441
l 6443 6448
l 6451 6449
l 6449 6450
l 6450 6452
l 6452 6451
l 6450 6453
l 6453 6454
l 6454 6452
l 6453 6455
l 6455 6456
l 6456 6454
l 6455 6449
l 6451 6456
l 6459 6457
l 6457 6458
l 6458 6460
l 6460 6459
l 6458 6461
l 6461 6462
l 6462 6460
l 6461 6463
l 6463 6464
l 6464 6462
l 6463 6457
l 6459 6464
l 6467 6465
l 6465 6466
l 6466 6468
l 6468 6467
l 6466 6469
l 6469 6470
l 6470 6468
l 6469 6471
l 6471 6472
l 6472 6470
l 6471 6465
l 6467 6472
l 6475 6473
l 6473 6474
l 6474 6476
l 6476 6475
l 6474 6477
l 6477 6478
l 6478 6476
l 6477 6479
l 6479 6480
l 6480 6478
l 6479 6473
l 6475 6480
l 6483 6481
l 6481 6482
l 6482 6484
l 6484 6483
l 6482 6485
l 6485 6486
l 6486 6484
l 6485 6487
l 6487 6488
l 6488 6486
l 6487 6481
l 6483 6488
l 6491 6489
l 6489 6490
l 6490 6492
l 6492 6491
l 6490 6493
l 6493 6494
l 6494 6492
l 6493 6495
l 6495 6496
l 6496 6494
l 6495 6489
l 6491 6496
l 6499 6497
l 6497 6498
l 6498 6500
l 6500 6499
l 6498 6501
l 6501 6502
l 6502 6500
l 6501 6503
l 6503 6504
l 6504 6502
l 6503 6497
l 6499 6504
l 6507 6505
l 6505 6506
l 6506 6508
l 6508 6507
l 6506 6509
l 6509 6510
l 6510 6508
l 6509 6511
l 6511 6512
l 6512 6510
l 6511 6505
l 6507 6512
l 6515 6513
l 6513 6514
l 6514 6516
l 6516 6515
l 6514 6517
l 6517 6518
l 6518 6516
l 6517 6519
l 6519 6520
l 6520 6518
l 6519 6513
l 6515 6520
l 6523 6521
l 6521 6522
l 6522 6524
l 6524 6523
l 6522 6525
l 6525 6526
l 6526 6524
l 6525 6527
l 6527 6528
l 6528 6526
l 6527 6521
l 6523 6528
l 6531 6529
l 6529 6530
l 6530 6532
l 6532 6531
l 6530 6533
l 6533 6534
l 6534 6532
l 6533 6535
l 6535 6536
l 6536 6534
l 6535 6529
l 6531 6536
l 6539 6537
l 6537 6538
l 6538 6540
l 6540 6539
l 6538 6541
l 6541 6542
l 6542 6540
l 6541 6543
l 6543 6544
l 6544 6542
l 6543 6537
l 6539 6544
l 6547 6545
l 6545 6546
l 6546 6548
l 6548 6547
l 6546 6549
l 6549 6550
l 6550 6548
l 6549 6551
l 6551 6552
l 6552 6550
l 6551 6545
l 6547 6552
l 6555 6553
l 6553 6554
l 6554 6556
l 6556 6555
l 6554 6557
l 6557 6558
l 6558 6556
l 6557 6559
l 6559 6560
l 6560 6558
l 6559 6553
l 6555 6560
l 6563 6561
l 6561 6562
l 6562 6564
l 6564 6563
l 6562 6565
l 6565 6566
l 6566 6564
l 6565 6567
l 6567 6568
l 6568 6566
l 6567 6561
l 6563 6568
l 6571 6569
l 6569 6570
l 6570 6572
l 6572 6571
l 6570 6573
l 6573 6574
l 6574 6572
l 6573 6575
l 6575 6576
l 6576 6574
l 6575 6569
l 6571 6576
l 6579 6577
l 6577 6578
l 6578 6580
l 6580 6579
l 6578 6581
l 6581 6582
l 6582 6580
l 6581 6583
l 6583 6584
l 6584 6582
l 6583 6577
l 6579 6584
l 6587 6585
l 6585 6586
l 6586 6588
l 6588 6587
l 6586 6589
l 6589 6590
l 6590 6588
l 6589 6591
l 6591 6592
l 6592 6590
l 6591 6585
l 6587 6592
l 6595 6593
l 6593 6594
l 6594 6596
l 6596 6595
l 6594 6597
l 6597 6598
l 6598 6596
l 6597 6599
l 6599 6600
l 6600 6598
l 6599 6593
l 6595 6600
l 6603 6601
l 6601 6602
l 6602 6604
l 6604 6603
l 6602 6605
l 6605 6606
l 6606 6604
l 6605 6607
l 6607 6608
l 6608 6606
l 6607 6601
l 6603 6608
l 6611 6609
l 6609 6610
l 6610 6612
l 6612 6611
l 6610 6613
l 6613 6614
l 6614 6612
l 6613 6615
l 6615 6616
l 6616 6614
l 6615 6609
l 6611 6616
l 6619 6617
l 6617 6618
l 6618 6620
l 6620 6619
l 6618 6621
l 6621 6622
l 6622 6620
l 6621 6623
l 6623 6624
l 6624 6622
l 6623 6617
l 6619 6624
l 6627 6625
l 6625 6626
l 6626 6628
l 6628 6627
l 6626 6629
l 6629 6630
l 6630 6628
l 6629 6631
l 6631 6632
l 6632 6630
l 6631 6625
l 6627 6632
l 6635 6633
l 6633 6634
l 6634 6636
l 6636 6635
l 6634 6637
l 6637 6638
l 6638 6636
l 6637 6639
l 6639 6640
l 6640 6638
l 6639 6633
l 6635 6640
l 6643 6641
l 6641 6642
l 6642 6644
l 6644 6643
l 6642 6645
l 6645 6646
l 6646 6644
l 6645 6647
l 6647 6648
l 6648 6646
l 6647 6641
l 6643 6648
l 6651 6649
l 6649 6650
l 6650 6652
l 6652 6651
l 6650 6653
l 6653 6654
l 6654 6652
l 6653 6655
l 6655 6656
l 6656 6654
l 6655 6649
l 6651 6656
l 6659 6657
l 6657 6658
l 6658 6660
l 6660 6659
l 6658 6661
l 6661 6662
l 6662 6660
l 6661 6663
l 6663 6664
l 6664 6662
l 6663 6657
l 6659 6664
# </edges>
