# vtk DataFile Version 2.0
sampleSurface
ASCII
DATASET POLYDATA
POINTS 7803 float
0.04 0.04 0.01 -0 0.04 0.01 -0 0 0.01 0.04 0
0.01 0.08 0.04 0.01 0.08 0 0.01 0.12 0.04 0.01
0.12 -0 0.01 0.16 0.04 0.01 0.16 -0 0.01 0.2
0.04 0.01 0.2 -0 0.01 0.24 0.04 0.01 0.24 -0
0.01 0.279999 0.04 0.01 0.279999 0 0.01 0.319998 0.0400001 0.01
0.319997 0 0.01 0.359995 0.0400002 0.01 0.359994 0 0.01 0.399989
0.0400006 0.01 0.399987 0 0.01 0.439977 0.0400014 0.01 0.439975 -2.28412e-43
0.01 0.479957 0.0400034 0.01 0.479952 -2.55485e-41 0.01 0.519921 0.0400078 0.01
0.519912 -4.60987e-40 0.01 0.559864 0.0400152 0.01 0.559848 1.09001e-38 0.01 0.599783
0.0400222 0.01 0.599752 6.1642e-37 0.01 0.639687 0.0400025 0.01 0.639618 -3.54645e-36
0.01 0.679632 0.0398042 0.01 0.679432 1.41843e-36 0.01 0.699579 0.0395151 0.01
0.719097 1.2277e-39 0.01 0.719023 0.0190496 0.01 0.719358 0.0389377 0.01 0.04
0.08 0.01 -0 0.08 0.01 0.08 0.08 0.01 0.12 0.08
0.01 0.16 0.08 0.01 0.2 0.08 0.01 0.24 0.08 0.01
0.279999 0.08 0.01 0.319998 0.0800001 0.01 0.359996 0.0800003 0.01 0.39999
0.080001 0.01 0.439981 0.0800026 0.01 0.479962 0.0800067 0.01 0.519931 0.0800167
0.01 0.559882 0.0800396 0.01 0.599814 0.0800898 0.01 0.639741 0.0801935 0.01
0.679732 0.0600425 0.01 0.67973 0.0804221 0.01 0.699823 0.059946 0.01 0.719761
0.0492102 0.01 0.719922 0.0543335 0.01 0.71096 0.05983 0.01 0.04 0.12
0.01 -0 0.12 0.01 0.08 0.12 0.01 0.12 0.12 0.01
0.16 0.12 0.01 0.2 0.12 0.01 0.24 0.12 0.01 0.279999
0.12 0.01 0.319999 0.12 0.01 0.359996 0.12 0.01 0.399992 0.120001
0.01 0.439984 0.120003 0.01 0.479968 0.120008 0.01 0.519942 0.120021 0.01
0.559897 0.120051 0.01 0.599828 0.120123 0.01 0.639727 0.120298 0.01 0.679611
0.10077 0.01 0.679539 0.120867 0.01 0.04 0.16 0.01 -0 0.16
0.01 0.08 0.16 0.01 0.12 0.16 0.01 0.16 0.16 0.01
0.2 0.16 0.01 0.24 0.16 0.01 0.279999 0.16 0.01 0.319999
0.16 0.01 0.359997 0.16 0.01 0.399994 0.160001 0.01 0.439988 0.160002
0.01 0.479975 0.160006 0.01 0.519952 0.160015 0.01 0.559916 0.160035 0.01
0.59986 0.160073 0.01 0.639776 0.160141 0.01 0.679635 0.16017 0.01 0.69948
0.160232 0.01 0.68929 0.121097 0.01 0.69939 0.121335 0.01 0.719119 0.122019
0.01 0.7191 0.141411 0.01 0.719145 0.156046 0.01 0.719159 0.160509 0.01
0.04 0.2 0.01 -0 0.2 0.01 0.08 0.2 0.01 0.12
0.2 0.01 0.16 0.2 0.01 0.2 0.2 0.01 0.24 0.2
0.01 0.28 0.2 0.01 0.319999 0.2 0.01 0.359998 0.2 0.01
0.399995 0.200001 0.01 0.43999 0.200003 0.01 0.479979 0.200005 0.01 0.519962
0.200009 0.01 0.559934 0.200016 0.01 0.599898 0.200021 0.01 0.639871 0.200007
0.01 0.67975 0.18003 0.01 0.679923 0.199922 0.01 0.719451 0.179983 0.01
0.699664 0.18002 0.01 0.738419 0.16767 0.01 0.738331 0.170089 0.01 0.738362
0.179634 0.01 0.729149 0.179797 0.01 0.728643 0.16057 0.01 0.04 0.24
0.01 -0 0.24 0.01 0.08 0.24 0.01 0.12 0.24 0.01
0.16 0.24 0.01 0.2 0.24 0.01 0.24 0.24 0.01 0.28
0.24 0.01 0.319999 0.24 0.01 0.359998 0.240001 0.01 0.399996 0.240001
0.01 0.439992 0.240003 0.01 0.479982 0.240005 0.01 0.519966 0.24001 0.01
0.559941 0.240015 0.01 0.599904 0.240012 0.01 0.63987 0.239981 0.01 0.680003
0.219842 0.01 0.67995 0.239811 0.01 0.699999 0.199893 0.01 0.700131 0.219782
0.01 0.04 0.28 0.01 0 0.28 0.01 0.08 0.28 0.01
0.12 0.28 0.01 0.16 0.28 0.01 0.2 0.28 0.01 0.24
0.28 0.01 0.28 0.28 0.01 0.319999 0.28 0.01 0.359998 0.280001
0.01 0.399996 0.280002 0.01 0.439992 0.280004 0.01 0.479984 0.280008 0.01
0.519967 0.280017 0.01 0.559938 0.280032 0.01 0.599887 0.280053 0.01 0.639795
0.280082 0.01 0.679594 0.280105 0.01 0.719037 0.259392 0.01 0.718981 0.280073
0.01 0.699999 0.239683 0.01 0.719959 0.239492 0.01 0.730152 0.239355 0.01
0.740014 0.239093 0.01 0.738216 0.248894 0.01 0.738301 0.258834 0.01 0.04
0.32 0.01 0 0.32 0.01 0.08 0.32 0.01 0.12 0.32
0.01 0.16 0.32 0.01 0.2 0.32 0.01 0.24 0.32 0.01
0.28 0.32 0.01 0.319999 0.32 0.01 0.359998 0.320001 0.01 0.399996
0.320002 0.01 0.439992 0.320006 0.01 0.479984 0.320012 0.01 0.519967 0.320025
0.01 0.559939 0.320051 0.01 0.599896 0.320103 0.01 0.639839 0.320208 0.01
0.679802 0.320516 0.01 0.718991 0.3011 0.01 0.719419 0.321089 0.01 0.699715
0.320742 0.01 0.75095 0.279537 0.01 0.746164 0.302616 0.01 0.738537 0.301889
0.01 0.738748 0.279899 0.01 0.04 0.36 0.01 -0 0.36 0.01
0.08 0.36 0.01 0.12 0.36 0.01 0.16 0.36 0.01 0.2
0.36 0.01 0.24 0.36 0.01 0.28 0.36 0.01 0.319999 0.36
0.01 0.359998 0.360001 0.01 0.399996 0.360002 0.01 0.439992 0.360006 0.01
0.479982 0.360013 0.01 0.519966 0.360025 0.01 0.559938 0.360051 0.01 0.599903
0.3601 0.01 0.63988 0.360193 0.01 0.679927 0.340477 0.01 0.679964 0.360385
0.01 0.699999 0.340593 0.01 0.04 0.4 0.01 -0 0.4 0.01
0.08 0.4 0.01 0.12 0.4 0.01 0.16 0.4 0.01 0.2
0.4 0.01 0.24 0.4 0.01 0.28 0.4 0.01 0.319999 0.4
0.01 0.359998 0.400001 0.01 0.399996 0.400002 0.01 0.43999 0.400005 0.01
0.479979 0.40001 0.01 0.51996 0.400017 0.01 0.559925 0.40003 0.01 0.599873
0.40005 0.01 0.639797 0.400079 0.01 0.679855 0.380317 0.01 0.679705 0.400237
0.01 0.700095 0.360436 0.01 0.699878 0.380368 0.01 0.04 0.44 0.01
0 0.44 0.01 0.08 0.44 0.01 0.12 0.44 0.01 0.16
0.44 0.01 0.2 0.44 0.01 0.24 0.44 0.01 0.28 0.44
0.01 0.319999 0.44 0.01 0.359998 0.440001 0.01 0.399995 0.440001 0.01
0.439988 0.440003 0.01 0.479977 0.440005 0.01 0.519953 0.440006 0.01 0.559913
0.440004 0.01 0.599846 0.439981 0.01 0.639739 0.439895 0.01 0.679515 0.439499
0.01 0.699562 0.400325 0.01 0.719178 0.400361 0.01 0.71909 0.419727 0.01
0.719094 0.42153 0.01 0.71913 0.43891 0.01 0.700895 0.439184 0.01 0.699358
0.439207 0.01 0.75926 0.405906 0.01 0.738564 0.407229 0.01 0.738366 0.400741
0.01 0.747978 0.400809 0.01 0.759129 0.398993 0.01 0.04 0.48 0.01
0 0.48 0.01 0.08 0.48 0.01 0.12 0.48 0.01 0.16
0.48 0.01 0.2 0.48 0.01 0.24 0.48 0.01 0.28 0.48
0.01 0.319999 0.48 0.01 0.359998 0.48 0.01 0.399994 0.48 0.01
0.439988 0.480001 0.01 0.479975 0.480001 0.01 0.51995 0.480001 0.01 0.559908
0.479996 0.01 0.599842 0.479975 0.01 0.639757 0.479903 0.01 0.679551 0.45946
0.01 0.679677 0.479652 0.01 0.699368 0.442438 0.01 0.689404 0.459289 0.01
0.04 0.52 0.01 -0 0.52 0.01 0.08 0.52 0.01 0.12
0.52 0.01 0.16 0.52 0.01 0.2 0.52 0.01 0.24 0.52
0.01 0.28 0.52 0.01 0.319999 0.52 0.01 0.359998 0.52 0.01
0.399994 0.52 0.01 0.439988 0.519999 0.01 0.479975 0.519999 0.01 0.519951
0.519999 0.01 0.559908 0.520003 0.01 0.599843 0.520023 0.01 0.639758 0.520092
0.01 0.679753 0.499997 0.01 0.679679 0.520341 0.01 0.688467 0.479544 0.01
0.690802 0.499997 0.01 0.04 0.56 0.01 0 0.56 0.01 0.08
0.56 0.01 0.12 0.56 0.01 0.16 0.56 0.01 0.2 0.56
0.01 0.24 0.56 0.01 0.28 0.56 0.01 0.319999 0.56 0.01
0.359998 0.559999 0.01 0.399995 0.559999 0.01 0.439988 0.559997 0.01 0.479977
0.559995 0.01 0.519954 0.559993 0.01 0.559913 0.559995 0.01 0.599846 0.560017
0.01 0.639741 0.560102 0.01 0.679554 0.540532 0.01 0.679518 0.560495 0.01
0.688344 0.520447 0.01 0.689145 0.540697 0.01 0.04 0.6 0.01 -0
0.6 0.01 0.08 0.6 0.01 0.12 0.6 0.01 0.16 0.6
0.01 0.2 0.6 0.01 0.24 0.6 0.01 0.28 0.6 0.01
0.319999 0.6 0.01 0.359998 0.599999 0.01 0.399996 0.599998 0.01 0.43999
0.599995 0.01 0.479979 0.59999 0.01 0.51996 0.599983 0.01 0.559925 0.599968
0.01 0.599873 0.599949 0.01 0.639798 0.599919 0.01 0.679706 0.599762 0.01
0.69936 0.560789 0.01 0.700429 0.560806 0.01 0.719129 0.561096 0.01 0.719091
0.578918 0.01 0.719088 0.580276 0.01 0.719177 0.599639 0.01 0.699562 0.599675
0.01 0.04 0.64 0.01 -0 0.64 0.01 0.08 0.64 0.01
0.12 0.64 0.01 0.16 0.64 0.01 0.2 0.64 0.01 0.24
0.64 0.01 0.28 0.64 0.01 0.319999 0.64 0.01 0.359998 0.639999
0.01 0.399996 0.639997 0.01 0.439992 0.639994 0.01 0.479982 0.639988 0.01
0.519966 0.639974 0.01 0.559938 0.639949 0.01 0.599903 0.639899 0.01 0.63988
0.639805 0.01 0.679855 0.619682 0.01 0.679964 0.639614 0.01 0.699879 0.619632
0.01 0.738365 0.599261 0.01 0.738219 0.608785 0.01 0.740021 0.619492 0.01
0.730164 0.619565 0.01 0.719976 0.619603 0.01 0.04 0.68 0.01 0
0.68 0.01 0.08 0.68 0.01 0.12 0.68 0.01 0.16 0.68
0.01 0.2 0.68 0.01 0.24 0.68 0.01 0.28 0.68 0.01
0.319999 0.68 0.01 0.359998 0.679999 0.01 0.399996 0.679998 0.01 0.439992
0.679995 0.01 0.479984 0.679988 0.01 0.519967 0.679975 0.01 0.559939 0.679949
0.01 0.599896 0.679897 0.01 0.639839 0.679792 0.01 0.679927 0.659523 0.01
0.679802 0.679484 0.01 0.700095 0.639563 0.01 0.699999 0.659407 0.01 0.04
0.72 0.01 0 0.72 0.01 0.08 0.72 0.01 0.12 0.72
0.01 0.16 0.72 0.01 0.2 0.72 0.01 0.24 0.72 0.01
0.28 0.72 0.01 0.319999 0.72 0.01 0.359998 0.719999 0.01 0.399996
0.719998 0.01 0.439992 0.719996 0.01 0.479984 0.719992 0.01 0.519967 0.719983
0.01 0.559938 0.719968 0.01 0.599887 0.719946 0.01 0.639795 0.719918 0.01
0.679594 0.719896 0.01 0.699715 0.679258 0.01 0.719419 0.678911 0.01 0.718991
0.6989 0.01 0.718981 0.719927 0.01 0.04 0.76 0.01 -0 0.76
0.01 0.08 0.76 0.01 0.12 0.76 0.01 0.16 0.76 0.01
0.2 0.76 0.01 0.24 0.76 0.01 0.28 0.76 0.01 0.319999
0.76 0.01 0.359998 0.759999 0.01 0.399996 0.759999 0.01 0.439992 0.759997
0.01 0.479982 0.759995 0.01 0.519966 0.75999 0.01 0.55994 0.759986 0.01
0.599904 0.759988 0.01 0.639869 0.760019 0.01 0.67995 0.760189 0.01 0.719037
0.740608 0.01 0.719959 0.760508 0.01 0.699998 0.760317 0.01 0.738301 0.741166
0.01 0.738748 0.720101 0.01 0.04 0.8 0.01 -0 0.8 0.01
0.08 0.8 0.01 0.12 0.8 0.01 0.16 0.8 0.01 0.2
0.8 0.01 0.24 0.8 0.01 0.28 0.8 0.01 0.319999 0.8
0.01 0.359998 0.8 0.01 0.399995 0.799999 0.01 0.43999 0.799998 0.01
0.479979 0.799995 0.01 0.519961 0.79999 0.01 0.559933 0.799984 0.01 0.599897
0.79998 0.01 0.63987 0.799993 0.01 0.680003 0.780158 0.01 0.679923 0.800077
0.01 0.70013 0.780218 0.01 0.04 0.84 0.01 -0 0.84 0.01
0.08 0.84 0.01 0.12 0.84 0.01 0.16 0.84 0.01 0.2
0.84 0.01 0.24 0.84 0.01 0.279999 0.84 0.01 0.319999 0.84
0.01 0.359997 0.84 0.01 0.399994 0.839999 0.01 0.439987 0.839997 0.01
0.479975 0.839993 0.01 0.519952 0.839984 0.01 0.559915 0.839966 0.01 0.599858
0.839927 0.01 0.639774 0.839858 0.01 0.679749 0.819969 0.01 0.679634 0.839829
0.01 0.699999 0.800107 0.01 0.699664 0.81998 0.01 0.04 0.88 0.01
-0 0.88 0.01 0.08 0.88 0.01 0.12 0.88 0.01 0.16
0.88 0.01 0.2 0.88 0.01 0.24 0.88 0.01 0.279999 0.88
0.01 0.319999 0.88 0.01 0.359996 0.88 0.01 0.399992 0.879999 0.01
0.439984 0.879997 0.01 0.479968 0.879991 0.01 0.51994 0.879979 0.01 0.559896
0.879949 0.01 0.599827 0.879876 0.01 0.639725 0.8797 0.01 0.679537 0.879132
0.01 0.699479 0.839767 0.01 0.719158 0.839491 0.01 0.719144 0.843958 0.01
0.7191 0.858589 0.01 0.719118 0.877981 0.01 0.699389 0.878664 0.01 0.689535
0.878896 0.01 0.04 0.92 0.01 -0 0.92 0.01 0.08 0.92
0.01 0.12 0.92 0.01 0.16 0.92 0.01 0.2 0.92 0.01
0.24 0.92 0.01 0.279999 0.92 0.01 0.319998 0.92 0.01 0.359996
0.92 0.01 0.39999 0.919999 0.01 0.439981 0.919998 0.01 0.479962 0.919994
0.01 0.519931 0.919983 0.01 0.559881 0.91996 0.01 0.599812 0.919909 0.01
0.63974 0.919805 0.01 0.679609 0.899229 0.01 0.679729 0.919577 0.01 0.684911
0.899124 0.01 0.04 0.96 0.01 -0 0.96 0.01 0.08 0.96
0.01 0.12 0.96 0.01 0.16 0.96 0.01 0.2 0.96 0.01
0.24 0.96 0.01 0.279999 0.96 0.01 0.319998 0.96 0.01 0.359995
0.96 0.01 0.399989 0.96 0.01 0.439977 0.959998 0.01 0.479957 0.959997
0.01 0.519921 0.959993 0.01 0.559863 0.959984 0.01 0.599783 0.959978 0.01
0.639687 0.959997 0.01 0.679732 0.939957 0.01 0.679632 0.960195 0.01 0.690812
0.919488 0.01 0.699822 0.93094 0.01 0.699823 0.940054 0.01 0.04 1
0.01 -0 1 0.01 0.08 1 0.01 0.12 1 0.01
0.16 1 0.01 0.2 1 0.01 0.24 1 0.01 0.279999
1 0.01 0.319997 1 0.01 0.359994 1 0.01 0.399987 1
0.01 0.439975 1 0.01 0.479952 1 0.01 0.519912 1 0.01
0.559847 1 0.01 0.599752 1 0.01 0.639619 1 0.01 0.679433
1 0.01 0.719023 0.98095 0.01 0.719098 1 0.01 0.699579 0.960485
0.01 0.719358 0.961062 0.01 0.729098 0.961665 0.01 0.738344 0.962602 0.01
0.738326 0.972328 0.01 0.738659 0.981555 0.01 0.738673 0.160634 0.01 0.748622
0.160826 0.01 0.748317 0.166069 0.01 0.747922 0.258121 0.01 0.748295 0.258062
0.01 0.759232 0.279291 0.01 0.758967 0.256376 0.01 0.719976 0.380397 0.01
0.730163 0.380435 0.01 0.740021 0.380508 0.01 0.738219 0.391215 0.01 0.738462
0.457049 0.01 0.728837 0.457703 0.01 0.71913 0.458405 0.01 0.738951 0.438428
0.01 0.748175 0.456567 0.01 0.759507 0.438429 0.01 0.759417 0.448203 0.01
0.75934 0.458108 0.01 0.760163 0.468 0.01 0.750174 0.468 0.01 0.749984
0.4679 0.01 0.719138 0.541576 0.01 0.728852 0.542263 0.01 0.738482 0.542902
0.01 0.738717 0.552362 0.01 0.738939 0.561628 0.01 0.759376 0.551822 0.01
0.748796 0.552423 0.01 0.74819 0.543398 0.01 0.759335 0.541888 0.01 0.748295
0.741938 0.01 0.747922 0.741879 0.01 0.750928 0.720463 0.01 0.738216 0.751106
0.01 0.740014 0.760907 0.01 0.730152 0.760645 0.01 0.759233 0.720709 0.01
0.758967 0.743624 0.01 0.759632 0.754 0.01 0.752752 0.754 0.01 0.728629
0.83943 0.01 0.71945 0.820017 0.01 0.729149 0.820203 0.01 0.738362 0.820366
0.01 0.738331 0.829911 0.01 0.738418 0.832325 0.01 0.738673 0.839365 0.01
0.738686 0.876838 0.01 0.738356 0.886008 0.01 0.738355 0.895849 0.01 0.72912
0.897227 0.01 0.719389 0.898055 0.01 0.759377 0.8871 0.01 0.748161 0.88556
0.01 0.748701 0.87645 0.01 0.759376 0.877167 0.01 0.739097 1 0.01
0.759626 1 0.01 0.748649 0.981755 0.01 0.759313 0.980897 0.01 0.738659
0.0184444 0.01 0.739097 1.89243e-40 0.01 0.759626 -4.62428e-43 0.01 0.76275 -4.94658e-43
0.01 0.763363 0.0192893 0.01 0.759313 0.0191033 0.01 0.800706 0.297415 0.01
0.821269 0.297429 0.01 0.82099 0.301271 0.01 0.810436 0.302467 0.01 0.800395
0.303321 0.01 0.76192 0.398767 0.01 0.842685 0.561607 0.01 0.861716 0.561855
0.01 0.88089 0.561821 0.01 0.880706 0.580375 0.01 0.880925 0.599207 0.01
0.862171 0.599475 0.01 0.843456 0.599781 0.01 0.843101 0.580531 0.01 0.862936
0.65976 0.01 0.859552 0.65996 0.01 0.863107 0.650069 0.01 0.881129 0.678215
0.01 0.88067 0.687843 0.01 0.880663 0.698273 0.01 0.86128 0.699236 0.01
0.861693 0.679254 0.01 0.880885 0.741155 0.01 0.861968 0.740698 0.01 0.861512
0.720119 0.01 0.88079 0.720171 0.01 0.863378 0.780304 0.01 0.84307 0.780344
0.01 0.843079 0.778529 0.01 0.859962 0.760602 0.01 0.86285 0.760587 0.01
0.8632 0.800183 0.01 0.863087 0.80242 0.01 0.862515 0.800179 0.01 0.861826
0.839682 0.01 0.880771 0.839442 0.01 0.880642 0.858099 0.01 0.88082 0.876627
0.01 0.861813 0.877075 0.01 0.843004 0.877419 0.01 0.84298 0.858299 0.01
0.843062 0.839371 0.01 0.876945 0.981517 0.01 0.881096 0.964616 0.01 0.880761
0.972402 0.01 0.880801 0.981618 0.01 0.748649 0.0182451 0.01 0.738326 0.0276718
0.01 0.738344 0.0373981 0.01 0.729098 0.0383347 0.01 0.780563 0.0197941 0.01
0.769904 0.0195895 0.01 0.780623 -1.16868e-42 0.01 0.802419 0.0191143 0.01 0.791379
0.0196064 0.01 0.801853 -7.18586e-42 0.01 0.823683 0.0184089 0.01 0.813734 0.018238
0.01 0.822587 1.34483e-41 0.01 0.842251 3.02821e-42 0.01 0.842774 0.0189411 0.01
0.843279 0.0387282 0.01 0.834179 0.0383343 0.01 0.825314 0.0374592 0.01 0.824725
0.0276794 0.01 0.720092 0.0597349 0.01 0.730356 0.0596246 0.01 0.730538 0.0702655
0.01 0.720264 0.070265 0.01 0.720104 0.0808422 0.01 0.730367 0.0809833 0.01
0.729838 0.0918552 0.01 0.719785 0.09152 0.01 0.719389 0.101944 0.01 0.72912
0.102772 0.01 0.738355 0.104151 0.01 0.738356 0.113992 0.01 0.738687 0.123161
0.01 0.823797 0.123293 0.01 0.824696 0.113981 0.01 0.825278 0.104065 0.01
0.834156 0.102814 0.01 0.84332 0.102387 0.01 0.843005 0.122579 0.01 0.759245
0.161808 0.01 0.769864 0.162426 0.01 0.769782 0.172781 0.01 0.76173 0.172164
0.01 0.759154 0.168099 0.01 0.843062 0.160627 0.01 0.843382 0.180035 0.01
0.834224 0.179889 0.01 0.825332 0.179718 0.01 0.824834 0.170148 0.01 0.823918
0.160709 0.01 0.780314 0.278983 0.01 0.76969 0.255276 0.01 0.780501 0.255316
0.01 0.801668 0.279177 0.01 0.79157 0.255269 0.01 0.802962 0.256351 0.01
0.8247 0.258718 0.01 0.825527 0.248796 0.01 0.823858 0.238824 0.01 0.833473
0.239147 0.01 0.843199 0.239309 0.01 0.843211 0.259218 0.01 0.822565 0.279611
0.01 0.815305 0.258094 0.01 0.842244 0.279728 0.01 0.824827 0.400643 0.01
0.825563 0.391067 0.01 0.823843 0.380055 0.01 0.83343 0.379949 0.01 0.843194
0.38003 0.01 0.843456 0.400219 0.01 0.769979 0.43859 0.01 0.769957 0.448636
0.01 0.769948 0.458856 0.01 0.770037 0.468 0.01 0.842685 0.438393 0.01
0.843127 0.457929 0.01 0.833866 0.4575 0.01 0.824425 0.456989 0.01 0.823567
0.447476 0.01 0.822986 0.438127 0.01 0.769944 0.541144 0.01 0.769936 0.551374
0.01 0.822986 0.561873 0.01 0.823566 0.552524 0.01 0.824424 0.543011 0.01
0.833866 0.5425 0.01 0.843127 0.542071 0.01 0.769791 0.601869 0.01 0.769822
0.611 0.01 0.764924 0.611 0.01 0.761919 0.601233 0.01 0.843194 0.619969
0.01 0.83343 0.620051 0.01 0.823843 0.619945 0.01 0.825563 0.608933 0.01
0.824827 0.599357 0.01 0.7805 0.744684 0.01 0.76969 0.744724 0.01 0.780314
0.721017 0.01 0.802962 0.743649 0.01 0.79157 0.744731 0.01 0.801668 0.720823
0.01 0.769693 0.754 0.01 0.8247 0.741282 0.01 0.815305 0.741906 0.01
0.822565 0.720389 0.01 0.842244 0.720272 0.01 0.843211 0.740782 0.01 0.843199
0.760691 0.01 0.833473 0.760853 0.01 0.823858 0.761176 0.01 0.825527 0.751204
0.01 0.764343 0.818 0.01 0.76978 0.818 0.01 0.769782 0.827219 0.01
0.761728 0.827836 0.01 0.823918 0.83929 0.01 0.824834 0.829851 0.01 0.825332
0.820282 0.01 0.834224 0.820111 0.01 0.843382 0.819964 0.01 0.769965 0.877625
0.01 0.769983 0.887851 0.01 0.84332 0.897612 0.01 0.834156 0.897185 0.01
0.825277 0.895935 0.01 0.824695 0.886019 0.01 0.823796 0.876706 0.01 0.762635
1 0.01 0.763305 0.980714 0.01 0.769903 0.96806 0.01 0.769887 0.970166
0.01 0.768827 0.970243 0.01 0.780623 1 0.01 0.769904 0.980411 0.01
0.780563 0.980206 0.01 0.801853 1 0.01 0.791379 0.980394 0.01 0.802419
0.980886 0.01 0.823683 0.981591 0.01 0.824725 0.972321 0.01 0.825314 0.962541
0.01 0.834179 0.961666 0.01 0.843279 0.961271 0.01 0.842774 0.981059 0.01
0.822586 1 0.01 0.813734 0.981762 0.01 0.842251 1 0.01 0.699822
0.0690238 0.01 0.699821 0.0805829 0.01 0.690706 0.0805099 0.01 0.699544 0.101165
0.01 0.684804 0.100873 0.01 0.719847 0.1899 0.01 0.720213 0.19987 0.01
0.720456 0.20981 0.01 0.720444 0.219721 0.01 0.720323 0.229588 0.01 0.741034
0.209877 0.01 0.741039 0.219732 0.01 0.730704 0.219713 0.01 0.730687 0.209831
0.01 0.730427 0.199893 0.01 0.740798 0.199957 0.01 0.759458 0.325 0.01
0.750971 0.325 0.01 0.748777 0.317699 0.01 0.74797 0.31288 0.01 0.758798
0.314666 0.01 0.758937 0.303508 0.01 0.748452 0.302834 0.01 0.73826 0.312255
0.01 0.738356 0.321878 0.01 0.729138 0.321396 0.01 0.719829 0.33098 0.01
0.720202 0.340733 0.01 0.720451 0.350553 0.01 0.720442 0.360437 0.01 0.739993
0.331397 0.01 0.740793 0.340816 0.01 0.730418 0.340792 0.01 0.729855 0.331144
0.01 0.720333 0.370398 0.01 0.740819 0.370328 0.01 0.73053 0.370378 0.01
0.730706 0.360399 0.01 0.74104 0.36032 0.01 0.759507 0.418953 0.01 0.738941
0.419628 0.01 0.723788 0.419704 0.01 0.699421 0.459115 0.01 0.699681 0.479406
0.01 0.719284 0.468363 0.01 0.719733 0.478905 0.01 0.699862 0.499997 0.01
0.720121 0.489423 0.01 0.720214 0.499998 0.01 0.699684 0.520585 0.01 0.720122
0.510571 0.01 0.719738 0.521085 0.01 0.699368 0.558479 0.01 0.699426 0.540874
0.01 0.719292 0.53162 0.01 0.759257 0.594017 0.01 0.759128 0.601007 0.01
0.747977 0.599191 0.01 0.738555 0.592968 0.01 0.759496 0.581053 0.01 0.738936
0.580382 0.01 0.749053 0.561896 0.01 0.759456 0.5616 0.01 0.722697 0.580295
0.01 0.720333 0.629602 0.01 0.720442 0.639563 0.01 0.720451 0.649447 0.01
0.720202 0.659267 0.01 0.719829 0.66902 0.01 0.741033 0.649532 0.01 0.740793
0.659184 0.01 0.730418 0.659208 0.01 0.730683 0.649467 0.01 0.730706 0.639601
0.01 0.74104 0.63968 0.01 0.738537 0.698111 0.01 0.746164 0.697384 0.01
0.748452 0.697166 0.01 0.758937 0.696492 0.01 0.758798 0.685334 0.01 0.74797
0.68712 0.01 0.748777 0.682301 0.01 0.750971 0.675 0.01 0.759458 0.675
0.01 0.729138 0.678604 0.01 0.738356 0.678122 0.01 0.73826 0.687745 0.01
0.720323 0.770412 0.01 0.720444 0.780279 0.01 0.720457 0.79019 0.01 0.720212
0.80013 0.01 0.740813 0.770523 0.01 0.741039 0.780268 0.01 0.730704 0.780287
0.01 0.730521 0.770463 0.01 0.719847 0.8101 0.01 0.739999 0.810027 0.01
0.729866 0.810108 0.01 0.730427 0.800107 0.01 0.740798 0.800043 0.01 0.759532
0.857798 0.01 0.738978 0.858158 0.01 0.748622 0.839174 0.01 0.759245 0.838192
0.01 0.699543 0.898834 0.01 0.69982 0.919416 0.01 0.719784 0.90848 0.01
0.720104 0.919157 0.01 0.710946 0.94017 0.01 0.719922 0.945674 0.01 0.719761
0.95079 0.01 0.720264 0.929735 0.01 0.720092 0.940265 0.01 0.740777 0.940456
0.01 0.735083 0.940412 0.01 0.740798 0.939272 0.01 0.748074 0.170249 0.01
0.759098 0.171962 0.01 0.759783 0.182 0.01 0.75 0.182 0.01 0.739999
0.189973 0.01 0.729866 0.189892 0.01 0.75 0.19082 0.01 0.75 0.200074
0.01 0.75 0.209914 0.01 0.75 0.219769 0.01 0.740813 0.229477 0.01
0.730521 0.229537 0.01 0.75 0.229409 0.01 0.75 0.2382 0.01 0.75
0.246 0.01 0.752752 0.246 0.01 0.759632 0.246 0.01 0.75 0.332288
0.01 0.75 0.340845 0.01 0.75 0.325 0.01 0.741033 0.350468 0.01
0.730683 0.350533 0.01 0.75 0.350389 0.01 0.75 0.360246 0.01 0.75
0.370188 0.01 0.75 0.379673 0.01 0.75 0.389 0.01 0.759859 0.389
0.01 0.75 0.468 0.01 0.749897 0.467988 0.01 0.75 0.468194 0.01
0.738358 0.466668 0.01 0.729024 0.467769 0.01 0.7298 0.478576 0.01 0.73999
0.478296 0.01 0.75 0.479007 0.01 0.740778 0.489249 0.01 0.740962 0.499999
0.01 0.730529 0.499998 0.01 0.730358 0.489325 0.01 0.75 0.489319 0.01
0.75 0.5 0.01 0.740779 0.510749 0.01 0.730359 0.510671 0.01 0.729804
0.521415 0.01 0.739991 0.5217 0.01 0.75 0.510681 0.01 0.75 0.520993
0.01 0.75 0.532 0.01 0.750174 0.532 0.01 0.749984 0.532102 0.01
0.749896 0.532012 0.01 0.75 0.531806 0.01 0.738364 0.533317 0.01 0.729032
0.532212 0.01 0.760163 0.532 0.01 0.740819 0.629671 0.01 0.73053 0.629621
0.01 0.75 0.620327 0.01 0.75 0.629812 0.01 0.75 0.639754 0.01
0.75 0.649611 0.01 0.75 0.659155 0.01 0.739993 0.668603 0.01 0.729855
0.668856 0.01 0.75 0.667712 0.01 0.75 0.675 0.01 0.75 0.754
0.01 0.75 0.7618 0.01 0.75 0.770591 0.01 0.75 0.780231 0.01
0.741034 0.790123 0.01 0.730687 0.790169 0.01 0.75 0.790086 0.01 0.75
0.799926 0.01 0.75 0.80918 0.01 0.75 0.818 0.01 0.748314 0.833881
0.01 0.759154 0.83188 0.01 0.74999 0.896937 0.01 0.750095 0.897 0.01
0.75 0.897 0.01 0.749935 0.896994 0.01 0.75 0.897113 0.01 0.760255
0.897 0.01 0.739997 0.90781 0.01 0.729838 0.908145 0.01 0.730367 0.919016
0.01 0.740782 0.918942 0.01 0.75 0.908529 0.01 0.75 0.919038 0.01
0.75 0.937875 0.01 0.75 0.940408 0.01 0.730215 0.943172 0.01 0.739988
0.951251 0.01 0.729819 0.951028 0.01 0.75 0.950531 0.01 0.75 0.961
0.01 0.740963 0.929753 0.01 0.730356 0.940376 0.01 0.730538 0.929735 0.01
0.75 0.929785 0.01 0.748115 0.972553 0.01 0.760049 0.961 0.01 0.759248
0.970941 0.01 0.729819 0.0489725 0.01 0.730216 0.0568554 0.01 0.739988 0.0487482
0.01 0.740777 0.059544 0.01 0.735083 0.059588 0.01 0.814046 0.0389937 0.01
0.814 0.0390861 0.01 0.814 0.039 0.01 0.814 0.103 0.01 0.814
0.102957 0.01 0.814025 0.103002 0.01 0.738978 0.141842 0.01 0.759532 0.142202
0.01 0.748701 0.12355 0.01 0.759376 0.122833 0.01 0.780671 0.142308 0.01
0.780602 0.162599 0.01 0.769965 0.122375 0.01 0.780575 0.122213 0.01 0.791334
0.122355 0.01 0.802396 0.122823 0.01 0.802187 0.142235 0.01 0.802615 0.161838
0.01 0.791506 0.162443 0.01 0.823192 0.141977 0.01 0.813724 0.12357 0.01
0.842982 0.141699 0.01 0.813906 0.160869 0.01 0.764341 0.182 0.01 0.814005
0.181942 0.01 0.814061 0.181988 0.01 0.814 0.182 0.01 0.813898 0.182
0.01 0.822879 0.209954 0.01 0.82288 0.219647 0.01 0.814 0.219665 0.01
0.814 0.21002 0.01 0.816871 0.200312 0.01 0.822996 0.204655 0.01 0.814
0.200379 0.01 0.814009 0.246002 0.01 0.814001 0.246008 0.01 0.814 0.246
0.01 0.814 0.24598 0.01 0.813987 0.246 0.01 0.769359 0.325 0.01
0.769318 0.315554 0.01 0.779807 0.304284 0.01 0.769367 0.304632 0.01 0.790067
0.304544 0.01 0.789953 0.304541 0.01 0.841853 0.290573 0.01 0.8415 0.30036
0.01 0.828027 0.319758 0.01 0.820971 0.320346 0.01 0.820649 0.311402 0.01
0.841619 0.310172 0.01 0.831582 0.319462 0.01 0.841734 0.31965 0.01 0.81415
0.325033 0.01 0.82067 0.337655 0.01 0.814 0.337418 0.01 0.814 0.325
0.01 0.821404 0.321995 0.01 0.807036 0.325 0.01 0.816756 0.359272 0.01
0.814 0.360357 0.01 0.814 0.359275 0.01 0.780632 0.418543 0.01 0.780541
0.438647 0.01 0.769792 0.398131 0.01 0.780509 0.397973 0.01 0.791443 0.398123
0.01 0.802818 0.398974 0.01 0.802191 0.418886 0.01 0.801996 0.438325 0.01
0.791199 0.438552 0.01 0.823324 0.419459 0.01 0.815281 0.400784 0.01 0.843101
0.419469 0.01 0.812707 0.437953 0.01 0.814048 0.532006 0.01 0.814003 0.532048
0.01 0.814 0.532 0.01 0.814 0.531889 0.01 0.81388 0.532 0.01
0.780627 0.581458 0.01 0.780509 0.602027 0.01 0.76995 0.561423 0.01 0.780528
0.561357 0.01 0.791193 0.561449 0.01 0.801993 0.561674 0.01 0.802189 0.581114
0.01 0.802818 0.601026 0.01 0.791443 0.601877 0.01 0.823324 0.580541 0.01
0.812706 0.562046 0.01 0.815281 0.599216 0.01 0.759859 0.611 0.01 0.814043
0.610992 0.01 0.814 0.611069 0.01 0.814 0.611 0.01 0.813935 0.611
0.01 0.814005 0.610958 0.01 0.874761 0.61943 0.01 0.880977 0.601887 0.01
0.881111 0.608719 0.01 0.882972 0.619316 0.01 0.883495 0.6253 0.01 0.862876
0.619595 0.01 0.863287 0.639817 0.01 0.842868 0.640447 0.01 0.843015 0.630233
0.01 0.883865 0.629536 0.01 0.884054 0.639665 0.01 0.822742 0.651356 0.01
0.82274 0.65496 0.01 0.82067 0.662345 0.01 0.814 0.662582 0.01 0.814
0.651408 0.01 0.816756 0.640728 0.01 0.822758 0.64908 0.01 0.814 0.640725
0.01 0.873732 0.659572 0.01 0.852409 0.679764 0.01 0.883464 0.663123 0.01
0.882966 0.668808 0.01 0.842492 0.66097 0.01 0.842642 0.650843 0.01 0.884102
0.649628 0.01 0.88379 0.659397 0.01 0.842144 0.671076 0.01 0.841733 0.68035
0.01 0.769367 0.695368 0.01 0.779807 0.695716 0.01 0.769318 0.684446 0.01
0.769359 0.675 0.01 0.789953 0.695459 0.01 0.790067 0.695456 0.01 0.800395
0.696679 0.01 0.800706 0.702584 0.01 0.82099 0.698729 0.01 0.820649 0.688598
0.01 0.820971 0.679654 0.01 0.828027 0.680242 0.01 0.841617 0.689926 0.01
0.8415 0.69964 0.01 0.821266 0.702523 0.01 0.810436 0.697533 0.01 0.841848
0.709287 0.01 0.831582 0.680538 0.01 0.821585 0.770773 0.01 0.823067 0.772113
0.01 0.82288 0.780353 0.01 0.814 0.780335 0.01 0.814 0.770893 0.01
0.814 0.768159 0.01 0.882966 0.760702 0.01 0.883462 0.766034 0.01 0.867193
0.780286 0.01 0.843059 0.784347 0.01 0.867216 0.800186 0.01 0.843121 0.770544
0.01 0.883864 0.770354 0.01 0.884062 0.780206 0.01 0.843176 0.800081 0.01
0.843042 0.79018 0.01 0.884109 0.790172 0.01 0.883818 0.800199 0.01 0.814
0.818 0.01 0.814 0.817879 0.01 0.814061 0.818012 0.01 0.81687 0.799688
0.01 0.814 0.800641 0.01 0.814 0.799621 0.01 0.878447 0.820389 0.01
0.883499 0.804039 0.01 0.882984 0.810232 0.01 0.881184 0.820433 0.01 0.880731
0.829971 0.01 0.880732 0.830167 0.01 0.862195 0.820128 0.01 0.84339 0.810017
0.01 0.780671 0.857691 0.01 0.780575 0.877787 0.01 0.769864 0.837574 0.01
0.780602 0.8374 0.01 0.791506 0.837557 0.01 0.802614 0.838161 0.01 0.802186
0.857764 0.01 0.802396 0.877177 0.01 0.791334 0.877645 0.01 0.823192 0.858022
0.01 0.813906 0.839131 0.01 0.813724 0.87643 0.01 0.814002 0.896975 0.01
0.814025 0.896998 0.01 0.814 0.897 0.01 0.813956 0.897 0.01 0.862159
0.897143 0.01 0.880786 0.885865 0.01 0.881186 0.895643 0.01 0.863123 0.91885
0.01 0.843147 0.919015 0.01 0.843332 0.908305 0.01 0.882987 0.907519 0.01
0.883804 0.918783 0.01 0.883023 0.950919 0.01 0.882982 0.951471 0.01 0.88187
0.958405 0.01 0.863114 0.940331 0.01 0.843151 0.940302 0.01 0.843074 0.929695
0.01 0.884048 0.929741 0.01 0.8838 0.940565 0.01 0.862113 0.961504 0.01
0.843334 0.950852 0.01 0.881178 0.96272 0.01 0.769956 0.961 0.01 0.771417
0.961 0.01 0.814004 0.961046 0.01 0.813909 0.961 0.01 0.814 0.961
0.01 0.814046 0.961006 0.01 0.748115 0.0274474 0.01 0.759248 0.0290584 0.01
0.760049 0.039 0.01 0.75 0.039 0.01 0.768832 0.029757 0.01 0.769903
0.0319307 0.01 0.769956 0.039 0.01 0.771417 0.039 0.01 0.780512 0.0300228
0.01 0.769887 0.0298339 0.01 0.78045 0.039 0.01 0.791353 0.0298443 0.01
0.80265 0.0290689 0.01 0.801859 0.039 0.01 0.791194 0.039 0.01 0.813909
0.039 0.01 0.814004 0.038954 0.01 0.814964 0.0274487 0.01 0.75 0.0494694
0.01 0.75 0.0595918 0.01 0.740798 0.0607283 0.01 0.75 0.0621252 0.01
0.740963 0.0702469 0.01 0.740782 0.0810583 0.01 0.75 0.0702157 0.01 0.75
0.0809622 0.01 0.75 0.102887 0.01 0.75 0.103 0.01 0.749935 0.103006
0.01 0.739997 0.0921906 0.01 0.75 0.0914712 0.01 0.770095 0.103 0.01
0.780445 0.103 0.01 0.780511 0.111967 0.01 0.769983 0.112149 0.01 0.759377
0.1129 0.01 0.760255 0.103 0.01 0.791247 0.112135 0.01 0.791035 0.103
0.01 0.802497 0.112882 0.01 0.801608 0.103 0.01 0.814002 0.103025 0.01
0.813956 0.103 0.01 0.823806 0.0919625 0.01 0.814 0.0910727 0.01 0.814
0.0806622 0.01 0.823089 0.080882 0.01 0.833617 0.0918324 0.01 0.8332 0.0809614
0.01 0.843147 0.0809849 0.01 0.843333 0.0916947 0.01 0.8149 0.114418 0.01
0.76978 0.182 0.01 0.780525 0.172973 0.01 0.780447 0.182 0.01 0.79149
0.172789 0.01 0.791364 0.182 0.01 0.802858 0.171977 0.01 0.802152 0.182
0.01 0.814 0.182121 0.01 0.814 0.199359 0.01 0.815059 0.170268 0.01
0.814 0.191203 0.01 0.82384 0.190218 0.01 0.823096 0.200168 0.01 0.833668
0.190032 0.01 0.84339 0.189982 0.01 0.843176 0.199919 0.01 0.833213 0.20001
0.01 0.833009 0.209869 0.01 0.833007 0.219645 0.01 0.833029 0.208894 0.01
0.838546 0.209842 0.01 0.843059 0.215641 0.01 0.84307 0.219656 0.01 0.814
0.229107 0.01 0.823067 0.227887 0.01 0.821585 0.229227 0.01 0.814 0.231841
0.01 0.833075 0.223784 0.01 0.843079 0.221473 0.01 0.843042 0.20982 0.01
0.823098 0.229251 0.01 0.814 0.237816 0.01 0.833167 0.229376 0.01 0.843121
0.229456 0.01 0.769693 0.246 0.01 0.780456 0.246 0.01 0.791477 0.246
0.01 0.802345 0.246 0.01 0.814 0.348592 0.01 0.82274 0.34504 0.01
0.822742 0.348644 0.01 0.822758 0.35092 0.01 0.825994 0.348725 0.01 0.822687
0.326887 0.01 0.822736 0.33773 0.01 0.832268 0.328275 0.01 0.832548 0.338416
0.01 0.842144 0.328924 0.01 0.842492 0.33903 0.01 0.822818 0.359266 0.01
0.832685 0.348891 0.01 0.842642 0.349157 0.01 0.842868 0.359553 0.01 0.832844
0.359357 0.01 0.764924 0.389 0.01 0.769822 0.389 0.01 0.780435 0.389
0.01 0.791296 0.389 0.01 0.802038 0.389 0.01 0.814 0.389 0.01
0.814 0.388931 0.01 0.814043 0.389008 0.01 0.814005 0.389042 0.01 0.813935
0.389 0.01 0.823065 0.369654 0.01 0.814 0.379169 0.01 0.814 0.369533
0.01 0.833081 0.369695 0.01 0.843015 0.369767 0.01 0.780535 0.448771 0.01
0.780516 0.45903 0.01 0.791265 0.448617 0.01 0.791295 0.458857 0.01 0.802246
0.448134 0.01 0.802545 0.458102 0.01 0.780467 0.468 0.01 0.791149 0.468
0.01 0.801779 0.468 0.01 0.814003 0.467952 0.01 0.814048 0.467994 0.01
0.814 0.468 0.01 0.81388 0.468 0.01 0.814 0.468111 0.01 0.814824
0.456557 0.01 0.813374 0.447472 0.01 0.825227 0.466694 0.01 0.823794 0.478459
0.01 0.814 0.479344 0.01 0.834059 0.46767 0.01 0.843442 0.468096 0.01
0.843246 0.478669 0.01 0.833565 0.478546 0.01 0.823085 0.489386 0.01 0.822921
0.5 0.01 0.814 0.5 0.01 0.814 0.489571 0.01 0.833176 0.489335
0.01 0.833053 0.5 0.01 0.843115 0.489346 0.01 0.843072 0.5 0.01
0.814 0.510429 0.01 0.823085 0.510613 0.01 0.823794 0.521541 0.01 0.814
0.520656 0.01 0.833176 0.510665 0.01 0.843115 0.510654 0.01 0.843246 0.521331
0.01 0.833565 0.521454 0.01 0.770037 0.532 0.01 0.780514 0.54097 0.01
0.780467 0.532 0.01 0.791294 0.541143 0.01 0.791149 0.532 0.01 0.801779
0.532 0.01 0.802544 0.541897 0.01 0.780526 0.551231 0.01 0.791262 0.551383
0.01 0.802244 0.551866 0.01 0.825227 0.533306 0.01 0.814823 0.543443 0.01
0.834059 0.53233 0.01 0.843442 0.531904 0.01 0.813374 0.552528 0.01 0.780435
0.611 0.01 0.802038 0.611 0.01 0.791296 0.611 0.01 0.814 0.639643
0.01 0.814 0.620831 0.01 0.814 0.630467 0.01 0.823065 0.630346 0.01
0.822818 0.640734 0.01 0.833081 0.630305 0.01 0.832844 0.640643 0.01 0.825994
0.651275 0.01 0.814 0.675 0.01 0.81415 0.674967 0.01 0.807036 0.675
0.01 0.821404 0.678005 0.01 0.822736 0.66227 0.01 0.832685 0.651109 0.01
0.832548 0.661584 0.01 0.822687 0.673113 0.01 0.832268 0.671725 0.01 0.780456
0.754 0.01 0.791477 0.754 0.01 0.802345 0.754 0.01 0.814001 0.753992
0.01 0.814009 0.753998 0.01 0.814 0.754 0.01 0.813987 0.754 0.01
0.814 0.75402 0.01 0.814 0.762184 0.01 0.833007 0.780355 0.01 0.833075
0.776215 0.01 0.814 0.78998 0.01 0.822879 0.790046 0.01 0.822996 0.795343
0.01 0.833009 0.790131 0.01 0.838534 0.790158 0.01 0.833029 0.791105 0.01
0.823098 0.770749 0.01 0.833167 0.770624 0.01 0.823096 0.799832 0.01 0.833213
0.79999 0.01 0.759098 0.828038 0.01 0.759783 0.818 0.01 0.780447 0.818
0.01 0.780525 0.827027 0.01 0.791491 0.827211 0.01 0.791364 0.818 0.01
0.802858 0.828023 0.01 0.802152 0.818 0.01 0.814005 0.818058 0.01 0.813898
0.818 0.01 0.82384 0.809782 0.01 0.814 0.808797 0.01 0.833668 0.809968
0.01 0.815059 0.829732 0.01 0.770095 0.897 0.01 0.780511 0.888032 0.01
0.780445 0.897 0.01 0.791248 0.887865 0.01 0.791035 0.897 0.01 0.802497
0.887117 0.01 0.801608 0.897 0.01 0.814 0.897043 0.01 0.8149 0.885582
0.01 0.814 0.908928 0.01 0.823806 0.908038 0.01 0.823089 0.919118 0.01
0.814 0.919338 0.01 0.833617 0.908168 0.01 0.8332 0.919039 0.01 0.814
0.960914 0.01 0.822927 0.929761 0.01 0.823099 0.9403 0.01 0.814 0.940147
0.01 0.814 0.9298 0.01 0.833071 0.92972 0.01 0.833212 0.940324 0.01
0.814 0.950163 0.01 0.823826 0.951049 0.01 0.833637 0.950975 0.01 0.780512
0.969977 0.01 0.78045 0.961 0.01 0.791353 0.970156 0.01 0.791194 0.961
0.01 0.801859 0.961 0.01 0.80265 0.970931 0.01 0.814964 0.972551 0.01
0.814 0.0498367 0.01 0.823826 0.0489507 0.01 0.823099 0.0596998 0.01 0.814
0.0598521 0.01 0.843335 0.0491473 0.01 0.833638 0.0490248 0.01 0.833212 0.0596762
0.01 0.843152 0.0596983 0.01 0.822927 0.0702393 0.01 0.814 0.0701996 0.01
0.833071 0.0702798 0.01 0.843075 0.0703048 0.01 0.861492 0.00170693 0.01 0.861666
0.0188829 0.01 0.860807 -3.5635e-42 0.01 0.90041 0.0191055 0.01 0.890493 0.0182255
0.01 0.8808 0.0183821 0.01 0.880821 -2.66247e-44 0.01 0.900402 4.76441e-44 0.01
0.861813 0.12292 0.01 0.880818 0.123363 0.01 0.880639 0.14189 0.01 0.88077
0.160544 0.01 0.861827 0.160311 0.01 0.8632 0.199816 0.01 0.863378 0.219696
0.01 0.862514 0.19982 0.01 0.86285 0.239413 0.01 0.861968 0.259302 0.01
0.860887 0.259297 0.01 0.85996 0.239398 0.01 0.861512 0.279881 0.01 0.86128
0.300764 0.01 0.851657 0.279803 0.01 0.900275 0.279236 0.01 0.900257 0.283621
0.01 0.890863 0.302653 0.01 0.89034 0.302626 0.01 0.880663 0.301727 0.01
0.880791 0.279829 0.01 0.862936 0.34024 0.01 0.859549 0.34004 0.01 0.85241
0.320236 0.01 0.861693 0.320746 0.01 0.862171 0.400525 0.01 0.880925 0.400794
0.01 0.880706 0.419625 0.01 0.88089 0.438179 0.01 0.861716 0.438145 0.01
0.900382 0.41454 0.01 0.882708 0.400802 0.01 0.8904 0.400835 0.01 0.900402
0.399054 0.01 0.900228 0.733785 0.01 0.896907 0.742984 0.01 0.890335 0.741851
0.01 0.900275 0.720764 0.01 0.920056 0 0.01 0.920069 0.0198949 0.01
0.91025 0.0196252 0.01 0.880885 0.258845 0.01 0.890335 0.258149 0.01 0.896981
0.257003 0.01 0.900227 0.266026 0.01 0.901707 0.27921 0.01 0.900193 0.256449
0.01 0.910032 0.255428 0.01 0.919999 0.255463 0.01 0.920036 0.278879 0.01
0.900428 0.438752 0.01 0.900419 0.448574 0.01 0.900589 0.458146 0.01 0.890453
0.456363 0.01 0.880935 0.456815 0.01 0.880935 0.543185 0.01 0.890453 0.543637
0.01 0.900589 0.541854 0.01 0.900419 0.551426 0.01 0.900428 0.561248 0.01
0.882708 0.599199 0.01 0.901704 0.72079 0.01 0.900193 0.743551 0.01 0.920036
0.721121 0.01 0.919999 0.744537 0.01 0.910032 0.744572 0.01 0.890417 0.838267
0.01 0.890425 0.839295 0.01 0.890538 0.876454 0.01 0.890455 0.885557 0.01
0.900408 1 0.01 0.880824 1 0.01 0.890496 0.981774 0.01 0.900416
0.980892 0.01 0.910262 0.980368 0.01 0.920089 0.980093 0.01 0.920071 1
0.01 0.881854 0.0414985 0.01 0.882982 0.0485289 0.01 0.883023 0.0490806 0.01
0.863114 0.0596692 0.01 0.862113 0.0384959 0.01 0.881178 0.0372803 0.01 0.8838
0.0594345 0.01 0.863123 0.0811493 0.01 0.884048 0.0702595 0.01 0.883804 0.0812162
0.01 0.885323 0.0378833 0.01 0.893 0.039 0.01 0.893 0.0492308 0.01
0.893 0.0513184 0.01 0.862159 0.102855 0.01 0.882987 0.0924806 0.01 0.881186
0.104355 0.01 0.880785 0.114128 0.01 0.893 0.102917 0.01 0.893 0.103
0.01 0.892938 0.103007 0.01 0.912277 0.161959 0.01 0.910141 0.16194 0.01
0.902462 0.161608 0.01 0.900349 0.141863 0.01 0.890535 0.12353 0.01 0.900472
0.122623 0.01 0.910315 0.12197 0.01 0.920089 0.121609 0.01 0.920058 0.141648
0.01 0.900286 0.161514 0.01 0.890423 0.160681 0.01 0.920039 0.162026 0.01
0.878402 0.179609 0.01 0.880733 0.169625 0.01 0.880731 0.170019 0.01 0.881184
0.179564 0.01 0.863085 0.197541 0.01 0.867216 0.199813 0.01 0.882984 0.189767
0.01 0.883499 0.19596 0.01 0.862195 0.179869 0.01 0.883818 0.1998 0.01
0.867193 0.219714 0.01 0.883462 0.233966 0.01 0.882966 0.239298 0.01 0.884109
0.209828 0.01 0.884062 0.219794 0.01 0.883864 0.229646 0.01 0.881107 0.248949
0.01 0.893 0.246 0.01 0.895092 0.246 0.01 0.893 0.238565 0.01
0.900178 0.303133 0.01 0.920014 0.303522 0.01 0.910054 0.303905 0.01 0.881129
0.321785 0.01 0.882966 0.331192 0.01 0.883464 0.336876 0.01 0.873732 0.340428
0.01 0.863107 0.349931 0.01 0.88379 0.340603 0.01 0.863287 0.360183 0.01
0.884102 0.350372 0.01 0.884054 0.360335 0.01 0.893 0.325 0.01 0.893
0.331931 0.01 0.893 0.332836 0.01 0.874761 0.38057 0.01 0.883495 0.3747
0.01 0.882972 0.380684 0.01 0.881111 0.391281 0.01 0.880977 0.398114 0.01
0.862876 0.380405 0.01 0.883866 0.370464 0.01 0.893 0.37586 0.01 0.893
0.379957 0.01 0.910196 0.398209 0.01 0.919126 0.398069 0.01 0.900376 0.419145
0.01 0.920053 0.398054 0.01 0.920056 0.418826 0.01 0.910231 0.439048 0.01
0.920057 0.4392 0.01 0.861979 0.457821 0.01 0.862829 0.478605 0.01 0.88111
0.466328 0.01 0.882968 0.478051 0.01 0.863265 0.5 0.01 0.883855 0.489101
0.01 0.884 0.5 0.01 0.862829 0.521395 0.01 0.883855 0.510899 0.01
0.882968 0.521949 0.01 0.861979 0.542179 0.01 0.88111 0.533672 0.01 0.893
0.532 0.01 0.893112 0.532 0.01 0.89298 0.532091 0.01 0.892912 0.532012
0.01 0.893 0.531896 0.01 0.900402 0.600946 0.01 0.8904 0.599165 0.01
0.900382 0.585445 0.01 0.919126 0.601931 0.01 0.910196 0.601791 0.01 0.900376
0.580855 0.01 0.910231 0.560952 0.01 0.920057 0.5608 0.01 0.920056 0.581174
0.01 0.920053 0.601946 0.01 0.89034 0.697374 0.01 0.890863 0.697347 0.01
0.900257 0.716379 0.01 0.887743 0.687379 0.01 0.890289 0.687212 0.01 0.890329
0.695165 0.01 0.900178 0.696867 0.01 0.910054 0.696095 0.01 0.920014 0.696478
0.01 0.893 0.761435 0.01 0.893 0.763138 0.01 0.893 0.806128 0.01
0.893 0.80951 0.01 0.893 0.818 0.01 0.904136 0.838282 0.01 0.910146
0.838024 0.01 0.911902 0.838032 0.01 0.900355 0.858129 0.01 0.900289 0.838447
0.01 0.920048 0.838068 0.01 0.920074 0.858448 0.01 0.90048 0.877354 0.01
0.910331 0.878019 0.01 0.920115 0.878481 0.01 0.9201 0.969911 0.01 0.9201
0.961 0.01 0.929904 0.961 0.01 0.929913 0.969912 0.01 0.929925 0.980099
0.01 0.910302 0.0298476 0.01 0.900524 0.0290562 0.01 0.92009 0.0300841 0.01
0.9201 0.039 0.01 0.910411 0.039 0.01 0.901414 0.039 0.01 0.893
0.0594521 0.01 0.893 0.0702233 0.01 0.893 0.0811223 0.01 0.893 0.0917415
0.01 0.91041 0.11198 0.01 0.900649 0.112824 0.01 0.901608 0.103 0.01
0.910566 0.103 0.01 0.920127 0.111698 0.01 0.920154 0.103 0.01 0.910131
0.17257 0.01 0.910153 0.177493 0.01 0.908954 0.182 0.01 0.901064 0.182
0.01 0.900309 0.171841 0.01 0.91213 0.172604 0.01 0.900287 0.161835 0.01
0.893 0.19049 0.01 0.893 0.193872 0.01 0.893 0.182 0.01 0.910173
0.182 0.01 0.920033 0.172739 0.01 0.920021 0.182 0.01 0.893 0.199855
0.01 0.900867 0.246 0.01 0.910046 0.246 0.01 0.919976 0.246 0.01
0.893 0.340616 0.01 0.893 0.350307 0.01 0.893 0.360309 0.01 0.910254
0.389 0.01 0.91479 0.389 0.01 0.901193 0.389 0.01 0.893 0.370386
0.01 0.920046 0.389 0.01 0.89298 0.467909 0.01 0.893112 0.468 0.01
0.893 0.468 0.01 0.893 0.468104 0.01 0.892912 0.467988 0.01 0.910264
0.448986 0.01 0.910354 0.458965 0.01 0.920073 0.449214 0.01 0.920107 0.459212
0.01 0.901519 0.468 0.01 0.893 0.478749 0.01 0.910491 0.468 0.01
0.920127 0.468 0.01 0.893 0.489167 0.01 0.893 0.5 0.01 0.893
0.510833 0.01 0.893 0.521251 0.01 0.901519 0.532 0.01 0.910354 0.541035
0.01 0.910491 0.532 0.01 0.920127 0.532 0.01 0.920107 0.540788 0.01
0.910264 0.551014 0.01 0.920073 0.550786 0.01 0.91479 0.611 0.01 0.910254
0.611 0.01 0.901193 0.611 0.01 0.893 0.620043 0.01 0.893 0.62414
0.01 0.920046 0.611 0.01 0.893 0.629614 0.01 0.893 0.639691 0.01
0.893 0.668069 0.01 0.893 0.675 0.01 0.893 0.667164 0.01 0.893
0.649693 0.01 0.893 0.659384 0.01 0.910046 0.754 0.01 0.900867 0.754
0.01 0.919976 0.754 0.01 0.893 0.770357 0.01 0.893 0.780151 0.01
0.893 0.790158 0.01 0.893 0.800145 0.01 0.910134 0.82739 0.01 0.90031
0.828129 0.01 0.901064 0.818 0.01 0.908963 0.818 0.01 0.910154 0.822656
0.01 0.911994 0.827368 0.01 0.90029 0.837849 0.01 0.910173 0.818 0.01
0.920037 0.827275 0.01 0.920021 0.818 0.01 0.892938 0.896993 0.01 0.893
0.897 0.01 0.893 0.897083 0.01 0.910418 0.887997 0.01 0.910566 0.897
0.01 0.901608 0.897 0.01 0.900652 0.887157 0.01 0.920141 0.88832 0.01
0.920154 0.897 0.01 0.893 0.908258 0.01 0.893 0.918878 0.01 0.893
0.950769 0.01 0.893 0.961 0.01 0.885422 0.962103 0.01 0.893 0.948681
0.01 0.893 0.929777 0.01 0.893 0.940548 0.01 0.910308 0.97015 0.01
0.900527 0.970943 0.01 0.910411 0.961 0.01 0.901414 0.961 0.01 0.7447
0.68733 0.01 0.75 0.611 0.01 0.748074 0.829751 0.01 0.810151 0.68737
0.01 0.800188 0.685431 0.01 0.799574 0.675 0.01 0.851692 0.720197 0.01
0.881107 0.751051 0.01 0.860889 0.740703 0.01 0.861476 1 0.01 0.861485
0.999134 0.01 0.861667 0.981117 0.01 0.861142 1 0.01 0.74999 0.103063
0.01 0.750095 0.103 0.01 0.748161 0.11444 0.01 0.7447 0.31267 0.01
0.779743 0.315693 0.01 0.779758 0.325 0.01 0.800188 0.314569 0.01 0.799574
0.325 0.01 0.79291 0.325 0.01 0.790874 0.315438 0.01 0.790066 0.304971
0.01 0.790046 0.315515 0.01 0.790048 0.325 0.01 0.810151 0.31263 0.01
0.779758 0.675 0.01 0.779743 0.684307 0.01 0.790874 0.684562 0.01 0.79291
0.675 0.01 0.790066 0.695029 0.01 0.790048 0.675 0.01 0.790046 0.684485
0.01 0.861475 -3.62516e-42 0.01 0.876693 0.0184897 0.01 0.88076 0.027598 0.01
0.881101 0.0355019 0.01 0.890349 0.170188 0.01 0.890419 0.161134 0.01 0.88067
0.312157 0.01 0.893 0.611 0.01 0.891007 0.683979 0.01 0.893846 0.675
0.01 0.892986 0.896935 0.01 0.893082 0.897 0.01 0.890415 0.972561 0.01
0.890414 0.0274383 0.01 0.893082 0.103 0.01 0.892986 0.103065 0.01 0.890454
0.114433 0.01 0.893 0.389 0.01 0.893 0.754 0.01 0.895092 0.754
0.01 0.89035 0.829797 0.01 0.893 0.236862 0.01 0.893 0.209842 0.01
0.893 0.219849 0.01 0.893 0.229643 0.01 0.887743 0.312621 0.01 0.891007
0.316021 0.01 0.893846 0.325 0.01 0.890329 0.304835 0.01 0.890289 0.312788
0.01 0.90014 0.314483 0.01 0.900795 0.325 0.01 0.910001 0.315209 0.01
0.919989 0.315302 0.01 0.91996 0.325 0.01 0.909996 0.325 0.01 0.900795
0.675 0.01 0.90014 0.685517 0.01 0.909996 0.675 0.01 0.91996 0.675
0.01 0.919989 0.684697 0.01 0.910001 0.684791 0.01 0.929973 0.827315 0.01
0.929965 0.83808 0.01 0.929985 0.818 0.01 0.929903 0.878511 0.01 0.929874
0.888346 0.01 0.929848 0.897 0.01 0.939736 0.0196508 0.01 0.929902 0.0198837
0.01 0.939726 4.2039e-45 0.01 0.959343 1.54143e-43 0.01 0.978717 -9.52883e-44 0.01
0.978549 0.0188381 0.01 0.959428 0.01853 0.01 1.10109 0.0185134 0.01 1.09066
0.0190255 0.01 1.08646 0.0192605 0.01 1.08875 1.69445e-41 0.01 1.10048 3.48601e-41
0.01 1.12028 7.48434e-42 0.01 1.13959 -2.90882e-41 0.01 1.13953 0.0190108 0.01
1.12053 0.0188173 0.01 1.17814 0.0184507 0.01 1.16804 0.0182479 0.01 1.15845
0.0186591 0.01 1.1589 -2.95912e-41 0.01 1.1788 9.96043e-42 0.01 1.19958 -4.16886e-42
0.01 1.20335 -3.42337e-42 0.01 1.20283 0.0197044 0.01 1.19949 0.0196496 0.01
1.13951 0.0387351 0.01 1.13952 0.0547847 0.01 1.11962 0.0571693 0.01 1.12006
0.0488389 0.01 1.12067 0.0382473 0.01 0.997311 0.160424 0.01 0.978432 0.160387
0.01 0.959505 0.160976 0.01 0.959564 0.142103 0.01 0.959393 0.123408 0.01
0.978396 0.123107 0.01 0.997323 0.12274 0.01 1.01646 0.123033 0.01 1.0364
0.123436 0.01 1.03704 0.142263 0.01 1.03627 0.161089 0.01 1.01639 0.160541
0.01 1.12063 0.160733 0.01 1.12063 0.158242 0.01 1.12066 0.141856 0.01
1.12059 0.12279 0.01 1.1396 0.122619 0.01 1.15864 0.122745 0.01 1.15862
0.141782 0.01 1.15861 0.157892 0.01 1.15861 0.160704 0.01 1.1396 0.160472
0.01 0.970752 0.179537 0.01 0.968662 0.179469 0.01 0.957 0.182 0.01
0.959721 0.170321 0.01 0.959595 0.164885 0.01 1.13956 0.180006 0.01 1.12069
0.179906 0.01 1.17776 0.173715 0.01 1.179 0.182 0.01 1.16743 0.179575
0.01 1.1584 0.179922 0.01 1.16617 0.160831 0.01 0.996702 0.219653 0.01
0.996703 0.218695 0.01 0.999543 0.21965 0.01 1.13953 0.199869 0.01 1.13952
0.219655 0.01 1.11924 0.219682 0.01 1.1192 0.209822 0.01 1.11948 0.199887
0.01 1.13954 0.239352 0.01 1.13959 0.259332 0.01 1.12095 0.25914 0.01
1.12095 0.249084 0.01 1.12005 0.239233 0.01 0.978794 0.279915 0.01 0.978833
0.301126 0.01 0.959638 0.302454 0.01 0.959538 0.279749 0.01 0.998497 0.279817
0.01 1.0182 0.295324 0.01 1.01847 0.300536 0.01 0.998409 0.30044 0.01
0.998005 0.27982 0.01 1.03859 0.294209 0.01 1.05983 0.303563 0.01 1.05985
0.30409 0.01 1.04971 0.303848 0.01 1.03927 0.302309 0.01 1.1012 0.279794
0.01 1.10147 0.302587 0.01 1.1003 0.302745 0.01 1.09889 0.279719 0.01
1.15824 0.301482 0.01 1.15833 0.321451 0.01 1.13954 0.321252 0.01 1.12076
0.321453 0.01 1.12102 0.301494 0.01 1.12075 0.279997 0.01 1.13963 0.279783
0.01 1.15851 0.279998 0.01 1.17815 0.279809 0.01 1.17792 0.302554 0.01
0.997245 0.339678 0.01 0.998105 0.320164 0.01 1.00946 0.319798 0.01 0.999478
0.339529 0.01 1.13952 0.340844 0.01 1.11949 0.340834 0.01 1.12009 0.331209
0.01 1.13952 0.360537 0.01 1.13954 0.38058 0.01 1.12005 0.380594 0.01
1.11947 0.370437 0.01 1.11924 0.360433 0.01 0.939782 0.410915 0.01 0.930921
0.397991 0.01 0.939797 0.398217 0.01 0.959572 0.400719 0.01 0.966818 0.40086
0.01 0.959546 0.403865 0.01 1.10176 0.403975 0.01 1.08767 0.398743 0.01
1.09088 0.398988 0.01 1.10191 0.400716 0.01 1.15831 0.413443 0.01 1.15837
0.419749 0.01 1.15867 0.438414 0.01 1.13962 0.438328 0.01 1.12061 0.438384
0.01 1.12089 0.41971 0.01 1.12093 0.410145 0.01 1.12097 0.400667 0.01
1.13957 0.400644 0.01 1.15819 0.400664 0.01 1.17767 0.408189 0.01 1.16754
0.400903 0.01 1.17727 0.400729 0.01 1.12097 0.599333 0.01 1.12093 0.589855
0.01 1.12089 0.58029 0.01 1.12061 0.561616 0.01 1.13962 0.561672 0.01
1.15867 0.561586 0.01 1.15837 0.580251 0.01 1.15831 0.586538 0.01 1.15819
0.599336 0.01 1.13957 0.599356 0.01 1.13954 0.61942 0.01 1.12005 0.619406
0.01 1.12096 0.609141 0.01 0.997245 0.660322 0.01 0.997164 0.655829 0.01
0.999478 0.660471 0.01 1.13952 0.639463 0.01 1.13952 0.659156 0.01 1.11949
0.659166 0.01 1.11921 0.649447 0.01 1.11924 0.639567 0.01 0.978833 0.698874
0.01 0.959638 0.697546 0.01 0.959763 0.689084 0.01 0.959361 0.685154 0.01
0.957 0.675 0.01 0.968708 0.678312 0.01 0.978245 0.678888 0.01 1.00946
0.680202 0.01 1.01839 0.688352 0.01 1.01847 0.699464 0.01 0.998409 0.69956
0.01 0.998105 0.679836 0.01 1.15824 0.698518 0.01 1.15851 0.720002 0.01
1.13963 0.720217 0.01 1.12075 0.720003 0.01 1.12102 0.698506 0.01 1.12076
0.678547 0.01 1.13954 0.678748 0.01 1.15833 0.678549 0.01 1.16742 0.678183
0.01 1.179 0.675 0.01 1.17717 0.686992 0.01 1.17792 0.697446 0.01
0.959538 0.720251 0.01 0.978794 0.720085 0.01 0.978577 0.737615 0.01 0.973104
0.741086 0.01 0.96908 0.741267 0.01 0.959643 0.741778 0.01 0.997984 0.72083
0.01 0.998005 0.72018 0.01 0.998497 0.720183 0.01 1.10197 0.741784 0.01
1.10124 0.741921 0.01 1.09889 0.720281 0.01 1.1012 0.720206 0.01 1.13959
0.740669 0.01 1.12095 0.74086 0.01 1.17722 0.741775 0.01 1.16753 0.741305
0.01 1.15821 0.740867 0.01 1.17815 0.720191 0.01 0.996702 0.780348 0.01
0.996713 0.778981 0.01 0.999543 0.780351 0.01 1.13952 0.780345 0.01 1.11924
0.780318 0.01 1.11948 0.770527 0.01 1.12005 0.760767 0.01 1.13954 0.760648
0.01 1.13953 0.800131 0.01 1.13956 0.819993 0.01 1.12069 0.820094 0.01
1.12007 0.810103 0.01 1.11948 0.800113 0.01 0.93986 0.838486 0.01 0.938797
0.838143 0.01 0.939861 0.838151 0.01 0.997324 0.877277 0.01 0.978399 0.876934
0.01 0.959399 0.876685 0.01 0.95957 0.858043 0.01 0.959507 0.839134 0.01
0.978432 0.839662 0.01 0.997311 0.839596 0.01 1.01639 0.839465 0.01 1.03627
0.838912 0.01 1.03704 0.857737 0.01 1.0364 0.876564 0.01 1.01646 0.876972
0.01 1.15861 0.839929 0.01 1.15862 0.858214 0.01 1.15864 0.877251 0.01
1.1396 0.87738 0.01 1.12059 0.87721 0.01 1.12066 0.858144 0.01 1.12063
0.840945 0.01 1.12063 0.839267 0.01 1.1396 0.839527 0.01 1.15861 0.839294
0.01 1.16046 0.839263 0.01 0.957075 0.896991 0.01 0.957 0.897 0.01
0.957018 0.896921 0.01 1.17899 0.896932 0.01 1.179 0.897 0.01 1.17892
0.896992 0.01 0.978551 0.98116 0.01 0.959432 0.981465 0.01 0.959648 0.97254
0.01 0.957 0.961 0.01 0.960639 0.961542 0.01 0.978521 0.98008 0.01
1.15841 0.981234 0.01 1.15875 1 0.01 1.12057 1 0.01 1.12083
0.981239 0.01 1.12073 0.961778 0.01 1.13954 0.961338 0.01 1.15835 0.961764
0.01 1.16741 0.962681 0.01 1.179 0.961 0.01 1.17731 0.972562 0.01
1.17816 0.981492 0.01 0.94958 0.0190395 0.01 1.036 0.0389458 0.01 1.036
0.039 0.01 1.03595 0.0389925 0.01 1.01675 0.0188814 0.01 0.997614 0.0190831
0.01 0.997987 -3.03942e-42 0.01 1.01744 3.68121e-42 0.01 1.03753 5.79577e-42 0.01
1.03649 0.0185419 0.01 1.01577 0.0383438 0.01 0.997039 0.038785 0.01 1.0245
0.0374086 0.01 1.03501 0.0274558 0.01 1.05862 0.0196412 0.01 1.04752 0.0190624
0.01 1.05871 -7.64254e-41 0.01 1.08005 0.0196188 0.01 1.06943 0.0197766 0.01
1.07981 2.55807e-41 0.01 1.1116 0.0373097 0.01 1.1 0.039 0.01 1.10188
0.02744 0.01 1.1888 0.0190433 0.01 1.2101 0.0198238 0.01 1.22062 0
0.01 1.22081 0.0196911 0.01 0.996759 0.0597414 0.01 1.01614 0.0489694 0.01
1.01663 0.0596631 0.01 0.996744 0.081093 0.01 1.01679 0.0702903 0.01 1.01664
0.0810223 0.01 1.03598 0.103002 0.01 1.036 0.103 0.01 1.036 0.103025
0.01 0.996951 0.102529 0.01 1.01615 0.0919725 0.01 1.01573 0.103012 0.01
1.02452 0.104132 0.01 1.03507 0.114502 0.01 1.10001 0.103075 0.01 1.1
0.103 0.01 1.10008 0.103008 0.01 1.10109 0.123394 0.01 1.10184 0.114531
0.01 1.11159 0.104262 0.01 1.12067 0.103066 0.01 1.17892 0.103008 0.01
1.179 0.103 0.01 1.17899 0.103076 0.01 1.15841 0.10304 0.01 1.16743
0.104243 0.01 1.17737 0.114506 0.01 1.17823 0.123313 0.01 1.036 0.181949
0.01 1.036 0.182 0.01 1.03595 0.181989 0.01 1.01568 0.179946 0.01
0.996928 0.179985 0.01 1.03492 0.170352 0.01 1.0245 0.179633 0.01 0.996721
0.199868 0.01 1.01611 0.190048 0.01 1.01665 0.200014 0.01 1.1144 0.160849
0.01 1.1116 0.179552 0.01 1.1 0.182 0.01 1.10195 0.170353 0.01
1.10192 0.169988 0.01 1.1012 0.161096 0.01 1.17812 0.161032 0.01 1.17725
0.170332 0.01 0.954412 0.257141 0.01 0.959643 0.258222 0.01 0.950902 0.279444
0.01 0.93989 0.279056 0.01 0.930004 0.255177 0.01 0.939962 0.255579 0.01
0.949808 0.25619 0.01 0.997984 0.27917 0.01 0.997342 0.259311 0.01 0.996864
0.239343 0.01 1.0162 0.239071 0.01 1.01552 0.248963 0.01 1.01597 0.25902
0.01 1.01738 0.279696 0.01 1.03738 0.279638 0.01 1.02506 0.258624 0.01
1.0349 0.258181 0.01 1.05896 0.279073 0.01 1.04696 0.25615 0.01 1.05846
0.255508 0.01 1.08027 0.279118 0.01 1.06949 0.255075 0.01 1.0803 0.25552
0.01 1.10124 0.258079 0.01 1.10197 0.258216 0.01 1.1116 0.2587 0.01
1.09104 0.256164 0.01 1.15821 0.259133 0.01 1.16753 0.258695 0.01 1.17722
0.258225 0.01 1.18212 0.279685 0.01 1.18171 0.257412 0.01 1.19937 0.279148
0.01 1.18845 0.256192 0.01 1.19935 0.255606 0.01 1.21018 0.255278 0.01
1.22109 0.255826 0.01 1.22079 0.279077 0.01 0.997164 0.344171 0.01 1.01833
0.319513 0.01 1.0176 0.328036 0.01 1.01733 0.338334 0.01 0.996881 0.359898
0.01 1.0172 0.348775 0.01 1.01703 0.359358 0.01 0.996903 0.380256 0.01
1.01674 0.369733 0.01 1.01625 0.380157 0.01 1.01552 0.390603 0.01 1.01588
0.400476 0.01 0.997256 0.400282 0.01 1.01596 0.45747 0.01 0.997279 0.458024
0.01 0.997692 0.438587 0.01 1.01692 0.438381 0.01 1.03717 0.438244 0.01
1.03658 0.447518 0.01 1.03508 0.456524 0.01 1.02517 0.456794 0.01 0.996873
0.478683 0.01 1.01554 0.467468 0.01 1.01623 0.478459 0.01 1.1209 0.45749
0.01 1.11153 0.4568 0.01 1.1018 0.456531 0.01 1.10115 0.447538 0.01
1.10083 0.438279 0.01 1.17856 0.438351 0.01 1.17822 0.447585 0.01 1.1774
0.456544 0.01 1.16761 0.456815 0.01 1.15826 0.457506 0.01 0.997279 0.541976
0.01 0.996873 0.521317 0.01 1.01623 0.521541 0.01 1.01554 0.532532 0.01
1.01596 0.54253 0.01 1.01692 0.561618 0.01 0.997692 0.561413 0.01 1.02517
0.543206 0.01 1.03508 0.543476 0.01 1.03658 0.552482 0.01 1.03717 0.561756
0.01 1.10083 0.561721 0.01 1.10114 0.552462 0.01 1.1018 0.543469 0.01
1.11153 0.5432 0.01 1.1209 0.54251 0.01 1.15826 0.542494 0.01 1.16761
0.543185 0.01 1.1774 0.543456 0.01 1.17822 0.552415 0.01 1.17856 0.561649
0.01 0.996903 0.619744 0.01 0.997256 0.599718 0.01 1.01588 0.599524 0.01
1.01552 0.609397 0.01 1.01625 0.619843 0.01 0.996881 0.640102 0.01 1.01674
0.630267 0.01 1.01703 0.640642 0.01 1.0172 0.651225 0.01 1.01733 0.661666
0.01 1.0176 0.671964 0.01 1.01833 0.680487 0.01 0.950902 0.720556 0.01
0.954412 0.742859 0.01 0.939962 0.744421 0.01 0.930004 0.744823 0.01 0.93989
0.720944 0.01 0.949808 0.74381 0.01 1.01597 0.74098 0.01 0.997342 0.740689
0.01 1.01738 0.720304 0.01 1.0349 0.741819 0.01 1.02506 0.741376 0.01
1.03738 0.720362 0.01 0.996864 0.760657 0.01 1.01552 0.751037 0.01 1.0162
0.760929 0.01 1.05846 0.744492 0.01 1.04696 0.74385 0.01 1.05896 0.720927
0.01 1.0803 0.74448 0.01 1.06949 0.744925 0.01 1.08027 0.720882 0.01
1.1116 0.7413 0.01 1.09104 0.743837 0.01 1.18171 0.742588 0.01 1.18212
0.720315 0.01 1.19935 0.744394 0.01 1.18845 0.743808 0.01 1.19937 0.720852
0.01 1.22079 0.720923 0.01 1.22109 0.744174 0.01 1.21018 0.744722 0.01
0.996703 0.781301 0.01 1.01666 0.770679 0.01 1.01687 0.780372 0.01 0.996721
0.800134 0.01 1.01688 0.790125 0.01 1.01665 0.799987 0.01 1.03595 0.818011
0.01 1.036 0.818 0.01 1.036 0.818051 0.01 0.996928 0.820023 0.01
1.01611 0.809953 0.01 1.01568 0.820056 0.01 1.0245 0.820368 0.01 1.03492
0.829648 0.01 1.10194 0.82982 0.01 1.10195 0.829647 0.01 1.1 0.818
0.01 1.1116 0.820448 0.01 1.11609 0.839182 0.01 1.1012 0.838904 0.01
1.1584 0.820077 0.01 1.16743 0.820425 0.01 1.179 0.818 0.01 1.17806
0.824278 0.01 1.17725 0.829667 0.01 1.17813 0.838966 0.01 1.036 0.896975
0.01 1.036 0.897 0.01 1.03598 0.896998 0.01 1.01573 0.89699 0.01
0.996951 0.897478 0.01 1.03507 0.885498 0.01 1.02452 0.895868 0.01 1.01615
0.908028 0.01 1.01664 0.918978 0.01 0.996744 0.918908 0.01 1.10008 0.896992
0.01 1.1 0.897 0.01 1.10001 0.896925 0.01 1.12067 0.896934 0.01
1.11159 0.895738 0.01 1.10184 0.885469 0.01 1.10109 0.876606 0.01 1.17823
0.876676 0.01 1.17737 0.885489 0.01 1.16743 0.895757 0.01 1.15841 0.89696
0.01 0.939739 1 0.01 0.939752 0.980336 0.01 0.959349 1 0.01
0.949589 0.980952 0.01 1.03595 0.961007 0.01 1.036 0.961 0.01 1.036
0.961054 0.01 1.01675 0.981119 0.01 0.997614 0.980916 0.01 0.997039 0.961215
0.01 1.01577 0.961656 0.01 1.0245 0.962592 0.01 1.03501 0.972544 0.01
1.03649 0.981458 0.01 1.01744 1 0.01 0.997988 1 0.01 1.03753
1 0.01 1.10116 0.981498 0.01 1.10189 0.972562 0.01 1.1 0.961
0.01 1.11161 0.962695 0.01 1.10058 1 0.01 1.08866 1 0.01
1.08647 0.980742 0.01 1.09068 0.980978 0.01 1.08007 0.980382 0.01 1.07984
1 0.01 1.17877 1 0.01 1.19952 1 0.01 1.18878 0.980961
0.01 1.19945 0.980344 0.01 0.996713 0.22102 0.01 1.01688 0.209875 0.01
1.01687 0.219629 0.01 1.01666 0.229321 0.01 0.996751 0.5 0.01 1.01665
0.489298 0.01 1.0168 0.5 0.01 1.01665 0.510702 0.01 1.05872 1
0.01 1.04752 0.980937 0.01 1.05862 0.980359 0.01 1.06943 0.980224 0.01
0.992621 -2.23787e-42 0.01 0.979171 0.0188461 0.01 0.978508 0.020325 0.01 0.960648
0.0384565 0.01 0.957 0.039 0.01 0.959646 0.0274576 0.01 0.978017 0.0382098
0.01 0.968675 0.0372606 0.01 1.15809 0.0281782 0.01 1.15831 0.0382018 0.01
0.976606 0.0595307 0.01 0.977219 0.0487523 0.01 0.976593 0.0811972 0.01 0.976381
0.0703101 0.01 1.14412 0.0597037 0.01 1.15897 0.0488782 0.01 1.15954 0.0596116
0.01 1.15959 0.0626846 0.01 1.13952 0.0597312 0.01 1.11949 0.0595823 0.01
1.13953 0.0810734 0.01 1.11948 0.0811161 0.01 1.11929 0.0702978 0.01 1.15973
0.0703038 0.01 1.15955 0.0810983 0.01 0.957018 0.103079 0.01 0.957 0.103
0.01 0.957075 0.103009 0.01 0.977965 0.103201 0.01 0.977194 0.0922471 0.01
0.959603 0.11451 0.01 0.968667 0.104337 0.01 1.13955 0.102481 0.01 1.12005
0.0921133 0.01 1.15899 0.0920808 0.01 1.179 0.102799 0.01 0.939854 0.162163
0.01 0.93796 0.162178 0.01 0.939852 0.161419 0.01 0.956434 0.1612 0.01
0.949723 0.16169 0.01 0.939791 0.141958 0.01 0.929873 0.121741 0.01 0.939677
0.122153 0.01 0.949501 0.122849 0.01 0.929956 0.16224 0.01 1.05859 0.142347
0.01 1.04759 0.122908 0.01 1.05864 0.122382 0.01 1.06943 0.122224 0.01
1.08002 0.122403 0.01 1.07992 0.142332 0.01 1.05851 0.162452 0.01 1.04736
0.161853 0.01 1.08012 0.162436 0.01 1.06941 0.162654 0.01 1.10077 0.142166
0.01 1.09059 0.122931 0.01 1.09076 0.161834 0.01 1.17857 0.142005 0.01
1.18887 0.122796 0.01 1.1995 0.122101 0.01 1.19948 0.1419 0.01 1.1994
0.162203 0.01 1.1887 0.161734 0.01 1.21004 0.121676 0.01 1.22062 0.12155
0.01 1.22056 0.141464 0.01 1.22069 0.161782 0.01 1.21004 0.162247 0.01
0.939876 0.172683 0.01 0.939838 0.180715 0.01 0.937025 0.172723 0.01 0.976996
0.192964 0.01 0.977198 0.189752 0.01 0.977383 0.187357 0.01 0.97797 0.179772
0.01 0.976568 0.199789 0.01 1.03608 0.182 0.01 1.09021 0.182 0.01
1.09092 0.17198 0.01 1.09012 0.17204 0.01 1.09089 0.16981 0.01 1.08711
0.182 0.01 1.12007 0.189897 0.01 1.15897 0.189938 0.01 1.15955 0.199921
0.01 0.993772 0.219663 0.01 0.977446 0.239356 0.01 0.977239 0.239356 0.01
0.977189 0.238627 0.01 0.97632 0.219725 0.01 0.976269 0.209786 0.01 0.976574
0.229591 0.01 1.15982 0.209837 0.01 1.15979 0.21967 0.01 1.11948 0.229473
0.01 1.159 0.239199 0.01 1.15955 0.229438 0.01 1.179 0.209938 0.01
1.179 0.219742 0.01 1.17006 0.219703 0.01 1.17006 0.209891 0.01 1.16982
0.200002 0.01 1.179 0.200148 0.01 0.978378 0.253411 0.01 0.978261 0.249153
0.01 0.96908 0.258733 0.01 0.973104 0.258914 0.01 0.978577 0.262386 0.01
0.978537 0.259159 0.01 1.036 0.246009 0.01 1.036 0.246 0.01 1.03601
0.246 0.01 1.09725 0.246 0.01 1.1 0.246 0.01 0.956266 0.302926
0.01 0.939959 0.303837 0.01 0.930001 0.30423 0.01 0.949859 0.303822 0.01
1.01839 0.311648 0.01 1.03993 0.312948 0.01 1.04289 0.325 0.01 1.02892
0.320105 0.01 1.02077 0.31965 0.01 1.06053 0.304139 0.01 1.08062 0.304155
0.01 1.07025 0.304843 0.01 1.10171 0.306653 0.01 1.1116 0.321815 0.01
1.1 0.325 0.01 1.1015 0.316394 0.01 1.09111 0.303991 0.01 1.10209
0.313024 0.01 1.19007 0.303901 0.01 1.18853 0.303897 0.01 1.17717 0.313008
0.01 1.179 0.325 0.01 1.16742 0.321817 0.01 1.19926 0.303926 0.01
1.20993 0.304272 0.01 1.2206 0.303207 0.01 0.977236 0.340488 0.01 0.976691
0.340348 0.01 0.977309 0.330928 0.01 0.978245 0.321112 0.01 0.97668 0.34051
0.01 0.976355 0.360329 0.01 0.976311 0.350403 0.01 1.15895 0.331215 0.01
1.15954 0.340844 0.01 1.11921 0.350553 0.01 1.15981 0.350552 0.01 1.15979
0.360412 0.01 1.179 0.332353 0.01 1.179 0.34089 0.01 1.16982 0.340845
0.01 1.16901 0.331413 0.01 0.97724 0.380609 0.01 0.97658 0.370462 0.01
0.978493 0.400599 0.01 0.978251 0.39086 0.01 1.15956 0.370396 0.01 1.159
0.380554 0.01 1.12096 0.390859 0.01 1.15813 0.390837 0.01 1.179 0.370106
0.01 1.179 0.379563 0.01 1.16903 0.38046 0.01 1.16983 0.370283 0.01
1.17006 0.3603 0.01 1.179 0.360212 0.01 0.949588 0.399007 0.01 0.939773
0.418852 0.01 0.929941 0.397966 0.01 0.959415 0.419616 0.01 0.939757 0.438822
0.01 0.929901 0.439122 0.01 0.94961 0.438449 0.01 0.959412 0.438343 0.01
1.05856 0.418682 0.01 1.03669 0.419515 0.01 1.03489 0.400689 0.01 1.04716
0.398973 0.01 1.05855 0.398163 0.01 1.0695 0.397937 0.01 1.08019 0.398173
0.01 1.07999 0.418696 0.01 1.05875 0.438571 0.01 1.04797 0.438311 0.01
1.08003 0.438575 0.01 1.06946 0.438659 0.01 1.11159 0.400908 0.01 1.10102
0.419565 0.01 1.0905 0.438327 0.01 1.18861 0.399005 0.01 1.19717 0.398391
0.01 1.17829 0.419653 0.01 1.19945 0.398228 0.01 1.19946 0.418918 0.01
1.19946 0.438816 0.01 1.18897 0.438453 0.01 1.21018 0.398028 0.01 1.22098
0.398327 0.01 1.22072 0.419113 0.01 1.2204 0.439246 0.01 1.20992 0.4391
0.01 0.978496 0.457464 0.01 0.96903 0.456774 0.01 0.959538 0.456547 0.01
0.959549 0.447585 0.01 0.978663 0.438434 0.01 0.977238 0.478298 0.01 0.978249
0.467369 0.01 1.13958 0.457998 0.01 1.13954 0.478693 0.01 1.12004 0.47839
0.01 1.12093 0.467433 0.01 1.15815 0.467451 0.01 1.15901 0.478416 0.01
0.976436 0.5 0.01 0.976604 0.489162 0.01 0.977238 0.521703 0.01 0.976604
0.510838 0.01 1.13953 0.5 0.01 1.11932 0.5 0.01 1.11948 0.489231
0.01 1.15955 0.489253 0.01 1.15971 0.5 0.01 1.13954 0.521307 0.01
1.12004 0.52161 0.01 1.11948 0.510769 0.01 1.15955 0.510749 0.01 1.15901
0.521583 0.01 0.978496 0.542536 0.01 0.978249 0.532631 0.01 0.978663 0.561566
0.01 0.959412 0.561657 0.01 0.959549 0.552415 0.01 0.959538 0.543453 0.01
0.96903 0.543226 0.01 1.036 0.532 0.01 1.03612 0.532 0.01 1.036
0.532047 0.01 1.10002 0.5321 0.01 1.09983 0.532 0.01 1.1 0.532
0.01 1.13958 0.542002 0.01 1.12093 0.532567 0.01 1.15815 0.532549 0.01
1.179 0.532 0.01 1.17899 0.532102 0.01 1.1789 0.532013 0.01 1.179
0.531645 0.01 0.939797 0.601783 0.01 0.930921 0.602009 0.01 0.939782 0.589085
0.01 0.959546 0.596135 0.01 0.959572 0.599281 0.01 0.949588 0.600993 0.01
0.939773 0.581148 0.01 0.929901 0.560878 0.01 0.939757 0.561178 0.01 0.94961
0.561551 0.01 0.959415 0.580384 0.01 0.929941 0.602034 0.01 1.05856 0.581318
0.01 1.03669 0.580485 0.01 1.04797 0.561689 0.01 1.05875 0.561429 0.01
1.06946 0.561341 0.01 1.08003 0.561425 0.01 1.07999 0.581304 0.01 1.05855
0.601837 0.01 1.04716 0.601027 0.01 1.03489 0.599311 0.01 1.08019 0.601827
0.01 1.0695 0.602063 0.01 1.10191 0.599284 0.01 1.09088 0.601012 0.01
1.08767 0.601257 0.01 1.10176 0.596022 0.01 1.11159 0.599092 0.01 1.10102
0.580435 0.01 1.0905 0.561673 0.01 1.17727 0.599271 0.01 1.16754 0.599097
0.01 1.17767 0.591811 0.01 1.19718 0.601608 0.01 1.18861 0.600995 0.01
1.17829 0.580347 0.01 1.18897 0.561547 0.01 1.19946 0.561184 0.01 1.19946
0.581082 0.01 1.19945 0.601771 0.01 1.20992 0.5609 0.01 1.2204 0.560754
0.01 1.22072 0.580887 0.01 1.22098 0.601673 0.01 1.21018 0.601972 0.01
0.939746 0.611 0.01 0.93521 0.611 0.01 0.97724 0.619391 0.01 0.978251
0.60914 0.01 0.978493 0.599401 0.01 0.976355 0.639671 0.01 0.97658 0.629538
0.01 1.03607 0.611 0.01 1.036 0.611 0.01 1.036 0.610956 0.01
1.09014 0.611 0.01 1.08508 0.611 0.01 1.1 0.611 0.01 1.15813
0.609163 0.01 1.159 0.619446 0.01 1.11947 0.629563 0.01 1.15956 0.629604
0.01 1.15979 0.639588 0.01 0.977236 0.659512 0.01 0.977309 0.669072 0.01
0.976691 0.659652 0.01 0.97668 0.65949 0.01 0.976311 0.649598 0.01 1.15981
0.649448 0.01 1.15954 0.659156 0.01 1.12009 0.668791 0.01 1.15895 0.668785
0.01 1.179 0.649601 0.01 1.179 0.65911 0.01 1.16982 0.659155 0.01
1.17006 0.649523 0.01 1.17006 0.6397 0.01 1.179 0.639788 0.01 0.956266
0.697074 0.01 0.930001 0.69577 0.01 0.939959 0.696163 0.01 0.949859 0.696178
0.01 1.02077 0.68035 0.01 1.02892 0.679895 0.01 1.04289 0.675 0.01
1.03993 0.687052 0.01 1.03927 0.697691 0.01 1.0182 0.704674 0.01 1.03859
0.705789 0.01 1.05983 0.696437 0.01 1.04971 0.696152 0.01 1.05985 0.69591
0.01 1.06053 0.695861 0.01 1.07025 0.695157 0.01 1.08062 0.695845 0.01
1.10147 0.697413 0.01 1.10171 0.693347 0.01 1.1015 0.683605 0.01 1.1
0.675 0.01 1.1116 0.678185 0.01 1.1003 0.697255 0.01 1.10209 0.686976
0.01 1.09111 0.696009 0.01 1.18853 0.696103 0.01 1.19007 0.696099 0.01
1.19926 0.696074 0.01 1.2206 0.696793 0.01 1.20993 0.695727 0.01 0.977446
0.760644 0.01 0.977239 0.760644 0.01 0.978261 0.750847 0.01 0.978378 0.74659
0.01 0.978537 0.740842 0.01 0.993778 0.780338 0.01 0.977189 0.761373 0.01
0.97632 0.780275 0.01 0.976574 0.770409 0.01 0.976568 0.800212 0.01 0.976269
0.790214 0.01 1.159 0.760802 0.01 1.15955 0.770562 0.01 1.15979 0.78033
0.01 1.1192 0.790178 0.01 1.15982 0.790163 0.01 1.15955 0.800079 0.01
1.16983 0.770591 0.01 1.16903 0.760989 0.01 1.179 0.761901 0.01 1.179
0.770665 0.01 1.179 0.780258 0.01 1.17006 0.780297 0.01 0.977366 0.812427
0.01 0.977198 0.810251 0.01 0.97701 0.80725 0.01 0.959613 0.834502 0.01
0.959722 0.829726 0.01 0.957 0.818 0.01 0.968662 0.820533 0.01 0.970689
0.820469 0.01 0.97797 0.820239 0.01 1.15897 0.810062 0.01 1.179 0.809067
0.01 1.16902 0.809984 0.01 1.16982 0.799998 0.01 1.179 0.799852 0.01
0.949726 0.838504 0.01 0.955742 0.838892 0.01 0.939805 0.858293 0.01 0.939699
0.878097 0.01 0.949512 0.877305 0.01 1.05859 0.857652 0.01 1.04736 0.838147
0.01 1.05851 0.837548 0.01 1.06941 0.837346 0.01 1.08012 0.837564 0.01
1.07992 0.857667 0.01 1.05864 0.877618 0.01 1.04759 0.877092 0.01 1.08002
0.877597 0.01 1.06943 0.877777 0.01 1.10077 0.857834 0.01 1.09077 0.838166
0.01 1.09059 0.877069 0.01 1.17857 0.857987 0.01 1.1887 0.838264 0.01
1.1994 0.837794 0.01 1.19949 0.858079 0.01 1.19952 0.877852 0.01 1.18888
0.877182 0.01 1.21004 0.837751 0.01 1.22069 0.838214 0.01 1.22055 0.858521
0.01 1.22062 0.878402 0.01 1.21006 0.878244 0.01 0.977966 0.896807 0.01
0.968667 0.895665 0.01 0.959605 0.885529 0.01 0.976593 0.918804 0.01 0.977194
0.907756 0.01 1.03604 0.897 0.01 1.09988 0.897 0.01 1.13955 0.89752
0.01 1.13953 0.918934 0.01 1.11948 0.918886 0.01 1.12005 0.907888 0.01
1.15899 0.907921 0.01 1.15955 0.918907 0.01 0.976606 0.940469 0.01 0.976381
0.92969 0.01 0.996759 0.940259 0.01 0.978017 0.96179 0.01 0.977219 0.951248
0.01 1.01679 0.92971 0.01 1.01663 0.940337 0.01 1.01614 0.95103 0.01
1.14402 0.940319 0.01 1.15959 0.937151 0.01 1.15953 0.940408 0.01 1.12008
0.951171 0.01 1.11963 0.942845 0.01 1.13953 0.945568 0.01 1.15896 0.951144
0.01 1.13953 0.940293 0.01 1.1195 0.940424 0.01 1.11929 0.929705 0.01
1.15973 0.929708 0.01 1.16994 0.93384 0.01 1.179 0.932146 0.01 1.179
0.940366 0.01 1.16982 0.940446 0.01 0.939707 0.970151 0.01 0.939594 0.961
0.01 0.978998 0.981154 0.01 0.978719 1 0.01 0.992325 1 0.01
0.968675 0.962739 0.01 1.03611 0.961 0.01 1.09076 0.970966 0.01 1.08088
0.970228 0.01 1.0801 0.968748 0.01 1.08005 0.961 0.01 1.08995 0.961
0.01 1.20423 1 0.01 1.2031 0.980271 0.01 1.21003 0.980131 0.01
1.22062 0.980202 0.01 1.22046 1 0.01 0.9397 0.029844 0.01 0.929902
0.0300813 0.01 0.929904 0.039 0.01 0.939594 0.039 0.01 0.949494 0.0290399
0.01 0.948579 0.039 0.01 1.03611 0.039 0.01 1.0801 0.0312623 0.01
1.08005 0.039 0.01 1.07837 0.039 0.01 1.05864 0.0298438 0.01 1.04733
0.0290556 0.01 1.04814 0.039 0.01 1.05881 0.039 0.01 1.06949 0.0300193
0.01 1.08011 0.0298303 0.01 1.06955 0.039 0.01 1.09076 0.029035 0.01
1.08995 0.039 0.01 1.08089 0.0297721 0.01 1.17738 0.0274958 0.01 1.16768
0.0277713 0.01 1.16745 0.0374024 0.01 1.179 0.039 0.01 1.18874 0.029065
0.01 1.19953 0.0298489 0.01 1.19967 0.039 0.01 1.18955 0.039 0.01
1.20471 0.0299417 0.01 1.20595 0.039 0.01 1.22095 0.0298664 0.01 1.21019
0.0300396 0.01 1.21023 0.039 0.01 1.22092 0.039 0.01 1.036 0.0391042
0.01 1.02607 0.0489223 0.01 1.02684 0.0596899 0.01 1.036 0.049841 0.01
1.036 0.0598494 0.01 1.02702 0.0702428 0.01 1.036 0.0701994 0.01 1.036
0.0806643 0.01 1.02685 0.0809035 0.01 1.10999 0.048698 0.01 1.10919 0.059525
0.01 1.1 0.0595866 0.01 1.1 0.0494749 0.01 1.11538 0.0595594 0.01
1.10917 0.0608805 0.01 1.1 0.0623522 0.01 1.109 0.0702557 0.01 1.1
0.0702145 0.01 1.10919 0.0810985 0.01 1.1 0.080965 0.01 0.956899 0.103
0.01 0.929859 0.111759 0.01 0.929848 0.103 0.01 0.939436 0.103 0.01
0.939588 0.112074 0.01 0.949365 0.112914 0.01 0.948383 0.103 0.01 1.036
0.102957 0.01 1.02609 0.0920086 0.01 1.036 0.0910672 0.01 1.03604 0.103
0.01 1.0484 0.103 0.01 1.05896 0.103 0.01 1.05874 0.11215 0.01
1.04748 0.112923 0.01 1.06949 0.111976 0.01 1.06956 0.103 0.01 1.08002
0.112166 0.01 1.07991 0.103 0.01 1.1 0.102859 0.01 1.09988 0.103
0.01 1.10998 0.0922676 0.01 1.1 0.0914642 0.01 1.08974 0.103 0.01
1.09063 0.112946 0.01 1.17914 0.103 0.01 1.179 0.0913821 0.01 1.16903
0.0922159 0.01 1.16983 0.0810647 0.01 1.179 0.0809138 0.01 1.18886 0.112895
0.01 1.18977 0.103 0.01 1.19961 0.112053 0.01 1.1998 0.103 0.01
0.949715 0.171925 0.01 0.948928 0.182 0.01 0.940117 0.182 0.01 0.939832
0.182 0.01 0.929985 0.182 0.01 0.929969 0.172822 0.01 1.036 0.182084
0.01 1.02607 0.1902 0.01 1.036 0.191218 0.01 1.036 0.200384 0.01
1.02685 0.200165 0.01 1.10999 0.189948 0.01 1.1 0.190827 0.01 1.10918
0.199945 0.01 1.1 0.200069 0.01 1.08023 0.172787 0.01 1.08023 0.182
0.01 1.18858 0.171947 0.01 1.18932 0.182 0.01 1.17828 0.170479 0.01
1.18867 0.16414 0.01 1.19178 0.172173 0.01 1.19424 0.182 0.01 1.179
0.190933 0.01 1.16902 0.190016 0.01 1.19941 0.172714 0.01 1.1995 0.182
0.01 1.22098 0.17254 0.01 1.22107 0.182 0.01 1.21022 0.182 0.01
1.21016 0.172833 0.01 1.10894 0.20987 0.01 1.10895 0.219722 0.01 1.1
0.219767 0.01 1.1 0.209911 0.01 1.10918 0.229461 0.01 1.1 0.229409
0.01 1.10999 0.239073 0.01 1.1 0.2382 0.01 1.179 0.229335 0.01
1.16983 0.229409 0.01 1.16903 0.239011 0.01 1.179 0.238099 0.01 0.954908
0.246 0.01 0.957 0.246 0.01 0.930024 0.246 0.01 0.939954 0.246
0.01 0.949133 0.246 0.01 1.04766 0.246 0.01 1.05853 0.246 0.01
1.06955 0.246 0.01 1.08031 0.246 0.01 1.09037 0.246 0.01 1.179
0.246 0.01 1.18625 0.246 0.01 1.18915 0.246 0.01 1.19941 0.246
0.01 1.21023 0.246 0.01 1.22117 0.246 0.01 1.036 0.325 0.01
1.03581 0.325039 0.01 1.02846 0.321935 0.01 1.02902 0.33763 0.01 1.036
0.337419 0.01 1.02722 0.348615 0.01 1.02376 0.34867 0.01 1.02722 0.344367
0.01 1.036 0.348593 0.01 1.036 0.359276 0.01 1.03313 0.35927 0.01
1.0272 0.351087 0.01 1.02725 0.326775 0.01 1.02723 0.337685 0.01 1.02715
0.359259 0.01 1.11 0.331388 0.01 1.10919 0.340818 0.01 1.1 0.34084
0.01 1.1 0.332296 0.01 1.10895 0.350471 0.01 1.1 0.350385 0.01
1.10895 0.360328 0.01 1.1 0.360244 0.01 1.179 0.350399 0.01 1.17006
0.350477 0.01 0.93521 0.389 0.01 0.939746 0.389 0.01 0.948807 0.389
0.01 0.957 0.389 0.01 0.929954 0.389 0.01 1.036 0.360444 0.01
1.0269 0.369662 0.01 1.02613 0.380079 0.01 1.036 0.369533 0.01 1.036
0.379169 0.01 1.036 0.389044 0.01 1.036 0.389 0.01 1.03607 0.389
0.01 1.04796 0.389 0.01 1.0587 0.389 0.01 1.06957 0.389 0.01
1.08018 0.389 0.01 1.10918 0.370343 0.01 1.10999 0.38053 0.01 1.1
0.379673 0.01 1.1 0.370187 0.01 1.08508 0.389 0.01 1.09014 0.389
0.01 1.1 0.389 0.01 1.18939 0.389 0.01 1.1983 0.389 0.01
1.179 0.389 0.01 1.19954 0.389 0.01 1.21022 0.389 0.01 1.22101
0.389 0.01 0.957022 0.467902 0.01 0.957 0.468 0.01 0.956888 0.468
0.01 0.939716 0.448787 0.01 0.939636 0.458908 0.01 0.929877 0.459178 0.01
0.92989 0.449124 0.01 0.949574 0.44822 0.01 0.949406 0.458114 0.01 0.939509
0.468 0.01 0.929873 0.468 0.01 0.948481 0.468 0.01 1.036 0.468
0.01 1.036 0.468111 0.01 1.03595 0.467994 0.01 1.036 0.467953 0.01
1.02461 0.466616 0.01 1.036 0.479344 0.01 1.02613 0.478426 0.01 1.03612
0.468 0.01 1.05871 0.448617 0.01 1.0587 0.458855 0.01 1.04742 0.458096
0.01 1.04772 0.448137 0.01 1.06946 0.448765 0.01 1.06948 0.459027 0.01
1.08005 0.448611 0.01 1.08005 0.458848 0.01 1.05885 0.468 0.01 1.04823
0.468 0.01 1.06953 0.468 0.01 1.07996 0.468 0.01 1.1 0.468
0.01 1.09983 0.468 0.01 1.10002 0.4679 0.01 1.1001 0.467988 0.01
1.1 0.468194 0.01 1.09066 0.458091 0.01 1.0906 0.44814 0.01 1.08984
0.468 0.01 1.11163 0.466556 0.01 1.10998 0.47824 0.01 1.1 0.479007
0.01 1.1789 0.467987 0.01 1.17899 0.467898 0.01 1.179 0.468 0.01
1.179 0.468355 0.01 1.17923 0.468 0.01 1.18889 0.448218 0.01 1.18883
0.458115 0.01 1.19951 0.448762 0.01 1.1996 0.458895 0.01 1.16742 0.466571
0.01 1.16904 0.478289 0.01 1.179 0.479085 0.01 1.18967 0.468 0.01
1.19975 0.468 0.01 1.22057 0.449113 0.01 1.22085 0.459033 0.01 1.21019
0.459123 0.01 1.21003 0.449058 0.01 1.22088 0.468 0.01 1.21025 0.468
0.01 1.10919 0.489224 0.01 1.109 0.5 0.01 1.1 0.5 0.01
1.1 0.489319 0.01 1.10919 0.510776 0.01 1.1 0.510681 0.01 1.10998
0.52176 0.01 1.1 0.520993 0.01 1.179 0.489369 0.01 1.179 0.5
0.01 1.17001 0.5 0.01 1.16983 0.489258 0.01 1.179 0.510631 0.01
1.16983 0.510742 0.01 1.16904 0.521711 0.01 1.179 0.520915 0.01 0.956888
0.532 0.01 0.957 0.532 0.01 0.957022 0.532098 0.01 0.939636 0.541092
0.01 0.929877 0.540822 0.01 0.929873 0.532 0.01 0.939509 0.532 0.01
0.949406 0.541886 0.01 0.948481 0.532 0.01 0.92989 0.550876 0.01 0.939716
0.551213 0.01 0.949574 0.55178 0.01 1.03595 0.532006 0.01 1.036 0.531889
0.01 1.02461 0.533384 0.01 1.02613 0.521574 0.01 1.036 0.520656 0.01
1.04823 0.532 0.01 1.05885 0.532 0.01 1.0587 0.541145 0.01 1.04742
0.541905 0.01 1.06948 0.540973 0.01 1.06953 0.532 0.01 1.07996 0.532
0.01 1.08005 0.541152 0.01 1.05871 0.551383 0.01 1.04772 0.551863 0.01
1.06946 0.551235 0.01 1.08005 0.551389 0.01 1.1001 0.532012 0.01 1.1
0.531806 0.01 1.08984 0.532 0.01 1.09066 0.541909 0.01 1.11163 0.533444
0.01 1.0906 0.55186 0.01 1.17923 0.532 0.01 1.16742 0.533429 0.01
1.18883 0.541885 0.01 1.18967 0.532 0.01 1.19975 0.532 0.01 1.1996
0.541105 0.01 1.18889 0.551782 0.01 1.19951 0.551238 0.01 1.21025 0.532
0.01 1.22088 0.532 0.01 1.22085 0.540967 0.01 1.21019 0.540877 0.01
1.22057 0.550887 0.01 1.21003 0.550942 0.01 0.957 0.611 0.01 0.948807
0.611 0.01 0.929954 0.611 0.01 1.036 0.639556 0.01 1.036 0.640724
0.01 1.03313 0.640729 0.01 1.0269 0.630338 0.01 1.02613 0.619921 0.01
1.036 0.630467 0.01 1.02715 0.640741 0.01 1.036 0.620831 0.01 1.04796
0.611 0.01 1.0587 0.611 0.01 1.08018 0.611 0.01 1.06957 0.611
0.01 1.10918 0.629657 0.01 1.1 0.629813 0.01 1.1 0.620327 0.01
1.10999 0.61947 0.01 1.10895 0.639672 0.01 1.1 0.639756 0.01 1.1983
0.611 0.01 1.18939 0.611 0.01 1.179 0.611 0.01 1.16903 0.61954
0.01 1.179 0.620437 0.01 1.179 0.629894 0.01 1.16983 0.629717 0.01
1.19954 0.611 0.01 1.02722 0.651385 0.01 1.02722 0.655637 0.01 1.02377
0.65133 0.01 1.0272 0.648913 0.01 1.036 0.651407 0.01 1.02902 0.66237
0.01 1.036 0.662581 0.01 1.036 0.675 0.01 1.02846 0.678065 0.01
1.03581 0.674961 0.01 1.02723 0.662315 0.01 1.02725 0.673225 0.01 1.10895
0.649529 0.01 1.10919 0.659182 0.01 1.1 0.65916 0.01 1.1 0.649615
0.01 1.11 0.668612 0.01 1.1 0.667704 0.01 1.179 0.667647 0.01
1.16901 0.668587 0.01 0.957 0.754 0.01 0.954908 0.754 0.01 0.939954
0.754 0.01 0.930024 0.754 0.01 0.949133 0.754 0.01 1.03601 0.754
0.01 1.036 0.754 0.01 1.036 0.753991 0.01 1.05853 0.754 0.01
1.04766 0.754 0.01 1.06955 0.754 0.01 1.08031 0.754 0.01 1.1
0.754 0.01 1.09725 0.754 0.01 1.09037 0.754 0.01 1.18625 0.754
0.01 1.179 0.754 0.01 1.18915 0.754 0.01 1.19941 0.754 0.01
1.22117 0.754 0.01 1.21023 0.754 0.01 1.02708 0.780358 0.01 1.01962
0.780368 0.01 1.02696 0.775026 0.01 1.0303 0.770811 0.01 1.036 0.76858
0.01 1.036 0.770893 0.01 1.036 0.780335 0.01 1.02708 0.786825 0.01
1.036 0.789979 0.01 1.036 0.792781 0.01 1.02927 0.790031 0.01 1.02686
0.770761 0.01 1.02611 0.761188 0.01 1.036 0.762184 0.01 1.02708 0.790048
0.01 1.036 0.799616 0.01 1.02685 0.799835 0.01 1.10918 0.770539 0.01
1.10895 0.780278 0.01 1.1 0.780233 0.01 1.1 0.770591 0.01 1.10999
0.760927 0.01 1.1 0.7618 0.01 1.10894 0.79013 0.01 1.1 0.790089
0.01 1.10918 0.800055 0.01 1.1 0.799931 0.01 0.937008 0.827414 0.01
0.939838 0.819269 0.01 0.939879 0.827455 0.01 0.949716 0.828158 0.01 0.940108
0.818 0.01 0.948928 0.818 0.01 0.939832 0.818 0.01 1.036 0.817916
0.01 1.02607 0.8098 0.01 1.036 0.808782 0.01 1.03608 0.818 0.01
1.04788 0.818 0.01 1.05864 0.818 0.01 1.05852 0.827204 0.01 1.04714
0.828009 0.01 1.06949 0.827017 0.01 1.06956 0.818 0.01 1.08023 0.827213
0.01 1.08023 0.818 0.01 1.10999 0.810052 0.01 1.1 0.809173 0.01
1.09021 0.818 0.01 1.09092 0.82802 0.01 1.09089 0.830023 0.01 1.09017
0.827964 0.01 1.08711 0.818 0.01 1.18858 0.828052 0.01 1.1794 0.829361
0.01 1.18932 0.818 0.01 1.1914 0.827853 0.01 1.18865 0.833704 0.01
1.19424 0.818 0.01 1.19941 0.827286 0.01 1.1995 0.818 0.01 1.21022
0.818 0.01 1.22107 0.818 0.01 1.22098 0.82746 0.01 1.21016 0.827167
0.01 0.956899 0.897 0.01 0.939599 0.888031 0.01 0.939436 0.897 0.01
0.94937 0.887149 0.01 0.948383 0.897 0.01 1.036 0.897043 0.01 1.02609
0.907992 0.01 1.036 0.908933 0.01 1.036 0.919336 0.01 1.02685 0.919097
0.01 1.05874 0.88785 0.01 1.05896 0.897 0.01 1.0484 0.897 0.01
1.04748 0.887077 0.01 1.06949 0.888024 0.01 1.06956 0.897 0.01 1.08002
0.887834 0.01 1.07991 0.897 0.01 1.1 0.897141 0.01 1.08974 0.897
0.01 1.09063 0.887054 0.01 1.10998 0.907732 0.01 1.1 0.908536 0.01
1.10919 0.918902 0.01 1.1 0.919035 0.01 1.17909 0.897 0.01 1.179
0.897201 0.01 1.18886 0.887094 0.01 1.18977 0.897 0.01 1.19963 0.88792
0.01 1.19982 0.897 0.01 1.179 0.908619 0.01 1.16903 0.907785 0.01
1.16982 0.918939 0.01 1.179 0.919089 0.01 1.22082 0.888166 0.01 1.22083
0.897 0.01 1.21026 0.897 0.01 1.21018 0.888201 0.01 1.10919 0.940477
0.01 1.1 0.940414 0.01 1.1 0.937647 0.01 1.10917 0.939121 0.01
1.11538 0.940445 0.01 1.10999 0.951304 0.01 1.1 0.950525 0.01 1.109
0.929745 0.01 1.1 0.929786 0.01 1.179 0.950452 0.01 1.16902 0.95126
0.01 1.179 0.929788 0.01 1.17001 0.929748 0.01 0.949498 0.970957 0.01
0.948579 0.961 0.01 1.08011 0.97017 0.01 1.18872 0.970959 0.01 1.18955
0.961 0.01 1.19966 0.961 0.01 1.19952 0.970154 0.01 1.21015 0.111748
0.01 1.21022 0.103 0.01 1.22076 0.103 0.01 1.22078 0.111791 0.01
1.04714 0.171991 0.01 1.04788 0.182 0.01 1.05852 0.172796 0.01 1.05864
0.182 0.01 1.06949 0.172983 0.01 1.06956 0.182 0.01 1.02927 0.20997
0.01 1.036 0.207219 0.01 1.036 0.210021 0.01 1.02708 0.219642 0.01
1.01962 0.219632 0.01 1.02708 0.213175 0.01 1.036 0.219665 0.01 1.036
0.229107 0.01 1.036 0.23142 0.01 1.0303 0.229189 0.01 1.02696 0.224974
0.01 1.02708 0.209953 0.01 1.02686 0.229239 0.01 1.036 0.237816 0.01
1.02611 0.238812 0.01 1.036 0.489571 0.01 1.02686 0.489374 0.01 1.02703
0.5 0.01 1.036 0.5 0.01 1.02686 0.510626 0.01 1.036 0.510429
0.01 1.17006 0.790109 0.01 1.179 0.790062 0.01 1.07837 0.961 0.01
1.04814 0.961 0.01 1.04733 0.970944 0.01 1.05864 0.970157 0.01 1.05881
0.961 0.01 1.06949 0.969981 0.01 1.06955 0.961 0.01 0.957 0.0492391
0.01 0.965956 0.0486254 0.01 0.957 0.0514692 0.01 1.16904 0.0487726 0.01
1.179 0.0495433 0.01 1.179 0.0596401 0.01 1.16983 0.0595704 0.01 0.957
0.102892 0.01 0.957 0.238565 0.01 0.967058 0.239298 0.01 0.968797 0.248966
0.01 1.15814 0.249065 0.01 1.16741 0.248882 0.01 0.968708 0.321688 0.01
0.957 0.325 0.01 0.959361 0.314846 0.01 0.959763 0.310916 0.01 0.959794
0.312985 0.01 0.957 0.33194 0.01 0.967061 0.331128 0.01 0.966478 0.337805
0.01 0.957 0.334806 0.01 0.967056 0.380687 0.01 0.957 0.379956 0.01
0.957 0.375931 0.01 0.966607 0.37522 0.01 0.97211 0.380648 0.01 0.978656
0.419688 0.01 0.969044 0.400903 0.01 0.997655 0.419606 0.01 1.01678 0.41961
0.01 1.02505 0.400788 0.01 0.957 0.531896 0.01 0.957094 0.532012 0.01
0.966818 0.59914 0.01 0.978656 0.580312 0.01 0.997655 0.580394 0.01 0.969044
0.599097 0.01 1.01678 0.58039 0.01 1.02505 0.599212 0.01 0.968948 0.602779
0.01 0.968793 0.608772 0.01 0.967055 0.619313 0.01 0.957 0.620044 0.01
0.971463 0.608876 0.01 0.972109 0.619352 0.01 1.1674 0.60883 0.01 0.959794
0.687015 0.01 1.04984 0.685312 0.01 1.05044 0.675 0.01 1.05756 0.675
0.01 1.0599 0.684509 0.01 1.05992 0.687524 0.01 1.09858 0.675 0.01
1.12095 0.750916 0.01 1.15814 0.750935 0.01 0.966655 0.765341 0.01 0.957
0.763036 0.01 0.957 0.761435 0.01 0.967058 0.760702 0.01 0.957 0.809502
0.01 0.957 0.805205 0.01 0.966491 0.803653 0.01 0.967032 0.810264 0.01
1.20553 0.961 0.01 1.20451 0.970055 0.01 1.03599 0.246002 0.01 1.036
0.245981 0.01 1.0246 0.248807 0.01 1.11163 0.2489 0.01 1.03595 0.389008
0.01 1.036 0.388931 0.01 1.02459 0.391025 0.01 1.11164 0.391191 0.01
1.1674 0.39117 0.01 1.03595 0.610992 0.01 1.036 0.611069 0.01 1.02459
0.608975 0.01 1.11164 0.608809 0.01 1.036 0.754019 0.01 1.03599 0.753998
0.01 1.0246 0.751193 0.01 1.11163 0.7511 0.01 1.16741 0.751118 0.01
0.967037 0.0485513 0.01 0.966225 0.0594306 0.01 0.957 0.059448 0.01 0.96603
0.0702653 0.01 0.96622 0.081216 0.01 0.957 0.0811241 0.01 0.957 0.0702225
0.01 1.179 0.0676739 0.01 1.16994 0.0659533 0.01 1.17001 0.0702602 0.01
1.179 0.0702168 0.01 0.957 0.0917306 0.01 0.967027 0.0924462 0.01 0.967032
0.189737 0.01 0.96649 0.196357 0.01 0.957 0.194795 0.01 0.957 0.190498
0.01 0.96621 0.199785 0.01 0.957 0.19985 0.01 0.957 0.236964 0.01
0.966655 0.234659 0.01 0.957 0.209838 0.01 0.965965 0.209815 0.01 0.965972
0.219787 0.01 0.957 0.219847 0.01 0.966218 0.229636 0.01 0.957 0.229642
0.01 0.955817 0.325 0.01 0.940014 0.315372 0.01 0.94001 0.325 0.01
0.930046 0.325 0.01 0.930021 0.315475 0.01 0.949892 0.314672 0.01 0.949195
0.325 0.01 1.05044 0.325 0.01 1.04984 0.314688 0.01 1.0599 0.315491
0.01 1.05756 0.325 0.01 1.05992 0.312476 0.01 1.05995 0.315495 0.01
1.05995 0.325 0.01 1.07027 0.315752 0.01 1.08069 0.315521 0.01 1.08065
0.325 0.01 1.07025 0.325 0.01 1.09858 0.325 0.01 1.09053 0.325
0.01 1.09123 0.314741 0.01 1.18839 0.314706 0.01 1.18947 0.314778 0.01
1.18874 0.320088 0.01 1.18525 0.325 0.01 1.19925 0.315428 0.01 1.1993
0.325 0.01 1.18906 0.325 0.01 1.21011 0.325 0.01 1.21004 0.315519
0.01 1.22087 0.315078 0.01 1.22103 0.325 0.01 0.966234 0.340605 0.01
0.957 0.34061 0.01 0.965976 0.350377 0.01 0.965977 0.360347 0.01 0.957
0.360307 0.01 0.957 0.350303 0.01 0.968793 0.391228 0.01 0.968948 0.397221
0.01 0.971463 0.391124 0.01 0.957 0.370385 0.01 0.966217 0.370466 0.01
0.957094 0.467988 0.01 0.957 0.468104 0.01 0.968792 0.466506 0.01 0.967054
0.478079 0.01 0.957 0.478749 0.01 0.957 0.489167 0.01 0.966229 0.489117
0.01 0.96604 0.5 0.01 0.957 0.5 0.01 0.966229 0.510883 0.01
0.967054 0.521921 0.01 0.957 0.521251 0.01 0.957 0.510833 0.01 0.968792
0.533494 0.01 0.966607 0.62478 0.01 0.957 0.624069 0.01 0.966217 0.629534
0.01 0.965977 0.639653 0.01 0.957 0.639693 0.01 0.957 0.629615 0.01
1.21022 0.611 0.01 1.22101 0.611 0.01 0.967061 0.668872 0.01 0.957
0.66806 0.01 0.957 0.665194 0.01 0.966478 0.662195 0.01 0.957 0.649697
0.01 0.965976 0.649623 0.01 0.966234 0.659395 0.01 0.957 0.65939 0.01
0.955817 0.675 0.01 0.930021 0.684525 0.01 0.930046 0.675 0.01 0.94001
0.675 0.01 0.940014 0.684628 0.01 0.949195 0.675 0.01 0.949892 0.685328
0.01 1.05995 0.675 0.01 1.05995 0.684505 0.01 1.07025 0.675 0.01
1.08065 0.675 0.01 1.08069 0.684479 0.01 1.07027 0.684248 0.01 1.09123
0.685259 0.01 1.09053 0.675 0.01 1.18874 0.679911 0.01 1.18947 0.685222
0.01 1.18839 0.685294 0.01 1.18525 0.675 0.01 1.18906 0.675 0.01
1.1993 0.675 0.01 1.19925 0.684572 0.01 1.21004 0.684481 0.01 1.21011
0.675 0.01 1.22087 0.684922 0.01 1.22103 0.675 0.01 0.968797 0.751034
0.01 0.957 0.770358 0.01 0.966218 0.770364 0.01 0.965972 0.780213 0.01
0.957 0.780153 0.01 0.965965 0.790185 0.01 0.96621 0.800215 0.01 0.957
0.80015 0.01 0.957 0.790162 0.01 0.957 0.897108 0.01 0.967027 0.907555
0.01 0.96622 0.918784 0.01 0.957 0.918876 0.01 0.957 0.90827 0.01
0.965941 0.951374 0.01 0.957 0.950761 0.01 0.957 0.948531 0.01 0.957
0.929778 0.01 0.96603 0.929735 0.01 0.966225 0.940569 0.01 0.957 0.940552
0.01 0.967037 0.951449 0.01 1.036 0.960896 0.01 1.036 0.9298 0.01
1.02702 0.929757 0.01 1.02684 0.94031 0.01 1.036 0.94015 0.01 1.02607
0.951078 0.01 1.036 0.950159 0.01 1.21023 0.961 0.01 1.21016 0.969943
0.01 1.22088 0.970082 0.01 1.22092 0.961 0.01 1.23212 0.17169 0.01
1.23165 0.182 0.01 1.2316 0.161145 0.01 1.23183 0.246 0.01 1.23238
0.256489 0.01 1.23156 0.389 0.01 1.23221 0.399109 0.01 1.23131 0.448776
0.01 1.23187 0.45834 0.01 1.23096 0.439139 0.01 1.23128 0.468 0.01
1.23128 0.532 0.01 1.23187 0.54166 0.01 1.23131 0.551224 0.01 1.23096
0.560861 0.01 1.23238 0.743511 0.01 1.23183 0.754 0.01 1.23165 0.818
0.01 1.23212 0.828311 0.01 1.2316 0.838858 0.01 1.23187 0.887472 0.01
1.23124 0.897003 0.01 1.23147 0.877997 0.01 1.23191 0.314147 0.01 1.23167
0.325002 0.01 1.23112 0.325002 0.01 1.22715 0.314549 0.01 1.22735 0.302882
0.01 1.23138 0.302688 0.01 1.23221 0.600891 0.01 1.23156 0.611 0.01
1.23191 0.685853 0.01 1.23138 0.697311 0.01 1.22735 0.697118 0.01 1.22714
0.685451 0.01 1.23112 0.674998 0.01 1.23167 0.674998 0.01 1.23195 0.970837
0.01 1.23149 0.980709 0.01 1.23137 0.961 0.01 1.47903 0.298425 0.01
1.48353 0.303766 0.01 1.47932 0.303292 0.01 1.47766 -2.83623e-41 0.01 1.49889
-4.83868e-42 0.01 1.49907 0.0198778 0.01 1.48827 0.0196409 0.01 1.47712 0.019127
0.01 1.4779 0.103 0.01 1.48868 0.103 0.01 1.48842 0.112095 0.01
1.47701 0.112863 0.01 1.47652 0.256359 0.01 1.4881 0.255287 0.01 1.49921
0.255377 0.01 1.49927 0.278983 0.01 1.47788 0.27918 0.01 1.35957 9.80909e-45
0.01 1.37912 2.87266e-43 0.01 1.3791 0.0190951 0.01 1.3694 0.0196068 0.01
1.35965 0.0198761 0.01 1.39857 -1.74041e-42 0.01 1.41789 -1.31386e-41 0.01 1.41784
0.00308503 0.01 1.40333 0.0185051 0.01 1.39849 0.0183779 0.01 1.41741 0.122964
0.01 1.43627 0.122583 0.01 1.43636 0.141693 0.01 1.43622 0.160636 0.01
1.4174 0.160357 0.01 1.39849 0.160653 0.01 1.39871 0.142106 0.01 1.39845
0.123463 0.01 1.39832 0.171967 0.01 1.39843 0.170068 0.01 1.39843 0.169815
0.01 1.41568 0.219698 0.01 1.41135 0.219721 0.01 1.41582 0.204576 0.01
1.41623 0.239423 0.01 1.4172 0.259302 0.01 1.39826 0.258838 0.01 1.39793
0.24896 0.01 1.39622 0.240215 0.01 1.39625 0.239342 0.01 1.43595 0.249352
0.01 1.43591 0.239285 0.01 1.44558 0.239105 0.01 1.45516 0.238771 0.01
1.455 0.23973 0.01 1.37924 0.279295 0.01 1.37926 0.283362 0.01 1.37751
0.279269 0.01 1.39851 0.279851 0.01 1.41775 0.279892 0.01 1.41799 0.300793
0.01 1.3986 0.301819 0.01 1.46921 0.302453 0.01 1.46107 0.301544 0.01
1.41713 0.325765 0.01 1.39763 0.32326 0.01 1.39792 0.321785 0.01 1.41747
0.320748 0.01 1.39604 0.380732 0.01 1.39601 0.38034 0.01 1.39723 0.380714
0.01 1.37914 0.415199 0.01 1.3604 0.397937 0.01 1.36951 0.398126 0.01
1.3791 0.398994 0.01 1.41696 0.400518 0.01 1.43573 0.400217 0.01 1.4362
0.419474 0.01 1.43667 0.438385 0.01 1.41759 0.438093 0.01 1.39845 0.438061
0.01 1.39862 0.419493 0.01 1.39822 0.400766 0.01 1.47732 0.418951 0.01
1.47758 0.438401 0.01 1.46679 0.43799 0.01 1.45645 0.438144 0.01 1.45602
0.419481 0.01 1.41759 0.561907 0.01 1.43667 0.561615 0.01 1.4362 0.580526
0.01 1.43573 0.599783 0.01 1.41696 0.599482 0.01 1.39822 0.599234 0.01
1.39862 0.580507 0.01 1.39845 0.561939 0.01 1.39604 0.619268 0.01 1.39792
0.608711 0.01 1.39806 0.604354 0.01 1.39723 0.619286 0.01 1.41747 0.679252
0.01 1.41799 0.699207 0.01 1.3986 0.698181 0.01 1.3985 0.687784 0.01
1.39792 0.678215 0.01 1.43788 0.699635 0.01 1.43787 0.699017 0.01 1.44264
0.699429 0.01 1.37926 0.730254 0.01 1.37751 0.720731 0.01 1.37924 0.720705
0.01 1.39851 0.720149 0.01 1.41775 0.720108 0.01 1.4172 0.740698 0.01
1.39826 0.741162 0.01 1.43686 0.724199 0.01 1.43707 0.720272 0.01 1.43929
0.720285 0.01 1.41568 0.780302 0.01 1.41144 0.78028 0.01 1.39625 0.760658
0.01 1.41623 0.760577 0.01 1.39638 0.812196 0.01 1.39603 0.81028 0.01
1.39602 0.810141 0.01 1.37922 0.839382 0.01 1.3654 0.837434 0.01 1.36951
0.837539 0.01 1.37922 0.838171 0.01 1.4174 0.839642 0.01 1.43623 0.839364
0.01 1.43636 0.858307 0.01 1.43627 0.877417 0.01 1.41741 0.877036 0.01
1.39845 0.876536 0.01 1.39871 0.857894 0.01 1.39849 0.839347 0.01 1.39849
0.981622 0.01 1.39841 0.972409 0.01 1.39805 0.965996 0.01 1.40385 0.981481
0.01 1.33992 0.0196442 0.01 1.33986 -0 0.01 1.34983 0.0198686 0.01
1.38885 0.0182204 0.01 1.45566 0.0184122 0.01 1.43654 0.0189407 0.01 1.43713
2.35026e-41 0.01 1.45684 1.82954e-41 0.01 1.46564 0.0182442 0.01 1.4545 0.0276822
0.01 1.45377 0.0374614 0.01 1.44497 0.0383346 0.01 1.43591 0.0387259 0.01
1.465 0.103025 0.01 1.465 0.103 0.01 1.46505 0.103 0.01 1.43585
0.102388 0.01 1.44497 0.102807 0.01 1.4538 0.104056 0.01 1.4545 0.113972
0.01 1.45551 0.123279 0.01 1.46431 0.114409 0.01 1.45541 0.160705 0.01
1.45438 0.170153 0.01 1.45374 0.179731 0.01 1.4449 0.179905 0.01 1.4358
0.180045 0.01 1.35967 0.279004 0.01 1.33976 0.279115 0.01 1.33976 0.255511
0.01 1.34981 0.255021 0.01 1.3598 0.255266 0.01 1.37926 0.269746 0.01
1.38487 0.257392 0.01 1.38884 0.258117 0.01 1.36968 0.25527 0.01 1.3793
0.256377 0.01 1.43929 0.279715 0.01 1.43707 0.279728 0.01 1.43686 0.27579
0.01 1.43598 0.259209 0.01 1.45352 0.248777 0.01 1.45446 0.258711 0.01
1.45682 0.279608 0.01 1.46386 0.258094 0.01 1.43591 0.380026 0.01 1.44563
0.379931 0.01 1.45518 0.380019 0.01 1.45348 0.391055 0.01 1.45433 0.400641
0.01 1.39823 0.456781 0.01 1.38874 0.456342 0.01 1.37893 0.458084 0.01
1.37917 0.448374 0.01 1.37913 0.438488 0.01 1.45583 0.44749 0.01 1.45484
0.456995 0.01 1.44541 0.4575 0.01 1.43615 0.457922 0.01 1.37913 0.561512
0.01 1.37917 0.551626 0.01 1.37893 0.541916 0.01 1.38874 0.543658 0.01
1.39823 0.54322 0.01 1.43615 0.542078 0.01 1.44541 0.5425 0.01 1.45484
0.543005 0.01 1.45583 0.55251 0.01 1.45645 0.561856 0.01 1.45433 0.599359
0.01 1.45348 0.608944 0.01 1.45518 0.619981 0.01 1.44563 0.620069 0.01
1.43591 0.619974 0.01 1.38884 0.741883 0.01 1.38487 0.742608 0.01 1.3793
0.743623 0.01 1.36968 0.74473 0.01 1.3598 0.744734 0.01 1.35967 0.720996
0.01 1.455 0.76027 0.01 1.45516 0.761229 0.01 1.44558 0.760895 0.01
1.43591 0.760715 0.01 1.43595 0.750665 0.01 1.45446 0.741289 0.01 1.43598
0.740791 0.01 1.45682 0.720392 0.01 1.47652 0.743641 0.01 1.46386 0.741906
0.01 1.47788 0.72082 0.01 1.45352 0.751223 0.01 1.49921 0.744623 0.01
1.4881 0.744713 0.01 1.49927 0.721017 0.01 1.52004 0.720748 0.01 1.52044
0.743403 0.01 1.50995 0.744577 0.01 1.4358 0.819954 0.01 1.4449 0.820095
0.01 1.45374 0.820269 0.01 1.45438 0.829847 0.01 1.45541 0.839295 0.01
1.45551 0.87672 0.01 1.4545 0.886028 0.01 1.4538 0.895944 0.01 1.44497
0.897193 0.01 1.43585 0.897611 0.01 1.37912 1 0.01 1.35956 1
0.01 1.35965 0.980124 0.01 1.3694 0.980393 0.01 1.3791 0.980905 0.01
1.39857 1 0.01 1.38884 0.981779 0.01 1.43654 0.981059 0.01 1.43591
0.961274 0.01 1.44497 0.961666 0.01 1.45377 0.962538 0.01 1.4545 0.972318
0.01 1.45566 0.981588 0.01 1.45684 1 0.01 1.43713 1 0.01
1.47766 1 0.01 1.46564 0.981756 0.01 1.47712 0.980874 0.01 1.51802
0.980466 0.01 1.51999 0.980529 0.01 1.51976 0.993073 0.01 1.49907 0.980123
0.01 1.50963 0.980196 0.01 1.51964 1 0.01 1.49889 1 0.01
1.48827 0.98036 0.01 1.47734 0.142116 0.01 1.47712 0.122765 0.01 1.48829
0.12224 0.01 1.49907 0.121935 0.01 1.49889 0.141939 0.01 1.47692 0.161807
0.01 1.49905 0.162445 0.01 1.48814 0.162386 0.01 1.4999 0.304085 0.01
1.4897 0.30446 0.01 1.47958 0.314557 0.01 1.4856 0.315105 0.01 1.48483
0.325 0.01 1.48022 0.325 0.01 1.48823 0.398131 0.01 1.47667 0.398981
0.01 1.47746 0.389 0.01 1.48841 0.389 0.01 1.49934 0.389 0.01
1.49921 0.398004 0.01 1.50975 0.0338077 0.01 1.50976 0.039 0.01 1.50865
0.039 0.01 1.47689 0.0290741 0.01 1.48835 0.0298575 0.01 1.48855 0.039
0.01 1.4777 0.039 0.01 1.49921 0.0300582 0.01 1.49934 0.039 0.01
1.50963 0.0198044 0.01 1.50975 0.0299258 0.01 1.49933 0.103 0.01 1.49921
0.111871 0.01 1.50962 0.103 0.01 1.50965 0.111931 0.01 1.50958 0.121817
0.01 1.47665 0.171972 0.01 1.48819 0.172775 0.01 1.48835 0.182 0.01
1.47736 0.182 0.01 1.4992 0.17293 0.01 1.49934 0.182 0.01 1.50987
0.172698 0.01 1.50995 0.182 0.01 1.50969 0.162179 0.01 1.47714 0.246
0.01 1.48822 0.246 0.01 1.49932 0.246 0.01 1.51003 0.246 0.01
1.50995 0.255423 0.01 1.41597 0.05966 0.01 1.39521 0.0594025 0.01 1.39603
0.0484774 0.01 1.39788 0.0372664 0.01 1.41703 0.0384892 0.01 1.43582 0.0491436
0.01 1.43597 0.0596952 0.01 1.41595 0.0811647 0.01 1.39521 0.0812559 0.01
1.39496 0.0702621 0.01 1.43604 0.0703028 0.01 1.43597 0.0809848 0.01 1.41696
0.102875 0.01 1.39786 0.104381 0.01 1.39603 0.0925432 0.01 1.43581 0.0916935
0.01 1.39838 0.114181 0.01 1.37922 0.161829 0.01 1.36951 0.162461 0.01
1.36476 0.162582 0.01 1.37922 0.160275 0.01 1.39006 0.160818 0.01 1.3889
0.160841 0.01 1.37916 0.142297 0.01 1.3596 0.142377 0.01 1.35963 0.122166
0.01 1.36934 0.122387 0.01 1.37904 0.12289 0.01 1.3888 0.123667 0.01
1.35969 0.162711 0.01 1.45619 0.141943 0.01 1.46563 0.123545 0.01 1.46546
0.160861 0.01 1.37919 0.171965 0.01 1.37844 0.182 0.01 1.37046 0.182
0.01 1.36957 0.179042 0.01 1.36957 0.172794 0.01 1.3673 0.17285 0.01
1.39602 0.189859 0.01 1.39603 0.18972 0.01 1.3964 0.187689 0.01 1.41693
0.179878 0.01 1.39787 0.179563 0.01 1.41587 0.199807 0.01 1.39519 0.199763
0.01 1.43575 0.189995 0.01 1.43593 0.199927 0.01 1.43603 0.207224 0.01
1.43606 0.209819 0.01 1.43602 0.219643 0.01 1.43597 0.229431 0.01 1.39495
0.219808 0.01 1.39489 0.209813 0.01 1.39514 0.229685 0.01 1.39605 0.239341
0.01 1.45614 0.209968 0.01 1.45613 0.219627 0.01 1.44605 0.219628 0.01
1.44605 0.209873 0.01 1.44597 0.205886 0.01 1.45598 0.202492 0.01 1.39063
0.302655 0.01 1.37933 0.303533 0.01 1.36961 0.304711 0.01 1.35973 0.304478
0.01 1.38899 0.302827 0.01 1.3697 0.315588 0.01 1.35981 0.315797 0.01
1.45854 0.301261 0.01 1.46947 0.312621 0.01 1.47252 0.325 0.01 1.43788
0.300365 0.01 1.44265 0.300572 0.01 1.43787 0.300983 0.01 1.43756 0.319655
0.01 1.45889 0.311384 0.01 1.45844 0.320323 0.01 1.44775 0.319462 0.01
1.41802 0.320718 0.01 1.41615 0.34023 0.01 1.39522 0.340568 0.01 1.39605
0.33115 0.01 1.43709 0.328938 0.01 1.43667 0.339045 0.01 1.41578 0.360189
0.01 1.39495 0.36035 0.01 1.3949 0.350359 0.01 1.43648 0.349172 0.01
1.43623 0.359558 0.01 1.39806 0.395597 0.01 1.39792 0.391289 0.01 1.4162
0.380419 0.01 1.39514 0.370506 0.01 1.43608 0.369763 0.01 1.4562 0.359261
0.01 1.45614 0.361704 0.01 1.45049 0.359317 0.01 1.38878 0.400807 0.01
1.39639 0.400774 0.01 1.37915 0.418919 0.01 1.35962 0.418484 0.01 1.35974
0.397923 0.01 1.36942 0.438654 0.01 1.35964 0.438734 0.01 1.46388 0.400786
0.01 1.49895 0.418722 0.01 1.49907 0.43897 0.01 1.48843 0.438714 0.01
1.41723 0.457792 0.01 1.41628 0.47858 0.01 1.39605 0.477997 0.01 1.39793
0.466307 0.01 1.4358 0.46809 0.01 1.43593 0.478661 0.01 1.50959 0.449155
0.01 1.50969 0.459063 0.01 1.49922 0.459126 0.01 1.49912 0.449027 0.01
1.50954 0.439203 0.01 1.41582 0.5 0.01 1.39501 0.5 0.01 1.39515
0.489064 0.01 1.43603 0.489342 0.01 1.43606 0.5 0.01 1.41628 0.52142
0.01 1.39605 0.522003 0.01 1.39515 0.510936 0.01 1.43603 0.510658 0.01
1.43593 0.521339 0.01 1.41723 0.542208 0.01 1.39793 0.533693 0.01 1.4358
0.53191 0.01 1.3791 0.601006 0.01 1.36951 0.601874 0.01 1.3604 0.602063
0.01 1.37914 0.584783 0.01 1.39642 0.599226 0.01 1.38878 0.599193 0.01
1.37915 0.581081 0.01 1.35962 0.581516 0.01 1.35964 0.561266 0.01 1.36942
0.561346 0.01 1.35974 0.602077 0.01 1.45602 0.580519 0.01 1.46679 0.56201
0.01 1.47758 0.561599 0.01 1.47732 0.581049 0.01 1.47667 0.601019 0.01
1.46388 0.599214 0.01 1.48843 0.561286 0.01 1.49907 0.56103 0.01 1.49895
0.581278 0.01 1.49921 0.601996 0.01 1.48823 0.601869 0.01 1.36949 0.611
0.01 1.36479 0.611 0.01 1.37831 0.611 0.01 1.39601 0.61966 0.01
1.4162 0.619581 0.01 1.41578 0.639811 0.01 1.39495 0.63965 0.01 1.39514
0.629494 0.01 1.43608 0.630237 0.01 1.43623 0.640442 0.01 1.39763 0.67674
0.01 1.41713 0.674235 0.01 1.41802 0.679282 0.01 1.41615 0.65977 0.01
1.39522 0.659432 0.01 1.3949 0.649641 0.01 1.43648 0.650828 0.01 1.43667
0.660955 0.01 1.39605 0.66885 0.01 1.43756 0.680345 0.01 1.43709 0.671062
0.01 1.45629 0.651324 0.01 1.4563 0.655124 0.01 1.44996 0.651173 0.01
1.4562 0.640739 0.01 1.45049 0.640683 0.01 1.37926 0.716638 0.01 1.39063
0.697344 0.01 1.35988 0.675 0.01 1.36974 0.675 0.01 1.3697 0.684412
0.01 1.35981 0.684203 0.01 1.35973 0.695522 0.01 1.36961 0.695289 0.01
1.37933 0.696467 0.01 1.38899 0.697172 0.01 1.46108 0.698456 0.01 1.46921
0.697547 0.01 1.47932 0.696708 0.01 1.47903 0.701572 0.01 1.44775 0.680538
0.01 1.45844 0.679677 0.01 1.45889 0.688616 0.01 1.45854 0.698739 0.01
1.4999 0.695915 0.01 1.51019 0.695843 0.01 1.52035 0.697208 0.01 1.48352
0.696235 0.01 1.4897 0.69554 0.01 1.43597 0.770569 0.01 1.43602 0.780356
0.01 1.41582 0.79521 0.01 1.43606 0.790181 0.01 1.43603 0.792774 0.01
1.39495 0.780192 0.01 1.39514 0.770315 0.01 1.39605 0.760659 0.01 1.41587
0.800192 0.01 1.39519 0.800237 0.01 1.39489 0.790187 0.01 1.43593 0.800073
0.01 1.45592 0.770796 0.01 1.45613 0.780373 0.01 1.44605 0.780372 0.01
1.44589 0.770659 0.01 1.41693 0.820121 0.01 1.39787 0.820437 0.01 1.43575
0.810005 0.01 1.39843 0.829932 0.01 1.3889 0.839159 0.01 1.3898 0.839177
0.01 1.37916 0.857703 0.01 1.3596 0.857623 0.01 1.35969 0.837289 0.01
1.37904 0.877109 0.01 1.36934 0.877613 0.01 1.35963 0.877834 0.01 1.3888
0.876333 0.01 1.4562 0.858057 0.01 1.46546 0.839139 0.01 1.47692 0.838193
0.01 1.47734 0.857884 0.01 1.47712 0.877235 0.01 1.46563 0.876455 0.01
1.49889 0.858061 0.01 1.49905 0.837555 0.01 1.50969 0.837821 0.01 1.52008
0.838597 0.01 1.51977 0.858585 0.01 1.51995 0.878116 0.01 1.50958 0.878183
0.01 1.49907 0.878065 0.01 1.48814 0.837614 0.01 1.48829 0.87776 0.01
1.36026 0.897 0.01 1.35969 0.897 0.01 1.35969 0.895982 0.01 1.41697
0.897125 0.01 1.39786 0.895619 0.01 1.39838 0.885819 0.01 1.41595 0.918835
0.01 1.39521 0.918744 0.01 1.39603 0.907457 0.01 1.43581 0.908307 0.01
1.43597 0.919015 0.01 1.41597 0.94034 0.01 1.39521 0.940597 0.01 1.39496
0.929738 0.01 1.43604 0.929697 0.01 1.43597 0.940305 0.01 1.41703 0.961511
0.01 1.39787 0.962734 0.01 1.39603 0.951523 0.01 1.43582 0.950857 0.01
1.37898 0.970948 0.01 1.3694 0.97016 0.01 1.3597 0.969923 0.01 1.35974
0.961 0.01 1.36933 0.961 0.01 1.3781 0.961 0.01 1.50975 0.970075
0.01 1.49921 0.969942 0.01 1.50975 0.9662 0.01 1.49934 0.961 0.01
1.50865 0.961 0.01 1.34989 0.030076 0.01 1.34 0.0298422 0.01 1.3597
0.0300764 0.01 1.35974 0.039 0.01 1.34994 0.039 0.01 1.34015 0.039
0.01 1.37898 0.0290515 0.01 1.3694 0.0298399 0.01 1.36933 0.039 0.01
1.3781 0.039 0.01 1.465 0.0389537 0.01 1.46511 0.039 0.01 1.465
0.039 0.01 1.46495 0.0389936 0.01 1.46426 0.0274507 0.01 1.386 0.0462505
0.01 1.386 0.039 0.01 1.39135 0.0382191 0.01 1.386 0.0491507 0.01
1.386 0.0594062 0.01 1.386 0.0811755 0.01 1.386 0.0702257 0.01 1.465
0.0391112 0.01 1.45522 0.048949 0.01 1.45593 0.0597046 0.01 1.44588 0.0596748
0.01 1.44548 0.0490212 0.01 1.465 0.0498481 0.01 1.465 0.0598713 0.01
1.4561 0.0702317 0.01 1.44601 0.0702755 0.01 1.44588 0.080953 0.01 1.45594
0.0808583 0.01 1.465 0.0701909 0.01 1.465 0.0806185 0.01 1.35765 0.103
0.01 1.35969 0.103 0.01 1.35969 0.104106 0.01 1.34994 0.111926 0.01
1.34012 0.112161 0.01 1.34031 0.103 0.01 1.35 0.103 0.01 1.35966
0.111926 0.01 1.34986 0.122146 0.01 1.33998 0.122399 0.01 1.38602 0.103003
0.01 1.386 0.103 0.01 1.386 0.102967 0.01 1.3603 0.103 0.01
1.386 0.0918334 0.01 1.36919 0.103 0.01 1.37792 0.103 0.01 1.37887
0.112925 0.01 1.36929 0.112154 0.01 1.46498 0.103002 0.01 1.465 0.102954
0.01 1.45523 0.0919354 0.01 1.44548 0.0918228 0.01 1.465 0.0910166 0.01
1.34315 0.172879 0.01 1.3399 0.181667 0.01 1.33982 0.172798 0.01 1.3398
0.162461 0.01 1.34383 0.162579 0.01 1.34982 0.173042 0.01 1.34985 0.182
0.01 1.3399 0.182 0.01 1.34978 0.162753 0.01 1.35976 0.173037 0.01
1.35982 0.182 0.01 1.39529 0.189772 0.01 1.386 0.18574 0.01 1.386
0.182 0.01 1.39448 0.180259 0.01 1.36957 0.182 0.01 1.386 0.199804
0.01 1.386 0.190416 0.01 1.465 0.181989 0.01 1.46502 0.182 0.01
1.465 0.182 0.01 1.46499 0.181998 0.01 1.465 0.182033 0.01 1.465
0.197768 0.01 1.465 0.200445 0.01 1.45933 0.200299 0.01 1.46416 0.170267
0.01 1.45519 0.190263 0.01 1.44543 0.190057 0.01 1.44586 0.200031 0.01
1.45593 0.200211 0.01 1.465 0.191273 0.01 1.386 0.209824 0.01 1.386
0.219866 0.01 1.386 0.238634 0.01 1.386 0.229693 0.01 1.465 0.210042
0.01 1.465 0.219641 0.01 1.45592 0.229204 0.01 1.44589 0.229341 0.01
1.465 0.229047 0.01 1.465 0.237749 0.01 1.3398 0.246 0.01 1.34982
0.246 0.01 1.35987 0.246 0.01 1.36969 0.246 0.01 1.37863 0.246
0.01 1.465 0.245602 0.01 1.465 0.246 0.01 1.386 0.326262 0.01
1.386 0.325 0.01 1.386 0.331864 0.01 1.386 0.340566 0.01 1.386
0.360328 0.01 1.386 0.35029 0.01 1.465 0.325 0.01 1.465 0.337516
0.01 1.46037 0.337659 0.01 1.46493 0.325016 0.01 1.46109 0.321203 0.01
1.44996 0.348827 0.01 1.4563 0.344875 0.01 1.45629 0.348676 0.01 1.465
0.348635 0.01 1.465 0.359265 0.01 1.45644 0.326901 0.01 1.45632 0.337787
0.01 1.44658 0.338446 0.01 1.44694 0.32829 0.01 1.4464 0.348912 0.01
1.44622 0.359359 0.01 1.34938 0.397898 0.01 1.3399 0.398163 0.01 1.33999
0.389 0.01 1.3449 0.389 0.01 1.34989 0.389 0.01 1.35979 0.389
0.01 1.34986 0.397884 0.01 1.386 0.380033 0.01 1.386 0.380033 0.01
1.36479 0.389 0.01 1.36949 0.389 0.01 1.37831 0.389 0.01 1.386
0.370439 0.01 1.465 0.369022 0.01 1.465 0.389 0.01 1.46507 0.389
0.01 1.465 0.389036 0.01 1.46496 0.389007 0.01 1.465 0.388906 0.01
1.45595 0.36962 0.01 1.44598 0.36968 0.01 1.465 0.369476 0.01 1.465
0.379108 0.01 1.34984 0.448861 0.01 1.34992 0.459083 0.01 1.34007 0.458859
0.01 1.33995 0.44864 0.01 1.34979 0.438752 0.01 1.35966 0.448869 0.01
1.33989 0.438603 0.01 1.35968 0.459084 0.01 1.34997 0.468 0.01 1.34024
0.468 0.01 1.35972 0.468 0.01 1.386 0.468 0.01 1.3859 0.468
0.01 1.38602 0.467911 0.01 1.38609 0.467988 0.01 1.386 0.468096 0.01
1.36935 0.458864 0.01 1.36941 0.448702 0.01 1.378 0.468 0.01 1.36926
0.468 0.01 1.386 0.478665 0.01 1.465 0.468 0.01 1.46495 0.467994
0.01 1.465 0.467951 0.01 1.46515 0.468 0.01 1.465 0.468154 0.01
1.46606 0.447496 0.01 1.46443 0.456564 0.01 1.47733 0.448185 0.01 1.47701
0.458119 0.01 1.45387 0.466696 0.01 1.44514 0.467669 0.01 1.44557 0.478539
0.01 1.45526 0.478455 0.01 1.47778 0.468 0.01 1.465 0.479354 0.01
1.386 0.489118 0.01 1.386 0.5 0.01 1.386 0.521335 0.01 1.386
0.510882 0.01 1.34992 0.540917 0.01 1.34007 0.541141 0.01 1.34024 0.532
0.01 1.34997 0.532 0.01 1.35972 0.532 0.01 1.35968 0.540916 0.01
1.34984 0.551139 0.01 1.33995 0.55136 0.01 1.35966 0.551131 0.01 1.34979
0.561248 0.01 1.33989 0.561397 0.01 1.38602 0.532089 0.01 1.3859 0.532
0.01 1.386 0.532 0.01 1.386 0.531904 0.01 1.38609 0.532012 0.01
1.36926 0.532 0.01 1.378 0.532 0.01 1.36935 0.541136 0.01 1.36941
0.551298 0.01 1.465 0.532 0.01 1.465 0.532049 0.01 1.46495 0.532006
0.01 1.465 0.531846 0.01 1.46515 0.532 0.01 1.45387 0.533304 0.01
1.44514 0.532331 0.01 1.44557 0.521461 0.01 1.45526 0.521545 0.01 1.46443
0.543436 0.01 1.465 0.520646 0.01 1.47778 0.532 0.01 1.47701 0.541881
0.01 1.46606 0.552504 0.01 1.47733 0.551815 0.01 1.48859 0.532 0.01
1.49932 0.532 0.01 1.49922 0.540874 0.01 1.48841 0.541104 0.01 1.50968
0.532 0.01 1.50969 0.540937 0.01 1.49912 0.550973 0.01 1.48839 0.551269
0.01 1.50959 0.550845 0.01 1.50954 0.560797 0.01 1.3449 0.611 0.01
1.33999 0.611 0.01 1.3399 0.601837 0.01 1.34938 0.602102 0.01 1.34986
0.602116 0.01 1.35979 0.611 0.01 1.34989 0.611 0.01 1.386 0.619967
0.01 1.386 0.619967 0.01 1.386 0.639672 0.01 1.386 0.629561 0.01
1.465 0.611 0.01 1.465 0.611094 0.01 1.46496 0.610993 0.01 1.465
0.610964 0.01 1.46507 0.611 0.01 1.45614 0.638296 0.01 1.465 0.630978
0.01 1.465 0.640735 0.01 1.465 0.620892 0.01 1.47746 0.611 0.01
1.45595 0.63038 0.01 1.44598 0.63032 0.01 1.44622 0.640641 0.01 1.465
0.630524 0.01 1.48841 0.611 0.01 1.49934 0.611 0.01 1.50987 0.601834
0.01 1.5099 0.611 0.01 1.386 0.675 0.01 1.386 0.673738 0.01
1.386 0.64971 0.01 1.386 0.659434 0.01 1.386 0.668136 0.01 1.465
0.651365 0.01 1.465 0.662484 0.01 1.46037 0.662341 0.01 1.46493 0.674984
0.01 1.465 0.675 0.01 1.47252 0.675 0.01 1.46109 0.678798 0.01
1.45632 0.662213 0.01 1.44658 0.661554 0.01 1.4464 0.651088 0.01 1.45644
0.673099 0.01 1.44694 0.67171 0.01 1.37863 0.754 0.01 1.36969 0.754
0.01 1.35987 0.754 0.01 1.465 0.754398 0.01 1.465 0.762251 0.01
1.465 0.754 0.01 1.47714 0.754 0.01 1.49932 0.754 0.01 1.48822
0.754 0.01 1.51003 0.754 0.01 1.386 0.770307 0.01 1.386 0.761366
0.01 1.386 0.780134 0.01 1.386 0.800196 0.01 1.386 0.790176 0.01
1.465 0.770953 0.01 1.465 0.780358 0.01 1.45614 0.790032 0.01 1.44605
0.790127 0.01 1.44597 0.794112 0.01 1.45598 0.797508 0.01 1.465 0.789958
0.01 1.465 0.799555 0.01 1.45933 0.799701 0.01 1.44586 0.799969 0.01
1.45593 0.799789 0.01 1.39529 0.810228 0.01 1.3943 0.819704 0.01 1.386
0.818 0.01 1.386 0.81426 0.01 1.36957 0.820929 0.01 1.37044 0.818
0.01 1.37844 0.818 0.01 1.37919 0.828035 0.01 1.36957 0.827206 0.01
1.36731 0.82715 0.01 1.386 0.809584 0.01 1.36957 0.818 0.01 1.35976
0.826963 0.01 1.35982 0.818 0.01 1.46499 0.818002 0.01 1.465 0.817967
0.01 1.465 0.818 0.01 1.465 0.802232 0.01 1.465 0.818011 0.01
1.46502 0.818 0.01 1.4552 0.809737 0.01 1.44543 0.809943 0.01 1.465
0.808726 0.01 1.46416 0.829733 0.01 1.47665 0.828028 0.01 1.47736 0.818
0.01 1.48835 0.818 0.01 1.49934 0.818 0.01 1.4992 0.82707 0.01
1.48819 0.827225 0.01 1.50995 0.818 0.01 1.50987 0.827302 0.01 1.386
0.897033 0.01 1.386 0.897 0.01 1.38602 0.896997 0.01 1.37887 0.887075
0.01 1.37792 0.897 0.01 1.36919 0.897 0.01 1.36929 0.887846 0.01
1.35966 0.888074 0.01 1.386 0.918825 0.01 1.386 0.908167 0.01 1.465
0.897 0.01 1.46498 0.896998 0.01 1.465 0.896975 0.01 1.46505 0.897
0.01 1.465 0.897046 0.01 1.46431 0.885591 0.01 1.47701 0.887137 0.01
1.4779 0.897 0.01 1.45523 0.908064 0.01 1.44548 0.908178 0.01 1.44588
0.919047 0.01 1.45594 0.919142 0.01 1.465 0.908983 0.01 1.465 0.919382
0.01 1.49921 0.888129 0.01 1.49933 0.897 0.01 1.48868 0.897 0.01
1.48842 0.887905 0.01 1.50965 0.888069 0.01 1.50962 0.897 0.01 1.39147
0.961799 0.01 1.386 0.961 0.01 1.386 0.953749 0.01 1.386 0.929775
0.01 1.386 0.940593 0.01 1.386 0.950849 0.01 1.465 0.960889 0.01
1.465 0.961 0.01 1.46495 0.961006 0.01 1.4561 0.929768 0.01 1.45593
0.940296 0.01 1.44588 0.940326 0.01 1.44601 0.929724 0.01 1.465 0.929809
0.01 1.465 0.940129 0.01 1.45522 0.951051 0.01 1.44548 0.950979 0.01
1.465 0.950152 0.01 1.46511 0.961 0.01 1.465 0.961046 0.01 1.46426
0.972549 0.01 1.4777 0.961 0.01 1.47689 0.970926 0.01 1.50987 0.398166
0.01 1.5099 0.389 0.01 1.48839 0.448731 0.01 1.48841 0.458896 0.01
1.50968 0.468 0.01 1.49932 0.468 0.01 1.48859 0.468 0.01 1.46445
0.489579 0.01 1.465 0.489225 0.01 1.465 0.489591 0.01 1.45747 0.5
0.01 1.465 0.5 0.01 1.465 0.510409 0.01 1.465 0.510775 0.01
1.46445 0.510421 0.01 1.44593 0.489333 0.01 1.45595 0.489392 0.01 1.45611
0.5 0.01 1.44604 0.5 0.01 1.44593 0.510667 0.01 1.45595 0.510608
0.01 1.50976 0.961 0.01 1.48855 0.961 0.01 1.48835 0.970143 0.01
1.28134 5.46506e-44 0.01 1.30065 2.52234e-44 0.01 1.30073 0.0188425 0.01 1.29631
0.0188988 0.01 1.28139 0.00323247 0.01 1.3201 -1.4013e-45 0.01 1.32994 0.0190362
0.01 1.31994 0.0185276 0.01 1.28179 0.160287 0.01 1.2626 0.160216 0.01
1.24261 0.160479 0.01 1.24193 0.141453 0.01 1.24262 0.122762 0.01 1.26262
0.122694 0.01 1.28182 0.122596 0.01 1.29898 0.160374 0.01 1.30082 0.123085
0.01 1.31996 0.123476 0.01 1.31987 0.142281 0.01 1.31984 0.161048 0.01
1.31162 0.160761 0.01 1.30077 0.160383 0.01 1.24308 0.181984 0.01 1.243
0.182 0.01 1.24301 0.181922 0.01 1.30102 0.175221 0.01 1.30246 0.199809
0.01 1.3026 0.204706 0.01 1.30015 0.199814 0.01 1.30182 0.239321 0.01
1.30084 0.249135 0.01 1.30075 0.254225 0.01 1.3004 0.239325 0.01 1.26226
0.300286 0.01 1.24226 0.301477 0.01 1.24227 0.300218 0.01 1.26229 0.296995
0.01 1.30063 0.279941 0.01 1.30066 0.301174 0.01 1.28157 0.300425 0.01
1.2816 0.283159 0.01 1.28678 0.279875 0.01 1.32913 0.279467 0.01 1.32366
0.303109 0.01 1.31977 0.302533 0.01 1.31987 0.279773 0.01 1.28189 0.320247
0.01 1.30104 0.321167 0.01 1.30181 0.330994 0.01 1.30242 0.34057 0.01
1.28218 0.339781 0.01 1.28228 0.359958 0.01 1.29442 0.360183 0.01 1.30263
0.363093 0.01 1.30246 0.370444 0.01 1.30182 0.38059 0.01 1.30033 0.380568
0.01 1.28228 0.360988 0.01 1.33987 0.41247 0.01 1.31971 0.405756 0.01
1.31962 0.400708 0.01 1.32991 0.398988 0.01 1.30033 0.619432 0.01 1.3008
0.607265 0.01 1.30083 0.609152 0.01 1.30182 0.61941 0.01 1.28228 0.640042
0.01 1.29442 0.639817 0.01 1.30268 0.651549 0.01 1.30242 0.659429 0.01
1.28218 0.660218 0.01 1.26227 0.699712 0.01 1.24226 0.698523 0.01 1.2435
0.687514 0.01 1.24299 0.675 0.01 1.25383 0.679846 0.01 1.26277 0.680425
0.01 1.30104 0.678833 0.01 1.30066 0.698825 0.01 1.28157 0.699573 0.01
1.28189 0.679752 0.01 1.30066 0.736646 0.01 1.28657 0.720126 0.01 1.30063
0.720058 0.01 1.33012 0.743862 0.01 1.32972 0.743836 0.01 1.31956 0.741783
0.01 1.31987 0.720227 0.01 1.32913 0.720533 0.01 1.30182 0.760679 0.01
1.30246 0.770446 0.01 1.30254 0.773596 0.01 1.3004 0.760675 0.01 1.30246
0.800191 0.01 1.30184 0.810222 0.01 1.30118 0.819195 0.01 1.30031 0.800186
0.01 1.28179 0.877445 0.01 1.26257 0.877381 0.01 1.24253 0.877344 0.01
1.24188 0.858603 0.01 1.2426 0.839534 0.01 1.26259 0.839799 0.01 1.28179
0.839723 0.01 1.30076 0.839621 0.01 1.30909 0.839329 0.01 1.31984 0.838953
0.01 1.31987 0.85772 0.01 1.31996 0.876527 0.01 1.30081 0.876929 0.01
1.2994 0.839628 0.01 1.3398 0.838605 0.01 1.3225 0.838746 0.01 1.32979
0.838177 0.01 1.3398 0.837539 0.01 1.24302 0.896998 0.01 1.243 0.897
0.01 1.243 0.896983 0.01 1.24301 0.96108 0.01 1.243 0.961 0.01
1.24308 0.96101 0.01 1.3007 0.981151 0.01 1.29652 0.981094 0.01 1.30084
0.973669 0.01 1.27883 3.92364e-44 0.01 1.24308 0.0389894 0.01 1.243 0.039
0.01 1.24301 0.0389218 0.01 1.26249 0.0188877 0.01 1.24278 0.0185676 0.01
1.24177 9.80909e-45 0.01 1.26186 -1.28919e-43 0.01 1.28164 0.0190856 0.01 1.26333
0.0383362 0.01 1.25452 0.037396 0.01 1.24416 0.0274688 0.01 1.28209 0.0387852
0.01 1.2624 0.0596473 0.01 1.26291 0.0489493 0.01 1.28231 0.059739 0.01
1.26239 0.0810298 0.01 1.26223 0.0702881 0.01 1.28231 0.0810749 0.01 1.243
0.103026 0.01 1.243 0.103 0.01 1.24302 0.103002 0.01 1.26333 0.102945
0.01 1.26289 0.0919704 0.01 1.28214 0.10247 0.01 1.244 0.114193 0.01
1.2545 0.10413 0.01 1.26335 0.179855 0.01 1.25451 0.1796 0.01 1.24406
0.170088 0.01 1.28214 0.17993 0.01 1.26238 0.199981 0.01 1.26291 0.189993
0.01 1.28233 0.199855 0.01 1.26216 0.219654 0.01 1.26214 0.209868 0.01
1.28235 0.219661 0.01 1.26286 0.239153 0.01 1.26237 0.229382 0.01 1.28225
0.239374 0.01 1.26328 0.259154 0.01 1.26359 0.249066 0.01 1.28194 0.259367
0.01 1.26244 0.279695 0.01 1.24252 0.279581 0.01 1.24422 0.258416 0.01
1.25404 0.258836 0.01 1.28161 0.27985 0.01 1.31956 0.258217 0.01 1.32972
0.256164 0.01 1.33012 0.256138 0.01 1.26216 0.338471 0.01 1.26254 0.328202
0.01 1.26277 0.319574 0.01 1.26204 0.354418 0.01 1.262 0.348871 0.01
1.28011 0.359901 0.01 1.26208 0.359432 0.01 1.26282 0.380215 0.01 1.26232
0.369798 0.01 1.28221 0.380295 0.01 1.2819 0.400344 0.01 1.26324 0.40058
0.01 1.26356 0.390667 0.01 1.26315 0.457609 0.01 1.25388 0.456942 0.01
1.24395 0.456746 0.01 1.24234 0.448114 0.01 1.24176 0.438924 0.01 1.26218
0.438703 0.01 1.28151 0.43872 0.01 1.28187 0.4581 0.01 1.26283 0.478462
0.01 1.26353 0.467518 0.01 1.28221 0.478708 0.01 1.26223 0.5 0.01
1.26238 0.489288 0.01 1.28231 0.5 0.01 1.26283 0.521538 0.01 1.26238
0.510712 0.01 1.28221 0.521292 0.01 1.26315 0.542391 0.01 1.26353 0.532482
0.01 1.28187 0.5419 0.01 1.26218 0.561297 0.01 1.24176 0.561076 0.01
1.24234 0.551886 0.01 1.24394 0.543254 0.01 1.25388 0.543057 0.01 1.28151
0.56128 0.01 1.28228 0.639012 0.01 1.28011 0.640099 0.01 1.26282 0.619785
0.01 1.26356 0.609333 0.01 1.26324 0.59942 0.01 1.2819 0.599656 0.01
1.28221 0.619705 0.01 1.26208 0.640568 0.01 1.26232 0.630202 0.01 1.26216
0.661529 0.01 1.262 0.651129 0.01 1.26204 0.645611 0.01 1.26254 0.671797
0.01 1.26328 0.740846 0.01 1.25404 0.741164 0.01 1.24422 0.741583 0.01
1.24252 0.720419 0.01 1.26244 0.720304 0.01 1.28161 0.72015 0.01 1.28194
0.740633 0.01 1.26286 0.760847 0.01 1.26359 0.750934 0.01 1.28225 0.760626
0.01 1.33976 0.744489 0.01 1.33976 0.720885 0.01 1.34981 0.744979 0.01
1.26216 0.780346 0.01 1.26237 0.770618 0.01 1.28235 0.780339 0.01 1.26238
0.80002 0.01 1.26214 0.790132 0.01 1.28233 0.800146 0.01 1.24301 0.818078
0.01 1.243 0.818 0.01 1.24308 0.818016 0.01 1.26335 0.820148 0.01
1.26291 0.810009 0.01 1.28214 0.820074 0.01 1.24406 0.829914 0.01 1.25451
0.8204 0.01 1.26332 0.89707 0.01 1.25449 0.895869 0.01 1.24397 0.88585
0.01 1.28212 0.897548 0.01 1.26239 0.918963 0.01 1.26288 0.908024 0.01
1.28231 0.918928 0.01 1.2813 0.996834 0.01 1.28125 1 0.01 1.27858
1 0.01 1.26231 0.981043 0.01 1.24245 0.981277 0.01 1.24399 0.972444
0.01 1.25451 0.9626 0.01 1.26328 0.961646 0.01 1.28206 0.961203 0.01
1.28156 0.980889 0.01 1.26168 1 0.01 1.24152 1 0.01 1.33986
1 0.01 1.32009 1 0.01 1.31993 0.981471 0.01 1.32994 0.980963
0.01 1.33992 0.980356 0.01 1.34983 0.980131 0.01 1.2624 0.940348 0.01
1.26223 0.929707 0.01 1.2823 0.940259 0.01 1.2629 0.951044 0.01 1.30088
0.0269994 0.01 1.31958 0.0274528 0.01 1.322 0.039 0.01 1.31501 0.0379667
0.01 1.30108 0.038227 0.01 1.31035 0.0372779 0.01 1.243 0.0391472 0.01
1.30183 0.0487826 0.01 1.30243 0.0595484 0.01 1.30265 0.0703073 0.01 1.30244
0.0811719 0.01 1.243 0.10296 0.01 1.32193 0.103008 0.01 1.322 0.103
0.01 1.32198 0.103076 0.01 1.30185 0.0922088 0.01 1.30111 0.10317 0.01
1.31036 0.104316 0.01 1.31962 0.114538 0.01 1.32979 0.161823 0.01 1.32188
0.161207 0.01 1.3398 0.160712 0.01 1.33982 0.142371 0.01 1.33002 0.122958
0.01 1.31974 0.163816 0.01 1.31949 0.170345 0.01 1.322 0.182 0.01
1.31036 0.179483 0.01 1.30226 0.179742 0.01 1.30116 0.180601 0.01 1.30184
0.189779 0.01 1.3011 0.179779 0.01 1.33983 0.182 0.01 1.33058 0.182
0.01 1.32979 0.171976 0.01 1.243 0.219694 0.01 1.243 0.217774 0.01
1.24402 0.219691 0.01 1.30254 0.226379 0.01 1.30246 0.229554 0.01 1.30275
0.209792 0.01 1.30271 0.21971 0.01 1.30066 0.263479 0.01 1.30582 0.258922
0.01 1.31007 0.258724 0.01 1.30067 0.259163 0.01 1.32985 0.254209 0.01
1.322 0.246 0.01 1.32573 0.246 0.01 1.25383 0.320154 0.01 1.24299
0.325 0.01 1.2435 0.312486 0.01 1.33973 0.30422 0.01 1.3297 0.304002
0.01 1.34976 0.305026 0.01 1.32964 0.314748 0.01 1.33971 0.315552 0.01
1.33975 0.325 0.01 1.33035 0.325 0.01 1.34978 0.315848 0.01 1.25204
0.337804 0.01 1.25269 0.327 0.01 1.24297 0.32562 0.01 1.24299 0.337549
0.01 1.30268 0.348451 0.01 1.30274 0.350433 0.01 1.30269 0.360337 0.01
1.24907 0.359321 0.01 1.243 0.361087 0.01 1.243 0.359327 0.01 1.30083
0.390848 0.01 1.3008 0.392735 0.01 1.30066 0.400602 0.01 1.33985 0.418652
0.01 1.31995 0.419546 0.01 1.32994 0.438338 0.01 1.32002 0.438288 0.01
1.30067 0.457489 0.01 1.30062 0.438455 0.01 1.31985 0.447542 0.01 1.31968
0.456534 0.01 1.31012 0.456782 0.01 1.30084 0.467393 0.01 1.30182 0.478331
0.01 1.30243 0.489185 0.01 1.3026 0.5 0.01 1.30243 0.510815 0.01
1.30182 0.521669 0.01 1.243 0.532 0.01 1.243 0.531851 0.01 1.24307
0.532008 0.01 1.24301 0.532066 0.01 1.30084 0.532607 0.01 1.30067 0.542511
0.01 1.30062 0.561545 0.01 1.32002 0.561712 0.01 1.31012 0.543218 0.01
1.31968 0.543466 0.01 1.31985 0.552458 0.01 1.32198 0.532099 0.01 1.322
0.532 0.01 1.32213 0.532 0.01 1.26236 0.580151 0.01 1.24238 0.580098
0.01 1.28156 0.580285 0.01 1.254 0.599112 0.01 1.24418 0.599187 0.01
1.32991 0.601012 0.01 1.31962 0.599292 0.01 1.31971 0.594244 0.01 1.33987
0.58753 0.01 1.33985 0.581348 0.01 1.31995 0.580454 0.01 1.32994 0.561662
0.01 1.243 0.611 0.01 1.24301 0.610935 0.01 1.24306 0.610988 0.01
1.243 0.611095 0.01 1.30246 0.629556 0.01 1.30263 0.636907 0.01 1.30066
0.599398 0.01 1.30269 0.639663 0.01 1.3307 0.611 0.01 1.322 0.611
0.01 1.25204 0.662196 0.01 1.25186 0.651318 0.01 1.243 0.651362 0.01
1.243 0.640673 0.01 1.24907 0.640679 0.01 1.25189 0.642351 0.01 1.24299
0.662451 0.01 1.30181 0.669006 0.01 1.30274 0.649567 0.01 1.2623 0.703007
0.01 1.24227 0.699782 0.01 1.2816 0.716959 0.01 1.31977 0.697467 0.01
1.32366 0.696891 0.01 1.33035 0.675 0.01 1.33975 0.675 0.01 1.33971
0.684448 0.01 1.32964 0.685252 0.01 1.34978 0.684152 0.01 1.3498 0.675
0.01 1.3297 0.695998 0.01 1.33973 0.69578 0.01 1.34976 0.694974 0.01
1.31007 0.741276 0.01 1.3058 0.741076 0.01 1.30075 0.745749 0.01 1.30084
0.750865 0.01 1.30067 0.740837 0.01 1.243 0.780306 0.01 1.243 0.779732
0.01 1.24402 0.780309 0.01 1.30259 0.795548 0.01 1.30271 0.78029 0.01
1.30275 0.790208 0.01 1.243 0.817902 0.01 1.30099 0.826689 0.01 1.30258
0.82027 0.01 1.31036 0.820517 0.01 1.322 0.818 0.01 1.31949 0.829655
0.01 1.31971 0.835497 0.01 1.3011 0.820223 0.01 1.34265 0.837456 0.01
1.33982 0.857629 0.01 1.34978 0.837247 0.01 1.33998 0.877602 0.01 1.33002
0.877043 0.01 1.34986 0.877854 0.01 1.32198 0.896924 0.01 1.322 0.897
0.01 1.32193 0.896992 0.01 1.30111 0.896836 0.01 1.31962 0.885462 0.01
1.31036 0.895686 0.01 1.30184 0.907793 0.01 1.30244 0.918829 0.01 1.3221
0.897 0.01 1.30265 0.929693 0.01 1.30243 0.940451 0.01 1.30183 0.951217
0.01 1.30107 0.96177 0.01 1.31521 0.962003 0.01 1.322 0.961 0.01
1.31958 0.972547 0.01 1.30061 1 0.01 1.31035 0.962721 0.01 1.34
0.970157 0.01 1.33002 0.97096 0.01 1.33093 0.961 0.01 1.34015 0.961
0.01 1.2428 0.039 0.01 1.23138 0.039 0.01 1.23212 0.0290727 0.01
1.23184 0.0191046 0.01 1.33002 0.029039 0.01 1.33093 0.039 0.01 1.25217
0.0596561 0.01 1.25294 0.0488817 0.01 1.243 0.0497667 0.01 1.243 0.0597928
0.01 1.25198 0.0702421 0.01 1.25216 0.080935 0.01 1.243 0.0807202 0.01
1.243 0.0701989 0.01 1.25292 0.0920443 0.01 1.243 0.0911418 0.01 1.3221
0.103 0.01 1.33113 0.103 0.01 1.33015 0.112954 0.01 1.2429 0.182
0.01 1.243 0.182098 0.01 1.25294 0.190141 0.01 1.25216 0.200115 0.01
1.243 0.20031 0.01 1.243 0.191134 0.01 1.243 0.220268 0.01 1.25192
0.21967 0.01 1.25192 0.209937 0.01 1.243 0.209997 0.01 1.25215 0.229309
0.01 1.25291 0.238908 0.01 1.243 0.237918 0.01 1.243 0.229188 0.01
1.33042 0.246 0.01 1.25186 0.348682 0.01 1.25189 0.357649 0.01 1.243
0.348638 0.01 1.25189 0.359318 0.01 1.25289 0.380143 0.01 1.25212 0.36973
0.01 1.243 0.369615 0.01 1.243 0.37925 0.01 1.322 0.389 0.01
1.3307 0.389 0.01 1.24307 0.467992 0.01 1.243 0.468149 0.01 1.243
0.468 0.01 1.24301 0.467934 0.01 1.25442 0.466645 0.01 1.25289 0.478392
0.01 1.243 0.479256 0.01 1.32213 0.468 0.01 1.322 0.468 0.01
1.32198 0.467901 0.01 1.33011 0.458091 0.01 1.32997 0.448147 0.01 1.33104
0.468 0.01 1.25198 0.5 0.01 1.25215 0.489341 0.01 1.243 0.489512
0.01 1.243 0.5 0.01 1.25215 0.510659 0.01 1.25289 0.521608 0.01
1.243 0.520744 0.01 1.243 0.510488 0.01 1.25442 0.533355 0.01 1.33104
0.532 0.01 1.33011 0.541909 0.01 1.32997 0.551853 0.01 1.243 0.638913
0.01 1.25289 0.619857 0.01 1.25444 0.608931 0.01 1.243 0.62075 0.01
1.25212 0.63027 0.01 1.25189 0.640682 0.01 1.243 0.630385 0.01 1.25269
0.673 0.01 1.24297 0.67438 0.01 1.32985 0.745791 0.01 1.32573 0.754
0.01 1.322 0.754 0.01 1.3398 0.754 0.01 1.33042 0.754 0.01
1.34982 0.754 0.01 1.243 0.782226 0.01 1.25192 0.78033 0.01 1.25215
0.770691 0.01 1.243 0.770812 0.01 1.243 0.762082 0.01 1.25291 0.761092
0.01 1.25192 0.790063 0.01 1.25216 0.799885 0.01 1.243 0.79969 0.01
1.243 0.790003 0.01 1.25294 0.809859 0.01 1.243 0.808866 0.01 1.33058
0.818 0.01 1.33985 0.818 0.01 1.3399 0.818234 0.01 1.33982 0.827202
0.01 1.32979 0.828025 0.01 1.34304 0.827123 0.01 1.3399 0.818 0.01
1.34982 0.826958 0.01 1.34985 0.818 0.01 1.243 0.897032 0.01 1.25292
0.907934 0.01 1.25216 0.919049 0.01 1.243 0.919259 0.01 1.243 0.908823
0.01 1.35777 0.897 0.01 1.34012 0.887839 0.01 1.34031 0.897 0.01
1.33113 0.897 0.01 1.33015 0.887047 0.01 1.34994 0.888074 0.01 1.35
0.897 0.01 1.34989 0.969924 0.01 1.34994 0.961 0.01 1.24296 0.103
0.01 1.23154 0.122071 0.01 1.23185 0.112548 0.01 1.23113 0.103 0.01
1.243 0.960861 0.01 1.25198 0.92975 0.01 1.243 0.929792 0.01 1.25217
0.94034 0.01 1.243 0.940205 0.01 1.243 0.950235 0.01 1.25294 0.951117
0.01 1.41911 -1.17219e-41 0.01 1.39807 0.0338151 0.01 1.39841 0.0275914 0.01
1.41761 0.0188804 0.01 1.42524 0.259262 0.01 1.3985 0.312216 0.01 1.42522
0.740738 0.01 1.39622 0.759785 0.01 1.39793 0.75104 0.01 1.41788 1
0.01 1.41782 0.995572 0.01 1.41968 1 0.01 1.41761 0.98112 0.01
1.3888 0.0274381 0.01 1.38601 0.103027 0.01 1.38596 0.103 0.01 1.38876
0.114484 0.01 1.38885 0.170254 0.01 1.3844 0.246 0.01 1.386 0.246
0.01 1.386 0.244399 0.01 1.386 0.389 0.01 1.386 0.611 0.01
1.386 0.754 0.01 1.3844 0.754 0.01 1.386 0.755601 0.01 1.38885
0.829746 0.01 1.39823 0.829928 0.01 1.38596 0.897 0.01 1.38601 0.896973
0.01 1.38876 0.885516 0.01 1.3888 0.972562 0.01 1.48982 0.325 0.01
1.48978 0.315485 0.01 1.50005 0.315613 0.01 1.5001 0.325 0.01 1.51035
0.315364 0.01 1.51039 0.325 0.01 1.51019 0.304157 0.01 1.38776 0.317699
0.01 1.39488 0.312467 0.01 1.38527 0.325 0.01 1.36974 0.325 0.01
1.35988 0.325 0.01 1.37936 0.314676 0.01 1.3787 0.325 0.01 1.38892
0.312881 0.01 1.45999 0.311513 0.01 1.39488 0.687533 0.01 1.38776 0.682301
0.01 1.38527 0.675 0.01 1.3787 0.675 0.01 1.37936 0.685324 0.01
1.38892 0.687119 0.01 1.48022 0.675 0.01 1.47958 0.685443 0.01 1.46947
0.687379 0.01 1.45999 0.688487 0.01 1.50005 0.684387 0.01 1.5001 0.675
0.01 1.51039 0.675 0.01 1.51035 0.684636 0.01 1.48483 0.675 0.01
1.4856 0.684895 0.01 1.48978 0.684515 0.01 1.48982 0.675 0.01 1.243
0.246 0.01 1.243 0.245965 0.01 1.24303 0.246007 0.01 1.243 0.246028
0.01 1.31946 0.31312 0.01 1.322 0.325 0.01 1.31035 0.32172 0.01
1.31944 0.312917 0.01 1.31944 0.313021 0.01 1.26236 0.419849 0.01 1.24238
0.419902 0.01 1.24418 0.400812 0.01 1.254 0.400888 0.01 1.28156 0.419715
0.01 1.30812 0.400833 0.01 1.31009 0.400894 0.01 1.30061 0.419695 0.01
1.31009 0.599106 0.01 1.30812 0.599167 0.01 1.30061 0.580305 0.01 1.31035
0.67828 0.01 1.322 0.675 0.01 1.31946 0.68688 0.01 1.31944 0.687083
0.01 1.31944 0.686979 0.01 1.32359 0.675 0.01 1.25444 0.248891 0.01
1.24306 0.389012 0.01 1.24301 0.389065 0.01 1.243 0.389 0.01 1.243
0.388905 0.01 1.25444 0.391069 0.01 1.24303 0.753993 0.01 1.243 0.754035
0.01 1.243 0.754 0.01 1.243 0.753972 0.01 1.25444 0.751109 0.01
1.31198 0.0486011 0.01 1.31062 0.0391266 0.01 1.322 0.0493186 0.01 1.322
0.054241 0.01 1.31217 0.0510973 0.01 1.30658 0.0486978 0.01 1.322 0.0594949
0.01 1.31279 0.0594628 0.01 1.322 0.0702216 0.01 1.322 0.0810745 0.01
1.31279 0.0811798 0.01 1.31298 0.0702636 0.01 1.322 0.102899 0.01 1.31199
0.092391 0.01 1.322 0.0916463 0.01 1.322 0.190571 0.01 1.322 0.199901
0.01 1.3128 0.199821 0.01 1.31198 0.189783 0.01 1.322 0.200545 0.01
1.3129 0.203808 0.01 1.31655 0.229574 0.01 1.322 0.231294 0.01 1.322
0.238442 0.01 1.31196 0.239224 0.01 1.31279 0.229579 0.01 1.31283 0.228055
0.01 1.31304 0.209825 0.01 1.322 0.209853 0.01 1.322 0.219819 0.01
1.31304 0.219763 0.01 1.322 0.229566 0.01 1.31026 0.248945 0.01 1.32359
0.325 0.01 1.3498 0.325 0.01 1.31197 0.331209 0.01 1.322 0.332061
0.01 1.322 0.340329 0.01 1.32096 0.340683 0.01 1.31279 0.340668 0.01
1.31287 0.343626 0.01 1.322 0.340685 0.01 1.322 0.350331 0.01 1.322
0.360291 0.01 1.31304 0.36034 0.01 1.31304 0.350404 0.01 1.3128 0.37043
0.01 1.31289 0.366713 0.01 1.322 0.370106 0.01 1.322 0.370332 0.01
1.322 0.37988 0.01 1.31197 0.38064 0.01 1.31025 0.391214 0.01 1.322
0.468122 0.01 1.3219 0.467988 0.01 1.322 0.478835 0.01 1.31197 0.478133
0.01 1.31026 0.466522 0.01 1.31278 0.489153 0.01 1.322 0.489217 0.01
1.322 0.5 0.01 1.31297 0.5 0.01 1.322 0.510783 0.01 1.322
0.521165 0.01 1.31197 0.521867 0.01 1.31278 0.510847 0.01 1.3219 0.532012
0.01 1.322 0.531878 0.01 1.31026 0.533478 0.01 1.31025 0.608786 0.01
1.322 0.62012 0.01 1.31197 0.61936 0.01 1.322 0.629668 0.01 1.322
0.629894 0.01 1.31289 0.633287 0.01 1.3128 0.62957 0.01 1.322 0.639709
0.01 1.31304 0.63966 0.01 1.31287 0.656374 0.01 1.32096 0.659317 0.01
1.31279 0.659332 0.01 1.322 0.667939 0.01 1.31197 0.668791 0.01 1.322
0.659671 0.01 1.31304 0.649596 0.01 1.322 0.649669 0.01 1.322 0.659315
0.01 1.322 0.761558 0.01 1.31196 0.760776 0.01 1.31026 0.751055 0.01
1.31279 0.770421 0.01 1.322 0.768687 0.01 1.31652 0.770426 0.01 1.31283
0.771938 0.01 1.3129 0.796207 0.01 1.322 0.799523 0.01 1.322 0.800099
0.01 1.3128 0.800179 0.01 1.322 0.770434 0.01 1.322 0.780181 0.01
1.31304 0.780237 0.01 1.322 0.790147 0.01 1.31304 0.790175 0.01 1.31198
0.810217 0.01 1.322 0.809429 0.01 1.322 0.897101 0.01 1.322 0.908354
0.01 1.322 0.918926 0.01 1.31279 0.91882 0.01 1.31199 0.907609 0.01
1.322 0.950681 0.01 1.31063 0.960758 0.01 1.31198 0.951399 0.01 1.31217
0.948915 0.01 1.322 0.945759 0.01 1.30672 0.951305 0.01 1.31298 0.929737
0.01 1.322 0.929779 0.01 1.322 0.940505 0.01 1.31279 0.940537 0.01
1.24297 0.246 0.01 1.24291 0.389 0.01 1.2429 0.468 0.01 1.2429
0.532 0.01 1.24297 0.754 0.01 1.2429 0.818 0.01 1.24299 0.897
0.01 1.24291 0.611 0.01 1.24282 0.961 0.01 1.52886 0.532 0.01
1.529 0.532 0.01 1.52902 0.532098 0.01 1.5282 0.675 0.01 1.529
0.675 0.01 1.53008 0.681589 0.01 1.51945 0.961 0.01 1.529 0.961
0.01 1.53094 0.972262 0.01 1.52016 0.970756 0.01 1.51974 0.00564555 0.01
1.51999 0.0194713 0.01 1.51795 0.0195371 0.01 1.51964 0 0.01 1.52044
0.256597 0.01 1.52004 0.279252 0.01 1.52902 0.467902 0.01 1.529 0.468
0.01 1.52886 0.468 0.01 1.52836 0.742084 0.01 1.53112 0.741624 0.01
1.529 0.754 0.01 1.52536 0.754 0.01 1.5199 0.754 0.01 1.51975
0.818 0.01 1.529 0.818 0.01 1.53099 0.829892 0.01 1.52033 0.828169
0.01 1.51985 0.419265 0.01 1.51982 0.43922 0.01 1.51985 0.580735 0.01
1.52008 0.59098 0.01 1.51702 0.601228 0.01 1.51746 0.818 0.01 1.52004
0.828145 0.01 1.51435 0.389 0.01 1.51702 0.398772 0.01 1.51182 0.97021
0.01 1.51995 0.121884 0.01 1.51977 0.141415 0.01 1.52008 0.161403 0.01
1.52035 0.302792 0.01 1.52008 0.675 0.01 1.53107 0.687585 0.01 1.52062
0.685669 0.01 1.52016 0.0292441 0.01 1.51945 0.039 0.01 1.51183 0.0297898
0.01 1.52004 0.112489 0.01 1.51925 0.103 0.01 1.52004 0.171855 0.01
1.52031 0.171116 0.01 1.52033 0.171831 0.01 1.51975 0.182 0.01 1.51746
0.182 0.01 1.5199 0.246 0.01 1.5201 0.458423 0.01 1.53101 0.456689
0.01 1.51934 0.468 0.01 1.51934 0.532 0.01 1.53101 0.543311 0.01
1.5201 0.541577 0.01 1.52031 0.399051 0.01 1.52008 0.409012 0.01 1.51987
0.449049 0.01 1.51982 0.56078 0.01 1.52031 0.600949 0.01 1.51987 0.550951
0.01 1.51968 0.611 0.01 1.51435 0.611 0.01 1.52031 0.828881 0.01
1.52004 0.887511 0.01 1.51925 0.897 0.01 1.51968 0.389 0.01 1.53092
0.168822 0.01 1.53099 0.170108 0.01 1.529 0.182 0.01 1.52536 0.246
0.01 1.529 0.246 0.01 1.53112 0.258376 0.01 1.52838 0.25792 0.01
1.53109 0.599177 0.01 1.529 0.611 0.01 1.52901 0.896933 0.01 1.529
0.897 0.01 1.52892 0.897 0.01 1.53038 0.981206 0.01 1.53094 0.0277381
0.01 1.529 0.039 0.01 1.53038 0.0187943 0.01 1.52892 0.103 0.01
1.529 0.103 0.01 1.52901 0.103067 0.01 1.5309 0.113851 0.01 1.53035
0.122359 0.01 1.53043 0.160463 0.01 1.529 0.389 0.01 1.53109 0.400823
0.01 1.53092 0.831161 0.01 1.53043 0.839537 0.01 1.53035 0.877641 0.01
1.5309 0.886149 0.01 1.52062 0.314331 0.01 1.52008 0.325 0.01 1.53008
0.318411 0.01 1.529 0.325 0.01 1.5282 0.325 0.01 1.53107 0.312415
0.01 1.53053 0.301882 0.01 1.53053 0.698118 0.01 2.28 0.04 0.01
2.24 0.04 0.01 2.24 0 0.01 2.28 -0 0.01 2.32
0.04 0.01 2.32 -0 0.01 2.36 0.04 0.01 2.36 -0
0.01 2.4 0.04 0.01 2.4 -0 0.01 2.44 0.04 0.01
2.44 -0 0.01 2.48 0.04 0.01 2.48 -0 0.01 2.52
0.04 0.01 2.52 -0 0.01 2.56 0.04 0.01 2.56 -0
0.01 2.6 0.04 0.01 2.6 -0 0.01 2.64 0.04 0.01
2.64 -0 0.01 2.68 0.04 0.01 2.68 -0 0.01 2.72
0.04 0.01 2.72 0 0.01 2.76 0.04 0.01 2.76 0
0.01 2.8 0.04 0.01 2.8 0 0.01 2.84 0.04 0.01
2.84 0 0.01 2.88 0.04 0.01 2.88 0 0.01 2.92
0.04 0.01 2.92 0 0.01 2.96 0.04 0.01 2.96 0
0.01 3 0 0.01 3 0.04 0.01 2.28 0.08 0.01
2.24 0.08 0.01 2.32 0.08 0.01 2.36 0.08 0.01 2.4
0.08 0.01 2.44 0.08 0.01 2.48 0.08 0.01 2.52 0.08
0.01 2.56 0.08 0.01 2.6 0.08 0.01 2.64 0.08 0.01
2.68 0.08 0.01 2.72 0.08 0.01 2.76 0.08 0.01 2.8
0.08 0.01 2.84 0.08 0.01 2.88 0.08 0.01 2.92 0.08
0.01 2.96 0.08 0.01 3 0.08 0.01 2.28 0.12 0.01
2.24 0.12 0.01 2.32 0.12 0.01 2.36 0.12 0.01 2.4
0.12 0.01 2.44 0.12 0.01 2.48 0.12 0.01 2.52 0.12
0.01 2.56 0.12 0.01 2.6 0.12 0.01 2.64 0.12 0.01
2.68 0.12 0.01 2.72 0.12 0.01 2.76 0.12 0.01 2.8
0.12 0.01 2.84 0.12 0.01 2.88 0.12 0.01 2.92 0.12
0.01 2.96 0.12 0.01 3 0.12 0.01 2.28 0.16 0.01
2.24 0.16 0.01 2.32 0.16 0.01 2.36 0.16 0.01 2.4
0.16 0.01 2.44 0.16 0.01 2.48 0.16 0.01 2.52 0.16
0.01 2.56 0.16 0.01 2.6 0.16 0.01 2.64 0.16 0.01
2.68 0.16 0.01 2.72 0.16 0.01 2.76 0.16 0.01 2.8
0.16 0.01 2.84 0.16 0.01 2.88 0.16 0.01 2.92 0.16
0.01 2.96 0.16 0.01 3 0.16 0.01 2.28 0.2 0.01
2.24 0.2 0.01 2.32 0.2 0.01 2.36 0.2 0.01 2.4
0.2 0.01 2.44 0.2 0.01 2.48 0.2 0.01 2.52 0.2
0.01 2.56 0.2 0.01 2.6 0.2 0.01 2.64 0.2 0.01
2.68 0.2 0.01 2.72 0.2 0.01 2.76 0.2 0.01 2.8
0.2 0.01 2.84 0.2 0.01 2.88 0.2 0.01 2.92 0.2
0.01 2.96 0.2 0.01 3 0.2 0.01 2.28 0.24 0.01
2.24 0.24 0.01 2.32 0.24 0.01 2.36 0.24 0.01 2.4
0.24 0.01 2.44 0.24 0.01 2.48 0.24 0.01 2.52 0.24
0.01 2.56 0.24 0.01 2.6 0.24 0.01 2.64 0.24 0.01
2.68 0.24 0.01 2.72 0.24 0.01 2.76 0.24 0.01 2.8
0.24 0.01 2.84 0.24 0.01 2.88 0.24 0.01 2.92 0.24
0.01 2.96 0.24 0.01 3 0.24 0.01 2.28 0.28 0.01
2.24 0.28 0.01 2.32 0.28 0.01 2.36 0.28 0.01 2.4
0.28 0.01 2.44 0.28 0.01 2.48 0.28 0.01 2.52 0.28
0.01 2.56 0.28 0.01 2.6 0.28 0.01 2.64 0.28 0.01
2.68 0.28 0.01 2.72 0.28 0.01 2.76 0.28 0.01 2.8
0.28 0.01 2.84 0.28 0.01 2.88 0.28 0.01 2.92 0.28
0.01 2.96 0.28 0.01 3 0.28 0.01 2.28 0.32 0.01
2.24 0.32 0.01 2.32 0.32 0.01 2.36 0.32 0.01 2.4
0.32 0.01 2.44 0.32 0.01 2.48 0.32 0.01 2.52 0.32
0.01 2.56 0.32 0.01 2.6 0.32 0.01 2.64 0.32 0.01
2.68 0.32 0.01 2.72 0.32 0.01 2.76 0.32 0.01 2.8
0.32 0.01 2.84 0.32 0.01 2.88 0.32 0.01 2.92 0.32
0.01 2.96 0.32 0.01 3 0.32 0.01 2.28 0.36 0.01
2.24 0.36 0.01 2.32 0.36 0.01 2.36 0.36 0.01 2.4
0.36 0.01 2.44 0.36 0.01 2.48 0.36 0.01 2.52 0.36
0.01 2.56 0.36 0.01 2.6 0.36 0.01 2.64 0.36 0.01
2.68 0.36 0.01 2.72 0.36 0.01 2.76 0.36 0.01 2.8
0.36 0.01 2.84 0.36 0.01 2.88 0.36 0.01 2.92 0.36
0.01 2.96 0.36 0.01 3 0.36 0.01 2.28 0.4 0.01
2.24 0.4 0.01 2.32 0.4 0.01 2.36 0.4 0.01 2.4
0.4 0.01 2.44 0.4 0.01 2.48 0.4 0.01 2.52 0.4
0.01 2.56 0.4 0.01 2.6 0.4 0.01 2.64 0.4 0.01
2.68 0.4 0.01 2.72 0.4 0.01 2.76 0.4 0.01 2.8
0.4 0.01 2.84 0.4 0.01 2.88 0.4 0.01 2.92 0.4
0.01 2.96 0.4 0.01 3 0.4 0.01 2.28 0.44 0.01
2.24 0.44 0.01 2.32 0.44 0.01 2.36 0.44 0.01 2.4
0.44 0.01 2.44 0.44 0.01 2.48 0.44 0.01 2.52 0.44
0.01 2.56 0.44 0.01 2.6 0.44 0.01 2.64 0.44 0.01
2.68 0.44 0.01 2.72 0.44 0.01 2.76 0.44 0.01 2.8
0.44 0.01 2.84 0.44 0.01 2.88 0.44 0.01 2.92 0.44
0.01 2.96 0.44 0.01 3 0.44 0.01 2.28 0.48 0.01
2.24 0.48 0.01 2.32 0.48 0.01 2.36 0.48 0.01 2.4
0.48 0.01 2.44 0.48 0.01 2.48 0.48 0.01 2.52 0.48
0.01 2.56 0.48 0.01 2.6 0.48 0.01 2.64 0.48 0.01
2.68 0.48 0.01 2.72 0.48 0.01 2.76 0.48 0.01 2.8
0.48 0.01 2.84 0.48 0.01 2.88 0.48 0.01 2.92 0.48
0.01 2.96 0.48 0.01 3 0.48 0.01 2.28 0.52 0.01
2.24 0.52 0.01 2.32 0.52 0.01 2.36 0.52 0.01 2.4
0.52 0.01 2.44 0.52 0.01 2.48 0.52 0.01 2.52 0.52
0.01 2.56 0.52 0.01 2.6 0.52 0.01 2.64 0.52 0.01
2.68 0.52 0.01 2.72 0.52 0.01 2.76 0.52 0.01 2.8
0.52 0.01 2.84 0.52 0.01 2.88 0.52 0.01 2.92 0.52
0.01 2.96 0.52 0.01 3 0.52 0.01 2.28 0.56 0.01
2.24 0.56 0.01 2.32 0.56 0.01 2.36 0.56 0.01 2.4
0.56 0.01 2.44 0.56 0.01 2.48 0.56 0.01 2.52 0.56
0.01 2.56 0.56 0.01 2.6 0.56 0.01 2.64 0.56 0.01
2.68 0.56 0.01 2.72 0.56 0.01 2.76 0.56 0.01 2.8
0.56 0.01 2.84 0.56 0.01 2.88 0.56 0.01 2.92 0.56
0.01 2.96 0.56 0.01 3 0.56 0.01 2.28 0.6 0.01
2.24 0.6 0.01 2.32 0.6 0.01 2.36 0.6 0.01 2.4
0.6 0.01 2.44 0.6 0.01 2.48 0.6 0.01 2.52 0.6
0.01 2.56 0.6 0.01 2.6 0.6 0.01 2.64 0.6 0.01
2.68 0.6 0.01 2.72 0.6 0.01 2.76 0.6 0.01 2.8
0.6 0.01 2.84 0.6 0.01 2.88 0.6 0.01 2.92 0.6
0.01 2.96 0.6 0.01 3 0.6 0.01 2.28 0.64 0.01
2.24 0.64 0.01 2.32 0.64 0.01 2.36 0.64 0.01 2.4
0.64 0.01 2.44 0.64 0.01 2.48 0.64 0.01 2.52 0.64
0.01 2.56 0.64 0.01 2.6 0.64 0.01 2.64 0.64 0.01
2.68 0.64 0.01 2.72 0.64 0.01 2.76 0.64 0.01 2.8
0.64 0.01 2.84 0.64 0.01 2.88 0.64 0.01 2.92 0.64
0.01 2.96 0.64 0.01 3 0.64 0.01 2.32 0.68 0.01
2.28 0.68 0.01 2.36 0.68 0.01 2.4 0.68 0.01 2.44
0.68 0.01 2.48 0.68 0.01 2.52 0.68 0.01 2.56 0.68
0.01 2.6 0.68 0.01 2.64 0.68 0.01 2.68 0.68 0.01
2.72 0.68 0.01 2.76 0.68 0.01 2.8 0.68 0.01 2.84
0.68 0.01 2.88 0.68 0.01 2.92 0.68 0.01 2.96 0.68
0.01 3 0.68 0.01 2.32 0.72 0.01 2.28 0.72 0.01
2.36 0.72 0.01 2.4 0.72 0.01 2.44 0.72 0.01 2.48
0.72 0.01 2.52 0.72 0.01 2.56 0.72 0.01 2.6 0.72
0.01 2.64 0.72 0.01 2.68 0.72 0.01 2.72 0.72 0.01
2.76 0.72 0.01 2.8 0.72 0.01 2.84 0.72 0.01 2.88
0.72 0.01 2.92 0.72 0.01 2.96 0.72 0.01 3 0.72
0.01 2.32 0.76 0.01 2.28 0.76 0.01 2.36 0.76 0.01
2.4 0.76 0.01 2.44 0.76 0.01 2.48 0.76 0.01 2.52
0.76 0.01 2.56 0.76 0.01 2.6 0.76 0.01 2.64 0.76
0.01 2.68 0.76 0.01 2.72 0.76 0.01 2.76 0.76 0.01
2.8 0.76 0.01 2.84 0.76 0.01 2.88 0.76 0.01 2.92
0.76 0.01 2.96 0.76 0.01 3 0.76 0.01 2.32 0.8
0.01 2.28 0.8 0.01 2.36 0.8 0.01 2.4 0.8 0.01
2.44 0.8 0.01 2.48 0.8 0.01 2.52 0.8 0.01 2.56
0.8 0.01 2.6 0.8 0.01 2.64 0.8 0.01 2.68 0.8
0.01 2.72 0.8 0.01 2.76 0.8 0.01 2.8 0.8 0.01
2.84 0.8 0.01 2.88 0.8 0.01 2.92 0.8 0.01 2.96
0.8 0.01 3 0.8 0.01 2.32 0.84 0.01 2.28 0.84
0.01 2.36 0.84 0.01 2.4 0.84 0.01 2.44 0.84 0.01
2.48 0.84 0.01 2.52 0.84 0.01 2.56 0.84 0.01 2.6
0.84 0.01 2.64 0.84 0.01 2.68 0.84 0.01 2.72 0.84
0.01 2.76 0.84 0.01 2.8 0.84 0.01 2.84 0.84 0.01
2.88 0.84 0.01 2.92 0.84 0.01 2.96 0.84 0.01 3
0.84 0.01 2.32 0.88 0.01 2.28 0.88 0.01 2.36 0.88
0.01 2.4 0.88 0.01 2.44 0.88 0.01 2.48 0.88 0.01
2.52 0.88 0.01 2.56 0.88 0.01 2.6 0.88 0.01 2.64
0.88 0.01 2.68 0.88 0.01 2.72 0.88 0.01 2.76 0.88
0.01 2.8 0.88 0.01 2.84 0.88 0.01 2.88 0.88 0.01
2.92 0.88 0.01 2.96 0.88 0.01 3 0.88 0.01 2.32
0.92 0.01 2.28 0.92 0.01 2.36 0.92 0.01 2.4 0.92
0.01 2.44 0.92 0.01 2.48 0.92 0.01 2.52 0.92 0.01
2.56 0.92 0.01 2.6 0.92 0.01 2.64 0.92 0.01 2.68
0.92 0.01 2.72 0.92 0.01 2.76 0.92 0.01 2.8 0.92
0.01 2.84 0.92 0.01 2.88 0.92 0.01 2.92 0.92 0.01
2.96 0.92 0.01 3 0.92 0.01 2.32 0.96 0.01 2.28
0.96 0.01 2.36 0.96 0.01 2.4 0.96 0.01 2.44 0.96
0.01 2.48 0.96 0.01 2.52 0.96 0.01 2.56 0.96 0.01
2.6 0.96 0.01 2.64 0.96 0.01 2.68 0.96 0.01 2.72
0.96 0.01 2.76 0.96 0.01 2.8 0.96 0.01 2.84 0.96
0.01 2.88 0.96 0.01 2.92 0.96 0.01 2.96 0.96 0.01
3 0.96 0.01 2.32 1 0.01 2.28 1 0.01 2.36
1 0.01 2.4 1 0.01 2.44 1 0.01 2.48 1
0.01 2.52 1 0.01 2.56 1 0.01 2.6 1 0.01
2.64 1 0.01 2.68 1 0.01 2.72 1 0.01 2.76
1 0.01 2.8 1 0.01 2.84 1 0.01 2.88 1
0.01 2.92 1 0.01 2.96 1 0.01 3 1 0.01
2.00005 0.0400006 0.01 1.9601 0.0400019 0.01 1.9601 -9.92992e-40 0.01 2.00005
-2.13726e-41 0.01 2.04002 0.0400002 0.01 2.04002 -8.54792e-44 0.01 2.08001 0.04
0.01 2.08001 0 0.01 2.12 0.04 0.01 2.12 0 0.01
2.16 0.04 0.01 2.16 0 0.01 2.2 0.04 0.01 2.2
0 0.01 2.00005 0.0800013 0.01 1.9601 0.0800043 0.01 2.04002 0.0800003
0.01 2.08001 0.0800001 0.01 2.12 0.08 0.01 2.16 0.08 0.01
2.2 0.08 0.01 2.00005 0.120002 0.01 1.96009 0.120006 0.01 2.04002
0.12 0.01 2.08001 0.12 0.01 2.12 0.12 0.01 2.16 0.12
0.01 2.2 0.12 0.01 2.00005 0.160002 0.01 1.96009 0.160005 0.01
2.04002 0.160001 0.01 2.08001 0.16 0.01 2.12 0.16 0.01 2.16
0.16 0.01 2.2 0.16 0.01 2.00004 0.200003 0.01 1.96009 0.200006
0.01 2.04002 0.200001 0.01 2.08001 0.2 0.01 2.12 0.2 0.01
2.16 0.2 0.01 2.2 0.2 0.01 2.00004 0.240003 0.01 1.96009
0.240007 0.01 2.04002 0.240001 0.01 2.08001 0.240001 0.01 2.12 0.24
0.01 2.16 0.24 0.01 2.2 0.24 0.01 2.00004 0.280005 0.01
1.96009 0.280008 0.01 2.04002 0.280002 0.01 2.08001 0.280001 0.01 2.12
0.28 0.01 2.16 0.28 0.01 2.2 0.28 0.01 2.00004 0.320005
0.01 1.96008 0.320011 0.01 2.04002 0.320002 0.01 2.08001 0.320001 0.01
2.12 0.32 0.01 2.16 0.32 0.01 2.2 0.32 0.01 2.00004
0.360005 0.01 1.96008 0.360009 0.01 2.04002 0.360002 0.01 2.08001 0.360001
0.01 2.12 0.36 0.01 2.16 0.36 0.01 2.2 0.36 0.01
2.00004 0.400003 0.01 1.96008 0.400006 0.01 2.04002 0.400002 0.01 2.08001
0.400001 0.01 2.12 0.4 0.01 2.16 0.4 0.01 2.2 0.4
0.01 2.00004 0.440001 0.01 1.96008 0.440002 0.01 2.04001 0.440001 0.01
2.08001 0.44 0.01 2.12 0.44 0.01 2.16 0.44 0.01 2.2
0.44 0.01 2.00004 0.48 0.01 1.96007 0.48 0.01 2.04001 0.48
0.01 2.08001 0.48 0.01 2.12 0.48 0.01 2.16 0.48 0.01
2.2 0.48 0.01 2.00004 0.52 0.01 1.96007 0.52 0.01 2.04001
0.52 0.01 2.08001 0.52 0.01 2.12 0.52 0.01 2.16 0.52
0.01 2.2 0.52 0.01 2.00004 0.559999 0.01 1.96008 0.559998 0.01
2.04001 0.559999 0.01 2.08001 0.56 0.01 2.12 0.56 0.01 2.16
0.56 0.01 2.2 0.56 0.01 2.00004 0.599997 0.01 1.96008 0.599994
0.01 2.04002 0.599998 0.01 2.08001 0.599999 0.01 2.12 0.6 0.01
2.16 0.6 0.01 2.2 0.6 0.01 2.00004 0.639995 0.01 1.96008
0.639991 0.01 2.04002 0.639998 0.01 2.08001 0.639999 0.01 2.12 0.64
0.01 2.16 0.64 0.01 2.2 0.64 0.01 2.00004 0.679995 0.01
1.96008 0.67999 0.01 2.04002 0.679998 0.01 2.08001 0.679999 0.01 2.12
0.679999 0.01 2.16 0.68 0.01 2.2 0.68 0.01 2.24 0.68
0.01 2.00004 0.719995 0.01 1.96009 0.71999 0.01 2.04002 0.719998 0.01
2.08001 0.719999 0.01 2.12 0.72 0.01 2.16 0.72 0.01 2.2
0.72 0.01 2.24 0.72 0.01 2.00004 0.759996 0.01 1.96009 0.759993
0.01 2.04002 0.759999 0.01 2.08001 0.759999 0.01 2.12 0.76 0.01
2.16 0.76 0.01 2.2 0.76 0.01 2.24 0.76 0.01 2.00004
0.799998 0.01 1.96009 0.799995 0.01 2.04002 0.799999 0.01 2.08001 0.799999
0.01 2.12 0.8 0.01 2.16 0.8 0.01 2.2 0.8 0.01
2.24 0.8 0.01 2.04002 0.839999 0.01 2.00004 0.839997 0.01 2.08001
0.84 0.01 2.12 0.84 0.01 2.16 0.84 0.01 2.2 0.84
0.01 2.24 0.84 0.01 2.04002 0.879999 0.01 2.00005 0.879998 0.01
2.08001 0.88 0.01 2.12 0.88 0.01 2.16 0.88 0.01 2.2
0.88 0.01 2.24 0.88 0.01 2.04002 0.919999 0.01 2.00005 0.919999
0.01 2.08001 0.92 0.01 2.12 0.92 0.01 2.16 0.92 0.01
2.2 0.92 0.01 2.24 0.92 0.01 2.04002 0.96 0.01 2.00005
0.959999 0.01 2.08001 0.96 0.01 2.12 0.96 0.01 2.16 0.96
0.01 2.2 0.96 0.01 2.24 0.96 0.01 2.04002 1 0.01
2.00005 1 0.01 2.08001 1 0.01 2.12 1 0.01 2.16
1 0.01 2.2 1 0.01 2.24 1 0.01 1.55941 -9.94922e-43
0.01 1.56842 2.93712e-42 0.01 1.55946 0.0184219 0.01 1.76132 0.039891 0.01
1.7219 0.0393445 0.01 1.72188 0.0340115 0.01 1.72184 0.0194292 0.01 1.72167
1.21251e-37 0.01 1.76122 -4.50294e-35 0.01 1.80088 0.0400056 0.01 1.80084 -7.09527e-35
0.01 1.84054 0.0400175 0.01 1.84053 3.50402e-36 0.01 1.88032 0.0400108 0.01
1.88032 2.33372e-36 0.01 1.92017 0.040005 0.01 1.92018 4.39113e-38 0.01 1.76135
0.0803668 0.01 1.72178 0.0807962 0.01 1.72174 0.067952 0.01 1.72171 0.0599244
0.01 1.72176 0.0541435 0.01 1.80091 0.0801731 0.01 1.84056 0.0800768 0.01
1.88032 0.0800319 0.01 1.92017 0.0800123 0.01 1.76147 0.12065 0.01 1.72223
0.121828 0.01 1.72219 0.101699 0.01 1.80095 0.120272 0.01 1.84057 0.120112
0.01 1.88032 0.120044 0.01 1.92017 0.120017 0.01 1.57806 0.122813 0.01
1.59732 0.123411 0.01 1.59774 0.142076 0.01 1.59732 0.160636 0.01 1.57809
0.160254 0.01 1.55942 0.160294 0.01 1.55961 0.141122 0.01 1.5594 0.122119
0.01 1.72215 0.160255 0.01 1.70249 0.160271 0.01 1.68281 0.160636 0.01
1.68237 0.142052 0.01 1.68283 0.123353 0.01 1.70256 0.122592 0.01 1.76144
0.160289 0.01 1.80094 0.16016 0.01 1.84057 0.160078 0.01 1.88032 0.160036
0.01 1.92017 0.160015 0.01 1.76131 0.200022 0.01 1.72167 0.19989 0.01
1.72209 0.180008 0.01 1.80089 0.200047 0.01 1.84055 0.200037 0.01 1.88032
0.200022 0.01 1.92017 0.200012 0.01 1.7613 0.239934 0.01 1.72174 0.239632
0.01 1.72154 0.219742 0.01 1.80088 0.240015 0.01 1.84054 0.240028 0.01
1.88031 0.24002 0.01 1.92016 0.240012 0.01 1.76136 0.280131 0.01 1.72203
0.280149 0.01 1.72202 0.269755 0.01 1.72201 0.259716 0.01 1.80088 0.280091
0.01 1.84054 0.280057 0.01 1.8803 0.280033 0.01 1.92016 0.280018 0.01
1.56078 0.280036 0.01 1.57812 0.298567 0.01 1.57811 0.301122 0.01 1.55937
0.300868 0.01 1.55933 0.280033 0.01 1.70244 0.301065 0.01 1.69206 0.301511
0.01 1.7024 0.294643 0.01 1.76137 0.32037 0.01 1.72204 0.320848 0.01
1.7221 0.300707 0.01 1.80089 0.320177 0.01 1.84053 0.320087 0.01 1.8803
0.320044 0.01 1.92016 0.320022 0.01 1.55934 0.321199 0.01 1.57788 0.321311
0.01 1.57853 0.340841 0.01 1.55857 0.34079 0.01 1.70163 0.340792 0.01
1.68116 0.340876 0.01 1.68196 0.331496 0.01 1.68358 0.321918 0.01 1.70253
0.321214 0.01 1.76126 0.360262 0.01 1.72157 0.360479 0.01 1.7217 0.340692
0.01 1.80085 0.360138 0.01 1.84052 0.360071 0.01 1.88029 0.360037 0.01
1.92016 0.360019 0.01 1.55842 0.360494 0.01 1.5708 0.360481 0.01 1.55979
0.380507 0.01 1.55883 0.380509 0.01 1.70143 0.360444 0.01 1.70144 0.360692
0.01 1.69988 0.36043 0.01 1.76131 0.400029 0.01 1.72202 0.400297 0.01
1.7218 0.38038 0.01 1.7218 0.380103 0.01 1.80084 0.40002 0.01 1.84051
0.400019 0.01 1.88028 0.400014 0.01 1.92015 0.40001 0.01 1.57791 0.400589
0.01 1.59673 0.400748 0.01 1.59764 0.419525 0.01 1.59781 0.438164 0.01
1.57836 0.438329 0.01 1.5594 0.438782 0.01 1.55964 0.419798 0.01 1.55939
0.40046 0.01 1.72177 0.438789 0.01 1.71846 0.438711 0.01 1.70198 0.438324
0.01 1.68211 0.438061 0.01 1.68231 0.419462 0.01 1.68332 0.400719 0.01
1.7025 0.400505 0.01 1.76123 0.439648 0.01 1.8008 0.43988 0.01 1.84048
0.439965 0.01 1.88027 0.439993 0.01 1.92015 0.440001 0.01 1.76118 0.479745
0.01 1.72163 0.479231 0.01 1.72167 0.474821 0.01 1.72182 0.458724 0.01
1.7218 0.452198 0.01 1.80078 0.479914 0.01 1.84047 0.479973 0.01 1.88026
0.479993 0.01 1.92014 0.479999 0.01 1.76118 0.520256 0.01 1.72163 0.520769
0.01 1.7215 0.5 0.01 1.80078 0.520086 0.01 1.84047 0.520027 0.01
1.88026 0.520007 0.01 1.92014 0.520001 0.01 1.76123 0.560353 0.01 1.72177
0.56121 0.01 1.7218 0.547741 0.01 1.72182 0.541276 0.01 1.72168 0.526054
0.01 1.8008 0.560121 0.01 1.84048 0.560036 0.01 1.88027 0.560007 0.01
1.92015 0.559999 0.01 1.57836 0.561671 0.01 1.59781 0.561836 0.01 1.59764
0.580475 0.01 1.59673 0.599252 0.01 1.57791 0.599411 0.01 1.55939 0.59954
0.01 1.55964 0.580202 0.01 1.5594 0.561218 0.01 1.72202 0.599704 0.01
1.7025 0.599495 0.01 1.68332 0.599281 0.01 1.68231 0.580538 0.01 1.68211
0.561939 0.01 1.70198 0.561675 0.01 1.71846 0.561288 0.01 1.76131 0.599971
0.01 1.80084 0.59998 0.01 1.84051 0.599981 0.01 1.88028 0.599985 0.01
1.92015 0.59999 0.01 1.55901 0.613023 0.01 1.55979 0.619493 0.01 1.55883
0.619491 0.01 1.76126 0.639738 0.01 1.72157 0.639522 0.01 1.7218 0.619897
0.01 1.7218 0.61962 0.01 1.80085 0.639862 0.01 1.84052 0.639929 0.01
1.88029 0.639963 0.01 1.92016 0.639981 0.01 1.57077 0.639519 0.01 1.57863
0.642275 0.01 1.57853 0.659159 0.01 1.55857 0.65921 0.01 1.55842 0.639506
0.01 1.70143 0.639556 0.01 1.70163 0.659208 0.01 1.68116 0.659124 0.01
1.68088 0.649534 0.01 1.68091 0.641674 0.01 1.69988 0.63957 0.01 1.76137
0.67963 0.01 1.72204 0.679152 0.01 1.7217 0.659308 0.01 1.80088 0.679823
0.01 1.84053 0.679913 0.01 1.8803 0.679956 0.01 1.92016 0.679978 0.01
1.57788 0.678689 0.01 1.57811 0.698878 0.01 1.55937 0.699132 0.01 1.55934
0.678801 0.01 1.70253 0.678786 0.01 1.70244 0.698935 0.01 1.69218 0.698494
0.01 1.6832 0.69158 0.01 1.68339 0.687715 0.01 1.68358 0.678082 0.01
1.76136 0.719869 0.01 1.72203 0.719851 0.01 1.7221 0.699293 0.01 1.80088
0.719908 0.01 1.84053 0.719942 0.01 1.8803 0.719966 0.01 1.92016 0.719982
0.01 1.55933 0.724928 0.01 1.55933 0.719967 0.01 1.56078 0.719964 0.01
1.7613 0.760065 0.01 1.72174 0.760368 0.01 1.72201 0.740283 0.01 1.72202
0.730029 0.01 1.80087 0.759984 0.01 1.84054 0.759971 0.01 1.88031 0.759978
0.01 1.92016 0.759987 0.01 1.7613 0.799976 0.01 1.72167 0.800109 0.01
1.72154 0.780257 0.01 1.80089 0.799951 0.01 1.84055 0.799962 0.01 1.88031
0.799977 0.01 1.92017 0.799988 0.01 1.76144 0.839708 0.01 1.72215 0.839744
0.01 1.72209 0.819991 0.01 1.80093 0.839837 0.01 1.84056 0.83992 0.01
1.88032 0.839963 0.01 1.92017 0.839984 0.01 1.96009 0.839993 0.01 1.57809
0.839745 0.01 1.59732 0.839364 0.01 1.59774 0.857923 0.01 1.59732 0.876588
0.01 1.57806 0.877187 0.01 1.5594 0.877881 0.01 1.55961 0.858877 0.01
1.55942 0.839706 0.01 1.72223 0.878171 0.01 1.70255 0.877407 0.01 1.68282
0.876646 0.01 1.68237 0.857947 0.01 1.68281 0.839364 0.01 1.70249 0.839728
0.01 1.76146 0.879347 0.01 1.80094 0.879725 0.01 1.84056 0.879887 0.01
1.88032 0.879955 0.01 1.92017 0.879982 0.01 1.96009 0.879993 0.01 1.76133
0.919632 0.01 1.72178 0.919204 0.01 1.72218 0.8983 0.01 1.8009 0.919824
0.01 1.84055 0.919922 0.01 1.88032 0.919967 0.01 1.92017 0.919987 0.01
1.96009 0.919995 0.01 1.76129 0.960107 0.01 1.72189 0.960654 0.01 1.7217
0.940075 0.01 1.80085 0.959992 0.01 1.84053 0.959982 0.01 1.88031 0.959988
0.01 1.92017 0.959994 0.01 1.96009 0.959998 0.01 1.7612 1 0.01
1.72166 1 0.01 1.72182 0.98057 0.01 1.72186 0.970065 0.01 1.80082
1 0.01 1.84052 1 0.01 1.88031 1 0.01 1.92017 1
0.01 1.96009 1 0.01 1.5402 0.018872 0.01 1.53981 -8.94028e-43 0.01
1.55823 0.0190522 0.01 1.55016 0.037997 0.01 1.54063 0.0374208 0.01 1.54062
0.0280065 0.01 1.55946 0.0190645 0.01 1.55942 0.0385567 0.01 1.61845 0.0191006
0.01 1.60747 0.0182132 0.01 1.59754 0.0183778 0.01 1.59837 -4.22912e-42 0.01
1.61893 -4.12122e-42 0.01 1.64001 0.0197994 0.01 1.62926 0.0196003 0.01 1.64003
5.47908e-43 0.01 1.66157 0.0191034 0.01 1.65075 0.019601 0.01 1.66115 7.26764e-40
0.01 1.6826 0.0184063 0.01 1.67258 0.0182228 0.01 1.68185 5.83914e-39 0.01
1.53838 0.0565369 0.01 1.53896 0.0486622 0.01 1.53816 0.0595051 0.01 1.55863
0.0596922 0.01 1.53816 0.0811238 0.01 1.53793 0.0702517 0.01 1.55862 0.0810941
0.01 1.54062 0.104091 0.01 1.53896 0.0923009 0.01 1.55935 0.102645 0.01
1.54019 0.122189 0.01 1.5406 0.113309 0.01 1.54063 0.179572 0.01 1.54064
0.169907 0.01 1.5406 0.169002 0.01 1.54787 0.179674 0.01 1.55707 0.199837
0.01 1.53815 0.1999 0.01 1.53897 0.189899 0.01 1.54023 0.160267 0.01
1.55936 0.179837 0.01 1.55858 0.199832 0.01 1.53789 0.20948 0.01 1.55597
0.239384 0.01 1.53897 0.239168 0.01 1.53812 0.229527 0.01 1.53793 0.220224
0.01 1.53792 0.21975 0.01 1.53788 0.209863 0.01 1.55843 0.219688 0.01
1.55883 0.23942 0.01 1.54055 0.259075 0.01 1.54074 0.24899 0.01 1.5447
0.259163 0.01 1.55933 0.275059 0.01 1.54008 0.279821 0.01 1.55934 0.259472
0.01 1.61844 0.279317 0.01 1.59763 0.279906 0.01 1.59674 0.258807 0.01
1.6063 0.258116 0.01 1.61799 0.256371 0.01 1.64001 0.279046 0.01 1.62906
0.255276 0.01 1.64 0.255321 0.01 1.6616 0.279318 0.01 1.65094 0.255276
0.01 1.66202 0.256372 0.01 1.68255 0.279913 0.01 1.67372 0.258118 0.01
1.68335 0.25882 0.01 1.53815 0.340764 0.01 1.53897 0.33134 0.01 1.54062
0.321747 0.01 1.53791 0.360341 0.01 1.53788 0.350437 0.01 1.53897 0.380593
0.01 1.53812 0.370385 0.01 1.54632 0.400679 0.01 1.54055 0.400775 0.01
1.54075 0.391239 0.01 1.55901 0.386961 0.01 1.54052 0.457288 0.01 1.54001
0.438716 0.01 1.55937 0.458225 0.01 1.53897 0.47821 0.01 1.54074 0.466512
0.01 1.55885 0.478781 0.01 1.53797 0.5 0.01 1.53812 0.489188 0.01
1.55851 0.5 0.01 1.53897 0.52179 0.01 1.53812 0.510812 0.01 1.55885
0.521219 0.01 1.54052 0.542712 0.01 1.54074 0.533488 0.01 1.55937 0.541775
0.01 1.54001 0.561284 0.01 1.53897 0.619407 0.01 1.54075 0.608761 0.01
1.54055 0.599225 0.01 1.54633 0.599322 0.01 1.53791 0.639659 0.01 1.53812
0.629615 0.01 1.61799 0.743629 0.01 1.6063 0.741884 0.01 1.59674 0.741193
0.01 1.59763 0.720094 0.01 1.61844 0.720683 0.01 1.64 0.744679 0.01
1.62906 0.744724 0.01 1.64001 0.720954 0.01 1.66202 0.743628 0.01 1.65094
0.744724 0.01 1.6616 0.720682 0.01 1.68255 0.720087 0.01 1.68335 0.74118
0.01 1.67372 0.741882 0.01 1.61893 1 0.01 1.59837 1 0.01
1.59755 0.981621 0.01 1.60747 0.981787 0.01 1.61846 0.9809 0.01 1.64003
1 0.01 1.62926 0.9804 0.01 1.64001 0.980201 0.01 1.66115 1
0.01 1.65075 0.980399 0.01 1.66157 0.980897 0.01 1.68184 1 0.01
1.67258 0.981777 0.01 1.68259 0.981593 0.01 1.57835 0.0189157 0.01 1.57871
7.86549e-42 0.01 1.578 0.0385345 0.01 1.59679 0.0276208 0.01 1.59649 0.0373667
0.01 1.71891 0.0193724 0.01 1.70422 1.97502e-37 0.01 1.70215 0.0190476 0.01
1.70182 2.0826e-37 0.01 1.7024 0.0387299 0.01 1.68356 0.0373884 0.01 1.68326
0.0276349 0.01 1.57854 0.0597109 0.01 1.59807 0.0488167 0.01 1.59886 0.0596362
0.01 1.57851 0.0811009 0.01 1.59907 0.0702756 0.01 1.59886 0.0810408 0.01
1.608 0.039 0.01 1.608 0.0392512 0.01 1.6079 0.0389859 0.01 1.7211
0.0599195 0.01 1.70165 0.0597645 0.01 1.68116 0.0596408 0.01 1.68195 0.0488216
0.01 1.7017 0.0809807 0.01 1.68116 0.0810279 0.01 1.68094 0.0702736 0.01
1.57786 0.102845 0.01 1.59806 0.0922025 0.01 1.59646 0.104294 0.01 1.59671
0.114133 0.01 1.60793 0.103007 0.01 1.608 0.102721 0.01 1.608 0.103
0.01 1.70263 0.102568 0.01 1.6836 0.10426 0.01 1.68195 0.0921926 0.01
1.68335 0.114106 0.01 1.61861 0.142279 0.01 1.6074 0.12365 0.01 1.61841
0.12288 0.01 1.62927 0.122406 0.01 1.64 0.12225 0.01 1.64001 0.142345
0.01 1.6183 0.161827 0.01 1.60733 0.160836 0.01 1.64 0.162605 0.01
1.62918 0.162435 0.01 1.66143 0.142271 0.01 1.65073 0.122403 0.01 1.66161
0.122872 0.01 1.67265 0.123628 0.01 1.66172 0.161826 0.01 1.65083 0.162435
0.01 1.67272 0.160835 0.01 1.57788 0.179868 0.01 1.59669 0.170106 0.01
1.59647 0.179673 0.01 1.57854 0.199882 0.01 1.59806 0.190135 0.01 1.59886
0.200081 0.01 1.60799 0.181905 0.01 1.60812 0.182 0.01 1.608 0.182
0.01 1.6079 0.181981 0.01 1.70256 0.179913 0.01 1.68359 0.179678 0.01
1.68336 0.170107 0.01 1.70161 0.199911 0.01 1.68115 0.200083 0.01 1.68195
0.190137 0.01 1.57867 0.219664 0.01 1.59912 0.209933 0.01 1.59909 0.219689
0.01 1.57833 0.239336 0.01 1.59888 0.229343 0.01 1.59806 0.238941 0.01
1.70139 0.219694 0.01 1.68091 0.219692 0.01 1.68088 0.209934 0.01 1.70188
0.2394 0.01 1.68196 0.238948 0.01 1.68112 0.229345 0.01 1.57801 0.259366
0.01 1.59632 0.248846 0.01 1.57823 0.280068 0.01 1.608 0.246 0.01
1.6081 0.246 0.01 1.60799 0.246087 0.01 1.60791 0.246022 0.01 1.608
0.245898 0.01 1.71589 0.280133 0.01 1.70244 0.259436 0.01 1.6837 0.24885
0.01 1.70232 0.280096 0.01 1.54026 0.301139 0.01 1.54067 0.311698 0.01
1.61818 0.303544 0.01 1.60725 0.302862 0.01 1.59728 0.30192 0.01 1.64
0.304368 0.01 1.6291 0.304685 0.01 1.66184 0.303542 0.01 1.65091 0.304684
0.01 1.68287 0.301906 0.01 1.67279 0.302857 0.01 1.59647 0.32193 0.01
1.59805 0.331499 0.01 1.59886 0.340882 0.01 1.57863 0.357739 0.01 1.59912
0.350468 0.01 1.5991 0.358242 0.01 1.57865 0.360473 0.01 1.59909 0.360259
0.01 1.608 0.325 0.01 1.608 0.332387 0.01 1.608 0.340935 0.01
1.68091 0.358326 0.01 1.68088 0.350466 0.01 1.68092 0.360256 0.01 1.57829
0.38047 0.01 1.59889 0.370188 0.01 1.59806 0.380374 0.01 1.59631 0.391178
0.01 1.70193 0.380415 0.01 1.68196 0.380367 0.01 1.68112 0.370186 0.01
1.6837 0.39117 0.01 1.61856 0.41891 0.01 1.60634 0.40081 0.01 1.61815
0.398987 0.01 1.62917 0.398129 0.01 1.63999 0.397973 0.01 1.63996 0.418528
0.01 1.61856 0.438349 0.01 1.60798 0.437997 0.01 1.63991 0.438617 0.01
1.62924 0.438546 0.01 1.66136 0.418878 0.01 1.65082 0.398128 0.01 1.66184
0.398982 0.01 1.67367 0.400802 0.01 1.66125 0.438282 0.01 1.65056 0.438515
0.01 1.67185 0.437891 0.01 1.57808 0.458008 0.01 1.59738 0.447477 0.01
1.5969 0.45693 0.01 1.57836 0.478777 0.01 1.59635 0.466434 0.01 1.59808
0.478327 0.01 1.72122 0.479224 0.01 1.70222 0.458103 0.01 1.68308 0.456902
0.01 1.6825 0.447386 0.01 1.7018 0.478879 0.01 1.68194 0.478336 0.01
1.68365 0.46645 0.01 1.57864 0.5 0.01 1.59889 0.489291 0.01 1.59905
0.5 0.01 1.57836 0.521224 0.01 1.59889 0.510709 0.01 1.59808 0.521673
0.01 1.60403 0.489363 0.01 1.60726 0.479098 0.01 1.608 0.47916 0.01
1.608 0.489418 0.01 1.60011 0.5 0.01 1.608 0.5 0.01 1.71575
0.5 0.01 1.72111 0.520778 0.01 1.70143 0.5 0.01 1.68097 0.5
0.01 1.68112 0.489306 0.01 1.7018 0.52112 0.01 1.68194 0.521664 0.01
1.68112 0.510694 0.01 1.57808 0.541992 0.01 1.59635 0.533565 0.01 1.5969
0.54307 0.01 1.59738 0.552523 0.01 1.608 0.532 0.01 1.60844 0.532
0.01 1.60799 0.532107 0.01 1.6079 0.532014 0.01 1.60726 0.520902 0.01
1.608 0.52084 0.01 1.65059 0.532 0.01 1.66084 0.532 0.01 1.6609
0.532748 0.01 1.65062 0.53442 0.01 1.64002 0.532 0.01 1.64002 0.533042
0.01 1.70222 0.541897 0.01 1.68308 0.543098 0.01 1.68365 0.53355 0.01
1.6825 0.552614 0.01 1.61856 0.58109 0.01 1.60798 0.562003 0.01 1.61856
0.561652 0.01 1.62924 0.561454 0.01 1.63991 0.561383 0.01 1.63996 0.581472
0.01 1.61815 0.601013 0.01 1.60634 0.59919 0.01 1.64 0.602027 0.01
1.62917 0.601871 0.01 1.66136 0.581122 0.01 1.65056 0.561484 0.01 1.66125
0.561718 0.01 1.67185 0.562109 0.01 1.66184 0.601018 0.01 1.65082 0.601872
0.01 1.67367 0.599198 0.01 1.57829 0.61953 0.01 1.59631 0.608822 0.01
1.59806 0.619626 0.01 1.57865 0.639527 0.01 1.59889 0.629812 0.01 1.59909
0.639741 0.01 1.608 0.611 0.01 1.60791 0.610983 0.01 1.60799 0.610909
0.01 1.60815 0.611 0.01 1.608 0.611158 0.01 1.70144 0.639308 0.01
1.70193 0.619585 0.01 1.68196 0.619633 0.01 1.6837 0.60883 0.01 1.68092
0.639744 0.01 1.68112 0.629814 0.01 1.5991 0.641758 0.01 1.59912 0.649531
0.01 1.59886 0.659118 0.01 1.59647 0.67807 0.01 1.59805 0.668501 0.01
1.608 0.639897 0.01 1.608 0.64959 0.01 1.608 0.659065 0.01 1.68196
0.668504 0.01 1.59728 0.69808 0.01 1.60725 0.697138 0.01 1.61818 0.696456
0.01 1.6291 0.695315 0.01 1.64 0.695632 0.01 1.65091 0.695316 0.01
1.66184 0.696458 0.01 1.67279 0.697143 0.01 1.68287 0.698094 0.01 1.57801
0.740634 0.01 1.55934 0.740528 0.01 1.57823 0.719932 0.01 1.57833 0.760664
0.01 1.55883 0.76058 0.01 1.59632 0.751154 0.01 1.59806 0.761059 0.01
1.71601 0.719867 0.01 1.70244 0.740564 0.01 1.70232 0.719904 0.01 1.70188
0.7606 0.01 1.68196 0.761052 0.01 1.6837 0.75115 0.01 1.57867 0.780336
0.01 1.55843 0.780312 0.01 1.59888 0.770657 0.01 1.59909 0.780311 0.01
1.57854 0.800117 0.01 1.55858 0.800168 0.01 1.59912 0.790067 0.01 1.59886
0.799919 0.01 1.70139 0.780305 0.01 1.68091 0.780308 0.01 1.68112 0.770655
0.01 1.70161 0.800089 0.01 1.68115 0.799917 0.01 1.68088 0.790066 0.01
1.57788 0.820132 0.01 1.55936 0.820163 0.01 1.59806 0.809865 0.01 1.59647
0.820327 0.01 1.59669 0.829894 0.01 1.6079 0.818019 0.01 1.608 0.81787
0.01 1.608 0.818 0.01 1.70256 0.820087 0.01 1.68359 0.820322 0.01
1.68195 0.809863 0.01 1.68336 0.829892 0.01 1.61861 0.85772 0.01 1.60733
0.839164 0.01 1.6183 0.838172 0.01 1.62918 0.837564 0.01 1.64 0.837395
0.01 1.64001 0.857654 0.01 1.61841 0.877119 0.01 1.6074 0.87635 0.01
1.64 0.877749 0.01 1.62927 0.877594 0.01 1.66143 0.857728 0.01 1.65083
0.837565 0.01 1.66172 0.838174 0.01 1.67272 0.839164 0.01 1.66161 0.877127
0.01 1.65073 0.877597 0.01 1.67265 0.876371 0.01 1.57786 0.897155 0.01
1.55935 0.897355 0.01 1.59671 0.885867 0.01 1.59646 0.895706 0.01 1.57851
0.918899 0.01 1.55862 0.918906 0.01 1.59806 0.907798 0.01 1.59886 0.918959
0.01 1.60799 0.896934 0.01 1.60818 0.897 0.01 1.608 0.897 0.01
1.60793 0.896993 0.01 1.70262 0.897432 0.01 1.6836 0.89574 0.01 1.68335
0.885894 0.01 1.7017 0.919019 0.01 1.68116 0.918972 0.01 1.68195 0.907808
0.01 1.57854 0.940289 0.01 1.55863 0.940307 0.01 1.59907 0.929725 0.01
1.59886 0.940363 0.01 1.578 0.961465 0.01 1.55942 0.961442 0.01 1.59807
0.951183 0.01 1.59649 0.962633 0.01 1.70164 0.940235 0.01 1.68116 0.940359
0.01 1.68094 0.929727 0.01 1.70239 0.96127 0.01 1.68356 0.962611 0.01
1.68194 0.951178 0.01 1.56639 1 0.01 1.55941 1 0.01 1.55945
0.984947 0.01 1.57835 0.981083 0.01 1.55946 0.980933 0.01 1.59679 0.972379
0.01 1.57871 1 0.01 1.60799 0.961102 0.01 1.6079 0.961014 0.01
1.608 0.961 0.01 1.60836 0.961 0.01 1.71977 0.98061 0.01 1.70572
1 0.01 1.70214 0.980952 0.01 1.68326 0.972365 0.01 1.70181 1
0.01 1.60799 0.0388977 0.01 1.60836 0.039 0.01 1.61829 0.0290592 0.01
1.60657 0.0274311 0.01 1.61909 0.039 0.01 1.62926 0.0298402 0.01 1.64
0.0300255 0.01 1.64 0.039 0.01 1.62937 0.039 0.01 1.67201 0.0388976
0.01 1.6721 0.038986 0.01 1.672 0.039 0.01 1.67164 0.039 0.01
1.66171 0.0290605 0.01 1.65074 0.0298404 0.01 1.65063 0.039 0.01 1.66091
0.039 0.01 1.67345 0.0274351 0.01 1.608 0.0496645 0.01 1.608 0.0597481
0.01 1.608 0.0702468 0.01 1.608 0.0808745 0.01 1.60818 0.103 0.01
1.60799 0.103066 0.01 1.608 0.0913148 0.01 1.61927 0.103 0.01 1.61838
0.112915 0.01 1.60658 0.11449 0.01 1.62934 0.11216 0.01 1.62952 0.103
0.01 1.64 0.111984 0.01 1.64 0.103 0.01 1.672 0.103 0.01
1.672 0.102721 0.01 1.67207 0.103007 0.01 1.67201 0.103066 0.01 1.67182
0.103 0.01 1.672 0.0913148 0.01 1.672 0.0808745 0.01 1.65048 0.103
0.01 1.66073 0.103 0.01 1.66163 0.112912 0.01 1.65066 0.112159 0.01
1.67344 0.114481 0.01 1.608 0.18213 0.01 1.61812 0.171969 0.01 1.61884
0.182 0.01 1.60649 0.170254 0.01 1.62915 0.172785 0.01 1.62922 0.182
0.01 1.64 0.172973 0.01 1.64 0.182 0.01 1.608 0.191035 0.01
1.608 0.200236 0.01 1.672 0.182 0.01 1.67188 0.182 0.01 1.67201
0.181905 0.01 1.6721 0.181981 0.01 1.672 0.18213 0.01 1.66188 0.171969
0.01 1.66116 0.182 0.01 1.65078 0.182 0.01 1.65085 0.172785 0.01
1.67352 0.170254 0.01 1.672 0.200236 0.01 1.672 0.191035 0.01 1.608
0.209971 0.01 1.608 0.219717 0.01 1.608 0.229254 0.01 1.608 0.237997
0.01 1.672 0.209971 0.01 1.672 0.219717 0.01 1.672 0.237997 0.01
1.672 0.229254 0.01 1.61867 0.246 0.01 1.62912 0.246 0.01 1.64
0.246 0.01 1.67201 0.246087 0.01 1.6719 0.246 0.01 1.672 0.246
0.01 1.672 0.245898 0.01 1.67209 0.246022 0.01 1.65088 0.246 0.01
1.66133 0.246 0.01 1.608 0.35041 0.01 1.608 0.360103 0.01 1.608
0.360175 0.01 1.672 0.332387 0.01 1.672 0.325 0.01 1.672 0.340935
0.01 1.672 0.360103 0.01 1.672 0.35041 0.01 1.672 0.360175 0.01
1.608 0.389 0.01 1.60799 0.389091 0.01 1.60791 0.389017 0.01 1.608
0.388842 0.01 1.60815 0.389 0.01 1.608 0.370017 0.01 1.608 0.379449
0.01 1.61892 0.389 0.01 1.62927 0.389 0.01 1.64 0.389 0.01
1.67209 0.389017 0.01 1.67201 0.389091 0.01 1.672 0.389 0.01 1.672
0.388842 0.01 1.67185 0.389 0.01 1.672 0.370017 0.01 1.672 0.379449
0.01 1.65073 0.389 0.01 1.66108 0.389 0.01 1.60799 0.467893 0.01
1.60844 0.468 0.01 1.608 0.468 0.01 1.6079 0.467986 0.01 1.64002
0.466958 0.01 1.64002 0.468 0.01 1.63882 0.468 0.01 1.61844 0.448138
0.01 1.61834 0.458096 0.01 1.60662 0.456544 0.01 1.60756 0.447489 0.01
1.62924 0.448604 0.01 1.6293 0.458849 0.01 1.63994 0.448747 0.01 1.64
0.459022 0.01 1.61917 0.468 0.01 1.62946 0.468 0.01 1.65062 0.46558
0.01 1.6609 0.467252 0.01 1.66084 0.468 0.01 1.65059 0.468 0.01
1.672 0.468 0.01 1.67201 0.46789 0.01 1.6721 0.467987 0.01 1.672
0.468469 0.01 1.66143 0.448092 0.01 1.66163 0.458082 0.01 1.65069 0.458844
0.01 1.65063 0.448587 0.01 1.67232 0.447411 0.01 1.67335 0.456522 0.01
1.672 0.479164 0.01 1.63882 0.532 0.01 1.61917 0.532 0.01 1.61834
0.541904 0.01 1.60662 0.543456 0.01 1.6293 0.541151 0.01 1.62946 0.532
0.01 1.64 0.540978 0.01 1.61844 0.551862 0.01 1.60756 0.552511 0.01
1.62924 0.551396 0.01 1.63994 0.551253 0.01 1.67201 0.53211 0.01 1.672
0.532 0.01 1.672 0.531531 0.01 1.6721 0.532013 0.01 1.66163 0.541918
0.01 1.65069 0.541156 0.01 1.67335 0.543478 0.01 1.672 0.520836 0.01
1.66143 0.551908 0.01 1.65063 0.551413 0.01 1.67232 0.552589 0.01 1.61892
0.611 0.01 1.608 0.620551 0.01 1.64 0.611 0.01 1.62927 0.611
0.01 1.608 0.629983 0.01 1.608 0.639825 0.01 1.67201 0.610909 0.01
1.67209 0.610983 0.01 1.672 0.611 0.01 1.67185 0.611 0.01 1.672
0.611158 0.01 1.65073 0.611 0.01 1.66108 0.611 0.01 1.672 0.620551
0.01 1.672 0.639825 0.01 1.672 0.629983 0.01 1.608 0.667613 0.01
1.608 0.675 0.01 1.672 0.64959 0.01 1.672 0.639897 0.01 1.672
0.659065 0.01 1.672 0.675 0.01 1.672 0.667613 0.01 1.60799 0.753913
0.01 1.6081 0.754 0.01 1.608 0.754 0.01 1.608 0.754102 0.01
1.60791 0.753978 0.01 1.61867 0.754 0.01 1.608 0.762003 0.01 1.62912
0.754 0.01 1.64 0.754 0.01 1.672 0.754 0.01 1.6719 0.754
0.01 1.67201 0.753913 0.01 1.67209 0.753978 0.01 1.672 0.754102 0.01
1.66133 0.754 0.01 1.65088 0.754 0.01 1.672 0.762003 0.01 1.608
0.770746 0.01 1.608 0.780283 0.01 1.608 0.790029 0.01 1.608 0.799764
0.01 1.672 0.770746 0.01 1.672 0.780283 0.01 1.672 0.799764 0.01
1.672 0.790029 0.01 1.60812 0.818 0.01 1.60799 0.818095 0.01 1.608
0.808965 0.01 1.61884 0.818 0.01 1.61812 0.828031 0.01 1.60649 0.829746
0.01 1.62915 0.827215 0.01 1.62922 0.818 0.01 1.64 0.827027 0.01
1.64 0.818 0.01 1.672 0.818 0.01 1.672 0.81787 0.01 1.6721
0.818019 0.01 1.67201 0.818095 0.01 1.67188 0.818 0.01 1.672 0.808965
0.01 1.65078 0.818 0.01 1.66116 0.818 0.01 1.66188 0.828031 0.01
1.65085 0.827215 0.01 1.67352 0.829746 0.01 1.608 0.897279 0.01 1.61838
0.887085 0.01 1.61927 0.897 0.01 1.60658 0.88551 0.01 1.62934 0.88784
0.01 1.62952 0.897 0.01 1.64 0.888016 0.01 1.64 0.897 0.01
1.608 0.908686 0.01 1.608 0.919125 0.01 1.672 0.897 0.01 1.67182
0.897 0.01 1.67201 0.896934 0.01 1.67207 0.896993 0.01 1.672 0.897279
0.01 1.66163 0.887088 0.01 1.66073 0.897 0.01 1.65048 0.897 0.01
1.65066 0.887841 0.01 1.67344 0.885519 0.01 1.672 0.919125 0.01 1.672
0.908686 0.01 1.6721 0.961014 0.01 1.672 0.961 0.01 1.672 0.960749
0.01 1.672 0.929753 0.01 1.672 0.940252 0.01 1.672 0.950336 0.01
1.61829 0.970941 0.01 1.60657 0.972569 0.01 1.61909 0.961 0.01 1.62926
0.97016 0.01 1.62937 0.961 0.01 1.64 0.961 0.01 1.64 0.969975
0.01 1.67201 0.961102 0.01 1.67164 0.961 0.01 1.66171 0.97094 0.01
1.65074 0.97016 0.01 1.65063 0.961 0.01 1.66091 0.961 0.01 1.67345
0.972565 0.01 1.672 0.0392512 0.01 1.672 0.0496645 0.01 1.672 0.0597481
0.01 1.672 0.0702468 0.01 1.608 0.510582 0.01 1.60403 0.510637 0.01
1.672 0.489446 0.01 1.672 0.5 0.01 1.672 0.510554 0.01 1.608
0.960749 0.01 1.608 0.929753 0.01 1.608 0.940252 0.01 1.608 0.950336
0.01 1.58325 0.301336 0.01 1.59686 0.309003 0.01 1.59666 0.312293 0.01
1.68339 0.312285 0.01 1.6832 0.30842 0.01 1.59666 0.687707 0.01 1.59686
0.690997 0.01 1.58325 0.698664 0.01 1.57812 0.701431 0.01 1.60644 0.687105
0.01 1.61646 0.675 0.01 1.61816 0.681879 0.01 1.61796 0.685319 0.01
1.61796 0.68553 0.01 1.60652 0.688108 0.01 1.66189 0.685307 0.01 1.66184
0.68188 0.01 1.66205 0.68532 0.01 1.66205 0.685533 0.01 1.7024 0.705231
0.01 1.60644 0.312895 0.01 1.61796 0.314681 0.01 1.61816 0.318121 0.01
1.61646 0.325 0.01 1.60652 0.311887 0.01 1.61796 0.31447 0.01 1.61812
0.314694 0.01 1.61857 0.325 0.01 1.62904 0.315576 0.01 1.64 0.315728
0.01 1.64 0.325 0.01 1.62907 0.325 0.01 1.66205 0.31468 0.01
1.66184 0.31812 0.01 1.66189 0.314693 0.01 1.66205 0.314467 0.01 1.67358
0.312892 0.01 1.66354 0.325 0.01 1.67346 0.31134 0.01 1.65093 0.325
0.01 1.65096 0.315576 0.01 1.66143 0.325 0.01 1.61812 0.685306 0.01
1.61857 0.675 0.01 1.62907 0.675 0.01 1.64 0.675 0.01 1.64
0.684272 0.01 1.62904 0.684424 0.01 1.67358 0.687108 0.01 1.66354 0.675
0.01 1.67346 0.68866 0.01 1.65096 0.684424 0.01 1.65093 0.675 0.01
1.66143 0.675 0.01 1.52378 -1.8357e-43 0.01 1.53474 0.30156 0.01 1.5307
0.279555 0.01 1.54006 0.419817 0.01 1.54006 0.580183 0.01 1.54041 0.593784
0.01 1.54055 0.740925 0.01 1.5311 0.720434 0.01 1.54008 0.720179 0.01
1.53815 0.659236 0.01 1.53788 0.649563 0.01 1.54062 0.678253 0.01 1.53897
0.66866 0.01 1.54469 0.740838 0.01 1.55593 0.760617 0.01 1.53897 0.760832
0.01 1.54074 0.75101 0.01 1.53793 0.77976 0.01 1.53812 0.770473 0.01
1.55688 0.800162 0.01 1.53815 0.8001 0.01 1.53789 0.79052 0.01 1.53792
0.78025 0.01 1.53788 0.790137 0.01 1.54063 0.820428 0.01 1.53897 0.810101
0.01 1.5475 0.820331 0.01 1.5406 0.830977 0.01 1.54064 0.830093 0.01
1.54023 0.839733 0.01 1.54062 0.895909 0.01 1.5406 0.886691 0.01 1.54019
0.877811 0.01 1.53816 0.918876 0.01 1.53896 0.907699 0.01 1.5402 0.981127
0.01 1.54062 0.971993 0.01 1.54063 0.962579 0.01 1.54969 0.962031 0.01
1.55314 0.980997 0.01 1.53981 1 0.01 1.52564 1 0.01 1.53897
0.951338 0.01 1.53838 0.943472 0.01 1.53816 0.940495 0.01 1.53793 0.929749
0.01 1.529 0.0582694 0.01 1.529 0.0493904 0.01 1.52906 0.103006 0.01
1.529 0.102905 0.01 1.529 0.204891 0.01 1.529 0.199993 0.01 1.529
0.340771 0.01 1.529 0.332176 0.01 1.529 0.379797 0.01 1.529 0.37027
0.01 1.529 0.36467 0.01 1.53689 0.360333 0.01 1.52909 0.532012 0.01
1.529 0.531851 0.01 1.529 0.659229 0.01 1.529 0.654165 0.01 1.53753
0.649566 0.01 1.53689 0.639667 0.01 1.53497 0.698457 0.01 1.54026 0.698861
0.01 1.54067 0.688302 0.01 1.529 0.775211 0.01 1.529 0.770514 0.01
1.529 0.761686 0.01 1.529 0.809301 0.01 1.529 0.800007 0.01 1.529
0.0595449 0.01 1.529 0.0702184 0.01 1.529 0.0810161 0.01 1.529 0.0915611
0.01 1.529 0.190699 0.01 1.529 0.229486 0.01 1.529 0.224789 0.01
1.529 0.238314 0.01 1.529 0.219794 0.01 1.529 0.209886 0.01 1.53753
0.350434 0.01 1.529 0.345835 0.01 1.529 0.350365 0.01 1.529 0.360275
0.01 1.52909 0.467988 0.01 1.529 0.468149 0.01 1.529 0.478922 0.01
1.529 0.5 0.01 1.529 0.489269 0.01 1.529 0.510731 0.01 1.529
0.521078 0.01 1.529 0.62973 0.01 1.529 0.620203 0.01 1.529 0.63533
0.01 1.529 0.639725 0.01 1.529 0.667824 0.01 1.529 0.649635 0.01
1.529 0.795109 0.01 1.529 0.780206 0.01 1.529 0.790114 0.01 1.529
0.897095 0.01 1.52906 0.896994 0.01 1.529 0.908438 0.01 1.529 0.918984
0.01 1.529 0.929782 0.01 1.529 0.940455 0.01 1.529 0.94173 0.01
1.529 0.95061 0.01 1.53997 0.141127 0.01 1.54041 0.406203 0.01 1.53564
0.687927 0.01 1.53997 0.858873 0.01 1.53564 0.312073 0.01 
POLYGONS 6299 32694
4 0 1 2 3 4 4 0 3 5 4
6 4 5 7 4 8 6 7 9 4
10 8 9 11 4 12 10 11 13 4
14 12 13 15 4 16 14 15 17 4
18 16 17 19 4 20 18 19 21 4
22 20 21 23 4 24 22 23 25 4
26 24 25 27 4 28 26 27 29 4
30 28 29 31 4 32 30 31 33 4
34 32 33 35 6 36 34 35 37 38
39 4 40 41 1 0 4 42 40 0
4 4 43 42 4 6 4 44 43 6
8 4 45 44 8 10 4 46 45 10
12 4 47 46 12 14 4 48 47 14
16 4 49 48 16 18 4 50 49 18
20 4 51 50 20 22 4 52 51 22
24 4 53 52 24 26 4 54 53 26
28 4 55 54 28 30 4 56 55 30
32 5 56 32 34 57 58 6 59 36
39 60 61 62 4 63 64 41 40 4
65 63 40 42 4 66 65 42 43 4
67 66 43 44 4 68 67 44 45 4
69 68 45 46 4 70 69 46 47 4
71 70 47 48 4 72 71 48 49 4
73 72 49 50 4 74 73 50 51 4
75 74 51 52 4 76 75 52 53 4
77 76 53 54 4 78 77 54 55 4
79 78 55 56 5 79 56 58 80 81
4 82 83 64 63 4 84 82 63 65
4 85 84 65 66 4 86 85 66 67
4 87 86 67 68 4 88 87 68 69
4 89 88 69 70 4 90 89 70 71
4 91 90 71 72 4 92 91 72 73
4 93 92 73 74 4 94 93 74 75
4 95 94 75 76 4 96 95 76 77
4 97 96 77 78 4 98 97 78 79
4 99 98 79 81 9 100 99 81 101
102 103 104 105 106 4 107 108 83 82
4 109 107 82 84 4 110 109 84 85
4 111 110 85 86 4 112 111 86 87
4 113 112 87 88 4 114 113 88 89
4 115 114 89 90 4 116 115 90 91
4 117 116 91 92 4 118 117 92 93
4 119 118 93 94 4 120 119 94 95
4 121 120 95 96 4 122 121 96 97
4 123 122 97 98 5 123 98 99 124
125 4 126 127 100 106 7 128 129 130
131 126 106 132 4 133 134 108 107 4
135 133 107 109 4 136 135 109 110 4
137 136 110 111 4 138 137 111 112 4
139 138 112 113 4 140 139 113 114 4
141 140 114 115 4 142 141 115 116 4
143 142 116 117 4 144 143 117 118 4
145 144 118 119 4 146 145 119 120 4
147 146 120 121 4 148 147 121 122 4
149 148 122 123 5 150 151 149 123 125
4 152 153 150 125 4 154 155 134 133
4 156 154 133 135 4 157 156 135 136
4 158 157 136 137 4 159 158 137 138
4 160 159 138 139 4 161 160 139 140
4 162 161 140 141 4 163 162 141 142
4 164 163 142 143 4 165 164 143 144
4 166 165 144 145 4 167 166 145 146
4 168 167 146 147 4 169 168 147 148
4 170 169 148 149 4 171 170 149 151
6 172 173 171 151 174 175 6 172 175
176 177 178 179 4 180 181 155 154 4
182 180 154 156 4 183 182 156 157 4
184 183 157 158 4 185 184 158 159 4
186 185 159 160 4 187 186 160 161 4
188 187 161 162 4 189 188 162 163 4
190 189 163 164 4 191 190 164 165 4
192 191 165 166 4 193 192 166 167 4
194 193 167 168 4 195 194 168 169 4
196 195 169 170 4 197 196 170 171 6
197 171 173 198 199 200 4 201 202 203
204 4 205 206 181 180 4 207 205 180
182 4 208 207 182 183 4 209 208 183
184 4 210 209 184 185 4 211 210 185
186 4 212 211 186 187 4 213 212 187
188 4 214 213 188 189 4 215 214 189
190 4 216 215 190 191 4 217 216 191
192 4 218 217 192 193 4 219 218 193
194 4 220 219 194 195 4 221 220 195
196 5 222 223 221 196 197 4 224 222
197 200 4 225 226 206 205 4 227 225
205 207 4 228 227 207 208 4 229 228
208 209 4 230 229 209 210 4 231 230
210 211 4 232 231 211 212 4 233 232
212 213 4 234 233 213 214 4 235 234
214 215 4 236 235 215 216 4 237 236
216 217 4 238 237 217 218 4 239 238
218 219 4 240 239 219 220 4 241 240
220 221 5 242 243 241 221 223 4 244
245 242 223 4 246 247 226 225 4 248
246 225 227 4 249 248 227 228 4 250
249 228 229 4 251 250 229 230 4 252
251 230 231 4 253 252 231 232 4 254
253 232 233 4 255 254 233 234 4 256
255 234 235 4 257 256 235 236 4 258
257 236 237 4 259 258 237 238 4 260
259 238 239 4 261 260 239 240 4 262
261 240 241 4 263 262 241 243 9 263
243 264 265 266 267 268 269 270 5 271
272 273 274 275 4 276 277 247 246 4
278 276 246 248 4 279 278 248 249 4
280 279 249 250 4 281 280 250 251 4
282 281 251 252 4 283 282 252 253 4
284 283 253 254 4 285 284 254 255 4
286 285 255 256 4 287 286 256 257 4
288 287 257 258 4 289 288 258 259 4
290 289 259 260 4 291 290 260 261 4
292 291 261 262 5 293 294 292 262 263
5 295 296 293 263 270 4 297 298 277
276 4 299 297 276 278 4 300 299 278
279 4 301 300 279 280 4 302 301 280
281 4 303 302 281 282 4 304 303 282
283 4 305 304 283 284 4 306 305 284
285 4 307 306 285 286 4 308 307 286
287 4 309 308 287 288 4 310 309 288
289 4 311 310 289 290 4 312 311 290
291 4 313 312 291 292 5 314 315 313
292 294 4 316 317 314 294 4 318 319
298 297 4 320 318 297 299 4 321 320
299 300 4 322 321 300 301 4 323 322
301 302 4 324 323 302 303 4 325 324
303 304 4 326 325 304 305 4 327 326
305 306 4 328 327 306 307 4 329 328
307 308 4 330 329 308 309 4 331 330
309 310 4 332 331 310 311 4 333 332
311 312 4 334 333 312 313 5 335 336
334 313 315 4 337 338 335 315 4 339
340 319 318 4 341 339 318 320 4 342
341 320 321 4 343 342 321 322 4 344
343 322 323 4 345 344 323 324 4 346
345 324 325 4 347 346 325 326 4 348
347 326 327 4 349 348 327 328 4 350
349 328 329 4 351 350 329 330 4 352
351 330 331 4 353 352 331 332 4 354
353 332 333 4 355 354 333 334 4 356
355 334 336 9 356 336 357 358 359 360
361 362 363 4 364 365 340 339 4 366
364 339 341 4 367 366 341 342 4 368
367 342 343 4 369 368 343 344 4 370
369 344 345 4 371 370 345 346 4 372
371 346 347 4 373 372 347 348 4 374
373 348 349 4 375 374 349 350 4 376
375 350 351 4 377 376 351 352 4 378
377 352 353 4 379 378 353 354 4 380
379 354 355 5 381 382 380 355 356 4
383 381 356 363 6 384 385 386 387 388
362 4 389 390 365 364 4 391 389 364
366 4 392 391 366 367 4 393 392 367
368 4 394 393 368 369 4 395 394 369
370 4 396 395 370 371 4 397 396 371
372 4 398 397 372 373 4 399 398 373
374 4 400 399 374 375 4 401 400 375
376 4 402 401 376 377 4 403 402 377
378 4 404 403 378 379 4 405 404 379
380 5 406 407 405 380 382 4 408 409
406 382 4 410 411 390 389 4 412 410
389 391 4 413 412 391 392 4 414 413
392 393 4 415 414 393 394 4 416 415
394 395 4 417 416 395 396 4 418 417
396 397 4 419 418 397 398 4 420 419
398 399 4 421 420 399 400 4 422 421
400 401 4 423 422 401 402 4 424 423
402 403 4 425 424 403 404 4 426 425
404 405 4 427 426 405 407 6 427 407
428 429 430 431 4 432 433 411 410 4
434 432 410 412 4 435 434 412 413 4
436 435 413 414 4 437 436 414 415 4
438 437 415 416 4 439 438 416 417 4
440 439 417 418 4 441 440 418 419 4
442 441 419 420 4 443 442 420 421 4
444 443 421 422 4 445 444 422 423 4
446 445 423 424 4 447 446 424 425 4
448 447 425 426 4 449 448 426 427 6
450 451 452 449 427 431 4 453 450 431
454 4 455 456 433 432 4 457 455 432
434 4 458 457 434 435 4 459 458 435
436 4 460 459 436 437 4 461 460 437
438 4 462 461 438 439 4 463 462 439
440 4 464 463 440 441 4 465 464 441
442 4 466 465 442 443 4 467 466 443
444 4 468 467 444 445 4 469 468 445
446 4 470 469 446 447 4 471 470 447
448 5 472 473 471 448 449 4 474 472
449 452 4 475 476 456 455 4 477 475
455 457 4 478 477 457 458 4 479 478
458 459 4 480 479 459 460 4 481 480
460 461 4 482 481 461 462 4 483 482
462 463 4 484 483 463 464 4 485 484
464 465 4 486 485 465 466 4 487 486
466 467 4 488 487 467 468 4 489 488
468 469 4 490 489 469 470 4 491 490
470 471 5 492 493 491 471 473 4 494
495 492 473 4 496 497 476 475 4 498
496 475 477 4 499 498 477 478 4 500
499 478 479 4 501 500 479 480 4 502
501 480 481 4 503 502 481 482 4 504
503 482 483 4 505 504 483 484 4 506
505 484 485 4 507 506 485 486 4 508
507 486 487 4 509 508 487 488 4 510
509 488 489 4 511 510 489 490 4 512
511 490 491 4 513 512 491 493 9 513
493 514 515 516 517 518 519 520 4 521
522 497 496 4 523 521 496 498 4 524
523 498 499 4 525 524 499 500 4 526
525 500 501 4 527 526 501 502 4 528
527 502 503 4 529 528 503 504 4 530
529 504 505 4 531 530 505 506 4 532
531 506 507 4 533 532 507 508 4 534
533 508 509 4 535 534 509 510 4 536
535 510 511 4 537 536 511 512 5 538
539 537 512 513 4 538 513 520 540 4
541 542 522 521 4 543 541 521 523 4
544 543 523 524 4 545 544 524 525 4
546 545 525 526 4 547 546 526 527 4
548 547 527 528 4 549 548 528 529 4
550 549 529 530 4 551 550 530 531 4
552 551 531 532 4 553 552 532 533 4
554 553 533 534 4 555 554 534 535 4
556 555 535 536 4 557 556 536 537 5
558 559 557 537 539 5 560 561 562 558
539 4 563 564 542 541 4 565 563 541
543 4 566 565 543 544 4 567 566 544
545 4 568 567 545 546 4 569 568 546
547 4 570 569 547 548 4 571 570 548
549 4 572 571 549 550 4 573 572 550
551 4 574 573 551 552 4 575 574 552
553 4 576 575 553 554 4 577 576 554
555 4 578 577 555 556 4 579 578 556
557 4 580 579 557 559 6 581 582 580
559 583 584 6 581 584 585 586 587 588
3 128 132 589 4 128 589 590 591 4
204 173 172 179 5 201 204 179 592 593
4 594 201 593 595 6 596 597 598 599
273 265 5 600 601 602 268 603 6 604
600 603 605 606 607 5 608 609 610 604
607 6 611 612 613 614 615 359 4 616
617 618 619 5 620 621 453 454 622 6
451 450 453 623 624 625 4 620 622 626
627 4 628 629 620 627 7 630 515 631
632 633 634 635 3 630 635 636 6 637
638 639 640 641 518 4 642 643 644 645
4 646 582 581 588 5 647 646 588 648
649 4 650 38 37 651 4 652 653 654
655 5 656 657 658 659 660 3 271 275
661 8 662 663 664 665 666 667 668 669
3 670 671 672 5 673 674 675 676 677
4 678 679 680 681 5 682 683 684 685
686 3 687 688 689 8 690 691 692 693
694 695 696 697 4 698 699 700 701 5
650 651 652 655 702 6 39 38 650 703
704 705 5 706 707 654 653 708 5 709
710 706 708 711 5 712 713 709 711 714
4 712 714 715 716 6 712 716 717 718
719 720 4 721 722 723 724 4 725 726
727 728 6 729 730 731 732 733 103 6
734 735 736 737 738 739 5 740 741 742
743 744 6 745 746 747 748 749 750 5
751 594 595 752 753 5 754 751 753 755
756 6 757 758 759 760 761 762 5 763
754 756 764 757 4 763 757 762 765 6
766 767 768 769 770 771 4 772 773 606
605 4 774 775 608 607 6 776 777 778
779 780 781 4 782 783 616 619 6 784
785 786 787 788 662 4 789 790 791 792
6 668 793 794 795 796 797 5 798 799
627 626 800 5 801 802 798 800 803 4
804 628 627 799 5 805 806 801 803 807
4 805 807 808 809 6 805 809 810 811
812 813 4 814 815 816 817 6 697 818
819 820 821 822 4 823 824 642 645 6
695 825 826 827 828 829 4 830 647 649
831 3 832 833 834 5 835 830 831 836
837 5 838 835 837 839 840 6 841 842
843 844 845 846 5 847 838 840 848 841
4 849 847 841 846 3 850 59 62 3
62 61 721 6 850 62 721 724 725 851
4 57 34 36 59 5 852 58 57 59
850 3 852 850 851 4 729 103 102 853
5 851 725 728 729 853 4 80 58 852
854 4 101 81 80 854 4 854 852 851
853 4 101 854 853 102 4 124 99 100
127 4 152 125 124 127 5 152 127 126
855 856 5 153 152 856 857 858 4 174
151 150 153 5 175 174 153 858 859 4
860 861 862 863 4 863 857 856 864 4
865 860 863 864 4 858 857 863 862 5
866 867 868 869 870 5 871 872 202 201
594 4 198 173 204 203 6 199 198 203
873 874 875 5 224 200 199 876 877 4
244 223 222 224 5 244 224 877 878 879
4 880 881 882 883 4 883 876 199 875
4 880 883 875 874 4 877 876 883 882
5 245 244 879 884 596 4 264 243 242
245 4 264 245 596 265 4 885 598 597
886 4 886 884 879 887 4 888 885 886
887 4 596 884 886 597 4 889 605 603
890 4 272 271 889 890 5 266 265 273
272 891 3 267 266 891 3 891 272 890
5 267 891 890 603 268 3 295 270 269
4 316 294 293 296 3 892 296 295 5
892 295 269 268 602 4 893 316 296 892
5 893 892 602 894 895 4 337 315 314
317 4 896 317 316 893 5 896 893 895
897 898 4 899 337 317 896 5 899 896
898 900 901 5 357 336 335 338 902 3
358 357 902 4 903 338 337 899 5 903
899 901 904 611 3 902 338 903 5 358
902 903 611 359 5 905 906 907 384 908
4 909 905 908 910 5 615 911 912 909
910 3 361 360 913 5 908 384 362 361
913 5 913 360 359 615 910 3 908 913
910 4 383 363 362 388 4 408 382 381
383 5 408 383 388 914 915 5 409 408
915 916 917 4 428 407 406 409 5 429
428 409 917 918 4 919 920 921 922 4
922 916 915 923 4 924 919 922 923 4
917 916 922 921 4 622 454 925 926 5
626 622 926 927 928 5 929 930 931 932
933 6 430 429 934 935 936 925 4 430
925 454 431 5 474 452 451 937 938 4
494 473 472 474 5 494 474 938 939 940
4 941 942 943 944 4 944 937 451 625
4 941 944 625 624 4 938 937 944 943
5 495 494 940 945 631 4 514 493 492
495 4 514 495 631 515 4 946 633 632
947 4 947 945 940 948 4 949 946 947
948 4 631 945 947 632 5 950 645 644
637 951 5 636 952 953 950 951 3 516
515 630 5 517 516 630 636 951 4 517
951 637 518 4 560 539 538 540 4 954
540 520 519 4 954 519 518 641 4 955
560 540 954 5 955 954 641 956 957 3
562 561 958 4 583 559 558 562 6 959
960 584 583 562 958 3 561 560 955 6
958 561 955 957 961 962 3 959 958 962
3 963 964 965 4 966 129 128 591 4
966 591 744 967 4 966 967 968 969 4
130 129 966 969 4 131 130 970 971 4
971 864 856 855 4 131 971 855 126 4
865 864 971 970 4 970 130 969 972 4
865 970 972 973 4 740 744 591 590 4
974 975 861 860 4 974 860 865 973 4
862 861 976 977 4 977 176 175 859 4
858 862 977 859 4 177 176 977 976 4
976 861 975 978 4 177 976 978 979 4
980 981 593 592 4 980 592 179 178 4
980 178 177 979 4 595 593 981 982 4
983 984 881 880 4 985 983 880 874 4
882 881 986 987 4 987 887 879 878 4
877 882 987 878 4 888 887 987 986 4
986 881 984 988 4 888 986 988 989 4
990 991 598 885 4 990 885 888 989 4
992 993 275 274 4 599 598 991 992 4
273 599 992 274 3 610 609 994 3 995
610 994 3 995 994 996 4 601 600 997
998 4 998 999 895 894 4 601 998 894
602 4 1000 999 998 997 5 997 600 604
610 995 5 1000 997 995 996 1001 4 1002
1003 1004 1005 4 1005 897 895 999 4 1002
1005 999 1000 4 898 897 1005 1004 4 1006
1007 1003 1002 4 1006 1002 1000 1001 4 1004
1003 1008 1009 4 1009 1010 901 900 4 898
1004 1009 900 4 1011 1010 1009 1008 4 1008
1003 1007 1012 4 1011 1008 1012 1013 3 1014
1015 1016 3 1014 1016 1017 3 1018 1014 1017
4 1019 613 612 1020 4 1020 904 901 1010
4 1019 1020 1010 1011 4 611 904 1020 612
5 1016 1015 1021 619 618 5 1017 1016 618
613 1019 5 1018 1017 1019 1011 1013 4 617
616 912 911 4 614 613 618 617 4 614
617 911 615 4 387 386 1022 1023 4 1023
923 915 914 4 387 1023 914 388 4 924
923 1023 1022 4 1022 386 1024 1025 4 924
1022 1025 1026 4 1027 1028 920 919 4 1027
919 924 1026 4 921 920 1029 1030 4 1030
934 429 918 4 917 921 1030 918 4 935
934 1030 1029 4 1029 920 1028 1031 4 935
1029 1031 1032 4 621 620 629 1033 4 623
453 621 1033 4 624 623 1033 1034 4 1035
1036 942 941 4 1035 941 624 1034 4 943
942 1037 1038 4 1038 948 940 939 4 938
943 1038 939 4 949 948 1038 1037 4 1037
942 1036 1039 4 949 1037 1039 1040 4 1041
1042 633 946 4 1041 946 949 1040 4 1043
1044 953 952 4 1043 952 636 635 3 1045
1046 1047 3 1048 1045 1047 3 1048 1047 1049
5 643 642 1050 1046 1045 5 643 1045 1048
639 638 4 637 644 643 638 4 640 639
1051 1052 4 1052 1053 957 956 4 640 1052
956 641 4 1054 1053 1052 1051 5 1051 639
1048 1049 1055 4 1054 1051 1055 1056 4 963
965 1057 1058 5 1059 964 963 1060 1061 4
1061 585 584 960 4 1059 1061 960 959 4
586 585 1061 1060 4 1060 963 1058 1062 4
586 1060 1062 1063 5 1064 965 964 1065 1066
4 1066 961 957 1053 4 1064 1066 1053 1054
4 962 961 1066 1065 4 1067 1057 965 1064
4 1067 1064 1054 1056 3 1065 964 1059 4
962 1065 1059 959 4 1068 1063 1069 1070 4
1068 1070 649 648 4 1068 648 588 587 4
586 1063 1068 587 4 60 39 705 1071 4
1072 61 60 1071 5 1073 1074 1075 1072 1071
4 1073 1071 705 704 3 1076 1077 1078 3
1079 1080 1081 3 132 106 105 5 1082 589
132 105 104 4 1082 104 103 733 5 1083
740 590 589 1082 5 1083 1082 733 1084 1085
5 1086 1087 741 740 1083 5 1086 1083 1085
1088 1089 5 1086 1089 1090 1091 1092 5 1093
1094 1087 1086 1092 5 1095 1092 1091 1096 734
4 1095 734 739 1097 5 750 1098 1093 1092
1095 4 745 750 1095 1097 3 967 744 743
4 1099 968 967 743 3 1100 1101 1102 3
1100 1102 1103 4 1104 1105 1106 1107 5 1108
1109 1104 1107 1110 3 1111 1112 1113 3 1111
1113 1114 3 1115 1113 1112 4 1116 866 870
1117 5 1118 1119 871 594 751 4 656 660
1120 1121 5 656 1121 1118 751 754 4 658
657 1122 1123 6 1124 1125 1126 658 1123 1127
4 657 656 754 763 4 1122 657 763 765
4 1128 1124 1127 1129 4 1130 1131 1132 1133
5 1134 1130 1133 1135 1125 3 1136 1137 1138
5 1139 1140 772 605 889 6 1139 889 271
661 1141 1142 5 1139 1142 1143 1144 1145 5
1146 1147 1140 1139 1145 5 1148 1145 1144 1149
766 4 1148 766 771 1150 5 781 1151 1146
1145 1148 4 776 781 1148 1150 3 1152 1153
1154 3 1152 1154 1155 3 1156 1154 1153 3
792 906 905 6 1157 1158 789 792 905 909
5 1157 909 912 1159 1160 5 1157 1160 1161
1162 1163 5 1164 1165 1158 1157 1163 5 1166
1163 1162 1167 784 4 1166 784 662 669 5
797 1168 1164 1163 1166 4 668 797 1166 669
4 906 792 791 1169 3 1170 1171 1172 3
1172 1173 1174 3 1170 1172 1174 4 1175 1176
1177 1178 3 1175 1178 1179 4 1180 793 668
667 5 1180 667 666 1176 1175 5 1181 1182
1183 793 1180 6 1181 1180 1175 1179 1184 1185
5 1186 1187 1188 1189 1190 5 1191 1192 1186
1190 1193 3 670 672 1194 4 677 1195 671
670 6 1196 1197 673 677 670 1194 6 672
671 1198 1199 1182 1181 6 1194 672 1181 1185
1200 1201 5 1202 1198 671 1195 1203 3 1196
1194 1201 5 800 626 928 1204 1205 4 1206
929 933 1207 4 1208 1209 1210 1211 5 803
800 1205 1208 1211 6 1212 1213 1214 1215 1216
1217 5 1218 1211 1210 1219 1212 4 1218 1212
1217 1220 4 1203 1216 1215 1221 4 807 803
1211 1218 4 808 807 1218 1220 5 1222 1223
1224 1225 1226 3 1222 1226 1227 5 682 686
1228 1229 1230 5 687 689 1231 683 682 4
1232 687 682 1230 4 810 685 684 1233 4
1230 1229 1234 1235 4 1236 1237 1231 689 5
1232 1230 1235 1238 1239 3 1240 1241 1242 3
1243 1244 1245 7 1246 688 687 1232 1247 1248
1249 4 1246 1249 1250 1251 6 1252 822 1253
1236 689 688 3 1252 688 1246 3 1247 1232
1239 4 690 697 822 1252 5 691 690 1252
1246 1251 5 1254 1255 823 645 950 5 1254
950 953 1256 1257 5 1254 1257 1258 1259 1260
5 1261 1262 1255 1254 1260 5 1263 1260 1259
1264 818 4 1263 818 697 696 5 829 1265
1261 1260 1263 4 695 829 1263 696 3 1266
1267 1268 3 1266 1268 1269 4 1270 825 695
694 5 1270 694 693 1271 1272 5 1273 1274
1275 825 1270 5 1273 1270 1272 1276 1277 3
1278 1279 1280 5 1281 1282 1283 1274 1273 5
1281 1273 1277 1284 1285 5 1286 845 1287 1282
1281 6 1288 1286 1281 1285 1278 1280 5 1070
1069 1289 832 834 4 831 649 1070 834 3
832 1289 1290 3 1291 1292 1293 3 1294 1291
1293 4 1295 703 650 702 4 1296 1297 1298
1295 4 1296 1295 702 655 4 704 703 1295
1298 5 1299 1300 1301 1297 1296 4 1299 1296
655 654 3 1302 1301 1300 4 707 706 1303
1304 3 1304 1300 1299 4 707 1304 1299 654
5 1305 1302 1300 1304 1303 4 1306 1303 706
710 4 1307 1308 1309 1306 4 1307 1306 710
709 4 1305 1303 1306 1309 3 1078 1310 1311
3 1076 1078 1311 4 713 712 720 1312 5
1312 1311 1310 1308 1307 4 713 1312 1307 709
5 1076 1311 1312 720 719 4 1313 1314 1074
1073 4 1313 1073 704 1298 3 1315 1075 1074
4 1315 1074 1314 1316 4 722 721 61 1072
3 722 1072 1075 4 726 725 724 723 5
723 722 1075 1315 1317 4 1318 726 723 1317
4 1317 1315 1316 1319 4 1318 1317 1319 1320
3 1321 1322 1323 4 730 729 728 727 4
1324 731 730 727 4 1324 727 726 1318 5
1325 1321 1323 731 1324 4 1325 1324 1318 1320
4 1326 1327 1328 1329 4 1329 1088 1085 1330
4 1331 1326 1329 1330 4 1089 1088 1329 1328
4 1332 1328 1327 1333 4 1334 1091 1090 1332
4 1334 1332 1333 1335 4 1089 1328 1332 1090
3 1079 1081 1336 3 1337 1079 1336 5 1338
736 1081 1080 1339 4 1338 1339 1340 1341 4
1342 737 736 1338 4 1343 1344 1345 1342 4
1343 1342 1338 1341 4 738 737 1342 1345 5
1336 1081 736 735 1346 4 1346 1096 1091 1334
5 1337 1336 1346 1334 1335 4 734 1096 1346
735 4 1347 1099 743 742 4 1348 1349 1347
742 4 1348 742 741 1087 4 1350 1351 1349
1348 4 1094 1093 1352 1350 4 1094 1350 1348
1087 4 1353 1351 1350 1352 3 1354 1102 1101
3 1108 1110 1355 5 749 748 1101 1100 1356
4 1356 1352 1093 1098 4 749 1356 1098 750
5 1353 1352 1356 1100 1103 5 1357 1354 1101
748 1358 5 1359 1108 1355 1357 1358 4 1360
1358 748 747 4 1361 1362 1363 1360 4 1361
1360 747 746 4 1359 1358 1360 1363 4 1364
1365 1105 1104 3 1366 1367 1364 4 1366 1364
1104 1109 5 1365 1364 1367 1368 1369 5 1370
1106 1105 1371 1372 3 1373 1370 1372 4 1374
1371 1105 1365 4 1374 1365 1369 1375 3 1109
1108 1359 5 1363 1362 1376 1367 1366 4 1363
1366 1109 1359 3 1368 1367 1376 3 1372 1371
1377 5 759 1378 1373 1372 1377 4 1379 1377
1371 1374 4 1380 761 760 1379 4 1380 1379
1374 1375 4 759 1377 1379 760 4 752 595
982 1381 4 753 752 1381 1382 4 755 753
1382 1383 4 756 755 1383 1384 5 758 757
764 1112 1111 5 1378 759 758 1111 1114 5
1115 1112 764 756 1384 3 1134 1125 1124 5
1385 1132 1131 1386 1387 5 1388 1136 1138 1385
1387 3 1387 1386 1389 3 1388 1387 1389 4
1390 1391 1131 1130 3 1390 1130 1134 4 1392
1393 1391 1390 4 1128 1129 1394 1392 5 1128
1392 1390 1134 1124 4 1393 1392 1394 1395 3
1386 1131 1391 3 1396 1136 1388 5 1397 1389
1386 1391 1393 4 1398 1399 1400 1397 4 1398
1397 1393 1395 5 1396 1388 1389 1397 1400 4
661 275 993 1401 4 1141 661 1401 1402 4
1142 1141 1402 1403 4 1404 1405 1144 1143 4
1404 1143 1142 1403 3 1406 1407 1408 3 1409
1410 1406 3 1409 1406 1408 4 1411 768 1412
1413 5 1411 1413 1137 1136 1396 4 1414 769
768 1411 4 1400 1399 1415 1414 4 1400 1414
1411 1396 4 770 769 1414 1415 5 1408 1407
1412 768 767 5 1149 1144 1405 1410 1409 5
766 1149 1409 1408 767 4 774 607 606 773
4 1416 1417 774 773 4 1416 773 772 1140
4 1418 1419 1417 1416 4 1147 1146 1420 1418
4 1147 1418 1416 1140 4 1419 1418 1420 1421
4 1422 775 774 1417 4 1423 1422 1417 1419
4 1424 1423 1419 1421 3 1425 1426 1427 3
1425 1427 1428 3 1429 1427 1426 4 780 779
1430 1431 4 1431 1420 1146 1151 4 780 1431
1151 781 4 1421 1420 1431 1430 5 1430 779
1432 1426 1425 5 1424 1421 1430 1425 1428 5
1433 1434 1429 1426 1432 4 1435 1432 779 778
4 1436 1437 1438 1435 4 1436 1435 778 777
4 1433 1432 1435 1438 4 1439 1440 1441 1442
4 1439 1442 1434 1433 4 1443 1444 1440 1439
4 1438 1437 1445 1443 4 1438 1443 1439 1433
4 1444 1443 1445 1446 4 1447 1441 1440 1448
4 1449 1450 1447 1448 4 1451 1448 1440 1444
4 1452 1453 1454 1451 4 1452 1451 1444 1446
4 1449 1448 1451 1454 4 782 619 1021 1455
4 1456 782 1455 1457 4 1458 1456 1457 1459
4 1458 1459 1460 1461 4 1159 912 616 783
4 783 782 1456 1462 4 1160 1159 783 1462
4 1463 1462 1456 1458 4 1464 1162 1161 1463
4 1464 1463 1458 1461 4 1160 1462 1463 1161
5 1465 786 1466 1153 1152 5 1465 1152 1155
1450 1449 5 1461 1460 1156 1153 1466 4 1467
787 786 1465 4 1454 1453 1468 1467 4 1454
1467 1465 1449 4 788 787 1467 1468 4 1466
786 785 1469 4 1469 1167 1162 1464 4 1461
1466 1469 1464 4 784 1167 1469 785 4 1470
790 789 1158 4 1165 1164 1471 1472 4 1470
1158 1165 1472 3 1191 1193 1473 5 796 795
1474 1171 1170 5 1174 1173 1471 1164 1168 5
796 1170 1174 1168 797 4 1475 1474 795 1476
5 1477 1191 1473 1475 1476 4 1478 1476 795
794 4 1183 1182 1479 1478 4 793 1183 1478
794 4 1477 1476 1478 1479 3 1480 1187 1186
3 1480 1186 1192 4 1481 1189 1188 1482 5
1214 1483 1481 1482 1484 3 1215 1214 1484 3
1485 1188 1187 3 1192 1191 1477 5 1486 1487
1485 1187 1480 4 1479 1182 1199 1486 5 1479
1486 1480 1192 1477 4 1487 1486 1199 1198 4
1482 1188 1485 1488 3 1484 1482 1488 4 1489
1488 1485 1487 4 1202 1203 1221 1489 4 1202
1489 1487 1198 5 1215 1484 1488 1489 1221 4
1490 804 799 798 4 1491 1490 798 802 4
1492 1491 802 801 3 1493 1494 1495 3 1493
1495 1496 3 1497 1495 1494 5 806 805 813
1494 1493 5 1492 801 806 1493 1496 5 1498
1497 1494 813 812 4 1499 1224 1223 1500 4
1499 1500 684 683 4 1501 1225 1224 1502 5
1503 1243 1245 1501 1502 4 1504 1502 1224 1499
3 1505 1506 1504 5 1505 1504 1499 683 1231
4 1503 1502 1504 1506 3 1507 1223 1222 5
1507 1222 1227 1498 812 4 1508 1500 1223 1507
4 811 810 1233 1508 4 811 1508 1507 812
4 684 1500 1508 1233 3 1509 1243 1503 5
1237 1236 1510 1506 1505 3 1237 1505 1231 4
1509 1503 1506 1510 4 1511 1512 814 817 3
1044 1511 817 5 1256 953 1044 817 816 4
816 815 1513 1514 4 1257 1256 816 1514 4
1515 1514 1513 1516 4 1517 1259 1258 1515 4
1517 1515 1516 1518 4 1257 1514 1515 1258 3
1240 1242 1519 3 1520 1240 1519 5 1521 820
1242 1241 1522 5 1521 1522 1244 1243 1509 4
1523 821 820 1521 4 1510 1236 1253 1523 4
1510 1523 1521 1509 4 821 1523 1253 822 5
1519 1242 820 819 1524 4 1524 1264 1259 1517
5 1520 1519 1524 1517 1518 4 818 1264 1524
819 4 1525 1050 642 824 4 1526 1527 1525
824 4 1526 824 823 1255 4 1528 1529 1527
1526 4 1262 1261 1530 1528 4 1262 1528 1526
1255 4 1531 1529 1528 1530 3 1532 1268 1267
5 828 827 1267 1266 1533 4 1533 1530 1261
1265 4 828 1533 1265 829 5 1531 1530 1533
1266 1269 5 1534 1532 1267 827 1535 4 1536
1537 1534 1535 4 1538 1535 827 826 4 1275
1274 1539 1538 4 825 1275 1538 826 4 1536
1535 1538 1539 3 1294 1293 1540 4 1541 1542
1543 1544 4 1541 1544 1537 1536 4 1545 1546
1542 1541 4 1539 1274 1283 1545 4 1539 1545
1541 1536 4 1546 1545 1283 1282 4 1547 1543
1542 1548 5 843 1294 1540 1547 1548 4 1549
1548 1542 1546 4 1287 845 844 1549 4 1287
1549 1546 1282 4 843 1548 1549 844 4 836
831 834 833 4 1550 837 836 833 5 1550
833 832 1290 1551 4 1552 839 837 1550 4
1553 1554 1555 1552 4 1553 1552 1550 1551 4
840 839 1552 1555 4 842 841 848 1556 5
1556 1555 1554 1292 1291 5 842 1556 1291 1294
843 4 840 1555 1556 848 5 1557 1077 1076
719 1558 4 1559 1560 1557 1558 4 718 717
1561 1562 4 1558 719 718 1562 4 1563 1559
1558 1562 4 1563 1562 1561 1564 4 1565 1341
1340 1566 4 1565 1566 1560 1559 4 1567 1568
1344 1343 4 1567 1343 1341 1565 4 1567 1565
1559 1563 4 1568 1567 1563 1564 5 1569 1570
716 715 1571 5 1572 1573 1574 1575 1576 8
1577 1578 1579 1580 1581 745 1097 739 5 1582
1583 1369 1368 1584 4 1585 1586 1587 1588 5
1589 1590 1123 1122 1591 6 1592 1593 1594 1595
1596 1597 4 1598 1599 1600 1601 8 1602 1603
1604 1605 1606 776 1150 771 4 1607 1608 1609
1610 6 1611 1612 1613 678 681 1614 5 1572
1576 1615 1616 1617 6 1592 1597 1618 1619 1620
1621 3 1622 1592 1621 3 1621 1620 1623 6
1622 1621 1623 1624 1625 1626 6 1627 1628 1629
1630 1631 1605 6 1632 1633 1634 1635 1636 664
3 1637 1176 666 3 1611 1614 1638 3 1639
1612 1611 6 1640 1641 1642 1639 1611 1638 4
691 1251 1643 1644 4 1645 1646 1271 693 5
1647 1648 701 1649 1650 5 1651 1652 1653 1647
1650 3 1654 1655 1656 5 1657 1564 1561 717
1658 6 1657 1658 1659 1654 1656 1660 5 1661
1344 1568 1564 1657 5 1661 1657 1660 1662 1663
5 1655 1654 1664 1665 1666 4 1656 1655 1666
1667 5 1668 738 1345 1344 1661 5 1668 1661
1663 1669 1670 4 1577 739 738 1668 5 1578
1577 1668 1670 1671 3 1672 1673 1674 3 1675
1676 1677 5 1678 1579 1578 1679 1680 5 1678
1680 1681 1682 1683 5 1684 1685 1580 1579 1678
6 1675 1677 1684 1678 1683 1686 4 1687 1688
1689 1690 3 1582 1584 1691 7 1692 1582 1691
1687 1690 1693 1694 4 1695 746 745 1581 5
1695 1581 1580 1688 1687 6 1691 1584 1362 1361
746 1695 3 1692 1694 1696 3 1691 1695 1687
4 1583 1582 1692 1697 5 1585 1588 1375 1369
1583 5 1698 1699 1585 1583 1697 4 1362 1584
1368 1376 5 1697 1692 1696 1700 1701 4 761
1380 1375 1588 4 1698 1697 1701 1702 5 1586
1585 1699 1703 1618 4 1589 1591 1587 1586 4
1589 1586 1618 1597 4 762 761 1588 1587 4
765 762 1587 1591 4 1704 1705 1620 1619 4
1703 1699 1706 1704 4 1618 1703 1704 1619 3
1593 1592 1622 3 1707 1594 1593 6 1707 1593
1622 1626 1708 1709 6 1598 1601 1710 1711 1712
1713 3 1714 1599 1598 3 1714 1598 1713 5
1395 1394 1129 1600 1599 3 1713 1712 1715 6
1716 1399 1398 1395 1599 1714 6 1716 1714 1713
1715 1717 1718 4 1711 1710 1719 1720 4 1712
1711 1720 1721 3 1722 1723 1724 4 1722 1724
1725 1726 5 1727 770 1415 1399 1716 6 1727
1716 1718 1728 1723 1722 4 1602 771 770 1727
5 1603 1602 1727 1722 1726 4 1729 1730 1724
1723 4 1607 1610 1731 1732 5 1733 1604 1603
1608 1607 5 1733 1607 1732 1734 1735 4 1627
1605 1604 1733 5 1736 1627 1733 1735 1737 4
1738 777 776 1606 4 1738 1606 1605 1631 5
1739 1437 1436 777 1738 5 1739 1738 1631 1740
1741 5 1742 1446 1445 1437 1739 5 1742 1739
1741 1743 1744 5 1745 1453 1452 1446 1742 5
1745 1742 1744 1746 1747 5 1748 788 1468 1453
1745 5 1748 1745 1747 1749 1632 4 663 662
788 1748 4 663 1748 1632 664 3 1750 1751
1752 3 1753 1754 1750 3 1753 1750 1752 4
1755 1756 1637 1757 4 1758 1759 1755 1757 4
1760 665 664 1636 5 1760 1636 1761 1762 1763
5 1757 1637 666 665 1760 5 1758 1757 1760
1763 1764 6 1614 681 675 1765 1766 1767 3
1638 1614 1767 3 1768 1769 1770 3 1767 1766
1771 6 1772 1773 1640 1638 1767 1771 4 1229
1228 1774 1775 4 1248 1247 1776 1777 4 1249
1248 1777 1778 3 1779 1780 1781 5 1782 692
691 1644 1783 6 1782 1783 1779 1781 1784 1785
5 1786 1645 693 692 1782 5 1787 1786 1782
1785 1788 4 1789 1790 1791 1792 4 1789 1792
1793 1652 4 1794 1795 1572 1617 4 1796 1797
1798 1794 4 1796 1794 1617 1616 4 1795 1794
1798 1799 3 1664 1654 1659 4 1660 1656 1667
1800 4 1801 1802 1663 1662 4 1801 1662 1660
1800 4 1669 1663 1802 1803 5 1670 1669 1803
1672 1674 4 1804 1805 1806 1807 4 1808 1682
1681 1804 4 1808 1804 1807 1809 4 1805 1804
1681 1680 5 1810 1811 1812 1813 1814 4 1676
1675 1815 1810 5 1677 1676 1810 1814 1816 3
1811 1810 1815 4 1817 1818 1694 1693 4 1819
1817 1693 1690 3 1820 1812 1811 4 1815 1675
1686 1821 3 1684 1677 1816 5 1822 1820 1811
1815 1821 4 1696 1694 1818 1823 4 1623 1620
1705 1824 4 1624 1623 1824 1825 4 1625 1624
1825 1826 4 1715 1712 1721 1827 4 1828 1829
1718 1717 4 1828 1717 1715 1827 4 1830 1831
1732 1731 4 1832 1830 1731 1610 4 1728 1718
1829 1833 4 1729 1723 1728 1833 4 1734 1732
1831 1834 3 1835 1836 1837 3 1837 1838 1839
3 1835 1837 1839 4 1840 1841 1629 1628 4
1736 1737 1842 1840 4 1627 1736 1840 1628 4
1841 1840 1842 1843 5 1630 1629 1844 1836 1835
5 1839 1838 1845 1741 1740 5 1630 1835 1839
1740 1631 4 1846 1844 1629 1841 4 1847 1846
1841 1843 4 1743 1741 1845 1848 4 1744 1743
1848 1849 4 1850 1851 1747 1746 4 1850 1746
1744 1849 5 1752 1751 1852 1634 1633 5 1749
1747 1851 1754 1753 5 1632 1749 1753 1752 1633
4 1853 1634 1852 1854 4 1853 1854 1855 1856
4 1857 1635 1634 1853 4 1858 1762 1761 1857
4 1858 1857 1853 1856 4 1635 1857 1761 1636
4 1759 1758 1859 1860 4 1755 1759 1860 1861
4 1179 1178 1862 1863 4 1864 1859 1758 1764
4 1865 1866 1185 1184 4 1865 1184 1179 1863
4 1867 1868 673 1197 4 1869 1867 1197 1196
4 1200 1185 1866 1870 4 1201 1200 1870 1871
4 1869 1196 1201 1871 4 1872 1873 1639 1642
4 1874 1872 1642 1641 4 1234 1229 1775 1875
4 1235 1234 1875 1876 4 1877 1878 1239 1238
4 1877 1238 1235 1876 5 1879 1880 1881 1882
1883 4 1884 1781 1780 1879 3 1884 1879 1883
5 1885 1880 1879 1780 1779 4 1776 1247 1239
1878 3 1883 1882 1886 4 1887 1784 1781 1884
5 1887 1884 1883 1886 1888 3 1885 1779 1783
3 1889 1890 1891 4 1892 1893 1894 1895 4
1787 1788 1896 1892 4 1786 1787 1892 1895 4
1897 1893 1892 1896 4 1898 1899 1277 1276 5
1889 1891 1898 1276 1272 5 1900 1901 1902 1280
1279 4 1903 1900 1279 1278 4 1284 1277 1899
1904 4 1285 1284 1904 1905 3 1288 1280 1902
4 1903 1278 1285 1905 4 1906 1651 1650 1907
4 1908 1790 1789 1906 4 1909 1908 1906 1907
4 1651 1906 1789 1652 3 1032 932 931 5
936 935 1032 931 1910 4 926 925 936 1910
4 907 906 1169 1911 4 1911 1024 386 385
4 384 907 1911 385 4 1912 1042 1512 1511
4 1912 1511 1044 1043 4 634 633 1042 1912
4 634 1912 1043 635 4 1913 1914 1915 1483
4 1913 1483 1214 1213 4 1913 1213 1212 1219
4 1914 1913 1219 1210 4 676 675 681 680
5 1217 1216 1195 677 676 5 1220 1217 676
680 1916 3 1195 1216 1203 3 808 1220 1916
5 679 678 1917 1228 686 4 1918 1916 680
679 4 1918 679 686 685 4 809 808 1916
1918 4 809 1918 685 810 5 698 701 1648
1919 1920 3 698 1920 1921 5 1286 1288 699
698 1921 3 1920 1919 1922 4 846 845 1286
1921 5 849 846 1921 1920 1922 3 1923 1323
1322 3 1923 1322 1924 5 1925 732 731 1323
1923 4 1330 1085 1084 1925 5 1331 1330 1925
1923 1924 4 732 1925 1084 733 3 868 867
985 5 1926 868 985 874 873 4 1926 873
203 202 3 869 868 1926 4 869 1926 202
872 4 870 869 872 871 3 1910 931 930
4 927 926 1910 930 4 928 927 930 929
4 1927 1928 1116 1117 4 1119 1118 1927 1117
4 870 871 1119 1117 4 1929 1930 1931 1932
3 1933 1121 1120 5 1933 1120 660 1929 1932
4 1934 1932 1931 1935 4 1934 1935 1928 1927
5 1934 1927 1118 1121 1933 3 1932 1934 1933
4 1135 1930 1929 1936 4 1126 1125 1135 1936
4 659 658 1126 1936 4 659 1936 1929 660
4 1206 1207 1937 1938 4 1206 1938 1205 1204
4 928 929 1206 1204 4 1939 1940 1915 1914
3 1209 1208 1941 5 1939 1914 1210 1209 1941
4 1942 1940 1939 1943 4 1938 1937 1942 1943
5 1941 1208 1205 1938 1943 3 1941 1943 1939
3 1569 1571 1944 4 1658 717 716 1570 5
1945 1569 1944 1575 1574 4 1945 1574 1946 1947
3 1570 1569 1945 5 1659 1658 1570 1945 1947
4 1814 1813 1819 1948 4 1948 1689 1688 1949
4 1816 1814 1948 1949 4 1689 1948 1819 1690
5 1127 1123 1590 1601 1600 3 765 1591 1122
3 1127 1600 1129 4 1590 1589 1597 1596 5
1710 1601 1590 1596 1950 5 1177 1176 1637 1756
1951 4 1862 1178 1177 1951 4 1951 1756 1755
1861 5 1768 1770 1765 675 674 5 1952 1768
674 673 1868 3 1952 1868 1953 3 1766 1765
1770 3 1890 1889 1954 3 1955 1890 1954 4
1956 1649 701 700 5 1956 700 699 1902 1901
4 1907 1650 1649 1956 4 1909 1907 1956 1901
4 1573 1572 1795 1957 5 1957 1665 1664 1947
1946 4 1573 1957 1946 1574 4 1665 1957 1795
1799 3 1659 1947 1664 3 1673 1958 1959 3
1674 1673 1959 5 1959 1958 1806 1805 1960 4
1960 1679 1578 1671 5 1670 1674 1959 1960 1671
4 1679 1960 1805 1680 4 1949 1688 1580 1685
4 1684 1816 1949 1685 5 1961 1609 1608 1726
1725 4 1961 1725 1724 1730 4 1832 1610 1609
1961 3 1726 1608 1603 4 1917 678 1613 1962
4 1774 1228 1917 1962 4 1963 1962 1613 1612
4 1963 1612 1639 1873 4 1964 1643 1251 1250
4 1964 1250 1249 1778 4 1964 1778 1881 1880
4 1643 1964 1880 1885 4 1643 1885 1783 1644
5 1954 1889 1272 1271 1646 5 1895 1894 1955
1954 1646 4 1645 1786 1895 1646 3 1902 699
1288 4 1965 1706 1699 1698 4 1700 1696 1823
1966 4 1701 1700 1966 1967 4 1968 1965 1698
1702 4 1968 1702 1701 1967 5 1719 1710 1950
1969 1970 3 1971 1719 1970 3 1595 1594 1972
5 1969 1950 1596 1595 1972 3 1970 1969 1973
5 1974 1975 1971 1970 1973 5 1972 1594 1707
1974 1973 3 1972 1973 1969 4 1976 1977 1978
1979 4 1976 1979 1975 1974 4 1976 1974 1707
1709 4 1977 1976 1709 1708 3 1769 1768 1952
5 1769 1952 1953 1980 1981 5 1771 1766 1770
1769 1981 4 1982 1983 1984 1985 4 1981 1980
1982 1985 4 1772 1771 1981 1985 4 1773 1772
1985 1984 4 1986 1987 1784 1887 4 1986 1887
1888 1988 4 1896 1788 1989 1990 4 1991 1897
1896 1990 5 1992 1993 1616 1615 1994 4 1995
1996 1997 1998 5 1999 2000 2001 2002 2003 4
2004 2005 2006 2007 5 2008 2009 2010 2011 2012
4 2013 2014 2015 2016 5 2017 2018 2019 2020
2021 7 2022 2023 2024 2025 2026 2027 2028 7
2029 2030 2031 2032 2033 2022 2028 10 2034 2035
2036 2037 2038 2039 2040 2041 2042 2043 5 2044
2045 2046 2047 2048 4 2034 2043 2049 2050 6
2051 2052 2053 2054 2042 2055 3 2056 2057 2058
5 2059 2060 2061 2062 2063 5 2064 2065 2066
2067 2068 4 2069 2070 2071 2072 5 2073 2074
2075 2076 2077 5 2078 2079 2080 2081 2082 4
2083 2084 2085 2086 8 2087 2088 2089 2090 2091
2092 2093 2094 4 2095 2096 2087 2094 4 2097
2098 2099 2100 5 2101 2102 2103 2090 2089 5
2104 2105 2106 2107 2108 3 2109 2110 2111 3
2112 2113 2114 4 2115 2116 2117 2118 10 2119
2120 2121 2122 2123 2124 2125 2126 2127 2128 5
2129 2119 2128 2130 2131 10 2132 2133 2134 2135
2136 2137 2138 2139 2140 2141 5 2142 2143 2144
2132 2141 3 2145 2146 2147 5 2148 2149 2150
2151 2152 7 2153 2154 2155 2156 2157 2158 2159
5 2160 2161 2162 2163 2164 8 2165 2166 2167
2168 2169 2170 2171 2172 6 2165 2172 2173 2174
2175 2176 6 2177 2178 2179 2180 2181 2182 3
2183 2184 2185 4 2186 2187 2188 2189 4 2168
2167 2190 2191 5 2192 2193 2194 2166 2195 3
2196 2197 2198 5 2199 2200 2201 2202 2203 5
2204 2205 2206 2207 2208 3 2209 2210 2211 7
2212 2213 2214 2215 2216 2217 2218 7 2219 2220
2221 2222 2223 2212 2218 10 2224 2225 2226 2227
2228 2229 2230 2231 2232 2233 3 2234 2224 2233
3 2235 2236 2237 3 2238 2239 2240 6 2241
2242 2243 2244 2245 2246 7 2247 2248 2249 2250
2251 2252 2253 6 2247 2253 2254 2255 2256 2257
5 1992 1994 1995 1998 2258 3 2259 2260 2261
4 2262 2263 2264 2265 4 2262 2265 2266 2267
4 2268 2269 2263 2262 7 2259 2261 2270 2268
2262 2267 2271 5 2272 2273 2267 2266 2274 5
2275 2276 2272 2274 2277 4 1999 2003 2004 2007
6 2021 2278 2279 2280 1999 2007 4 2275 2277
2002 2001 5 2008 2012 2013 2016 2281 5 2282
2015 2014 2283 2284 5 2285 2269 2268 2286 2287
5 2288 2285 2287 2289 2290 3 2291 2292 2293
5 2294 2288 2290 2295 2296 4 2029 2028 2294
2296 7 2297 2291 2293 2298 2030 2029 2296 3
2299 2300 2301 7 2037 2302 2303 2299 2301 2304
2305 3 2306 2307 2308 7 2309 2310 2306 2308
2311 2312 2039 3 2313 2314 2315 4 2316 2317
2022 2033 7 2316 2033 2032 2318 2313 2315 2319
5 2320 2317 2316 2321 2322 7 2323 2034 2050
2324 2325 2326 2327 3 2323 2327 2328 4 2329
2330 2051 2055 4 2331 2332 2072 2333 5 2334
1626 1625 2335 2336 5 2334 2336 2337 2331 2333
3 2073 2077 2338 5 2339 2340 2341 2342 2343
5 2344 2073 2338 2339 2343 5 2345 2344 2343
2346 2347 5 2348 2345 2347 2349 2350 5 2351
2348 2350 2352 2353 4 2083 2086 2354 2355 5
2083 2355 2356 2066 2092 5 2351 2353 2357 2354
2086 5 2095 2094 2358 2359 2360 4 2361 2095
2360 2362 5 2363 2361 2362 2364 2365 5 2363
2365 2366 2367 2368 3 2369 2097 2100 5 2100
2099 2370 2371 2372 6 2373 2369 2100 2372 2374
2375 5 2376 2373 2375 2377 2378 5 2376 2378
2379 2380 2381 4 2382 2383 2384 2385 6 2382
2385 2386 2387 2388 2389 5 2390 2383 2382 2391
2392 6 2123 2393 2394 2395 2396 2397 6 2398
2399 2400 2401 2402 2121 5 2403 2404 2405 2406
2407 4 2408 2409 2403 2407 6 2410 2411 2412
2413 2408 2407 6 2135 2414 2415 2416 2417 2418
6 2419 2420 2421 2422 2423 2137 5 2424 2425
2426 2427 2428 5 2429 2424 2428 2430 2431 4
2160 2164 2145 2147 6 2147 2146 2429 2431 2432
2433 5 2160 2147 2433 2434 2435 4 2436 2177
2182 2437 5 2438 2439 1641 1640 2440 5 2436
2437 2441 2438 2440 5 2442 2443 2183 2185 2444
5 2445 2446 2442 2444 2447 5 2448 2443 2442
2449 2450 5 2451 2452 2445 2447 2453 5 2454
2455 2451 2453 2456 5 2168 2191 2457 2186 2189
5 2188 2187 2458 2454 2456 4 2459 2192 2195
2460 5 2461 2462 2459 2460 2463 5 2464 2465
2466 2461 2463 3 2467 2196 2198 6 2198 2197
2448 2450 2468 2469 6 2470 2467 2198 2469 2471
2472 3 2473 2474 2475 5 2476 2470 2472 2477
2478 4 2219 2218 2476 2478 7 2479 2473 2475
2480 2220 2219 2478 7 2481 2482 2483 2484 2206
2231 2485 3 2486 2481 2485 6 2234 2233 2487
2488 2489 2490 4 2234 2490 2491 2492 3 2493
2494 2495 4 2496 2497 2212 2223 7 2496 2223
2222 2498 2493 2495 2499 5 2497 2496 2500 2501
2502 3 2503 2504 2505 7 2228 2506 2507 2503
2505 2508 2509 7 2510 2511 2238 2240 2512 2513
2226 5 2514 1653 1652 1793 2515 5 2516 2514
2515 2517 2242 3 2518 2519 2520 4 2521 2522
2523 2524 7 2521 2524 2525 2518 2520 2526 2527
4 2528 2529 2522 2521 4 2530 2528 2521 2527
6 2531 2532 2533 2534 2251 2250 5 2535 2536
2537 2538 2531 4 2535 2531 2250 2249 4 2539
2537 2536 2540 4 2541 2248 2247 2257 5 2542
2541 2257 2543 2544 3 2545 2056 2058 6 2058
2057 2320 2322 2546 2547 6 2545 2058 2547 2548
2341 2340 5 2549 2390 2392 2550 2551 5 2549
2551 2552 2405 2404 5 2553 2530 2527 2554 2555
5 2539 2540 2553 2555 2556 4 1997 1996 2557
2558 6 2559 2560 2561 2562 1998 1997 3 2559
1997 2558 4 2558 2557 2264 2263 4 2563 2564
2560 2559 5 2563 2559 2558 2263 2269 4 2006
2005 2011 2010 4 2017 2021 2007 2006 5 2017
2006 2010 2565 2566 5 2567 2568 2563 2269 2285
5 2569 2570 2567 2285 2288 6 2571 2018 2017
2566 2572 2573 3 2571 2573 2574 4 2575 2576
2019 2018 3 2575 2018 2571 5 2577 2578 2579
2576 2575 6 2577 2575 2571 2574 2580 2581 3
2582 2583 2584 5 2585 2586 2569 2288 2294 7
2027 2026 2587 2582 2584 2588 2585 4 2027 2585
2294 2028 5 2589 2305 2590 2578 2577 5 2589
2577 2581 2591 2309 4 2038 2037 2305 2589 4
2038 2589 2309 2039 3 2592 2307 2306 3 2593
2594 2595 4 2596 2597 2593 2595 5 2598 1683
1682 2599 2600 5 2598 2600 2601 2026 2025 6
2595 2594 2602 1686 1683 2598 5 2596 2595 2598
2025 2024 5 2603 2031 2030 2604 2605 5 2603
2605 2606 2607 2608 5 2609 2610 2032 2031 2603
5 2611 2612 2609 2603 2608 3 2035 2034 2323
5 2613 2608 2607 2614 2302 4 2613 2302 2037
2036 5 2328 2615 2611 2608 2613 5 2035 2323
2328 2613 2036 3 2055 2042 2041 4 2616 2040
2039 2312 5 2616 2312 2617 2618 2619 5 2329
2055 2041 2040 2616 5 2620 2621 2329 2616 2619
5 2619 2618 2622 2623 2624 5 2620 2619 2624
2625 2626 3 2627 2628 2629 4 2627 2629 2594
2593 3 2630 2631 2632 5 2633 2044 2048 2024
2023 4 2633 2023 2022 2317 6 2634 2630 2632
2633 2317 2320 3 2635 2314 2313 4 2326 2325
2636 2637 3 2637 2638 2639 4 2327 2326 2637
2639 4 2638 2637 2636 2640 4 2049 2043 2042
2054 5 2059 2063 2641 2050 2049 5 2059 2049
2054 2642 2643 3 2644 2057 2056 6 2645 2646
2647 2644 2056 2545 6 2648 2649 2634 2320 2057
2644 3 2645 2545 2340 4 2648 2644 2647 2650
5 2060 2059 2643 2651 2652 5 2064 2068 2653
2061 2060 5 2654 2064 2060 2652 2655 4 2656
2657 2658 2659 4 2659 2651 2643 2660 4 2661
2656 2659 2660 4 2652 2651 2659 2658 4 2662
2663 2646 2645 6 2069 2072 2332 2664 2665 2666
4 2338 2077 2069 2666 5 2667 2662 2645 2340
2339 3 2666 2665 2667 4 2338 2666 2667 2339
3 2668 2669 2670 4 2671 2672 2355 2354 4
2333 2072 2071 2673 5 2674 2675 1708 1626 2334
5 2674 2334 2333 2673 2676 4 2075 2074 2078
2082 5 2677 2099 2098 2076 2075 7 2677 2075
2082 2678 2679 2680 2681 3 2074 2073 2344 4
2078 2074 2344 2345 3 2370 2099 2677 3 2370
2677 2681 3 2682 2080 2079 4 2079 2078 2345
2348 6 2683 2684 2682 2079 2348 2351 4 2084
2083 2092 2091 7 2685 2084 2091 2090 2686 2687
2688 5 2689 2683 2351 2086 2085 3 2690 2685
2688 5 2691 2692 2096 2095 2361 6 2088 2087
2096 2693 2694 2695 4 2696 2691 2361 2363 5
2697 2696 2363 2368 2698 6 2699 2700 2701 2702
2098 2097 3 2699 2097 2369 3 2703 2700 2699
6 2704 2705 2703 2699 2369 2373 5 2101 2089
2088 2706 2707 5 2104 2108 2708 2102 2101 5
2104 2101 2707 2709 2710 4 2711 2712 2713 2714
4 2714 2706 2088 2695 4 2711 2714 2695 2694
4 2707 2706 2714 2713 5 2715 2716 2704 2373
2376 5 2717 2718 2715 2376 2381 5 2105 2104
2710 2719 2720 5 2127 2126 2721 2106 2105 5
2128 2127 2105 2720 2722 4 2723 2724 2725 2726
4 2726 2719 2710 2727 4 2728 2723 2726 2727
4 2720 2719 2726 2725 5 2109 2111 2729 2112
2114 6 2730 1735 1734 2731 2110 2109 4 2730
2109 2114 2732 5 2733 2734 1737 1735 2730 5
2735 2733 2730 2732 2736 5 2737 2738 2739 2740
2741 5 2737 2741 2742 2743 2744 5 2745 2746
2386 2738 2737 5 2747 2748 2745 2737 2744 5
2115 2118 2749 2126 2125 5 2750 2744 2743 2116
2115 4 2750 2115 2125 2124 5 2397 2751 2747
2744 2750 4 2123 2397 2750 2124 4 2129 2131
2752 2753 4 2754 2120 2119 2129 5 2754 2129
2753 2755 2756 4 2398 2121 2120 2754 5 2757
2758 2398 2754 2756 5 2756 2755 2759 2760 2761
5 2757 2756 2761 2762 2763 6 2764 2765 2766
2767 2736 2768 4 2764 2768 2384 2383 5 2769
2770 2764 2383 2390 4 2771 2393 2123 2122 4
2771 2122 2121 2402 5 2772 2773 2774 2393 2771
5 2772 2771 2402 2775 2776 5 2777 2778 2769
2390 2549 5 2779 2780 2777 2549 2404 5 2781
2782 2783 2773 2772 5 2781 2772 2776 2784 2785
5 2786 2787 2788 2782 2781 5 2786 2781 2785
2789 2790 5 2791 2792 2779 2404 2403 6 2793
2794 2795 2796 2797 2791 4 2793 2791 2403 2409
3 2798 2799 2800 3 2801 2802 2803 5 2804
2418 2805 2787 2786 5 2804 2786 2790 2806 2419
4 2136 2135 2418 2804 4 2136 2804 2419 2137
3 2807 2808 2809 3 2810 2807 2809 3 2811
2812 2813 5 2814 2815 2816 2811 2813 5 2817
1763 1762 2818 2819 5 2817 2819 2820 2794 2821
6 2813 2812 2822 1764 1763 2817 4 2814 2813
2817 2821 5 2823 2824 2413 2825 2826 5 2823
2826 2827 2828 2829 5 2830 2831 2832 2824 2823
5 2833 2834 2830 2823 2829 4 2835 2836 2837
2838 5 2133 2132 2839 2835 2838 5 2840 2829
2828 2841 2414 4 2840 2414 2135 2134 5 2838
2837 2833 2829 2840 4 2133 2838 2840 2134 5
2842 2843 2140 2139 2844 4 2845 2846 2842 2844
4 2847 2138 2137 2423 5 2847 2423 2848 2849
2850 4 2844 2139 2138 2847 5 2851 2845 2844
2847 2850 5 2850 2849 2852 2853 2854 5 2851
2850 2854 2855 2856 4 2857 2858 2812 2811 5
2859 2860 2861 2425 2424 5 2862 2863 2859 2424
2429 3 2864 2865 2866 4 2867 2868 2837 2836
4 2869 2867 2836 2835 5 2142 2141 2140 2870
2871 5 2148 2152 2872 2143 2142 5 2148 2142
2871 2873 2874 3 2875 2146 2145 6 2875 2145
2164 2159 2876 2877 6 2878 2879 2862 2429 2146
2875 3 2878 2875 2877 5 2149 2148 2874 2880
2881 5 2171 2170 2882 2150 2149 5 2172 2171
2149 2881 2883 4 2884 2885 2886 2887 4 2887
2880 2874 2888 4 2889 2884 2887 2888 4 2881
2880 2887 2886 4 2890 2154 2177 2436 5 2440
1640 1773 2891 2892 5 2893 2890 2436 2440 2892
7 2162 2161 2894 2895 2896 2897 2898 5 2899
2185 2184 2163 2162 4 2899 2162 2898 2900 3
2161 2160 2435 3 2894 2161 2435 3 2444 2185
2899 4 2447 2444 2899 2900 5 2901 2900 2898
2902 2903 3 2901 2903 2904 4 2453 2447 2900
2901 6 2456 2453 2901 2904 2905 2906 7 2907
2908 2909 2910 2911 2170 2169 4 2189 2188 2912
2907 4 2168 2189 2907 2169 3 2909 2908 2913
5 2912 2188 2456 2906 2914 4 2195 2166 2165
2176 5 2460 2195 2176 2915 2916 4 2463 2460
2916 2917 5 2918 2464 2463 2917 2919 4 2179
2178 2184 2183 4 2920 2921 2922 2923 3 2924
2180 2179 4 2924 2179 2183 2443 5 2920 2923
2924 2443 2448 6 2925 2926 2921 2920 2197 2196
3 2925 2196 2467 4 2927 2928 2926 2925 3
2197 2920 2448 6 2929 2930 2927 2925 2467 2470
5 2199 2203 2931 2932 2933 5 2204 2208 2934
2200 2199 5 2204 2199 2933 2935 2936 4 2937
2932 2931 2938 4 2937 2938 2939 2940 4 2937
2940 2941 2942 4 2933 2932 2937 2942 3 2943
2944 2945 5 2946 2947 2948 2949 2950 6 2951
2943 2945 2929 2470 2476 5 2217 2216 2946 2950
2951 4 2217 2951 2476 2218 5 2205 2204 2936
2952 2487 4 2232 2231 2206 2205 4 2232 2205
2487 2233 4 2953 2489 2488 2954 4 2954 2952
2936 2955 4 2956 2953 2954 2955 4 2487 2952
2954 2488 4 2209 2211 2957 2958 6 2959 1785
1784 1987 2210 2209 5 2959 2209 2958 2216 2215
5 2960 1989 1788 1785 2959 5 2961 2960 2959
2215 2214 5 2962 2221 2220 2963 2964 5 2962
2964 2965 2966 2967 5 2968 2969 2222 2221 2962
5 2970 2971 2968 2962 2967 3 2485 2231 2230
5 2972 2967 2966 2973 2486 5 2972 2486 2485
2230 2229 5 2509 2974 2970 2967 2972 4 2228
2509 2972 2229 5 2975 2225 2224 2234 2492 5
2975 2492 2976 2977 2978 4 2510 2226 2225 2975
5 2979 2980 2510 2975 2978 5 2978 2977 2981
2982 2983 5 2979 2978 2983 2984 2985 7 2986
2987 2235 2237 2988 2214 2213 4 2986 2213 2212
2497 5 2989 2990 2986 2497 2502 3 2991 2494
2493 3 2505 2504 2992 4 2993 2506 2228 2227
4 2993 2227 2226 2513 5 2994 2995 2996 2506
2993 5 2994 2993 2513 2997 2998 5 2999 3000
2989 2502 3001 5 2523 3002 3003 2999 3001 5
3001 2502 2501 3004 3005 5 2524 2523 3001 3005
3006 3 3007 3008 3009 5 2252 2251 3010 3011
3012 6 3007 3009 3013 2253 2252 3012 5 3014
3015 3016 2995 2994 6 3014 2994 2998 3017 3008
3007 4 3012 3011 3015 3014 3 3012 3014 3007
4 3018 3019 3020 3021 4 3009 3008 3018 3021
4 3022 2515 1793 1792 4 3022 1792 1791 3023
3 2241 2246 3024 4 3025 2516 2242 2241 4
3026 3025 2241 3024 4 2246 2245 3027 3002 5
3024 2246 3002 2523 2522 4 3026 3024 2522 2529
3 2520 2519 3028 4 2532 2531 2538 3029 5
3029 3030 3031 3032 3033 4 2533 2532 3029 3033
4 3030 3029 2538 2537 4 3034 2542 2544 3035
5 3036 3037 3038 3034 3035 4 1993 1992 3039
3040 4 3040 3041 1797 1796 4 1616 1993 3040
1796 4 3042 3041 3040 3039 4 3043 3039 1992
2258 4 2562 2561 3044 3043 4 1998 2562 3043
2258 4 3042 3039 3043 3044 3 3045 2260 2259
3 3046 3047 3048 4 2273 2272 3049 3050 5
3050 3051 3045 2259 2271 4 2267 2273 3050 2271
4 3052 3051 3050 3049 4 3053 3049 2272 2276
5 3054 3046 3048 3055 3053 4 3054 3053 2276
2275 4 3052 3049 3053 3055 4 2000 1999 2280
3056 5 3056 3057 3047 3046 3058 4 2001 2000
3056 3058 4 3057 3056 2280 2279 3 3058 3046
3054 4 2001 3058 3054 2275 4 2009 2008 3059
3060 4 3060 3061 2566 2565 4 2009 3060 2565
2010 4 3062 3061 3060 3059 4 3063 3059 2008
2281 4 3064 3065 3066 3063 4 3064 3063 2281
2016 4 3062 3059 3063 3066 4 3067 3068 3065
3064 4 3067 3064 2016 2015 4 2282 2284 3069
3070 4 3070 3071 3068 3067 4 2282 3070 3067
2015 4 3072 3071 3070 3069 3 2261 2260 3073
4 3074 3075 2287 2286 5 2270 2261 3073 3076
3074 4 2270 3074 2286 2268 4 3075 3074 3076
3077 4 3078 2289 2287 3075 4 3079 3080 3081
3078 4 3079 3078 3075 3077 4 2290 2289 3078
3081 4 3082 3083 3084 3085 4 2278 2021 2020
3082 4 2279 2278 3082 3085 5 3083 3082 2020
2019 3086 4 3087 3088 3084 3083 3 3087 3083
3086 3 3086 2019 2576 4 3089 3090 3088 3087
4 2579 2578 3091 3089 5 2579 3089 3087 3086
2576 4 3092 3090 3089 3091 3 3093 2583 2582
4 3094 3095 3096 3097 4 2600 2599 3094 3097
4 3098 3097 3096 3099 4 2587 2026 2601 3098
5 3093 2582 2587 3098 3099 4 2600 3097 3098
2601 3 3100 2292 2291 4 3101 2297 2296 2295
4 3081 3080 3102 3101 4 2290 3081 3101 2295
5 3100 2291 2297 3101 3102 3 2293 2292 3103
4 3104 3105 3106 3107 4 3107 2604 2030 2298
5 3104 3107 2298 2293 3103 4 2605 2604 3107
3106 4 3108 3106 3105 3109 4 3110 2607 2606
3108 4 3110 3108 3109 3111 4 2605 3106 3108
2606 3 2301 2300 3112 3 3113 2300 2299 5
3114 2304 2301 3112 3115 4 3091 2578 2590 3114
4 3092 3091 3114 3115 4 2304 3114 2590 2305
5 3116 3113 2299 2303 3117 4 3117 2614 2607
3110 4 3116 3117 3110 3111 4 2302 2614 3117
2303 3 2308 2307 3118 5 3119 2592 2306 2310
3120 4 3120 2591 2581 3121 4 3122 3119 3120
3121 4 2309 2591 3120 2310 5 3123 2311 2308
3118 3124 4 3125 2618 2617 3123 4 3125 3123
3124 3126 4 2311 3123 2617 2312 5 3127 3128
3129 2628 2627 5 2597 2596 2048 2047 3127 4
2597 3127 2627 2593 4 3128 3127 2047 2046 5
2629 2628 3130 3131 3132 4 2602 2594 2629 3132
3 3130 2628 3129 3 2024 2048 2596 3 2315
2314 3133 4 3134 2321 2316 2319 4 3135 3136
3137 3134 5 3135 3134 2319 2315 3133 4 2322
2321 3134 3137 4 3138 3139 2325 2324 4 2641
2063 3140 3138 4 2050 2641 3138 2324 4 3141
3139 3138 3140 5 2639 2638 3142 2611 2615 4
2327 2639 2615 2328 4 3142 2638 2640 3143 5
3144 3145 2052 2051 3146 3 3147 3148 3144 3
3147 3144 3146 4 3149 3145 3144 3148 4 2053
2052 3150 3151 4 3151 2660 2643 2642 4 2053
3151 2642 2054 4 2661 2660 3151 3150 3 3146
2051 2330 5 2621 2620 3152 3148 3147 5 2329
2621 3147 3146 2330 4 3153 3149 3148 3152 4
3154 3155 3156 3157 4 3157 3152 2620 2626 4
3154 3157 2626 2625 4 3153 3152 3157 3156 4
3158 3159 3160 3161 4 3140 2063 2062 3158 4
3141 3140 3158 3161 4 3159 3158 2062 2061 4
3162 3163 3160 3159 4 2653 2068 3164 3162 4
2653 3162 3159 2061 4 3165 3163 3162 3164 4
2658 2657 3166 3167 4 3167 3168 2654 2655 4
2652 2658 3167 2655 4 3168 3167 3166 3169 4
3170 3171 2332 2331 4 2336 2335 3172 3173 4
2337 2336 3173 3174 4 3170 2331 2337 3174 4
3175 3176 2350 2349 5 2668 2670 3175 2349 2347
4 2352 2350 3176 3177 4 2353 2352 3177 3178
4 3179 2671 2354 2357 4 3179 2357 2353 3178
4 2362 2360 3180 3181 4 2364 2362 3181 3182
4 2365 2364 3182 3183 4 3184 3185 2367 2366
4 3184 2366 2365 3183 5 2680 2679 3186 3187
3188 3 2681 2680 3188 4 3189 3187 3186 3190
3 3191 3192 3193 5 3194 3195 3196 3197 3191
5 3189 3190 3194 3191 3193 3 3192 3191 3197
4 3198 3199 2372 2371 3 3188 3187 3198 5
2370 2681 3188 3198 2371 4 3199 3198 3187 3189
5 3193 3192 2374 2372 3199 3 3197 3196 3200
3 3193 3199 3189 5 2375 2374 3192 3197 3200
4 3201 3202 3203 3204 4 2686 2090 2103 3201
4 2687 2686 3201 3204 4 3202 3201 2103 2102
4 3205 3206 3203 3202 4 2708 2108 3207 3205
4 2708 3205 3202 2102 4 3208 3206 3205 3207
4 2713 2712 3209 3210 4 3210 2727 2710 2709
4 2707 2713 3210 2709 4 2728 2727 3210 3209
4 2111 2110 3211 3212 4 3213 3214 2112 2729
4 3213 2729 2111 3212 4 3215 3211 2110 2731
3 3196 3195 3216 4 3217 3218 2378 2377 5
3200 3196 3216 3219 3217 4 2375 3200 3217 2377
4 3218 3217 3219 3220 3 3221 3222 3223 5
2740 2739 3221 3223 3224 4 2741 2740 3224 3225
4 3226 3227 2743 2742 4 3226 2742 2741 3225
4 3228 3229 3230 3231 4 3207 2108 2107 3228
4 3208 3207 3228 3231 4 3229 3228 2107 2106
4 2117 2116 3232 3233 4 2118 2117 3233 3234
4 3232 2116 2743 3227 4 3235 3236 2753 2752
4 3237 3235 2752 2131 4 2755 2753 3236 3238
4 2759 2755 3238 3239 4 2760 2759 3239 3240
3 3241 3242 3243 4 3244 3245 3246 3247 4
3244 3247 2734 2733 4 3248 3249 3245 3244 4
2735 2736 2767 3248 4 2735 3248 3244 2733 4
3249 3248 2767 2766 4 3250 3251 3246 3245 4
3252 3250 3245 3249 5 3241 3243 3252 3249 2766
3 3253 3254 3255 3 3256 3253 3255 4 3257
2391 2382 2389 5 3255 3254 3258 3259 3257 5
3256 3255 3257 2389 2388 4 2392 2391 3257 3259
3 3260 3253 3256 4 3261 3262 3263 3264 4
3264 2387 2386 2746 4 3261 3264 2746 2745 4
2388 2387 3264 3263 4 3265 3266 3262 3261 4
2748 2747 3267 3265 4 2748 3265 3261 2745 4
3266 3265 3267 3268 4 3263 3262 3269 3270 5
3260 3256 2388 3263 3270 4 3271 3269 3262 3266
4 3272 3271 3266 3268 3 3273 3274 3275 3
3273 3275 3276 3 3277 3273 3276 4 2396 2395
3278 3279 4 3279 3267 2747 2751 4 2396 3279
2751 2397 4 3268 3267 3279 3278 5 3278 2395
3275 3274 3280 4 3272 3268 3278 3280 5 3281
3276 3275 2395 2394 4 2774 2773 3282 3281 4
2393 2774 3281 2394 5 3283 3277 3276 3281 3282
3 3284 3285 3286 3 3284 3286 3287 3 3288
3286 3285 4 3289 3290 2400 2399 4 2758 2757
3291 3289 4 2398 2758 3289 2399 4 3290 3289
3291 3292 5 2401 2400 3285 3284 3293 4 3293
3294 2776 2775 4 2401 3293 2775 2402 5 3294
3293 3284 3287 3295 5 3296 3288 3285 2400 3290
4 3297 3296 3290 3292 4 3298 3299 3300 3301
4 3301 3291 2757 2763 4 3298 3301 2763 2762
4 3292 3291 3301 3300 4 3300 3299 3302 3303
4 3297 3292 3300 3303 4 3304 3305 3306 3307
4 3282 2773 2783 3304 4 3283 3282 3304 3307
4 3305 3304 2783 2782 4 3308 3309 3306 3305
4 2788 2787 3310 3308 4 2788 3308 3305 2782
4 3311 3309 3308 3310 4 3312 3313 3314 3315
4 3315 2784 2776 3294 4 3312 3315 3294 3295
4 2785 2784 3315 3314 4 3314 3313 3316 3317
4 3317 3318 2790 2789 4 2785 3314 3317 2789
4 3318 3317 3316 3319 3 3320 3321 3322 4
3323 3324 3325 3326 4 3327 3323 3326 3328 5
3327 3328 3320 3322 2796 4 3329 3324 3323 3330
4 2819 2818 3329 3330 4 3331 3330 3323 3327
4 2795 2794 2820 3331 4 2795 3331 3327 2796
4 2819 3330 3331 2820 3 3332 3333 2798 3
3332 2798 2800 4 3334 2410 2407 2406 5 3335
3336 3333 3332 3334 4 3335 3334 2406 2405 5
2411 2410 3334 3332 2800 4 3337 3338 3339 3340
5 2411 2800 2799 3337 3340 4 3341 3339 3338
3342 4 3341 3342 3343 3344 4 3340 3339 3345
3346 4 3346 2825 2413 2412 4 2411 3340 3346
2412 4 2826 2825 3346 3345 4 3347 3345 3339
3341 4 3348 2828 2827 3347 4 3348 3347 3341
3344 4 2826 3345 3347 2827 3 3349 2801 2803
3 3349 2803 3350 5 3351 2802 2801 2416 3352
4 3344 3343 3351 3352 5 3353 2417 2416 2801
3349 4 3310 2787 2805 3353 5 3311 3310 3353
3349 3350 4 2417 3353 2805 2418 4 3352 2416
2415 3354 4 3354 2841 2828 3348 4 3344 3352
3354 3348 4 2414 2841 3354 2415 3 2808 2807
3355 5 2809 2808 2421 2420 3356 4 3356 2806
2790 3318 5 2810 2809 3356 3318 3319 4 2419
2806 3356 2420 5 3357 2421 2808 3355 3358 4
3357 3358 3359 3360 4 3361 2422 2421 3357 4
3362 2849 2848 3361 4 3362 3361 3357 3360 4
2422 3361 2848 2423 4 3363 3364 3365 3366 4
3360 3359 3363 3366 4 3366 3365 3367 3368 4
3368 2852 2849 3362 4 3360 3366 3368 3362 4
2853 2852 3368 3367 4 2816 2815 3369 3370 4
2857 2811 2816 3370 4 2822 2812 2858 3371 3
3372 3373 3374 4 3375 2430 2428 3376 5 3377
3372 3374 3378 3375 4 3379 3377 3375 3376 4
2431 2430 3375 3378 5 3380 2864 2866 2832 2831
4 3381 3380 2831 2830 4 2834 2833 3382 3383
4 3381 2830 2834 3383 4 3384 3385 3386 3387
4 2872 2152 3388 3384 4 2143 2872 3384 3387
4 3389 3385 3384 3388 4 3382 2833 2837 2868
4 2846 2845 3390 3391 4 2842 2846 3391 3392
4 3393 3394 3395 3396 4 3396 2888 2874 2873
4 3393 3396 2873 2871 4 2889 2888 3396 3395
4 3397 3390 2845 2851 3 3398 3399 3400 5
3401 3374 3373 3402 3398 3 3401 3398 3400 5
3403 3399 3398 3402 3404 5 3405 2896 2895 3406
3407 4 3403 3404 3405 3407 3 3406 2895 2894
5 3400 3399 3408 2433 2432 3 3378 3374 3401
5 2431 3378 3401 3400 2432 3 3408 3399 3403
4 3409 2434 2433 3408 3 3407 3406 3409 4
3407 3409 3408 3403 5 2434 3409 3406 2894 2435
4 3410 3411 3412 3413 4 3388 2152 2151 3410
4 3389 3388 3410 3413 4 3411 3410 2151 2150
4 3414 3415 3412 3411 4 2882 2170 2911 3414
4 2882 3414 3411 2150 4 3415 3414 2911 2910
4 2886 2885 3416 3417 4 3417 2173 2172 2883
4 2881 2886 3417 2883 4 2174 2173 3417 3416
4 2437 2182 3418 3419 4 3420 3421 2439 2438
4 3422 3420 2438 2441 4 3422 2441 2437 3419
3 3423 3424 3425 4 2452 2451 3426 3427 5
2445 2452 3427 3423 3425 4 3428 3426 2451 2455
4 3429 3428 2455 2454 4 2187 2186 3430 3431
4 2458 2187 3431 3432 4 3429 2454 2458 3432
4 3433 3434 2192 2459 4 3435 3433 2459 2462
4 3436 3435 2462 2461 4 2466 2465 3437 3438
4 3436 2461 2466 3438 3 3439 3440 3441 3
3442 3443 3444 5 3439 3441 3442 3444 3445 3
3446 3440 3439 3 3447 3448 3449 5 3446 3439
3445 3447 3449 5 3450 3441 3440 2469 2468 5
3451 3452 3443 3442 3450 4 3451 3450 2468 2450
3 3441 3450 3442 5 3453 2471 2469 3440 3446
5 3449 3448 3454 3455 3453 3 3449 3453 3446
4 2472 2471 3453 3455 4 3456 3457 3458 3459
4 3460 2202 2201 3456 4 3460 3456 3459 3461
4 3457 3456 2201 2200 4 3462 3463 3458 3457
4 2934 2208 3464 3462 4 2934 3462 3457 2200
4 3465 3463 3462 3464 3 3466 3467 3468 4
2211 2210 3466 3468 5 3469 3468 3467 3470 3471
5 2947 2946 2958 2957 3469 4 2948 2947 3469
3471 4 2211 3468 3469 2957 5 1986 1988 3472
3467 3466 4 1986 3466 2210 1987 3 3470 3467
3472 3 2216 2958 2946 3 3473 2474 2473 4
3474 2479 2478 2477 4 3455 3454 3475 3474 4
2472 3455 3474 2477 5 3473 2473 2479 3474 3475
3 2475 2474 3476 4 3477 3478 3479 3480 4
3480 2963 2220 2480 5 3477 3480 2480 2475 3476
4 2964 2963 3480 3479 4 3481 3479 3478 3482
4 3483 2966 2965 3481 4 3483 3481 3482 3484
4 2964 3479 3481 2965 4 3485 2484 2483 3486
4 3464 2208 2207 3485 4 3465 3464 3485 3486
4 2206 2484 3485 2207 4 3487 2483 2482 3488
3 3488 3489 3490 4 3491 3487 3488 3490 4
3489 3488 2482 2481 5 3490 3489 2973 2966 3483
4 3491 3490 3483 3484 4 2486 2973 3489 2481
5 3492 3493 2490 2489 3494 3 3495 3496 3492
4 3495 3492 3494 3497 3 3493 3492 3496 3
2491 2490 3493 5 3498 2977 2976 3496 3495 4
3498 3495 3497 3499 5 2491 3493 3496 2976 2492
4 3500 3501 3502 3503 4 3503 2981 2977 3498
4 3500 3503 3498 3499 4 2982 2981 3503 3502
3 2237 2236 3504 4 3505 3506 1991 1990 4
3505 1990 1989 2960 4 3507 3508 3506 3505 4
2961 2214 2988 3507 4 2961 3507 3505 2960 5
3508 3507 2988 2237 3504 3 2495 2494 3509 4
3510 2500 2496 2499 4 3511 3512 3513 3510 5
3511 3510 2499 2495 3509 4 2501 2500 3510 3513
4 3514 3515 3516 3517 4 3517 2498 2222 2969
4 3514 3517 2969 2968 5 2991 2493 2498 3517
3516 4 3518 3519 3515 3514 4 2971 2970 3520
3518 4 2971 3518 3514 2968 4 3521 3519 3518
3520 3 3522 2504 2503 5 2508 2505 2992 3523
3524 4 3524 3520 2970 2974 4 2508 3524 2974
2509 4 3521 3520 3524 3523 5 3525 3526 3522
2503 2507 4 2996 2995 3527 3525 4 2506 2996
3525 2507 4 3528 3526 3525 3527 3 3529 2239
2238 3 2240 2239 3530 5 3531 3532 3529 2238
2511 4 2980 2979 3533 3531 4 2510 2980 3531
2511 4 3534 3532 3531 3533 5 2512 2240 3530
3535 3536 4 3536 3537 2998 2997 4 2512 3536
2997 2513 4 3537 3536 3535 3538 4 3539 3540
3541 3542 4 3542 3533 2979 2985 4 3539 3542
2985 2984 4 3534 3533 3542 3541 4 3543 3544
3545 3546 3 3543 3546 3547 4 3548 3549 3544
3543 4 3010 2251 2534 3548 5 3011 3010 3548
3543 3547 4 3549 3548 2534 2533 4 3550 3546
3545 3551 4 3527 2995 3016 3550 4 3528 3527
3550 3551 5 3547 3546 3550 3016 3015 3 3011
3547 3015 4 3021 3020 3552 3553 4 3553 2254
2253 3013 4 3009 3021 3553 3013 4 2255 2254
3553 3552 4 3554 3019 3018 3555 4 3555 3017
2998 3537 4 3554 3555 3537 3538 4 3017 3555
3018 3008 4 3556 2517 2515 3022 4 3557 2244
2243 3556 4 3557 3556 3022 3023 4 2242 2517
3556 2243 3 3558 3031 3030 4 3558 3030 2537
2539 4 3559 2543 2257 2256 4 3560 3561 3562
3559 4 3560 3559 2256 2255 4 2544 2543 3559
3562 4 3563 2622 2618 3125 4 3563 3125 3126
3564 4 3563 3564 3565 3566 4 2623 2622 3563
3566 4 2318 2032 2610 3567 5 3568 2635 2313
2318 3567 4 3569 3570 3568 3567 4 3569 3567
2610 2609 4 3571 2612 2611 3142 4 3571 3142
3143 3572 4 3571 3572 3570 3569 4 2612 3571
3569 2609 3 3573 3574 3575 3 3576 3577 3578
5 3576 3578 3573 3575 3579 3 3580 3581 3582
3 3583 3577 3576 5 3583 3576 3579 3580 3582
5 3137 3136 3574 3573 3584 4 2546 2322 3137
3584 5 3578 3577 2547 2546 3584 3 3578 3584
3573 5 3585 3582 3581 3586 3587 4 3585 3587
2341 2548 5 3585 2548 2547 3577 3583 3 3582
3585 3583 4 3259 3258 3588 3589 4 2550 2392
3259 3589 4 3590 2551 2550 3589 4 3590 3589
3588 3591 4 3592 3593 3336 3335 4 3592 3335
2405 2552 4 3592 2552 2551 3590 4 3593 3592
3590 3591 4 2955 2936 2935 3594 4 3595 2956
2955 3594 4 2942 2941 3595 3594 4 2933 2942
3594 2935 3 3596 3032 3031 5 2526 2520 3028
3597 3598 4 2554 2527 2526 3598 4 3599 2555
2554 3598 4 3599 3598 3597 3600 5 3601 3602
3596 3031 3558 4 3601 3558 2539 2556 4 3601
2556 2555 3599 4 3602 3601 3599 3600 4 3603
2561 2560 3604 3 3605 3603 3604 4 3606 2572
2566 3061 4 3606 3061 3062 3607 4 3606 3607
3608 3609 4 2573 2572 3606 3609 3 2584 2583
3610 4 3171 3611 3612 3613 4 2664 2332 3171
3613 5 2663 2662 2665 2664 3613 4 2646 2663
3613 3612 5 2065 2064 2654 3614 2358 4 2093
2092 2066 2065 4 2093 2065 2358 2094 4 3180
2360 2359 3615 4 3615 3614 2654 3168 4 3180
3615 3168 3169 4 2358 3614 3615 2359 4 2070
2069 2077 2076 7 2702 3616 3617 3618 3619 2071
2070 4 2098 2702 2070 2076 3 3620 3619 3618
4 3621 3617 3616 3622 4 3623 3624 3621 3622
4 2701 2700 3623 3622 4 2701 3622 3616 2702
4 3625 3626 3627 3628 3 3625 3628 3629 6
3630 2732 2114 2113 3631 2717 4 3630 2717 2381
3632 4 2768 2736 2732 3630 4 2384 2768 3630
3632 4 3633 3632 2381 2380 5 3633 2380 3634
2739 2738 4 2385 2384 3632 3633 4 2385 3633
2738 2386 3 3321 3635 3636 3 3322 3321 3636
3 3637 2815 2814 4 3638 2821 2794 2793 4
3638 2793 2409 3639 6 2861 3640 3637 2814 2821
3638 4 2425 2861 3638 3639 4 3641 3639 2409
2408 4 3641 2408 2413 2824 4 2426 2425 3639
3641 5 3642 2426 3641 2824 2832 5 3369 2815
3637 3643 3644 4 3645 3646 3369 3644 4 3647
3648 3645 3644 3 3647 3644 3643 4 3392 3394
3393 3649 4 3649 2870 2140 2843 4 2842 3392
3649 2843 4 2870 3649 3393 2871 4 2153 2159
2164 2163 4 2178 2177 2154 2153 4 2184 2178
2153 2163 3 2156 2155 3650 4 3651 2897 2896
3652 4 3651 3652 3653 3654 5 3651 3654 3655
2903 2902 4 2897 3651 2902 2898 3 3656 2910
2909 3 2908 2907 2912 4 2190 2167 2166 2194
5 2203 2202 3657 2191 2190 5 2931 2203 2190
2194 3658 4 3659 3660 3661 3662 4 2921 2926
3659 3662 4 3663 3664 3665 3666 4 2949 2948
3663 3666 5 2944 2943 2950 2949 3666 4 2945
2944 3666 3665 4 3562 3561 3667 3668 4 3035
2544 3562 3668 3 3669 3670 2669 3 3669 2669
2668 4 3671 2346 2343 2342 5 3587 3586 3670
3669 3671 4 2341 3587 3671 2342 5 2346 3671
3669 2668 2347 4 3672 2356 2355 2672 4 3164
2068 2067 3672 4 3165 3164 3672 2672 4 2066
2356 3672 2067 3 3222 3221 3673 3 3674 3222
3673 4 3675 2379 2378 3218 5 3673 3221 2739
3634 3675 5 3674 3673 3675 3218 3220 4 2379
3675 3634 2380 4 3676 3234 3230 3229 4 2721
2126 2749 3676 4 2721 3676 3229 2106 4 2118
3234 3676 2749 4 2725 2724 3237 3677 4 3677
2130 2128 2722 4 2720 2725 3677 2722 4 2130
3677 3237 2131 3 3678 2866 2865 3 3678 2865
3679 4 3680 3376 2428 2427 5 3642 2832 2866
3678 3680 4 2426 3642 3680 2427 5 3379 3376
3680 3678 3679 4 3681 3387 3386 2869 4 2839
2132 2144 3681 4 2839 3681 2869 2835 4 2143
3387 3681 2144 3 3424 3682 3683 3 3425 3424
3683 4 3684 2449 2442 2446 5 3683 3682 3452
3451 3684 5 2445 3425 3683 3684 2446 4 2449
3684 3451 2450 4 3685 3430 2186 2457 4 3657
2202 3460 3685 4 2191 3657 3685 2457 4 3430
3685 3460 3461 4 2193 2192 3434 3686 4 3686
2938 2931 3658 4 2193 3686 3658 2194 4 2939
2938 3686 3434 4 3604 2560 2564 3687 5 3688
3689 3605 3604 3687 4 2568 2567 3688 3687 4
2563 2568 3687 2564 4 3690 3691 3692 3693 4
3690 3693 3689 3688 4 3690 3688 2567 2570 4
3691 3690 2570 2569 4 3609 3608 3694 3695 4
2574 2573 3609 3695 4 3121 2581 2580 3696 4
3697 3122 3121 3696 4 3695 3694 3697 3696 4
2574 3695 3696 2580 4 3698 3692 3691 3699 5
2588 2584 3610 3698 3699 4 2586 2585 2588 3699
4 2586 3699 3691 2569 4 3700 3701 3702 3703
4 3700 3703 2046 2045 5 3700 2045 2044 2632
2631 4 3701 3700 2631 2630 4 3704 3705 3702
3701 3 2633 2632 2044 4 3704 3701 2630 2634
4 3612 3611 3706 3707 4 2647 2646 3612 3707
4 3708 3705 3704 3709 4 3710 3711 3708 3709
4 2649 2648 3710 3709 4 2649 3709 3704 2634
4 3712 3707 3706 3713 4 3712 3713 3711 3710
4 3712 3710 2648 2650 4 2647 3707 3712 2650
3 2667 2665 2662 3 3618 3617 3714 3 2673
2071 3619 4 3715 3716 3717 3718 4 3715 3718
2675 2674 5 3719 3620 3618 3714 3720 4 3719
3720 3716 3715 4 3719 3715 2674 2676 5 2673
3619 3620 3719 2676 4 3721 2679 2678 3722 4
3723 3724 3721 3722 5 2081 2080 3725 3723 3722
4 2081 3722 2678 2082 3 3725 2080 2682 4
3726 3727 3724 3723 3 3726 3723 3725 4 3728
3729 3730 3731 4 3728 3731 3727 3726 5 3728
3726 3725 2682 2684 4 3729 3728 2684 2683 3
2688 2687 3732 3 2085 2084 2685 4 3733 3730
3729 3734 5 2690 2688 3732 3733 3734 5 2689
2085 2685 2690 3734 4 2689 3734 3729 2683 3
3735 3736 3737 5 3735 3737 3738 2694 2693 4
3735 2693 2096 2692 4 3736 3735 2692 2691 5
3737 3736 3739 3740 3741 3 3738 3737 3741 4
3739 3736 2691 2696 4 3742 3740 3739 3743 4
3744 3745 3742 3743 4 2697 2698 3744 3743 4
2697 3743 3739 2696 4 3746 3747 3624 3623 4
3746 3623 2700 2703 4 3748 3749 3750 3751 4
3748 3751 3747 3746 4 3748 3746 2703 2705 4
3749 3748 2705 2704 5 3752 3753 2113 2112 3214
4 3752 3214 3626 3625 4 3752 3625 3629 3754
3 3753 3752 3754 4 3755 3750 3749 3756 4
3628 3627 3755 3756 5 2716 2715 3629 3628 3756
4 2716 3756 3749 2704 3 3631 2113 3753 4
3754 3629 2715 2718 5 2717 3631 3753 3754 2718
3 3757 3758 3242 3 3757 3242 3241 5 3759
3760 3761 3758 3757 5 3759 3757 3241 2766 2765
4 3759 2765 2764 2770 4 3760 3759 2770 2769
4 3762 3761 3760 3763 4 3764 3765 3762 3763
4 2778 2777 3764 3763 4 2778 3763 3760 2769
4 3766 3767 3768 3769 4 3766 3769 3765 3764
4 3766 3764 2777 2780 4 3767 3766 2780 2779
5 3636 3635 3768 3767 3770 5 2797 2796 3322
3636 3770 4 2792 2791 2797 3770 4 2792 3770
3767 2779 4 3771 3772 3646 3645 3 3771 3645
3648 3 3643 3637 3640 4 2860 2859 3648 3647
5 2860 3647 3643 3640 2861 4 3773 3774 3775
3776 4 3773 3776 3772 3771 5 3773 3771 3648
2859 2863 4 3774 3773 2863 2862 4 3777 3397
2851 2856 4 3778 3777 2856 2855 4 3779 2158
2157 3780 4 3779 3780 3781 3782 4 3779 3782
2877 2876 4 2158 3779 2876 2159 4 3783 3775
3774 3784 4 3785 3786 3783 3784 4 2879 2878
3785 3784 4 2879 3784 3774 2862 4 3782 3781
3786 3785 4 2877 3782 3785 2878 3 3787 2157
2156 3 2155 2154 2890 4 3788 3789 3790 3791
4 2892 2891 3788 3791 5 3792 3787 2156 3650
3793 4 3791 3790 3792 3793 4 2893 2892 3791
3793 5 2893 3793 3650 2155 2890 3 2904 2903
3655 4 3654 3653 3794 3795 3 3655 3654 3795
4 3796 3797 3798 3799 4 3795 3794 3796 3799
5 2905 2904 3655 3795 3799 4 2906 2905 3799
3798 4 3800 3798 3797 3801 5 3800 3801 3656
2909 2913 5 3800 2913 2908 2912 2914 4 2906
3798 3800 2914 3 3802 3803 3804 5 2175 2174
3805 3802 3804 4 2915 2176 2175 3804 4 2916
2915 3804 3803 5 3806 3807 3808 3803 3802 3
3806 3802 3805 4 2917 2916 3803 3808 4 3809
3808 3807 3810 4 3811 2918 2919 3809 4 3811
3809 3810 3812 4 2917 3808 3809 2919 4 3813
3662 3661 3418 4 3813 3418 2182 2181 5 3813
2181 2180 2923 2922 4 2921 3662 3813 2922 3
2924 2923 2180 4 3814 3660 3659 3815 4 3816
3817 3814 3815 4 2928 2927 3816 3815 4 2928
3815 3659 2926 4 3818 3819 3820 3821 4 3818
3821 3817 3816 4 3818 3816 2927 2930 4 3819
3818 2930 2929 4 3665 3664 3820 3819 3 2951
2950 2943 4 2945 3665 3819 2929 3 3822 2236
2235 4 3823 3824 3825 3826 5 3823 3826 3822
2235 2987 4 3823 2987 2986 2990 4 3824 3823
2990 2989 4 3827 2245 2244 3828 3 3827 3828
3829 4 3830 3825 3824 3831 4 3832 3833 3830
3831 4 3000 2999 3832 3831 4 3000 3831 3824
2989 4 3834 3027 2245 3827 5 3834 3827 3829
3833 3832 4 3834 3832 2999 3003 4 3002 3027
3834 3003 3 3835 2519 2518 4 3513 3512 3836
3837 4 3004 2501 3513 3837 4 3838 3005 3004
3837 4 3838 3837 3836 3839 5 3840 3841 3835
2518 2525 4 3840 2525 2524 3006 4 3840 3006
3005 3838 4 3841 3840 3838 3839 4 3668 3667
3842 3843 4 3036 3035 3668 3843 4 3844 3037
3036 3843 4 3844 3843 3842 3845 4 3094 2599
1682 1808 4 3095 3094 1808 1809 4 1821 1686
2602 3132 4 1822 1821 3132 3131 4 3172 2335
1625 1826 4 3215 2731 1734 1834 4 1842 1737
2734 3247 4 1843 1842 3247 3246 4 1847 1843
3246 3251 4 1856 1855 3325 3324 4 3329 2818
1762 1858 4 1856 3324 3329 1858 4 1864 1764
2822 3371 4 1874 1641 2439 3421 4 3718 3717
1978 1977 4 1708 2675 3718 1977 4 1984 1983
3789 3788 4 1984 3788 2891 1773 4 3846 3847
3155 3154 4 3846 3154 2625 3848 4 2367 3185
3849 3850 4 2760 3240 3851 3852 4 3853 3854
3299 3298 4 3855 3853 3298 2762 4 3856 3302
3299 3854 4 3365 3364 3857 3858 4 3367 3365
3858 3859 4 2853 3367 3859 3860 4 3861 3862
3437 2465 4 3502 3501 3863 3864 4 2982 3502
3864 3865 4 3866 3867 3540 3539 4 3868 3866
3539 2984 4 3869 3870 3871 3872 4 3873 3874
3869 3872 4 3872 3871 3745 3744 4 3873 3872
3744 2698 4 3875 3876 3778 2855 4 3877 3878
3879 3880 4 3881 3882 3877 3880 4 3880 3879
2918 3811 4 3881 3880 3811 3812 4 3883 3884
3037 3844 4 3883 3844 3845 3885 3 3886 3887
3888 5 3889 3890 3891 3892 3893 4 3894 3895
3896 3897 5 3898 3899 3900 3901 3902 5 3903
3904 3905 3906 3907 5 3908 3909 3910 3911 3912
8 3913 3914 3915 3916 3917 3918 3919 3920 3
3921 3922 3923 3 3924 3925 3926 6 3927 3928
3929 3930 3931 3932 5 3933 3934 3935 3936 3937
3 3938 3939 3940 4 3941 3942 3943 3944 4
3886 3888 3945 3946 4 3947 3948 3949 3950 3
3951 3952 3953 4 3954 3955 3956 3957 8 3958
3959 3960 3961 3962 3963 3964 3965 5 3966 3967
3968 3969 3970 8 3971 3972 3973 3974 3975 3976
3977 3978 4 3979 3980 3981 3982 5 3983 3984
3985 3986 3987 3 3988 3989 3990 3 3991 3992
3993 4 3994 3995 3996 3997 3 3998 3999 4000
4 4001 4002 4003 4004 3 4005 4006 4007 4
4008 4009 4010 4011 8 4012 4013 4014 4015 4016
4017 4018 4019 4 4020 4021 4022 4023 5 4024
4025 3903 3907 4026 5 3905 3904 3908 3912 4027
4 4028 4029 4030 4031 5 4032 4028 4031 3889
3893 6 4033 4034 4035 4036 4029 4028 3 4037
4038 4039 6 4040 4041 4042 4043 4044 3914 5
4045 4037 4039 3894 3897 6 4046 4047 4048 4049
4050 3916 5 4051 4052 4053 4054 4055 3 3938
3940 4056 6 4057 4058 3929 3941 3938 4056 6
4056 3940 4051 4055 4059 4060 3 4057 4056 4060
3 4061 4062 4063 5 4064 3933 3937 4065 4066
5 4067 4061 4063 4064 4066 5 4067 4066 4068
3898 3902 6 4069 4070 4071 4072 4073 3959 6
3963 4074 4075 4076 4077 4078 6 3969 4079 4080
4081 4082 3961 6 3978 4083 4084 4085 4086 4087
6 4088 4089 4090 4091 4092 3972 6 4093 4094
4095 4096 4097 3974 6 3991 3993 3994 3997 4098
4099 6 4100 4101 4102 4103 3992 3991 3 4100
3991 4099 5 4104 4105 4106 4107 4108 5 4109
4110 3998 4000 4111 5 4112 4113 4109 4111 4114
5 4115 4104 4108 4110 4109 5 4116 4117 4112
4114 4118 5 4119 4120 4121 4116 4118 6 4122
4123 4124 4125 4126 4013 6 4127 4128 4129 4130
4131 4015 5 4132 4133 4134 4135 4136 5 4137
4132 4136 4138 4020 6 4139 4140 4141 4142 4143
4144 4 4145 4146 4139 4144 5 4147 4145 4144
4148 4149 3 4150 4151 4152 6 4153 4154 4150
4152 4155 4156 5 4157 4153 4156 4147 4149 5
4158 4159 4160 4161 4162 5 4163 4158 4162 4164
4165 6 3902 3901 4166 4167 3887 3886 4 4168
4169 4170 4171 4 4172 4173 4174 4175 4 4172
4175 4176 4177 3 4178 4179 4180 4 4181 3893
3892 4182 4 4183 4184 4181 4182 4 4182 3892
3891 4185 4 4186 4183 4182 4185 4 4185 3891
4187 4188 5 4178 4180 4186 4185 4188 4 4160
4159 3897 3896 4 3896 3895 4189 4190 4 4161
4160 3896 4190 4 4190 4189 4191 4192 4 4161
4190 4192 4193 4 4194 4163 4165 4195 4 4196
4197 4194 4195 4 4198 4199 4196 4195 4 4198
4195 4165 4164 4 4200 4201 4199 4198 4 4202
4200 4198 4164 4 3899 3898 4203 4204 4 3900
3899 4204 4205 4 3900 4205 4206 4207 5 4208
4209 4210 4211 4212 5 4208 4212 4036 4213 4214
5 4215 4216 4217 4209 4208 5 4215 4208 4214
4218 4219 5 4220 4221 4222 4216 4215 5 4220
4215 4219 4223 4040 5 3913 3920 4224 4221 4220
4 3913 4220 4040 3914 4 4225 4226 4227 4228
4 4229 4230 4225 4228 5 4231 4232 4233 4234
4235 5 4231 4235 4236 3920 3919 5 4228 4227
4237 4232 4231 5 4229 4228 4231 3919 3918 5
4238 4044 4239 4159 4158 5 4238 4158 4163 4240
4046 4 3915 3914 4044 4238 4 3915 4238 4046
3916 5 4241 4242 4243 4244 4245 4 4245 4246
4227 4226 4 4241 4245 4226 4225 3 4246 4245
4244 3 4247 4248 4249 6 4250 4251 3921 3923
3918 3917 4 4250 3917 3916 4050 6 4252 4253
4247 4249 4251 4250 5 4252 4250 4050 4254 4255
5 3924 3926 4256 4257 4258 4 3927 3932 3925
3924 5 3934 3927 3924 4258 4259 6 3926 3925
4260 4261 4253 4252 4 4256 3926 4252 4255 5
4262 4260 3925 3932 4263 4 4264 4265 4266 4267
4 4267 4257 4256 4268 4 4264 4267 4268 4269
4 4258 4257 4267 4266 5 3939 3938 3941 3944
4270 6 4271 4272 4273 4051 3940 3939 4 4271
3939 4270 4274 4 4273 4272 4275 4276 5 4067
3902 3886 3946 4277 4 4278 4168 4171 4279 4
4280 4062 4061 4281 3 4282 4280 4281 4 4281
4061 4067 4277 7 4283 4282 4281 4277 4284 4285
4286 3 3947 3950 4287 5 4288 4289 4290 3948
3947 6 4288 3947 4287 4283 4291 4292 5 4293
4294 4295 4289 4288 5 4293 4288 4292 4296 4297
4 4298 4299 3951 3953 6 4300 3953 3952 4301
4294 4293 5 4300 4293 4297 4302 4069 5 3958
3965 4298 3953 4300 4 3958 4300 4069 3959 3
4303 4304 4305 4 3954 3957 4306 4307 5 4308
4309 4310 3955 3954 5 4308 3954 4307 3965 3964
5 4078 4311 4312 4309 4308 4 3963 4078 4308
3964 5 4073 4313 4173 3966 3970 4 3960 3959
4073 3970 4 3960 3970 3969 3961 5 4314 4315
4316 3967 3966 5 4314 3966 4173 4172 4177 4
4317 4074 3963 3962 4 4317 3962 3961 4082 5
4318 4319 4320 4074 4317 5 4318 4317 4082 4321
4322 4 4323 4324 4325 4326 4 4315 4327 4323
4326 5 4328 4329 4330 4319 4318 5 4328 4318
4322 4331 4332 5 4333 4334 4335 4329 4328 5
4333 4328 4332 4336 4337 5 4338 4087 4339 4334
4333 5 4338 4333 4337 4340 4088 4 3971 3978
4087 4338 4 3971 4338 4088 3972 4 4341 4342
4343 4344 4 4345 4346 4341 4344 5 4347 4348
4349 4350 4083 4 4347 4083 3978 3977 5 4344
4343 4351 4348 4347 5 4345 4344 4347 3977 3976
4 4352 3973 3972 4092 5 4352 4092 4353 4354
4355 4 4093 3974 3973 4352 5 4356 4357 4093
4352 4355 5 4355 4354 4358 4359 4360 5 4356
4355 4360 4361 4362 4 4363 4364 4343 4342 4
4365 4363 4342 4341 3 4366 3979 3982 5 4367
3982 3981 3976 3975 4 4367 3975 3974 4097 6
4368 4369 4370 4366 3982 4367 5 4368 4367 4097
4371 4372 4 3983 3987 4373 4374 3 4375 3983
4374 5 4376 4377 4378 4369 4368 5 4376 4368
4372 4379 4380 5 4374 4373 4381 4377 4376 6
4382 4375 4374 4376 4380 4383 3 4384 4385 4386
4 4387 4384 4386 4388 3 3993 3992 4389 5
4390 3985 3994 3993 4389 4 4391 4392 4393 4394
6 4389 3992 4103 4395 4396 4397 4 4398 4390
4389 4397 4 4000 3999 3988 3990 4 4399 4400
4401 4402 7 3990 3989 4382 4403 4404 4405 4406
4 4111 4000 3990 4406 5 4114 4111 4406 4399
4402 5 4407 4408 4409 4119 4118 3 4402 4401
4410 6 4407 4118 4114 4402 4410 4411 5 4001
4004 4107 4412 4413 3 4414 4002 4001 5 4414
4001 4413 4415 4416 5 4417 4418 4419 4003 4002
6 4420 4421 4422 4417 4002 4414 4 4420 4414
4416 4423 4 4424 4425 4426 4427 4 4427 4412
4107 4106 4 4424 4427 4106 4105 4 4413 4412
4427 4426 6 4428 4429 4005 4007 4421 4420 5
4428 4420 4423 4430 4122 5 4012 4019 4431 4429
4428 4 4012 4428 4122 4013 4 4008 4011 4432
4433 5 4434 4435 4436 4009 4008 5 4434 4008
4433 4019 4018 5 4437 4438 4439 4435 4434 5
4440 4437 4434 4018 4017 4 4441 4014 4013 4126
5 4441 4126 4442 4443 4444 4 4127 4015 4014
4441 5 4445 4446 4127 4441 4444 5 4447 4448
4449 4450 4451 5 4447 4451 4452 4453 4454 5
4444 4443 4455 4448 4447 5 4445 4444 4447 4454
4456 3 4457 4458 4459 5 4460 4461 4462 4017
4016 4 4460 4016 4015 4131 5 4463 4464 4465
4461 4460 5 4463 4460 4131 4466 4467 5 4468
4469 4470 4464 4463 5 4468 4463 4467 4471 4472
5 4473 4474 4475 4469 4468 5 4140 4473 4468
4472 4476 4 4477 4136 4135 4478 4 4478 4479
4480 4481 4 4477 4478 4481 4482 4 4479 4478
4135 4134 4 4483 4154 4153 4484 5 4485 4483
4484 4486 4487 4 4488 4489 4024 4026 4 4490
4491 4492 4488 4 4490 4488 4026 3907 4 4489
4488 4492 4493 4 3906 3905 4494 4495 4 4495
4496 4491 4490 4 3906 4495 4490 3907 4 4497
4496 4495 4494 3 4498 4499 4500 3 4498 4500
4501 4 4502 4032 3893 4181 5 4502 4181 4184
4499 4498 4 4033 4028 4032 4502 5 4034 4033
4502 4498 4501 3 4503 4504 4505 5 4506 4503
4505 4211 4210 4 4507 4506 4210 4209 4 4217
4216 4508 4509 4 4507 4209 4217 4509 3 4501
4500 4510 4 4511 4512 4513 4514 4 4514 4213
4036 4035 4 4511 4514 4035 4034 4 4214 4213
4514 4513 4 4515 4516 4512 4511 5 4515 4511
4034 4501 4510 4 4513 4512 4517 4518 4 4518
4519 4219 4218 4 4214 4513 4518 4218 4 4520
4519 4518 4517 4 4517 4512 4516 4521 4 4520
4517 4521 4522 3 4523 4524 4525 4 4526 4527
4528 4529 4 4530 4233 4531 4526 5 4530 4526
4529 4523 4525 4 4532 4527 4526 4531 3 4533
4534 4535 3 4525 4524 4536 4 4537 4508 4216
4222 5 4533 4535 4537 4222 4221 4 4538 4539
4540 4541 4 4541 4234 4233 4530 5 4538 4541
4530 4525 4536 4 4235 4234 4541 4540 3 4542
4543 4038 3 4542 4038 4037 4 4544 4042 4041
4545 4 4545 4223 4219 4519 4 4544 4545 4519
4520 4 4040 4223 4545 4041 5 4546 4543 4542
4042 4544 4 4546 4544 4520 4522 4 4045 3897
4159 4239 5 4043 4042 4542 4037 4045 4 4043
4045 4239 4044 3 4547 4548 4549 4 4547 4549
4550 4551 5 4552 4553 4554 4548 4547 4 4555
4237 4556 4552 4 4555 4552 4547 4551 4 4557
4553 4552 4556 3 4248 4247 4558 6 4559 4560
4561 4249 4248 4558 3 4244 4243 4562 4 4556
4237 4227 4246 5 4557 4556 4246 4244 4562 5
4558 4247 4253 4563 4564 3 4251 4249 4561 3
4559 4558 4564 3 4565 4566 4567 3 4568 4565
4567 3 4568 4567 4569 3 4570 4571 4572 4
4573 4240 4163 4194 5 4573 4194 4197 4566 4565
5 4573 4565 4568 4048 4047 4 4046 4240 4573
4047 4 4049 4048 4574 4575 4 4575 4576 4255
4254 4 4049 4575 4254 4050 4 4577 4576 4575
4574 5 4574 4048 4568 4569 4578 5 4577 4574
4578 4570 4572 4 4579 4563 4253 4261 4 4580
4579 4261 4260 4 4262 4263 4581 4582 4 4580
4260 4262 4582 4 4583 4584 4265 4264 5 4572
4571 4583 4264 4269 4 4266 4265 4585 4586 4
4586 3935 3934 4259 4 4258 4266 4586 4259 4
3936 3935 4586 4585 4 4585 4265 4584 4587 4
3936 4585 4587 4588 4 4268 4256 4255 4576 4
4269 4268 4576 4577 3 4572 4269 4577 4 4054
4053 4589 4590 4 4055 4054 4590 4591 4 4592
4593 4060 4059 4 4592 4059 4055 4591 4 3937
3936 4588 4594 4 4595 4203 3898 4068 4 4595
4068 4066 4065 4 4595 4065 3937 4594 4 4596
4597 3949 3948 4 4598 4596 3948 4290 4 4599
4598 4290 4289 4 4295 4294 4600 4601 4 4599
4289 4295 4601 4 4602 4603 4604 4605 4 4606
4279 4602 4605 3 4607 4608 4609 4 4303 4305
4607 4609 5 4609 4608 4604 4603 4610 4 4303
4609 4610 4611 4 4612 4613 4614 4615 4 4615
4291 4283 4286 4 4612 4615 4286 4285 4 4292
4291 4615 4614 4 4605 4604 4613 4612 4 4606
4605 4612 4285 5 4614 4613 4608 4607 4616 4
4616 4617 4297 4296 4 4292 4614 4616 4296 4
4617 4616 4607 4305 3 4608 4613 4604 4 4618
4619 4620 4621 4 4622 4623 4310 4624 4 4618
4621 4622 4624 4 3952 3951 4625 4626 4 3956
3955 4627 4628 4 3957 3956 4628 4629 4 4630
4600 4294 4301 4 4630 4301 3952 4626 4 4627
3955 4310 4623 4 4304 4303 4611 4631 3 4632
4633 4634 3 4635 4636 4632 3 4635 4632 4634
4 4637 4071 4070 4638 4 4638 4302 4297 4617
5 4637 4638 4617 4305 4304 4 4069 4302 4638
4070 4 4639 4640 4071 4637 4 4639 4637 4304
4631 5 4634 4633 4174 4173 4313 5 4072 4071
4640 4636 4635 5 4072 4635 4634 4313 4073 4
4641 4642 4643 4644 4 4645 4312 4646 4641 4
4645 4641 4644 4647 4 4642 4641 4646 4648 4
4649 4650 4643 4642 4 4651 4649 4642 4648 3
4652 4653 4654 3 4655 4656 4652 3 4655 4652
4654 4 4077 4076 4657 4658 4 4658 4646 4312
4311 4 4077 4658 4311 4078 4 4648 4646 4658
4657 4 4657 4076 4659 4660 4 4651 4648 4657
4660 5 4654 4653 4659 4076 4075 5 4320 4319
4661 4656 4655 5 4074 4320 4655 4654 4075 3
4662 4663 4664 3 4665 4662 4664 3 4663 4662
4666 4 4667 4668 4080 4079 4 3968 3967 4669
4667 4 3968 4667 4079 3969 4 4668 4667 4669
4670 4 4081 4080 4671 4672 4 4672 4673 4322
4321 4 4081 4672 4321 4082 4 4674 4673 4672
4671 5 4664 4663 4671 4080 4668 5 4675 4665
4664 4668 4670 5 4674 4671 4663 4666 4676 4
4677 4661 4319 4330 4 4678 4677 4330 4329 4
4335 4334 4679 4680 4 4678 4329 4335 4680 4
4681 4682 4683 4684 4 4681 4684 4685 4686 4
4687 4688 4682 4681 4 4689 4349 4690 4687 4
4689 4687 4681 4686 4 4691 4688 4687 4690 3
4692 4693 4694 3 4694 4695 4696 3 4692 4694
4696 4 4697 4698 4085 4699 4 4686 4685 4697
4699 5 4086 4085 4698 4693 4692 5 4696 4695
4679 4334 4339 5 4086 4692 4696 4339 4087 4
4699 4085 4084 4700 4 4700 4350 4349 4689 4
4686 4699 4700 4689 4 4083 4350 4700 4084 3
4701 4702 4703 3 4704 4701 4703 3 4702 4701
4705 4 4706 4090 4089 4707 4 4707 4340 4337
4708 4 4706 4707 4708 4709 4 4088 4340 4707
4089 5 4703 4702 4710 4090 4706 5 4711 4704
4703 4706 4709 5 4710 4702 4705 4712 4713 4
4714 4091 4090 4710 4 4715 4354 4353 4714 4
4715 4714 4710 4713 4 4091 4714 4353 4092 4
4716 4717 4718 4719 4 4713 4712 4716 4719 4
4718 4717 4720 4721 4 4719 4718 4722 4723 4
4723 4358 4354 4715 4 4713 4719 4723 4715 4
4359 4358 4723 4722 4 4722 4718 4721 4724 4
4359 4722 4724 4725 4 4726 4727 4728 4729 4
4730 4351 4731 4732 4 4730 4732 4726 4729 4
4733 4734 3979 4366 4 4731 4351 4343 4364 4
4370 4369 4735 4736 4 4733 4366 4370 4736 3
4737 4738 4739 3 4740 4741 4737 3 4740 4737
4739 3 4387 4388 4742 4 4743 4744 4387 4742
5 4739 4738 4745 4095 4094 5 4357 4356 4746
4741 4740 5 4093 4357 4740 4739 4094 4 4096
4095 4747 4748 4 4748 4749 4372 4371 4 4096
4748 4371 4097 5 4742 4388 4749 4748 4747 4
4747 4095 4745 4750 4 4743 4742 4747 4750 4
4751 4746 4356 4362 4 4752 4751 4362 4361 4
4753 4754 4752 4361 4 4373 3987 4755 4756 4
4757 4735 4369 4378 4 4758 4757 4378 4377 4
4381 4373 4756 4759 4 4758 4377 4381 4759 5
4760 4761 4762 4385 4384 4 4760 4384 4387 4744
4 4763 4762 4761 4764 4 4763 4764 4765 4766
5 4386 4385 4767 4768 4769 4 4769 4379 4372
4749 4 4386 4769 4749 4388 4 4380 4379 4769
4768 3 4767 4385 4762 4 4768 4767 4770 4771
4 4771 4403 4382 4383 4 4380 4768 4771 4383
4 4404 4403 4771 4770 4 4770 4767 4762 4763
4 4404 4770 4763 4766 4 4101 4100 4772 4773
4 4102 4101 4773 4774 4 4775 4776 4105 4104
4 4777 4115 4109 4113 4 4778 4777 4113 4112
4 4775 4104 4115 4777 4 4117 4116 4779 4780
4 4778 4112 4117 4780 4 4781 4779 4116 4121
4 4782 4783 4419 4418 4 4784 4782 4418 4417
4 4422 4421 4785 4786 4 4784 4417 4422 4786
4 4787 4788 4425 4424 4 4787 4424 4105 4776
4 4426 4425 4789 4790 4 4790 4791 4416 4415
4 4413 4426 4790 4415 4 4792 4791 4790 4789
4 4789 4425 4788 4793 5 4792 4789 4793 4794
4795 4 4796 4423 4416 4791 4 4797 4796 4791
4792 3 4797 4792 4795 3 4798 4007 4006 6
4798 4006 4005 4799 4800 4801 5 4802 4803 4804
4805 4806 4 4806 4010 4009 4807 3 4802 4806
4807 4 4011 4010 4806 4805 5 4808 4785 4421
4007 4798 3 4799 4005 4429 3 4808 4798 4801
3 4809 4803 4802 4 4807 4009 4436 4810 5
4811 4809 4802 4807 4810 3 4812 4813 4814 3
4795 4794 4815 3 4816 4812 4814 3 4816 4814
4817 4 4818 4124 4123 4819 4 4819 4430 4423
4796 4 4818 4819 4796 4797 4 4122 4430 4819
4123 5 4820 4813 4812 4124 4818 5 4820 4818
4797 4795 4815 5 4821 4125 4124 4812 4816 4
4822 4443 4442 4821 5 4822 4821 4816 4817 4823
4 4125 4821 4442 4126 4 4824 4825 4826 4827
4 4827 4455 4443 4822 4 4824 4827 4822 4823
4 4448 4455 4827 4826 4 4826 4825 4828 4829
4 4449 4448 4826 4829 3 4830 4831 4832 4
4833 4834 4835 4836 4 4836 4837 4439 4438 4
4833 4836 4438 4437 5 4837 4836 4835 4457 4459
4 4465 4464 4838 4839 5 4461 4465 4839 4830
4832 3 4840 4841 4842 3 4843 4840 4842 3
4841 4840 4844 5 4845 4842 4841 4129 4128 4
4446 4445 4846 4845 4 4127 4446 4845 4128 5
4847 4843 4842 4845 4846 4 4130 4129 4848 4849
4 4849 4850 4467 4466 4 4130 4849 4466 4131
4 4851 4850 4849 4848 5 4848 4129 4841 4844
4852 4 4851 4848 4852 4853 4 4854 4855 4856
4857 4 4857 4846 4445 4456 4 4854 4857 4456
4454 4 4847 4846 4857 4856 4 4858 4859 4855
4854 4 4858 4854 4454 4453 3 4860 4861 4862
4 4863 4838 4464 4470 4 4864 4863 4470 4469
5 4475 4474 4860 4862 4865 4 4864 4469 4475
4865 3 4866 4867 4868 4 4869 4870 4871 4872
4 4872 4471 4467 4850 4 4869 4872 4850 4851
4 4472 4471 4872 4871 4 4873 4874 4870 4869
4 4873 4869 4851 4853 4 4871 4870 4875 4876
4 4876 4141 4140 4476 4 4472 4871 4876 4476
4 4142 4141 4876 4875 4 4875 4870 4874 4877
5 4142 4875 4877 4866 4868 3 4867 4878 4879
3 4868 4867 4879 4 4880 4148 4144 4143 5
4879 4878 4881 4882 4880 5 4142 4868 4879 4880
4143 4 4149 4148 4880 4882 4 4883 4177 4176
4884 4 4669 3967 4316 4885 4 4886 4670 4669
4885 4 4326 4325 4886 4885 4 4315 4326 4885
4316 4 4325 4324 4887 4888 4 4889 4675 4670
4886 4 4889 4886 4325 4888 3 4890 4891 4892
4 4893 4890 4892 4894 3 4895 4896 4897 4
4893 4894 4895 4897 4 4898 4331 4322 4673 4
4898 4673 4674 4899 4 4898 4899 4900 4901 4
4332 4331 4898 4901 5 4899 4674 4676 4891 4890
4 4900 4899 4890 4893 4 4708 4337 4336 4902
4 4903 4709 4708 4902 4 4901 4900 4903 4902
4 4332 4901 4902 4336 5 4897 4896 4711 4709
4903 4 4897 4903 4900 4893 3 4485 4487 4904
4 4882 4881 4905 4906 4 4157 4149 4882 4906
4 4484 4153 4157 4906 4 4486 4484 4906 4905
5 4907 4908 4909 4910 4911 5 4912 4025 4024
4913 4914 7 4915 4916 4917 4918 4919 4920 4921
9 4922 4915 4921 4923 4924 4925 4926 4927 4928
3 4929 4930 4931 3 4932 4922 4928 3 4933
4934 4935 4 4936 4937 4938 4939 4 4940 4941
4942 4943 5 4944 4945 4946 4947 4948 4 4949
4950 4951 4952 5 4953 4954 4955 4956 4957 7
4958 4959 4960 4961 4962 4963 4964 5 4965 4966
4967 4968 4619 4 4969 4970 4971 4972 5 4973
4974 4975 4976 4977 6 4978 4979 4980 4981 4982
4983 4 4984 4985 4986 4987 3 4988 4989 4990
5 4991 4992 4993 4994 4995 4 4996 4997 4998
4999 4 5000 5001 5002 5003 7 5004 5005 5006
5007 5008 5009 5010 9 5011 5012 5013 5014 5015
5016 5004 5010 5017 4 5018 5019 5020 5021 3
5022 5023 5024 3 5025 5026 5027 3 5028 5029
5030 3 5031 4907 4911 3 5032 5033 5034 4
5035 5036 5037 5038 5 5035 5038 5031 4911 5039
7 5040 5041 5032 5034 5042 5036 5035 4 5040
5035 5039 5043 5 5044 5045 5040 5043 5046 5
5047 5048 5044 5046 5049 3 5050 5051 5052 5
5053 5054 5047 5049 5055 7 4920 4919 5056 5050
5052 5057 5053 4 4921 4920 5053 5055 7 5058
5059 4929 4931 5060 4917 4916 4 5058 4916 4915
5061 5 5062 5063 5058 5061 5064 5 5065 5066
5062 5064 5067 5 5068 5069 5065 5067 5070 5
5071 5072 5068 5070 5073 5 5074 5075 5076 5077
5071 4 5078 5074 5071 5073 5 4949 4952 5079
5080 5081 4 4949 5081 4053 4052 5 5082 5083
5084 4953 4957 6 5085 5086 5082 4957 4958 5087
3 5088 5085 5087 3 5087 4958 4964 6 5089
5090 5088 5087 4964 5091 5 5092 5093 5094 5089
5091 6 5095 5096 5097 5098 5099 5100 4 5095
5100 5101 5102 5 5103 5104 5095 5102 5105 5
5106 5107 5103 5105 5108 5 5109 5110 5106 5108
5111 5 5112 5113 5109 5111 5114 6 5115 5116
5117 5118 5119 5112 4 5120 5115 5112 5114 3
5121 4973 5122 5 5123 5124 5125 5126 5127 6
5128 5129 5123 5127 5121 5122 6 5130 5131 5132
5122 4973 4977 5 4987 4983 5133 5130 4977 3
5128 5122 5132 5 5134 5135 5136 5137 5138 4
5134 5138 5139 5140 5 5141 5142 5134 5140 5143
4 5144 4991 4995 5145 5 4103 4102 5146 5144
5145 5 5147 5148 5141 5143 5149 5 5150 5151
5147 5149 5152 3 5153 5154 5155 5 5156 5157
5150 5152 5158 7 5009 5008 5159 5153 5155 5160
5156 4 5010 5009 5156 5158 7 5161 5162 5022
5024 5163 5006 5005 4 5161 5005 5004 5164 5
5165 5166 5161 5164 5167 3 5168 5169 5170 7
5171 5172 5173 5025 5027 5174 5175 4 5171 5175
5176 5177 4 5178 5179 5172 5171 5 5168 5170
5178 5171 5177 5 5180 5181 5182 5183 5184 5
5185 4134 4133 5180 5184 5 5186 5187 5165 5167
5188 5 5176 5175 5189 5186 5188 4 4909 4908
4912 4914 3 5190 4910 4909 6 5190 4909 4914
5191 5192 5193 3 5039 4911 4910 5 5194 5043
5039 4910 5190 4 5195 5194 5190 5193 3 5196
5033 5032 5 5046 5043 5194 5197 5198 5 5049
5046 5198 5199 5200 3 5052 5051 5201 3 5202
5203 5204 5 5055 5049 5200 5205 5206 4 4923
4921 5055 5206 7 4924 4923 5206 5207 5202 5204
5208 4 4550 5209 5210 5211 3 4551 4550 5211
5 5212 4925 4924 5213 4532 5 5212 4532 4531
4233 4232 5 5211 5210 4926 4925 5212 6 4237
4555 4551 5211 5212 4232 8 4932 4928 4927 5214
5215 5216 5217 5218 4 5219 5220 4933 4935 5
5221 5061 4915 4922 4932 3 5214 4927 4926 3
5221 4932 5218 5 5064 5061 5221 5219 4935 5
4549 4548 5222 5223 5224 5 5224 5215 5214 5210
5209 4 4549 5224 5209 4550 4 5216 5215 5224
5223 3 5225 5226 5227 4 5228 5229 4936 4939
6 5067 5064 4935 4934 5230 5231 5 5070 5067
5231 5228 4939 3 4944 4948 5232 6 5233 5234
5079 4952 4944 5232 5 5073 5070 4939 4938 5235
5 5232 4948 5078 5073 5235 3 5233 5232 5235
3 5236 5081 5080 5 5236 5080 5079 5237 5238
4 4940 4943 4947 4946 6 5084 5239 5240 5241
4941 4940 4 4953 5084 4940 4946 4 4943 4942
5075 5074 4 4947 4943 5074 5078 5 5242 5243
4950 4949 4052 5 5244 5242 4052 4051 4273 4
5245 5246 5247 5248 4 5249 5244 4273 4276 4
5083 5082 5250 5251 4 5251 5252 5240 5239 4
5083 5251 5239 5084 4 5253 5252 5251 5250 5
4959 4958 4957 4956 5254 4 4959 5254 5255 5256
3 5257 5258 5259 4 4963 4962 5260 5261 3
5091 4964 4963 3 4960 4959 5256 5 5092 5091
4963 5261 5262 3 4965 4619 4618 4 5263 5264
4966 4965 6 5263 4965 4618 4624 4310 4309 5
4647 5265 5266 5264 5263 5 4312 4645 4647 5263
4309 4 5267 5102 5101 5268 6 5269 5270 5271
5267 5268 5266 5 5105 5102 5267 5272 5273 5
5108 5105 5273 5274 5275 5 5111 5108 5275 5276
5277 3 5278 5279 5280 3 5281 5278 5280 5
5114 5111 5277 5282 5283 4 5284 5120 5114 5283
6 5285 5284 5283 5286 5287 5288 3 5289 5290
5291 4 5292 5293 5116 5115 4 5292 5115 5120
5294 5 5125 5295 5296 5293 5292 4 5126 5125
5292 5294 5 4728 5297 5298 5299 5300 3 4729
4728 5300 5 5301 5302 5285 5303 4691 5 5301
4691 4690 4349 4348 4 5300 5299 5302 5301 6
4351 4730 4729 5300 5301 4348 3 5304 5305 5306
3 5307 5304 5306 7 4969 4972 5308 5309 4974
4973 5121 5 5127 5126 5310 4970 4969 3 4974
5309 5311 3 5127 4969 5121 4 5312 5313 5298
5297 4 5312 5297 4728 4727 4 5131 5130 5314
5315 5 5315 5316 5317 5318 5319 4 5132 5131
5315 5319 4 5320 5316 5315 5314 5 5321 4984
4987 4977 4976 4 4975 4974 5311 5322 4 4978
4983 4987 4986 4 5323 5324 4979 4978 4 5323
4978 4986 5325 4 5138 5137 5324 5323 4 5139
5138 5323 5325 4 4995 4994 5326 5327 4 5328
5329 5330 5331 4 5332 5333 4391 4394 5 5145
4995 5327 5334 5335 5 4395 4103 5145 5335 5336
6 4988 4990 4994 4993 5337 5338 4 5339 5340
4996 4999 5 5341 5140 5139 4989 4988 3 5341
4988 5338 5 5143 5140 5341 5339 4999 3 5342
5343 5344 3 5345 5000 5003 5 5149 5143 4999
4998 5346 6 5152 5149 5346 5347 5345 5003 3
5155 5154 5348 3 5011 5017 5349 8 5012 5011
5349 5350 5351 5352 5353 5354 5 5158 5152 5003
5002 5355 5 5349 5017 5010 5158 5355 3 5013
5012 5354 3 5350 5349 5355 3 5018 5021 5356
5 5357 5014 5013 5019 5018 6 5357 5018 5356
5358 4436 4435 5 5359 5360 5015 5014 5357 5
5361 5359 5357 4435 4439 3 5362 5363 5364 4
5365 5164 5004 5016 7 5366 5362 5364 5367 5365
5016 5015 5 5167 5164 5365 5368 5369 3 5370
5363 5362 5 5188 5167 5369 5371 5372 5 5176
5188 5372 5373 5374 6 5028 5030 5375 5376 5377
5182 5 5378 5169 5168 5029 5028 4 5378 5028
5182 5181 5 5030 5029 5177 5176 5374 4 5375
5030 5374 5379 3 5177 5029 5168 4 5380 5184
5183 5381 4 5381 5377 5376 5382 4 5380 5381
5382 5383 4 5182 5377 5381 5183 3 5034 5033
5384 5 5042 5034 5384 5385 5386 4 5036 5042
5386 5387 4 4913 4024 4489 5388 4 5388 5389
5192 5191 4 4913 5388 5191 4914 4 5389 5388
4489 4493 4 5045 5044 5390 5391 5 5391 5392
5196 5032 5041 4 5040 5045 5391 5041 4 5393
5392 5391 5390 4 5390 5044 5048 5394 4 5394
5395 5396 5397 4 5393 5390 5394 5397 4 5395
5394 5048 5047 4 5054 5053 5057 5398 4 5398
5399 5396 5395 4 5054 5398 5395 5047 5 5399
5398 5057 5052 5201 3 5204 5203 5400 4 5401
4528 4527 5402 4 5402 5213 4924 5208 5 5401
5402 5208 5204 5400 4 4532 5213 5402 4527 3
4931 4930 5403 4 3846 3848 4917 5060 5 3847
3846 5060 4931 5403 3 5404 4930 4929 4 5059
5058 5063 5405 4 5405 5406 5407 5408 5 5404
4929 5059 5405 5408 4 5406 5405 5063 5062 3
5222 4548 4554 3 5210 5214 4926 3 5409 5225
5227 4 5066 5065 5410 5411 4 5411 5412 5407
5406 4 5066 5411 5406 5062 5 5227 5226 5412
5411 5410 4 5410 5065 5069 5413 4 5413 5414
5415 5416 5 5409 5227 5410 5413 5416 4 5414
5413 5069 5068 5 5417 4589 4053 5081 5236 3
5417 5236 5238 4 5250 5082 5086 5418 5 5418
5419 5257 5259 5420 4 5253 5250 5418 5420 4
5419 5418 5086 5085 3 5421 5257 5419 4 5421
5419 5085 5088 4 5090 5089 5422 5423 5 5423
5424 5258 5257 5421 4 5090 5423 5421 5088 4
5425 5424 5423 5422 4 4968 4967 5426 5427 4
4620 4619 4968 5427 3 5428 5429 5430 3 5428
5430 5431 4 5096 5095 5104 5432 5 5432 5433
5434 5429 5428 5 5097 5096 5432 5428 5431 4
5433 5432 5104 5103 3 5435 5436 5437 4 4644
4643 5438 5439 4 5439 5269 5266 5265 4 4644
5439 5265 4647 4 5270 5269 5439 5438 4 5438
4643 4650 5440 5 5270 5438 5440 5435 5437 4
5107 5106 5441 5442 4 5442 5443 5434 5433 4
5107 5442 5433 5103 4 5444 5443 5442 5441 4
5441 5106 5110 5445 4 5445 5446 5447 5448 4
5444 5441 5445 5448 4 5446 5445 5110 5109 4
5113 5112 5119 5449 5 5449 5280 5279 5447 5446
4 5113 5449 5446 5109 5 5281 5280 5449 5119
5118 4 5450 4683 4682 5451 5 5287 5289 5291
5450 5451 4 5451 4682 4688 5452 4 5452 5303
5285 5288 4 5287 5451 5452 5288 4 4691 5303
5452 4688 3 5318 5317 5453 4 5124 5123 5454
5455 5 5455 5306 5305 5296 5295 4 5124 5455
5295 5125 5 5456 5307 5306 5455 5454 4 5454
5123 5129 5457 5 5457 5458 5318 5453 5459 4
5456 5454 5457 5459 4 5458 5457 5129 5128 4
5314 5130 5133 5460 4 5460 4982 4981 5461 4
5320 5314 5460 5461 4 4982 5460 5133 4983 3
5319 5318 5458 4 5132 5319 5458 5128 3 4992
4991 5462 5 5463 5464 4993 4992 5462 5 5462
4991 5144 5465 5466 3 5463 5462 5466 4 5467
5465 5144 5146 4 5467 5146 4102 4774 3 5468
5342 5344 4 5148 5147 5469 5470 4 5470 5471
5472 5473 4 5141 5148 5470 5473 5 5344 5343
5471 5470 5469 4 5469 5147 5151 5474 4 5474
5475 5476 5477 5 5468 5344 5469 5474 5477 4
5475 5474 5151 5150 4 5157 5156 5160 5478 4
5478 5479 5476 5475 4 5157 5478 5475 5150 5
5479 5478 5160 5155 5348 5 5480 5481 5482 5483
5484 5 5484 5020 5019 5354 5353 4 5480 5484
5353 5352 4 5021 5020 5484 5483 3 5483 5482
5485 4 5356 5021 5483 5485 3 5482 5481 5486
3 5354 5019 5013 5 5487 5485 5482 5486 5488
4 4810 4436 5358 5487 4 4811 4810 5487 5488
4 5356 5485 5487 5358 3 5489 5023 5022 4
5162 5161 5166 5490 4 5490 5491 5492 5493 5
5489 5022 5162 5490 5493 4 5491 5490 5166 5165
3 4459 4458 5494 4 5495 5496 5497 5498 4
5498 5366 5015 5360 4 5495 5498 5360 5359 5
5370 5362 5366 5498 5497 4 5499 5500 5496 5495
4 5361 4439 4837 5499 4 5361 5499 5495 5359
5 5500 5499 4837 4459 5494 4 5501 5185 5184
5380 4 5502 4480 4479 5501 4 5502 5501 5380
5383 4 4134 5185 5501 4479 3 5503 5051 5050
4 5056 4919 5504 5505 5 5506 5503 5050 5056
5505 3 5027 5026 5507 4 5508 5509 5492 5491
4 5508 5491 5165 5187 4 5508 5187 5186 5510
4 5511 5509 5508 5510 5 5174 5027 5507 5512
5513 4 5189 5175 5174 5513 4 5510 5186 5189
5513 4 5511 5510 5513 5512 3 3910 3909 5514
4 5515 5516 3912 3911 3 5517 3911 3910 5
5517 3910 5514 4030 4029 5 4212 4211 5515 3911
5517 4 4036 4212 5517 4029 5 3928 3927 3934
3933 5518 4 3942 3941 3929 3928 5 4063 4062
3942 3928 5518 3 4263 3932 3931 3 5518 3933
4064 3 4063 5518 4064 4 3943 3942 4062 4280
5 3950 3949 5519 3944 3943 5 4287 3950 3943
4280 4282 3 4283 4287 4282 5 3984 3983 4375
3989 3988 4 3995 3994 3985 3984 4 3995 3984
3988 3999 3 4382 3989 4375 5 3996 3995 3999
3998 5520 6 4004 4003 5521 5522 3997 3996 5
4108 4107 4004 3996 5520 3 5520 3998 4110 3
5521 4003 4419 3 4108 5520 4110 5 5523 4137
4020 4023 5524 3 5525 5523 5524 5 5526 4023
4022 4474 4473 4 5526 4473 4140 4139 3 5524
4023 5526 5 5525 5524 5526 4139 4146 4 5527
4494 3905 4027 5 5516 5515 4505 4504 5527 4
3912 5516 5527 4027 4 4497 4494 5527 4504 3
4505 5515 4211 3 5528 5529 4534 3 5528 4534
4533 5 5530 4540 4539 5529 5528 4 4224 3920
4236 5530 5 4224 5530 5528 4533 4221 4 4235
4540 5530 4236 4 5531 4560 4242 4241 5 4230
4229 3923 3922 5531 4 4230 5531 4241 4225 5
4561 4560 5531 3922 3921 3 3918 3923 4229 3
4251 4561 3921 4 4058 4057 5532 5533 4 5533
5534 3931 3930 4 3929 4058 5533 3930 4 5532
4057 4060 4593 4 4581 4263 3931 5534 5 4299
4298 4307 4306 5535 4 4625 3951 4299 5535 4
5535 4306 3957 4629 3 3965 4307 4298 5 4346
4345 3981 3980 5536 4 4365 4341 4346 5536 4
5536 3980 3979 4734 3 3976 3981 4345 4 5537
5538 4099 4098 4 5522 5521 5539 5537 4 3997
5522 5537 4098 4 4772 4100 4099 5538 4 5539
5521 4419 4783 4 5540 4805 4804 4800 4 5541
4433 4432 5540 4 5541 5540 4800 4799 4 4011
4805 5540 4432 4 4431 4019 4433 5541 4 4431
5541 4799 4429 3 4831 5542 5543 3 4832 4831
5543 5 5544 5543 5542 4834 4833 4 4440 4017
4462 5544 4 4440 5544 4833 4437 5 4461 4832
5543 5544 4462 4 5545 4138 4136 4477 5 4861
4860 4022 4021 5545 4 4861 5545 4477 4482 4
4020 4138 5545 4021 3 4474 4022 4860 4 5546
4170 4169 5547 4 5548 5549 5546 5547 4 4167
4166 5548 5547 4 3887 4167 5547 4169 4 3888
3887 4169 4168 4 5550 5551 5549 5548 4 5552
5550 5548 4166 5 5553 5554 5519 3949 4597 3
5553 4597 5555 4 4270 3944 5519 5554 4 5556
5557 4276 4275 4 5558 5559 5556 4275 4 5558
4275 4272 4271 3 5560 5554 5553 5 5560 5553
5555 5559 5558 4 5560 5558 4271 4274 4 4270
5554 5560 4274 4 5561 4606 4285 4284 4 5561
4284 4277 3946 4 4278 4279 4606 5561 4 4278
5561 3946 3945 4 3888 4168 4278 3945 5 4755
3987 3986 5562 5563 3 5564 4755 5563 4 5562
3986 3985 4390 4 4396 4395 4394 4393 4 4393
4392 5565 5566 4 4397 4396 4393 5566 3 5563
5562 5567 5 5566 5565 5564 5563 5567 4 4398
4397 5566 5567 4 4398 5567 5562 4390 4 4765
5568 5569 5570 4 5571 4766 4765 5570 4 4400
4399 5571 5570 4 4401 4400 5570 5569 4 4405
4404 4766 5571 4 4405 5571 4399 4406 4 5572
5573 5574 5575 4 5572 5575 4408 4407 4 5569
5568 5576 5577 4 4410 4401 5569 5577 4 5578
5577 5576 5579 4 5578 5579 5573 5572 4 5578
5572 4407 4411 4 4410 5577 5578 4411 3 5580
5581 5582 3 5583 5580 5582 4 4945 4944 4952
4951 4 4954 4953 4946 4945 7 5584 5585 5586
4954 4945 4951 5587 3 4947 5078 4948 3 5584
5587 5588 5 5589 5590 5591 5592 5093 4 5589
5093 5092 5593 4 5100 5099 5590 5589 4 5101
5100 5589 5593 4 5594 5595 4967 4966 4 5596
5593 5092 5262 5 5596 5262 5594 4966 5264 4
5268 5101 5593 5596 4 5266 5268 5596 5264 4
5299 5298 5597 5598 4 5599 5294 5120 5284 4
5599 5284 5285 5302 4 5310 5126 5294 5599 5
5310 5599 5302 5299 5598 7 4985 4984 5600 5601
5602 5603 5326 5 4990 4989 5325 4986 4985 4
4994 4990 4985 5326 3 5604 5603 5602 3 5325
4989 5139 3 5602 5601 5605 3 5327 5326 5603
4 5072 5071 5077 5606 5 5606 5582 5581 5415
5414 4 5072 5606 5414 5068 5 5583 5582 5606
5077 5076 3 5607 5608 5609 3 5607 5609 5610
4 5422 5089 5094 5611 5 5611 5592 5591 5608
5607 5 5425 5422 5611 5607 5610 4 5093 5592
5611 5094 3 5612 5613 5614 3 5612 5614 5615
4 5135 5134 5142 5616 5 5616 5473 5472 5613
5612 5 5136 5135 5616 5612 5615 4 5141 5473
5616 5142 5 5617 5618 5193 5192 5619 4 5617
5619 5620 5621 3 5617 5621 5622 3 5618 5617
5622 3 5195 5193 5618 4 5621 5620 5623 5624
5 5622 5621 5624 5198 5197 5 5195 5618 5622
5197 5194 4 5625 5626 5627 5628 4 5624 5623
5625 5628 4 5199 5198 5624 5628 4 5200 5199
5628 5627 3 5629 5203 5202 4 5630 5627 5626
5631 5 5630 5631 5629 5202 5207 4 5630 5207
5206 5205 4 5200 5627 5630 5205 4 5632 5633
5634 5635 4 5217 5216 5632 5635 5 5220 5219
5218 5217 5635 4 4933 5220 5635 5634 3 5218
5219 5221 4 5634 5633 5636 5637 4 4934 4933
5634 5637 5 5638 5639 5640 5641 5642 3 5643
5638 5642 4 5229 5228 5643 5642 4 4936 5229
5642 5641 4 5644 5637 5636 5645 4 5644 5645
5646 5647 4 5644 5647 5231 5230 4 4934 5637
5644 5230 3 5648 5639 5638 5 5647 5646 5648
5638 5643 4 5231 5647 5643 5228 4 5649 5641
5640 5237 4 5649 5237 5079 5234 5 5649 5234
5233 4938 4937 4 4936 5641 5649 4937 3 4938
5233 5235 3 5650 5585 5584 3 5587 4951 4950
5 5245 5248 5650 5584 5588 4 5243 5242 5246
5245 5 5243 5245 5588 5587 4950 4 5249 4276
5557 5651 4 5249 5651 5247 5246 4 5244 5249
5246 5242 4 5652 5586 5585 5653 5 5652 5653
5654 5655 5656 4 5652 5656 4956 4955 4 4954
5586 5652 4955 3 5656 5655 5657 4 5254 4956
5656 5657 3 5655 5654 5658 4 5659 5660 5661
5662 5 5657 5655 5658 5659 5662 4 5255 5254
5657 5662 4 5256 5255 5662 5661 4 5663 5664
5665 5666 4 5663 5666 5667 5668 4 5663 5668
4962 4961 4 5664 5663 4961 4960 4 5426 4967
5595 5669 4 5668 5667 5426 5669 4 5260 4962
5668 5669 5 5261 5260 5669 5595 5594 4 5661
5660 5665 5664 4 5256 5661 5664 4960 3 5261
5594 5262 3 5436 5670 5671 3 5437 5436 5671
5 5671 5670 5672 5673 5674 5 5271 5270 5437
5671 5674 4 5272 5267 5271 5674 4 5273 5272
5674 5673 4 5675 5673 5672 5676 4 5675 5676
5677 5678 4 5675 5678 5275 5274 4 5273 5673
5675 5274 4 5679 5680 5681 5682 4 5678 5677
5679 5682 4 5276 5275 5678 5682 4 5277 5276
5682 5681 3 5683 5684 5290 3 5683 5290 5289
5 5685 5681 5680 5684 5683 5 5685 5683 5289
5287 5286 4 5685 5286 5283 5282 4 5277 5681
5685 5282 4 5686 5597 5298 5313 4 5686 5313
5687 5688 4 5686 5688 4972 4971 5 5598 5597
5686 4971 4970 4 5689 5690 5691 5692 4 5688
5687 5689 5692 4 5308 4972 5688 5692 4 5309
5308 5692 5691 3 5310 5598 4970 4 5691 5690
5693 5694 4 5311 5309 5691 5694 3 5695 5696
5697 4 4976 4975 5695 5697 4 5698 5601 5600
5699 5 5697 5696 5700 5698 5699 4 5321 4976
5697 5699 4 5321 5699 5600 4984 4 5701 5694
5693 5702 5 5701 5702 5703 5696 5695 4 5701
5695 4975 5322 4 5311 5694 5701 5322 3 5700
5696 5703 5 5604 5602 5605 5328 5331 4 5331
5330 5335 5334 5 5327 5603 5604 5331 5334 4
5332 4394 4395 5336 4 5330 5329 5333 5332 4
5335 5330 5332 5336 4 5464 5704 5705 5706 4
5337 4993 5464 5706 5 5340 5339 5338 5337 5706
4 4996 5340 5706 5705 3 5338 5339 5341 5
5707 5705 5704 5708 5709 3 5707 5709 5710 4
5707 5710 4998 4997 4 4996 5705 5707 4997 4
5711 5712 5713 5714 4 5711 5714 5000 5345 3
5709 5708 5715 5 5710 5709 5715 5716 5717 4
5346 4998 5710 5717 4 5718 5712 5711 5719 4
5717 5716 5718 5719 4 5347 5346 5717 5719 4
5347 5719 5711 5345 4 5720 5714 5713 5721 4
5720 5721 5352 5351 5 5720 5351 5350 5002 5001
4 5000 5714 5720 5001 3 5002 5350 5355 3
5364 5363 5722 4 5723 5724 5725 5726 5 5367
5364 5722 5723 5726 4 5368 5365 5367 5726 4
5369 5368 5726 5725 5 5727 5376 5375 5728 5729
4 5730 5731 5727 5729 3 5732 5730 5729 3
5732 5729 5728 4 5733 5725 5724 5734 4 5733
5734 5735 5736 4 5733 5736 5372 5371 4 5369
5725 5733 5371 3 5728 5375 5379 4 5736 5735
5731 5730 5 5373 5372 5736 5730 5732 5 5373
5732 5728 5379 5374 5 2284 2283 5037 5036 5387
5 2368 2367 3850 5076 5075 5 5137 5136 3861
2465 2464 5 2624 2623 5504 4919 4918 5 2624
4918 4917 3848 2625 4 4942 4941 3874 3873 5
2368 5075 4942 3873 2698 5 2761 2760 3852 5591
5590 5 3855 2762 2761 5590 5099 5 2854 2853
3860 5116 5293 5 3875 2855 2854 5293 5296 4
3879 3878 4979 5324 5 2918 3879 5324 5137 2464
5 2983 2982 3865 5008 5007 5 3868 2984 2983
5007 5006 5 5172 5179 3038 3037 3884 4 3069
2284 5387 5386 4 3072 3069 5386 5385 3 5737
5580 5583 5 5737 5583 5076 3850 3849 3 5738
5609 5608 5 5738 5608 5591 3852 3851 3 5431
5430 5739 4 3853 3855 5099 5098 4 3854 3853
5098 5097 5 3856 3854 5097 5431 5739 3 5740
5278 5281 5 3858 3857 5740 5281 5118 4 5117
5116 3860 3859 4 3858 5118 5117 3859 3 5615
5614 5741 5 3862 3861 5136 5615 5741 3 5742
5154 5153 4 5159 5008 3865 3864 5 5742 5153
5159 3864 3863 3 5024 5023 5743 4 3866 3868
5006 5163 5 3867 3866 5163 5024 5743 4 3566
3565 5506 5505 4 3566 5505 5504 2623 4 5241
5240 3870 3869 4 3874 4941 5241 3869 3 5305
5304 5744 5 3876 3875 5296 5305 5744 4 3877
3882 4981 4980 4 3877 4980 4979 3878 3 5745
5026 5025 5 3883 3885 5745 5025 5173 4 3883
5173 5172 3884 3 5746 5747 5748 3 5749 5750
5751 4 5752 5753 5754 5755 3 5756 5757 5758
6 4187 3891 3890 5759 5756 5758 5 3901 3900
4207 5760 5761 3 5762 5763 5764 4 5765 5766
5767 5768 4 4120 5765 5768 5769 4 5770 5771
5772 5773 5 5774 5775 4327 4315 4314 6 5776
5777 5778 4753 4361 4360 4 4781 4121 4120 5769
4 5779 5770 5773 5780 4 4829 4828 5779 5780
4 4883 4884 5781 5782 5 4485 4904 5752 5755
5783 5 4162 4161 4193 5784 5785 5 4202 4164
4162 5785 5786 5 5552 4166 3901 5761 5787 5
5788 5749 5751 5789 5790 5 5791 5792 4179 4178
5793 4 5758 5757 5791 5793 3 5793 4178 4188
4 4187 5758 5793 4188 4 5794 5784 4193 4192
4 5794 4192 4191 5795 3 5796 5797 5798 4
5796 5798 5799 5800 5 4200 4202 5786 5797 5796
4 4201 4200 5796 5800 4 5760 4207 4206 5801
5 5802 5803 5762 5764 5804 5 5805 5746 5748
5806 5807 3 5782 5808 5809 6 5774 4314 4177
4883 5782 5809 4 5810 5802 4324 4323 4 5810
4323 4327 5775 5 5811 5776 4360 4359 4725 3
5778 5777 5812 4 5575 5574 5788 5790 3 4483
4485 5783 4 4150 4154 4483 5783 4 4721 4720
5805 5807 4 5813 5811 4725 4724 4 5813 4724
4721 5807 4 5778 5812 5814 5815 4 4754 4753
5778 5815 3 5780 5773 5816 5 4450 4449 4829
5780 5816 4 4858 4453 4452 5817 4 5818 4859
4858 5817 4 5808 5782 5781 5819 4 4887 4324
5802 5804 4 4151 4150 5783 5755 4 5798 5797
5820 5821 4 5822 5799 5798 5821 4 5823 5824
5825 5826 4 5827 5828 5814 5812 3 5829 5830
5831 4 4151 5755 5754 5832 4 5833 5834 5792
5791 4 5835 5833 5791 5757 3 5836 5837 5838
4 5839 5840 5784 5794 5 5839 5794 5795 5836
5838 4 5841 5820 5797 5786 4 5760 5801 5823
5826 4 5808 5819 5842 5843 4 5816 5773 5772
5844 4 4450 5816 5844 5845 4 5817 4452 5846
5847 5 5829 5831 5818 5817 5847 4 5848 5849
5551 5550 4 5848 5550 5552 5787 3 5850 5851
5852 5 5853 5850 5852 5849 5848 4 5854 5853
5848 5787 4 5790 5789 5855 4409 4 4408 5575
5790 4409 4 5856 5857 5858 5859 4 5860 5856
5859 5861 4 5862 5860 5861 5863 4 5864 5862
5863 5865 4 5866 5864 5865 5867 4 5868 5866
5867 5869 4 5870 5868 5869 5871 4 5872 5870
5871 5873 4 5874 5872 5873 5875 4 5876 5874
5875 5877 4 5878 5876 5877 5879 4 5880 5878
5879 5881 4 5882 5880 5881 5883 4 5884 5882
5883 5885 4 5886 5884 5885 5887 4 5888 5886
5887 5889 4 5890 5888 5889 5891 4 5892 5890
5891 5893 4 5892 5893 5894 5895 4 5896 5897
5857 5856 4 5898 5896 5856 5860 4 5899 5898
5860 5862 4 5900 5899 5862 5864 4 5901 5900
5864 5866 4 5902 5901 5866 5868 4 5903 5902
5868 5870 4 5904 5903 5870 5872 4 5905 5904
5872 5874 4 5906 5905 5874 5876 4 5907 5906
5876 5878 4 5908 5907 5878 5880 4 5909 5908
5880 5882 4 5910 5909 5882 5884 4 5911 5910
5884 5886 4 5912 5911 5886 5888 4 5913 5912
5888 5890 4 5914 5913 5890 5892 4 5914 5892
5895 5915 4 5916 5917 5897 5896 4 5918 5916
5896 5898 4 5919 5918 5898 5899 4 5920 5919
5899 5900 4 5921 5920 5900 5901 4 5922 5921
5901 5902 4 5923 5922 5902 5903 4 5924 5923
5903 5904 4 5925 5924 5904 5905 4 5926 5925
5905 5906 4 5927 5926 5906 5907 4 5928 5927
5907 5908 4 5929 5928 5908 5909 4 5930 5929
5909 5910 4 5931 5930 5910 5911 4 5932 5931
5911 5912 4 5933 5932 5912 5913 4 5934 5933
5913 5914 4 5934 5914 5915 5935 4 5936 5937
5917 5916 4 5938 5936 5916 5918 4 5939 5938
5918 5919 4 5940 5939 5919 5920 4 5941 5940
5920 5921 4 5942 5941 5921 5922 4 5943 5942
5922 5923 4 5944 5943 5923 5924 4 5945 5944
5924 5925 4 5946 5945 5925 5926 4 5947 5946
5926 5927 4 5948 5947 5927 5928 4 5949 5948
5928 5929 4 5950 5949 5929 5930 4 5951 5950
5930 5931 4 5952 5951 5931 5932 4 5953 5952
5932 5933 4 5954 5953 5933 5934 4 5954 5934
5935 5955 4 5956 5957 5937 5936 4 5958 5956
5936 5938 4 5959 5958 5938 5939 4 5960 5959
5939 5940 4 5961 5960 5940 5941 4 5962 5961
5941 5942 4 5963 5962 5942 5943 4 5964 5963
5943 5944 4 5965 5964 5944 5945 4 5966 5965
5945 5946 4 5967 5966 5946 5947 4 5968 5967
5947 5948 4 5969 5968 5948 5949 4 5970 5969
5949 5950 4 5971 5970 5950 5951 4 5972 5971
5951 5952 4 5973 5972 5952 5953 4 5974 5973
5953 5954 4 5974 5954 5955 5975 4 5976 5977
5957 5956 4 5978 5976 5956 5958 4 5979 5978
5958 5959 4 5980 5979 5959 5960 4 5981 5980
5960 5961 4 5982 5981 5961 5962 4 5983 5982
5962 5963 4 5984 5983 5963 5964 4 5985 5984
5964 5965 4 5986 5985 5965 5966 4 5987 5986
5966 5967 4 5988 5987 5967 5968 4 5989 5988
5968 5969 4 5990 5989 5969 5970 4 5991 5990
5970 5971 4 5992 5991 5971 5972 4 5993 5992
5972 5973 4 5994 5993 5973 5974 4 5994 5974
5975 5995 4 5996 5997 5977 5976 4 5998 5996
5976 5978 4 5999 5998 5978 5979 4 6000 5999
5979 5980 4 6001 6000 5980 5981 4 6002 6001
5981 5982 4 6003 6002 5982 5983 4 6004 6003
5983 5984 4 6005 6004 5984 5985 4 6006 6005
5985 5986 4 6007 6006 5986 5987 4 6008 6007
5987 5988 4 6009 6008 5988 5989 4 6010 6009
5989 5990 4 6011 6010 5990 5991 4 6012 6011
5991 5992 4 6013 6012 5992 5993 4 6014 6013
5993 5994 4 6014 5994 5995 6015 4 6016 6017
5997 5996 4 6018 6016 5996 5998 4 6019 6018
5998 5999 4 6020 6019 5999 6000 4 6021 6020
6000 6001 4 6022 6021 6001 6002 4 6023 6022
6002 6003 4 6024 6023 6003 6004 4 6025 6024
6004 6005 4 6026 6025 6005 6006 4 6027 6026
6006 6007 4 6028 6027 6007 6008 4 6029 6028
6008 6009 4 6030 6029 6009 6010 4 6031 6030
6010 6011 4 6032 6031 6011 6012 4 6033 6032
6012 6013 4 6034 6033 6013 6014 4 6034 6014
6015 6035 4 6036 6037 6017 6016 4 6038 6036
6016 6018 4 6039 6038 6018 6019 4 6040 6039
6019 6020 4 6041 6040 6020 6021 4 6042 6041
6021 6022 4 6043 6042 6022 6023 4 6044 6043
6023 6024 4 6045 6044 6024 6025 4 6046 6045
6025 6026 4 6047 6046 6026 6027 4 6048 6047
6027 6028 4 6049 6048 6028 6029 4 6050 6049
6029 6030 4 6051 6050 6030 6031 4 6052 6051
6031 6032 4 6053 6052 6032 6033 4 6054 6053
6033 6034 4 6054 6034 6035 6055 4 6056 6057
6037 6036 4 6058 6056 6036 6038 4 6059 6058
6038 6039 4 6060 6059 6039 6040 4 6061 6060
6040 6041 4 6062 6061 6041 6042 4 6063 6062
6042 6043 4 6064 6063 6043 6044 4 6065 6064
6044 6045 4 6066 6065 6045 6046 4 6067 6066
6046 6047 4 6068 6067 6047 6048 4 6069 6068
6048 6049 4 6070 6069 6049 6050 4 6071 6070
6050 6051 4 6072 6071 6051 6052 4 6073 6072
6052 6053 4 6074 6073 6053 6054 4 6074 6054
6055 6075 4 6076 6077 6057 6056 4 6078 6076
6056 6058 4 6079 6078 6058 6059 4 6080 6079
6059 6060 4 6081 6080 6060 6061 4 6082 6081
6061 6062 4 6083 6082 6062 6063 4 6084 6083
6063 6064 4 6085 6084 6064 6065 4 6086 6085
6065 6066 4 6087 6086 6066 6067 4 6088 6087
6067 6068 4 6089 6088 6068 6069 4 6090 6089
6069 6070 4 6091 6090 6070 6071 4 6092 6091
6071 6072 4 6093 6092 6072 6073 4 6094 6093
6073 6074 4 6094 6074 6075 6095 4 6096 6097
6077 6076 4 6098 6096 6076 6078 4 6099 6098
6078 6079 4 6100 6099 6079 6080 4 6101 6100
6080 6081 4 6102 6101 6081 6082 4 6103 6102
6082 6083 4 6104 6103 6083 6084 4 6105 6104
6084 6085 4 6106 6105 6085 6086 4 6107 6106
6086 6087 4 6108 6107 6087 6088 4 6109 6108
6088 6089 4 6110 6109 6089 6090 4 6111 6110
6090 6091 4 6112 6111 6091 6092 4 6113 6112
6092 6093 4 6114 6113 6093 6094 4 6114 6094
6095 6115 4 6116 6117 6097 6096 4 6118 6116
6096 6098 4 6119 6118 6098 6099 4 6120 6119
6099 6100 4 6121 6120 6100 6101 4 6122 6121
6101 6102 4 6123 6122 6102 6103 4 6124 6123
6103 6104 4 6125 6124 6104 6105 4 6126 6125
6105 6106 4 6127 6126 6106 6107 4 6128 6127
6107 6108 4 6129 6128 6108 6109 4 6130 6129
6109 6110 4 6131 6130 6110 6111 4 6132 6131
6111 6112 4 6133 6132 6112 6113 4 6134 6133
6113 6114 4 6134 6114 6115 6135 4 6136 6137
6117 6116 4 6138 6136 6116 6118 4 6139 6138
6118 6119 4 6140 6139 6119 6120 4 6141 6140
6120 6121 4 6142 6141 6121 6122 4 6143 6142
6122 6123 4 6144 6143 6123 6124 4 6145 6144
6124 6125 4 6146 6145 6125 6126 4 6147 6146
6126 6127 4 6148 6147 6127 6128 4 6149 6148
6128 6129 4 6150 6149 6129 6130 4 6151 6150
6130 6131 4 6152 6151 6131 6132 4 6153 6152
6132 6133 4 6154 6153 6133 6134 4 6154 6134
6135 6155 4 6156 6157 6137 6136 4 6158 6156
6136 6138 4 6159 6158 6138 6139 4 6160 6159
6139 6140 4 6161 6160 6140 6141 4 6162 6161
6141 6142 4 6163 6162 6142 6143 4 6164 6163
6143 6144 4 6165 6164 6144 6145 4 6166 6165
6145 6146 4 6167 6166 6146 6147 4 6168 6167
6147 6148 4 6169 6168 6148 6149 4 6170 6169
6149 6150 4 6171 6170 6150 6151 4 6172 6171
6151 6152 4 6173 6172 6152 6153 4 6174 6173
6153 6154 4 6174 6154 6155 6175 4 6176 6177
6157 6156 4 6178 6176 6156 6158 4 6179 6178
6158 6159 4 6180 6179 6159 6160 4 6181 6180
6160 6161 4 6182 6181 6161 6162 4 6183 6182
6162 6163 4 6184 6183 6163 6164 4 6185 6184
6164 6165 4 6186 6185 6165 6166 4 6187 6186
6166 6167 4 6188 6187 6167 6168 4 6189 6188
6168 6169 4 6190 6189 6169 6170 4 6191 6190
6170 6171 4 6192 6191 6171 6172 4 6193 6192
6172 6173 4 6194 6193 6173 6174 4 6194 6174
6175 6195 4 6196 6197 6176 6178 4 6198 6196
6178 6179 4 6199 6198 6179 6180 4 6200 6199
6180 6181 4 6201 6200 6181 6182 4 6202 6201
6182 6183 4 6203 6202 6183 6184 4 6204 6203
6184 6185 4 6205 6204 6185 6186 4 6206 6205
6186 6187 4 6207 6206 6187 6188 4 6208 6207
6188 6189 4 6209 6208 6189 6190 4 6210 6209
6190 6191 4 6211 6210 6191 6192 4 6212 6211
6192 6193 4 6213 6212 6193 6194 4 6213 6194
6195 6214 4 6215 6216 6197 6196 4 6217 6215
6196 6198 4 6218 6217 6198 6199 4 6219 6218
6199 6200 4 6220 6219 6200 6201 4 6221 6220
6201 6202 4 6222 6221 6202 6203 4 6223 6222
6203 6204 4 6224 6223 6204 6205 4 6225 6224
6205 6206 4 6226 6225 6206 6207 4 6227 6226
6207 6208 4 6228 6227 6208 6209 4 6229 6228
6209 6210 4 6230 6229 6210 6211 4 6231 6230
6211 6212 4 6232 6231 6212 6213 4 6232 6213
6214 6233 4 6234 6235 6216 6215 4 6236 6234
6215 6217 4 6237 6236 6217 6218 4 6238 6237
6218 6219 4 6239 6238 6219 6220 4 6240 6239
6220 6221 4 6241 6240 6221 6222 4 6242 6241
6222 6223 4 6243 6242 6223 6224 4 6244 6243
6224 6225 4 6245 6244 6225 6226 4 6246 6245
6226 6227 4 6247 6246 6227 6228 4 6248 6247
6228 6229 4 6249 6248 6229 6230 4 6250 6249
6230 6231 4 6251 6250 6231 6232 4 6251 6232
6233 6252 4 6253 6254 6235 6234 4 6255 6253
6234 6236 4 6256 6255 6236 6237 4 6257 6256
6237 6238 4 6258 6257 6238 6239 4 6259 6258
6239 6240 4 6260 6259 6240 6241 4 6261 6260
6241 6242 4 6262 6261 6242 6243 4 6263 6262
6243 6244 4 6264 6263 6244 6245 4 6265 6264
6245 6246 4 6266 6265 6246 6247 4 6267 6266
6247 6248 4 6268 6267 6248 6249 4 6269 6268
6249 6250 4 6270 6269 6250 6251 4 6270 6251
6252 6271 4 6272 6273 6254 6253 4 6274 6272
6253 6255 4 6275 6274 6255 6256 4 6276 6275
6256 6257 4 6277 6276 6257 6258 4 6278 6277
6258 6259 4 6279 6278 6259 6260 4 6280 6279
6260 6261 4 6281 6280 6261 6262 4 6282 6281
6262 6263 4 6283 6282 6263 6264 4 6284 6283
6264 6265 4 6285 6284 6265 6266 4 6286 6285
6266 6267 4 6287 6286 6267 6268 4 6288 6287
6268 6269 4 6289 6288 6269 6270 4 6289 6270
6271 6290 4 6291 6292 6273 6272 4 6293 6291
6272 6274 4 6294 6293 6274 6275 4 6295 6294
6275 6276 4 6296 6295 6276 6277 4 6297 6296
6277 6278 4 6298 6297 6278 6279 4 6299 6298
6279 6280 4 6300 6299 6280 6281 4 6301 6300
6281 6282 4 6302 6301 6282 6283 4 6303 6302
6283 6284 4 6304 6303 6284 6285 4 6305 6304
6285 6286 4 6306 6305 6286 6287 4 6307 6306
6287 6288 4 6308 6307 6288 6289 4 6308 6289
6290 6309 4 6310 6311 6292 6291 4 6312 6310
6291 6293 4 6313 6312 6293 6294 4 6314 6313
6294 6295 4 6315 6314 6295 6296 4 6316 6315
6296 6297 4 6317 6316 6297 6298 4 6318 6317
6298 6299 4 6319 6318 6299 6300 4 6320 6319
6300 6301 4 6321 6320 6301 6302 4 6322 6321
6302 6303 4 6323 6322 6303 6304 4 6324 6323
6304 6305 4 6325 6324 6305 6306 4 6326 6325
6306 6307 4 6327 6326 6307 6308 4 6327 6308
6309 6328 4 6329 6330 6311 6310 4 6331 6329
6310 6312 4 6332 6331 6312 6313 4 6333 6332
6313 6314 4 6334 6333 6314 6315 4 6335 6334
6315 6316 4 6336 6335 6316 6317 4 6337 6336
6317 6318 4 6338 6337 6318 6319 4 6339 6338
6319 6320 4 6340 6339 6320 6321 4 6341 6340
6321 6322 4 6342 6341 6322 6323 4 6343 6342
6323 6324 4 6344 6343 6324 6325 4 6345 6344
6325 6326 4 6346 6345 6326 6327 4 6346 6327
6328 6347 4 6348 6349 6330 6329 4 6350 6348
6329 6331 4 6351 6350 6331 6332 4 6352 6351
6332 6333 4 6353 6352 6333 6334 4 6354 6353
6334 6335 4 6355 6354 6335 6336 4 6356 6355
6336 6337 4 6357 6356 6337 6338 4 6358 6357
6338 6339 4 6359 6358 6339 6340 4 6360 6359
6340 6341 4 6361 6360 6341 6342 4 6362 6361
6342 6343 4 6363 6362 6343 6344 4 6364 6363
6344 6345 4 6365 6364 6345 6346 4 6366 6365
6346 6347 4 6367 6368 6369 6370 4 6371 6367
6370 6372 4 6373 6371 6372 6374 4 6375 6373
6374 6376 4 6377 6375 6376 6378 4 6379 6377
6378 6380 4 6379 6380 5858 5857 4 6381 6382
6368 6367 4 6383 6381 6367 6371 4 6384 6383
6371 6373 4 6385 6384 6373 6375 4 6386 6385
6375 6377 4 6387 6386 6377 6379 4 6387 6379
5857 5897 4 6388 6389 6382 6381 4 6390 6388
6381 6383 4 6391 6390 6383 6384 4 6392 6391
6384 6385 4 6393 6392 6385 6386 4 6394 6393
6386 6387 4 6394 6387 5897 5917 4 6395 6396
6389 6388 4 6397 6395 6388 6390 4 6398 6397
6390 6391 4 6399 6398 6391 6392 4 6400 6399
6392 6393 4 6401 6400 6393 6394 4 6401 6394
5917 5937 4 6402 6403 6396 6395 4 6404 6402
6395 6397 4 6405 6404 6397 6398 4 6406 6405
6398 6399 4 6407 6406 6399 6400 4 6408 6407
6400 6401 4 6408 6401 5937 5957 4 6409 6410
6403 6402 4 6411 6409 6402 6404 4 6412 6411
6404 6405 4 6413 6412 6405 6406 4 6414 6413
6406 6407 4 6415 6414 6407 6408 4 6415 6408
5957 5977 4 6416 6417 6410 6409 4 6418 6416
6409 6411 4 6419 6418 6411 6412 4 6420 6419
6412 6413 4 6421 6420 6413 6414 4 6422 6421
6414 6415 4 6422 6415 5977 5997 4 6423 6424
6417 6416 4 6425 6423 6416 6418 4 6426 6425
6418 6419 4 6427 6426 6419 6420 4 6428 6427
6420 6421 4 6429 6428 6421 6422 4 6429 6422
5997 6017 4 6430 6431 6424 6423 4 6432 6430
6423 6425 4 6433 6432 6425 6426 4 6434 6433
6426 6427 4 6435 6434 6427 6428 4 6436 6435
6428 6429 4 6436 6429 6017 6037 4 6437 6438
6431 6430 4 6439 6437 6430 6432 4 6440 6439
6432 6433 4 6441 6440 6433 6434 4 6442 6441
6434 6435 4 6443 6442 6435 6436 4 6443 6436
6037 6057 4 6444 6445 6438 6437 4 6446 6444
6437 6439 4 6447 6446 6439 6440 4 6448 6447
6440 6441 4 6449 6448 6441 6442 4 6450 6449
6442 6443 4 6450 6443 6057 6077 4 6451 6452
6445 6444 4 6453 6451 6444 6446 4 6454 6453
6446 6447 4 6455 6454 6447 6448 4 6456 6455
6448 6449 4 6457 6456 6449 6450 4 6457 6450
6077 6097 4 6458 6459 6452 6451 4 6460 6458
6451 6453 4 6461 6460 6453 6454 4 6462 6461
6454 6455 4 6463 6462 6455 6456 4 6464 6463
6456 6457 4 6464 6457 6097 6117 4 6465 6466
6459 6458 4 6467 6465 6458 6460 4 6468 6467
6460 6461 4 6469 6468 6461 6462 4 6470 6469
6462 6463 4 6471 6470 6463 6464 4 6471 6464
6117 6137 4 6472 6473 6466 6465 4 6474 6472
6465 6467 4 6475 6474 6467 6468 4 6476 6475
6468 6469 4 6477 6476 6469 6470 4 6478 6477
6470 6471 4 6478 6471 6137 6157 4 6479 6480
6473 6472 4 6481 6479 6472 6474 4 6482 6481
6474 6475 4 6483 6482 6475 6476 4 6484 6483
6476 6477 4 6485 6484 6477 6478 4 6485 6478
6157 6177 4 6486 6487 6480 6479 4 6488 6486
6479 6481 4 6489 6488 6481 6482 4 6490 6489
6482 6483 4 6491 6490 6483 6484 4 6492 6491
6484 6485 4 6493 6492 6485 6177 4 6493 6177
6176 6197 4 6494 6495 6487 6486 4 6496 6494
6486 6488 4 6497 6496 6488 6489 4 6498 6497
6489 6490 4 6499 6498 6490 6491 4 6500 6499
6491 6492 4 6501 6500 6492 6493 4 6501 6493
6197 6216 4 6502 6503 6495 6494 4 6504 6502
6494 6496 4 6505 6504 6496 6497 4 6506 6505
6497 6498 4 6507 6506 6498 6499 4 6508 6507
6499 6500 4 6509 6508 6500 6501 4 6509 6501
6216 6235 4 6510 6511 6503 6502 4 6512 6510
6502 6504 4 6513 6512 6504 6505 4 6514 6513
6505 6506 4 6515 6514 6506 6507 4 6516 6515
6507 6508 4 6517 6516 6508 6509 4 6517 6509
6235 6254 4 6518 6519 6510 6512 4 6520 6518
6512 6513 4 6521 6520 6513 6514 4 6522 6521
6514 6515 4 6523 6522 6515 6516 4 6524 6523
6516 6517 4 6524 6517 6254 6273 4 6525 6526
6519 6518 4 6527 6525 6518 6520 4 6528 6527
6520 6521 4 6529 6528 6521 6522 4 6530 6529
6522 6523 4 6531 6530 6523 6524 4 6531 6524
6273 6292 4 6532 6533 6526 6525 4 6534 6532
6525 6527 4 6535 6534 6527 6528 4 6536 6535
6528 6529 4 6537 6536 6529 6530 4 6538 6537
6530 6531 4 6538 6531 6292 6311 4 6539 6540
6533 6532 4 6541 6539 6532 6534 4 6542 6541
6534 6535 4 6543 6542 6535 6536 4 6544 6543
6536 6537 4 6545 6544 6537 6538 4 6545 6538
6311 6330 4 6546 6547 6540 6539 4 6548 6546
6539 6541 4 6549 6548 6541 6542 4 6550 6549
6542 6543 4 6551 6550 6543 6544 4 6552 6551
6544 6545 4 6552 6545 6330 6349 3 6553 6554
6555 6 6556 6557 6558 6559 6560 6561 4 6562
6556 6561 6563 4 6564 6562 6563 6565 4 6566
6564 6565 6567 4 6568 6566 6567 6569 4 6568
6569 6369 6368 7 6570 6571 6572 6573 6574 6557
6556 4 6575 6570 6556 6562 4 6576 6575 6562
6564 4 6577 6576 6564 6566 4 6578 6577 6566
6568 4 6578 6568 6368 6382 5 6579 6580 6581
6571 6570 4 6582 6579 6570 6575 4 6583 6582
6575 6576 4 6584 6583 6576 6577 4 6585 6584
6577 6578 4 6585 6578 6382 6389 8 6586 6587
6588 6589 6590 6591 6592 6593 7 6594 6595 6596
6597 6598 6599 6580 4 6600 6594 6580 6579 4
6601 6600 6579 6582 4 6602 6601 6582 6583 4
6603 6602 6583 6584 4 6604 6603 6584 6585 4
6604 6585 6389 6396 5 6605 6606 6607 6594 6600
4 6608 6605 6600 6601 4 6609 6608 6601 6602
4 6610 6609 6602 6603 4 6611 6610 6603 6604
4 6611 6604 6396 6403 5 6612 6613 6614 6606
6605 4 6615 6612 6605 6608 4 6616 6615 6608
6609 4 6617 6616 6609 6610 4 6618 6617 6610
6611 4 6618 6611 6403 6410 6 6619 6620 6621
6622 6613 6612 4 6623 6619 6612 6615 4 6624
6623 6615 6616 4 6625 6624 6616 6617 4 6626
6625 6617 6618 4 6626 6618 6410 6417 5 6627
6628 6629 6630 6631 3 6632 6633 6634 5 6635
6636 6637 6620 6619 4 6638 6635 6619 6623 4
6639 6638 6623 6624 4 6640 6639 6624 6625 4
6641 6640 6625 6626 4 6641 6626 6417 6424 4
6642 6643 6644 6645 5 6646 6647 6648 6649 6650
5 6651 6652 6653 6636 6635 4 6654 6651 6635
6638 4 6655 6654 6638 6639 4 6656 6655 6639
6640 4 6657 6656 6640 6641 4 6657 6641 6424
6431 4 6658 6659 6660 6661 3 6662 6663 6664
6 6665 6666 6667 6668 6652 6651 4 6669 6665
6651 6654 4 6670 6669 6654 6655 4 6671 6670
6655 6656 4 6672 6671 6656 6657 4 6672 6657
6431 6438 8 6673 6674 6675 6676 6677 6678 6679
6680 8 6681 6682 6683 6684 6685 6686 6687 6666
4 6688 6681 6666 6665 4 6689 6688 6665 6669
4 6690 6689 6669 6670 4 6691 6690 6670 6671
4 6692 6691 6671 6672 4 6692 6672 6438 6445
7 6693 6694 6695 6696 6697 6681 6688 4 6698
6693 6688 6689 4 6699 6698 6689 6690 4 6700
6699 6690 6691 4 6701 6700 6691 6692 4 6701
6692 6445 6452 5 6702 6703 6704 6694 6693 4
6705 6702 6693 6698 4 6706 6705 6698 6699 4
6707 6706 6699 6700 4 6708 6707 6700 6701 4
6708 6701 6452 6459 7 6709 6710 6711 6712 6713
6703 6702 4 6714 6709 6702 6705 4 6715 6714
6705 6706 4 6716 6715 6706 6707 4 6717 6716
6707 6708 4 6717 6708 6459 6466 8 6718 6719
6720 6721 6722 6723 6724 6725 8 6726 6727 6728
6729 6730 6731 6732 6710 4 6733 6726 6710 6709
4 6734 6733 6709 6714 4 6735 6734 6714 6715
4 6736 6735 6715 6716 4 6737 6736 6716 6717
4 6737 6717 6466 6473 3 6738 6739 6740 6
6741 6742 6743 6744 6726 6733 4 6745 6741 6733
6734 4 6746 6745 6734 6735 4 6747 6746 6735
6736 4 6748 6747 6736 6737 4 6748 6737 6473
6480 5 6749 6750 6751 6752 6753 6 6754 6755
6756 6757 6758 6759 5 6760 6761 6762 6742 6741
4 6763 6760 6741 6745 4 6764 6763 6745 6746
4 6765 6764 6746 6747 4 6766 6765 6747 6748
4 6766 6748 6480 6487 4 6767 6768 6769 6770
6 6771 6772 6773 6774 6775 6776 5 6777 6778
6779 6761 6760 4 6780 6777 6760 6763 4 6781
6780 6763 6764 4 6782 6781 6764 6765 4 6783
6782 6765 6766 4 6783 6766 6487 6495 3 6784
6785 6786 6 6787 6788 6789 6790 6778 6777 4
6791 6787 6777 6780 4 6792 6791 6780 6781 4
6793 6792 6781 6782 4 6794 6793 6782 6783 4
6794 6783 6495 6503 5 6795 6796 6797 6788 6787
4 6798 6795 6787 6791 4 6799 6798 6791 6792
4 6800 6799 6792 6793 4 6801 6800 6793 6794
4 6801 6794 6503 6511 5 6802 6803 6804 6796
6795 4 6805 6802 6795 6798 4 6806 6805 6798
6799 4 6807 6806 6799 6800 4 6808 6807 6800
6801 4 6809 6808 6801 6511 4 6809 6511 6510
6519 8 6810 6811 6812 6813 6814 6815 6816 6817
7 6818 6819 6820 6821 6822 6823 6803 4 6824
6818 6803 6802 4 6825 6824 6802 6805 4 6826
6825 6805 6806 4 6827 6826 6806 6807 4 6828
6827 6807 6808 4 6829 6828 6808 6809 4 6829
6809 6519 6526 5 6830 6831 6832 6818 6824 4
6833 6830 6824 6825 4 6834 6833 6825 6826 4
6835 6834 6826 6827 4 6836 6835 6827 6828 4
6837 6836 6828 6829 4 6837 6829 6526 6533 5
6838 6839 6840 6831 6830 4 6841 6838 6830 6833
4 6842 6841 6833 6834 4 6843 6842 6834 6835
4 6844 6843 6835 6836 4 6845 6844 6836 6837
4 6845 6837 6533 6540 6 6846 6847 6848 6849
6839 6838 4 6850 6846 6838 6841 4 6851 6850
6841 6842 4 6852 6851 6842 6843 4 6853 6852
6843 6844 4 6854 6853 6844 6845 4 6854 6845
6540 6547 5 6855 6856 6553 6555 6857 5 6858
6859 6860 6855 6857 3 6857 6555 6861 4 6858
6857 6861 6862 5 6863 6864 6865 6866 6867 5
6868 6869 6863 6867 6870 5 6871 6872 6868 6870
6873 5 6874 6875 6871 6873 6876 4 6877 6878
6859 6858 5 6879 6877 6858 6862 6880 5 6881
6882 6879 6880 6883 5 6884 6885 6881 6883 6886
5 6593 6887 6888 6884 6886 4 6889 6890 6891
6892 5 6893 6894 6895 6889 6892 5 6892 6891
6896 6591 6897 4 6893 6892 6897 6898 3 6899
6894 6893 4 6900 6901 6902 6903 6 6904 6905
6899 6893 6898 6906 5 6900 6903 6904 6906 6907
5 6908 6909 6901 6900 6910 5 6911 6631 6912
6908 6910 4 6910 6900 6907 6913 3 6911 6910
6913 5 6914 6915 6916 6917 6918 5 6919 6914
6918 6920 6921 5 6922 6919 6921 6923 6924 5
6925 6922 6924 6926 6927 5 6928 6929 6930 6642
6645 5 6931 6932 6928 6645 6658 5 6933 6934
6931 6658 6661 6 6935 6936 6937 6933 6661 6938
3 6680 6935 6938 4 6939 6940 6678 6941 5
6942 6943 6939 6941 6944 5 6945 6946 6942 6944
6947 5 6948 6949 6945 6947 6950 5 6951 6952
6948 6950 6953 4 6725 6954 6951 6953 6 6955
6956 6957 6958 6738 6740 5 6753 6959 6960 6955
6740 3 6738 6958 6723 5 6961 6962 6963 6964
6965 5 6966 6967 6961 6965 6968 5 6969 6970
6966 6968 6971 5 6972 6973 6974 6969 6971 5
6975 6976 6977 6978 6979 5 6980 6975 6979 6981
6982 5 6983 6980 6982 6984 6985 5 6986 6983
6985 6987 6988 5 6989 6861 6555 6554 6990 4
6989 6990 6866 6865 4 6991 6862 6861 6989 5
6991 6989 6865 6992 6993 4 6994 6995 6560 6559
3 6994 6559 6558 4 6996 6874 6876 6997 4
6996 6997 6995 6994 5 6998 6999 7000 6874 6996
5 6998 6996 6994 6558 6557 4 7001 6880 6862
6991 5 7001 6991 6993 7002 7003 4 7004 6883
6880 7001 5 7004 7001 7003 7005 7006 3 7007
7008 7009 3 7010 6574 6573 3 7010 6573 6572
5 7011 7012 7013 6999 6998 5 7011 6998 6557
6574 7010 5 7014 7015 7016 7012 7011 5 7014
7011 7010 6572 6571 4 7017 6886 6883 7004 5
7017 7004 7006 7018 7019 4 6586 6593 6886 7017
5 6587 6586 7017 7019 7020 3 7021 7022 7023
5 7024 7025 7026 7015 7014 4 7024 7014 6571
6581 5 6599 6598 7027 7025 7024 4 6580 6599
7024 6581 5 7028 6588 6587 7029 7030 5 7028
7030 7031 7032 7033 5 7034 7035 6589 6588 7028
5 7036 7037 7034 7028 7033 5 7038 7033 7032
7039 7040 5 7038 7040 7041 6598 6597 5 7042
7043 7036 7033 7038 5 7044 7042 7038 6597 6596
4 7045 6897 6591 6590 5 7045 6590 6589 7046
7047 4 7048 6898 6897 7045 5 7048 7045 7047
7049 7050 3 7051 7052 7053 3 7054 7051 7053
5 7055 7056 7057 6596 6595 4 7055 6595 6594
6607 5 7058 7059 7060 7056 7055 4 7058 7055
6607 6606 4 7061 6906 6898 7048 5 7061 7048
7050 7062 7063 4 7064 6907 6906 7061 5 7064
7061 7063 7065 7066 5 7067 7068 7069 7059 7058
4 7067 7058 6606 6614 5 7070 7071 7072 7068
7067 4 7070 7067 6614 6613 3 6627 6631 6911
4 7073 6913 6907 7064 5 7073 7064 7066 7074
6916 5 7075 6627 6911 6913 7073 4 7075 7073
6916 6915 3 7076 7077 7078 3 7079 7080 7076
3 7079 7076 7078 3 6621 6620 7081 5 7082
6927 7083 7071 7070 4 7082 7070 6613 6622 4
7084 6925 6927 7082 5 7084 7082 6622 6621 7081
4 7085 6912 6631 6630 5 6642 6930 7086 7085
6630 5 7087 7088 7089 6915 6914 5 7090 7091
7087 6914 6919 5 7092 7093 7090 6919 6922 5
7094 7095 7092 6922 6925 5 6644 6643 7096 7097
7098 5 7099 6659 6658 6645 6644 5 7099 6644
7098 7100 7101 3 7102 6659 7099 4 7102 7099
7101 7103 4 7097 7096 7104 7105 4 7098 7097
7105 7106 4 6646 6650 6636 6653 6 6662 6664
7107 7108 6647 6646 4 6662 6646 6653 6652 3
7109 7107 6664 3 6938 6661 6660 4 7110 6660
6659 7102 5 7110 7102 7103 7111 7112 5 6673
6680 6938 6660 7110 5 6674 6673 7110 7112 7113
4 6663 6662 6652 6668 6 7114 7115 7116 7109
6664 6663 4 7114 6663 6668 6667 5 6687 6686
7117 7115 7114 4 6666 6687 7114 6667 5 7118
6675 6674 7119 7120 5 7118 7120 7121 7122 7123
5 7124 7125 6676 6675 7118 5 7126 7127 7124
7118 7123 5 7128 7123 7122 7129 7130 5 7128
7130 7131 6686 6685 5 7132 7133 7126 7123 7128
5 7134 7132 7128 6685 6684 4 7135 6941 6678
6677 5 7135 6677 6676 7136 7137 4 7138 6944
6941 7135 5 7138 7135 7137 7139 7140 3 6682
6681 6697 3 6695 6694 7141 5 7142 7143 7144
6684 6683 5 7142 6683 6682 6697 6696 5 7145
7146 7147 7143 7142 5 7145 7142 6696 6695 7141
4 7148 6947 6944 7138 5 7148 7138 7140 7149
7150 4 7151 6950 6947 7148 5 7151 7148 7150
7152 7153 4 7154 7155 7156 7157 4 7158 7154
7157 7159 4 7160 7141 6694 6704 4 7160 6704
6703 7161 5 7162 7163 7164 7146 7145 4 7162
7145 7141 7160 5 7165 7166 7167 7163 7162 4
7165 7162 7160 7161 4 7168 6953 6950 7151 5
7168 7151 7153 7169 7170 4 6718 6725 6953 7168
5 6719 6718 7168 7170 7171 3 7172 7173 7174
4 7175 7176 7177 7172 3 7175 7172 7174 4
7178 7179 7180 7181 4 7182 7178 7181 7183 3
7161 6703 6713 3 6711 6710 6732 5 7184 7185
7186 7166 7165 5 7184 7165 7161 6713 6712 5
6731 6730 7187 7185 7184 5 6711 6732 6731 7184
6712 5 7188 6720 6719 7189 7190 5 7188 7190
7191 7192 7193 5 7194 7195 6721 6720 7188 5
7196 7197 7194 7188 7193 5 7198 7193 7192 7199
7200 5 7198 7200 7201 6730 6729 5 7202 7203
7196 7193 7198 5 7204 7202 7198 6729 6728 4
6749 6753 6740 6739 5 7205 6739 6738 6723 6722
5 7205 6722 6721 7206 7207 4 7208 6749 6739
7205 5 7208 7205 7207 7209 7210 3 7211 7212
7213 3 7214 7211 7213 3 7212 7211 7215 3
6754 6759 7216 4 6743 6742 6754 7216 5 7217
7218 7219 6728 6727 4 7217 6727 6726 6744 6
7216 6759 7220 7221 7218 7217 4 6743 7216 7217
6744 5 6751 6750 7222 7223 7224 4 6767 6770
6752 6751 5 7225 6767 6751 7224 7226 3 6750
6749 7208 4 7222 6750 7208 7210 4 7223 7222
7227 7228 4 7224 7223 7228 7229 4 6755 6754
6742 6762 5 6771 6776 7230 6756 6755 4 6771
6755 6762 6761 3 7220 6759 6758 5 6965 6964
7231 7232 7233 5 6968 6965 7233 7234 7235 5
6971 6968 7235 7236 7237 5 6972 6971 7237 7238
7239 5 7240 7241 6784 6786 7242 4 7240 7242
6964 6963 4 7243 7244 7241 7240 5 7243 7240
6963 7245 7246 3 7247 6778 6790 4 7248 6973
6972 7249 5 7248 7249 7247 6790 6789 5 7250
7251 7252 6973 7248 4 7250 7248 6789 6788 4
7253 7254 7244 7243 5 7253 7243 7246 7255 7256
4 7257 7258 7254 7253 5 7257 7253 7256 7259
7260 5 7261 7262 7263 7251 7250 4 7261 7250
6788 6797 5 7264 7265 7266 7262 7261 4 7264
7261 6797 6796 4 7267 7268 7258 7257 5 7267
7257 7260 7269 7270 4 6810 6817 7268 7267 5
6811 6810 7267 7270 7271 3 7272 7273 7274 5
7275 7276 7277 7265 7264 4 7275 7264 6796 6804
5 6823 6822 7278 7276 7275 4 6803 6823 7275
6804 5 7279 6812 6811 7280 7281 5 7279 7281
7282 7283 7284 5 7285 7286 6813 6812 7279 5
7287 7288 7285 7279 7284 5 7289 7284 7283 7290
7291 5 7289 7291 7292 6822 6821 5 7293 7294
7287 7284 7289 5 7295 7293 7289 6821 6820 4
7296 7297 6815 6814 5 7296 6814 6813 7298 7299
4 7300 7301 7297 7296 5 7300 7296 7299 7302
7303 3 7304 7305 7306 3 7307 7304 7306 5
7308 7309 7310 6820 6819 4 7308 6819 6818 6832
5 7311 7312 7313 7309 7308 4 7311 7308 6832
6831 4 7314 7315 7301 7300 5 7314 7300 7303
7316 7317 4 7318 7319 7315 7314 5 7318 7314
7317 7320 7321 5 7322 7323 7324 7312 7311 4
7322 7311 6831 6840 5 7325 7326 7327 7323 7322
4 7325 7322 6840 6839 3 7328 7329 7330 4
7331 7332 7319 7318 5 7331 7318 7321 7333 6977
5 7334 7328 7330 7332 7331 4 7334 7331 6977
6976 3 7335 7336 7337 3 7335 7337 7338 3
7339 6849 6848 4 7339 6848 6847 7340 5 7341
6988 7342 7326 7325 5 7341 7325 6839 6849 7339
4 7343 6986 6988 7341 4 7343 7341 7339 7340
3 7007 7009 7344 3 7345 7007 7344 4 6864
6863 7346 7347 5 7347 7344 7009 6993 6992 4
6864 7347 6992 6865 5 7348 7345 7344 7347 7346
4 7349 7346 6863 6869 4 7350 7351 7352 7349
4 7350 7349 6869 6868 4 7348 7346 7349 7352
3 7353 7354 7355 3 7353 7355 7356 4 6872
6871 7357 7358 4 7358 7359 7351 7350 4 6872
7358 7350 6868 4 7360 7359 7358 7357 4 7361
7357 6871 6875 5 7000 6999 7354 7353 7361 4
6874 7000 7361 6875 5 7360 7357 7361 7353 7356
5 7002 6993 7009 7008 7362 4 7003 7002 7362
7363 4 7364 7365 7006 7005 4 7364 7005 7003
7363 3 7023 7366 7367 3 7021 7023 7367 4
7018 7006 7365 7368 5 7019 7018 7368 7022 7021
5 7367 7366 7369 7370 7371 4 7371 7029 6587
7020 5 7019 7021 7367 7371 7020 4 7030 7029
7371 7370 4 7372 7370 7369 7373 4 7374 7032
7031 7372 4 7374 7372 7373 7375 4 7030 7370
7372 7031 3 7376 7377 7378 3 7379 7380 7376
3 7379 7376 7378 4 7381 7382 7015 7026 5
7378 7377 7381 7026 7025 4 7383 7384 7385 7386
4 7386 7039 7032 7374 4 7383 7386 7374 7375
4 7040 7039 7386 7385 5 7387 7385 7384 7380
7379 4 7027 6598 7041 7387 5 7027 7387 7379
7378 7025 4 7040 7385 7387 7041 3 7054 7053
7388 5 7389 7390 7052 7051 7391 4 7391 7046
6589 7035 4 7389 7391 7035 7034 5 7047 7046
7391 7051 7054 4 7392 7393 7390 7389 4 7037
7036 7394 7392 4 7037 7392 7389 7034 4 7395
7393 7392 7394 4 7396 7397 7050 7049 5 7396
7049 7047 7054 7388 3 7398 7399 7400 3 7398
7400 7401 3 7402 7398 7401 4 7403 7404 7405
7406 4 7406 7394 7036 7043 4 7403 7406 7043
7042 4 7395 7394 7406 7405 5 7407 7400 7399
7404 7403 4 7044 6596 7057 7407 4 7044 7407
7403 7042 5 7401 7400 7407 7057 7056 4 7060
7059 7408 7409 5 7402 7401 7056 7060 7409 4
7062 7050 7397 7410 4 7063 7062 7410 7411 4
7412 7413 7066 7065 4 7412 7065 7063 7411 4
7414 7408 7059 7069 4 7415 7414 7069 7068 4
7072 7071 7416 7417 4 7415 7068 7072 7417 5
7078 7077 7418 6918 6917 5 7074 7066 7413 7080
7079 5 6916 7074 7079 7078 6917 4 6920 6918
7418 7419 4 6921 6920 7419 7420 3 7421 7422
7423 3 7423 7424 7425 3 7421 7423 7425 4
7426 7427 6924 6923 4 7426 6923 6921 7420 5
6926 6924 7427 7422 7421 5 7425 7424 7416 7071
7083 5 6926 7421 7425 7083 6927 4 7428 7429
7101 7100 4 7428 7100 7098 7106 4 7103 7101
7429 7430 4 7431 7432 6649 6648 4 7433 7431
6648 6647 4 7108 7107 7434 7435 4 7433 6647
7108 7435 4 7436 7434 7107 7109 3 7437 7438
7439 3 7440 7437 7439 3 7438 7437 7441 4
7111 7103 7430 7442 4 7112 7111 7442 7443 5
7439 7438 7119 6674 7113 5 7440 7439 7113 7112
7443 5 7120 7119 7438 7441 7444 4 7445 7446
7122 7121 4 7445 7121 7120 7444 3 7447 7448
7449 3 7447 7449 7450 3 7451 7449 7448 4
7452 7436 7109 7116 4 7453 7452 7116 7115 4
7129 7122 7446 7454 4 7130 7129 7454 7455 5
7117 6686 7131 7448 7447 5 7453 7115 7117 7447
7450 5 7451 7448 7131 7130 7455 3 7456 7457
7458 4 7458 7156 7155 7459 3 7456 7458 7459
3 7460 7461 7462 4 7463 7464 7465 7466 4
7466 7136 6676 7125 4 7463 7466 7125 7124 4
7137 7136 7466 7465 4 7467 7468 7464 7463 4
7127 7126 7469 7467 4 7127 7467 7463 7124 4
7468 7467 7469 7470 5 7465 7464 7471 7457 7456
4 7459 7155 7140 7139 5 7137 7465 7456 7459
7139 4 7472 7471 7464 7468 5 7460 7462 7472
7468 7470 4 7473 7474 7475 7476 4 7473 7476
7461 7460 4 7477 7475 7474 7478 3 7479 7480
7477 3 7479 7477 7478 4 7481 7482 7483 7484
4 7484 7469 7126 7133 4 7481 7484 7133 7132
4 7470 7469 7484 7483 4 7485 7486 7482 7481
4 7134 6684 7144 7485 4 7134 7485 7481 7132
4 7486 7485 7144 7143 4 7483 7482 7474 7473
4 7470 7483 7473 7460 4 7478 7474 7482 7486
5 7147 7146 7487 7480 7479 5 7147 7479 7478
7486 7143 3 7488 7182 7183 5 7174 7173 7489
7490 7491 4 7169 7153 7176 7175 5 7170 7169
7175 7174 7491 4 7492 7490 7489 7493 5 7492
7493 7488 7183 7494 4 7491 7490 7495 7496 4
7496 7189 6719 7171 4 7170 7491 7496 7171 4
7190 7189 7496 7495 4 7497 7495 7490 7492 4
7498 7192 7191 7497 4 7498 7497 7492 7494 4
7190 7495 7497 7191 4 7499 7180 7179 7500 3
7500 7501 7502 3 7499 7500 7502 4 7181 7180
7503 7504 4 7494 7183 7181 7504 4 7505 7503
7180 7499 5 7502 7501 7506 7166 7186 5 7505
7499 7502 7186 7185 4 7504 7503 7507 7508 4
7508 7199 7192 7498 4 7494 7504 7508 7498 4
7200 7199 7508 7507 4 7509 7507 7503 7505 4
7187 6730 7201 7509 4 7187 7509 7505 7185 4
7200 7507 7509 7201 5 7213 7212 7206 6721 7195
5 7510 7214 7213 7195 7194 5 7207 7206 7212
7215 7511 4 7197 7196 7512 7513 4 7510 7194
7197 7513 4 7514 7515 7210 7209 4 7514 7209
7207 7511 3 7516 7517 7518 3 7516 7518 7519
3 7520 7518 7517 4 7521 7512 7196 7203 4
7522 7521 7203 7202 5 7204 6728 7219 7517 7516
5 7522 7202 7204 7516 7519 5 7523 7520 7517
7219 7218 4 7221 7220 7524 7525 4 7523 7218
7221 7525 4 7526 7527 7225 7226 4 7526 7226
7224 7229 4 7227 7222 7210 7515 4 7528 7529
6758 6757 4 7530 7528 6757 6756 4 7230 6776
7531 7532 4 7530 6756 7230 7532 4 7524 7220
6758 7529 3 7533 7534 7535 3 7535 7536 7537
3 7533 7535 7537 5 6962 6961 7538 7534 7533
5 7537 7536 7539 7246 7245 5 6962 7533 7537
7245 6963 4 7540 7538 6961 6967 4 7541 7540
6967 6966 3 7542 7543 7544 3 7545 7546 7542
3 7545 7542 7544 4 6970 6969 7547 7548 4
7541 6966 6970 7548 5 7544 7543 7547 6969 6974
5 7252 7251 7549 7546 7545 5 6973 7252 7545
7544 6974 4 7255 7246 7539 7550 4 7256 7255
7550 7551 4 7552 7553 7260 7259 4 7552 7259
7256 7551 4 7554 7549 7251 7263 4 7555 7554
7263 7262 4 7266 7265 7556 7557 4 7555 7262
7266 7557 3 7274 7558 7559 3 7272 7274 7559
4 7269 7260 7553 7560 5 7270 7269 7560 7273
7272 5 7559 7558 7561 7562 7563 4 7563 7280
6811 7271 5 7270 7272 7559 7563 7271 4 7281
7280 7563 7562 4 7564 7562 7561 7565 4 7566
7283 7282 7564 4 7566 7564 7565 7567 4 7281
7562 7564 7282 3 7568 7569 7570 3 7571 7572
7568 3 7571 7568 7570 4 7573 7556 7265 7277
5 7570 7569 7573 7277 7276 4 7574 7575 7576
7577 4 7577 7290 7283 7566 4 7574 7577 7566
7567 4 7291 7290 7577 7576 5 7578 7576 7575
7572 7571 4 7278 6822 7292 7578 5 7278 7578
7571 7570 7276 4 7291 7576 7578 7292 3 7307
7306 7579 5 7580 7581 7305 7304 7582 4 7582
7298 6813 7286 4 7580 7582 7286 7285 5 7299
7298 7582 7304 7307 4 7583 7584 7581 7580 4
7288 7287 7585 7583 4 7288 7583 7580 7285 4
7586 7584 7583 7585 4 7587 7588 7303 7302 5
7587 7302 7299 7307 7579 3 7589 7590 7591 3
7589 7591 7592 3 7593 7589 7592 4 7594 7595
7596 7597 4 7597 7585 7287 7294 4 7594 7597
7294 7293 4 7586 7585 7597 7596 5 7598 7591
7590 7595 7594 4 7295 6820 7310 7598 4 7295
7598 7594 7293 5 7592 7591 7598 7310 7309 4
7313 7312 7599 7600 5 7593 7592 7309 7313 7600
3 7601 7602 7603 4 7604 7599 7312 7324 4
7605 7604 7324 7323 5 7327 7326 7601 7603 7606
4 7605 7323 7327 7606 4 7607 6979 6978 7608
5 7608 7333 7321 7336 7335 5 7607 7608 7335
7338 7609 4 6977 7333 7608 6978 4 7610 6981
6979 7607 4 7611 7612 7613 7610 4 7611 7610
7607 7609 4 6982 6981 7610 7613 3 7602 7601
7614 3 7615 7602 7614 4 7616 6985 6984 7617
4 7617 7613 7612 7618 4 7616 7617 7618 7619
4 6982 7613 7617 6984 4 7620 6987 6985 7616
5 7614 7601 7326 7342 7620 5 7615 7614 7620
7616 7619 4 6987 7620 7342 6988 3 7621 7355
7354 5 7622 7621 7354 6999 7013 4 7623 7622
7013 7012 4 7016 7015 7382 7624 4 7623 7012
7016 7624 4 7625 7177 7176 7626 4 7158 7159
7625 7626 4 7149 7140 7155 7154 4 7150 7149
7154 7158 4 7626 7176 7153 7152 4 7150 7158
7626 7152 4 7627 7487 7146 7164 4 7628 7627
7164 7163 4 7167 7166 7506 7629 4 7628 7163
7167 7629 3 7630 7337 7336 4 7316 7303 7588
7631 4 7317 7316 7631 7632 5 7633 7630 7336
7321 7320 4 7633 7320 7317 7632 3 6629 6628
7634 4 6643 6642 6630 6629 6 7635 7636 7096
6643 6629 7634 3 6628 6627 7075 5 7634 6628
7075 6915 7089 3 7635 7634 7089 5 6632 6634
7081 6620 6637 6 6650 6649 7637 7638 6633 6632
4 6636 6650 6632 6637 5 6634 6633 7094 6925
7084 3 7081 6634 7084 3 7094 6633 7638 6
6768 6767 7225 7639 7640 7641 5 7642 6786 6785
6769 6768 3 7642 6768 7641 3 7641 7640 7231
3 7242 6786 7642 5 6964 7242 7642 7641 7231
4 7643 7639 7225 7527 5 7643 7527 7644 7645
7646 4 7643 7646 7647 7648 4 7640 7639 7643
7648 3 7649 7650 7651 3 7652 7649 7651 4
6772 6771 6761 6779 3 7653 6773 6772 5 7653
6772 6779 6778 7247 3 7239 6774 6773 5 7249
6972 7239 6773 7653 3 7249 7653 7247 4 7104
7096 7636 7654 5 7655 7656 7657 7104 7654 4
7658 7659 7655 7654 4 7658 7654 7636 7635 3
7660 7656 7655 3 7660 7655 7659 3 7661 7657
7656 4 7088 7087 7659 7658 4 7088 7658 7635
7089 4 7662 7663 7664 7665 5 7662 7665 7661
7656 7660 5 7662 7660 7659 7087 7091 4 7663
7662 7091 7090 3 7666 7667 7668 3 7666 7668
7669 4 7670 7637 6649 7432 5 7670 7432 7671
7667 7666 4 7670 7666 7669 7672 4 7638 7637
7670 7672 4 7673 7664 7663 7674 5 7668 7667
7675 7673 7674 5 7093 7092 7669 7668 7674 4
7093 7674 7663 7090 3 7675 7667 7671 4 7672
7669 7092 7095 4 7094 7638 7672 7095 3 7646
7645 7676 3 7647 7646 7676 3 7645 7644 7677
4 7648 7647 7233 7232 4 7231 7640 7648 7232
4 7678 7679 7680 7681 5 7676 7645 7677 7678
7681 5 7234 7233 7647 7676 7681 4 7235 7234
7681 7680 4 7531 6776 6775 7682 5 7651 7650
7683 7531 7682 4 7684 7652 7651 7682 4 7684
7682 6775 6774 4 7685 7680 7679 7686 5 7685
7686 7687 7650 7649 5 7685 7649 7652 7237 7236
4 7235 7680 7685 7236 3 7683 7650 7687 4
7238 7237 7652 7684 4 7238 7684 6774 7239 6
7688 6856 6855 5835 5757 5756 4 6912 7085 7689
7690 4 5775 5774 7691 6940 4 7692 7693 5777
5776 5 7694 5766 5765 7695 7696 3 7688 5756
5759 5 5826 5825 6908 6912 7690 4 5761 5760
5826 7690 6 5803 5802 5810 5775 6940 6939 6
6951 6954 5811 5813 5807 5806 5 7697 7698 6959
6753 6752 5 7699 7700 7697 6752 6770 5 7694
7696 6785 6784 7701 5 7702 7703 7704 7694 7701
4 7695 5765 4120 4119 3 7701 6784 7241 4
7702 7701 7241 7244 4 7705 7706 7703 7702 3
7707 7708 7709 5 7710 7705 7702 7244 7254 6
7707 7709 7711 7710 7254 7258 5 7712 7713 7708
7707 7714 4 7715 7716 7712 7714 4 7714 7707
7258 7268 5 7717 7715 7714 7268 6817 5 7718
7719 7720 6815 7297 5 7721 7722 7718 7297 7301
5 7723 7724 7725 7726 7727 6 7728 7729 4152
4151 5832 7723 5 7330 7329 7728 7723 7727 4
7727 7726 7319 7332 3 4155 4152 7729 3 7330
7727 7332 4 7726 7725 7730 7731 5 7732 7733
7721 7301 7315 5 7732 7315 7319 7726 7731 4
6878 6877 7734 7735 4 6859 6878 7735 5834 3
7736 5837 7737 4 6894 6899 7738 7739 5 5854
5787 5761 7690 7689 4 6929 6928 7740 7741 4
6930 6929 7741 5851 4 6934 6933 7742 7743 5
6931 6934 7743 7744 7745 3 7746 5748 5747 3
7746 5747 7747 5 7698 7697 7748 7749 7750 4
6959 7698 7750 7751 5 7695 4119 4409 5855 7752
4 7696 7695 7752 7753 5 7753 7754 7699 6770
6769 4 6785 7696 7753 6769 4 7706 7705 7755
7756 4 7703 7706 7756 7757 4 7713 7712 5771
7758 4 7708 7713 7758 7759 4 7760 7734 6877
6879 4 7761 7760 6879 6882 4 7762 7761 6882
6881 5 6885 6884 7736 7737 7763 4 7762 6881
6885 7763 4 7764 5822 6889 6895 4 7764 6895
6894 7739 4 7765 7766 6903 6902 4 7767 7765
6902 6901 4 6905 6904 7768 7769 4 7738 6899
6905 7769 4 7768 6904 6903 7766 5 7770 7771
7740 6928 6932 4 7770 6932 6931 7745 3 7772
7771 7770 4 7773 7772 7770 7745 3 7773 7745
7744 3 5763 5762 7774 3 7775 5763 7774 5
7774 5762 5803 6939 6943 5 7776 7775 7774 6943
6942 4 6946 6945 7777 7778 4 7776 6942 6946
7778 4 7779 7777 6945 6949 4 7780 7779 6949
6948 5 6952 6951 5806 5748 7746 5 7780 6948
6952 7746 7747 4 7781 7782 6955 6960 5 7783
7781 6960 6959 7751 3 7784 7783 7751 4 7785
7748 7697 7700 4 5750 7785 7700 7699 3 7750
7749 7786 4 7784 7751 7750 7786 4 7709 7708
7759 7787 4 7788 7755 7705 7710 4 7789 7788
7710 7711 4 7789 7711 7709 7787 3 7790 5830
7791 5 7792 7790 7791 7718 7722 4 7793 7792
7722 7721 4 7794 7793 7721 7733 4 7795 7794
7733 7732 4 7796 7795 7732 7731 4 7730 7725
5753 7797 4 7796 7731 7730 7797 5 7798 5785
5784 5840 6887 4 7798 6887 6593 6592 5 6896
5841 5786 5785 7798 4 6591 6896 7798 6592 4
6890 6889 5822 5821 4 6891 6890 5821 5820 4
6909 6908 5825 5824 4 7767 6901 6909 5824 5
5809 5808 5843 6936 7799 4 7691 5774 5809 7799
3 7799 6936 6935 5 7691 7799 6935 6680 6679
4 6678 6940 7691 6679 4 7692 5776 5811 6954
5 6957 5827 5812 5777 7693 3 6958 6957 7693
4 7692 6954 6725 6724 5 6723 6958 7693 7692
6724 4 6956 6955 7782 5828 4 5827 6957 6956
5828 5 7800 5751 5750 7699 7754 4 7800 7754
7753 7752 5 4451 4450 5845 7717 7801 5 7720
5846 4452 4451 7801 4 7801 7717 6817 6816 4
6815 7720 7801 6816 3 7791 5830 5829 4 7724
7723 5832 5754 4 5753 7725 7724 5754 4 5833
5835 6855 6860 4 5833 6860 6859 5834 3 5838
5837 7736 5 5839 5838 7736 6884 6888 4 5839
6888 6887 5840 4 5841 6896 6891 5820 4 5842
7742 6933 6937 4 5842 6937 6936 5843 4 5767
5766 7694 7704 4 5767 7704 7703 7757 4 5772
5771 7712 7716 4 5844 5772 7716 7715 4 5844
7715 7717 5845 5 7719 7718 7791 5829 5847 4
5846 7720 7719 5847 5 7086 6930 5851 5850 7802
4 7689 7085 7086 7802 3 7802 5850 5853 4
5854 7689 7802 5853 3 5789 5751 7800 4 5789
7800 7752 5855 
POINT_DATA 7803
FIELD attributes 6
p 1 7803 float
485.092 452.265 442.953 452.22 485.015 452.144 484.964 452.093 484.925 452.054 484.887
452.016 484.846 451.976 484.804 451.933 484.759 451.888 484.711 451.838 484.661
451.784 484.608 451.721 484.556 451.646 484.509 451.547 484.475 451.405 484.549
451.198 484.5 450.783 489.017 450.685 492.084 481.877 480.957 487.632 485.091
452.265 485.015 484.964 484.925 484.886 484.845 484.802 484.757 484.709 484.66
484.611 484.567 484.54 484.554 484.785 484.975 491.776 491.503 493.463 491.323
492.153 493.224 485.09 452.263 485.013 484.962 484.922 484.883 484.841 484.797
484.75 484.702 484.651 484.598 484.545 484.491 484.435 484.452 484.224 490.461
487.622 485.087 452.26 485.011 484.96 484.92 484.88 484.838 484.793 484.746
484.698 484.647 484.597 484.546 484.493 484.437 484.438 484.178 487.289 488.254
488.218 488.834 484.006 481.307 482.865 483.341 485.082 452.256 485.006 484.955
484.915 484.875 484.833 484.787 484.74 484.691 484.641 484.593 484.55 484.524
484.539 484.782 484.94 490.113 491.711 488.357 491.177 468.995 467.832 478.474
486.844 478.012 485.076 452.249 485 484.949 484.91 484.87 484.828 484.784
484.737 484.69 484.642 484.596 484.553 484.523 484.521 484.69 484.728 492.404
489.796 493.651 493.694 485.068 452.24 484.993 484.942 484.903 484.864 484.822
484.777 484.73 484.681 484.629 484.573 484.511 484.432 484.319 484.156 483.696
483.572 482.195 479.827 492.65 488.654 489.071 493.559 472.527 468.643 485.058
452.23 484.984 484.934 484.897 484.859 484.819 484.776 484.731 484.684 484.635
484.584 484.53 484.473 484.411 484.419 484.173 488.491 478.144 486.528 491.724
458.402 459.001 467.615 471.578 485.048 452.22 484.974 484.926 484.888 484.852
484.812 484.77 484.726 484.68 484.633 484.588 484.549 484.53 484.56 484.836
485.05 491.61 491.766 493.314 485.038 452.21 484.966 484.919 484.883 484.848
484.81 484.769 484.727 484.682 484.635 484.587 484.54 484.497 484.46 484.538
484.336 491.415 488.467 493.704 492.88 485.03 452.202 484.959 484.912 484.877
484.842 484.805 484.765 484.722 484.678 484.632 484.584 484.535 484.484 484.424
484.411 484.085 487.278 490.724 486.026 480.278 480.539 483.062 487.946 488.357
428.696 471.392 471.477 440.548 417.518 485.025 452.196 484.954 484.908 484.874
484.84 484.803 484.764 484.721 484.678 484.635 484.593 484.56 484.547 484.577
484.808 484.958 489.326 490.741 488.69 489.863 485.022 452.193 484.95 484.905
484.871 484.836 484.798 484.759 484.716 484.673 484.63 484.589 484.557 484.544
484.573 484.804 484.952 492.185 490.721 491.702 493.085 485.022 452.193 484.951
484.905 484.87 484.835 484.797 484.755 484.712 484.666 484.62 484.574 484.527
484.478 484.422 484.413 484.095 489.317 487.293 491.665 489.814 485.024 452.196
484.953 484.906 484.87 484.834 484.795 484.753 484.708 484.662 484.616 484.57
484.525 484.484 484.452 484.537 484.353 488.493 488.287 488.028 483.486 480.762
480.555 486.008 490.777 485.029 452.201 484.956 484.909 484.872 484.835 484.794
484.75 484.704 484.657 484.61 484.566 484.529 484.511 484.543 484.825 485.06
491.422 491.805 492.924 471.309 478.516 497.177 491.813 491.128 485.034 452.206
484.961 484.913 484.876 484.838 484.796 484.751 484.704 484.655 484.605 484.555
484.503 484.447 484.387 484.4 484.172 491.655 488.511 493.766 493.364 485.04
452.213 484.967 484.918 484.879 484.84 484.797 484.75 484.701 484.65 484.597
484.54 484.476 484.396 484.279 484.116 483.668 483.57 491.748 486.613 478.191
479.893 485.047 452.219 484.973 484.923 484.885 484.845 484.802 484.755 484.706
484.657 484.607 484.558 484.514 484.48 484.476 484.645 484.702 489.767 482.299
488.836 492.673 468.65 471.604 485.053 452.225 484.978 484.928 484.888 484.848
484.804 484.755 484.705 484.653 484.601 484.549 484.503 484.471 484.481 484.724
484.881 492.385 491.697 493.747 485.059 452.231 484.984 484.934 484.894 484.854
484.81 484.762 484.711 484.659 484.605 484.551 484.495 484.437 484.373 484.373
484.094 490.087 487.256 493.711 491.204 485.063 452.235 484.988 484.937 484.897
484.857 484.811 484.763 484.71 484.656 484.601 484.544 484.486 484.428 484.367
484.385 484.135 487.589 488.269 483.349 482.861 481.263 483.969 488.842 488.221
485.066 452.239 484.991 484.941 484.902 484.862 484.817 484.768 484.716 484.663
484.607 484.552 484.504 484.473 484.485 484.723 484.909 490.438 491.504 490.759
485.068 452.241 484.993 484.943 484.903 484.862 484.817 484.768 484.716 484.661
484.604 484.546 484.491 484.443 484.409 484.492 484.459 491.791 489.004 492.704
493.579 493.5 452.197 442.93 452.123 452.072 452.033 451.992 451.947 451.897
451.844 451.786 451.724 451.656 451.576 451.475 451.332 451.129 450.725 450.644
481.037 481.943 492.087 487.747 486.627 478.924 466.412 470.942 472.376 460.407
451.969 436.21 435.54 449.459 416.372 491.021 491.725 497.17 478.356 469.654
480.752 486.697 470.548 445.244 443.701 446.172 422.692 405.668 443.85 444.524
486.796 480.93 468.657 470.325 470.664 439.95 455.852 442.642 421.155 435.427
436.1 458.391 472.588 493.683 489.282 449.382 416.184 396.033 430.614 478.006
488.472 486.998 478.485 467.774 468.939 472.337 472.309 468.738 481.926 488.48
489.224 423.824 446.137 459.986 444.234 472.297 446.747 457.804 443.093 470.9
472.262 446.812 443.547 439.171 443.277 418.723 416.858 416.978 418.764 418.937
417.872 417.225 417.185 409.902 407.496 409.933 417.637 415.912 413.55 418.814
418.396 419.034 412.931 409.206 409.591 414.71 416.367 410.168 415.978 414.927
411.608 418.109 417.367 417.377 416.707 416.497 418.718 418.785 418.684 418.248
410.983 404.804 411.52 417.065 415.858 414.74 417.576 411.477 414.591 410.743
410.39 457.876 466.395 478.782 486.411 426.153 432.538 424.819 419.466 421.345
419.116 418.286 418.982 419.172 418.523 417.498 416.823 416.939 419.277 419.589
493.029 494.399 495.972 493.493 493.576 495.368 492.798 492.529 489.236 488.51
481.979 468.862 472.421 416.302 418.647 418.249 414.811 415.922 416.122 444.621
432.539 424.157 423.549 431.442 417.866 418.894 418.397 419.484 419.897 417.625
426.717 418.296 422.558 418.068 419.636 420.168 420.614 416.83 414.068 417.634
418.242 416.641 416.308 423.103 416.326 420.42 418.67 414.246 416.608 418.321
416.377 431.011 432.645 425.827 418.231 417.127 421.114 423.067 423.633 419.317
418.257 424.093 431.42 418.154 419.431 423.63 422.989 421.108 418.378 411.653
405.272 417.409 417.944 416.202 413.757 418.441 420.051 422.303 418.052 426.537
419.881 419.361 417.788 410.537 420.301 422.839 415.959 415.968 416.275 417.923
417.268 413.657 416.492 409.052 415.005 423.886 423.261 417.367 419.586 419.135
418.12 418.616 432.354 424.99 415.699 414.585 417.986 418.424 416.045 443.589
439.014 422.619 424.439 424.193 424.65 432.271 425.852 418.82 420.998 419.11
417.887 419.146 418.818 416.651 416.638 417.175 418.784 418.597 418.169 493.543
493.646 492.674 491.638 490.768 491.657 493.157 493.294 493.064 491.79 505.108
504.381 495.306 495.931 494.595 501.898 402.642 440.339 443.422 442.61 422.738
442.37 456.416 464.388 474.731 484.46 490.211 492.503 493.293 493.434 490.591
500.005 493.323 488.812 492.845 502.695 494.743 495.924 505.256 449.78 471.23
478.136 490.409 492.927 489.617 493.027 493.822 493.815 493.91 492.9 493.821
493.019 488.526 490.346 489.617 428.958 417.055 440.302 471.653 451.022 472.342
456.963 441.805 479.061 493.003 493.607 493.479 492.672 490.359 504.676 500.102
493.514 495.93 496.087 505.304 467.607 458.912 456.303 442.188 422.43 442.432
443.275 440.213 402.288 484.587 474.779 464.334 492.029 493.31 493.553 493.383
500.356 504.407 495.551 493.341 491.856 494.267 491.268 494.82 501.928 446.128
471.709 460.309 444.454 491.645 493.68 492.573 493.686 493.334 492.319 491.488
493.659 493.198 502.221 498.093 502.539 445.243 423.351 404.47 445.712 494.186
491.059 496.905 506.915 511.205 510.411 500.289 493.099 504.863 496.441 444.436
430.668 396.25 492.291 504.572 444.653 504.614 495.757 510.468 511.4 507.807
500.647 444.931 398.851 444.514 444.816 445.473 478.429 485.186 491.853 494.715
498.776 500.223 501.862 494.748 494.224 505.41 507.684 500.114 494.211 491.819
494.448 505.24 498.332 443.431 442.75 443.425 443.737 444.402 477.609 485.151
403.56 502.72 494.867 500.624 507.795 511.393 510.473 504.616 490.712 488.992
492.366 444.553 444.446 496.52 504.81 510.289 505.11 496.16 511.052 506.812
496.89 445.521 451.741 431.153 447.032 446.655 447.034 447.233 447.58 405.936
497.859 492.847 495.523 503.411 502.32 508.986 508.39 507.505 493.756 495.116
491.195 498.315 442.503 505.107 494.668 496.2 511.24 443.277 404.199 421.97
490.924 493.495 494.892 502.059 497.872 423.014 423.002 423.026 425.078 425.064
425.068 471.807 446.293 460.107 444.328 422.962 425.173 432.416 424.958 419.691
417.618 416.574 418.302 420.132 416.021 417.62 415.027 418.353 409.431 420.4
420.394 420.397 420.391 418.831 417.723 418.198 419.762 419.543 418.821 419.879
412.901 412.904 412.897 412.897 412.905 414.64 424.726 425.316 432.893 421.528
421.57 416.271 416.221 420.183 421.113 419.333 417.511 419.716 418.757 420.196
417.771 419.149 420.233 420.337 421.763 418.805 419.271 419.228 428.906 425.121
418.841 422.234 420.196 420.622 419.587 420.091 421.653 415.586 424.304 414.177
419.443 424.757 424.766 424.764 424.743 424.756 429.05 421.71 430.582 425.119
420.98 419.493 419.217 420.213 419.771 415 419.046 424.043 398.673 416.917
416.888 416.908 416.938 416.936 420.406 411.443 415.294 421.935 422.99 418.195
419.267 417.469 417.018 423.738 426.966 419.028 418.328 417.342 418.737 420.783
418.431 418.7 418.855 422.04 417.33 423.633 421.478 416.289 418.69 427.101
425.046 416.021 418.44 432.638 425.04 424.384 414.274 421.24 421.198 418.608
418.406 416.601 418.933 420.728 419.808 417.158 415.858 416.488 418.406 415.91
419.346 417.582 417.422 417.384 417.863 418.352 416.5 423.203 423.193 419.479
417.646 419.569 417.42 423.187 425.537 417.713 418.051 423.994 423.085 420.052
420.034 420.049 419.218 419.442 419.554 414.654 421.937 420.086 413.869 411.718
411.703 419.315 417.658 422.774 424.883 432.352 424.997 419.959 418.109 416.364
417.45 419.596 415.763 418.128 417.393 424.775 424.77 424.78 424.769 417.545
413.287 416.879 417.471 416.123 415.01 421.904 423.091 422.186 422.115 418.054
418.462 416.632 417.119 424.251 423.521 417.22 416.361 415.528 416.517 416.951
422.52 422.511 422.524 422.513 443.403 422.263 404.537 442.569 424.531 422.972
416.875 417.309 423.279 424.781 419.996 420.873 420.088 420.682 419.794 423.012
423.021 420.929 498.197 507.48 502.378 508.365 504.966 503.301 511.214 508.932
447.706 447.161 447.359 497.822 502.288 417.07 419.16 422.464 425.036 423.944
406.115 419.56 418.666 418.807 420.167 425.073 425.066 416.985 419.52 420.017
418.174 415.391 416.24 416.356 415.219 420.535 415.352 422.136 418.37 419.661
418.265 419.186 419.407 420.38 419.773 420.478 418.904 418.502 418.812 418.149
417.934 418.029 417.507 417.768 416.875 417.743 418.105 417.971 417.69 418.717
417.792 417.956 416.879 416.913 417.697 418.378 417.804 412.85 416.964 417.728
410.794 417.057 418.272 419.985 421.134 418.714 419.389 419.065 418.872 418.033
417.342 416.67 415.437 416.353 416.61 417.874 417.809 419.018 417.832 416.409
405.54 412.007 417.886 419.705 421.99 417.375 417.356 417.383 417.403 417.403
418.027 414.17 419.633 416.632 417.425 426.314 424.442 423.035 423.06 421.412
423.191 421.324 422.123 424.25 424.765 424.756 424.762 424.761 424.741 424.473
420.388 422.386 419.789 422.15 418.273 416.812 416.32 416.311 422.136 421.248
422.879 424.02 419.947 418.699 420.52 419.609 424.003 422.118 419.843 422.224
419.899 420.456 416.422 416.406 416.029 423.4 419.902 422.162 421.086 423.6
422.592 425.736 422.188 420.687 422.393 424.292 418.343 416.916 420.099 417.468
421.735 419.368 418.893 413.614 419.212 417.608 417.499 416.234 416.054 418.516
419.802 419.764 421.385 419.935 416.908 417.464 415.036 417.582 416.246 416.796
417.999 419.713 412.533 412.528 412.525 412.533 412.525 412.438 416.545 416.574
419.443 418.509 418.499 417.451 417.781 417.425 417.429 416.614 418.489 417.196
423.057 404.059 418.097 421.912 419.454 418.022 418.972 419.169 420.054 420.046
418.158 418.526 417.863 420.211 416.994 422.433 419.115 419.494 418.596 418.672
420.037 424.765 420.33 419.182 416.703 417.89 419.698 415.17 416.002 422.5
418.399 418.275 419.771 419.923 416.757 416.41 419.01 417.649 416.564 422.915
419.636 420.484 419.404 420.267 419.686 420.498 419.507 418.066 418.621 420.171
416.5 416.815 416.651 416.82 418.719 420.293 417.002 417.366 415.726 415.891
415.808 400.206 404.987 410.352 410.203 402.003 417.325 411.797 405.107 411.214
418.495 419.037 418.433 419.002 416.778 416.274 416.295 416.993 415.232 414.947
415.792 403.617 402.965 405.367 405.665 409.749 411.87 418.983 418.59 417.551
416.503 417.835 410.038 407.765 410.178 417.194 398.782 408.164 400.081 391.563
397.708 395.605 399.908 403.38 395.689 396.144 397.523 410.433 400.184 395.838
397.889 402.942 393.737 392.123 393.527 394.302 399.391 400.323 388.243 398.21
412.914 412.387 397.758 388.039 400.032 399.057 408.062 402.707 393.454 394.084
393.252 391.838 405.562 406.021 407.404 405.736 401.844 410.073 405.006 400.115
397.364 395.919 395.448 417.978 422.152 422.229 418.54 417.175 415.474 423.687
417.687 424.687 423.483 411.137 403.105 423.188 423.786 417.753 422.207 417.164
413.586 408.184 408.062 408.112 396.805 397.186 399.57 400.466 407.689 402.105
399.203 397.413 394.791 400.245 406.235 395.42 414.907 411.877 411.906 414.104
419.099 419.895 420.42 422.286 419.584 423.444 419.803 423.463 423.396 424.34
425.867 423.519 415.773 411.2 404.72 427.144 400.066 394.297 396.997 413.092
421.641 423.887 422.285 419.297 425.361 419.63 427.507 427.3 402.112 422.845
423.423 420.657 423.299 422.131 415.366 411.539 418.524 424.128 425.279 424.594
390.21 391.294 400.928 391.406 392.55 392.919 390.286 419.066 421.811 423.286
431.957 423.175 431.664 435.973 421.613 431.502 431.346 418.883 422.522 408.562
408.176 408.481 408.667 408.826 391.461 399.993 398.565 391.194 390.105 400.668
392.622 390.047 392.374 391.307 405.486 405.187 402.734 402.941 400.686 404.442
399.86 396.783 394.08 426.982 426.667 422.322 420.618 399.758 398.907 397.086
396.777 400.207 400.073 395.345 394.587 401.823 398.899 397.098 395.028 393.966
394.014 394.366 394.43 394.578 394.082 395.26 394.212 391.85 389.315 426.121
427.049 426.385 424.264 396.782 397.089 392.208 394.006 397.097 395.983 393.458
391.396 388.938 385.25 392.487 393.66 400.004 420.96 422.681 399.837 389.508
394.46 392.778 425.729 386.835 389.31 391.472 428.397 429.935 431.484 387.676
388.704 384.669 426.196 389.896 408.969 408.66 409.051 409.317 409.158 393.369
388.841 390.476 389.36 379.156 436.263 384.637 388.027 434.702 442.233 434.482
435.523 379.002 388.661 384.509 387.873 389.176 393.107 390.252 388.602 387.572
384.592 424.429 425.021 389.797 425.813 431.136 422.621 401.925 423.178 429.464
427.976 389.017 386.55 391.188 425.335 429.676 425.89 425.341 393.395 392.448
385.307 388.914 391.414 393.585 399.631 389.467 394.408 392.706 407.852 407.802
407.923 396.464 393.687 391.944 396.815 396.744 395.635 423.91 425.899 423.057
403.09 411.063 423.63 426.539 425.869 394.425 394.066 391.696 389.337 449.807
444.892 445.058 420.547 420.051 419.456 415.458 415.613 415.995 415.5 415.514
415.784 415.548 447.159 446.782 446.281 449.943 423.506 418.65 420.424 419.831
419.082 421.054 421.512 421.11 418.762 420.921 418.29 423.149 420.685 418.713
421.18 418.396 420.741 415.707 411.541 410.608 414.58 401.893 406.028 409.344
405.604 401.014 399.986 407.793 407.652 402.437 402.342 407.913 408.053 406.027
405.663 411.059 404.541 401.782 426.862 426.256 430.015 425.665 403.087 401.172
400.164 404.615 400.834 392.258 384.17 393.006 393.855 391.598 388.126 384.073
392.106 387.948 391.374 393.626 392.805 394.17 394.227 393.391 395.743 395.956
395.501 393.638 394.704 393.356 392.624 391.478 391.855 392.807 369.925 370.302
370.492 370.214 369.357 367.793 366.541 367.817 368.664 359.424 363.197 365.413
364.784 359.629 352.585 351.816 351.399 352.122 367.716 367.75 366.172 365.505
367.121 393.815 394.546 394.245 389.907 393.684 391.958 390.94 388.871 380.259
376.031 376.114 389.915 368.761 368.427 366.231 368.724 369.686 366.988 364.542
368.207 368.847 371.01 392.455 391.896 389.698 395.88 394.928 371.89 369.088
355.531 359.759 371.989 372.106 364.925 391.622 391.671 392.228 370.635 368.855
365.655 366.205 364.977 369.044 368.234 369.249 368.462 365.672 388.526 391.519
392.996 389.015 389.5 387.856 387.508 390.761 389.516 378.034 367.853 367.742
368.778 375.741 366.217 367.987 367.966 366.474 364.728 369.517 371.187 367.424
368.367 365.351 366.804 367.645 362.446 357.973 392.077 393.007 391.676 392.375
369.918 361.766 362.715 367.483 367.695 363.541 364.268 363.531 389.927 390.224
390.17 391.684 392.23 391.066 367.139 366.749 366.953 367.712 365.272 365.045
366.369 366.15 364.395 363.418 365.562 367.684 368.219 365.729 355.643 361.633
352.961 367.574 365.462 363.328 364.339 366.155 366.372 364.998 365.239 365.725
368.115 367.55 363.358 365.671 392.065 391.839 392.366 367.299 369.779 361.595
363.367 363.323 391.372 392.753 394.626 393.909 387.5 389.229 392.616 391.681
389.324 387.45 390.73 392.999 364.514 367.401 366.515 365.082 368.155 367.253
371.069 369.398 369.219 360.024 353.57 357.633 388.835 388.382 391.46 393.252
394.161 393.094 389.445 389.393 389.377 369.702 369.615 366.219 365.963 367.94
368.905 354.023 361.493 366.343 362.167 391.467 391.44 392.069 368.458 365.157
365.232 365.19 368.696 370.257 371.539 368.732 365.364 364.582 393.304 393.424
393.327 390.598 391.597 393.409 389.64 394.02 394.253 393.594 389.813 375.857
375.692 379.926 388.6 368.361 364.159 366.305 368.771 367.964 365.649 368.081
368.319 370.645 368.507 367.53 393.472 393.498 393.509 367.459 367.512 367.542
391.438 392.501 392.608 390.804 390.833 391.4 364.43 362.811 369.839 369.124
367.395 366.415 367.34 369.048 362.402 357.556 358.975 393.074 387.539 387.594
387.616 388.034 390.934 389.868 387.649 380.933 378.288 389.948 390.612 391.573
375.051 372.12 373.169 373.623 370.782 371.294 370.855 366.195 366.702 370.222
354.936 349.823 348.239 348.346 390.286 392.106 393.797 389.64 394.193 392.063
394.156 394.155 394.128 390.177 390.516 389.248 392.601 379.547 370.414 370.405
370.378 369.956 371.304 365.706 366.252 367.162 367.129 367.072 369.771 371.644
357.968 359.61 382.706 382.754 382.796 391.541 394.429 371.132 391.129 392.639
394.011 396.104 368.942 365.226 363.123 370.187 370.153 369.326 358.727 353.804
392.656 393.319 389.769 390.73 391.962 391.646 392.072 389.568 391.177 391.176
396.016 392.971 388.84 388.901 382.154 384.485 376.678 373.014 367.235 369.885
368.545 368.634 368.46 369.954 370.043 371.584 368.725 366.574 361.687 354.227
360.671 350.436 352.963 344.748 346.559 345.357 345.644 346.384 391.867 390.635
393.728 394.759 391.13 395.957 397.523 391.182 395.373 395.97 394.154 390.233
390.313 389.027 390.426 389.127 388.24 377.999 377.447 373.244 383.495 391.674
394.096 396.8 366.511 369.557 368.314 364.634 364.764 357.865 357.897 353.034
362.921 367.479 390.401 391.691 396.85 394.144 388.996 388.149 389.06 383.441
373.145 377.354 377.91 364.69 364.604 368.325 369.562 366.471 367.51 362.908
352.945 357.845 357.82 391.07 390.214 390.142 394.118 395.913 391.047 395.216
397.375 395.925 394.775 393.76 390.65 389.576 392.421 391.385 391.692 390.519
391.828 388.714 391.045 388.775 376.472 384.325 381.972 391.073 392.885 395.929
369.615 366.993 372.765 368.147 368.337 368.28 371.229 368.397 350.2 360.372
346.208 344.464 352.565 345.856 345.178 344.944 391.52 394.467 395.741 392.565
396.182 396.04 382.614 382.571 382.523 394.329 394.074 391.549 391.151 370.869
369.771 369.788 362.596 364.793 368.451 368.887 371.82 371.722 359.087 355.846
353.063 358.184 393.839 393.865 393.867 389.007 389.816 379.234 392.389 390.273
391.77 389.275 369.161 369.188 369.2 365.178 364.53 370.569 369.277 359.355
358.035 371.464 369.425 393.04 393.343 392.246 392.81 387.239 387.217 387.162
387.625 390.511 390.205 389.512 391.126 374.646 377.866 387.25 389.442 380.542
369.372 368.717 366.387 366.975 370.213 370.513 369.875 369.625 370.254 370.721
358.038 352.294 354.742 352.093 391.591 396.389 395.927 394.599 391.518 397.361
400.278 397.402 373.275 372.715 371.654 370.765 390.323 391.825 391.798 391.209
391.195 392.919 391.109 391.239 369.28 370.957 389.416 389.489 389.352 390.371
368.528 370.126 371.103 371.513 367.76 366.365 367.987 365.244 366.656 372.534
372.033 393.858 393.847 393.821 389.599 388.057 395.115 389.471 368.612 364.036
371.269 367.285 393.541 393.698 393.489 394.194 394.084 392.148 396.027 394.608
394.295 394.364 372.71 376.996 374.504 372.938 371.792 369.712 370.838 371.884
369.383 369.899 367.678 371.317 369.636 360.07 355.134 352.563 352.625 349.92
351.897 350.655 349.299 347.881 347.467 348.311 394.154 393.728 394.192 390.802
391.24 391.995 394.387 389.871 382.619 368.678 369.366 369.344 369.423 368.65
365.686 373.51 373.583 391.173 388.51 388.482 388.481 388.5 390.162 388.467
372.207 371.477 365.783 373.051 370.4 375.76 378.003 375.139 374.164 375.141
375.937 391.425 390.856 394.356 393.436 391.623 392.194 393.032 393.044 393.011
363.526 361.433 393.095 392.157 393.277 393.283 389.34 371.972 363.431 377.491
387.602 367.739 367.546 367.695 368.201 362.775 360.478 366.269 367.8 368.537
352.455 352.841 354.009 360.394 369.331 350.159 348.341 346.872 388.611 388.523
388.98 392.459 388.515 388.082 388.903 372.414 373.008 363.556 371.652 370.912
373.925 375.057 374.366 373.135 387.009 388.389 390.059 388.929 369.585 372.315
365.808 370.483 374.845 380.69 377.348 372.674 374.157 376.368 391.205 389.775
390.23 387.97 389.514 389.711 389.279 388.474 371.482 381.876 376.753 365.852
368 366.54 366.275 366.869 367.455 370.377 365.82 366.187 368.833 364.402
365.334 343.103 344.118 359.765 344.386 350.215 346.396 350.34 343.076 343.154
343.959 343.247 344.234 390.325 393.503 392.277 388.263 388.041 384.418 386.254
366.897 367.634 360.54 362.054 372.209 374.069 387.578 388.672 384.52 388.694
367.762 363.702 364.697 373.239 375.801 367.676 360.446 364.725 373.418 374.17
390.131 386.201 387.962 388.338 388.103 392.18 393.311 386.933 386.665 386.88
365.53 365.552 365.503 366.891 361.922 372.25 362.633 362.549 362.713 363.219
390.062 390.122 389.813 390.972 391.587 391.095 389.657 389.522 389.35 389.122
387.897 390.128 371.418 381.803 370.299 367.376 366.104 365.739 366.786 367.929
365.799 376.719 366.18 366.459 367.578 366.829 366.634 367.013 368.693 364.312
365.265 353.021 361.682 355.672 344.148 343.176 359.745 350.262 346.329 350.199
344.404 344.184 343.21 343.921 343.113 343.061 389.986 389.935 386.937 388.9
389.998 387.963 388.29 389.968 390.116 390.069 367.104 366.384 360.254 370.526
372.349 364.034 369.58 370.789 388.478 389.079 388.39 388.378 388.836 371.474
372.862 362.571 372.306 374.464 374.883 374.203 373.191 374.067 376.299 392.853
393.042 391.924 393.043 387.572 377.308 363.047 371.751 375.56 387.781 377.853
367.58 368.523 367.469 367.465 367.418 367.281 367.761 367.958 366.006 360.233
362.577 367.737 368.267 367.552 352.384 351.991 349.654 346.32 347.806 388.311
388.282 390.71 391.27 392.027 391.006 388.275 388.252 388.195 389.621 389.9
372.977 370.24 371.181 365.761 371.846 373.232 373.973 379.165 383.728 376.868
377.796 374.892 391.721 391.036 390.613 394.816 395.638 389.216 391.494 392.079
394.18 373.209 375.104 374.289 374.764 375.553 393.868 393.96 391.928 394.365
394.051 372.289 371.529 370.449 369.503 368.972 369.202 374.014 376.583 371.185
372.376 367.111 369.224 370.673 359.69 351.21 349.242 352.159 352.291 354.999
347.663 346.744 347.132 348.684 350.227 389.278 389.154 394.828 388.98 387.725
393.802 369.214 367.705 367.164 363.732 362.698 370.921 371.205 389.046 390.009
389.905 390.746 389.135 393.838 393.328 391.616 367.83 370.504 370.033 365.809
365.464 366.998 368.368 367.193 365.363 365.642 371.584 373.374 375.164 373.97
372.425 393.454 393.368 391.417 391.047 389.92 390.895 387.052 369.349 369.912
369.948 369.906 369.268 351.329 351.395 350.071 348.308 347.968 393.784 394.659
394.334 393.745 393.237 393.351 387.429 370.722 370.715 370.745 370.638 370.577
369.297 370 371.06 370.724 370.908 370.354 370.337 370.697 358.424 366.316
371.542 362.467 351.356 350.101 348.529 348.213 349.676 348.574 347.993 349.226
348.604 347.673 387.703 395.2 397.028 398.518 399.075 397.513 399.845 398.424
395.655 365.4 367.163 368.256 365.431 366.683 367.228 368.486 367.671 369.138
366.176 367.491 393.864 396.291 395.85 395.137 395.305 394.966 395.144 394.18
394.953 399.688 394.093 374.432 372.83 373.707 375.39 373.061 372.673 372.253
372.103 370.345 370.425 364.459 365.188 371.898 371.753 366.931 375.985 373.841
374.307 375.461 353.087 351.805 351.146 350.299 394.674 394.149 393.675 393.659
393.512 394.288 382.901 395.952 398.57 400.861 399.041 362.252 360.731 363.376
363.664 369.08 368.588 347.071 343.501 353.192 350.76 347.028 344.273 375.415
374.594 346.923 345.097 347.028 346.604 346.545 347.296 365.973 365.568 366.219
366.306 365.971 366.491 362.954 361.36 376.872 374.037 379.063 383.546 388.011
386.563 391.329 390.973 392.007 362.951 366.655 367.659 367.598 368.759 368.115
347.748 339.601 342.262 343.966 344.81 377.139 377.355 380.078 396.973 397.676
398.369 397.536 397.756 399.924 405.414 404.545 399.382 386.934 396.795 402.734
358.325 359.451 359.848 356.763 363.037 363.342 363.272 364.054 374.614 373.354
390.047 390.104 391.67 386.304 389.982 404.968 399.143 400.331 401.511 403.559
389.979 390.025 389.878 362.393 365.783 366.013 365.803 364.398 361.295 360.334
364.961 366.51 367.243 360.526 338.316 340.564 364.03 340.876 342.098 342.809
390.809 390.795 390.82 389.848 390.344 389.79 390.003 389.541 391.117 390.599
389.38 392.548 386.942 387.121 386.97 386.89 393.086 405.027 401.19 386.676
367.686 366.456 365.475 371.017 366.7 366.646 366.145 366.634 364.44 359.558
366.03 366.682 365.48 365.529 365.506 365.472 365.457 367.148 365.719 368.238
364.386 361.455 364.068 362.883 362.72 362.804 363.385 362.259 350.717 344.366
346.221 343.991 371.516 378.224 380.897 337.89 341.352 343.452 343.467 343.806
344.455 343.244 342.847 366.344 365.081 367.426 368.328 366.406 368.442 361.426
364.137 379.031 384.557 381.794 376.919 379.132 377.062 378.264 380.884 390.753
390.729 390.743 390.194 389.619 389.232 390.471 390.988 392.44 389.809 389.676
389.38 386.961 387.113 393.123 401.257 405.094 359.422 364.335 366.373 365.374
366.578 365.952 366.631 366.585 367.619 370.944 366.634 366.088 365.495 365.481
368.22 367.126 364.343 365.678 362.088 371.488 344.247 337.723 341.245 343.901
350.641 346.149 342.783 343.216 343.438 343.746 343.42 344.402 386.176 391.554
389.875 404.768 405.21 404.346 398.984 400.339 401.347 402.545 403.581 362.334
365.698 365.689 365.918 364.164 364.713 360.02 361.039 363.057 363.828 340.587
338.393 364.228 377.517 380.913 374.922 372.726 340.891 398.265 397.671 397.458
399.258 399.754 396.898 397.523 376.79 379.91 377.012 396.741 386.805 362.836
359.256 359.648 363.135 358.146 356.568 373.795 373.015 386.273 387.732 390.703
391.053 391.759 392.889 392.921 392.91 366.376 362.702 367.353 367.27 360.922
363.065 368.421 347.534 368.126 339.297 341.89 344.342 343.544 400.79 397.099
399.668 399.926 403.051 401.843 404.106 399.883 401.65 401.355 399.975 398.772
402.088 406.405 399.432 400.639 398.896 365.432 365.077 365.737 365.964 362.41
360.782 365.534 365.875 362.991 363.275 394.014 393.533 393.951 394.443 393.482
393.902 393.469 382.719 395.953 398.49 382.434 361.718 365.933 367.885 365.938
368.798 367.953 368.682 368.177 361.863 360.251 368.264 368.965 369.016 368.945
368.237 346.175 351.757 342.456 346.161 348.962 343.303 346.122 344.207 345.739
345.814 346.271 346.546 393.516 395.01 394.801 394.687 394.819 393.89 394.684
399.342 398.048 395.338 373.185 372.302 374.031 374.979 372.465 372.063 371.601
371.433 369.123 371.176 371.061 363.071 363.624 364.516 365.755 367.387 367.652
353.267 352.238 351.058 350.431 375.427 373.32 373.281 374.522 348.472 349.15
349.842 349.82 366.264 367.28 367.347 366.275 365.723 365.79 365.334 366.354
367.536 373.146 370.977 375.508 373.964 392.914 392.948 369.956 352.582 350.533
349.044 350.415 350.312 350.009 349.438 349.347 366.325 362.137 368.297 366.368
369.194 368.365 400.276 401.665 401.996 401.068 397.309 400.167 404.441 402.088
403.263 400.142 399.901 399.719 398.97 406.527 402.194 405.057 402.013 407.46
411.06 402.049 405.077 373.81 375.42 369.964 368.892 370.139 370.116 369.483
370.438 370.274 389.933 390.036 390.432 373.412 375.228 374.742 373.631 393.807
385.578 386.732 389.883 370.484 371.555 389.2 387.876 394.254 394.947 395.424
385.744 386.562 387.98 387.068 385.754 385.451 387.405 387.506 386.376 387.383
392.398 389.187 389.48 386.658 390.715 390.715 392.154 387.327 389.105 392.328
389.387 386.608 390.864 388.48 385.616 385.251 388.598 386.272 370.94 395.084
365.572 363.39 363.9 365.591 366.088 361.272 368.065 370.349 387.44 385.974
385.266 386.455 387.456 389.124 389.737 389.037 348.757 349.889 393.045 393.075
394.812 366.511 390.048 390.124 394.799 364.358 370.807 390.138 390.214 394.834
364.142 392.953 392.923 394.701 366.055 371.517 390.048 391.009 392.216 391.878
390.834 392.027 393.304 376.054 374.436 374.981 376.471 389.411 388.735 389.484
390.162 389.666 388.048 390.514 391.569 386.286 387.733 392.269 391.133 388.946
390.098 388.816 389.529 388.648 393.262 392.54 392.409 393.474 393.8 392.97
363.721 365.87 365.905 364.24 366.392 365.906 364.417 367.315 367.729 367.468
366.682 361.526 367.454 367.806 348.547 348.462 346.431 350.512 347.688 345.151
344.5 346.284 347.549 346.931 346.156 388.574 389.749 390.194 388.965 390.442
391.534 388.547 390.933 388.655 390.099 389.03 390.78 390.78 388.749 385.882
389.014 393.285 390.891 389.577 392.349 390.92 385.958 389.025 393.319 388.698
387.359 387.202 388.874 388.779 390.215 389.892 342.08 342.763 386.32 385.239
386.59 387.689 391.284 390.028 388.263 389.325 388.278 393.22 392.149 392.243
392.983 392.636 393.5 364.074 365.591 366.361 367.159 367.437 367.013 367.526
367.15 345.778 347.87 347.955 349.931 343.792 344.485 347.096 346.978 345.674
346.375 345.578 389.661 389.21 388.506 388.639 389.763 390.79 390.101 391.087
391.874 393.457 388.376 390.454 391.644 389.021 389.681 389.569 390.069 392.942
391.518 390.648 391.859 389.695 387.325 399.445 397.138 396.529 398.586 394.7
398.041 348.528 349.293 347.915 347.488 347.362 346.739 347.547 346.634 346.049
345.251 344.135 342.776 343.734 342.424 344.565 344.573 343.736 342.771 342.407
345.534 346.13 345.935 346.591 346.861 346.895 347.742 347.766 346.427 345.474
345.509 346.645 346.671 346.551 344.051 345.16 345.911 346.024 346.134 346.111
344.972 344.939 346.93 347.031 346.817 283.391 280.049 282.126 288.202 278.64
279.927 284.028 287.659 284.622 282.998 284.217 286.535 276.863 273.752 272.016
273.988 288.393 317.318 312.229 313.065 314.967 317.425 308.247 305.546 305.885
309.098 309.605 307.825 306.637 299.442 310.696 311.785 310.31 305.439 309.455
311.617 312.787 312.72 308.452 308.196 310.082 309.501 307.963 313.197 307.979
302.145 301.64 310.26 310.893 310.72 323.408 322.719 308.498 308.827 308.959
305.456 304.888 309.708 309.61 291.22 298.902 311.313 303.069 304.058 312.164
301.197 301.42 301.774 309.047 312.923 312.163 312.577 311.42 309.553 301.301
305.135 305.025 306.856 305.133 314.282 283.656 280.551 290.051 298.524 297.426
305.036 305.146 301.288 309.572 311.479 314.377 305.14 306.85 301.265 307.763
310.803 301.842 312.18 309.703 309.606 312.111 304.097 310.061 310.227 308.038
310.566 309.107 308.642 305.523 304.915 307.976 313.306 306.108 305.248 304.764
308.448 308.223 301.663 309.481 304.441 303.776 303.835 311.597 313.742 312.918
311.713 311.992 310.515 299.288 306.481 307.709 309.769 305.93 310.672 309.77
311.943 308.556 309.181 323.033 324.966 320.016 311.412 301.136 307.596 303.52
297.845 293.945 304.714 311.494 310.175 309.465 311.36 311.385 311.295 307.525
308.917 313.865 305.938 300.992 297.423 302.385 306.212 312.406 314.519 314.779
313.713 323.565 315.138 313.86 313.496 310.397 315.551 317.334 312.501 313.055
304.72 305.208 306.058 309.639 316.243 301.901 300.863 287.234 313.151 313.295
319.011 309.468 298.217 311.857 315.941 312.617 311.288 310.137 303.382 303.513
306.881 308.012 310.12 311.266 312.591 315.918 311.843 308.025 306.877 303.494
303.376 298.516 298.257 309.588 318.973 313.255 313.15 317.526 315.748 313.259
312.731 313.763 313.894 322.961 323.65 310.945 311.064 310.397 302.054 309.741
300.935 276.885 287.312 288.48 316.481 272.028 273.768 274.058 264.879 267.716
268.343 314.475 314.227 312.057 305.625 302.016 300.917 305.942 313.748 308.662
307.358 312.482 317.599 317.901 315.436 313.421 308.386 311.67 307.656 309.463
309.946 311.139 304.75 301.126 297.865 303.515 288.337 293.928 287.801 272.074
271.193 270.916 280.396 275.819 270.763 278.923 284.376 286.649 288.688 285.001
280.806 277.3 284.7 276.6 280.588 272.519 277.005 276.757 275.175 271.829
272.428 264.931 266.581 258.28 262.633 262.491 264.08 275.372 275.232 275.692
284.666 283.039 281.923 282.251 280.027 279.57 275.302 275.476 280.84 281.35
276.916 277.089 276.531 277.567 277.899 275.291 271.628 275.536 274.346 271.573
270.884 272.244 269.009 271.106 269.961 267.928 268.353 307.305 308.139 302.902
306.596 308.761 309.46 310.273 306.163 307.907 308.474 309.664 309.036 307.756
307.077 302.743 307.286 312.447 311.161 312.215 313.086 310.986 310.86 310.937
308.959 313.979 316.313 314.093 312.11 311.054 314.015 295.804 295.447 293.152
312.294 312.216 312.49 312.57 312.675 312.982 303.238 303.177 303.93 313.495
306.938 310.596 307.583 314.186 314.048 313.236 312.949 312.643 311.272 307.228
308.886 307.105 301.562 319.305 320.149 314.382 315.13 315.495 319.085 310.234
310.461 311.932 313.786 310.363 312.124 313.792 301.288 288.718 280.375 310.056
308.031 310.225 315.32 302.081 301.101 315.903 312.251 308.861 303.431 297.775
319.227 318.401 308.224 306.432 307.144 316.5 316.072 310.672 307.664 310.998
307.029 313.764 323.788 322.658 321.363 315.946 314.603 308.237 313.124 312.978
311.579 312.953 280.667 268.709 269.574 274.118 306.892 307.398 301.19 305.722
313.174 314.339 266.119 266.475 269.714 270.113 265.527 307.459 307.168 309.207
313.147 314.574 307.413 301.259 309.266 313.152 314.352 306.9 305.753 313.192
312.638 312.215 312.969 309.064 314.691 316.032 308.248 313.13 312.912 311.554
313.024 297.41 290.029 280.523 283.619 266.541 280.686 274.086 269.534 268.647
264.016 264.873 312.655 312.597 314.731 301.489 311.049 308.242 306.483 307.093
313.719 316.007 303.121 311.336 312.265 308.903 303.491 307.196 316.434 318.315
297.9 315.255 319.086 322.336 322.609 320.638 323.683 321.266 308.948 310.233
312.673 311.425 312.092 313.755 313.791 311.933 310.468 310.363 298.881 291.196
282.129 283.41 315.699 300.992 302.068 301.278 272.567 267.966 264.339 280.064
277.032 311.465 312.819 309.946 313.121 313.333 307.349 307.146 301.586 310.446
308.076 309.31 313.934 317.751 320.523 314.675 312.292 313.453 307.303 313.878
313.079 311.361 311.296 309.832 315.171 314.886 312.942 315.164 317.591 311.578
295.626 292.777 284.424 286.502 288.661 295.409 277.284 276.514 272.209 268.916
269.653 272.166 276.718 280.936 280.416 285.05 317.916 318.029 318.055 307.796
307.308 312.656 306.22 308.086 303.004 307.087 308.779 307.481 308.37 308.501
309.341 310.04 309.024 306.833 303.258 309.285 314.24 315.728 317.791 317.523
315.664 314.556 276.051 280.586 275.949 280.126 276.269 319.321 320.749 317.312
317.131 318.799 319.561 313.886 315.279 315.282 314.256 304.935 304.786 304.973
305.003 294.756 302.718 305.212 305.835 301.721 308.832 309.217 309.323 305.114
314.787 315.97 312.682 310.785 318.439 318.202 316.904 312.385 311.381 315.317
319.694 318.353 317.446 317.033 317.049 319.39 321.659 320.923 318.998 317.165
319.248 322.691 308.606 308.609 308.592 316.923 302.77 315.326 314.852 314.118
315.212 311.395 311.428 315.899 309.48 321.361 316.605 315.293 317.065 320.142
318.689 315.684 314.843 315.227 316.542 314.002 313.679 303.04 302.527 303.485
305.951 312.52 307.059 301.329 297.885 297.851 297.891 297.906 297.966 320.22
320.803 319.687 291.175 316.94 314.844 316.036 319.021 318.814 309.161 307.249
298.926 307.379 322.084 325.152 317.477 312.049 322.207 331.585 309.766 312.105
312.4 312.64 314.691 314.32 313.445 300.299 300.993 297.215 303.393 306.96
307.182 303.763 323.969 323.593 303.849 297.205 320.719 322.704 322.408 323.742
327.02 313.838 323.265 321.51 320.308 319.768 319.554 313.752 314.95 310.608
311.543 312.495 312.487 313.691 298.387 298.387 312.544 312.598 314.661 308.02
322.131 298.296 298.07 298.245 298.335 298.54 319.003 315.361 321.903 323.581
315.612 314.693 315.481 318.501 315.059 313.703 318.355 313.575 313.313 312.017
313.032 303.89 304.02 303.983 303.904 303.857 312.738 312.368 313.985 312.907
300.054 300.71 300.766 300.663 300.313 301.031 292.61 289.013 280.308 273.049
312.832 313.656 317.624 321.117 266.128 324.185 310.256 307.513 300.15 310.323
314.609 315.369 311.893 313.225 312.973 313.516 315.539 318.404 313.651 314.999
318.278 304.035 304.072 303.942 303.91 303.956 312.869 313.959 312.699 312.334
300.657 300.61 300.713 300.978 300.26 312.77 313.639 317.606 321.073 289
324.149 266.135 273.049 292.594 280.292 270.07 268.974 269.7 272.304 266.64
266.456 270.088 274.436 266.092 265.485 311.583 310.646 314.992 313.795 313.733
312.535 312.537 298.442 298.442 307.012 308.084 298.387 298.629 298.426 298.335
298.16 322.54 321.927 326.902 323.538 258.238 318.845 315.281 319.463 321.695
262.575 262.428 261.785 261.722 301.085 300.4 307.24 303.461 297.358 323.687
323.893 323.484 303.752 303.666 280.354 297.115 323.127 321.335 319.682 313.626
320.043 314.884 312.853 312.649 314.492 331.854 313.613 268.978 269.936 271.09
267.9 307.475 299.003 307.44 307.734 309.69 322.506 325.565 319.713 315.426
315.729 319.44 322.533 321.216 320.054 316.18 319.36 303.65 306.317 304.023
303.157 312.992 312.866 312.513 312.686 313.178 313.509 302.075 312.905 314.616
314.085 297.623 297.685 297.608 320.583 297.602 297.568 317.036 314.743 319.054
290.591 277.176 271.172 275.163 274.307 275.475 277.755 270.926 271.567 308.99
309.007 309.004 314.781 315.474 316.164 316.116 318.256 309.396 303.009 311.202
311.213 311.177 311.112 311.246 297.382 286.435 284.424 315.707 309.196 311.063
315.108 321.236 318.216 281.468 280.912 282.938 284.223 277.257 277.049 306.051
305.382 302.939 309.348 308.999 301.962 304.532 304.39 304.422 316.672 315.81
312.425 312.066 319.514 318.063 314.347 310.471 317.921 304.209 304.355 294.734
282.33 284.776 261.848 261.783 274.454 272.309 266.657 268.985 270.072 322.49
322.688 322.633 324.694 327.43 322.625 322.679 322.482 316.449 320.289 324.202
319.35 316.449 320.287 275.812 282.285 283.42 344.731 342.967 344.379 344.802
344.987 335.515 326.604 333.854 346.712 346.245 347.518 344.639 347.684 346.121
346.945 345.825 345.609 333.335 331.284 331.63 337.706 345.733 342.042 342.046
342.089 348.16 352.419 351.299 351.806 349.785 346.381 344.162 349.548 343.052
345.658 345.477 342.758 342.098 339.766 342.011 342.116 342.125 330.056 327.634
330.026 335.713 343.569 344.336 348.822 349.523 344.823 343.935 346.694 347.906
346.12 348.487 348.133 343.93 319.951 328.711 326.629 314.12 348.456 345.705
346.55 348.84 343.906 346.675 348.99 349.373 344.906 342.597 345.159 346.177
341.059 343.852 343.993 344.149 339.561 341.685 343.543 341.585 341.618 341.728
314.312 314.263 326.126 335.602 330.044 349.134 345.994 346.481 348.881 350.958
351.305 348.505 350.495 343.978 343.614 347.326 343.756 346.574 344.871 345.208
344.706 338.848 331.286 330.498 333.068 343.187 344.742 320.853 329.517 324.662
320.711 352.556 352.574 352.573 343.327 343.306 343.295 342.505 342.77 343.846
344.818 344.251 344.258 344.278 345.551 346.567 346.298 345.35 346.205 344.877
342.671 346.804 347.05 342.042 342.583 346.588 340.792 342.853 344.807 350.499
350.499 350.486 342.245 339.589 345.233 348.778 342.285 344.171 340.929 348.096
347.411 339.239 339.913 347.083 340.957 341.225 346.352 341.373 341.065 346.532
345.563 344.59 344.7 341.211 342.523 346.973 348.068 342.136 325.897 313.805
313.859 335.272 336.826 344.221 339.79 340.076 343.461 339.53 339.264 340.54
343.841 342.602 342.618 341.678 341.995 345.123 344.519 341.335 341.308 340.342
341.262 341.765 336.662 338.045 341.939 339.268 340.277 342.317 336.598 340.342
341.99 341.979 337.941 341.758 340.329 341.298 341.348 344.56 345.16 341.246
343.9 343.413 339.1 341.595 342.521 342.546 343.793 339.313 340.265 335.074
339.894 339.591 336.577 344.889 347.477 346.419 341.92 340.596 341.579 343.971
340.799 344.016 345.66 315.499 323.666 314.175 340.396 340.577 345.429 338.709
340.542 346.615 341.283 341.24 341.237 343.579 339.586 346.894 347.228 340.223
341.169 341.442 349.112 342.998 339.707 339.117 342.784 342.25 341.952 342.062
343.305 345.329 345.867 341.245 343.143 344.819 343.717 342.713 344.688 324.872
334.287 333.223 326.641 323.276 320.475 340.468 341.426 344.268 340.969 345.861
330.369 336.977 343.641 347.9 348.084 344.195 350.077 350.522 349.925 349.653
350.476 343.867 343.824 343.752 350.21 347.856 350.319 332.279 324.575 330.18
320.375 322.811 327.289 330.613 328.214 336.493 349.288 348.954 349.206 352.557
348.906 315.243 317.414 320.209 340.964 341.077 340.882 347.59 347.017 350.136
348.796 342.028 338.338 335.31 342.009 312.677 340.404 326.038 344.177 341.43
346.621 319.878 323.928 316.739 318.348 316.303 312.873 313.571 315.398 334
336.182 336.644 336.004 349.129 349.03 348.576 339.929 340.948 340.822 346.393
345.594 342.258 322.112 334.395 323.808 332.253 342.424 341.326 333.076 327.922
338.048 346.643 348.669 347.577 349.727 347.704 348.663 342.191 342.157 342.183
342.207 346.574 342.391 341.289 332.173 337.917 327.75 332.971 335.53 335.595
335.229 338.898 339.995 340.649 345.3 344.642 314.182 326.693 328.752 319.966
322.115 334.376 323.711 339.843 339.872 339.853 339.812 346.356 347.961 342.178
348.563 308.708 336.68 333.707 340.132 341.149 340.613 339.709 339.421 335.776
348.54 348.893 342.277 344.973 341.596 329.789 327.389 312.964 312.548 316.058
317.889 315.31 313.418 323.67 319.755 316.706 335.176 338.073 343.687 345.915
341.549 340.33 340.358 340.263 349.858 347.515 348.593 341.183 347.025 348.18
348.157 334.293 327.411 329.845 348.185 319.789 323.382 317.485 323.872 328.043
320.638 342.326 342.39 342.427 345.504 332.132 348.025 347.549 346.885 342.208
347.255 347.997 347.728 345.979 341.629 335.442 330.119 340.603 346.063 321.029
323.609 321.67 319.717 344.313 347.265 347.421 347.603 323.541 321.73 341.696
340.604 339.379 342.283 343.003 342.071 343.593 343.845 340.655 342.029 343.625
324.915 325.677 342.091 341.989 337.108 338.217 339.248 336.385 340.984 340.25
340.949 341.536 340.671 337.62 335.988 341.292 307.936 340.286 339.636 341.249
339.515 337.096 340.747 341.558 336.641 336.397 308.646 342.042 342.014 342.049
342.066 340.43 337.26 339.177 335.633 336.002 335.935 317.501 324.597 310.245
340.219 341.475 342.855 341.888 341.606 337.324 339.395 343.06 340.45 310.057
317.349 324.485 340.719 336.814 341.153 336.268 340.439 339.289 341.232 335.811
336.318 313.15 326.476 340.762 310.18 308.476 312.417 340.387 339.743 340.253
340.803 335.439 337.12 340.192 337.43 338.261 340.618 336.445 335.539 315.447
314.486 314.546 317.018 319.304 316.759 314.482 316.215 314.988 352.546 339.748
340.831 342.098 340.737 318.422 322.716 321.712 325.153 326.266 320.565 320.013
319.741 319.111 350.502 348.649 349.055 349.985 343.239 341.489 342.012 340.132
340.534 337.879 339.085 305.421 308.438 311.76 307.6 308.68 312.154 308.73
302.175 308.062 305.592 306.084 305.404 307.668 312.97 308.621 308.637 313.816
312.493 304.108 301.169 300.681 301.044 301.106 301.27 304.23 300.777 312.804
313.073 309.036 309.019 314.229 313.224 271.182 274.079 271.614 270.181 267.517
266.73 267.912 307.247 311.86 301.979 311.469 312.729 311.265 310.787 311.375
300.69 311.822 307.265 302.058 310.751 311.237 311.343 272.482 276.778 288.714
300.682 271.695 270.292 266.839 267.601 271.901 275.219 274.139 271.274 338.394
338.385 338.405 338.414 325.101 334.15 345.06 325.075 325.026 338.949 340.046
344.765 345.439 340.688 338.127 337.037 341.28 337.01 338.089 341.246 344.562
333.327 324.682 324.661 324.61 329.46 342.476 340.126 340.145 340.117 340.086
341.337 337.823 337.803 337.813 337.833 341.94 351.168 348.588 352.133 352.292
351.327 350.587 352.463 351.862 352.887 352.595 351.429 351.778 343.926 352.752
354.878 354.394 354.591 354.039 353.704 354.5 353.187 351.007 354.156 360.355
355.432 349.868 350.172 351.901 353.189 354.508 351.825 352.658 346.534 330.242
313.54 350.753 352.609 353.626 353.481 351.995 351.902 353.67 353.416 354.691
352.477 351.69 349.069 350.324 351.211 351.131 356.67 353.283 346.077 336.224
336.088 355.49 353.027 346.362 351.032 352.877 358.005 355.433 353.117 355.375
352.931 351.22 335.682 335.82 346.111 346.34 357.06 353.727 351.35 351.425
350.463 349.305 354.703 352.447 351.595 353.032 351.636 351.812 350.143 353.152
351.503 353.239 353.21 360.436 355.217 346.41 349.163 353.858 350.411 349.384
351.395 352.691 352.752 352.15 352.246 353.497 350.59 351.688 350.247 351.981
352.55 342.479 352.052 349.797 348.625 350.027 349.383 346.516 348.675 348.828
349.634 348.184 349.024 350.098 349.905 349.347 338.419 340.162 342.073 342.213
337.838 341.285 352.575 339.89 343.363 250.142 249.902 250.056 251.438 250.244
256.62 271.684 255.781 267.468 271.552 270.542 270.793 271.682 270.44 267.707
264.845 250.056 249.902 250.142 270.538 271.522 249.517 257.071 268.4 268.492
256.122 266.921 268.698 260.504 262.355 260.43 261.325 262.067 269.061 268.778
262.617 262.127 275.156 271.995 269.544 268.94 264.305 263.633 262.423 264.181
271.106 271.231 274.604 272.973 273.473 268.768 268.705 268.688 268.404 268.984
268.406 264.309 267.447 265.801 265.769 267.407 264.279 262.255 261.392 263.139
262.305 262.198 263.111 263.565 262.561 268.713 273.137 273.616 263.615 266.816
266.903 255.905 257.053 249.484 271.468 270.503 266.153 247.14 262.571 262.524
262.621 266.806 267.213 255.611 266.558 262.536 262.44 262.486 269.499 268.106
266.247 247.147 266.196 266.823 266.174 268.259 269.649 264.121 263.552 256.604
250.225 251.413 262.41 261.957 261.953 146.884 148.29 119.813 118.328 145.782
117.254 144.883 116.424 144.052 115.661 143.179 114.831 142.202 113.871 141.11
112.775 139.919 111.57 138.653 110.287 137.336 108.955 135.977 107.583 134.567
106.163 133.09 104.692 131.548 103.182 130.047 101.797 127.506 99.8613 120.81
95.3481 95.0717 76.0627 17.4973 -5.2381 146.898 148.23 145.812 144.895 144.031
143.128 142.132 141.033 139.842 138.578 137.26 135.901 134.504 133.055 131.534
130.013 127.317 120.099 93.8423 -5.14596 146.608 147.881 145.666 144.876 144.08
143.194 142.194 141.087 139.895 138.637 137.326 135.961 134.546 133.092 131.588
130.161 127.882 121.918 96.8326 -5.36518 146.461 147.576 145.637 144.9 144.11
143.207 142.191 141.082 139.898 138.655 137.356 136.002 134.589 133.109 131.576
130.137 127.904 122.117 97.169 -5.3893 146.52 147.502 145.681 144.883 144.043
143.119 142.103 141.005 139.835 138.601 137.311 135.968 134.555 133.053 131.48
129.908 127.163 119.972 93.6196 -5.1245 146.595 147.542 145.755 144.946 144.103
143.189 142.187 141.097 139.927 138.686 137.384 136.021 134.579 133.055 131.469
129.875 127.106 119.9 93.3486 -5.09438 146.58 147.368 145.823 145.035 144.187
143.26 142.25 141.156 139.981 138.734 137.418 136.03 134.568 133.04 131.471
129.952 127.568 121.421 95.6207 -5.25083 146.403 147.006 145.733 144.971 144.115
143.174 142.157 141.071 139.917 138.699 137.409 136.028 134.557 133.007 131.406
129.79 127.073 120.15 93.605 -5.10092 146.385 146.992 145.705 144.932 144.062
143.108 142.083 140.996 139.85 138.647 137.379 136.011 134.534 132.971 131.347
129.621 126.473 118.523 91.0255 -4.91039 146.424 146.911 145.803 145.039 144.154
143.181 142.146 141.056 139.907 138.693 137.411 136.037 134.557 132.993 131.378
129.711 126.875 119.791 92.9334 -5.04349 146.511 146.898 145.936 145.174 144.27
143.278 142.231 141.136 139.98 138.753 137.444 136.049 134.565 133.003 131.401
129.799 127.214 120.699 94.2413 -5.1349 146.391 146.744 145.859 145.149 144.29
143.326 142.29 141.193 140.03 138.792 137.472 136.064 134.566 132.985 131.346
129.591 126.447 118.665 91.2172 -4.91882 146.396 146.748 145.865 145.155 144.295
143.331 142.294 141.197 140.035 138.799 137.48 136.071 134.573 132.991 131.351
129.594 126.448 118.669 91.2287 -4.92024 146.526 146.908 145.954 145.193 144.286
143.291 142.244 141.15 139.997 138.774 137.469 136.074 134.588 133.023 131.418
129.811 127.219 120.698 94.2445 -5.13648 146.477 146.942 145.858 145.088 144.195
143.218 142.183 141.097 139.953 138.749 137.465 136.08 134.597 133.029 131.409
129.735 126.884 119.78 92.9169 -5.04409 146.443 147.028 145.764 144.982 144.104
143.145 142.121 141.039 139.899 138.706 137.439 136.063 134.585 133.02 131.39
129.657 126.5 118.546 91.0611 -4.9153 145.775 146.449 145.002 144.135 143.188
142.172 141.091 139.944 138.735 137.455 136.081 134.612 133.061 131.455 129.833
127.108 120.184 93.6577 -5.10773 145.883 146.657 145.076 144.21 143.277 142.267
141.177 140.013 138.776 137.469 136.089 134.629 133.098 131.524 130 127.597
121.424 95.6303 -5.25511 145.821 146.682 144.991 144.132 143.211 142.21 141.127
139.969 138.743 137.456 136.092 134.641 133.113 131.524 129.929 127.151 119.931
93.3918 -5.1011 145.754 146.62 144.929 144.071 143.141 142.131 141.043 139.885
138.663 137.385 136.043 134.62 133.115 131.539 129.969 127.221 120.03 93.7065
-5.13469 145.707 146.599 144.913 144.094 143.189 142.185 141.09 139.918 138.68
137.385 136.045 134.649 133.178 131.645 130.205 127.955 122.147 97.2226 -5.39804
145.748 146.77 144.895 144.069 143.181 142.192 141.1 139.921 138.672 137.365
136.014 134.624 133.178 131.663 130.228 127.926 121.934 96.8717 -5.3741 145.903
147.038 144.949 144.066 143.157 142.166 141.077 139.898 138.646 137.337 135.985
134.595 133.143 131.606 130.075 127.364 120.144 93.935 -5.15999 145.868 147.016
144.932 144.079 143.197 142.224 141.141 139.961 138.705 137.395 136.044 134.639
133.161 131.614 130.102 127.55 120.865 95.1907 -5.25347 117.343 118.478 116.469
115.681 114.845 113.89 112.805 111.612 110.338 109.01 107.644 106.23 104.76
103.246 101.849 99.8924 95.3769 76.1424 17.528 142.445 132.245 106.741 117.588
149.779 124.399 153.059 126.834 153.255 126.166 151.878 124.094 150.026 121.788
140.844 130.263 149.319 152.859 152.973 151.584 149.837 140.737 122.701 152.689
156 154.672 152.065 149.671 142.24 126.022 152.6 155.303 153.904 151.419
149.192 142.325 134.552 148.468 151.138 151.197 150.071 148.702 143.509 136.635
148.227 150.373 150.587 149.776 148.637 148.612 140.631 151.437 151.457 150.461
149.302 148.26 146.949 138.386 149.89 149.947 149.13 148.285 147.602 145.379
137.891 148.591 149.181 148.768 148.147 147.56 147.835 138.859 150.202 149.68
148.627 147.829 147.323 149.559 142.377 150.738 149.633 148.362 147.571 147.179
145.345 140.567 147.499 147.818 147.505 147.192 146.974 145.337 140.548 147.498
147.818 147.505 147.194 146.976 149.515 142.322 150.709 149.611 148.347 147.564
147.181 147.736 138.761 150.122 149.619 148.587 147.811 147.327 145.274 137.796
148.49 149.1 148.718 148.128 147.566 146.829 138.292 149.768 149.852 149.076
148.272 147.621 147.045 148.39 140.487 151.219 151.304 150.394 149.311 148.32
147.449 143.179 136.431 147.912 150.173 150.522 149.81 148.721 147.639 141.91
134.328 148.087 150.938 151.168 150.146 148.818 147.619 151.937 141.225 155.094
153.97 151.602 149.401 147.761 151.884 139.439 155.777 154.816 152.365 149.972
148.118 148.741 139.745 152.716 153.11 151.849 150.098 148.43 149.398 141.135
153.118 153.477 152.133 150.261 148.477 124.093 116.139 127.012 126.489 124.417
122.071 120.032 258.975 257.784 259.831 121.919 85.175 88.7054 98.3761 104.157
85.0227 120.303 78.7729 117.559 78.0409 116.556 81.9975 121.647 92.712 132.244
73.0468 73.645 74.0217 77.1529 137.717 134.222 127.728 124.704 118.646 101.859
85.779 115.191 111.802 108.914 110.513 260.45 247.863 234.612 247.984 262.158
260.953 255.556 259.097 102.068 107.403 132.67 152.892 134.803 106.674 115.592
111.453 109.186 109.027 113.516 132.473 77.1751 85.2904 135.962 132.718 128.718
129.008 125.471 84.1349 81.8475 124.781 123.193 125.041 130.076 106.824 96.0045
92.9952 90.104 101.107 102.496 112.207 127.248 256.198 257.888 258.282 258.559
256.294 101.594 113.891 103.138 119.957 83.7482 92.4214 117.772 114.473 115.439
125.006 262.04 266.205 266.096 261.241 51.3403 11.531 6.03742 50.0008 76.2045
134.015 76.43 76.5834 138.31 132.548 126.448 128.672 259.72 260.62 260
259.967 46.5627 46.7651 43.8035 116.826 88.7438 78.808 78.7744 114.058 110.955
111.873 123.113 258.452 241.666 235.426 239.932 253.529 254.463 251.323 255.614
92.7691 93.803 99.0041 124.825 134.525 96.6127 83.2909 106.279 101.042 103.025
112.254 127.662 125.219 82.3681 82.2608 81.876 85.4377 124.523 123.764 127.129
133.869 125.373 82.4363 90.0337 124.65 123.793 127.098 133.839 106.485 93.1951
85.795 82.249 82.3863 101.231 103.116 112.238 127.605 253.551 240.061 235.541
241.781 258.415 255.55 251.205 254.436 88.744 83.2864 96.6749 134.55 124.084
98.6585 94.101 116.907 114.149 111.034 111.867 123.029 258.512 259.965 259.933
134.057 76.4674 78.7953 78.8287 138.366 132.604 126.457 128.61 260.546 261.78
265.985 261.162 259.686 46.6109 51.398 11.5639 7.45021 9.62556 43.8481 119.985
83.8211 76.6215 117.806 114.509 115.449 124.959 266.098 258.208 258.511 261.967
76.2921 101.689 113.853 112.192 104.656 50.0698 106.906 96.0748 92.5008 101.22
102.623 112.294 127.23 257.025 256.254 256.158 125.605 84.253 90.1816 93.1315
124.972 123.402 125.217 130.096 132.554 77.1929 81.9231 136.1 132.886 128.893
129.054 115.673 102.281 85.4425 111.577 109.386 109.31 113.634 125.434 261.918
247.831 234.517 247.872 260.518 259.144 255.569 260.899 102.145 106.892 135.045
153.186 133.002 107.717 119.082 115.643 112.174 109.212 110.279 121.615 132.732
73.2198 86.1169 138.28 134.627 127.872 123.96 128.849 122.204 85.4591 74.0667
120.676 117.753 116.272 120.018 129.943 85.3334 104.689 98.8777 91.7942 79.182
78.2543 81.6101 90.8968 104.186 263.192 263.421 260.073 258.965 257.029 264.219
259.86 260.845 231.639 242.881 252.614 248.88 233.091 210.246 222.046 211.066
176.624 195.009 181.177 134.969 154.559 146.028 257.721 252.786 259.581 260.204
259.631 259.903 258.587 258.375 253.644 259.667 263.504 265.572 259.001 265.449
265.261 261.212 263.228 260.974 255.29 263.445 264.721 263.409 262.57 260.392
251.609 258.968 259.248 259.262 262.634 261.795 261.868 266.81 258.571 265.193
257.069 258.816 259.497 230.338 248.652 247.986 228.154 211.326 200.922 201.369
192.178 166.942 176.39 160.244 132.099 125.533 107.31 254.468 248.399 254.015
256.946 257.822 249.189 257.183 259.881 261.764 255.154 258.559 262.419 256.99
256.164 248.286 253.566 258.889 257.019 259.238 260.524 248.321 259.369 258.875
262.353 253.497 256.116 256.939 249.177 255.141 261.713 259.821 256.96 257.174
211.258 228.117 247.985 248.626 230.342 192.179 201.351 200.96 160.23 176.362
167.006 132.166 107.325 125.523 233.077 248.708 252.418 242.689 231.58 211.368
222.203 210.606 181.763 195.498 177.171 146.737 155.191 135.621 259.863 256.408
264.406 256.246 264.715 99.8709 116.301 108.467 117.967 78.8464 54.9475 111.71
263.972 272.063 271.425 262.255 270.755 270.318 249.637 250.199 249.77 73.4146
54.2991 17.0816 8.99584 52.704 17.7413 14.1035 262.848 271.593 263.338 253.849
247.378 247.934 247.284 80.0267 55.505 10.0082 111.942 223.962 237.8 225.729
216.665 205.201 203.139 223.965 237.055 201.847 213.893 175.132 190.896 173.166
152.47 169.4 186.766 148.843 265.135 252.223 258.979 264.392 268.351 272.118
241.876 241.559 241.928 242.072 78.5448 53.6899 109.66 54.1474 15.4431 7.33539
262.998 274.662 275.622 262.557 272.387 279.585 55.0388 16.9368 15.5178 69.5599
17.8948 12.2291 259.584 266.666 255.037 262.065 261.51 261.824 262.101 262.397
99.3199 95.6319 59.0918 106.668 260.058 261.507 226.243 240.686 250.611 199.972
214.371 163.962 183.137 124.775 142.179 259.781 270.672 272.325 261.874 270.984
273.043 261.191 273.58 241.641 271.466 275.528 9.61808 7.41881 10.1648 260.651
270.229 273.435 261.424 62.9412 13.022 8.69628 51.4404 219.285 220.661 199.5
190.417 181.456 189.217 213.708 228.777 187.413 200.39 156.725 166.854 151.034
117.844 156.916 173.021 139.464 259.613 246.467 248.261 263.826 265.378 277.486
82.0428 83.5952 94.4122 116.809 66.8888 17.2087 47.7253 263.207 273.507 279.68
263.872 273.566 277.5 275.738 283.193 283.654 277.461 280.676 288.083 82.5862
82.0321 64.0865 21.9254 18.4791 66.9682 17.183 18.5521 259.647 265.366 248.329
246.561 246.209 243.975 246.025 246.379 283.198 283.659 162.94 144.807 144.987
163.732 177.653 178.061 83.4026 93.8108 47.6227 115.792 219.512 228.964 213.931
200.609 187.585 189.435 199.811 220.917 181.706 190.707 156.83 173.105 156.913
139.106 151.218 167.106 117.961 260.587 261.427 273.246 261.096 270.031 273.469
247.477 247.589 247.275 246.672 248.017 46.8129 62.9589 13.0282 51.5114 10.1665
8.66411 272.951 270.967 272.271 259.695 270.584 280.181 273.84 275.511 6.05292
250.558 240.69 226.302 214.477 200.094 183.289 164.11 142.325 124.896 259.544
259.447 254.991 262.553 261.796 266.691 279.634 99.3263 95.6916 106.737 69.6625
17.8965 59.0619 263.006 261.769 272.559 275.876 264.264 263.288 274.861 272.253
55.0943 16.8933 12.2641 54.1573 15.404 15.4031 264.915 264.584 268.514 258.862
251.97 242.157 242.441 242.015 78.7464 53.8462 7.32462 109.967 223.935 237.017
224.019 214.042 202.084 203.248 225.673 237.745 205.278 216.669 175.384 187.057
169.704 149.162 173.346 191.038 152.706 262.853 259.633 253.973 263.454 262.134
258.531 271.661 270.332 247.215 246.746 247.262 247.357 80.164 55.709 112.216
52.6613 17.5889 10.0337 263.828 260.367 270.712 271.241 264.24 260.958 271.708
264.457 54.1694 16.8604 13.9322 79.037 55.404 9.00781 258.027 259.007 259.656
259.713 259.827 256.082 256.282 249.296 249.49 249.357 248.442 99.9302 115.88
109.038 112.368 118.62 249.575 248.713 225.723 242.42 220.824 218.222 207.558
205.459 215.288 70.0658 69.3577 69.4841 72.5779 169.718 191.264 188.646 165.652
134.762 273.421 273.904 273.281 273.295 246.769 247.237 274.41 214.814 220.464
238.542 213.58 210.438 203.629 201.578 71.7011 69.9604 71.6088 72.0639 73.1734
-0.952141 7.47263 185.608 163.757 167.357 188.02 134.002 242.351 216.325 209.103
235.214 209.615 205.869 199.101 196.787 271.157 276.538 64.3041 65.3651 64.8322
64.2162 63.3441 162.167 157.858 180.251 182.928 129.22 4.99125 -1.86005 277.99
282.359 276.612 287.966 8.37 9.00995 -0.0384433 7.15906 200.188 196.07 187.205
63.8651 64.2635 63.4148 62.5984 63.3824 173.677 157.244 273.844 280.266 280.314
-3.93346 54.0983 2.45716 3.67215 2.52836 3.68108 247.414 247.21 247.527 247.958
246.605 274.507 280.249 188.167 185.629 177.83 61.4645 61.9831 61.5446 60.4471
62.7572 3.81191 -4.39348 165.136 149.753 246.07 244.016 246.255 246.425 177.965
177.557 178.644 213.215 201.114 226.131 232.476 199.151 192.581 185.818 181.07
189.579 187.081 163.658 144.935 144.75 162.862 60.6194 61.1603 60.5082 58.0075
153.263 147.218 165.876 170.715 132.619 116.559 -1.41674 178.739 189.682 201.23
226.221 192.698 187.177 181.174 213.377 232.603 199.309 185.939 61.1385 60.6001
57.9851 60.4883 147.209 165.94 116.266 -1.51216 153.19 170.764 132.099 188.544
280.035 178.123 185.948 274.333 280.228 62.0959 61.5769 61.6574 62.8717 60.558
165.42 149.99 -4.39463 3.65768 3.76825 271.417 241.707 2.53724 3.64898 2.47208
54.175 -3.92379 261.823 261.508 262.065 262.398 262.101 200.085 288.006 196.047
187.201 63.3634 64.2122 63.814 63.3311 62.5473 157.205 173.632 -0.0727787 276.787
282.711 278.271 276.779 7.16365 8.92838 4.93081 8.23815 241.645 241.961 271.411
209.126 216.358 235.079 209.823 206.116 199.417 197.155 64.4232 63.4609 64.3357
64.9523 65.4869 -1.89825 180.652 158.213 162.491 183.278 129.514 247.915 220.404
214.72 238.552 213.585 210.422 203.716 201.651 274.52 273.368 71.8868 73.3573
72.2492 71.7946 70.1439 167.496 163.859 185.714 188.147 134.241 7.34763 -0.856274
69.8301 69.9565 68.2496 7.03491 6.17286 -2.2478 225.677 242.252 220.812 218.452
215.573 205.963 208.005 70.5392 73.0507 170.219 191.789 189.203 166.136 135.376
67.7855 -2.36961 6.36778 7.19264 277.508 275.79 10.981 12.4364 10.9551 249.918
273.284 273.784 273.109 256.223 252.263 253.03 104.523 112.064 252.986 252.216
256.155 257.818 236.768 214.745 214.177 217.264 217.435 237.16 157.829 155.72
157.507 157.634 103.195 236.716 217.098 213.988 214.543 237.115 217.271 216.975
207.769 208.682 196.781 192.99 203.118 157.33 155.542 157.652 157.457 123.205
132.393 126.139 175.643 179.279 151.965 217.14 208.004 203.327 193.188 196.957
208.851 123.356 132.551 126.289 179.462 175.836 152.144 269.003 261.135 261.639
254.915 254.83 259.746 266.839 261.529 258.807 254.44 257.855 253.989 248.339
265.21 260.316 251.651 258.613 259.347 259.073 263.109 261.135 262.761 259.361
262.826 259.155 255.444 261.146 265.28 265.471 263.382 258.449 265.703 263.638
259.702 253.662 263.323 264.344 257.188 259.006 260.975 263.629 268.644 253.104
257.996 259.848 259.964 258.797 250.831 262.42 262.37 262.22 261.101 253.883
246.76 246.323 257.711 257.519 256.995 249.933 249.863 253.873 256.114 257.865
257.012 261.076 260.032 261.497 259.656 259.675 248.918 253.988 261.373 259.942
260.686 261.071 253.753 253.717 259.505 259.492 248.816 259.478 263.362 257.831
256.095 258.073 257.369 249.933 249.861 246.767 257.348 260.358 260.492 246.849
257.725 246.335 257.548 257.41 246.724 258.118 262.474 259.635 263.597 262.455
262.504 253.781 261.168 260.751 260.203 259.057 251.088 261.746 259.812 261.982
261.842 261.98 
alpha.water 1 7803 float
1 1 1 1 1 1 1 1 1 1 1
1 1 1 1 1 1 1 1 1 1
1 1 1 1 1 1 1 1 1 1
1 1 1 1 1 1 1 1 1 1
1 1 1 1 1 1 1 1 1 1
1 1 1 1 1 1 1 1 1 1
1 1 1 1 1 1 1 1 1 1
1 1 1 1 1 1 1 1 1 1
1 1 1 1 1 1 1 1 1 1
1 1 1 1 1 1 1 1 1 1
1 1 1 1 1 1 1 1 1 1
1 1 1 1 1 1 1 1 1 1
1 1 1 1 1 1 1 1 1 1
1 1 1 1 1 1 1 1 1 1
1 1 1 1 1 1 1 1 1 1
1 1 1 1 1 1 1 1 1 1
1 1 1 1 1 1 1 1 1 1
1 1 1 1 1 1 1 1 1 1
1 1 1 1 1 1 1 1 1 1
1 1 1 1 1 1 1 1 1 1
1 1 1 1 1 1 1 1 1 1
1 1 1 1 1 1 1 1 1 1
1 1 1 1 1 1 1 1 1 1
1 1 1 1 1 1 1 1 1 1
1 1 1 1 1 1 1 1 1 1
1 1 1 1 1 1 1 1 1 1
1 1 1 1 1 1 1 1 1 1
1 1 1 1 1 1 1 1 1 1
1 1 1 1 1 1 1 1 1 1
1 1 1 1 1 1 1 1 1 1
1 1 1 1 1 1 1 1 1 1
1 1 1 1 1 1 1 1 1 1
1 1 1 1 1 1 1 1 1 1
1 1 1 1 1 1 1 1 1 1
1 1 1 1 1 1 1 1 1 1
1 1 1 1 1 1 1 1 1 1
1 1 1 1 1 1 1 1 1 1
1 1 1 1 1 1 1 1 1 1
1 1 1 1 1 1 1 1 1 1
1 1 1 1 1 1 1 1 1 1
1 1 1 1 1 1 1 1 1 1
1 1 1 1 1 1 1 1 1 1
1 1 1 1 1 1 1 1 1 1
1 1 1 1 1 1 1 1 1 1
1 1 1 1 1 1 1 1 1 1
1 1 1 1 1 1 1 1 1 1
1 1 1 1 1 1 1 1 1 1
1 1 1 1 1 1 1 1 1 1
1 1 1 1 1 1 1 1 1 1
1 1 1 1 1 1 1 1 1 1
1 1 1 1 1 1 1 1 1 1
1 1 1 1 1 1 1 1 1 1
1 1 1 1 1 1 1 1 1 1
1 1 1 1 1 1 1 1 1 1
1 1 1 1 1 1 1 1 1 1
1 1 1 1 1 1 1 1 1 1
1 1 1 1 1 1 1 1 1 1
1 1 1 1 1 1 1 1 1 1
1 1 1 1 1 1 1 1 1 1
1 1 1 1 1 1 1 1 1 1
1 1 1 1 1 1 1 1 1 1
1 1 1 1 1 1 1 1 1 1
1 1 1 1 1 1 1 1 1 1
1 1 1 1 1 1 1 1 1 1
1 1 1 1 1 1 1 1 1 1
1 1 1 1 1 1 1 1 1 1
1 1 1 1 1 1 1 1 1 1
1 1 1 1 1 1 1 1 1 1
1 1 1 1 1 1 1 1 1 1
1 1 1 1 1 1 1 1 1 1
1 1 1 1 1 1 1 1 1 1
1 1 1 1 1 1 1 1 1 1
1 1 1 1 1 1 1 1 1 1
1 1 1 1 1 1 1 1 1 1
1 1 1 1 1 1 1 1 1 1
1 1 1 1 1 1 1 1 1 1
1 1 1 1 1 1 1 1 1 1
1 1 1 1 1 1 1 1 1 1
1 1 1 1 1 1 1 1 1 1
1 1 1 1 1 1 1 1 1 1
1 1 1 1 1 1 1 1 1 1
1 1 1 1 1 1 1 1 1 1
1 1 1 1 1 1 1 1 1 1
1 1 1 1 1 1 1 1 1 1
1 1 1 1 1 1 1 1 1 1
1 1 1 1 1 1 1 1 1 1
1 1 1 1 1 1 1 1 1 1
1 1 1 1 1 1 1 1 1 1
1 1 1 1 1 1 1 1 1 1
1 1 1 1 1 1 1 1 1 1
1 1 1 1 1 1 1 1 1 1
1 1 1 1 1 1 1 1 1 1
1 1 1 1 1 1 1 1 1 1
1 1 1 1 1 1 1 1 1 1
1 1 1 1 1 1 1 1 1 1
1 1 1 1 1 1 1 1 1 1
1 1 1 1 1 1 1 1 1 1
1 1 1 1 1 1 1 1 1 1
1 1 1 1 1 1 1 1 1 1
1 1 1 1 1 1 1 1 1 1
1 1 1 1 1 1 1 1 1 1
1 1 1 1 1 1 1 1 1 1
1 1 1 1 1 1 1 1 1 1
1 1 1 1 1 1 1 1 1 1
1 1 1 1 1 1 1 1 1 1
1 1 1 1 1 1 1 1 1 1
1 1 1 1 1 1 1 1 1 1
1 1 1 1 1 1 1 1 1 1
1 1 1 1 1 1 1 1 1 1
1 1 1 1 1 1 1 1 1 1
1 1 1 1 1 1 1 1 1 1
1 1 1 1 1 1 1 1 1 1
1 1 1 1 1 1 1 1 1 1
1 1 1 1 1 1 1 1 1 1
1 1 1 1 1 1 1 1 1 1
1 1 1 1 1 1 1 1 1 1
1 1 1 1 1 1 1 1 1 1
1 1 1 1 1 1 1 1 1 1
1 1 1 1 1 1 1 1 1 1
1 1 1 1 1 1 1 1 1 1
1 1 1 1 1 1 1 1 1 1
1 1 1 1 1 1 1 1 1 1
1 1 1 1 1 1 1 1 1 1
1 1 1 1 1 1 1 1 1 1
1 1 1 1 1 1 1 1 1 1
1 1 1 1 1 1 1 1 1 1
1 1 1 1 1 1 1 1 1 1
1 1 1 1 1 1 1 1 1 1
1 1 1 1 1 1 1 1 1 1
1 1 1 1 1 1 1 1 1 1
1 1 1 1 1 1 1 1 1 1
1 1 1 1 1 1 1 1 1 1
1 1 1 1 1 1 1 1 1 1
1 1 1 1 1 1 1 1 1 1
1 1 1 1 1 1 1 1 1 1
1 1 1 1 1 1 1 1 1 1
1 1 1 1 1 1 1 1 1 1
1 1 1 1 1 1 1 1 1 1
1 1 1 1 1 1 1 1 1 1
1 1 1 1 1 1 1 1 1 1
1 1 1 1 1 1 1 1 1 1
1 1 1 1 1 1 1 1 1 1
1 1 1 1 1 1 1 1 1 1
1 1 1 1 1 1 1 1 1 1
1 1 1 1 1 1 1 1 1 1
1 1 1 1 1 1 1 1 1 1
1 1 1 1 1 1 1 1 1 1
1 1 1 1 1 1 1 1 1 1
1 1 1 1 1 1 1 1 1 1
1 1 1 1 1 1 1 1 1 1
1 1 1 1 1 1 1 1 1 1
1 1 1 1 1 1 1 1 1 1
1 1 1 1 1 1 1 1 1 1
1 1 1 1 1 1 1 1 1 1
1 1 1 1 1 1 1 1 1 1
1 1 1 1 1 1 1 1 1 1
1 1 1 1 1 1 1 1 1 1
1 1 1 1 1 1 1 1 1 1
1 1 1 1 1 1 1 1 1 1
1 1 1 1 1 1 1 1 1 1
1 1 1 1 1 1 1 1 1 1
1 1 1 1 1 1 1 0.999999 0.999999 0.999999
0.999999 0.999999 0.999999 0.999999 0.999999 0.999999 1 1 1 1
1 1 1 1 1 1 1 1 1 1
1 1 1 1 1 1 1 1 1 1
1 1 1 1 1 1 1 1 1 1
1 1 1 1 1 1 1 1 1 1
1 1 1 1 1 1 1 1 1 1
1 1 1 1 1 1 1 1 1 1
1 1 1 1 1 1 1 1 0.999999 1
1 1 0.999999 0.999999 0.999999 0.999999 1 1 1 1
1 1 1 1 1 1 1 1 1 1
1 1 1 1 1 1 1 1 1 1
1 1 1 1 1 1 1 1 1 1
1 1 1 1 1 1 1 1 1 1
1 1 1 1 1 1 1 1 1 1
1 1 1 1 1 1 1 1 1 1
1 1 1 1 1 1 1 1 1 1
1 1 1 1 1 1 1 1 1 1
1 1 1 1 1 1 1 1 1 1
1 1 1 1 1 1 1 1 1 1
1 1 1 1 1 1 1 1 1 1
1 1 1 0.999999 0.999999 0.999999 1 1 1 1
1 1 1 1 1 1 1 1 1 1
1 1 1 1 1 1 1 1 1 1
1 1 1 1 1 1 1 1 1 1
1 1 1 1 1 1 1 1 1 1
1 1 1 1 1 1 1 1 1 1
1 1 1 1 1 1 1 1 1 1
1 1 1 1 1 1 1 1 1 1
1 1 1 1 1 1 1 1 1 1
1 1 1 1 1 1 1 1 1 1
1 1 1 1 1 1 1 1 1 1
1 1 1 1 1 1 1 1 1 1
1 1 1 1 1 1 1 1 1 1
1 1 1 1 1 1 1 1 1 1
1 1 1 1 1 1 1 1 1 1
1 1 1 1 1 1 1 1 1 1
1 1 1 1 1 1 1 1 1 1
1 1 1 1 1 1 1 1 1 1
1 1 1 1 1 1 1 1 1 1
1 1 1 1 1 1 1 1 1 1
1 1 1 1 1 1 1 1 1 1
1 1 1 1 1 1 1 1 1 1
1 1 1 1 1 1 1 1 1 1
1 1 1 1 1 1 1 1 1 1
1 1 1 1 1 1 1 1 1 1
1 0.999999 0.999999 0.999999 1 1 1 0.999997 1 1
1 1 1 1 1 1 1 1 1 1
1 1 1 1 1 1 1 1 1 1
1 1 1 1 1 1 1 1 1 1
1 1 1 1 1 1 1 1 1 1
1 1 1 1 1 1 1 1 1 1
1 1 1 1 1 1 1 1 1 1
1 1 1 1 1 1 1 1 1 1
1 1 1 1 1 1 1 1 1 1
1 1 1 1 1 1 1 1 1 1
1 1 1 1 1 1 1 1 1 1
1 1 1 1 1 1 1 1 1 1
1 1 1 1 1 1 1 1 1 1
1 1 1 1 1 1 1 1 1 1
1 1 1 1 1 1 1 1 1 1
1 1 1 1 1 1 1 1 1 1
1 1 1 1 1 1 1 1 1 1
1 1 1 1 1 1 1 1 1 1
1 1 1 1 1 1 1 1 1 1
1 1 1 1 1 1 1 1 1 1
1 1 1 1 1 1 1 1 1 1
1 1 1 1 1 1 1 1 1 1
1 1 1 1 1 1 1 1 1 1
1 1 1 1 1 1 1 1 1 1
1 1 1 1 1 1 1 1 1 1
1 1 1 1 1 1 1 1 1 1
0.999999 0.999999 0.999999 0.999999 0.999999 0.999999 0.999999 0.999999 0.999998 0.999998
0.999994 0.99999 0.99999 0.999995 0.999993 0.99999 0.999995 0.999997 0.999997 0.999998
1 1 1 1 1 1 1 1 1 1
1 1 1 1 1 1 1 1 1 1
1 1 1 1 1 1 1 1 1 1
1 1 1 1 1 1 1 1 1 1
1 1 1 1 1 1 1 1 1 1
1 1 1 1 1 1 1 1 1 1
1 1 1 1 1 1 1 1 1 1
1 1 1 1 1 1 1 1 1 1
1 1 1 1 1 1 1 1 1 1
1 1 1 1 1 1 1 1 1 1
1 1 1 1 1 1 1 1 1 1
1 1 1 1 1 1 1 1 1 1
1 1 1 1 1 1 1 1 1 1
1 1 1 1 1 1 1 1 1 1
1 1 1 1 1 1 1 1 1 1
1 1 1 1 1 1 1 1 1 1
1 1 1 1 1 1 1 1 1 1
1 1 1 1 1 1 1 1 1 1
1 1 1 1 1 1 1 1 1 1
1 1 1 1 1 1 1 0.999999 1 1
1 1 1 1 1 1 1 1 1 1
1 1 1 1 1 1 1 1 1 1
1 1 1 1 1 1 1 1 1 1
1 1 1 1 1 1 1 1 1 1
1 1 1 1 1 1 1 1 1 1
1 1 1 1 1 1 1 1 1 1
1 1 1 1 1 1 1 1 1 1
1 1 1 1 1 1 1 1 1 1
1 1 1 1 1 1 1 1 1 1
1 1 1 1 1 1 1 1 1 1
1 1 1 1 1 1 1 1 1 1
1 1 1 1 1 1 1 0.999997 0.999997 0.999997
1 1 1 1 1 1 1 1 1 1
1 1 1 1 1 1 1 1 1 1
1 1 1 1 1 1 1 1 1 1
1 1 1 1 1 1 1 1 1 1
1 1 1 1 1 1 1 1 1 1
1 1 1 1 1 1 1 1 1 1
1 1 1 1 1 1 1 1 1 1
1 1 1 1 1 1 1 1 1 1
1 1 1 1 1 1 1 1 1 1
1 1 1 1 1 1 1 1 1 1
1 1 1 1 1 1 1 1 1 1
1 1 1 1 1 1 1 1 1 1
1 1 1 1 1 1 1 1 1 1
1 1 1 1 1 1 1 1 1 1
1 1 1 1 1 1 1 1 1 1
1 1 1 1 1 1 1 1 1 1
1 1 1 1 1 1 1 1 1 1
1 1 1 1 1 1 1 1 1 1
1 1 1 1 1 1 1 1 1 1
1 1 1 1 1 1 1 1 1 1
1 1 1 1 1 1 1 1 1 1
1 1 1 1 1 1 1 1 1 1
1 1 1 1 1 1 1 1 1 1
1 1 1 1 1 1 1 1 1 1
1 1 1 1 1 1 1 1 1 1
1 1 1 1 1 1 1 1 1 1
1 1 1 1 1 1 1 1 1 1
1 1 1 1 1 1 1 1 1 1
1 1 1 1 1 1 1 1 1 1
1 1 1 1 1 1 1 1 1 1
1 1 1 1 1 1 1 1 1 1
1 1 1 1 1 1 1 1 1 1
1 1 1 1 1 1 1 1 1 1
1 1 1 1 1 1 1 1 1 1
1 1 1 1 1 1 1 1 1 1
1 1 1 1 1 1 1 1 1 1
1 1 1 1 1 1 1 1 1 1
1 1 1 1 1 1 1 1 1 1
1 1 1 1 1 1 1 1 1 1
1 1 1 1 1 1 1 1 1 1
1 1 1 1 1 1 1 1 1 1
1 1 1 1 1 1 1 1 1 1
1 1 1 1 1 1 1 1 1 1
1 1 1 1 1 1 1 1 1 1
1 1 1 1 1 1 1 1 1 1
1 1 1 1 1 1 1 1 1 1
1 1 1 1 1 1 1 1 1 1
1 1 1 1 1 1 1 1 1 1
1 1 1 1 1 1 1 1 1 1
1 1 1 1 1 1 1 1 1 1
1 0.999999 1 1 1 1 1 1 1 1
1 1 1 1 1 1 1 1 1 1
1 1 1 1 1 1 1 1 1 1
1 1 1 1 1 1 1 1 1 1
1 1 1 1 1 1 1 1 1 1
1 1 1 1 1 1 1 1 1 1
1 1 1 1 1 1 1 1 1 1
1 1 1 1 1 1 1 1 1 1
1 1 1 1 1 1 1 1 1 1
1 1 1 1 1 1 1 1 1 1
1 1 1 1 1 1 1 1 1 1
1 1 1 1 1 1 1 1 1 1
1 1 1 1 1 1 1 1 1 1
1 1 1 1 1 1 1 1 1 1
1 1 1 1 1 1 1 1 1 1
1 1 1 1 1 1 1 1 1 1
1 1 1 1 1 1 1 1 1 1
1 1 1 1 1 1 1 1 1 1
1 1 1 1 1 1 1 1 1 1
1 1 1 1 1 1 1 1 1 1
1 1 1 1 1 1 1 1 1 1
1 1 1 1 1 1 1 1 1 1
1 1 1 1 1 1 1 1 1 1
1 1 1 1 1 1 1 1 1 1
1 1 1 1 1 1 1 1 1 1
1 1 1 1 1 1 1 1 1 1
1 1 1 1 1 1 1 1 1 1
1 1 1 1 1 1 1 1 1 1
1 1 1 1 1 1 1 1 1 1
1 1 1 1 1 1 1 1 1 1
1 1 1 1 1 1 1 1 1 1
1 1 1 1 1 1 1 1 1 1
1 1 1 1 1 1 1 1 1 1
1 1 1 1 1 1 1 1 1 1
1 1 1 1 1 1 1 1 1 1
1 1 1 1 1 1 1 1 1 1
1 1 1 1 1 1 1 1 1 1
1 1 1 1 1 1 1 1 1 1
1 1 1 1 1 1 1 1 1 1
1 1 1 1 1 1 1 1 1 1
1 1 1 1 1 1 1 1 1 1
0.999999 1 1 1 1 0.999997 0.999995 1 1 1
1 1 1 1 1 1 1 1 1 1
1 1 1 1 1 1 1 1 1 1
1 1 1 1 1 1 1 1 1 1
1 1 1 1 1 1 1 1 1 1
1 1 1 1 1 1 1 1 1 1
1 1 1 1 1 1 1 1 1 1
1 1 1 1 1 1 1 1 1 1
1 1 1 1 1 1 1 1 0.999997 0.999997
0.999992 1 1 1 1 1 1 1 1 1
1 1 1 1 1 1 1 1 1 1
1 1 1 1 1 1 1 1 1 1
1 1 1 1 1 1 1 1 1 1
1 1 1 1 1 1 1 1 1 1
1 1 1 1 1 1 1 1 1 1
1 1 1 1 1 1 1 1 1 1
1 1 1 1 1 1 1 1 1 1
1 1 1 1 1 1 1 1 1 1
1 1 1 1 1 1 1 1 1 1
1 1 1 1 1 1 1 1 1 1
1 1 1 1 1 1 1 1 1 1
1 1 1 1 1 1 1 1 1 1
1 1 1 1 1 1 1 1 1 1
1 1 1 1 1 1 1 1 1 1
1 1 1 1 1 1 1 1 1 1
1 1 1 1 1 1 1 1 1 1
1 1 1 1 1 1 1 1 1 1
1 1 1 1 1 1 1 1 1 1
1 1 1 1 1 1 1 1 1 1
1 1 1 1 1 1 1 1 1 1
1 1 1 1 1 1 1 1 1 1
1 1 1 1 1 1 1 1 1 1
1 1 1 1 1 1 1 1 1 1
1 1 0.999804 0.999762 0.999787 0.999892 0.999974 1 0.999929 1
1 1 1 1 1 1 1 1 1 1
1 1 1 1 0.999999 0.999999 0.999999 1 1 1
1 1 1 1 1 1 1 1 1 1
1 1 1 1 1 1 1 0.999973 0.999867 0.999862
0.999907 0.999913 0.999933 0.999988 1 1 1 1 1 1
0.999913 0.999907 0.999862 0.999867 0.999973 1 0.999988 0.999933 1 1
1 1 1 1 1 1 1 1 1 1
1 1 1 1 1 1 1 1 1 1
1 1 1 1 1 1 1 1 1 1
1 0.999972 0.999891 0.999784 0.99976 0.999802 1 0.999926 1 1
1 1 1 1 1 1 1 1 1 1
1 1 1 1 1 1 1 1 1 1
1 1 1 1 1 1 1 1 1 1
1 1 1 1 1 1 1 1 1 1
1 1 1 1 1 1 1 1 1 1
1 1 1 1 1 1 1 1 1 1
1 1 1 1 1 1 1 1 1 1
1 1 1 1 1 1 1 1 1 1
1 1 1 0.999998 0.999998 0.999998 1 1 1 1
1 1 1 1 1 1 1 1 1 1
1 1 1 1 1 1 1 1 1 1
1 1 1 1 1 1 1 1 1 1
1 1 1 1 1 1 1 1 1 1
1 1 1 1 1 1 1 1 1 1
1 1 1 1 1 1 1 1 0.999998 0.999997
1 1 1 1 1 1 1 1 1 1
1 1 1 1 1 1 1 1 1 1
1 1 1 1 1 1 1 1 1 1
1 1 1 1 1 1 1 1 1 1
1 1 1 1 1 1 1 1 1 1
1 1 1 1 1 1 1 1 1 1
1 1 1 1 1 1 1 1 1 1
1 1 1 1 1 1 1 1 1 1
1 1 1 1 1 1 1 1 1 1
1 1 1 1 1 1 1 1 1 1
1 1 1 1 1 1 1 1 1 1
1 1 1 1 1 1 1 1 1 1
1 1 1 1 1 1 1 1 1 1
1 1 1 1 1 1 1 1 1 1
1 1 1 1 1 1 1 1 1 1
1 1 1 1 1 1 1 1 1 1
1 1 1 1 1 1 1 1 1 1
1 1 1 1 1 1 1 1 1 1
1 1 1 1 1 1 1 1 1 1
1 1 1 1 1 1 1 1 1 1
1 1 1 1 1 1 1 1 1 1
1 1 1 1 1 1 1 1 1 1
1 1 1 1 1 1 1 1 1 1
1 1 1 1 1 1 1 0.999999 0.999999 1
1 1 1 1 1 1 1 1 1 1
1 1 1 0.999998 1 1 0.999998 1 1 1
1 1 1 1 1 1 1 1 1 1
1 1 1 1 1 1 1 1 1 1
1 1 1 1 1 1 1 1 1 1
1 1 1 1 1 1 1 1 1 1
1 1 1 1 1 1 1 1 1 1
1 1 1 1 1 1 1 1 1 1
1 1 1 1 1 1 1 1 1 1
1 1 1 1 1 1 1 1 1 1
1 1 1 1 1 1 1 1 1 1
1 1 1 1 1 1 1 1 1 1
1 1 1 1 1 1 1 1 1 1
1 1 1 1 1 1 1 1 1 1
1 1 1 1 1 1 1 1 1 1
1 1 1 1 1 1 1 1 1 1
1 1 1 1 1 1 1 1 1 1
1 1 1 1 0.999999 0.999999 1 1 1 1
1 1 1 1 1 1 1 1 1 1
1 1 1 1 1 1 1 1 1 1
1 1 1 1 1 1 1 1 1 1
1 1 1 1 1 1 1 1 1 1
1 1 1 1 1 1 1 1 1 1
1 1 1 1 1 1 1 1 1 1
1 1 1 1 1 1 1 1 1 1
1 1 1 1 1 1 1 1 1 1
1 1 1 1 1 1 1 1 1 1
1 1 1 1 1 1 1 1 1 1
1 1 1 1 1 1 1 1 1 1
1 1 1 1 1 1 1 1 1 1
1 1 1 1 1 1 1 1 1 1
1 1 1 1 1 1 1 1 1 1
1 1 1 1 1 1 1 1 1 1
1 1 1 1 1 1 1 1 1 1
1 1 1 1 1 1 1 1 1 1
1 1 1 1 1 1 1 1 1 1
1 1 1 1 1 1 1 1 1 1
1 1 1 1 1 1 1 1 1 1
1 1 1 1 1 1 1 1 1 1
1 1 1 1 1 1 1 1 1 1
1 1 1 1 1 1 1 1 1 1
1 1 1 1 1 1 1 1 1 1
1 1 1 1 1 1 1 1 1 1
1 1 1 1 1 1 1 1 1 1
1 1 1 1 1 1 1 1 1 1
1 1 1 1 1 1 1 1 1 1
1 1 1 1 1 1 1 1 1 1
1 1 1 1 1 1 1 1 1 1
1 1 1 1 1 1 1 1 1 1
1 1 1 1 1 1 1 1 1 1
1 1 1 1 0.999996 1 1 1 1 1
0.999976 1 0.999959 1 0.999985 1 1 1 1 1
1 1 1 1 1 1 1 1 1 1
1 1 1 1 1 1 1 1 1 1
1 1 1 1 1 1 1 1 1 1
1 1 1 1 1 1 1 1 1 1
1 1 1 1 1 1 1 1 1 1
1 1 1 1 1 1 1 1 1 1
1 1 1 1 1 1 1 1 1 1
1 1 1 0.999954 1 1 1 1 1 0.999993
1 1 1 0.999975 1 0.999931 1 1 1 1
1 0.999999 0.999999 0.999999 1 1 1 1 1 1
1 1 1 1 1 1 1 1 1 1
1 1 0.999999 0.999999 1 0.999995 0.999998 0.999998 0.999996 0.99999
0.999989 0.999989 0.999998 0.999998 1 1 0.999992 1 1 1
1 1 1 1 1 1 1 1 1 1
1 1 1 1 1 1 1 1 1 1
1 1 1 1 1 1 1 1 1 1
1 1 1 1 1 1 1 1 1 1
1 1 1 1 1 1 1 1 1 1
1 1 1 1 1 1 1 1 1 1
1 1 1 1 1 1 1 1 1 1
1 1 1 1 1 1 1 1 1 1
1 1 1 1 1 1 1 1 1 1
1 1 1 1 1 1 1 1 1 1
1 0.999999 1 1 1 1 1 1 1 1
1 1 1 1 1 1 1 1 1 1
1 1 1 1 1 1 1 1 1 1
1 1 1 0.999999 1 1 0.999999 0.999998 0.999997 0.999998
0.999989 1 1 1 1 1 1 1 1 1
1 1 1 1 1 1 1 1 1 1
1 1 1 1 1 1 1 1 1 1
1 1 1 1 1 1 1 1 0.999999 0.999999
1 1 1 1 1 1 1 1 1 1
1 0.999999 1 1 1 1 1 1 1 1
1 1 1 1 1 1 1 1 1 1
1 1 1 1 1 1 1 1 1 1
1 1 1 1 1 1 1 1 1 1
1 1 1 1 1 1 1 1 1 1
1 1 1 1 1 1 1 1 1 1
1 1 1 1 1 1 1 1 1 1
1 1 1 1 1 1 1 1 1 1
1 1 1 1 1 1 1 1 1 1
1 1 1 1 1 1 1 1 1 1
1 1 1 1 1 1 1 1 1 1
1 1 1 1 1 1 1 1 1 1
1 1 1 1 1 1 1 1 1 1
1 1 1 1 1 1 1 1 1 1
1 1 1 1 0.999999 0.999999 1 0.999993 0.99999 1
1 1 1 1 1 1 1 1 1 1
1 1 1 1 1 1 1 1 1 1
1 1 1 1 1 1 1 1 1 1
1 1 1 1 1 1 1 1 1 1
1 1 1 1 1 1 1 1 1 1
1 1 1 1 1 1 1 1 1 1
1 1 1 1 1 1 1 1 1 1
1 1 1 1 1 1 1 1 1 1
1 1 1 1 1 1 1 1 0.999999 1
1 1 1 1 1 1 1 1 1 1
1 1 0.99999 1 1 1 1 1 1 1
1 1 1 1 1 1 1 1 1 1
1 1 1 1 1 1 1 1 1 1
1 1 1 1 1 1 1 1 1 1
1 1 1 1 1 0.999994 0.999997 0.99997 0.999943 0.999932
0.999876 0.999996 1 1 1 1 1 1 1 1
1 1 1 1 1 1 1 1 1 1
1 1 1 0.999994 0.999996 1 1 1 1 1
1 1 1 1 1 1 1 1 1 1
1 1 1 1 1 1 1 1 1 1
1 1 1 1 1 1 1 1 1 1
1 1 1 1 1 1 1 1 1 0.999999
1 0.999999 0.999999 0.999999 0.999999 0.999999 0.999999 0.999999 1 1
0.999999 1 1 1 1 1 1 1 1 1
1 1 1 1 1 1 1 1 1 1
1 1 1 1 1 1 1 1 1 1
1 1 1 1 1 1 1 1 1 1
1 1 1 1 1 1 1 1 1 1
1 1 1 1 1 1 1 1 1 1
1 1 1 1 1 1 1 1 1 1
1 1 1 1 1 1 1 1 1 1
1 1 1 1 1 1 1 1 1 1
1 1 1 1 1 1 1 1 1 1
1 1 1 1 1 1 1 1 1 1
1 1 0.999999 1 1 1 1 1 0.999905 0.999896
0.99995 1 1 1 1 1 1 1 1 1
1 1 1 1 1 1 1 1 1 1
1 1 1 1 1 1 1 1 1 1
1 1 1 1 1 1 0.999986 0.999994 1 0.999997
1 1 1 1 1 1 1 1 1 1
1 1 1 1 1 1 1 1 1 1
1 1 1 1 1 1 1 1 1 1
1 1 1 1 1 1 1 0.999999 1 1
1 1 1 1 1 1 1 1 1 1
1 1 1 1 1 1 1 0.999927 0.999877 0.999939
0.999907 0.999904 0.999969 0.999989 1 0.67121 0.673176 0.673032 0.670944 0.669358
0.669083 0.667808 0.667613 0.66654 0.666466 0.66542 0.665465 0.664317 0.66446 0.663155
0.66337 0.661912 0.662179 0.660601 0.660902 0.659262 0.659588 0.657876 0.658138 0.656364
0.656464 0.654646 0.654672 0.65276 0.652826 0.650927 0.651148 0.642855 0.645296 0.612009
0.620648 0.482995 0.49695 0.392794 0.377627 0.671115 0.673084 0.669246 0.667672 0.666348
0.665148 0.663961 0.662722 0.661413 0.66005 0.658666 0.657307 0.655964 0.6545 0.652754
0.650895 0.642063 0.60853 0.476853 0.370777 0.670464 0.672436 0.668876 0.667597 0.666477
0.6654 0.664277 0.663077 0.661805 0.660484 0.659106 0.657622 0.656079 0.654528 0.652805
0.651072 0.644441 0.617578 0.491892 0.38723 0.670159 0.671987 0.668761 0.667627 0.666586
0.665537 0.664421 0.663231 0.661982 0.660693 0.659348 0.657915 0.656381 0.654662 0.652786
0.65104 0.644595 0.618581 0.493602 0.388986 0.670444 0.672067 0.668989 0.667743 0.666594
0.665449 0.664262 0.663023 0.661739 0.660425 0.659122 0.657824 0.656363 0.654614 0.652688
0.650757 0.641551 0.607938 0.475791 0.368999 0.670939 0.672249 0.669697 0.668522 0.667404
0.66629 0.665127 0.663862 0.662502 0.661087 0.65965 0.658157 0.656474 0.654613 0.652673
0.650715 0.641362 0.607593 0.474439 0.366673 0.671055 0.672004 0.670108 0.669102 0.668058
0.66696 0.66578 0.664472 0.663042 0.661522 0.659918 0.658228 0.656446 0.65458 0.652663
0.650812 0.643404 0.615167 0.485874 0.378295 0.670602 0.671447 0.669709 0.668734 0.667669
0.666518 0.665293 0.664012 0.662686 0.661345 0.659894 0.658241 0.656445 0.654552 0.652595
0.650612 0.641397 0.608875 0.475773 0.36697 0.670457 0.671444 0.669451 0.668394 0.667259
0.666045 0.664778 0.663493 0.662218 0.661006 0.659772 0.658244 0.656439 0.654527 0.652539
0.650293 0.638804 0.600821 0.462844 0.352599 0.670737 0.671435 0.6699 0.668906 0.667772
0.666539 0.665246 0.663918 0.66256 0.661195 0.659825 0.658261 0.656454 0.654543 0.652568
0.650404 0.640536 0.607126 0.472441 0.362466 0.671008 0.671454 0.670322 0.669397 0.668288
0.667074 0.665797 0.664463 0.663055 0.66156 0.659967 0.658267 0.656456 0.654548 0.652591
0.650628 0.642071 0.611642 0.479023 0.369257 0.670674 0.671101 0.670067 0.669252 0.668249
0.66711 0.665881 0.66456 0.663141 0.661632 0.660021 0.658302 0.656472 0.65454 0.652536
0.650161 0.638674 0.601537 0.463829 0.353135 0.670681 0.671107 0.670075 0.66926 0.668257
0.667117 0.665887 0.664567 0.663149 0.66164 0.660031 0.658311 0.656481 0.654547 0.652542
0.650162 0.638672 0.601559 0.463893 0.353214 0.671027 0.671467 0.670346 0.669422 0.668311
0.667093 0.665815 0.664482 0.663079 0.661589 0.659999 0.658299 0.656486 0.654576 0.652614
0.650642 0.642073 0.611645 0.479056 0.369312 0.67094 0.671537 0.67012 0.669123 0.667978
0.666741 0.665452 0.664133 0.662786 0.66144 0.659985 0.658318 0.656507 0.654591 0.65261
0.650446 0.640556 0.607087 0.472385 0.362427 0.670679 0.671556 0.669702 0.668639 0.667487
0.666263 0.664995 0.663717 0.662444 0.661249 0.659939 0.658314 0.656506 0.654592 0.652598
0.65035 0.638885 0.600954 0.463056 0.35286 0.66979 0.670675 0.668804 0.667721 0.666557
0.665329 0.664048 0.662722 0.661389 0.659956 0.658313 0.65652 0.654626 0.652663 0.650673
0.641491 0.609056 0.476076 0.367347 0.670217 0.67116 0.669216 0.668157 0.667046 0.665837
0.66451 0.663091 0.661585 0.659993 0.65831 0.656529 0.654661 0.652737 0.650881 0.643458
0.615199 0.485966 0.378456 0.669874 0.671105 0.668714 0.667588 0.666465 0.665279 0.664006
0.662674 0.661298 0.659897 0.658333 0.65656 0.654694 0.65275 0.650792 0.64148 0.607765
0.474704 0.367014 0.66924 0.670696 0.667969 0.666795 0.665636 0.664451 0.663227 0.661967
0.660686 0.659413 0.658047 0.656477 0.654698 0.652768 0.650841 0.641714 0.608248 0.476279
0.369592 0.668906 0.670474 0.667634 0.666512 0.665416 0.664279 0.663083 0.661831 0.660535
0.659205 0.657902 0.656473 0.654755 0.652879 0.651133 0.644711 0.618753 0.493929 0.389432
0.669052 0.670837 0.667626 0.666425 0.665303 0.664163 0.662962 0.661696 0.660384 0.659031
0.657673 0.656289 0.654715 0.652905 0.651165 0.644539 0.617699 0.492165 0.387635 0.669506
0.671407 0.667887 0.666525 0.665301 0.664104 0.662869 0.661579 0.660249 0.658896 0.65756
0.656232 0.654689 0.652852 0.650978 0.642193 0.608817 0.477419 0.37152 0.669533 0.671408
0.667933 0.666622 0.66547 0.664349 0.663178 0.661938 0.660642 0.659324 0.657985 0.656487
0.654743 0.652849 0.651002 0.643021 0.612393 0.483724 0.37858 0.669269 0.67117 0.667726
0.66652 0.665483 0.664458 0.663355 0.662153 0.660871 0.659558 0.658167 0.656556 0.654766
0.652914 0.651222 0.645472 0.621024 0.497664 0.393755 0.664789 0.648791 0.654854 0.667821
0.674605 0.677797 0.679057 0.681602 0.679389 0.680958 0.677669 0.678393 0.67534 0.675495
0.663778 0.643697 0.674409 0.678918 0.679085 0.67733 0.675138 0.659784 0.608077 0.677345
0.682567 0.681192 0.677865 0.674826 0.661483 0.615385 0.677207 0.681705 0.680242 0.677062
0.674224 0.665525 0.65465 0.673359 0.676785 0.676878 0.675447 0.673722 0.667117 0.656876
0.673101 0.675771 0.676046 0.675049 0.673643 0.672511 0.661811 0.676813 0.677022 0.675777
0.674343 0.673078 0.670853 0.659962 0.675076 0.675287 0.674239 0.673175 0.672286 0.669698
0.660449 0.673693 0.67442 0.673885 0.673106 0.672329 0.672024 0.660709 0.675545 0.674979
0.67361 0.672599 0.671986 0.674037 0.664644 0.676137 0.674856 0.673224 0.672231 0.671767
0.669633 0.663462 0.672346 0.672719 0.672293 0.671825 0.671441 0.669623 0.663437 0.672344
0.672719 0.672293 0.671826 0.671445 0.673977 0.664581 0.676098 0.674827 0.673204 0.672221
0.67177 0.671898 0.660598 0.675443 0.674904 0.673561 0.67258 0.671993 0.669572 0.660338
0.673572 0.674323 0.673825 0.673086 0.672343 0.670701 0.659854 0.674924 0.67517 0.674173
0.67316 0.672316 0.671504 0.672239 0.661653 0.676543 0.676831 0.675693 0.674356 0.673156
0.672112 0.666721 0.656582 0.672717 0.675526 0.675968 0.675097 0.673755 0.672399 0.665011
0.654328 0.672876 0.676534 0.676843 0.675546 0.673872 0.672267 0.676359 0.658677 0.6814
0.680312 0.677298 0.674494 0.672314 0.676309 0.656634 0.682252 0.68137 0.678251 0.675212
0.672844 0.673651 0.662368 0.67874 0.679269 0.677673 0.67547 0.673383 0.673998 0.663047
0.679094 0.679671 0.677995 0.67564 0.67341 0.677178 0.665888 0.681757 0.681359 0.678792
0.675849 0.673305 1 1 1 0.602858 0.737889 0.768381 0.851633 0.898061
0.552823 0.584667 0.509857 0.579795 0.504766 0.583834 0.530054 0.612818 0.598677 0.645823
0.665646 0.669788 0.672367 0.690779 0.657368 0.652794 0.635602 0.626789 0.590858 0.837674
0.728102 0.566026 0.552742 0.544456 0.555049 0.999699 0.999938 0.999479 1 0.999811
0.999981 0.999935 0.999875 0.841951 0.903201 0.986071 0.991433 0.985357 0.896143 0.579547
0.554055 0.542348 0.543777 0.564724 0.655228 0.696892 0.730778 0.664829 0.656383 0.643277
0.643543 0.624389 0.732719 0.730202 0.616537 0.616567 0.630535 0.6467 0.539915 0.845959
0.819112 0.793024 0.509545 0.516404 0.565036 0.627987 1 0.999995 0.999994 0.999998
1 0.894956 0.94236 0.905985 0.592589 0.727185 0.815215 0.574101 0.567272 0.578601
0.621763 0.999913 0.999993 0.999996 0.99991 0.534634 0.172134 0.352965 0.770295 0.710463
0.653015 0.693475 0.683242 0.662189 0.650163 0.631497 0.638986 1 0.999987 0.999998
1 0.50204 0.503247 0.478521 0.580344 0.748603 0.687927 0.688006 0.560261 0.551442
0.561033 0.61268 0.999736 0.999975 0.999599 0.999958 0.999873 0.999955 0.999998 0.999991
0.801074 0.813971 0.877636 0.9798 0.98081 0.921978 0.730768 0.536474 0.509302 0.51937
0.561204 0.623084 0.62905 0.733827 0.732445 0.727361 0.751528 0.625248 0.624554 0.637423
0.654112 0.629781 0.734006 0.797981 0.625839 0.624695 0.637336 0.654078 0.537435 0.801597
0.751667 0.727647 0.732377 0.510197 0.519823 0.56121 0.622987 0.999873 0.999938 0.999568
0.999989 0.99975 0.99999 0.999998 0.999955 0.748473 0.730538 0.921918 0.980646 0.977568
0.873669 0.813757 0.580665 0.560607 0.551805 0.561011 0.612435 0.999999 0.999997 0.999999
0.65312 0.693628 0.688065 0.687984 0.662262 0.650297 0.631476 0.638817 0.999975 0.999963
0.999984 0.999901 0.999999 0.502266 0.534903 0.1726 0.130789 0.180052 0.478786 0.592668
0.727446 0.683307 0.574153 0.567338 0.578589 0.621669 0.999983 0.999999 0.999997 0.999903
0.710806 0.895325 0.942042 0.982943 0.982036 0.770192 0.540287 0.846358 0.815594 0.510028
0.51696 0.565449 0.628076 1 1 1 0.624938 0.733349 0.793443 0.82008
0.617269 0.617437 0.631374 0.646953 0.655554 0.696501 0.730378 0.665315 0.65705 0.643983
0.643772 0.580023 0.842871 0.731129 0.554658 0.543273 0.54505 0.56528 0.613017 0.999809
1 0.99956 0.999986 0.999693 0.999873 0.999932 0.99998 0.839181 0.897063 0.985613
0.991552 0.986357 0.904208 0.592374 0.567014 0.553861 0.54579 0.554417 0.604324 0.647216
0.666099 0.729613 0.658332 0.653685 0.636004 0.623457 0.639531 0.603616 0.738735 0.671844
0.584951 0.57906 0.581344 0.60413 0.640634 0.553805 0.901201 0.854226 0.793349 0.509708
0.502653 0.525168 0.585918 0.64387 1 1 1 1 1 1
1 1 1 1 1 1 0.999992 1 1 0.999934
1 1 0.999675 0.990711 1 0.999285 1 1 1 1
1 1 1 1 1 1 1 1 1 1
1 1 1 1 1 1 1 1 1 1
1 1 1 1 1 1 1 1 1 1
1 1 1 0.999941 0.999996 1 1 1 0.999692 1
1 0.999108 1 1 0.994358 0.999996 0.95214 0.999948 0.999888 0.999913
1 1 1 1 1 1 1 1 1 1
0.999998 1 1 0.999997 1 1 1 1 1 0.999998
1 1 0.999998 1 0.999998 0.999999 1 1 0.999999 0.999999
1 1 1 1 0.999943 1 1 0.999692 1 1
0.99911 0.994428 0.952186 0.999996 0.999993 1 1 1 1 0.999935
1 1 0.999677 1 1 0.999289 1 0.991032 1 1
1 1 1 0.862004 0.957529 0.920515 0.965636 0.713564 0.721359 0.987072
1 1 1 1 1 1 1 1 1 0.668343
0.540697 0.27525 0.330411 0.528686 0.302758 0.271144 1 1 1 1
1 1 1 0.70616 0.701321 0.335161 0.986001 0.999799 0.999925 0.999953
1 1 0.999746 1 1 1 1 0.999063 1 1
1 1 1 1 1 1 1 1 1 1
1 1 1 1 0.713677 0.740557 0.987103 0.551174 0.198709 0.304777
1 1 1 1 1 1 0.554368 0.26517 0.20558 0.651363
0.469674 0.26567 1 1 0.999998 1 1 1 1 1
0.872452 0.843372 0.81888 0.930622 1 0.999999 0.999999 0.999998 0.999996 1
1 1 1 0.984343 1 0.999999 1 1 0.999981 1
0.99999 0.999979 0.999987 1 1 1 0.179346 0.130239 0.19157 0.999959
0.99998 0.999975 0.999973 0.59901 0.352492 0.187101 0.742257 0.999799 0.999993 1
1 1 0.999597 0.999969 0.999951 1 1 0.998852 1 1
0.999904 1 1 1 0.999998 1 1 0.999998 1 1
0.73196 0.757176 0.93109 0.985644 0.643854 0.40405 0.680186 1 1 1
0.999999 1 1 1 1 1 1 1 1 0.754708
0.731682 0.646753 0.434238 0.387967 0.643976 0.40222 0.387387 0.999998 1 1
1 1 1 1 1 1 1 1 1 1
1 1 1 0.754457 0.929098 0.679344 0.983294 0.999784 0.999929 0.999955
1 1 0.999601 1 0.999998 1 1 0.998856 1 1
1 1 1 0.999907 0.999948 0.999988 0.999967 0.999959 0.999961 0.999974
1 1 1 1 1 0.50347 0.599005 0.352827 0.742517 0.192313
0.187836 0.999979 1 1 1 1 0.999998 1 1 0.3527
1 1 1 1 1 1 1 1 0.984479 1
1 1 1 1 1 1 0.872302 0.843609 0.930885 0.651907
0.470154 0.818858 1 1 1 1 1 1 1 1
0.554508 0.266946 0.267589 0.550835 0.198812 0.206282 1 1 1 1
1 1 1 1 0.714184 0.740942 0.305035 0.987362 0.99985 1
1 1 1 0.999735 0.999989 0.999983 1 1 0.999041 1
1 1 1 1 1 1 1 1 1 1
1 1 1 1 1 1 1 0.706581 0.702413 0.986212
0.527469 0.297846 0.335016 1 1 1 1 0.999999 1 1
1 0.539078 0.268112 0.264417 0.714031 0.722134 0.326742 1 1 1
1 1 1 1 1 1 1 1 0.861393 0.954394
0.922249 0.987502 0.967341 1 1 1 1 1 1 1
1 1 0.697138 0.694687 0.694461 0.704249 1 1 1 1
0.999994 1 1 1 1 1 1 1 1 1
1 1 1 1 1 0.673538 0.664447 0.67369 0.675392 0.678718
0.29215 0.240889 1 1 1 1 0.999981 1 1 1
1 1 1 1 1 1 1 0.72125 0.724369 0.723472
0.721406 0.714331 1 1 1 1 0.999977 0.0845209 0.241652 1
1 1 1 0.135481 0.19536 0.40443 0.226266 1 1 1
0.797895 0.798264 0.796455 0.791462 0.796627 1 1 1 1 1
0.301435 0.759539 0.0598525 0.115088 0.0635598 0.115479 1 1 1 1
1 1 1 1 1 1 0.717991 0.719947 0.7178 0.710119
0.721636 0.135043 0.253616 1 1 1 1 1 1 1
1 1 1 1 1 1 1 1 1 1
1 1 1 1 1 1 0.667345 0.670508 0.667451 0.652554
1 1 1 1 0.999995 0.999751 0.314729 1 1 1
1 1 1 1 1 1 1 1 0.669897 0.666728
0.651834 0.666832 1 1 0.999735 0.311691 1 1 0.999986 1
1 1 1 0.999998 0.999998 0.72034 0.718386 0.718196 0.722026 0.710516
1 1 0.254108 0.116419 0.136031 1 1 0.0640673 0.116024 0.0603139
0.759052 0.301037 1 1 1 1 1 1 1 1
1 0.796393 0.798203 0.797834 0.796566 0.791408 1 1 0.404948 1
1 1 1 0.228502 0.197871 0.0847215 0.136551 1 1 1
1 1 1 1 1 1 1 0.721517 0.714597 0.721674
0.723735 0.724634 0.24188 1 1 1 1 0.999979 1 1
1 1 1 1 1 1 1 1 0.675452 0.6806
0.677292 0.675599 0.666312 1 1 1 1 0.999982 0.234755 0.292022
0.695843 0.69562 0.685681 0.215798 0.187949 0.273386 1 1 1 1
1 1 1 0.698286 0.705371 1 1 1 1 0.999995
0.684666 0.278291 0.197322 0.223556 1 1 0.347917 0.395786 0.346432 1
1 1 1 0.999995 0.999998 0.999999 0.981889 0.9828 0.999999 1
0.999999 0.999999 1 1 1 1 1 1 1 1
1 1 0.906104 1 1 1 1 1 1 1
1 1 1 1 1 1 1 1 1 1
0.951903 1 1 1 1 1 1 1 1 1
1 1 0.951805 1 1 1 1 1 0.999994 1
1 1 1 1 1 1 0.999884 1 0.999883 0.999779
1 1 1 1 1 1 1 1 1 1
1 1 1 1 1 1 1 1 1 1
1 1 1 1 1 1 1 1 1 1
1 1 1 1 1 1 1 1 1 0.999999
0.999956 1 1 1 1 1 1 0.999903 0.999954 1
0.999999 0.999999 0.999999 0.999998 1 1 1 1 1 1
1 1 1 1 1 1 1 1 1 1
1 1 1 1 1 1 1 1 1 1
0.999999 0.999998 0.999999 1 0.99981 1 1 1 1 1
1 1 1 1 1 1 1 1 1 0.999999
1 0.999983 
Ux 1 7803 float
0.0827794 0.12913 0.14193 0.128528 0.0826169 0.12816 0.0824135 0.12773 0.0821956 0.127286 0.0819807
0.126855 0.0817707 0.126438 0.0815637 0.126035 0.0813589 0.125643 0.0811555 0.125265 0.0809515
0.124903 0.0807417 0.124566 0.0805148 0.124271 0.0802598 0.124071 0.0798603 0.124031 0.0794882
0.124482 0.0754317 0.124131 0.104952 0.11993 0.0689086 0.158588 0.14244 0.0555935 0.0827761
0.129128 0.0826132 0.0824093 0.0821909 0.0819754 0.0817651 0.0815578 0.0813533 0.0811493 0.0809423
0.0807233 0.08047 0.0801399 0.0795097 0.0786449 0.0711736 0.0899597 0.0973828 0.0532591 0.0226971
0.0186681 0.0319029 0.0827748 0.129126 0.082612 0.0824087 0.0821909 0.0819761 0.0817667 0.0815605
0.0813575 0.081156 0.0809551 0.0807534 0.0805469 0.080339 0.0800546 0.0799833 0.0762955 0.104044
0.121662 0.0827706 0.129123 0.0826071 0.0824033 0.0821849 0.0819692 0.0817588 0.081552 0.081347
0.0811432 0.0809403 0.0807372 0.0805325 0.0803331 0.0800816 0.0800886 0.0767196 0.125175 0.116247
0.11589 0.109843 0.125892 0.164919 0.1419 0.134842 0.0827688 0.129121 0.0826055 0.0824023
0.0821846 0.0819697 0.0817604 0.0815548 0.081351 0.0811477 0.0809419 0.080726 0.0804818 0.0801667
0.0795543 0.0787634 0.0713527 0.10874 0.0981219 0.0725204 0.0932246 0.172118 0.167844 0.0926416
0.0582046 0.159012 0.0827643 0.129117 0.0826005 0.0823966 0.0821781 0.081962 0.0817511 0.0815432
0.0813366 0.0811303 0.0809217 0.0807042 0.0804646 0.0801732 0.0796647 0.0791356 0.0742635 0.0875031
0.101015 0.0607522 0.0440976 0.0827629 0.129116 0.0825991 0.0823956 0.0821777 0.0819624 0.0817526
0.0815467 0.081344 0.0811452 0.0809526 0.0807718 0.0806168 0.0805223 0.080541 0.0810245 0.0810554
0.0796749 0.114212 0.153664 0.0563096 0.0349127 0.018551 0.031621 0.120799 0.157137 0.0827591
0.129113 0.0825948 0.0823908 0.0821719 0.081955 0.0817429 0.081534 0.0813269 0.0811218 0.0809195
0.0807212 0.0805272 0.0803438 0.0801018 0.0800967 0.076797 0.109988 0.164376 0.0743572 0.0776334
0.237503 0.223037 0.197578 0.196295 0.082758 0.129112 0.0825937 0.0823899 0.0821711 0.0819544
0.0817426 0.0815336 0.0813258 0.0811182 0.080908 0.0806854 0.0804282 0.0800876 0.0794225 0.0785353
0.0707887 0.0929053 0.0962727 0.057365 0.0827554 0.12911 0.0825908 0.0823866 0.0821671 0.0819494
0.0817364 0.0815262 0.0813174 0.0811096 0.0809012 0.0806898 0.080469 0.0802346 0.0798712 0.0797243
0.0755793 0.0954409 0.113364 0.0505975 0.0666561 0.0827544 0.129109 0.0825899 0.0823856 0.0821662
0.0819486 0.0817358 0.0815255 0.0813173 0.0811097 0.0809019 0.0806934 0.0804852 0.0802901 0.080061
0.0801633 0.0770642 0.128493 0.0929888 0.0928057 0.158019 0.157376 0.150978 0.127286 0.125275
0.250832 0.16656 0.150009 0.214436 0.244241 0.0827528 0.129107 0.0825882 0.0823839 0.0821644
0.0819468 0.0817337 0.0815228 0.0813129 0.0811007 0.080882 0.0806469 0.0803731 0.0800199 0.0793841
0.0785692 0.0713901 0.113532 0.0987073 0.122549 0.11102 0.0827517 0.129106 0.0825872 0.082383
0.0821637 0.0819463 0.0817336 0.081523 0.0813133 0.0811012 0.0808825 0.0806482 0.0803769 0.0800268
0.0793937 0.0785813 0.0714089 0.0868928 0.098796 0.0889785 0.0705971 0.0827517 0.129105 0.0825876
0.0823839 0.0821657 0.0819497 0.0817389 0.0815309 0.0813251 0.0811193 0.0809126 0.0807043 0.0804957
0.0802989 0.0800652 0.0801569 0.0770269 0.113894 0.128727 0.0893869 0.1114 0.0827506 0.129104
0.0825869 0.0823836 0.0821657 0.0819503 0.0817402 0.081533 0.0813282 0.0811239 0.0809185 0.0807096
0.0804908 0.0802561 0.0798884 0.0797229 0.0755538 0.113125 0.125197 0.126638 0.151683 0.156089
0.156408 0.0932144 0.092863 0.0827516 0.129104 0.0825885 0.0823862 0.0821698 0.0819565 0.0817488
0.0815446 0.0813417 0.081139 0.080933 0.0807144 0.0804618 0.0801249 0.0794598 0.0785545 0.0708113
0.0952977 0.0959458 0.0667206 0.150597 0.103715 0.0219174 0.00756809 0.0298271 0.0827504 0.129103
0.0825877 0.0823858 0.0821699 0.0819571 0.0817501 0.081547 0.081346 0.081147 0.0809509 0.0807583
0.0805697 0.08039 0.0801491 0.0801268 0.0767947 0.0924855 0.109709 0.0503247 0.0567496 0.0827523
0.129103 0.0825906 0.0823898 0.0821754 0.0819647 0.0817604 0.0815609 0.0813647 0.0811725 0.0809875
0.0808156 0.0806711 0.0805879 0.0806175 0.0810967 0.0810971 0.0797041 0.0771067 0.0741257 0.164477
0.15395 0.0827518 0.129102 0.0825901 0.0823894 0.0821752 0.0819646 0.0817599 0.0815591 0.0813602
0.0811618 0.0809617 0.0807538 0.0805249 0.0802449 0.0797473 0.079211 0.0743419 0.100872 0.114934
0.0355386 0.0563794 0.157979 0.196894 0.0827541 0.129104 0.0825933 0.0823937 0.0821809 0.081972
0.0817695 0.0815716 0.081376 0.0811816 0.0809855 0.0807803 0.0805478 0.0802464 0.0796488 0.078876
0.0714791 0.0871733 0.0978011 0.0441093 0.0827539 0.129103 0.0825931 0.0823933 0.0821802 0.0819711
0.0817683 0.0815698 0.0813737 0.0811791 0.0809856 0.0807919 0.0805987 0.0804121 0.0801713 0.0802116
0.0768399 0.108508 0.125115 0.0606655 0.0930938 0.0827558 0.129104 0.0825957 0.0823966 0.0821845
0.0819764 0.081775 0.0815778 0.0813843 0.0811925 0.0810014 0.0808096 0.0806153 0.0804198 0.080142
0.0801028 0.076403 0.12162 0.116117 0.135425 0.142432 0.165266 0.125925 0.10976 0.11568
0.0827555 0.129104 0.0825951 0.0823958 0.0821835 0.0819753 0.0817736 0.0815759 0.0813814 0.0811869
0.0809898 0.0807804 0.0805378 0.0802177 0.0795903 0.0787392 0.0712491 0.103911 0.0970623 0.0988264
0.0827568 0.129105 0.0825967 0.0823978 0.082186 0.0819784 0.0817773 0.0815798 0.0813849 0.0811912
0.0809963 0.0807958 0.0805787 0.0803307 0.0799321 0.0795478 0.0754711 0.0895044 0.104691 0.0756757
0.0550634 0.0525306 0.128509 0.141907 0.128149 0.12773 0.127299 0.126883 0.126484 0.126099
0.125726 0.125366 0.125023 0.124704 0.124429 0.124247 0.12422 0.124664 0.12428 0.119928
0.142672 0.158575 0.0682338 0.0553948 0.0455 0.0845414 0.164642 0.181467 0.184545 0.227739
0.221732 0.214072 0.214865 0.265437 0.237517 0.0297717 0.00765369 0.0220788 0.103878 0.157405
0.113206 0.107955 0.200417 0.216347 0.275585 0.266452 0.247649 0 0 0.00188957
0.110207 0.118303 0.162769 0.192602 0.202186 0.270836 0.233589 0.220597 0.251605 0.215589
0.214795 0.238215 0.121537 0.0323374 0.0194276 0.26635 0.238311 0 0 0.159758
0.0731898 0.059291 0.0936758 0.168988 0.173214 0.185537 0.17818 0.158447 0.0794606 0.0393757
0.0574777 0.248261 0.211236 0.223767 0.265082 0.20413 0.273299 0.223386 0.260041 0.180836
0.203727 0.272395 0.277508 0.266057 0.259012 0.313487 0.308877 0.307455 0.314368 0.312492
0.239941 0.297129 0.278649 0.29237 0.313072 0.186868 0.13563 0.189654 0.312129 -0.0211748
-0.0237964 -0.0394627 0.134165 0.23082 0.270535 0.275893 0.140176 0.225342 0.229491 0.30858
0.308947 -0.0440765 -0.0400378 -0.0367168 0.0622528 0.063393 -0.0352976 -0.0178639 -0.0355184 0.25775
0.272569 0.331534 0.289238 0.269971 0.28302 0.319168 0.281816 0.275161 0.149273 0.239452
0.275667 0.222506 0.163921 0.0840936 0.0452864 0.292178 0.277425 0.306587 0.304361 0.300544
0.309603 0.294136 0.303074 0.303741 0.29943 0.274212 0.086649 0.0522328 0.117703 0.270758
0.0143991 -0.00439024 -0.0129049 0.00516314 0.0134523 -0.00777008 0.00783776 0.0228921 0.0576327 0.0396328
0.0794623 0.158415 0.17814 0.305445 0.279108 0.124006 0.063692 0.0998067 0.28158 0.268537
0.291172 0.252993 0.252647 0.258624 0.280297 0.100314 0.0685056 0.12973 0.277919 0.307274
0.305776 0.215814 0.222014 0.316469 0.220189 0.235178 0.242518 0.158162 0.0452691 0.0280899
0.0539016 0.233922 0.315402 0.232603 0.311 0.226891 0.126616 0.0241755 0.00825569 0.0258529
0.188861 0.29847 0.286078 0.245423 0 0.296537 0.233547 0.240323 0.25771 0.301551
0.309564 0.247625 0.287457 0.309723 0.301346 0.255788 0.235847 0.229585 0.229348 0
0 0.24115 0.0267307 0.00932707 0.0244909 0.126864 0.2276 0.223054 0.216727 0.306995
0.236565 0.221358 0.318027 0 0.244167 0.234142 0.317225 0.312989 0.235688 0.055557
0.0296668 0.0462606 0.159664 0 0 0.253475 0.25336 0.30846 0.278915 0.13097
0.0700816 0.101791 0.287205 0.249324 0.101347 0.0648934 0.125497 0.280587 0.306367 0.278289
0.267047 0.185197 0.24045 0.240749 0.307955 0.278614 0.293498 0.311542 0.301955 0.305948
0.296292 0.272699 0.120254 0.0551845 0.0899465 0.27704 0.306118 0.304851 0.301989 0.0556692
0.0587268 0.0762842 0.0848488 0.0990724 0.0376222 0.0188387 0.00130627 0.00191579 0.0036206 -0.0164232
-0.0166236 -0.0167679 -0.0163033 -0.00251776 -0.00523041 0 0 0.132134 0.219346 0.247832
0.26661 0.230674 0.179079 0.102036 0.0680091 0.0381931 0.0207623 0.00432758 0.00263455 0.0303418
0.00122144 0.00306384 0.0293407 0.002753 -0.0132991 -0.0155446 -0.0188426 -0.0201965 0.263246 0.198174
0.167539 0.108401 0.07651 0.0812153 0.0493715 0.0572052 0.0230524 0.0221411 0.077016 0.0239849
0.0503685 0.123288 0.108659 0.0823811 0.251881 0.245325 0.215057 0.166075 0.264018 0.197013
0.242873 0.278618 0.163803 0.00269432 0.00216822 0.00356648 0.0199917 0.0376105 -0.0142651 0.000999347
0.00256937 -0.01362 -0.019215 -0.0203255 0.198029 0.223689 0.231386 0.267464 0.248628 0.219993
0.132524 0 0 0.067897 0.102182 0.179598 0.00408823 0.00227723 0.00168231 0.0192854
-0.00906525 -0.016038 -0.0160602 -0.0114658 0.0382572 0.023832 0.024603 -0.00159723 -0.0043789 0.278874
0.208758 0.228699 0.269371 0.0846836 0.0582555 0.0226141 0.0131257 0.0312587 0.0180844 0.0221398
0.00480402 0.0137769 -0.004066 -0.00418842 -0.0050617 0.216942 0.252532 0 0 0.0229167
0.023647 0 0 0 0 -0.00972032 -0.0122347 0 0 0
0 0 0 0 0 -0.0140266 -0.0131182 0 0 0
0 0 0 0 0.000816917 0 0.0926046 0.0767576 0.0283489 0.0183632
0 -0.0050937 -0.0117305 -0.0037664 0.00148421 0 0 -0.00417557 0.00249429 0.0301003
0.0204063 0 0 0 0 0.00196582 0.000850032 0 0.0958478 0.0798822
0 -0.0133557 -0.0156604 0 0 0 0 0 0.0302227 0.0289518
0 0 0 0 0 0 -0.0157434 -0.0154782 0 0
0 0 0.222659 0.259397 0.00115521 0 0 0.000439632 0 0
0.0108957 0.0075798 -0.00769012 -0.00765009 0 0 0 0 -0.000397759 0.0144515
0.0105077 0 0 -0.0131457 -0.00429205 -0.0126412 0 0.211825 0 0.243448
0.0104666 -0.000517558 0.0142048 -0.0042098 -0.00430721 0.000475307 0 0 0 0
0.000276314 0.208317 0.278428 0.223781 0.265157 0.315596 0.306931 0.287327 0.303504 0.312742
0.316377 0.320479 0.318474 0.315661 0.317928 0.314867 0.318243 0.317162 0 0.00138327
0.000696237 0 0 -0.0368059 -0.0307253 0 0 -0.0100696 -0.0341321 0
0.000120257 0.000159201 0 0 0 0 0.244687 0.300001 0.283434 0.307675
0.30759 0.298371 0.286844 0.171014 0.18664 0.285927 0.22507 0.163108 0.165286 0.00112727
-0.0252039 0 0 0.156108 0 -0.012843 0 0 0.300963 0.307963
0.227786 0.231 0.226857 0.23289 0.313583 0.31369 0.312598 0.313405 0.224899 0.310466
0.313402 0.000533949 0.0011275 0 0 0 0.303541 0.232584 0.299083 0.308669
0.313254 0.31424 0.316474 0.23406 0.228458 0.315727 0.312588 0.225807 0 0.000464172
0 0 0 0.000799312 0.0404678 0.167173 0.116965 0.0463481 0.0121018 0.0319537
-0.0587966 -0.0555469 -0.0382955 -0.0121458 -0.0477966 -0.0460174 -0.0416249 -0.0249954 0 0
-0.0129473 -0.0450251 0 -0.0123904 0.153005 0.0142674 0.0424245 -0.0369615 -0.0696397 -0.0477951
-0.00419436 0.0433406 0.167719 0.284447 0.301126 0.245674 0 0.308766 0.308852 0.313766
0.314829 0.309118 0.287477 0.188859 0.173564 0.228017 0.289075 0.31055 0.315663 0.300324
0.165825 -0.0184071 -0.0233141 -0.0308173 0 0 0 0.0756354 0.0347967 -0.0413413
-0.045886 -0.0341453 -0.0221034 0.00170407 -0.0291657 -0.0416291 -0.054408 -0.0385414 -0.0293651 0
0 0.000702936 -0.0101248 0 0 0.119654 -0.0175201 0.00157758 0.119561 0.233316
0.234127 0.1202 -0.0162079 0.316027 0.303518 0.291899 0.307621 0.316365 0.319275 0.321021
0.316869 0.312972 0.318685 0.318143 0.315622 0.000629989 0.000279647 0 0 0.128918
0.2578 0.140166 -0.0415653 -0.0452143 -0.0150915 0.0144143 -0.0184666 0.00683576 0.00868067 0.0818103
-0.0485637 -0.0508425 -0.0669718 -0.0432577 -0.0277942 0.113182 -0.0276487 0.127315 0 0
0.0010951 0 0 0.00048573 0.211021 0.242518 0 0 0.239691 0.184613
0 0 0.2499 0.23938 0 0.261472 0.269736 0 0 0
0.00108841 0.275027 0 0 -0.00521307 0 -0.0133602 -0.00797956 0 0
0 0 0.000439672 0.010765 0 0 0 0.262167 0.249427 0.248331
0 0.274106 0 0.281236 0 0.000627404 0 -0.00134606 0 0
-0.0292803 -0.0135794 -0.0421953 -0.046179 -0.0160821 0.284678 0 0.262901 0 0.272175
0 0.278328 0 0 0 0.282324 0 0.00843699 -0.0318685 -0.0139307
-0.0171005 -0.0417086 -0.0419949 -0.0489451 -0.0401578 -0.0482586 -0.0518145 -0.0458219 -0.0400834 0
-0.0236187 -0.0187158 0 -0.0339376 -0.036937 -0.0541434 -0.0224433 0 -0.025531 -0.0231139
0 0 0 0 0 -0.0413861 -0.0455262 -0.0445675 -0.0511009 0.065335
-0.0329935 0.0489916 -0.0446984 0.0410369 -0.0377093 -0.0410639 -0.0625613 -0.0690845 -0.0554926 -0.0543225
0 0 0 0 0 0 0 0.00046313 0.000796061 0
-0.0263819 0 0 -0.0366622 -0.0388751 0.29756 0.253452 0.303676 0.260925 0.306988
0.265437 0 0 0 0.00112683 0.000551138 0 0 0 0.268294
0.306525 0.129874 -0.0114799 0 0.120729 0.119334 -0.00882905 -0.0194852 -0.0379465 -0.0383375
0 0 -0.0566657 -0.058815 -0.0680534 -0.0705892 0 -0.037363 -0.0127176 0
-0.0560781 -0.0670044 -0.01086 -0.0215502 0 0.255147 0 0.262428 0 0
0.266443 0.298998 0.305757 0.30856 0.12589 0.268531 0.115773 0.114031 0.30699 0
0 0 0 0 0 -0.0258866 -0.0413978 -0.0359965 -0.0545295 -0.0516062
0 0.00115812 0 0.158216 -0.0327201 -0.0630954 -0.04401 0.067118 0.0513515 0
0 0 0.000160263 0.000121413 0 0 0 0 -0.0402315 -0.0336402
0 -0.0371 -0.0343697 -0.0492199 -0.0520774 -0.0485097 -0.0220732 -0.0247329 -0.0320567 -0.0420264
0.25332 0 0 0.263131 0.27237 0 0.278735 0 0.00138664 0
0.00922722 0 -0.0130072 0.283041 0 0.262294 0 0.274622 0 0.282157
0 0 0.285916 0 -0.000529858 -0.0288013 0 -0.012854 -0.0415103 0
-0.0428629 -0.0300033 0 0 -0.0584389 -0.0445843 0 -0.00304927 -0.0226183 0.251042
0 0.262701 0 0 0.271154 0.276659 0 -0.00500591 -0.0307687 0
-0.0303568 -0.0248501 -0.045874 -0.0525435 -0.043544 0 -0.0595023 -0.0682822 0.298113 0.269764
0.300879 0.284773 0.273237 0.271689 0.307952 0.316674 0.267881 0.287181 0.330298 0.270568
0.255752 -0.0356111 -0.0442174 -0.0358242 0.0622821 0.22772 0.22811 0.0610605 0.306491 0.273431
0.308875 0.315957 0.309569 0.265805 0.264946 0.267981 0.306807 -0.0219164 -0.0245413 0.150781
0.138135 0.134334 0.18594 0.312451 0.293003 0.279501 0.297825 0.189733 0.206082 0.225993
0.273151 0.233649 0.22206 0.318085 0.321175 0.294055 0.285862 0.223765 0.220746 0.2325
0.270874 0.316685 0.238179 0.223921 0.23598 0.325861 0.30915 0.292566 0.2453 0.222792
0.206773 0.204232 0.220685 0.243494 0.291408 0.308496 0.190614 0.318814 0.239442 0.328021
0.237139 0.22508 0.27255 0.276453 0.294339 0.265065 0.320243 0.311042 0.277441 0.288875
0.290026 0.298152 0.325191 0.0811572 0.00861555 0.00677878 -0.0507803 0.109776 0.124684 -0.0276957
-0.0430648 -0.0445348 -0.0201551 0.0809609 0 0 0 0.127106 0.013284 0.138315
0.255426 0 0 0.000716459 0.287077 0.285146 0.286553 0.334763 0.29228 0.302569
0.301949 0.309333 0.339888 0.28695 0.274605 0.294085 0.11819 0.232761 0.23112 0.118101
-0.018014 -0.0344057 0.00104062 -0.017751 0.118703 -0.0294062 -0.0414113 0.0342982 0.0747575 -0.0381388
-0.0289213 0.00151273 0.15419 0 0 0 0.281095 0.294336 0.282586 0.132648
0.0420513 0.0144215 -0.0124893 -0.0399646 -0.00369432 -0.0590447 -0.0474544 -0.0486121 0 0
0 0.03971 0.0114809 0.0457448 0.116039 0.166246 0.0309717 -0.0127795 0 0
0.210294 0.22202 0.319178 0.223233 0.327268 0.313345 0.316989 0.202299 0.0282061 0.135487
0.0487755 -0.0747363 -0.029281 -0.0620452 0.0265751 -0.02764 0.0476688 0.19903 0.13245 0
0 0.00171997 0.000972879 0 0.226634 0.206766 0.2984 0.222631 0.210914 0.31964
0.312474 0.316112 0.32745 0.223843 0.26743 0.268283 0.311741 0.236613 0.238698 0.261184
0.28346 0.28486 0.296638 0 0 0 0 0 0.287785 0.286634
0.288293 0.336043 0.28852 0.29598 0.341337 0.304488 0.303939 0.310991 0.270365 0
0 0.278143 0.299877 0.261532 0.25925 0.267253 0 0 0 0
0 0 0 0.272527 0.272633 0 0 0.275815 0 0.247489
0.118284 0 0 0.249095 0.248101 0.285775 0 0 0 0
0.250512 0 0 0 0 0 0 0 0 0
0 0 0 0 0.00173675 0 0 0 0.00099581 0.297722
0.24396 0.298364 0.243067 0 0 0 0 0 0 0
0 0 0.242616 0 0 0.242217 0.296656 0.297395 0 0
0 0 0 0 0 0 0 0 0 0
0 0 0 0 0 0 0 0 0.248952 0.250632
0 0 0.123436 0.249534 0.286325 0 0.252041 0 0.000725937 0
0 0.274737 0 0 0.274791 0.277863 0 0 0 0
0 0.0816094 0 0 0 0.264971 0.262832 0 0 0.206391
0 0.217945 0.28095 0.272088 0 0.310906 0.155494 0.229881 0.30363 0.302234
0.273127 0.303606 0.00115521 0 0.211204 0.205787 0.253916 0 0.27078 0
0 0.264214 0.305961 0.263626 0 0.279553 0 0.255031 0.265443 0
0.30714 0 0.264848 0.300923 0.271283 0.235263 0.144995 0.238537 0.272888 0.22846
0 0.175511 0 0.00149371 0 0.249718 0.245835 0 0.00148218 0.262816
0 0 0 0.240401 0 0 0 0 0.23446 0.173983
0 0.258788 0.236619 0.249281 0 0.250277 0.255435 0 0 0
0.251144 0 0 0.257194 0.25213 0.257439 0.293304 0 0.310825 0.283718
0 0.302073 0.295855 0.320746 0.318735 0.31697 0.301326 0.304868 0.321064 0.316439
0.316448 0.341111 0.341523 0.341172 0.341866 0.319504 0.321298 0.332649 0.320703 0.319889
0.347235 0.357773 0.368111 0.369172 0.346128 0.345332 0.142331 -0.000477574 -0.0355005 -0.00470824
0.12857 0.264974 0.269664 0.291712 0.346036 0.314967 0.300628 0.302155 0.299227 0.317056
0.352082 0.270857 0.247167 0.300655 0.309082 0.364115 0.336019 0.323608 0.338062 0.370149
0.308323 0.297463 0.277483 0.0967046 0.0951251 0 0.262774 0.279611 0.130535 0.130554
0.188192 0 0.067418 0.101432 0.301712 -0.0413167 -0.0417833 -0.0420922 -0.0264964 -0.025076
-0.0431776 -0.0507384 -0.0211259 0.103814 0.270154 0.283235 0.193247 0.0665103 0.323204 0.297556
0.298359 0.327408 0.318113 0.294628 0.287073 0.294445 0.318133 0.29807 0.2932 0.29235
0.28245 0.284047 0.339722 0.30617 0.305099 0.33956 0.319788 0.106794 0.0757204 0.145186
0.313889 0.339049 0.335034 0.333967 0.343474 0.322825 -0.0399036 0.133416 0.135551 -0.0383556
-0.00724105 -0.00839736 0.058831 -0.028378 0.0828817 0.0365957 -0.0344263 -0.044955 0.292027 0.217082
0.232192 0.251149 0.246852 0.264065 0.28162 0.253279 0.252983 0.269669 0.300074 0.334206
0.300686 0.284753 0.306242 0.335983 0.294436 0.25326 0.198411 0.230905 0.294168 0.236666
0.262729 0.254449 0.295045 0.336007 0.306298 0.284977 0.300805 0.334228 0.300529 0.231937
0.199689 0.0846754 0.0378675 0.159439 -0.0392295 -0.043172 -0.0377397 -0.0273239 -0.00768571 -0.00867779
-0.047593 -0.044694 0.299786 0.300805 0.280345 0.232683 0 0.116192 0.139256 0.136524
0.200808 0.289348 0.29671 0.134547 0.320959 0.335957 0.337174 0.341412 0.315546 0.144989
0.0751668 0.106465 0.0909118 0 0.304794 0.324049 0.329771 0.325629 0.277289 0.264933
0.262388 0.264415 0.318605 0.320647 0.320629 0.283591 0.282362 0.3421 0.342264 0.272313
0.285454 0.276574 0.254455 0.263748 0.345445 -0.0392102 -0.0300615 -0.0400205 -0.0233593 -0.042865
-0.0213234 0.0685506 0.106329 -0.027282 0.129408 0.129668 0.0267233 -0.0225664 0.300589 0.299134
0.299836 0.304009 0.302351 0.316769 0.34776 0.293616 0.271589 0.267242 0.249449 0.273009
0.35425 0.319136 0.301172 0.299922 0.371404 0.34066 0.326243 0.338565 0.36643 0.3075
0.301707 0.277556 0.29742 0.298461 0.0006372 0 0.00203258 0.00196382 0 0.000750521
0.304537 0.308575 0.294173 0 0.0283118 0.293504 0.327092 0.336182 0.337889 0.324133
0.0736672 0.0236771 0.0868706 0.098984 0 0.326614 0.334041 0.302366 0.00132149 0
0.000354785 0.295973 0.297053 0.316497 0.3208 0.330737 0.302558 0.0977952 0.124306 0.0753737
0.283829 0.310512 0.304589 0.338173 0.316439 0.310428 0.340745 0.0968946 0 0.305059
0.337491 0.347835 0.373847 0.353973 -0.0551648 -0.0287351 -0.0547058 -0.0497106 -0.0681345 -0.0463151
0.000187361 0 0.000650609 0.136227 -0.0166957 0.113006 0.0872817 0.30213 0.00207121 0
0.000740911 0.341605 0.320352 0.11349 0.142015 0.0007188 0 0.00216386 0.136351 0.1073
0.328323 0.349177 0.00103513 0 0.00024562 0.0774838 0.108298 0.239514 0.0528719 -0.0508274
-0.0332561 -0.0550462 0.301936 0.121488 0 0.261024 0.262741 0.304525 0.308324 0.265041
0.252076 0.263055 0.327823 0.32828 0.228586 0.244774 0.242412 0.316125 0.254358 0.0908907
0.0905634 0.176718 0.244038 0.316807 0.323092 0.235342 0.259936 0.332538 0.258723 0.260757
0.338018 0.252914 0.265758 0.280286 0.281492 0.278799 0.263439 0.261683 0.252584 0.274698
0.346341 0.274234 0.358577 0.273535 0.27784 0.270886 0.286853 0.370181 -0.0439504 0.137183
0.0303961 -0.0258344 -0.0580648 -0.0561085 -0.0620176 0.0497255 -0.0291326 0.0498383 0.126224 0.21024
0.226547 0.182071 0.194161 0.290057 0.290481 0.303627 0.279989 0.229917 0.186782 0.022263
0.108908 0.0256354 0.24283 0.251264 0.258691 0.3005 0.317382 0.320676 0.297565 0.241791
0.200471 0.198358 0.194334 0.0226366 0.0261043 0.110037 0.182649 0.289759 0.289192 0.187577
0.230519 0.280101 0.303246 0.317465 0.301075 0.259108 0.251628 0.24318 0.198241 0.200411
0.241896 0.297782 0.320838 0.0513894 0.227604 0.211485 0.127641 0.0513807 -0.0569221 -0.0275144
-0.0609899 -0.0557038 -0.0256856 0.0306636 0.138031 0.330146 0.253351 0.245945 0.229646 0.33055
0.243611 0.245427 0.255742 0.319371 0.261192 0.236574 0.32563 0.0925942 0.177642 0.0917471
0.262035 0.259846 0.335048 0.267286 0.254171 0.340535 0.281005 0.265213 0.276138 0.348339
0.280047 0.275479 0.360707 0.372413 0.289497 0.273281 -0.0397154 -0.000586625 -0.04494 -0.0495741
-0.0637833 -0.053818 0.000249395 0 0.00104431 0.109914 -0.0323462 0.0790117 0.0536432 0.241651
0.26306 0.262239 0 0.121309 0.302775 0.306144 0.100169 0.066135 0 0.142239
0.264336 0.308237 0.000654773 0 0.00018946 0.11425 0.137367 0.30413 0.0882363 -0.0160633
-0.0461113 -0.0496234 0.000775167 0 0.00208465 0.147427 0.118826 0.322796 0.344219 0.351587
0.331408 0.11216 0.143252 0.325227 0.306069 0.323483 0.306305 0.000356706 0 0.00132862
0.29912 0.300227 0.125314 0.0984295 0.0757615 0.285288 0.305223 0.325421 0.321204 0.335086
0.323838 0.308996 0 0.0871647 0.342435 0.343063 0.319439 0.319728 0.318977 0.343476
0.345883 0.358076 0.339112 0.346237 -0.0321402 -0.0653908 -0.0467983 -0.00224502 -0.0814285 -0.0587763
-0.0853055 -0.0589941 0.342091 0.306782 0.312879 0.312751 0.316651 0.301204 0.286321 0.0281694
0 0.29202 0.105587 0.0901437 0.300834 0.166109 -0.0452899 -0.0220741 -0.0435406 -0.0646876
-0.043161 0.0082332 -0.0386338 -0.0448479 -0.0445107 -0.0444149 -0.0348202 -0.0353027 -0.065001 -0.0602667
-0.0382573 0.00202175 0 0.000629662 0.12542 -0.00274241 0.294019 0.0979766 0.161188 0.00894978
-0.00185118 0 0.297456 0.296191 0.299151 0.291875 0.292217 0.343429 0.309405 0.316656
0.315069 0.290838 0.355719 0.322257 0.329899 0.330374 0.336829 0.360131 0.284602 0.275117
0.292519 0.280456 0.362949 0.336645 0.290547 0.377171 0.349747 0.358545 0.388356 0.317285
0.303565 0.359135 0.36674 0.396633 0.331637 0.316411 0.25982 0.03584 0.258639 -0.0248634
-0.0143121 0.0136368 0.102135 -0.0472899 0 0 0.256502 0.256072 0.263791 0
0.0287658 -0.0122293 -0.031819 -0.0418103 0.0719768 0.0717752 0.065506 -0.0447252 -0.0623845 -0.012233
-0.0421685 -0.0248038 -0.0227255 0.111455 0.0184013 0 0 -0.0113378 -0.023143 -0.023596
0 0.219675 0.184576 0.261132 0.263655 0.275807 0.267058 0.000190001 0 0
0 0 0.297176 0.299313 0.293122 0.294924 0.199368 0.257301 0 0.114923
0.132069 0.292158 0.298394 0.289393 0.29863 0.147474 0 0.206093 0.296661 0.286816
0.325185 0.323573 0.303735 0 0.0913529 0.334769 0.33639 0.34674 -0.0457729 -0.0448342
0.0190464 0.13894 -0.0459355 -0.0560826 -0.0672139 0.0129234 -0.0180898 -0.0475892 -0.0392522 -0.025103
0 0 -0.0154204 0.00705957 0.0302983 -0.0384394 0.247584 0.143916 0.0140844 0.0915856
0.1579 0.167056 0 0 0.0828875 0.021128 -0.0114233 0 0.230013 0.329404
0.215409 0.32869 0.314898 0.314162 0.313167 0.312209 0.334275 0.323644 0.24041 0.24275
0.245675 0.239994 0.253877 0.338976 0.314943 0.308321 0.316545 0.313171 0.263453 0.338752
0.315314 0.26211 0.266106 0.342471 0.26715 0.356207 0.337566 0.327366 0.260558 0.27746
0.366406 0.344798 0.339168 0.233614 0.242884 0.250603 0.297789 0.301237 -0.00602895 0.127442
0.207973 0.0356728 0.00188025 0.136321 0.124031 0.0422845 -0.0744349 -0.0687629 -0.00567186 -0.0689934
-0.0714517 -0.0688341 -0.0621857 -0.0436904 -0.0758141 0.0347406 0.00113037 -0.0638137 -0.0455303 0.0411495
0.233943 0.128421 0.30034 0.311252 0.297119 0.250888 0.243392 0 0 0.000938371
0.0022429 0 0 0.208074 0.136574 0.123822 0 0.00214287 0.00116035 0
0.232883 0.21772 0.292273 0.264672 0.251919 0.230788 0.329372 0.313152 0.313907 0.312125
0.328479 0.216042 0.334222 0.323506 0.308219 0.3149 0.313339 0.316679 0.338967 0.246439
0.243497 0.241155 0.254735 0.240767 0.270803 0.25404 0.254276 0.282568 0.264681 0.33875
0.31558 0.263328 0.237556 0.294562 0.266878 0.262821 0.34255 0.327576 0.337732 0.356385
0.267937 0.339303 0.344885 0.36663 0.278481 0.261507 0 0 0.031791 0.145045
0.248388 -0.055324 -0.0368823 0 0 0.000906235 0 0 0 0.16832
0.0930438 -0.033676 0.0159569 -0.0235938 -0.043572 0.0208078 -0.042599 -0.0436922 -0.0671899 -0.0386495
-0.018403 0.0582586 0.0120259 0 0 -0.0153322 -0.0209278 -0.0104314 0 0.299597
0.295344 0.301616 0.297298 0.132845 0.115457 0 0.258521 0.285996 0.296973 0.300227
0.294927 0.284052 0.29406 0.293851 0.290848 0.299981 0.307819 0.299893 0.206566 0
0.147465 0.30672 0.287475 0.298065 0.324856 0.326479 0.336133 0.34809 0.33773 0.0732868
0.0730811 0.185602 0.220821 0.268366 -0.0398546 0.0668014 -0.0436783 -0.0110672 -0.0464976 -0.0614302
0.113626 0.0211605 -0.0224472 -0.0510596 -0.0408348 -0.0316565 0.0269251 0.104775 0 0
0 -0.00983466 0.0129035 -0.0125737 -0.0227125 0.279183 0.264297 0 0.0970592 0.0986603
0.104382 -0.0133982 0 -0.0114712 -0.0230422 0 0.294279 0.293876 0.345103 0.318108
0.316887 0.357987 0.277294 0.286734 0.282484 0.294434 0.362492 0.332191 0.324416 0.339321
0.332757 0.365342 0.292303 0.339237 0.378289 0.303353 0.317123 0.389593 0.361076 0.352267
0.316148 0.33197 0.398974 0.369602 0.361948 0.126226 0.0992166 0.295879 -0.0433677 -0.00245041
0 0 0.169133 -0.0244399 -0.0289749 0.0148097 0.00826974 -0.0292959 -0.0452882 -0.0648189
-0.0550976 0.106352 -0.0219573 -0.0681761 -0.0545936 -0.0286543 -0.0483534 -0.0484113 -0.0447603 -0.0306186
-0.04235 -0.0310802 -0.0204302 -0.0493921 -0.0457628 -0.0582273 -0.0567742 -0.034735 0 0
-0.0265116 0.285364 0 0.304448 0.321731 0.321382 0.0908351 0 0.307123 0.302518
0.255281 0 0 0.360209 0.347574 0.350108 0.356068 0.367409 0.283023 0.275433
0 0 0.289146 0 0 0.253084 0 0 0.292482 0.291077
0 0 0.295639 0.299933 0 0.303634 0 0.300206 0.306561 0.300306
0.17572 0 0.316863 0.31967 0 0 0.321609 0 0.328362 0.323641
0 0 0 -0.0120175 -0.0390452 0 0 -0.0469529 0 0
-0.0275311 -0.0052851 -0.0380478 0 0 -0.0418778 -0.0398261 0 -0.0521108 0
-0.0317477 0 0 0.281961 0 0 0.287854 0.291924 0 0
-0.00262098 0 0 0 0 0.310422 0.308349 0.313024 0 0.316375
0 0 0 0.00912172 0 0 0.319463 0 0 0.00530286
-0.0270265 0 0.334792 0 0.337732 0 0.261926 0 0 0
0 0.255705 0 -0.0209303 0 0 -0.0414055 0.0325267 0 -0.0281404
0 0.250692 0 0.273821 0 0.265839 0.296562 0.274224 0 0
-0.0108551 0.275186 0 0.285238 0 0 0.278987 -0.0448381 -0.0377758 0
0 -0.0243462 0 0.0538131 0 0 0.0252856 0.103381 0 0
0 0 0 0 0 0 0 0 0 0
0 0 0 0 0 0 0.000951712 0.095373 -0.00465056 0
-0.0317864 -0.0401745 -0.0216929 0 0 -0.0139173 -0.0343737 0.0433872 -0.00580991 -0.0429522
0.0515804 -0.0228554 0 0 -0.0408878 0 -0.0377931 0 0 -0.0216487
0 0 0 0 0 0 -0.0108121 0.0528457 0 0
0.00090339 0 0 0 0 0 0 -0.0320529 0.0280138 0
0 0 0 0 0 0 0 0 0 0
0.00212906 0 0 0.296377 0.246652 0.244581 0.296995 0.297763 0.249925 0
0 0 0 0 0.000484761 0.000935936 0.120192 0 0.0360407 0
0.291168 0.242451 0.244556 0.287277 0.293576 0.247219 0.296164 0.252648 0 0
0 0 0 0 0.00223927 0.00119873 0 0.258179 0.299659 0
0.141283 -0.00369308 0 0.0011606 0.00214192 0 0 0 0.30644 0.257272
0.313452 0.256664 0.131657 0.0490157 0 0 0 0.322288 0.265952 0.26051
0.318139 0 0 -0.0456375 -0.0492314 0 0 -0.0472018 0 -0.00463815
0 0 0 -0.0533405 -0.0211102 0 -0.0229341 0.0480792 0 0
0 0.00213112 0.2466 0.24416 0 0 0.250143 0 0.296134 0.295618
0.2971 0.000489007 0 0.121231 0.0364102 0 0 0 0.243147 0.245211
0.247893 0 0 0.253263 0.29161 0.287554 0.294131 0.296768 0.00119933 0
0 0.258699 0.141353 0.300276 0 0.131615 0.257313 0 0 0.256551
0.306633 0.313573 0 0 0.265567 0.260262 0.322231 0.318174 0 0
0 0 0 -0.0135967 -0.00952675 0.0538385 0 -0.0419631 0 0
0 0 0 -0.0315827 0 0 0.0289775 -0.0377293 0 0
0 0 0.083553 0 0 0.0221155 0 -0.0316119 -0.0217136 -0.0399148
-0.0340103 0 -0.00492864 0 0 0.095769 0.000952476 -0.006158 0.0434201 -0.0410215
-0.0229787 0 0 0.0513851 0 0 0.00638044 0 0 0
0 0 0 0 0.000190919 0 0 0 0 0
0 0 0 0 0 0 0 0 -0.0280925 -0.0404044
-0.00752407 0.00555858 0 0 0 -0.0377372 0 0 -0.0321253 0.00892625
0.0850188 0 -0.0425502 0 -0.0407108 -0.0236783 -0.0378953 0 0 0.0552634
0 -0.0454129 0 -0.0290819 0 0.260269 0.0350849 0.26142 0.263367 0
0 0 0 -0.0207195 0 0 0 0 0.244004 0.247031
0.24689 0 0.252303 0 0.0316087 0 0 0.257932 0.264722 0.25754
0 0.273169 0.266011 0 0.273463 0.289881 0 0.274299 0 0
0 0.284519 0.27805 0 0.289577 0 0.293761 0 0 -0.00225923
0 0 -0.0275599 0.312651 0 0 0.310457 0.315289 0 0.318666
0 0 0 0.321844 0.0139012 0 -0.027328 0 0 0
0.337817 0 0.341104 0 0 0.0115365 -0.0212062 0 0.347251 0
0 0.344042 -0.0359135 0 0 -0.0372658 -0.0418288 -0.0105019 0 -0.0466126
0 0 0.000933892 0 -0.0398467 0.291313 0 0.302155 0.333074 0
0 0.336583 0.340338 0 0 0.343425 0.244888 0 0.241965 0
0.245066 0 -0.0329734 0 0 -0.0291653 -0.0420512 -0.0388435 0 0
0 0.00500807 -0.00849047 -0.0436736 0.00804455 0 0.0843428 0 -0.0328894 -0.0608391
0 -0.0331666 0 -0.0219789 0 0 0 0.292492 0.293991 0
0.297349 0 0 -0.00375311 0 0.0204217 0 0 -0.0204163 0
0 0.0585048 0.177457 0.196588 0.192025 0.11153 0 0.231168 0.278424 0.273551
0 0.0106279 -0.0295197 0 0.0247962 0 0 -0.0051238 0.0275273 0.322508
0.245529 0.314182 0.313638 0.204332 0 0.00104526 0.247628 0.322254 0.313948 0.246307
0.313446 0.205398 0.208208 0.146184 0.0262206 0 0.145863 0.0289857 0.164817 0.275344
0.267038 0 0 0.270635 0.27685 0 0.195446 0.198336 0.0234091 0
0 0.0593316 0 0 -0.0273154 0.00533739 0 0.338023 0.000141113 0
0.172673 0.187396 0.000514918 0 0.131048 0.158735 0.163925 0.000518741 0 0.131999
0.160152 0 0.000141792 0.173487 0.18944 0.193511 -0.00420371 -0.0363479 0 -0.0530282
-0.0375045 0 0 0 -0.0324279 -0.0405429 0 0 -0.00167033 0.00428151
-0.0279349 0 0 -0.0446208 0 0 0.0227896 0 -0.0528158 -0.0379736
0 -0.0158776 0 0 0.267592 0 0 0.262142 0.270428 0
0 0.265901 0.269654 0 0.275676 0.269673 0 0.273309 0.278541 0
0 0 0 0.283207 0.309839 0.310029 0.147832 0 0.311762 0
0 0 0.315007 0.319855 0 -0.0463611 0 -0.0556415 -0.0435389 0
0 0.145053 0.207296 0.144733 0 -0.0311493 0.00103859 0 0.131421 -0.0116228
0 0 -0.051599 -0.0539225 0 -0.0519076 -0.0114328 0 0 0.132268
-0.00382938 0 -0.029968 -0.0432613 0 0 0 0 0.0160357 0
0 -0.0272865 0 -0.0563507 -0.0454591 0 0 0.263767 0 0
0.269126 0 0.272054 0 0.270654 0 0 0.279241 0.274132 0.283861
0 0.148382 0.311174 0.31099 0 0 0 0.312852 0.316032 0
0.320795 0 0.178542 0 -0.0154824 -0.0375561 0 -0.0522509 -0.0442996 0
0 0 -0.00103926 -0.0374607 0 0 -0.0036204 0 0 0
-0.0532313 -0.0364645 0 -0.00406176 0 0 -0.0470977 -0.0388051 0 -0.0118076
0 0 0.339656 0.343329 0 0.291194 0 0.330868 0 0.287916
0 0.279377 0.327072 0.273522 0.345752 0 0 0.272983 0.326926 0.345789
0.290717 0 0 0.291014 0.331722 0.351869 0 0.371019 0.324207 0
0 0.322327 0.346864 0.346933 0.280615 0 0.324977 0.348127 0.348117 0.32317
0 0 0.346974 0.358927 0 0.409203 0.403932 0.403948 0.456854 0.468833
0.429919 0.416195 0.414869 0 0 0.396137 0.392956 0.319874 0.310155 0.330613
0.448194 0.429904 0.42429 0.431271 0.401864 0.392133 0.389732 0.434015 0.43401 0.428525
0.404796 0.406309 0.395707 0.412653 0.463896 0.384342 0.367781 0.398951 0.460689 0.422316
0.340096 0.36274 0.363714 -0.0410531 -0.0382277 -0.0244521 0.105185 0.315295 0.328663 0.230987
0.104757 0.0922622 0.192949 0.0811633 0.0593696 0.0952684 0.105469 0.419125 0.414953 0.418589
0.420293 0.416997 0.39697 0.398349 0.390451 0.394636 0.195788 0.253718 0.279231 0.248074
0.0525775 0.0490552 0.0521064 0.39126 0.293305 0.284715 0.301752 0.190757 0.231905 0.406123
0.373454 0.365078 0.388484 0.41383 0.28135 0.423237 0.409421 0.392612 0.386029 0.409237
0.364456 0.373023 0.406191 0.232264 0.191208 0.281736 0.413838 0.387951 0.0526282 0.184261
0.229077 0.0521694 0.246169 0.395286 0.396498 0.366125 0.27689 0.394149 0.388142 0.394157
0.379135 0.418659 0.419206 0.420502 0.417281 0.316652 0.330087 0.392788 0.413857 0.414198
-0.0422716 -0.0395968 0.0929565 0.105643 0.102218 0.0699224 0.0684908 0.397246 0.378628 0.378411
0.393449 0.358804 0.376888 0.462327 0.413996 0.397611 0.422875 0.458442 0.390982 0.408529
0.385477 0.298013 0.406923 0.375998 0.413008 0.378562 0.40375 0.403035 0.398946 0.437076
0.445629 0.40382 0.356923 0.171521 0.0976684 0.141466 0.000831291 0 0 0.153885
0.115992 0.19062 0.377022 0.423918 0.383758 0.390117 0.318774 0.136974 0.0804837 0.127816
0.412868 0.39972 0.311811 0.301474 0.314097 0.378573 0.320683 0.319902 0.305776 0.321772
0.413981 0.413622 0.392328 0.30235 0.201529 0.291732 0.416196 0.292022 0.0243945 0.0117497
0.0533918 0.143875 0.260192 0.288539 0.290423 0.298745 0.36891 0.396329 0.355235 0.254076
0.202737 0.226098 0.395822 0.368174 0.297982 0.289695 0.287887 0.225471 0.202176 0.253591
0.354611 0.385664 0.260434 0.14414 0.0534716 0.0118461 0.0245948 0.321264 0.321992 0.323005
0.306898 0.315096 0.412825 0.105492 0.0952281 0.0583879 0.0803405 0.192896 0.292596 0.303443
0.416277 0.320753 0.29285 0.429907 0.202152 0.331379 0.310959 0.448223 0.460668 0.354243
0.330775 0.12287 0.077435 0.13397 0.309608 0.382695 0.425257 0.37962 0.191792 0.11615
0.153977 0.430505 0.42314 0.392585 0.395039 0.404075 0.433839 0.406097 0.401128 0.137341
0.0912896 0.168841 0.359145 0.404875 0.446244 0.43768 0.457215 0.405333 0.415541 0.446819
0.449469 0.468919 0.429612 0.43553 0.479654 0.468871 0.416237 0.475192 0.43336 0.433094
0.445511 0.485403 0.400059 0.415452 0.397532 0.421742 0.403886 0.348189 0.352674 0
0 0.290305 0.303613 0 0 0 0.310849 0.230812 0 0
0.375342 0.380167 0 0 0.390723 0 0.436025 0.403389 0 0.404234
0 0.414825 0.449304 0.342063 0.344928 0 0 0.356607 0 0.370874
0 0.419751 0 0 0 0 0.33013 -0.0319815 -0.0306 0.0564431
0.24977 0.189448 -0.0194627 -0.0565842 -0.0254012 -0.0245211 -0.0479303 -0.0760284 -0.04474 0.20502
0.258636 0.0565323 -0.0064406 0.398299 0.401705 0.387805 0.388074 0.406162 0.400389 0.400586
0.45768 0.451425 0.415295 0.416089 0.425233 0.42523 0.388354 0.467152 0.422786 0.384863
0.356486 0 0 0.112365 0.349748 0.348422 0.0717882 0.0732381 0.108495 0.188448
0.249521 -0.0192057 -0.0316018 -0.0221859 -0.0513882 -0.061956 -0.0657034 -0.0499451 -0.0184824 -0.0274144
-0.0431795 -0.0125384 0.0921341 -0.0394787 -0.029493 -0.0508724 -0.0610543 -0.0563715 -0.035521 0.393301
0.394162 0.382829 0.383451 0.392261 0.355386 0.350003 0.395927 0.337799 0 0.395876
0.395907 0.389873 0.207648 0.339994 0.190624 0.185891 0.246974 0.044989 -0.00488482 0.117224
0.0943271 0.0320328 -0.0532414 -0.0363604 -0.0257812 -0.0382717 -0.0575822 0.228204 0.183915 0.0445953
-0.0392386 -0.0493079 -0.0346091 -0.0292205 -0.0457542 0.298557 0.284682 0.4118 0.405145 0.293922
0.390774 0.390718 0.270894 0.440175 0.425981 0.414926 0.257712 0.0485692 0.0432039 0.179528
0.133292 0.0446946 0.404562 0.342819 0.328935 0.395149 0.429392 -0.0637067 -0.0482949 -0.0373441
-0.0567272 -0.0856422 0.0480493 0.0426655 -0.0378189 -0.0573482 0.0440156 0.257098 0.178959 0.132723
0.302209 0.28529 0.293907 0.391468 0.285015 0.29896 0.411825 0.405199 0.390232 0.39023
0.294526 0.409332 0.392218 0.409119 0.423352 0.303796 0.271098 0.414627 0.425747 0.440285
0.310915 0.290433 0 0 0 0.0491011 0.0448547 -0.053296 -0.036336 -0.0393124
-0.0493694 -0.0577634 0.251566 0.194184 0.24507 0.0442575 -0.00511492 -0.025771 -0.0384975 0.0318435
0.11608 0.205818 0.0936157 -0.0167314 -0.00435774 -0.0259887 -0.034974 -0.0460923 0.414653 0.391175
0 0 0.352076 0.346476 0.380912 0.380245 0.39197 0.390078 0.392795 0.388581
0.402337 0.407914 0.18434 0.189341 0.337836 0.394101 0.420408 0.425625 0.44204 0.402347
0.402341 -0.020571 -0.0519081 -0.0281907 -0.0673826 -0.0634845 -0.0290792 -0.0125984 0.0928307 -0.0234727
-0.0337378 -0.0456838 -0.0524765 0.00563979 -0.0304334 -0.0527697 -0.0159235 0.180109 0.241089 -0.0230886
0.352638 0.39228 0.392159 0.454618 0.447237 0.378921 0.424614 0.415052 0.413602 0.425346
0.465399 0.377084 0.393473 0.473196 0.434634 0.424429 0.483349 0.409822 0.414331 0.433684
0.493847 0.463388 0.450414 0.446506 0.391122 0.434406 0 0 0.0441712 0.207155
0.260042 0.399746 -0.0242134 -0.0232462 0.0573652 -0.00723083 -0.0443689 -0.0334807 -0.0305782 -0.0469202
-0.0761609 -0.0597992 0.190026 0.25352 0.0573447 -0.0271917 0.379864 0.374506 0.369205 0
0 0 0.403355 0.390619 0.231107 0 0 0.357445 0.352233 0.36349
0 0 0 0.375119 0.369315 0 0 0.00145621 0 0
0.000707422 0.364608 0 0 0.112507 0 0 0 0 0
0.00915657 -0.0342644 -0.0544931 -0.012281 0 0 -0.0479455 -0.0699783 -0.0401916 -0.0203051
0 0 0 0 0.0480514 0.383103 0.378176 0 0 0.387969
0.40454 0.40248 0.000540074 0 0 0 0 0 0 0.39627
0.392311 0.000417797 0 0.0240425 0.0067504 0 0.33508 0.0120541 0.333484 0.373127
0.373058 0.338274 0 0 0.37295 0.344014 0 0.0678133 0 0
0.178228 0 0 0 0.000297975 0 0 0.000138725 0 0
0 -0.0214743 0.327945 -0.00705902 -0.0194975 -0.0494691 -0.0343115 0 0 0
0 0 0 0 0.00635696 -0.0141494 0 0 0 0
0 0 0 0 0 0 0 0 0 0
0 0 0 0.0100302 0.000677843 0.154726 -0.0256289 -0.00408429 -0.0164085 0
0 0.0801977 0.0188805 0.025307 0.0922355 -0.030824 -0.054072 0.280579 0.29035 0
0 0 0 0.28008 0 0 0 0 0 0
0 0 0 0.000835427 0.000466001 0 -0.0117565 -0.0384078 0 0
0.357055 0.286035 0.281885 0.351278 0.383184 0.361903 0.380586 0.291687 0 0
0 0 0 0.00220828 0.00127765 0 0.297746 0.365906 0 0
0 0 0.000586405 0.00125814 0 0 0.366233 0.296585 0.37765 0.312289
0.135531 0.127841 0.0462913 0.0455646 0 0 0 0 0 0
0.285305 0.281191 0 0 0 0.290934 0.356399 0.350656 0.361214 0.382684
0.380146 0.00220273 0 0 0 0.00127357 0 0 0.29698 0.36519
0 0.00125641 0.000585261 0 0 0.135274 0.127387 0.04571 0.0452246 0.296179
0 0 0.311971 0.365687 0.377194 0 0 0.32874 0.315554 0
0.342658 0.394811 0.385197 0.404249 0.429144 0 0 0.291031 0.281271 0.280772
0 0 0 0 0 0 0 0 0.000466903 0.000836079
0 -0.0295325 0 0 0 0 -0.0119017 -0.0385217 -0.0543898 0
0 0 0.308411 0 0 0 0 0 0 0
0 0.00993623 0.000673341 0 0 0.153699 0.018709 0.0251537 -0.0312044 0.0796658
0.0915888 0 0 0 0 0 0 0 0 0
0 0 0 0 0 0 0 0 -0.0405409 -0.0626423
-0.057694 -0.0361412 0 0 -0.0217774 -0.0503899 -0.0347949 0.0647432 0.168592 0
0 0.107621 0 0 0.345735 0.338228 0.336742 0 0 0.331776
0 0.000135532 0 0 0 0.00029063 0 -0.00630925 -0.0198921 0
0.320065 0.335583 0 0 0 0.352079 0.33941 0 0.367012 0
0 0.000542759 0.3965 0 0 0.391982 0.387163 0 0 0
0.000420316 0.000836154 0 0 0.386181 0.395214 0 0.0243116 0.00648783 -0.039906
-0.0194271 0 0 0.406026 0 0 0.398119 0.416565 0 0.116827
0 0 0 0 0 0 0 0.000696243 -0.0471939 -0.0358747
-0.0573965 -0.0700036 0 0 0.00414513 -0.0197714 0 0 0.00146269 0.366211
0 0.376179 0.308446 0 0.385584 0.315801 0 0 0 -0.0011995
0 0 -0.0402239 0 0 0 -0.00123585 -0.0421866 -0.0195941 -0.0474605
-0.0774638 -0.0428061 -0.0201869 0 0 0.380339 0.375706 0.382922 0.354487 0.353931
0.371673 0.397647 0.363775 0.361811 0.329853 0.31957 0.334471 0.400254 0.366838 0.351736
0.357263 0.324923 0.359276 0.38338 0.430122 0.350362 0.33918 0.32437 0.00104231 0
0.00194858 0.195885 -5.7634e-05 -0.0180662 0.00101369 0.126814 0.224756 0.258143 0.126271 0.360481
0.35529 0.356455 0.362929 0.373743 0.358228 0.361299 0.370918 0.37303 0.39111 0.355915
0.357 0.383533 0.226661 0.184128 0.0764003 0.0120282 0.0266546 -0.0442983 -0.0486368 -0.0388611
-0.0049137 0.0945605 0.0937074 -0.0378359 0.362338 0.309748 0.28469 0.283564 0.0959016 0.201881
0.186344 0.0966585 -0.042941 -0.0466554 -0.0440802 0.00734345 0.0226298 0.36103 0.356323 0.330951
0 0.257438 0.254298 0.180248 0.356852 0.36101 0.223314 0.309133 0.374569 0.374813
0.306576 0.306328 0.307057 0.383899 0.3913 0.130129 0.0236962 0.00931491 0.129566 -0.00580835
0.0288781 0.134127 -0.0045548 0.364043 0.360091 0.372505 0.404179 0.336027 0.320536 0.328139
0.317542 0.32811 0.341713 0.427286 0.383236 0.363062 0.318331 0.367513 0.343091 0.34686
0.363664 0.000280465 0 0.000521785 0.002451 0 0.000956519 0.361968 0.361874 0.279595
0.375642 0.000901555 0 0.00226643 0.352545 0.356573 0.375401 0.374997 0.351731 0.148606
0.135762 0.335114 0.164952 -0.027784 0.0132506 -0.0271189 -0.0239158 -0.0531209 -0.00527993 0.00079538
0 0.000285601 0.160529 0.0214663 0.194505 0.346427 0.130585 0.174084 0.157148 0.296836
0.185095 -0.00550575 0.0655799 0.00925178 -0.03555 -0.0496338 -0.0168138 0.0941658 -0.00678264 0.11936
0.308359 0.221874 0.295453 0.375088 0.375509 0.307096 0.305362 0.372716 0.306428 0.30588
0.306116 0.005377 0.134409 0.256664 -0.0501513 -0.0523764 -0.0447174 -0.0481407 0.0538666 -0.0317876
0.0833756 0.275036 0.29293 0.186399 0.260906 0.264284 0.274392 0.329029 0.349072 0.3454
0.341904 0.233988 0.0175215 0.14737 0.0486901 -0.0555472 -0.0474134 -0.0604843 0.0152755 -0.0503835
0.0464442 0.260194 0.146261 0.23306 0.345164 0.34901 0.32879 0.273739 0.263565 0.341557
-0.036377 -0.0435187 0.0566112 0.188164 0.294059 0.275895 0.0867317 -0.0482642 -0.0287255 0.00333763
-0.0552054 -0.0515778 0.132377 0.311331 0.308312 0.309987 0.377712 0.377159 0.374436 0.298214
0.0943769 0.224224 0.122401 0.312558 0.399708 0.302369 -0.0341497 -0.00763762 -0.013586 -0.00444632
-0.0463631 0.00593429 0.00193848 0 0.00103568 0.171104 0.0631937 0.178584 0.297127 0.156178
0.164023 0.137112 0.353102 0.197022 -0.0215803 0.022816 -0.00599899 0.374882 0.377571 0.377376
0.361848 0.362039 0.349379 0.14462 0.157247 0.174133 0.361177 0.375945 0.373389 0.411935
0.397457 0.367596 0.369617 0.380143 0.382491 -0.0203819 -0.0482891 -0.0259555 0.0195811 0.266262
0.337539 0 0.0682616 0.144651 0.113768 0 0.00569681 -0.0248219 -0.0361793 0.000152877
0 0.000867267 0 0.00239012 0.0434339 0.176199 0.139633 0.363157 0.356307 0.351586
0.378978 0.440303 0.389614 0.340558 0.31743 0 0.110316 0.150633 0.146854 0.0401932
0.156407 0 0 0.327749 0 0 -0.00373276 0.00403582 0.0185432 -0.0367685
-0.0264303 0.307839 0.286489 0.283156 0.290526 0.247058 0 0 0.259314 0
0.330406 0.369474 0.35423 0.369794 0.336822 0.340596 0 0 0.344732 -0.0134709
0.139156 0 0 -0.0420875 -0.0557018 -0.0515912 -0.0243743 0 0 0.185348
0.200931 0.265902 0.393434 0.378182 0.367942 0.361931 0.225304 0.347539 0.334705 0.265474
0.222702 0.140507 0.0551517 -0.0352458 -0.0705948 -0.0376688 0.0534188 0 0 0.000863234
0.00158831 0.139436 0.224283 0.34713 0.361512 0.221858 0.264857 0.334093 0.0022749 0
0 0.368495 0.370736 0.363977 0.293377 0.29898 0.284279 0.285314 0.310213 0.362589
0.393499 0.378214 0.367486 0 0.00163674 0.00106578 0 -0.00145878 -0.0361684 0.266661
-0.0491845 0 0 -0.0154314 -0.042861 0 0 -0.0248539 -0.0374009 0
0.0709435 -0.0570175 0.363725 0.357555 0.372391 0.354793 0.353509 0 0 0.336987
0.333523 0.341063 0 0.351515 0.366854 0.3669 0.284339 0.288053 0.260227 0.226603
0.292505 0 0 -0.00359846 -0.0194056 -0.0212461 -0.0350451 0 0.203315 0.138833
0.100044 0 0.306811 0.328741 0.146184 0.363381 0.436152 0.362667 0.40052 0.388341
0.402675 0.00239133 0 0.000858096 0.17674 0.363957 0.138394 0.0411141 -0.0015093 0
-0.037207 -0.0265296 0.00241898 0.148408 0.0665458 0 0.347612 0.384138 0.114235 0.359753
0.355303 0 0 0 0 0.333075 0.354872 0.346498 0 -0.0275001
0.0263269 0 0 -0.0451847 -0.0262287 0 0 0.0192024 0 0
0 0.371868 0 0 0.0576906 -0.021235 0 0 0 -0.0325763
-0.0423353 0 -0.0148199 0.0770808 0 0 0 -0.0396183 -0.0363003 0
-0.0356838 0.0453758 -0.0260204 0 0 0 0 0.00087004 0 0
0.0015922 0.152091 0.0102113 0 0 0 0.00228021 0.281175 0.343212 0
-0.0387426 -0.0336229 0 0 -0.0364182 0.00795991 0 0 0.150915 0
0.280542 0.342611 0 0.047827 0.190218 0 -0.0236013 -0.0363859 0 0.13742
0 0.247419 0 0 0 0 0 0 -0.0314287 -0.0156438
0 0 0.0772293 -0.0399444 -0.0201863 0 0 0.0572262 0 0
0 0.00816696 0.32122 0.316737 0.322644 0 0.325638 0 0 0.0230905
-0.0245073 0 0 0 0.377164 0 0 0.371568 0.382012 0
0.363923 0 0 0.367041 0.346193 0 0 -0.0424682 0 -0.0233697
0 0 0.0318314 0.43423 0.296576 0.380978 0.400304 0.309859 0.368757 0.311115
0.10551 0.232304 0.434348 0.426975 0.434694 0.40279 0.381538 0.000928871 0 0.400442
0.362987 0 0 0 0 0 0 0 0 0.35279
0.352641 0 0.000929529 0.401271 0.385944 0 0.35577 0.367616 0 0.382473
0 0.426857 0.220949 0.36801 0 0 0 0.361322 0 0.366777
0.339769 0.365308 0.219252 0 0 0.358262 0.363961 0 0.346573 0.33593
0.337642 0.366423 0 0 0.381499 0 0.351177 0.354356 0 0
0 0.000510923 0.000683043 0.326581 0 0.137796 0.329577 0.329303 0.368327 0.370521
0.297737 0.292022 0.363899 0.259038 0.257222 0.366235 0.257977 0.259794 0.366251 0.134031
0 0.323411 0.32639 0.326106 0 0.217593 0.00105557 0.00162979 0 0
0.188427 0.000516128 0 0 0.000689492 0.219797 0.0110333 0.0969987 0 0
0.00408706 0.00819232 0 -0.0192248 0 0 0.0029137 -0.0237089 0 0.0379115
0 0 0 -0.00742126 0.0214703 0 -0.0128537 0.017794 0 0
0.122714 0.0300648 0.0236326 -0.0210546 0 0 -0.011359 0 0.221773 0
0 0.0627178 0 0 0.00112928 0.00999023 -0.00464161 0 0 0
-0.0340735 -0.0381805 0.010107 -0.00616932 0 0 0 0.0911056 0.182905 0
0.00117607 0 0.0586533 0.145356 -0.0153158 0 0 -0.0502041 0 0
0.0575129 -0.0172514 0.00117057 0 0.144669 0.183662 0 0.0920339 0 0
-0.00426722 0.0119857 0 -0.0321317 -0.00785222 0.000645483 0.00570543 0 0.0580405 0
-0.0389303 0 0 0 0.124611 0.222825 0.0333589 0 0.0198539 0.0270351
-0.0135643 0 0 -0.010129 0 0 -0.00755677 0 -0.018785 0.0134967
0 0 0 0 0.00182456 0.0353593 0 0.0957638 0.00767892 0.00128415
0 0.00495287 -0.0233335 0 0 -0.0203181 0 0 0 0
0 0 0 0 0 0 0 0.00299772 0 0
0.214545 0 0 0.430647 0.417134 0.471053 0.449864 0.447141 0.479701 0.353651
0.460588 0.00299846 0 0 0.355927 0.356512 0 0 0 0
0 0.395232 0.38203 0.450786 0.437694 0.450885 0.390584 0.324508 0 0.381613
0 0.324587 0.406101 0.462411 0.495754 0.438467 0.443073 0 0.409787 0.397011
0.416942 0 0.406096 0.426471 0 0.385209 0.389245 0.385618 0 0
0 0.34903 0.345665 0 0 0.34558 0.348879 0.331954 0.390536 0.410939
0.437498 0.331854 0.410616 0 0 0.38556 0.428236 0 0 0.404341
0.398729 0 0 0 0.356029 0.355421 0.333453 0 0.0027144 0
0 0.454924 0.430082 0 0.455208 0 0 0.00270334 0.437729 0.465906
0.44081 0 0.333642 0.400623 0.436192 0.4671 0.439609 0.397804 0 0.214895
0 0 0.410455 0.444821 0.443891 0.213249 0.20896 0.392559 0.39484 0.216222
0.395915 0.21859 0.396515 0.220938 0.397263 0.223611 0.398527 0.226734 0.400433 0.230303
0.402954 0.234273 0.406021 0.238625 0.409581 0.243382 0.413613 0.248636 0.418195 0.254591
0.423584 0.261619 0.430144 0.27 0.437834 0.279182 0.446725 0.283071 0.455342 0.275932
0.454815 0.318361 0.531556 0.677533 0.588479 0.195452 0.190582 0.199019 0.201977 0.204875
0.208034 0.211579 0.215518 0.219829 0.224516 0.229634 0.235301 0.241685 0.24908 0.257797
0.267337 0.270807 0.263218 0.307511 0.575143 0.236218 0.23341 0.238119 0.239789 0.24166
0.243909 0.246556 0.249578 0.252957 0.256705 0.260872 0.26559 0.27107 0.277574 0.285165
0.293664 0.300171 0.293236 0.329836 0.601718 0.239398 0.237018 0.241096 0.242753 0.24471
0.247051 0.249747 0.252765 0.256102 0.259793 0.263915 0.2686 0.274043 0.280531 0.288167
0.29664 0.30259 0.295565 0.332322 0.605135 0.192555 0.18845 0.195947 0.199172 0.20253
0.206133 0.21 0.214132 0.21855 0.223313 0.22851 0.23425 0.24072 0.248294 0.257329
0.26679 0.267846 0.260076 0.307107 0.575809 0.195174 0.19152 0.198188 0.201021 0.203969
0.207163 0.210641 0.214412 0.218507 0.222986 0.227926 0.23344 0.239754 0.247263 0.256325
0.265761 0.266184 0.258426 0.306218 0.574878 0.231551 0.22995 0.232999 0.234512 0.236227
0.238212 0.240494 0.243094 0.246057 0.249444 0.253353 0.257944 0.263441 0.270134 0.278201
0.286823 0.28938 0.28173 0.323225 0.594788 0.20098 0.198242 0.203701 0.206521 0.209482
0.212611 0.21594 0.219517 0.223403 0.227654 0.232361 0.237722 0.244013 0.251546 0.260673
0.270016 0.269367 0.261778 0.310168 0.580328 0.168974 0.165422 0.172506 0.176137 0.179899
0.183799 0.187859 0.192137 0.196712 0.201652 0.207019 0.212991 0.219885 0.228063 0.238012
0.247793 0.244077 0.236693 0.292677 0.56028 0.201429 0.199616 0.203538 0.205987 0.208685
0.211555 0.214591 0.217849 0.221428 0.225431 0.229952 0.235149 0.2413 0.248731 0.257806
0.266925 0.265157 0.257528 0.307494 0.577411 0.216854 0.215627 0.21854 0.220674 0.223093
0.225669 0.228378 0.231282 0.234485 0.238107 0.242282 0.247186 0.253054 0.260166 0.268853
0.277815 0.277303 0.269448 0.315909 0.58707 0.16928 0.165654 0.173185 0.177348 0.181643
0.185964 0.190285 0.19467 0.199238 0.20413 0.209499 0.215535 0.222487 0.230689 0.240639
0.250347 0.246854 0.239952 0.295602 0.563986 0.169366 0.165743 0.173271 0.177436 0.181734
0.186055 0.190373 0.194752 0.199311 0.204194 0.209554 0.215583 0.222528 0.230721 0.240649
0.250334 0.246907 0.240085 0.295737 0.564164 0.216939 0.215706 0.218633 0.220781 0.223214
0.225797 0.2285 0.231386 0.234562 0.238148 0.242286 0.247154 0.252979 0.260037 0.26865
0.277543 0.277127 0.269426 0.315995 0.587238 0.201332 0.199515 0.203464 0.205944 0.208668
0.21155 0.214577 0.217811 0.221346 0.225274 0.229709 0.234849 0.240951 0.248305 0.257284
0.266316 0.264646 0.25724 0.307456 0.577479 0.168777 0.165197 0.172371 0.176067 0.179878
0.183803 0.187864 0.192122 0.196661 0.201538 0.206832 0.21276 0.219616 0.227724 0.237566
0.247261 0.243873 0.236871 0.292995 0.560768 0.203715 0.200921 0.206609 0.209623 0.212772
0.216092 0.219639 0.22348 0.227676 0.232325 0.237627 0.24385 0.251298 0.260299 0.269541
0.269318 0.26216 0.310634 0.581005 0.233076 0.231542 0.234662 0.236412 0.238389 0.24063
0.243174 0.246069 0.249376 0.253197 0.257699 0.263107 0.269692 0.277612 0.286111 0.288984
0.281688 0.323402 0.595186 0.198338 0.195193 0.201276 0.20428 0.207482 0.210931 0.214658
0.218703 0.223115 0.227957 0.233353 0.239566 0.246958 0.255823 0.265092 0.266025 0.258724
0.306599 0.575486 0.196452 0.192906 0.199787 0.203198 0.206805 0.210645 0.214736 0.21911
0.223818 0.228924 0.234533 0.240868 0.248299 0.25712 0.266398 0.268058 0.26081 0.307836
0.57685 0.241574 0.239713 0.243335 0.245307 0.247596 0.250211 0.253144 0.256405 0.260035
0.264108 0.268716 0.274001 0.280288 0.287707 0.296015 0.302438 0.295855 0.332795 0.605987
0.238597 0.236535 0.240349 0.242206 0.244371 0.246906 0.249812 0.253085 0.256741 0.260832
0.265446 0.270723 0.276959 0.284295 0.292614 0.299439 0.292934 0.330042 0.602443 0.200033
0.196318 0.203051 0.205929 0.209009 0.21244 0.216253 0.220432 0.224978 0.229932 0.235385
0.241483 0.248553 0.256922 0.266147 0.269841 0.262802 0.307829 0.576174 0.217407 0.21432
0.21982 0.222145 0.224739 0.227745 0.231179 0.235005 0.239206 0.2438 0.248848 0.254532
0.261249 0.269274 0.278132 0.282164 0.275186 0.317789 0.58841 0.397457 0.396265 0.398098
0.398814 0.399989 0.401767 0.404141 0.407055 0.410465 0.414358 0.418778 0.423934 0.430205
0.437598 0.446283 0.454931 0.454028 0.530268 0.676271 0.174425 0.176679 0.38024 0.386678
0.172929 0.375639 0.177869 0.374021 0.186004 0.37763 0.194885 0.383231 0.202829 0.388607
0.146129 0.164046 0.145385 0.152942 0.163769 0.174674 0.183762 0.189966 0.216379 0.199257
0.204673 0.213424 0.22215 0.22891 0.199624 0.225105 0.208167 0.212054 0.21946 0.227139
0.233129 0.15436 0.166177 0.152789 0.158013 0.166628 0.175547 0.182941 0.16001 0.167673
0.161192 0.166304 0.173426 0.180598 0.186739 0.213691 0.216938 0.214506 0.21794 0.221868
0.225266 0.227926 0.166634 0.166871 0.17257 0.179944 0.186457 0.191465 0.195219 0.123078
0.122838 0.132511 0.142454 0.150685 0.156889 0.161573 0.169216 0.159835 0.177258 0.185428
0.191561 0.195441 0.197821 0.195141 0.18779 0.200188 0.206118 0.210613 0.213222 0.214604
0.128528 0.122395 0.13655 0.145321 0.152751 0.158113 0.162114 0.128641 0.122503 0.136667
0.145435 0.15286 0.158215 0.162208 0.195234 0.18753 0.20029 0.206223 0.210714 0.213312
0.214683 0.169136 0.159247 0.177229 0.185415 0.191533 0.195382 0.197736 0.123187 0.122923
0.13257 0.142452 0.150596 0.156719 0.161357 0.167103 0.167388 0.172904 0.180144 0.186525
0.191425 0.195118 0.198137 0.214327 0.21749 0.215026 0.218284 0.22203 0.225285 0.227864
0.229883 0.161165 0.169297 0.162041 0.166768 0.173521 0.180488 0.186578 0.191418 0.156322
0.168662 0.154189 0.15879 0.166918 0.175612 0.183002 0.188634 0.209139 0.201954 0.212504
0.219521 0.227025 0.233076 0.237145 0.199296 0.190532 0.204629 0.213154 0.221767 0.228713
0.233494 0.145368 0.145323 0.153116 0.163908 0.17481 0.184114 0.191213 0.173369 0.174675
0.178407 0.18656 0.195496 0.203566 0.209866 0.377033 0.388847 0.375152 0.378634 0.384244
0.389716 0.39382 0.488835 0.491251 0.45653 0.231653 0.540722 0.577305 0.677111 0.689207
0.524515 0.237053 0.499019 0.254726 0.504098 0.262353 0.488959 0.219715 0.42118 0.174439
0.331976 0.318421 0.309935 0.374773 0.196339 0.217714 0.237815 0.212284 0.295293 0.645093
0.540642 0.281429 0.288272 0.295808 0.274085 0.445941 0.476024 0.537369 0.446941 0.414294
0.438888 0.511798 0.460396 0.650472 0.652276 0.634604 0.647691 0.639731 0.652787 0.301874
0.278583 0.287099 0.290179 0.272999 0.178229 0.347844 0.567527 0.18818 0.211781 0.219918
0.195899 0.210071 0.456521 0.255129 0.216534 0.231714 0.213713 0.18333 0.314083 0.664686
0.641707 0.619273 0.294185 0.295098 0.260898 0.225332 0.466049 0.448051 0.445628 0.445628
0.466085 0.665144 0.652462 0.664309 0.235438 0.563387 0.672906 0.241957 0.253046 0.239615
0.196008 0.255091 0.233923 -0.004824 0.0221866 0.293752 -0.132774 0.261782 0.612476 0.58365
0.150739 0.270025 0.342098 0.180741 0.201772 0.198052 0.155382 -0.0428876 -0.0458067 0.0867681
0.0869806 0.181093 0.184106 0.15713 0.235912 0.561172 0.42135 0.419248 0.248466 0.25603
0.24036 0.187889 0.232018 0.299215 0.476687 0.441061 0.413092 0.429872 0.458383 0.295687
0.634203 0.635016 0.638178 0.622076 0.617996 0.593707 0.567402 0.288051 0.281421 0.269715
0.241703 0.204728 0.189585 0.357484 0.405154 0.579102 0.597196 0.194939 0.189691 0.161696
0.13377 0.189342 0.356813 0.176575 0.194839 0.189871 0.161861 0.133814 0.287008 0.632873
0.595821 0.57795 0.413819 0.280843 0.269676 0.241836 0.204444 0.412443 0.440318 0.476082
0.298455 0.231231 0.295366 0.458478 0.429538 0.561104 0.567439 0.593713 0.6179 0.622608
0.637105 0.633732 0.234716 0.247821 0.255712 0.240439 0.18753 0.1542 0.0862486 0.0864787
0.150393 0.27015 0.41916 0.421259 0.180588 0.201663 0.198392 0.155777 -0.0462812 -0.0421499
-0.00476644 0.0223295 -0.0432126 0.181316 0.294088 -0.134528 -0.266473 -0.157536 0.157684 0.235114
0.563717 0.342541 0.24187 0.253144 0.240253 0.196809 0.234024 0.445253 0.445124 0.255144
0.583964 0.665213 0.652657 0.638644 0.637224 0.612798 0.312985 0.664803 0.672999 0.293482
0.295235 0.261856 0.2262 0.439544 0.466245 0.466207 0.209343 0.456691 0.619494 0.642355
0.215876 0.231768 0.214752 0.185081 0.177992 0.349198 0.255581 0.188062 0.211911 0.220773
0.198001 0.302108 0.651532 0.569181 0.277846 0.286511 0.289886 0.274247 0.228032 0.411573
0.444702 0.53631 0.477563 0.447965 0.461883 0.510392 0.435819 0.646006 0.654099 0.640752
0.647659 0.63495 0.653289 0.293939 0.280513 0.28734 0.295868 0.276907 0.219197 0.171496
0.332722 0.541588 0.195865 0.217511 0.238703 0.217736 0.167881 0.22596 0.542934 0.311537
0.232348 0.252759 0.264801 0.230891 0.185893 0.515786 0.690427 0.678842 0.607228 0.490459
0.500734 0.494845 0.439573 0.395239 0.45903 0.486342 0.455632 0.248965 0.279388 0.432081
0.4554 0.219416 0.4909 0.471656 0.467184 0.507749 0.532688 0.532135 0.503242 0.568891
0.59325 0.557564 0.611868 0.642131 0.621384 0.651913 -0.0123522 0.0571234 -0.0385452 -0.0301111
-0.0304631 -0.053826 -0.0202092 0.277383 0.0519553 0.232133 0.470968 0.438069 0.266541 0.401899
0.406402 0.246726 -0.0240324 -0.0443097 0.0692902 0.449847 0.215283 -0.0224089 -0.0590838 0.124446
0.100209 -0.0184453 -0.039499 -0.0405706 -0.0596748 -0.0421511 0.128521 0.365243 0.258239 0.362931
0.439184 0.466355 0.354774 0.50099 0.472894 0.342775 0.346875 0.387212 0.547745 0.394227
0.435946 0.596701 0.466261 0.536952 0.637195 0.588905 0.602264 -0.029452 0.106392 0.300135
-0.0403961 -0.0477262 0.0654432 -0.0305033 0.325217 0.338241 0.211897 0.154475 0.337613 0.44076
0.302256 0.0495642 0.215763 0.0721161 -0.0561489 -0.0437441 -0.0584697 0.048782 -0.0448562 0.0714545
0.337571 0.21568 0.302062 0.440589 0.0651057 0.211522 0.338123 0.325003 -0.0408023 -0.0307693
0.387536 0.34716 0.343114 0.472968 0.501022 0.43622 0.394498 0.547774 0.537223 0.466511
0.596754 0.637274 0.602539 0.589179 0.532477 0.507791 0.46806 0.472451 0.491352 0.568671
0.503501 0.532279 0.611913 0.557846 0.593704 0.652318 0.622128 0.643139 0.458304 0.493911
0.218432 0.417979 0.230567 0.675893 0.681498 0.667651 0.680399 0.553931 0.599844 0.642273
-0.0360069 0.0188369 -0.0257354 -0.0226596 -0.0312411 0.00387495 0 0 0.00199145 0.308424
0.260156 -0.149408 0.222033 0.254787 -0.145661 -0.227372 0.236474 0.0435036 0.243888 0.428898
0.00137632 0 0 0.545541 0.594324 0.216974 0.64195 0.552411 0.485813 0.505129
0.514798 0.542266 0.584448 0.481742 0.45689 0.526479 0.492939 0.622059 0.564856 0.599153
0.624533 0.590467 0.551925 0.617484 0.20508 0.387142 0.209102 -0.040133 0.0306591 -0.0225805
0.00321133 0 0 0.00172534 0.57338 0.607926 0.634528 0.280395 -0.244513 0.19918
-0.0545802 -0.0530272 -0.031717 0.118685 0.0206566 0.129789 0.198946 -0.123563 -0.325037 0.458592
0.352369 0.0343317 0.347406 0.248867 0.465139 0 0 0.00249146 0.00188569 0
0.66398 0.61173 0.578081 0.661858 0.449766 0.414649 0.477488 0.450416 0.449699 0.527786
0.492329 0.592168 0.553829 0.641006 0.619115 0.211443 0.0299891 -0.0155818 -0.0416895 -0.0366318
-0.0255766 -0.0476441 -0.0226998 0 0 0 -0.160943 -0.265083 -0.135412 0.0826268
0.0159631 0.0976167 0.199809 0.423535 0.300175 -0.0180097 0.571745 0.50023 0.334614 0.381891
0.388649 0.434129 0.546304 0.484921 0.457303 0.532384 0.505028 0.591086 0.467414 0.538092
0.589631 0.584175 0.556057 0.607554 0.290261 0.415826 0.314542 0.0565421 0.183679 0.0750502
0.356753 0.58248 0.596374 0.618805 0.321825 0.213809 0.555969 -0.0670631 -0.0188717 -0.0574853
0.0555283 -0.0200393 0.0746079 -0.00823125 0.00556914 0 0 -0.0506706 0 0.1571
0.355895 0.108502 -0.093002 -0.123348 0.320863 0.210499 -0.128606 0.289824 0.183562 0.31405
0.415053 0 0 0.00326783 0.00159896 0.00553373 0 0 0 0.0407645
0.128184 0 0.0513213 0.581767 0.596978 0.556347 0.619759 0.499616 0.456544 0.484236
0.504456 0.531961 0.545852 0.381256 0.333861 0.433747 0.388148 0.590861 0.555828 0.584285
0.608252 0.537944 0.467117 0.589612 0.0817701 0.199072 0.0970204 -0.048225 0.0154031 -0.0233047
0 0.00157027 0.00257034 0 0 0.184328 0.42365 0.299791 0.571814 -0.130822
-0.012903 -0.0261527 -0.0370976 -0.015532 0.211777 0.0305687 0 0 0 0.260844
0.449449 0.450251 0.477318 0.492236 0.52769 0.553799 0.592135 0.619147 0.641029 0.347952
0.355463 0.465273 0.117991 0.128064 0.248981 0.1294 0.664106 0.611976 0.66196 0.458781
0.352862 0.578335 -0.0561086 -0.0433925 0.0194651 -0.0338521 -0.0403267 -0.0230746 -0.054089 -0.0209208
0.199081 -0.125938 0.0354423 0.281414 -0.24786 -0.33078 0.204018 0.213478 0.0330481 0.208988
0.385077 0.00172315 0 0 0.574919 0.609497 0.198803 0.635453 0.551494 0.454917
0.480245 0.491757 0.525628 0.583796 0.506292 0.487296 0.543254 0.516049 0.621754 0.551412
0.590239 0.617559 0.60002 0.565904 0.625491 0.238463 0.23394 0.43126 0.245114 -0.0222133
-0.0195947 0.0436167 0.00403819 0.00253332 0 0 0.00138217 0.546988 0.595773 0.643469
0.255553 -0.153476 0.214524 -0.0388356 -0.0327895 -0.0315186 -0.0268727 0.216735 0.21747 0.0170944
0.230144 0.261878 -0.160026 -0.238383 0.55668 0.602494 0.2172 0.490867 0.48898 0.463097
0.459218 0.456178 0.419296 0.49408 0.00378812 0.00198685 0 0 0.677973 0.683124
0.669169 0.644179 0.68127 0.00377993 0 0.447532 0.427827 0 0.46428 0.491248
0 0 0.00553593 0.00520211 0 0 0.578877 0.527509 0 0
0.625425 0 0 0 0 0 0.00252479 0 0 0.459352
0.44 0.474194 0 0.499145 0 0 0 0.00338473 0.00360857 0
0 0 0 0 0.582728 0.533515 0.627028 0 0.424587 0
0.399204 0.444772 0 0.476035 0 0 0 0 0 0.00498032
0.00504288 0 0.569733 0 0 0.515968 0.617424 0 0 0
0 0 0 0 0 0 0 0 0 0
0.00423211 0 0 0 0.00438678 0 0 0 0 0
0 0 0 0 0 0 0 0.00257615 0.00157612 0
0 0 0 0 0 0 0.00452951 0.00454391 0 0
0 0 0 0 0 0.00327234 0 0 0.00159982 0.0513547
0 0 0.455712 0.38275 0.351698 0.431896 0.480465 0.406651 0.508785 0.442635
0 0 0.128221 0.0407492 0 0 0 0.00565116 0.00474711 0
0.572059 0.540227 0.485261 0.53938 0.601998 0.588805 0 0 0 0.382319
0.351215 0.406266 0 0.442347 0.45507 0.431157 0.479964 0.50846 0.00565903 0
0 0.00475032 0.540429 0.485121 0.589568 0 0.572409 0.539268 0.603044 0
0 0 0 0 0 0.00454376 0.0045297 0 0 0
0 0 0 0 0 0 0 0 0 0
0 0 0.00249351 0 0 0 0.00188639 0 0 0
0 0 0 0.00423406 0.00438868 0 0 0 0 0
0 0 0 0 0 0 0 0 0.00319551 0
0 0.423622 0.397644 0.444285 0 0.47601 0 0 0 0.00505196
0.00498199 0 0 0 0 0.570345 0.516322 0.618213 0 0.461405
0 0.442199 0.476083 0 0.500907 0 0 0 0 0
0.00361082 0.00338934 0 0.584268 0 0 0.53519 0.628488 0 0
0.00522297 0 0 0 0 0 0.448528 0.428957 0 0.465173
0 0 0.492212 0.00554828 0 0.580293 0.528691 0 0 0.627081
0 0 0 0 0 -0.00873949 0 0 0 0
0 0 0 0.446764 0.409209 0.39039 0.637013 0.638503 0.390433 0.409159
0.446422 0.447735 0.398697 0 0.283324 0.424985 0.425977 0.403853 0.570024 0.380535
0.570802 0.57121 0.664405 0.398622 0.424908 0.283273 0 0.403828 0.425905 0.425221
0 0.4462 0.477778 0 0 0.570585 0.380391 0.569807 0.570998 0.617871
0 0.618064 0 0.517497 0 0.425299 0 0 0 0.477975
0.446354 0.618089 0 0.618253 0.517712 0 0 0.481078 0.446963 0.463687
0.456 0.456135 0.371846 0.365859 0.463911 0.466489 -0.0294244 -0.04803 0.300059 0.106555
0.363569 0.123955 0.0999192 0.258339 -0.0400107 -0.0187441 -0.0248701 -0.0446017 -0.0595785 -0.0411317
-0.0601775 0.264595 0.0683867 0.245851 0.402836 0.398485 0.445887 0.278715 0.440161 0.472141
-0.0300296 0.0521536 0.459172 0.433023 0.279851 0.249775 0.457162 0.486399 0.481678 0.0559287
-0.013514 -0.0398012 -0.0535877 0 0 0.00153267 0 0 0 0
0 0 0 0 -0.0357607 0.00172223 0 0 0 -0.0461535
-0.0361203 0.446229 0.449009 0.414056 0 0 0 0 0 0
0 0 0 0 0 0 0 0 0 -0.0458615
0 0 0 0.00172291 0 0 0 0 0 0
0 0 0 0 0 0 0 0 0 0
0.00153939 0 0 0 0 0 0 0.504918 0.371812 0.411822
0.503304 0.412454 
enstrophy 1 7803 float
75.6481 47.8612 39.9263 47.7449 75.0366 47.4251 74.3351 47.044 73.6365 46.6601 72.9715
46.2929 72.3385 45.9423 71.7327 45.6057 71.1509 45.2818 70.5908 44.9711 70.0498
44.6762 69.5189 44.4012 68.9736 44.1547 68.3628 43.9608 67.3289 43.8163 65.8845
43.775 58.0226 42.4662 22.0674 41.8571 21.759 70.0161 74.6969 78.423 75.6458
47.8595 75.0332 74.3308 73.6311 72.9651 72.3312 71.7244 71.1412 70.5792 70.0318
69.4823 68.8848 68.127 66.6052 64.2653 51.9381 19.1858 20.9361 19.36 90.4494
86.9148 54.4462 75.6455 47.8589 75.0333 74.3322 73.634 72.9695 72.3376 71.7334
71.1534 70.5964 70.0601 69.5401 69.0269 68.4929 67.6538 66.7704 59.7267 24.9594
28.4325 75.6432 47.8568 75.0297 74.3274 73.6283 72.9622 72.3282 71.722 71.1397
70.5786 70.0374 69.5135 68.9989 68.4728 67.68 66.9184 60.3208 30.3429 35.7469
30.4305 32.5656 64.2244 70.6467 67.3684 66.4441 75.6423 47.8558 75.0296 74.3289
73.6315 72.9673 72.3358 71.7321 71.152 70.5916 70.0445 69.4961 68.9027 68.1543
66.6193 64.3558 51.9237 27.577 21.5847 80.2582 29.9228 100.001 99.6234 152.829
122.634 83.3939 75.6396 47.8533 75.026 74.3244 73.625 72.9583 72.3239 71.716
71.1305 70.5645 70.012 69.4598 68.8748 68.1748 66.8838 65.0962 55.7532 18.331
20.9666 21.4516 20.3886 75.6386 47.8522 75.0256 74.3252 73.6274 72.9626 72.3307
71.727 71.1497 70.5991 70.0776 69.5928 69.1645 68.8286 68.5698 68.6219 66.4259
64.5075 63.2993 70.8694 22.2707 78.0624 110.771 164.304 142.291 88.3858 75.6363
47.8501 75.0224 74.3212 73.6215 72.9535 72.3174 71.7078 71.1226 70.5605 70.0204
69.5017 68.9992 68.4926 67.6964 66.8526 60.2833 24.6935 86.3281 83.4726 25.4919
158.281 88.5215 101.717 116.019 75.6355 47.8493 75.0219 74.3213 73.6223 72.9547
72.3192 71.7099 71.1235 70.5557 70 69.4384 68.8198 68.0225 66.3902 63.9613
51.0855 21.3226 21.0917 22.5353 75.6339 47.8475 75.0201 74.3189 73.6189 72.9496
72.3116 71.6999 71.1108 70.5418 69.9904 69.4497 68.9033 68.3097 67.3009 66.252
58.3722 21.5582 24.915 20.8739 23.0977 75.6336 47.8468 75.0203 74.3195 73.6197
72.951 72.3139 71.7032 71.1145 70.5463 69.9966 69.4631 68.9426 68.4268 67.6931
67.1273 61.2058 31.9372 26.7802 52.7866 70.674 70.332 67.4352 40.3313 38.0653
275.927 101.419 94.9419 207.798 324.778 75.6331 47.8459 75.0201 74.3195 73.6199
72.9515 72.314 71.7025 71.1108 70.5341 69.9642 69.3817 68.7408 67.9382 66.4228
64.2128 52.8984 29.5147 21.3737 37.2097 31.1539 75.6336 47.8454 75.0211 74.321
73.6224 72.9548 72.3181 71.7074 71.1162 70.54 69.9705 69.3897 68.7531 67.9561
66.4455 64.2432 52.9316 16.8136 21.4408 20.9786 15.479 75.6347 47.8456 75.0234
74.3252 73.6292 72.965 72.3325 71.7267 71.143 70.579 70.0323 69.4996 68.9778
68.4588 67.7169 67.1298 61.1492 29.7593 32.1603 21.0909 31.3431 75.6358 47.8453
75.0259 74.329 73.6341 72.9715 72.341 71.7371 71.1556 70.5943 70.0496 69.5141
68.9713 68.377 67.3588 66.2646 58.3157 24.8342 38.1972 39.7399 66.9686 69.4262
69.6443 53.0742 26.6569 75.6384 47.8461 75.0306 74.3363 73.6452 72.9874 72.3626
71.7642 71.1887 70.6318 70.0854 69.5321 68.9225 68.1314 66.4948 64.0194 51.0925
21.5074 21.0149 22.9893 95.3167 144.453 148.372 109.369 71.1193 75.6401 47.8459
75.0336 74.3407 73.6513 72.9953 72.3723 71.7766 71.2052 70.6568 70.1302 69.624
69.1322 68.6332 67.8344 66.9508 60.2971 21.28 24.7313 20.844 22.5975 75.6437
47.8473 75.04 74.3505 73.665 73.0135 72.3968 71.8089 71.2467 70.7112 70.2057
69.739 69.331 69.0157 68.7727 68.8098 66.5545 64.5269 25.571 82.2798 86.7079
71.1669 75.6453 47.8473 75.0427 74.3537 73.669 73.0184 72.4014 71.8116 71.244
70.6954 70.1605 69.6272 69.0625 68.381 67.1032 65.2844 55.9072 20.9456 63.4938
76.1249 22.1585 88.1863 116.705 75.6489 47.8489 75.0489 74.3625 73.6814 73.0353
72.423 71.839 71.2787 70.7381 70.2119 69.6853 69.115 68.3896 66.8716 64.6112
52.1357 18.2421 21.5062 20.2434 75.6499 47.849 75.0505 74.3643 73.6832 73.0371
72.4244 71.8398 71.279 70.7387 70.2181 69.7155 69.2231 68.721 67.9421 67.2119
60.5612 27.5358 30.344 21.3599 29.9037 75.6522 47.8502 75.0547 74.3709 73.6922
73.0488 72.4395 71.8585 71.3015 70.7665 70.2516 69.7539 69.2637 68.7543 67.9245
67.0703 59.9605 28.4196 35.75 66.8399 67.7525 70.9927 64.4207 32.5717 30.4785
75.6529 47.8503 75.0551 74.3712 73.6926 73.0492 72.4398 71.858 71.299 70.7606
70.2351 69.7064 69.1296 68.3914 66.8697 64.5211 52.0877 24.9318 20.8539 25.3209
75.6546 47.851 75.058 74.3754 73.6982 73.0562 72.4486 71.8682 71.3104 70.7743
70.2563 69.7462 69.2208 68.6252 67.5883 66.1014 58.1531 19.0852 22.055 20.1063
19.4586 19.4146 47.739 39.9137 47.4275 47.057 46.6849 46.3305 45.9946 45.6728
45.363 45.067 44.7862 44.5248 44.2927 44.1125 43.9771 43.9265 42.5969 41.8965
74.9965 70.2346 21.7956 76.9835 109.257 148.264 94.1336 98.1498 101.378 92.8317
131.845 189.995 193.794 187.08 302.82 72.3397 111.357 149.34 144.971 121.001
97.4157 55.369 99.3313 196.974 91.7881 32.9228 255.255 1381.48 1317.97 1307.11
54.8057 97.1182 110.302 66.3477 80.6649 40.2411 51.5484 174.305 260.605 193.976
190.128 159.251 141.379 162.526 107.767 188.373 304.394 1223.28 1181.47 83.4554
78.7272 119.863 151.482 98.7324 99.2746 101.137 101.9 98.7197 153.89 117.962
76.8898 254.762 171.619 95.1539 98.7335 122.559 201.591 90.8592 96.9602 98.4061
121.92 200.192 206.821 94.3734 96.696 138.317 176.639 159.63 81.4306 101.167
329.317 229.89 205.55 230.103 239.944 116.335 71.8386 132.859 241.579 36.9636
36.825 30.9801 130.724 120.128 166.195 217.657 120.799 131.843 171.547 249.438
249.566 24.4641 11.3002 13.8273 63.6414 63.4792 24.9616 34.8602 24.6786 183.473
153.228 262.935 138.08 192.398 224.2 253.691 224.494 175.242 132.814 124.743
165.121 91.26 94.8467 149.415 111.91 107.264 91.2477 245.45 107.504 92.6834
253.403 148.057 90.5305 246.798 237.609 220.327 118.702 103.252 109.01 111.798
83.2211 118.841 115.454 90.5283 88.0754 121.951 128.862 98.4362 77.5754 118.706
153.844 98.7604 101.706 154.453 110.424 103.517 101.803 120.767 222.244 97.6607
91.432 247.738 246.932 190.027 222.66 126.401 121.928 120.461 109.418 160.154
237.092 321.865 304.33 256.435 301.109 283.232 158.818 87.2783 65.1188 74.414
64.0853 181.079 258.124 195.205 250.894 160.053 91.9027 58.8159 58.9199 46.7993
132.515 76.5605 30.2911 239.152 1269.24 228.095 154.309 140.208 115.327 79.4659
154.875 250.271 37.1134 158.834 82.3637 118.654 142.148 154.899 346.511 1199.93
1279.46 331.398 46.7053 59.1874 59.2055 92.5562 160.828 306.443 323.86 238.972
285.477 303.391 258.892 1037.48 160 196.366 260.987 253.935 183.122 64.7692
75.6454 65.9477 87.6093 1343.62 1296.3 248.535 247.912 160.96 109.68 120.964
123.108 127.608 92.8245 248.131 121.909 102.488 104.307 111.106 155.439 208.087
94.6693 452.769 230.955 231.534 247.64 91.5183 107.738 256.432 92.9181 107.997
149.616 111.501 110.363 106.141 120.817 223.805 250.415 90.7987 241.383 19.4131
19.5209 20.1324 26.561 25.334 103.995 93.6301 95.0376 87.8222 95.8299 74.7621
78.8133 118.983 116.931 128.927 95.6386 1293.08 1285.32 601.103 150.074 230.73
96.0219 84.5934 93.4302 158.526 118.959 97.1758 92.2341 97.8672 92.3814 170.062
110.366 130.102 131.819 101.563 94.4526 126.65 122.937 76.0763 184.595 114.111
80.9289 32.9105 20.5435 70.4946 75.2581 14.4238 76.6175 69.2701 20.7028 76.2127
74.617 37.5959 33.1337 69.1077 276.966 326.647 208.418 101.197 185.698 113.287
68.6527 85.8374 77.5584 99.2111 90.2024 95.3055 89.7111 94.5523 79.3929 108.634
126.449 117.714 119.853 74.5611 101.809 88.4627 84.4899 96.369 231.881 150.199
602.185 1288.3 1299.96 116.64 157.67 93.195 92.495 84.8875 91.9577 90.5954
106.635 76.4399 114.797 119.375 100.553 153.201 132.609 124.866 93.533 208.788
123.29 92.283 97.7473 26.5568 19.5539 96.858 86.5061 53.1886 84.4193 87.7199
88.5611 80.9638 87.9874 102.798 86.678 163.058 247.078 1377.86 1298.77 155.078
136.741 846.475 481.39 384.091 399.823 109.13 123.616 503.96 792.511 1164.88
1179.9 1217.83 943.121 559.172 1284.6 81.0613 121.023 400.661 378.862 435.776
732.237 1227.51 1354.03 1317.02 1306.66 1306.46 161.279 111.296 114.028 142.229
725.018 77.4715 71.1733 102.568 104.735 368.864 370.659 78.3853 104.546 113.517
143.892 375.657 747.196 1355.73 1356.68 1345.07 1344.96 1344.87 160.788 110.2
1420.64 93.1162 123.879 727.573 432.637 375.592 397.008 556.314 168.639 128.198
942.295 1287.13 1164.9 786.048 493.78 389.495 72.5766 113.071 373.508 471.915
841.479 1301.59 131.78 191.013 1371.74 1378.48 1378.48 1371.51 1372.56 1395.67
146.519 127.367 119.669 81.7606 788.181 395.86 424.584 433.574 115.981 146.98
118.512 800.541 1298.92 76.505 115.104 112.462 397.179 158.944 1315.94 238.539
122.464 119.766 148.881 90.1142 105.804 564.128 562.016 565.998 614.408 612.374
613.228 122.744 208.089 94.9675 98.4409 259.857 109.108 92.4959 109.645 93.6713
110.655 271.893 110.128 92.6874 271.788 92.4996 252.389 92.2916 1339.06 524.778
524.585 526.778 532.044 6.00691 4.96296 21.6618 23.0044 14.9547 7.48867 17.815
365.336 365.432 365.548 364.916 365.98 1190.14 232.004 103.377 82.3203 79.5869
79.8392 237.672 226.216 251.842 424.206 93.2025 186.599 165.061 148.861 5535.05
44.4525 71.0232 5626.57 397.853 5048.45 19.1603 28.9386 24.5132 233.544 93.888
343.799 323.501 311.434 287.092 257.29 98.3325 78.9454 261.47 211.085 239.393
84.5405 506.445 506.629 508.193 504.042 513.75 237.174 326.291 79.3341 97.8351
83.18 102.789 261.519 288.425 313.824 264.743 88.855 212.252 1363.49 391.288
390.598 392.396 394.557 391.764 47.9518 103.002 69.0369 51.4954 38.7908 42.8708
24.6662 15.1118 23.2877 29.8203 27.0607 12.3764 20.6538 45.422 71.0372 59.344
19.4548 11.2914 24.9504 36.6772 134.379 58.3187 91.7626 36.2164 17.1876 22.1173
36.425 83.567 150.117 82.5781 103.866 233.485 1199.6 80.0928 79.838 101.745
139.336 161.189 93.3374 430.945 254.81 189.084 229.165 178.207 81.7415 240.493
166.136 27.3055 19.6709 4.98083 21.7252 53.4633 68.9976 43.3949 28.868 24.2543
11.2425 26.5577 24.98 17.1379 23.4226 16.8159 11.1671 26.9535 33.1743 527.751
521.617 525.555 15.0441 22.7361 17.8393 150.083 59.4738 101.978 156.316 136.439
136.782 113.225 49.177 260.617 110.065 91.5701 109.394 92.873 110.377 272.835
111.245 94.1522 273.024 92.4231 93.0948 621.998 621.934 623.132 625.396 122.819
107.596 125.9 29.9487 19.9017 44.5655 67.1955 18.1442 71.8053 74.5695 111.704
29.9206 19.2636 15.0468 13.2351 20.078 117.037 44.2949 134.813 1196.48 1204.32
571.117 577.322 572.918 571.025 159.101 237.249 1308.11 1296.55 229.996 448.44
1187.07 1194.75 238.821 229.392 1245.2 233.366 209.823 1159.5 1258.15 570.354
564.226 124.469 803.742 440.24 88.7696 431.729 78.3142 82.8803 405.869 400.739
1369.13 1375.03 1368.08 146.761 786.838 1297.49 1380.88 260.151 247.829 254.538
1394.3 255.516 1400.63 227.71 1279.67 613.291 616.656 34.3559 66.3425 30.2176
7.92855 38.3009 15.3165 20.2502 44.4551 129.45 1294.18 254.792 1321.88 243.892
1285.86 213.342 1144.46 520.659 22.7313 121.111 62.4795 56.2279 8.83863 51.5942
48.7755 16.7423 13.5704 10.6895 8.64607 10.956 10.9264 11.2172 11.2817 52.4491
19.2604 26.7409 68.0499 19.6923 13.7961 11.1323 21.6435 102.549 34.6655 24.8755
1030.31 940.101 876.756 772.406 58.3361 20.1759 12.2868 11.2252 13.7975 320.952
36.2794 100.564 36.9956 82.4554 35.3444 7.47132 16.9779 17.1387 15.3235 13.8979
1265.78 1182.12 1078.76 957.641 785.178 388.015 386.217 386.923 387.396 390.145
19.1641 132.128 67.109 31.8328 23.8404 29.4501 245.845 29.204 234.453 29.8478
210.719 1306.49 1263.88 1107.08 524.486 524.322 526.148 531.804 521.852 135.059
30.3715 102.528 49.2188 86.372 109.94 116.816 76.468 69.1669 14.486 9.5165
19.5883 49.2106 24.0596 18.2828 27.2311 23.7187 48.8369 14.141 46.5737 83.1007
23.5833 26.9608 73.4472 66.2298 1290.62 254.207 1303.09 241.073 1242.63 1078.97
215.872 35.2972 34.3584 34.4831 102.373 139.571 108.936 114.689 34.549 1098.23
795.365 973.936 29.6482 136.598 70.1389 19.5511 7.45503 31.8564 13.691 13.8745
5770.23 5676.33 5172.81 404.391 37.5466 17.0307 38.5808 326.938 102.288 947.977
885.565 781.358 368.938 368.841 369.055 369.494 368.416 103.352 8.66644 19.9618
23.0661 6.00213 7.60896 10.6777 10.9396 10.9594 22.1189 35.2709 9.06695 13.7161
248.12 1384.51 1319.57 255.249 244.269 1283.06 213.838 1144.7 525.745 533.01
56.7041 62.3329 52.2291 121.167 1298.82 260.944 1385.97 256.91 1410.8 229.622
1293.36 621.071 130.474 67.5616 34.7728 7.64825 29.9703 38.3206 14.8449 568.875
7.0911 7.24425 19.2904 14.6886 14.676 14.55 66.1863 42.2397 41.0967 240.52
1255.8 235.036 1270.07 1172.97 211.425 124.356 66.8882 40.8845 7.34506 20.4953
43.6338 39.6572 14.801 19.7154 7.43591 15.4615 15.3482 15.6551 236.378 211.987
238.764 123.982 115.039 164.706 250.22 262.564 189.838 137.19 261.25 153.027
181.451 24.8011 24.4461 24.5207 62.8522 169.575 170.119 63.007 246.316 214.594
248.317 259.274 234.093 108.072 107.281 164.895 246.374 37.1335 36.8219 133.095
119.488 71.1678 116.72 238.964 229.762 205.316 271.895 130.76 191.403 288.73
271.788 239.609 161.352 262.557 268 121.562 105.44 130.775 160.433 238.629
269.201 260.274 276.44 310.287 314.827 273.705 168.68 88.2498 258.482 200.607
128.012 130.018 201.962 258.478 90.9186 170.152 130.403 263.567 278.756 277.16
317.502 312.899 123.658 120.484 97.5079 127.931 268.017 254.847 113.059 123.417
104.429 121.461 274.241 112.599 74.6965 71.9681 30.8365 115.904 135.344 20.9128
30.2936 14.0631 19.0597 368.463 800.191 231.902 204.135 121.379 68.0884 125.782
107.14 854.06 858.924 855.049 117.413 113.135 128.359 287.605 97.3584 114.836
93.9491 116.21 296.618 132.684 121.107 133.101 149.539 137.311 136.638 156.022
34.739 26.4486 102.082 59.5766 111.926 33.2779 24.2745 28.9944 43.4567 27.1003
23.6127 17.3153 54.135 461.595 556.286 135.929 122.269 122.877 99.2771 130.238
91.6473 58.1706 36.6713 31.1523 36.256 24.8412 21.2302 26.7819 703.082 308.312
293.564 48.3987 39.7697 52.4989 70.0007 103.55 42.5115 30.7811 141.901 164.401
307.813 310.596 266.945 310.906 279.463 92.5013 112.768 148.287 59.9473 73.4724
54.292 40.7662 22.295 32.1012 59.1006 23.7514 54.4916 147.687 75.611 708.162
712.079 704.163 703.437 703.701 289.579 191.169 272.69 311.797 308.905 267.748
94.921 114.691 279.784 312.118 107.016 107.854 236.883 128.794 131.937 112.427
122.87 99.4701 123.649 134.937 125.963 307.903 362.629 790.203 124.865 112.803
116.487 289.538 132.607 133.74 298.906 115.263 94.3238 116.423 280.878 1722.48
1821.78 288.608 101.148 257.348 222.285 278.335 1698.36 1535.67 1304.72 96.384
125.631 117.062 206.14 261.714 223.711 1424.28 1649.9 285.436 1805.32 232.592
761.69 1230.59 1130.32 211.335 234.338 135.119 369.436 314.025 787.513 1246.2
241.643 1324.82 216.292 817.824 898.728 930.734 166.983 176.697 164.893 779.073
791.633 737.888 111.998 806.411 713.548 721.636 717.635 713.15 712.821 42.2829
234.324 42.7524 239.278 1028.88 261.898 1066.35 1108.18 140.814 127.208 135.436
254.675 1012.99 235.37 1053.98 1102.42 240.76 45.7762 46.0462 796.033 783.299
741.107 164.128 141.161 811.02 110.632 169.692 303.78 705.872 288.683 178.52
159.088 906.9 824.926 938.596 88.1338 177.919 239.637 211.378 235.201 213.062
1146.98 1249.71 754.619 236.489 137.253 1265.56 242.475 1329.07 860.7 864.603
859.664 263.953 1671.23 1439.32 225.28 290.179 1844.83 201.639 109.944 229.391
809.314 376.931 201.64 119.696 93.9404 259.614 223.392 1562.18 1327.68 130.961
1226.16 162.709 92.2973 180.755 959.133 251.383 53.9349 172.092 242.81 241.543
215.68 242.764 1368.31 1375.05 171.565 130.958 235.162 1197.76 179.675 947.614
1088.48 219.647 85.1723 223.484 1150.4 92.3356 1209.13 236.768 221.155 1100.79
85.4738 1163.07 225.034 238.848 174.788 127.036 133.793 150.105 122.484 120.27
480.182 283.85 748.707 860.383 869.997 142.518 144.861 864.23 854.731 127.601
479.501 463.879 559.851 149.888 126.999 242.26 179.811 89.3569 129.083 283.362
745.075 112.709 132.278 197.268 1090.64 221.979 230.796 1276.87 1207.9 1101.19
198.273 1221.03 1289.8 232.333 223.467 243.064 111.973 1378.72 94.1289 298.951
1938.9 118.664 101.928 266.443 263.235 260.126 256.32 178.319 195.412 103.586
110.235 298.532 300.389 300.065 302.567 283.919 292.916 129.095 100.767 182.137
313.445 330.22 344.75 346.535 121.878 130.141 158.586 61.4744 26.6069 52.035
159.5 191.314 202.108 160.245 286.351 163.188 245.211 232.966 244.184 156.396
303.133 163.556 198.058 254.417 262.775 318.993 307.641 270.667 309.272 328.321
270.748 260.905 208.796 151.029 152.19 570.923 171.313 164.831 121.356 124.683
375.47 803.908 129.679 115.665 242.033 25.7951 25.9748 26.2935 20.7138 21.0862
9.31776 10.6523 32.4918 87.9375 217.593 175.646 101.042 87.6196 269.627 250.636
178.35 274.73 263.516 250.443 246.678 247.144 263.587 216.886 131.695 128.441
111.205 186.025 296.571 188.654 178.926 295.835 274.601 112.999 48.1335 121.395
255.723 288.413 275.679 277.997 300.579 190.406 38.1707 142.59 146.458 40.4051
18.3619 46.9624 76.3667 19.12 66.0533 66.7893 20.3301 8.046 292.238 318.596
309.743 218.45 162.405 228.442 243.836 339.21 333.596 232.791 217.189 271.811
242.984 211.056 244.393 273.72 210.921 148.809 114.53 106.594 260.842 96.7301
232.166 148.804 210.917 273.722 244.382 211.283 243.125 271.689 217.169 106.295
115.357 66.8137 67.4006 98.5459 37.6247 34.4973 39.7771 19.4124 18.3141 46.683
14.453 8.0968 253.279 179.575 177.201 232.192 535.224 147.571 149.808 146.457
190.749 249.908 250.239 142.999 276.569 281.003 278.854 292.112 258.169 121.854
48.0787 113.042 151.467 884.948 210.987 191.905 278.408 273.363 177.631 134.656
115.832 201.487 265.159 267.452 267.383 227.85 235.293 299.961 300.704 220.391
177.532 220.764 81.8942 143.656 303.81 25.2233 29.0666 25.7282 21.4806 9.77638
36.0731 88.9164 89.2923 20.6715 121.335 125.844 56.9144 32.1145 135.945 130.803
133.086 235.301 247.676 164.511 288.926 160.855 203.9 193.078 199.616 163.827
306.377 157.626 246.615 263.537 330.578 312.074 272.79 310.965 322.782 262.006
256.209 208.997 261.267 256.697 796.118 800.385 796.242 1078.69 1083.67 1077.42
261.52 180.739 202.459 777.631 580.452 255.361 284.488 267.993 274.27 282.47
137.079 60.0591 149.98 170.196 1019.63 240.336 188.482 100.73 879.399 882.494
879.004 257.072 247.858 259.55 270.771 288.893 179.054 143.281 142.366 150.379
232.456 122.466 106.311 296.378 121.148 101.05 297.384 145.749 819.009 231.766
107.751 105.424 355.755 132.514 32.219 59.5793 26.6161 32.2806 16.7992 31.193
938.9 940.691 939.079 148.18 69.1235 155.915 149.995 242.124 918.256 922.701
917.662 208.977 246.813 155.733 167.945 1073.08 1079.29 1073.79 168.776 163.115
261.265 216.515 756.069 758.539 755.658 119.854 117.581 201.604 150.854 29.6151
53.1375 24.8888 236.88 123.699 559.871 187.913 188.387 200.121 212.522 200.54
246.902 199.927 275.276 276.313 328.121 312.587 288.271 261.359 195.366 80.5891
64.3534 43.9543 128.412 263.215 273.657 77.4795 211.524 284.228 352.626 359.64
291.037 384.74 359.23 232.613 225.271 125.171 335.29 142.066 81.1849 218.224
304.629 280.851 323.32 374.912 398.322 425.198 399.709 345.266 34.9958 149.613
95.2918 58.4291 23.9429 27.3653 22.2143 59.1273 48.2651 61.9308 53.6403 129.418
174.899 142.584 143.421 232.142 239.216 179.899 98.5668 183.413 136.23 59.1494
115.666 106.134 156.872 147.345 176.876 97.3024 182.684 190.363 99.0032 177.268
110.287 124.7 143.394 59.4928 106.776 116.15 142.701 238.396 231.188 136.296
184.173 99.524 179.974 182.695 97.6754 177.545 147.846 157.188 124.926 110.462
177.512 99.0735 190.421 59.316 175.594 129.23 52.3326 60.5218 23.6087 47.4016
21.7752 26.4019 57.1406 93.746 149.295 278.925 248.912 315.259 330.817 279.93
290.678 129.558 197.133 267.164 213.353 77.9868 277.687 80.5912 43.5214 63.4769
362.969 355.596 288.306 363.172 388.423 295.123 126.07 339.393 284.28 307.923
404.075 379.678 326.93 349.18 406.354 431.99 25.3809 60.8739 28.8396 28.5971
15.2099 23.5378 764.727 767.653 765.146 117.963 50.9043 119.189 150.544 202.204
188.779 188.536 564.404 125.236 243.384 201.709 114.282 129.05 810.488 482.269
200.58 213.542 949.244 950.874 949.061 157.061 149.822 244.383 150.807 68.9845
30.9075 32.5206 933.123 938.25 933.727 169.178 157.65 249.771 211.225 217.183
262.83 160.911 168.851 273.468 118.923 270.677 100.295 883.392 886.9 883.786
262.148 252.884 143.848 144.685 151.368 233.352 181.985 278.276 266.991 296.224
195.558 233.165 855.55 153.443 302.351 302.348 110.183 103.01 121.905 302.611
304.228 323.488 87.9799 111.747 29.5982 15.5938 29.3669 61.9225 38.6965 63.3594
32.4284 63.6007 303.104 107.264 123.883 101.804 259.603 255.975 248.118 577.936
775.307 201.609 150.39 143.755 102.866 110.402 19.8992 54.1309 23.5315 13.3907
30.6719 63.2172 27.3829 22.5967 31.6586 19.2422 29.2135 23.803 10.3332 10.7702
19.3489 779.847 783.9 779.725 145.701 51.3797 201.883 137.024 166.315 57.2319
56.6741 1062.16 131.669 127.602 137.956 145.79 114.422 303.112 94.7562 119.857
101.131 110.539 327.953 100.993 122.196 98.4128 124.499 332.4 144.753 128.397
141.481 121.148 339.047 103.643 120.366 365.207 111.015 139.078 385.546 153.554
127.548 110.966 143.008 404.393 157.439 126.177 234.371 1217.71 237.607 64.0792
80.1672 96.2145 146.986 29.8915 761.769 1219.86 203.928 206.35 185.985 1275.43
56.4908 30.6964 14.8608 24.5395 76.0623 76.0147 73.0681 17.087 15.3713 36.5433
13.6584 27.2093 34.8759 65.5949 60.5643 225.627 195.665 23.171 19.3463 18.3269
188.803 117.277 86.4281 115.269 133.835 176.064 158.947 613.013 613.311 613.859
668.654 511.782 149.926 118.489 95.9198 96.0305 189.604 182.945 1844.24 209.437
163.384 126.661 125.59 101.797 194.338 143.709 630.067 323.39 102.557 203.279
85.9818 81.0784 209.258 873.885 150.714 115.671 85.591 125 41.6587 42.4705
83.9149 150.21 41.7562 15.0801 15.007 36.197 14.9555 14.5215 11.3608 22.1212
252.916 139.023 17.144 68.6169 67.0781 28.2744 166.189 92.4221 43.7891 49.0289
98.5146 39.0998 116.492 147.637 35.7009 26.5785 18.1687 150.384 293.558 281.327
319.595 278.628 112.95 92.2753 93.2469 167.37 292.47 280.479 226.388 348.474
349.064 371.735 353.331 296.511 132.295 116.815 130.209 111.735 145.509 297.034
110.651 377.27 392.015 305.21 396.245 326.555 137.397 117.137 423.471 405.109
343.987 137.144 113.863 151.868 147.833 166.018 91.3434 243.142 80.7931 115.95
154.351 61.5692 79.1813 118.112 67.8609 73.2736 23.8566 29.3659 81.5768 29.692
33.8122 18.7814 24.0867 50.6209 26.2958 61.738 80.2199 24.728 50.3329 73.658
151.544 116.463 242.101 167.799 93.346 167.554 147.65 729.419 732.301 727.147
526.637 538.55 529.691 154.581 118.901 67.9615 674.867 670.415 669.486 659.551
310.988 319.998 292.694 228.339 218.39 294.456 281.292 94.2913 114.516 94.9709
278.313 321.015 292.322 280.148 117.494 132.611 112.109 130.384 296.463 350.658
349.91 226.676 355.06 373.577 233.464 335.37 340.965 244.397 145.11 297.011
110.914 232.08 96.078 260.783 393.298 378.139 305.201 117.12 137.352 326.741
397.63 113.773 137.063 344.276 407.144 425.5 829.207 835.718 66.3072 91.6932
166.161 14.7939 27.6568 625.361 623.356 621.838 989.264 1040.35 503.112 38.6129
48.5191 20.7485 43.435 22.4293 42.4859 83.7499 43.3184 42.6214 15.4588 11.7478
14.6751 76.27 35.369 171.474 147.471 17.4036 15.4104 18.9186 157.839 150.714
96.1246 119.181 95.9904 163.201 209.707 1834.87 182.831 187.703 253.84 219.387
132.261 111.07 128.933 127.114 101.719 126.207 190.29 195.379 323.644 630.693
144.152 180.397 203.387 102.729 81.7527 86.6944 116.614 125.948 86.2289 76.2727
76.2273 86.3592 117.735 160.116 24.0098 73.2883 16.7884 36.8587 29.7651 14.8149
65.1579 60.1355 27.6058 10.5797 14.1432 14.6688 35.3277 43.6619 147.779 127.892
206.324 24.2225 94.0549 79.3646 64.5387 165.935 171.273 568.444 152.044 150.901
146.759 29.1869 275.361 57.489 19.1373 202.629 114.598 142.968 305.905 119.643
101.496 331.853 127.86 144.708 120.906 141.938 336.502 123.137 101.537 125.573
99.062 343.308 120.809 104.3 368.27 128.621 155.029 391.039 138.463 109.935
127.869 159.668 413.062 140.233 109.646 147.307 138.917 204.877 23.7882 51.9284
954.154 949.562 167.095 28.2814 23.2332 57.1415 55.2888 19.3096 20.0174 13.4995
32.4054 151.992 54.591 16.6779 26.8376 60.0652 24.4677 19.8802 23.9931 49.9116
21.3695 33.4731 67.0321 24.6128 13.0701 9.15254 10.5323 9.37421 35.3926 33.4916
13.1496 273.303 1781.39 261.266 267.596 267.056 145.057 894.632 251.66 293.631
571.867 2068.72 1796.47 327.186 103.067 88.2387 116.97 340.816 271.426 286.248
1803.54 1769.78 223.996 1538 890.154 567.604 2042.73 2054.68 292.134 252.505
1730.75 1985.61 311.382 294.605 2121.53 249.027 1764.26 291.119 141.767 57.8497
97.4793 941.173 272.536 323.809 2194.46 1875.84 335.341 2289.94 336.088 349.59
2356.67 2290.73 875.568 68.0867 16.1604 167.559 76.8302 11.98 88.0036 84.884
16.8417 47.5801 7.16727 26.895 37.6405 14.4191 6.81857 23.8781 4.56742 15.4988
9.96193 31.9121 792.808 290.417 1878.24 1805.95 270.958 223.415 1555.25 937.7
62.6316 131.95 943.923 1927.86 2201.62 308.057 264.988 327.969 2323.59 309.97
2223.05 911.919 933.89 52.4295 48.6254 1926.28 263.123 1094.13 92.8076 56.7912
8.60888 31.4339 291.315 2219.73 357.897 2642.13 193.812 1173.92 1368.78 1375.1
1397.43 246.039 754.359 90.1325 301.592 221.063 34.3117 61.0955 48.1347 21.8851
27.4769 238.11 1400.53 219.79 1459.35 202.246 149.185 230.86 1559.29 261.776
57.5667 258.591 1667.68 262.412 1652.92 1734.93 274.553 5.96334 2.71449 14.2326
22.2132 18.2351 29.9222 72.2069 77.1462 123.189 35.3958 44.3517 147.227 557.998
446.381 967.934 948.548 866.241 1131.8 1206.99 1258.25 1195.46 1061.05 629.019
1071.15 1248.04 1362.55 1397.62 1333.53 1944.83 1905.66 197.342 182.663 569.065
33.64 31.4421 53.22 186.423 169.968 122.95 31.5583 166.41 84.0818 24.841
82.7758 33.8578 40.9577 56.5535 8.73593 26.3404 1.79431 7.51161 162.269 14.5028
830.045 823.269 766.625 417.167 838.083 162.764 30.1797 54.7743 107.591 213.292
621.498 623.015 624.989 997.813 1049.33 1116.91 1081.92 9.07984 56.183 69.0215
29.014 1030.95 979.336 497.479 1140.76 1224.69 609.315 1236.65 1293.97 1263.68
489.19 491.967 497.754 43.6119 219.739 236.356 43.2124 43.7829 197.294 1068.22
1130.88 937.049 724.627 720.167 722.118 722.372 118.485 270.911 95.6689 727.472
54.9708 229.038 222.304 56.4214 53.7993 240.032 52.4888 231.626 1072.27 1022.5
1166.74 1154.39 528.844 537.655 525.791 525.291 520.615 213.103 50.7992 1047.25
112.139 60.8147 62.9668 666.507 667.438 671.864 656.612 680.396 50.5023 232.391
48.2747 248.119 70.8843 63.042 196.718 1063.96 1146.07 44.2286 256.708 261.731
46.601 1232.01 1229.48 10.17 5.06035 23.452 46.483 10.4601 46.8283 61.4865
62.4453 72.599 48.4717 19.4288 31.3471 72.2944 31.2566 63.7445 197.753 502.257
496.43 493.629 222.185 238.368 1131.06 1073.28 199.96 944.606 46.3912 46.6916
46.77 726.892 724.92 118.906 96.272 271.736 1031.13 1080.84 230.485 223.739
241.383 1174.44 1160.3 232.735 55.8014 57.5473 54.4493 53.0215 526.138 521.438
1050.85 213.906 112.883 51.2568 683.333 71.3045 232.641 1063.99 1143.7 248.011
50.4834 48.2124 1225.13 1226.09 256.09 261.319 44.1273 46.5098 420.193 772.289
843.453 164.407 171.762 124.031 29.4405 53.3183 108.057 24.437 212.465 1003.91
1056.51 1090.84 1124.79 9.27453 29.4563 70.2483 56.6931 1.79948 7.46147 1234.33
1148.08 611.057 35.0455 147.604 120.268 26.5686 1246.61 33.4779 53.1723 31.0048
31.3392 189.828 183.686 574.306 1933.37 197.529 1894.45 84.1738 166.396 8.66118
33.7256 40.1149 25.9873 82.7716 56.0774 261.643 68.7948 450.567 563.04 956.255
975.676 873.648 615.751 615.196 614.899 1215.81 1138.83 1268.83 1207.96 519.736
678.4 1075.28 1084.64 634.762 1264.63 1384.25 1360.36 1423.16 24.3772 27.598
30.5216 67.9331 136.361 121.773 195.003 24.2826 246.538 238.973 78.72 35.5612
46.5021 177.043 24.3129 221.191 33.2315 18.8838 2.99061 15.556 31.3579 73.3102
79.0762 5.87449 22.3925 21.8693 26.041 234.29 1200.84 230.882 192.159 1345.48
1162.53 1351.23 763.413 88.9626 304.215 770.93 1276.5 1381.89 240.056 217.493
250.718 1456.92 238.783 1413.36 62.0006 48.2448 1229.28 204.424 187.853 206.708
1285.91 219.611 204.109 1453.39 229.218 169.097 1550.74 257.889 1656.26 1721.27
1641.63 262.05 273.645 809.562 279.196 1865.45 228.556 1595.06 947.839 62.4895
130.425 82.6012 16.5974 311.344 2231.7 1952.5 267.535 331.631 2355.21 313.455
2252.45 927.317 1952.91 266.336 53.0866 52.1547 9.8468 34.9066 1093.33 1066.3
292.905 2248.26 360.731 2679.41 85.9899 54.0989 8.92611 34.4995 405.166 2927.74
2936.51 403.404 5.42635 17.3703 17.2251 5.26975 10.0087 50.8077 47.2635 4.28456
16.9104 105.768 66.0271 35.987 7.08181 224.998 1544.55 297.087 270.108 2137.42
2554.74 337.076 397.654 2882.66 2822.53 389.495 217.134 1260.35 239.517 1365.03
250.018 1441.44 79.4011 240.114 248.2 24.6543 28.0576 24.616 196.577 122.85
137.48 68.7339 30.9944 24.6755 36.1919 178.271 47.2787 121.788 43.6737 29.4298
120.343 43.7923 121.74 20.7747 240.155 2079.72 1742.99 252.895 293.081 2001.58
313.088 2141.7 50.4457 51.9315 44.8126 60.518 123.937 34.7441 12.7757 776.807
68.1496 61.6527 74.6923 46.5042 25.8932 149.26 531.375 231.571 176.936 176.607
55.1311 80.9028 40.6252 53.516 55.3844 61.6985 50.0552 33.1662 61.1822 268.988
145.206 258.003 261.905 101.797 492.22 493.396 161.846 268.615 257.652 144.493
261.532 101.022 123.614 89.6359 54.7594 62.2517 90.2014 60.4845 29.1004 176.637
217.455 1315.06 1554.11 262.864 227.589 756.95 101.76 46.4801 41.6782 63.3092
68.8138 62.1143 63.0913 48.7696 41.1105 80.1946 2657.49 350.544 612.828 612.286
29.6872 86.1388 620.724 620.1 54.6272 92.0525 29.9258 621.057 620.433 52.9272
91.8681 614.164 614.711 29.1285 86.63 25.4729 52.1119 8.41006 24.7106 6.38514
10.3478 37.4758 21.775 31.5267 8.99276 6.48636 30.5573 51.4198 49.4018 80.1359
40.9246 50.0686 64.2911 20.6231 33.3725 62.7378 41.3059 33.6483 8.31899 7.53886
31.2665 19.3125 38.1083 629.744 232.79 1367.23 1362.59 240.138 194.301 1181.1
1307.97 217.873 263.054 1546.98 227.598 263.311 1628.79 279.596 263.931 1705.33
1755.71 756.076 1469.71 222.981 225.236 230.152 1009.42 1403.11 276.017 1999.3
1725.14 2054.44 293.907 271.633 1904.93 23.7355 50.2788 8.10919 5.66528 19.7036
37.6397 90.6727 124.45 91.1517 34.0672 13.8538 488.964 487.797 114.489 63.6115
63.3908 51.7681 13.1118 7.8545 28.8325 13.257 64.3222 63.6821 51.9209 115.065
32.7106 50.3376 13.546 5.54254 19.1202 33.9779 1306 1277.22 80.7712 53.6965
51.987 41.7635 38.2873 8.44538 25.4064 48.5593 634.149 241.576 1373.96 1376.95
234.018 1188.62 194.921 1635.94 263.123 1761.19 1709.07 263.727 279.431 222.753
1471.99 1017.31 232.075 227.135 1415.61 1738.52 2012.62 278.047 295.769 2065.92
273.091 1913.72 74.7398 38.2581 19.5888 7.48601 31.3852 8.04607 20.7885 31.9572
32.9998 793.136 50.1436 10.4165 37.043 51.7588 52.1874 50.3573 44.7721 21.8914
6.44099 8.46903 24.8429 52.4129 879.922 85.69 11.8795 16.1417 75.2895 68.2265
166.758 2742.8 368.618 353.631 2641.67 230.125 1451.79 133.525 1220.47 386.95
1173.54 393.416 40.9355 238.857 114.507 1156.67 1149.4 238.083 40.8255 114.389
393.327 1245.43 1444.47 230.215 135.979 356.888 2599.19 116.021 219.831 1587.27
1603.59 241.643 107.76 97.8955 395.763 1187.71 220.661 98.539 108.516 242.763
1608.61 1592.07 304.425 96.9893 2308.68 250.271 174.543 194.429 537.324 554.349
202.368 160.692 199.545 2943.3 3393.74 490.892 427.913 492.411 556.633 585.151
500.875 473.315 456.476 470.009 169.648 131.487 164.759 476.439 477.433 470.067
314.718 274.926 392.493 459.514 512.346 411.647 336.851 231.78 488.483 241.317
134.254 125.796 128.63 30.9834 26.8874 42.8605 116.007 303.613 253.855 128.923
86.3103 82.3841 195.589 100.989 123.831 91.8021 90.42 437.593 390.506 436.567
442.389 442.155 410.903 266.845 153.231 262.344 191.642 169.695 175.149 233.931
68.4593 66.2554 68.4369 429.449 491.991 470.966 428.028 120.907 212.721 405.656
360.117 323.569 374.352 399.887 201.004 474.647 187.595 149.746 258.349 450.627
322.43 359.404 405.723 212.853 121.125 201.085 399.765 373.35 68.5326 120.152
157.354 68.5172 231.034 407.845 265.632 123.603 173.375 412.981 405.407 385.848
440.91 436.701 437.743 442.742 442.617 305.921 255.415 410.215 439.132 439.994
32.0117 27.8837 83.5861 117.655 125.833 117.403 116.123 205.039 159.964 143.596
184.417 323.697 400.454 510.085 462.443 396.658 241.676 485.037 229.51 274.291
144.246 166.93 319.854 158.08 434.887 126.478 139.321 287.176 445.505 489.897
517.182 163.993 184.555 215.926 209.974 226.797 1487.82 1490.76 1495.68 242.688
219.748 213.889 185.371 306.276 223.25 313.37 202.453 234.212 181.876 204.07
427.214 402.609 502.429 548.659 529.859 439.643 351.396 286.241 508.887 442.701
439.649 438.757 409.425 288.035 78.9622 210.115 450.349 283.264 66.8878 90.6552
91.8847 106.75 231.381 225.53 298.91 326.887 112.813 260.955 126.806 135.746
127.084 168.587 260.496 112.492 325.554 297.877 224.837 168.071 127.097 135.8
126.587 258.228 231.306 106.573 91.9205 90.8259 67.0501 287.888 353.537 445.533
512.306 533.118 427.179 91.4722 92.9187 125.588 102.339 197.154 211.215 290.139
450.461 494.927 284.588 473.279 79.42 587.79 559.412 500.908 531.449 537.619
588.616 198.402 179.69 231.8 204.014 313.672 306.551 188.814 217.682 223.797
246.556 467.36 452.8 160.679 127.427 165.83 475.302 135.524 450.904 230.537
215.456 225.491 190.843 289.61 518.103 490.595 537.804 164.599 200.202 201.469
210.788 447.355 202.947 164.143 578.24 554.257 161.334 584.203 207.711 164.385
210.537 596.073 226.456 225.739 183.309 201.307 146.333 304.736 354.359 2064.26
1810.12 547.919 516.469 1393.58 1531.81 1691.24 575.87 1780.02 3488.74 3482.84
388.935 454.501 3075.96 2623.42 507.241 3441.08 163.514 502.945 3746.59 541.391
3815.83 540.446 166.787 353.544 398.99 2436.98 2130.83 437.599 2710.03 429.481
2715.73 182.18 1528.96 1778.21 1946.55 1925.24 586.338 43.7946 17.1041 100.31
176.085 233.452 80.0507 32.835 45.012 16.0113 2.70591 20.8217 33.6231 249.179
187.899 101.967 83.6508 150.71 183.327 141.397 160.912 210.336 158.399 148.353
524.839 511.983 177.482 137.031 180.9 145.717 181.946 568.945 168.161 193.861
300.824 2146.49 2499.02 1840.18 365.762 371.406 119.377 120.715 130.202 213.908
168.161 46.6161 24.22 79.7284 41.9344 31.4797 27.84 31.1424 46.59 11.4746
4.24891 13.7533 82.0551 29.2941 31.1381 37.7077 26.8879 31.1362 37.4596 142.895
157.568 110.203 155.832 117.426 365.467 390.74 296.616 198.579 2432.87 416.011
388.326 408.357 181.678 206.461 400.83 152.725 232.44 69.898 39.4361 140.65
65.8184 57.7786 31.8998 11.5387 12.361 36.312 28.3807 156.867 120.102 68.1426
11.1241 36.7743 20.8326 26.3203 23.1748 303.043 220.724 429.861 420.34 493.544
128.2 162.254 338.66 496.388 196.197 156.437 228.782 76.4238 77.0844 134.471
59.6249 69.5083 47.6402 404.039 401.902 50.5157 158.912 37.4115 12.4053 12.0324
53.3061 30.4078 76.1767 76.9662 12.0264 53.7129 69.9467 227.893 134.295 59.6695
428.642 472.091 493.323 429.507 220.491 303.222 429.79 420.31 162.141 128.106
494.892 450.791 149.865 187.716 474.848 516.844 338.726 156.561 196.319 496.583
575.947 548.175 1427.78 1486.6 1241.53 66.325 68.3349 31.8223 11.4966 11.1048
36.9404 28.5029 167.901 189.258 229.608 68.9864 38.8873 12.2185 36.6811 60.7211
138.744 181.08 70.0682 23.9826 42.2482 30.9352 20.8438 23.2051 390.653 143.021
2660.49 2494.4 360.397 384.753 156.075 110.711 157.703 117.826 261.628 153.979
194.759 250.504 153.875 398.623 206.309 295.581 201.555 152.223 211.192 175.024
146.963 47.3518 31.2784 42.4691 28.083 32.0775 11.9339 14.2125 83.2527 45.975
24.8973 4.43544 43.5601 59.083 30.879 37.4699 84.0117 204.722 162.09 81.9705
123.959 150.778 158.112 518.985 504.261 182.966 179.612 135.654 175.281 145.055
565.458 200.409 230.471 580.324 207.322 167.784 592.015 228.999 186.396 233.859
615.297 216.746 166.781 210.328 187.975 164.247 3546.85 3560.48 3209.33 251.791
189.093 151.832 45.5593 16.1223 102.359 85.5721 34.6714 44.2714 17.4408 2.85354
21.7328 32.9961 238.254 178.712 103.239 79.6029 340.754 417.499 448.309 3250.32
3055.47 2589.45 504.141 508.395 1783.45 3448.18 3494.19 426.749 381.662 438.792
3140.36 3069.97 2792.45 336.846 410.203 2959.96 2514.9 1325.02 1340.25 1329.6
1324.9 211.051 469.038 1325.71 807.808 126.411 29.3273 42.5119 3.92441 1318.23
107.168 20.1873 30.2804 93.9157 229.047 53.3513 12.154 18.8928 36.7754 23.3612
67.3462 87.1657 3559.8 3571.42 3189.07 476.481 425.213 3207.51 3517.54 486.523
132.697 168.879 1519.29 1522.12 1518.06 3556.27 139.931 3341.97 2844.92 371.624
450.272 1487.78 1485.75 101.899 97.5672 228.5 356.015 2385.98 343.527 175.9
161.138 381.944 2678.98 2462.6 139.507 391.189 2713.06 121.118 671.347 1107.57
436.537 2538.27 15.4104 126.194 1278.65 1280.9 1279.63 1278.55 1276.77 338.171
277.493 128.879 222.31 134.316 84.0571 37.71 40.2266 486.193 20.0537 20.3224
123.812 64.1873 302.337 249.787 58.427 82.9997 180.932 213.181 1796.42 1864.78
1841.04 1702.66 1449.32 711.794 737.163 888.831 1054.83 152.294 53.2388 9.81452
32.4934 2428.92 552.868 298.066 2410.67 784.225 30.6442 42.0952 23.916 130.438
124.246 269.868 76.0231 58.2925 72.9446 34.4537 24.9993 502.238 468.856 1490.93
1519.87 1549.87 1540.97 503.966 141.07 141.07 1478.8 1420.8 1236.83 57.4177
96.9656 867.635 870.562 865.969 865.101 862.029 44.4768 57.3028 95.7402 285.064
36.8911 301.933 285.296 37.761 126.582 35.4246 157.864 307.318 1414.71 1314.54
1472.94 753.811 760.786 750.346 749.378 748.405 289.554 32.083 1304.42 1435.93
154.632 955.568 951.784 952.318 962.337 946.301 52.2991 205.706 49.7315 332.889
100.748 59.4814 73.4769 71.1698 1549.79 275.402 80.8193 20.8692 153.598 80.483
300.729 284.318 1307.19 1406.2 1464.06 306.021 36.9478 37.8351 35.465 126.524
157.794 746.467 756.843 749.909 744.53 745.504 1427.53 1297.18 288.331 32.1096
955.361 952.111 951.581 946.103 962.109 101.427 60.0969 74.39 71.8097 205.514
275.862 1547.78 332.375 52.3612 49.7926 1755.92 2051.89 401.477 361.625 2172.15
403.658 50.5729 50.7847 47.6899 159.031 1529.32 1500.37 470.236 503.846 505.585
1549.64 1559.34 141.206 141.206 9.77604 57.5725 868.561 862.947 866.023 866.893
871.492 26.3414 96.8853 123.587 285.123 1395.15 44.5284 57.4421 25.0448 95.687
1532.72 1691.03 575.928 1689.35 1037.35 874.167 32.0163 52.3888 150.094 130.694
555.65 299.592 2414.53 2432.83 2429.01 781.518 76.3542 61.2551 34.8716 269.113
76.6896 1462.03 1716.74 1854.84 716.202 214.947 741.705 1537.57 1955.46 1787.73
1932.08 65.4409 125.107 23.107 16.0008 23.0865 181.519 248.664 28.9953 26.6509
31.5794 37.9531 299.802 272.594 127.503 39.1773 40.9635 117.735 428.554 1048.31
636.537 1726.64 2334.76 2018.05 290.216 349.409 354.391 121.92 2369.52 371.975
2519.95 1255.39 1253.65 1256.45 332.827 1255.49 1257.69 133.95 86.6838 479.794
226.343 351.828 2086.6 2396.62 2681.57 435.849 396.865 2696.37 428.533 1524.07
1528.15 1525.31 372.143 2851.69 3340.21 449.791 484.874 43.7965 141.911 1512.51
1509.49 1509.53 1517.48 1507.45 226.798 433.267 2979.96 103.997 100.295 38.4649
24.6014 236.395 93.6306 547.038 3784.48 3431.51 496.509 545.816 3853.1 817.216
1363.05 481.392 3.90173 28.6165 128.775 1339.69 1351.13 1346.39 12.6975 20.5031
29.5255 19.4609 77.0632 61.315 112.019 95.1886 243.73 1361.7 1346.48 214.801
2636.26 391.464 576.123 1690.94 50.7226 362.092 2172.83 2053.08 1757.57 74.743
84.7879 77.7291 23.1202 51.6146 77.7105 84.7857 74.7352 54.7549 28.896 18.0548
24.4268 55.118 29.075 3500.6 3083.6 456.139 360.564 376.575 348.78 345.31
356.17 406.212 123.35 240.18 261.206 267.37 191.237 384.018 199.007 326.532
309.261 272.729 328.485 216.872 432.505 210.041 237.579 274.062 640.552 643.86
641.078 166.081 8.1845 8.10845 10.1109 80.0628 53.4451 111.811 81.4524 334.555
215.173 223.117 337.434 355.726 348.382 341.526 351.114 353.689 386.929 186.163
237.84 373.669 195.844 161.425 58.7905 50.5446 48.2524 23.0951 21.4973 30.0984
55.939 62.0049 63.5349 26.0969 419.9 290.237 260.784 434.104 62.3978 66.7464
43.9797 60.7547 22.996 21.4013 28.214 51.6259 46.3404 335.759 216.328 212.027
3402.38 366.892 201.877 163.53 347.007 341.531 193.49 208.016 356.367 357.616
456.446 454.497 255.104 374.427 387.379 79.8757 75.2919 60.9003 81.456 11.6349
25.0409 121.165 12.7622 321.549 341.675 201.94 394.907 193.357 267.442 258.437
267.416 242.087 209.492 428.442 217.374 337.215 266.683 193.505 190.924 140.37
177.471 1167.44 1170.02 1168.14 1044.61 1050.01 1044.21 360.508 357.698 291.254
360.489 929.507 934.601 930.119 344.593 220.402 362.396 361.179 335.539 176.439
170.466 281.324 175.985 22.4411 57.0017 23.6847 23.1588 7.92251 30.5637 1125.69
1127.69 1125.53 188.43 64.1592 193.307 312.509 175.326 151.166 146.701 225.383
157.154 47.1372 76.2284 24.9507 9.65583 10.6926 17.0637 104.826 51.3631 99.5194
191.679 104.551 253.998 356.174 357.102 259.021 131.069 353.182 254.283 453.559
455.46 89.7597 152.483 203.334 13.9024 18.2504 21.6874 10.0508 86.8586 28.899
82.3683 235.306 194.516 108.532 177.925 158.882 200.735 99.0797 207.77 313.089
310.312 187.711 76.9156 119.051 66.4298 15.1321 21.0131 29.6115 77.8978 21.6042
66.2767 177.919 120.069 187.067 312.715 207.587 98.8427 200.468 159.341 309.802
26.0152 21.6351 86.5725 107.625 194.468 235.574 82.6104 10.3739 29.4703 90.1954
19.137 14.5144 151.331 194.908 132.716 262.754 361.032 359.841 356.174 258.136
106.57 107.293 101.944 504.569 402.708 551.687 8.65194 50.2915 17.5336 45.7856
10.7584 22.2245 638.89 641.639 638.342 149.529 73.5792 152.314 225.624 145.97
193.829 185.555 322.848 200.633 21.4576 62.1614 30.2631 358.915 360.965 360.596
357.554 216.098 295.358 180.88 188.765 191.151 349.566 359.452 355.199 430.943
403.304 241.152 118.367 153.585 122.148 23.9836 7.66741 24.6258 59.6039 273.163
252.601 1136.06 556.703 169.851 170.52 922.481 45.3168 13.6168 7.46929 19.0866
1124.03 1297.03 1304.17 1297.3 53.1463 186.579 173.915 285.377 136.968 194.922
202.958 487.859 127.548 214.547 225.458 1023.24 136.738 133.433 123.615 19.2569
132.956 2459.2 2005.19 266.228 10.2314 13.5507 9.42715 60.2287 75.5257 8.03077
28.1171 207.222 126.958 92.7847 168.471 669.454 804.196 1145.82 365.248 3454.87
211.587 150.424 106.234 107.887 270.199 347.359 2491.31 2051.11 385.709 86.7801
303.367 2890.93 84.3709 29.2168 23.8534 20.4123 4.83056 15.7523 10.8155 44.5365
67.2523 162.064 398.883 371.068 124.927 227.195 144.813 322.624 102.612 189.905
118.178 57.1852 62.7551 45.3362 23.0216 46.1197 63.7577 564.964 558.355 562.354
562.846 57.2966 144.591 322.051 226.943 118.232 189.643 102.462 717.816 722.441
728.92 348.616 352.804 341.031 149.177 270.984 435.207 260.959 290.337 420.297
398.858 370.971 124.914 601.332 599.5 598.454 596.423 54.5944 29.6635 161.774
20.3184 1346.65 741.971 87.9614 15.1466 80.3262 9.87088 4.69025 4.27838 84.5359
65.1 22.3267 339.034 224.431 353.714 237.384 186.226 2014.99 2440.03 342.389
267.368 379.618 2629.35 107.096 150.864 108.543 93.5792 128.464 113.402 54.0732
170.403 8.29678 9.99813 7.6366 11.4948 30.3309 11.3355 635.449 177.22 133.273
139.069 1000.48 221.799 213.977 132.17 167.212 480.802 141.75 166.604 125.824
130.697 1300.98 1307.85 1300.72 192.447 287.658 176.931 55.7456 20.2386 1321.91
7.74007 13.7339 47.1864 182.017 605.494 1197.91 262.328 375.941 181.004 392.466
304.378 2392.04 2917.14 953.431 2029.78 292.514 111.71 295.92 2276.38 12.2749
63.2223 52.6212 11.3898 3.70013 9.17819 37.6717 9.93815 59.5882 69.7364 1318.22
2633.32 333.323 650.924 637.659 76.93 29.8647 44.4206 69.2898 11.9209 3.24492
6.91802 27.0099 29.0084 90.6978 108.669 38.235 1576.42 14.609 3.99915 79.2368
2.06286 74.0617 14.6731 39.8299 97.1657 739.634 1338.71 567.087 563.077 569.73
567.585 110.558 59.1341 66.9567 729.015 722.461 717.839 260.869 38.328 1182.92
3.61163 9.07067 39.41 14.7956 9.34843 59.6584 65.4663 40.0717 111.465 1177.73
260.257 38.4137 15.0456 73.63 95.8353 99.2329 14.9776 2.29677 40.2856 305.517
2839.17 670.559 1143.54 798.664 1804.23 1578.23 1876.85 11.7162 2.5578 28.3123
36.4884 109.549 92.0848 6.996 29.7541 42.5766 25.5797 75.9036 68.092 1896.88
2295.1 2247.05 329.638 260.08 340.221 2297.08 363.298 2483.34 1166.39 62.9336
8.11797 29.9905 73.1914 3548.71 423.45 3197.71 2637.36 332.995 474.237 3502.41
437.505 3190.26 1131.91 120.332 338.524 2467.6 1037.05 3.55702 7.61366 13.5791
14.8577 56.9369 66.4971 478.076 164.69 144.58 433.232 296.432 124.11 298.662
87.5032 130.068 477.536 467.981 478.538 437.641 155.345 1518.94 1527.86 170.591
135.675 879.513 721.341 591.382 695.289 697.142 727.884 887.394 596.783 134.35
124.172 1533.89 1524.96 171.12 154.198 2343.4 390.791 429.636 2628.85 421.851
2636.83 151.705 496.099 125.305 1163.18 2544.6 2717.7 293.903 2133.32 127.411
205.189 124.797 488.843 1143.61 2094.99 290.599 126.897 1796.78 303.702 198.898
205.099 428.238 2616.7 2628.47 420.878 2050.42 353.07 389.291 2328.98 592.898
590.761 591.697 592.143 239.131 971.479 143.378 233.075 233.029 348.395 352.51
270.157 149.707 340.977 118.584 107.171 347.055 106.788 118.22 346.954 148.944
964.116 237.283 231.286 231.227 1163.52 89.2043 591.526 592.561 594.357 589.498
96.9501 603.841 602.88 605.067 604.293 91.0061 60.4098 152.551 115.868 72.2788
48.4182 52.3667 25.8731 8.2664 35.7237 35.1594 8.27353 5.62448 1293.27 53.4511
95.9301 202.338 81.7687 5.00595 46.7109 85.0523 6.45212 66.0797 110.916 162.516
56.8812 43.7281 40.0127 8.65867 132.613 141.35 19.8759 98.5101 28.3281 1176.34
2687.77 67.9246 155.068 35.9246 31.4498 36.5831 31.0413 30.7968 48.6073 55.4882
12.3825 18.3535 31.4417 24.4021 67.995 68.287 164.233 45.5037 30.7797 716.359
717.026 185.19 54.1186 58.8701 26.6262 56.9529 20.9262 13.7677 55.9971 185.85
55.218 27.2611 717.01 716.346 59.3972 30.1429 164.002 44.3772 71.8391 71.665
24.0455 30.6571 64.2843 12.7606 33.2614 38.8065 39.5779 164.976 75.1998 43.9184
18.8022 58.0086 38.7086 161.072 55.2239 27.7123 43.8215 125.037 73.1452 40.6569
11.8516 140.539 137.619 10.5895 116.274 181.221 23.4291 188.314 13.8087 53.1808
243.82 1296.9 93.7081 38.2599 8.86014 54.2478 124.145 160.588 63.199 50.5618
78.9574 54.8924 5.7722 40.0183 30.8488 7.97259 594.7 599.082 574.522 569.735
606.906 648.658 1170.32 606.115 1069.31 1145.67 1131.93 1125.68 1272.76 1167.55
646.1 3235.98 1712.52 222.924 454.311 471.439 210.213 200.555 578.307 535.833
531.286 1126.08 1132.33 1146.07 401.861 354.549 828.138 1189.89 1732.73 2429.54
1225.44 190.84 376.366 518.113 321.116 518.308 530.701 552.972 2491.2 377.707
1627.99 553.238 493.503 216.787 619.152 231.099 211.009 2348.85 171.674 361.066
452.787 3218.78 492.211 497.661 3585.79 377.534 366.132 376.166 2446.06 2508.36
1728.41 472.381 413.009 2057.69 2057.02 412.584 471.814 543.32 530.767 146.77
321.047 543.021 146.612 1551.37 1625.86 366.554 502.417 3620.5 1554.12 188.024
187.537 1233.76 1187.77 827.482 353.25 400.031 386.26 810.375 1959.51 1970.28
1984.14 174.345 221.686 1697.49 173.601 1965.92 1952.19 1941.52 249.079 177.076
191.611 812.254 386.315 191.367 195.251 177.206 251.794 361.432 2353.7 646.48
1168.71 1274.26 171.341 166.326 166.777 530.902 526.249 459.48 461.54 533.564
461.696 535.309 461.113 537.201 460.841 539.963 461.538 543.902 463.454 549.029
466.573 555.233 470.79 562.411 476.014 570.543 482.22 579.752 489.542 590.346
498.418 602.813 509.499 617.401 522.748 635.888 538.833 658.719 556.827 716.413
571.326 1257.3 860.473 936.317 1063.61 433.233 427.254 437.51 441.004 444.629
449.005 454.411 460.871 468.312 476.675 485.99 496.414 508.228 521.865 537.662
557.649 582.293 643.18 1187.3 1018.72 678.384 679.513 675.806 673.067 671.065
670.214 670.6 672.16 674.81 678.511 683.303 689.332 696.877 706.331 717.581
732.5 752.861 804.931 1338.52 1111.53 693.312 695.145 690.445 687.841 686.25
685.907 686.77 688.73 691.721 695.748 700.886 707.317 715.335 725.283 737.065
752.324 772.292 823.961 1357.61 1123.52 424.133 419.715 427.948 431.938 436.605
442.159 448.627 455.988 464.231 473.398 483.603 495.05 508.028 522.954 540.207
561.087 584.79 646.274 1192.42 1022.04 439.198 435.854 442.044 445.011 448.556
452.914 458.154 464.276 471.285 479.223 488.203 498.421 510.181 523.944 540.138
559.847 581.904 642.829 1188.92 1019.24 643.757 647.57 640.215 637.307 635.263
634.2 634.151 635.117 637.12 640.216 644.531 650.287 657.783 667.336 679.036
693.769 710.865 764.091 1301.75 1087.95 484.913 484.504 486.07 488.063 490.892
494.531 498.966 504.222 510.352 517.444 525.655 535.255 546.591 560.006 575.927
594.924 614.945 675.04 1221.53 1039.29 311.796 307.909 316.402 321.798 327.961
334.821 342.339 350.542 359.514 369.389 380.346 392.622 406.564 422.567 441.393
463.482 486.357 553.786 1109.26 970.959 493.863 496.64 492.417 492.257 493.18
494.973 497.537 500.905 505.196 510.577 517.252 525.457 535.503 547.715 562.592
580.442 598.981 659.168 1206.44 1029.82 572.926 577.415 570.131 568.863 568.769
569.54 571.039 573.315 576.509 580.79 586.36 593.483 602.463 613.573 627.175
643.584 660.373 716.9 1260.03 1062.51 332.109 327.406 337.94 344.737 352.217
360.122 368.336 376.916 386.03 395.892 406.741 418.855 432.565 448.251 466.733
488.262 510.285 576.773 1131.18 984.422 332.815 328.145 338.626 345.414 352.891
360.795 369.005 377.579 386.685 396.541 407.389 419.507 433.224 448.913 467.388
488.903 510.975 577.519 1131.98 985.041 573.819 578.366 570.985 569.694 569.586
570.333 571.79 574.007 577.126 581.321 586.81 593.861 602.758 613.764 627.242
643.553 660.413 717.064 1260.27 1062.91 493.602 496.435 492.166 492.04 492.989
494.788 497.332 500.657 504.885 510.186 516.766 524.89 534.855 546.948 561.68
579.409 598.008 658.354 1205.69 1029.62 311.451 307.575 316.154 321.687 327.981
334.951 342.557 350.834 359.868 369.801 380.811 393.157 407.177 423.218 442.039
464.121 487.256 554.948 1110.48 972.166 486.888 485.62 489.026 491.987 495.719
500.208 505.489 511.625 518.712 526.926 536.542 547.892 561.305 577.18 596.158
616.546 676.964 1223.51 1041.07 640.883 644.288 638.107 636.145 635.091 634.976
635.825 637.684 640.62 644.777 650.402 657.785 667.212 678.749 693.38 710.764
764.288 1302.01 1088.64 442.564 439.539 445.703 449.366 453.77 458.998 465.076
472.031 479.916 488.848 499.014 510.742 524.469 540.537 560.159 582.651 643.931
1190 1020.55 430.641 426.624 434.804 439.571 445.151 451.61 458.957 467.193
476.36 486.562 497.971 510.893 525.771 542.908 563.719 587.936 649.755 1195.81
1024.87 693.85 696.37 691.469 689.901 689.424 690.079 691.813 694.589 698.423
703.383 709.62 717.367 727.024 738.544 753.696 774.16 826.187 1359.85 1125.7
678.624 680.807 676.106 674.102 673.086 673.23 674.525 676.919 680.393 684.975
690.759 697.98 707.071 718.008 732.823 753.588 806.03 1339.85 1113.25 441.037
436.312 444.832 448.605 453.004 458.349 464.707 472.03 480.274 489.458 499.7
511.269 524.625 540.13 559.905 584.756 645.957 1190.42 1021.63 537.983 534.9
540.021 542.068 544.862 548.745 553.767 559.842 566.884 574.873 583.914 594.284
606.492 620.803 639.055 662.051 719.792 1260.47 1064.64 465.02 464.646 464.53
464.229 464.802 466.529 469.427 473.41 478.401 484.385 491.45 499.963 510.585
523.358 539.109 557.149 571.116 859.312 933.906 566.83 630.891 491.38 474.771
522.983 447.746 504.734 439.343 503.656 441.641 510.536 448.189 519.13 454.855
460.199 533.312 414.714 398.599 400.221 409.106 419.03 736.296 864.666 679.739
662.961 665.637 672.776 677.884 756.436 879.685 701.778 683.984 685.105 690.719
694.527 453.51 513.656 415.251 400.646 400.823 406.966 413.958 460.37 505.223
434.238 423.606 422.734 426.542 431.53 692.226 743.06 669.553 660.708 657.085
654.371 651.218 510.959 560.917 491.317 485.793 484.946 484.851 484.614 316.487
357.483 300.305 297.161 298.716 301.507 304.566 522.695 566.085 509.326 507.44
506.753 504.251 500.419 609.632 648.64 598.239 596.315 594.139 589.445 583.284
326.995 356.819 315.04 314.095 317.146 320.498 323.707 327.91 357.728 315.949
314.987 318.011 321.323 324.487 610.896 649.795 599.478 597.518 595.296 590.54
584.305 523.141 566.421 509.695 507.71 506.912 504.287 500.328 317.353 358.356
301.037 297.696 298.989 301.505 304.358 513.142 562.968 493.358 487.501 486.27
485.852 485.393 485.187 694.707 745.237 671.834 662.466 658.286 655.15 651.748
648.032 463.836 508.586 437.216 425.764 424.013 427.144 431.806 436.08 460.928
520.887 421.543 405.384 404.322 409.689 416.327 422.06 709.38 767.164 688.859
688.442 693.407 697.095 697.891 686.273 746.223 666.538 667.546 674.117 679.399
681.476 419.76 467.69 401.683 402.159 410.693 420.933 429.756 528.31 576.83
508.173 506.467 513.278 522.147 529.741 451.297 481.678 441.841 443.942 450.561
457.387 462.287 604.929 612.739 560.589 849.015 789.607 875.458 1112.67 1110.56
854.845 845.053 813.97 851.468 802.603 822.556 729.456 731.705 586.066 571.014
341.152 331.776 326.059 456.177 567.079 601.979 635.745 611.433 1153.76 863.317
782.859 1111.06 1108.45 1092.77 1014.83 495.295 322.01 688.15 338.733 442.642
503.894 608.365 551.815 877.52 1015.56 538.837 1000.17 526.531 1018.08 1198.39
1150.83 1141.89 1111.08 1024.82 573.496 366.531 829.464 576.361 606.597 616.189
578.71 676.738 592.865 214.981 677.834 674.841 627.192 561.253 1213.16 1029.5
983.463 941.431 1176.93 1109.62 974.117 834.876 552.551 533.9 531.336 524.834
552.597 1137.06 880.294 1129.32 856.336 814.561 1079.94 850.487 836.747 768.342
656.707 290.071 272.461 48.5071 69.5863 564.581 1439.57 2440.65 1178.52 1006.09
440.829 237.876 389.795 443.384 476.963 480.898 425.705 30.4621 34.953 104.892
105.093 446.975 450.836 475.266 904.245 664.56 554.551 550.121 898.794 879.858
801.415 670.448 173 244.075 557.09 288.109 420.115 465.319 496.717 286.54
799.403 824.988 957.889 511.432 921.807 501.227 813.734 1106.26 1081.65 1015.42
889.059 747.191 536.733 417.384 507.897 838.661 825.402 538.757 518.753 466.129
406.496 535.918 415.552 116.637 538.591 519.298 467.082 407.395 1104.83 788.543
816.042 829.838 522.228 1081.45 1016.1 890.285 748.373 418.908 287.544 555.662
243.698 172.564 286.372 496.951 464.637 664.278 814.369 501.301 921.801 510.85
950.328 814.71 903.053 898.306 879.758 801.743 670.866 163.682 104.627 104.828
440.539 238.046 550.532 554.965 443.276 477.028 481.411 426.555 35.072 39.468
48.9869 69.9766 30.6155 445.153 563.877 1449.01 739.83 826.521 475.605 856.438
814.963 390.579 850.94 837.455 769.694 658.589 272.539 530.528 523.765 289.847
1006.74 1137.24 883.461 439.878 313.242 1183.46 1212.83 1029.02 1079.63 1176.5
1109.77 975.201 836.627 511.383 552.93 552.879 676.933 592.947 941.438 984.157
677.563 675.069 628.58 563.899 575.991 369.178 215.761 578.949 609.474 620.08
584.418 1204.53 882.395 833.729 1154.46 1144.53 1113.47 1031.23 890.634 439.592
341.698 686.452 322.906 500.433 555.454 606.239 498.997 866.264 1022.86 527.926
1000.67 540.782 1019.37 1156.58 1112.15 1108.8 1094.78 1023.16 876.54 570.477
341.007 783.968 568.26 604.066 641.869 624.29 545.737 849.744 791.595 328.963
846.345 855.626 836.037 755.674 652.044 843.957 1106.31 1111.96 942.169 800.955
796.149 743.721 617.369 515.948 345.639 597.301 545.418 273.418 237.856 193.737
559.065 308.376 265.025 209.371 370.53 665.551 727.235 291.907 218.719 820.431
337.316 245.82 960.251 646.245 293.558 1098.44 53.3575 134.576 22.8473 54.8182
19.797 3.6235 53.5255 252.36 136.431 311.461 360.584 198.287 215.128 177.074
194.115 239.482 58.8763 31.4745 141.349 359.151 278.47 61.0742 6.86252 143
103.054 16.6596 14.616 14.5165 5.88085 38.9339 149.748 308.875 159.538 324.537
510.628 550.335 380.003 643.222 581.122 274.195 381.205 716.445 750.092 895.85
1023.64 903.661 1163.95 1225.66 1038.8 764.409 618.678 43.984 182.438 230.206
11.3178 8.34891 84.7163 12.4739 303.161 310.58 155.935 163.77 289.478 502.408
304.985 114.833 188.628 105.652 16.9117 16.1815 44.1313 115.377 16.1564 105.824
289.325 189.369 304.591 502.045 84.5448 155.818 310.762 303.217 11.3694 12.487
717.873 382.099 275.001 581.258 643.292 1025.21 897.407 750.201 1227.1 1165.55
903.865 1039.08 619.237 765.244 727.073 665.907 372.777 211.164 266.645 820.318
220.548 293.642 961.081 247.775 339.285 1100.37 295.685 649.156 567.651 622.337
299.422 232.626 277.611 1118.86 1181.4 1166.42 1191.55 975.433 1046.6 314.487
49.045 137.716 20.8131 51.2564 10.0576 18.2059 1851.33 1814.77 1837.57 329.223
434.63 1133.88 1914.29 428.055 1222.54 519.648 306.466 118.981 264.099 227.861
2007.92 1976.61 2018.02 950.888 991.502 1882.02 304.54 780.629 222.278 281.36
229.23 306.995 865.681 304.383 253.82 323.014 251.69 998.386 256.657 351.165
303.185 356.947 269.504 306.245 276.684 257.439 298.072 60.4344 171.347 48.0509
1681.2 1710.45 1692.55 1680.89 1006.63 1260.52 304.996 511.596 1880.85 2696.78
49.0363 32.1419 29.3169 145.482 22.9216 82.5393 422.683 722.964 777.736 823.393
1199.04 1154.64 368.007 106.036 555.15 1086.55 1098.2 1081.38 1079 1075.65
1055.73 995.718 676.522 1118.58 341.803 170.634 265.413 201.106 372.155 287.993
202.23 325.284 218.206 655.304 256.259 304.302 179.534 42.3529 39.2946 26.9214
26.3923 37.8172 26.3523 1584.68 534.926 223.462 795.364 690.599 821.294 101.482
21.8301 82.7256 126.921 764.094 1480.67 1299.83 744.595 652.797 458.283 775.274
937.622 1080.65 763.686 256.531 200.526 289.23 219.221 908.988 1224.33 1291.92
819.835 332.43 247.634 287.842 291.44 177.891 185.803 92.5927 130.925 76.4699
419.782 925.888 345.335 270.161 537.603 1479.63 769.852 46.1898 17.6463 21.0263
92.5643 17.6763 76.6005 73.8922 313.525 332.723 117.433 21.6881 26.7325 154.111
418.544 248.695 487.891 1185.57 536.17 1495.41 1200.97 290.8 130.869 185.457
177.792 1277.01 1320.53 1267.55 1266.9 314.768 334.047 4659.18 5437.77 5086.96
3625.98 3922.68 3548.14 921.082 345.471 776.846 269.602 651.273 200.329 256.165
218.977 288.911 762.527 773.178 457.074 1078.98 935.37 908.531 247.476 332.313
287.539 1291.24 1223.11 819.815 101.226 126.736 82.5311 37.9319 21.7485 26.0831
1174.89 1166.49 1169.29 1190.53 1160.86 449.032 763.7 1474.99 746.446 847.995
1275.5 26.104 26.5543 42.3536 304.183 179.24 233.903 278.036 219.07 2454.54
371.987 201.386 265.483 202.425 288.021 218.338 325.294 256.347 655.356 369.374
381.622 555.421 146.251 150.8 106.592 83.0031 1055.01 996.509 1118.99 823.778
1185.28 676.192 49.6578 39.5597 22.9983 29.3814 61.689 61.9265 31.7147 47.3536
423.272 766.318 1166.62 515.279 1892.2 799.473 275.427 276.452 167.805 296.957
261.561 1675.71 1668.82 1687.32 1011.84 1270.97 2718.09 307.004 778.381 258.857
307.688 255.144 325.581 864.164 280.773 221.644 306.716 228.917 997.906 272.193
358.864 308.082 351.293 256.552 303.55 309.826 314.792 230.533 267.254 52.0591
54.3122 120.209 18.6086 2027.58 2068.21 2037.8 2027.62 957.113 1003.91 306.248
431.905 1244.74 1913.41 50.5206 55.7149 10.6464 21.8299 303.663 311.629 140.47
283.11 441.029 1176.78 529.877 985.306 1073.28 1985.4 611.408 605.314 570.928
571.056 561.889 237.751 622.964 1853.07 1853.42 1867.26 1925.31 1116.9 1177.06
1172.05 317.803 1195.07 1837.23 1909.09 533.29 273.453 3656.75 669.869 793.136
5479.67 4590.35 5765.35 5771.81 5813.83 5841.54 890.945 845.825 6080.89 6697.96
416.029 304.483 64.761 86.0849 70.519 2048.18 2007.88 291.334 3925.97 568.208
286.181 696.555 4821.52 814.114 5679.31 5910.16 5874.36 5881.47 5877.99 5925.16
4430.67 2761.9 6262.48 6893.63 921.289 865.087 437.426 1674.09 520.829 3297.83
299.022 650.103 4222.67 770.709 5146.8 418.736 123.727 5929.47 5933.76 5884.15
5890.08 5923.38 862.319 6373.57 5792.81 827.734 399.02 4952.76 5537.88 186.674
179.235 130.002 242.247 2572.57 1288.17 2373.66 1591.77 2398.61 3115.08 3831.04
4088.25 4121.02 4112.9 4090.11 4086.22 4427.92 5085.97 282.003 236.748 236.418
3437.8 5251.14 1458.84 1823.03 1963.41 1822 1180.28 1174.65 1171.85 1166.18
1195.97 182.898 333.179 2338.3 3020.4 3823.05 4601.02 4602.48 4632.47 4617.26
4640.81 2224.48 3753.25 4529.96 5290.98 1267.76 1320.88 1277.22 1267.11 3553.4
3928.54 3830.36 75.0224 494.597 272.416 80.9428 69.9871 588.929 61.7317 696.413
2384.88 3069.86 3629.62 5089 5439.97 4663.98 4833.88 4790.71 4798.62 4795.95
41.6067 803.271 751.977 51.5764 32.4934 390.253 3941.04 3824.55 2381.19 493.845
272.03 588.137 3064.48 695.735 75.3049 81.2507 70.2533 61.9644 4805.25 4848.57
4810.77 4813.24 803.284 751.581 390.249 3958.86 41.7124 51.7737 32.2739 2329.54
332.408 3815.52 3011.85 182.243 233.581 4608.86 4607.42 4638.9 4647.12 4623.25
4524.48 5288.79 3733.36 1954.96 2171.62 529.542 1581.78 2120.74 1956.16 1462.42
5266.59 3451.54 1084.31 1101.15 1089.49 1078.56 1081.92 2402.68 242.804 3119.71
3836.01 4113.49 4121.64 4088.84 4086.8 4089.87 5090.89 4432.88 2311.09 126.808
172.409 176.889 114.982 1540.74 1344.78 4879.66 2581.4 1705.32 1676.08 410.394
3302.35 524.998 304.811 654.243 4235.02 775.182 5170.04 5968.46 5961.56 5928.86
5922.88 5972.67 5521.31 5823.63 6406.55 866.767 832.385 401.793 1996.01 573.247
3962.21 289.041 702.293 4862.82 820.168 5724.04 294.869 72.2763 5947.01 5962.07
5914.7 5918.22 5911.71 926.001 6933.69 6307.52 870.812 439.418 2821.17 4487.92
5852.17 5894.63 5851.5 945.349 2231.09 4082.64 538.038 277.96 3681.07 675.124
4622.19 5521.88 799.069 5845.49 5921.49 897.299 852.262 6131.93 6752.47 419.72
5769.82 3965.28 2146.84 904.03 118.568 74.545 2335.82 496.99 2351.45 1830.51
89.9805 69.4402 312.319 488.365 295.021 259.46 312.999 439.706 259.792 295.195
487.73 533.223 282.436 2763.93 1343.78 485.96 481.76 274.288 791.923 2485.48
792.019 783.042 1129.71 281.963 485.438 1342.48 2762.22 273.794 481.247 487.398
3056.64 621.16 732.975 4806.22 3952.46 791.184 2482.36 791.087 782.224 350.368
5741.97 335.632 5410.75 788.635 5864.82 487.923 3059.51 3958.2 4813.91 733.908
621.943 350.789 5751.23 336.002 789.56 5418.92 5872.53 582.092 242.222 541.197
531.926 532.207 373.997 310.302 541.79 550.574 44.1047 8.4376 230.181 182.587
325.962 143.824 103.198 160.093 14.7565 16.794 59.4063 31.7548 6.97388 14.6538
5.98537 215.189 141.54 237.53 195.621 179.242 358.342 255.13 200.774 361.679
20.0186 137.513 346.956 195.515 241.112 274.888 491.215 597.482 583.837 138.01
54.98 23.6584 3.94413 53.7878 174.718 1942.65 1937.5 32.4975 29.7022 33.1775
187.557 157.518 80.9249 41.7523 11.2886 1124.36 1119.41 33.8694 30.4657 9.18138
11.3298 246.421 341.408 170.81 59.3422 84.0537 149.888 148.89 31.3544 36.4983
10.2441 48.3671 194.917 148.36 83.2028 58.9206 149.94 33.2044 35.4433 9.08152
29.9415 27.1495 11.0856 1124.75 1119.82 216.128 24.6719 106.82 106.543 215.025
80.7568 157.052 41.6566 11.0467 188.156 27.5244 33.6052 33.1702 35.9943 1955.46
1960.65 197.667 50.3511 12.0109 36.3658 54.1341 178.389 644.104 373.636 171.149
640.759 170.89 
U 3 7803 float
0.0827794 8.79161e-06 0.00023142 0.12913 4.96726e-06 0.000205388 0.14193 -0 0.000254795 0.128528 -0
0.000276618 0.0826169 9.99336e-06 0.000207519 0.12816 -0 0.000252752 0.0824135 9.84636e-06 0.000195099
0.12773 0 0.000242956 0.0821956 8.99306e-06 0.000189188 0.127286 0 0.0002417 0.0819807
7.99845e-06 0.000183483 0.126855 0 0.000239718 0.0817707 7.07571e-06 0.00017757 0.126438 0
0.000236304 0.0815637 6.19601e-06 0.000171464 0.126035 -0 0.000231481 0.0813589 4.76097e-06 0.000164935
0.125643 -4.2039e-45 0.000225081 0.0811555 1.27119e-06 0.000158672 0.125265 -8.43582e-43 0.000218182 0.0809515
-6.75865e-06 0.000153571 0.124903 -1.76073e-41 0.00021184 0.0807417 -2.51112e-05 0.000151077 0.124566 6.22373e-39
0.000207514 0.0805148 -6.86047e-05 0.000155568 0.124271 3.84735e-37 0.000209718 0.0802598 -0.000174614 0.000182371
0.124071 3.85194e-36 0.00023297 0.0798603 -0.000435451 0.000318544 0.124031 -8.34304e-35 0.000374303 0.0794882
-0.00116134 0.00117299 0.124482 -3.11183e-33 0.00105232 0.0754317 -0.00266555 0.00425426 0.124131 1.67605e-32
0.00421518 0.104952 -0.0272119 0.0129281 0.11993 1.8975e-32 0.0135718 0.0689086 -0.047235 0.0176694
0.158588 -3.47689e-36 0.0228348 0.14244 -0.0753863 0.018933 0.0555935 -0.0865325 0.00991742 0.0827761
1.72935e-05 0.000231742 0.129128 9.80259e-06 0.000205683 0.0826132 1.97476e-05 0.000207818 0.0824093 1.95585e-05
0.000195347 0.0821909 1.8048e-05 0.00018938 0.0819754 1.64583e-05 0.000183566 0.0817651 1.54409e-05 0.000177462
0.0815578 1.52888e-05 0.000171289 0.0813533 1.59649e-05 0.000164912 0.0811493 1.71485e-05 0.000158748 0.0809423
1.93563e-05 0.000153771 0.0807233 2.40375e-05 0.00015184 0.08047 3.46706e-05 0.000158291 0.0801399 6.10581e-05
0.000194657 0.0795097 0.000124723 0.000371522 0.0786449 0.00027199 0.00161888 0.0711736 0.000640691 0.00542773
0.0899597 -0.0180468 0.0140406 0.0973828 0.00567056 0.0134406 0.0532591 -0.0282979 0.0153061 0.0226971
-0.0770279 0.00193531 0.0186681 -0.0608974 -0.00256119 0.0319029 -0.036879 0.00288845 0.0827748 2.53339e-05
0.000232126 0.129126 1.41912e-05 0.000206022 0.082612 2.89321e-05 0.000208242 0.0824087 2.86781e-05 0.000195712
0.0821909 2.64832e-05 0.000189616 0.0819761 2.40967e-05 0.000183619 0.0817667 2.23272e-05 0.000177323 0.0815605
2.12489e-05 0.000171156 0.0813575 2.05571e-05 0.000165052 0.081156 2.00505e-05 0.000159215 0.0809551 2.05223e-05
0.000154596 0.0807534 2.49288e-05 0.000152633 0.0805469 4.24241e-05 0.00015748 0.080339 9.8536e-05 0.000185038
0.0800546 0.000257089 0.000323946 0.0799833 0.000711142 0.00119618 0.0762955 0.00179934 0.00423858 0.104044
0.0233092 0.01083 0.121662 0.0184738 0.0102165 0.0827706 3.24813e-05 0.000232876 0.129123 1.82886e-05
0.00020665 0.0826071 3.69953e-05 0.000209028 0.0824033 3.6834e-05 0.000196432 0.0821849 3.43685e-05 0.000190213
0.0819692 3.17614e-05 0.000184094 0.0817588 3.00217e-05 0.000177744 0.081552 2.91572e-05 0.000171659 0.081347
2.86605e-05 0.000165743 0.0811432 2.77303e-05 0.000160226 0.0809403 2.52922e-05 0.000155926 0.0807372 1.9364e-05
0.000154109 0.0805325 4.43095e-06 0.000159236 0.0803331 -3.63783e-05 0.000188117 0.0800816 -0.00015028 0.00032829
0.0800886 -0.000510777 0.00118446 0.0767196 -0.00135104 0.00417267 0.125175 -0.0172574 0.00991359 0.116247
-0.0369277 0.0146665 0.11589 0.0284463 0.012971 0.109843 0.0387575 0.0158197 0.125892 0.0653301
0.0162748 0.164919 0.00335967 0.0202796 0.1419 -0.0452275 0.01665 0.134842 -0.0600266 0.0155395
0.0827688 3.89013e-05 0.000233609 0.129121 2.18067e-05 0.000207257 0.0826055 4.42402e-05 0.000209866 0.0824023
4.42508e-05 0.000197247 0.0821846 4.16025e-05 0.000190938 0.0819697 3.86303e-05 0.000184759 0.0817604 3.63345e-05
0.000178438 0.0815548 3.45563e-05 0.000172425 0.081351 3.27922e-05 0.000166596 0.0811477 3.0128e-05 0.000161112
0.0809419 2.53194e-05 0.000156845 0.080726 1.6659e-05 0.000155285 0.0804818 -1.11801e-06 0.0001621 0.0801667
-4.28029e-05 0.000202651 0.0795543 -0.000148373 0.000384507 0.0787634 -0.000448102 0.0016247 0.0713527 -0.00110068
0.00535508 0.10874 -0.0242673 0.0103165 0.0981219 -0.0107116 0.0139893 0.0725204 -0.0768334 0.0104016
0.0932246 -0.0410367 0.0152527 0.172118 -0.132292 -0.0174949 0.167844 -0.146767 -0.0237211 0.0926416
-0.157277 -0.052529 0.0582046 -0.0980124 -0.0115 0.159012 -0.0747108 0.00829084 0.0827643 4.27352e-05
0.00023493 0.129117 2.40393e-05 0.00020831 0.0826005 4.83504e-05 0.000211308 0.0823966 4.83788e-05 0.000198668
0.0821781 4.55911e-05 0.000192285 0.081962 4.23671e-05 0.000186062 0.0817511 3.98042e-05 0.000179762 0.0815432
3.79976e-05 0.000173762 0.0813366 3.72099e-05 0.000167876 0.0811303 3.84303e-05 0.000162294 0.0809217 4.37908e-05
0.000157922 0.0807042 5.95223e-05 0.000155757 0.0804646 0.000101214 0.000160194 0.0801732 0.000208081 0.000191936
0.0796647 0.000471848 0.000334255 0.0791356 0.00120076 0.00119722 0.0742635 0.00270744 0.00426217 0.0875031
0.0116104 0.0166915 0.101015 0.0252051 0.0152756 0.0607522 -0.0198825 0.0154012 0.0440976 0.0197798
0.0157592 0.0827629 4.59623e-05 0.000236 0.129116 2.61082e-05 0.00020916 0.0825991 5.19611e-05 0.000212493
0.0823956 5.23741e-05 0.000199828 0.0821777 4.99219e-05 0.000193342 0.0819624 4.68702e-05 0.000186986 0.0817526
4.42414e-05 0.000180499 0.0815467 4.20635e-05 0.000174213 0.081344 4.02284e-05 0.000167988 0.0811452 3.95113e-05
0.000162182 0.0809526 4.11777e-05 0.000157565 0.0807718 4.86392e-05 0.000154825 0.0806168 7.09772e-05 0.00015694
0.0805223 0.00012837 0.000177582 0.080541 0.000265298 0.000278678 0.0810245 0.000600312 0.000746415 0.0810554
0.00126456 0.00305733 0.0796749 0.00263159 0.00928519 0.114212 0.0855428 0.0135158 0.153664 0.0193638
0.0193055 0.0563096 0.0432432 0.0179282 0.0349127 0.0809714 0.00221727 0.018551 0.0946499 -0.0204713
0.031621 0.13157 -0.0681172 0.120799 0.167646 -0.03467 0.157137 0.116251 -0.00584428 0.0827591
4.54603e-05 0.000237646 0.129113 2.60261e-05 0.000210447 0.0825948 5.11448e-05 0.000214328 0.0823908 5.15345e-05
0.000201678 0.0821719 4.91013e-05 0.000195143 0.081955 4.58075e-05 0.000188742 0.0817429 4.24534e-05 0.000182211
0.081534 3.87357e-05 0.00017584 0.0813269 3.35713e-05 0.000169439 0.0811218 2.55258e-05 0.000163548 0.0809195
1.1776e-05 0.000158913 0.0807212 -1.36686e-05 0.000156641 0.0805272 -6.62744e-05 0.000161006 0.0803438 -0.000187354
0.000190967 0.0801018 -0.000475954 0.000330446 0.0800967 -0.00126547 0.00117122 0.076797 -0.00296306 0.00421311
0.109988 -0.0301833 0.0124767 0.164376 -0.0626485 0.0167556 0.0743572 -0.0886677 0.0116526 0.0776334
-0.05182 0.0175518 0.237503 0.000137777 0.00897027 0.223037 -0.083836 -0.00560477 0.197578 -0.0878098
0.00505639 0.196295 0.0107525 0.0136501 0.082758 4.44013e-05 0.000238887 0.129112 2.63685e-05 0.000211405
0.0825937 4.99594e-05 0.000215669 0.0823899 5.09649e-05 0.000202986 0.0821711 4.94841e-05 0.000196377 0.0819544
4.72286e-05 0.000189895 0.0817426 4.50763e-05 0.000183322 0.0815336 4.30796e-05 0.000176953 0.0813258 4.07489e-05
0.000170468 0.0811182 3.70393e-05 0.000164404 0.080908 3.10794e-05 0.00015959 0.0806854 2.21795e-05 0.000157611
0.0804282 7.32698e-06 0.000164623 0.0800876 -2.11563e-05 0.000205763 0.0794225 -7.84276e-05 0.000389124 0.0785353
-0.000215789 0.00163466 0.0707887 -0.000417254 0.0054321 0.0929053 -0.0256851 0.0142933 0.0962727 -0.000246246
0.0155032 0.057365 -0.0382024 0.0156726 0.0827554 3.92861e-05 0.000240187 0.12911 2.39042e-05 0.000212365
0.0825908 4.41456e-05 0.000217131 0.0823866 4.51934e-05 0.00020445 0.0821671 4.3974e-05 0.000197751 0.0819494
4.17841e-05 0.000191138 0.0817364 3.93535e-05 0.000184442 0.0815262 3.69156e-05 0.000178029 0.0813174 3.44274e-05
0.000171641 0.0811096 3.13789e-05 0.000165472 0.0809012 2.86819e-05 0.000160346 0.0806898 3.03873e-05 0.0001579
0.080469 4.59254e-05 0.000163156 0.0802346 0.000102363 0.000194582 0.0798712 0.000271085 0.000338896 0.0797243
0.000786759 0.00120544 0.0755793 0.00204006 0.00426184 0.0954409 0.0222634 0.0134728 0.113364 0.0219855
0.0113539 0.0505975 0.00327749 0.0153054 0.0666561 0.0372702 0.0164394 0.0827544 3.44946e-05 0.000240878
0.129109 2.27068e-05 0.000212813 0.0825899 3.88226e-05 0.000217887 0.0823856 4.06588e-05 0.000205156 0.0821662
4.0892e-05 0.000198369 0.0819486 4.0365e-05 0.00019163 0.0817358 3.96871e-05 0.000184781 0.0815255 3.91783e-05
0.000178314 0.0813173 3.87436e-05 0.000172132 0.0811097 3.73234e-05 0.000166155 0.0809019 3.31441e-05 0.000161048
0.0806934 2.28359e-05 0.000158842 0.0804852 -2.85123e-06 0.000164158 0.0802901 -6.37598e-05 0.000193893 0.080061
-0.000202216 0.000334955 0.0801633 -0.000517871 0.00117759 0.0770642 -0.00130012 0.00419135 0.128493 -0.0122923
0.008281 0.0929888 0.0411791 0.0165986 0.0928057 0.0724224 0.0106479 0.158019 0.0323945 0.0185758
0.157376 0.0257862 0.0184413 0.150978 -0.0379349 0.0171192 0.127286 -0.0287947 0.01161 0.125275
-0.0280191 0.0111443 0.250832 0.0484337 -0.0149602 0.16656 0.0843925 -0.0051589 0.150009 0.115213
-0.0157946 0.214436 0.122718 -0.033589 0.244241 0.0696776 -0.0283731 0.0827528 2.62117e-05 0.000241396
0.129107 1.85579e-05 0.00021311 0.0825882 2.96222e-05 0.000218495 0.0823839 3.15786e-05 0.000205783 0.0821644
3.22862e-05 0.000198966 0.0819468 3.21482e-05 0.000192168 0.0817337 3.16236e-05 0.000185227 0.0815228 3.10546e-05
0.000178691 0.0813129 3.04297e-05 0.000172556 0.0811007 2.89949e-05 0.000166768 0.080882 2.47049e-05 0.000161889
0.0806469 1.31263e-05 0.000160309 0.0803731 -1.61258e-05 0.000167738 0.0800199 -8.97468e-05 0.00020664 0.0793841
-0.000271022 0.000383701 0.0785692 -0.000737977 0.00162092 0.0713901 -0.00182105 0.00538214 0.113532 -0.0218815
0.00721461 0.0987073 -0.0145696 0.009262 0.122549 -0.0292677 0.0112586 0.11102 -0.0287378 0.00951122
0.0827517 1.91379e-05 0.000241268 0.129106 1.6034e-05 0.000212883 0.0825872 2.18183e-05 0.000218321 0.082383
2.45574e-05 0.000205526 0.0821637 2.69153e-05 0.000198627 0.0819463 2.88962e-05 0.00019177 0.0817336 3.09794e-05
0.000184794 0.081523 3.3929e-05 0.000178265 0.0813133 3.86143e-05 0.000172228 0.0811012 4.6082e-05 0.000166612
0.0808825 5.80046e-05 0.000161886 0.0806482 7.82673e-05 0.000160305 0.0803769 0.000117865 0.000167619 0.0800268
0.000202849 0.000206444 0.0793937 0.000394392 0.000383707 0.0785813 0.000868216 0.00162217 0.0714089 0.00195282
0.00537726 0.0868928 0.000281032 0.0108261 0.098796 0.0148699 0.00915558 0.0889785 -0.0201873 0.0111376
0.0705971 0.000278474 0.0120768 0.0827517 1.04261e-05 0.000240421 0.129105 1.17578e-05 0.000211997 0.0825876
1.21519e-05 0.000217456 0.0823839 1.51178e-05 0.000204698 0.0821657 1.81174e-05 0.000197807 0.0819497 2.06224e-05
0.000190928 0.0817389 2.29978e-05 0.000183965 0.0815309 2.61489e-05 0.000177485 0.0813251 3.11996e-05 0.000171529
0.0811193 3.97317e-05 0.000166062 0.0809126 5.33237e-05 0.000161582 0.0807043 7.48318e-05 0.000159862 0.0804957
0.000112652 0.000165639 0.0802989 0.000185107 0.000195989 0.0800652 0.000331861 0.000337911 0.0801569 0.000649005
0.00118362 0.0770269 0.00141251 0.00420327 0.113894 0.0218141 0.00715336 0.128727 0.0121303 0.00823798
0.0893869 0.0204501 0.0109713 0.1114 0.0284878 0.00928114 0.0827506 4.69075e-06 0.000239346 0.129104
9.52386e-06 0.000210855 0.0825869 5.88424e-06 0.000216307 0.0823836 9.43769e-06 0.000203483 0.0821657 1.35502e-05
0.000196501 0.0819503 1.73698e-05 0.000189603 0.0817402 2.10937e-05 0.000182732 0.081533 2.54869e-05 0.000176319
0.0813282 3.14532e-05 0.000170268 0.0811239 4.00564e-05 0.000164863 0.0809185 5.0296e-05 0.000160735 0.0807096
5.81984e-05 0.000159251 0.0804908 5.54661e-05 0.000165235 0.0802561 1.61293e-05 0.000197784 0.0798884 -0.000133743
0.000345946 0.0797229 -0.000630219 0.00121958 0.0755538 -0.00187393 0.00429555 0.113125 -0.0217291 0.0113174
0.125197 0.0276046 0.0108258 0.126638 0.0281034 0.0111247 0.151683 0.0367722 0.016342 0.156089
-0.0271877 0.0181254 0.156408 -0.0320582 0.0182594 0.0932144 -0.0722206 0.0104735 0.092863 -0.0408979
0.0164214 0.0827516 -1.31353e-06 0.000237507 0.129104 6.49959e-06 0.000209098 0.0825885 -9.74498e-07 0.000214347
0.0823862 2.49427e-06 0.00020157 0.0821698 6.85857e-06 0.000194794 0.0819565 1.08633e-05 0.000188099 0.0817488
1.44415e-05 0.000181335 0.0815446 1.84522e-05 0.000174981 0.0813417 2.41899e-05 0.000168908 0.081139 3.32227e-05
0.000163649 0.080933 4.65105e-05 0.000159851 0.0807144 6.49015e-05 0.000158717 0.0804618 9.18379e-05 0.000166207
0.0801249 0.000135176 0.000208914 0.0794598 0.000209083 0.000399178 0.0785545 0.000362722 0.0016573 0.0708113
0.000577456 0.00546896 0.0952977 -0.0220069 0.0133667 0.0959458 0.000408016 0.0154458 0.0667206 -0.0370067
0.0162567 0.150597 -0.113858 -0.0159959 0.103715 -0.169231 -0.0491847 0.0219174 -0.119211 -0.0777893
0.00756809 -0.0809441 -0.0285454 0.0298271 -0.0679886 -0.000160988 0.0827504 -4.55577e-06 0.000236008 0.129103
4.91871e-06 0.000207504 0.0825877 -4.63374e-06 0.000212817 0.0823858 -9.24264e-07 0.000200129 0.0821699 4.05169e-06
0.000193427 0.0819571 8.64246e-06 0.000186744 0.0817501 1.27244e-05 0.000179981 0.081547 1.74136e-05 0.000173648
0.081346 2.43859e-05 0.000167661 0.081147 3.55454e-05 0.000162446 0.0809509 5.40875e-05 0.000158459 0.0807583
8.68555e-05 0.000156589 0.0805697 0.000149966 0.000161465 0.08039 0.00028523 0.000193585 0.0801491 0.000593047
0.000340551 0.0801268 0.00140682 0.00119982 0.0767947 0.00313502 0.0042667 0.0924855 0.0260201 0.0143277
0.109709 0.0306546 0.0125224 0.0503247 -0.00311771 0.0151467 0.0567496 0.0385005 0.0154908 0.0827523
-7.1461e-06 0.000234097 0.129103 3.28761e-06 0.000205594 0.0825906 -7.79829e-06 0.000210801 0.0823898 -4.4981e-06
0.000198107 0.0821754 6.78369e-08 0.000191446 0.0819647 4.08155e-06 0.000184949 0.0817604 7.24017e-06 0.000178419
0.0815609 1.02181e-05 0.000172203 0.0813647 1.3645e-05 0.000166251 0.0811725 1.71698e-05 0.00016092 0.0809875
1.96106e-05 0.000156676 0.0808156 1.78228e-05 0.000154144 0.0806711 3.24833e-06 0.000156548 0.0805879 -4.29782e-05
0.000178813 0.0806175 -0.000164896 0.000286998 0.0810967 -0.00048045 0.000776185 0.0810971 -0.00112636 0.00311541
0.0797041 -0.00247999 0.00931393 0.0771067 0.0522206 0.0173724 0.0741257 0.0892327 0.0110559 0.164477
0.0633483 0.01653 0.15395 -0.018995 0.0191706 0.0827518 -7.88074e-06 0.000232683 0.129102 2.38928e-06
0.000204051 0.0825901 -8.78819e-06 0.000209329 0.0823894 -5.76295e-06 0.000196693 0.0821752 -1.42055e-06 0.000190175
0.0819646 2.37535e-06 0.000183787 0.0817599 5.12187e-06 0.000177286 0.0815591 7.36857e-06 0.000171168 0.0813602
9.52084e-06 0.000165423 0.0811618 1.1116e-05 0.000160218 0.0809617 1.01869e-05 0.000156246 0.0807538 4.55854e-07
0.000154549 0.0805249 -3.40785e-05 0.000159608 0.0802449 -0.000132671 0.000193391 0.0797473 -0.000387253 0.000343246
0.079211 -0.00110924 0.00122172 0.0743419 -0.00259194 0.00430759 0.100872 -0.0250327 0.0151293 0.114934
-0.0855763 0.0133834 0.0355386 -0.0810885 0.00189086 0.0563794 -0.0431088 0.0176017 0.157979 -0.11617
-0.00577069 0.196894 -0.0103895 0.0135069 0.0827541 -7.62673e-06 0.000231257 0.129104 1.81985e-06 0.000202529
0.0825933 -8.67307e-06 0.000207841 0.0823937 -6.10207e-06 0.00019519 0.0821809 -2.29425e-06 0.000188676 0.081972
9.7884e-07 0.000182252 0.0817695 3.26623e-06 0.000175717 0.0815716 5.28172e-06 0.000169622 0.081376 8.03849e-06
0.000163973 0.0811816 1.27333e-05 0.000158826 0.0809855 2.05853e-05 0.000154814 0.0807803 3.3364e-05 0.000153282
0.0805478 5.66371e-05 0.00016021 0.0802464 0.000105244 0.000203014 0.0796488 0.000219785 0.000392544 0.078876
0.000525289 0.00164354 0.0714791 0.0012271 0.00543302 0.0871733 -0.0114092 0.0164832 0.0978011 0.0109114
0.0138362 0.0441093 -0.0196487 0.0154084 0.0827539 -6.66544e-06 0.000230354 0.129103 1.40165e-06 0.000201493
0.0825931 -7.73838e-06 0.000206906 0.0823933 -5.74592e-06 0.000194288 0.0821802 -2.72717e-06 0.000187857 0.0819711
-2.91522e-07 0.00018151 0.0817683 1.06691e-06 0.000174932 0.0815698 1.7938e-06 0.000168668 0.0813737 2.77845e-06
0.000162844 0.0811791 4.95122e-06 0.000157745 0.0809856 8.97568e-06 0.000153703 0.0807919 1.66134e-05 0.000151457
0.0805987 3.40852e-05 0.000156079 0.0804121 7.84413e-05 0.000187002 0.0801713 0.000196827 0.000333385 0.0802116
0.00055948 0.00119503 0.0768399 0.0014246 0.00425075 0.108508 0.0244525 0.0102503 0.125115 0.0174018
0.00994222 0.0606655 0.0200005 0.0150169 0.0930938 0.041191 0.0148855 0.0827558 -4.77697e-06 0.000229552
0.129104 1.44973e-06 0.000200589 0.0825957 -5.61901e-06 0.00020607 0.0823966 -4.0078e-06 0.000193422 0.0821845
-1.48553e-06 0.000186971 0.0819764 7.16209e-07 0.000180598 0.081775 2.20003e-06 0.00017393 0.0815778 3.2286e-06
0.000167473 0.0813843 4.40336e-06 0.000161483 0.0811925 6.12389e-06 0.000156314 0.0810014 7.65436e-06 0.00015206
0.0808096 5.80966e-06 0.000149682 0.0806153 -9.05133e-06 0.000154169 0.0804198 -6.28239e-05 0.000183731 0.080142
-0.000219175 0.00032777 0.0801028 -0.000670847 0.00120256 0.076403 -0.00176631 0.00430901 0.12162 -0.0185566
0.0103084 0.116117 0.0370843 0.0144231 0.135425 0.0602708 0.0152454 0.142432 0.0454061 0.0164408
0.165266 -0.00335101 0.0203457 0.125925 -0.06562 0.0163104 0.10976 -0.0389013 0.0158164 0.11568
-0.0288124 0.0130847 0.0827555 -3.03072e-06 0.000229121 0.129104 1.17458e-06 0.000200051 0.0825951 -3.65385e-06
0.000205647 0.0823958 -2.6952e-06 0.000193034 0.0821835 -1.1925e-06 0.000186659 0.0819753 -4.44375e-09 0.000180448
0.0817736 5.09881e-07 0.000173996 0.0815759 2.85209e-07 0.000167558 0.0813814 -4.71918e-07 0.000161312 0.0811869
-1.3499e-06 0.00015568 0.0809898 -2.21357e-06 0.000151112 0.0807804 -4.60994e-06 0.000149491 0.0805378 -1.36656e-05
0.000156602 0.0802177 -4.00967e-05 0.000195782 0.0795903 -0.0001059 0.000378464 0.0787392 -0.000254904 0.00163269
0.0712491 -0.000664319 0.00549529 0.103911 -0.0234809 0.010916 0.0970623 -0.00587334 0.0135342 0.0988264
-0.0280282 0.0122315 0.0827568 -1.23042e-06 0.000228865 0.129105 7.96325e-07 0.000199683 0.0825967 -1.44931e-06
0.000205429 0.0823978 -8.99587e-07 0.000192814 0.082186 -4.17094e-08 0.000186391 0.0819784 7.8342e-07 0.00018016
0.0817773 1.52564e-06 0.000173753 0.0815798 2.3329e-06 0.00016727 0.0813849 3.86353e-06 0.000160763 0.0811912
7.57262e-06 0.000154773 0.0809963 1.64682e-05 0.000150117 0.0807958 3.6665e-05 0.000148582 0.0805787 8.26098e-05
0.000154659 0.0803307 0.000191895 0.000185653 0.0799321 0.000457527 0.000329143 0.0795478 0.00119385 0.00119644
0.0754711 0.00268997 0.00430373 0.0895044 0.0179909 0.0141535 0.104691 0.0273447 0.0130234 0.0756757
-0.00992668 0.0143143 0.0550634 0.00992788 0.0150179 0.0525306 0.0282205 0.0150723 0.128509 0
0.000277808 0.141907 0 0.000252453 0.128149 0 0.000255175 0.12773 0 0.000245193
0.127299 0 0.000243056 0.126883 0 0.000240094 0.126484 0 0.000235667 0.126099
0 0.000229884 0.125726 0 0.00022301 0.125366 0 0.00021589 0.125023 0
0.000209612 0.124704 0 0.000206016 0.124429 0 0.00020952 0.124247 0 0.000237381
0.12422 0 0.000386204 0.124664 0 0.0010821 0.12428 0 0.00429206 0.119928
0 0.0136481 0.142672 0.0757748 0.0186391 0.158575 0 0.0226427 0.0682338 0.0473957
0.0174559 0.0553948 0.0867384 0.00915364 0.0455 0.105012 -0.0103746 0.0845414 0.161481 -0.0483318
0.164642 0.149035 -0.0163452 0.181467 0.0990442 0.00689021 0.184545 -0.0902146 0.000611717 0.227739
-0.0787449 -0.0133992 0.221732 -0.102983 -0.0264678 0.214072 0.125855 -0.023548 0.214865 0.124027
-0.0234713 0.265437 -0.00706983 0.00578978 0.237517 0.0717573 -0.0212827 0.0297717 0.0677516 -2.56909e-05
0.00765369 0.0805657 -0.0286718 0.0220788 0.119399 -0.0782198 0.103878 0.169152 -0.0492279 0.157405
-0.131781 -0.0209664 0.113206 -0.0969334 0.00988023 0.107955 -0.0690561 0.0189447 0.200417 -0.0454928
0.0115602 0.216347 -0.126841 -0.0410964 0.275585 -0.0321694 -0.00267089 0.266452 -0.0409421 -0.0202523
0.247649 -0.0666069 -0.0386921 0 0 0 0 0 0 0.00188957
-0.00111041 -0.000355126 0.110207 0.0678615 0.0184235 0.118303 0.0952349 0.00967749 0.162769 0.137738
-0.0198499 0.192602 0.102499 0.00161494 0.202186 0.0526618 0.0147683 0.270836 0.0516927 -0.014204
0.233589 0.0857959 -0.00773209 0.220597 0.125388 -0.0389355 0.251605 0.0674547 -0.0418431 0.215589
-0.123892 -0.0232367 0.214795 -0.125721 -0.02331 0.238215 0.000177726 0.00883643 0.121537 -0.167499
-0.0342746 0.0323374 -0.131237 -0.0672606 0.0194276 -0.0947187 -0.0204907 0.26635 0.00738501 0.00564813
0.238311 -0.0716113 -0.0211445 0 0 0 0 0 0 0.159758
0.0748759 0.00813817 0.0731898 0.0770764 0.00986796 0.059291 0.0983301 -0.0117351 0.0936758 0.157415
-0.0521012 0.168988 0.146865 -0.0235795 0.173214 0.132428 -0.017409 0.185537 0.0903405 0.000587088
0.17818 -0.0999298 -0.000336092 0.158447 -0.158695 -0.0259515 0.0794606 -0.161565 -0.055487 0.0393757
-0.0969836 -0.0156953 0.0574777 -0.0773464 0.00844212 0.248261 -0.0656653 -0.0395539 0.211236 -0.131389
-0.0385974 0.223767 -0.086445 -0.0147785 0.265082 -0.0419106 -0.0155923 0.20413 0 0.0204399
0.273299 0 0.0152773 0.223386 0.0823506 -0.00619813 0.260041 0.0394707 -0.00918306 0.180836
-0.0989682 0.00713093 0.203727 -5.15797e-36 0.0207043 0.272395 -6.72765e-40 0.015573 0.277508 -9.97259e-40
0.015467 0.266057 -0.0328297 -0.0103556 0.259012 -0.0395857 -0.00912319 0.313487 -0.0194378 0.0012898
0.308877 -0.0278581 0.00767965 0.307455 -0.0320705 0.00619756 0.314368 -0.0263733 0.000625287 0.312492
-0.0222695 -0.00164132 0.239941 0.0630141 -0.0274247 0.297129 0.0367928 0.00942837 0.278649 0.0454119
0.00681571 0.29237 0.0352726 0.00796722 0.313072 0.0121793 0.0156305 0.186868 -0.0406372 -0.00166976
0.13563 -0.0164623 0.00760108 0.189654 -0.010346 0.00845118 0.312129 0.00716873 0.0191942 -0.0211748
0.0185391 -0.0159389 -0.0237964 0.0191578 -0.0125221 -0.0394627 0.0107372 -0.016776 0.134165 0.0723606
-0.0277487 0.23082 0.0602841 -0.0050409 0.270535 0.0417156 0.00567645 0.275893 0.0365885 0.0108389
0.140176 0.0333153 -0.00249465 0.225342 -0.0300572 -0.00111772 0.229491 -0.00799464 0.00662543 0.30858
0.0087604 0.0154331 0.308947 0.00952733 0.0124304 -0.0440765 0.00425854 -0.0129691 -0.0400378 -0.00410175
-0.00416847 -0.0367168 -0.00465872 -0.0028416 0.0622528 -0.00420603 -0.00462937 0.063393 -0.00471359 -0.00599675
-0.0352976 0.0159716 -0.0111185 -0.0178639 0.0167391 -0.0097561 -0.0355184 0.0159091 -0.0106422 0.25775
0.0271343 0.00958362 0.272569 0.034746 0.0110829 0.331534 0.00336842 0.0134729 0.289238 -0.0261866
0.00739054 0.269971 -0.0198394 0.00313626 0.28302 -0.0249955 0.00251767 0.319168 0.000660075 0.0164267
0.281816 0.0284437 0.00865312 0.275161 0.0333548 0.00910254 0.149273 0.0494879 -0.0207268 0.239452
0.0400407 -0.00303645 0.275667 0.0339642 0.008541 0.222506 -0.0824049 -0.00608947 0.163921 -0.148989
-0.0162752 0.0840936 -0.161361 -0.0484205 0.0452864 -0.104682 -0.00970904 0.292178 -0.021208 -0.00733575
0.277425 -0.0219117 -0.0123604 0.306587 -3.75155e-39 0.0148529 0.304361 -0.0215139 0.00148136 0.300544
-0.0159256 -0.00569057 0.309603 -1.11654e-38 0.0194062 0.294136 -0.0268272 0.00820085 0.303074 -0.0206032
0.00407189 0.303741 7.06336e-39 0.0219711 0.29943 3.95112e-39 0.0214717 0.274212 -0.0293955 0.0114104
0.086649 -0.0172812 0.00287979 0.0522328 -0.0145207 0.00839584 0.117703 -0.00984136 0.0102484 0.270758
-0.0129313 -0.00657564 0.0143991 -0.043902 -0.0073081 -0.00439024 -0.0529615 -0.0410404 -0.0129049 -0.0107134
-0.0498074 0.00516314 -0.0112984 -0.0178089 0.0134523 0.0250229 -0.00724083 -0.00777008 0.0338217 -0.0413318
0.00783776 0.0733505 -0.028017 0.0228921 0.0615443 0.000430011 0.0576327 0.0767119 0.0084841 0.0396328
0.096082 -0.0157616 0.0794623 0.160874 -0.0553608 0.158415 0.158045 -0.0258868 0.17814 0.0993812
-0.000399608 0.305445 0.0293584 0.00253524 0.279108 0.014856 -0.0120337 0.124006 0.0141905 0.0052
0.063692 0.0157634 0.00478685 0.0998067 0.0114923 -0.000470279 0.28158 0.0245737 0.00306263 0.268537
-0.0359781 -0.014069 0.291172 -0.0181992 -0.0157032 0.252993 -0.0298322 -0.0313747 0.252647 -0.0521237
-0.0356583 0.258624 -0.0504977 -0.0283111 0.280297 -0.0291544 0.00886644 0.100314 -0.0135241 0.00444351
0.0685056 -0.00878923 0.0090673 0.12973 -0.00806936 0.0124861 0.277919 -0.013227 -0.00424882 0.307274
-0.028607 0.00720259 0.305776 -0.0131977 0.00539767 0.215814 0.0436228 -0.0197234 0.222014 0.0205878
-0.0119783 0.316469 -0.0107734 0.0103556 0.220189 0.0135988 -0.00888533 0.235178 0.0122254 -0.0050438
0.242518 -0.00456429 -0.000509231 0.158162 -0.0174809 0.00266777 0.0452691 0.0213993 0.0202278 0.0280899
-0.000546025 0.0120174 0.0539016 0.00164709 0.0035041 0.233922 0.00645741 0.00727807 0.315402 -0.00839044
0.0145551 0.232603 -0.001006 -0.00671884 0.311 -0.00858368 0.0162313 0.226891 0.00302597 0.00101593
0.126616 -0.0105422 0.00644933 0.0241755 0.0199334 0.0237397 0.00825569 0.00763766 0.00855658 0.0258529
0.00824126 0.0017944 0.188861 0.0100842 0.00874563 0.29847 -0.0331374 -0.00239545 0.286078 -0.0296319
-0.0168581 0.245423 -0.0388779 -0.0352144 0 0 0 0.296537 -0.0371639 0.00905972
0.233547 -0.0183695 -0.00952231 0.240323 -0.0158275 -0.0126178 0.25771 -0.0254378 -0.0119874 0.301551
-0.0397968 -0.00103628 0.309564 -0.0356954 0.0113002 0.247625 0.0395266 -0.0376685 0.287457 0.0376704
-0.0139267 0.309723 0.0364727 0.0127596 0.301346 0.0414393 -0.000443265 0.255788 0.024881 -0.0113214
0.235847 0.0158664 -0.0108629 0.229585 0.0187628 -0.00787815 0.229348 -0.0444336 -0.025557 0
0 0 0 0 0 0.24115 -0.0623243 -0.0280852 0.0267307 -0.00895843
0.00142522 0.00932707 -0.00811544 0.00804685 0.0244909 -0.0204838 0.0231317 0.126864 0.00850289 0.00562625
0.2276 -0.00317592 0.000572074 0.223054 -0.0203818 -0.0119889 0.216727 -0.0434688 -0.0196867 0.306995
0.0134313 0.00523857 0.236565 -0.0119919 -0.00507064 0.221358 -0.0134022 -0.00892655 0.318027 0.0108929
0.0101622 0 0 0 0.244167 0.00476281 -0.000594004 0.234142 0.00119387 -0.00673104
0.317225 0.00841823 0.0143251 0.312989 0.00857315 0.0159781 0.235688 -0.0062683 0.00711906 0.055557
-0.00123677 0.00332506 0.0296668 0.000700617 0.0117052 0.0462606 -0.0219578 0.019719 0.159664 0.0173425
0.00233359 0 0 0 0 0 0 0.253475 0.0295601 -0.0308232
0.25336 0.0519876 -0.0351346 0.30846 0.0279168 0.00700526 0.278915 0.0125251 -0.00436262 0.13097
0.00768242 0.0124549 0.0700816 0.00822265 0.00907625 0.101791 0.0128468 0.00440003 0.287205 -0.0258109
-0.0179352 0.249324 -0.0372595 -0.035921 0.101347 -0.0114659 -0.000888173 0.0648934 -0.0156818 0.00433256
0.125497 -0.013913 0.00459214 0.280587 -0.01507 -0.0128154 0.306367 -0.0298522 0.00201154 0.278289
0 0.0151641 0.267047 0.0327641 -0.0103748 0.185197 0.0254242 -0.024205 0.24045 0.033005
-0.0314299 0.240749 0.0358302 -0.0316756 0.307955 0 0.0144786 0.278614 0.0216739 -0.0123586
0.293498 0.0208292 -0.00736952 0.311542 0 0.0189189 0.301955 0.0155509 -0.00574425 0.305948
0.0210556 0.00126174 0.296292 0.0261786 0.00759006 0.272699 0.0122785 -0.00711414 0.120254 0.00927452
0.00962908 0.0551845 0.0134364 0.00730673 0.0899465 0.0159127 0.00175959 0.27704 0.0286877 0.0106259
0.306118 0 0.0214678 0.304851 0.0201365 0.00366558 0.301989 0 0.0209923 0.0556692
-0.0101611 0.0152124 0.0587268 0.0129479 0.0150834 0.0762842 0.0096488 0.0143428 0.0848488 0.040328
0.0158895 0.0990724 0.027753 0.0121517 0.0376222 -0.0665081 0.00360493 0.0188387 -0.0350484 -0.00639072
0.00130627 -0.00290522 -0.0188101 0.00191579 0.0311686 -0.0116128 0.0036206 0.0668061 -0.00666845 -0.0164232
-0.0201123 -0.105143 -0.0166236 0.0345301 -0.103314 -0.0167679 0.0342149 -0.0458167 -0.0163033 -0.00710998
-0.0495166 -0.00251776 -0.0476146 -0.0396901 -0.00523041 -0.0704675 -0.0972613 0 0 0
0 0 0 0.132134 -0.0761426 -0.0181561 0.219346 -0.126395 -0.0301406 0.247832
-0.0666838 -0.0329313 0.26661 -0.039311 -0.0114116 0.230674 -0.0826466 -0.00880409 0.179079 -0.143703
-0.0159178 0.102036 -0.162812 -0.0474192 0.0680091 -0.108301 -0.00731784 0.0381931 -0.0849318 0.00463146
0.0207623 -0.0560057 -0.00516662 0.00432758 -0.0278481 -0.0167508 0.00263455 0.00925716 -0.0117282 0.0303418
-0.143876 -0.0788728 0.00122144 -0.0887012 -0.0962037 0.00306384 -0.0683597 -0.0381636 0.0293407 -0.100473
-0.0224282 0.002753 0.0480288 -0.00965765 -0.0132991 0.0641135 -0.0978339 -0.0155446 0.0548085 -0.0403186
-0.0188426 0.0118902 -0.0466212 -0.0201965 0.0169961 -0.104205 0.263246 0.00838195 0.0103694 0.198174
0.0255279 0.0151731 0.167539 0.0307741 0.0177727 0.108401 -0.0356909 0.0118424 0.07651 -0.0273403
0.0135237 0.0812153 -0.0714525 0.017037 0.0493715 -0.0525251 0.00697819 0.0572052 0.000276228 0.0130968
0.0230524 -0.0330155 -0.00460129 0.0221411 0.000177426 -0.00590631 0.077016 0.0277387 0.0133407 0.0239849
0.0333346 -0.0044167 0.0503685 0.0528329 0.00701902 0.123288 0.0285371 0.0109115 0.108659 0.0356234
0.011558 0.0823811 0.0711002 0.0169011 0.251881 -0.047479 -0.0156952 0.245325 -0.0686979 -0.028986
0.215057 -0.121524 -0.0339647 0.166075 -0.0843698 -0.00597697 0.264018 -0.00817201 0.00897023 0.197013
-0.0254325 0.0140676 0.242873 0.0609839 0.00932904 0.278618 0.0422234 0.00682465 0.163803 -0.0308574
0.0174989 0.00269432 -0.0482607 -0.00982736 0.00216822 -0.00926217 -0.0120535 0.00356648 0.0280466 -0.0172009
0.0199917 0.056411 -0.00574385 0.0376105 0.0854543 0.00387643 -0.0142651 0.0368256 -0.103309 0.000999347
0.0885825 -0.09578 0.00256937 0.0685957 -0.038397 -0.01362 0.0314572 -0.0476055 -0.019215 -0.0119615
-0.046662 -0.0203255 -0.0167964 -0.103732 0.198029 0.088253 0.00478309 0.223689 0.0841226 -0.0058514
0.231386 0.0828861 -0.00904273 0.267464 0.039481 -0.0116093 0.248628 0.0667551 -0.0330867 0.219993
0.126554 -0.0303072 0.132524 0.0762383 -0.0182565 0 0 0 0 0
0 0.067897 0.108942 -0.0078414 0.102182 0.163097 -0.0474983 0.179598 0.144004 -0.0161481
0.00408823 -0.0668836 -0.00710658 0.00227723 -0.0310724 -0.0120084 0.00168231 0.0031192 -0.0190757 0.0192854
0.0352765 -0.00672433 -0.00906525 -0.0823302 -0.0920737 -0.016038 -0.0343531 -0.102003 -0.0160602 -0.0341275
-0.0456779 -0.0114658 -0.0740864 -0.0355789 0.0382572 0.0667469 0.00312988 0.023832 0.126717 -0.0803304
0.024603 0.082268 -0.0244981 -0.00159723 0.0477531 -0.0395291 -0.0043789 0.0702068 -0.096068 0.278874
-0.00248709 0.012759 0.208758 -0.00287019 0.0177915 0.228699 0.0787493 -0.0132539 0.269371 0.0358794
-0.0138769 0.0846836 -0.0405385 0.0158484 0.0582555 -0.0132167 0.0149398 0.0226141 -0.0623718 0.0002702
0.0131257 -0.0258924 -0.00772372 0.0312587 0.036741 0.00236329 0.0180844 0.0608704 -0.00342734 0.0221398
0.0770913 0.000987414 0.00480402 0.0105773 -0.0185217 0.0137769 0.0437333 -0.00810067 -0.004066 0.0657458
-0.0978895 -0.00418842 0.0586493 -0.0670686 -0.0050617 0.059166 -0.098859 0.216942 -0.122307 -0.0368841
0.252532 -0.0594144 -0.0370561 0 0 0 0 0 0 0.0229167
-0.126798 -0.0811197 0.023647 -0.0820503 -0.024431 0 0 0 0 0
0 0 0 0 0 0 0 -0.00972032 0.082708 -0.0932496
-0.0122347 0.074087 -0.0356149 0 0 0 0 0 0 0
0 0 0 0 0 0 0 0 0 0
0 0 0 0 0 0 0 -0.0140266 -0.0368206 -0.103879
-0.0131182 -0.0314018 -0.0475345 0 0 0 0 0 0 0
0 0 0 0 0 0 0 0 0 0
0 0 0 0 0.000816917 -0.00137762 -0.000422888 0 0 0
0.0926046 -0.154734 -0.0478538 0.0767576 -0.0973192 -0.00168789 0.0283489 -0.0733208 -0.0197918 0.0183632
-0.1137 -0.0756035 0 0 0 -0.0050937 -0.0557339 -0.0911556 -0.0117305 0.000458513
-0.0983486 -0.0037664 0.000213503 -0.0387959 0.00148421 -0.0410792 -0.033166 0 0 0
0 0 0 -0.00417557 0.0569752 -0.0909504 0.00249429 0.041503 -0.0329145 0.0301003
0.0736196 -0.0196064 0.0204063 0.115566 -0.0753615 0 0 0 0 0
0 0 0 0 0 0 0 0.00196582 0.00112336 -0.000345198
0.000850032 0.00140787 -0.000418235 0 0 0 0.0958478 0.157374 -0.0471153 0.0798822
0.0967447 -0.00154568 0 0 0 -0.0133557 -0.0639489 -0.0973607 -0.0156604 -0.0549835
-0.040223 0 0 0 0 0 0 0 0 0
0 0 0 0 0 0 0.0302227 0.143912 -0.0787116 0.0289518
0.100944 -0.0229159 0 0 0 0 0 0 0 0
0 0 0 0 0 0 0 0 0 0
-0.0157434 0.0200092 -0.103746 -0.0154782 0.00724863 -0.0492578 0 0 0 0
0 0 0 0 0 0 0 0 0.222659 0.103218
-0.0263048 0.259397 0.0504472 -0.0279649 0.00115521 -0.000725455 -0.000209391 0 0 0
0 0 0 0.000439632 -0.000907654 -0.000306626 0 0 0 0
0 0 0.0108957 -0.114138 -0.0834258 0.0075798 -0.0743605 -0.0280974 -0.00769012 -0.0349405
-0.0416709 -0.00765009 -0.0515355 -0.0986423 0 0 0 0 0 0
0 0 0 0 0 0 -0.000397759 0.062439 -0.0372952 0.0144515
0.126172 -0.0795085 0.0105077 0.0896539 -0.0255724 0 0 0 0 0
0 -0.0131457 0.00635638 -0.106615 -0.00429205 0.0527609 -0.0414678 -0.0126412 0.00995345 -0.0501719
0 0 0 0.211825 0.124563 -0.0301948 0 0 0 0.243448
0.0613759 -0.0338915 0.0104666 -0.089564 -0.0249112 -0.000517558 -0.062472 -0.0368466 0.0142048 -0.126245
-0.0798988 -0.0042098 -0.0658404 -0.0987395 -0.00430721 -0.0588018 -0.0672208 0.000475307 -4.0785e-05 4.08693e-05
0 0 0 0 0 0 0 0 0 0
0 0 0.000276314 3.19813e-05 1.10861e-05 0.208317 0.00275109 0.0177012 0.278428 0.00212162
0.0126735 0.223781 0.0858628 -0.014782 0.265157 0.0413833 -0.0155162 0.315596 0.00209804 0.0129733
0.306931 -0.0171779 -0.00906539 0.287327 0.0252537 -0.0176797 0.303504 0.0241438 -0.011056 0.312742
0.0194612 -0.00888352 0.316377 0.0243116 -0.00183819 0.320479 0.00159457 0.0176953 0.318474 -0.0196207
0.000722044 0.315661 -0.0127801 -0.00653644 0.317928 0.000134152 0.0187031 0.314867 0.0237289 -0.000450397
0.318243 -0.00138269 0.0166772 0.317162 -0.0201983 0.003348 0 0 0 0.00138327
-5.7956e-05 -3.63984e-05 0.000696237 -4.38941e-05 6.66071e-05 0 0 0 0 0
0 -0.0368059 0.00367692 0.015217 -0.0307253 0.0202566 0.0135713 0 0 0
0 0 0 -0.0100696 -0.00573649 0.00720957 -0.0341321 -0.00814803 0.019355 0
0 0 0.000120257 -1.34021e-05 2.0613e-06 0.000159201 -6.25208e-07 -4.50225e-06 0 0
0 0 0 0 0 0 0 0 0 0
0.244687 -0.0358654 -0.030189 0.300001 -0.0196436 -0.0102059 0.283434 -0.0232461 -0.0152897 0.307675
-0.0175491 -0.00909605 0.30759 -0.0175724 -0.00910823 0.298371 -0.022476 0.0134019 0.286844 -0.0349947
0.010847 0.171014 -0.00881628 0.00290187 0.18664 -0.0148598 0.00046096 0.285927 -0.0270021 -0.00519246
0.22507 -0.0236939 0.00734837 0.163108 -0.00576783 0.00413211 0.165286 -0.0127507 0.0039632 0.00112727
-0.000246774 0.000315993 -0.0252039 -0.0268251 0.0195718 0 0 0 0 0
0 0.156108 -0.0147041 0.00494954 0 0 0 -0.012843 0.00475812 0.00588476
0 0 0 0 0 0 0.300963 -0.0013115 0.0117366 0.307963
-0.0295682 0.00384933 0.227786 0.0442988 -0.0247637 0.231 0.0239175 -0.0147036 0.226857 0.0210607
-0.0103447 0.23289 0.0205643 -0.00538901 0.313583 -0.00147974 0.0169606 0.31369 -0.0335508 0.00942545
0.312598 -0.0344061 0.00509045 0.313405 -0.00322089 0.0193274 0.224899 0.0109871 -0.00538754 0.310466
-0.00665326 0.0188997 0.313402 -0.0384304 0.0100817 0.000533949 6.21443e-05 1.91987e-05 0.0011275 9.89141e-05
-6.20808e-05 0 0 0 0 0 0 0 0 0
0.303541 0.00172597 0.011113 0.232584 -0.0236944 -0.0154521 0.299083 0.0416041 0.0046887 0.308669
0.0341208 0.00758818 0.313254 0.0387135 0.00871365 0.31424 0.036065 0.0123344 0.316474 0.0013818
0.0169104 0.23406 -0.0208868 -0.00608937 0.228458 -0.0218994 -0.0110973 0.315727 0.00327314 0.0195394
0.312588 0.0413684 0.0127622 0.225807 -0.0120534 -0.00608398 0 0 0 0.000464172
3.11629e-05 2.07796e-05 0 0 0 0 0 0 0 0
0 0.000799312 -4.35313e-05 -2.0534e-05 0.0404678 -0.0134183 -0.0256576 0.167173 -0.0482064 -0.00738686
0.116965 -0.0675066 -0.0219592 0.0463481 -0.0136517 -0.0402625 0.0121018 0.0105717 -0.0516749 0.0319537
-0.0130956 -0.004507 -0.0587966 0.00248075 -0.0176592 -0.0555469 0.000740912 -0.00591412 -0.0382955 -0.00421663
-0.0004197 -0.0121458 0.0277171 -0.0597583 -0.0477966 0.0205586 -0.0658774 -0.0460174 0.0151169 0.0179443
-0.0416249 0.0218131 0.0203706 -0.0249954 0.027024 0.0192999 0 0 0 0
0 0 -0.0129473 -0.00502812 0.00582711 -0.0450251 0.0084298 0.0180999 0 0
0 -0.0123904 0.0146767 -0.0412393 0.153005 0.0235061 0.00034224 0.0142674 0.0328414 -0.0619028
0.0424245 0.0660582 -0.057466 -0.0369615 0.0222537 0.00472229 -0.0696397 0.0179042 -0.00758548 -0.0477951
0.00633724 -0.0749044 -0.00419436 0.0110697 -0.0648131 0.0433406 0.00364552 0.0124529 0.167719 0.0121998
0.00360538 0.284447 0.02324 -0.0154184 0.301126 0.0195326 -0.0103175 0.245674 0.0357986 -0.0303004
0 0 0 0.308766 0.0173525 -0.00915704 0.308852 0.017328 -0.00914416 0.313766
0.021969 -0.00176425 0.314829 0.0192412 0.00114922 0.309118 0.0316178 0.00589655 0.287477 0.0265622
-0.00534492 0.188859 0.0145485 0.000169054 0.173564 0.00846947 0.00254199 0.228017 0.0232597 0.00701298
0.289075 0.0344532 0.0104643 0.31055 0.0275426 0.00737258 0.315663 0.0259901 0.000458244 0.300324
0.022363 0.013043 0.165825 0.0054033 0.00373782 -0.0184071 -0.0304654 0.0160722 -0.0233141 -0.0342778
0.0184437 -0.0308173 -0.0205832 0.0133773 0 0 0 0 0 0
0 0 0 0.0756354 0.00326303 -0.0363109 0.0347967 0.027607 -0.0446591 -0.0413413
0.0120725 -0.0203973 -0.045886 0.00163591 -0.00441163 -0.0341453 0.0224158 -0.0198014 -0.0221034 -0.00710211
0.0029981 0.00170407 0.0473363 -0.0514274 -0.0291657 0.046641 -0.0532707 -0.0416291 0.0140976 0.00282542
-0.054408 0.00999415 -0.0047669 -0.0385414 0.062079 -0.0605686 -0.0293651 0.0490434 -0.055697 0
0 0 0 0 0 0.000702936 4.17778e-05 6.64577e-05 -0.0101248 0.00573934
0.00721994 0 0 0 0 0 0 0.119654 0.0601118 -0.0161648
-0.0175201 0.0561161 -0.0542995 0.00157758 0.0675394 -0.0520495 0.119561 0.0663995 -0.0190609 0.233316
0.0548236 0.00400132 0.234127 0.0544085 0.00414763 0.1202 0.0228009 0.00103502 -0.0162079 0.00932665
0.00785941 0.316027 -0.0026553 0.0129677 0.303518 -0.0247654 -0.0114215 0.291899 0.0179161 -0.0155225
0.307621 0.0167802 -0.00897195 0.316365 0.0122907 -0.00652279 0.319275 0.019095 0.000648028 0.321021
-0.00225625 0.0175781 0.316869 -0.0249051 -0.00232424 0.312972 -0.0200661 -0.00937312 0.318685 -0.000843496
0.0184998 0.318143 0.01958 0.00317595 0.315622 -0.024245 -0.000986393 0.000629989 -3.59515e-05 -3.27447e-05
0.000279647 -3.13559e-05 9.77284e-06 0 0 0 0 0 0 0.128918
-0.0107796 -0.00509251 0.2578 -0.0431894 0.000270004 0.140166 -0.0447988 -0.0222488 -0.0415653 0.00301056
-0.0118849 -0.0452143 -0.0113278 0.00114741 -0.0150915 -0.0121624 0.0038385 0.0144143 -0.0190397 -0.0523723
-0.0184666 0.0201541 -0.0576719 0.00683576 0.0360788 -0.0545812 0.00868067 0.0375523 -0.0545228 0.0818103
0.0463277 -0.0363456 -0.0485637 0.0110139 -0.0125802 -0.0508425 0.0119481 0.000119941 -0.0669718 -0.00277321
-0.00213281 -0.0432577 0.0195001 -0.0626644 -0.0277942 0.0084632 -0.0556901 0.113182 0.0187278 -0.00483496
-0.0276487 0.0192354 0.00387138 0.127315 0.0517895 -0.0250348 0 0 0 0
0 0 0.0010951 5.1265e-05 -4.18214e-05 0 0 0 0 0
0 0.00048573 3.84386e-05 3.84168e-05 0.211021 -0.124611 -0.0302694 0.242518 -0.0614661 -0.0339743
0 0 0 0 0 0 0.239691 -0.0360353 -0.0317869 0.184613
-0.0256377 -0.024326 0 0 0 0 0 0 0.2499 -0.0205732
-0.0278825 0.23938 -0.0332389 -0.0315457 0 0 0 0.261472 -0.0151474 -0.0225953
0.269736 -0.0133549 -0.0166304 0 0 0 0 0 0 0
0 0 0.00108841 -5.35993e-05 -4.09087e-05 0.275027 -0.0130607 -0.0104555 0 0
0 0 0 0 -0.00521307 -0.0592399 -0.0997068 0 0 0
-0.0133602 -0.00626471 -0.107445 -0.00797956 0.051512 -0.0988377 0 0 0 0
0 0 0 0 0 0 0 0 0.000439672 0.00090383
-0.000305967 0.010765 0.113652 -0.0832633 0 0 0 0 0 0
0 0 0 0.262167 0.0238529 -0.0303574 0.249427 0.0368403 -0.035553 0.248331
0.0652108 -0.0393963 0 0 0 0.274106 0.0180924 -0.0243327 0 0
0 0.281236 0.0157445 -0.0189587 0 0 0 0.000627404 3.52902e-05 -3.10801e-05
0 0 0 -0.00134606 0.0269063 0.0212258 0 0 0 0
0 0 -0.0292803 0.0302271 0.0189738 -0.0135794 0.0208521 0.00941726 -0.0421953 0.0192354
0.00695967 -0.046179 0.0108653 0.000701302 -0.0160821 0.0123749 0.00387151 0.284678 0.0151239 -0.0142703
0 0 0 0.262901 -0.0168095 -0.0249274 0 0 0 0.272175
-0.0118001 -0.0182146 0 0 0 0.278328 -0.0111965 -0.0124845 0 0
0 0 0 0 0 0 0 0.282324 -0.0115983 -0.00747633
0 0 0 0.00843699 -0.0113294 0.028409 -0.0318685 -0.0181706 0.0228566 -0.0139307
-0.00723001 0.0150327 -0.0171005 -0.0100297 0.00770398 -0.0417086 -0.0144224 0.00247942 -0.0419949 -0.0120696
0.0111651 -0.0489451 -0.00461202 0.00147314 -0.0401578 0.0101416 0.00155784 -0.0482586 -0.00534971 0.00243156
-0.0518145 -0.00750083 -0.00216904 -0.0458219 -0.00136212 -0.00466189 -0.0400834 0.00449022 -0.00434096 0
0 0 -0.0236187 0.0336807 0.0187769 -0.0187158 0.0299302 0.0163691 0 0
0 -0.0339376 0.00917237 0.00532536 -0.036937 0.00509942 -0.00296552 -0.0541434 -0.00984567 -0.0051282
-0.0224433 0.0359045 0.0196376 0 0 0 -0.025531 0.00785888 0.0104139 -0.0231139
0.00776778 0.00307828 0 0 0 0 0 0 0 0
0 0 0 0 0 0 0 -0.0413861 -0.0218457 0.0206503
-0.0455262 -0.0152941 0.0181863 -0.0445675 -0.00875415 0.0183296 -0.0511009 -0.0164756 0.0124616 0.065335
-0.0142333 0.018302 -0.0329935 -0.0351336 0.0256471 0.0489916 -0.003124 0.0154274 -0.0446984 -0.0262994
0.0137394 0.0410369 -0.00475526 0.0128425 -0.0377093 -0.0235932 0.00481374 -0.0410639 0.0152294 0.0188369
-0.0625613 -0.018905 0.00066632 -0.0690845 -0.0190089 -0.00777303 -0.0554926 -0.00138059 -0.0061324 -0.0543225
0.00396088 0.00233692 0 0 0 0 0 0 0 0
0 0 0 0 0 0 0 0 0 0
0 0 0 0.00046313 -3.87692e-05 2.3882e-05 0.000796061 3.97463e-05 -1.79627e-05 0
0 0 -0.0263819 0.0319195 0.0218892 0 0 0 0 0
0 -0.0366622 0.00645657 0.00849405 -0.0388751 0.00445867 -0.000351293 0.29756 -0.0271869 -0.0121069
0.253452 -0.0274186 -0.0302067 0.303676 -0.0273355 -0.00794961 0.260925 -0.0225269 -0.0244785 0.306988
-0.0304193 -0.00399909 0.265437 -0.0224426 -0.0194351 0 0 0 0 0
0 0 0 0 0.00112683 -0.000104075 -6.1869e-05 0.000551138 -5.87299e-05 1.24628e-05
0 0 0 0 0 0 0 0 0 0.268294
-0.024091 -0.0148451 0.306525 -0.0352361 -0.00143454 0.129874 -0.0134979 0.00289633 -0.0114799 -0.0313163
0.0242355 0 0 0 0.120729 -0.00740267 -0.00386184 0.119334 -0.00195497 -0.00943479
-0.00882905 -0.0211041 -0.00314928 -0.0194852 -0.0292188 0.00716437 -0.0379465 -0.0232248 0.0214491 -0.0383375
0.00203863 0.0216882 0 0 0 0 0 0 -0.0566657 -0.0234111
0.00438989 -0.058815 0.00168177 0.00420388 -0.0680534 -0.0215942 -0.00248689 -0.0705892 0.00158014 -0.00262087
0 0 0 -0.037363 0.0251484 0.0225789 -0.0127176 0.0323963 0.0255051 0
0 0 -0.0560781 0.0254392 0.00545604 -0.0670044 0.0238802 -0.00168675 -0.01086 0.0227937
-0.00136048 -0.0215502 0.030776 0.00880321 0 0 0 0.255147 0.0262838 -0.0316142
0 0 0 0.262428 0.0209345 -0.0248019 0 0 0 0
0 0 0.266443 0.020972 -0.019418 0.298998 0.0320915 -0.0110821 0.305757 0.030765
-0.00701689 0.30856 0.0331879 -0.00298006 0.12589 0.0143072 0.0045213 0.268531 0.0228769 -0.0149022
0.115773 0.00844373 -0.0017003 0.114031 0.00295553 -0.00682087 0.30699 0.037563 -0.000534467 0
0 0 0 0 0 0 0 0 0 0
0 0 0 0 0 0 0 -0.0258866 -0.0326849 0.0215641
-0.0413978 -0.0160933 0.0186522 -0.0359965 -0.00641279 0.00828791 -0.0545295 -0.00467131 0.00241833 -0.0516062
0.016141 0.0122975 0 0 0 0.00115812 0.000245213 0.00030935 0 0
0 0.158216 0.0144484 0.00463412 -0.0327201 0.0353945 0.0252906 -0.0630954 0.0182464 0.000662753
-0.04401 0.0255284 0.0134615 0.067118 0.0141444 0.017916 0.0513515 0.00240473 0.0149899 0
0 0 0 0 0 0 0 0 0.000160263 7.52684e-07
-4.51276e-06 0.000121413 1.32965e-05 1.80565e-06 0 0 0 0 0 0
0 0 0 0 0 0 -0.0402315 -0.0100358 0.00159554 -0.0336402
-0.00903645 0.00526793 0 0 0 -0.0371 -0.00373129 0.0152107 -0.0343697 0.00812874
0.0193739 -0.0492199 0.00466078 0.0017035 -0.0520774 0.00759815 -0.00185856 -0.0485097 0.0053592 0.00266303
-0.0220732 -0.0365465 0.0192813 -0.0247329 -0.00768294 0.0102277 -0.0320567 0.0181872 0.0228992 -0.0420264
0.011724 0.0114103 0.25332 0.0593157 -0.0365401 0 0 0 0 0
0 0.263131 0.0164051 -0.02443 0.27237 0.0112982 -0.0178492 0 0 0
0.278735 0.0106487 -0.0122944 0 0 0 0.00138664 5.47808e-05 -3.63994e-05 0
0 0 0.00922722 0.0112597 0.0283455 0 0 0 -0.0130072 0.00662173
0.0151619 0.283041 0.0109588 -0.00747914 0 0 0 0.262294 -0.0242656 -0.0309434
0 0 0 0.274622 -0.0184985 -0.0250536 0 0 0 0.282157
-0.0161318 -0.0197321 0 0 0 0 0 0 0.285916 -0.0154163
-0.0150494 0 0 0 -0.000529858 -0.0266542 0.0209421 -0.0288013 -0.0304033 0.018835
0 0 0 -0.012854 -0.0206998 0.00932832 -0.0415103 -0.0195946 0.00726452 0
0 0 -0.0428629 -0.00542009 0.0190616 -0.0300033 0.0181242 0.021442 0 0
0 0 0 0 -0.0584389 -0.00421003 0.00395074 -0.0445843 0.01134 0.00766047
0 0 0 -0.00304927 0.015724 0.0262305 -0.0226183 0.0158081 0.0111342 0.251042
0.0202408 -0.027719 0 0 0 0.262701 0.0147354 -0.0224483 0 0
0 0 0 0 0.271154 0.0128959 -0.0166008 0.276659 0.0124781 -0.0106849
0 0 0 -0.00500591 -0.015868 0.0271028 -0.0307687 -0.0185756 0.022308 0
0 0 -0.0303568 -0.0213127 0.00471355 -0.0248501 -0.0172312 0.0120099 -0.045874 -0.0128085
0.00803401 -0.0525435 -0.0138403 0.000150107 -0.043544 0.00486053 0.0194588 0 0 0
-0.0595023 0.0030941 0.00378919 -0.0682822 0.00139475 -0.00265282 0.298113 -0.00284586 0.0194214 0.269764
-0.0314712 0.0120962 0.300879 -3.87771e-39 0.0201948 0.284773 -0.0207478 0.000932512 0.273237 -0.0288267
0.00406534 0.271689 -0.0344322 0.00930843 0.307952 -1.55337e-40 0.0181574 0.316674 2.42481e-40 0.015184
0.267881 0.0194437 0.00367197 0.287181 0.0258838 0.00776977 0.330298 -0.00400328 0.0137296 0.270568
-0.0355983 0.0111745 0.255752 -0.027855 0.009775 -0.0356111 -0.0162995 -0.011519 -0.0442174 -0.00392471
-0.013245 -0.0358242 -0.0162369 -0.0110402 0.0622821 0.00499266 -0.00604948 0.22772 0.0082011 0.00670378
0.22811 0.00810291 0.00673731 0.0610605 0.00450442 -0.00464739 0.306491 -0.00874852 0.0156854 0.273431
-0.0370306 0.0111407 0.308875 -0.00866785 0.0159667 0.315957 -0.0117197 0.00897406 0.309569 -0.0142433
0.00671386 0.265805 -0.0384773 -0.000871605 0.264946 -0.0392083 -0.00073257 0.267981 -0.0421887 0.00584211
0.306807 -0.0094723 0.0126558 -0.0219164 -0.019488 -0.0163409 -0.0245413 -0.0201722 -0.0128395 0.150781
-0.0241562 0.000464261 0.138135 -0.0340512 -0.0025774 0.134334 0.0159541 0.00774255 0.18594 0.0408861
-0.0018556 0.312451 -0.0116308 0.0152585 0.293003 -0.0350128 0.00771339 0.279501 -0.0449796 0.00647256
0.297825 -0.00355679 0.00849129 0.189733 0.0424856 -0.00315425 0.206082 0.0493956 -0.00875667 0.225993
0.0260971 -0.0084962 0.273151 -0.0102643 -0.000490465 0.233649 -0.033387 -0.00783034 0.22206 -0.0465545
-0.00860001 0.318085 0.011788 0.00878232 0.321175 1.12636e-41 0.0134231 0.294055 -0.0151134 -0.0021158
0.285862 -0.0134924 -0.00333936 0.223765 0.0302807 -0.00123023 0.220746 0.0467053 -0.00885569 0.2325
0.0333651 -0.00803966 0.270874 0.0106787 -0.000660056 0.316685 -0.0118358 0.00888904 0.238179 0.0269181
-0.0076455 0.223921 0.0174465 -0.00955603 0.23598 0.00928424 -0.00662069 0.325861 -0.0133138 0.00779727
0.30915 -0.0289055 0.00597965 0.292566 -0.0341772 -0.00176125 0.2453 -0.0466906 -0.0201514 0.222792
-0.0786737 -0.0221473 0.206773 -0.065441 -0.0132408 0.204232 0.0658582 -0.0136564 0.220685 0.0788677
-0.0231802 0.243494 0.0466198 -0.0208995 0.291408 0.0342 -0.00193918 0.308496 0.0291185 0.00606208
0.190614 -0.042252 -0.00295362 0.318814 0.0119051 0.00869871 0.239442 -0.0268041 -0.00744578 0.328021
0.0133975 0.00762301 0.237139 -0.00912111 -0.00644317 0.22508 -0.0173681 -0.00935696 0.27255 0.0331347
0.00699094 0.276453 0.031114 0.00822169 0.294339 -0.0246064 0.00571699 0.265065 -0.0401948 -0.00417481
0.320243 0 0.0146137 0.311042 0 0.0175979 0.277441 0.0284779 0.00341003 0.288875
0.0206333 0.000490303 0.290026 0.0134837 -0.00364843 0.298152 0.0150662 -0.00235485 0.325191 0
0.0129482 0.0811572 -0.0476768 -0.0372857 0.00861555 -0.0386888 -0.056183 0.00677878 -0.0371239 -0.0562253
-0.0507803 -0.0128079 -0.0131191 0.109776 -0.0199754 -0.00439071 0.124684 -0.0530711 -0.0259468 -0.0276957
-0.00778865 -0.0570327 -0.0430648 -0.00346535 -0.0124136 -0.0445348 -0.0180616 -0.0647017 -0.0201551 -0.0196231
-0.0594675 0.0809609 -0.0344623 -0.0168478 0 0 0 0 0 0
0 0 0 0.127106 0.0108219 -0.00488121 0.013284 0.0199327 -0.0533889 0.138315
0.0451137 -0.0223651 0.255426 0.0431682 0.000603894 0 0 0 0 0
0 0.000716459 0.000236323 -0.000114883 0.287077 -0.011652 0.00134716 0.285146 -0.0117993 0.00128335
0.286553 -0.0167087 0.00396298 0.334763 -0.00249303 0.0124792 0.29228 0.0243591 0.00601419 0.302569
0.0157958 0.0032907 0.301949 0.0130605 -0.000199478 0.309333 0.0135354 0.000103766 0.339888 9.18374e-06
0.0106491 0.28695 -0.0180997 0.00472218 0.274605 -0.0318247 0.00823778 0.294085 -0.0111178 0.00157795
0.11819 -0.061239 -0.016577 0.232761 -0.0551275 0.00414737 0.23112 -0.0559753 0.00384253 0.118101
-0.0677193 -0.0195814 -0.018014 -0.017124 -0.0100998 -0.0344057 -0.0228647 -0.0202488 0.00104062 -0.0689248
-0.0528984 -0.017751 -0.057232 -0.0550202 0.118703 -0.0235132 0.000927781 -0.0294062 -0.0499922 -0.0563384
-0.0414113 -0.0117747 -0.0207408 0.0342982 -0.0271431 -0.0453468 0.0747575 -0.00279527 -0.0369414 -0.0381388
-0.0624824 -0.0610745 -0.0289213 -0.0465033 -0.0539135 0.00151273 -0.0468753 -0.0521615 0.15419 0.0481491
-0.0199971 0 0 0 0 0 0 0 0 0
0.281095 -0.0254681 -0.00334763 0.294336 -0.0180282 -0.0057871 0.282586 -0.0179175 -0.00751351 0.132648
-0.0731807 -0.0283422 0.0420513 -0.0670364 -0.0587319 0.0144215 -0.032915 -0.0634181 -0.0124893 -0.0148655
-0.0423023 -0.0399646 -0.0113022 -0.0171293 -0.00369432 -0.0105504 -0.066492 -0.0590447 -0.00263947 -0.0179609
-0.0474544 -0.00355575 -0.0756587 -0.0486121 -0.0188028 -0.0660883 0 0 0 0
0 0 0 0 0 0.03971 0.013918 -0.025858 0.0114809 -0.00939487
-0.0521908 0.0457448 0.0145831 -0.0406309 0.116039 0.0677054 -0.0222646 0.166246 0.0484412 -0.00760639
0.0309717 0.0129715 -0.00446427 -0.0127795 -0.0263662 -0.0603785 0 0 0 0
0 0 0.210294 0.0175928 -0.0109373 0.22202 0.00910749 -0.00806546 0.319178 -0.0123679
0.0135454 0.223233 0.00822814 -0.00776778 0.327268 -0.0125938 0.012565 0.313345 -0.0312543 0.0041432
0.316989 -0.0281195 0.00595584 0.202299 -0.0325781 -0.00485395 0.0282061 -0.00651697 -0.0147454 0.135487
-0.081719 -0.0375025 0.0487755 -0.00279423 -0.050067 -0.0747363 0.00146634 -0.0151438 -0.029281 0.0381404
-0.0580791 -0.0620452 -0.000661566 -0.0591191 0.0265751 0.00836781 -0.013632 -0.02764 -0.0368301 -0.0580074
0.0476688 0.00497658 -0.0503012 0.19903 0.0331558 -0.0039544 0.13245 0.0822449 -0.0389126 0
0 0 0 0 0 0.00171997 0.000617842 -0.000178715 0.000972879 0.000609221
-0.000285318 0 0 0 0.226634 -0.0260902 -0.00826063 0.206766 -0.049228 -0.00849226
0.2984 0.00385762 0.00877964 0.222631 -0.00913299 -0.00794706 0.210914 -0.0176395 -0.0107752 0.31964
0.0127173 0.0138273 0.312474 0.0313895 0.00412942 0.316112 0.028273 0.00598976 0.32745 0.0127593
0.0127869 0.223843 -0.00825141 -0.00765392 0.26743 0.0387234 -0.000815751 0.268283 0.0380036 -0.000955898
0.311741 0.0142487 0.0065382 0.236613 0.0573855 -0.0105035 0.238698 0.0563426 -0.0124701 0.261184
0.0425536 -0.00334927 0.28346 0.0251935 -0.00345167 0.28486 0.0177291 -0.00757978 0.296638 0.0178077
-0.00587814 0 0 0 0 0 0 0 0 0
0 0 0 0 0 0 0.287785 0.0152892 0.00343015 0.286634
0.0115295 0.00137798 0.288293 0.0114152 0.00144902 0.336043 0.00198315 0.0122595 0.28852 0.0176957
0.00474348 0.29598 0.0108859 0.00177756 0.341337 -0.000337454 0.010464 0.304488 -0.0160779 0.00306771
0.303939 -0.0132698 -0.000402416 0.310991 -0.0136903 -0.00018348 0.270365 0.01298 -0.0213881 0
0 0 0 0 0 0.278143 0.0120138 -0.0210654 0.299877 0.0133101
-0.0037974 0.261532 -0.0166853 -0.0206721 0.25925 -0.025603 -0.0172702 0.267253 -0.0132242 -0.0220037
0 0 0 0 0 0 0 0 0 0
0 0 0 0 0 0 0 0 0 0
0 0.272527 0.0182809 -0.0142322 0.272633 0.0265362 -0.0105591 0 0 0
0 0 0 0.275815 0.0152292 -0.0158245 0 0 0 0.247489
-0.0176794 -0.0142474 0.118284 -0.00844789 -0.00680994 0 0 0 0 0
0 0.249095 -0.0304346 -0.0112707 0.248101 -0.0166536 -0.0144764 0.285775 -0.0184828 0.00422502
0 0 0 0 0 0 0 0 0 0
0 0 0.250512 -0.012603 -0.0153793 0 0 0 0 0
0 0 0 0 0 0 0 0 0 0
0 0 0 0 0 0 0 0 0 0
0 0 0 0 0 0 0 0 0 0
0 0 0 0 0.00173675 -0.000616253 -0.000170671 0 0 0
0 0 0 0 0 0 0.00099581 -0.000605223 -0.000274929 0.297722
-0.0300065 -0.00235963 0.24396 -0.0300721 -0.0197994 0.298364 -0.0279737 -0.00199615 0.243067 -0.0237523
-0.0197944 0 0 0 0 0 0 0 0 0
0 0 0 0 0 0 0 0 0 0
0 0 0 0 0 0 0 0 0.242616 0.029954
-0.0204697 0 0 0 0 0 0 0.242217 0.0235955 -0.0204901
0.296656 0.0300738 -0.00257477 0.297395 0.0280534 -0.00222367 0 0 0 0
0 0 0 0 0 0 0 0 0 0
0 0 0 0 0 0 0 0 0 0
0 0 0 0 0 0 0 0 0 0
0 0 0 0 0 0 0 0 0 0
0 0 0 0 0 0 0 0 0 0
0 0 0 0 0 0 0.248952 0.0172576 -0.0138771 0.250632
0.0298289 -0.0109412 0 0 0 0 0 0 0.123436 0.00855505
-0.00688112 0.249534 0.0163077 -0.0140642 0.286325 0.0183985 0.00383402 0 0 0
0.252041 0.0122045 -0.0148707 0 0 0 0.000725937 -0.000234581 -0.000114253 0
0 0 0 0 0 0.274737 -0.0184023 -0.0143067 0 0
0 0 0 0 0.274791 -0.0266209 -0.0106596 0.277863 -0.0153402 -0.0159151
0 0 0 0 0 0 0 0 0 0
0 0 0 0 0 0.0816094 0.0331989 -0.0160472 0 0
0 0 0 0 0 0 0 0.264971 0.0164076 -0.0202333
0.262832 0.0251708 -0.0169815 0 0 0 0 0 0 0.206391
0.132428 -0.0255389 0 0 0 0.217945 0.12231 -0.0364857 0.28095 0.0199131
-0.00927065 0.272088 0.0156046 -0.0143628 0 0 0 0.310906 0.00866872 0.015713
0.155494 -0.0479288 -0.0195315 0.229881 -0.00789751 0.00665426 0.30363 0 0.0196635 0.302234
0.00142018 0.0192814 0.273127 0.0309483 0.011328 0.303606 0 0.0196866 0.00115521 0.00072231
-0.000208899 0 0 0 0.211204 0.130796 -0.0385008 0.205787 -0.132222 -0.0253509
0.253916 -0.0215589 -0.0260715 0 0 0 0.27078 -0.0158922 -0.014348 0
0 0 0 0 0 0.264214 -0.0158827 -0.019917 0.305961 -0.0174842
-0.00953632 0.263626 -0.015883 -0.0204123 0 0 0 0.279553 -0.0202743 -0.00921665
0 0 0 0.255031 0.0213986 -0.0261138 0.265443 0.0156541 -0.0199294 0
0 0 0.30714 0.0172629 -0.00958303 0 0 0 0.264848 0.0156595
-0.0204245 0.300923 -4.01746e-39 0.0201488 0.271283 -0.0337947 0.00990665 0.235263 -0.0408546 -0.00262154
0.144995 -0.050826 -0.0216619 0.238537 -0.0508057 -0.00343059 0.272888 -0.0327284 0.00768211 0.22846
-0.0610091 -0.00515245 0 0 0 0.175511 0.041429 -0.00916896 0 0
0 0.00149371 -0.000229086 -2.30851e-05 0 0 0 0.249718 0.0384775 -0.00951859
0.245835 -0.0392546 -0.00949586 0 0 0 0.00148218 0.000229422 -2.20001e-05 0.262816
0.0402172 -0.0039757 0 0 0 0 0 0 0 0
0 0.240401 0.049779 -0.00314392 0 0 0 0 0 0
0 0 0 0 0 0 0.23446 -0.0581 -0.0106742 0.173983
-0.0419517 -0.00931021 0 0 0 0.258788 -0.0430876 -0.00332593 0.236619 -0.0570534
-0.0126622 0.249281 -0.036328 -0.0184802 0 0 0 0.250277 -0.0223026 -0.0207223
0.255435 -0.0164647 -0.0214013 0 0 0 0 0 0 0
0 0 0.251144 0.035903 -0.0182939 0 0 0 0 0
0 0.257194 0.0162306 -0.0211714 0.25213 0.02203 -0.0205413 0.257439 0.010568 -0.014607
0.293304 0.011278 0.000467223 0 0 0 0.310825 -0.0150483 -0.00124817 0.283718
-0.0144174 -0.0160507 0 0 0 0.302073 -0.0165363 -0.000353158 0.295855 -0.0133786
-0.00365396 0.320746 -3.32346e-41 0.014363 0.318735 -5.15668e-40 0.0150047 0.31697 1.43564e-40 0.0146304
0.301326 -0.0192416 0.003549 0.304868 -0.0190561 0.00151678 0.321064 -0.0110491 0.000204507 0.316439
-0.0101265 -0.0010045 0.316448 -0.0103669 -0.00106136 0.341111 -8.22405e-38 0.00756907 0.341523 -1.97629e-37
0.00796582 0.341172 -7.88761e-38 0.00798038 0.341866 1.44249e-37 0.00716286 0.319504 -0.0109757 0.000446933
0.321298 -0.0102534 0.000437319 0.332649 -0.0150095 -0.00349765 0.320703 -0.0168693 -0.00334898 0.319889
-0.0143163 -0.00144995 0.347235 1.35461e-37 0.00552545 0.357773 -6.65152e-38 0.00345386 0.368111 -5.64219e-38
0.0026706 0.369172 -4.40439e-38 0.00278717 0.346128 -0.00508694 -0.00405919 0.345332 -0.00579405 -0.00416051
0.142331 -0.00187869 -0.00177664 -0.000477574 -0.00593287 0.000906636 -0.0355005 -0.00531469 0.014377 -0.00470824
0.00492208 0.0124647 0.12857 0.0099945 0.000443459 0.264974 -0.0148653 0.0108689 0.269664 -0.00897571
0.00301794 0.291712 -0.0147005 0.00184823 0.346036 0.00044559 0.00965147 0.314967 0.0158681 -0.000513411
0.300628 0.00592046 -0.00406201 0.302155 0.00518922 0.00214226 0.299227 0.0136133 0.00303605 0.317056
0.0120584 0.000830356 0.352082 -0.00382636 0.00671007 0.270857 -0.0267062 0.00177002 0.247167 -0.0366739
0.00912473 0.300655 0.00222863 -0.00314073 0.309082 0.00239669 -0.00260853 0.364115 0.00349801 0.000900282
0.336019 0.00273272 -0.00427651 0.323608 -0.000657976 -0.00383303 0.338062 0.00720327 -0.000566783 0.370149
-0.00127973 0.000882689 0.308323 -0.0130899 0.00218343 0.297463 -0.0151481 0.00240985 0.277483 -0.00124647
-0.000429998 0.0967046 0.013034 0.0207001 0.0951251 0.0133197 0.0230324 0 0 0
0.262774 -0.0109004 -0.00722335 0.279611 -0.0131105 -0.00194621 0.130535 0.00761956 0.00364789 0.130554
0.022305 0.0032593 0.188192 -0.0173498 -0.00150171 0 0 0 0.067418 -0.0567673
-0.0142639 0.101432 -0.0247829 -0.00350171 0.301712 -0.0148198 0.00170967 -0.0413167 -0.00628913 -0.00456011
-0.0417833 -0.00647184 -0.00447393 -0.0420922 -0.0102877 -0.00672901 -0.0264964 0.0170583 0.00331786 -0.025076
0.00992165 -0.00214673 -0.0431776 0.0194218 0.00851945 -0.0507384 0.0184093 0.0114289 -0.0211259 0.0240102
0.0134537 0.103814 -0.00662476 -0.00281952 0.270154 -0.0043821 0.000377974 0.283235 -0.0106711 -0.00107186
0.193247 -0.0186796 5.24249e-06 0.0665103 0.00295841 0.00526973 0.323204 -0.0145291 0.0108616 0.297556
-0.02342 0.00295763 0.298359 -0.0228419 -0.000642766 0.327408 -0.0143768 0.0105085 0.318113 -0.0139138
0.0108688 0.294628 -0.025703 0.00769836 0.287073 -0.0304463 0.00685643 0.294445 -0.0275077 0.00710569
0.318133 -0.0139781 0.0108855 0.29807 -0.0189377 0.00283422 0.2932 -0.010417 -0.00451299 0.29235
-0.0104007 -0.00470127 0.28245 -0.0144499 -0.00469881 0.284047 -0.0232166 0.00038983 0.339722 -0.00752031
0.00289627 0.30617 -0.00759834 -0.00689451 0.305099 -0.00779078 -0.0067219 0.33956 -0.00773955 0.00300279
0.319788 -0.0212632 -0.00371424 0.106794 -0.0312317 -0.00374781 0.0757204 0.0125945 0.00246051 0.145186
0.0238818 -0.00606525 0.313889 -0.00674673 -0.00975253 0.339049 -0.00295453 0.00133388 0.335034 0.0041187
0.000990647 0.333967 0.000319387 0.000448642 0.343474 -0.00484094 -0.000208177 0.322825 -0.0181742 -0.00276384
-0.0399036 -0.00851563 0.00145702 0.133416 -0.00837729 0.00536708 0.135551 -0.0203171 0.00203655 -0.0383556
-0.0106717 -0.00153461 -0.00724105 0.0228605 0.00245761 -0.00839736 0.0190444 0.00665004 0.058831 0.0328374
0.000672267 -0.028378 0.0163289 -0.000778674 0.0828817 -0.00655769 -0.00135285 0.0365957 0.00627631 0.00714701
-0.0344263 0.0205285 0.00858509 -0.044955 0.0206873 0.00890241 0.292027 -0.00464504 0.00657555 0.217082
0.00893263 -0.00846984 0.232192 0.00632148 -0.00478408 0.251149 -0.000767823 -0.000336177 0.246852 -0.00721015
-0.00202545 0.264065 -0.00216719 0.0021288 0.28162 -0.00392769 0.001098 0.253279 0.00571294 -0.00200589
0.252983 0.00583989 -0.00178668 0.269669 -0.00337004 -0.000410942 0.300074 -0.00290132 0.00363944 0.334206
-0.00329268 0.00466048 0.300686 -0.0219107 0.00130848 0.284753 -0.0247046 0.000927541 0.306242 -0.0214644
0.0026851 0.335983 -0.00455113 0.00643331 0.294436 -0.0090516 0.00236515 0.25326 -0.0135104 -0.00166523
0.198411 -0.0145341 -0.000414954 0.230905 -0.00210342 0.00157084 0.294168 0.0177078 -0.000582258 0.236666
0.0263073 -0.000267497 0.262729 0.0335914 -0.00336757 0.254449 0.0141972 -0.00158819 0.295045 0.00961743
0.00235765 0.336007 0.00499495 0.00634048 0.306298 0.0217563 0.0025189 0.284977 0.0249669 0.000869808
0.300805 0.022305 0.00125824 0.334228 0.00387401 0.00456104 0.300529 0.00351753 0.00358144 0.231937
0.00278712 0.00158795 0.199689 0.0153505 -0.000389031 0.0846754 0.00738712 -0.00144922 0.0378675 -0.00597845
0.00704889 0.159439 0.0178607 0.00105668 -0.0392295 0.00783061 0.00163023 -0.043172 0.00854938 9.52566e-05
-0.0377397 0.0100941 -0.0013479 -0.0273239 -0.0158803 -0.000960104 -0.00768571 -0.0226254 0.00234148 -0.00867779
-0.0194483 0.00662414 -0.047593 -0.0159169 0.00932301 -0.044694 -0.0209197 0.00872737 0.299786 0.0232706
0.00260385 0.300805 0.0224427 -0.00097426 0.280345 0.0132209 -0.0102983 0.232683 0.0092679 -0.0106289
0 0 0 0.116192 -0.0088762 0.0131204 0.139256 -0.013034 0.0079743 0.136524
0.0202658 0.00210683 0.200808 0.0299978 0.00259843 0.289348 0.0304345 0.00678544 0.29671 0.0274243
0.00688958 0.134547 0.0082141 0.00527277 0.320959 0.0218476 -0.00372029 0.335957 0.000509121 0.000419523
0.337174 -0.00311154 0.000956377 0.341412 0.00361684 0.00129108 0.315546 0.00680138 -0.00966151 0.144989
-0.0237494 -0.00592284 0.0751668 -0.0122292 0.00236756 0.106465 0.0320058 -0.00395295 0.0909118 0.0584958
-0.0131898 0 0 0 0.304794 0.0282413 -0.00407608 0.324049 0.0186413 -0.00282712
0.329771 0.0143515 0.0103188 0.325629 0.0145022 0.0107064 0.277289 0.00940673 0.00178329 0.264933
0.0110279 -0.0023263 0.262388 0.0129251 -0.00415298 0.264415 0.00269013 -0.00188922 0.318605 0.0137025
0.0105382 0.320647 0.0140673 0.0107476 0.320629 0.0140067 0.0107316 0.283591 0.00547446 -0.000626677
0.282362 0.00478022 -0.000641308 0.3421 0.00814319 0.00295062 0.342264 0.00793492 0.00284425 0.272313
0.00544252 0.00034938 0.285454 0.0115926 -0.00105048 0.276574 -0.0365351 -0.00486828 0.254455 -0.0265741
-0.00278365 0.263748 -1.1567e-05 -0.000146831 0.345445 0.00541776 -0.00026802 -0.0392102 0.00603734 -0.00419263
-0.0300615 0.00628691 -0.00404799 -0.0400205 0.0100985 -0.00628864 -0.0233593 -0.00893909 -0.00260743 -0.042865
-0.0196531 0.00805523 -0.0213234 -0.0178975 0.0064083 0.0685506 -0.00247184 0.00494083 0.106329 0.00774042
-0.00306271 -0.027282 -0.0165191 0.00272109 0.129408 -0.00714137 0.00334279 0.129668 -0.0221398 0.00357484
0.0267233 -0.0364287 0.0129348 -0.0225664 -0.0248768 0.0138645 0.300589 0.0139002 0.00218955 0.299134
0.013848 0.00188904 0.299836 0.0141577 0.00206022 0.304009 -0.00480048 0.00197225 0.302351 -0.0056427
-0.0041757 0.316769 -0.0156871 -0.000684733 0.34776 -0.000532951 0.00939869 0.293616 0.0143058 0.00159915
0.271589 0.00852177 0.00255952 0.267242 0.0146586 0.0103567 0.249449 0.0365513 0.00884048 0.273009
0.0268783 0.00170491 0.35425 0.00428183 0.00655243 0.319136 -0.011596 0.000812225 0.301172 -0.0130929
0.00292527 0.299922 0.0163633 0.00226717 0.371404 0.00365831 0.000765288 0.34066 -0.00490867 -0.00113747
0.326243 0.0031402 -0.00455372 0.338565 -0.000714847 -0.00434388 0.36643 -0.00205525 0.000775814 0.3075
-0.00145341 -0.00275588 0.301707 -0.00139442 -0.00309962 0.277556 0.00210098 -0.000348506 0.29742 0.0168035
0.00231916 0.298461 0.0167056 0.0021385 0.0006372 4.49421e-05 2.36592e-05 0 0 0
0.00203258 -9.00821e-05 -7.42827e-05 0.00196382 -7.30551e-05 -1.21901e-05 0 0 0 0.000750521
-0.000116967 -0.000110592 0.304537 0.0188951 0.00361261 0.308575 0.0187675 0.00143702 0.294173 0.0102158
-0.013481 0 0 0 0.0283118 -0.000886413 0.00504943 0.293504 0.0176515 0.00371714
0.327092 0.0124211 0.00110802 0.336182 0 0.00351017 0.337889 0 0.00567277 0.324133
0.00651978 -0.00107019 0.0736672 -0.00240856 0.00698385 0.0236771 0.0140064 0.00293768 0.0868706 0.0211389
-0.00809768 0.098984 0.0260701 -0.0254049 0 0 0 0.326614 0.0154106 -0.00391306
0.334041 0.0120517 -0.000971566 0.302366 -0.0153379 -0.000516007 0.00132149 -0.000101125 -3.54634e-05 0
0 0 0.000354785 -0.000215513 -0.000142955 0.295973 -0.0267828 0.0065968 0.297053 -0.0194223
0.00700996 0.316497 3.37419e-39 0.0143512 0.3208 -3.45285e-39 0.0135837 0.330737 -7.03332e-39 0.0107511
0.302558 -0.0227322 0.00100925 0.0977952 -0.0289459 -0.0104924 0.124306 -0.00903447 -0.000148601 0.0753737
-0.0451916 -0.0310425 0.283829 -0.0210957 -0.00768968 0.310512 -0.0111528 -0.00251208 0.304589 -0.0133157
-0.00315929 0.338173 1.15175e-37 0.00765543 0.316439 -0.0107275 -0.00115216 0.310428 -0.00945564 -0.00324395
0.340745 -6.36038e-38 0.00726522 0.0968946 0.0036304 0.0065726 0 0 0 0.305059
-0.00594414 -0.00853538 0.337491 -0.00766148 -0.00528329 0.347835 -0.00353603 -0.0038396 0.373847 1.33045e-38
0.0033194 0.353973 -0.00490581 -0.00192559 -0.0551648 -0.00430632 -0.00187065 -0.0287351 -0.0276368 -0.0212774
-0.0547058 -0.0124919 -0.0250095 -0.0497106 -0.0006066 0.00114588 -0.0681345 -0.00709946 -0.0270383 -0.0463151
-0.00484934 -0.0214381 0.000187361 5.3647e-05 -6.2626e-05 0 0 0 0.000650609 4.43409e-05
-5.85168e-06 0.136227 0.00189324 0.00309065 -0.0166957 0.00315593 -0.0183085 0.113006 0.013525 -0.00813819
0.0872817 0.0238941 -0.0303051 0.30213 0.0199201 -0.00293075 0.00207121 4.01416e-05 -4.83384e-05 0
0 0 0.000740911 -3.14242e-05 1.49053e-05 0.341605 0.00835832 -0.00191459 0.320352 0.00618875
-0.00752126 0.11349 -0.00466038 0.00245001 0.142015 -0.0137216 -0.00266152 0.0007188 0.000142775 -0.000120573
0 0 0 0.00216386 9.19679e-05 -1.38476e-05 0.136351 0.00879345 -0.00373864 0.1073
0.0210738 -0.018247 0.328323 0.0138405 -0.00217547 0.349177 0.00848318 -0.00110926 0.00103513 -0.000171469
-1.54605e-05 0 0 0 0.00024562 -0.000380058 -0.000111173 0.0774838 -0.0541952 -0.00362895
0.108298 -0.0123734 0.00661949 0.239514 -0.0385511 -0.00358221 0.0528719 -0.0801867 -0.0242434 -0.0508274
-0.0100284 -0.00276646 -0.0332561 -0.0612823 -0.0191283 -0.0550462 -0.0473492 -0.0267412 0.301936 0.00138808
-0.0024097 0.121488 0.0157186 0.00413484 0 0 0 0.261024 0.000203731 -0.00665235
0.262741 0.000180269 -0.00642391 0.304525 -0.000391414 -0.000860514 0.308324 -0.0142927 0.000601746 0.265041
-0.0244337 -0.002115 0.252076 0.00191733 -0.00361227 0.263055 -0.00227851 -0.00198662 0.327823 -0.0141514
0.00992387 0.32828 -0.0138589 0.00917683 0.228586 0.00811886 -0.00767618 0.244774 0.00579694 -0.0048524
0.242412 0.00560947 -0.00504331 0.316125 -0.0136036 0.0106749 0.254358 -0.00214687 0.00423297 0.0908907
-0.00924664 -0.00217 0.0905634 -0.0187146 -0.00872213 0.176718 -0.00392365 -0.00433118 0.244038 0.00370034
0.00333193 0.316807 -0.0114041 0.0102172 0.323092 -0.0112869 0.00724094 0.235342 0.0321949 -0.00183787
0.259936 0.0435705 -0.00464279 0.332538 -0.0111943 0.00425467 0.258723 0.0264316 -0.00608756 0.260757
0.0129332 -0.00337909 0.338018 -0.00949276 0.00385846 0.252914 0.0102555 -0.00286999 0.265758 0.00552558
-0.000919712 0.280286 -0.00414197 -0.00070022 0.281492 -0.00481956 -0.00068434 0.278799 -0.0148841 -0.00290026
0.263439 0.00530712 -0.00092297 0.261683 0.000920187 -0.000160476 0.252584 0.0271863 -0.00289978 0.274698
0.0369468 -0.00500711 0.346341 -0.00563436 -0.000400184 0.274234 0.0312463 -0.00519524 0.358577 -0.00907458
-0.00123663 0.273535 0.0226991 -0.00547831 0.27784 0.00681189 -0.00262805 0.270886 0.00272671 -0.000633795
0.286853 -0.00337939 0.000689741 0.370181 -0.00933179 -0.000632287 -0.0439504 -0.00915491 -9.91839e-05 0.137183
-0.0296281 -0.000568857 0.0303961 -0.0349245 -0.0160636 -0.0258344 -0.0278459 -0.0254762 -0.0580648 -0.011381
-0.0055456 -0.0561085 -0.033918 -0.0341165 -0.0620176 -0.0248071 -0.0338893 0.0497255 -0.00836981 -0.00279414
-0.0291326 -0.0191369 -0.0253002 0.0498383 -0.0107593 -0.0141065 0.126224 0.00764782 -0.00326908 0.21024
0.0085208 0.00712051 0.226547 -0.00112323 0.00657589 0.182071 -0.0325161 0.00143741 0.194161 -0.019395
0.00263604 0.290057 -0.0293077 0.010213 0.290481 -0.0317251 0.00911776 0.303627 -0.0288018 0.00479666
0.279989 -0.0303405 -0.00359386 0.229917 -0.0572787 -0.020498 0.186782 -0.062755 -0.0122368 0.022263
-0.00167151 -0.00322078 0.108908 -0.0247499 -0.00997304 0.0256354 -0.00453314 -0.0207496 0.24283 -0.00244969
-0.00956177 0.251264 -0.00240978 -0.0138881 0.258691 -0.0156087 -0.0126186 0.3005 -0.0257581 -0.00162765
0.317382 -0.0215089 0.00457828 0.320676 -0.018137 -0.0001571 0.297565 -0.0221815 -0.0055562 0.241791
-0.0463927 -0.0155047 0.200471 -0.0472844 -0.00904 0.198358 -0.0194252 -0.00183588 0.194334 0.0195498
0.00238224 0.0226366 0.00163944 -0.00337993 0.0261043 0.00449059 -0.0208271 0.110037 0.024863 -0.0101917
0.182649 0.0327688 0.00113078 0.289759 0.0320667 0.00893849 0.289192 0.0295922 0.010113 0.187577
0.0630077 -0.0125003 0.230519 0.0575034 -0.0207607 0.280101 0.030582 -0.00401785 0.303246 0.0290947
0.00454247 0.317465 0.0217768 0.00434768 0.301075 0.0259408 -0.00186179 0.259108 0.0157414 -0.0126819
0.251628 0.00249038 -0.0138889 0.24318 0.00251166 -0.00959265 0.198241 0.019841 -0.00182362 0.200411
0.0477499 -0.00905723 0.241896 0.0466771 -0.0155404 0.297782 0.0223413 -0.0056062 0.320838 0.0184671
-0.000234055 0.0513894 0.00850457 -0.00276087 0.227604 0.00134835 0.00646557 0.211485 -0.00823297 0.00696051
0.127641 -0.00721919 -0.00339877 0.0513807 0.0114976 -0.0138591 -0.0569221 0.0110539 -0.00527696 -0.0275144
0.020231 -0.0245564 -0.0609899 0.0255401 -0.0331474 -0.0557038 0.0343669 -0.0336943 -0.0256856 0.0281281
-0.025181 0.0306636 0.0350311 -0.0156826 0.138031 0.0296644 -0.000369787 0.330146 0.0141645 0.00973254
0.253351 -0.00156423 -0.00348046 0.245945 -0.00552275 -0.00468416 0.229646 -0.0079405 -0.00746388 0.33055
0.0139208 0.00898341 0.243611 -0.00530789 -0.00488122 0.245427 -0.0034166 0.00322791 0.255742 0.00253437
0.00412504 0.319371 0.0116335 0.0101028 0.261192 -0.0432669 -0.00450538 0.236574 -0.031956 -0.001827
0.32563 0.0115631 0.00717189 0.0925942 0.00962325 -0.00210761 0.177642 0.00398949 -0.00433257 0.0917471
0.0189043 -0.0083522 0.262035 -0.0127154 -0.00326499 0.259846 -0.0262539 -0.005927 0.335048 0.011468
0.00421373 0.267286 -0.00520049 -0.000840469 0.254171 -0.0100493 -0.00276426 0.340535 0.00980961 0.00380617
0.281005 0.015672 -0.00282464 0.265213 -0.00490109 -0.000846641 0.276138 -0.0309001 -0.00508116 0.348339
0.00616417 -0.000462412 0.280047 -0.00658477 -0.00263373 0.275479 -0.0224511 -0.00540136 0.360707 0.00940442
-0.00131047 0.372413 0.00954955 -0.000654443 0.289497 0.00354686 0.000658185 0.273281 -0.00256039 -0.000675171
-0.0397154 0.00618244 -0.00411827 -0.000586625 0.0321134 -0.0124317 -0.04494 0.0348695 -0.019081 -0.0495741
0.00901561 -0.0026364 -0.0637833 0.0459057 -0.0283043 -0.053818 0.0468005 -0.0262677 0.000249395 0.000380414
-0.000109505 0 0 0 0.00104431 0.000171653 -1.53957e-05 0.109914 0.011792 0.00619606
-0.0323462 0.0607823 -0.0190726 0.0790117 0.0538482 -0.00372953 0.0536432 0.0802936 -0.0238794 0.241651
0.0386221 -0.00357328 0.26306 0.000198015 -0.00641567 0.262239 0.000180504 -0.00652089 0 0
0 0.121309 -0.0158399 0.00463146 0.302775 -0.000807457 -0.0025839 0.306144 0.0011177 -0.000890365
0.100169 0.0259053 -0.00388145 0.066135 0.05896 -0.014424 0 0 0 0.142239
0.01379 -0.00128425 0.264336 0.0256249 -0.00238678 0.308237 0.0157541 0.00040901 0.000654773 -4.33501e-05
-5.67295e-06 0 0 0 0.00018946 -5.29335e-05 -6.2247e-05 0.11425 -0.0130335 -0.0082248
0.137367 -0.00142 0.00297967 0.30413 -0.019479 -0.00284661 0.0882363 -0.0235836 -0.0301081 -0.0160633
-0.00273849 -0.0183474 -0.0461113 0.00530111 -0.0215 -0.0496234 0.00113207 0.00110036 0.000775167 3.30042e-05
7.97422e-06 0 0 0 0.00208465 -3.3015e-05 -4.66054e-05 0.147427 0.0142149 -0.00492103
0.118826 0.00490747 0.00135722 0.322796 -0.00509833 -0.00725528 0.344219 -0.00712926 -0.00184566 0.351587
-0.00675982 -0.00118867 0.331408 -0.0122284 -0.00213484 0.11216 -0.0172717 -0.0167406 0.143252 -0.00546659
-0.00269981 0.325227 0 0.0139416 0.306069 0.0163955 -0.000523531 0.323483 0 0.0146966
0.306305 0.015148 -0.000693464 0.000356706 0.000213061 -0.000142274 0 0 0 0.00132862
9.9022e-05 -3.44025e-05 0.29912 0.0263031 0.00658239 0.300227 0.019073 0.00699305 0.125314 0.00896611
5.38076e-05 0.0984295 0.0286679 -0.010179 0.0757615 0.0446807 -0.0308958 0.285288 0.0206567 -0.0074606
0.305223 0.0222482 0.0010595 0.325421 0 0.0134269 0.321204 0 0.0142005 0.335086
0 0.0106073 0.323838 0.00814056 -0.000962252 0.308996 0.00462362 -0.00936938 0 0
0 0.0871647 -0.0025364 0.0180681 0.342435 0 0.00687262 0.343063 0 0.006969
0.319439 0.00827942 -0.001443 0.319728 0.00770548 -0.00149437 0.318977 0.00914656 -0.00136859 0.343476
0 0.00703903 0.345883 0 0.00245093 0.358076 0 0.000739527 0.339112 0.00890519
-0.00305625 0.346237 0.00592323 -0.00330267 -0.0321402 -0.00649507 -0.0043943 -0.0653908 -0.0461877 -0.0293512
-0.0467983 -0.0346769 -0.0199662 -0.00224502 -0.0317132 -0.0131147 -0.0814285 -5.42179e-05 -0.0064078 -0.0587763
-0.00083313 -0.0338089 -0.0853055 2.68169e-05 -0.0404245 -0.0589941 0.000807408 -0.0338024 0.342091 0
0.00752836 0.306782 0.0129181 -0.00307521 0.312879 0.0105757 -0.00248898 0.312751 0.00859824 -0.00328839
0.316651 2.47635e-39 0.0144293 0.301204 -0.0192496 0.00366206 0.286321 -0.0175037 0.00367044 0.0281694
0.00093554 0.0049487 0 0 0 0.29202 -0.010741 -0.0139975 0.105587 0.00342697
0.00513928 0.0901437 0.00299422 0.0158408 0.300834 -0.0083871 -0.00595894 0.166109 -0.0012255 -0.00810682
-0.0452899 -0.00270478 0.0152111 -0.0220741 0.00514176 0.017843 -0.0435406 0.00775787 0.0157589 -0.0646876
0.00276736 0.0119994 -0.043161 -0.00511672 -0.0015864 0.0082332 0.00598904 -0.0114202 -0.0386338 0.00180149
-0.0127065 -0.0448479 8.18129e-05 -0.0136701 -0.0445107 -0.00718151 0.00173362 -0.0444149 -0.00827794 0.0149313
-0.0348202 -0.0123736 0.00342416 -0.0353027 0.00595943 0.00956449 -0.065001 -0.000993145 0.00967299 -0.0602667
-0.00418545 -0.0160606 -0.0382573 -0.0086048 -0.0131207 0.00202175 9.1903e-05 -7.47544e-05 0 0
0 0.000629662 -4.40683e-05 2.40366e-05 0.12542 -0.0107888 4.57637e-05 -0.00274241 -0.00848606 0.0116884
0.294019 0.0132046 -0.0109572 0.0979766 -0.00676044 0.00394837 0.161188 -0.00770678 0.000987187 0.00894978
-0.00642291 0.00514433 -0.00185118 0.0010404 -0.00916749 0 0 0 0.297456 -0.0143205
0.00193984 0.296191 -0.0137632 0.00159313 0.299151 -0.0137542 0.00223872 0.291875 -0.0153636 0.001865
0.292217 -0.0168147 0.00190015 0.343429 0.00105113 0.0100657 0.309405 0.0150543 -0.000903237 0.316656
0.0175716 0.00101964 0.315069 0.0194519 0.000701085 0.290838 -0.0114093 0.000127162 0.355719 -0.000777189
0.00514744 0.322257 0.00815342 -0.000773184 0.329899 0.00595325 -0.00100499 0.330374 0.00765772 -0.00176427
0.336829 0.00847734 -0.000752367 0.360131 0.00222234 0.00414528 0.284602 -0.00488833 -7.3769e-05 0.275117
-0.0121862 -0.000310999 0.292519 -0.00277045 0.00045798 0.280456 -0.003589 -0.000469328 0.362949 0.00355447
0.00282371 0.336645 0.0100264 -0.00127245 0.290547 -0.00264582 0.000349442 0.377171 -2.99604e-05 0.000626184
0.349747 0.00554285 -0.00267916 0.358545 0.00297988 -0.00342229 0.388356 0.0029112 -0.00124788 0.317285
0.00131053 -0.00176131 0.303565 -0.00567787 -0.00148903 0.359135 0.00258902 -0.00351194 0.36674 0.00319491
-0.00295953 0.396633 0.00445773 -0.00203505 0.331637 0.00414133 -0.000846458 0.316411 0.00362488 -0.00165127
0.25982 -0.0106453 -0.0137444 0.03584 -0.00146786 -0.00189611 0.258639 -0.0107197 -0.0141689 -0.0248634
0.0210385 0.0241722 -0.0143121 0.0269767 0.0259901 0.0136368 0.0233946 0.0227875 0.102135 0.0120554
0.0126426 -0.0472899 0.00842256 0.0203085 0 0 0 0 0 0
0.256502 -0.00452803 -0.00691142 0.256072 -0.00469261 -0.0069624 0.263791 -0.00412581 -0.00535885 0
0 0 0.0287658 0.0360133 0.0121156 -0.0122293 -0.0271589 -0.0134945 -0.031819 -0.0187185
-0.0162955 -0.0418103 -0.00391192 -0.00313254 0.0719768 0.00170241 0.00212809 0.0717752 0.00181913 0.00217388
0.065506 0.00282988 0.00224206 -0.0447252 0.0102576 0.00537637 -0.0623845 0.00337958 0.0109476 -0.012233
0.0153639 0.00308765 -0.0421685 -0.0258756 -0.015108 -0.0248038 -0.0249816 -0.01074 -0.0227255 0.0178376
0.00690497 0.111455 -0.018557 -0.0063016 0.0184013 -0.0301666 -0.00755342 0 0 0
0 0 0 -0.0113378 -0.0678732 -0.0196423 -0.023143 -0.0677745 -0.0230228 -0.023596
-0.0593276 -0.0278087 0 0 0 0.219675 -0.0138168 -0.00172159 0.184576 -0.0180811
-0.00311223 0.261132 -0.0125452 -0.00424709 0.263655 -0.0106365 -0.00237351 0.275807 -0.00906718 0.00182102
0.267058 -0.00806108 0.000155528 0.000190001 3.17797e-05 -3.26059e-06 0 0 0 0
0 0 0 0 0 0 0 0 0.297176 -0.0227457
-0.0018273 0.299313 -0.0212712 -0.00416071 0.293122 -0.0177958 -0.00763831 0.294924 -0.0225625 -0.00407962
0.199368 -0.0299814 0.00251142 0.257301 -0.021857 -0.00688837 0 0 0 0.114923
-0.0733994 -0.0328109 0.132069 -0.0397102 -0.00801332 0.292158 -0.0102873 -0.00476085 0.298394 -0.00941091
-0.00405808 0.289393 -0.00867402 -0.00560834 0.29863 -0.00563657 -0.0101426 0.147474 0.0123305 -0.00354213
0 0 0 0.206093 -0.00184227 -0.0109446 0.296661 -0.00930507 -0.00536447 0.286816
-0.00256351 -0.0152313 0.325185 -0.0121442 -0.00360998 0.323573 -0.0130873 -0.00356109 0.303735 -0.0276857
-0.00400136 0 0 0 0.0913529 -0.0572827 -0.0131356 0.334769 -0.00653373 -0.00390172
0.33639 -0.0058641 -0.00359673 0.34674 -0.00475574 -0.00250739 -0.0457729 -0.00202089 0.0238884 -0.0448342
-0.00147106 0.0245062 0.0190464 0.0199537 0.0241966 0.13894 0.0132547 0.00733337 -0.0459355 -0.0018404
0.0245115 -0.0560826 -0.000475416 0.0104016 -0.0672139 -0.00536634 0.0153678 0.0129234 -0.0286389 -0.00949403
-0.0180898 -0.0129805 -0.0137344 -0.0475892 0.0154596 0.00941062 -0.0392522 -0.0180546 -0.0134559 -0.025103
-0.0214164 -0.00925878 0 0 0 0 0 0 -0.0154204 -0.0484092
-0.0260783 0.00705957 -0.0575583 -0.0238102 0.0302983 0.00171904 0.00615102 -0.0384394 0.00789345 0.00864157
0.247584 -0.00760557 0.00141895 0.143916 -0.0141772 -0.00110345 0.0140844 -0.0317002 -0.00704104 0.0915856
-0.0213876 -0.00571796 0.1579 -0.0172351 0.00102672 0.167056 -0.00484051 -0.0022405 0 0
0 0 0 0 0.0828875 -0.020563 -0.0186561 0.021128 -0.0636195 -0.0169828
-0.0114233 -0.0602383 -0.0178372 0 0 0 0.230013 0.00791055 -0.00415813 0.329404
-0.0114924 0.0136776 0.215409 0.00922172 -0.00887734 0.32869 -0.00916306 0.0144745 0.314898 -0.0275088
0.00799743 0.314162 -0.0296526 0.00588859 0.313167 -0.0295748 0.00841809 0.312209 -0.0284626 0.00964186
0.334275 -0.00995994 0.00841152 0.323644 -0.00685737 0.0111004 0.24041 0.0447514 -0.00728768 0.24275
0.0249821 -0.00971792 0.245675 0.0120068 -0.00605902 0.239994 0.01006 -0.00541386 0.253877 0.0054097
-0.00252015 0.338976 -0.0089974 0.0088929 0.314943 -0.0234308 0.00265483 0.308321 -0.0275723 0.00174089
0.316545 -0.0215001 0.00410995 0.313171 -0.0239402 0.00234066 0.263453 -0.0121457 -0.00255462 0.338752
-0.00659068 0.00831986 0.315314 -0.0230995 0.00424759 0.26211 0.0181666 -0.00467884 0.266106 0.00645926
-0.00245375 0.342471 -0.00668621 0.0036989 0.26715 0.0033531 -0.00186199 0.356207 -0.0104112 0.00196719
0.337566 -0.0130206 -0.00195107 0.327366 -0.017885 -0.00205816 0.260558 0.000327874 -0.000210487 0.27746
-0.00460389 0.00104588 0.366406 -0.00904724 0.00243393 0.344798 -0.0102678 -0.000963174 0.339168 -0.0129046
-0.00234747 0.233614 -0.00775198 -0.00723252 0.242884 -0.00707928 -0.0137553 0.250603 -0.0217517 -0.0121576
0.297789 -0.0337662 0.00255773 0.301237 -0.0281043 0.00981744 -0.00602895 -0.0144182 0.00760054 0.127442
0.00931865 -0.00605125 0.207973 -0.010748 -0.00234806 0.0356728 0.00409658 -0.00391844 0.00188025 -0.015554
0.00532369 0.136321 0.00988639 -0.00724695 0.124031 -0.00991354 -0.00840044 0.0422845 0.00944002 -0.0134369
-0.0744349 -4.89545e-05 0.0114824 -0.0687629 -0.0201639 0.0127783 -0.00567186 0.0143726 0.00751968 -0.0689934
0.020098 0.0127746 -0.0714517 -0.000248186 -0.00258819 -0.0688341 -0.000355108 0.0107935 -0.0621857 -0.0205232
0.0108586 -0.0436904 0.00779466 -0.0199455 -0.0758141 0.000312974 -0.0248449 0.0347406 -0.00420323 -0.00405046
0.00113037 0.015486 0.00513157 -0.0638137 0.0200067 0.0106833 -0.0455303 -0.00704285 -0.0202897 0.0411495
-0.00872265 -0.0134013 0.233943 0.00772525 -0.00766743 0.128421 -0.00944654 -0.0064396 0.30034 0.0283364
0.00974225 0.311252 0.0285886 0.00963301 0.297119 0.0338961 0.0022866 0.250888 0.0216099 -0.0128135
0.243392 0.00689492 -0.0143582 0 0 0 0 0 0 0.000938371
0.000238567 -8.35437e-05 0.0022429 0.000138901 -0.000109393 0 0 0 0 0
0 0.208074 0.0109808 -0.00237658 0.136574 -0.00979324 -0.00732939 0.123822 0.0105881 -0.00832262
0 0 0 0.00214287 0.000416751 -0.000136745 0.00116035 0.000436812 -0.00021726 0
0 0 0.232883 -0.00624493 -0.00477858 0.21772 -0.00889939 -0.00842055 0.292273 0.00474297
0.00668405 0.264672 0.00229951 0.00211716 0.251919 0.000901653 -0.000375767 0.230788 -0.00777627 -0.00418777
0.329372 0.0116036 0.0138504 0.313152 0.0297457 0.00590777 0.313907 0.0275896 0.00804924 0.312125
0.0296143 0.00844069 0.328479 0.00928773 0.0146028 0.216042 -0.00919325 -0.00882322 0.334222 0.010228
0.0084029 0.323506 0.00716415 0.0110841 0.308219 0.0277956 0.00146868 0.3149 0.0236274 0.00242128
0.313339 0.0241057 0.00210354 0.316679 0.0216914 0.0038921 0.338967 0.0092953 0.00885154 0.246439
-0.0118864 -0.00583704 0.243497 -0.0248713 -0.00943467 0.241155 -0.0445427 -0.00702519 0.254735 -0.00518521
-0.00237549 0.240767 -0.00991214 -0.0052138 0.270803 0.00386275 -0.000326679 0.25404 -0.00552447 -0.00166402
0.254276 -0.00542499 -0.00187674 0.282568 0.00439968 0.00115495 0.264681 0.0127845 -0.0024727 0.33875
0.00696073 0.00823785 0.31558 0.0233114 0.00400628 0.263328 -0.0332033 -0.00317425 0.237556 -0.0257388
-0.000147193 0.294562 -0.0172918 -0.000498322 0.266878 -0.00622778 -0.00227986 0.262821 -0.0179047 -0.00444185
0.34255 0.0071453 0.00361461 0.327576 0.0180948 -0.00214601 0.337732 0.0132018 -0.00204024 0.356385
0.0107113 0.00190228 0.267937 -0.0031383 -0.00170651 0.339303 0.0130201 -0.00242213 0.344885 0.0104087
-0.00102767 0.36663 0.00934162 0.00236937 0.278481 0.00483636 0.0011296 0.261507 -0.000124576 -8.41232e-05
0 0 0 0 0 0 0.031791 -0.00182402 0.00587704 0.145045
0.0142434 -0.00128666 0.248388 0.00766166 0.0013436 -0.055324 -0.000301973 0.0102443 -0.0368823 -0.00809843
0.00825961 0 0 0 0 0 0 0.000906235 -0.000167622 -2.49274e-05
0 0 0 0 0 0 0 0 0 0.16832
0.00563906 -0.00207781 0.0930438 0.0223597 -0.00540351 -0.033676 -0.0205828 0.00840967 0.0159569 0.033355
-0.00666009 -0.0235938 0.0233221 -0.00901687 -0.043572 -0.000309711 0.0239459 0.0208078 -0.0221005 0.0250115
-0.042599 -0.000901358 0.0245734 -0.0436922 -0.000535905 0.0245658 -0.0671899 0.00452942 0.0154852 -0.0386495
0.0197271 -0.0132129 -0.018403 0.0141859 -0.0137136 0.0582586 -0.0328875 0.000763722 0.0120259 0.029523
-0.00971258 0 0 0 0 0 0 -0.0153322 0.0506984 -0.0256496
-0.0209278 0.0591706 -0.020685 -0.0104314 0.0624162 -0.017324 0 0 0 0.299597
0.0223092 -0.00210558 0.295344 0.0175418 -0.00767817 0.301616 0.0208953 -0.0042694 0.297298 0.0220552
-0.00425674 0.132845 0.0398385 -0.00777056 0.115457 0.0738348 -0.032422 0 0 0
0.258521 0.0221045 -0.00678106 0.285996 0.0233253 0.000409292 0.296973 0.0257534 0.00761621 0.300227
0.0191072 0.00282167 0.294927 0.010523 -0.00450337 0.284052 0.0146061 -0.00466949 0.29406 0.0105032
-0.00469057 0.293851 0.010389 -0.00474718 0.290848 0.00876543 -0.00555227 0.299981 0.00945374 -0.00399563
0.307819 0.00758158 -0.0068018 0.299893 0.00563009 -0.010004 0.206566 0.0018492 -0.0107933 0
0 0 0.147465 -0.0121937 -0.00343728 0.30672 0.00777573 -0.0066274 0.287475 0.00257315
-0.0150208 0.298065 0.00930351 -0.00525589 0.324856 0.0133392 -0.00365418 0.326479 0.0123727 -0.00370069
0.336133 0.00662313 -0.00397818 0.34809 0.00477058 -0.00246713 0.33773 0.00586576 -0.00362005 0.0732868
-0.00122402 0.00174337 0.0730811 -0.00133965 0.0017844 0.185602 0.0184087 -0.00320833 0.220821 0.0141783
-0.00178365 0.268366 0.00846809 0.000139436 -0.0398546 0.00358648 -0.0028127 0.0668014 -0.00237837 0.0018562
-0.0436783 -0.0110568 0.00543193 -0.0110672 -0.0152592 0.00274669 -0.0464976 -0.0101544 0.0200891 -0.0614302
-0.00500866 0.011087 0.113626 0.01961 -0.0060168 0.0211605 0.0320881 -0.00717548 -0.0224472 0.0272827
-0.0103907 -0.0510596 -0.0192117 0.0112644 -0.0408348 0.0281537 -0.0146011 -0.0316565 0.0205078 -0.0161446
0.0269251 0.0694017 -0.0165132 0.104775 0.0215723 -0.016875 0 0 0 0
0 0 0 0 0 -0.00983466 0.070542 -0.0188123 0.0129035 -0.0248641
0.0224715 -0.0125737 -0.0282293 0.0253682 -0.0227125 -0.0228256 0.0237904 0.279183 0.0123854 -0.00282229
0.264297 0.0104068 -0.00738053 0 0 0 0.0970592 -0.0138006 0.0220069 0.0986603
-0.0135776 0.0198417 0.104382 -0.0127848 0.0120663 -0.0133982 0.0284672 -0.013807 0 0
0 -0.0114712 0.0645093 -0.0261915 -0.0230422 0.062526 -0.0269785 0 0 0
0.294279 0.0165567 0.00175634 0.293876 0.0151716 0.00166017 0.345103 -0.00132479 0.00985003 0.318108
-0.017487 0.000746486 0.316887 -0.019286 0.000520299 0.357987 0.00136073 0.00501397 0.277294 0.0124433
-0.000348618 0.286734 0.00522168 -0.000112669 0.282484 0.00396732 -0.000466766 0.294434 0.00327863 0.000455537
0.362492 -0.00138479 0.00402223 0.332191 -0.00542284 -0.000955455 0.324416 -0.00771417 -0.000743019 0.339321
-0.00768687 -0.000686837 0.332757 -0.00702035 -0.00167571 0.365342 -0.0024193 0.00270341 0.292303 0.00324297
0.000356452 0.339237 -0.00908261 -0.0012222 0.378289 0.00199451 0.000514956 0.303353 0.00650425 -0.0017019
0.317123 -0.000729337 -0.00201692 0.389593 -0.00161258 -0.00155102 0.361076 -0.00212646 -0.00336085 0.352267
-0.00447894 -0.00254627 0.316148 -0.00329372 -0.00195969 0.33197 -0.0038364 -0.00148362 0.398974 -0.00337791
-0.00308115 0.369602 -0.00198451 -0.00369112 0.361948 -0.00178276 -0.00365204 0.126226 0.0110113 -6.40326e-05
0.0992166 0.0069011 0.00388853 0.295879 -0.0129551 -0.0108992 -0.0433677 -0.00717959 0.015686 -0.00245041
0.00892239 0.0115741 0 0 0 0 0 0 0.169133 0.00999218
-0.000346657 -0.0244399 0.0155274 0.00131635 -0.0289749 -0.00791791 0.00525075 0.0148097 0.00474779 0.00102899
0.00826974 0.00418262 -0.00630456 -0.0292959 0.0162626 -0.0114178 -0.0452882 0.00306395 0.0152561 -0.0648189
-0.00227031 0.0119567 -0.0550976 0.004701 -0.00173588 0.106352 -0.00344108 0.00549607 -0.0219573 -0.00493671
0.0181068 -0.0681761 0.00748208 -0.027089 -0.0545936 0.0128404 -0.0247588 -0.0286543 0.0277621 -0.0208177
-0.0483534 0.0154008 -0.00321863 -0.0484113 0.0158068 -0.0167689 -0.0447603 0.0156028 -0.0164825 -0.0306186
-0.00160365 0.0170072 -0.04235 0.00401565 0.014247 -0.0310802 0.015011 0.00120457 -0.0204302 0.0196911
-0.0149591 -0.0493921 0.0153421 0.000623993 -0.0457628 0.00564905 0.0134446 -0.0582273 -0.000176318 0.00655674
-0.0567742 0.0162829 -0.0174257 -0.034735 0.00540077 -0.0339081 0 0 0 0
0 0 -0.0265116 -0.00196509 -0.0358796 0.285364 0.0117393 -0.0194384 0 0
0 0.304448 0.0189008 0.00369198 0.321731 0 0.014451 0.321382 0 0.0142745
0.0908351 -0.00284443 0.0162052 0 0 0 0.307123 0.00690655 -0.00999708 0.302518
0.00782314 -0.0109581 0.255281 0.00667096 -0.00932117 0 0 0 0 0
0 0.360209 0 0.000723245 0.347574 0.00537362 -0.00342703 0.350108 0.00432665 -0.00366626
0.356068 0.00417254 -0.00260736 0.367409 0 0.000664379 0.283023 -0.0121167 -0.020235 0.275433
-0.0123036 -0.0218194 0 0 0 0 0 0 0.289146 -0.0119096
-0.0174104 0 0 0 0 0 0 0.253084 -0.00746013 -0.00931865
0 0 0 0 0 0 0.292482 -0.0103302 -0.0120279 0.291077
-0.0140208 -0.0107705 0 0 0 0 0 0 0.295639 -0.00921254
-0.0118952 0.299933 -0.00883997 -0.011044 0 0 0 0.303634 -0.00853168 -0.00981726
0 0 0 0.300206 -0.00881755 -0.0109545 0.306561 -0.020575 -0.00840745 0.300306
-0.0184265 -0.00648095 0.17572 -0.0173842 -0.0151257 0 0 0 0.316863 -0.0117662
-0.0102998 0.31967 -0.00709681 -0.0100391 0 0 0 0 0 0
0.321609 -0.00612763 -0.00933817 0 0 0 0.328362 -0.00382727 -0.00696984 0.323641
-0.00510516 -0.00859156 0 0 0 0 0 0 0 0
0 -0.0120175 -0.0275675 -0.0461847 -0.0390452 -0.0110237 -0.0487886 0 0 0
0 0 0 -0.0469529 -0.0210977 -0.0474552 0 0 0 0
0 0 -0.0275311 -0.0244465 -0.0465512 -0.0052851 -0.0140364 0.0183521 -0.0380478 -0.0223405
0.0201681 0 0 0 0 0 0 -0.0418778 -0.0138851 0.0170204
-0.0398261 -0.0191761 0.0196946 0 0 0 -0.0521108 0.00271476 0.0163989 0
0 0 -0.0317477 0.0299169 0.01371 0 0 0 0 0
0 0.281961 0.0144052 -0.0159384 0 0 0 0 0 0
0.287854 0.0144151 -0.0149871 0.291924 0.0147652 -0.013388 0 0 0 0
0 0 -0.00262098 -0.00117469 -0.0450915 0 0 0 0 0
0 0 0 0 0 0 0 0.310422 0.0101524 -0.00749399
0.308349 0.0138386 -0.00551003 0.313024 0.00914168 -0.00794572 0 0 0 0.316375
0.00893535 -0.00765062 0 0 0 0 0 0 0 0
0 0.00912172 0.0178729 0.0102121 0 0 0 0 0 0
0.319463 0.0086999 -0.00746616 0 0 0 0 0 0 0.00530286
0.00109475 -0.02821 -0.0270265 -0.0129081 -0.0305388 0 0 0 0.334792 0.00933107
-0.00410346 0 0 0 0.337732 0.00600336 -0.00504236 0 0 0
0.261926 -0.0112259 -0.0110452 0 0 0 0 0 0 0
0 0 0 0 0 0.255705 -0.0109069 -0.0152182 0 0
0 -0.0209303 -0.0758198 -0.0442129 0 0 0 0 0 0
-0.0414055 -0.0656261 -0.0513929 0.0325267 0.0019989 0.0126649 0 0 0 -0.0281404
-0.0147553 0.015741 0 0 0 0.250692 -0.00672851 -0.00759099 0 0
0 0.273821 -0.0138584 -0.00493576 0 0 0 0.265839 -0.0234726 -0.00237168
0.296562 -0.00760445 -0.00230158 0.274224 -0.0115941 -0.00503535 0 0 0 0
0 0 -0.0108551 -0.0617356 -0.0264545 0.275186 -0.00618846 -0.00526821 0 0
0 0.285238 -0.000638595 -0.00315095 0 0 0 0 0 0
0.278987 -0.00273078 -0.00427953 -0.0448381 0.00651869 0.0163202 -0.0377758 0.0204345 0.0154752 0
0 0 0 0 0 -0.0243462 0.0371176 0.0136259 0 0
0 0.0538131 0.0260501 0.0114638 0 0 0 0 0 0
0.0252856 -0.0676112 -0.017295 0.103381 -0.0208535 -0.0175627 0 0 0 0
0 0 0 0 0 0 0 0 0 0
0 0 0 0 0 0 0 0 0 0
0 0 0 0 0 0 0 0 0 0
0 0 0 0 0 0 0 0 0 0
0 0 0 0 0 0 0 0 0 0
0.000951712 -0.00201021 -0.00115141 0.095373 -0.0782029 -0.0381603 -0.00465056 -0.0444019 -0.0473761 0
0 0 -0.0317864 -0.0355492 -0.0577162 -0.0401745 -0.034984 -0.0495844 -0.0216929 -0.043396
-0.0584217 0 0 0 0 0 0 -0.0139173 -0.0126025 -0.0185684
-0.0343737 -0.0363183 -0.0576441 0.0433872 -0.0910399 -0.0523166 -0.00580991 -0.0557303 -0.0595208 -0.0429522
-0.0389066 -0.0573864 0.0515804 -0.00635718 0.00554268 -0.0228554 -0.0269355 0.0100683 0 0
0 0 0 0 -0.0408878 -0.00450692 0.0135789 0 0 0
-0.0377931 0.0102917 0.0154465 0 0 0 0 0 0 -0.0216487
-0.056845 -0.0212062 0 0 0 0 0 0 0 0
0 0 0 0 0 0 0 0 0 0
-0.0108121 -0.040092 -0.0464002 0.0528457 -0.00512192 -0.0400917 0 0 0 0
0 0 0.00090339 0.000168435 -2.5898e-05 0 0 0 0 0
0 0 0 0 0 0 0 0 0 0
0 0 0 -0.0320529 0.0298383 0.0152471 0.0280138 0.0242314 0.0145279 0
0 0 0 0 0 0 0 0 0 0
0 0 0 0 0 0 0 0 0 0
0 0 0 0 0 0 0 0 0 0
0 0 0.00212906 -0.000187838 -0.000102541 0 0 0 0 0
0 0.296377 -0.0277727 0.000351146 0.246652 -0.0199628 -0.016569 0.244581 -0.0206244 -0.0185895
0.296995 -0.0272638 -0.000957675 0.297763 -0.0299507 0.00157915 0.249925 -0.0227197 -0.0143397 0
0 0 0 0 0 0 0 0 0 0
0 0 0 0 0.000484761 -0.00026778 -0.000138524 0.000935936 -0.000237607 -8.24627e-05
0.120192 -0.0645862 -0.034122 0 0 0 0.0360407 -0.00969025 -0.0533437 0
0 0 0.291168 -0.0210532 -0.00621174 0.242451 -0.0204043 -0.0209628 0.244556 -0.028912
-0.0211479 0.287277 -0.0239248 -0.00579628 0.293576 -0.0202467 -0.00528857 0.247219 -0.0165844 -0.0193469
0.296164 -0.0204053 -0.00384672 0.252648 -0.0152576 -0.0168333 0 0 0 0
0 0 0 0 0 0 0 0 0 0
0 0 0 0 0.00223927 -0.000137732 -0.00010883 0.00119873 1.73652e-05 -2.82171e-06
0 0 0 0.258179 -0.0169604 -0.0145659 0.299659 -0.0222085 -0.0025243 0
0 0 0.141283 0.00209808 -0.000324668 -0.00369308 -0.033928 0.0217284 0 0
0 0.0011606 -0.000430353 -0.00021837 0.00214192 -0.000414207 -0.000136419 0 0 0
0 0 0 0 0 0 0.30644 -0.0155754 -0.00713509 0.257272
-0.0221657 -0.0167292 0.313452 -0.0110526 -0.00753055 0.256664 -0.0122901 -0.0152305 0.131657 -0.048314
-0.0247496 0.0490157 0.00468646 -0.0377101 0 0 0 0 0 0
0 0 0 0.322288 -0.00831421 -0.00547286 0.265952 -0.0057698 -0.0101366 0.26051
-0.00771987 -0.0126434 0.318139 -0.00895955 -0.00675972 0 0 0 0 0
0 -0.0456375 -0.0271887 0.022634 -0.0492314 -0.000865218 0.0243844 0 0 0
0 0 0 -0.0472018 0.0263245 0.0225997 0 0 0 -0.00463815
0.0341924 0.021663 0 0 0 0 0 0 0 0
0 -0.0533405 0.00138966 -0.0416664 -0.0211102 0.0254638 -0.0373817 0 0 0
-0.0229341 -0.0236359 -0.0376691 0.0480792 -0.00377534 -0.0375716 0 0 0 0
0 0 0 0 0 0.00213112 0.000186653 -0.000108109 0.2466 0.0197607
-0.0172701 0.24416 0.0204304 -0.019294 0 0 0 0 0 0
0.250143 0.0225489 -0.0150551 0 0 0 0.296134 0.0273221 -0.00118082 0.295618
0.0278192 0.00012659 0.2971 0.0300173 0.00132509 0.000489007 0.000268284 -0.000138937 0 0
0 0.121231 0.0647071 -0.0342208 0.0364102 0.00952247 -0.0532773 0 0 0
0 0 0 0 0 0 0.243147 0.0204845 -0.0211541 0.245211
0.029066 -0.0213993 0.247893 0.0166291 -0.0194828 0 0 0 0 0
0 0.253263 0.0152999 -0.0169318 0.29161 0.0211666 -0.00653961 0.287554 0.0240957 -0.00617606
0.294131 0.0203369 -0.00557437 0.296768 0.0205014 -0.00410471 0.00119933 -1.52549e-05 -2.94722e-06 0
0 0 0 0 0 0.258699 0.017029 -0.014654 0.141353 -0.00185158
-0.000338915 0.300276 0.0223391 -0.00277532 0 0 0 0.131615 0.0490355 -0.0246209
0.257313 0.0222999 -0.0167133 0 0 0 0 0 0 0.256551
0.0123559 -0.0151725 0.306633 0.0156895 -0.0071746 0.313573 0.0111245 -0.00754936 0 0
0 0 0 0 0.265567 0.00582009 -0.0100261 0.260262 0.00776068 -0.0125563
0.322231 0.00836656 -0.00545086 0.318174 0.00900717 -0.00675646 0 0 0 0
0 0 0 0 0 0 0 0 0 0
0 -0.0135967 0.0132065 -0.018206 -0.00952675 0.0416377 -0.0454641 0.0538385 0.00601089 -0.039539
0 0 0 -0.0419631 0.0407717 -0.0562673 0 0 0 0
0 0 0 0 0 0 0 0 0 0
0 -0.0315827 -0.0303042 0.0151705 0 0 0 0 0 0
0.0289775 -0.0242775 0.014388 -0.0377293 -0.0108039 0.0153476 0 0 0 0
0 0 0 0 0 0 0 0 0.083553 0.0212682
-0.0179514 0 0 0 0 0 0 0.0221155 0.0650881 -0.016353
0 0 0 -0.0316119 0.0375365 -0.0569806 -0.0217136 0.0452153 -0.0577109 -0.0399148
0.0364417 -0.0489626 -0.0340103 0.0382774 -0.0568194 0 0 0 -0.00492864 0.0456392
-0.0468528 0 0 0 0 0 0 0.095769 0.0786941 -0.037693
0.000952476 0.00202431 -0.00113656 -0.006158 0.0572684 -0.0588472 0.0434201 0.0916781 -0.0516406 -0.0410215
0.0040108 0.0135233 -0.0229787 0.0264972 0.0100413 0 0 0 0 0
0 0.0513851 0.00624953 0.0055654 0 0 0 0 0 0
0.00638044 0.0592983 -0.0236679 0 0 0 0 0 0 0
0 0 0 0 0 0 0 0 0 0
0 0 0 0 0.000190919 -3.15526e-05 -3.16161e-06 0 0 0
0 0 0 0 0 0 0 0 0 0
0 0 0 0 0 0 0 0 0 0
0 0 0 0 0 0 0 0 0 0
0 0 0 0 0 0 -0.0280925 0.0659532 -0.0388368 -0.0404044
0.0432345 -0.0244004 -0.00752407 0.064714 -0.034874 0.00555858 0.0397583 -0.0197641 0 0
0 0 0 0 0 0 0 -0.0377372 0.0696515 -0.0439754
0 0 0 0 0 0 -0.0321253 0.0539665 -0.0351147 0.00892625
0.0637204 -0.0316949 0.0850188 0.0164256 -0.0266933 0 0 0 -0.0425502 0.071482
-0.046533 0 0 0 -0.0407108 0.0661069 -0.0503485 -0.0236783 -0.038141 0.0134881
-0.0378953 -0.0215714 0.0155032 0 0 0 0 0 0 0.0552634
-0.0261891 0.011294 0 0 0 -0.0454129 -0.00770372 0.016696 0 0
0 -0.0290819 0.013352 0.0168137 0 0 0 0.260269 0.0104245 -0.0137081
0.0350849 0.00139082 -0.00179061 0.26142 0.0103671 -0.0133407 0.263367 0.0108893 -0.0109626 0
0 0 0 0 0 0 0 0 0 0
0 -0.0207195 0.0761733 -0.0435998 0 0 0 0 0 0
0 0 0 0 0 0 0.244004 0.0127275 -0.0080008 0.247031
0.022056 -0.0072977 0.24689 0.00905385 -0.00784115 0 0 0 0.252303 0.00698777
-0.00747085 0 0 0 0.0316087 -0.00283885 0.0137539 0 0 0
0 0 0 0.257932 0.0048479 -0.00678663 0.264722 0.00453152 -0.00537732 0.25754
0.00499823 -0.0068348 0 0 0 0.273169 0.0146134 -0.00520696 0.266011 0.0235368
-0.0029222 0 0 0 0.273463 0.0125262 -0.00528203 0.289881 0.0101245 -0.00326807
0 0 0 0.274299 0.00659765 -0.00549001 0 0 0 0
0 0 0 0 0 0.284519 0.000752993 -0.00352274 0.27805 0.00296017
-0.00451733 0 0 0 0.289577 -0.0143035 -0.014985 0 0 0
0.293761 -0.0145678 -0.0132853 0 0 0 0 0 0 -0.00225923
0.00128924 -0.0446542 0 0 0 0 0 0 -0.0275599 0.024336
-0.0461688 0.312651 -0.00974415 -0.00725146 0 0 0 0 0 0
0.310457 -0.0134541 -0.00534073 0.315289 -0.00865884 -0.00764569 0 0 0 0.318666
-0.0083535 -0.00732161 0 0 0 0 0 0 0 0
0 0.321844 -0.00796459 -0.00715616 0.0139012 -0.0195481 0.00796078 0 0 0
-0.027328 -0.0334066 0.0105708 0 0 0 0 0 0 0
0 0 0.337817 -0.00821291 -0.00375686 0 0 0 0.341104 -0.00517628
-0.00465291 0 0 0 0 0 0 0.0115365 0.00414823 -0.0253834
-0.0212062 0.0226031 -0.0285629 0 0 0 0.347251 -0.00277391 -0.00443029 0
0 0 0 0 0 0.344042 -0.00379666 -0.00453936 -0.0359135 0.0117187
0.0227602 0 0 0 0 0 0 -0.0372658 0.00932847 0.021711
-0.0418288 0.00807672 0.0171687 -0.0105019 0.00583215 0.0298227 0 0 0 -0.0466126
-0.00719838 0.0144303 0 0 0 0 0 0 0.000933892 0.0123588
-0.0369821 0 0 0 -0.0398467 0.00997679 -0.0326737 0.291313 0.0114103 -0.0167076
0 0 0 0.302155 0.0078948 -0.0110331 0.333074 0.0108596 -0.00535392 0
0 0 0 0 0 0.336583 0.00677543 -0.00596703 0.340338 0.00460877
-0.00469949 0 0 0 0 0 0 0.343425 0.00390069 -0.00400706
0.244888 -0.021882 -0.00733039 0 0 0 0.241965 -0.0125225 -0.0080439 0
0 0 0.245066 -0.00882759 -0.00792872 0 0 0 -0.0329734 -0.0537151
-0.0362581 0 0 0 0 0 0 -0.0291653 -0.0655807 -0.0402487
-0.0420512 -0.0429935 -0.0254273 -0.0388435 -0.0693054 -0.0454562 0 0 0 0
0 0 0 0 0 0.00500807 -0.0395563 -0.0205187 -0.00849047 -0.0643688
-0.0361739 -0.0436736 -0.0711486 -0.0480481 0.00804455 -0.0633969 -0.032905 0 0 0
0.0843428 -0.0162583 -0.02761 0 0 0 -0.0328894 0.0177635 -0.0577639 -0.0608391
0.000265501 -0.0653622 0 0 0 -0.0331666 -0.017679 -0.0576386 0 0
0 -0.0219789 0.0707971 -0.0220554 0 0 0 0 0 0
0 0 0 0.292492 0.0136955 -0.0105313 0.293991 0.00996704 -0.011824 0
0 0 0.297349 0.00867206 -0.0117618 0 0 0 0 0
0 -0.00375311 -0.00585381 0.0264474 0 0 0 0.0204217 0.00528045 -0.0268084
0 0 0 0 0 0 -0.0204163 0.0194136 -0.0286828 0
0 0 0 0 0 0.0585048 0.0251596 0.00801364 0.177457 -0.0130462
-0.00150825 0.196588 -0.00404369 -0.00425796 0.192025 0.0298349 -0.0110141 0.11153 0.00908553 0.0129342
0 0 0 0.231168 -0.00948126 -0.010493 0.278424 -0.0135022 -0.0101039 0.273551
-0.0112193 -0.0124169 0 0 0 0.0106279 -0.00844955 0.0308121 -0.0295197 -0.0214978
0.0329318 0 0 0 0.0247962 0.0216201 0.0166493 0 0 0
0 0 0 -0.0051238 0.0243477 0.0181133 0.0275273 0.011744 0.0114412 0.322508
-0.00850702 0.0141688 0.245529 -0.00918881 -0.00254457 0.314182 -0.0079464 0.014006 0.313638 -0.00495826
0.0137766 0.204332 0.0385006 -0.000705431 0 0 0 0.00104526 -6.4096e-06 -2.31638e-06
0.247628 0.00729189 -0.00210795 0.322254 0.00868517 0.0142521 0.313948 0.00820691 0.0140356 0.246307
0.00925456 -0.00264026 0.313446 0.00528455 0.0137628 0.205398 -0.038234 -0.000655208 0.208208 0.00988511
-0.00093478 0.146184 0.010912 0.00184097 0.0262206 -0.0218028 0.0159067 0 0 0
0.145863 0.0118523 0.00095828 0.0289857 -0.0118881 0.0109311 0.164817 -0.0297957 -0.00937758 0.275344
0.0109668 -0.0125777 0.267038 0.0162417 -0.0122376 0 0 0 0 0
0 0.270635 0.0104298 -0.0155106 0.27685 0.0104265 -0.0126592 0 0 0
0.195446 0.019428 -3.13138e-05 0.198336 0.00482512 -0.00413238 0.0234091 -0.0323234 0.00861818 0
0 0 0 0 0 0.0593316 -0.0249599 0.00749463 0 0
0 0 0 0 -0.0273154 0.00224409 0.0356542 0.00533739 -0.00767675 0.0374873
0 0 0 0.338023 0.00570093 -0.00567588 0.000141113 2.82532e-05 -1.16274e-05 0
0 0 0.172673 0.034394 -0.0143044 0.187396 -0.0142955 0.00183709 0.000514918 0.000182288
-7.73483e-05 0 0 0 0.131048 0.0454836 -0.019738 0.158735 -0.0125395 0.00371316
0.163925 0.0304385 -0.00978539 0.000518741 -0.000180513 -7.64272e-05 0 0 0 0.131999
-0.0450472 -0.0195038 0.160152 0.0130436 0.00364031 0 0 0 0.000141792 -2.81336e-05
-1.13797e-05 0.173487 -0.0342501 -0.0140003 0.18944 0.0148602 0.00178786 0.193511 -0.0293512 -0.0106703
-0.00420371 -0.00656089 0.0296421 -0.0363479 -0.0160174 0.0267956 0 0 0 -0.0530282
0.00304034 0.0230383 -0.0375045 0.0271017 0.0230117 0 0 0 0 0
0 0 0 0 -0.0324279 0.0099799 -0.0296735 -0.0405429 0.00360255 -0.0303322
0 0 0 0 0 0 -0.00167033 0.0126507 0.0169431 0.00428151
0.00711435 0.0385819 -0.0279349 -0.00319528 0.0363659 0 0 0 0 0
0 -0.0446208 -0.00853327 0.0352154 0 0 0 0 0 0
0.0227896 0.0323036 0.00910595 0 0 0 -0.0528158 0.00930118 0.0235734 -0.0379736
0.0258764 0.0154134 0 0 0 -0.0158776 0.0400373 0.0102887 0 0
0 0 0 0 0.267592 -0.0139078 -0.0191719 0 0 0
0 0 0 0.262142 -0.0145259 -0.0208893 0.270428 -0.0138545 -0.0163995 0
0 0 0 0 0 0.265901 -0.0160197 -0.0123261 0.269654 -0.0102497
-0.0155978 0 0 0 0.275676 -0.0102671 -0.0127262 0.269673 -0.0102191 -0.0156151
0 0 0 0.273309 -0.00806714 -0.0157576 0.278541 -0.00734738 -0.0151095 0
0 0 0 0 0 0 0 0 0 0
0 0.283207 -0.0068323 -0.0147736 0.309839 -0.01898 -0.00547566 0.310029 -0.0182622 -0.00556516
0.147832 -0.00905582 -0.00261283 0 0 0 0.311762 -0.0117635 -0.00637777 0
0 0 0 0 0 0 0 0 0.315007 -0.00847238
-0.00588449 0.319855 -0.00678194 -0.00497693 0 0 0 -0.0463611 -0.0269705 0.0338198
0 0 0 -0.0556415 -0.00610127 0.0273884 -0.0435389 0.00811151 0.0228831 0
0 0 0 0 0 0.145053 -0.0107729 0.00217012 0.207296 -0.00979144
-0.000750244 0.144733 -0.0117338 0.00124626 0 0 0 -0.0311493 0.0267206 0.019385
0.00103859 4.84349e-06 1.20439e-06 0 0 0 0.131421 0.00069237 0.000127027 -0.0116228
-0.0328641 0.0263702 0 0 0 0 0 0 -0.051599 -0.0267039
0.0278669 -0.0539225 -0.000149185 0.0284221 0 0 0 -0.0519076 0.0266248 0.0279077
-0.0114328 0.0329197 0.0263645 0 0 0 0 0 0 0.132268
-0.000889252 -0.000317025 -0.00382938 -0.0246836 0.0173021 0 0 0 -0.029968 -0.0271897
0.0185143 -0.0432613 -0.00902041 0.0222819 0 0 0 0 0 0
0 0 0 0 0 0 0.0160357 0.00725634 0.0306572 0
0 0 0 0 0 -0.0272865 0.020726 0.0327964 0 0
0 -0.0563507 0.00580526 0.0272188 -0.0454591 0.0263756 0.0336924 0 0 0
0 0 0 0.263767 0.0142651 -0.0206163 0 0 0 0
0 0 0.269126 0.0135781 -0.0189176 0 0 0 0.272054 0.0134105
-0.0162573 0 0 0 0.270654 0.0103989 -0.0155278 0 0 0
0 0 0 0.279241 0.0074511 -0.0149577 0.274132 0.00821021 -0.0156416 0.283861
0.00686912 -0.0145893 0 0 0 0.148382 0.00920966 -0.00266084 0.311174 0.0185631
-0.00566274 0.31099 0.0193025 -0.00557628 0 0 0 0 0 0
0 0 0 0.312852 0.0118874 -0.00644566 0.316032 0.00849615 -0.00587703 0
0 0 0.320795 0.00676727 -0.0048745 0 0 0 0.178542 0.0133913
-0.0015986 0 0 0 -0.0154824 -0.0402948 0.00983484 -0.0375561 -0.0264647 0.0152435
0 0 0 -0.0522509 -0.0103673 0.0233787 -0.0442996 0.00740286 0.0346979 0
0 0 0 0 0 0 0 0 -0.00103926 -0.0123867
0.0168501 -0.0374607 -0.0268462 0.0229259 0 0 0 0 0 0
-0.0036204 0.00609532 0.0265566 0 0 0 0 0 0 0
0 0 -0.0532313 -0.00273487 0.0230283 -0.0364645 0.0163286 0.0268208 0 0
0 -0.00406176 0.00684305 0.0298146 0 0 0 0 0 0
-0.0470977 0.0204867 -0.0473322 -0.0388051 0.0104638 -0.0486466 0 0 0 -0.0118076
0.0272729 -0.0460213 0 0 0 0 0 0 0.339656 0.00448057
-0.00534424 0.343329 0.00314556 -0.00430967 0 0 0 0.291194 0.00214723 -0.0028346
0 0 0 0.330868 0.00424996 -0.000552227 0 0 0 0.287916
-0.00300367 0.000480622 0 0 0 0.279377 -0.00281495 0.00122828 0.327072 -0.009637
-0.0043209 0.273522 -0.00676458 -0.00908234 0.345752 -0.0117272 -0.000406512 0 0 0
0 0 0 0.272983 0.00685258 -0.00895548 0.326926 0.00971709 -0.0042874 0.345789
0.0118683 -0.000456371 0.290717 0.00312563 0.000492088 0 0 0 0 0
0 0.291014 -0.00210477 -0.00340745 0.331722 -0.00404472 -0.00146498 0.351869 -0.00151941 -0.00507221
0 0 0 0.371019 -0.00210022 -0.00390525 0.324207 -0.0054082 -0.0043077 0
0 0 0 0 0 0.322327 -0.00600221 -0.00459594 0.346864 -0.00536745
-0.0021619 0.346933 -0.00573222 -0.00195645 0.280615 0.0031027 0.00129225 0 0 0
0.324977 0.00539359 -0.00409313 0.348127 0.00577583 -0.00182013 0.348117 0.00540031 -0.00206146 0.32317
0.00598811 -0.00443006 0 0 0 0 0 0 0.346974 0.0019568
-0.00397905 0.358927 0.00367341 -0.0027098 0 0 0 0.409203 -0.0147317 -0.00509331
0.403932 -0.0141619 -0.00847282 0.403948 -0.0161657 -0.006698 0.456854 4.22127e-38 0.00415078 0.468833
1.2838e-38 0.00336807 0.429919 -0.0120758 -0.00773571 0.416195 -0.0103104 -0.00831841 0.414869 -0.0123837
-0.00431156 0 0 0 0 0 0 0.396137 0.0157809 -0.0145895
0.392956 0.0187195 -0.0095121 0.319874 0.0257838 -0.0131003 0.310155 0.0181416 -0.0148783 0.330613
0.00919198 -0.0103251 0.448194 -0.00983947 0.0005631 0.429904 -0.009076 0.00125941 0.42429 -1.4436e-40
0.000187432 0.431271 -1.52419e-39 0.00330061 0.401864 -0.00775674 -0.0027557 0.392133 -0.00525841 -0.0044654
0.389732 -0.00517921 -0.00495913 0.434015 4.6775e-39 0.00580806 0.43401 2.08098e-38 0.00713024 0.428525
-0.00154427 0.00625198 0.404796 -0.00975411 -0.000690301 0.406309 -0.00985786 -0.00151724 0.395707 0.00399729
-0.00231249 0.412653 0.00954076 0.00417449 0.463896 -0.00344175 0.00732337 0.384342 -0.0178783 0.0124334
0.367781 -0.00535801 0.00517643 0.398951 -0.00195566 0.000907071 0.460689 0.00577762 0.00073613 0.422316
0.0108725 -0.00458685 0.340096 0.00597765 -0.000621991 0.36274 0.00481689 -0.00156647 0.363714 0.00463483
-0.00149996 -0.0410531 0.0065085 0.0106616 -0.0382277 0.0102326 0.0121314 -0.0244521 0.0129149 0.0159621
0.105185 -0.00482172 0.00431463 0.315295 0.00266695 0.00306605 0.328663 -0.00824438 -0.00161636 0.230987
-0.0127967 -0.00424457 0.104757 0.0324623 0.0042737 0.0922622 0.0365799 0.00511766 0.192949 0.00561289
0.000563733 0.0811633 0.00430997 -0.0035267 0.0593696 -0.000370457 -0.0143757 0.0952684 -0.0160352 -0.0335723
0.105469 -0.0094299 -0.0317433 0.419125 -0.000888352 0.00291483 0.414953 -0.00129203 0.00202034 0.418589
-0.0012746 0.00264042 0.420293 0.00138745 0.00479371 0.416997 2.67915e-05 0.0059469 0.39697 -0.00474727
0.00101365 0.398349 -0.00258256 -0.00100821 0.390451 -0.0235399 -0.00164158 0.394636 -0.0252864 0.00197782
0.195788 0.0110164 0.00408776 0.253718 0.00334014 -0.00428809 0.279231 0.0112444 -0.00486696 0.248074
0.00890206 0.00242219 0.0525775 0.0193545 0.0202068 0.0490552 0.0198681 0.0205803 0.0521064 0.018282
0.0196737 0.39126 0.000651633 0.00377952 0.293305 0.00688834 -0.00351709 0.284715 0.0103377 -0.00385992
0.301752 0.0140127 -0.00195175 0.190757 0.000589827 0.0117552 0.231905 0.0226558 0.0114974 0.406123
0.0141984 0.0139026 0.373454 -0.0174306 0.00836175 0.365078 -0.0200955 0.00326945 0.388484 -0.0135646
0.00134324 0.41383 0.00256839 0.00630349 0.28135 -0.0101387 0.0019356 0.423237 -0.00109295 0.00840379
0.409421 -0.0206002 0.00225778 0.392612 -0.0273722 0.00611466 0.386029 -0.0221893 0.0093194 0.409237
0.00884322 0.0124261 0.364456 0.0200624 0.00329347 0.373023 0.0174225 0.00837866 0.406191 -0.0141866
0.0138955 0.232264 -0.0226423 0.0115144 0.191208 -0.000679138 0.0117429 0.281736 0.0100469 0.00200538
0.413838 -0.00263422 0.00631443 0.387951 0.0135197 0.00136012 0.0526282 -0.0195277 0.0201484 0.184261
0.0209182 0.00404967 0.229077 0.0159196 0.00310992 0.0521694 -0.0184508 0.0196183 0.246169 -0.00896503
0.00256596 0.395286 0.00479832 0.00100415 0.396498 0.00257143 -0.00107249 0.366125 -0.00637882 -0.00633978
0.27689 -0.0112305 -0.00490658 0.394149 0.0184414 0.00397227 0.388142 0.0181073 0.0041914 0.394157
0.0201257 0.0037923 0.379135 -0.00409855 0.000182185 0.418659 0.00132998 0.00254547 0.419206 0.000929636
0.00281523 0.420502 -0.00141772 0.00472432 0.417281 -6.70686e-05 0.0059444 0.316652 -0.00258965 0.00305777
0.330087 0.00832711 -0.00176388 0.392788 -0.00063328 0.00660147 0.413857 0.000855195 0.00706505 0.414198
0.00130596 0.00685301 -0.0422716 -0.00490731 0.0103301 -0.0395968 -0.00910665 0.0120323 0.0929565 -0.0367368
0.00527536 0.105643 0.00519443 0.00426505 0.102218 0.01854 0.0123788 0.0699224 0.0252789 0.0144523
0.0684908 0.0252853 0.01456 0.397246 -0.000389664 -0.000604359 0.378628 -0.0024768 -0.00192253 0.378411
-0.00208864 -0.00157412 0.393449 -7.58481e-05 -0.000616634 0.358804 0.00663123 0.00537239 0.376888 0.0194462
0.0127695 0.462327 0.00514914 0.00826495 0.413996 -0.00901366 0.00475028 0.397611 -0.0038629 -0.00203177
0.422875 -0.0103581 -0.00447359 0.458442 -0.00412129 0.0012604 0.390982 0.00369771 0.000725692 0.408529
0.00961484 -0.00114932 0.385477 0.000488166 -0.00755142 0.298013 -0.00245393 -0.00310408 0.406923 0.00957427
-0.000161706 0.375998 -0.00612709 -0.00629007 0.413008 -6.76127e-42 -0.0010272 0.378562 -0.00424152 -0.00675274
0.40375 -0.0099203 -0.00302793 0.403035 -0.0193519 0.00493645 0.398946 -0.0153929 0.0052596 0.437076
-2.63092e-38 0.00793288 0.445629 -2.22873e-38 0.00686341 0.40382 -0.015513 0.000275274 0.356923 -0.0242934
0.000603234 0.171521 -0.0317238 -0.0217975 0.0976684 -0.0131211 -0.00241626 0.141466 -0.00931655 0.00612344
0.000831291 5.82666e-05 -2.56595e-06 0 0 0 0 0 0 0.153885
0.0046392 0.0038357 0.115992 0.0028909 -0.00619714 0.19062 0.023939 -0.0218528 0.377022 0.0271976
0.00332516 0.423918 0.016015 0.0061162 0.383758 0.0264154 -0.00144023 0.390117 -0.0278067 0.0134981
0.318774 -0.0475775 0.0109179 0.136974 -0.0660538 -0.0131552 0.0804837 -0.0322889 0.0061887 0.127816
-0.0165881 0.014975 0.412868 -0.00525105 -0.000188582 0.39972 -0.00552964 -0.00232784 0.311811 0.0144025
-0.00665202 0.301474 0.0124838 -0.00640578 0.314097 0.00697057 -0.00474357 0.378573 0.00418873 0.000237087
0.320683 0.00369259 -0.00442815 0.319902 -0.00173908 -0.00508248 0.305776 0.00965486 -0.00519613 0.321772
0.0112968 -0.00351255 0.413981 -0.00143602 0.00679598 0.413622 -0.000973155 0.00700847 0.392328 0.000537482
0.00654187 0.30235 0.00689449 0.00457471 0.201529 0.0529114 -0.0144269 0.291732 0.0360935 -0.00145169
0.416196 -0.00508728 0.00510765 0.292022 0.0507599 -0.0101942 0.0243945 0.0316459 -0.00319358 0.0117497
0.0374586 -0.0174287 0.0533918 0.0258616 -0.0444457 0.143875 0.0935287 -0.0258141 0.260192 0.0586019
-0.00148436 0.288539 0.00428669 -0.006643 0.290423 -0.000748257 -0.00994723 0.298745 -0.0102682 -0.00921434
0.36891 -0.0117671 -0.0053309 0.396329 -0.011988 -0.00117417 0.355235 -0.0406831 0.00540326 0.254076
-0.0601074 -0.00445813 0.202737 -0.0319748 0.00577667 0.226098 -0.0166042 0.00554456 0.395822 0.011938
-0.00116423 0.368174 0.0117281 -0.00529024 0.297982 0.0102433 -0.00920591 0.289695 0.00075434 -0.00994223
0.287887 -0.00426678 -0.00662216 0.225471 0.0166784 0.005652 0.202176 0.0320756 0.00587327 0.253591
0.0601338 -0.00447363 0.354611 0.040659 0.00540658 0.385664 0.0221922 0.00931862 0.260434 -0.0585865
-0.00141793 0.14414 -0.0935128 -0.0256277 0.0534716 -0.0257414 -0.0442996 0.0118461 -0.0372572 -0.0173971
0.0245948 -0.0315214 -0.00317019 0.321264 0.00186296 -0.005199 0.321992 -0.00355425 -0.00449292 0.323005
-0.0111383 -0.00350486 0.306898 -0.00938885 -0.00508392 0.315096 -0.00672634 -0.00461601 0.412825 0.00545159
-0.000235688 0.105492 0.00935363 -0.0318493 0.0952281 0.0159703 -0.0337033 0.0583879 1.4026e-05 -0.0147146
0.0803405 -0.00434021 -0.00365776 0.192896 -0.00563797 0.000524459 0.292596 -0.0363107 -0.00141058 0.303443
-0.00691946 0.00463998 0.416277 0.00486593 0.00516611 0.320753 -0.0260378 -0.0130622 0.29285 -0.0510389
-0.0101549 0.429907 0.00881946 0.00127188 0.202152 -0.0530985 -0.0142966 0.331379 -0.00936677 -0.0102347
0.310959 -0.0183559 -0.0148209 0.448223 0.00961657 0.000543539 0.460668 0.00501452 0.00278357 0.354243
-0.00838971 -0.00585933 0.330775 -0.0074644 -0.00922532 0.12287 0.0181045 0.0131967 0.077435 0.0340424
0.00407946 0.13397 0.0679631 -0.0155386 0.309608 0.0501091 0.00965269 0.382695 0.0297694 0.0134791
0.425257 -0.0155795 0.00677488 0.37962 -0.0274106 0.00377448 0.191792 -0.0240584 -0.0221433 0.11615
-0.00221138 -0.00598507 0.153977 -0.00433104 0.00447819 0.430505 0 0.00266896 0.42314 0
-0.000219972 0.392585 0.00472111 -0.00431582 0.395039 0.00493354 -0.00397628 0.404075 0.00733726 -0.00250932
0.433839 0 0.00513861 0.406097 0.00960403 -0.00265589 0.401128 0.0155588 0.00627385 0.137341
0.00992233 0.00870791 0.0912896 0.0138539 0.000130042 0.168841 0.03281 -0.0209281 0.359145 0.0245343
0.00259029 0.404875 0.0196559 0.00627427 0.446244 0 0.0067873 0.43768 0 0.00766273
0.457215 0 0.00423365 0.405333 0.0158006 0.00158731 0.415541 0.0126843 -0.00342355 0.446819
0.0135446 -0.00613398 0.449469 0.0138906 -0.0056651 0.468919 0.00494135 0.00125028 0.429612 0.0127582
-0.00724493 0.43553 0.0120644 -0.00813431 0.479654 0 0.00506927 0.468871 0 0.00352998
0.416237 0.0107319 -0.00756692 0.475192 -0.00014836 0.00568387 0.43336 0.0128002 -0.00173444 0.433094
0.0125043 -0.00610259 0.445511 0.0144378 -0.00660766 0.485403 0.00390823 0.00353225 0.400059 -0.011538
0.000106952 0.415452 -0.00600454 -0.00327764 0.397532 -0.00708966 -0.00414053 0.421742 -0.00970982 -0.00963784
0.403886 -0.011226 -0.0110781 0.348189 -0.0189377 -0.0169179 0.352674 -0.0146564 -0.0197526 0
0 0 0 0 0 0.290305 0.0210503 -0.0176725 0.303613 0.0307489
-0.0171209 0 0 0 0 0 0 0 0 0
0.310849 0.00963574 -0.0109356 0.230812 -0.00616662 -0.0107285 0 0 0 0
0 0 0.375342 -0.0153981 -0.0140082 0.380167 -0.0127053 -0.0179051 0 0
0 0 0 0 0.390723 -0.0115143 -0.0191072 0 0 0
0.436025 -0.011207 -0.00848782 0.403389 -0.0107734 -0.0187544 0 0 0 0.404234
0.0147 -0.0168491 0 0 0 0.414825 0.01418 -0.0174044 0.449304 0.0151308
-0.00798362 0.342063 -0.0222485 -0.0135912 0.344928 -0.0145298 -0.0171655 0 0 0
0 0 0 0.356607 -0.010407 -0.0166098 0 0 0 0.370874
-0.00765816 -0.0144737 0 0 0 0.419751 -0.00392346 -0.00301767 0 0
0 0 0 0 0 0 0 0 0 0
0.33013 0.00732664 -0.00938588 -0.0319815 0.00427751 0.014601 -0.0306 -0.0288748 0.0186215 0.0564431
-0.0330607 0.0119822 0.24977 0.00362055 -0.00108837 0.189448 -0.000438415 0.00658047 -0.0194627 -0.0132359
0.001164 -0.0565842 -0.00745935 -0.0073358 -0.0254012 -0.000649589 0.013142 -0.0245211 0.0396941 0.0148308
-0.0479303 0.00910688 0.0210648 -0.0760284 -0.00250789 -0.0141531 -0.04474 0.00295944 -0.0100177 0.20502
-0.00165846 0.0051844 0.258636 -0.00440584 0.00191442 0.0565323 0.0345306 0.0105727 -0.0064406 0.00587762
-0.0024703 0.398299 0.00293494 -0.0068631 0.401705 0.00217719 -3.99517e-05 0.387805 0.00439766 -0.000771687
0.388074 0.00510706 -0.00127392 0.406162 0.00255229 -0.000120088 0.400389 -0.00169113 0.000545519 0.400586
-0.00165463 0.000495436 0.45768 0.00689277 -0.00104549 0.451425 0.00636055 -0.00411888 0.415295 0.00351968
-0.00580396 0.416089 0.00582042 -0.00520899 0.425233 0.00917698 -0.00470232 0.42523 0.0130809 -0.00498405
0.388354 0.00586377 -0.00180981 0.467152 -0.00318564 0.00777843 0.422786 0.0157543 0.00287634 0.384863
-0.0232769 0.00780351 0.356486 -0.000537892 -0.0014252 0 0 0 0 0
0 0.112365 5.1702e-05 -0.000470417 0.349748 0.000160895 -0.00146383 0.348422 0.000213592 -0.0015806
0.0717882 -0.0274023 0.0108228 0.0732381 -0.027405 0.0107117 0.108495 -0.0197998 0.0092006 0.188448
0.00323089 0.0142119 0.249521 0.0106207 0.00315574 -0.0192057 0.0149354 0.0176332 -0.0316018 -0.0272231
0.018736 -0.0221859 -0.0182165 0.00466341 -0.0513882 -0.0106136 -0.00861824 -0.061956 -0.00763425 -0.01691
-0.0657034 -0.00658221 -0.0198584 -0.0499451 0.000847311 -0.0184149 -0.0184824 0.010132 -0.014092 -0.0274144
0.0243568 0.0176861 -0.0431795 0.0178456 0.0223662 -0.0125384 0.0566987 0.0113526 0.0921341 0.0369883
0.00512551 -0.0394787 -0.0682367 -0.0486981 -0.029493 -0.0628165 -0.0479044 -0.0508724 -0.0128416 -0.0331628
-0.0610543 -0.0234641 -0.0322354 -0.0563715 -0.0260116 -0.0302017 -0.035521 -0.0644659 -0.0491189 0.393301
-0.00535841 -0.00200323 0.394162 -0.00329352 -0.00241792 0.382829 -0.00328812 -0.00398562 0.383451 -0.00154721
-0.00473102 0.392261 -0.00593006 -0.00220824 0.355386 -0.00454529 -0.0065932 0.350003 -0.00512437 -0.00730359
0.395927 -0.0258305 0.00310286 0.337799 -0.0282934 -0.00783561 0 0 0 0.395876
-0.0184288 0.00388197 0.395907 -0.0201404 0.00370235 0.389873 -0.0180983 0.00409387 0.207648 -0.00807654
0.0104854 0.339994 -0.0308764 -0.000771834 0.190624 -0.0666762 -0.0130687 0.185891 -0.0286818 0.0127402
0.246974 0.00843428 0.00264484 0.044989 0.01711 0.00889044 -0.00488482 -0.0555683 0.00438069 0.117224
-0.0389494 -0.00119207 0.0943271 2.95987e-05 0.0130737 0.0320328 0.0230717 0.00369521 -0.0532414 0.0112362
0.0107141 -0.0363604 -0.00850207 0.0200659 -0.0257812 -0.0201907 0.0103688 -0.0382717 0.0296502 -0.0116685
-0.0575822 0.0318947 -0.0196007 0.228204 -0.0160844 0.00308973 0.183915 -0.0210397 0.00405121 0.0445953
0.00115038 0.0111566 -0.0392386 0.0327549 0.0299411 -0.0493079 0.0409511 -0.0197248 -0.0346091 -0.0101774
-0.0522134 -0.0292205 -0.00977227 -0.0522369 -0.0457542 0.0099773 -0.0425662 0.298557 0.0020196 -0.00259794
0.284682 -0.00778531 0.00105822 0.4118 -0.00241358 0.00509616 0.405145 -0.00654491 0.00314435 0.293922
0.00663966 -0.00349252 0.390774 -0.0128865 -0.00349644 0.390718 -0.010303 -0.00397328 0.270894 0.0659447
-0.0148021 0.440175 -0.00725513 0.00639836 0.425981 -0.0179278 -0.00138321 0.414926 -0.0212704 -0.00160471
0.257712 -0.00585794 0.000248965 0.0485692 0.00410437 0.00377926 0.0432039 -0.0265975 0.0188248 0.179528
0.0234426 0.00125004 0.133292 -0.00477969 0.00271377 0.0446946 0.00871289 -0.00268856 0.404562 -0.0137566
-0.0100832 0.342819 -0.00787406 -0.0218288 0.328935 -0.0103738 -0.0248687 0.395149 -0.0148643 -0.0113591
0.429392 -0.0197574 -0.0017385 -0.0637067 1.29496e-05 0.0090992 -0.0482949 -0.000311809 0.0260009 -0.0373441
-0.040134 0.0248167 -0.0567272 0.0013373 -0.0126712 -0.0856422 0.000156741 -0.0170313 0.0480493 -0.00406616
0.00386886 0.0426655 0.0264659 0.0189857 -0.0378189 0.039586 0.0250133 -0.0573482 -0.00106962 -0.0126909
0.0440156 -0.00854802 -0.00253925 0.257098 0.00586445 0.00029893 0.178959 -0.0233593 0.00131196 0.132723
0.00492771 0.00293785 0.302209 -0.0140797 -0.00188005 0.28529 -0.0103875 -0.00378311 0.293907 -0.00691666
-0.00343779 0.391468 -0.000689112 0.00380054 0.285015 0.00773662 0.0011487 0.29896 -0.00209346 -0.00249718
0.411825 0.00236404 0.00509752 0.405199 0.0065522 0.00313727 0.390232 0.0102783 -0.00397213 0.39023
0.0128359 -0.00348422 0.294526 -0.00666643 -0.00341305 0.409332 -0.00881739 0.0124085 0.392218 0.027372
0.00609299 0.409119 0.0206138 0.00221925 0.423352 0.00113711 0.00839736 0.303796 -0.0307892 -0.0170447
0.271098 -0.0659663 -0.0147125 0.414627 0.0212911 -0.00164935 0.425747 0.0179668 -0.00141869 0.440285
0.00731516 0.00642418 0.310915 -0.00970709 -0.0108488 0.290433 -0.0211136 -0.0175854 0 0
0 0 0 0 0 0 0 0.0491011 -0.0200401 0.0205247
0.0448547 -0.0012485 0.0111491 -0.053296 -0.0113772 0.0107945 -0.036336 0.00829861 0.0201551 -0.0393124
-0.0328972 0.0299561 -0.0493694 -0.0407186 -0.019776 -0.0577634 -0.0315953 -0.0197862 0.251566 -0.00338334
-0.00426526 0.194184 -0.0111095 0.00426266 0.24507 -0.00849826 0.00279337 0.0442575 -0.0172902 0.00915507
-0.00511492 0.05506 0.00470243 -0.025771 0.0198539 0.0105858 -0.0384975 -0.0290681 -0.0120046 0.0318435
-0.0228253 0.00339962 0.11608 0.0386008 -0.000835106 0.205818 0.0079761 0.0108007 0.0936157 -0.000203081
0.0130731 -0.0167314 -0.00110014 -0.0457991 -0.00435774 0.00870512 -0.0453436 -0.0259887 -0.0135606 -0.0323522
-0.034974 0.0101982 -0.0523289 -0.0460923 -0.0097302 -0.042788 0.414653 0.00133307 0.00192086 0.391175
0.00532558 -0.00208845 0 0 0 0 0 0 0.352076 0.00465647
-0.00690744 0.346476 0.00530293 -0.0076216 0.380912 0.00172571 -0.00483965 0.380245 0.00334667 -0.00411923
0.39197 0.00333327 -0.00251683 0.390078 0.00589275 -0.00229776 0.392795 0.0251991 0.00203844 0.388581
0.0234414 -0.00164748 0.402337 0.0160209 -0.00676313 0.407914 0.0145651 -0.00514375 0.18434 0.0285443
0.0126525 0.189341 0.06656 -0.0137622 0.337836 0.0307763 -0.000781442 0.394101 0.0257491 0.00318907
0.420408 0.00960506 -0.0097453 0.425625 0.00837291 -0.00902284 0.44204 0.00859859 -0.0047219 0.402347
0.0140303 -0.00855619 0.402341 0.0111084 -0.0111933 -0.020571 -0.0103982 -0.0145978 -0.0519081 -0.000311632
-0.0193349 -0.0281907 -0.0112994 0.0153616 -0.0673826 0.00783195 -0.0211398 -0.0634845 0.00894467 -0.0183714
-0.0290792 -0.0254652 0.0186453 -0.0125984 -0.0578364 0.0118784 0.0928307 -0.0371505 0.00528525 -0.0234727
-0.0134361 0.0170427 -0.0337378 0.0257557 0.0222443 -0.0456838 -0.018228 0.0246124 -0.0524765 0.0120943
-0.0105765 0.00563979 0.0615469 -0.04675 -0.0304334 0.0621018 -0.0487217 -0.0527697 0.0121814 -0.0342234
-0.0159235 0.000128626 -0.0272122 0.180109 -0.00249447 0.0138518 0.241089 -0.0104372 0.00346204 -0.0230886
0.0195762 0.00199262 0.352638 -0.00347617 -0.0027076 0.39228 0.00354421 1.94043e-05 0.392159 0.00355861
8.58341e-05 0.454618 -0.0051373 -0.000416255 0.447237 -0.00414961 -0.00290487 0.378921 -0.00301684 -0.00240735
0.424614 -0.00881968 -0.00457983 0.415052 -0.00584968 -0.00514698 0.413602 -0.00370125 -0.00545382 0.425346
-0.012616 -0.00497857 0.465399 0.00463982 0.0086953 0.377084 0.0248868 0.00733149 0.393473 0.0125318
-0.00044346 0.473196 0.00122805 0.00642934 0.434634 -0.0125157 -0.00112704 0.424429 -0.0155681 0.00351043
0.483349 -0.00315462 0.00403477 0.409822 0.00679215 -0.00380321 0.414331 0.00460867 -0.00356529 0.433684
0.00531495 -0.000946444 0.493847 -0.00624551 0.00412055 0.463388 -0.0169183 -0.00630741 0.450414 -0.0150958
-0.00773763 0.446506 -0.0142906 -0.00621251 0.391122 0.00794963 -0.00485431 0.434406 -0.012332 -0.00559529
0 0 0 0 0 0 0.0441712 -0.000418665 -0.00062638 0.207155
0.00172804 0.00554532 0.260042 0.00445102 0.00138427 0.399746 -0.00277483 -0.00715796 -0.0242134 0.000457723
0.0135808 -0.0232462 -0.0401876 0.0141717 0.0573652 -0.0348376 0.00962774 -0.00723083 -0.00587427 -0.0017665
-0.0443689 -0.00300528 -0.00992214 -0.0334807 -0.00479501 0.0154873 -0.0305782 0.0273326 0.0183423 -0.0469202
-0.0106799 0.0208047 -0.0761609 0.00348604 -0.0151055 -0.0597992 0.00918693 -0.0074477 0.190026 0.000581033
0.00817867 0.25352 -0.0039499 -0.000841917 0.0573447 0.0327497 0.0109303 -0.0271917 0.0147688 0.00298528
0.379864 0.00631342 -0.00704524 0.374506 0.00516031 -0.00731152 0.369205 0.00478435 -0.0078606 0
0 0 0 0 0 0 0 0 0.403355 0.0115141
-0.0189253 0.390619 0.0120909 -0.0189504 0.231107 0.00659926 -0.0108409 0 0 0
0 0 0 0.357445 -0.00547475 -0.0103314 0.352233 -0.0069558 -0.0104351 0.36349
-0.00515332 -0.00947624 0 0 0 0 0 0 0 0
0 0.375119 -0.00671941 -0.00821357 0.369315 -0.00555487 -0.00864772 0 0 0
0 0 0 0.00145621 -9.45921e-05 -2.13851e-05 0 0 0 0
0 0 0.000707422 -0.000133087 -8.86967e-05 0.364608 -0.0233134 -0.00549774 0 0
0 0 0 0 0.112507 0.00163109 -0.000489862 0 0 0
0 0 0 0 0 0 0 0 0 0
0 0 0.00915657 -0.0119005 -0.0410228 -0.0342644 -0.00082261 -0.0400419 -0.0544931 -0.0105262
-0.020115 -0.012281 -0.0139009 -0.0115479 0 0 0 0 0 0
-0.0479455 -0.02213 -0.0408072 -0.0699783 -0.00938872 -0.0239725 -0.0401916 -0.00492262 -0.0235613 -0.0203051
-0.0334867 -0.0437868 0 0 0 0 0 0 0 0
0 0 0 0 0.0480514 0.000374569 -0.000619433 0.383103 0.00241282 -0.00528791
0.378176 0.00273339 -0.0054002 0 0 0 0 0 0 0.387969
0.00302264 -0.00500834 0.40454 0.00159617 -0.00642538 0.40248 0.00080155 -0.00692199 0.000540074 -9.45074e-06
4.26871e-06 0 0 0 0 0 0 0 0 0
0 0 0 0 0 0 0 0 0 0.39627
0.00666451 -0.00545542 0.392311 0.00439342 -0.00498653 0.000417797 5.39461e-05 -4.6618e-05 0 0
0 0.0240425 -0.00872388 -0.0436106 0.0067504 0.000598798 -0.0157869 0 0 0
0.33508 -0.00156882 -0.00356498 0.0120541 -8.32637e-05 -0.00014029 0.333484 -0.00230411 -0.0038799 0.373127
0.00505211 -0.00392705 0.373058 0.00541636 -0.00346449 0.338274 -9.4989e-05 -0.00293249 0 0
0 0 0 0 0.37295 0.00595437 -0.00278074 0.344014 0.000389432 -0.00196794
0 0 0 0.0678133 -0.025375 0.0099183 0 0 0 0
0 0 0.178228 0.00758637 0.00225424 0 0 0 0 0
0 0 0 0 0.000297975 -3.89053e-05 -1.12021e-07 0 0 0
0 0 0 0.000138725 -6.79534e-05 -1.30828e-05 0 0 0 0
0 0 0 0 0 -0.0214743 -0.0396009 -0.0307571 0.327945 -0.0421614
-0.000218895 -0.00705902 -0.0689179 -0.0402484 -0.0194975 -0.0350024 -0.0107478 -0.0494691 -0.0297403 -0.0271822
-0.0343115 -0.0632907 -0.0492275 0 0 0 0 0 0 0
0 0 0 0 0 0 0 0 0 0
0 0 0 0 0.00635696 -0.0618706 -0.0462049 -0.0141494 -0.000813764 -0.0265133
0 0 0 0 0 0 0 0 0 0
0 0 0 0 0 0 0 0 0 0
0 0 0 0 0 0 0 0 0 0
0 0 0 0 0 0 0 0 0 0
0 0 0 0 0 0 0 0 0 0
0 0.0100302 -0.0143974 -0.0230512 0.000677843 -0.000731912 -0.000242834 0.154726 -0.0541575 -0.0105929
-0.0256289 0.0140145 -0.0319031 -0.00408429 -0.00870373 -0.0446645 -0.0164085 0.00105607 -0.0454042 0
0 0 0 0 0 0.0801977 -0.086053 -0.0287259 0.0188805 -0.0269289
-0.0432588 0.025307 0.0142609 -0.0108197 0.0922355 -0.0183644 0.00504758 -0.030824 0.0212993 -0.0242859
-0.054072 0.0250313 -0.0353516 0.280579 0.0104417 -0.00515186 0.29035 0.0116318 -0.00527373 0
0 0 0 0 0 0 0 0 0 0
0 0.28008 0.0103815 -0.00514575 0 0 0 0 0 0
0 0 0 0 0 0 0 0 0 0
0 0 0 0 0 0 0 0 0 0
0 0.000835427 0.000204268 -4.37857e-05 0.000466001 0.000307394 -8.2942e-05 0 0 0
-0.0117565 -0.00852729 -0.0523041 -0.0384078 0.0405557 -0.0319302 0 0 0 0
0 0 0.357055 -0.0065104 -0.00892244 0.286035 -0.00640451 -0.0128566 0.281885 -0.0110465
-0.0143763 0.351278 -0.00789496 -0.00909789 0.383184 -0.0116905 -0.00572049 0.361903 -0.00644811 -0.007994
0.380586 -0.0107926 -0.00508817 0.291687 -0.00443211 -0.0111632 0 0 0 0
0 0 0 0 0 0 0 0 0 0
0 0.00220828 -7.11531e-06 -7.50829e-05 0.00127765 0.00016779 9.56846e-06 0 0 0
0.297746 -0.0042529 -0.0099032 0.365906 -0.0073331 -0.00692325 0 0 0 0
0 0 0 0 0 0 0 0 0.000586405 -0.000306087
-0.000109071 0.00125814 -0.000232257 -6.94088e-05 0 0 0 0 0 0
0.366233 -0.0340335 -5.68507e-05 0.296585 -0.0538075 -0.0166172 0.37765 -0.021817 -0.0075399 0.312289
-0.0256387 -0.0259388 0.135531 -0.0693834 -0.0252495 0.127841 -0.0244621 -0.00265964 0.0462913 0.00502056
-0.0143315 0.0455646 -0.00669622 -0.0434765 0 0 0 0 0 0
0 0 0 0 0 0 0 0 0 0
0 0 0.285305 0.00641873 -0.0128326 0.281191 0.0110975 -0.0143565 0 0
0 0 0 0 0 0 0 0.290934 0.00442826 -0.0111399
0.356399 0.00651219 -0.00888374 0.350656 0.00792651 -0.00906507 0.361214 0.00643081 -0.00795185 0.382684
0.0116892 -0.00572285 0.380146 0.0108445 -0.00510523 0.00220273 7.16567e-06 -7.50414e-05 0 0
0 0 0 0 0 0 0 0.00127357 -0.00016718 1.00106e-05
0 0 0 0 0 0 0.29698 0.00424164 -0.00988146 0.36519
0.00730304 -0.0068809 0 0 0 0.00125641 0.000232217 -6.97242e-05 0.000585261 0.00030666
-0.000109303 0 0 0 0 0 0 0.135274 0.0695113 -0.0253039
0.127387 0.0246357 -0.00250396 0.04571 -0.00475724 -0.0142594 0.0452246 0.00694301 -0.0435919 0.296179
0.0537966 -0.0166924 0 0 0 0 0 0 0.311971 0.0256152
-0.0260302 0.365687 0.0340116 -8.13254e-05 0.377194 0.0218004 -0.0075931 0 0 0
0 0 0 0.32874 0.0103496 -0.0249607 0.315554 0.015726 -0.0269726 0
0 0 0.342658 0.00785272 -0.0219121 0.394811 0.0148682 -0.0114167 0.385197 0.0171033
-0.0109484 0.404249 0.0137723 -0.0101347 0.429144 0.0198052 -0.00177055 0 0 0
0 0 0 0.291031 -0.0116129 -0.00516737 0.281271 -0.0104511 -0.0050524 0.280772
-0.0103923 -0.00504664 0 0 0 0 0 0 0 0
0 0 0 0 0 0 0 0 0 0
0 0 0 0 0 0 0.000466903 -0.000307329 -8.23388e-05 0.000836079
-0.000204325 -4.35153e-05 0 0 0 -0.0295325 0.00980973 -0.0523216 0 0
0 0 0 0 0 0 0 0 0 0
-0.0119017 0.00861837 -0.0522885 -0.0385217 -0.0403154 -0.0320023 -0.0543898 -0.0246154 -0.0356526 0
0 0 0 0 0 0 0 0 0.308411 -0.00785833
-0.00937373 0 0 0 0 0 0 0 0 0
0 0 0 0 0 0 0 0 0 0
0 0 0 0 0 0.00993623 0.0144445 -0.023691 0.000673341 0.000732802
-0.000254501 0 0 0 0 0 0 0.153699 0.0540701 -0.0111573
0.018709 0.0270213 -0.0444667 0.0251537 -0.013728 -0.0117383 -0.0312044 -0.0205654 -0.0247652 0.0796658
0.0861427 -0.0300953 0.0915888 0.0183994 0.00432549 0 0 0 0 0
0 0 0 0 0 0 0 0 0 0
0 0 0 0 0 0 0 0 0 0
0 0 0 0 0 0 0 0 0 0
0 0 0 0 0 0 0 0 0 0
0 0 0 0 0 0 -0.0405409 0.0674331 -0.0496389 -0.0626423
0.0233443 -0.033572 -0.057694 0.0261355 -0.0317231 -0.0361412 0.063328 -0.0504386 0 0
0 0 0 0 -0.0217774 0.0388262 -0.0316538 -0.0503899 0.030224 -0.0289717
-0.0347949 0.0620492 -0.0506622 0.0647432 0.0234064 0.0133818 0.168592 -0.00729884 0.00242119 0
0 0 0 0 0 0.107621 0.000566827 -0.00126685 0 0
0 0 0 0 0.345735 0.00220536 -0.00365442 0.338228 0.00178178 -0.00398072
0.336742 0.0018255 -0.00412559 0 0 0 0 0 0 0.331776
0.00197043 -0.00460858 0 0 0 0.000135532 6.99483e-05 -1.5479e-05 0 0
0 0 0 0 0 0 0 0.00029063 4.08514e-05 -1.68857e-06
0 0 0 -0.00630925 0.0688275 -0.0427043 -0.0198921 0.0362334 -0.0131396 0
0 0 0.320065 0.0442143 -0.00196469 0.335583 0.0232683 -0.0156117 0 0
0 0 0 0 0 0 0 0.352079 0.0109438 -0.0184666
0.33941 0.015257 -0.0191399 0 0 0 0.367012 0.00811079 -0.0161003 0
0 0 0 0 0 0.000542759 9.55108e-06 3.16399e-06 0.3965 -0.0067243
-0.0059396 0 0 0 0 0 0 0.391982 -0.00473484 -0.00551762
0.387163 -0.00366793 -0.00549798 0 0 0 0 0 0 0
0 0 0.000420316 -5.4154e-05 -4.72199e-05 0.000836154 -5.86395e-05 -1.66192e-06 0 0
0 0 0 0 0.386181 -0.0266052 -0.00100061 0.395214 -0.0187948 -0.00908166
0 0 0 0.0243116 0.00884884 -0.0445919 0.00648783 -0.000419418 -0.0158036 -0.039906
0.00495739 -0.0243458 -0.0194271 0.0345057 -0.0452717 0 0 0 0 0
0 0.406026 -0.0147382 -0.0165656 0 0 0 0 0 0
0.398119 -0.0158178 -0.01421 0.416565 -0.0142286 -0.0172373 0 0 0 0.116827
-0.00182051 -0.000387593 0 0 0 0 0 0 0 0
0 0 0 0 0 0 0 0 0 0
0 0 0 0.000696243 0.00013768 -8.49455e-05 -0.0471939 0.0256589 -0.0430846 -0.0358747
0.00633187 -0.0424505 -0.0573965 0.0138263 -0.0217139 -0.0700036 0.011048 -0.0259338 0 0
0 0 0 0 0.00414513 0.0156817 -0.0421417 -0.0197714 0.0162901 -0.0105863
0 0 0 0 0 0 0.00146269 9.54136e-05 -1.55148e-05 0.366211
0.0235256 -0.00401271 0 0 0 0.376179 0.0156314 -0.0130933 0.308446 0.00775478
-0.00946366 0 0 0 0.385584 -0.0171096 -0.010888 0.315801 -0.015752 -0.0268784
0 0 0 0 0 0 0 0 0 -0.0011995
0.00153202 -0.00257963 0 0 0 0 0 0 -0.0402239 0.000489388
-0.0362778 0 0 0 0 0 0 0 0 0
-0.00123585 -0.00148819 -0.00258058 -0.0421866 0.00577005 -0.0237241 -0.0195941 0.0252523 -0.0424835 -0.0474605
0.000577434 -0.0428283 -0.0774638 0.000316484 -0.0293503 -0.0428061 -0.00529016 -0.0237379 -0.0201869 -0.0245284
-0.0424891 0 0 0 0 0 0 0.380339 0.0130915 -0.0173666
0.375706 1.03836e-40 0.00406153 0.382922 7.46276e-41 0.0033081 0.354487 -0.0153086 -0.000370125 0.353931
-0.0132921 -0.000603426 0.371673 -0.00111519 0.0031409 0.397647 -9.63533e-42 0.000965243 0.363775 -0.00899163
-0.00589774 0.361811 -0.0154599 -0.00284043 0.329853 0.0121956 -0.0071139 0.31957 0.0159224 -0.0064996
0.334471 0.00802885 -0.00233557 0.400254 0.00502891 -0.00342333 0.366838 0.00121139 -0.00334572 0.351736
-0.00784405 -0.00599585 0.357263 -0.008861 -0.00762611 0.324923 -0.00219458 -0.00521017 0.359276 -3.40526e-06
-0.00578101 0.38338 0.00469007 -0.00579671 0.430122 0.00384654 -0.0100427 0.350362 -0.00717805 -0.00428393
0.33918 -0.00567797 -0.00459745 0.32437 -0.00369584 -0.00501119 0.00104231 0.000115195 -3.61057e-06 0
0 0 0.00194858 5.57312e-05 -2.28156e-05 0.195885 -0.00713499 -0.000739658 -5.7634e-05 0.0136748
-4.50238e-05 -0.0180662 0.00925341 -0.000968943 0.00101369 0.0148782 0.000371008 0.126814 -0.0140234 -0.00178878
0.224756 -0.00183148 -0.00424086 0.258143 -0.000138486 -0.00288266 0.126271 -0.0136578 -0.00158811 0.360481
-0.00510702 -0.00277934 0.35529 -0.00530723 -0.00218961 0.356455 -0.0054315 -0.00204925 0.362929 -0.00511701
-0.00223587 0.373743 0.000440303 0.000616386 0.358228 -0.0136766 -0.00190543 0.361299 -0.00632651 -0.00212418
0.370918 -0.00295891 0.000470028 0.37303 -0.0015647 0.000872213 0.39111 -0.00341934 -0.0018203 0.355915
-0.0142577 -0.00517423 0.357 -0.0159041 -0.00439165 0.383533 -0.00157952 -0.00137875 0.226661 0.00595647
0.00117582 0.184128 -0.0201176 0.0017363 0.0764003 -0.0123381 0.00274309 0.0120282 0.00757471 -0.00280987
0.0266546 0.0157462 0.00529867 -0.0442983 0.00774394 0.00110871 -0.0486368 -0.000757073 -0.00695938 -0.0388611
-0.00976586 -0.0111589 -0.0049137 -0.0183324 -0.00768692 0.0945605 -0.0158173 -0.00444426 0.0937074 -0.0150013
-0.00421849 -0.0378359 0.00709305 0.000978052 0.362338 -0.00125591 -0.00106773 0.309748 0.0288 -0.00258297
0.28469 0.0404303 -0.00413632 0.283564 0.0271775 -0.0067305 0.0959016 0.0159944 -0.00410294 0.201881
-0.000889248 -0.00206113 0.186344 -0.000489839 -0.00273514 0.0966585 0.0167829 -0.00429126 -0.042941 -0.00606444
0.00055808 -0.0466554 0.00373675 -0.00754647 -0.0440802 0.00315151 -0.0121776 0.00734345 -0.00291147 -0.003833
0.0226298 -0.0145987 0.00569387 0.36103 0.00574249 -0.00230577 0.356323 0.00548721 -0.00194599 0.330951
0.00475124 -0.00404023 0 0 0 0.257438 -0.0119531 -0.00373677 0.254298 -0.0182887
-0.00313459 0.180248 0.0223007 0.00272379 0.356852 0.015181 -0.00109602 0.36101 0.00751474 -0.00139016
0.223314 -0.0048027 0.00235272 0.309133 -0.000173042 -0.00061444 0.374569 0.00261007 0.00135478 0.374813
0.000804144 0.00117735 0.306576 -0.0300672 -0.00782326 0.306328 -0.0307317 -0.00787969 0.307057 -0.041327
-0.00576494 0.383899 0.00252696 -0.000956848 0.3913 0.00412752 -0.00153093 0.130129 0.0159187 -0.00186751
0.0236962 0.0218634 -0.00107399 0.00931491 0.0179738 -0.00169754 0.129566 0.0154044 -0.00167696 -0.00580835
-0.00680474 -0.00367643 0.0288781 0.00793034 -0.000543781 0.134127 0.0133297 0.00089924 -0.0045548 -0.0088567
-0.00282762 0.364043 0.00668632 -0.00462557 0.360091 0.00666076 -0.00482702 0.372505 -0.00019695 -0.00437722
0.404179 -0.00375938 -0.00426917 0.336027 -0.00727719 -0.00300363 0.320536 -0.0129661 -0.00571982 0.328139
-0.00645247 -0.00469255 0.317542 0.0124126 -0.002527 0.32811 0.0133528 -0.00281476 0.341713 0.0145639
-0.00318641 0.427286 -0.000280789 -0.00616097 0.383236 -0.00563589 -0.00388527 0.363062 -0.00204888 -0.00299535
0.318331 0.0110574 -0.00268292 0.367513 -0.000854437 -0.00427474 0.343091 0.0123765 -0.00341492 0.34686
0.00636846 -0.00404163 0.363664 -0.00079067 -0.00422062 0.000280465 1.07441e-05 5.75144e-06 0 0
0 0.000521785 2.44644e-06 -7.33308e-06 0.002451 -6.54142e-06 -3.11653e-05 0 0 0
0.000956519 -6.25928e-05 3.42593e-06 0.361968 0.0133361 0.00114566 0.361874 0.0114723 0.000873145 0.279595
0.014266 8.01903e-05 0.375642 7.6595e-41 0.00408585 0.000901555 7.09624e-05 3.63599e-06 0 0
0 0.00226643 1.19606e-05 -4.88474e-05 0.352545 -0.004104 -0.00227304 0.356573 -0.00484064 -0.00193538
0.375401 2.07742e-41 0.00402718 0.374997 -2.29471e-40 0.00424854 0.351731 -0.00657724 -0.00137842 0.148606
0.0158834 -0.00225283 0.135762 0.0105806 0.000617611 0.335114 0.00178895 -0.00724455 0.164952 0.00579114
-0.000751659 -0.027784 0.0168319 0.00933008 0.0132506 0.0214166 0.00616249 -0.0271189 0.00570657 0.00369922
-0.0239158 0.0225691 0.00605591 -0.0531209 0.0200298 0.0068285 -0.00527993 -0.00624276 0.00277654 0.00079538
-2.16188e-06 -9.17787e-06 0 0 0 0.000285601 -1.0154e-05 1.16751e-05 0.160529 -0.0142436
-0.00205741 0.0214663 0.00240781 0.00346644 0.194505 -0.0151567 -0.0014937 0.346427 -0.00083831 -0.00400705
0.130585 -0.00414148 0.00585427 0.174084 0.0264168 -0.00410325 0.157148 0.0172084 -0.000559083 0.296836
0.00843395 -0.00344387 0.185095 0.0201491 -0.00154366 -0.00550575 0.00665094 0.00234942 0.0655799 0.0257654
-0.00201206 0.00925178 0.0241339 0.00357543 -0.03555 0.0107662 0.00550434 -0.0496338 0.00603622 0.00514251
-0.0168138 0.0107206 0.00486032 0.0941658 -0.00691455 0.00106153 -0.00678264 0.00756288 0.00200833 0.11936
-0.00899978 0.000972189 0.308359 -0.0185378 -0.00224818 0.221874 -0.0270592 -0.000992453 0.295453 -0.00760604
-0.000980906 0.375088 -0.00514872 0.000625562 0.375509 -0.00746908 0.000255813 0.307096 -0.0136205 -0.00064924
0.305362 -0.0237726 -0.00248639 0.372716 -0.00231197 0.000967567 0.306428 0.0422873 -0.00604629 0.30588
0.0313689 -0.00808806 0.306116 0.0306941 -0.00803087 0.005377 -0.0079744 0.00488638 0.134409 0.0282119
-0.000282752 0.256664 0.0185282 -0.00397682 -0.0501513 -0.00628246 0.00642983 -0.0523764 -0.0157874 0.00653211
-0.0447174 0.00716045 0.00167054 -0.0481407 0.00230597 0.0063346 0.0538666 0.00323366 0.00300002 -0.0317876
0.0108681 0.00380925 0.0833756 -0.0051171 -0.00147065 0.275036 -0.00621394 0.000880366 0.29293 -0.0147302
-0.000217588 0.186399 -0.0205525 0.0010611 0.260906 0.00442151 -0.00789845 0.264284 0.0044121 -0.00931801
0.274392 -0.00588049 -0.00823611 0.329029 -0.0129586 -0.00336156 0.349072 -0.0101109 0.000748497 0.3454
-0.00934141 0.00127621 0.341904 -0.0102996 0.0010024 0.233988 -0.00238158 -0.00335852 0.0175215 -0.0161395
0.00266376 0.14737 0.0111728 -0.00552775 0.0486901 0.00645853 -0.00197704 -0.0555472 -6.94858e-05 0.00797576
-0.0474134 -0.020967 0.00656575 -0.0604843 0.000266809 0.00067277 0.0152755 0.0163032 0.00284445 -0.0503835
0.0208131 0.00687555 0.0464442 -0.00593996 -0.00188645 0.260194 -0.00425078 -0.00773646 0.146261 -0.010863
-0.00536046 0.23306 0.00273055 -0.00322844 0.345164 0.00968911 0.00126149 0.34901 0.0103607 0.000708179
0.32879 0.01309 -0.00332205 0.273739 0.00609054 -0.0080995 0.263565 -0.00419698 -0.00913903 0.341557
0.0106634 0.0010069 -0.036377 -0.00543127 0.000438102 -0.0435187 -0.00564171 0.00114056 0.0566112 -0.00271827
0.00238073 0.188164 0.0211731 0.00103361 0.294059 0.0152722 -0.000210033 0.275895 0.00681443 0.000805729
0.0867317 0.0064423 -0.00180983 -0.0482642 -0.00212012 0.00598189 -0.0287255 -0.0103408 0.00252985 0.00333763
0.00685261 0.00559425 -0.0552054 0.0151773 0.0073548 -0.0515778 0.00613816 0.00663927 0.132377 -0.0291406
0.000416207 0.311331 0.0185245 -0.00184962 0.308312 0.0236136 -0.00227535 0.309987 0.0136834 -0.000568256
0.377712 0.00773416 0.000351171 0.377159 0.00564949 0.000881876 0.374436 0.00324618 0.00141726 0.298214
0.00824378 -0.000422764 0.0943769 0.0055533 0.001424 0.224224 0.0266777 -0.000618173 0.122401 0.00885657
0.000752806 0.312558 -0.0140244 -0.00646301 0.399708 0.00596298 -0.00219065 0.302369 -0.0121598 -0.00623061
-0.0341497 -0.0136008 0.00579049 -0.00763762 -0.00948866 0.00210729 -0.013586 -0.013019 0.00453683 -0.00444632
-0.01174 0.0032807 -0.0463631 -0.0103543 0.00605566 0.00593429 -0.0260325 0.00428763 0.00193848 -5.18648e-05
-2.68808e-05 0 0 0 0.00103568 -0.00011458 -4.3173e-06 0.171104 -0.0255858 -0.00353065
0.0631937 -0.0287566 -0.00101622 0.178584 -0.016907 -0.000138856 0.297127 -0.00791401 -0.00409772 0.156178
-0.0171294 -0.000671858 0.164023 0.0125124 -0.00289464 0.137112 0.00474534 0.00327322 0.353102 0.00147277
-0.00504793 0.197022 0.0110248 5.25724e-06 -0.0215803 -0.018943 0.00514687 0.022816 -0.000684684 0.00105422
-0.00599899 0.00432095 0.00385244 0.374882 0.000794546 0.0021319 0.377571 0 0.0025753 0.377376
0 0.00248936 0.361848 0.00162036 -0.00151876 0.362039 0.00302092 -0.00223324 0.349379 -0.000946577
-0.00450011 0.14462 -0.00943641 0.000551631 0.157247 -0.0158056 0.000681384 0.174133 -0.00645928 0.00258072
0.361177 0.00479191 -0.000104064 0.375945 0 0.00194411 0.373389 0 0.0013253 0.411935
0 -0.00117365 0.397457 0 0.000760819 0.367596 0.0140584 -0.00114895 0.369617 0.00842097
-0.0040272 0.380143 0.00554581 -0.00496297 0.382491 0.00387438 -0.00560867 -0.0203819 -0.0181727 0.00885037
-0.0482891 -0.0167607 0.00721116 -0.0259555 -0.00717734 0.00587963 0.0195811 -0.0248459 0.00650412 0.266262
-0.0157235 -0.00191414 0.337539 -0.0152133 -0.00617653 0 0 0 0.0682616 -0.0198064
-0.00798107 0.144651 -0.0162851 -0.00404106 0.113768 -0.0330095 -0.0133024 0 0 0
0.00569681 -0.016223 -0.00748408 -0.0248219 -0.00983492 -0.00957525 -0.0361793 -0.0164433 -0.00876466 0.000152877
-0.0209943 -0.00415705 0 0 0 0.000867267 9.36062e-05 -6.78127e-05 0 0
0 0.00239012 4.87429e-05 -2.30871e-05 0.0434339 -0.0117828 -0.00120231 0.176199 -0.00148953 -0.00107818
0.139633 0.0149372 -0.0109721 0.363157 0.00736465 -0.00361304 0.356307 -0.000566381 -0.00402936 0.351586
-0.00581983 -0.00423186 0.378978 0.00504177 -0.00426342 0.440303 0.00492906 -0.00779136 0.389614 0.00195976
-0.00623756 0.340558 -0.0094647 -0.00387908 0.31743 -0.014858 -0.00292398 0 0 0
0.110316 -0.0417203 -0.00182527 0.150633 -0.0123937 0.00027191 0.146854 -0.00779638 0.00066534 0.0401932
-0.00339401 0.00170082 0.156407 -0.00819139 0.000572692 0 0 0 0 0
0 0.327749 -0.00811711 -0.00389442 0 0 0 0 0 0
-0.00373276 0.0020485 0.000662216 0.00403582 -0.0131317 -0.000795075 0.0185432 -0.017388 -0.000361827 -0.0367685
0.00466088 -0.00192853 -0.0264303 -0.00419569 -0.00170512 0.307839 0.00128297 -0.00111167 0.286489 0.0170234
-0.00299251 0.283156 0.0298235 -0.00416971 0.290526 0.00150423 -0.0015652 0.247058 0.0253361 -0.00653286
0 0 0 0 0 0 0.259314 0.012154 -0.00452542 0
0 0 0.330406 -0.00467046 -0.00439722 0.369474 -0.00359857 -0.00646946 0.35423 -0.0117074
-0.00638753 0.369794 -0.00304608 -0.00622865 0.336822 -0.0190587 -0.00806308 0.340596 -0.0106498 -0.00891731
0 0 0 0 0 0 0.344732 -0.00677508 -0.00827751 -0.0134709
-0.0437837 0.00745185 0.139156 0.000550586 0.000707059 0 0 0 0 0
0 -0.0420875 0.00170686 -0.0103781 -0.0557018 0.000229103 -0.0122819 -0.0515912 -0.00655346 -0.0124609
-0.0243743 0.000564462 0.00728552 0 0 0 0 0 0 0.185348
0.000950435 -0.00264829 0.200931 0.0013388 -0.00197117 0.265902 0.00296083 0.000852588 0.393434 -0.00682085
0.000749748 0.378182 -0.0029561 0.0016613 0.367942 -0.0142168 -0.00491518 0.361931 -0.013471 -0.00272928
0.225304 -0.0101988 -0.00323595 0.347539 -0.0130587 -3.56211e-05 0.334705 -0.0167807 -0.00642984 0.265474
-0.0421717 -0.0129606 0.222702 -0.0386114 -0.0083366 0.140507 -0.00270608 -0.00654992 0.0551517 0.0140577
-0.00839059 -0.0352458 0.0115836 -0.012378 -0.0705948 0.00113274 -0.0156498 -0.0376688 -0.00967698 -0.0125193
0.0534188 -0.0129608 -0.00836041 0 0 0 0 0 0 0.000863234
-3.22204e-05 1.23263e-05 0.00158831 3.71236e-05 -4.68248e-05 0.139436 0.00342095 -0.00638541 0.224283 0.0106513
-0.00307754 0.34713 0.013401 -3.09712e-05 0.361512 0.0136661 -0.00274026 0.221858 0.0390615 -0.00827453
0.264857 0.042428 -0.0129857 0.334093 0.0168969 -0.0063919 0.0022749 0.00036698 -0.000110756 0
0 0 0 0 0 0.368495 0.00400279 0.00365818 0.370736 0.00562571
0.00336602 0.363977 0.00262074 0.00392421 0.293377 0.0181941 7.0217e-05 0.29898 0.0107969 0.00131107
0.284279 -0.0271233 -0.0065947 0.285314 -0.0402901 -0.00402901 0.310213 -0.0286308 -0.00251456 0.362589
0.00132492 -0.00104799 0.393499 0.0069115 0.000732053 0.378214 0.00320467 0.0016234 0.367486 0.0143176
-0.00492766 0 0 0 0.00163674 5.92601e-05 7.37435e-06 0.00106578 0.000111778 3.06627e-05
0 0 0 -0.00145878 0.0209836 -0.00722705 -0.0361684 0.0133006 -0.0114785 0.266661
-0.00255738 0.000749608 -0.0491845 0.0104195 -0.0130729 0 0 0 0 0
0 -0.0154314 0.0433607 0.00862963 -0.042861 0.0267781 0.0109491 0 0 0
0 0 0 -0.0248539 -0.00157339 0.00720634 -0.0374009 0.00226202 0.010617 0
0 0 0.0709435 0.015638 0.00309495 -0.0570175 0.00467853 -0.0142769 0.363725 0.00573117
-0.00179634 0.357555 0.00561639 -0.00181412 0.372391 0.00390956 0.000981634 0.354793 0.0170609 -0.00389875
0.353509 0.0152235 -0.00479717 0 0 0 0 0 0 0.336987
0.0110703 -0.00911739 0.333523 0.019804 -0.00799044 0.341063 0.00704637 -0.00856829 0 0
0 0.351515 0.0123771 -0.00619003 0.366854 0.00401959 -0.00646758 0.3669 0.00327462 -0.00633489
0.284339 -0.0286303 -0.00378511 0.288053 -0.0158071 -0.00254987 0.260227 0.00132887 -0.0024188 0.226603
0.00315048 -0.00382629 0.292505 -0.000420369 -0.00106761 0 0 0 0 0
0 -0.00359846 -0.00198134 0.00068902 -0.0194056 -0.00216187 -0.0043438 -0.0212461 0.00971077 -0.00302279
-0.0350451 0.00318031 -0.00511162 0 0 0 0.203315 0.0134379 -0.000132736 0.138833
0.0195663 0.000108962 0.100044 0.0491893 -0.00492901 0 0 0 0.306811 0.0232689
-0.00349305 0.328741 0.0177998 -0.00330049 0.146184 0.01395 0.0010646 0.363381 -0.00129416 -0.00403948
0.436152 -0.0019885 -0.00523926 0.362667 -0.00255279 -0.0035865 0.40052 -0.00146483 -0.00592682 0.388341
-0.00312832 -0.00495169 0.402675 -0.00227159 -0.00602376 0.00239133 -6.36878e-05 -1.71027e-05 0 0
0 0.000858096 -9.18819e-05 -6.79397e-05 0.17674 -0.000742583 8.71169e-05 0.363957 -0.009661 -0.00270047
0.138394 -0.01471 -0.0110676 0.0411141 0.0109444 -0.000443467 -0.0015093 0.020296 -0.00275619 0
0 0 -0.037207 0.0154455 -0.00806194 -0.0265296 0.00813993 -0.00962583 0.00241898 0.0148858
-0.00695235 0.148408 0.0157361 -0.00161666 0.0665458 0.0191339 -0.00695056 0 0 0
0.347612 0.0147634 -0.00316264 0.384138 0 0.00261249 0.114235 0.0328454 -0.0119325 0.359753
0.00665248 -0.00813131 0.355303 0.0104162 -0.00608181 0 0 0 0 0
0 0 0 0 0 0 0 0.333075 -0.0019644 -0.00641558
0.354872 -0.00371417 -0.00205186 0.346498 -0.0107499 -0.00874768 0 0 0 -0.0275001
-0.00912054 0.0109002 0.0263269 -0.00260715 0.00816025 0 0 0 0 0
0 -0.0451847 0.0149533 0.0102395 -0.0262287 0.0422483 0.00975675 0 0 0
0 0 0 0.0192024 0.0262323 0.0102377 0 0 0 0
0 0 0 0 0 0.371868 0.00472613 -0.00469639 0 0
0 0 0 0 0.0576906 -0.010509 0.000944759 -0.021235 -0.0348343 0.00165328
0 0 0 0 0 0 0 0 0 -0.0325763
0.0178792 0.00578022 -0.0423353 -0.00222557 0.00446513 0 0 0 -0.0148199 0.0374419
0.0032757 0.0770808 0.0227108 0.00399338 0 0 0 0 0 0
0 0 0 -0.0396183 -0.0275444 0.00952132 -0.0363003 -0.00362786 0.0104903 0
0 0 -0.0356838 0.000824758 0.0106681 0.0453758 0.0237652 0.00922186 -0.0260204 0.0248127
0.00779748 0 0 0 0 0 0 0 0 0
0 0 0 0.00087004 3.50044e-05 1.06874e-05 0 0 0 0
0 0 0.0015922 -3.58937e-05 -4.76059e-05 0.152091 0.00613703 0.00184708 0.0102113 -0.0327965
0.0156252 0 0 0 0 0 0 0 0 0
0.00228021 -0.00036476 -0.000110536 0.281175 -0.0214685 -0.0146796 0.343212 -0.0117616 -0.00805696 0
0 0 -0.0387426 -0.00111654 0.0172692 -0.0336229 -0.0270606 0.0143915 0 0
0 0 0 0 -0.0364182 0.0258021 0.0150165 0.00795991 0.0330579 0.0161204
0 0 0 0 0 0 0.150915 -0.00565852 0.00213693 0
0 0 0.280542 0.021589 -0.0146762 0.342611 0.0118339 -0.00802657 0 0
0 0.047827 -0.023965 0.00825038 0.190218 0.0197952 0.00540961 0 0 0
-0.0236013 -0.0260656 0.00636603 -0.0363859 -0.00230204 0.0105522 0 0 0 0.13742
-0.000638847 0.00153136 0 0 0 0.247419 -0.0248214 -0.00636456 0 0
0 0 0 0 0 0 0 0 0 0
0 0 0 0 0 0 -0.0314287 -0.0173082 0.00601856 -0.0156438
-0.0373461 0.00309193 0 0 0 0 0 0 0.0772293 -0.0234905
0.00404298 -0.0399444 0.000684191 0.00492544 -0.0201863 0.0314211 0.00202889 0 0 0
0 0 0 0.0572262 0.00812245 0.00132755 0 0 0 0
0 0 0 0 0 0.00816696 0.000164349 -0.0001646 0.32122 0.00646522
-0.00647223 0.316737 0.0143363 -0.00573513 0.322644 0.00538352 -0.00620376 0 0 0
0.325638 0.00310685 -0.00563686 0 0 0 0 0 0 0.0230905
-0.0228727 0.0064128 -0.0245073 -0.0375004 0.00718125 0 0 0 0 0
0 0 0 0 0.377164 -0.00410024 -0.00542077 0 0 0
0 0 0 0.371568 -0.00660771 -0.00424135 0.382012 -0.00337326 -0.00561831 0
0 0 0.363923 0.00513803 -0.00836988 0 0 0 0 0
0 0.367041 0.00359097 -0.00255308 0.346193 0.00275841 -0.00403274 0 0 0
0 0 0 -0.0424682 -0.0110445 0.00895179 0 0 0 -0.0233697
0.010929 0.00845127 0 0 0 0 0 0 0.0318314 0.00295465
0.00546038 0.43423 1.89439e-38 0.00718147 0.296576 0.00211907 -0.00381583 0.380978 -0.000589856 -0.00873446
0.400304 -0.00944414 0.00175199 0.309859 0.00447879 0.00371152 0.368757 0.00637642 -0.00612775 0.311115
-0.00444135 0.00373333 0.10551 -0.032595 0.00440941 0.232304 0.0129579 -0.00434914 0.434348 0
0.00663005 0.426975 0.0022215 0.00563171 0.434694 0 0.00672674 0.40279 0.00946653 0.00237054
0.381538 -0.00366861 -0.00877322 0.000928871 1.22871e-05 -1.49489e-05 0 0 0 0.400442
0.00529327 -0.00651966 0.362987 0.00357885 -0.00195096 0 0 0 0 0
0 0 0 0 0 0 0 0 0 0
0 0 0 0 0 0 0 0 0 0.35279
-0.00212068 -0.00369041 0.352641 -0.00344773 -0.00272822 0 0 0 0.000929529 -1.19113e-05
-1.5888e-05 0.401271 -0.00513306 -0.00693646 0.385944 0.00332806 -0.00769703 0 0 0
0.35577 -0.0116967 -0.0217183 0.367616 -0.00806789 -0.0217858 0 0 0 0.382473
-0.00627026 -0.0190897 0 0 0 0.426857 -0.00842343 -0.0088899 0.220949 0.000826078
-0.00387718 0.36801 0.00448774 -0.0062442 0 0 0 0 0 0
0 0 0 0.361322 -0.00449763 -0.00618806 0 0 0 0.366777
0.00137148 -0.00643632 0.339769 -0.0306051 -0.00150827 0.365308 -0.00448221 -0.00646908 0.219252 -0.000814868
-0.00402542 0 0 0 0 0 0 0.358262 0.00455074 -0.00646798
0.363961 -0.00135288 -0.00668239 0 0 0 0.346573 0.0188035 -0.0171806 0.33593
0.0281673 -0.00797739 0.337642 0.030503 -0.00152935 0.366423 0.0080067 -0.0221336 0 0
0 0 0 0 0.381499 0.00624684 -0.0194465 0 0 0
0.351177 0.0145378 -0.0200478 0.354356 0.0115894 -0.0220358 0 0 0 0
0 0 0 0 0 0.000510923 -5.70608e-05 4.28189e-06 0.000683043 -3.03101e-05
-1.38038e-06 0.326581 -0.0278521 -0.00614013 0 0 0 0.137796 -0.044777 -0.00796555
0.329577 -0.0279636 -0.00617349 0.329303 -0.0280842 -0.00619131 0.368327 -0.0035242 0.00368771 0.370521
-0.00523183 0.00341416 0.297737 -0.010363 0.00131279 0.292022 -0.0176787 8.51574e-05 0.363899 -0.00210378
0.00395756 0.259038 0.0251736 -0.00112809 0.257222 0.0310344 -0.00165058 0.366235 6.81677e-06 0.00364776
0.257977 -0.0307852 -0.00164072 0.259794 -0.0248922 -0.00114176 0.366251 0.00043758 0.00360424 0.134031
0.0470843 -0.00822309 0 0 0 0.323411 0.028966 -0.00567197 0.32639 0.0290871
-0.00570122 0.326106 0.0292074 -0.00571924 0 0 0 0.217593 -0.0241809 0.00178616
0.00105557 -0.000108976 3.20956e-05 0.00162979 -5.68634e-05 7.3905e-06 0 0 0 0
0 0 0.188427 -0.0193022 0.00566584 0.000516128 5.6334e-05 4.401e-06 0 0
0 0 0 0 0.000689492 3.04519e-05 -1.20308e-06 0.219797 0.0238685 0.00183855
0.0110333 -0.0212661 -0.0206379 0.0969987 -0.0310913 -0.0145004 0 0 0 0
0 0 0.00408706 -0.0192846 -0.0208004 0.00819232 -0.0185774 -0.0136357 0 0
0 -0.0192248 -0.0126588 -0.0213338 0 0 0 0 0 0
0.0029137 -0.0355142 -0.0157578 -0.0237089 -0.0280353 -0.017597 0 0 0 0.0379115
-0.00950219 -0.0158087 0 0 0 0 0 0 0 0
0 -0.00742126 -0.0239407 -0.00713272 0.0214703 -0.0370501 -0.00465858 0 0 0
-0.0128537 -0.0304113 -0.00768191 0.017794 -0.0355548 -0.00555545 0 0 0 0
0 0 0.122714 -0.0179147 -0.0106113 0.0300648 -0.0600753 -0.00938602 0.0236326 -0.0586566
-0.00942745 -0.0210546 -0.0401811 -0.00850926 0 0 0 0 0 0
-0.011359 -0.0509381 -0.0096496 0 0 0 0.221773 0.0342474 -0.00872227 0
0 0 0 0 0 0.0627178 -0.0296567 -0.0144373 0 0
0 0 0 0 0.00112928 0.000530823 -0.00232558 0.00999023 0.00469165 -0.0205961
-0.00464161 -1.10572e-05 -0.021762 0 0 0 0 0 0 0
0 0 -0.0340735 -0.033405 -0.0206715 -0.0381805 -0.0107944 -0.0244304 0.010107 -0.049645
-0.0143874 -0.00616932 -0.0436637 -0.0167037 0 0 0 0 0 0
0 0 0 0.0911056 -0.015821 -0.0122491 0.182905 0.0371046 -0.00747184 0
0 0 0.00117607 -0.000348833 -0.000154358 0 0 0 0.0586533 0.00835686
-0.0281108 0.145356 -0.042687 -0.0190478 -0.0153158 0.0295134 -0.0269093 0 0 0
0 0 0 -0.0502041 0.00194683 -0.0286765 0 0 0 0
0 0 0.0575129 -0.00734256 -0.0281922 -0.0172514 -0.0270009 -0.0270819 0.00117057 0.00035455
-0.000153937 0 0 0 0.144669 0.0433834 -0.0189946 0.183662 -0.0367626 -0.00728326
0 0 0 0.0920339 0.0162992 -0.0117531 0 0 0 0
0 0 -0.00426722 0.0465333 -0.0164885 0.0119857 0.0517619 -0.0137726 0 0
0 -0.0321317 0.0375648 -0.0211418 -0.00785222 0.00644752 -0.0237621 0.000645483 0.000199705 -0.00256074
0.00570543 0.00177959 -0.0226787 0 0 0 0.0580405 0.0332541 -0.0159383 0
0 0 -0.0389303 0.0171516 -0.0262413 0 0 0 0 0
0 0 0 0 0.124611 0.0201872 -0.0105759 0.222825 -0.0327395 -0.00842738
0.0333589 0.0655431 -0.00977245 0 0 0 0.0198539 0.0390075 -0.00581648 0.0270351
0.0646834 -0.00993534 -0.0135643 0.0443926 -0.0126404 0 0 0 0 0
0 -0.010129 0.0387626 -0.0132311 0 0 0 0 0 0
-0.00755677 0.0599798 -0.0108232 0 0 0 -0.018785 0.0529488 -0.011741 0.0134967
0.0470587 -0.0109934 0 0 0 0 0 0 0 0
0 0 0 0 0.00182456 0.0361822 -0.0155286 0.0353593 0.0106013 -0.0162548
0 0 0 0.0957638 0.0310449 -0.0135599 0.00767892 0.0224665 -0.0213157 0.00128415
0.020602 -0.0216716 0 0 0 0.00495287 0.018534 -0.0138727 -0.0233335 0.0288056
-0.0178621 0 0 0 0 0 0 -0.0203181 0.0143274 -0.0228615
0 0 0 0 0 0 0 0 0 0
0 0 0 0 0 0 0 0 0 0
0 0 0 0 0 0 0 0 0 0
0 0 0 0.00299772 1.53501e-05 -0.000133623 0 0 0 0
0 0 0.214545 -0.00045203 -0.00611176 0 0 0 0 0
0 0.430647 0.00504192 -0.0168367 0.417134 0.0111816 -0.0177706 0.471053 -0.00373663 0.00175779
0.449864 -0.0128883 -0.00592581 0.447141 -0.0125589 -0.00642945 0.479701 -3.92665e-40 0.00489555 0.353651
0.00824205 -0.00600758 0.460588 -0.00522684 0.00280878 0.00299846 -1.50142e-05 -0.000133519 0 0
0 0 0 0 0.355927 0.0031856 -0.00581548 0.356512 0.00722403 -0.00580036
0 0 0 0 0 0 0 0 0 0
0 0 0 0 0 0.395232 0.000225794 -0.00961168 0.38203 0.00648878
-0.0127598 0.450786 -0.00549249 0.00722219 0.437694 -0.0164363 0.00133006 0.450885 0.00555111 0.00727903
0.390584 -0.00132276 0.000746473 0.324508 -0.0079752 -0.00679285 0 0 0 0.381613
0.0065341 -0.0128527 0 0 0 0.324587 0.00786093 -0.00688832 0.406101 0.0114491
-0.0186959 0.462411 0.0169104 -0.00647811 0.495754 0.00669074 0.00377061 0.438467 -0.00466005 -0.000571608
0.443073 -0.00867821 -0.00461845 0 0 0 0.409787 -0.000864628 -0.011674 0.397011
0.00536262 -0.0152663 0.416942 -0.0103365 -0.0174571 0 0 0 0.406096 -0.0106875
-0.018496 0.426471 0.0138005 -0.0169148 0 0 0 0.385209 -0.00606251 -0.011502
0.389245 -0.00592366 -0.0106734 0.385618 -0.00601658 -0.0114169 0 0 0 0
0 0 0 0 0 0.34903 -0.0126265 -0.0181873 0.345665 -0.0013835
-0.0154729 0 0 0 0 0 0 0.34558 0.00142125 -0.0154857
0.348879 0.0126116 -0.0182506 0.331954 0.00790574 -0.0057073 0.390536 0.00129692 0.000663354 0.410939
-0.0166659 -0.00737062 0.437498 0.0165129 0.00132142 0.331854 -0.00802485 -0.00560932 0.410616 0.0167006
-0.00740434 0 0 0 0 0 0 0.38556 0.00640872 -0.0119532
0.428236 -0.0138655 -0.016862 0 0 0 0 0 0 0.404341
-0.000354758 -0.00738968 0.398729 0.000357731 -0.00854794 0 0 0 0 0
0 0 0 0 0.356029 -0.00737729 -0.00593311 0.355421 -0.00337195 -0.00595206
0.333453 0.00552194 -0.00525165 0 0 0 0.0027144 -5.31514e-05 -9.88896e-05 0
0 0 0 0 0 0.454924 0.0133047 -0.00595306 0.430082 -0.00419711
-0.0165411 0 0 0 0.455208 -0.0122834 -0.0062387 0 0 0
0 0 0 0.00270334 5.26359e-05 -9.85382e-05 0.437729 0.0083254 -0.0161657 0.465906
0.016941 -0.00730623 0.44081 -0.00498523 0.000139596 0 0 0 0.333642 -0.00568513
-0.00536144 0.400623 0.000938826 -0.00838949 0.436192 0.00564417 -0.000322463 0.4671 -0.0170358 -0.00724314
0.439609 -0.00841784 -0.016229 0.397804 -0.00537043 -0.014939 0 0 0 0.214895
0.000442927 -0.00597038 0 0 0 0 0 0 0.410455 0.000847215
-0.0114039 0.444821 -0.00861247 -0.00299617 0.443891 0.00855344 -0.00310047 0.213249 0.00313917 -0.000331099
0.20896 0.00402769 -0.000475709 0.392559 0 -0.00495147 0.39484 -0 -0.00444916 0.216222
0.00233785 -0.000214309 0.395915 -0 -0.00404765 0.21859 0.00175412 -0.000177332 0.396515 -0
-0.00378952 0.220938 0.00139397 -0.000221547 0.397263 -0 -0.00365994 0.223611 0.00119171 -0.000315432
0.398527 -0 -0.00360786 0.226734 0.00106444 -0.000425575 0.400433 -0 -0.00358299 0.230303
0.000948435 -0.000531034 0.402954 0 -0.00355574 0.234273 0.000811016 -0.00062468 0.406021 0
-0.00351785 0.238625 0.000649432 -0.000707964 0.409581 0 -0.00347153 0.243382 0.000486763 -0.000789142
0.413613 0 -0.0034287 0.248636 0.000394585 -0.000884705 0.418195 0 -0.00340838 0.254591
0.000453661 -0.00100764 0.423584 0 -0.00342168 0.261619 0.000672799 -0.00116085 0.430144 0
-0.00346338 0.27 0.00108567 -0.00130949 0.437834 0 -0.00347679 0.279182 0.00226307 -0.00170952
0.446725 0 -0.00394664 0.283071 0.00340116 -0.00263151 0.455342 0 -0.00470087 0.275932
0.00393737 -0.0147054 0.454815 0 -0.0165344 0.318361 0.0045893 -0.0307435 0.531556 0
-0.0336713 0.677533 0 -0.0400062 0.588479 0.00784142 -0.0373817 0.195452 -2.04826e-05 -0.000242072
0.190582 -0.000568227 -0.000349536 0.199019 0.000178981 -0.000161088 0.201977 0.00020496 -0.000139697 0.204875
0.0002039 -0.000177543 0.208034 0.00024737 -0.000251412 0.211579 0.000332424 -0.000339631 0.215518 0.000424951
-0.00042896 0.219829 0.000493526 -0.000513974 0.224516 0.000521782 -0.000596032 0.229634 0.000502633 -0.000680863
0.235301 0.000443249 -0.000778546 0.241685 0.000381502 -0.000900614 0.24908 0.000342427 -0.00105781 0.257797
0.000211237 -0.00122763 0.267337 -0.000333253 -0.00163917 0.270807 -0.000623367 -0.00257042 0.263218 -0.000551721
-0.0146973 0.307511 -0.000794601 -0.0303343 0.575143 -0.00182374 -0.0360227 0.236218 0.000779651 -0.000100379
0.23341 -0.00011392 -0.000275578 0.238119 0.00118278 -3.76856e-05 0.239789 0.00129951 -8.08212e-05 0.24166
0.00133367 -0.000187652 0.243909 0.00140321 -0.000313936 0.246556 0.00152938 -0.000434276 0.249578 0.00168308
-0.000541077 0.252957 0.00182665 -0.000635613 0.256705 0.00193456 -0.000724048 0.260872 0.00199007 -0.00081549
0.26559 0.00197619 -0.000916483 0.27107 0.00188693 -0.0010354 0.277574 0.00172664 -0.0011827 0.285165
0.00146864 -0.00131674 0.293664 0.000725014 -0.0018717 0.300171 -9.08019e-05 -0.0026078 0.293236 -0.000707472
-0.0142271 0.329836 -0.00149455 -0.0306938 0.601718 -0.00340972 -0.0380058 0.239398 0.00425232 -5.56856e-05
0.237018 0.00476677 -0.000232053 0.241096 0.00374937 -1.60269e-05 0.242753 0.00340529 -9.13081e-05 0.24471
0.00323436 -0.000220561 0.247051 0.00317857 -0.000354854 0.249747 0.0031716 -0.000472792 0.252765 0.00316281
-0.000573319 0.256102 0.00312596 -0.000663334 0.259793 0.00306143 -0.000750522 0.263915 0.00299992 -0.000843507
0.2686 0.00298422 -0.000951944 0.274043 0.00302077 -0.00108311 0.280531 0.00312603 -0.00123645 0.288167
0.00346113 -0.00136742 0.29664 0.00459621 -0.00190157 0.30259 0.00498285 -0.00263812 0.295565 0.0044652
-0.0142475 0.332322 0.00469993 -0.0308244 0.605135 0.00785631 -0.0385207 0.192555 0.00471345 -0.000157031
0.18845 0.00534738 -0.00025167 0.195947 0.00431799 -0.0001263 0.199172 0.00416218 -0.000158816 0.20253
0.00414793 -0.000225828 0.206133 0.00417259 -0.00030292 0.21 0.00417656 -0.000379325 0.214132 0.00413265
-0.000454131 0.21855 0.00403912 -0.000530252 0.223313 0.00391169 -0.000611501 0.22851 0.00377637 -0.000705841
0.23425 0.00365421 -0.000822839 0.24072 0.00355963 -0.000966141 0.248294 0.0035798 -0.00113282 0.257329
0.0038825 -0.00130373 0.26679 0.00510744 -0.00164109 0.267846 0.00553087 -0.00266144 0.260076 0.00498094
-0.0149003 0.307107 0.00539827 -0.0305453 0.575809 0.00926907 -0.036631 0.195174 0.000793997 -0.000211952
0.19152 0.000334936 -0.0002327 0.198188 0.00118004 -0.000204519 0.201021 0.00156132 -0.00023187 0.203969
0.0019337 -0.000288023 0.207163 0.00227008 -0.000358235 0.210641 0.00254759 -0.000434283 0.214412 0.00274991
-0.000512306 0.218507 0.00287199 -0.00058982 0.222986 0.00291323 -0.000668748 0.227926 0.00286595 -0.000757459
0.23344 0.00273855 -0.000865713 0.239754 0.00258576 -0.00099662 0.247263 0.00247019 -0.00114983 0.256325
0.00234277 -0.00131686 0.265761 0.00196324 -0.00163509 0.266184 0.00111991 -0.00270154 0.258426 0.000173533
-0.0150417 0.306218 -0.000366052 -0.0307295 0.574878 -0.00110237 -0.036824 0.231551 0.00282112 -0.000125482
0.22995 0.00276366 -6.41456e-05 0.232999 0.0027086 -0.000207021 0.234512 0.00262106 -0.000296714 0.236227
0.00261601 -0.000390461 0.238212 0.00267202 -0.000483592 0.240494 0.00274664 -0.000573837 0.243094 0.00281149
-0.000660264 0.246057 0.00285506 -0.000741201 0.249444 0.00287156 -0.000819779 0.253353 0.00284242 -0.000904512
0.257944 0.00277813 -0.00100373 0.263441 0.00275129 -0.00112088 0.270134 0.00281216 -0.00125404 0.278201
0.00295864 -0.00138962 0.286823 0.00328863 -0.00182012 0.28938 0.00295645 -0.0027784 0.28173 0.00203128
-0.0148553 0.323225 0.001599 -0.031347 0.594788 0.00221019 -0.0386592 0.20098 0.00453784 -8.47323e-05
0.198242 0.00506189 -2.16099e-05 0.203701 0.00398802 -0.000173305 0.206521 0.00352183 -0.00025937 0.209482
0.00317611 -0.000337004 0.212611 0.00293611 -0.000408824 0.21594 0.00276735 -0.000477558 0.219517 0.00264801
-0.000547084 0.223403 0.00257503 -0.000619616 0.227654 0.00256257 -0.000702554 0.232361 0.00260705 -0.000802242
0.237722 0.00267583 -0.000917686 0.244013 0.00278772 -0.00104837 0.251546 0.00302399 -0.00119483 0.260673
0.00356581 -0.00136653 0.270016 0.00527693 -0.00164042 0.269367 0.00614238 -0.00279223 0.261778 0.00585564
-0.0152747 0.310168 0.00652023 -0.0312377 0.580328 0.0112932 -0.0378089 0.168974 0.00165265 -7.78666e-05
0.165422 0.00161723 -5.01638e-05 0.172506 0.00155049 -0.000119433 0.176137 0.00143645 -0.000168184 0.179899
0.00137515 -0.000217551 0.183799 0.00136573 -0.000265771 0.187859 0.00137489 -0.000315732 0.192137 0.00137085
-0.000373305 0.196712 0.00133884 -0.000442396 0.201652 0.00129055 -0.000532812 0.207019 0.00126341 -0.000649506
0.212991 0.00126503 -0.000782375 0.219885 0.00129252 -0.000927508 0.228063 0.00137101 -0.00108878 0.238012
0.00151622 -0.00129983 0.247793 0.00178159 -0.00144266 0.244077 0.00182293 -0.0027799 0.236693 0.00166222
-0.0156212 0.292677 0.00176641 -0.030827 0.56028 0.00298876 -0.0361546 0.201429 0.000669606 1.27595e-05
0.199616 0.000379769 0.000109046 0.203538 0.000739631 -0.000109475 0.205987 0.000776605 -0.000228671 0.208685
0.000866392 -0.000311525 0.211555 0.00100331 -0.000370285 0.214591 0.00114086 -0.000422386 0.217849 0.00123165
-0.000480203 0.221428 0.00124304 -0.000548581 0.225431 0.00115985 -0.000633374 0.229952 0.00101213 -0.000742506
0.235149 0.000867254 -0.000871462 0.2413 0.000749978 -0.00101388 0.248731 0.000626815 -0.0011698 0.257806
0.000367295 -0.00136241 0.266925 -0.000536002 -0.00163366 0.265157 -0.00127795 -0.0028579 0.257528 -0.00168007
-0.0154326 0.307494 -0.00238851 -0.0313357 0.577411 -0.00460531 -0.0376177 0.216854 0.002696 6.16831e-05
0.215627 0.00299711 0.000205056 0.21854 0.00238773 -0.000114483 0.220674 0.00210134 -0.000280382 0.223093
0.00186003 -0.000386333 0.225669 0.0016761 -0.000453399 0.228378 0.00154548 -0.000507673 0.231282 0.00144764
-0.000566708 0.234485 0.00135961 -0.000637504 0.238107 0.00126361 -0.000720787 0.242282 0.00116104 -0.000819872
0.247186 0.00108811 -0.000937967 0.253054 0.00106558 -0.00107279 0.260166 0.00110154 -0.00121987 0.268853
0.00126458 -0.001397 0.277815 0.00188248 -0.00170028 0.277303 0.00222233 -0.00284852 0.269448 0.00218189
-0.0153001 0.315909 0.00247011 -0.0316225 0.58707 0.0042576 -0.0385159 0.16928 0.00309611 -6.79998e-05
0.165654 0.00353765 -6.65553e-06 0.173185 0.00272782 -0.000154296 0.177348 0.00238879 -0.000240789 0.181643
0.00206971 -0.00030126 0.185964 0.00178471 -0.000346634 0.190285 0.00154808 -0.000391963 0.19467 0.00135909
-0.000446584 0.199238 0.00120977 -0.000515404 0.20413 0.00109468 -0.000600733 0.209499 0.00101303 -0.000701764
0.215535 0.000967715 -0.000819419 0.222487 0.000962634 -0.000956219 0.230689 0.00102647 -0.00111376 0.240639
0.00128175 -0.00133228 0.250347 0.00218108 -0.00148111 0.246854 0.00281023 -0.00283884 0.239952 0.00299027
-0.0156926 0.295602 0.0035419 -0.031074 0.563986 0.00626733 -0.0368031 0.169366 -0.00298739 -6.57711e-05
0.165743 -0.00339705 -5.21741e-06 0.173271 -0.00264966 -0.000151689 0.177436 -0.00233301 -0.000238841 0.181734
-0.00202228 -0.000299648 0.186055 -0.00173366 -0.000344673 0.190373 -0.00148931 -0.000389292 0.194752 -0.00129651
-0.000443274 0.199311 -0.00115246 -0.00051182 0.204194 -0.00105547 -0.000597125 0.209554 -0.00100557 -0.000698637
0.215583 -0.000998407 -0.000817272 0.222528 -0.00103318 -0.000954815 0.230721 -0.00114178 -0.00111281 0.240649
-0.00144785 -0.0013321 0.250334 -0.00243575 -0.00147974 0.246907 -0.0031027 -0.00283728 0.240085 -0.00320086
-0.0156832 0.295737 -0.0036816 -0.0310601 0.564164 -0.006483 -0.0367988 0.216939 -0.00256465 6.94494e-05
0.215706 -0.00283076 0.000211676 0.218633 -0.0022818 -0.00010744 0.220781 -0.00200574 -0.000276146 0.223214
-0.00176078 -0.000383496 0.225797 -0.00156415 -0.000449855 0.2285 -0.00141847 -0.000502512 0.231386 -0.00130979
-0.000560399 0.234562 -0.00121977 -0.000630589 0.238148 -0.00113867 -0.000714681 0.242286 -0.00108575 -0.000816144
0.247154 -0.00108024 -0.000935022 0.252979 -0.00111895 -0.00106956 0.260037 -0.00121743 -0.00121734 0.26865
-0.00144348 -0.0013964 0.277543 -0.0020987 -0.00170108 0.277127 -0.00238799 -0.00284691 0.269426 -0.00225162
-0.0152772 0.315995 -0.00248994 -0.0315816 0.587238 -0.00431582 -0.0384853 0.201332 -0.000544025 1.49369e-05
0.199515 -0.000219935 0.000123036 0.203464 -0.000630795 -0.000112596 0.205944 -0.000666559 -0.00023517 0.208668
-0.000745318 -0.000318877 0.21155 -0.000868644 -0.000376781 0.214577 -0.000994552 -0.000427796 0.217811 -0.00107971
-0.000484882 0.221346 -0.00109403 -0.000552197 0.225274 -0.00102532 -0.000638693 0.229709 -0.00092007 -0.000748751
0.234849 -0.000837555 -0.000874492 0.240951 -0.000781534 -0.00101379 0.248305 -0.000722181 -0.00116751 0.257284
-0.000535077 -0.00136006 0.266316 0.000285473 -0.00163729 0.264646 0.00102674 -0.00285772 0.25724 0.00151796
-0.0154001 0.307456 0.00228463 -0.0312769 0.577479 0.00442192 -0.037578 0.168777 -0.00159469 -7.92918e-05
0.165197 -0.0015022 -3.65442e-05 0.172371 -0.00153143 -0.00012782 0.176067 -0.00143891 -0.000178269 0.179878
-0.00138802 -0.000226626 0.183803 -0.0013865 -0.000273191 0.187864 -0.00140804 -0.000322155 0.192122 -0.00142294
-0.000378956 0.196661 -0.00141584 -0.000446185 0.201538 -0.00139209 -0.000537592 0.206832 -0.00136997 -0.000654784
0.21276 -0.00137296 -0.000784227 0.219616 -0.00142151 -0.000926494 0.227724 -0.00153123 -0.00108576 0.237566
-0.00171666 -0.0012961 0.247261 -0.0020764 -0.00145087 0.243873 -0.00216362 -0.00277809 0.236871 -0.00190907
-0.0155649 0.292995 -0.00192517 -0.0307516 0.560768 -0.00323304 -0.0361269 0.203715 -0.00404313 -0.00017741
0.200921 -0.00454107 -8.37975e-05 0.206609 -0.00359675 -0.000264192 0.209623 -0.00325188 -0.000338993 0.212772
-0.00300863 -0.00040659 0.216092 -0.00284576 -0.00047201 0.219639 -0.00274124 -0.000539222 0.22348 -0.00268718
-0.000609741 0.227676 -0.00269438 -0.000692607 0.232325 -0.00274282 -0.000794551 0.237627 -0.00281295 -0.000911724
0.24385 -0.00293902 -0.00104385 0.251298 -0.0031903 -0.0011922 0.260299 -0.00374347 -0.00136489 0.269541
-0.00546494 -0.00165796 0.269318 -0.0062929 -0.00279668 0.26216 -0.00592564 -0.0152088 0.310634 -0.00653851
-0.0311469 0.581005 -0.0113445 -0.0377582 0.233076 -0.002731 -0.000216708 0.231542 -0.00282967 -0.000128701
0.234662 -0.00263298 -0.000307386 0.236412 -0.00260669 -0.000396165 0.238389 -0.00264045 -0.000483016 0.24063
-0.00269993 -0.000568008 0.243174 -0.00275727 -0.000650513 0.246069 -0.00279619 -0.000729712 0.249376 -0.0028101
-0.000808153 0.253197 -0.00278737 -0.000895827 0.257699 -0.00275803 -0.00100027 0.263107 -0.00277905 -0.00112013
0.269692 -0.00287759 -0.00125403 0.277612 -0.00306224 -0.00138982 0.286111 -0.00345154 -0.0018401 0.288984
-0.00311772 -0.00278863 0.281688 -0.00211393 -0.0147933 0.323402 -0.00162655 -0.031239 0.595186 -0.00227344
-0.0385619 0.198338 -0.00116147 -0.000219007 0.195193 -0.000782401 -0.000221425 0.201276 -0.00153212 -0.000247211
0.20428 -0.00189763 -0.000300121 0.207482 -0.00223275 -0.000367029 0.210931 -0.00251011 -0.000440371 0.214658
-0.00271436 -0.000515888 0.218703 -0.00283854 -0.000592953 0.223115 -0.00287516 -0.000674058 0.227957 -0.00282088
-0.000767904 0.233353 -0.00270694 -0.000879007 0.239566 -0.00259792 -0.00100799 0.246958 -0.00253914 -0.00115738
0.255823 -0.00247648 -0.00131898 0.265092 -0.00221238 -0.00165289 0.266025 -0.00143457 -0.00270076 0.258724
-0.000406468 -0.0149592 0.306599 0.000225726 -0.030611 0.575486 0.000880885 -0.0367474 0.196452 -0.00444889
-0.000152491 0.192906 -0.00482817 -0.00018113 0.199787 -0.00428575 -0.000179984 0.203198 -0.00426548 -0.000240275
0.206805 -0.00430903 -0.000313055 0.210645 -0.00435547 -0.000387724 0.214736 -0.00436991 -0.000461946 0.21911
-0.00434028 -0.000538625 0.223818 -0.00426841 -0.00062214 0.228924 -0.0041594 -0.000719281 0.234533 -0.00399957
-0.000836627 0.240868 -0.00385579 -0.000978177 0.248299 -0.00387514 -0.00114253 0.25712 -0.00419113 -0.00130837
0.266398 -0.00539723 -0.00166615 0.268058 -0.00572923 -0.00266529 0.26081 -0.005064 -0.0148079 0.307836
-0.00541631 -0.0304232 0.57685 -0.00932733 -0.0365795 0.241574 -0.00399898 -5.62175e-05 0.239713 -0.00448207
-0.000101844 0.243335 -0.00364838 -0.000114171 0.245307 -0.0034673 -0.00022343 0.247596 -0.00341902 -0.000342569
0.250211 -0.00343957 -0.000453543 0.253144 -0.00347038 -0.000553207 0.256405 -0.00347722 -0.000644888 0.260035
-0.00345233 -0.000733948 0.264108 -0.00340562 -0.000824466 0.268716 -0.00334232 -0.000929484 0.274001 -0.00329926
-0.00106314 0.280288 -0.00337503 -0.00122501 0.287707 -0.00370752 -0.00136311 0.296015 -0.00477259 -0.0019309
0.302438 -0.00498911 -0.00265654 0.295855 -0.00435199 -0.0141647 0.332795 -0.00457933 -0.030683 0.605987
-0.00774899 -0.038401 0.238597 -0.00123053 -7.912e-05 0.236535 -0.000811784 -0.000156403 0.240349 -0.0013745
-0.000103308 0.242206 -0.00143824 -0.000191266 0.244371 -0.00152076 -0.000303675 0.246906 -0.00163714 -0.000417896
0.249812 -0.00175918 -0.00052423 0.253085 -0.00185662 -0.000621181 0.256741 -0.00191191 -0.000712765 0.260832
-0.00192125 -0.000801403 0.265446 -0.0018938 -0.000895297 0.270723 -0.00181583 -0.00101792 0.276959 -0.00168231
-0.00117839 0.284295 -0.00145804 -0.00132009 0.292614 -0.00074155 -0.00190487 0.299439 0.000151054 -0.00263367
0.292934 0.000844937 -0.0141414 0.330042 0.00159029 -0.0305223 0.602443 0.00342053 -0.0378486 0.200033
-0.00025176 -0.000192873 0.196318 -4.29471e-05 -0.000284165 0.203051 -0.00030817 -0.000161464 0.205929 -0.00034164
-0.000191037 0.209009 -0.000403729 -0.000259396 0.21244 -0.000487601 -0.000344863 0.216253 -0.000563536 -0.000433899
0.220432 -0.000607088 -0.000520619 0.224978 -0.000608176 -0.000605957 0.229932 -0.000569802 -0.000692143 0.235385
-0.000517166 -0.000787224 0.241483 -0.00048385 -0.000910948 0.248553 -0.000438378 -0.00107327 0.256922 -0.000270036
-0.00124125 0.266147 0.000322121 -0.00166854 0.269841 0.000840287 -0.00258954 0.262802 0.000954927 -0.014578
0.307829 0.00112132 -0.0301179 0.576174 0.00202623 -0.0358814 0.217407 -0.00253679 -0.00023814 0.21432
-0.00335574 -0.000360043 0.21982 -0.00193569 -0.000193018 0.222145 -0.00156036 -0.000229152 0.224739 -0.00134668
-0.000316908 0.227745 -0.00121446 -0.0004232 0.231179 -0.00110363 -0.000527125 0.235005 -0.000982449 -0.000621208
0.239206 -0.00084504 -0.000706803 0.2438 -0.000706821 -0.000790228 0.248848 -0.000625417 -0.000886955 0.254532
-0.000674491 -0.00101109 0.261249 -0.000843941 -0.00116538 0.269274 -0.00118083 -0.00131408 0.278132 -0.00219369
-0.00172936 0.282164 -0.00293484 -0.00259021 0.275186 -0.00320234 -0.014449 0.317789 -0.00396585 -0.0303372
0.58841 -0.00732031 -0.0370007 0.397457 0 -0.00407068 0.396265 0 -0.00448816 0.398098
0 -0.00379328 0.398814 0 -0.00364566 0.399989 0 -0.00357978 0.401767 0
-0.00354475 0.404141 0 -0.00350958 0.407055 0 -0.00346557 0.410465 0 -0.00341545
0.414358 0 -0.00336961 0.418778 0 -0.0033481 0.423934 0 -0.00336305 0.430205
0 -0.00340733 0.437598 0 -0.00342654 0.446283 0 -0.0039168 0.454931 0
-0.00456349 0.454028 0 -0.0161318 0.530268 0 -0.0330865 0.676271 0 -0.0393789
0.174425 -0.000361884 0.00414059 0.176679 -0.0116166 0.00504898 0.38024 -1.59318e-35 -0.00219895 0.386678
-6.33619e-37 -0.00165822 0.172929 0.00186699 0.00271955 0.375639 -4.49e-39 -0.0028532 0.177869 0.00343597
0.00125179 0.374021 2.14188e-41 -0.00442784 0.186004 0.00453713 0.000212764 0.37763 3.54529e-43 -0.00532612
0.194885 0.00497654 -0.00036737 0.383231 1.4013e-45 -0.00561254 0.202829 0.00473849 -0.000547634 0.388607
0 -0.00542584 0.146129 0.00894898 0.00343916 0.164046 0.00405302 0.00379103 0.145385 0.00254467
0.00214877 0.152942 -0.00211313 0.000923649 0.163769 -0.00348537 3.65624e-05 0.174674 -0.00283663 -0.000364519
0.183762 -0.00158254 -0.000429119 0.189966 -0.00178675 0.00855139 0.216379 -0.0108847 0.0109421 0.199257
-0.000626526 0.00447795 0.204673 -0.00373975 0.00167668 0.213424 -0.00438634 8.93787e-06 0.22215 -0.00327842
-0.000544117 0.22891 -0.00157296 -0.000498111 0.199624 -0.0225758 0.00815393 0.225105 -0.0333964 0.0104976
0.208167 -0.00905274 0.00427838 0.212054 -0.00162229 0.00157787 0.21946 0.00268534 -2.71172e-05 0.227139
0.00455869 -0.000565023 0.233129 0.00501505 -0.000479831 0.15436 -0.0198464 0.00247507 0.166177 -0.0202653
0.00240647 0.152789 -0.00963799 0.00161682 0.158013 -0.000800415 0.00064427 0.166628 0.00418599 -7.27897e-05
0.175547 0.0059931 -0.000386173 0.182941 0.00599514 -0.000367482 0.16001 -0.0122397 0.00218172 0.167673
-0.00623148 0.00283793 0.161192 -0.0107712 0.00137436 0.166304 -0.00758016 0.000695247 0.173426 -0.00429355
0.000192077 0.180598 -0.00184822 -9.89034e-05 0.186739 -0.000413748 -0.000212696 0.213691 -0.00479036 0.00378914
0.216938 0.000416964 0.00693122 0.214506 -0.00600109 0.00171595 0.21794 -0.00432335 0.000576649 0.221868
-0.00158752 0.000162892 0.225266 0.000782563 4.63576e-05 0.227926 0.00220208 -1.02195e-05 0.166634 -0.00348921
0.00298784 0.166871 -0.0102141 0.00558981 0.17257 0.000619287 0.00136254 0.179944 0.00306428 0.00039513
0.186457 0.00455429 7.20616e-05 0.191465 0.00528115 1.14168e-05 0.195219 0.00537995 1.92783e-06 0.123078
-0.00378873 0.00159131 0.122838 -0.00218585 0.00256044 0.132511 -0.00371152 0.000842209 0.142454 -0.00246111
0.000311339 0.150685 -0.000876741 9.33197e-05 0.156889 0.000447213 1.43312e-05 0.161573 0.00127034 -2.52441e-05
0.169216 -0.00603106 0.00310349 0.159835 -0.00360667 0.00654362 0.177258 -0.00783803 0.00128946 0.185428
-0.00662978 0.000361019 0.191561 -0.00421295 0.00015426 0.195441 -0.00193091 0.000175246 0.197821 -0.000398912
0.000173671 0.195141 -0.00560746 0.00315397 0.18779 -0.0171895 0.00702255 0.200188 -0.000467694 0.00120866
0.206118 0.00205507 0.000340543 0.210613 0.00308836 0.000207753 0.213222 0.00335446 0.000279852 0.214604
0.00325002 0.000294411 0.128528 -0.000153619 0.00150306 0.122395 -0.00641957 0.00232522 0.13655 0.00405115
0.000642702 0.145321 0.00558358 0.000128124 0.152751 0.00551895 -2.54686e-05 0.158113 0.00484194 -5.47549e-07
0.162114 0.00411627 2.10227e-05 0.128641 0.000290761 0.00151188 0.122503 0.00664472 0.00233484 0.136667
-0.00389659 0.000647536 0.145435 -0.005413 0.000130329 0.15286 -0.00533597 -2.37842e-05 0.158215 -0.00465837
1.03057e-06 0.162208 -0.00394826 2.24477e-05 0.195234 0.00572091 0.00315951 0.18753 0.0173918 0.00702367
0.20029 0.000639758 0.0012156 0.206223 -0.00184169 0.000345823 0.210714 -0.00285498 0.000212406 0.213312
-0.0031268 0.000284955 0.214683 -0.0030486 0.000300311 0.169136 0.00611316 0.00310167 0.159247 0.00371965
0.00653213 0.177229 0.00800804 0.00129637 0.185415 0.00686181 0.000370855 0.191533 0.00446297 0.000166442
0.195382 0.00216424 0.000189755 0.197736 0.000598443 0.00019283 0.123187 0.0038731 0.00158967 0.122923
0.00209439 0.00255312 0.13257 0.00390773 0.000846997 0.142452 0.0027233 0.000323399 0.150596 0.00114958
0.000112161 0.156719 -0.000206717 3.43526e-05 0.161357 -0.00108838 -4.40849e-06 0.167103 0.00365808 0.00298522
0.167388 0.0101622 0.00557636 0.172904 -0.000292975 0.00136785 0.180144 -0.00264787 0.000408519 0.186525
-0.00414337 9.03187e-05 0.191425 -0.00495575 2.78212e-05 0.195118 -0.00517586 1.27169e-05 0.198137 -0.0049761
-1.48361e-05 0.214327 0.00500161 0.00377498 0.21749 -0.000517501 0.00688266 0.215026 0.00639517 0.001727
0.218284 0.00476254 0.000604207 0.22203 0.00195804 0.000194837 0.225285 -0.000533726 7.55303e-05 0.227864
-0.00207287 1.17804e-05 0.229883 -0.00272296 -5.53413e-05 0.161165 0.0128789 0.00215066 0.169297 0.00649396
0.0027809 0.162041 0.0114578 0.00138124 0.166768 0.00814101 0.000733074 0.173521 0.00467821 0.000238623
0.180488 0.002064 -6.33064e-05 0.186578 0.000502032 -0.000192829 0.191418 -0.000310286 -0.000229775 0.156322
0.0205302 0.0024449 0.168662 0.0203025 0.00232452 0.154189 0.0107037 0.00164867 0.15879 0.00171817
0.000696359 0.166918 -0.00358088 -2.46594e-05 0.175612 -0.00569109 -0.000359173 0.183002 -0.00592705 -0.000365809
0.188634 -0.00540958 -0.000265209 0.209139 0.0101883 0.00447874 0.201954 0.023916 0.00819454 0.212504
0.00257486 0.0017311 0.219521 -0.00207101 8.94589e-05 0.227025 -0.00430298 -0.00050292 0.233076 -0.00503264
-0.000475706 0.237145 -0.00493432 -0.000262201 0.199296 0.0014696 0.00472541 0.190532 0.00374432 0.00857622
0.204629 0.00426376 0.00190672 0.213154 0.00469973 0.000183966 0.221767 0.00342526 -0.000473369 0.228713
0.00162157 -0.000507959 0.233494 0.000108769 -0.000323808 0.145368 -0.00243106 0.00228134 0.145323 -0.00763477
0.0035628 0.153116 0.0017712 0.00107459 0.163908 0.00306256 0.000132828 0.17481 0.00255133 -0.00035282
0.184114 0.00144228 -0.000464453 0.191213 0.000494229 -0.000396783 0.173369 -0.00192806 0.00298433 0.174675
0.00103882 0.00466233 0.178407 -0.00383011 0.00142393 0.18656 -0.00500822 0.000281796 0.195496 -0.0053504
-0.000353304 0.203566 -0.00501719 -0.000568938 0.209866 -0.00426267 -0.000507356 0.377033 0 -0.00260576
0.388847 0 -0.00121756 0.375152 0 -0.00426701 0.378634 0 -0.00529071 0.384244
0 -0.00562228 0.389716 0 -0.00546943 0.39382 0 -0.00500189 0.488835 3.19333e-39
0.00748961 0.491251 -5.06485e-39 0.00742363 0.45653 -0.00902729 -0.00121951 0.231653 0.0115946 -0.00763953
0.540722 0.163467 -0.0223302 0.577305 0.141701 -0.0324086 0.677111 0.0821422 -0.0599461 0.689207
7.33536e-35 -0.0535481 0.524515 -3.01705e-31 -0.0384138 0.237053 -0.0368123 -0.00120024 0.499019 -2.42432e-31
-0.0208592 0.254726 -0.0514103 -1.90085e-05 0.504098 2.95521e-32 -0.0121061 0.262353 -0.0375827 0.00215259
0.488959 1.6468e-32 -0.00506759 0.219715 -0.0256909 0.0046906 0.42118 3.63596e-34 -0.0022913 0.174439
-0.0045284 0.00749186 0.331976 -0.06289 0.0389257 0.318421 0.0697084 0.0402018 0.309935 0.152575
0.0409977 0.374773 0.155642 0.0232105 0.196339 0.00365009 0.00304012 0.217714 0.00114742 -0.00255607
0.237815 -0.00176262 -0.00384558 0.212284 -0.00354795 0.000303552 0.295293 -0.0203705 -0.00802244 0.645093
-0.0907071 -0.0452483 0.540642 -0.176545 -0.0102183 0.281429 0.0176214 -0.00516061 0.288272 0.0225021
-0.00439682 0.295808 0.0124246 -0.000875897 0.274085 -0.00458718 0.00623417 0.445941 0.0106787 -0.00119316
0.476024 0.0210714 0.00227776 0.537369 0.00208406 0.00440211 0.446941 -0.0225455 0.00555002 0.414294
-0.0140464 0.00565569 0.438888 -0.00593738 0.00175265 0.511798 0.00533643 0.00287347 0.460396 0.00866352
-0.00526253 0.650472 0.0889706 -0.0477644 0.652276 0.0997384 -0.0641049 0.634604 0.0622061 -0.0566378
0.647691 0.00560749 -0.0346021 0.639731 -0.053801 -0.0585169 0.652787 -0.0981496 -0.0651094 0.301874
0.0156033 -0.00920244 0.278583 0.014047 -0.00475962 0.287099 0.00811131 -0.00238927 0.290179 -0.00605776
0.00216393 0.272999 -0.0236748 0.00768522 0.178229 0.000147776 0.00615669 0.347844 0.106577 0.0230052
0.567527 0.158593 -0.023984 0.18818 -0.00804259 0.00247626 0.211781 -0.000873998 -0.000893422 0.219918
0.0029035 -0.000240509 0.195899 -0.00662656 0.0015775 0.210071 -0.0097678 -0.00273169 0.456521 -0.162857
0.00143588 0.255129 -0.078752 0.0493308 0.216534 0.022028 0.000581613 0.231714 0.0276551 0.00161248
0.213713 0.0230535 0.00265806 0.18333 0.0105061 0.00298458 0.314083 -0.0218573 -0.0176868 0.664686
-0.0232728 -0.0495601 0.641707 -0.068406 -0.0477495 0.619273 -0.11198 -0.0459886 0.294185 -0.0338025
-0.00255616 0.295098 -0.0280009 0.00503498 0.260898 -0.0151096 0.00915726 0.225332 -0.00261667 0.00935609
0.466049 -0.000228788 0.00640781 0.448051 -0.0142281 0.00199286 0.445628 -0.0163098 0.00143281 0.445628
-0.00760544 0.00116658 0.466085 -0.000319095 0.00643721 0.665144 0.0644935 -0.0626086 0.652462 0.0572761
-0.0623368 0.664309 0.0371914 -0.0597524 0.235438 -0.00413983 -0.00723045 0.563387 0.140628 -0.0260398
0.672906 0.0643103 -0.0541676 0.241957 -0.0531681 -0.00127356 0.253046 -0.0533984 0.000379926 0.239615
-0.0365444 0.00411503 0.196008 -0.0224674 0.00688891 0.255091 0.00197507 0.00165895 0.233923 -0.00529336
0.00186332 -0.004824 0.0123334 0.00286637 0.0221866 0.0132173 0.00922716 0.293752 0.20628 -0.0194389
-0.132774 -0.0428115 0.0105154 0.261782 0.0267358 -0.107606 0.612476 0.139579 -0.143582 0.58365
0.156569 -0.0632803 0.150739 -0.00237312 0.00805397 0.270025 -0.0303202 0.0442651 0.342098 0.173986
0.0252247 0.180741 0.00321793 0.00150126 0.201772 0.00290188 -0.00379195 0.198052 0.00160109 -0.00221601
0.155382 -0.000128185 0.00184297 -0.0428876 0.0123243 0.00717223 -0.0458067 0.00746721 -0.00123075 0.0867681
0.00202013 0.000947686 0.0869806 0.0021302 0.00142563 0.181093 -0.0427575 0.0228526 0.184106 -0.0450687
0.0224233 0.15713 -0.0326928 0.0242458 0.235912 0.005667 -0.00562445 0.561172 -0.123038 -0.0222317
0.42135 -0.193851 0.0182899 0.419248 -0.191578 0.0186515 0.248466 0.0612877 -0.00294041 0.25603
0.0615192 -0.000613961 0.24036 0.0288853 0.00521759 0.187889 0.00281834 0.0089398 0.232018 0.00976307
-0.00126741 0.299215 0.0529131 -0.0102975 0.476687 -0.00405474 0.00674196 0.441061 -0.0343921 0.00263765
0.413092 -0.0295388 0.00375276 0.429872 -0.0170121 0.00412922 0.458383 -0.00358623 0.00622236 0.295687
0.00129354 0.00140658 0.634203 0.0509459 -0.0414989 0.635016 0.0521942 -0.0434753 0.638178 0.0582836
-0.0533163 0.622076 0.0312334 -0.0489296 0.617996 -0.0234024 -0.0358272 0.593707 -0.107939 -0.0753453
0.567402 -0.145019 -0.0492153 0.288051 0.0408138 -0.0108854 0.281421 0.0647017 -0.00157793 0.269715
0.0532966 0.0049884 0.241703 0.0108924 0.0101227 0.204728 -0.0189885 0.0108298 0.189585 0.0134682
0.000414186 0.357484 0.127117 0.0134316 0.405154 0.124743 0.00439795 0.579102 0.116056 -0.0285778
0.597196 0.0947504 -0.032811 0.194939 0.00221581 0.00204075 0.189691 3.2938e-05 0.00293348 0.161696
-0.00569223 0.00363195 0.13377 -0.00884114 0.00322541 0.189342 -0.0137997 0.000463377 0.356813 -0.126641
0.0135316 0.176575 0.000466811 0.0458092 0.194839 -0.00288546 0.00200707 0.189871 -0.000598727 0.00290791
0.161861 0.00548063 0.00362839 0.133814 0.00903757 0.00323139 0.287008 -0.0419087 -0.0108227 0.632873
-0.0513038 -0.0413581 0.595821 -0.0951259 -0.0325211 0.57795 -0.11615 -0.0282742 0.413819 -0.123942
0.00275763 0.280843 -0.0664388 -0.00161558 0.269676 -0.0545847 0.00493641 0.241836 -0.0115773 0.0101059
0.204444 0.0189048 0.0108324 0.412443 0.0297921 0.00382908 0.440318 0.0346681 0.00261971 0.476082
0.00420545 0.00674408 0.298455 -0.052906 -0.0103923 0.231231 -0.0101868 -0.0012693 0.295366 -0.00156971
0.00152866 0.458478 0.00366601 0.00633164 0.429538 0.0171324 0.00419182 0.561104 0.122717 -0.022323
0.567439 0.144792 -0.0493637 0.593713 0.107883 -0.0755525 0.6179 0.0229604 -0.0360773 0.622608
-0.0319409 -0.0482294 0.637105 -0.0587302 -0.0521442 0.633732 -0.0525662 -0.0431646 0.234716 -0.00646025
-0.00560976 0.247821 -0.0627783 -0.00295423 0.255712 -0.0626979 -0.000661374 0.240439 -0.0295487 0.00517101
0.18753 -0.00299229 0.0089169 0.1542 -0.002067 0.00147531 0.0862486 -0.0022006 0.000970009 0.0864787
-0.00230325 0.00144969 0.150393 0.00228517 0.00807357 0.27015 0.0302119 0.0442932 0.41916 0.191496
0.018642 0.421259 0.193769 0.0182798 0.180588 -0.00330891 0.00151342 0.201663 -0.00301417 -0.00380153
0.198392 -0.00173722 -0.00225589 0.155777 -3.86084e-05 0.00181578 -0.0462812 -0.00760853 -0.0011903 -0.0421499
-0.00577181 -0.00523374 -0.00476644 -0.0125682 0.00287271 0.0223295 -0.0131855 0.00932409 -0.0432126 -0.0122178
0.00720802 0.181316 0.0428971 0.0229497 0.294088 -0.206265 -0.0194525 -0.134528 0.0421182 0.0107358
-0.266473 -0.113557 0.0613458 -0.157536 -0.0983826 0.0453766 0.157684 0.0324823 0.0243483 0.235114
0.00401227 -0.00722737 0.563717 -0.140683 -0.026143 0.342541 -0.174124 0.0251894 0.24187 0.0532368
-0.00125586 0.253144 0.0534535 0.000384534 0.240253 0.0365924 0.00409456 0.196809 0.0223971 0.00686536
0.234024 0.00519766 0.00182187 0.445253 0.0160698 0.00139557 0.445124 0.0074115 0.00110407 0.255144
-0.00205915 0.001629 0.583964 -0.156561 -0.063429 0.665213 -0.064506 -0.0626981 0.652657 -0.0573583
-0.0624348 0.638644 -0.0727445 -0.0772527 0.637224 -0.0857382 -0.0861835 0.612798 -0.139599 -0.143731
0.312985 0.0217983 -0.0176414 0.664803 0.0232509 -0.049591 0.672999 -0.0643356 -0.0542555 0.293482
0.0338329 -0.00255325 0.295235 0.027714 0.00504789 0.261856 0.0148792 0.00913765 0.2262 0.00240935
0.0092961 0.439544 -0.000345029 0.0052579 0.466245 8.71531e-05 0.00644054 0.466207 -5.2472e-06 0.00641389
0.209343 0.00963934 -0.00262932 0.456691 0.162868 0.00155231 0.619494 0.111928 -0.045952 0.642355
0.0674332 -0.0477846 0.215876 -0.0221518 0.000595336 0.231768 -0.0280309 0.00161321 0.214752 -0.0233336
0.00261778 0.185081 -0.010597 0.00291802 0.177992 -0.000442576 0.00625162 0.349198 -0.107492 0.0228996
0.255581 0.0782666 0.0495513 0.188062 0.00799653 0.00255244 0.211911 0.000810939 -0.000835496 0.220773
-0.00307179 -0.000243493 0.198001 0.00638758 0.00151176 0.302108 -0.0187802 -0.00922155 0.651532 -0.0892983
-0.0482662 0.569181 -0.159114 -0.0245319 0.277846 -0.0192507 -0.00461958 0.286511 -0.0121831 -0.00218353
0.289886 0.00421558 0.00215688 0.274247 0.0255115 0.00734422 0.228032 0.0363745 0.0101865 0.411573
0.0144699 0.00517717 0.444702 0.0229377 0.00512623 0.53631 -0.00217079 0.00450769 0.477563 -0.0211035
0.0022807 0.447965 -0.0106065 -0.00127459 0.461883 -0.00871946 -0.00526365 0.510392 -0.00524843 0.00291927
0.435819 0.00638784 0.00142955 0.646006 0.0904578 -0.0454144 0.654099 0.0978735 -0.0653604 0.640752
0.0534146 -0.0585825 0.647659 -0.00575665 -0.0347466 0.63495 -0.0622862 -0.0571642 0.653289 -0.0999715
-0.0646918 0.293939 0.0173631 -0.00809126 0.280513 -0.0227355 -0.00520541 0.28734 -0.0265911 -0.00445185
0.295868 -0.0142538 -0.00126622 0.276907 0.00630204 0.00554862 0.219197 0.0144123 0.0104922 0.171496
0.00418106 0.00753876 0.332722 0.0622763 0.0391253 0.541588 0.176888 -0.0101192 0.195865 -0.00417089
0.00299108 0.217511 -0.00268977 -0.00270375 0.238703 -0.000583898 -0.00439148 0.217736 -0.000276497 -0.000226882
0.167881 -0.00544766 0.00375136 0.22596 -0.0122692 -0.00774685 0.542934 -0.164495 -0.023212 0.311537
-0.15447 0.0406934 0.232348 0.0322463 -0.00146429 0.252759 0.0450696 5.35955e-05 0.264801 0.0344606
0.00214773 0.230891 0.0225056 0.00489759 0.185893 0.0101286 0.00578975 0.515786 0 -0.0389203
0.690427 0 -0.0538758 0.678842 -0.082126 -0.0606378 0.607228 -0.125587 -0.0409035 0.490459
0 -0.02172 0.500734 0 -0.0121936 0.494845 0 -0.00487061 0.439573 0
-0.00182286 0.395239 0 -0.00135512 0.45903 -0.0113233 -0.00416406 0.486342 4.48876e-39 0.00653679
0.455632 -0.00946855 -0.00169195 0.248965 0.00445901 -0.00359013 0.279388 0.00647365 -0.00570596 0.432081
0.00177861 -0.0156504 0.4554 -0.00934197 -0.0015234 0.219416 0.00250311 -0.00153301 0.4909 -0.0109548
-0.0124486 0.471656 -0.0172113 -0.00548484 0.467184 -0.0210866 -0.00076125 0.507749 7.72046e-39 0.00384599
0.532688 1.23166e-38 -0.00572542 0.532135 -0.000735156 -0.0244208 0.503242 -0.00431061 -0.0197597 0.568891
4.19432e-38 -0.0182442 0.59325 0.0153296 -0.0388226 0.557564 0.00708703 -0.0310441 0.611868 3.14743e-36
-0.0311127 0.642131 0.0568344 -0.0628402 0.621384 0.0375032 -0.0513788 0.651913 1.23009e-35 -0.0460963
-0.0123522 -0.0294611 0.0197205 0.0571234 -0.0329294 0.0152044 -0.0385452 -0.028163 0.0214212 -0.0301111
0.00765776 0.0104255 -0.0304631 0.0425552 0.0172628 -0.053826 0.0132891 0.0234271 -0.0202092 0.00351236
0.00659996 0.277383 -0.00623831 -0.00371366 0.0519553 0.0323613 0.0144542 0.232133 -0.00157673 -0.00488962
0.470968 0.0151082 -0.00654971 0.438069 0.00217434 -0.0155839 0.266541 0.00629181 0.00360206 0.401899
0.00435227 -0.00654784 0.406402 0.00343377 -0.00587104 0.246726 0.00328595 0.00533698 -0.0240324 -0.00101284
0.0130306 -0.0443097 -0.0352055 0.0272021 0.0692902 -0.032294 0.0233575 0.449847 -0.00542874 0.000660277
0.215283 -0.00148189 0.00808926 -0.0224089 0.00172236 0.0118961 -0.0590838 0.012061 0.0268568 0.124446
0.00460051 0.00105566 0.100209 0.0430313 0.00716298 -0.0184453 0.0697342 0.0123229 -0.039499 0.0325554
0.0183687 -0.0405706 0.0306631 0.0186765 -0.0596748 0.0139516 0.0268428 -0.0421511 0.00507935 0.00518441
0.128521 -0.00185788 2.9257e-05 0.365243 -0.0124728 -0.0019573 0.258239 -0.0187851 -0.00172348 0.362931
-0.00937596 -0.0011886 0.439184 0.000129968 0.00524815 0.466355 -0.00123419 0.00502572 0.354774 0.00153483
0.00152073 0.50099 -0.00891531 -0.0110928 0.472894 -0.00192197 0.000561208 0.342775 0.0405973 -0.00754341
0.346875 0.0618224 -0.0196696 0.387212 0.0322456 -0.0284164 0.547745 -0.0147708 -0.0230975 0.394227
0.0179693 -0.0337293 0.435946 -0.00037879 -0.0317649 0.596701 -0.0196699 -0.0349058 0.466261 -0.0106622
-0.0375359 0.536952 -0.0296995 -0.0472008 0.637195 -0.0234469 -0.0489718 0.588905 -0.0706521 -0.0681435
0.602264 -0.101949 -0.07271 -0.029452 -0.0465572 0.0164866 0.106392 -0.0382587 0.00977599 0.300135
0.00945116 -0.00359051 -0.0403961 0.0109691 0.0217594 -0.0477262 -0.000945972 0.0227381 0.0654432 0.0329181
0.0141939 -0.0305033 0.0502449 0.019763 0.325217 -0.00858213 -0.000818551 0.338241 -0.0129408 -0.00180022
0.211897 -0.0187237 0.00209357 0.154475 0.00186117 0.0014195 0.337613 0.00509706 -0.0106485 0.44076
-0.0142997 0.00370607 0.302256 -0.00903553 -0.00461511 0.0495642 -0.0326075 0.0163775 0.215763 0.0233321
-0.00250876 0.0721161 0.00249568 -0.00163177 -0.0561489 -0.00078692 0.0255794 -0.0437441 -0.0464663 0.0231269
-0.0584697 -0.00021941 0.00745887 0.048782 0.0325046 0.0164521 -0.0448562 0.0453599 0.023229 0.0714545
-0.00258435 -0.00174387 0.337571 -0.00501019 -0.010671 0.21568 -0.0231218 -0.00248836 0.302062 0.0091957
-0.00463136 0.440589 0.014398 0.00373189 0.0651057 -0.0328917 0.014278 0.211522 0.0185525 0.00219363
0.338123 0.0127954 -0.00167179 0.325003 0.00838546 -0.000689563 -0.0408023 -0.0107004 0.0219503 -0.0307693
-0.050066 0.0198696 0.387536 -0.0325357 -0.0285073 0.34716 -0.0622005 -0.0197327 0.343114 -0.0409528
-0.0075581 0.472968 0.00163103 0.00062346 0.501022 0.00866806 -0.011027 0.43622 0.000250346 -0.0318462
0.394498 -0.0181842 -0.033854 0.547774 0.0146308 -0.0230497 0.537223 0.0297015 -0.0472123 0.466511
0.010608 -0.0375951 0.596754 0.0196226 -0.0348935 0.637274 0.0234394 -0.048989 0.602539 0.101981
-0.0726855 0.589179 0.0706982 -0.0681367 0.532477 0 -0.00499051 0.507791 0 0.00448339
0.46806 0.022386 -7.15497e-05 0.472451 0.0183964 -0.00482943 0.491352 0.0121741 -0.0119071 0.568671
0 -0.0175773 0.503501 0.00549859 -0.0193444 0.532279 0.00199492 -0.0240908 0.611913 0
-0.0306277 0.557846 -0.00592737 -0.0308695 0.593704 -0.0143093 -0.0387293 0.652318 0 -0.0457986
0.622128 -0.0367974 -0.0514915 0.643139 -0.0563077 -0.0631329 0.458304 -0.0156744 0.000474313 0.493911
-1.55466e-38 0.00734608 0.218432 0.000877448 -0.00490476 0.417979 -0.0278701 -0.00595008 0.230567 -0.0384676
-0.0194748 0.675893 0.0816418 -0.0611146 0.681498 3.33975e-34 -0.0535811 0.667651 0.0786136 -0.0677502
0.680399 3.7009e-34 -0.0535862 0.553931 0.179315 -0.0516278 0.599844 0.157352 -0.133898 0.642273
0.0932845 -0.0871571 -0.0360069 0.00445397 -0.00220703 0.0188369 -0.0236428 -0.0374537 -0.0257354 -0.0135448
-0.036475 -0.0226596 -0.00678048 -0.00223843 -0.0312411 -0.0419638 -0.039858 0.00387495 -0.0407217 -0.0379173
0 0 0 0 0 0 0.00199145 -0.000333718 -0.00016689 0.308424
0.152454 0.0400285 0.260156 0.148376 0.00920898 -0.149408 -0.107427 0.0174882 0.222033 -0.00375071
-0.0872273 0.254787 -0.0912192 0.0164632 -0.145661 0.143124 0.0146412 -0.227372 0.0221896 0.0202141
0.236474 -0.000753518 -0.00326584 0.0435036 0.00580113 -0.0421831 0.243888 0.0421676 -0.0193583 0.428898
0.0366276 -0.00200117 0.00137632 0.000239185 -0.000107653 0 0 0 0 0
0 0.545541 -0.179864 -0.0375061 0.594324 -0.15747 -0.12671 0.216974 0.0144382 -0.0831278
0.64195 -0.085739 -0.0829761 0.552411 0.00254997 -0.00184622 0.485813 0.0203805 -0.000920349 0.505129
0.0136827 -0.0079989 0.514798 0.0105294 -0.0150707 0.542266 0.00694927 -0.0198 0.584448 0.00419897
-0.0131889 0.481742 -0.00959559 -0.00874707 0.45689 -0.0201186 0.000203435 0.526479 0.00148688 -0.0205318
0.492939 -0.00422359 -0.0164403 0.622059 0.00576864 -0.0251225 0.564856 0.000988289 -0.0265549 0.599153
-0.00873044 -0.0343269 0.624533 -0.030768 -0.0464895 0.590467 0.0198241 -0.0339011 0.551925 0.00918943
-0.0270171 0.617484 0.0416677 -0.0452656 0.20508 -0.011904 0.00286356 0.387142 -0.0425297 -0.000311213
0.209102 -0.0585421 -0.0237204 -0.040133 -0.00882075 -0.00599461 0.0306591 -0.0535418 -0.0544529 -0.0225805
-0.022132 -0.0533766 0.00321133 -0.000325972 -8.86217e-05 0 0 0 0 0
0 0.00172534 -0.000487509 -0.000194387 0.57338 0.164499 -0.0592143 0.607926 0.14854 -0.138383
0.634528 0.090959 -0.0826345 0.280395 0.153088 -0.0135849 -0.244513 -0.210538 0.064183 0.19918
-0.0518276 -0.0485397 -0.0545802 -0.00733852 -0.0116349 -0.0530272 -0.0501734 -0.0480942 -0.031717 -0.0677032
-0.0341227 0.118685 -0.00471349 -0.00783982 0.0206566 -0.0854516 -0.0379533 0.129789 -0.0168391 -0.0341307
0.198946 -0.068437 0.0224648 -0.123563 0.123758 0.0208199 -0.325037 0.00153875 0.0368057 0.458592
-0.197531 -0.0237397 0.352369 -0.0408506 -0.0879502 0.0343317 0.140397 0.00678495 0.347406 0.00707874
0.000775594 0.248867 0.0612036 -0.0213694 0.465139 0.000865068 0.00604705 0 0 0
0 0 0 0.00249146 0.000444427 -0.000138667 0.00188569 0.000464831 -0.000160941 0
0 0 0.66398 -0.023726 -0.0507163 0.61173 -0.117282 -0.0593249 0.578081 -0.151769
-0.125452 0.661858 -0.0247025 -0.0532561 0.449766 -0.00686604 -0.00069386 0.414649 0.00547854 -0.00885308
0.477488 -0.00760201 -0.017916 0.450416 -0.0191497 -0.00881195 0.449699 -0.0230521 -0.00239391 0.527786
0.00540141 -0.0299738 0.492329 0.00102955 -0.0254872 0.592168 0.0186621 -0.0431313 0.553829 0.0128045
-0.036142 0.641006 0.0508665 -0.0620904 0.619115 0.0375619 -0.0537735 0.211443 -0.0597233 -0.0170347
0.0299891 -0.0708066 -0.0387357 -0.0155818 -0.0473688 -0.0428324 -0.0416895 0.00549158 -0.00525101 -0.0366318
-0.0697324 -0.049189 -0.0255766 -0.067002 -0.047906 -0.0476441 0.00438421 -0.00656416 -0.0226998 -0.0663167
-0.0475739 0 0 0 0 0 0 0 0 0
-0.160943 0.0933561 0.0454166 -0.265083 0.106334 0.0622258 -0.135412 0.09019 0.0412955 0.0826268
-0.000144868 -0.00825226 0.0159631 -0.0803113 -0.0623599 0.0976167 -0.00498792 -0.0553673 0.199809 0.0823892
-0.0326133 0.423535 -0.228729 -0.0118598 0.300175 -0.0304147 -0.082567 -0.0180097 0.109522 0.0103426
0.571745 -0.156651 -0.131492 0.50023 -0.00784732 -0.00185611 0.334614 0.0654542 -0.0223407 0.381891
0.0301214 -0.0326092 0.388649 0.0151782 -0.0383596 0.434129 -0.00468998 -0.0354777 0.546304 -0.0126051
-0.0148696 0.484921 -0.0253451 -0.00850774 0.457303 -0.0358016 -0.00118053 0.532384 -0.0108674 -0.0225884
0.505028 -0.0210095 -0.0169921 0.591086 -0.0176767 -0.0273109 0.467414 -0.0147693 -0.0411988 0.538092
-0.034467 -0.0484518 0.589631 -0.0737695 -0.0688721 0.584175 0.00689027 -0.0347434 0.556057 -0.00450867
-0.0298624 0.607554 0.0186602 -0.0421249 0.290261 -0.0203925 -0.00392386 0.415826 -0.0493688 -0.00277677
0.314542 -0.0651079 -0.0145905 0.0565421 0.00797508 -0.00781505 0.183679 -0.0850584 -0.0361561 0.0750502
0.00670259 -0.0457699 0.356753 0.12808 0.0130886 0.58248 0.120287 -0.0473506 0.596374 0.100594
-0.075599 0.618805 0.0553514 -0.0612595 0.321825 0.17295 -0.00312577 0.213809 0.0100028 -0.0762974
0.555969 0.159932 -0.123236 -0.0670631 6.956e-05 -0.00605328 -0.0188717 0.0580857 -0.0420379 -0.0574853
0.00112701 -0.0327184 0.0555283 -0.00775189 -0.0079576 -0.0200393 -0.0569304 -0.0422162 0.0746079 -0.00651061
-0.0458762 -0.00823125 0.0252824 -0.0182932 0.00556914 0.000494265 -0.0033987 0 0 0
0 0 0 -0.0506706 0.000993254 -0.0288366 0 0 0 0.1571
0.000427294 0.0425955 0.355895 -0.127829 0.0131039 0.108502 0.000329076 0.0345015 -0.093002 -0.00111871
0.0090924 -0.123348 -0.0804339 0.00963953 0.320863 -0.172088 -0.00307468 0.210499 -0.00997225 -0.0759349
-0.128606 0.0784708 0.0106412 0.289824 0.0206775 -0.00390734 0.183562 0.0853275 -0.0361311 0.31405
0.0653749 -0.0146112 0.415053 0.0496866 -0.00280198 0 0 0 0 0
0 0.00326783 0.000606282 -0.000268793 0.00159896 0.000748415 -0.000313895 0.00553373 -0.000479728 -0.00340506
0 0 0 0 0 0 0 0 0 0.0407645
-0.00239849 -0.00413293 0.128184 -0.00480905 -0.0127784 0 0 0 0.0513213 -0.000550131
-0.00555336 0.581767 -0.119955 -0.0465167 0.596978 -0.0999312 -0.075015 0.556347 -0.158784 -0.123572
0.619759 -0.0555551 -0.0602076 0.499616 0.00797336 -0.00194551 0.456544 0.0360148 -0.00124934 0.484236
0.0254413 -0.00863311 0.504456 0.0209867 -0.0171545 0.531961 0.0107591 -0.0227796 0.545852 0.0126457
-0.0150088 0.381256 -0.0300396 -0.0327217 0.333861 -0.0653418 -0.0224703 0.433747 0.00472651 -0.0355883
0.388148 -0.0151261 -0.0384446 0.590861 0.0174757 -0.0275142 0.555828 0.00429972 -0.0300887 0.584285
-0.00733034 -0.0350924 0.608252 -0.0193647 -0.0422228 0.537944 0.0344606 -0.048694 0.467117 0.014772
-0.0414049 0.589612 0.0737598 -0.0691148 0.0817701 -0.000177192 -0.00826693 0.199072 -0.0823542 -0.0327918
0.0970204 0.00500558 -0.0555009 -0.048225 -0.00466512 -0.00655305 0.0154031 0.0799731 -0.0625284 -0.0233047
0.0655409 -0.0479101 0 0 0 0.00157027 -0.000654452 -0.000257862 0.00257034 -0.000504336
-0.000169684 0 0 0 0 0 0 0.184328 0.0452074 0.0225186
0.42365 0.228801 -0.0119156 0.299791 0.0323342 -0.0828987 0.571814 0.156734 -0.131813 -0.130822
-0.094676 0.0414651 -0.012903 -0.105861 0.0109619 -0.0261527 0.0661356 -0.048274 -0.0370976 0.0685164
-0.0496801 -0.015532 0.0461066 -0.0432325 0.211777 0.0592716 -0.0172644 0.0305687 0.0699222 -0.0391092
0 0 0 0 0 0 0 0 0 0.260844
-0.0268778 -0.107196 0.449449 0.022764 -0.00244104 0.450251 0.0189201 -0.00887241 0.477318 0.00747609
-0.0179586 0.492236 -0.00104401 -0.0255528 0.52769 -0.00537642 -0.0300492 0.553799 -0.0127165 -0.036243
0.592135 -0.0185974 -0.0432257 0.619147 -0.0374964 -0.0538893 0.641029 -0.0508483 -0.0621899 0.347952
-0.0073184 0.000782635 0.355463 -0.00170175 0.00153742 0.465273 -0.00112531 0.00608594 0.117991 0.00484409
-0.00803386 0.128064 0.00174116 7.39945e-06 0.248981 -0.0615934 -0.0214982 0.1294 0.0167885 -0.0342244
0.664106 0.0237016 -0.0507243 0.611976 0.117266 -0.0592868 0.66196 0.0247007 -0.0532846 0.458781
0.19772 -0.0234782 0.352862 0.0433437 -0.0885673 0.578335 0.15181 -0.125421 -0.0561086 0.00774647
-0.0115768 -0.0433925 -0.00447907 0.00527822 0.0194651 0.0849769 -0.038242 -0.0338521 0.0661488 -0.0345795
-0.0403267 0.00892305 -0.00643649 -0.0230746 -0.00096516 0.0117654 -0.054089 0.0460583 -0.0484593 -0.0209208
0.0184883 -0.0539284 0.199081 0.0680119 0.022726 -0.125938 -0.124091 0.0222658 0.0354423 -0.136258
0.00617198 0.281414 -0.154122 -0.0139139 -0.24786 0.207604 0.0646927 -0.33078 -0.00480369 0.0389533
0.204018 0.0121414 0.00192647 0.213478 0.00183481 0.00758907 0.0330481 0.0523712 -0.0555793 0.208988
0.0588069 -0.0249669 0.385077 0.0431624 -0.00120549 0.00172315 0.000489536 -0.000204586 0 0
0 0 0 0 0.574919 -0.164996 -0.0598975 0.609497 -0.14883 -0.139209
0.198803 0.0503226 -0.049147 0.635453 -0.0910779 -0.0833392 0.551494 -0.00260936 -0.00169105 0.454917
0.0203913 -0.000191147 0.480245 0.00973215 -0.00906281 0.491757 0.00439605 -0.0168158 0.525628 -0.00128459
-0.02088 0.583796 -0.00424401 -0.0130793 0.506292 -0.0138394 -0.00786087 0.487296 -0.0204764 -0.00084308
0.543254 -0.00723309 -0.0196572 0.516049 -0.0107469 -0.0149024 0.621754 -0.00586002 -0.02516 0.551412
-0.00897038 -0.0274413 0.590239 -0.019676 -0.0343182 0.617559 -0.0416455 -0.0457747 0.60002 0.00837011
-0.034227 0.565904 -0.00133131 -0.0264149 0.625491 0.0303699 -0.0464402 0.238463 0.000915607 -0.00334278
0.23394 0.00153361 -0.00515682 0.43126 -0.0366404 -0.00196967 0.245114 -0.0422706 -0.0193083 -0.0222133
0.00773597 -0.00230531 -0.0195947 -0.00382387 0.00642291 0.0436167 -0.00586167 -0.0422626 0.00403819 0.0416173
-0.0382203 0.00253332 -0.000208664 -4.65631e-05 0 0 0 0 0 0
0.00138217 -0.000239538 -0.000107268 0.546988 0.18018 -0.0378331 0.595773 0.157199 -0.126888 0.643469
0.085289 -0.0830054 0.255553 0.0908265 0.0161057 -0.153476 -0.146248 0.0165757 0.214524 -0.0162122
-0.081806 -0.0388356 -0.00296721 -0.00249756 -0.0327895 -0.00775445 0.0108335 -0.0315186 0.0435704 -0.0404433
-0.0268727 0.0148376 -0.0379358 0.216735 0.000199805 -0.00485511 0.21747 -0.00188616 -0.00105955 0.0170944
0.0244926 -0.0399659 0.230144 0.0393629 -0.0205772 0.261878 -0.149996 0.00799595 -0.160026 0.110259
0.0208055 -0.238383 -0.0227785 0.0218657 0.55668 -0.180263 -0.0532559 0.602494 -0.157401 -0.135345
0.2172 0.005693 -0.085066 0.490867 0 0.00780892 0.48898 0 0.00779756 0.463097
0.008384 0.000650212 0.459218 0.0170023 0.00100776 0.456178 0.0106184 -0.00125626 0.419296 0.0286852
-0.00559257 0.49408 0 0.00782674 0.00378812 0.000249275 -0.000100621 0.00198685 0.000341464 -0.000176248
0 0 0 0 0 0 0.677973 -0.0817611 -0.0614472 0.683124
0 -0.0536599 0.669169 -0.0784516 -0.0683651 0.644179 -0.0929446 -0.088102 0.68127 0
-0.0536079 0.00377993 -0.000241944 -0.000101669 0 0 0 0.447532 -0.0166837 -0.0225445
0.427827 -0.0271717 -0.011645 0 0 0 0.46428 -0.0094491 -0.0296019 0.491248
-0.00310494 -0.0341652 0 0 0 0 0 0 0.00553593 0.000504979
-0.000630984 0.00520211 0.00137277 -0.00115365 0 0 0 0 0 0
0.578877 0.0177975 -0.0509654 0.527509 0.00469936 -0.0397452 0 0 0 0
0 0 0.625425 0.0569437 -0.0718691 0 0 0 0 0
0 0 0 0 0 0 0 0 0 0
0.00252479 0.000208504 -4.73469e-05 0 0 0 0 0 0 0.459352
0.0243814 -0.0207755 0.44 0.0359851 -0.00845818 0.474194 0.0170733 -0.028938 0 0
0 0.499145 0.0109028 -0.03428 0 0 0 0 0 0
0 0 0 0.00338473 -0.000905084 -0.000713563 0.00360857 -0.000289937 -0.000396651 0
0 0 0 0 0 0 0 0 0 0
0 0 0 0 0.582728 -0.0105077 -0.0508919 0.533515 0.00296449 -0.0402228
0.627028 -0.0503139 -0.0698423 0 0 0 0.424587 -0.0234208 -0.0271019 0
0 0 0.399204 -0.0401085 -0.0111638 0.444772 -0.0131354 -0.0351373 0 0
0 0.476035 -0.00494303 -0.0390144 0 0 0 0 0 0
0 0 0 0 0 0 0 0 0 0.00498032
0.000470646 -0.000572264 0.00504288 0.00123985 -0.00114205 0 0 0 0.569733 0.0191684
-0.0531009 0 0 0 0 0 0 0.515968 0.00452498 -0.0434373
0.617424 0.0582692 -0.0715159 0 0 0 0 0 0 0
0 0 0 0 0 0 0 0 0 0
0 0 0 0 0 0 0 0 0 0
0 0 0 0 0 0 0 0 0 0
0 0 0.00423211 -0.000507576 -0.000484361 0 0 0 0 0
0 0 0 0 0.00438678 -0.00115731 -0.000946079 0 0 0
0 0 0 0 0 0 0 0 0 0
0 0 0 0 0 0 0 0 0 0
0 0 0 0 0 0 0 0 0 0
0 0 0 0.00257615 0.000505203 -0.000168715 0.00157612 0.000654722 -0.000256475 0
0 0 0 0 0 0 0 0 0 0
0 0 0 0 0 0 0 0 0 0
0.00452951 -0.00124807 -0.00103676 0.00454391 -0.000568249 -0.000525321 0 0 0 0
0 0 0 0 0 0 0 0 0 0
0 0 0 0 0 0 0 0.00327234 -0.000604706 -0.000268448
0 0 0 0 0 0 0.00159982 -0.000745987 -0.000314089 0.0513547
0.000537949 -0.00555039 0 0 0 0 0 0 0.455712 -0.0266942
-0.0214221 0.38275 -0.0311183 -0.0457833 0.351698 -0.0644283 -0.0290695 0.431896 -0.0429672 -0.0101718
0.480465 -0.0140621 -0.0289946 0.406651 -0.0109188 -0.0492181 0.508785 -0.0029105 -0.0343298 0.442635
0.00467237 -0.0478588 0 0 0 0 0 0 0.128221 0.00478037
-0.0127543 0.0407492 0.00239564 -0.00411338 0 0 0 0 0 0
0 0 0 0.00565116 0.000643841 -0.000672544 0.00474711 0.00137337 -0.00104753 0
0 0 0.572059 0.0200501 -0.0452204 0.540227 0.0318914 -0.0546288 0.485261 0.01814
-0.0482936 0.53938 0.00819065 -0.0393546 0.601998 0.0380915 -0.0539341 0.588805 0.0671252 -0.0704439
0 0 0 0 0 0 0 0 0 0.382319
0.0311596 -0.0458172 0.351215 0.0645967 -0.0291074 0.406266 0.0108639 -0.0492253 0 0
0 0.442347 -0.00477742 -0.0478844 0.45507 0.0267502 -0.0215198 0.431157 0.0431873 -0.010237
0.479964 0.0139802 -0.029105 0.50846 0.00274825 -0.0344609 0.00565903 -0.000640733 -0.000673457 0
0 0 0 0 0 0.00475032 -0.0013636 -0.00105039 0.540429 -0.0319297
-0.0548888 0.485121 -0.0182486 -0.048385 0.589568 -0.0667931 -0.0705299 0 0 0
0.572409 -0.0203204 -0.0455317 0.539268 -0.00839934 -0.0395335 0.603044 -0.0383299 -0.0538474 0
0 0 0 0 0 0 0 0 0 0
0 0 0 0 0 0 0 0.00454376 0.000568148 -0.000527157
0.0045297 0.0012486 -0.00103917 0 0 0 0 0 0 0
0 0 0 0 0 0 0 0 0 0
0 0 0 0 0 0 0 0 0 0
0 0 0 0 0 0 0 0 0 0
0 0 0 0 0 0 0 0 0.00249351 -0.000447148
-0.000139101 0 0 0 0 0 0 0 0 0
0.00188639 -0.00046776 -0.000161878 0 0 0 0 0 0 0
0 0 0 0 0 0 0 0 0 0
0 0.00423406 0.000507899 -0.000484314 0.00438868 0.00115761 -0.000945846 0 0 0
0 0 0 0 0 0 0 0 0 0
0 0 0 0 0 0 0 0 0 0
0 0 0 0 0 0 0 0 0 0
0 0 0 0 0 0 0.00319551 0.000329708 -9.62227e-05 0
0 0 0 0 0 0.423622 0.0236547 -0.0280854 0.397644 0.0405838
-0.0121173 0.444285 0.0133276 -0.0361622 0 0 0 0.47601 0.00513723 -0.0400737
0 0 0 0 0 0 0 0 0 0.00505196
-0.0012413 -0.001148 0.00498199 -0.000470217 -0.000577862 0 0 0 0 0
0 0 0 0 0 0 0 0.570345 -0.0190347 -0.0539945
0.516322 -0.00433485 -0.0444486 0.618213 -0.0582762 -0.0722762 0 0 0 0.461405
-0.0245455 -0.0205747 0 0 0 0.442199 -0.0360773 -0.00833319 0.476083 -0.0173071
-0.0287694 0 0 0 0.500907 -0.0112048 -0.0341783 0 0 0
0 0 0 0 0 0 0 0 0 0
0 0 0.00361082 0.000286869 -0.000395582 0.00338934 0.000902625 -0.000713839 0 0
0 0.584268 0.010129 -0.0508284 0 0 0 0 0 0
0.53519 -0.0033127 -0.0401561 0.628488 0.0498598 -0.0697762 0 0 0 0
0 0 0.00522297 -0.00137268 -0.00116575 0 0 0 0 0
0 0 0 0 0 0 0 0 0 0
0.448528 0.0175624 -0.0227868 0.428957 0.0280038 -0.0115359 0 0 0 0.465173
0.0104321 -0.0301673 0 0 0 0 0 0 0.492212 0.0041548
-0.0350215 0.00554828 -0.000499028 -0.000638042 0 0 0 0.580293 -0.0169287 -0.0519098
0.528691 -0.00367642 -0.0407407 0 0 0 0 0 0 0.627081
-0.0563046 -0.0726998 0 0 0 0 0 0 0 0
0 0 0 0 0 0 0 -0.00873949 -0.0247797 -0.0183708
0 0 0 0 0 0 0 0 0 0
0 0 0 0 0 0 0 0 0 0
0 0.446764 -0.0181226 0.000407041 0.409209 -0.034462 -0.00498706 0.39039 -0.0397666 -0.00619129
0.637013 0.0857597 -0.0860385 0.638503 0.0727648 -0.0771246 0.390433 0.0394137 -0.00632278 0.409159
0.0341296 -0.00509181 0.446422 0.0178697 0.000367146 0.447735 0.0139873 0.0019644 0.398697 0.0367057
-0.0156296 0 0 0 0.283324 0.012081 -0.0196012 0.424985 0.0181217 -0.0294015
0.425977 0.01792 -0.0291848 0.403853 0.0349269 -0.014954 0.570024 -0.0226314 -0.0544299 0.380535
-0.0152011 -0.036396 0.570802 -0.0228015 -0.0545936 0.57121 -0.0227211 -0.0543763 0.664405 -0.0377398
-0.05988 0.398622 -0.0370228 -0.0155061 0.424908 -0.0182808 -0.0293067 0.283273 -0.0121871 -0.019538
0 0 0 0.403828 -0.0352262 -0.0148334 0.425905 -0.0180785 -0.029091 0.425221
-0.0181025 -0.0293954 0 0 0 0.4462 -0.00612695 -0.0353593 0.477778 0.00293794
-0.0381833 0 0 0 0 0 0 0.570585 0.022872 -0.0544236
0.380391 0.0152481 -0.0362827 0.569807 0.0227017 -0.05426 0.570998 0.0227915 -0.0542077 0.617871
0.0566654 -0.0752543 0 0 0 0.618064 0.0537107 -0.071933 0 0
0 0.517497 0.0112575 -0.0432546 0 0 0 0.425299 0.0179449 -0.0294905
0 0 0 0 0 0 0 0 0 0.477975
-0.00292397 -0.0383301 0.446354 0.00607075 -0.035473 0.618089 -0.0566164 -0.0754137 0 0
0 0.618253 -0.0536592 -0.0720857 0.517712 -0.0112031 -0.0434166 0 0 0
0 0 0 0.481078 6.97428e-40 0.0052325 0.446963 -0.00785636 -0.00199898 0.463687
-0.00310396 0.0039883 0.456 -0.00324788 0.00628807 0.456135 0.00330538 0.00636792 0.371846 0.0100843
0.000625586 0.365859 0.0123218 -0.00190149 0.463911 0.00280177 0.00401104 0.466489 0.0010034 0.00500729
-0.0294244 0.0468761 0.0167744 -0.04803 0.00136824 0.0230509 0.300059 -0.00955544 -0.00372124 0.106555
0.0382719 0.00995298 0.363569 0.00922999 -0.00114352 0.123955 -0.00484884 0.00107283 0.0999192 -0.0434251
0.00730917 0.258339 0.0185396 -0.00159066 -0.0400107 -0.0325255 0.0184832 -0.0187441 -0.0701245 0.0124525
-0.0248701 0.00209033 0.0131026 -0.0446017 0.0357031 0.027802 -0.0595785 -0.0111945 0.027166 -0.0411317
-0.0305436 0.0188013 -0.0601775 -0.0130704 0.0271404 0.264595 -0.00599426 0.00357866 0.0683867 0.03214
0.0244329 0.245851 -0.00312275 0.00504953 0.402836 -0.00282863 -0.00670249 0.398485 -0.00372725 -0.00740664
0.445887 0.00606685 0.00026877 0.278715 0.0061884 -0.00372466 0.440161 -0.00224787 -0.0157095 0.472141
-0.0152303 -0.00649106 -0.0300296 -0.0436258 0.0173558 0.0521536 -0.0327755 0.0145579 0.459172 0.0124726
-0.00394083 0.433023 -0.000939296 -0.0158872 0.279851 -0.00650881 -0.0056324 0.249775 -0.00427953 -0.0034287
0.457162 0.0112278 -0.00213776 0.486399 0 0.00672763 0.481678 0 0.00556298 0.0559287
0.0316371 0.016475 -0.013514 0.0274696 0.0208443 -0.0398012 0.0259015 0.0224963 -0.0535877 -0.0156225
0.0238539 0 0 0 0 0 0 0.00153267 -3.49577e-05 -1.90603e-05
0 0 0 0 0 0 0 0 0 0
0 0 0 0 0 0 0 0 0 0
0 0 0 0 -0.0357607 0.00971097 0.0192639 0.00172223 -0.000184935 -1.93368e-05
0 0 0 0 0 0 0 0 0 -0.0461535
0.00131469 0.0221508 -0.0361203 -0.00947313 0.0194329 0.446229 0.00772522 -0.00203973 0.449009 0.00673912
-0.000777624 0.414056 -0.0055265 -0.00907526 0 0 0 0 0 0
0 0 0 0 0 0 0 0 0 0
0 0 0 0 0 0 0 0 0 0
0 0 0 0 0 0 0 0 0 0
0 0 0 0 0 0 0 0 0 -0.0458615
-0.00090892 0.0218502 0 0 0 0 0 0 0 0
0 0.00172291 0.000186647 -1.95023e-05 0 0 0 0 0 0
0 0 0 0 0 0 0 0 0 0
0 0 0 0 0 0 0 0 0 0
0 0 0 0 0 0 0 0 0 0
0 0 0 0 0 0 0 0 0 0
0 0 0.00153939 3.46915e-05 -1.91206e-05 0 0 0 0 0
0 0 0 0 0 0 0 0 0 0
0 0 0 0.504918 0.0066641 0.0030545 0.371812 -0.0101783 0.000505543 0.411822
-0.00308571 -0.0104358 0.503304 -0.00645244 0.00323983 0.412454 0.00305374 -0.0101886 
vorticity 3 7803 float
-0.00100334 10.286 0.000246098 -0.000696177 8.02697 0.000430996 -0.000821132 0 0.000281966 -0.000930101 0
0.000186004 -0.00126833 10.252 0.000103195 -0.00113791 0 9.39294e-05 -0.00127207 10.2114 2.4254e-05
-0.00131108 -0 4.8013e-05 -0.00113664 10.1705 -2.52538e-06 -0.00148836 -0 3.36609e-05 -0.000979147
10.1312 5.15496e-06 -0.00170138 -0 3.60822e-05 -0.000846643 10.0935 2.12037e-05 -0.00195143 -0
4.61377e-05 -0.000714127 10.0573 3.47916e-05 -0.00219378 0 5.38632e-05 -0.000502196 10.0222 2.56982e-05
-0.00233418 0 4.10312e-05 -2.9238e-05 9.9881 -3.56134e-07 -0.00217108 5.60519e-45 1.5723e-05 0.0010519
9.95504 -1.58519e-05 -0.00130449 6.44597e-44 -4.33519e-06 0.00353368 9.9225 -2.1598e-05 0.00113785 2.38795e-41
-1.63639e-05 0.00943365 9.88917 -2.01284e-05 0.00723004 8.52309e-39 -1.15933e-05 0.0239276 9.85157 -2.16868e-05
0.0219713 2.56317e-37 2.70236e-05 0.0596601 9.78321 -0.000158791 0.0569496 -1.41822e-35 0.00035287 0.165826
9.67957 -0.00155408 0.154782 -1.4811e-33 0.00127213 0.37264 9.19493 0.0113702 0.336585 1.44089e-32
-0.0234432 1.17954 5.72982 -0.198734 0.960022 6.40392e-32 0.133261 1.85467 5.1157 0.132452
2.26672 1.02837e-36 0.66165 2.49628 9.80984 0.980801 -0.671119 10.5239 1.17692 -0.00197085
10.2857 0.00044899 -0.00137283 8.02672 0.000805178 -0.00249536 10.2517 0.000177121 -0.00251223 10.2111
2.66407e-05 -0.00226908 10.17 -3.10323e-05 -0.0020066 10.1307 -1.61552e-05 -0.00184218 10.093 1.42613e-05
-0.00179852 10.0566 3.78811e-05 -0.00185271 10.0214 4.39405e-05 -0.00195402 9.98714 3.60069e-05 -0.00210989
9.95358 3.9377e-05 -0.00245585 9.91971 5.15664e-05 -0.00331303 9.88262 7.78738e-05 -0.00554792 9.83452
0.000156276 -0.0111822 9.7311 0.000125552 -0.025991 9.56091 -0.000375222 -0.0688734 8.85266 -0.00173523
0.767751 5.04434 -0.341081 -0.331897 5.35995 0.0211197 1.10661 4.88349 -0.122062 -2.27072
11.7597 0.738384 -1.92984 11.5514 0.373065 -0.361513 8.42307 -0.0615082 -0.00290274 10.2857
0.000641972 -0.00201469 8.0266 0.00118387 -0.00365838 10.2517 0.000236457 -0.00367774 10.2111 2.25689e-05
-0.00332152 10.1701 -5.99919e-05 -0.002926 10.1309 -4.01282e-05 -0.00264233 10.0933 7.77518e-06 -0.00247867
10.057 3.82705e-05 -0.00237351 10.022 5.40744e-05 -0.00224737 9.98808 6.635e-05 -0.00213803 9.95525
8.00447e-05 -0.00241029 9.92336 0.000103123 -0.00406741 9.89206 0.000164306 -0.00989373 9.85956 0.000350939
-0.0273645 9.80499 0.000740366 -0.0855518 9.74252 0.00228181 -0.223346 9.35583 -0.0271677 -1.09928
5.59061 0.233301 -0.809974 6.45564 0.058639 -0.00370323 10.2854 0.00080042 -0.00259236 8.02627
0.00150744 -0.00464238 10.2513 0.000282707 -0.0046857 10.2106 2.32177e-05 -0.00428024 10.1696 -7.41111e-05
-0.00383652 10.1302 -5.38817e-05 -0.00354425 10.0925 1.88877e-06 -0.00340862 10.0561 4.00377e-05 -0.00333823
10.0209 5.28303e-05 -0.00317496 9.9867 4.95465e-05 -0.00275672 9.9535 4.85054e-05 -0.00180593 9.92125
6.81884e-05 0.000640932 9.88968 0.000119941 0.00748761 9.85758 0.000241939 0.0255873 9.80633 0.000349644
0.083022 9.75321 -0.000153355 0.206804 9.40442 0.0256776 0.720647 6.64801 -0.085338 1.59942
6.62364 -0.0154828 -1.24782 6.39274 0.0227833 -1.70124 6.33223 -0.0143488 -2.1846 8.89022
-0.572594 -0.149501 9.66348 -0.127847 1.45939 9.24777 0.347215 1.95362 9.12301 0.492219
-0.00444223 10.2852 0.000939721 -0.00312187 8.0261 0.00181548 -0.00553252 10.2512 0.000316525 -0.00559975
10.2106 2.21301e-05 -0.00515454 10.1697 -8.45804e-05 -0.00464603 10.1305 -6.30329e-05 -0.00427193 10.0929
-2.51126e-06 -0.00401829 10.0567 4.78152e-05 -0.00377168 10.0216 7.03099e-05 -0.00337881 9.98748 6.14125e-05
-0.00268692 9.95384 5.35208e-05 -0.00143407 9.91981 6.91857e-05 0.00123063 9.88253 9.84908e-05 0.00763444
9.83455 0.000156313 0.022879 9.73004 0.000219112 0.0646251 9.56652 0.000241205 0.153965 8.84437
0.013936 1.14479 5.83795 -0.168516 0.5995 5.42732 0.0341496 -0.28868 10.43 0.93151
1.76643 5.88214 0.170696 -4.94522 8.96324 5.26675 -5.67908 8.59066 6.12037 -5.28147
8.79624 7.98509 -2.77939 14.1336 0.368859 -0.357539 9.57322 1.60646 -0.00487192 10.2849
0.00100433 -0.0034566 8.02574 0.00199148 -0.00601341 10.2508 0.000325502 -0.00608569 10.2102 2.3228e-05
-0.0056227 10.1692 -8.86732e-05 -0.00508226 10.1298 -6.96504e-05 -0.004677 10.092 -2.11883e-06 -0.00442629
10.0555 5.75943e-05 -0.00430348 10.02 9.71125e-05 -0.00438285 9.98549 0.000124169 -0.00493997 9.95144
0.00014385 -0.00673745 9.91711 0.000168614 -0.0117547 9.88031 0.000208961 -0.0250839 9.83556 0.000262569
-0.0588613 9.74829 0.000192101 -0.162636 9.61874 0.00016772 -0.365358 9.00569 -0.0139193 -0.457536
5.00805 0.359594 -1.10937 5.63346 0.20461 0.807684 5.25122 0.520547 -0.742108 4.88959
0.275908 -0.00519765 10.2848 0.00105045 -0.00372791 8.02559 0.00211012 -0.00639711 10.2507 0.000337905
-0.00652449 10.2102 3.07446e-05 -0.00611124 10.1692 -8.38089e-05 -0.00559793 10.13 -6.57799e-05 -0.00518798
10.0923 1.39827e-06 -0.00489405 10.0561 6.22467e-05 -0.00466094 10.0212 0.00010372 -0.00450903 9.98768
0.000141672 -0.00459412 9.95577 0.000172664 -0.00532553 9.92613 0.000206493 -0.00777143 9.90023 0.000282469
-0.0143644 9.88092 0.000425789 -0.0304297 9.86681 0.000661157 -0.071832 9.87032 0.00085061 -0.153781
9.72127 -0.0134456 -0.327413 9.71684 -0.067332 -2.94217 8.81402 -1.59593 -0.785871 9.21503
-1.34657 -1.64393 5.06281 -0.190841 0.184029 10.5689 -1.11223 2.05458 13.5581 -2.16118
5.00043 5.74129 -11.555 4.48154 6.29216 -10.8599 1.40692 8.78143 -4.83838 -0.00511035
10.2845 0.00101697 -0.0037048 8.02526 0.00207754 -0.00624219 10.2503 0.000322843 -0.00636469 10.2098
3.65183e-05 -0.00596668 10.1687 -6.9583e-05 -0.0054342 10.1292 -5.28853e-05 -0.00493342 10.0913 7.15827e-07
-0.00443785 10.0547 4.70541e-05 -0.003786 10.0193 7.33725e-05 -0.00273222 9.98494 8.17817e-05 -0.00091145
9.95176 8.92449e-05 0.00249418 9.91979 0.000123996 0.00972189 9.88881 0.000199809 0.0265376 9.85759
0.000294162 0.0666225 9.80507 0.000331896 0.18301 9.74249 -0.00167019 0.416583 9.35432 0.0210888
1.34722 5.97874 -0.141305 2.03162 10.6464 0.592294 -0.601372 10.7957 1.48643 2.1138
5.47747 0.29623 0.283779 13.3954 -1.60052 -4.43724 8.31715 3.7594 -2.20824 10.0844
2.41539 -0.24619 11.4645 -1.55724 -0.00484979 10.2844 0.000937126 -0.00360908 8.02512 0.00191673
-0.00594239 10.2502 0.00030749 -0.00616245 10.2097 5.63598e-05 -0.0059215 10.1687 -4.74138e-05 -0.00555137
10.1292 -4.57061e-05 -0.00521996 10.0914 -5.31419e-06 -0.00494849 10.0548 3.1303e-05 -0.00464748 10.0193
4.77039e-05 -0.0041738 9.98458 4.39722e-05 -0.00340302 9.9503 5.67284e-05 -0.00215377 9.91533 0.000113255
0.000135176 9.87631 0.000195362 0.00459302 9.82485 0.000253105 0.0136236 9.71324 0.000245342 0.0341718
9.5358 -0.000362963 0.0601841 8.76814 0.0139965 1.17852 5.18079 -0.313888 -0.00343191 5.35079
0.0968196 1.51855 5.10029 0.144597 -0.0042047 10.2842 0.000807242 -0.00318593 8.02486 0.00163771
-0.00515608 10.25 0.000275051 -0.00538138 10.2094 6.4793e-05 -0.0051955 10.1684 -2.98075e-05 -0.00485304
10.1288 -4.54292e-05 -0.00449357 10.0908 -2.31169e-05 -0.0041564 10.054 5.66255e-06 -0.00381243 10.0183
2.1774e-05 -0.00342105 9.9836 2.98441e-05 -0.00306603 9.94965 6.43062e-05 -0.00316509 9.91618 0.000130021
-0.00493666 9.88232 0.000214065 -0.0119886 9.84538 0.000330706 -0.0335402 9.77883 0.000746985 -0.106366
9.70414 0.00316945 -0.277339 9.23165 -0.0132477 -1.04138 5.24127 0.302347 -0.997106 6.08071
0.00732558 -0.0797746 5.10435 0.0313723 -1.47954 5.21934 -0.162202 -0.00343395 10.2841 0.000632148
-0.00275934 8.02473 0.00123134 -0.00427438 10.25 0.000254998 -0.00463201 10.2094 0.000102052 -0.00468857
10.1683 1.56799e-05 -0.00460632 10.1288 -2.20994e-05 -0.00449884 10.0908 -2.47524e-05 -0.00441949 10.0541
-1.28352e-05 -0.00435799 10.0185 4.41078e-06 -0.00419317 9.9838 2.46595e-05 -0.00365332 9.95004 5.30452e-05
-0.00225541 9.91715 8.59702e-05 0.00109841 9.88519 0.000126867 0.00894551 9.85381 0.000214417 0.0267692
9.80678 0.000498366 0.0703622 9.7669 0.000629174 0.172935 9.47206 0.0519714 0.469784 6.82307
0.0185554 -1.76492 5.86019 -0.366338 -2.29808 7.99941 -1.35722 -0.995936 9.45889 -1.63938
-0.772498 9.40501 -1.45665 1.36949 8.90082 0.304225 1.21687 6.93562 -0.0697925 1.20422
6.77099 -0.101325 0.415795 9.61446 -13.6732 1.40061 9.94021 -3.879 2.29007 9.09686
-4.98895 3.44093 7.38321 -13.7028 0.299055 7.00138 -19.9367 -0.00243063 10.284 0.000438647
-0.00207737 8.02457 0.000789113 -0.00309174 10.2499 0.000219701 -0.00347153 10.2093 0.00011714 -0.00361672
10.1682 3.28492e-05 -0.00360229 10.1287 -2.26114e-05 -0.0035121 10.0907 -4.42641e-05 -0.00340876 10.0539
-4.47691e-05 -0.00330594 10.0181 -2.86579e-05 -0.00311213 9.98286 -5.21752e-06 -0.0025461 9.94774 1.63382e-05
-0.00103303 9.91144 3.80227e-05 0.00273541 9.87107 6.05599e-05 0.0122186 9.81946 0.000112486 0.035487
9.71602 0.000325852 0.0999623 9.55431 0.000415952 0.243407 8.93254 0.0446148 0.99058 6.06539
0.0725412 0.726887 5.37895 0.00421718 1.26925 6.65575 -0.0774672 1.29554 6.0635 0.059213
-0.00143788 10.2839 0.000210857 -0.0014883 8.02444 0.000271961 -0.00194946 10.2498 0.00017593 -0.00245543
10.2093 0.000133906 -0.00286556 10.1683 5.61949e-05 -0.00316721 10.1288 -2.18798e-05 -0.00343145 10.0908
-7.2252e-05 -0.00377947 10.0542 -8.75816e-05 -0.00434005 10.0183 -7.85165e-05 -0.00526668 9.98313 -5.68029e-05
-0.00681107 9.94804 -3.30213e-05 -0.00947877 9.91185 -1.26693e-05 -0.0145915 9.87175 -1.64767e-05 -0.0255654
9.82049 -8.31947e-05 -0.0503969 9.71733 -0.000337586 -0.116111 9.55619 -0.00044833 -0.26021 8.93502
-0.0442893 -0.0154944 4.87417 -0.00176213 -0.742932 5.38673 -0.00817079 0.91724 5.24108 0.0839594
-0.0163861 4.69308 -0.00809159 -0.000369287 10.284 3.95386e-06 -0.00076843 8.0244 -0.000205907 -0.000692916
10.2499 0.000132806 -0.00123671 10.2095 0.000139101 -0.00176241 10.1686 6.62416e-05 -0.00215434 10.1294
-3.3404e-05 -0.00245849 10.0917 -0.000111246 -0.00282156 10.0553 -0.000142317 -0.00341761 10.02 -0.000135439
-0.0044564 9.98565 -0.000114789 -0.00621696 9.9521 -0.000104603 -0.00911778 9.91926 -0.000109322 -0.014102
9.88718 -0.000136279 -0.0234763 9.85549 -0.000241056 -0.0424158 9.80787 -0.000599923 -0.0862865 9.76669
-0.000885923 -0.185998 9.46846 -0.054989 -0.987265 6.09023 -0.0753772 -0.463067 6.84255 -0.0194393
-0.934927 5.2518 -0.0903587 -1.2855 6.08655 -0.0641833 0.000428345 10.2839 -0.000169319 -0.000275826
8.02426 -0.000599903 0.000221078 10.25 9.64921e-05 -0.00041279 10.2096 0.000147432 -0.00111474 10.1689
8.19621e-05 -0.00170629 10.1297 -3.11602e-05 -0.00220517 10.0921 -0.000131234 -0.00273801 10.0559 -0.000179877
-0.00347392 10.0207 -0.000175053 -0.00454576 9.98649 -0.000149419 -0.00589755 9.953 -0.000150274 -0.00713449
9.91991 -0.000180427 -0.00710911 9.88629 -0.000226513 -0.0022317 9.84929 -0.00033972 0.0170423 9.78223
-0.0008065 0.0875306 9.70525 -0.00324128 0.25729 9.22966 0.00940274 0.981067 6.08155 -0.0129681
-1.18443 6.79003 0.0899148 -1.19212 6.90379 0.0864327 -1.32939 8.90741 0.0254767 0.819713
9.35946 1.5451 0.984339 9.39507 1.66089 2.28482 8.00712 1.36293 1.74676 5.86291
0.341522 0.00115821 10.284 -0.000313344 0.00021511 8.02428 -0.000912205 0.00111407 10.2502 6.23973e-05
0.000492996 10.21 0.000151272 -0.000261915 10.1695 9.15126e-05 -0.000899713 10.1306 -3.48199e-05 -0.00139213
10.0934 -0.000152661 -0.00187322 10.0576 -0.00021536 -0.00256981 10.0228 -0.000213547 -0.00371392 9.98879
-0.000173155 -0.00546403 9.95511 -0.00015263 -0.00802307 9.92071 -0.000179027 -0.0119309 9.8823 -0.000234438
-0.0182424 9.83129 -0.000301519 -0.0292277 9.71958 -0.000364886 -0.0516877 9.54022 0.000162942 -0.0797422
8.77017 -0.0144338 1.02539 5.24942 -0.303257 -0.00355976 5.35439 -0.0926207 1.46368 5.22406
0.151959 -2.33387 9.10478 5.02197 -4.38101 5.94242 10.8496 -4.12583 5.07123 10.3329
-1.76641 13.5109 1.28355 0.142965 9.88526 0.579015 0.00155873 10.284 -0.000412971 0.000471902
8.02416 -0.00109883 0.00160887 10.2503 2.24481e-05 0.000959472 10.2102 0.000142756 0.000104437 10.1698
9.72582e-05 -0.000628216 10.131 -3.28577e-05 -0.00119521 10.0939 -0.000160521 -0.00177076 10.0582 -0.000236157
-0.00262364 10.0237 -0.000249804 -0.00407173 9.99023 -0.000226264 -0.00654424 9.95792 -0.000203408 -0.0109465
9.92675 -0.000217078 -0.0195643 9.89642 -0.000278627 -0.0381956 9.86567 -0.00036457 -0.0805918 9.81301
-0.000408985 -0.200003 9.74841 0.00152981 -0.437509 9.35663 -0.0208991 -1.1908 5.18599 0.312264
-1.36575 5.98598 0.136494 0.0691421 5.10397 -0.0186835 -1.53274 5.10338 -0.142731 0.00181261
10.2842 -0.000475583 0.000654462 8.02425 -0.00119128 0.00196763 10.2507 -1.17962e-05 0.00138195 10.2108
0.000129019 0.00057995 10.1706 9.05577e-05 -8.26916e-05 10.1321 -4.0413e-05 -0.000538138 10.0954 -0.000168144
-0.000901 10.0602 -0.000249554 -0.00131617 10.0263 -0.000284533 -0.00182248 9.99376 -0.000298979 -0.00228446
9.96289 -0.000311528 -0.00231276 9.93442 -0.000340744 -0.000907113 9.90986 -0.000421015 0.0042364 9.89192
-0.000571247 0.0184762 9.87896 -0.000857458 0.0574061 9.88213 -0.00117004 0.136836 9.73413 0.0120874
0.307809 9.72404 0.063976 -2.12727 5.48527 -0.305405 0.580895 10.7188 -1.5117 -2.04844
10.6583 -0.606519 0.771345 9.23199 1.33239 0.0018225 10.2843 -0.000483943 0.000689987 8.02417
-0.00116752 0.0020299 10.2508 -3.07778e-05 0.00149652 10.2109 0.000116495 0.000729702 10.1707 8.34593e-05
8.77057e-05 10.1323 -4.31589e-05 -0.000326536 10.0956 -0.000165819 -0.000602784 10.0603 -0.0002432 -0.000873588
10.026 -0.000274785 -0.0011454 9.99258 -0.000277504 -0.00116262 9.95968 -0.000276342 -0.0001509 9.92659
-0.000283744 0.00391438 9.89118 -0.000318053 0.0162063 9.84772 -0.000381134 0.0488803 9.76158 -0.000417403
0.151816 9.63105 -0.000486572 0.35213 9.02005 0.0124826 1.09527 5.64202 -0.20443 2.93654
8.81628 1.58932 -0.180559 10.4396 1.12723 1.63243 5.06724 0.187189 -1.36465 8.75421
4.84266 0.240924 11.495 1.54737 0.00169085 10.2845 -0.000454466 0.000650177 8.02431 -0.0010701
0.00191913 10.2512 -4.41779e-05 0.00146165 10.2115 9.6841e-05 0.000778398 10.1715 7.70251e-05 0.000210581
10.1334 -3.62222e-05 -0.000146547 10.097 -0.000150304 -0.000404783 10.062 -0.000217388 -0.000757315 10.0282
-0.000231775 -0.0014045 9.99537 -0.000206602 -0.00250255 9.9631 -0.000174119 -0.00432498 9.93051 -0.000151577
-0.00774864 9.89474 -0.000146711 -0.014997 9.84828 -0.00018542 -0.0312692 9.74508 -0.000263562 -0.0736466
9.58275 -0.000273545 -0.167916 8.86039 -0.013861 0.446093 5.01094 -0.360415 -0.606403 5.42879
-0.0405418 0.733678 4.88848 -0.276446 0.00145881 10.2845 -0.000388445 0.000567434 8.02426 -0.000900952
0.00168313 10.2512 -4.40572e-05 0.00132068 10.2115 8.01976e-05 0.000764057 10.1716 7.0635e-05 0.000320835
10.1334 -2.40054e-05 8.47568e-05 10.097 -0.000124879 -1.84783e-05 10.062 -0.000184255 -0.000136908 10.0281
-0.000197685 -0.000445629 9.9953 -0.000186164 -0.0010771 9.96349 -0.000172043 -0.00231371 9.93267 -0.000170437
-0.00517562 9.90248 -0.000191772 -0.0124514 9.87187 -0.000282258 -0.0309147 9.82163 -0.00030954 -0.0882576
9.7711 0.000248011 -0.213965 9.41884 -0.0249573 -1.15101 5.84118 0.160039 -0.727636 6.65245
0.0797587 -0.813401 5.24998 -0.520192 -1.77035 5.8859 -0.17141 0.00112474 10.2847 -0.000308206
0.000423824 8.02437 -0.0007007 0.0013019 10.2515 -3.70564e-05 0.00101097 10.2119 6.22764e-05 0.000550717
10.1721 5.56261e-05 0.000161643 10.1342 -1.88615e-05 -8.04915e-05 10.098 -0.000103619 -0.00022537 10.0632
-0.000155559 -0.000377881 10.0296 -0.000171931 -0.000656566 9.99714 -0.000170468 -0.00101809 9.96579 -0.00016269
-0.00108404 9.93539 -0.000173613 0.000190159 9.90551 -0.000230533 0.00573535 9.87454 -0.000385274 0.0231023
9.82078 -0.000673882 0.081441 9.76066 -0.0020606 0.22123 9.3693 0.0271975 0.81152 6.45512
-0.0575882 -1.60216 6.62837 0.014974 -1.96034 9.13984 -0.479579 -1.46476 9.26455 -0.334029
0.147077 9.67988 0.142387 2.18863 8.89659 0.570663 1.70301 6.33303 0.0136475 1.26058
6.39134 -0.0217075 0.00077587 10.2847 -0.000210277 0.000296441 8.02434 -0.00047366 0.00090237 10.2515
-2.48231e-05 0.000719299 10.2119 4.30755e-05 0.00042832 10.1721 3.69619e-05 0.000200246 10.1341 -1.55095e-05
9.90247e-05 10.0979 -7.99881e-05 0.000111492 10.0632 -0.000117438 0.000189728 10.0295 -0.000119449 0.000240531
9.9968 -9.42565e-05 0.000249022 9.96472 -5.9285e-05 0.000390906 9.9322 -4.93225e-05 0.00109739 9.8964
-8.18983e-05 0.00338724 9.84953 -0.000137512 0.00941275 9.74644 -3.86548e-05 0.0246971 9.57646 0.00052203
0.0726472 8.86195 0.00184693 1.10393 5.58927 -0.228977 0.338967 5.35732 -0.0176311 1.26654
5.57272 -0.153474 0.000382762 10.2848 -0.000108901 0.000145858 8.02442 -0.000238903 0.000434776 10.2517
-2.05674e-05 0.000333127 10.2122 1.26162e-05 0.000170441 10.1725 1.11945e-05 2.37699e-05 10.1346 -1.19775e-05
-8.99848e-05 10.0985 -4.54009e-05 -0.000210596 10.0638 -6.43976e-05 -0.00042448 10.0303 -5.32161e-05 -0.000923414
9.99774 -2.3401e-05 -0.00208436 9.96617 9.99069e-06 -0.00473347 9.93496 2.98489e-05 -0.0109083 9.90283
3.41961e-05 -0.025801 9.86614 5.82417e-05 -0.0620735 9.79787 0.000221385 -0.169512 9.6922 0.00157269
-0.37544 9.20455 -0.0118843 -0.767014 5.04189 0.341409 -1.18521 5.73271 0.197732 0.440297
5.20631 0.114637 -0.385803 4.97554 0.16476 -1.10689 4.88652 0.119371 0.000434743 0
-8.07293e-05 0.000381115 0 -0.000135728 0.000531509 0 -4.05752e-05 0.000630763 0 -3.06053e-05
0.000753197 0 -3.04015e-05 0.000905515 0 -3.62142e-05 0.00106995 0 -4.80923e-05 0.00119436
0 -5.45353e-05 0.00118598 0 -4.03553e-05 0.000855064 0 -2.14024e-05 -0.000212152 0
-3.7992e-06 -0.00294852 0 1.00995e-05 -0.00950742 0 1.32532e-05 -0.0249952 0 -1.0143e-05
-0.0611995 0 -0.000353119 -0.161222 0 -0.00134871 -0.345858 0 0.0219793 -0.971189
0 -0.137126 -2.49461 9.81737 -0.985936 -2.264 0 -0.660481 -1.8599 5.11809
-0.139967 0.649774 10.4257 -1.19934 2.63101 13.3972 -0.673877 5.259 8.27565 -8.10306
5.82594 8.22886 -5.85722 2.45863 9.59655 -3.00312 -2.79958 10.0504 2.78516 -5.37028
8.31478 4.36609 -5.71232 7.06763 8.61672 3.10042 6.89529 -13.5228 3.00182 6.9022
-13.7221 0.642989 14.7091 -1.62989 0.171839 7.10601 -19.4242 -0.145611 9.96534 -0.573643
1.76341 13.6511 -1.25961 4.13232 5.1247 -10.3294 4.41233 5.98123 -10.8503 -6.7609
10.7871 3.45039 -3.25045 11.7634 -0.0143249 -0.31364 8.36929 0.356937 -2.73818 9.93685
1.20922 -6.17976 6.63385 12.5409 -4.72825 7.39014 1.21921 -5.85277 3.66515 3.46826
-1.49615 4.52991 18.019 7.83939 4.66125 51.5669 1.25989 -3.81894 49.6844 1.08137
-3.87374 49.3268 0.304182 8.34114 -0.271313 3.29747 11.7277 0.276463 6.7319 10.4001
-3.1244 5.56597 7.23422 -2.42017 2.40286 8.79454 -0.987556 6.34408 4.71482 -3.69338
7.45141 5.50026 -3.22851 6.61338 6.48695 -11.2918 2.52786 4.85277 -17.8839 -2.94962
6.86018 13.7495 -3.04657 6.8525 13.5494 -0.281624 13.434 1.59484 -4.39647 6.23152
10.8668 -4.93627 5.66299 11.5619 -2.0428 13.3526 2.19255 -0.63739 14.7592 1.62719
-0.167129 7.08637 19.4771 4.42189 4.03013 48.9185 -0.205524 -0.0511261 47.8021 0.322668
9.57378 -1.5945 0.253507 10.3359 -0.936935 2.71877 13.9705 -0.383709 5.20589 8.72335
-8.00569 5.59095 8.5442 -6.13038 4.86641 8.92392 -5.27401 2.74188 10.0351 -2.7773
-2.99796 9.94965 2.963 -5.74901 8.63409 5.98647 -4.95558 8.28098 7.96708 -2.54696
13.8813 0.0927598 -0.177561 10.1958 0.874352 -1.92435 4.44616 18.0381 -6.0014 6.15467
12.1914 -5.54473 8.33048 4.51681 -3.6829 8.24375 4.14938 -1.62207 0 -0.910097
-0.848687 0 -1.10375 5.26157 7.88206 -4.42687 3.58599 7.99599 -4.17281 -2.49577
9.61868 2.99332 1.62711 5.92605e-36 0.905377 0.873782 -2.66906e-38 1.09112 0.879739 -2.90333e-38
1.07174 -3.68505 7.88006 4.20298 -3.60594 7.99201 4.16056 -1.93399 11.0645 1.36524
-0.930137 13.3499 1.86448 -1.20255 12.5325 2.59092 -2.94891 8.16072 2.20292 -2.73416
9.11657 2.34668 0.18655 6.986 -20.4044 -0.0873488 17.1744 -1.8803 -0.644029 17.0373
-3.1308 -0.0791186 17.3937 -2.92438 -0.671537 17.1912 2.42867 -2.86847 10.147 6.59849
-0.422285 9.76839 5.40265 -0.500828 11.6273 6.37345 -0.334858 17.202 2.5472 0.0686779
3.10372 -4.4561 0.209866 3.22534 -4.6677 -0.25456 1.83032 -1.58879 4.46456 7.52015
-10.9757 4.02985 11.049 -7.4376 1.58189 14.159 -3.93627 -0.479215 16.6027 -3.97499
-0.137931 11.3998 -6.47796 -1.50895 10.68 5.41385 -0.376654 13.5091 5.62858 -0.275729
17.1583 1.15283 -0.344828 17.2667 1.19103 -0.255916 0.842026 3.67067 0.0150232 2.70564
2.254 -0.164916 2.97883 2.68143 -0.569367 6.31697 6.96513 -0.548448 6.17584 6.92512
0.20088 1.66084 -2.80987 0.189335 2.57251 -3.23675 0.238349 1.72115 -2.78779 -0.319199
15.9743 -5.83442 1.77628 13.5353 -4.93762 -0.261412 18.1688 -0.448713 -1.60678 11.753
4.04367 -0.182101 15.7396 5.7174 0.177654 16.0788 5.87109 -0.239966 17.6417 0.129936
-0.564798 16.3409 -5.84931 1.14892 14.477 -4.0937 4.42117 7.83489 -10.4916 4.18165
11.3727 -7.64725 1.4918 14.008 -3.99247 -5.31109 7.91073 4.41761 -5.88731 8.28467
5.83232 -5.29696 8.37893 8.06928 -2.65864 13.567 0.652052 -3.23514 8.96271 3.40935
-3.80517 7.72212 4.27367 0.919444 -3.0121e-38 0.960283 -2.7631 9.47325 2.39695 -3.51233
8.4089 3.16986 1.07473 8.98232e-38 0.772923 -1.43353 11.8994 3.2192 -2.88048 8.90076
2.05462 1.11945 -9.81487e-39 1.0455 1.12112 4.33737e-38 1.48216 0.299203 16.0293 5.17616
-0.367117 9.53762 8.8245 -0.44342 8.97637 9.15799 0.575557 6.75718 11.3915 -1.30327
8.37523 8.55958 -1.56362 11.325 -0.0118303 -3.08221 14.9152 0.0201283 0.144919 14.7635
0.403105 0.276129 12.2156 0.0857256 1.87944 11.7097 -0.0235006 3.08673 15.1024 0.329699
3.90091 15.2656 -0.00362864 2.33441 12.4426 -0.735043 0.17374 10.2417 -0.88111 2.54246
13.9266 -0.0904147 4.97016 8.29067 -7.95431 5.74909 8.64494 -5.99193 2.9957 9.95202
-2.95977 1.36342 11.7739 -3.49317 1.07144 7.79298 -8.6863 -0.984117 5.40343 -11.2806
-1.12691 7.51131 -9.69533 -0.730265 8.76505 -9.27046 -0.172011 16.0009 -5.87553 -3.49408
8.2875 4.00373 -3.46174 7.85133 4.19029 -1.28759 4.80741 17.7435 -1.77823 4.48849
17.7914 -2.52939 5.87077 12.5562 0.568282 16.2872 5.849 -0.096481 10.0778 9.0369
0.0215164 9.89571 10.1766 0.985065 7.53117 11.9917 -0.725812 8.23624 8.4511 -0.932112
12.1675 3.55763 0.784006 16.5413 -1.76493 -0.424833 7.501 -21.2012 -0.339732 8.96838
-18.6773 0.560036 17.175 -1.65763 -0.337352 8.50139 -19.6802 0.00646524 10.2595 -16.7545
-0.477635 11.1989 -7.38103 -1.24206 5.81994 -10.591 -1.19276 2.9487 -8.91714 0.456038
6.3966 -9.2642 0.739136 7.14204 -7.12126 0.260062 13.5861 -6.13699 0.354894 17.215
-1.49818 -0.721248 9.23788 -12.6474 0.306507 17.0741 -1.26636 0.092965 10.6901 -8.59075
-0.448243 6.05544 -11.1516 -0.566939 3.8562 -7.24007 0.517226 6.28071 -8.20149 0.818921
6.12023 -6.22178 0.478616 11.6019 -6.36513 -4.78647 6.20457 1.01003 -5.37833 3.81809
3.20763 -1.32227 5.16758 17.2082 8.03689 5.46954 49.2764 0.0983117 17.0819 1.7682
-0.0305339 11.4883 8.40364 -0.186224 9.58387 10.466 -1.20078 8.45358 8.93812 -3.20242
8.77147 1.94359 -1.88071 12.2255 0.908343 1.74884 5.48965 -17.5125 5.72471 4.9641
-3.52322 1.83838 12.6268 -1.0128 3.2419 9.19129 -2.02978 1.104 8.71745 -9.02451
-0.0140456 9.77172 -10.5874 -0.0949853 11.6083 -8.50028 0.0537965 6.92908 21.8474 5.98295
4.29246 48.2743 6.23455 3.92858 49.8569 -0.300303 6.96428 20.4882 -0.737623 6.06373
6.25369 -0.415586 6.20368 8.2631 0.655511 3.81882 7.23856 0.449455 6.02535 11.1986
-0.26206 10.688 8.64968 0.313065 8.93135 18.7562 0.410159 7.45718 21.2803 -0.773083
16.6095 1.7619 -0.039039 10.2199 16.843 0.300419 8.45138 19.7763 -0.541745 17.2612
1.65363 4.4441 5.28227 44.844 0.446682 11.2138 7.39339 0.672016 9.19697 12.6955
-0.332013 17.3125 1.49869 -0.282704 17.1734 1.27757 -0.25792 13.643 6.15723 -0.687124
7.13167 7.19909 -0.360108 6.37046 9.38929 1.23653 2.94876 8.97292 1.21156 5.80274
10.6094 -6.5884 4.42981 -51.0637 -6.44921 4.80518 -50.1296 1.27313 4.79824 -17.7952
1.75604 4.4772 -17.8436 0.907541 12.1789 -3.56598 0.698726 8.23815 -8.45518 -1.00503
7.5195 -12.0247 -0.0703794 9.91027 -10.2496 0.0687323 10.1092 -9.08589 -3.76901 7.90709
4.19771 -1.27672 5.08754 17.6446 0.774695 8.78114 9.29541 1.16719 7.5002 9.71605
1.00037 5.45837 11.3057 -1.09054 7.85943 8.65022 -1.39094 11.8275 3.46683 -0.849429
0 -1.08554 3.66336 7.8857 -4.21641 -0.315614 4.93431 -24.1946 1.72148 4.89608
-17.1012 1.79094 4.82778 -17.1358 -0.859562 0 -0.976073 3.78354 7.72657 -4.29061
3.21475 8.97719 -3.42756 -0.988518 0 -0.78905 3.47037 8.40817 -3.1894 2.72555
9.47633 -2.4175 1.42735 11.9325 -3.23555 1.28769 8.3408 -8.52758 -0.589802 6.89228
-11.4257 0.368632 9.15688 -9.27151 0.325662 9.63439 -8.88612 -0.244279 16.128 -5.1572
-1.01929 0 -1.04747 2.82504 8.88396 -2.08571 -1.01844 0 -1.45829 0.390327
4.97325 -0.164506 -0.518453 5.08808 -0.218479 -0.433799 5.20865 -0.109817 -1.71455 5.54085
-0.0528846 -1.25921 5.57447 0.158714 -2.8577 12.6279 0.880986 -2.3246 11.9022 0.525665
-1.02073 12.5441 0.438285 0.639973 11.7797 0.168944 1.48439 12.3561 -0.857423 -0.989261
3.77376 1.09313 1.52936 4.02772 -2.31386 1.45359 15.1881 -0.0386573 -1.28192 14.9408
-0.161347 -3.75527 15.3414 0.188654 -3.39647 4.91198 4.58024 6.04301 4.14635 50.1607
-0.603544 -3.8611 49.368 -4.06216 1.44276 26.6228 -5.84326 5.54795 11.6703 -2.06636
4.3107 17.2619 -3.42907 8.2056 3.87371 -5.10475 7.78775 4.16275 -5.43806 8.11166
5.97557 -5.59485 8.92128 8.66524 -2.81829 13.916 1.18916 -2.49056 12.0833 1.14211
-1.82153 11.7821 0.510468 -0.94891 12.7594 0.54901 0.541524 12.1652 0.280371 -5.33523
7.26584 9.6083 -3.67692 5.28036 6.08008 -3.56129 15.4518 0.535368 -4.38109 15.2307
0.802606 1.50327 12.9049 -0.358258 3.17607 4.75935 -4.94133 2.57795 15.4416 -0.741572
0.799958 15.4589 0.546932 0.626159 3.97218 -0.725624 0.618383 14.5691 -1.85566 -0.31247
11.5549 -1.75959 -0.83375 9.95415 -1.66786 1.60622 6.06728 0.0457347 1.16034 5.07084
0.185723 -2.79117 9.88119 0.252058 -2.46026 10.2374 0.558677 -0.0171289 4.54842 -0.0132786
-2.03109 10.9194 0.418897 0.0131562 10.3952 -0.033778 -1.18646 5.08091 -0.197944 2.04337
10.8744 -0.463108 2.43888 10.1854 -0.582362 -1.23314 6.7079 0.0734325 -1.60582 6.08847
-0.0522595 2.74978 9.77862 -0.374798 -0.549141 9.63915 13.6538 -0.413906 6.99123 20.0125
-3.50488 7.38513 13.7425 -1.48586 9.90024 3.93755 -0.781953 14.5727 1.86447 0.224002
11.4944 1.77059 4.93841 7.16398 -1.47557 4.31742 7.95808 -1.23549 0.845752 9.77608
1.68086 -1.51894 12.7676 0.381839 -0.566681 12.0371 -0.260632 0.901978 12.6123 -0.548659
1.76714 11.6475 -0.527834 2.4537 11.9398 -1.17538 1.63623 3.93834 -2.98212 3.63675
5.17998 -6.09749 3.50054 15.2488 -0.567815 1.54918 15.0281 -0.680355 -0.818346 15.2693
-0.517233 -0.634514 3.8893 0.736049 2.17971 10.0775 -2.43231 4.40911 8.30181 -3.77481
5.07674 7.76989 -4.1777 3.42015 8.21082 -3.88791 2.0602 4.29186 -17.3136 5.81178
5.51613 -11.7043 4.03431 1.42246 -26.6638 0.581903 -3.86585 -49.4286 -6.05848 4.12503
-50.2994 2.78192 13.7796 -1.23047 5.55489 8.83849 -8.7151 5.39743 8.08119 -6.00115
-1.47585 12.1478 0.874332 -0.624289 11.6006 -0.167392 1.01518 12.3561 -0.448555 2.28396
11.7269 -0.542823 -3.98398 4.8795 6.46496 -1.50275 3.94091 2.30649 -1.42316 14.9223
0.0398768 -2.92734 14.8346 1.40624 2.80202 12.4286 -0.901199 4.91623 6.8655 -8.3533
4.42987 15.2883 -0.31911 3.70121 15.0995 -0.219918 3.34899 4.84144 -4.59535 0.0145252
15.4732 0.0890158 0.083245 12.0585 0.120675 5.2922 8.28853 -4.36628 3.43793 8.28851
-4.0123 1.71667 5.53911 0.0547768 0.522696 5.0886 0.222077 -2.35536 12.347 0.718796
-1.88637 11.6165 0.00575325 0.34383 8.34644 0.0602939 1.89771 11.4008 -0.386788 2.23445
11.5932 -0.76397 -0.281235 12.0983 -0.0819933 1.5349 11.1908 0.0117023 3.34255 4.60452
-4.1499 3.18439 10.1149 -1.88656 2.99155 4.49613 -3.76801 -5.98132 6.07624 12.0049
-1.93207 4.39795 17.8074 6.8457 4.16126 51.7025 -0.142743 -4.96666 49.298 -4.98275
6.94821 8.33562 -4.49884 15.5246 0.29443 -5.34353 -16.1747 35.5165 -3.23568 -22.2877
19.4205 -0.759366 -25.2548 6.63392 1.59165 -25.1013 -7.98818 4.02259 4.97631 -6.46029
2.94745 15.1079 -1.37589 4.7164 -21.8143 -20.934 7.10689 -12.216 -35.1638 2.10801
-1.69695 -47.3413 0.23997 -0.0472943 -47.7562 -4.44111 4.08255 -48.7956 -6.01363 -15.1509
38.8115 -3.81704 -21.777 23.2483 -1.35935 -4.77507 49.2782 -1.65454 4.02472 2.98394
-1.58578 15.2256 0.676565 -1.67039 -24.9276 9.60419 0.543653 -25.2519 -4.69476 3.55798
-22.6698 -16.7761 5.97499 -14.5092 -32.1766 0.291244 -3.04321 -48.2049 -6.4659 3.64674
-51.3075 1.14932 -3.96463 49.6522 1.07735 -3.83941 49.2704 1.03736 -4.17433 49.3242
-6.55642 10.2986 6.65023 -5.08424 13.1965 -0.260668 -4.51286 13.8821 0.461713 -4.80508
6.55969 7.90021 -5.00613 -15.7883 31.0386 -3.20412 4.64697 3.62911 0.0437583 3.90148
-0.057466 0.0359451 13.912 -0.0337742 -3.05996 13.8003 0.341008 -3.30628 -21.4207 14.5547
0.0443583 -24.1692 -0.168071 3.27433 4.64774 -3.75008 3.10755 13.7671 -0.379829 4.52015
13.8324 -0.486018 4.86674 6.5618 -8.00325 3.38004 -21.3939 -15.0188 5.09659 -15.7457
-31.7027 -1.35859 -3.8926 -50.385 -1.47424 -3.74717 -50.4158 -1.2839 -3.80189 -50.0361
-1.28386 -3.76746 -49.9933 -1.24129 -4.10284 -50.0558 6.61844 10.2959 -6.48139 5.09218
13.0937 0.228485 -8.34751 4.72148 -52.2221 -3.19176 4.69089 4.94783 -2.59802 15.2685
0.772754 -5.96003 -14.4459 32.0891 -3.56865 -22.5777 16.703 -0.552947 -25.1461 4.6081
1.65335 -24.7988 -9.61534 3.78419 -21.6923 -23.2133 5.29366 7.14796 -9.65383 4.3302
15.032 -0.847815 5.98308 -15.1203 -38.8059 1.337 -4.77791 -49.3299 -2.05212 -1.68132
47.3563 -7.00747 -12.0393 35.0813 -4.66663 -21.4914 20.8238 -1.57148 -24.7428 7.93515
0.984644 3.7028 -1.11172 1.2761 14.6961 0.13548 0.756761 -24.8772 -6.60103 3.19151
-21.9623 -19.3456 5.27573 -15.9632 -35.4831 0.149597 -4.88965 -49.3833 5.63779 7.01969
-8.67323 2.48949 5.85575 -12.6203 0.850669 -4.83567 50.5181 0.950469 -4.81106 50.7402
0.891695 -4.89421 50.7294 0.856026 -4.82216 50.49 0.832333 -5.01714 50.5461 7.61476
4.28277 51.9382 -4.48017 6.46427 7.36248 -3.91153 15.1798 0.00426992 -3.06346 14.9696
-0.310794 -2.96766 4.56092 3.02991 -4.8342 -17.3122 32.0022 -2.9742 -22.6388 14.1385
2.79856 -23.1242 -12.9544 3.57201 -22.4008 -16.694 3.29913 14.6636 -0.0837522 4.80831
6.45233 -8.03815 3.98616 14.5836 -0.298311 5.33665 -16.3501 -33.5941 -0.00485664 -4.74843
-49.3576 0.124213 3.57299 -0.701491 3.04768 14.6849 -0.00763141 -0.128258 14.581 -0.36526
0.273977 -25.4558 -1.02665 6.22669 5.72551 -11.7197 -6.72603 4.20644 -50.4332 2.3877
4.27177 -17.4506 -4.0267 14.8238 0.281467 -3.33292 14.8969 0.0878869 -4.85103 6.5964
8.02032 -3.38101 4.72107 4.15923 -3.22072 10.2937 1.89761 2.22669 2.12103 29.1057
2.2227 2.05429 28.9799 2.23369 2.1029 29.1773 -2.40471 1.24452 -29.8009 -2.39838
1.22417 -29.6988 -2.40116 1.25262 -29.7602 -0.0900858 12.0399 -0.105115 -0.0231901 15.4558
-0.0762988 5.53168 8.33713 -4.50941 3.66842 8.23891 -4.14181 0.00713189 17.1759 -0.0810414
-2.83416 9.04818 3.36362 3.74728 7.88791 -4.19564 3.18601 9.10183 -3.28028 3.38781
8.43821 -3.09177 2.68583 9.47754 -2.43116 0.0523221 17.5411 -0.0969848 -2.21071 9.36474
2.54589 -2.91806 8.30945 3.2834 0.152841 17.5652 -0.142079 2.73105 8.71634 -2.23905
0.240358 17.6013 -0.124984 -2.29996 8.68916 2.34657 6.72683 4.44268 50.9547 1.80037
2.69634 27.9866 1.81203 2.70782 27.9851 1.81667 2.68225 28.0712 1.82115 2.71035
28.2358 -1.08924 1.66931 -0.211305 -0.354547 1.43262 -0.0790008 -0.474559 -3.40866 5.26711
-0.855682 -3.89589 1.88673 -0.51152 -3.07822 -1.30257 -1.03858 1.49763 0.788555 -0.285237
-5.1157 -2.65836 -1.85107 3.19385 -23.9566 -1.85078 3.19602 -23.959 -1.85153 3.19194
-23.9667 -1.8516 3.17946 -23.9121 -1.85178 3.19585 -23.9821 6.45983 5.17663 47.9226
-1.32591 4.97116 17.1857 -3.06017 8.94117 3.25428 -3.65461 7.42845 4.20874 -3.33983
7.82932 3.20224 -3.33679 7.84131 3.2028 0.423187 16.8014 1.36614 0.532161 16.5658
3.74224 1.2162 9.90179 15.7191 0.988224 8.82119 22.2166 -1.4076 8.58618 5.8488
0.839802 13.7858 6.71055 1.33212 10.4543 12.4449 1.13963 11.1137 9.57992 -3.45323
1.57839 83.0508 -0.11956 -0.526862 2.50894 0.273946 -6.58557 -3.62292 -3.5276 1.52699
84.1574 0.936323 7.722 21.6719 -2.27444 7.51688 87.4967 -0.111438 -2.72106 2.79479
-0.249766 -4.86037 4.7719 -0.180719 -4.88028 4.3535 0.770552 16.2771 -2.03886 -3.98964
7.76959 0.597215 -0.163525 6.98294 -21.741 0.284442 8.19833 -19.4063 0.511117 7.82812
-19.9467 1.01134 9.87709 -16.9959 0.5014 17.0524 -2.03507 -3.24769 8.65412 0.336102
-3.85062 7.27609 0.539277 0.296552 17.2104 -2.22021 0.186385 9.3731 -13.6367 0.271187
17.0935 -2.51448 -3.22657 8.23473 0.499242 -1.79142 2.05697 -27.1249 -1.77978 2.06441
-27.1183 -1.7979 2.04324 -27.1857 -1.78339 1.98356 -26.9196 -1.81624 2.09172 -27.3662
-0.903404 16.3754 2.03791 -0.426391 8.14173 19.512 4.3392 7.53556 -1.27521 3.74851
8.73947 -0.730108 3.65459 8.13034 -0.595589 3.11831 9.31524 -0.342783 -0.585685 17.1965
2.01636 -1.22546 9.83166 17.0527 -0.665037 7.76304 20.0416 -0.365092 17.3492 2.2371
3.10096 8.86539 -0.551686 -0.414245 9.33671 13.7278 6.5258 3.60392 51.4937 0.80882
3.66292 25.243 0.812334 3.6148 25.1202 0.810557 3.65423 25.2942 0.815895 3.66776
25.3694 0.806061 3.67471 25.2538 -2.73875 3.64048 5.81959 -3.12481 9.0128 7.0946
-3.77581 6.12196 8.35949 -4.06975 2.63191 6.08176 -4.59695 0.324944 4.25738 -0.808472
5.10124 5.44144 -0.597568 0.481443 1.44467 -0.538126 3.33809 1.61072 -1.22429 4.31561
4.03786 -4.96711 -1.30881 2.9658 -2.34211 -2.72594 0.201097 0.443737 2.52412 0.646734
0.363729 2.15379 -1.07169 0.08651 -0.467295 -2.60315 -0.298424 -6.47033 3.71402 0.364714
-4.48666 2.66267 0.10957 -2.67674 -2.92546 0.343665 2.41683 0.645354 0.175872 -4.80696
-4.54619 1.75151 1.22922 -4.71587 -0.589369 11.285 -7.9313 3.92206 0.486276 -7.31186
4.83734 2.02021 -10.9036 0.918411 3.82805 -5.73538 0.549583 3.76652 -0.865172 1.27521
-3.57057 -2.87727 3.31844 -0.520149 -4.95751 -0.153058 5.77559 -10.6309 -1.11121 11.1531
-9.60421 3.64525 7.42859 -4.2218 3.05326 8.94703 -3.26524 1.33128 4.94762 -17.2505
-6.45557 5.14699 -48.1241 3.323 7.82846 -3.21052 3.32596 7.81627 -3.20993 2.72294
9.11558 -2.35393 1.93012 11.0842 -1.37194 1.21168 12.5666 -2.58757 1.42217 8.55687
-5.82671 -0.971684 8.81036 -22.3649 -1.19887 9.91369 -15.7855 -0.804223 13.8782 -6.68863
-0.495471 16.6566 -3.73278 0.945067 13.3849 -1.87075 2.92854 8.14077 -2.2078 -0.39409
16.8926 -1.39004 -1.31437 10.4778 -12.4701 0.670825 0.325415 1.5066 0.559156 1.19518
2.98861 0.37839 1.42627 0.115819 0.491479 -3.3297 -5.34654 1.09229 -3.82879 -8.30509
1.32709 -3.20458 -5.34531 -2.22419 1.99136 6.49899 -2.12248 0.251893 4.38263 -0.492243
0.339075 2.87323 0.502099 2.84874 1.60374 0.639673 1.05407 -3.29594 -0.956368 4.17296
4.56287 -2.03967 -1.15617 2.66717 -1.53754 -1.90154 -0.655216 1.29054 3.40547 -2.1647
1.21207 3.05477 0.656023 0.177788 -3.19214 -4.45788 2.45263 -1.45778 -5.30482 -1.79467
2.66811 -28.0922 -1.78574 2.59383 -27.7997 -1.79026 2.69368 -28.0062 0.502725 -3.07912
1.29533 0.121989 -4.85946 1.73513 0.273725 -5.10736 2.68 4.46146 7.77694 -11.3091
3.56153 -0.589649 -7.53705 5.34178 0.807163 -11.1381 5.19506 7.43963 -12.0997 4.13928
11.3698 -8.66353 4.0906 11.4144 -8.58655 0.0964726 9.7817 -6.61627 0.800361 5.47233
-6.77146 -0.01157 17.1935 0.0913986 -3.21168 9.13027 3.27626 3.40436 7.85425 -4.21806
2.7805 9.05441 -3.39858 2.86127 8.30901 -3.32328 2.16021 9.36309 -2.57296 -0.0534325
17.5654 0.104886 -2.73002 9.52219 2.40763 -3.42905 8.47769 3.07412 -0.152657 17.5996
0.148718 2.25194 8.67718 -2.37074 -2.78243 8.76524 2.20437 2.49441 1.37974 30.0294
2.50048 1.37959 30.0298 2.5042 1.37165 30.071 2.5105 1.38711 30.1414 -0.317632
9.55177 7.24531 -3.21533 8.81809 7.88124 -4.09767 5.91824 11.2346 -0.249893 1.34068
4.24229 0.408511 3.23529 3.56277 1.04757 4.08485 7.64011 -4.29512 0.023288 7.89909
-2.29333 -1.57772 1.33028 3.84791 -0.0451045 -9.01983 3.94584 0.0251232 -9.33787 4.27478
4.30935 -10.4759 -0.0305957 1.15069 -3.20216 0.565011 3.63078 -2.28809 0.380984 3.5964
0.42341 0.0446366 -2.79776 -0.911238 1.9883 -1.37245 -3.05122 0.29004 9.49696 -7.22542
0.530702 5.2001 -6.27627 4.47873 6.9746 -11.1843 -7.15021 5.08042 -47.9673 -7.08562
5.10674 -48.141 -2.20537 2.26047 -29.2713 -2.23279 2.27595 -29.4822 -2.22263 2.24644
-29.3455 -2.21573 2.26454 -29.2733 -6.27945 5.77745 11.6849 -2.39531 4.29788 17.391
6.76606 4.23407 50.2674 0.00420044 -4.77812 49.298 -1.78417 4.85811 17.062 0.328991
4.96641 24.057 7.22085 5.11896 47.7548 7.16098 5.14523 47.9253 -1.60878 5.28519
17.0012 -1.71352 4.92644 17.026 6.83864 5.4172 48.9752 -1.87656 5.57538 16.5165
-2.22254 6.06133 15.1009 3.73362 6.37547 47.4106 5.37825 5.69681 49.3903 2.24445
2.13375 29.313 2.21626 2.11779 29.1037 -2.09028 6.08912 10.473 -5.38849 -16.4808
33.6058 -3.62269 -22.6624 16.6776 -3.02055 4.60893 3.78104 -2.82465 -23.3901 12.9058
-0.0771081 3.65487 0.744373 3.05406 4.62241 -2.98014 -0.221362 -25.7362 0.875088 3.08699
-22.7237 -14.3138 -0.795618 -4.97928 -50.487 -0.855328 -4.85656 -50.6696 -0.819774 -4.78465
-50.4304 4.51899 6.49496 -7.32851 4.90562 -17.2535 -32.017 -7.77787 5.20239 -49.939
-7.09093 5.46105 -51.6378 1.25292 5.32002 -17.7079 1.2895 5.04434 -17.6485 1.92554
4.43324 -18.0346 -7.57095 4.25952 -51.9223 1.52708 5.58681 -17.2781 -5.58203 5.76937
-52.1749 1.79679 5.87595 -15.8412 -4.24356 6.09451 -49.8764 -2.39516 1.25276 -29.7599
-2.41068 1.26013 -29.8714 -0.749838 2.00472 -5.66972 -0.788342 -3.9788 -1.45729 -0.224336
-4.26139 5.96111 -0.235471 1.90224 -0.83129 -0.986193 4.28456 -6.87958 -0.378573 4.33671
-3.14155 -0.389655 3.28261 -3.58345 -0.978469 4.12883 -7.60492 1.75639 5.6048 -10.931
6.60884 4.81868 50.0634 -1.25308 4.98997 17.7153 5.47556 4.96195 50.7436 -1.48532
5.20658 17.1417 3.76002 5.25208 50.1574 -1.73847 5.66066 15.5861 2.36314 6.04612
47.2279 1.80734 2.60771 27.7792 -0.133172 -4.86765 -1.714 -1.47135 5.71324 10.714
1.12306 -2.93444 5.83172 0.182836 3.74158 7.91411 -0.99441 1.33341 1.637 -0.898455
6.06513 6.81846 -0.842115 5.47507 6.69102 -1.29767 3.4201 2.11646 -1.83441 4.13036
1.96027 -1.49426 4.00657 -0.80487 -0.120398 3.42467 -1.97945 -1.52846 4.02242 -0.53183
-1.33095 3.49241 -0.719656 -0.479733 2.8773 -1.5564 0.0152991 2.7415 -2.18106 -1.07496
-3.93056 8.14747 -0.51286 1.19841 -2.93017 -0.626293 0.310737 -1.48113 -1.31211 -3.30087
5.20516 0.222794 3.69792 -3.50508 0.203175 3.01801 -2.59936 -1.19778 3.07174 -0.65043
-0.540398 1.15578 -3.40226 -1.87848 -1.95266 -1.21786 0.684683 4.05435 -5.56746 1.02817
4.22489 -4.43765 -4.46688 5.3542 -44.6684 -3.80071 5.8598 -42.6157 -2.70656 6.17652
-41.1376 -2.0695 6.95633 -38.3875 -0.383951 -4.57787 -2.68143 -0.389784 2.13882 0.980778
-0.464961 2.52263 -0.707686 -0.35929 2.41984 -0.692013 -0.536438 3.40725 -0.393579 0.797076
4.52815 20.06 -0.234198 1.34733 4.40748 0.279725 5.68745 12.3312 -1.08639 3.99761
6.38682 0.1536 5.71381 10.52 -0.91554 3.81238 5.58113 0.0334599 2.01962 -0.634067
-0.680925 5.21337 0.252645 -0.526832 3.81829 0.789163 0.593673 3.40081 -1.56531 0.424998
4.68336 -2.12792 -6.16044 3.99062 -49.5767 -5.8945 4.37251 -47.9032 -4.52149 4.60538
-45.8453 -2.81805 5.05295 -43.1956 -1.85604 6.29266 -38.7954 -0.738063 3.66708 -25.1049
-0.739829 3.6274 -24.9331 -0.736596 3.67584 -25.0542 -0.734676 3.68765 -25.0648 -0.743899
3.68103 -25.1796 -0.269149 1.75413 -2.7157 -1.05524 -1.98932 -0.436433 -0.863388 -4.74874
8.33249 0.912201 4.85465 -5.09968 1.30743 4.41795 -3.97387 -5.09589 4.36208 2.83359
-1.39517 5.47367 17.2272 -4.83641 4.87864 2.46991 -1.82497 5.82432 16.5419 -4.59246
5.38279 2.12195 -2.32488 6.54296 15.1468 7.30248 5.63902 50.1185 5.56717 5.88363
49.4526 3.93895 6.75351 46.1866 1.88425 2.24251 27.8382 1.89516 2.23666 27.8453
1.90266 2.22378 27.9088 1.9221 2.26765 28.0886 1.88797 2.16667 27.6384 -2.36332
6.82264 10.9667 -4.36053 5.83991 1.83242 0.268007 5.43804 12.8772 0.117782 3.364
5.90425 0.452748 -3.5587 0.0618461 0.0871328 6.94169 12.991 0.0989662 8.17592 12.3321
0.376387 6.49917 8.5339 0.136387 6.51451 8.69753 -0.152224 3.0273 0.000342552 0.0813579
2.80125 0.0729144 0.0528013 -5.43505 0.480101 -0.00457735 -4.72589 -4.20894 -0.15954 6.14232
1.9878 0.132788 6.00544 -0.0504018 0.192817 4.48592 3.11454 0.110894 3.84444 -0.0104752
0.0927356 -5.0067 4.64604 0.263806 2.928 0.167579 -0.0529188 3.17079 -5.62953 -0.365814
-4.00785 0.216924 0.35979 6.176 -1.87083 0.0181555 4.60385 -2.98514 -0.214654 6.42958
-8.31093 -0.000914751 6.42137 -8.41801 -8.33978 5.58053 -49.6361 1.64367 5.81063 -17.4173
-7.25578 5.75432 -50.0373 1.96975 6.18422 -16.6849 -5.31375 6.05411 -49.0186 -3.71584
7.03711 -45.5343 2.40704 6.93956 -15.2299 5.33036 5.3333 -3.00459 4.98328 5.69385
-2.56721 4.68424 6.07239 -2.17063 -0.400679 5.45008 -12.7848 2.38689 7.20191 -10.9996
-0.149163 6.95247 -12.9132 -0.112046 8.12231 -12.2492 4.42665 6.43778 -1.86232 4.61464
4.50832 46.2714 1.84244 6.20403 39.0708 2.86306 4.95654 43.5798 0.246092 -4.79037
-4.97731 1.13035 -1.96369 0.306689 0.870618 -4.70704 -8.64565 0.309558 1.717 2.74623
-0.0284744 1.99999 0.639801 -0.8214 4.75373 5.21427 -0.388558 4.61606 2.19693 0.51874
3.39459 0.322346 3.28179 1.56254 -85.2277 3.21114 1.61377 -84.1064 2.10779 7.48567
-88.5269 -0.931655 7.72012 -21.8391 0.19839 1.38955 -4.55912 0.670497 5.17153 -0.345057
1.05124 4.02566 -6.61308 -0.827532 4.55459 -20.2837 -0.302005 5.73739 -12.4805 3.76831
5.77911 42.8179 2.66977 6.09359 41.3706 2.0284 6.86431 38.6446 1.83519 3.18691
24.0622 1.83549 3.18476 24.0597 1.83596 3.18286 24.0699 1.83618 3.18668 24.0856
1.83609 3.1706 24.0149 1.8886 -1.8682 1.11601 0.15811 3.38206 2.07016 -0.162553
3.65046 3.62142 0.867933 -3.86629 -1.89042 1.10527 1.65476 0.218023 1.04451 1.48114
-0.824041 1.51353 3.98328 0.813549 1.34784 3.47374 0.726825 1.54564 3.9992 0.532266
0.590404 1.15307 3.46425 -0.594085 4.00026 5.71833 0.991714 1.31514 -1.70872 1.83244
4.10782 -2.03605 1.90726 4.38614 -17.8597 -6.72505 4.1488 -51.8481 -5.31632 4.9567
-50.7176 1.23577 4.98559 -17.7603 1.45548 5.20525 -17.1834 -3.64664 5.25908 -50.1112
1.696 5.64891 -15.632 -2.30782 6.04171 -47.2401 -1.77869 2.68215 -28.0076 -1.79886
2.69628 -28.2567 -0.201825 3.71257 -8.01458 -1.13181 -2.92749 -5.81481 0.853956 6.05241
-6.93143 1.42684 5.69306 -10.7392 7.87677 5.26354 49.942 -1.23169 5.38384 17.7102
7.25271 5.54872 51.7009 -1.50789 5.65862 17.292 5.77621 5.86248 52.3353 -1.79043
5.9491 15.8677 4.43728 6.18142 50.1218 2.49764 1.35127 29.9683 -1.77377 5.667
10.9201 0.821555 -3.85826 1.57154 0.77519 2.00831 5.72393 0.229046 1.83795 0.817776
0.227472 -4.20377 -5.95725 1.03855 4.2257 6.90607 0.377235 4.24101 3.11008 -2.21228
2.19878 -29.1467 0.327608 2.2789 -0.191252 0.451855 1.94886 -1.24259 0.081002 -4.85886
3.13146 0.236194 -4.52577 -1.21018 0.433268 5.03372 0.280225 0.888775 4.84213 -2.03402
-0.959143 -3.65014 -4.20998 -0.179398 3.33566 -6.19576 0.771295 5.87109 -5.77518 1.62139
5.25356 -17.0831 -6.734 5.38005 -49.2106 1.88021 5.54084 -16.6005 -5.26472 5.6674
-49.6479 -3.64211 6.34076 -47.7091 2.20489 6.01339 -15.1914 2.05689 6.02398 -10.4996
0.889373 -3.91617 4.2189 0.102542 3.20511 6.03777 -0.529377 1.95635 1.10829 -0.155856
-5.07833 -3.18489 -0.601776 5.15733 6.14453 -0.86841 5.7979 5.5987 -0.967605 4.9349
1.90894 -0.605076 3.68252 2.19921 -0.382228 2.33321 0.11872 -0.281209 -4.65127 1.15027
-0.494464 5.14884 -0.350244 -0.415288 3.66625 -0.477855 1.08733 1.47112 2.00954 0.248011
16.2648 4.51548 1.16909 3.20302e-38 1.75084 -2.3422 11.9047 3.12152 -2.94911 11.6826
3.68643 -1.56997 14.1226 4.00928 0.992955 -5.91718e-39 2.04517 0.653457 -3.00753e-39 1.97853
0.194064 15.6507 -5.71033 1.62674 11.7454 -4.06473 0.261046 18.1319 0.449931 -1.83293
13.565 4.95286 0.325056 15.9219 5.80915 -0.191475 1.6566 2.76313 0.261433 0.861238
-3.65393 -0.229556 1.71763 2.74097 0.554178 6.17788 -6.87681 0.381835 13.4635 -5.60003
0.375026 13.4675 -5.63098 0.581921 6.32031 -6.91251 0.296164 17.0634 -1.13424 0.50155
16.5183 3.9737 0.301091 17.0614 -1.20181 0.496998 17.6333 -1.29093 -0.0358278 16.539
-0.416195 -3.19486 11.2095 3.97633 -3.23902 11.1835 4.00444 -1.61213 14.1667 3.92494
0.360825 17.1781 -1.16897 -0.0180416 3.11806 4.45887 -0.167252 3.23482 4.64466 0.609961
11.2504 7.89757 0.151751 11.3694 6.43605 0.45674 9.76611 -5.33927 2.92762 10.2085
-6.59445 0.659424 17.155 -2.47581 0.112944 17.3403 2.82426 0.640521 16.9866 2.99032
0.851282 15.4656 -5.99154 2.94612 9.87888 -7.73226 3.02269 8.45966 -12.6409 1.15485
8.58879 -18.0837 -0.32945 11.9945 10.6759 -0.659728 7.4538 15.5169 -1.5498 6.95479
11.156 -0.483038 17.7165 1.31396 0.52877 -6.95661e-41 1.55872 -2.24127 11.7968 2.32546
-2.56476 11.0903 2.86362 1.54716 10.7045 -5.38662 1.59398 7.03778 -11.1092 0.664815
7.52662 -15.4923 0.333694 11.9111 -10.7517 0.497565 17.6685 -1.29684 0.215323 7.76342
-17.611 -0.237191 6.94209 -20.5252 -0.158091 8.48561 -18.7744 0.505622 18.1325 -1.37254
-1.41863 13.4897 1.99739 -2.73134 9.68115 4.14995 -1.34658 6.97162 17.794 -2.63621
8.46779 12.5832 -2.25008 11.3317 5.73996 2.39261 11.566 -5.79448 2.80026 8.76468
-12.5831 1.40087 7.28001 -17.7401 2.81761 10.015 -4.19918 1.46629 13.6772 -2.05416
-2.88762 9.8133 7.73591 -0.483758 17.7516 1.31979 -0.214288 7.70387 17.6976 -0.493818
18.2152 1.39468 0.139241 8.42239 18.8749 0.22314 6.86178 20.6316 2.99229 11.1077
-5.59798 2.80241 11.3584 -4.85785 -2.26018 9.07729 3.6343 -3.26366 6.0945 11.2551
-0.599873 0 -1.94751 -0.919893 0 -1.99205 2.80385 11.4365 -3.67298 2.23572
11.7234 -3.12499 2.44289 10.8712 -2.90423 2.13389 11.6204 -2.39209 -0.479393 0
-1.55545 -4.39455 4.39965 10.4079 -3.98609 -0.0245658 9.31399 -3.89259 -0.0920401 8.99831
0.0686807 1.12857 3.19979 -0.291683 9.48541 7.20609 -4.63893 7.0537 11.0644 -2.11553
-1.36776 3.07373 0.292992 1.30894 -4.21526 -0.197353 -2.89379 0.932598 2.35748 -1.69924
-1.35217 -3.76815 5.01432 20.2277 -2.15395 1.23935 37.1965 -5.11987 -9.24875 15.147
-4.70887 -9.89517 12.8102 0.341911 9.49241 -7.22718 4.42055 -0.031678 -7.95067 4.18686
5.91486 -11.204 3.27095 8.83849 -7.87003 2.30674 0.299189 -38.2617 2.28184 0.371234
-38.4578 2.29288 0.398394 -38.3157 -2.2603 11.2508 4.05392 -2.32832 11.0476 4.18417
-2.24356 11.632 4.30852 0.174011 18.4033 0.488108 2.28427 9.09835 -3.66794 1.88829
9.90619 -3.23516 2.00679 8.97219 -3.19506 1.80425 10.1117 -2.7201 0.0546613 18.7088
0.471881 -2.21947 11.7979 4.34378 -2.88278 11.4169 4.89269 -2.01227 11.9938 3.58112
-4.48474 7.75639 11.2474 -4.12533 11.5059 8.48695 -4.22447 11.4168 8.64026 -5.23773
7.41572 12.0514 -0.17999 2.5799 3.19683 -0.617131 1.04193 3.26134 -5.31322 0.725423
11.1448 -3.5032 -0.648602 7.54921 -0.0893517 9.74274 6.56529 -2.37578 -1.50262 5.32039
0.504002 0.356053 -2.85653 2.19807 0.295621 -4.3596 2.29158 2.05727 -6.47744 -0.117926
-3.19825 4.47057 1.57677 -1.89458 0.671745 2.12183 -1.13051 -2.64295 2.76177 5.16343
-7.28876 0.898091 0.378114 -28.2545 0.0470463 1.23906 -31.4054 2.91892 -5.78157 -5.72441
-2.40667 11.6748 3.47644 -2.13653 11.7707 2.73896 -2.53054 10.6353 3.38662 -4.53366
7.49764 10.9038 -4.90468 1.88981 10.857 -3.86586 0.356018 7.2603 -1.65605 1.16877
4.6888 0.300488 1.84982 1.62064 -3.18123 -0.650313 4.90266 0.63853 0.506364 -1.38206
-1.06998 -3.57452 2.7781 2.34253 -2.69328 -0.259376 -2.86572 0.929412 35.5177 -6.29579
-7.46334 21.3441 -6.11815 -8.07231 19.725 2.8167 3.67516 -5.81719 4.69147 0.33374
-4.34008 4.18196 2.68456 -6.12797 3.85907 6.23037 -8.34387 3.19076 9.08756 -7.0873
0.83662 5.10977 -5.36874 5.049 -1.33114 -3.07434 5.8789 -8.19488 -3.4098 5.69076
-5.53846 -7.76809 0.590661 7.9821 -20.1536 0.593875 9.1205 -18.7677 0.758824 17.5132
-2.39589 0.593799 9.23935 -18.6243 0.744273 17.9356 -2.2871 -2.40169 9.70618 1.62187
-2.10435 10.6564 1.52784 0.118348 13.4493 5.38408 -0.367088 4.85774 6.35264 -4.12046
5.54773 8.38806 -2.57736 1.42513 6.06128 0.0325116 -0.205713 0.0347668 -2.17996 -2.12594
2.78694 0.316024 -2.26561 0.0173008 0.396053 5.01407 -6.28095 2.74269 -1.88764 -2.85115
2.72737 1.65869 -6.1063 -0.119881 13.5049 -5.42766 4.2077 5.86805 -8.37786 0.296533
-0.437065 -35.7343 0.236175 -0.37123 -35.8481 0.317875 -0.36686 -35.5534 0.327229 -0.392395
-35.5323 0.329972 -0.512541 -35.4456 -1.14916 8.53202 18.1093 -2.96701 8.37676 12.6429
-0.849952 15.482 5.94817 -0.60413 9.07552 18.8073 -0.597517 7.91816 20.1981 -0.75919
17.5424 2.34783 2.45961 10.0127 -1.65703 2.15898 10.9136 -1.55597 -0.737026 17.9521
2.23858 -0.604408 9.19636 18.6633 3.17814 11.1059 -4.01709 3.1353 11.134 -3.98895
0.0406201 16.6003 0.4328 4.2412 9.26266 -9.73802 4.31657 8.62034 -10.5662 3.42574
10.5653 -5.44079 2.37066 11.6385 -3.4884 2.49133 10.5763 -3.41247 2.10597 11.7312
-2.77221 -2.82119 -5.76116 5.66979 -2.74156 -6.59948 3.16743 5.56498 -9.74201 -20.3253
6.74765 -8.05885 -23.1933 3.83049 1.83378 -37.8559 2.20365 11.4634 -4.25952 2.26934
10.9986 -4.16941 2.2126 11.171 -4.06355 -0.180457 18.4385 -0.485658 2.16148 11.7617
-4.31724 1.94837 11.9763 -3.57284 -0.076809 18.7484 -0.450171 -1.86893 9.89997 3.20586
-1.98731 8.96542 3.17343 -1.79295 10.0914 2.71649 1.19252 8.2053 -17.0791 -5.62184
8.13564 -57.5908 -5.75955 7.80925 -59.3518 1.14416 7.97571 -17.1973 2.47956 10.7001
-2.12107 -1.585 8.65183 16.3414 -2.37458 8.65787 15.1731 -1.26219 8.52419 16.8477
5.87686 8.43257 57.0877 4.8556 8.58741 54.2152 2.85186 8.46605 49.9243 -3.07539
-12.4209 3.7077 -0.344574 -14.4523 4.3307 3.13023 -13.6026 2.88364 5.47321 -9.19807
-11.7455 1.12077 6.20392 -17.4571 1.68327 5.91212 -16.2622 -2.31404 6.08882 -52.7678
-4.00951 6.5469 -56.7282 0.88832 6.36777 -18.0253 -4.92221 6.75043 -59.3169 -1.71097
8.68297 16.152 0.971609 8.76534 33.1488 3.18056 8.78276 48.4091 1.58697 8.40655
46.4693 -2.52286 8.44955 15.5326 -1.64222 8.6816 16.1682 -2.22906 11.6935 4.69157
-6.71344 -8.27087 23.4189 -5.50558 -9.93354 20.5446 -3.82095 1.73989 37.8181 3.42853
8.84412 48.7089 -1.36626 8.69081 16.2321 4.30181 8.81905 50.2316 -3.34886 -12.8804
15.4607 -2.30639 3.62282 -40.1034 -2.721 4.07424 -42.0167 -2.7283 4.38984 -42.7328
-4.57475 -13.3115 5.80162 -1.36037 -16.5921 3.41912 3.09618 -15.6994 4.38033 -2.62256
5.09974 -38.9124 -2.66444 5.19176 -39.2169 -2.01238 4.6229 -37.9497 6.1186 -11.7458
2.4126 -2.7168 5.31062 -39.5682 -0.431902 -0.474859 35.811 -0.352642 -0.480324 36.1098
-0.412769 -0.543475 35.994 -0.442868 -0.619395 35.6992 -0.441954 -0.500486 35.7901 -3.43706
7.18536 4.00183 -1.62455 6.31013 17.2934 -3.38546 7.35653 3.90675 -1.49252 6.70673
17.2844 4.34355 4.4438 44.8441 -3.30813 -8.18272 5.61521 5.46957 5.24447 45.4307
5.76791 5.72639 46.2254 -2.46814 -11.7615 -3.80494 0.443662 -13.4733 0.295176 3.18201
-11.6093 3.69811 3.53169 -8.04277 -5.97247 -4.47912 4.74613 -44.4321 1.66736 6.67247
-17.2389 -5.62806 5.54964 -45.0873 -5.94225 6.00251 -46.029 1.52975 7.04519 -17.2333
3.52392 7.59798 -4.02609 3.47702 7.7485 -3.90582 2.63513 5.10894 39.3466 2.59267
5.00909 39.0399 1.98958 4.52493 38.0517 -5.52756 -5.54496 7.51032 -5.73884 -8.14425
3.10979 2.68818 5.23709 39.7006 -6.00993 -11.6186 -2.76907 -3.11059 -15.7325 -4.86734
6.20193 -7.1374 -21.2698 2.82936 1.03435 -35.6005 6.05234 -7.73045 -19.6853 1.60822
-16.4713 -4.13447 4.75018 -12.8327 -6.05963 2.66821 3.95594 42.2298 2.26531 3.50898
40.2958 2.66388 4.27148 42.9368 -2.40233 -10.1455 -7.43628 -2.04466 -12.4945 -12.0423
0.257359 -13.9237 -16.3766 3.45299 -12.7251 -15.2522 1.67487 8.63627 -16.2747 2.47241
8.41089 -15.6118 -1.54276 8.38976 -46.8249 -3.10361 8.75064 -48.8108 -0.855226 8.72174
-32.8322 1.61406 8.63517 -16.2796 2.17979 11.5668 -4.97211 -3.34444 8.80917 -49.1151
1.34697 8.6454 -16.3004 -4.13675 8.78364 -50.3419 -2.21745 0.427218 38.4244 -2.2065
0.400226 38.5669 -2.23081 0.329606 38.3683 -1.09956 6.16246 17.5214 4.01779 6.49983
57.1074 2.3355 6.05406 53.0559 -1.65092 5.87723 16.3126 -0.86725 6.31669 18.1677
4.94447 6.6901 59.98 -5.31976 -8.96972 11.5208 -3.0629 -13.129 -3.10401 5.06446
-8.96642 -15.1371 2.13176 1.31442 -37.4626 3.63681 4.94213 -20.6176 4.62313 -9.63362
-12.8623 0.12073 -14.0248 -4.70407 2.87216 -12.2404 -4.00185 1.49434 8.33506 -16.5524
2.24588 8.35573 -15.3385 -4.68273 8.29363 -54.7757 -2.76877 8.20306 -50.439 5.67396
6.37896 -9.78374 -0.253523 -3.04668 48.1697 5.90379 6.03258 -12.0333 2.014 5.99623
-8.73417 1.78151 5.95266 -14.1941 -2.52754 6.56968 -42.9203 -0.278907 17.1584 1.21641
-2.69905 5.06283 7.31046 -0.370021 13.5137 5.65901 -1.07647 0 -1.71212 -1.0368
0.750306 -1.83981 -0.21411 16.3467 -4.49569 -1.07539 0 -1.70772 -0.814517 -4.79815
-50.4585 -0.914039 -4.77396 -50.6807 5.99685 6.16458 -12.1887 -5.70853 6.41033 9.75258
-1.19995 5.29428 16.9643 5.88675 5.52485 48.1174 -1.76811 5.99823 14.1338 2.57404
6.61194 42.642 3.83515 6.04367 45.8615 -1.40929 5.56658 16.1619 -3.26348 7.73975
3.71348 -1.37548 5.53818 16.3422 4.38634 5.85413 47.2407 -2.00236 6.05044 8.72422
-5.85645 5.49571 -48.3604 1.21369 5.26605 -17.034 1.4254 5.53089 -16.2312 -3.7918
6.01061 -46.1382 3.25079 7.72585 -3.7236 -4.34441 5.82568 -47.5168 1.39184 5.50346
-16.4123 1.17096 2.99525e-38 1.7605 -1.18075 14.5801 4.11775 -4.40918 11.655 7.56483
-4.59734 7.89802 10.4215 -4.64661 9.10442 11.6649 -2.96688 11.3066 5.21519 -4.11461
11.1214 7.38114 -1.38771 1.03748 29.3439 3.92353 6.61185 -17.193 2.25651 1.74868
-36.7278 -2.21367 0.430304 38.4127 -2.16459 0.452191 38.7048 4.25141 9.07813 -10.5795
-4.4796 9.42076 10.4664 2.23942 0.42385 -38.594 2.28892 0.401807 -38.304 3.31851
6.1429 -11.2295 1.41325 1.10671 -29.3183 -0.881718 0.314173 28.3095 -0.0459392 1.16181
31.497 4.55365 9.04574 -11.6929 2.84128 -6.63474 -3.21608 -0.185462 -14.0034 16.4733
2.09809 -12.604 12.0591 2.51018 -10.2439 7.41281 -4.32532 9.35055 9.67647 -3.99485
6.65278 17.1245 -2.28563 1.66105 36.6277 -3.49162 10.6464 5.41711 -4.40046 8.71378
10.5029 -2.11282 8.03202 14.7939 2.49916 7.6816 45.7479 -1.30517 8.24639 15.5961
-1.0071 8.31232 15.6203 4.88029 8.33261 49.352 4.12889 8.19202 48.0404 -2.46859
7.62714 -45.9904 2.07349 7.95344 -14.8758 -4.07163 8.10616 -48.3369 -4.79124 8.22784
-49.6449 0.993702 8.20342 -15.7372 1.28289 8.15055 -15.7015 1.26996 8.48995 -16.1737
2.21924 11.1403 -3.36995 -4.20861 8.45787 -51.4 -2.03234 9.13706 2.58415 -0.839572
6.36789 18.2743 5.16215 6.68215 61.5322 -2.24715 11.6373 1.61453 -2.61391 10.9127
2.0115 0.50511 -2.67757e-40 1.26017 0.45986 -3.7379e-39 0.957328 0.505873 -3.53174e-39 0.825544
0.275812 17.4265 5.14659 -0.96426 14.1357 3.03938 -0.476509 14.5614 3.36025 -1.11202
10.8256 1.56268 -1.10603 11.1172 1.56237 -0.0064185 1.08048e-36 1.31701 -0.00912406 1.02989e-37
1.15822 0.0396175 -1.4403e-36 0.966231 0.181981 -1.02095e-36 1.0785 -0.0380767 18.4115 4.86896
0.117518 18.5634 5.48331 -0.874596 10.8508 2.61163 -0.89192 9.74144 2.09597 -0.412048
13.6635 2.68163 0.226475 8.88899e-37 1.41755 0.0898173 1.37539e-36 1.55413 -0.0094058 2.31109e-37
1.32953 -0.00573031 1.74086e-37 1.30801 -0.7313 10.3638 2.33423 -0.715471 10.7381 2.32733
0.018887 9.84741 8.7675 0.275738 2.40252 5.29711 0.394192 1.19425 5.34005 1.31572
1.07317 9.34673 1.12207 7.70051 10.8411 0.0378458 16.6019 6.35747 0.383432 16.2319
7.52519 -1.07892 13.6726 4.72232 0.0212993 18.9065 0.496187 1.05856 12.739 -4.2357
-0.13554 16.9314 -7.83974 0.175511 17.0912 -6.2113 0.607222 17.0962 -7.09833 0.892728
12.2355 -3.51599 0.11477 19.2775 1.27013 -0.982951 13.664 5.81577 0.0814699 16.4628
7.54496 -0.0789597 17.7382 6.28464 -0.0889632 18.0241 5.55805 -0.153784 19.9313 0.777566
-0.0654147 18.6663 -6.24175 0.155485 18.0581 -6.56699 0.16344 18.7632 -6.10234 0.169132
20.2664 1.0058 0.144023 18.0878 6.1389 0.140515 17.7117 7.03495 -0.0276734 16.9336
6.63712 1.28799 10.0517 11.5973 1.54129 9.63914 12.1746 2.30251 3.03579 29.037
-1.06849 10.5686 11.2503 -1.07483 12.3726 7.45318 -0.551678 9.69121 7.01943 0.637454
8.17624 9.4793 -1.058 7.70444 20.5009 -2.34675 1.98253 37.3956 -3.06574 7.21723
10.799 -1.83318 9.77953 7.38062 -0.0316921 16.4812 6.5966 -0.181177 -0.0671528 -4.65238
-0.208269 -0.0172117 -4.32516 -0.0732101 0.342607 -4.82112 -1.2571 1.01185 2.61954 -0.847986
0.170319 -4.31457 -0.640757 1.20575 -2.09542 -0.288095 1.19022 2.11026 0.211415 1.1378
6.65297 0.360032 6.71818 -7.76999 0.388405 15.3113 -5.56311 -0.118875 11.4652 -7.03571
-0.438129 5.20799 -11.3985 -0.463597 3.31979 -11.2804 0.347841 18.12 -0.834265 0.528635
17.6146 4.92419 -0.939382 14.3922 3.73822 0.39865 18.2885 -0.868322 0.313566 17.9493
-0.898725 -0.00614448 17.7976 3.84616 -0.0796853 17.7495 5.41268 0.479036 17.8152 4.58357
0.315928 17.95 -0.899965 -0.943151 16.2812 2.57976 -1.93237 12.9608 2.12708 -1.97826
12.8372 2.18816 -2.42417 12.1689 2.62376 -1.57608 15.1563 4.40411 -0.100197 19.2339
-0.474771 -1.13679 15.2133 3.12649 -1.22717 14.8104 2.97865 -0.0805538 19.2086 -0.491839
0.125522 18.2215 6.02606 -1.78258 9.64095 7.32368 -0.817632 6.22984 5.20833 0.398408
8.34131 9.47413 -0.284005 18.5488 4.59017 -0.169552 19.0383 -0.821052 -0.129986 18.5489
-1.89465 -0.108016 18.5109 -1.49139 0.0527145 18.923 -1.43792 -0.199107 12.4659 3.95438
-0.753379 2.24123 3.87056 -0.464495 11.0802 7.66448 -2.46187 11.7142 7.73047 -1.13512
2.77457 3.70606 -1.34451 1.68784 2.81578 0.89575 1.48909 8.22357 1.24542 3.29572
11.2525 -0.957328 0.0353438 -3.20034 0.513038 5.78548 -6.79503 -0.234181 3.68365 -9.47176
-0.209725 1.52254 -4.74077 -0.307841 1.11185 -0.375022 0.743443 14.8895 -8.20925 0.621359
8.50326 -20.1532 0.925914 9.80997 -18.2017 0.638271 10.7035 -12.3136 0.317642 9.77018
-10.4166 0.600895 11.9229 -10.5195 0.202536 11.5625 -10.7177 0.524337 8.85651 -19.9902
0.545036 8.65887 -20.1053 0.221246 10.0216 -12.7384 0.176169 15.5676 -2.71768 -0.0731822
18.5019 -1.82086 -0.0565196 18.1111 3.48115 0.0359178 17.7224 3.25589 -0.302068 18.3765
2.40061 -0.00634945 18.7514 -1.08181 0.140983 14.4834 -4.86854 0.287536 10.2586 -8.6216
0.989906 11.828 -6.07873 0.680908 9.62598 -4.53528 0.741832 12.8376 -8.19593 1.22262
7.7497 -5.48117 1.14906 8.89589 -12.4 -0.285433 10.205 8.59198 -0.139155 14.4596
4.83933 0.0078611 18.7576 1.05301 0.29756 18.3767 -2.39448 -0.0447721 17.7199 -3.26165
0.0403363 18.1064 -3.48872 0.0586151 18.4951 1.79668 -0.178588 15.5468 2.68285 -0.660894
9.55037 4.48681 -1.01926 11.8501 6.04513 -0.547445 5.81965 6.81463 0.225612 3.65519
9.53403 0.108312 5.88087 11.567 0.772454 2.2278 -3.8337 0.616291 1.7189 -2.34776
1.15304 2.75041 -3.66118 0.941532 0.0493754 3.30097 1.34755 1.65897 -2.75121 -0.872331
1.4923 -8.19237 -0.353778 1.06531 -3.62494 0.311931 1.12377 0.441872 -0.507347 17.6701
-4.88831 0.927249 14.3828 -3.71093 0.989621 11.3189 -9.64578 0.484061 9.70301 -13.5388
-2.3562 4.97267 -26.8591 -2.07536 8.26333 -12.659 -1.22164 9.6913 -10.3784 2.44273
11.6624 -7.76005 2.37206 14.4726 -6.83851 0.0779694 17.7948 -5.45582 -0.468229 17.8576
-4.61542 0.456511 11.0607 -7.68636 -0.156144 18.2397 -6.083 0.0763146 18.5719 1.46871
0.090877 18.6212 1.88169 0.145348 19.1172 0.812911 0.283148 18.5852 -4.63983 -0.39238
8.3194 -9.51256 0.81497 6.19613 -5.20857 1.76399 9.57598 -7.34211 2.60887 8.13866
-11.5305 1.72251 0.0509485 -39.4185 -0.104829 6.66109 -13.2639 0.186964 12.4737 -4.00332
-0.382201 18.3755 0.890735 -0.332599 18.2091 0.858913 -0.143529 12.3106 5.7976 0.112958
9.28113 7.59877 0.277157 7.84105 8.25957 0.0664304 9.31251 11.554 -0.313455 17.9266
1.0725 -0.309458 18.041 0.927309 -0.307288 18.0402 0.926013 0.306515 9.08544 12.2878
0.290053 8.96911 12.8524 0.0698908 19.2936 0.490497 0.0888107 19.3189 0.472638 -0.436797
15.3809 5.54977 0.0868453 11.4717 7.0497 -0.763205 8.16924 11.5745 -0.778355 6.89976
4.11382 -0.323719 11.0311 3.86872 -0.0739071 18.9821 1.41147 0.188201 -0.035021 4.6829
0.135717 0.406212 4.89905 0.0833359 0.363103 4.84914 0.817134 0.193614 4.45414 0.687644
1.26199 2.26002 0.495942 1.66191 7.25763 0.4513 3.31806 11.3742 -0.411657 6.78052
7.80281 1.26142 0.97693 -2.49624 0.561182 9.65203 -7.02345 -0.65558 8.21108 -9.55505
-1.06856 2.19101 -9.95422 -0.0707486 1.32186 -6.53574 1.89754 12.1486 -3.07736 1.96095
11.9382 -3.14833 1.92975 12.0349 -3.12166 -0.194829 17.1226 6.24916 0.120926 16.9683
7.88257 -1.04743 12.7591 4.25935 -0.0488791 18.9579 -0.48212 1.05636 13.6303 -4.7335
-0.359156 16.2629 -7.52038 -0.0473063 16.6152 -6.36765 -0.114368 16.4605 -7.57297 0.941971
13.5786 -5.82322 -0.145375 19.3255 -1.26176 -0.893925 12.1976 3.53398 -0.622736 17.1172
7.13787 -0.191125 17.778 -6.8862 -0.253544 20.296 -1.08515 -0.197975 18.791 5.96765
-0.279163 18.1144 6.33557 -0.0703769 18.7311 6.14274 0.0980702 19.993 -0.788346 0.0517599
17.9432 -5.85524 0.0471349 17.7461 -6.34949 0.0123669 16.9157 -6.6937 -0.189211 17.6917
-7.0877 -0.144422 17.3918 -6.98363 2.14073 3.94125 33.3463 2.14401 3.92845 33.484
2.12293 3.96411 33.3404 -1.34213 0.349534 39.7967 -1.34906 0.30467 39.9485 -1.35421
0.359659 39.7589 -0.261033 17.5159 -5.24256 0.895953 14.0774 -3.16773 1.08429 10.1734
-11.6968 -2.80075 2.20104 -33.1017 -2.34586 4.06181 -26.4554 -0.274398 17.1095 -5.5095
0.253096 18.2437 -5.71525 -0.0774544 0 -1.7374 0.250497 0 -2.25168 -0.20409
18.6674 -6.11919 0.213319 9.22065 -9.85892 0.0563122 4.76104 -6.01329 1.42908 10.361
-9.83313 2.21859 9.06269 -12.2629 1.05675 -2.23142 -39.2827 0.249351 6.32575 -13.4223
0.269208 12.1381 -2.9077 -2.41539 10.944 1.38129 -1.87271 -0.09758 37.2573 -1.87492
-0.147082 37.37 -1.88204 -0.108585 37.2497 -0.118371 17.6906 5.25679 0.0308133 17.4674
4.59072 0.690606 2.28455e-38 0.960245 0.696231 6.23587e-38 1.39712 0.307317 -6.99326e-38 1.81803
-0.890822 14.0892 3.7072 -1.75936 10.9028 8.94548 -0.233415 9.62912 7.96965 -3.15037
8.26535 11.7457 -1.15745 10.6279 13.2895 -1.14794 11.736 1.9015 -1.35593 11.0317
2.14338 0.00781793 1.01016e-36 1.6796 -1.09566 11.5848 1.56247 -1.24991 10.7633 1.7116
-0.00388935 1.85706e-36 1.438 1.3739 5.93817 12.2215 1.61344 3.32081 32.1646 -0.34735
10.6853 12.7556 -0.846737 9.71885 2.57026 -0.765222 9.59175 2.35068 0.013007 -9.12387e-38
1.2092 -0.640342 10.8258 2.12099 -0.0204261 0.437011 3.66942 -2.146 6.52238 7.03003
-1.25911 4.02426 2.4551 0.0266409 0.394594 -4.40185 0.047789 3.2866 -1.62499 1.06942
4.49387 -4.30376 2.04633 -1.86826 -37.0409 2.04361 -1.88969 -37.0962 2.04146 -1.86847
-37.0461 0.192848 9.43088 -8.21253 1.90778 7.44215 -7.6787 1.68051 11.5351 -9.18808
2.99607 8.86393 -10.9993 0.74297 8.59913 -13.7476 -1.27368 3.40899 -34.9712 -1.28285
3.37267 -35.1091 -1.28281 3.39181 -34.9625 0.318145 13.8998 -3.59272 0.112006 9.25334
-13.7334 -1.31371 6.61653 -12.4251 -1.23355 7.86982 -10.9922 1.49066 0.411043 -39.9324
1.48486 0.356709 -40.1214 1.47653 0.40847 -39.9515 1.22978 11.2159 -9.65235 2.25794
8.80924 -11.8016 0.142339 8.53436 -14.3755 0.199702 13.8001 -3.75209 -3.58063 1.01369
36.0364 -3.58987 0.969941 36.1364 -3.59593 1.00292 36.022 -2.42409 10.395 7.51184
-0.600181 9.55829 6.82584 -1.06309 11.0878 13.1682 -4.52247 8.13374 11.6125 -0.738279
0.956743 2.10892 -3.97965 6.51085 4.51146 -2.31264 3.85397 0.244199 -0.233652 16.7547
5.84395 1.47367 6.24311 11.5948 2.0181 4.85223 27.6525 -0.36234 11.1142 12.0478
-0.370199 11.2545 11.7663 -0.561334 14.6794 4.90979 -0.303027 14.5427 5.90306 -0.531045
10.0414 13.6021 -0.0105775 8.53236 -15.529 -0.081044 9.35895 -11.4932 0.423086 18.2884
-1.01524 0.454829 18.2953 -1.20259 -0.263533 7.47054 -20.9697 -0.0479312 8.86744 -18.4262
0.0514712 7.80602 -19.0809 0.319501 17.8375 -1.04563 0.43469 14.4481 -5.49393 0.571973
6.29243 -7.81525 0.645365 5.28872 -8.24783 0.773411 6.40423 -4.28709 0.414901 10.6514
-3.74514 0.227945 17.973 -0.851755 0.214955 18.3439 -0.703999 1.13202 7.14452 -3.96744
0.842313 8.14201 -11.4183 0.210703 18.7412 -0.709504 -0.299882 6.70122 -21.5724 -0.175913
8.1678 -20.2435 0.0789415 19.0277 -0.629319 -0.248488 7.08543 -22.8608 -0.061498 8.46038
-19.9261 -0.303167 9.01391 -12.7655 -0.320044 9.12851 -12.2053 -0.620112 7.57257 -8.65594
-0.0670092 7.42347 -20.5824 0.309599 11.0318 -3.88451 0.794999 6.95125 -4.10538 0.76886
8.18742 -11.5195 0.0894106 19.0283 -1.43734 0.446895 7.47505 -15.9049 0.249301 19.5067
-1.4351 -0.0373687 6.41007 -22.4841 0.179552 7.99232 -21.4909 0.235527 6.86424 -24.1226
0.382966 8.54677 -21.0241 0.218969 20.0548 -1.34383 -0.592506 1.7323 2.3891 -4.02016
12.209 7.78274 -5.9114 9.88433 4.07086 -4.18061 7.0213 2.39219 -0.0271298 -0.0563274
-2.7963 -2.78607 4.29148 1.32126 0.328412 3.32817 -2.66138 0.811317 5.00668 -7.1005
1.99594 4.64015 -7.22192 1.81623 7.06864 -6.57022 1.92043 8.48026 -4.57571 1.10117
11.3008 -5.13838 0.60641 13.3181 -6.27507 -2.30752 14.0853 4.54686 -0.23203 13.3504
6.03563 0.284578 17.4094 2.95848 0.167559 17.6811 3.43747 -1.49591 14.7303 2.87876
-2.67054 11.2584 4.43609 -3.49553 9.55086 11.3516 -4.92794 12.8812 5.04335 -0.641613
4.59837 6.31468 -4.15523 13.1456 3.95218 -3.69449 9.84981 6.50981 -0.217663 12.1104
8.41485 0.183207 10.6057 10.2007 -1.06299 10.3441 11.4294 -2.46609 11.2932 2.70468
-1.46279 14.8602 1.76823 -1.33533 14.7663 2.89382 -2.18167 10.9449 4.71538 -2.71676
9.07369 11.6259 -3.0177 11.0654 5.38787 -1.09856 12.569 4.84009 0.24221 13.3888
-5.99954 0.63859 4.6165 -6.31349 3.68427 9.86 -6.55831 4.14652 13.1739 -3.95595
2.31195 14.1151 -4.50459 -0.152219 17.6896 -3.42072 -0.264687 17.4165 -2.94561 4.92456
12.9031 -5.00449 3.49601 9.60295 -11.3399 2.7077 11.3692 -4.39158 1.53284 14.7932
-2.8579 1.48531 14.8829 -1.74292 2.48585 11.3184 -2.68303 1.06199 10.3556 -11.4553
-0.18668 10.6105 -10.2212 0.213843 12.1091 -8.42531 1.10745 12.5718 -4.84898 3.02464
11.0684 -5.39559 2.71702 9.06328 -11.6451 2.18389 10.9377 -4.72508 1.32895 14.7609
-2.89856 -0.788785 5.0201 7.12111 -0.606688 13.3446 6.23431 -1.07569 11.2407 5.10529
-1.84107 8.33501 4.56431 -1.71356 6.92029 6.58061 0.0674625 -0.069548 2.8533 -1.86357
4.52312 7.29707 -0.280253 3.25273 2.80077 2.765 4.18556 -1.14107 4.1895 6.91162
-2.28327 5.89929 9.76245 -4.05465 3.99232 12.1321 -7.81834 -0.408599 18.3745 1.03744
-0.00170311 8.47217 15.6128 0.0304641 8.81107 18.5274 0.240272 7.39562 21.0785 -0.442844
18.3803 1.22451 -0.0617002 7.73374 19.185 -0.407324 10.6175 3.78438 -0.441672 14.476
5.5093 -0.229051 18.0623 0.876875 -0.814629 8.08995 11.49 -1.09288 7.05891 4.02254
-0.217483 18.4303 0.720792 -0.569887 6.30675 7.79595 -0.73729 6.27716 4.30453 -0.609263
5.17372 8.21967 0.164553 8.11063 20.3515 0.293287 6.63875 21.6731 -0.212393 18.8262
0.721117 0.0493245 8.40726 20.0537 0.235562 7.01324 22.9874 -0.0840439 19.1123 0.634526
0.604794 7.51685 8.68482 0.0596525 7.35475 20.7306 -0.448248 7.45278 15.9935 -0.108709
19.0884 1.41096 -0.190131 7.97602 21.6419 0.025498 6.38171 22.6232 -0.260647 19.572
1.40902 -0.227831 20.1245 1.31413 -0.391961 8.54081 21.1988 -0.244141 6.83895 24.3172
0.214106 0.0120452 4.35764 -0.707871 3.63772 9.98028 -0.55713 2.78854 5.86379 0.72333
0.934637 -2.07044 0.597696 2.48967 2.92889 2.20177 3.73983 -0.135236 3.53229 0.942553
-36.3004 3.52637 0.909802 -36.416 3.51722 0.953124 -36.3152 0.57385 9.52806 -6.83271
3.86628 6.34099 -4.4439 2.35248 10.3012 -7.51247 4.42898 8.03138 -11.6452 1.02064
10.94 -13.2451 0.355453 11.1022 -11.9885 0.352117 11.0344 -12.1226 -2.04199 4.78619
-27.8247 -1.52696 6.27397 -11.6952 0.159968 17.0253 -6.02288 0.530318 14.6678 -4.95008
1.79144 9.65352 -7.31047 3.00187 7.05094 -10.7869 2.30375 1.90048 -37.6689 1.35047
6.26528 -24.7483 0.530698 10.0128 -13.6577 0.282278 14.5349 -5.98742 -2.01053 -1.89314
37.2618 -2.01263 -1.91421 37.3121 -2.01533 -1.89276 37.2564 -1.67812 11.5389 9.22577
-0.210938 9.45832 8.26016 -0.740416 8.51573 13.8279 -2.95601 8.85421 11.038 -1.9091
7.4125 7.69904 -1.09533 4.44555 4.28984 -0.0438196 0.399189 4.42565 1.14991 3.51164
35.3503 1.15007 3.49121 35.4993 1.14152 3.52602 35.3597 1.08246 8.08657 10.939
1.15958 6.93494 12.4234 -0.15122 9.15622 13.8317 -0.349446 13.8794 3.60829 -0.200962
13.6337 3.6478 -0.103924 8.25499 14.3745 -2.03257 8.86913 11.5119 -1.09672 11.2253
9.48556 -0.45828 0 -1.28153 2.12457 11.4787 -1.74026 -0.422085 0 -1.01592
2.26882 10.7462 -1.54203 1.89742 -0.236745 -37.3181 1.89044 -0.275806 -37.4384 1.88807
-0.22635 -37.3259 0.137556 17.7781 -5.36071 -0.0168142 17.5553 -4.68959 0.233162 9.62763
-8.05002 1.74363 10.903 -9.03724 3.13702 8.26278 -11.8096 1.14247 10.4948 -13.4017
0.893317 14.0868 -3.80666 -0.651989 0 -1.47925 -0.650351 0 -1.0444 -0.262981
0 -1.91103 0.46303 14.467 -3.3706 0.226252 10.4512 -12.8024 -1.69649 2.02002
-34.1019 -0.321044 8.54439 -12.0216 0.215544 0 -1.31215 0.150125 0 -1.43343
1.10419 10.9683 -1.58897 1.11021 10.64 -1.54487 1.0941 11.4913 -1.65653 0.101362
0 -1.52317 -0.0574287 0 -0.591797 0.0277544 0 -0.624329 0.294638 6.80626
-1.07269 0.275201 8.28601 -1.0525 -0.129042 0.375339 -4.87199 -0.645954 2.54853 -2.83611
0.586191 2.83884 -5.851 0.747263 3.72672 -10.03 -8.32029e-05 -0.651089 -0.00773689 -3.6893
5.33319 6.63641 0.002887 3.44662 0.0192117 3.68806 5.31417 -6.64865 0.0466811 0
-1.78892 1.34079 10.9486 -2.24297 1.14254 11.6739 -2.00997 1.23591 10.674 -1.82973
0.638889 1.498e-38 0.922766 0.267644 17.4263 5.12846 0.294801 16.8735 5.51522 2.44443
4.17393 26.3744 2.92789 2.34514 33.0415 -1.17468 10.3772 11.5138 0.527873 10.2463
9.95131 1.38144 8.20211 11.7051 -0.747806 8.98763 6.59047 -0.19917 6.96278 10.7445
-0.410198 2.81928 3.50344 0.1881 4.88263 7.76912 -0.581873 1.77586 -4.73725 -0.199166
2.57521 -0.0792978 0.129039 0.755866 4.3971 -0.175734 4.08506 9.89937 -0.628091 2.91113
4.96513 -0.402891 2.69241 3.75198 0.354888 0.111235 4.22759 0.126393 1.22952 4.17934
0.357606 -0.00964555 -4.71579 -0.538723 0.617209 -5.57592 -0.393329 1.282 -0.813171 0.155023
2.13593 0.743976 1.22999 2.91218 -3.30944 -2.13189 3.95877 -32.9711 -2.15317 3.92287
-33.113 -2.14984 3.93519 -32.9772 -1.47756 7.13008 -10.2737 -1.92732 1.00533 -9.2475
0.912067 9.34302 -12.4265 -1.68304 6.10887 -11.7699 0.231622 9.90194 -8.41778 -1.59202
0.717893 -10.1081 1.72185 5.77389 -7.81757 1.50052 0.251704 -39.528 -2.00882 12.0416
3.1159 -2.06592 11.8661 3.16413 -1.93561 12.2916 3.01929 -1.44248 12.9674 4.29365
-2.23546 11.4334 3.35691 -0.0141084 18.8524 0.492416 2.03727 9.19471 -2.57121 1.76148
10.3885 -2.3325 1.91283 9.67868 -2.59263 -2.30646 11.1286 3.36808 -0.0144479 19.4956
1.28094 0.937675 9.38378 -1.92214 0.818666 10.3561 -1.78365 0.855114 9.31505 -1.76357
0.757597 10.4309 -1.66704 -0.131938 19.7002 1.19057 -1.10462 12.6089 4.40542 -1.4139
11.8897 4.7543 -0.999659 12.4093 3.94575 -1.13366 11.7331 4.16721 -0.187567 19.8627
0.950076 0.77424 9.52418 -1.88801 -0.968662 11.4453 4.04459 0.103743 20.6047 1.11325
0.209125 9.19337 -2.16977 0.175166 10.3996 -2.07839 -0.0123089 21.0843 1.07204 -0.503018
11.979 4.3434 -0.686503 10.9975 4.612 0.181068 9.17309 -2.12903 0.165827 10.4531
-2.11304 -0.0561798 21.5061 0.883937 -0.397132 11.7924 4.10141 -0.48425 10.7685 4.26102
-1.34795 8.43768 15.7455 3.22204 8.24306 46.4849 -1.32633 8.4621 15.892 -0.993005
6.35108 6.94987 -0.57876 7.47569 8.52439 -0.340759 8.43692 8.78342 0.411677 11.4725
9.60334 -1.87445 3.95836 3.60414 -3.56036 1.03053 36.2182 2.2004 9.90447 47.9228
-0.408132 9.25181 14.6229 -0.41178 9.28223 14.7093 -0.528194 9.71804 12.3609 2.26951
10.0727 48.986 1.12655 2.02081 9.9556 -3.05101 4.78954 3.06676 -2.04407 2.46273
-1.36824 -0.31619 0.185354 -4.56875 -0.450158 3.21792 -10.57 -0.461055 3.1852 -10.5993
-0.478462 3.04185 -10.3942 -1.11956 1.68644 -4.0699 -1.70621 2.7985 -0.808553 -0.694298
1.26555 -7.84986 -1.23904 1.28652 -4.19633 -0.499257 1.66719 -6.54191 -0.481196 1.61603
-7.0765 0.198621 4.42216 -8.59621 -0.0801314 2.22064 -10.4248 -0.1101 -5.37709 20.468
0.298975 -4.64825 19.0298 -0.0947286 0.504196 -0.65908 -0.674554 0.0265353 1.12758 -1.82312
0.311142 1.90253 -1.22533 -6.23538 18.2094 -0.0900602 7.95789 -8.82771 -0.225075 5.52849
-10.413 -0.298632 7.89598 -8.2325 -0.132307 9.31764 -7.57503 0.131981 12.3065 -5.77751
0.0925556 11.2385 -6.68768 0.351392 -1.2393 -32.4177 0.350927 -1.24597 -32.433 0.348515
-1.24142 -32.449 -0.995881 2.30373 -33.0943 -1.07784 1.60292 -28.0238 -1.45215 13.1488
3.28778 -2.13922 11.6929 2.12178 -2.47737 10.6174 2.5759 -2.42571 10.7902 2.43208
-2.38906 14.4989 6.79978 -2.47915 12.0291 10.9708 27.0194 10.5959 43.9577 -4.07719
11.9383 13.0817 -4.0421 12.1485 9.00762 -1.98894 12.761 2.16817 -1.85875 12.6537
1.69802 -2.13727 11.6907 1.88413 -1.05917 13.7606 6.22574 0.939816 7.82459 12.1447
1.79929 5.2885 28.8994 -0.167236 9.74111 16.0963 -1.9374 11.6463 1.81565 -0.937381
11.4857 11.0814 -0.437732 6.97571 2.14079 -0.426852 6.68144 2.16943 0.098651 6.67255
13.1849 -1.73183 0.0966525 39.113 -2.62792 8.22577 11.4685 -0.501678 8.74208 1.97049
-0.542546 7.37656 2.05509 -0.59143 9.40632 1.8369 -0.928998 3.4062 6.10671 -0.900482
3.45737 6.25674 1.03348 4.5522 11.3559 1.28916 9.59359 10.4752 -0.933853 3.43849
6.16883 -0.8759 2.38496 -2.48408 -1.30075 2.92203 0.476231 -2.95684 5.91648 3.91037
-2.25606 3.23578 -0.323676 0.373228 1.06203 3.65982 -1.44727 1.42049 -3.33361 -0.572095
1.68999 -5.75365 -3.2077 -3.63037 21.0388 -1.67529 -5.63817 15.4725 -2.16735 1.02629
2.40515 -3.42009 3.39518 7.90371 -0.485868 4.72958 -9.54461 -0.467759 2.83058 -5.77943
0.500906 11.4929 -8.08037 -0.117148 6.77065 -11.2054 -0.117748 2.37363 -8.81072 0.433467
4.72007 -6.9638 -0.107332 5.97173 -11.5614 0.892871 6.17136 -4.31495 -0.0460394 -3.66761
14.7434 1.06455 -2.94548 -2.02996 0.664419 2.4934 -5.40947 -0.168451 1.27159 -2.75459
-0.198367 0.730239 -0.561731 0.141313 -3.99108 16.725 1.14069 9.33664 -18.711 0.62808
18.0668 -1.96399 0.587469 8.35978 -20.369 0.41242 18.0364 -1.53773 -1.95013 10.8276
1.46752 -2.24032 9.81714 1.63627 -2.0912 10.0427 1.41292 -1.16743 13.7012 1.54984
0.455766 18.6305 -1.708 0.293425 18.163 -1.92469 1.91361 9.40025 -12.4126 0.142653
7.81207 -21.1972 0.290549 9.02917 -19.9698 0.218493 8.19437 -22.1191 0.473068 9.34997
-19.737 0.315517 18.8856 -1.41599 -2.30437 12.4505 2.1368 -2.55897 11.8422 2.38246
-2.1907 12.4168 1.79845 -2.4196 11.6425 2.05635 -0.126012 8.65671 -9.93999 0.112664
18.9473 -1.05373 -2.31824 11.6014 1.65161 0.29326 7.23569 -22.1963 0.433231 8.23781
-21.5395 0.109982 18.9052 -1.73685 0.468243 8.51352 -21.3687 0.263961 19.4787 -1.69208
-1.97592 12.0433 2.22853 -2.20827 11.3711 2.42309 0.512335 7.49245 -23.7685 0.58356
8.82381 -21.2008 0.131702 19.9428 -1.45882 -1.89708 11.8838 1.97778 -2.05497 11.0154
2.22557 -0.353464 11.7871 8.43177 -0.0333312 10.3022 10.449 -1.42443 9.85948 11.413
-2.48695 10.5148 2.87403 0.00637898 17.6789 2.38295 0.738967 6.16029 9.21693 0.306407
8.31094 12.2157 -0.358118 13.8047 6.0128 -0.430986 4.60278 6.73693 0.764552 5.59273
9.39235 0.422384 8.33208 12.3056 -2.05132 10.1428 4.2376 -1.67421 7.82495 6.59635
-0.00253818 3.21335 0.010855 0.114215 3.82799 3.74138 -0.767532 6.19256 -9.25867 -0.117518
3.84663 -3.75656 0.011467 -0.991061 0.0401899 -0.00187542 2.27172 0.0896321 0.468846 2.81531
3.88264 -2.18932 4.13477 7.02286 -0.0149658 2.59278 0.148223 0.438934 4.55111 -6.71568
-0.759166 5.60361 -9.46886 -0.471867 2.8536 -3.82257 2.24776 4.11725 -6.86507 1.74855
7.82161 -6.62012 0.368386 11.8384 -8.3741 -0.335643 8.36917 -12.2035 0.0214789 17.6847
-2.3687 1.2205 13.8309 -1.53342 2.58311 10.7665 -2.8007 1.47183 10.0443 -11.3626
0.0476304 10.3792 -10.3875 0.769843 -2.55387 -35.6565 0.720303 -2.46924 -35.7441 0.78263
-2.50519 -35.5568 -1.43639 3.8094 -26.9084 -1.47547 3.83448 -27.3453 -1.45865 3.75286
-27.043 0.351325 13.7952 -6.03236 -0.420321 8.32814 -12.3664 2.07479 10.1331 -4.2737
1.07856 -0.588226 -34.2063 1.09455 -0.503985 -34.0059 1.10535 -0.515673 -33.9562 1.12351
-0.79863 -33.2786 -0.926576 9.77345 18.2422 -0.6304 8.46487 20.2037 -0.738549 14.8806
8.19366 -0.610835 11.882 10.4944 -0.652114 10.6538 12.2932 -1.13427 9.27866 18.7521
-0.619717 18.0753 1.91337 2.30285 10.0899 -1.64715 2.00922 11.056 -1.47352 2.16066
10.2858 -1.3966 -0.402835 18.0394 1.48922 -0.597436 8.3212 20.4206 -0.440973 18.6335
1.6829 -0.282057 18.1634 1.88645 2.61107 11.9401 -2.35404 2.34701 12.5196 -2.10809
2.46276 11.7056 -2.02151 2.22993 12.4642 -1.76541 -0.303835 18.8911 1.39212 -0.285169
8.98877 20.0132 -0.136381 7.76903 21.2383 -1.87144 9.34214 12.4167 -0.458386 9.28986
19.7887 -0.211059 8.14302 22.1781 -0.205308 9.94386 12.7518 -0.521674 8.57408 20.1723
-0.503503 8.77903 20.0524 -0.188044 11.5009 10.722 0.140214 8.56278 9.91354 -0.105296
18.9543 1.02592 2.36064 11.6471 -1.61382 -1.11082 8.82084 12.3941 -1.16789 7.639
5.45082 -0.721744 12.7897 8.1834 -0.426529 8.16997 21.5783 -0.285105 7.16361 22.2259
-0.117844 18.8991 1.71419 2.21033 11.3619 -2.42825 1.97467 12.029 -2.23647 -0.264762
19.4747 1.67113 -0.461864 8.44616 21.4104 2.053 10.9959 -2.2362 1.89211 11.8636
-1.98995 -0.13476 19.9398 1.43514 -0.573341 8.75102 21.2634 -0.504651 7.41551 23.8353
1.55979 5.99277 40.0736 1.89376 5.7246 40.2736 0.505395 4.5814 9.53528 0.116684
6.68624 11.1665 -0.512725 11.4744 8.03822 0.936334 2.278 2.55708 0.519862 2.63122
5.83972 -0.952643 -1.6438 33.0095 -0.970389 -1.67476 32.9471 -0.975044 -1.63425 32.8698
0.607207 5.23951 43.9896 0.882309 5.13858 45.1489 0.782822 2.2227 27.7117 -0.856434
6.05308 4.27691 -0.430693 4.63292 6.93405 0.20041 1.54395 4.83219 0.107088 2.32545
8.79517 0.571778 1.66773 5.83421 0.96751 3.43072 -6.2696 -0.946113 4.68028 -11.3349
0.940352 3.48469 -6.42197 0.972904 3.46407 -6.33727 1.33941 2.897 -0.601653 1.43433
1.3718 3.49988 2.22688 3.13863 0.480671 -1.22806 3.28336 -11.2539 2.93705 5.79442
-3.84447 0.284087 -4.71679 -17.7996 1.62364 -5.54305 -16.0492 2.12396 0.961129 -2.4061
0.813307 0.227149 -1.10238 0.222 0.713727 0.462371 -0.114788 -3.9046 -17.1827 1.42659
13.1121 -3.28782 2.43542 10.5492 -2.62935 2.10278 11.6416 -2.1787 2.37465 10.7015
-2.48405 4.02454 12.0743 -9.04889 4.0937 11.8731 -13.1419 -26.7678 10.4972 -44.0672
2.46299 11.9016 -11.0475 1.56709 15.1323 -4.45277 0.00461592 17.8536 -3.87285 0.936607
16.2961 -2.60541 1.92839 12.8845 -2.18087 2.4164 12.062 -2.67655 1.97423 12.7575
-2.24335 1.98476 12.6798 -2.22406 2.13101 11.5897 -1.94995 1.85329 12.5872 -1.76516
1.1338 15.2002 -3.18802 1.05756 13.7188 -6.29169 0.173211 9.65863 -16.1563 -1.77946
5.2172 -28.9266 -0.932916 7.79373 -12.1859 1.2235 14.79 -3.04157 0.937929 11.3989
-11.1543 1.92842 11.5679 -1.88949 0.432508 6.6749 -2.2085 0.443011 6.96935 -2.17973
0.504686 8.7368 -2.00863 0.589998 9.3947 -1.87257 0.54557 7.35973 -2.09173 0.445205
3.14848 10.5958 0.456026 3.11487 10.6257 0.205123 5.46232 10.4108 0.0715874 7.91493
8.83462 -0.109034 11.2269 6.70693 0.325677 0.208734 4.59426 0.476734 2.97249 10.4222
1.14568 1.66131 4.06437 0.733492 1.2082 7.89934 1.80018 3.93096 -3.67068 1.67229
2.75293 0.77958 -0.210931 4.34579 8.54537 0.0675559 2.1616 10.4055 0.487422 1.63524
6.63838 0.404017 1.28699 -1.97249 1.20312 1.2102 4.38524 1.9789 2.31515 1.59176
0.0401168 0.927128 4.0182 -0.282307 1.73964 7.14837 -0.512044 -3.01505 3.41794 -0.0805264
-3.86642 -15.3345 -0.24129 -4.5003 -19.6106 0.131605 0.478389 0.546878 0.255466 8.21166
-8.85489 0.457498 7.33564 -8.63592 0.858463 6.31879 -7.1517 1.05493 12.0905 -7.9561
1.05287 10.5069 -11.2777 -2.251 3.14458 -28.9925 -1.57136 9.53133 -12.2328 -1.33144
9.92819 -11.6682 -0.468542 11.3488 -9.64087 2.98636 4.58632 -2.8689 3.19097 -4.85269
-22.1446 3.41569 2.01848 -6.67566 1.74779 0.229287 -1.92135 1.15383 -6.06643 -19.0143
2.1689 11.3592 -3.38445 1.48515 12.7535 -4.21419 -0.0152807 18.9026 -0.457594 -1.75772
10.3523 2.35161 -1.89008 9.67479 2.60959 -0.0180225 19.5527 -1.27561 1.38084 11.7539
-4.74875 1.07702 12.4962 -4.40807 1.10886 11.6186 -4.17917 0.97382 12.3366 -3.96452
0.0933669 19.7628 -1.19307 -0.819713 10.2994 1.79732 -0.933857 9.31361 1.9307 -0.757079
10.3759 1.69211 -0.852688 9.24789 1.78539 0.141668 19.9273 -0.957219 0.946008 11.3879
-4.07393 -0.767687 9.44149 1.92231 -0.164791 20.6402 -1.20552 0.699328 11.0042 -4.70815
0.507029 12.0051 -4.43873 -0.0165703 21.1612 -1.16362 -0.155139 10.1227 1.98331 -0.182693
8.9014 2.06158 0.491604 10.823 -4.35387 0.399887 11.855 -4.20669 0.0352209 21.5922
-0.955648 -0.139061 10.0309 2.05821 -0.152375 8.85193 2.04701 1.47078 7.1832 10.3301
1.68086 6.19441 11.8472 -0.896037 9.32201 12.5356 0.584544 1.77751 4.78059 1.93037
1.03765 9.30057 -2.00259 -1.89171 37.3967 1.16221 3.51585 35.7979 -0.301758 9.93101
8.29822 -0.33229 0.115152 5.22991 0.508246 0.735405 5.71104 1.32292 1.0637 10.1201
-1.45171 5.74925 7.75092 -1.15178 2.8835 3.84475 0.440478 2.82825 -3.51227 0.207395
2.58 0.10378 0.0188823 0.43922 -3.69437 -0.505437 10.2487 -10.0332 -0.138899 4.89668
-7.81108 -0.0523271 3.26034 1.55189 1.2586 4.03972 -2.52316 2.12095 6.54658 -7.08783
0.061768 1.02121 -2.51021 0.439305 3.22759 -2.22365 0.784239 3.64313 -3.2776 0.950428
4.45264 -6.90462 1.05415 2.48847 -3.03092 -0.096501 1.38834 -3.22152 1.629 6.59294
-7.79153 -0.148047 0.26027 -2.28798 1.08425 1.91484 -1.90447 0.865796 1.16546 1.47663
-0.354332 2.26063 0.185558 0.613346 1.21115 -1.43312 0.570086 -7.66414 -0.636538 1.59014
-7.48141 1.31923 1.49479 1.97022 -2.70585 1.26406 7.77769 -16.5918 -5.1609 7.52025
-58.7653 -0.255182 17.5157 -5.22961 -0.471417 0 -0.909069 -0.597478 0 -1.00466
-1.34193 8.17597 -11.7763 1.85903 -0.198686 -37.6264 0.561569 7.71397 -15.6326 0.537744
7.88519 -17.1879 0.0303582 7.95917 -24.4653 -2.72163 8.28726 -63.4312 -2.35554 7.96336
-59.0226 0.0248604 0 -0.61562 0.289048 7.88284 -1.08315 0.314789 7.16487 -1.14196
0.291636 8.73292 -1.10128 0.0147106 0 -0.585864 -1.33651 8.06308 16.3607 -1.20743
8.28304 16.9607 6.06433 8.08931 58.963 5.46342 7.77065 58.4981 -1.56299 7.90608
14.5051 4.16128 7.40263 54.5172 -1.84327 -0.0692924 37.5562 -0.0370222 8.16449 24.2902
2.77318 8.49716 62.9765 2.78731 8.51365 63.1618 -0.664781 8.44024 17.0785 -0.951648
8.25616 15.7281 1.72272 8.47206 57.7228 2.5082 8.8416 61.8853 -0.544747 8.30426
17.6412 -0.557062 8.10767 17.1282 2.87112 8.73379 64.1249 -0.579903 7.96709 15.4892
2.41296 8.18675 58.4315 -0.559103 8.09272 17.0082 -1.39235 5.98185 11.4835 -1.47088
6.1833 6.8915 -1.6068 4.83116 12.6156 -1.07734 1.14072 38.6269 -0.369532 5.78502
17.3333 -0.22955 5.7506 19.0362 2.1299 5.74855 65.7753 1.85637 5.76471 60.6597
-0.239097 5.70373 19.397 2.00739 5.69094 67.2606 -0.321064 5.76999 19.3186 -0.246181
5.71797 19.7775 1.92802 5.71231 68.2672 1.52103 5.76658 67.2985 -1.8919 -0.235889
37.1127 -3.20736 3.5406 8.04727 -1.6588 1.40061 2.36497 -3.50206 -9.28162 10.4899
-1.55876 -11.056 3.20656 0.427411 0.76232 -0.0640803 0.66865 -11.3147 6.01896 1.57539
-10.6786 6.40787 1.55418 1.96851 -1.69891 1.10071 0.682158 7.68149 0.026853 0.393489
1.66408 0.0103593 -3.81375 -5.67412 0.665557 -2.47526 -0.0479313 0.0861316 0.89714 3.1764
-0.0279255 0.447141 1.41143 -0.0736915 -3.76945 -3.99336 -0.395828 0.792532 -0.334355 -0.294569
-3.66377 0.78476 -0.532503 0.332017 -2.30193 -0.310605 -2.63988 7.08795 -2.17291 3.95226
-33.369 0.869941 6.42118 -17.9928 -5.11335 6.74984 -60.5377 -4.70671 6.72002 -59.3732
0.987735 6.47649 -17.248 1.15133 6.57222 -15.5352 -3.88612 6.60914 -55.0301 2.04686
-1.91839 -36.9791 2.59536 4.14116 -6.77761 2.7293 -9.46264 -3.96273 2.03329 -1.86678
-37.1801 -1.23884 5.39201 -61.5706 -2.11841 6.23719 -65.7648 0.21457 6.06602 -18.1901
0.47086 5.68356 -16.7047 0.108879 6.08397 -18.7664 -2.53636 6.30415 -67.6107 0.11722
6.02966 -18.2436 -2.54114 6.22373 -66.1394 -1.27029 3.31816 -34.677 -1.29489 3.40052
-35.4069 -1.18427 0.987513 -8.08601 -0.281497 -0.870939 0.221148 -2.377 6.05716 -61.5134
0.143872 5.97799 -16.7232 1.4549 0.415806 -40.4637 2.35202 -5.56352 -5.71585 2.26669
3.40108 -7.37451 1.31613 1.18897 -1.62531 1.17947 -6.96321 2.0935 -0.00519812 5.05509
-17.823 -0.845645 5.0818 -66.1811 -0.10002 5.22745 -19.894 -1.15246 5.35015 -72.2837
-1.5298 8.4761 14.1124 2.9082 8.04726 47.3601 3.92063 8.20682 51.277 3.9535
8.21291 51.4035 4.43895 8.49183 51.7283 -1.26992 8.53796 16.2543 -3.61274 0.8809
35.9993 -5.47804 3.54858 8.81679 -5.8889 -8.80587 20.8939 -3.13849 -12.2605 16.2841
-3.18192 0.796927 3.90494 1.73967 1.22749 10.2363 1.67067 -0.926861 2.20244 0.977327
0.272967 4.90596 0.969575 -2.74035 -6.74927 -0.45396 9.71866 15.7832 2.42424 10.4944
51.3454 -0.655323 7.74364 15.9324 0.546935 7.93094 52.9768 -0.542462 9.83106 13.814
-0.679591 10.2276 7.27929 -0.587504 7.74327 16.3515 0.712963 7.97412 54.8129 -3.28377
-4.83928 21.4818 -3.50474 2.19527 6.7075 -0.420824 7.78551 17.3529 0.896433 8.06724
56.776 -0.376491 7.42001 17.506 0.539314 7.8907 56.6291 0.754299 8.05445 57.9845
-0.375109 7.67141 17.8681 0.280932 0.524227 1.49439 -0.220093 0.49829 0.0623411 -0.106287
-3.46232 3.79594 0.343966 -3.29484 -0.708876 -0.487048 0.568657 -3.76793 -0.54145 -3.04969
6.14341 -0.908672 0.963275 -10.8442 -1.08435 -1.59111 -2.85001 0.119281 -3.98278 15.0076
-0.0174249 0.986488 -4.13317 0.301595 1.8256 -7.21775 0.543052 -3.09864 -3.51197 -1.46184
3.34424 -30.2159 -1.38874 2.76025 -26.241 -2.52168 4.63258 -43.5792 -2.23862 4.85208
-43.118 -1.66376 4.9633 -41.1871 -2.02059 3.26169 -47.3789 -1.7575 3.78897 -48.8845
-1.39817 3.98012 -49.9124 -1.05068 3.98976 -48.617 -0.790612 4.06383 -45.7717 0.0384648
-0.334958 -32.3024 -0.920007 1.88223 -44.7995 -1.30393 2.77055 -49.7985 -0.797863 3.10475
-52.0517 -0.159786 3.35287 -52.7099 0.174655 3.51997 -51.4512 30.146 -1.47099 41.896
29.3515 -1.28273 41.2156 -4.58332 10.6054 12.4924 -5.75313 -1.20403 8.87292 -5.44838
-16.4551 20.9283 -3.60054 0.574995 3.70717 -3.32356 1.85863 2.8835 -4.46348 1.40624
4.51854 -3.46179 -14.7095 9.1058 0.381335 -13.9005 10.0985 0.340377 -9.4144 6.98834
-2.70654 0.43546 2.96063 -5.80573 7.07083 10.9194 -5.80894 2.70415 5.79417 0.268715
-0.0462225 0.492421 1.58534 2.79364 11.7272 1.5259 0.767386 5.59952 1.07205 -1.68851
-8.74948 1.15991 0.854488 2.07279 0.912942 0.529109 1.61227 0.751776 -2.72191 -3.76492
0.197802 0.465982 0.602293 0.190158 -3.50531 0.544314 -0.282311 -4.84085 17.233 -0.815845
0.238206 1.05292 -1.89702 5.78436 -40.1198 -1.55331 6.05507 -39.9119 -0.668916 6.61365
-38.3963 -0.739087 3.8406 -25.1878 -2.29805 5.48302 -40.3578 0.513832 -13.5267 9.9323
1.92301 1.69955 -3.43136 2.34751 4.03305 -6.02178 1.60106 -10.6544 8.64329 2.48908
-8.11151 -4.97671 0.98705 -1.63445 -32.8823 0.982262 -1.67521 -32.9596 0.96423 -1.64388
-33.0211 -2.61035 4.40891 -44.3105 -2.20643 4.97857 -45.3657 -1.72797 5.11643 -46.8338
-1.1598 5.18063 -46.0623 -0.256145 0.504079 -2.12581 -0.671893 1.55877 -8.94306 -0.961164
-1.8934 -2.03801 -0.489365 -3.52712 4.41654 -0.883828 5.24519 -44.9238 -0.600112 5.35672
-43.7457 -0.764997 2.29148 -27.5369 -0.94822 3.43571 -47.5236 -0.488237 3.63521 -49.2752
0.763109 0.286075 -31.8572 -0.426122 3.67427 -49.5186 0.128156 3.8367 -50.6503 0.375263
3.83895 -50.0427 1.73607 3.49599 26.2084 1.76366 3.44219 26.3348 1.77584 3.49927
26.5434 -3.2892 7.87141 3.31852 -1.92453 7.59694 15.9279 -1.61983 7.08631 16.8895
-3.33328 7.62157 3.64755 -3.2737 8.03752 2.98093 -2.39356 8.32823 14.575 4.20238
6.72685 45.341 5.31055 6.09092 46.7112 2.75165 7.88112 42.2361 -0.767723 -2.58908
35.5342 -0.801939 -2.66962 35.2598 -0.791197 -2.53823 35.4139 -0.780512 -2.54047 35.435
-6.04042 10.0889 6.0894 -4.09427 -10.772 7.28109 -4.57434 5.84248 7.0722 -0.718246
-2.50428 35.6211 -3.35334 9.0621 3.78244 -1.50596 7.96434 16.2512 -1.75947 7.58173
16.0005 -3.45377 9.1192 3.91414 -3.27854 9.09946 3.46689 -1.46166 8.13439 16.4497
-3.21226 9.11245 3.11227 -1.65363 8.39619 15.8884 4.70535 6.92593 45.3237 4.47162
6.17573 44.4365 4.50825 7.16751 47.3514 3.57492 7.61293 47.0901 1.48587 3.7679
27.0512 1.50256 3.84909 27.3521 1.46339 3.8242 26.9164 1.47989 3.79202 26.9329
1.47242 3.64234 26.5627 -1.97897 8.8936 14.7427 -3.18243 9.0425 2.74902 2.49677
8.57671 44.6379 0.835093 6.74975 13.0534 0.906991 3.6216 7.6256 0.752445 -3.27335
-0.667784 -1.11326 -0.545393 33.8259 -1.10255 -0.533606 33.8758 -1.08664 -0.618202 34.0753
-1.1286 -0.827483 33.1441 -1.00235 -0.479686 34.3268 -2.74295 8.42816 4.35517 -1.39812
7.07749 16.9512 -2.55339 8.1983 4.39341 -1.16169 7.25543 17.6225 -3.91069 7.7901
5.91113 -2.25397 4.88504 6.24273 -2.35031 -7.10338 4.9895 2.8308 5.77139 45.5553
2.64767 6.28132 47.2099 -2.31229 7.95601 4.03078 -1.25617 7.71164 17.6435 -1.15786
7.4129 18.004 -2.41726 8.09878 4.26902 1.17377 7.34893 48.8691 1.99427 6.62718
48.9191 0.307538 1.66229 1.07653 -0.0128272 1.36788 0.0473428 -0.0133948 -6.04982 -0.223827
0.321533 -5.1742 -4.20687 -0.317831 1.7282 -1.06658 -0.325216 -5.13118 3.98102 -0.892945
3.65044 -7.70057 -0.724067 -3.2695 0.696123 -1.61432 -7.94214 -5.39902 -0.0023283 -8.63437
-0.394646 -0.0130599 0.822453 0.0571218 -2.10188 2.09325 4.1702 1.71088 -8.00866 4.88321
2.18615 2.0714 -4.1729 2.35122 4.89496 -6.36019 2.43489 -7.10852 -5.2288 -1.86864
3.63586 -26.6452 -1.85591 3.57803 -26.4363 -1.82713 3.63228 -26.3086 1.96867 7.88836
-15.8899 1.65838 7.40053 -16.8465 -5.48453 6.33564 -46.6501 -4.36064 6.9452 -45.3943
2.4483 8.59499 -14.5369 -2.88612 8.07125 -42.3597 3.42871 7.99641 -3.62253 3.38939
8.22818 -3.27145 3.38184 8.37534 -2.9134 0.793288 -2.50309 -35.5358 0.804015 -2.63448
-35.3809 6.03398 10.1071 -6.0989 4.567 5.84947 -7.12732 4.09125 -10.7426 -7.27933
-4.4761 6.19492 -44.626 -4.70335 6.93777 -45.5099 1.50631 8.00519 -16.2814 1.762
7.64342 -16.018 1.46206 8.16234 -16.484 -4.49604 7.17569 -47.5128 -3.55573 7.62106
-47.2144 1.65426 8.4159 -15.9207 3.38599 9.15215 -3.74869 3.49449 9.23965 -3.87645
3.30722 9.1675 -3.43771 3.23964 9.16512 -3.08632 -1.4528 3.77709 -26.9251 -1.44516
3.62763 -26.5541 -2.47783 8.58651 -44.7157 1.98016 8.9081 -14.7694 -0.824857 6.74799
-13.1085 3.21081 9.08357 -2.72644 0.994922 -0.450596 -34.455 3.92053 7.78985 -5.96687
1.40774 7.06606 -16.9709 -2.80965 5.76093 -45.5592 -2.61866 6.27537 -47.1626 1.1704
7.24338 -17.6319 2.74821 8.41633 -4.36752 2.55428 8.17934 -4.41031 -1.9607 6.6261
-48.8318 -1.1364 7.35458 -48.747 1.26307 7.70256 -17.6367 1.16539 7.40139 -18.0042
2.30746 7.93004 -4.05319 2.41469 8.07531 -4.28885 0.760062 3.80572 25.2947 0.688473
6.53249 38.5614 2.2835 5.42642 40.5024 -0.472687 -13.2856 -10.4485 -0.360006 -13.654
-10.6299 -0.313047 -9.25194 -7.34781 -1.74359 1.66166 3.36733 -2.21112 3.90943 5.95505
-1.41058 -10.4548 -9.04142 -0.229891 -0.0590646 -0.493112 -2.35458 -8.02699 4.77015 2.56594
4.34596 44.4581 2.16635 4.91268 45.5345 1.14971 5.08504 46.2693 1.70026 5.04369
47.0121 0.254023 0.519677 2.16332 0.490891 -3.49649 -4.54826 0.975591 -1.89535 2.02315
0.680117 1.51343 8.99849 -0.197664 0.480076 -0.588389 -0.190638 -3.47337 -0.678929 0.459014
3.53826 49.4805 0.913464 3.34209 47.6861 -0.743637 0.290468 31.8804 -0.642255 2.41482
5.34802 -1.04373 -2.85057 1.91822 0.0467136 -3.58552 -15.0189 0.171193 1.22943 2.64468
0.397643 3.57698 49.7299 3.57313 0.509787 -3.68125 4.46317 1.34084 -4.51217 3.29864
1.77841 -2.80501 2.69468 0.382329 -2.94089 3.4364 -14.5714 -9.76076 5.7993 -1.22002
-9.00276 5.51573 -16.2911 -21.4937 -29.8353 -1.39139 -42.0428 4.60239 10.5392 -12.5508
-29.0471 -1.20638 -41.3603 5.84916 2.63696 -5.81685 5.831 7.00285 -10.9728 -0.905638
0.537713 -1.62876 -1.51777 0.776217 -5.62069 -1.07741 -1.67943 8.65554 -0.74917 -2.70726
3.65224 -1.57582 2.7761 -11.7447 -1.16221 0.835714 -2.11846 3.16322 -3.64058 -21.4818
3.3854 3.27672 -7.92211 1.35137 2.71019 26.3882 1.42245 3.27826 30.3765 2.17602
4.74336 43.3155 2.45294 4.5205 43.7762 1.6188 4.85351 41.385 -0.283674 -1.24855
32.4901 -0.285985 -1.25298 32.4739 -0.286476 -1.24635 32.4586 1.72629 3.67432 49.0773
1.99015 3.15735 47.5375 1.36864 3.86719 50.1363 1.02575 3.8791 48.8862 1.07662
1.53485 28.2596 0.990041 2.22314 33.3551 0.773206 3.95206 46.0951 0.904854 1.83963
45.0728 -0.0251025 -0.328234 32.4191 1.27736 2.70824 50.1345 0.784638 3.04129 52.4721
-0.180045 3.46752 51.9749 0.154999 3.29392 53.1974 -1.06672 0.726475 0.408322 -0.690683
2.23554 4.39578 -1.02636 1.29394 2.38925 -1.08839 -1.68534 -2.54601 -1.27189 -6.80533
-8.63253 -1.2493 -7.35789 -13.3616 -1.48391 -9.74858 -16.6028 -0.0629015 0.111665 -1.27214
0.0240252 -11.8504 -18.446 0.896773 -11.9023 -17.8894 0.338741 -3.05639 -6.11401 -1.0055
1.73813 3.97393 -0.960814 2.42454 7.04167 -1.40552 -5.27036 4.44343 0.430899 -0.200728
-2.10938 2.95061 -12.0544 -16.504 3.01194 0.720408 -3.83071 0.507208 0.605696 3.83855
0.270295 0.540931 -0.021297 0.139275 -3.5031 -4.10815 0.551224 -3.03451 -6.42693 0.915559
0.939853 10.9311 1.09065 -1.60152 2.82861 -0.181658 0.577748 -1.49638 -0.282412 -3.42626
0.445276 -0.899017 0.349011 -4.94538 -0.994804 -2.98281 6.41722 1.31949 8.40167 -15.8066
-3.06937 8.19964 -46.2299 1.33855 8.37196 -15.6566 1.50049 8.38676 -14.1095 -3.72395
8.16769 -50.8533 -2.80577 7.99864 -47.151 -3.75284 8.1739 -50.9691 3.54855 0.821878
-36.2782 5.34265 3.40487 -8.788 5.75026 -8.73648 -21.1018 3.49717 0.969248 -36.4986
-1.15327 9.8908 -48.9521 -1.92537 10.7255 -50.7516 0.72459 9.93802 -15.9297 1.15488
9.45258 -15.2713 0.519038 9.86041 -16.2379 -2.34183 10.6853 -52.2905 0.448921 9.5543
-15.8823 -2.39914 10.3037 -51.6488 -1.75228 1.29285 -10.3119 -1.76613 -1.08387 -2.46277
-2.17229 9.74823 -48.1602 0.405224 9.12416 -14.707 0.512115 9.56804 -12.609 0.408509
9.15007 -14.7891 -2.24229 9.90538 -49.2439 0.674305 7.73414 -15.97 0.558171 9.57786
-14.0964 -0.576485 7.92525 -52.8722 0.612659 7.73827 -16.333 0.688917 9.53827 -9.73795
-0.742292 7.9761 -54.6634 0.432216 7.7959 -17.3649 -0.925679 8.07707 -56.5771 -0.789522
8.07497 -57.7488 -0.59165 7.92393 -56.4282 0.375779 7.47196 -17.5251 0.381666 7.70131
-17.8677 2.16382 3.957 33.744 -0.959675 6.42987 17.5284 4.74096 6.65244 60.3672
-1.12506 6.53296 15.728 3.88239 6.5453 55.7474 -2.0158 -1.94238 37.1945 -2.56735
4.1139 6.80112 -2.68099 -9.32789 4.03684 -1.58634 -10.5605 -6.2581 -1.57481 1.92559
1.69963 -0.226445 5.93408 18.3214 2.03268 6.09111 66.2449 1.18588 5.25512 61.9887
-0.472657 5.55767 16.8129 -0.126727 5.95073 18.9098 2.42304 6.15262 68.1017 -0.13573
5.89289 18.3895 2.41182 6.06894 66.6068 1.13805 3.43846 35.062 2.25202 5.89876
61.9701 -0.157619 5.83047 16.8772 0.953383 1.33069 8.0531 0.192912 -0.603214 -0.254791
0.536598 0.378151 2.14708 0.380417 -2.44946 -7.63155 -1.33156 0.338461 40.1734 -1.36217
0.206931 39.3413 0.0394338 4.67582 17.8795 0.797385 4.6885 66.6547 0.121292 4.85676
19.974 1.06944 4.94729 72.8387 -2.07217 -5.17426 4.81884 -1.94263 3.47828 7.03611
-1.26656 1.18955 1.42229 -1.19168 -6.75377 -4.08611 0.100993 4.83365 21.1312 1.11562
4.84143 76.2257 1.09408 4.98404 76.3111 0.118482 4.89771 21.082 0.909564 0.507958
-1.39604 0.316513 -5.29677 2.00897 0.401536 -4.94337 0.922506 0.903168 0.513424 -1.17332
1.01473 1.35333 -1.70114 0.26392 2.62497 -7.35288 -0.696784 -4.71944 -4.21113 0.85084
0.527118 0.367752 0.633757 -3.9526 -2.16479 2.03673 -6.60935 -7.64885 2.12674 4.10322
-8.27618 0.277098 -7.72136 -1.19964 0.0643792 0.727513 -0.644469 1.46556 7.63815 -14.7255
-3.92693 7.18935 -54.6902 0.535524 7.90377 -17.3097 -0.0180785 2.1356 -16.8689 -1.10218
2.09641 -65.0592 -1.31655 2.17896 -71.327 -0.0916836 2.33624 -19.1086 -0.0901134 5.29791
-20.9544 -1.13718 5.45672 -75.5654 -1.01275 5.47203 -74.7756 -0.0422579 5.31644 -20.7714
-1.18513 9.66389 15.1715 1.13507 10.1148 48.5486 -0.741852 10.1533 15.817 1.92267
10.9629 50.3387 -0.528021 10.0562 16.1276 2.35789 10.905 51.9255 -0.416188 -3.15246
6.09741 -1.01372 -12.2113 17.7078 -0.111835 -12.2018 18.28 1.11418 0.736803 -0.43441
0.724747 2.27517 -4.39346 0.0292972 0.106426 1.28481 1.53188 -10.0547 16.4857 1.31977
-7.57581 13.2877 1.35014 -6.99799 8.56986 1.15402 -1.72517 2.48912 1.08227 1.33608
-2.42681 -0.50502 -0.21396 2.14137 1.06805 1.80528 -4.02067 1.50446 -5.39488 -4.47517
1.0366 2.53883 -7.06144 -3.76004 -12.6036 -4.07044 -4.11707 2.00354 4.3959 -0.00172615
0.283122 0.00902715 -0.00791894 -14.1184 -0.0832359 4.10921 1.9942 -4.41186 3.74528 -12.574
4.01829 0.671142 0.00485443 -1.2112 0.127183 -5.17999 -21.2227 -2.73492 8.30394 -63.6011
-1.679 8.27528 -57.9819 0.934989 8.07105 -15.8428 0.652813 8.25085 -17.2132 -2.4546
8.63602 -62.1914 0.530701 8.11489 -17.8016 -2.814 8.52828 -64.4832 1.40906 -4.77681
3.54946 0.829908 1.88023 7.16604 1.12963 -5.03289 2.03987 -1.25433 2.54157 8.61042
-2.0884 -4.87609 6.95074 -1.18153 -6.73678 -3.96281 -1.1844 1.36976 2.66995 -2.13929
3.86679 -32.7963 -1.23735 -0.767054 -2.34846 -0.998257 1.30665 -10.0099 -0.860834 3.33566
-11.5305 0.422738 5.95479 -4.60529 0.864451 3.01956 -5.69258 2.07784 8.62616 12.6317
2.26397 5.5892 26.5026 -0.521651 9.87575 13.4861 -1.01416 11.3941 9.65348 -1.03232
10.6617 11.0995 1.36697 -0.896089 1.70129 1.37465 3.72751 10.3221 0.216934 1.82271
5.34397 1.04091 -2.723 -1.29874 -1.10624 2.94399 -8.53763 -1.31078 -1.61456 -1.48074
-1.14332 -2.88013 1.32146 -0.919171 2.08001 -5.54121 -0.797843 3.83043 -9.03745 0.263584
17.7656 -1.44807 0.219104 9.48419 -9.83408 0.133893 17.4543 -1.49052 0.0776095 17.5822
-1.81302 2.54195 9.33357 -5.58856 -1.84673 3.50082 -26.1736 -1.8476 3.60213 -26.3323
-0.34303 9.71613 10.3733 -0.254746 17.7671 1.40427 -0.129438 17.4565 1.44415 -0.248039
9.42881 9.78379 -0.0731937 17.5837 1.76424 -2.48083 9.22444 5.57476 0.0720588 7.85375
10.6819 0.592988 5.2903 12.1439 1.1144 2.80981 8.52731 1.3123 -1.53003 1.44367
0.458655 5.6836 11.868 0.811644 3.68922 9.02761 -1.51211 3.72916 5.79784 1.00476
10.5704 -11.0966 2.20347 10.3432 -13.9947 -0.487296 10.7329 -49.3565 -2.02441 10.459
-54.0639 1.47983 9.98945 -15.783 1.60782 10.7208 -12.206 -1.94475 5.76459 -32.5594
0.416811 5.15823 11.4248 -0.417227 5.88068 4.57325 0.852131 0.900189 7.19624 1.10813
-1.07135 0.513994 1.20432 -0.687887 2.37742 0.980061 1.26692 10.0667 -1.88096 -4.66431
-5.94324 -1.12528 -5.9071 -2.25097 0.316751 2.36785 -5.59546 -0.838044 4.21108 -9.89446
-1.2311 2.17949 -72.8103 -0.0775576 2.37709 -19.5428 0.351918 -1.24231 -32.411 0.35373
-1.25593 -32.3676 1.43426 3.57573 -5.53437 -1.05411 2.53319 -12.5768 0.992701 -1.64561
-32.8532 0.99416 -1.72165 -32.7637 3.27196 6.21689 -6.0626 -0.692887 3.86559 -12.8414
1.58262 3.85705 -5.82274 -0.98047 -1.64582 32.8406 -0.981396 -1.72064 32.7499 -3.1762
6.06051 6.04414 0.708003 3.74488 12.8626 -0.288707 -1.26264 32.4083 -0.286967 -1.24944
32.4519 -1.35967 3.4362 5.56403 1.05058 2.4479 12.631 -0.830243 2.92776 5.6817
0.760195 2.68421 7.60283 -0.262231 1.12957 2.06772 0.135185 -5.95179 -3.36361 -0.186386
1.33592 0.217776 -0.634314 0.782778 -1.75864 -0.474241 -4.4684 6.84877 -0.145799 -5.33949
0.917581 -0.529709 -7.09571 -1.84947 -0.603207 0.978252 1.39402 -0.21333 0.703281 0.533008
-0.327089 -7.21234 -1.17944 -0.744314 -1.69847 -0.109821 -1.63606 1.14408 -7.59912 0.749216
4.25023 9.77551 -0.41804 2.36614 5.47355 1.05889 -6.11551 2.23537 1.84269 -4.91272
5.96886 -1.02281 1.38837 3.2459 0.137903 -7.53182 -2.15761 -1.13452 -1.15772 -0.501643
-0.847672 0.92705 -7.155 -0.9551 -5.74797 2.19902 -1.46671 1.30507 -0.097968 -0.931472
0.964285 -1.12938 -0.569607 -4.01735 6.68284 -0.685567 0.518479 -4.06384 -0.669147 -2.93863
7.94517 2.45945 5.94045 29.6897 -1.03079 8.18088 15.4526 4.52989 8.04578 51.2576
4.96928 8.18315 51.0854 -0.923506 8.23684 15.8424 -1.23354 8.21489 14.0103 3.5568
7.91327 47.5396 0.501647 10.8987 49.1582 -2.20884 10.509 13.9128 -1.48071 10.1514
15.6972 2.04407 10.621 53.8815 -1.60952 10.861 12.1282 -1.47665 10.15 15.7067
2.57473 10.5682 55.4675 -1.14864 9.86255 16.2416 -1.05865 9.52267 15.7093 3.33052
9.64884 57.1364 3.33525 10.1665 57.8264 1.96717 5.8434 32.5257 2.91909 8.99635
53.0473 -1.04595 9.15417 14.3895 -0.025308 2.6906 16.2087 -0.0218159 2.74329 16.3756
0.572971 2.65984 38.3459 0.0401511 1.67444 51.1957 0.0119845 3.26472 17.8868 1.42662
3.27672 63.0829 1.11925 2.63635 58.5464 1.35936 3.77397 63.9298 -0.0480845 3.68797
18.4038 -0.154093 3.99076 17.609 1.12577 4.11259 61.5016 -0.268568 1.02276 3.25589
0.384415 -6.42849 -7.37472 -0.910989 1.168 -0.404575 -0.769284 1.17372 -1.18444 -0.536759
-5.5869 2.14003 -0.480149 -6.40198 -1.95406 -0.602365 5.39779 -12.1819 -0.0935502 7.92898
-10.7275 -0.465514 5.7846 -11.9063 -0.917122 -4.6234 5.18462 -0.757389 1.3281 -2.93465
1.75583 3.46671 26.2316 1.75504 3.36592 26.0728 0.845203 6.69878 13.2365 1.04777
3.94238 7.56802 0.936269 -4.27635 -0.70163 0.0583283 -6.29922 -4.26625 0.000478135 2.1777
0.951258 -0.00291146 1.93433 0.0104291 -0.00161699 -7.00332 -0.0391866 -0.00668621 2.19499 -0.963914
-1.0855 3.98182 -7.62022 -0.97038 -4.2385 0.680869 -0.065462 -6.29839 4.23445 -0.87658
6.77864 -13.2308 0.937186 1.95145 5.55828 1.14443 -2.76832 -1.38332 0.783965 1.20461
2.97552 0.799912 1.11657 1.23224 0.538458 -5.43017 -2.25932 0.917643 -4.47364 -5.28055
-0.146032 3.73582 50.8984 -0.383 3.73242 50.3248 -1.44515 3.36931 -10.7303 -1.59735
-1.48505 -2.29641 -1.23466 -3.11261 0.833552 -0.267531 1.71459 -5.77159 0.476134 -6.29214
2.01574 0.923555 1.16866 0.325826 0.226354 1.01979 -3.69165 -0.503825 -6.41251 7.17262
-2.52687 5.39949 -30.0205 0.913094 8.12069 -15.9632 -4.86142 8.0698 -51.3416 -4.42724
7.9302 -51.4794 1.01396 8.05902 -15.5753 -3.48514 7.79768 -47.7265 1.2053 8.08568
-14.1129 -2.55337 10.4084 -55.6445 1.47579 9.98808 -15.7926 -3.30664 10.0182 -57.9616
-3.29626 9.51448 -57.2352 1.06201 9.3842 -15.7886 1.1507 9.71062 -16.3244 1.04851
9.02977 -14.4648 -2.88197 8.87524 -53.1183 -0.575628 2.63825 -38.5058 0.0283027 2.72144
-16.4599 0.0317838 2.66945 -16.2927 -0.0505028 1.64348 -51.4538 -1.13025 2.61438 -58.7756
-1.43146 3.24534 -63.296 -0.00537984 3.23513 -17.9699 0.0561813 3.65043 -18.4806 -1.34682
3.73259 -64.1124 0.164167 3.94686 -17.6757 -1.09408 4.0633 -61.6483 0.831434 3.26047
11.5593 0.673129 -2.81926 -8.00873 0.71454 0.505617 4.08821 0.948569 0.943027 1.07725
0.576496 -3.94878 -6.74482 1.41589 1.27852 0.0159286 0.917683 1.4072 -3.3598 -0.237388
-7.37048 2.09354 0.913621 -5.665 -2.3047 2.13032 3.87283 33.1648 1.64635 1.19124
7.68881 0.64787 0.787913 1.82504 0.488368 -4.44827 -6.81184 0.754792 -1.6414 0.217113
-0.783421 1.84969 -7.19039 -1.37158 -4.81925 -3.53533 -1.0968 -5.06693 -2.01962 0.159781
-5.33784 -0.877886 0.201996 1.34221 -0.183526 0.291679 1.13372 -2.06422 -0.119246 -5.95556
3.4057 -0.711522 2.6677 -7.63873 1.90672 -0.363668 -37.1793 -0.632773 -11.2671 -5.71423
-0.409937 0.745487 0.0386091 1.65998 1.43281 -2.39588 1.55896 -11.0285 -2.93955 3.16416
3.5644 -8.07305 3.44645 -9.30869 -10.3729 -1.1648 2.27341 -73.9971 -0.063337 2.50873
-20.0353 0.0185683 2.74688 -19.6239 -0.849617 2.50131 -72.5949 -0.279204 7.10247 16.4418
0.605506 7.53792 53.0774 -0.358469 10.6466 4.2985 0.0656527 3.69631 -49.2148 0.241132
7.6274 -21.9781 0.326329 3.80618 -48.2361 0.448967 7.93562 -21.9141 -2.25438 7.73492
3.67953 -1.34844 8.12317 16.5893 -2.00409 10.8736 1.90362 0.79765 8.37338 47.121
-0.757896 8.38964 -46.9617 1.35485 8.11849 -16.5769 2.24796 7.7062 -3.70515 1.99769
10.8489 -1.91717 -0.251789 7.61393 22.1606 -0.0786103 3.64696 49.7237 -0.674137 7.58698
-52.9337 0.276725 7.17371 -16.4634 0.368973 10.7309 -4.3917 0.160581 4.58854 19.6998
1.39239 4.17463 71.806 -0.146348 8.92583 2.21105 -0.229263 4.28684 15.7523 0.873803
4.40549 56.0198 0.886823 4.38518 56.3044 -0.197047 4.14276 16.5536 -0.588443 8.64135
1.92271 -0.586382 8.19655 1.97401 -0.435993 7.85707 21.9927 -0.324085 3.70026 48.5409
0.239987 4.23724 -15.8036 0.58311 8.17278 -2.00897 0.585862 8.62211 -1.95793 0.207467
4.09548 -16.6122 -0.838717 4.33066 -56.3968 -0.82479 4.3507 -56.109 0.0724504 3.03014
-18.0523 0.310134 7.78995 -1.26311 -0.664511 2.77954 -67.7953 -1.12336 14.2766 3.03106
-1.65985 11.4643 4.41178 -1.52482 12.1395 4.35623 0.183374 -7.25012e-37 2.32997 -0.0966879
-7.1849e-38 2.08478 -1.22814 12.3006 3.29527 -1.18204 10.7765 3.61795 -0.922486 12.1313
3.63719 -2.44236 3.69176 -76.4621 -3.77127 4.70638 -82.0275 0.0137307 4.30655 -24.1655
0.244858 3.71942 -22.4856 -0.484806 9.19124 -23.4543 -0.39207 7.89211 -27.6429 0.143665
9.93147 -26.0503 0.441193 23.5414 -1.9259 0.471097 22.7761 -2.20605 -0.219504 -1.16179e-39
1.86252 -0.238061 -1.2544e-38 1.66051 -0.675722 11.2909 2.17995 -0.682019 9.73069 2.32274
-0.608304 11.1079 2.33696 -0.175942 7.44946e-39 1.51076 0.0243557 1.73758e-37 1.49933 0.0216827
3.53316 2.22178 -0.345706 16.9653 4.23162 -0.465525 15.4013 3.65969 0.145632 20.4954
-8.14353 0.142998 21.4228 -7.67222 0.565087 23.8557 0.686572 0.678544 20.6082 8.41673
0.334028 19.3217 8.12877 0.177645 13.0175 4.80243 0.0810432 23.1297 0.42389 0.0478403
13.067 -4.06308 0.344233 7.44625 9.14601 0.247203 7.87593 7.96728 0.245352 8.01378
7.88221 -0.978575 0.696943 -3.93732 -1.04868 0.671083 -3.17425 -1.11875 1.5608 3.28545
0.106641 7.3511 -9.39405 0.0804356 17.085 -7.57934 0.00263934 13.0828 -8.80333 -0.941929
4.96354 -13.1369 -1.70544 2.7256 -9.63176 -1.76334 2.54933 -9.28235 0.741968 12.2409
-8.37144 1.32644 7.71552 -9.15978 1.9494 7.89603 -12.0137 1.85288 3.31363 -9.9861
1.87008 3.45012 -9.90568 -0.0465777 21.9321 -1.43235 -0.161752 20.0075 -0.819787 -0.0283451
21.9084 -1.43552 -0.209374 21.9898 -1.71448 -0.192926 21.9194 -2.06496 -0.188064 21.1853
3.83792 -0.685196 15.0817 3.11946 -1.63649 10.5097 5.15171 -0.726194 14.813 5.14544
-0.261937 10.9412 9.02911 0.449756 6.67312 13.5405 0.35017 7.20735 13.375 -0.23878
13.5365 9.13735 -1.90514 2.16262 -8.34922 -1.84894 2.06681 -8.12432 -1.74327 2.36054
-8.24575 0.0149422 19.3711 -5.65157 0.334239 8.83621 -23.942 0.318201 7.78099 -24.9368
0.47737 9.55695 -21.42 0.649348 11.8129 -7.77596 0.123586 14.5776 -7.92172 -0.896055
21.6588 -3.31712 -0.177228 20.526 4.34041 -0.218459 20.1764 4.1231 -0.388896 21.0329
3.11762 -0.352353 21.5309 -2.09546 -0.0591546 10.8429 -10.2596 0.421389 22.8361 -3.26965
-2.22495 12.1217 2.68981 -2.14531 10.7811 2.71589 -1.24434 15.2497 3.28715 -0.325453
22.0567 -3.28148 0.222397 20.1421 -4.13182 0.179453 20.5012 -4.35531 0.901924 21.6517
3.30054 -0.118293 14.571 7.92298 -0.643356 11.81 7.77994 0.0614556 10.8041 10.2591
0.360826 21.5178 2.07134 0.394337 21.0013 -3.13331 1.90069 2.14693 8.35227 1.12935
4.78019 13.523 0.638485 7.5495 12.0223 1.73962 2.34569 8.24955 0.236443 13.5146
-9.10285 0.194117 21.1534 -3.89042 0.701115 15.1302 -3.188 0.471665 8.90383 -6.55399
-0.375681 7.29783 -13.3023 -0.489692 21.2055 -4.66022 -0.464354 20.8982 -4.78719 -0.265627
20.0592 -4.7824 -0.0633347 16.6185 9.89091 0.0386642 21.9366 1.3567 0.0575564 21.9608
1.35378 0.222433 22.0251 1.63757 0.206351 21.9589 1.98969 -0.0665717 17.1624 7.57661
0.0325152 13.1361 8.7915 0.0798371 20.8777 3.29997 0.135425 21.8695 2.27865 0.101581
21.894 2.28918 0.919871 0.750778 4.08451 1.01255 0.703429 3.32506 1.80385 2.51141
9.36038 -0.119747 7.39747 9.4696 -1.72787 1.88598 -13.63 -1.92313 0.897491 -13.6443
-1.90568 0.885339 -13.5156 0.199745 11.5837 -3.82981 0.247891 10.1947 -4.22554 0.249327
9.51459 -4.22656 0.210092 10.8224 -4.033 -0.234279 19.3288 -8.20548 -0.558178 20.6843
-8.42413 -0.553637 23.9862 -0.900641 -0.144678 21.6331 7.60732 -0.147113 20.7074 8.05665
-0.121504 13.2028 3.9456 -0.0345716 23.2275 -0.640518 0.115559 13.5324 -5.06344 0.264464
15.1091 -3.48132 0.145128 8.54892 -8.05066 -0.638145 6.60223 -12.177 0.147908 16.938
-4.15889 -0.554782 10.978 2.50405 -0.1318 8.82356e-41 2.11982 -0.624068 9.57356 2.46644
-0.771634 10.06 2.35891 -0.548905 15.3542 5.4912 0.135024 21.7172 6.83556 0.405343
1.82691e-37 1.69973 0.514595 -8.12132e-37 2.14001 -1.02956 10.7184 4.18796 -2.43202 9.72441
11.4404 -3.74764 9.16917 15.2121 -2.00318 13.2359 12.4057 -0.976134 12.219 12.0626
2.58136 -2.56567 -48.4487 2.58295 -2.57509 -48.5197 2.56643 -2.55609 -48.619 0.763648
12.71 -12.0908 1.43531 13.2909 -12.4965 3.34281 7.87086 -15.127 1.91759 7.54273
-11.632 0.45861 14.0767 -5.36014 1.46838 3.23732 -15.4209 -0.471376 15.8653 7.48979
-3.28484 10.8818 12.9988 -6.08533 9.3979 15.5147 -4.448 12.3656 10.5559 -2.36761
11.8774 10.9136 0.159722 21.684 -1.46819 0.170502 21.1218 -1.4556 0.0181968 7.93072
-24.3704 -0.0176176 6.5853 -27.8115 0.191562 8.51681 -24.8084 0.0933368 16.582 -9.91438
0.139018 8.45639 -18.5071 0.031715 8.00187 -16.1627 0.139764 7.08012 -26.3795 0.289295
9.09507 -21.7898 -0.0844451 21.8565 -2.36144 -0.118941 21.8313 -2.35165 -0.0641482 20.8315
-3.35907 0.168273 16.6587 -7.5998 2.04962 4.7775 -9.15026 0.979445 12.1266 -7.1204
0.189013 22.1145 -2.43885 0.544126 7.60378 -14.7965 1.84955 7.10797 -6.38731 2.86642
8.32012 -9.22092 3.17141 4.0372 -10.2165 3.59396 6.24124 -11.4601 2.26572 13.1401
-9.07728 0.228223 13.3432 9.63513 0.203215 11.1358 16.5528 -0.756688 8.97164 19.2858
-1.3875 9.60288 4.31283 -1.18746 15.4225 2.37254 -2.60474 10.3007 6.66018 -4.03568
10.7695 8.56848 -1.68949 11.444 5.96831 -0.740856 12.4429 6.94269 1.18881 15.4035
-2.39562 1.38836 9.58901 -4.32707 0.762883 8.97583 -19.2466 -0.199135 11.1346 -16.5275
-0.225888 13.3258 -9.63287 0.745943 12.431 -6.94297 1.70375 11.4651 -5.96392 4.05811
10.7901 -8.55515 2.61553 10.2984 -6.66408 1.24918 15.2429 -3.3077 -2.24537 13.1205
9.07586 -3.57068 6.21764 11.4638 -3.16203 4.02586 10.2251 -2.86682 8.31617 9.24243
-1.84733 7.10894 6.40835 0.0288717 8.03189 16.1897 -0.0800746 8.49368 18.5451 -0.232658
9.14254 21.8435 -0.0899729 7.14628 26.4555 -0.157566 8.59707 24.8663 -0.156208 21.7069
1.38681 -1.88487 3.43024 9.98212 -1.87334 3.2923 10.0665 -1.98047 7.9225 12.1195
-1.3559 7.75844 9.22691 -0.751826 12.2873 8.41351 -0.942133 12.1509 7.12242 -0.156797
16.7239 7.61453 -0.167096 22.1467 2.37257 0.526845 9.20718 23.5007 -0.490715 7.60385
14.817 -0.446107 22.8044 2.15192 -2.01105 4.77152 9.1888 -0.110065 9.94195 26.0988
0.433777 7.90336 27.704 -0.417573 23.571 1.88195 -0.127548 24.3 1.68516 -0.59762
10.949 23.8078 -0.305235 8.71884 28.1431 2.59734 12.1253 -10.6525 4.70004 12.6475
-10.2695 6.33775 9.81978 -15.1418 3.73605 11.7547 -12.7776 0.764969 16.4506 -7.61426
-0.462054 14.259 5.2531 -1.95672 7.75154 11.6825 -3.39488 8.02583 15.2173 -1.48167
13.517 12.5288 -0.790623 12.9251 12.1295 0.0634647 0 -1.46175 0.0436695 0
-1.61513 0.385449 10.5363 -2.06588 0.452761 9.12943 -2.06846 0.444928 10.7385 -1.94529
0.00390744 0 -1.35374 0.526287 9.50641 -2.11876 -0.270279 21.8051 -6.91087 1.10643
12.0526 -12.2342 2.31396 13.2784 -12.6014 4.02482 9.42043 -15.5211 2.45943 9.9137
-11.6589 0.405471 15.4262 -5.52073 -0.700335 0 -2.0682 -0.580275 0 -1.60166
-0.372034 0 -2.28351 0.887841 10.8016 -4.16918 0.784438 12.2399 -3.61177 1.34005
12.3808 -2.83569 1.32877 12.7062 -2.76104 0.524868 4.51496 -2.14805 1.10512 12.4411
-3.26272 1.38712 11.0475 -3.15405 0.0810041 0 -1.80968 -0.0966122 0 -2.06579
1.05703 10.9177 -3.59024 0.264629 24.678 1.00521 0.666216 10.5947 -3.60843 0.881436
9.23347 -3.66878 0.968283 11.0343 -3.37896 0.0581898 25.15 0.860327 -1.11924 12.9355
5.80288 -1.45619 13.1556 5.15192 -1.5116 11.6821 5.66988 -1.79066 12.4979 3.78141
-1.85572 10.4971 4.49451 -1.15221 6.94022 19.4063 -0.869524 6.92527 20.8658 3.4902
7.24147 63.2858 2.5737 7.32234 59.2096 0.770068 9.86861 -26.9827 0.376853 10.6662
-24.2232 -4.53165 4.98123 -52.2914 -3.47835 5.85927 -54.7644 -1.92189 6.52058 -57.6037
1.34643 11.7018 -25.7198 1.61752 6.15358 49.2721 4.305 6.25241 83.0601 4.32781
6.23233 82.9964 -0.455822 5.82154 21.2511 -0.233956 6.07064 23.0079 4.11233 6.2589
77.8588 3.06533 5.9292 71.9311 -0.235254 6.11317 24.1942 4.53217 6.2827 82.4472
-1.48728 10.8838 3.19772 -0.392092 6.09921 24.0074 -4.40107 4.94282 -86.2059 0.0110267
4.53935 -25.2485 -4.41655 5.04505 -87.0218 0.16658 4.67608 -25.1385 1.25846 9.56022
-3.38335 -1.14088 7.30315 21.0494 -0.927672 7.59909 22.2199 4.03362 7.95036 68.9564
3.10998 7.56469 64.5551 -0.96647 7.57596 23.111 3.93611 7.84506 72.878 -1.11539
7.43527 22.7942 3.15566 7.67212 73.0533 -1.64881 11.7125 4.93244 -3.91303 3.1786
-54.9912 -3.59629 3.84704 -59.305 -2.63136 4.31009 -62.1263 -1.72646 4.716 -61.7754
0.335091 8.72519 -28.0944 -0.150692 1.05384 5.22495 1.02746 0.0627933 3.29419 2.31073
0.693198 11.7764 1.04729 5.98512 14.1707 0.156466 11.6064 10.6174 -1.72988 6.89439
8.90977 -1.52615 4.60298 3.04502 -0.373901 1.13722 -5.95115 -1.24087 0.368423 -2.41282
-0.310034 -0.0280418 0.467672 -0.900828 3.90878 -1.24655 0.510758 4.59631 -4.42698 -0.00764127
11.7837 -10.5078 -0.812215 6.19642 -14.511 -1.57714 1.76328 -11.2155 1.2802 7.2535
-9.22449 -0.267377 7.80132 -8.53138 0.188546 10.1412 3.74557 0.177324 8.77561 3.92694
0.157308 9.61222 3.91529 0.174266 11.1665 3.49038 0.186334 9.18654 4.0606 0.1875
8.65949 3.95816 0.00905404 23.0758 0.539484 0.0273198 22.941 0.697062 -0.178836 10.1301
-2.24349 -0.16907 8.49499 -2.29105 -0.105402 10.0519 -2.29227 -0.0307564 8.59267 -2.66154
0.135817 10.51 3.90297 0.501832 24.1805 0.894276 0.704621 8.87125 -4.09057 -1.32536
11.6423 6.69702 0.0372125 4.34794 19.1972 0.169194 4.81032 65.1592 -0.00579381 4.86507
70.3751 -0.0280824 4.75919 54.9432 -0.0341913 4.52302 21.1195 -0.0391757 4.54673 21.2685
1.60901 0.965828 13.6733 1.62256 0.975419 13.8053 1.44447 1.92621 13.8164 -0.167576
11.2967 10.0454 0.732298 5.72945 13.861 -1.16274 1.83194 5.56343 0.646968 0.28972
4.25961 -4.5424 7.49896 6.73616 -3.83306 5.40932 1.42905 -3.24524 4.7724 -0.969507
-3.03143 4.53588 -1.82253 -1.05688 4.55706 -3.87076 0.978508 5.22307 -6.94165 -1.31378
0.555404 -0.278832 -0.612807 0.146962 1.12571 -1.6639 0.742723 -2.82882 -1.78176 2.50205
-9.28124 -2.00581 0.362387 1.53918 -0.622391 0.898143 -1.23472 -1.32133 5.72122 -5.63033
-3.28714 5.29942 -3.14803 -3.99061 5.87759 -2.1007 -3.72559 1.0806 3.04419 -0.759669
9.90737 2.69452 -0.732976 10.4721 2.2186 -0.707427 8.55816 2.5134 -0.700057 10.4645
2.37863 -0.77496 8.84337 2.60707 -0.107015 4.93186 20.5579 -0.0479533 4.94226 21.1582
-0.442253 16.1575 5.14406 -2.74246 7.00104 15.3434 17.4714 9.13024 62.6866 0.502018
21.2324 4.6041 0.283783 20.0584 4.72883 0.479726 20.9172 4.73507 -0.185403 11.4745
8.69434 -2.42197 10.2264 12.3987 -3.38845 10.7025 21.8901 -1.49456 10.6566 9.21607
-0.23719 13.4787 9.1251 -0.328804 3.46334 8.71693 1.20893 2.07154 3.94114 0.982197
3.81916 14.4255 -1.91915 7.35093 7.24887 -2.8017 6.64237 6.14732 0.122994 0.206402
0.756883 0.734108 0.352573 -0.0283742 0.837094 0.794195 0.0497922 -3.23969 5.10846 3.66738
-1.17387 4.54486 0.130852 -0.645822 7.56107 -12.034 -1.13448 4.8268 -13.5128 0.840284
5.5225 -6.59383 -0.442379 -0.331398 -2.48583 1.90766 5.40496 -3.34502 -0.222636 0.794412
-1.44837 0.429426 1.1277 -2.56501 -0.90884 3.66276 -1.66123 0.0089835 8.70372 -16.8968
-0.0459638 10.4278 -11.5441 -0.0919395 21.6271 -2.03191 0.103217 21.5184 -2.2572 0.335247
8.91346 -23.8705 -1.8531 10.0229 2.19732 -1.73546 11.4474 2.12799 2.2631 9.92047
-17.0022 0.551587 23.5895 -2.91339 -2.54106 12.592 2.39277 -2.53955 11.0647 2.836
-0.427101 15.1597 7.53155 -0.137156 5.21005 7.83384 1.59097 4.39506 7.04057 0.707569
7.91711 13.3021 -1.53899 7.96065 6.66249 -1.41034 6.80297 7.85302 -3.81255 7.53359
4.46365 -2.17168 7.9864 22.0818 -1.8585 7.77038 22.4068 -3.75358 7.51387 5.05488
-2.85222 11.3533 2.36409 0.00805037 -0.0841722 0.022503 0.0258232 -0.243745 -0.00246586 1.28467
0.196173 1.51334 -1.71111 4.88381 6.61132 0.0215143 3.46401 0.0379132 0.144804 5.19276
-7.80866 -1.58195 4.40593 -7.03597 -1.25449 0.198422 -1.52375 1.77459 4.93705 -6.55835
1.45941 6.85617 -7.8413 0.428464 15.1279 -7.53168 -0.702272 7.92674 -13.2906 1.5572
7.97248 -6.66204 -0.469866 9.48913 21.4393 -0.316873 7.70926 24.9727 -0.334545 8.77223
23.9773 -0.00681918 19.3588 5.61483 0.0487627 10.3905 11.5237 -0.00523802 8.63601 16.9059
0.0995471 21.6137 2.00462 -0.0978703 21.5062 2.22591 1.73336 11.4383 -2.15339 1.85125
10.0136 -2.22142 -0.335672 8.85005 23.9058 0.331685 22.0505 3.26655 2.15361 10.7834
-2.73631 2.23618 12.1236 -2.70635 -0.413686 22.8308 3.25785 -0.370788 10.6483 24.2331
-2.24182 9.89679 17.0062 2.5538 11.0677 -2.84912 2.55643 12.5941 -2.40455 -0.543177
23.5844 2.90549 -1.34266 11.6814 25.7235 -0.765873 9.84749 26.9918 1.06093 3.71876
53.208 1.12665 3.53789 54.3233 0.647845 4.19083 49.5389 1.84475 2.05167 8.12683
-0.831254 5.52114 6.60954 -0.105876 0.21537 -0.718525 -0.722712 0.354603 0.0197746 0.444591
-0.332629 2.47469 -1.91543 5.41647 3.36852 1.171 4.57214 -0.102974 -0.478246 6.75407
-13.4632 0.262347 10.9277 -8.98647 0.237876 13.4634 -9.08966 0.337135 3.47419 -8.65083
-1.22236 2.04979 -3.92109 -0.826042 0.788981 -0.0662738 3.28157 5.16007 -3.64604 2.92919
6.87368 -6.0884 -1.02663 3.84899 -14.324 0.292424 11.6936 -8.62556 2.1164 7.79442
-7.13401 3.19478 1.25397 -1.54807 3.77636 1.9619 -2.65769 3.45622 4.48087 -2.03674
0.211714 0.783582 1.43643 0.894294 3.66509 1.65473 0.174074 20.0506 0.739517 0.780699
10.021 -2.77326 -1.66103 5.33461 -72.6087 -1.49803 5.33427 -70.2829 0.112942 5.14685
-20.4244 0.054455 5.16857 -21.0085 0.715548 10.5949 -2.47778 0.727615 8.7033 -2.60383
0.751962 10.5869 -2.30732 0.797043 8.97043 -2.6879 0.771752 14.9066 -5.18783 1.6935
10.6756 -5.17989 1.575 12.273 -4.38114 1.1687 14.3878 -3.06263 1.68213 10.9583
-9.1264 3.49896 10.887 -21.74 2.51259 10.3826 -12.3783 0.483002 16.2342 -5.19086
1.84229 12.6178 -3.78774 2.11318 10.8422 -3.75917 1.88596 12.8944 -3.01876 1.71118
11.6039 -4.42901 1.90911 10.6435 -4.50061 -1.02867 5.26977 6.94895 0.987368 4.58601
3.76436 1.08861 1.70501 -2.97021 2.9848 4.59622 1.63966 3.2117 4.87555 0.821034
1.37243 0.501174 0.365512 1.68172 0.699445 2.88107 1.82281 2.4633 9.35929 1.14476
2.02258 -5.32804 -0.663895 0.0250364 -4.32209 0.788974 -0.000580248 -1.12161 3.83694 5.63333
-1.48347 -0.732395 1.803 6.11166 0.622663 0.809563 1.2923 1.31624 5.69993 5.55947
-0.9916 6.39826 10.1099 0.247593 11.4387 -9.93172 -0.888425 6.13658 -13.5683 4.71265
7.8665 -6.54559 -0.0572704 8.57959 -8.00004 0.245144 9.45042 -4.24106 0.232979 9.83228
-4.31826 0.0420421 23.1487 -0.757511 0.0102164 22.9768 -0.922287 0.245958 11.1466 -4.22425
-0.0103717 10.1385 2.21053 0.0374248 8.54505 2.21973 0.0581673 10.1502 2.16424 -0.0803534
8.70302 2.56833 -0.473659 24.3092 -1.12521 1.7071 12.5256 -6.84287 1.40807 13.676
-5.90152 -0.213034 24.7992 -1.2309 -0.645053 10.7613 3.486 -0.700284 9.04195 3.96727
0.0045387 25.2635 -1.04882 1.74585 13.8584 -5.14992 1.95495 12.4826 -4.88353 1.66322
13.8771 -4.38868 0.0596303 25.8093 -0.815033 -1.21554 11.5844 2.98122 -1.21592 9.73291
3.2778 -0.927375 11.2013 3.2647 1.82425 12.47 -5.68527 -0.849091 9.40469 3.55904
1.03468 3.8535 84.0624 1.03445 3.85849 84.2239 0.956751 3.84301 77.2827 0.00915084
11.9124 10.5017 0.815492 6.24499 14.5271 0.205389 7.91882 8.4759 0.432618 1.19267
6.06833 1.27101 0.502726 2.38337 1.58546 1.81466 11.1972 -1.33594 7.43613 9.20524
-0.557225 4.75626 4.44287 0.264337 0.955946 -5.16131 -0.944064 0.0952412 -3.42387 0.393364
0.084527 -0.534423 0.927793 4.03835 1.4887 1.7001 4.61519 -2.64661 -0.160015 11.5594
-10.6837 -1.03663 5.61803 -14.2762 -2.25941 0.388287 -11.9982 2.01104 6.66417 -8.7373
0.157354 4.67316 -19.3318 0.0616235 4.58434 -21.5002 0.00277603 4.49278 -22.2873 -1.69427
4.54755 -80.374 -1.54344 4.6575 -77.8637 -1.39844 4.76281 -71.5631 0.317415 6.3744
-23.9691 0.170038 6.39152 -24.1614 -1.75033 6.45255 -49.2442 -4.66141 6.62651 -82.4832
-4.53756 6.56482 -83.084 -0.0538502 5.17701 21.8092 -0.0918259 5.22078 20.6584 -0.11191
5.18285 22.094 1.98455 5.20444 78.924 2.11531 5.22076 78.0013 1.95491 5.28976
74.2897 -0.321503 5.3254 19.2416 -0.194401 5.24899 21.3473 1.76028 5.26754 76.5698
1.53388 5.34748 70.4649 -2.03747 -1.15255 46.5056 -1.99537 -1.12124 46.8438 -2.03656
-1.17834 46.6331 -2.04473 -1.13725 46.5032 -1.99829 5.8284 14.7543 2.61823 0.497682
16.6958 2.06903 3.29353 45.552 1.60884 4.50382 31.4165 2.83785 -0.618727 5.15298
1.5426 -2.3046 -4.32871 -1.50312 -1.30487 7.154 -0.148252 -2.24718 1.52874 -2.05606
-1.25134 46.2769 -3.25821 5.07575 10.2378 -2.25598 2.15087 3.2617 -2.20419 6.13009
3.09123 -2.44308 9.19479 8.8034 -3.81894 -8.11601 11.8058 -2.258 -8.85647 1.29467
-0.963315 1.13026 -0.00531088 -1.0152 5.07451 -1.67539 0.672625 6.0969 -5.43123 0.411556
1.86706 -2.84612 -0.948159 -9.42014 5.89304 0.280875 -10.016 8.07032 -0.776405 3.85029
-84.2169 -0.75959 3.87424 -84.3526 -0.708156 3.85619 -76.8084 -0.382625 3.7731 -23.2
-0.400853 3.73069 -21.9718 -0.911838 3.71861 -79.8745 -0.839784 3.79755 -83.7061 -0.343458
3.79852 -23.4356 -0.241617 8.47217 -2.34264 -0.216335 9.9616 -2.32543 -1.20788 3.17226
-48.5931 -1.20871 3.167 -48.6645 -1.21091 3.15847 -48.5325 -0.761434 3.86824 -84.1731
-1.95849 0.707946 -3.25158 -0.788932 3.92385 -81.5661 -0.937265 3.96824 -75.1785 -0.294609
3.79654 -20.5114 -0.315013 3.80414 -22.6045 2.58554 -2.55453 -48.4472 2.58512 -2.60228
-48.3607 2.2564 4.53794 -9.47386 1.54 9.07167 -9.49316 2.88329 -8.98922 -6.63896
-0.0303304 4.79288 20.8244 0.487255 4.84122 68.0472 -0.0292087 4.82276 20.4842 0.0837907
10.6163 4.10123 0.100101 10.0013 4.08901 -0.0321992 4.75882 21.5062 0.24456 4.87008
72.8951 0.506637 4.8424 69.8309 0.124096 9.09748 4.07103 -0.0557039 4.65427 21.7633
-0.00311689 4.89149 73.3785 1.66357 0.894635 13.372 1.6051 1.63477 26.9635 1.14762
3.03827 42.1684 0.850996 4.95946 21.9489 -0.0251725 4.87507 70.9536 1.3253 -2.18024
-4.32914 2.17673 -0.113685 7.95644 -3.86566 0.369903 47.9917 -3.85571 0.374457 48.0461
-3.86594 0.363675 48.0208 -3.86863 0.372619 47.9878 -3.87715 0.333085 47.9475 -4.48075
-10.4427 22.1424 -3.43903 -11.4215 19.9185 -3.95239 -3.47916 9.65266 -3.09783 7.52789
16.028 -6.58993 4.48966 10.3299 -5.94153 9.09076 5.22746 -4.99448 6.67844 -0.557027
-4.22555 1.28296 3.50449 -6.86823 -8.09066 27.5203 -0.357894 -2.38206 2.64776 -1.3948
-1.39974 5.52886 -2.48856 0.137266 -1.45972 -1.91372 -0.336658 9.36048 -0.850684 -11.3386
21.5062 0.217288 -10.4582 19.2838 0.694653 1.86145 -6.0271 0.963789 6.39146 -10.0585
0.771097 -9.87754 15.89 1.82557 -6.4704 -3.44161 -1.74614 2.47536 -59.8266 -1.5263
2.75631 -60.9549 -1.35627 2.99151 -60.5543 -1.2208 3.27133 -58.1885 -0.957061 3.65293
-53.6007 0.129851 -1.15421 -33.4596 0.0443822 -0.879268 -34.9809 1.16421 3.87199 35.0314
1.15885 4.09905 41.1898 1.18686 2.88609 7.68446 1.36071 1.34355 -9.94627 0.561684
-1.89049 -1.24273 0.662557 0.55025 -5.33783 17.8503 0.930108 60.0908 -5.08332 -12.1558
18.3289 -5.00537 -3.93048 11.0587 17.6592 0.981627 59.7185 0.51402 10.3857 29.6123
-3.46396 4.45498 1.99634 -3.81653 1.97109 2.62402 -3.24039 1.25738 1.50276 -2.7908
-11.4083 4.9623 1.01832 -11.7686 7.19278 -4.43607 6.98259 15.9499 -4.86971 3.26992
4.71683 -4.00911 8.4626 3.61954 -3.42134 8.59083 5.50378 -3.58391 6.24894 2.27558
-1.4174 5.79391 -1.81973 0.168087 7.27876 -26.1252 0.188314 8.32811 -23.4941 -1.52212
2.93426 -54.4503 -1.42985 3.05513 -54.9802 -1.33844 3.19995 -55.5188 -1.21807 3.45714
-55.3425 0.166934 7.22608 -26.2595 -3.21536 -1.84281 -3.54193 -3.21536 -1.84281 -3.54193
-1.14336 3.6286 -54.1712 -1.07501 3.81013 -53.0678 -0.654619 4.28696 -49.4338 -0.823385
-4.61231 5.01092 2.78874 -10.9651 5.40484 0.0284955 -0.893294 -39.5213 0.00399478 -0.861529
-39.5941 0.0366022 -0.861072 -39.452 0.0411556 -0.87161 -39.4299 0.0626474 -0.962775 -39.2308
2.54759 2.15536 -6.17896 2.28131 6.88424 -6.30136 2.87186 -10.9299 5.32186 3.47278
-8.03607 -9.00507 -1.96677 6.23688 5.10845 -0.765491 6.20304 20.1273 -0.809817 6.06602
19.6783 -2.05832 6.27498 5.20428 -1.83134 10.0908 2.44172 -1.90912 6.17184 4.9102
-1.73328 11.4291 2.35163 -0.812921 6.3887 20.1758 2.18879 6.02583 52.6544 2.54582
5.76187 50.7375 1.66742 6.44744 53.7141 1.02221 6.17677 34.7488 1.02101 6.19638
34.9472 1.01602 6.21384 34.6109 1.0197 6.18809 34.5965 1.03294 6.12508 34.4417
-0.874528 6.61675 19.3083 -1.84542 6.03243 4.48466 0.939971 7.81806 50.2731 1.20093
7.04333 52.9416 2.25142 0.601413 0.469856 0.234823 -1.45386 40.8068 0.212627 -1.41313
40.6646 0.216055 -1.4169 40.6969 0.297323 -1.36454 40.9693 0.195662 -1.55215 40.358
-3.41739 7.02716 5.88147 -3.83254 7.65165 14.9527 -3.46186 6.98251 5.71192 -1.62598
6.97105 20.8314 -4.49014 8.24849 8.20478 -2.54729 9.07965 4.73721 -2.24263 8.70234
7.11004 -2.65674 4.62173 6.61948 5.80564 6.42048 54.8908 -2.53769 -8.60461 7.63302
1.27072 -3.23274 -6.02624 0.0339859 -4.39794 -0.0768179 -2.24233 0.599881 -0.503432 -1.23627
-3.25313 5.90194 0.773561 6.2102 -20.0917 0.820106 6.07277 -19.6491 -2.53674 5.77381
-50.5916 -2.18214 6.03998 -52.4907 -1.66268 6.46249 -53.5461 0.819545 6.3958 -20.1369
1.96645 6.23526 -5.1241 2.0587 6.2753 -5.22053 1.90847 6.1688 -4.92506 1.82831
10.0843 -2.46657 1.72964 11.4234 -2.37803 -1.00696 6.23232 -34.5199 -1.01198 6.215
-34.8551 -1.01312 6.19538 -34.6574 -1.02384 6.14353 -34.3513 -1.01063 6.20665 -34.5056
-1.19644 7.05888 -52.7802 -0.936352 7.83583 -50.1257 0.880462 6.6237 -19.2699 1.84471
6.0282 -4.49878 -0.232305 -1.47156 -40.8078 -0.213458 -1.43448 -40.6977 -0.209994 -1.43053
-40.6655 -0.192874 -1.56995 -40.3596 -0.294985 -1.38201 -40.9697 4.5174 8.29639 -8.20457
2.57386 9.13197 -4.73785 2.30833 8.78345 -7.11522 2.69858 4.6592 -6.65109 3.85217
7.66329 -14.931 2.55947 -8.63062 -7.68853 -5.81925 6.42281 -54.852 1.63595 6.97557
-20.8084 3.43163 7.03397 -5.8829 3.47749 6.98839 -5.71141 -5.5829 7.07874 -58.3323
-4.75528 7.36826 -63.2605 1.86584 7.76949 -22.3885 1.67104 7.50093 -21.5335 -3.45875
7.91052 -65.1715 2.17885 7.98242 -22.0645 3.77125 7.51754 -5.05165 3.62736 7.28963
-5.47376 3.83029 7.53592 -4.45878 2.86895 11.3555 -2.37378 1.40685 2.96285 55.16
1.49848 2.84149 54.6311 -0.188559 8.26228 23.5297 -0.170359 7.20743 26.1715 -0.169309
7.15448 26.3064 1.19856 3.36731 55.5074 1.31608 3.10837 55.6975 3.20362 -1.85521
3.52502 3.20362 -1.85521 3.52502 -0.552224 -1.89871 1.19923 0.821766 -4.61418 -5.04087
-0.0214719 -0.894245 39.5451 -0.0555434 -0.963552 39.2543 -0.0340757 -0.872641 39.4536 -0.0295313
-0.862099 39.4756 0.00294065 -0.862618 39.6179 -0.438058 1.11721 2.55831 -2.77984 -10.9538
-5.38706 -1.01964 -11.7624 -7.12365 -3.45767 -8.01787 8.99693 4.52261 4.95742 52.3251
-2.54825 2.14543 6.18836 -2.2938 6.88553 6.31747 1.40019 5.80601 1.81729 -2.86248
-10.9184 -5.30646 3.46862 5.83363 54.7859 1.91205 6.49393 57.6048 -1.64473 11.1306
27.2196 0.678793 7.36931 57.4563 -1.21287 4.24756 -40.8326 -1.21835 3.99266 -34.728
-0.6532 0.512257 5.264 -1.38246 1.26196 9.8715 -1.24152 2.88278 -7.62038 2.72383
-11.4719 -4.81308 5.01964 -12.3967 -18.1997 4.95974 -4.05511 -11.0067 -18.3132 0.940091
-59.3498 -18.5106 0.887309 -59.72 -18.0269 9.29684 -62.2626 -0.526495 10.5678 -29.4076
4.84024 3.25031 -4.72966 4.10748 8.67547 -3.61224 3.59754 6.29131 -2.31321 4.51472
7.0857 -15.8337 3.61623 8.96983 -5.40229 1.01423 3.68843 53.8326 1.24804 3.33629
58.4247 1.36385 3.07821 60.7756 -0.0942885 -1.14828 33.5745 -1.83922 -6.48409 3.45962
-0.0063378 -0.872303 35.1007 3.95275 3.17136 55.1452 2.64679 4.2978 62.2703 3.62895
3.84407 59.4636 1.72738 4.69037 61.8882 1.93398 -0.528339 -9.57214 2.54187 0.00490031
1.47139 1.46845 -1.73921 -5.8924 -1.36665 -3.26452 3.70934 0.575095 -3.03397 -3.00277
-0.827797 -9.94722 -15.8799 -0.237811 -10.5876 -19.1564 2.04338 0.260336 -1.54999 3.30746
5.30315 2.98289 4.01538 5.94918 1.92274 3.79386 1.05823 -3.12887 0.887284 -11.4974
-21.297 3.56357 -11.6011 -19.5178 4.04755 -3.54532 -9.56917 5.02646 6.84998 0.358762
4.30321 1.28482 -3.61178 -1.97151 0.774578 -13.2378 -1.08912 5.3501 -21.8164 -1.55572
3.52465 -40.9977 -2.00961 1.61768 -26.4019 -0.373208 5.70749 -53.2299 -0.646401 5.80869
-67.9028 -0.657669 5.753 -63.0663 0.199458 5.31316 -18.8493 0.209478 5.47789 -20.656
0.207318 5.50254 -20.7931 -2.57677 -0.760479 -8.15597 -0.645225 5.81835 -68.4316 0.199735
5.61166 -21.2512 -0.753025 5.86549 -70.5823 3.74479 0.550103 -47.4789 3.75378 0.508708
-47.439 3.74172 0.540895 -47.5119 4.60194 -10.6495 -21.7435 3.74193 0.547965 -47.483
3.73111 0.552748 -47.5366 6.69361 4.61782 -10.2664 6.09633 9.41549 -5.15861 6.98101
-8.36454 -27.127 3.50387 8.60103 -15.8011 1.33012 8.26193 -20.7741 -3.48658 8.42373
-63.6996 -4.47862 8.80523 -68.1868 -4.39565 8.61233 -72.336 1.11406 8.45663 -22.8197
1.08304 8.53443 -21.9116 -3.52096 8.3729 -72.6666 1.28012 8.27836 -22.525 1.3062
3.21005 48.626 1.30427 3.21808 48.7586 1.30326 3.22333 48.6871 0.266338 3.84648
20.4975 1.12889 3.98756 75.2689 1.03846 3.91919 81.5458 0.309921 3.82297 22.5721
0.352104 3.79481 23.3791 1.50045 -0.992769 -7.2532 1.95753 0.935293 3.1321 -2.61037
-2.55062 48.9161 -2.61303 -2.52975 48.843 -2.60878 -2.54083 48.8444 -2.59385 -2.53088
49.0156 -2.61246 -2.57858 48.7555 -1.49265 3.42738 15.4779 -0.240222 3.92553 22.5584
2.41785 3.92298 76.9217 -2.28558 4.63073 9.48408 -1.60115 9.28341 9.51017 -0.732162
6.28644 5.4754 -0.431079 1.91342 2.81434 -2.88647 -9.17767 6.60533 -0.281559 -10.271
-8.51128 0.0135549 4.7682 25.3115 4.39171 5.21139 86.6192 3.74935 4.96617 82.4624
0.00113436 4.53054 24.2348 -0.133748 4.90419 25.1948 4.42952 5.31111 87.4243 -1.55312
4.08831 -31.5165 -1.99444 2.78496 -46.2516 -2.57245 0.291518 -17.0742 0.205396 -2.05761
-1.80621 -1.48289 -2.11454 3.94669 -2.80359 -0.703844 -5.40287 2.23862 -1.29861 -46.8028
2.21711 -1.22253 -47.1544 2.22573 -1.18019 -47.0237 0.871706 1.01464 0.0134032 2.40357
2.0289 -3.19784 2.40464 6.17011 -2.5512 1.00819 5.15664 1.95731 0.797643 -9.84883
-6.86768 2.36959 -9.3287 -2.55359 3.6682 5.19143 -10.3307 2.84118 9.22317 -8.5832
4.19012 -8.46965 -12.7656 2.17512 -1.16252 -47.362 2.21743 -1.19579 -47.0253 2.01938
6.01076 -14.8699 -2.98646 6.22836 -72.0743 0.435088 6.05452 -21.2752 1.64769 11.1535
-27.2218 -0.687537 7.39719 -57.4796 -3.61051 7.28459 5.47573 -1.66259 7.49905 21.554
3.44246 7.91899 65.1817 4.73756 7.37229 63.2803 5.56723 7.0795 58.3626 -1.81861
-8.32428 -4.08231 -1.83201 -8.98214 -4.15849 -1.8069 -8.99766 -4.59536 0.0307082 -0.451862
-0.0136562 0.0262312 -9.06919 -0.131152 1.8476 -8.99021 4.42992 1.87212 -8.97585 3.997
1.86059 -8.31602 3.92602 -2.21784 6.43347 7.02099 -2.01032 2.0706 3.86296 0.0313752
1.09757 0.00749921 0.0321654 4.97904 0.0504138 2.29856 6.48008 -6.97044 2.0708 2.08831
-3.87647 -4.52431 6.58332 -83.1538 -4.12927 6.59462 -77.9114 0.190556 6.33711 -22.9946
0.188329 -1.23073e-39 1.1219 0.327236 -2.6057e-40 1.53065 0.083618 19.7536 5.78005 0.0334977
19.711 5.5912 0.134094 3.32316 1.77273 0.139979 2.49054e-40 2.09521 -0.616049 9.6064
2.69001 -0.268767 14.6424 4.41486 -0.264475 18.2845 5.97204 -0.389399 18.2091 7.15545
-0.317435 13.6285 5.21446 -0.0686029 21.5941 0.793547 0.0125089 13.0696 -4.21295 0.0424408
19.1452 -8.11541 0.285135 19.1377 -6.20149 0.264133 17.8478 7.6961 0.103846 19.0162
-7.69079 -0.105377 12.6909 -4.31432 0.149937 22.0117 0.806104 0.162137 12.9524 5.93498
0.229963 15.0424 6.77144 0.319593 17.8051 7.87574 0.37996 4.65726 29.6865 0.379907
4.644 29.8026 0.375568 4.67776 29.6961 -0.144145 10.9634 7.67089 -0.549515 1.44784
1.08211 -0.621776 1.23907 -0.613878 -0.575173 1.36826 1.49313 -0.175647 3.90727 -9.69079
0.0491696 5.35965 -5.14168 0.0633824 8.40794 -4.68492 -0.146581 4.12335 -9.55459 -0.126911
19.7363 3.16609 -0.384853 14.0363 2.30873 -0.356645 14.3925 2.11235 -0.108494 19.8126
2.46644 -0.215974 20.1464 -1.56022 0.232758 19.6668 4.82376 0.0109064 19.8154 3.48556
-0.110341 20.1036 -0.656796 -0.155843 20.1552 -1.4805 0.0478767 20.7807 -1.47354 -0.442038
12.1016 3.73738 -0.278139 14.3451 4.31363 -0.0588313 20.4905 -1.48919 -0.185683 13.0529
7.67797 -0.473681 11.7803 7.58011 -2.09674 7.78822 6.33756 -2.92113 5.70481 5.80524
-0.784453 2.81362 6.54121 -0.613478 -1.04707 -1.47521 -0.645622 -0.0125427 -3.17556 -0.418742
0.724643 -5.89051 0.245704 0.811104 -10.0388 0.188733 3.26237 -8.56595 0.190916 3.41309
-8.52376 -0.570944 -0.726077 -1.8063 0.162097 17.1757 -8.69887 0.521592 11.7473 -10.3346
0.73485 8.59845 -13.2789 0.119608 6.71491 -24.1666 -0.199473 3.38171 8.44191 -0.324826
6.10045 5.40483 -0.355378 4.98518 5.40458 -0.193712 3.22481 8.47672 0.60643 -1.00566
1.74471 0.576983 -0.0436029 3.41366 2.85086 2.92132 -2.42485 3.28062 5.8309 -5.43017
0.817055 2.7375 -6.30935 0.0823885 19.7304 -3.25656 0.36811 14.0258 -2.3619 0.203757
8.74317 -11.0733 -0.429245 3.9059 -79.8912 -0.790566 7.2535 -21.1621 -0.246539 10.2857
-11.3725 0.683622 12.0534 -7.67771 -0.287497 19.6295 -4.94024 -0.0817693 19.7912 -3.58915
0.150323 12.9375 -7.70414 -0.067657 13.2058 3.65941 0.105473 20.2067 1.41828 0.156877
20.1888 1.48252 0.0854246 6.2164 25.0021 0.0893584 6.14299 25.0275 -0.556768 8.26149
12.3157 0.0192241 20.5206 1.40053 -0.0742354 20.8074 1.38627 0.116716 3.97874 9.63716
-0.00924911 2.10432 11.5642 0.0902029 1.9549 10.0175 0.0894087 4.20043 9.51077 1.52981
2.31804 0.111533 1.7651 4.23337 -3.639 0.860468 9.10573 -7.0511 1.4676 2.15849
-0.342729 -0.216737 19.3852 6.28497 -0.0710953 19.3873 8.20347 -0.0612588 12.8475 4.04667
0.045177 21.758 -0.854344 0.335695 13.6944 -5.27935 0.35595 18.2226 -7.26372 0.128016
18.2876 -6.10141 -0.416001 17.7615 -8.0438 -0.2065 15.8281 -7.26933 0.0637692 13.3346
-6.26909 -0.170944 22.0809 -1.03793 0.0321903 12.6861 4.25409 -0.105717 19.2206 7.76662
-0.376569 17.7973 -7.90431 0.232785 11.7901 -4.29863 0.153109 12.4103 -5.87317 0.397995
9.8839 -4.78572 0.250482 11.192 -4.48217 0.318538 1.09747 39.3404 0.318137 1.09451
39.3903 0.317793 1.0989 39.3575 -0.853487 1.45341 -37.7973 -0.860709 1.41179 -37.9599
-0.860545 1.43633 -37.7986 -0.20114 19.7704 -5.66341 -0.164498 19.738 -5.46403 0.351533
16.2427 -7.34223 0.168933 -1.23609e-39 1.11948 1.1893 3.37424 35.666 1.18942 3.3543
35.816 1.179 3.39495 35.6726 -0.2157 19.7618 5.54213 -0.39344 14.5107 3.55813
0.028592 2.31899e-39 1.14481 0.0402592 7.29082e-41 1.1031 -0.129513 19.6024 4.96482 0.77911
8.20994 10.98 1.18504 6.6403 13.0243 -0.344901 9.62037 14.5924 -0.205684 10.0537
8.48064 0.59126 0.37201 5.08015 1.62765 0.936248 10.0562 -0.190142 0.0224815 3.19288
0.0605938 1.0572 -5.38174 -0.0945954 0.601721 0.106628 0.0221849 0.461935 -5.71224 -0.202123
1.23148 -38.5253 -0.202522 1.21605 -38.5769 -0.203361 1.22478 -38.523 -0.964817 8.25069
-11.5946 -0.756889 1.49797 -10.7205 0.387777 10.6604 -8.77366 -0.168311 8.75939 -15.8091
-0.76699 6.25305 -13.0175 0.170283 8.43799 10.0317 0.415192 6.8189 12.1382 -0.266687
10.0022 13.5255 -0.531903 10.3231 7.70484 0.640566 0.0268148 8.39211 0.974881 1.20147
11.7313 -0.772842 0.751912 4.65613 -0.239292 0.124029 -2.70302 0.39858 -0.0203269 2.42395
-0.534599 -0.361737 -3.03874 0.0229202 3.26442 -12.2798 -0.466953 0.686742 -8.92177 0.227212
6.89545 -7.81883 0.0199353 11.79 -6.86613 -0.0760714 5.6167 -11.0456 0.324804 16.1696
-5.94918 -0.00919409 20.2797 -1.21118 0.110164 20.3245 -1.10647 -0.0919146 9.33101 -12.9889
-0.43077 7.66016 -8.31841 -0.133365 20.163 -1.45077 0.555282 8.18874 -12.3352 -0.0816903
6.05852 -25.0275 -0.0774701 6.13186 -25.001 0.887333 1.44854 11.2273 1.0126 2.92072
16.1732 0.23105 10.3367 11.3738 0.273928 0.89825 1.42577 0.576588 1.0774 3.77411
-0.547131 -0.85557 -1.39154 0.00307324 0.726433 -0.697044 0.208092 4.05043 -10.8183 -0.129259
1.2084 -5.96077 0.223525 5.26012 -8.01067 0.345549 15.0274 -6.68125 0.0275838 11.2681
-8.14467 0.0678446 6.00556 -11.9205 -0.166833 12.3041 9.09744 0.257689 10.6359 10.5752
-0.559293 9.98824 12.7966 -1.74308 10.4003 3.62749 -1.27649 14.8932 2.05569 -0.36268
19.5791 2.81568 -0.223525 19.4262 3.204 -0.359219 14.2746 7.00065 0.399058 5.44603
9.34061 0.0586729 8.30356 12.3503 -0.290379 4.57936 7.29641 0.038394 1.8445 0.183677
0.547428 2.35086 3.95494 0.00502036 -1.09437 0.0797176 -0.38706 5.48141 -9.38874 -0.50144
2.42717 -3.75714 0.288604 4.50178 -7.2452 0.160915 12.2893 -9.13894 -0.0523333 8.31752
-12.4364 0.343731 14.231 -7.04186 0.344029 19.5549 -2.83876 1.26401 14.8693 -2.07271
1.73267 10.3684 -3.65503 0.55774 9.98793 -12.8103 -0.263224 10.6426 -10.6197 0.20352
19.3998 -3.23011 0.561651 -0.684559 2.06252 0.558346 -0.81665 1.67326 -0.265663 3.89965
10.8438 -0.0983924 5.88845 11.8523 -0.0422232 11.2306 8.0917 -0.372342 15.0378 6.59585
-0.275523 5.30397 8.01816 0.158958 0.746771 1.07937 0.166927 1.06154 6.2551 -0.865138
1.47768 -11.2802 -0.457704 1.23053 -3.6634 -0.13408 0.983307 -1.1854 -1.01225 2.8768
-16.1521 -0.0411788 11.8383 6.92026 0.407707 7.65109 8.36149 0.0725813 9.33753 13.0633
-0.12372 20.393 1.07077 -0.0154015 20.3434 1.16998 0.0872736 20.2175 1.39564 -0.377395
16.295 5.9457 -0.0130295 3.28754 12.3701 0.0762807 5.60756 11.1962 -0.262177 7.04218
7.90115 -0.00342064 8.01685 24.3973 -0.181693 21.1446 1.36992 0.0446648 6.67185 27.8721
0.344401 0.19453 2.38613 0.422451 0.727394 8.71723 0.69429 -0.140823 3.40942 -0.70669
0.0257898 -8.30608 -0.358018 -0.171108 -2.64846 0.942414 0.815082 -4.14839 -0.5794 4.47888
-29.7462 -0.585117 4.44368 -29.8523 -0.584555 4.45655 -29.7361 -0.192109 8.35649 -9.98116
-0.9958 1.31381 -11.5527 0.466517 10.2192 -7.56095 0.282591 10.0624 -13.5437 -0.518184
6.57829 -12.1659 0.939622 7.79453 11.6168 0.634311 5.88119 13.27 0.189546 8.45302
15.931 -0.184736 10.6318 8.90387 0.344993 0.650646 5.187 0.978959 0.718117 10.6119
0.186761 0.317526 5.67237 -0.251836 3.25962 -1.34712 -0.294938 0 -0.671172 -0.272042
0 -0.663588 0.0971666 19.7566 -5.2693 0.213793 13.2838 -2.95524 0.167877 7.72828
-14.7774 -0.843312 5.53922 -13.3411 -0.461626 7.70948 -11.1509 0.204156 10.2171 -8.66014
-0.0360255 19.6575 -4.75171 -0.128402 0 -0.615883 -0.0558456 0 -0.592841 -0.0479833
0 -1.79625 -0.303981 0 -1.72505 0.0910327 14.1784 -4.15198 0.369012 8.82933
-2.29962 0.325467 10.3221 -2.16836 0.393424 8.93148 -2.16725 -0.352806 0.0987821 -5.47619
0.301987 0.38469 -0.435958 0.357066 0.00237327 -3.46318 -1.08446 0.188762 -10.4178 -0.445084
15.8423 7.43987 -0.342394 8.73908 14.2357 -1.30381 1.91975 42.4851 -1.87872 5.82529
24.498 -1.17124 10.4746 9.72527 -2.26131 8.43079 12.5065 1.18699 3.30221 35.3687
-1.83569 4.55558 7.2068 -0.944763 2.27047 2.0034 -0.117002 1.29043 -2.34141 0.368831
2.06897 -5.00243 -0.200624 1.20402 -38.4477 1.1773 1.0582 -44.2608 1.17233 1.01043
-44.4657 1.16363 1.05136 -44.2708 1.08903 5.10159 -7.72963 0.993127 11.459 -9.28681
1.86158 9.17764 -11.3344 -0.221677 7.6915 -14.9008 -0.0351963 9.23265 4.38656 0.121575
12.1854 5.61692 0.0845557 11.6451 3.81309 0.0923941 22.4631 0.792482 -0.229017 8.4025
-2.47498 0.126467 11.5403 8.41278 0.04296 8.21761 14.256 -1.41819 3.14148 41.849
-1.0164 6.81292 10.8022 -0.378442 8.60624 8.00846 -0.308618 8.349 7.34171 -0.553936
2.60778 4.36823 -0.28653 8.8629 7.60798 0.505738 4.84235 69.7789 0.388951 4.89983
62.7938 -0.168421 4.88855 18.1051 0.209446 -1.04256 4.07229 0.272956 -0.890146 2.9529
0.18973 -0.903938 3.51945 -0.0331101 1.97231 -9.80427 0.04862 2.1412 -11.5194 -0.69688
1.02204 -2.37551 -0.203952 1.61796 -6.20282 0.01623 13.1876 -3.68474 0.282822 8.82606
-4.22406 0.451892 6.73281 -4.20944 0.0771702 11.3664 -4.24167 -0.37983 5.31354 -30.9814
-0.264529 0.135466 -36.757 -0.869357 1.04244 -45.2665 0.788126 7.23309 21.1202 0.683865
3.93721 80.4503 -0.208099 8.78894 11.0132 -0.664682 10.3844 2.54579 -0.695477 8.62897
2.84417 -0.648565 8.55295 2.63095 -0.227037 4.87848 17.7588 -0.0192526 4.91302 20.0549
1.72655 4.99422 70.2292 1.16258 4.87923 63.5677 0.0104714 4.93634 21.0846 0.998106
0.672142 8.33998 1.20927 2.1096 22.7742 0.601035 2.07712 62.4831 0.419142 -0.818409
-6.75578 -2.72271 3.07959 2.91837 -2.67244 2.41892 2.19212 -0.667618 0.692245 -4.3349
0.340109 -0.179755 -0.415518 0.271711 -2.13663 0.590354 0.41585 -2.23791 -0.0850582 0.376786
5.08745 -5.47604 0.342416 6.19433 -5.47566 0.198788 10.8143 -5.47326 0.149794 21.003
-2.30705 -0.0675726 20.3607 -2.2927 -1.85738 10.2554 2.57536 -1.13611 14.8682 3.0394
-0.51383 12.3692 5.82685 -0.153471 19.6284 3.6148 -1.69989 9.57297 5.48537 -2.12631
8.17373 12.8115 -1.94033 10.4455 6.31336 -1.12921 8.79907 4.86314 -0.944393 6.35667
6.98502 -1.4116 3.13499 7.46036 0.0311606 2.21413 0.148593 1.49634 3.24917 -7.31852
1.00608 6.44434 -7.00751 -0.242111 3.9449 -28.0604 -0.242348 3.8688 -27.6853 -0.242048
3.9605 -27.9748 -0.23714 3.97949 -27.9724 1.16655 8.80635 -4.89259 0.522534 12.369
-5.84863 0.134857 19.6026 -3.64365 1.12727 14.857 -3.0673 1.96448 10.4663 -6.31884
2.14056 8.17668 -12.808 1.69765 9.56726 -5.50303 1.06047 0.920646 -35.4001 1.04968
0.85942 -35.5962 1.00275 0.922667 -35.7752 0.118045 20.0009 1.24314 0.054358 20.1375
1.11593 0.182033 19.7612 1.53009 0.402989 7.74843 9.57645 0.0448105 9.3402 13.6242
-0.115663 6.64394 24.1984 -0.70839 8.52822 13.2741 -0.503475 11.6925 10.321 -0.160407
17.1475 8.68572 -0.147268 20.9911 2.27286 0.0628726 20.3481 2.25509 1.85288 10.2536
-2.6017 -0.375769 1.80794 30.6228 -0.373502 1.8479 30.5299 -0.37282 1.81543 30.5244
-0.370423 1.78604 30.3424 -0.268205 0.792556 9.96679 0.332151 0.661048 6.02846 -0.197159
10.7555 5.4051 0.55697 0.611791 4.55159 1.40421 2.56513 51.711 -0.218914 0.678431
35.7231 -0.992046 0.679024 -8.46054 -0.572318 1.3036 -0.128067 -0.447489 -1.64048 6.47828
-0.293252 -2.19502 -0.315079 -0.186885 -0.139547 0.468912 -0.203738 0.893701 0.681784 -0.402192
-1.12552 6.89209 2.54249 8.38004 -6.32137 2.74228 2.1891 -1.66879 0.0671636 19.8179
-2.5482 0.340084 14.3865 -2.16451 0.0612486 20.1479 0.622511 0.280359 14.4088 -4.43759
0.452276 12.2053 -3.85883 -1.11222 5.12145 -62.9761 -1.75401 5.25049 -69.4673 0.0421015
5.15059 -19.9265 0.276397 5.1093 -17.6794 0.000628247 5.17074 -20.9311 -1.81795 5.31265
-72.1586 0.718113 8.79492 -2.96174 0.676186 10.5246 -2.65884 0.66621 8.71411 -2.73343
-0.466231 6.78621 4.20278 -0.311169 8.90273 4.2058 -0.111565 8.50654 4.64514 -0.098148
5.44751 5.09892 -0.124465 11.4448 4.20932 0.0214298 -0.960939 -3.55879 0.0466315 -0.92341
-3.76269 0.0317445 -0.825617 -3.09894 1.31042 1.78293 1.68763 0.300573 1.63784 6.73128
1.05771 1.16697 3.50068 -0.582539 4.40914 -29.5464 0.365768 12.3619 -7.64255 0.925577
9.30874 -7.97465 1.81314 7.43617 -10.7834 1.83657 2.75274 -41.6834 0.199936 8.83828
-14.2959 0.114721 11.6607 -9.25312 0.756513 9.66324 -7.44194 0.253833 10.7825 -4.46425
-0.0838466 22.4939 -1.02449 0.26221 9.76421 -4.41957 0.109141 9.93104 2.24053 0.136988
8.33342 2.37319 0.123976 8.45765 2.26713 -1.06871 0.786769 44.1801 -1.07663 0.744534
44.3739 -1.08119 0.793207 44.1715 -0.858767 11.4741 9.61317 0.189678 7.64535 14.9305
-1.71646 9.08797 11.5754 -0.85293 5.15381 8.034 -0.23787 2.22747 5.06377 -1.05686
0.770073 44.6734 0.0278663 1.36385 2.4599 0.938355 2.36236 -1.72547 1.97241 4.66229
-7.20307 1.22927 10.6506 -10.0127 1.95108 5.44348 -25.7671 1.47508 1.28584 -43.7053
0.253064 8.10162 -14.3893 -0.459787 0 -1.13021 2.29152 8.42525 -12.9113 0.0115412
4.40828 -20.8989 0.203692 4.32366 -18.3361 -0.890349 4.4173 -68.6817 -1.57501 4.49157
-76.0427 1.19106 3.39431 36.2913 1.29133 5.81944 63.2876 -0.331208 5.87848 17.7623
-0.625568 9.94486 2.13745 -0.293851 5.24098 18.1259 1.26892 5.3189 66.8712 0.864585
0.265187 4.11351 1.58087 1.04677 9.99063 1.01771 -0.259645 3.02935 0.642932 -1.61652
-3.76088 0.221498 0.515593 1.026 0.0569015 0.601011 -1.57398 -0.184766 -1.85522 7.96854
0.195496 -2.11959 1.89896 -0.365032 0.969023 -8.34387 0.23754 -1.59517 0.481891 1.1519
1.03405 -44.7635 -0.789273 3.5873 -72.2479 -0.345768 3.65622 -19.413 0.381931 4.66747
30.0088 0.376641 4.6117 29.4949 0.81766 1.65075 11.0997 0.683352 0.498719 5.0563
0.15528 0.795915 -9.3309 0.0883557 1.83351 1.05315 0.177374 -1.01466 4.26945 0.0317186
0.161797 -0.752667 0.619523 0.411284 0.961192 0.52714 -0.275572 -1.58065 -0.455561 0.526763
-5.20424 -0.187209 1.36381 -12.2153 -0.267705 0.149072 -2.64316 -0.331427 -0.592454 7.33284
-1.63327 2.19064 -55.9888 0.681011 1.24437 0.154123 0.362125 0.851397 -0.455183 0.558224
-1.33754 -6.56826 0.304261 0.773897 -0.568427 0.0701713 2.51231 -9.99335 -0.228211 0.928753
-3.32038 -0.433381 -1.66522 3.87124 -0.208481 -0.319392 -1.79145 0.243405 0.698259 -35.6978
-1.42349 2.65573 -51.5515 0.269265 4.04592 28.1396 0.26974 3.95541 27.8491 0.269426
4.03085 28.2265 0.264303 4.06493 28.1374 0.311307 6.83565 12.9678 0.379051 3.94814
7.47926 0.328522 -1.58173 -0.377192 -1.00491 0.919319 35.7317 -1.05202 0.856143 35.5505
-1.06266 0.917365 35.3549 -1.11703 5.90104 18.7944 -2.1935 6.39407 5.14275 2.32911
5.38587 48.1563 0.0436956 1.43406 0.117118 0.402122 1.77418 1.18429 0.45589 -3.10382
-4.03816 0.0400347 -4.08544 -0.330363 -0.345337 1.84461 -1.09803 -0.358511 3.97016 -7.54484
-0.296223 -1.7192 0.373059 -0.392387 -3.19883 3.63941 -0.30315 6.83999 -13.0301 -2.31979
5.39357 -48.0489 1.13009 5.90633 -18.7757 2.19477 6.3969 -5.15836 -0.171372 -2.05636
-1.00095 -0.110664 2.36375 9.98131 0.170444 3.53288 12.9945 0.188496 -0.217095 1.6287
0.258773 0.873718 3.48479 -0.136633 0.812749 0.832312 0.427346 -1.40443 -4.33145 -1.20304
2.12464 -22.8394 -0.365268 1.98267 -61.8391 0.385394 5.3991 30.9862 0.874627 1.14334
45.1437 0.276565 0.244938 36.5172 1.7413 2.57156 59.9505 1.62998 2.28072 56.0133
1.52473 2.84972 61.1464 -0.0871046 -0.849715 -2.51672 0.116003 0.215511 0.458234 0.483322
0.591652 5.06484 0.446503 -0.351446 -6.93055 0.311244 0.25547 2.81587 0.217193 1.35547
12.3048 -0.651877 0.201472 -1.18807 -0.916052 0.300699 -5.17693 -0.410081 0.55214 9.16014
-0.524226 -0.401849 1.70398 -0.970423 1.4984 -11.1655 -0.351773 1.4402 -1.26296 -0.629132
5.90105 -60.9402 -1.09392 5.8897 -67.2584 -1.06361 5.8867 -66.0902 0.18683 5.77408
-20.11 0.424801 5.8207 -17.9177 0.179252 5.74671 -20.3999 -1.09625 5.88993 -67.2897
0.162419 5.71292 -21.0099 -0.983622 5.89143 -70.0306 0.316729 1.08138 39.2863 0.513487
0.559111 8.71891 0.281145 0.427967 1.83571 0.387124 -1.29385 -7.01337 -0.105019 -1.05116
0.508587 1.04414 3.83421 84.0863 0.406009 3.67941 21.9139 1.0636 3.67635 79.7592
0.817299 3.50882 72.3216 0.335348 3.56391 19.3826 0.397296 3.74811 23.1285 1.08353
3.77345 83.5273 -0.0356105 4.43816 -22.0324 -1.76588 4.50031 -79.61 -0.205322 1.22505
-38.6801 0.152297 9.4315 -2.35301 -0.0793767 5.07714 -19.251 -1.1607 4.80512 -69.8875
-0.86183 1.38365 -37.5036 -0.0337482 0.413084 -0.951087 -0.0720832 -1.67088 -0.889531 -0.687109
0.159559 -4.2733 -0.567769 -1.1032 4.76417 -0.946468 -0.479307 -2.67003 -1.22101 0.130889
-10.4318 0.0484908 1.78971e-37 1.51209 0.572598 7.02565 12.0308 -0.28327 8.91306 8.1723
0.00904801 21.6079 5.92059 0.117683 16.8922 -7.58827 -0.466123 8.78632 6.53539 -0.104734
16.9648 7.59297 1.74799 2.68914 9.7066 0.999483 4.95 13.1796 -0.191693 0
-1.37255 -0.182094 5.08114 -2.43352 -0.228015 0 -1.39399 -0.151404 21.65 -5.89606
-0.406906 5.11486 11.8165 -1.2067 3.16675 -48.5812 -1.2075 3.16925 -48.7806 -0.328813
3.60739 -12.7495 0.186659 4.05215 11.9913 -1.64305 2.34399 -37.83 -1.83356 1.9843
-33.4495 -1.97618 1.57935 -26.4958 -1.8629 2.60436 -34.102 1.8553 2.54228 34.147
1.90796 1.94925 33.602 1.71371 2.32425 37.9997 2.04598 1.52313 26.6176 0.0702516
5.02583 -11.8615 -0.0545986 8.5049 -8.08105 1.30349 3.22018 48.8747 1.30191 3.21789
48.6752 0.266879 3.68656 12.7244 0.241793 4.51543 -11.7467 4.5038 7.27406 67.6893
-0.666222 6.96839 21.8781 -0.651317 6.95286 22.6994 4.77838 7.19488 71.8157 -0.875342
6.87788 22.3849 3.90909 7.10181 72.0129 -2.05636 10.7124 3.7651 0.276358 4.54098
22.8967 -0.405765 7.2942 8.15332 1.1691 4.19604 43.5774 1.42623 5.09799 71.0179
1.58677 5.08737 73.4199 -0.214097 4.93446 18.3907 1.26005 5.10471 64.9244 -0.306229
4.83573 10.823 -2.45764 9.87887 12.7055 0.412058 7.43748 -8.15728 -0.293303 4.71195
-22.7425 -1.22341 4.35221 -43.1944 -1.31692 5.32849 -64.3109 0.223732 5.13714 -18.2925
0.313759 5.02147 -10.8028 -2.60123 7.49126 -58.9553 1.19231 7.1234 -19.3315 2.82793
7.20488 -15.2934 2.54765 10.0413 -12.6811 0.677156 7.10975 -22.6235 -4.8564 7.33206
-71.6212 -3.98474 7.22188 -71.8766 0.903031 7.02047 -22.3209 -3.53396 7.40517 -63.0374
0.903064 7.10199 -20.7868 0.695115 7.13988 -21.7962 -4.56529 7.43041 -67.4473 -0.146363
1.74866 -30.5956 -0.146924 1.74072 -30.4734 -0.147116 1.75023 -30.5535 -0.146288 1.76493
-30.5565 -0.00774326 8.49014 13.8494 -1.26769 2.38425 39.7825 -1.45892 9.17108 10.0091
-1.67822e-05 8.59847 13.541 0.00276754 8.54104 13.6333 -0.132868 20.0059 -1.27515 -0.06411
20.1409 -1.14547 -0.0519967 9.40469 -13.6159 -0.416175 7.82305 -9.6226 -0.200594 19.7699
-1.56208 0.55363 7.9531 -5.82579 0.646432 7.20031 -5.91872 -0.275309 19.8439 -2.02211
-0.615514 7.10183 5.89146 -0.528821 7.86289 5.78998 0.259818 19.8319 1.98572 1.83874
9.56144 -10.2281 1.53522 2.4083 -39.7635 0.0611043 8.63252 -13.8632 0.0511039 8.74105
-13.5562 0.048808 8.68441 -13.6473 1.03396 2.9209 -44.1702 -0.450979 2.8077 -12.6241
0.384885 1.87163 -30.3632 0.385613 1.90362 -30.3683 0.387975 1.86356 -30.4604 0.382343
1.8402 -30.1831 -0.186372 3.68083 -13.0386 0.150935 1.7521 30.8782 0.150917 1.74316
30.7979 0.150181 1.75066 30.9208 0.150056 1.76693 30.881 0.454804 2.7583 12.7547
-2.8692 3.08569 8.187 -2.36121 7.55908 11.8013 -3.25528 -2.94309 10.9458 -2.64755
-3.73341 7.64566 -2.60969 2.60715 6.80657 -2.32086 3.8692 7.6649 -1.98488 -4.57893
4.12496 -1.72618 0.996669 2.17953 -0.316898 -4.38671 7.06178 0.0299091 -3.64021 7.46006
0.165648 1.0716 -1.50257 -0.284831 0.400172 -0.0182065 1.17522 0.972301 -44.1105 1.36194
3.31658 -6.77251 1.43267 -2.81301 -4.45564 -2.83342 -0.0110144 18.4787 -1.9468 -2.16686
12.32 -1.19575 0.635037 1.53757 -1.70096 1.96208 6.8431 -1.87429 -2.20555 12.5493
-0.997296 0.543344 1.0505 -0.203588 -0.414503 2.16231 -0.256733 -2.43365 10.0068 0.170651
-1.95374 -5.40605 -0.04904 1.38789 -8.83851 -0.094773 1.05598 -5.81647 -0.101479 1.00997
-5.21047 -0.694247 0.403465 0.314845 -0.807866 -2.7662 15.8636 -0.286631 -2.74915 16.5052
-0.131488 0.76195 -1.91386 -0.359653 -2.54632 13.7315 0.449224 2.26202 -6.3254 -0.807592
2.85533 44.298 1.75647 5.0575 72.9931 -3.07057 5.69543 8.02294 -3.4058 -0.893662
15.0699 -4.08781 -3.61883 3.46587 -4.09972 -2.85374 3.16653 -3.96412 4.07772 4.74051
-3.64344 3.15908 4.00552 -4.11672 -3.73619 2.96601 -2.88094 -5.63307 4.56074 -0.497934
-4.88571 9.11971 -0.534768 -0.35424 -1.78398 -2.90484 1.05103 2.32133 0.223268 0.181063
-5.01509 -0.0577 -0.0162609 -3.82481 0.108064 -3.38263 10.7985 0.122474 -3.34788 10.8371
0.861583 -1.92324 -4.35081 0.502083 1.40175 -7.23213 0.943635 2.7025 -6.66836 -1.06108
0.789145 35.2052 -1.0677 0.901915 35.3144 -1.73039 -4.89728 4.91106 -1.43123 4.09146
6.34395 -2.79816 6.73677 6.47957 -0.994834 1.86185 4.24106 -0.385464 -5.66316 -5.98251
0.100443 -5.73906 -0.452882 0.0767031 1.1618 0.0171433 0.554357 -5.66724 5.41116 1.79332
-4.931 -5.13242 1.51254 4.18121 -6.4598 1.14007 1.96032 -4.29763 1.06568 0.905357
-35.36 1.05949 0.79201 -35.2529 2.83294 6.7589 -6.51487 -0.893775 2.58734 6.63631
-0.840001 -1.88811 4.23144 -0.481478 1.33767 7.12211 -0.14375 -3.33081 -11.2203 -0.131844
-3.37057 -11.1908 0.0021566 -0.114206 3.66408 -0.233617 0.124348 4.81509 0.365321 -5.09066
-9.90952 0.401614 -0.522638 1.69056 4.02001 3.06055 -4.05223 4.53706 -3.24813 -4.3867
4.44829 4.09076 -4.8207 3.77608 -1.12411 -15.7637 3.5454 6.17807 -8.23123 4.51664
-4.05616 -4.80338 3.03387 0.696653 -2.29123 3.03812 -6.14562 -5.89736 4.54804 -4.18246
-4.33123 -0.227618 -1.88824 4.89691 -0.0095563 1.4316 8.61223 -0.456103 2.34222 6.25253
0.0896165 0.991987 5.47431 0.190821 -2.44681 -11.0082 0.172699 -0.454474 -2.77637 0.100315
0.942184 4.87751 1.38799 0.609993 -1.06581 1.73347 -3.5843 -16.1584 1.80004 -3.60748
-15.9814 1.77799 0.814944 -1.47832 0.292906 -2.58029 -14.9049 0.246017 -2.86342 -18.7095
0.151727 0.672445 1.61307 0.624738 -3.20759 -19.0431 0.790044 0.296661 -0.438836 2.7163
2.59233 -6.68424 3.25144 -1.94214 -20.8053 -1.07997 0.705881 44.0164 -1.39524 -3.13817
4.10776 -0.23105 -3.69447 -7.82724 -0.219148 1.27922 1.40632 -1.21181 3.31785 6.85046
3.21868 -3.39247 -11.7232 2.39693 7.47988 -12.1076 2.89554 2.96683 -8.27573 2.57366
2.5012 -6.82749 2.44729 -4.19658 -8.42386 2.41907 3.84651 -7.71958 -0.0547732 0.49494
0.0614219 -0.180084 -4.49082 -7.5814 1.60992 -5.05689 -4.90439 1.47414 0.923223 -1.94171
-0.145799 1.75338 -30.6498 0.387441 1.87725 -30.6075 0.273372 4.06579 28.3825 -0.245941
3.9807 -28.2165 0.14957 1.75522 30.9755 -0.585959 4.46931 -30.0568 0.31868 1.08913
39.414 -0.375305 1.82116 30.7711 -0.857599 1.42915 -38.4208 -1.27446 8.03859 -42.2949
-1.2611 8.02536 -41.9766 -1.2444 8.06781 -41.7796 -2.13374 5.44047 -45.7611 -2.08668
5.27494 -43.5898 -0.263585 6.06997 -27.2535 -3.90417 6.72718 -79.8604 -3.60904 4.04538
-51.6585 0.871908 6.20941 -14.0545 0.581753 6.49141 -22.4222 -0.605557 3.6355 2.1045
-1.42814 12.5541 2.80735 -1.44 12.2149 2.88409 -0.269638 4.50591e-39 1.81757 0.626115
10.9492 -23.779 0.151131 24.268 -1.72388 1.26127 8.04216 41.7915 1.27809 7.9994
41.9886 1.29105 8.01315 42.3069 -0.306694 10.1332 19.1226 -0.205292 9.84973 17.4886
1.54907 2.79766 35.479 1.30156 3.7218 44.695 0.930017 5.1142 58.5197 -2.26622
8.30937 -68.9512 -2.28918 5.1348 -43.7142 1.39371 7.79816 -13.3904 1.50233 8.10987
-20.9112 0.303122 24.1851 -2.49085 -2.0186 17.394 2.2745 -0.294761 24.1807 2.48647
-1.09735 18.646 13.2382 -1.80418 12.5856 24.8043 -2.558 8.30348 -69.8219 1.49634
8.11183 -20.9561 -0.246771 7.78619 -56.2917 1.80739 12.6068 -24.8088 0.370779 6.38072
-23.6614 1.25879 11.4164 -3.09462 0.00721938 25.6943 0.644486 -1.39627 13.1962 4.40698
-1.83331 12.7884 3.01692 -2.61487 7.17615 -67.9315 1.39564 6.79752 -12.3867 1.25362
6.98188 -20.3825 -0.654895 6.22343 22.4553 3.65722 6.40835 79.6905 -0.445289 6.10688
23.6978 0.411293 4.85959 -23.9006 -4.02516 5.19029 -84.3486 -1.29858 7.27739 21.1961
-1.31008 7.67976 20.0022 -1.30366 7.2758 21.1504 2.05388 7.6117 69.3003 2.31001
7.60421 70.1797 -0.930436 5.14304 -58.4437 -1.92346 10.7001 22.7479 -0.662346 12.9964
19.2119 2.16104 9.02211 63.2603 -2.172 9.01224 -63.2508 0.664366 12.9851 -19.2106
1.92919 10.6917 -22.7311 1.878 13.2895 -23.7076 1.10381 18.654 -13.2521 -3.1611
11.4239 4.19915 2.03067 17.3904 -2.28245 -1.87468 13.269 23.702 3.17573 11.4204
-4.19448 -0.28301 8.2734 54.8214 0.238041 7.75866 56.258 1.51341 8.5018 -19.7828
-0.372149 5.0803 23.9451 4.06466 5.44575 84.7351 0.274295 8.30048 -54.8673 -1.22632
7.63386 12.3328 -1.18487 6.98604 13.5533 2.16891 4.64098 43.9272 -1.2951 3.76955
-44.6743 -1.53802 2.858 -35.4953 0.238008 9.85176 -17.455 0.337462 10.1323 -19.0762
-1.18401 12.5668 18.2428 1.04127 5.4727 35.3705 2.97579 4.10651 55.0285 2.9974
4.10545 55.274 3.00634 4.113 55.5253 1.53236 11.4175 -2.75536 -0.934681 5.93715
14.1182 3.42472 3.90717 51.3561 -1.61228 11.2332 2.82313 -2.98735 4.00033 -55.2814
-2.97858 3.99401 -55.0313 -2.95681 3.99445 -54.7871 0.59436 4.69803 -15.4266 1.45869
10.0704 -3.25529 -1.49567 11.8546 4.39918 -1.04677 5.49759 -35.4122 1.18766 12.5859
-18.2358 1.44412 8.42557 -12.2032 1.77664 12.5761 -4.36785 -1.42115 10.2428 3.14466
-0.549534 4.91082 15.4364 -1.21994 6.84789 20.4315 2.55935 7.06451 68.0191 0.26464
5.95699 27.2844 2.04684 5.17647 43.6153 2.09251 5.3408 45.7921 -1.35737 6.67136
12.4225 -1.97982 11.2463 3.15812 2.03457 11.3625 -3.15429 -0.189744 26.516 1.46797
-0.224383 26.2269 1.52114 -0.449883 -0 2.12333 -0.359529 0 2.04437 -0.152523
26.7157 1.42592 -0.279669 0 1.98053 -0.124214 26.8699 1.38976 -0.219222 0
1.92508 -0.10796 27.0189 1.35574 -0.178281 0 1.87295 -0.101304 27.1895 1.3219
-0.151846 0 1.82145 -0.0997362 27.3931 1.28779 -0.133759 0 1.76985 -0.0992279
27.6306 1.25372 -0.119188 -0 1.71853 -0.0973636 27.898 1.22018 -0.105401 -0
1.66813 -0.0936757 28.1914 1.18751 -0.0919386 -0 1.61905 -0.0893736 28.5095 1.15581
-0.0802305 -0 1.57136 -0.0876568 28.8547 1.12512 -0.0748471 -0 1.52501 -0.092142
29.2329 1.09534 -0.0806692 -0 1.47995 -0.104106 29.6516 1.06646 -0.0991916 -0
1.43664 -0.127505 30.1136 1.04167 -0.143637 -0 1.39926 -0.178533 30.6105 1.01409
-0.256989 -0 1.35483 -0.252997 31.213 1.03183 -0.37134 -0 1.38543 -0.367944
32.2425 1.00588 -0.451515 -0 1.34228 -0.500966 39.7355 0.781064 -0.519588 -0
1.01757 -0.482105 -0 0.78029 -0.40502 34.5509 0.596549 0.0185231 24.2648 -0.686448
0.0574844 23.9309 -0.709993 0.00179845 24.5092 -0.66579 -0.00221238 24.7092 -0.646672 -0.00308318
24.9037 -0.627958 -0.00636845 25.1177 -0.609165 -0.0128045 25.3622 -0.590302 -0.0205343 25.6379
-0.571548 -0.0273536 25.9416 -0.553074 -0.0319234 26.2709 -0.535026 -0.0338368 26.6257 -0.517457
-0.0335627 27.0101 -0.500191 -0.0327258 27.4298 -0.48311 -0.0319061 27.891 -0.466767 -0.0258412
28.3962 -0.452426 -0.00749235 28.9502 -0.434606 0.0170084 29.6105 -0.4471 0.0572874 30.7365
-0.428677 0.111533 38.5289 -0.306898 0.0790622 33.7448 -0.218394 -0.0803563 30.1159 -1.20549
-0.0222315 29.9962 -1.24236 -0.108156 30.1721 -1.17528 -0.116299 30.2082 -1.14847 -0.117355
30.2557 -1.12269 -0.119783 30.3306 -1.09679 -0.125984 30.4375 -1.07059 -0.134562 30.5749
-1.04434 -0.143058 30.7401 -1.01836 -0.14961 30.9316 -0.992907 -0.153215 31.1497 -0.968113
-0.15334 31.3973 -0.943951 -0.150113 31.6801 -0.920355 -0.143799 32.0008 -0.897321 -0.13157
32.3561 -0.877168 -0.102225 32.7175 -0.856047 -0.0483111 33.2441 -0.868903 0.0520553 34.1035
-0.844145 0.173398 41.0828 -0.649402 0.128998 35.2764 -0.484908 -0.264036 30.4888 1.22313
-0.271101 30.3957 1.26363 -0.248274 30.5331 1.18683 -0.237572 30.5704 1.15229 -0.235821
30.6271 1.11809 -0.240981 30.7137 1.08392 -0.249243 30.8304 1.04998 -0.257155 30.9746
1.01655 -0.262724 31.1441 0.983842 -0.265739 31.3389 0.952041 -0.267685 31.5608 0.921139
-0.270811 31.8139 0.890959 -0.276639 32.1032 0.861523 -0.287171 32.4302 0.833433 -0.31004
32.7918 0.809758 -0.357764 33.1543 0.779737 -0.40478 33.6559 0.806846 -0.468821 34.4863
0.781819 -0.564447 41.403 0.572545 -0.460485 35.482 0.419289 -0.314204 23.8394 1.22523
-0.335036 23.5574 1.25623 -0.299892 24.0748 1.19816 -0.297946 24.2999 1.17231 -0.304891
24.5379 1.1464 -0.314782 24.7984 1.12022 -0.323408 25.0834 1.09398 -0.328647 25.392
1.06791 -0.330193 25.7234 1.04221 -0.328969 26.0791 1.01695 -0.326509 26.4625 0.992085
-0.324332 26.8784 0.96767 -0.324317 27.3327 0.94417 -0.330892 27.8321 0.921951 -0.35271
28.3772 0.904588 -0.405039 28.9547 0.879248 -0.458458 29.5619 0.909024 -0.533518 30.6856
0.885707 -0.655915 38.551 0.662862 -0.5366 33.7652 0.489511 -0.0629461 24.2028 -1.097
-0.0392737 23.9624 -1.14614 -0.0806979 24.4047 -1.05216 -0.0989069 24.5976 -1.01001 -0.118432
24.802 -0.969468 -0.1376 25.0278 -0.93009 -0.154513 25.2778 -0.891804 -0.167853 25.5519
-0.854619 -0.177147 25.8503 -0.818641 -0.182338 26.1746 -0.783996 -0.183402 26.5281 -0.750599
-0.181316 26.9154 -0.718187 -0.178668 27.3432 -0.686572 -0.177822 27.8202 -0.656014 -0.17667
28.3458 -0.627913 -0.167173 28.9036 -0.606657 -0.12616 29.4744 -0.612078 -0.0441085 30.5827
-0.578683 0.0248037 38.4616 -0.423321 -0.000808167 33.6806 -0.306962 -0.205318 29.4899 -0.194454
-0.188566 29.4765 -0.201783 -0.206002 29.4987 -0.189423 -0.204844 29.5173 -0.18528 -0.207652
29.5552 -0.181234 -0.214396 29.6172 -0.177011 -0.22268 29.705 -0.172592 -0.230427 29.8189
-0.168059 -0.236548 29.9601 -0.163533 -0.240529 30.1308 -0.159135 -0.241876 30.3345 -0.154733
-0.241832 30.5769 -0.150221 -0.2439 30.8641 -0.145823 -0.250241 31.1987 -0.141432 -0.260761
31.5722 -0.136315 -0.274322 31.9534 -0.138333 -0.26493 32.3829 -0.138246 -0.226279 33.2326
-0.137285 -0.201047 40.4268 -0.115825 -0.171498 34.8255 -0.0881118 -0.321758 25.2361 1.69994
-0.32808 25.0877 1.75154 -0.30721 25.3933 1.65003 -0.293682 25.5665 1.60132 -0.285088
25.7583 1.55373 -0.281494 25.9688 1.50734 -0.281066 26.1984 1.46221 -0.282205 26.4486
1.41832 -0.284327 26.7218 1.37563 -0.287896 27.0209 1.33395 -0.29295 27.3497 1.29305
-0.299046 27.7164 1.25304 -0.308155 28.13 1.21417 -0.324387 28.5953 1.17745 -0.35686
29.1064 1.14859 -0.426828 29.6363 1.11434 -0.509537 30.1372 1.14073 -0.625552 31.1925
1.0858 -0.783973 38.9603 0.784241 -0.628189 33.9606 0.560158 -0.12541 20.83 -0.0541281
-0.118694 20.5947 -0.0687956 -0.121664 21.0779 -0.03968 -0.116722 21.3449 -0.0261006 -0.114974
21.6315 -0.0134641 -0.116942 21.9362 -0.0017765 -0.120653 22.2581 0.00904644 -0.123872 22.5991
0.0191206 -0.125376 22.963 0.0285698 -0.125645 23.354 0.0374324 -0.126451 23.7762 0.0455076
-0.128543 24.2368 0.0529164 -0.132451 24.7465 0.0599873 -0.139526 25.3134 0.0667778 -0.150787
25.9352 0.0734259 -0.167208 26.5903 0.0786932 -0.181014 27.1661 0.090471 -0.19301 28.4633
0.0922488 -0.219887 36.9362 0.0693583 -0.182803 32.753 0.0482713 -0.10345 25.5416 -1.34788
-0.0936748 25.5014 -1.38891 -0.0985737 25.6126 -1.30693 -0.0917778 25.717 -1.26677 -0.0887565
25.8495 -1.22758 -0.090063 26.0043 -1.18951 -0.0930818 26.1784 -1.15258 -0.0948432 26.3736
-1.1167 -0.0933452 26.5944 -1.08173 -0.0878839 26.8464 -1.04737 -0.0800344 27.1351 -1.01343
-0.0725315 27.4667 -0.980056 -0.0661471 27.8492 -0.947464 -0.0592346 28.2876 -0.916503 -0.045217
28.7751 -0.890989 -0.00863298 29.2767 -0.866981 0.0521049 29.7292 -0.87845 0.158059 30.7854
-0.832081 0.278029 38.6373 -0.606484 0.214227 33.7322 -0.434242 -0.246152 27.7053 0.911
-0.255946 27.7183 0.966321 -0.23089 27.7333 0.858175 -0.213647 27.8007 0.808828 -0.197039
27.898 0.763531 -0.182614 28.0162 0.722432 -0.170783 28.1511 0.685237 -0.160908 28.3046
0.651404 -0.152153 28.4816 0.620377 -0.143906 28.6881 0.591768 -0.136447 28.9304 0.565348
-0.131254 29.216 0.540684 -0.129029 29.5513 0.517574 -0.130166 29.9385 0.496469 -0.137864
30.368 0.479429 -0.159825 30.8031 0.461221 -0.189546 31.2007 0.460552 -0.236015 32.1182
0.428501 -0.296171 39.6089 0.306849 -0.236713 34.2957 0.218028 -0.260124 20.8525 1.33285
-0.274226 20.5445 1.39554 -0.245898 21.1874 1.27237 -0.230141 21.5446 1.2152 -0.213283
21.9138 1.16193 -0.196594 22.2863 1.11278 -0.181456 22.6584 1.06752 -0.168364 23.0332
1.02562 -0.157281 23.418 0.98651 -0.148179 23.8215 0.949688 -0.141117 24.2528 0.914746
-0.136312 24.721 0.881393 -0.134074 25.2348 0.849668 -0.135813 25.8014 0.820338 -0.146985
26.4192 0.796316 -0.177551 27.0592 0.77306 -0.227379 27.616 0.779212 -0.314627 28.8881
0.728396 -0.419768 37.2578 0.523139 -0.330788 32.9213 0.371728 0.254468 20.8684 -1.34051
0.266958 20.561 -1.4033 0.241796 21.203 -1.27982 0.226953 21.56 -1.22239 0.210095
21.9294 -1.16883 0.192676 22.3019 -1.11942 0.176603 22.6739 -1.07393 0.162913 23.0483
-1.03179 0.151944 23.4327 -0.992412 0.143889 23.8359 -0.955262 0.1388 24.2669 -0.919886
0.136445 24.735 -0.885988 0.136809 25.2488 -0.85361 0.141557 25.815 -0.823473 0.157222
26.4311 -0.798632 0.198929 27.0678 -0.773917 0.257905 27.627 -0.779857 0.34254 28.9018
-0.730429 0.441295 37.2657 -0.526759 0.344024 32.9239 -0.376661 0.239714 27.7231 -0.906931
0.247389 27.7364 -0.962289 0.226048 27.751 -0.854112 0.209284 27.8188 -0.804774 0.192172
27.9165 -0.759463 0.176672 28.0348 -0.718343 0.163678 28.1691 -0.681111 0.152995 28.3213
-0.647202 0.144103 28.4964 -0.61606 0.136805 28.7007 -0.587308 0.131939 28.9408 -0.560506
0.130154 29.2245 -0.53524 0.131165 29.5578 -0.511432 0.135566 29.9422 -0.489366 0.146278
30.3675 -0.470892 0.168963 30.7974 -0.450256 0.197263 31.1978 -0.448095 0.2409 32.1208
-0.417821 0.297579 39.6114 -0.300963 0.231966 34.3014 -0.215595 0.0981069 25.5297 1.35384
0.086717 25.49 1.39499 0.0939826 25.6022 1.31237 0.0868196 25.7088 1.27155 0.0827183
25.8433 1.23167 0.0827736 25.9992 1.19295 0.0847435 26.1734 1.15539 0.0859246 26.3677
1.11889 0.084448 26.5866 1.08329 0.0797633 26.8357 1.04825 0.0739842 27.1208 1.01366
0.0694769 27.4498 0.979685 0.0661951 27.8305 0.946522 0.0624806 28.2661 0.915159 0.0518724
28.7504 0.889413 0.0184803 29.2483 0.866264 -0.0400301 29.7018 0.876882 -0.14628 30.766
0.828522 -0.268131 38.6301 0.602362 -0.211701 33.7414 0.429609 0.122369 20.8145 0.0493269
0.112998 20.5781 0.0642694 0.120218 21.067 0.034515 0.115985 21.3397 0.0205375 0.11429
21.6314 0.00748425 0.116135 21.9396 -0.00461488 0.120006 22.2639 -0.0158373 0.123839 22.6063
-0.0262864 0.126349 22.9707 -0.0360402 0.12771 23.3615 -0.0451219 0.129093 23.7831 -0.0535807
0.131898 24.244 -0.0615042 0.137323 24.7548 -0.0689925 0.146154 25.3215 -0.0761756 0.159448
25.9416 -0.0835067 0.180873 26.5919 -0.0889081 0.20071 27.1738 -0.102624 0.212715 28.4821
-0.105152 0.235838 36.9552 -0.0796169 0.19052 32.7762 -0.0576802 0.311007 25.4079 -1.65614
0.321945 25.2456 -1.70682 0.299048 25.5868 -1.60659 0.290651 25.7834 -1.55822 0.286715
25.9969 -1.51115 0.286198 26.2278 -1.46533 0.287678 26.4779 -1.42069 0.290395 26.7502
-1.37719 0.294668 27.0479 -1.33457 0.300051 27.3756 -1.29276 0.306545 27.7415 -1.25187
0.31646 28.1546 -1.21201 0.333194 28.6189 -1.17431 0.365348 29.1277 -1.14449 0.434317
29.6533 -1.10888 0.515588 30.1625 -1.13381 0.627838 31.2295 -1.07844 0.781623 38.995
-0.779507 0.619389 33.9972 -0.558377 0.209506 29.5126 0.187853 0.206723 29.4984 0.192773
0.208509 29.5362 0.183888 0.210328 29.5772 0.180092 0.215605 29.6398 0.176152 0.222613
29.7256 0.17198 0.229726 29.8361 0.167643 0.235294 29.9732 0.163262 0.238707 30.1392
0.158952 0.240283 30.3382 0.154639 0.241722 30.5767 0.150503 0.245791 30.861 0.146684
0.253696 31.1927 0.142896 0.265741 31.5632 0.138525 0.282692 31.941 0.141966 0.274419
32.3757 0.14265 0.231058 33.2358 0.14206 0.200427 40.4407 0.119507 0.163819 34.8575
0.089598 0.0832586 24.424 1.04138 0.06519 24.2132 1.08679 0.100925 24.625 0.998665
0.119687 24.8346 0.957677 0.138244 25.0624 0.91798 0.154917 25.3116 0.879308 0.168819
25.584 0.841629 0.178278 25.8808 0.805136 0.182761 26.203 0.769922 0.183584 26.5532
0.735945 0.182335 26.9365 0.703178 0.181801 27.3613 0.671418 0.1837 27.8358 0.640821
0.185593 28.3558 0.612655 0.181833 28.9051 0.592005 0.14555 29.4869 0.596246 0.0608625
30.6094 0.563201 -0.0134734 38.4871 0.411906 0.00256176 33.7168 0.296965 0.309738 24.1451
-1.20875 0.321997 23.8992 -1.23643 0.307214 24.379 -1.18236 0.312888 24.6221 -1.15608
0.322693 24.8839 -1.1296 0.332863 25.1674 -1.10297 0.341066 25.4739 -1.07637 0.345675
25.8044 -1.04999 0.34664 26.1588 -1.02388 0.345169 26.5392 -0.997998 0.341663 26.9504
-0.972812 0.339919 27.3997 -0.948752 0.346418 27.8948 -0.92583 0.367677 28.4338 -0.907677
0.415139 29.0024 -0.880795 0.462084 29.6215 -0.90865 0.531734 30.7568 -0.885333 0.64981
38.6091 -0.664705 0.523338 33.8203 -0.49323 0.265096 30.6071 -1.18641 0.27865 30.5515
-1.22364 0.25386 30.6527 -1.15091 0.25063 30.712 -1.11581 0.254966 30.7958 -1.08078
0.263367 30.906 -1.04585 0.272054 31.0429 -1.01126 0.279225 31.2066 -0.977292 0.284138
31.3961 -0.94411 0.286609 31.6124 -0.911708 0.287703 31.8599 -0.880232 0.290278 32.1422
-0.849804 0.298997 32.4616 -0.820599 0.320081 32.8176 -0.795456 0.360928 33.177 -0.763081
0.396897 33.687 -0.785758 0.452871 34.5247 -0.761846 0.545596 41.443 -0.561865 0.436969
35.5338 -0.413987 0.112281 30.2353 1.1657 0.0844327 30.1663 1.19651 0.121624 30.2795
1.13864 0.124428 30.3285 1.11303 0.127811 30.3994 1.0877 0.13344 30.4988 1.06227
0.139629 30.6276 1.03686 0.145581 30.785 1.01171 0.15024 30.9693 0.987073 0.152016
31.1804 0.96307 0.151382 31.4213 0.939824 0.148365 31.6959 0.917292 0.142617 32.0071
0.895572 0.131316 32.3556 0.877178 0.103253 32.7153 0.859498 0.0448013 33.2463 0.877004
-0.0610694 34.1095 0.849798 -0.181355 41.0996 0.648041 -0.143304 35.3165 0.482007 0.000982444
24.6183 0.651566 -0.0138898 24.3583 0.672835 0.00578558 24.8279 0.63197 0.00857862 25.0258
0.61302 0.013285 25.238 0.594252 0.0199967 25.4772 0.575584 0.0266921 25.7459 0.557112
0.0321286 26.042 0.53899 0.0356121 26.3634 0.521355 0.03671 26.71 0.504214 0.0366349
27.0847 0.487427 0.0367375 27.4932 0.471256 0.0354567 27.9422 0.456144 0.0280089 28.4361
0.443508 0.00887755 28.9788 0.430103 -0.0227539 29.6361 0.446675 -0.0704041 30.761 0.428139
-0.121235 38.554 0.309288 -0.0976543 33.7804 0.226549 0.164712 26.8383 -1.42682 0.204558
26.6255 -1.47042 0.134357 27.0006 -1.38961 0.116457 27.1523 -1.35502 0.10846 27.3208
-1.32099 0.105996 27.5189 -1.28691 0.105213 27.7489 -1.25297 0.103702 28.0081 -1.21958
0.100778 28.293 -1.18705 0.097266 28.6025 -1.15563 0.0959375 28.9383 -1.12532 0.100018
29.3055 -1.09566 0.10986 29.7129 -1.06664 0.129365 30.1638 -1.0413 0.172042 30.6484
-1.0111 0.233049 31.2447 -1.02528 0.339009 32.2643 -0.994832 0.476695 39.741 -0.760939
0.373751 34.5196 -0.56755 0.289079 0 -1.9756 0.372372 0 -2.04202 0.224937
0 -1.91829 0.180696 0 -1.86503 0.151592 0 -1.81301 0.13177 0
-1.76135 0.116706 0 -1.7102 0.103637 0 -1.66011 0.0916616 0 -1.61147
0.0815746 0 -1.5645 0.0771135 0 -1.51901 0.0821595 0 -1.47466 0.0983422
0 -1.43188 0.138559 0 -1.39467 0.237633 0 -1.34932 0.32856 0
-1.37647 0.396197 0 -1.32723 0.474325 0 -0.99401 0.444574 0 -0.750225
0.631166 25.4462 2.19424 1.53139 26.8378 1.92551 1.46013 2.04931e-34 2.70821 0.439564
1.01471e-35 3.01829 0.219733 24.6114 2.01295 -0.110025 6.73714e-38 2.82955 0.0174052 24.5045
1.90769 -0.403559 -2.97273e-40 2.67364 -0.125677 24.8269 1.79284 -0.548021 -4.30619e-42 2.50856
-0.210113 25.3263 1.68244 -0.577796 -1.54143e-44 2.35403 -0.237528 25.8234 1.59115 -0.531849
-0 2.22467 -0.558137 22.7887 -0.695438 -0.20034 24.7698 -0.817594 -0.27678 21.812
-0.964255 0.0592888 21.7736 -0.905358 0.198503 22.2559 -0.83206 0.189501 22.8927 -0.777656
0.12152 23.4725 -0.738873 -0.244275 29.5021 -1.33594 -0.0893446 32.0735 -1.52833 -0.161841
28.7352 -1.60888 0.0877389 28.6199 -1.57587 0.189911 28.9819 -1.45813 0.158323 29.4225
-1.36097 0.0660402 29.771 -1.29136 1.76178 30.0796 1.5413 1.98882 32.5004 1.41936
1.00388 29.4173 1.64709 0.41345 29.2744 1.52837 0.0420288 29.5537 1.44353 -0.15749
29.9146 1.37022 -0.246386 30.2099 1.31141 1.57914 22.6865 1.44083 1.36846 24.1765
1.36959 0.979422 21.933 1.63789 0.32775 21.8783 1.54284 -0.0853338 22.2383 1.43574
-0.281034 22.7307 1.35385 -0.339916 23.1906 1.29649 0.428863 23.0886 -1.52605 -0.298032
24.2285 -1.6346 0.55615 22.6046 -1.44325 0.431913 22.6007 -1.39053 0.247915 22.8894
-1.32675 0.0980988 23.2805 -1.26127 0.00640795 23.6556 -1.20064 0.310704 29.5233 -0.329322
0.0276531 30.3839 -0.19101 0.436204 29.1912 -0.297581 0.344133 29.1716 -0.270328 0.157978
29.2673 -0.246521 -0.0173757 29.371 -0.22762 -0.133319 29.4412 -0.212695 0.673253 24.162
2.34018 1.27756 25.0245 2.46421 0.290267 24.0464 2.17344 0.0345773 24.2494 2.04063
-0.143241 24.5148 1.9435 -0.255493 24.7491 1.86818 -0.311826 24.9332 1.80619 0.241954
18.9287 -0.126566 0.129383 19.7313 -0.0265513 0.25856 18.9979 -0.120691 0.180624 19.3635
-0.112545 0.0712079 19.7543 -0.104651 -0.0252244 20.0866 -0.0948859 -0.0887539 20.3566 -0.0826563
0.0453109 24.6868 -1.83141 -0.401161 25.179 -1.78799 0.281623 24.7367 -1.72479 0.275209
25.027 -1.60518 0.160821 25.2738 -1.52577 0.0355395 25.4155 -1.47209 -0.0517386 25.4732
-1.42933 0.550625 27.3978 1.41614 1.07402 27.8425 1.31569 0.164555 27.3751 1.30245
-0.0617288 27.5659 1.22538 -0.181657 27.7172 1.15062 -0.236736 27.7724 1.08413 -0.255702
27.7543 1.02363 0.320153 18.703 1.91711 0.792339 19.1449 1.86284 -0.0531724 18.7605
1.81925 -0.238292 19.1297 1.70875 -0.301533 19.5686 1.60956 -0.305157 19.9422 1.52895
-0.290244 20.2523 1.45994 -0.31988 18.7231 -1.92537 -0.79267 19.1652 -1.86586 0.0515794
18.7803 -1.82663 0.234537 19.149 -1.71628 0.29518 19.5874 -1.61719 0.297038 19.9604
-1.5367 0.281944 20.2696 -1.46772 -0.54687 27.4188 -1.41139 -1.06676 27.8536 -1.30172
-0.166127 27.396 -1.29669 0.055722 27.587 -1.2204 0.172252 27.7381 -1.14614 0.225855
27.7924 -1.07999 0.2454 27.7731 -1.01963 -0.040863 24.6841 1.83319 0.409863 25.1568
1.78808 -0.285514 24.7363 1.72876 -0.28433 25.0265 1.60938 -0.171466 25.2709 1.53042
-0.0456232 25.4092 1.47748 0.0430222 25.4638 1.43518 -0.242797 18.9475 0.119592 -0.119641
19.7458 0.0122855 -0.268265 19.0138 0.114738 -0.194819 19.373 0.10729 -0.0855887 19.7547
0.0998473 0.0129248 20.078 0.0904031 0.0795995 20.3423 0.0782713 -0.678013 24.216 -2.34239
-1.2663 25.0796 -2.46738 -0.307999 24.0932 -2.17673 -0.0597914 24.2848 -2.0449 0.117258
24.5383 -1.94931 0.234292 24.7632 -1.87533 0.298307 24.9416 -1.81374 0.322327 25.0947
-1.75893 -0.314551 29.5838 0.324836 -0.0109312 30.4413 0.180392 -0.456859 29.2446 0.291915
-0.371876 29.2104 0.264813 -0.183545 29.2911 0.242431 -0.000954572 29.3837 0.224846 0.123314
29.4476 0.210614 0.185465 29.4819 0.200001 -0.460296 23.21 1.50326 0.278439 24.3552
1.60799 -0.596967 22.7055 1.42032 -0.469391 22.6695 1.37127 -0.274724 22.9248 1.31201
-0.113118 23.2931 1.24956 -0.0120935 23.6588 1.19035 0.0392787 23.9662 1.13622 -1.61377
22.9035 -1.44748 -1.35405 24.4037 -1.37965 -1.05379 22.1109 -1.64111 -0.398516 22.0035
-1.55345 0.0365915 22.3195 -1.44888 0.254487 22.7866 -1.36732 0.330948 23.238 -1.30946
0.337213 23.608 -1.26828 -1.07835 29.5795 -1.62936 -1.76484 30.3232 -1.54038 -0.489384
29.3731 -1.52041 -0.091498 29.614 -1.44242 0.134685 29.9598 -1.37112 0.243244 30.2543
-1.31306 0.279788 30.4475 -1.26494 0.126179 28.8253 1.60368 0.31831 29.6137 1.34092
-0.137522 28.6867 1.57388 -0.213121 29.0131 1.45388 -0.162564 29.4339 1.35586 -0.0644208
29.7911 1.28495 0.0259344 30.0314 1.23447 0.359403 21.9586 0.931511 0.851463 22.995
0.709942 -0.0312685 21.8733 0.886487 -0.167347 22.316 0.819205 -0.162565 22.9332 0.766319
-0.105292 23.5251 0.72716 -0.048679 24.0041 0.697258 -0.100146 24.856 -2.04161 -0.319343
25.808 -2.203 0.0332834 24.6538 -1.92503 0.162588 24.9169 -1.80374 0.239262 25.4002
-1.6907 0.260076 25.9027 -1.59757 0.242355 26.3204 -1.52554 0.196444 0 -2.84156
-0.233089 0 -3.03919 0.426787 0 -2.68428 0.561436 0 -2.5179 0.593577
0 -2.3614 0.548143 0 -2.22904 0.465075 0 -2.12421 -0.288071 7.34138e-38
1.61724 -0.151223 3.92651e-38 1.64405 -0.522575 23.7513 6.45182 -2.36214 28.8825 2.23569
-4.27667 28.5754 6.47751 -3.90413 30.734 5.69186 -2.88533 36.645 3.54297 -2.54617
3.37487e-33 2.13481 1.28334 3.78317e-30 2.88105 0.176502 30.0806 1.61201 5.57434 -1.77705e-30
2.40392 2.06684 31.2903 2.20375 6.52515 -4.95275e-31 3.43002 2.41559 31.3817 2.14897
4.30137 -1.28628e-31 3.36923 2.26526 29.417 1.71627 2.6266 -2.28135e-33 2.61537 1.58729
24.0924 -0.550754 1.92425 18.4288 -3.21035 -2.08711 17.6536 1.91559 -4.59489 17.1687
5.11937 -4.50512 20.3736 5.50096 0.560559 25.7453 -1.12968 0.58762 27.1243 -1.05694
0.536927 28.0579 -0.99777 0.34753 27.1968 -1.10036 3.46877 34.7711 -1.13916 2.26485
33.8768 -4.04966 5.08147 28.9424 -7.13007 0.869122 35.9155 -1.39349 -0.267066 36.4793
-1.81025 -0.578281 36.6669 -1.84638 -0.327877 35.3514 -1.87392 0.757072 23.6418 -8.50956
1.22327 15.2831 -5.74307 0.249559 28.3332 0.70675 -1.71572 17.8748 7.32136 -0.494092
23.2786 9.23635 -0.280074 23.6914 7.76836 0.123577 26.2166 0.385028 0.61853 24.1421
-7.60088 -1.61915 34.5456 3.4172 -3.24348 33.7726 4.37796 -3.32015 19.8388 3.00804
-0.00073916 33.4777 0.167134 2.98647 18.8871 -3.07531 2.51361 33.5658 -5.38265 -2.45851
35.3408 1.74817 -1.53486 36.2497 2.00249 -0.879204 36.8743 1.56395 0.0632779 36.8378
1.35922 1.16735 35.5194 1.41923 -1.29491 23.6222 1.2198 -1.9497 18.5238 4.43548
-3.88151 29.8873 7.198 -0.344618 25.1105 1.74733 -0.389614 26.573 1.74417 -0.239213
27.1144 1.75778 0.42922 26.0975 1.67364 2.09587 25.7411 -1.99737 4.38101 24.4172
-5.83355 3.52173 14.5361 -3.19049 -0.0183656 27.1536 -1.70217 -1.36967 28.1014 -1.82305
-1.81458 27.302 -1.46455 -1.38774 25.7057 -1.44493 1.40528 36.5232 -0.887676 0.870414
36.4041 -1.08211 2.08042 34.8609 -2.90776 3.24794 33.3749 -4.67102 1.64403 36.8405
-0.669534 1.23699 36.8275 -0.275237 0.585978 34.5907 -0.224726 0.0908343 31.9353 -0.158468
-0.182989 24.6821 -2.19361 -0.0555725 24.4002 4.31703 -0.0344525 24.3513 5.2492 -0.484088
24.1831 4.91414 -0.181247 24.6766 -2.17387 -3.20229 34.82 2.38471 -3.09448 27.867
2.3643 -1.9271 34.9802 1.25674 -1.82451 28.8519 2.04285 -3.39539 28.7055 6.20857
-1.95889 36.1763 2.31968 1.01059 30.1247 1.89518 2.20542 30.8828 2.44788 2.24604
29.9573 2.20287 1.93787 27.3626 2.22437 -0.0155649 15.0941 10.7953 0.0340253 14.6657
9.83851 -1.18086 3.11214 5.14426 -0.405938 3.37419 8.30079 -4.60286 14.9044 11.5331
5.60404 -10.5871 20.5174 13.5043 9.6794 46.8302 1.16477 16.9256 26.7952 -4.78989
29.0833 10.2967 0.916925 21.0825 0.462489 1.69302 15.1552 -1.05833 -4.71674 17.5323
5.79472 0.23919 22.8145 -0.140548 0.104003 24.0194 -0.149252 -0.00777414 24.029 -0.121644
0.0156126 22.0135 -0.0128218 -1.06962 0.423173 -1.99889 -1.01697 1.03199 -3.31776 0.235404
7.87241 -8.98646 0.197464 7.83698 -9.02167 4.35006 10.5865 -5.09708 4.38148 10.7286
-5.18553 3.03012 8.63502 -4.95741 2.45233 30.0028 -0.964499 0.870845 28.4485 -5.12358
4.44959 23.108 -5.69206 4.41116 22.9976 -5.62763 -1.01951 31.3974 -1.49956 -2.31465
31.6581 -2.17123 -1.88744 30.5584 -2.15716 -0.999386 27.5693 -1.87894 1.18831 15.5396
-7.5291 3.85268 14.4527 -8.79508 0.357792 25.6997 -3.1861 -2.17289 17.0537 3.01693
-0.600449 23.3866 4.46747 -0.76134 23.7048 3.73994 0.0560402 24.0787 -3.00447 0.87694
17.6957 -8.59241 -0.622369 32.8139 2.10177 -0.727978 32.8888 2.21157 -1.29336 33.2856
2.75495 -3.89394 19.4148 1.88312 1.18044 32.3102 -1.08522 4.73825 17.8952 -6.5579
1.44535 28.7972 -7.17557 -2.47607 34.6122 1.3573 -2.93226 35.4219 1.55578 -2.37034
34.7778 0.836771 -0.571765 32.6618 0.733598 0.916185 29.7958 0.982985 -1.81974 22.5793
1.51843 -3.6266 19.971 5.98675 -3.39665 22.3565 6.05323 -2.56214 31.0617 6.29547
-1.92518 31.635 4.9228 -0.604058 24.0469 1.94177 0.104015 24.2941 1.87323 0.713078
22.7911 1.82131 0.98048 20.6828 1.80006 1.83038 22.5594 -1.51127 3.84371 20.0203
-5.97938 -0.0250651 10.9292 0.0196922 0.676673 24.0165 -1.93863 -0.0234866 24.2971 -1.87116
-0.659583 22.8088 -1.8181 -0.965171 20.7013 -1.79492 2.5492 34.5629 -1.3557 1.30052
31.9128 -2.09517 2.66283 30.9405 -4.93582 3.31947 30.4744 -6.29909 3.70741 22.7152
-6.06188 3.02317 35.3716 -1.55115 2.45255 34.7727 -0.815919 0.627729 32.6827 -0.715236
-0.889616 29.8089 -0.964285 0.595751 23.3656 -4.45588 2.17015 17.0584 -3.02062 -0.362668
25.6645 3.18472 -3.85474 14.4411 8.8091 -1.17693 15.5202 7.54692 -0.867404 17.6838
8.59539 -0.0509954 24.0769 3.00399 0.764997 23.6903 -3.73647 -0.811071 28.4258 5.11984
-1.39381 28.8324 7.16182 -4.75406 17.9058 6.54436 -1.16087 32.3017 1.0833 3.90089
19.3157 -1.85179 1.79348 32.578 -2.75294 1.37668 32.02 -2.20583 -2.41687 29.9556
0.942351 1.06542 31.3535 1.48893 2.35632 31.6219 2.18272 1.91914 30.5475 2.1683
1.01913 27.553 1.88152 -0.409762 11.019 8.87728 -0.227683 7.85559 8.97756 -0.190306
7.82072 9.01238 -0.906066 21.079 -0.472025 -1.68649 15.1735 1.03772 -4.37272 23.0092
5.61795 -4.4107 23.1195 5.68253 -0.25015 22.7956 0.130252 -0.110485 23.9915 0.140499
0.0131487 24.0257 0.111032 -0.00262612 22.029 -0.00423929 1.03397 1.02862 3.27548 1.0365
1.65571 2.80871 1.19438 3.16002 -5.18702 0.399592 3.41754 -8.32191 1.07035 0.428828
1.96833 -4.32632 10.5661 5.13292 4.64162 14.8717 -11.4551 -5.30999 -10.7368 -20.5322
13.112 -25.047 -10.9295 13.7404 -16.5666 0.430542 -2.94619 8.66735 4.98799 1.84373
28.8635 -2.02812 3.40913 28.7186 -6.20564 4.72871 17.5663 -5.80759 -1.01593 30.1358
-1.88643 -2.19505 30.8982 -2.45165 -2.22784 29.9969 -2.21291 -1.91897 27.4197 -2.23222
-0.0255611 14.7188 -9.83949 0.0605474 24.3744 -5.2525 0.507101 24.2016 -4.91853 0.019251
15.1377 -10.7821 4.80343 29.1069 -10.2876 3.21013 34.8344 -2.38011 3.10702 27.9709
-2.3584 3.65084 15.1826 -3.60912 4.03 11.2946 -4.36309 -1.1865 16.9507 -26.8463
-1.38955 36.4659 0.89736 -0.855653 36.3919 1.07747 1.97291 36.1771 -2.31561 -1.65677
36.798 0.673377 -1.22365 36.8265 0.272085 -0.5634 34.6471 0.219564 -0.0673939 32.0031
0.146389 0.0396906 23.5262 3.58908 0.202965 24.7126 2.14425 0.204715 24.718 2.16442
-2.06767 25.6921 1.98713 -4.37108 24.4336 5.81771 -3.23394 33.3734 4.66721 -2.04096
34.886 2.86567 0.012939 27.1079 1.68511 1.36816 28.0943 1.81394 1.80842 27.3628
1.46087 1.37398 25.8139 1.42585 1.33301 23.6619 -1.22072 2.00106 18.6086 -4.45468
-3.51034 14.5805 3.15793 0.354043 25.1465 -1.74936 0.404453 26.6345 -1.74323 0.268874
27.2373 -1.74719 -0.394318 26.289 -1.66893 2.62829 35.3168 -1.78345 1.71008 34.7157
-3.40121 3.96276 30.0357 -7.18842 1.80592 36.2565 -2.00321 1.16783 36.8785 -1.50449
0.197429 36.8533 -1.26748 -1.02983 35.6289 -1.35937 -1.94631 32.7359 -1.42246 0.579497
23.4555 -9.1926 1.89904 18.342 -7.31265 -0.192822 28.4323 -0.795551 -1.18027 15.4353
5.64794 -0.745289 23.8476 8.46175 -0.597279 24.3348 7.53346 -0.0538557 26.3448 -0.50853
0.354083 23.8323 -7.78021 -2.2213 33.9405 4.04822 -2.50368 33.7014 5.37012 -2.94778
18.9981 3.02614 0.0546884 33.5686 -0.196064 3.40476 20.0569 -2.97334 3.31213 33.9209
-4.3576 -3.27327 34.6548 1.12588 -0.565289 35.8636 1.37287 0.61623 36.4042 1.84416
0.958622 36.5731 1.90284 0.652034 35.3695 1.88675 0.286754 32.202 1.51856 -1.44269
23.9792 0.618148 -1.91575 18.3349 3.18685 -5.09256 28.936 7.13322 -0.349051 25.7015
1.15202 -0.15576 27.1215 1.03273 0.164033 28.0516 0.924435 0.570775 27.3122 0.994229
0.916398 25.0253 0.791065 2.42507 28.6595 -2.20409 4.3547 28.5561 -6.48046 4.65024
17.146 -5.16484 0.130205 29.8016 -1.58619 -1.31218 31.1097 -2.14779 -1.50163 31.4494
-2.16615 -1.30159 29.8773 -1.84114 -0.828163 27.4408 -1.99779 -1.35516 0 -2.8985
2.60343 0 -2.12955 2.95825 36.591 -3.52261 3.69486 32.3501 -5.083 -5.12565
0 -2.41942 -5.49358 0 -3.30704 -3.52975 0 -3.29986 -2.06233 0
-2.72176 -1.07721 0 -2.80801 -1.14007 17.2046 4.19188 -0.360964 2.58631e-38 1.65911
-0.569646 24.1082 6.46545 0.624719 10.4875 14.2278 1.20404 7.35745 16.3634 -0.894872
10.3044 9.61338 -0.530728 24.5795 6.62046 0.0612116 13.5388 12.1532 -1.35775 13.1897
4.2382 -1.52671 11.3676 4.69789 -0.9157 17.237 5.37592 0.13467 -3.03055e-37 2.09765
-0.098049 -1.18301e-37 2.47341 -1.52868 13.5971 3.91626 -1.55628 11.582 4.2913 -0.50067
3.31159e-37 2.4011 -1.89462 14.0577 2.77974 -1.73051 11.8495 3.6559 -1.37131 1.716e-35
2.10672 -3.14322 21.239 2.95333 -2.20933 12.3831 2.51747 -2.64727 3.66603e-35 1.5603
1.53179 0.0154314 6.59599 2.77796 1.08558 13.5907 1.06444 -0.384298 3.9581 -0.0807311
1.18264 6.06611 -1.50119 -0.324708 -2.52293 -0.363038 -0.914198 0.730028 -1.05597 1.22478
-6.82407 -1.08938 7.78834 -16.9437 -2.23132 2.34211 -12.578 -0.0385561 13.4913 -11.9994
1.03466 16.3573 -4.67394 0.602867 9.15862 -10.4769 0.845973 8.28464 15.4677 -0.861204
10.9671 9.43266 -0.866218 11.5798 9.05194 0.449901 10.5865 14.0011 -0.3501 2.44855
6.24537 0.620406 -0.327329 4.34579 2.23766 1.84525 14.7289 -0.914996 17.5042 5.37753
-0.179358 14.2492 11.6734 -0.427411 2.67017 6.39733 -0.966175 -0.550164 0.850808 -0.147612
8.1752 -10.5328 -1.47513 3.45687 -10.2128 -1.53646 0.606066 -2.85094 -1.33569 0.110574
-0.601767 -1.32583 0.0852159 -0.487163 -1.02947 -0.559322 0.710991 -0.957641 0.575938 -4.89898
0.0746313 8.96904 -10.5866 0.289523 15.0829 -9.50716 -0.557438 6.7682 -14.1783 0.33291
16.1151 -9.19986 -0.0197277 23.4839 -3.61175 -0.101749 24.6366 -1.92766 0.48691 19.7605
-8.11696 0.556876 26.5765 -2.49924 0.0531226 25.3783 -2.6662 1.34422 14.5289 -7.4944
0.803846 9.22831 -16.9656 -0.783537 10.79 -28.5923 0.823821 28.3105 -2.16627 -1.05892
9.19435 -35.3982 -0.364226 11.7118 -34.9242 0.995797 30.6944 -1.46811 -0.581569 10.1158
-40.2824 -0.289472 12.2791 -36.9985 1.07307 32.8762 -1.17898 2.27257 10.6879 -22.2883
4.70864 20.2692 -6.29899 1.16497 0.957631 5.04131 1.89423 3.61783 16.7226 0.58149
8.85111 15.3234 -0.739305 -0.202865 -0.188444 0.107968 -0.436766 0.445461 -1.87536 4.03566
-8.5962 -1.73858 0.155326 -2.10329 0.78891 16.3314 -10.0907 0.750408 15.7321 -10.752
-0.479105 8.43491 -14.3777 0.417142 11.0259 -8.88294 -0.516776 15.4016 10.875 -0.912393
24.0481 3.12208 -0.749878 18.0596 8.32996 1.64263 5.80805 8.35259 0.210288 10.1035
15.2667 0.225346 6.39574 9.14491 0.0148228 -0.710609 -0.0189181 1.87823 -0.0351991 1.82795
0.0107312 -0.42525 0.031239 -1.6211 5.84756 -8.37798 -1.85813 -0.0288633 -1.87045 -0.215827
6.3628 -9.12437 0.519628 15.3936 -10.8822 -0.197348 10.1366 -15.2872 0.751965 18.0499
-8.33315 0.918964 24.038 -3.1263 1.87341 4.02457 8.59249 0.480188 8.41472 14.3821
-0.744284 15.7199 10.7661 -0.781839 16.3208 10.0997 0.731709 -0.200825 0.205864 1.7282
0.153016 2.12188 0.784485 10.8077 28.6167 -0.807861 9.24201 16.9839 -1.34588 14.5533
7.50894 -0.0325043 25.4086 2.65158 -0.541754 26.6031 2.49228 0.358226 11.732 34.9479
1.0561 9.20979 35.4266 -0.813931 28.3347 2.16268 0.281918 12.3034 37.017 0.572347
10.1374 40.3075 -0.988174 30.7159 1.46436 -1.06587 32.8929 1.17425 -4.70677 20.293
6.29539 -2.27906 10.7133 22.2955 0.0486055 0 -2.43602 -0.235654 0 -2.05446
0.935327 17.5245 -5.36476 1.58996 11.723 -4.6528 1.43114 13.529 -4.18603 0.47731
0 -2.38119 1.68024 11.9518 -4.22843 1.66256 13.9438 -3.8557 1.36783 0
-2.1038 1.89176 12.2143 -3.59307 2.03682 14.3886 -2.72955 2.6806 0 -1.5528
2.35728 12.7244 -2.46695 3.25997 21.4904 -2.90882 -0.309062 24.7668 6.46167 0.00559655
-2.20633e-38 1.6746 -0.233487 13.6739 11.2242 -2.4259 10.5404 12.2287 -3.24994 8.2595
17.6484 -3.02161 36.3903 3.56168 -2.9808 3.82896e-34 1.51238 -3.81517 34.9799 3.66855
-3.04067 -2.50348e-35 1.42691 -5.37091 28.3782 11.4715 1.18644 16.1201 26.1207 -3.97759
10.9978 5.27015 -0.137676 1.61107 4.72166 -3.59222 1.90205 12.7974 -1.17687 -0.172929
3.30949 -0.102772 2.01711 -6.72535 0.758159 -1.05338 1.28037 0.968129 0.672525 -0.901321
-1.39567 1.43098 55.9489 -1.4742 1.27341 55.0502 -1.41303 1.48763 55.6172 -4.58561
17.0619 5.26268 -4.31375 13.651 9.808 15.3129 -17.1767 9.43969 21.822 4.33069
37.3244 3.82046 13.3315 -7.54014 -19.1719 -21.5455 -5.451 -4.20812 -27.5248 2.08849
0.540949 14.1165 -10.8973 2.89684 2.20077 -10.3829 3.63067 7.84227 -16.8027 2.55429
9.71602 -11.8949 1.34598 0.288289 -57.5225 1.38149 0.0877053 -56.6427 1.33195 0.248241
-57.7544 6.38074 27.9759 -11.6515 -0.201064 15.7392 -25.4647 -20.6509 0.225803 -34.2455
3.93813 10.7944 -5.31536 0.157002 29.141 0.682017 1.6301 10.8035 -4.86717 1.60907
12.8116 -4.36467 1.9778 11.1875 -4.39244 2.07182 13.4396 -4.01464 0.0272599 30.459
0.51554 -2.21961 15.5251 5.75526 -2.40243 14.2029 6.55153 -2.64544 15.5122 4.92562
-2.69275 13.8747 5.5268 -0.031417 32.2725 0.303468 2.46281 11.742 -3.83068 2.5787
14.075 -2.85048 2.92828 12.3684 -2.44335 -2.82404 15.2472 3.35097 -2.96042 13.5614
4.52224 -2.98223 13.3126 2.74247 -0.644965 14.7259 10.7905 -4.11978 13.6195 12.9147
-5.53027 10.2772 17.6107 -0.645501 2.81216 5.13322 -5.90873 3.70282 14.5022 -4.44667
0.786829 5.59243 -2.95829 2.14471 53.6235 -2.85331 2.16571 54.2089 -2.94925 2.0856
53.9151 -2.97256 2.15172 53.6141 -5.74555 30.1387 11.5525 2.51903 17.4346 28.0508
-4.46248 11.7369 4.65909 -3.76522 15.0713 10.8222 22.9387 -19.4972 6.37424 26.787
2.85558 42.82 -0.24404 0.61869 -5.67198 -2.63423 -2.70403 4.09673 -0.230882 -1.76232
0.479975 0.62561 8.90115 -10.3988 -0.411484 -0.869193 -3.00967 0.97719 2.4594 -8.86018
2.42702 11.301 -7.98747 -19.6562 -7.00436 -6.26219 -1.2789 -23.0792 -5.27999 4.62292
24.175 -13.0764 -15.9226 10.6011 -30.1695 -29.7791 -1.5164 -20.781 0.38554 19.4892
-7.87186 2.27143 6.19729 -10.0237 -0.203195 24.7939 -2.43156 -0.934704 -0.11023 -42.1831
-0.981903 -0.0767348 -42.4208 -0.920996 -0.0464313 -42.0021 -0.909291 -0.0660191 -41.9395 -0.910482
-0.18485 -41.7109 0.894681 36.0801 -1.14933 4.15181 31.752 -5.24045 -0.473452 14.9675
-20.3895 0.950139 35.3788 -1.29779 -1.36393 17.5506 3.61888 -1.24072 11.047 7.70862
-1.87735 14.3041 4.42826 -2.24594 12.5499 5.27115 -1.15021 18.5267 5.26081 -1.86227
14.1932 3.89784 -2.04494 12.0674 4.63673 -1.95866 13.9392 2.58488 -2.01742 11.5696
3.70514 -3.00269 21.7334 2.34639 -2.13224 11.4046 2.41427 -4.3894 10.2047 18.1207
-5.40921 3.93194 15.1707 -3.5049 0.667557 5.9987 -1.0111 1.65362 -2.85988 -1.91925
-1.48469 4.56926 -0.963675 -0.633587 2.08882 -0.983479 1.41686 -4.15485 -0.708027 -0.416521
1.44741 -2.92649 3.22626 53.2646 -6.89529 -3.80921 29.531 -4.4442 -9.0947 18.0757
-12.7975 -17.036 -0.483562 -11.6632 -24.6739 10.7976 -13.0788 -15.1672 -3.24761 0.968319
8.55861 -8.30935 -0.38994 -0.594529 -0.549754 2.5975 3.02868 -7.20683 5.34448 7.85867
-11.018 6.89562 22.0046 -12.2204 -9.5191 5.1272 -28.3487 -12.2772 -13.1141 -19.8509
-1.45574 15.5079 -21.4906 0.708966 26.8415 -2.97772 3.10702 11.9925 -18.9906 0.533415
12.5599 -29.5429 0.402685 11.2275 -35.5113 0.998753 13.48 -35.5269 0.875571 28.7016
-2.54251 -3.31822 14.4679 2.92266 -3.29015 13.1508 2.78246 -3.83821 14.5801 2.58608
-3.75386 12.9482 2.98882 0.972476 30.9022 -1.59047 0.74121 12.1154 -40.4585 0.829381
13.7295 -37.401 3.30247 12.1258 -21.9604 -4.43513 14.5722 1.96025 -4.44652 12.7851
2.54908 -4.74996 12.6676 1.90514 -0.640457 17.8575 7.66204 -3.74368 12.9 6.70429
-4.38001 12.3026 9.89492 -0.502907 6.38789 8.27629 -4.84401 7.5634 11.8982 -1.70812
2.3889 7.03133 -3.64009 19.894 6.11205 -2.95235 29.912 7.74933 -3.81756 12.3442
6.96403 -4.23343 11.4873 2.80374 -4.31372 16.2685 11.9906 13.6765 -5.09845 26.1962
1.5514 14.8595 24.1079 -0.0111734 0.0657922 0.0434131 -0.0538372 -0.799131 2.25607 -0.0657253
-0.280656 -0.0422853 0.491385 6.32926 -8.24805 -0.0191519 -0.86267 -2.32451 1.70811 2.3454
-7.05604 0.11262 -4.83085 -3.1816 -1.84194 -6.88764 5.17139 -1.85197 -7.62937 5.02196
0.231493 -7.93877 -7.3744 -0.0679545 -0.964685 -0.071851 -0.0846291 -6.05613 -0.291453 -0.0241185
9.37192 0.0291091 3.85474 19.9269 -6.13466 -0.0218856 5.48044 0.0525704 0.0649062 -18.0738
0.134996 12.9242 -28.8755 12.2244 4.30903 16.407 -11.9634 -13.797 -5.22664 -26.3764
-12.8087 -29.3402 -12.1677 0.637812 17.8398 -7.66941 4.84879 7.53698 -11.9073 4.37973
12.2997 -9.88343 3.74386 12.9253 -6.69832 -0.909273 0.410428 -46.5454 -1.22217 0.632307
-47.3907 -0.856471 0.483338 -46.2703 -0.857266 0.469994 -46.2427 1.85385 -6.92378 -5.20957
1.86484 -7.66454 -5.06131 -6.81522 6.56026 -95.9201 -7.68141 5.96508 -103.63 -6.99631
5.94802 -98.095 -4.54315 6.61265 -78.5624 -7.69977 6.42232 -87.7442 -6.5807 6.50824
-80.9922 3.27815 29.6084 -7.76877 3.75513 12.3316 -6.98063 -1.75948 14.9707 -24.2167
4.24708 11.3595 -2.80081 -0.712122 26.8082 2.9733 3.28934 13.1698 -2.79126 3.31581
14.4807 -2.93069 3.74876 12.9658 -2.99284 3.8371 14.5911 -2.58925 -0.876016 28.678
2.53416 -0.534091 12.5577 29.5004 -3.10959 11.9879 18.97 -1.00645 13.4866 35.4951
-0.407488 11.2312 35.4643 -0.96214 30.8872 1.58702 4.44796 12.7976 -2.55307 4.44834
14.5686 -1.95601 4.75728 12.6155 -1.87401 -0.839121 13.7374 37.3859 -0.748559 12.1268
40.4357 -3.32674 12.13 21.9519 -0.949966 8.53126 8.30767 -5.34156 7.85386 11.0228
-2.59487 3.01539 7.20221 1.01065 1.41005 4.11016 0.376865 -0.608442 0.579581 0.702395
-0.434661 -1.39803 -0.903765 0.00434615 44.4124 -0.940568 0.0635077 44.1482 -0.922678 0.0943387
44.2164 -0.802074 0.0814118 44.7267 -0.937014 -0.154576 43.7676 -4.35772 10.709 5.22037
-6.87078 22.0535 12.1758 9.29821 5.1225 28.257 1.43139 15.5355 21.5209 13.8964
-14.4914 3.21406 11.6909 -12.1827 19.8091 0.964167 -0.65147 -2.03753 1.94363 -1.50175
-4.51043 3.54139 0.69564 -5.9698 4.40488 10.2734 -18.0938 5.42318 3.99083 -15.1402
0.76684 -10.144 -18.0591 1.76478 -10.7359 -20.452 4.48606 -9.14609 -17.7871 -13.4311
9.67569 -46.965 1.18054 18.5842 -5.24985 2.27559 12.6327 -5.24628 1.9032 14.3708
-4.40741 2.06978 12.1362 -4.61138 1.88607 14.2489 -3.87754 2.04111 11.626 -3.68527
1.9805 13.985 -2.57176 2.1531 11.4501 -2.40256 3.01703 21.7608 -2.33885 -0.378355
19.5305 7.89044 -0.474268 19.8094 8.13211 0.225023 24.8282 2.40784 -0.626311 8.87714
10.4452 -0.0665378 8.96993 10.6466 -2.27629 6.20095 10.0652 -0.980103 2.42526 8.90869
-0.88183 36.0823 1.14326 -4.142 31.772 5.23622 -0.943145 35.3933 1.29267 -4.63035
24.2124 13.0595 15.5337 10.6659 30.317 0.431926 14.9956 20.3893 0.226869 0.577414
5.59483 0.923564 0.534766 4.90782 0.384581 -0.968033 3.12797 0.317105 -1.84597 -0.403245
0.617615 2.90353 -5.22694 0.373644 2.75977 -6.39265 2.78437 -2.56693 -4.02905 4.42274
0.942764 -5.49813 -2.43812 11.383 7.95846 20.1173 -7.76716 6.53401 29.661 -1.76095
21.2326 3.87933 15.1759 -10.8548 -23.0126 -19.9112 -6.81358 1.50754 -24.02 5.08478
0.67961 14.9168 -10.7543 0.201807 14.4412 -11.6221 5.81734 3.68724 -14.3284 5.59278
10.5266 -17.4388 4.33435 14.2065 -12.8104 2.86494 2.26075 -53.4202 2.90611 2.06927
-53.2863 2.84024 2.19347 -53.7208 5.88544 30.2693 -11.5578 -2.43035 17.6172 -28.1376
-26.8628 2.86682 -43.2086 4.54585 11.98 -4.60532 -0.101913 29.2415 -0.755998 2.61301
14.7786 -6.5461 2.38256 15.9872 -5.73683 2.85966 14.3325 -5.4803 2.79585 15.8992
-4.8753 0.0258087 30.5604 -0.569187 -1.55115 12.9362 4.26284 -1.57521 10.9361 4.75685
-2.01548 13.5568 3.92858 -1.91941 11.3121 4.30081 0.0840672 32.3702 -0.342236 3.11156
13.9427 -4.46213 2.94818 15.5593 -3.30617 3.09365 13.6064 -2.69749 -2.52334 14.188
2.78187 -2.40849 11.8562 3.7519 -2.87616 12.4869 2.38407 -0.531786 14.2465 10.9128
0.0500889 13.629 12.0214 -2.52124 9.87947 11.8966 -3.61659 7.94666 16.8896 0.0940036
2.02974 6.86315 1.11522 1.26969 6.98437 -2.89205 2.23495 10.4176 -0.98434 0.681935
0.862626 -1.337 0.351509 57.8199 -1.23357 0.408808 58.5364 -1.33131 0.328771 58.0521
-1.34526 0.368925 57.8191 -6.43776 28.1019 11.6868 0.229857 15.906 25.6146 -3.90935
10.9219 5.29607 -3.85822 13.4394 7.54226 19.48 -21.6117 5.53572 20.9433 0.399545
34.5633 0.0976026 1.64418 -4.64067 0.1093 1.20629 -5.93054 -0.793955 -1.0904 -1.37073
1.17996 -0.224415 -3.38353 0.237565 13.8638 -11.3105 -0.0709442 13.6743 -12.2099 3.67421
1.81561 -12.9135 3.39705 8.45897 -17.7842 4.43559 13.8744 -9.91587 -15.5667 -17.045
-9.46261 4.49612 -27.7884 -2.00264 5.52421 28.6373 -11.5125 -1.2024 16.5054 -26.4154
-22.4299 4.78865 -37.8568 0.040008 0 -1.59691 0.141835 0 -1.57779 0.394964
19.5419 -5.59576 0.268726 24.971 -6.50505 0.462355 24.7511 -6.66719 2.58358 10.9683
-12.2885 -0.139884 0 -1.63059 1.43573 1.43707 -55.8416 1.44525 1.45599 -55.8541
1.42689 1.39734 -56.1866 1.236 1.56007 -57.1157 3.0546 36.4319 -3.53445 2.99741
0 -1.55277 3.89816 35.109 -3.63606 4.11489 11.319 -5.22457 3.09427 0
-1.41135 -1.40357 1.46635 55.6056 -1.21034 1.57675 56.8782 -0.547675 5.71273 25.1828
-2.14165 5.78495 17.1243 4.43169 6.06528 84.9065 -0.0291204 5.8105 28.1386 0.245919
5.69233 30.4158 7.50395 5.94515 104.086 6.43822 6.14522 95.1547 14.0622 25.4178
98.8694 14.0877 25.5283 98.9701 14.1976 25.6176 99.6071 14.0711 24.9393 100.104
0.636449 4.84934 31.1781 0.410942 5.41194 31.1701 8.33179 5.55373 109.743 10.1687
4.7575 115.064 -1.52368 3.99686 16.1815 -4.66659 -5.1342 17.7593 -1.6606 -7.97266
6.43221 0.991665 -8.08132 10.0226 1.1726 -7.48511 8.74735 1.23414 0.327162 -58.2374
1.33789 0.270676 -57.5235 3.35275 -6.34047 -11.1775 -4.90803 5.43312 -88.0896 0.718358
5.0026 -26.1001 2.20097 4.813 -17.5384 0.34526 5.34117 -28.7987 -7.12016 5.80424
-97.5585 0.212052 5.43643 -30.9147 -8.34833 5.83288 -105.945 -13.7228 25.3233 -100.335
-14.1988 24.735 -98.1602 -13.6483 25.2624 -99.9089 -13.6347 25.1935 -99.854 -13.6766
24.9919 -100.597 -33.443 1.10737 -9.18387 -30.622 -39.3875 35.8396 -9.12973 5.58074
-111.326 -10.6666 5.02494 -116.688 0.0610798 4.97114 -31.7488 0.188747 5.32236 -31.6275
2.16375 4.12544 -16.5472 -3.01527 1.96505 53.4837 -1.52695 9.05289 24.9775 5.78747
9.37632 80.0431 -3.82729 9.68615 17.7219 -0.961469 8.84817 27.7449 8.28696 9.16024
90.6708 -0.757351 8.31179 30.0279 9.18863 8.45331 100.417 -7.3654 -6.13824 23.9179
-6.12458 -9.60384 9.58836 18.1862 26.5967 100.612 18.1062 26.3576 100.743 18.0248
26.4152 99.9286 18.0596 26.5136 100.011 18.502 26.0867 99.4326 -0.399407 6.44326
30.8847 10.7541 6.18568 112.079 9.48871 7.54466 106.813 -0.659731 7.55768 30.9416
-2.39975 5.19362 15.7275 35.7609 -51.5428 -58.33 39.5387 -8.17649 18.6218 -3.27902
-10.4063 13.8336 -0.361675 -7.70955 16.7702 -0.720283 -7.07514 14.2793 0.878546 -5.64559
-5.1971 -1.56825 -35.9335 -19.6584 -29.3929 -19.0833 28.276 -26.1743 15.5565 -20.6683
-39.5272 -9.85673 26.4428 -6.38662 4.06828 -68.6052 -6.8003 4.47204 -78.293 -6.14146
4.87342 -87.0327 -10.5518 24.1962 -81.4331 -10.6195 24.111 -82.0274 -10.641 24.3003
-81.8609 -10.8444 24.1794 -81.0802 -10.5672 24.2228 -81.3946 -6.391 5.03167 -93.6645
-7.87803 4.1233 -100.333 -1.74821 -10.6238 20.7154 -0.792226 -10.0524 18.2673 -0.784814
-10.0482 18.2492 19.7527 13.7613 42.0413 14.287 28.0272 93.9111 9.98176 -28.2216
-8.15234 -22.2044 -34.8805 23.4491 -14.2601 -44.6431 11.6653 -22.2632 -34.8082 23.5369
0.919792 0.015642 -44.525 0.938568 0.105578 -44.3283 0.956499 0.0747478 -44.2598 0.952685
-0.142993 -43.879 0.818208 0.0924078 -44.8396 -0.956542 -11.7281 14.536 2.80365 -9.39438
-5.45531 -6.69384 5.86306 -67.5566 -6.9311 6.23101 -76.874 -6.13628 6.66647 -86.7314
-11.7609 25.96 -86.7304 -11.7264 25.9365 -86.7487 -11.8393 26.0502 -87.2516 -11.9702
25.7382 -85.9651 -11.7849 25.7612 -87.4572 -20.9912 -22.8135 28.6043 -19.301 7.73323
-9.75029 -6.27203 6.69369 -94.6077 -7.5984 5.51697 -102.26 0.867744 0.499052 46.2546
1.23345 0.648595 47.3773 0.920621 0.426342 46.5294 0.868566 0.486001 46.2267 6.59368
6.51568 81.051 7.71425 6.4322 87.8087 7.87588 6.4025 86.603 -5.09117 8.47386
6.52693 -2.15834 7.52253 25.4957 -4.56738 8.54496 17.0493 -4.90924 9.00633 6.56077
-5.17188 8.16487 6.15061 -1.93389 7.38936 27.5996 -5.1425 7.68432 5.53176 -1.94231
7.20287 29.5571 8.89582 6.11794 67.9798 9.13677 6.22481 77.2377 4.54122 6.60828
78.6018 6.96381 5.94158 98.1187 7.6462 5.95893 103.655 6.81243 6.55982 95.9701
10.9721 25.1123 90.3635 10.8434 24.9101 89.6547 10.8936 25.0196 89.7975 11.5004
23.8757 86.9104 -4.90216 6.26436 3.74939 -1.417 6.09422 30.2154 -1.78276 6.83037
30.2268 -5.0262 6.99311 4.75863 -4.72747 5.35803 2.91563 -2.76385 4.7931 16.4225
23.433 -4.19601 8.18019 -7.86085 6.39134 -86.5385 -8.88629 6.09268 -67.9304 2.16137
7.52593 -25.4732 4.57017 8.55111 -17.0263 1.93663 7.39475 -27.5798 -9.11745 6.20368
-77.1733 1.9438 7.21407 -29.5413 5.09045 8.50928 -6.52764 4.91142 9.04423 -6.55853
5.16844 8.19991 -6.15108 5.13918 7.71728 -5.53128 -10.964 24.9839 -89.7915 -11.0941
25.1871 -90.5016 -11.6183 23.9302 -87.0605 -11.0163 25.0947 -89.9354 1.41769 6.10415
-30.2124 1.78327 6.84564 -30.217 2.78235 4.75646 -16.4274 -23.4577 -4.60228 -8.6013
4.91152 6.27309 -3.74599 5.02583 7.02184 -4.75853 4.73961 5.29666 -2.9084 6.71723
5.87309 67.4225 -2.80937 -9.42391 5.41225 6.15067 6.68327 86.6411 6.9416 6.24134
76.7601 0.931886 -11.7723 -14.4407 0.75912 -10.1397 -18.0415 11.7238 25.9902 86.8171
11.7583 26.0138 86.7991 11.8369 26.1042 87.3206 11.7829 25.8147 87.5249 11.9616
25.7913 86.0372 6.30241 6.71358 94.5456 7.63097 5.53296 102.234 18.9439 7.73995
10.0099 23.454 -33.8079 -24.6423 20.2258 -21.7286 -27.9825 6.91492 -3.81097 -29.3216
2.92438 3.26384 -53.1767 16.1092 -44.8683 -13.3209 23.4001 -33.8891 -24.5585 -9.58507
-28.4294 7.88967 -14.3537 28.0662 -94.0579 -19.6625 13.6515 -42.2468 0.933179 -0.0623668
42.0745 0.994309 -0.0926741 42.4934 0.947006 -0.126374 42.2559 0.922539 -0.201028 41.7839
0.921464 -0.0820231 42.012 6.41143 4.0755 68.6617 -0.884877 -5.6643 5.27981 6.82441
4.48117 78.3493 6.1552 4.88658 87.0877 10.5656 24.3268 81.8661 10.5447 24.1374
82.0329 10.4769 24.2226 81.4383 10.4921 24.2493 81.3997 10.7622 24.2085 81.0941
7.87139 4.14409 100.382 6.3927 5.04975 93.716 25.5823 15.7968 21.3706 0.68275
-7.18997 -13.984 0.482709 -7.91858 -16.2522 3.47234 -10.3545 -12.9179 6.09137 -9.49016
-8.65995 39.384 -10.0235 -25.1428 30.0852 -20.5301 -27.8979 -35.9436 -52.356 57.2025
1.8697 -37.6333 18.8926 2.74368 2.27806 -54.0163 2.85177 2.25709 -53.4303 7.24766
-6.28622 -23.4971 -5.95079 9.87769 -80.0009 1.63696 9.62399 -24.9165 4.02858 10.3539
-17.6325 1.04518 9.36468 -27.688 -8.51316 9.62103 -90.7132 0.827964 8.7676 -29.9884
-9.45079 8.84529 -100.573 -18.248 26.9021 -100.914 -18.5659 26.3879 -99.7403 -18.1203
26.8181 -100.312 -18.0855 26.7208 -100.228 -18.1692 26.6628 -101.044 -39.7569 -8.16003
-19.3414 -9.72225 7.87392 -107.046 -10.9161 6.47225 -112.338 0.475865 6.79455 -30.8789
0.7303 7.9573 -30.9204 2.48824 5.50319 -15.6913 -1.38076 0.166168 56.9349 -0.677403
5.14708 26.1515 4.90634 5.58551 88.4859 -2.15873 4.95409 17.5609 -0.303668 5.49238
28.8568 7.13199 5.97138 97.9649 -0.170267 5.58533 30.9723 8.38116 6.00175 106.35
-3.34808 -6.34691 11.2448 -1.1732 -7.55073 -8.87102 13.8222 25.5 100.641 13.7751
25.1683 100.903 13.734 25.3702 100.159 13.7474 25.4392 100.214 14.3075 24.9034
98.4579 -0.0205509 5.10464 31.785 10.7052 5.17125 117.023 9.17175 5.73972 111.716
-0.148595 5.46312 31.6795 -2.12255 4.25481 16.5476 31.1078 -40.0758 -36.3559 33.9318
0.930601 9.14972 -14.3998 25.9734 -99.6458 -14.5122 26.0631 -100.286 -14.9649 25.5628
-98.3431 5.42287 -38.8043 -2.96372 -24.8327 -36.0967 28.1726 -33.4887 5.36253 -17.7041
0.626594 6.18245 -25.1945 2.27977 6.244 -17.1495 -4.57258 6.55766 -85.1315 0.105015
6.29594 -28.1446 -6.69149 6.6613 -95.4183 -7.8511 6.44441 -104.42 -0.166865 6.16924
-30.4284 -14.373 25.8629 -99.5423 -14.3837 25.3837 -100.775 -0.522645 5.27051 -31.2101
-0.318012 5.86188 -31.1952 -8.67535 6.00725 -110.147 -10.4203 5.16839 -115.495 1.65873
4.38679 -16.1698 14.6351 25.1345 97.6768 32.5336 5.64119 17.5633 24.3674 -35.206
-27.4143 -5.05725 -37.9859 3.09277 -0.311458 -7.99123 7.08203 -0.189509 -4.88807 2.98668
18.7552 -37.959 -21.7981 0.103509 -26.5155 -0.0936674 -18.5914 -38.783 21.4326 1.50745
1.22884 -55.2861 -1.00633 -8.23106 -10.2734 1.69537 -8.31149 -6.61702 4.78372 -5.63317
-17.9197 -0.334165 22.7849 5.25227 -2.49736 14.7347 10.3681 -3.12108 12.978 12.7412
-4.02181 11.264 4.37465 -3.64035 15.1532 3.61918 3.15066 13.0655 -12.709 2.52718
14.8127 -10.3427 0.361399 22.8172 -5.25175 0.0811355 24.4246 -4.32356 3.16996 8.76444
-17.4546 -3.52056 7.22637 -72.4097 -1.04266 8.04316 -41.7945 1.00207 7.9567 -24.0828
1.01919 8.07768 -23.7102 3.08074 9.15037 -16.2338 -0.602749 5.05184 -29.7156 -3.82706
4.91398 -55.7031 -0.607457 5.03481 -29.7072 -0.558021 5.20512 -29.1884 1.95986 34.9915
-1.27733 -3.14651 8.66473 17.4885 -0.990441 7.8688 24.1034 1.04577 7.95697 41.8007
3.50898 7.15265 72.4092 -3.05622 9.05431 16.2606 -1.00729 7.99017 23.7308 -0.980027
7.8626 24.1492 5.11846 8.13462 77.1956 -0.2742 7.48977 27.2318 0.0258615 6.93283
29.34 7.67157 6.98529 97.2799 7.10489 7.67111 87.9732 0.612994 4.98379 29.7076
3.8188 4.86669 55.6812 0.608256 5.00069 29.7159 0.56387 5.15421 29.189 -1.52872
3.86934 14.9207 11.0424 9.31145 104.885 -1.6217 5.03201 12.9867 8.33655 6.19425
103.402 0.288527 6.2039 30.2792 10.2305 4.6345 107.628 0.991593 7.95037 -24.1288
-5.1324 8.21737 -77.2182 -7.12956 7.74342 -88.0265 -7.70806 7.04592 -97.3497 -0.0217615
7.00115 -29.3336 0.281502 7.56799 -27.2197 1.53723 3.91079 -14.9147 -11.0844 9.35114
-104.968 1.63212 5.07409 -12.9798 -0.285035 6.26392 -30.2763 -8.37584 6.24571 -103.473
-10.2663 4.67434 -107.695 -0.288366 7.25858e-39 1.7851 -1.71323 13.9741 3.35756 0.0166157
24.4608 -1.83225 0.124533 24.2438 -2.60352 -0.116685 24.2427 2.60152 -0.564869 18.154
8.43316 -0.263859 15.11 9.53081 0.0119906 24.5014 1.80019 0.125293 24.6706 1.89363
-1.17898 0.964579 -5.03674 -0.104838 -0.430734 -0.436123 -0.587758 8.92113 -15.3003 -1.92405
3.66227 -16.7133 -0.309993 16.1442 9.22249 0.15895 8.16049 10.582 1.484 3.42766
10.2039 0.583431 6.74851 14.2112 1.34669 0.095898 0.635075 1.53982 0.593232 2.83295
0.28844 2.50024 -6.21653 -0.652871 -0.360059 -4.27904 0.983312 -0.585637 -0.781554 1.33689
0.0695375 0.519081 1.04859 -0.594904 -0.641635 -0.863908 8.70587 -15.3711 -2.32185 2.04273
-14.6508 -0.473404 10.8052 -13.9966 1.03065 12.1627 -8.97417 1.02373 11.5796 -9.33665
1.09938 17.9467 -5.38505 1.11423 7.93652 17.0116 -0.569932 9.37256 10.4711 -1.00033
16.5344 4.57161 1.53741 -0.318853 2.48567 2.23419 2.36916 12.5886 1.05786 17.3752
-4.16296 0.850469 10.5723 -9.57923 -1.26761 7.51062 -16.4381 -0.691148 10.4763 -14.3997
0.657964 22.3272 -5.84492 0.193313 0 -1.63961 0.11436 0 -1.75912 -2.85225
1.05468 -13.7795 -1.53661 -0.0245311 -6.75124 -1.04091 -0.429429 -4.08991 0.438391 -0.943875
-0.826642 1.80795 -3.72841 -2.56028 3.29133 -1.44515 6.88452 -2.9681 4.01198 -54.8208
-2.9748 3.95171 -54.6199 0.0841486 -4.94136 -1.07673 1.10705 -5.43822 -4.71617 1.64793
-2.62053 -7.27981 2.24458 0.985686 10.4189 -2.81728 0.131535 -0.700313 -2.00425 -3.03651
8.7211 -1.30984 -3.35781 4.98281 -0.742703 -0.593524 0.068133 -1.25222 8.04113 -41.7638
-1.27363 7.94227 -41.4116 -1.66131 -2.67483 7.34787 -0.928711 -3.04149 4.70099 -0.111628
-0.545501 -0.327991 0.735541 -0.595665 -0.0450591 1.74652 14.216 -3.3682 1.40341 17.617
-3.62298 1.27383 11.1416 -7.67987 1.45 -2.25654 -9.23678 1.56243 -1.54161 -11.2504
2.08182 -0.0615787 0.979771 -2.90168 -1.76976 -8.62167 -1.12936 -5.63333 4.80367 1.5964
-4.0535 -3.91758 -0.0627983 -3.93984 2.04584 -1.5669 -3.72538 7.13601 -2.53149 -0.646488
-5.23184 2.80287 -1.78786 8.6572 -1.56512 -1.52015 11.1841 -1.438 -2.23824 9.20455
-2.07865 0.000693883 -1.06024 -1.31061 -3.00459 7.0994 -0.954475 -4.43983 2.63639 0.115025
-0.549525 0.34009 0.927665 -2.99187 -4.62663 0.289232 -3.32928 -2.25273 -0.769403 -3.61316
2.0489 1.26919 8.01509 41.7756 1.29071 7.91612 41.4227 2.23376 2.01221 0.375587
0.0132906 -5.01017 -0.179202 1.84474 -3.29771 -7.31536 -1.82974 -3.29641 7.07851 -2.21093
2.05076 -0.431909 1.99424 -3.05931 -8.67892 2.81658 0.109343 0.698861 1.3033 -3.38714
-4.92688 0.765583 -3.64759 -1.98218 -2.27955 1.00398 -10.4 -0.279285 -3.37468 2.33272
-0.0720828 -5.07633 1.18236 1.33827 -3.01954 -7.09545 1.00165 -4.51337 -2.51227 2.99339
4.06188 54.86 2.98695 4.12362 55.0626 2.52311 -0.688352 5.16181 1.57874 -3.78667
-7.3839 0.117963 -4.07125 -2.55835 -1.59667 -4.29214 3.30476 -1.821 -3.95913 1.96945
-3.39259 -1.621 -7.32192 0.0460743 26.0192 0.441585 0.571907 18.1572 -8.42917 1.33766
8.86456 -10.1441 0.0238985 26.1462 -0.58756 -1.30184 8.7534 10.1766 
