# vtk DataFile Version 2.0
sampleSurface
ASCII
DATASET POLYDATA
POINTS 4486 float
0.040032 0.04 0.0242 -0 0.04 0.0242 -0 0 0.0242 0.040032 0
0.0242 0.080064 0.04 0.0242 0.080064 0 0.0242 0.120096 0.04 0.0242
0.120096 0 0.0242 0.160128 0.04 0.0242 0.160128 0 0.0242 0.200161
0.04 0.0242 0.200161 0 0.0242 0.240194 0.04 0.0242 0.240194 0
0.0242 0.280228 0.04 0.0242 0.280228 0 0.0242 0.320265 0.04 0.0242
0.320265 2.10195e-44 0.0242 0.360306 0.0399999 0.0242 0.360307 2.14539e-42 0.0242 0.400358
0.0399997 0.0242 0.400359 1.30747e-40 0.0242 0.440428 0.0399993 0.0242 0.44043 4.66434e-39
0.0242 0.480529 0.0399981 0.0242 0.480529 9.70712e-38 0.0242 0.520677 0.0399951 0.0242
0.520672 1.18225e-36 0.0242 0.560897 0.0399872 0.0242 0.560875 8.54413e-36 0.0242 0.601208
0.0399666 0.0242 0.601146 3.75264e-35 0.0242 0.64162 0.0399127 0.0242 0.641466 1.03947e-34
0.0242 0.682112 0.0397709 0.0242 0.681773 1.89459e-34 0.0242 0.722682 0.0393364 0.0242
0.721916 1.9566e-34 0.0242 0.761786 0.0191713 0.0242 0.762391 0.0381127 0.0242 0.742806
0.0388495 0.0242 0.761584 1.01527e-38 0.0242 0.781461 0.019684 0.0242 0.781336 -3.55128e-39
0.0242 0.801054 2.06005e-41 0.0242 0.820865 4.70976e-42 0.0242 0.820814 0.0202924 0.0242
0.801036 0.0201537 0.0242 0.840775 1.25696e-42 0.0242 0.860751 2.67648e-43 0.0242 0.860725
0.020336 0.0242 0.840736 0.0203282 0.0242 0.880773 -1.68156e-44 0.0242 0.900843 -4.76441e-44
0.0242 0.900833 0.0203093 0.0242 0.880752 0.0203329 0.0242 0.920987 -1.4013e-44 0.0242
0.941251 0 0.0242 0.941526 0.0197622 0.0242 0.921045 0.020199 0.0242 0.040032
0.08 0.0242 -0 0.08 0.0242 0.080064 0.08 0.0242 0.120096 0.08
0.0242 0.160128 0.08 0.0242 0.200161 0.08 0.0242 0.240194 0.08 0.0242
0.280228 0.08 0.0242 0.320264 0.0799999 0.0242 0.360305 0.0799998 0.0242 0.400357
0.0799996 0.0242 0.440428 0.079999 0.0242 0.480531 0.0799976 0.0242 0.520689 0.0799939
0.0242 0.560933 0.0799852 0.0242 0.601299 0.0799645 0.0242 0.641835 0.0799179 0.0242
0.682599 0.0798213 0.0242 0.723331 0.0593824 0.0242 0.723758 0.0796383 0.0242 0.743775
0.059135 0.0242 0.772077 0.0380879 0.0242 0.775 0.05 0.0242 0.762865 0.0478197
0.0242 0.800965 0.0408601 0.0242 0.810792 0.0409349 0.0242 0.810758 0.05 0.0242
0.800916 0.05 0.0242 0.840682 0.0409452 0.0242 0.850684 0.0409577 0.0242 0.850681
0.05 0.0242 0.840675 0.05 0.0242 0.880714 0.0409458 0.0242 0.890737 0.0409569
0.0242 0.890726 0.05 0.0242 0.880707 0.05 0.0242 0.921076 0.0408765 0.0242
0.931414 0.0406633 0.0242 0.931326 0.05 0.0242 0.921057 0.05 0.0242 0.040032
0.12 0.0242 -0 0.12 0.0242 0.080064 0.12 0.0242 0.120096 0.12
0.0242 0.160128 0.12 0.0242 0.200161 0.12 0.0242 0.240193 0.12 0.0242
0.280227 0.12 0.0242 0.320264 0.12 0.0242 0.360305 0.12 0.0242 0.400356
0.12 0.0242 0.440427 0.119999 0.0242 0.480531 0.119998 0.0242 0.520694 0.119996
0.0242 0.560948 0.119992 0.0242 0.601344 0.119984 0.0242 0.641943 0.119969 0.0242
0.68282 0.119947 0.0242 0.724132 0.0998191 0.0242 0.724136 0.119936 0.0242 0.744491
0.0795803 0.0242 0.744763 0.0998389 0.0242 0.775 0.0796097 0.0242 0.775 0.089832
0.0242 0.765915 0.0898009 0.0242 0.765819 0.0795849 0.0242 0.040032 0.16 0.0242
-0 0.16 0.0242 0.080064 0.16 0.0242 0.120096 0.16 0.0242 0.160128
0.16 0.0242 0.200161 0.16 0.0242 0.240193 0.16 0.0242 0.280227 0.16
0.0242 0.320263 0.16 0.0242 0.360304 0.16 0.0242 0.400355 0.16 0.0242
0.440423 0.16 0.0242 0.480523 0.16 0.0242 0.520679 0.16 0.0242 0.560925
0.160002 0.0242 0.601303 0.160007 0.0242 0.641876 0.16002 0.0242 0.682716 0.160047
0.0242 0.724236 0.140013 0.0242 0.724005 0.16009 0.0242 0.744832 0.119953 0.0242
0.744841 0.140014 0.0242 0.775 0.119996 0.0242 0.775 0.13 0.0242 0.765941
0.129999 0.0242 0.765915 0.119989 0.0242 0.040032 0.2 0.0242 -0 0.2
0.0242 0.080064 0.2 0.0242 0.120096 0.2 0.0242 0.160128 0.2 0.0242
0.20016 0.2 0.0242 0.240193 0.2 0.0242 0.280227 0.2 0.0242 0.320263
0.2 0.0242 0.360302 0.2 0.0242 0.400351 0.2 0.0242 0.440416 0.2
0.0242 0.480508 0.200001 0.0242 0.520649 0.200003 0.0242 0.560863 0.200008 0.0242
0.601182 0.200022 0.0242 0.641642 0.200057 0.0242 0.682271 0.200135 0.0242 0.723801
0.180205 0.0242 0.723155 0.200316 0.0242 0.744738 0.160089 0.0242 0.74447 0.18024
0.0242 0.775 0.160042 0.0242 0.775 0.170115 0.0242 0.765914 0.170131 0.0242
0.765905 0.160057 0.0242 0.040032 0.24 0.0242 -0 0.24 0.0242 0.080064
0.24 0.0242 0.120096 0.24 0.0242 0.160128 0.24 0.0242 0.20016 0.24
0.0242 0.240193 0.24 0.0242 0.280227 0.24 0.0242 0.320262 0.24 0.0242
0.360301 0.24 0.0242 0.400348 0.24 0.0242 0.440407 0.24 0.0242 0.480491
0.24 0.0242 0.520613 0.240002 0.0242 0.560788 0.240007 0.0242 0.601036 0.24002
0.0242 0.641356 0.240051 0.0242 0.681719 0.240118 0.0242 0.722538 0.220374 0.0242
0.72206 0.240277 0.0242 0.743687 0.20046 0.0242 0.742596 0.220546 0.0242 0.775
0.199934 0.0242 0.775 0.208824 0.0242 0.762858 0.211233 0.0242 0.764704 0.200685
0.0242 0.040032 0.28 0.0242 -0 0.28 0.0242 0.080064 0.28 0.0242
0.120096 0.28 0.0242 0.160128 0.28 0.0242 0.20016 0.28 0.0242 0.240193
0.28 0.0242 0.280226 0.28 0.0242 0.320262 0.28 0.0242 0.3603 0.28
0.0242 0.400345 0.28 0.0242 0.440401 0.279999 0.0242 0.480478 0.279999 0.0242
0.520583 0.279999 0.0242 0.56073 0.279999 0.0242 0.600923 0.280003 0.0242 0.64115
0.280012 0.0242 0.681368 0.28003 0.0242 0.721491 0.280043 0.0242 0.76138 0.279948
0.0242 0.742118 0.240358 0.0242 0.761861 0.240263 0.0242 0.801025 0.279488 0.0242
0.781473 0.23949 0.0242 0.801013 0.238864 0.0242 0.840828 0.279298 0.0242 0.820793
0.238585 0.0242 0.84073 0.238565 0.0242 0.88081 0.279303 0.0242 0.860718 0.238498
0.0242 0.880751 0.238568 0.0242 0.900836 0.238595 0.0242 0.921057 0.23889 0.0242
0.920938 0.279506 0.0242 0.040032 0.32 0.0242 -0 0.32 0.0242 0.080064
0.32 0.0242 0.120096 0.32 0.0242 0.160128 0.32 0.0242 0.20016 0.32
0.0242 0.240193 0.32 0.0242 0.280226 0.32 0.0242 0.320261 0.32 0.0242
0.360299 0.32 0.0242 0.400344 0.319999 0.0242 0.440399 0.319999 0.0242 0.480472
0.319997 0.0242 0.520574 0.319994 0.0242 0.56071 0.319989 0.0242 0.600884 0.319978
0.0242 0.641079 0.319961 0.0242 0.681253 0.319936 0.0242 0.721327 0.319906 0.0242
0.761217 0.319888 0.0242 0.80099 0.319887 0.0242 0.840836 0.319905 0.0242 0.880808
0.319911 0.0242 0.920873 0.319909 0.0242 0.040032 0.36 0.0242 0 0.36
0.0242 0.080064 0.36 0.0242 0.120096 0.36 0.0242 0.160128 0.36 0.0242
0.20016 0.36 0.0242 0.240193 0.36 0.0242 0.280226 0.36 0.0242 0.320262
0.36 0.0242 0.3603 0.36 0.0242 0.400345 0.359999 0.0242 0.440402 0.359998
0.0242 0.480479 0.359995 0.0242 0.520586 0.35999 0.0242 0.560737 0.359978 0.0242
0.600936 0.359955 0.0242 0.641172 0.359911 0.0242 0.6814 0.359837 0.0242 0.721515
0.359748 0.0242 0.76131 0.359776 0.0242 0.800979 0.360206 0.0242 0.781162 0.359977
0.0242 0.840779 0.360449 0.0242 0.820845 0.360415 0.0242 0.880772 0.360456 0.0242
0.860755 0.360529 0.0242 0.920888 0.360241 0.0242 0.900813 0.360432 0.0242 0.040032
0.4 0.0242 0 0.4 0.0242 0.080064 0.4 0.0242 0.120096 0.4
0.0242 0.160128 0.4 0.0242 0.20016 0.4 0.0242 0.240193 0.4 0.0242
0.280227 0.4 0.0242 0.320262 0.4 0.0242 0.360301 0.4 0.0242 0.400348
0.399999 0.0242 0.440407 0.399998 0.0242 0.480492 0.399995 0.0242 0.520616 0.399988
0.0242 0.560798 0.399974 0.0242 0.601056 0.399943 0.0242 0.641398 0.399876 0.0242
0.681797 0.399739 0.0242 0.7222 0.399415 0.0242 0.761492 0.379561 0.0242 0.761968
0.399004 0.0242 0.742267 0.399174 0.0242 0.781273 0.379955 0.0242 0.820816 0.380613
0.0242 0.80099 0.380394 0.0242 0.860732 0.380721 0.0242 0.840746 0.380691 0.0242
0.900822 0.380629 0.0242 0.880756 0.380696 0.0242 0.941021 0.360028 0.0242 0.941247
0.380003 0.0242 0.920963 0.380428 0.0242 0.040032 0.44 0.0242 0 0.44
0.0242 0.080064 0.44 0.0242 0.120096 0.44 0.0242 0.160128 0.44 0.0242
0.20016 0.44 0.0242 0.240193 0.44 0.0242 0.280227 0.44 0.0242 0.320263
0.44 0.0242 0.360302 0.44 0.0242 0.400351 0.439999 0.0242 0.440415 0.439998
0.0242 0.480508 0.439996 0.0242 0.52065 0.43999 0.0242 0.560868 0.439979 0.0242
0.601199 0.439953 0.0242 0.641686 0.439899 0.0242 0.682377 0.439791 0.0242 0.72276
0.419349 0.0242 0.72341 0.439577 0.0242 0.742896 0.419028 0.0242 0.771796 0.399217
0.0242 0.771991 0.408736 0.0242 0.762254 0.408654 0.0242 0.800981 0.400948 0.0242
0.810826 0.401104 0.0242 0.810787 0.411442 0.0242 0.800943 0.411366 0.0242 0.840694
0.401182 0.0242 0.850691 0.401204 0.0242 0.850684 0.411484 0.0242 0.840682 0.41148
0.0242 0.880725 0.401184 0.0242 0.890755 0.401193 0.0242 0.890741 0.411479 0.0242
0.880715 0.411481 0.0242 0.921058 0.400971 0.0242 0.93131 0.400688 0.0242 0.931398
0.411133 0.0242 0.921082 0.411376 0.0242 0.040032 0.48 0.0242 -0 0.48
0.0242 0.080064 0.48 0.0242 0.120096 0.48 0.0242 0.160128 0.48 0.0242
0.20016 0.48 0.0242 0.240193 0.48 0.0242 0.280227 0.48 0.0242 0.320263
0.48 0.0242 0.360303 0.48 0.0242 0.400353 0.48 0.0242 0.440419 0.479999
0.0242 0.480518 0.479998 0.0242 0.520671 0.479996 0.0242 0.560914 0.479992 0.0242
0.601294 0.479983 0.0242 0.641877 0.479965 0.0242 0.682742 0.479936 0.0242 0.723956
0.45977 0.0242 0.724066 0.479911 0.0242 0.744114 0.43947 0.0242 0.744628 0.459775
0.0242 0.775 0.439471 0.0242 0.775 0.449676 0.0242 0.765848 0.449661 0.0242
0.765558 0.439401 0.0242 0.040032 0.52 0.0242 0 0.52 0.0242 0.080064
0.52 0.0242 0.120096 0.52 0.0242 0.160128 0.52 0.0242 0.20016 0.52
0.0242 0.240193 0.52 0.0242 0.280227 0.52 0.0242 0.320263 0.52 0.0242
0.360303 0.52 0.0242 0.400353 0.52 0.0242 0.440419 0.520001 0.0242 0.480518
0.520002 0.0242 0.520671 0.520004 0.0242 0.560914 0.520008 0.0242 0.601294 0.520017
0.0242 0.641877 0.520035 0.0242 0.682742 0.520064 0.0242 0.724234 0.5 0.0242
0.724066 0.520089 0.0242 0.744788 0.479926 0.0242 0.744843 0.5 0.0242 0.775
0.479984 0.0242 0.775 0.489997 0.0242 0.76594 0.489992 0.0242 0.765911 0.479972
0.0242 0.040032 0.56 0.0242 0 0.56 0.0242 0.080064 0.56 0.0242
0.120096 0.56 0.0242 0.160128 0.56 0.0242 0.20016 0.56 0.0242 0.240193
0.56 0.0242 0.280227 0.56 0.0242 0.320263 0.56 0.0242 0.360302 0.56
0.0242 0.400351 0.560001 0.0242 0.440415 0.560002 0.0242 0.480508 0.560004 0.0242
0.52065 0.56001 0.0242 0.560868 0.560021 0.0242 0.601199 0.560047 0.0242 0.641686
0.560101 0.0242 0.682377 0.560208 0.0242 0.723956 0.540229 0.0242 0.72341 0.560422
0.0242 0.744788 0.520073 0.0242 0.744628 0.540225 0.0242 0.775 0.520016 0.0242
0.775 0.530051 0.0242 0.765932 0.53007 0.0242 0.765911 0.520028 0.0242 0.040032
0.6 0.0242 0 0.6 0.0242 0.080064 0.6 0.0242 0.120096 0.6
0.0242 0.160128 0.6 0.0242 0.20016 0.6 0.0242 0.240193 0.6 0.0242
0.280227 0.6 0.0242 0.320262 0.6 0.0242 0.360301 0.6 0.0242 0.400348
0.600001 0.0242 0.440407 0.600002 0.0242 0.480492 0.600005 0.0242 0.520616 0.600011
0.0242 0.560798 0.600026 0.0242 0.601055 0.600057 0.0242 0.641397 0.600123 0.0242
0.681796 0.60026 0.0242 0.722759 0.580649 0.0242 0.722199 0.600583 0.0242 0.744114
0.56053 0.0242 0.742894 0.580972 0.0242 0.775 0.560529 0.0242 0.775 0.570204
0.0242 0.76473 0.570961 0.0242 0.765558 0.560599 0.0242 0.040032 0.64 0.0242
0 0.64 0.0242 0.080064 0.64 0.0242 0.120096 0.64 0.0242 0.160128
0.64 0.0242 0.20016 0.64 0.0242 0.240193 0.64 0.0242 0.280226 0.64
0.0242 0.320262 0.64 0.0242 0.3603 0.64 0.0242 0.400345 0.640001 0.0242
0.440402 0.640002 0.0242 0.480479 0.640005 0.0242 0.520586 0.64001 0.0242 0.560737
0.640021 0.0242 0.600935 0.640045 0.0242 0.641171 0.640088 0.0242 0.681399 0.640162
0.0242 0.721514 0.640249 0.0242 0.761489 0.620433 0.0242 0.761305 0.640219 0.0242
0.742266 0.600824 0.0242 0.761966 0.600994 0.0242 0.771794 0.600782 0.0242 0.781538
0.599953 0.0242 0.781268 0.620039 0.0242 0.810825 0.598891 0.0242 0.820746 0.598852
0.0242 0.820812 0.619382 0.0242 0.800985 0.619599 0.0242 0.800979 0.599048 0.0242
0.85069 0.598791 0.0242 0.860697 0.598806 0.0242 0.860729 0.619275 0.0242 0.840743
0.619305 0.0242 0.840694 0.598814 0.0242 0.890754 0.598801 0.0242 0.90081 0.598838
0.0242 0.900811 0.619357 0.0242 0.88075 0.619297 0.0242 0.880724 0.598811 0.0242
0.931256 0.599226 0.0242 0.941541 0.599759 0.0242 0.941116 0.619889 0.0242 0.920928
0.619533 0.0242 0.921047 0.598993 0.0242 0.040032 0.68 0.0242 -0 0.68
0.0242 0.080064 0.68 0.0242 0.120096 0.68 0.0242 0.160128 0.68 0.0242
0.20016 0.68 0.0242 0.240193 0.68 0.0242 0.280226 0.68 0.0242 0.320261
0.68 0.0242 0.360299 0.68 0.0242 0.400344 0.680001 0.0242 0.440399 0.680001
0.0242 0.480472 0.680003 0.0242 0.520574 0.680006 0.0242 0.560709 0.680011 0.0242
0.600883 0.680022 0.0242 0.641079 0.680038 0.0242 0.681253 0.680063 0.0242 0.721326
0.680092 0.0242 0.761214 0.680108 0.0242 0.800985 0.680109 0.0242 0.781157 0.640016
0.0242 0.800973 0.639788 0.0242 0.84083 0.680092 0.0242 0.820839 0.639582 0.0242
0.840774 0.639549 0.0242 0.880798 0.680085 0.0242 0.860749 0.63947 0.0242 0.880764
0.639539 0.0242 0.9008 0.639557 0.0242 0.920861 0.639734 0.0242 0.920848 0.680083
0.0242 0.040032 0.72 0.0242 -0 0.72 0.0242 0.080064 0.72 0.0242
0.120096 0.72 0.0242 0.160128 0.72 0.0242 0.20016 0.72 0.0242 0.240193
0.72 0.0242 0.280226 0.72 0.0242 0.320262 0.72 0.0242 0.3603 0.72
0.0242 0.400345 0.72 0.0242 0.440401 0.720001 0.0242 0.480478 0.720001 0.0242
0.520583 0.720001 0.0242 0.56073 0.720001 0.0242 0.600923 0.719997 0.0242 0.641149
0.719988 0.0242 0.681368 0.719969 0.0242 0.721491 0.719956 0.0242 0.761379 0.720051
0.0242 0.801023 0.720511 0.0242 0.840825 0.720701 0.0242 0.8808 0.720698 0.0242
0.920905 0.720501 0.0242 0.040032 0.76 0.0242 -0 0.76 0.0242 0.080064
0.76 0.0242 0.120096 0.76 0.0242 0.160128 0.76 0.0242 0.20016 0.76
0.0242 0.240193 0.76 0.0242 0.280227 0.76 0.0242 0.320262 0.76 0.0242
0.360301 0.76 0.0242 0.400348 0.76 0.0242 0.440407 0.76 0.0242 0.480491
0.76 0.0242 0.520613 0.759998 0.0242 0.560788 0.759993 0.0242 0.601035 0.75998
0.0242 0.641355 0.759949 0.0242 0.681719 0.759881 0.0242 0.72206 0.759723 0.0242
0.761861 0.759737 0.0242 0.742118 0.759642 0.0242 0.801013 0.761136 0.0242 0.781473
0.76051 0.0242 0.84073 0.761435 0.0242 0.820793 0.761415 0.0242 0.880748 0.761433
0.0242 0.860716 0.761502 0.0242 0.921017 0.761122 0.0242 0.900825 0.761408 0.0242
0.040032 0.8 0.0242 -0 0.8 0.0242 0.080064 0.8 0.0242 0.120096
0.8 0.0242 0.160128 0.8 0.0242 0.20016 0.8 0.0242 0.240193 0.8
0.0242 0.280227 0.8 0.0242 0.320263 0.8 0.0242 0.360302 0.8 0.0242
0.400351 0.8 0.0242 0.440416 0.8 0.0242 0.480508 0.799999 0.0242 0.520649
0.799997 0.0242 0.560863 0.799992 0.0242 0.601182 0.799978 0.0242 0.641642 0.799943
0.0242 0.682271 0.799865 0.0242 0.722538 0.779626 0.0242 0.723155 0.799684 0.0242
0.742596 0.779454 0.0242 0.781708 0.780956 0.0242 0.772048 0.779198 0.0242 0.762364
0.77906 0.0242 0.820707 0.782116 0.0242 0.810767 0.782112 0.0242 0.800918 0.782029
0.0242 0.86069 0.782127 0.0242 0.850683 0.782138 0.0242 0.840681 0.782123 0.0242
0.900795 0.782117 0.0242 0.89074 0.782135 0.0242 0.880715 0.782123 0.0242 0.941424
0.760509 0.0242 0.941973 0.78096 0.0242 0.931427 0.781798 0.0242 0.921099 0.782025
0.0242 0.040032 0.84 0.0242 -0 0.84 0.0242 0.080064 0.84 0.0242
0.120096 0.84 0.0242 0.160128 0.84 0.0242 0.200161 0.84 0.0242 0.240193
0.84 0.0242 0.280227 0.84 0.0242 0.320263 0.84 0.0242 0.360304 0.84
0.0242 0.400355 0.84 0.0242 0.440423 0.84 0.0242 0.480523 0.84 0.0242
0.520679 0.84 0.0242 0.560925 0.839998 0.0242 0.601303 0.839993 0.0242 0.641876
0.83998 0.0242 0.682716 0.839953 0.0242 0.723801 0.819795 0.0242 0.724005 0.83991
0.0242 0.744469 0.81976 0.0242 0.743687 0.79954 0.0242 0.775 0.800066 0.0242
0.775 0.80961 0.0242 0.765596 0.809549 0.0242 0.764704 0.799315 0.0242 0.040032
0.88 0.0242 -0 0.88 0.0242 0.080064 0.88 0.0242 0.120096 0.88
0.0242 0.160128 0.88 0.0242 0.200161 0.88 0.0242 0.240193 0.88 0.0242
0.280227 0.88 0.0242 0.320264 0.88 0.0242 0.360305 0.88 0.0242 0.400356
0.88 0.0242 0.440427 0.880001 0.0242 0.480531 0.880002 0.0242 0.520694 0.880004
0.0242 0.560948 0.880008 0.0242 0.601344 0.880016 0.0242 0.641943 0.880031 0.0242
0.68282 0.880053 0.0242 0.724236 0.859987 0.0242 0.724136 0.880064 0.0242 0.744737
0.839911 0.0242 0.744841 0.859986 0.0242 0.775 0.839958 0.0242 0.775 0.849988
0.0242 0.765938 0.849979 0.0242 0.765905 0.839943 0.0242 0.040032 0.92 0.0242
-0 0.92 0.0242 0.080064 0.92 0.0242 0.120096 0.92 0.0242 0.160128
0.92 0.0242 0.200161 0.92 0.0242 0.240194 0.92 0.0242 0.280228 0.92
0.0242 0.320264 0.92 0.0242 0.360305 0.92 0.0242 0.400357 0.92 0.0242
0.440428 0.920001 0.0242 0.480531 0.920003 0.0242 0.520689 0.920006 0.0242 0.560933
0.920015 0.0242 0.601299 0.920035 0.0242 0.641835 0.920082 0.0242 0.682598 0.920179
0.0242 0.724132 0.900181 0.0242 0.723758 0.920362 0.0242 0.744832 0.880047 0.0242
0.744763 0.900161 0.0242 0.775 0.880004 0.0242 0.775 0.890018 0.0242 0.765938
0.890031 0.0242 0.765915 0.880011 0.0242 0.040032 0.96 0.0242 -0 0.96
0.0242 0.080064 0.96 0.0242 0.120096 0.96 0.0242 0.160128 0.96 0.0242
0.200161 0.96 0.0242 0.240194 0.96 0.0242 0.280228 0.96 0.0242 0.320265
0.96 0.0242 0.360306 0.96 0.0242 0.400358 0.96 0.0242 0.440428 0.960001
0.0242 0.480528 0.960002 0.0242 0.520677 0.960005 0.0242 0.560897 0.960012 0.0242
0.601208 0.960033 0.0242 0.64162 0.960088 0.0242 0.682112 0.96023 0.0242 0.723331
0.940617 0.0242 0.722683 0.960664 0.0242 0.744491 0.92042 0.0242 0.743776 0.940865
0.0242 0.775 0.920391 0.0242 0.775 0.93067 0.0242 0.765599 0.930754 0.0242
0.765819 0.920415 0.0242 0.040032 1 0.0242 -0 1 0.0242 0.080064
1 0.0242 0.120096 1 0.0242 0.160128 1 0.0242 0.200161 1
0.0242 0.240194 1 0.0242 0.280228 1 0.0242 0.320265 1 0.0242
0.360307 1 0.0242 0.400359 1 0.0242 0.44043 1 0.0242 0.480529
1 0.0242 0.520672 1 0.0242 0.560875 1 0.0242 0.601145 1
0.0242 0.641466 1 0.0242 0.681773 1 0.0242 0.721916 1 0.0242
0.761786 0.980829 0.0242 0.761584 1 0.0242 0.742807 0.961151 0.0242 0.762391
0.961887 0.0242 0.772077 0.961912 0.0242 0.781795 0.960189 0.0242 0.781461 0.980316
0.0242 0.810792 0.959065 0.0242 0.820718 0.959062 0.0242 0.820814 0.979707 0.0242
0.801036 0.979846 0.0242 0.800965 0.95914 0.0242 0.850683 0.959042 0.0242 0.860691
0.959054 0.0242 0.860723 0.979664 0.0242 0.840736 0.979672 0.0242 0.840682 0.959055
0.0242 0.890736 0.959043 0.0242 0.900785 0.959058 0.0242 0.900821 0.979687 0.0242
0.880747 0.979666 0.0242 0.880714 0.959054 0.0242 0.931377 0.959309 0.0242 0.941924
0.960081 0.0242 0.941395 0.980163 0.0242 0.921003 0.97978 0.0242 0.921064 0.959115
0.0242 0.791329 0.05 0.0242 0.79129 0.040634 0.0242 0.765599 0.0692463 0.0242
0.775 0.0693293 0.0242 0.830676 0.05 0.0242 0.830687 0.0409557 0.0242 0.870697
0.05 0.0242 0.870699 0.0409579 0.0242 0.910861 0.05 0.0242 0.910886 0.040942
0.0242 0.765938 0.109969 0.0242 0.775 0.109982 0.0242 0.765938 0.150021 0.0242
0.775 0.150013 0.0242 0.765596 0.190451 0.0242 0.775 0.19039 0.0242 0.762364
0.220939 0.0242 0.772048 0.220802 0.0242 0.781708 0.219044 0.0242 0.791214 0.218198
0.0242 0.800918 0.217971 0.0242 0.810767 0.217888 0.0242 0.820707 0.217884 0.0242
0.830683 0.217865 0.0242 0.840681 0.217877 0.0242 0.850683 0.217862 0.0242 0.86069
0.217873 0.0242 0.870699 0.217862 0.0242 0.880715 0.217877 0.0242 0.89074 0.217865
0.0242 0.900796 0.217884 0.0242 0.910906 0.217889 0.0242 0.921111 0.217979 0.0242
0.931464 0.218214 0.0242 0.942064 0.219072 0.0242 0.941554 0.239535 0.0242 0.791241
0.411121 0.0242 0.791228 0.400661 0.0242 0.76473 0.429039 0.0242 0.775 0.429796
0.0242 0.830689 0.411478 0.0242 0.830706 0.401187 0.0242 0.8707 0.411484 0.0242
0.870706 0.401205 0.0242 0.910895 0.411449 0.0242 0.910908 0.40112 0.0242 0.765932
0.46993 0.0242 0.775 0.469949 0.0242 0.76594 0.510008 0.0242 0.775 0.510003
0.0242 0.765848 0.550339 0.0242 0.775 0.550324 0.0242 0.762253 0.591345 0.0242
0.771991 0.591263 0.0242 0.791227 0.599334 0.0242 0.791241 0.588878 0.0242 0.800943
0.588632 0.0242 0.810787 0.588556 0.0242 0.830705 0.598807 0.0242 0.830688 0.588521
0.0242 0.840682 0.588518 0.0242 0.850684 0.588515 0.0242 0.870706 0.59879 0.0242
0.8707 0.588515 0.0242 0.880714 0.588517 0.0242 0.890741 0.588518 0.0242 0.910905
0.598864 0.0242 0.910896 0.588545 0.0242 0.921082 0.588609 0.0242 0.931383 0.588828
0.0242 0.791214 0.781802 0.0242 0.762858 0.788767 0.0242 0.775 0.791176 0.0242
0.830683 0.782135 0.0242 0.870699 0.782138 0.0242 0.910903 0.782112 0.0242 0.765914
0.829869 0.0242 0.775 0.829885 0.0242 0.765941 0.870001 0.0242 0.775 0.87
0.0242 0.765915 0.910199 0.0242 0.775 0.910168 0.0242 0.762865 0.95218 0.0242
0.775 0.95 0.0242 0.79129 0.959366 0.0242 0.791329 0.95 0.0242 0.800916
0.95 0.0242 0.810758 0.95 0.0242 0.830687 0.959044 0.0242 0.830676 0.95
0.0242 0.840675 0.95 0.0242 0.850681 0.95 0.0242 0.870699 0.959042 0.0242
0.870697 0.95 0.0242 0.880707 0.95 0.0242 0.890726 0.95 0.0242 0.910883
0.959056 0.0242 0.910861 0.95 0.0242 0.921057 0.95 0.0242 0.931326 0.95
0.0242 0.781795 0.0398114 0.0242 0.820718 0.0409383 0.0242 0.860691 0.040946 0.0242
0.900787 0.0409416 0.0242 0.942016 0.0398505 0.0242 0.764711 0.0587603 0.0242 0.820695
0.05 0.0242 0.860688 0.05 0.0242 0.900767 0.05 0.0242 0.765907 0.0999136
0.0242 0.775 0.0999392 0.0242 0.765915 0.140006 0.0242 0.775 0.140002 0.0242
0.765817 0.180263 0.0242 0.775 0.18026 0.0242 0.800864 0.208824 0.0242 0.810735
0.208824 0.0242 0.820686 0.208824 0.0242 0.840675 0.208824 0.0242 0.850681 0.208824
0.0242 0.860688 0.208824 0.0242 0.880708 0.208824 0.0242 0.890728 0.208824 0.0242
0.900775 0.208824 0.0242 0.921097 0.208824 0.0242 0.931391 0.208824 0.0242 0.781539
0.400044 0.0242 0.820747 0.401143 0.0242 0.860698 0.401189 0.0242 0.900811 0.401153
0.0242 0.941732 0.400066 0.0242 0.76285 0.418339 0.0242 0.820716 0.411466 0.0242
0.810747 0.420589 0.0242 0.800889 0.420589 0.0242 0.820691 0.420589 0.0242 0.860691
0.411482 0.0242 0.850681 0.420589 0.0242 0.840675 0.420589 0.0242 0.860688 0.420589
0.0242 0.900792 0.41147 0.0242 0.890727 0.420589 0.0242 0.880707 0.420589 0.0242
0.900771 0.420589 0.0242 0.931361 0.420589 0.0242 0.921077 0.420589 0.0242 0.765884
0.459833 0.0242 0.775 0.459859 0.0242 0.765915 0.5 0.0242 0.775 0.5
0.0242 0.765884 0.540167 0.0242 0.775 0.540141 0.0242 0.76285 0.581661 0.0242
0.775 0.579412 0.0242 0.940951 0.639917 0.0242 0.765817 0.819737 0.0242 0.775
0.81974 0.0242 0.765915 0.859994 0.0242 0.775 0.859998 0.0242 0.765907 0.900086
0.0242 0.775 0.900061 0.0242 0.764711 0.941239 0.0242 0.775 0.940479 0.0242
0.781336 1 0.0242 0.801054 1 0.0242 0.820864 1 0.0242 0.840774
1 0.0242 0.860749 1 0.0242 0.880767 1 0.0242 0.900827 1
0.0242 0.920945 1 0.0242 0.941151 1 0.0242 0.782683 0.05 0.0242
0.775 0.0595208 0.0242 0.791239 0.208824 0.0242 0.78255 0.208824 0.0242 0.830673
0.208824 0.0242 0.870697 0.208824 0.0242 0.91088 0.208824 0.0242 0.781713 0.410343
0.0242 0.791283 0.420589 0.0242 0.782615 0.420589 0.0242 0.775 0.420589 0.0242
0.830675 0.420589 0.0242 0.870697 0.420589 0.0242 0.91087 0.420589 0.0242 0.791283
0.579412 0.0242 0.80089 0.579412 0.0242 0.781713 0.589656 0.0242 0.782616 0.579412
0.0242 0.810747 0.579412 0.0242 0.820716 0.588532 0.0242 0.820691 0.579412 0.0242
0.830675 0.579412 0.0242 0.840675 0.579412 0.0242 0.850681 0.579412 0.0242 0.860691
0.588516 0.0242 0.860688 0.579412 0.0242 0.870697 0.579412 0.0242 0.880707 0.579412
0.0242 0.890727 0.579412 0.0242 0.900792 0.588527 0.0242 0.900771 0.579412 0.0242
0.91087 0.579412 0.0242 0.921077 0.579412 0.0242 0.931361 0.579412 0.0242 0.800864
0.791176 0.0242 0.791239 0.791176 0.0242 0.78255 0.791176 0.0242 0.810735 0.791176
0.0242 0.820686 0.791176 0.0242 0.840675 0.791176 0.0242 0.830673 0.791176 0.0242
0.850681 0.791176 0.0242 0.860688 0.791176 0.0242 0.880708 0.791176 0.0242 0.870697
0.791176 0.0242 0.890728 0.791176 0.0242 0.900775 0.791176 0.0242 0.921097 0.791176
0.0242 0.91088 0.791176 0.0242 0.931391 0.791176 0.0242 0.782683 0.95 0.0242
0.820695 0.95 0.0242 0.860688 0.95 0.0242 0.900767 0.95 0.0242 0.941223
0.95 0.0242 0.941875 0.58956 0.0242 0.941268 0.579412 0.0242 0.941304 0.791176
0.0242 0.961936 0.240275 0.0242 0.96119 0.279963 0.0242 0.960994 0.319917 0.0242
0.961166 0.359831 0.0242 0.961051 0.640096 0.0242 0.960939 0.68007 0.0242 0.961098
0.720064 0.0242 0.961726 0.759801 0.0242 0.941223 0.05 0.0242 0.941304 0.208824
0.0242 0.941958 0.410352 0.0242 0.941268 0.420589 0.0242 0.952982 0.591112 0.0242
0.952027 0.600494 0.0242 0.951471 0.579412 0.0242 0.953224 0.779227 0.0242 0.951471
0.791176 0.0242 0.953224 0.961761 0.0242 0.951471 0.95 0.0242 1.04098 0.0397612
0.0242 1.00171 0.0393826 0.0242 1.00135 3.47967e-35 0.0242 1.04092 1.12334e-34 0.0242
1.08019 0.0398304 0.0242 1.08025 3.21649e-34 0.0242 1.11925 0.0396695 0.0242 1.11956
2.48872e-33 0.0242 1.1583 0.0194205 0.0242 1.15775 0.0391119 0.0242 1.1386 0.039437
0.0242 1.15888 1.51246e-35 0.0242 1.17802 0.0192712 0.0242 1.17883 5.23157e-36 0.0242
1.19935 3.38294e-38 0.0242 1.22006 1.15174e-38 0.0242 1.22006 0.0201796 0.0242 1.19891
0.0197314 0.0242 1.24056 3.56544e-39 0.0242 1.26086 7.96792e-40 0.0242 1.2609 0.020331
0.0242 1.24065 0.0203028 0.0242 1.28104 1.5834e-40 0.0242 1.30124 2.40084e-41 0.0242
1.30119 0.0203186 0.0242 1.28104 0.0203337 0.0242 1.32156 -4.36785e-41 0.0242 1.34205
-8.36841e-41 0.0242 1.34217 0.0199735 0.0242 1.32149 0.0202492 0.0242 1.04086 0.0798137
0.0242 1.00128 0.0796869 0.0242 1.00159 0.0594533 0.0242 1.08016 0.0798531 0.0242
1.11916 0.0596881 0.0242 1.11933 0.0797958 0.0242 1.13872 0.0595935 0.0242 1.17596
0.038269 0.0242 1.1753 0.0480434 0.0242 1.17698 0.0593756 0.0242 1.16759 0.0595176
0.0242 1.15799 0.0595289 0.0242 1.19808 0.0398508 0.0242 1.20941 0.0406626 0.0242
1.2096 0.0500016 0.0242 1.19894 0.0500154 0.0242 1.24084 0.0409422 0.0242 1.25095
0.0409573 0.0242 1.25097 0.05 0.0242 1.2409 0.05 0.0242 1.28103 0.0409459
0.0242 1.29104 0.0409576 0.0242 1.29104 0.05 0.0242 1.28102 0.05 0.0242
1.32131 0.0409266 0.0242 1.33161 0.040885 0.0242 1.33154 0.05 0.0242 1.32125
0.05 0.0242 1.36486 0.0381575 0.0242 1.37463 0.0382265 0.0242 1.3749 0.0480639
0.0242 1.36324 0.05 0.0242 1.04077 0.119938 0.0242 1.00105 0.119939 0.0242
1.00114 0.0998433 0.0242 1.08016 0.119947 0.0242 1.11932 0.0998834 0.0242 1.11943
0.119949 0.0242 1.13891 0.0797734 0.0242 1.13901 0.0998916 0.0242 1.16815 0.0798485
0.0242 1.16825 0.0899217 0.0242 1.15844 0.089888 0.0242 1.15836 0.079804 0.0242
1.37241 0.079822 0.0242 1.37235 0.0899193 0.0242 1.36324 0.0899522 0.0242 1.36324
0.0798803 0.0242 1.04079 0.160039 0.0242 1.00111 0.160059 0.0242 1.00107 0.140001
0.0242 1.08015 0.160028 0.0242 1.11935 0.139996 0.0242 1.11939 0.160037 0.0242
1.13908 0.119958 0.0242 1.13906 0.139998 0.0242 1.16836 0.11999 0.0242 1.16835
0.129995 0.0242 1.15857 0.129993 0.0242 1.1586 0.119981 0.0242 1.37232 0.119994
0.0242 1.37232 0.129998 0.0242 1.36324 0.13 0.0242 1.36324 0.119999 0.0242
1.0409 0.200128 0.0242 1.00148 0.20025 0.0242 1.00128 0.180144 0.0242 1.08017
0.200089 0.0242 1.11924 0.180079 0.0242 1.11928 0.200116 0.0242 1.13902 0.160034
0.0242 1.13888 0.180081 0.0242 1.16831 0.16 0.0242 1.16825 0.17 0.0242
1.15843 0.170025 0.0242 1.15854 0.160014 0.0242 1.37234 0.160003 0.0242 1.37236
0.170006 0.0242 1.36324 0.169993 0.0242 1.36324 0.159997 0.0242 1.04089 0.240127
0.0242 1.00147 0.240263 0.0242 1.00166 0.220337 0.0242 1.08023 0.240092 0.0242
1.11944 0.240133 0.0242 1.15745 0.220471 0.0242 1.15819 0.24029 0.0242 1.13872
0.200146 0.0242 1.15792 0.200176 0.0242 1.16755 0.200135 0.0242 1.17698 0.200145
0.0242 1.17529 0.211052 0.0242 1.1759 0.220835 0.0242 1.37338 0.200239 0.0242
1.37491 0.211039 0.0242 1.36324 0.208824 0.0242 1.36324 0.199263 0.0242 1.04081
0.280037 0.0242 1.00108 0.28005 0.0242 1.08036 0.280021 0.0242 1.11988 0.280018
0.0242 1.15947 0.279982 0.0242 1.19974 0.279682 0.0242 1.17771 0.240243 0.0242
1.19877 0.239466 0.0242 1.24056 0.279354 0.0242 1.21998 0.238783 0.0242 1.24063
0.238622 0.0242 1.28103 0.279297 0.0242 1.26091 0.23851 0.0242 1.28104 0.238555
0.0242 1.32152 0.279446 0.0242 1.30119 0.23854 0.0242 1.32152 0.238725 0.0242
1.34228 0.239104 0.0242 1.36345 0.240191 0.0242 1.36222 0.279939 0.0242 1.04079
0.319929 0.0242 1.00098 0.31992 0.0242 1.08044 0.319925 0.0242 1.12008 0.319902
0.0242 1.15986 0.319868 0.0242 1.20006 0.319861 0.0242 1.24061 0.319889 0.0242
1.28103 0.319904 0.0242 1.32143 0.319909 0.0242 1.36184 0.319923 0.0242 1.04087
0.359814 0.0242 1.00114 0.359764 0.0242 1.08041 0.35983 0.0242 1.11993 0.359784
0.0242 1.15946 0.359693 0.0242 1.19976 0.359959 0.0242 1.17939 0.359735 0.0242
1.24062 0.360367 0.0242 1.22022 0.360244 0.0242 1.28104 0.360454 0.0242 1.26086
0.360494 0.0242 1.32147 0.360306 0.0242 1.30122 0.360465 0.0242 1.36212 0.359888
0.0242 1.34183 0.360135 0.0242 1.04099 0.39971 0.0242 1.00168 0.399436 0.0242
1.0803 0.39977 0.0242 1.11946 0.399659 0.0242 1.15889 0.379536 0.0242 1.15827
0.399368 0.0242 1.13888 0.399526 0.0242 1.17874 0.379561 0.0242 1.22012 0.380419
0.0242 1.19929 0.379969 0.0242 1.26089 0.380695 0.0242 1.24064 0.380614 0.0242
1.3012 0.380667 0.0242 1.28104 0.380699 0.0242 1.34201 0.380235 0.0242 1.32148
0.380535 0.0242 1.04091 0.439776 0.0242 1.00141 0.439625 0.0242 1.00179 0.41939
0.0242 1.08021 0.439823 0.0242 1.11925 0.419668 0.0242 1.11935 0.439768 0.0242
1.13873 0.41956 0.0242 1.17716 0.399088 0.0242 1.17622 0.408772 0.0242 1.1756
0.418594 0.0242 1.16685 0.419098 0.0242 1.15766 0.419332 0.0242 1.1984 0.400098
0.0242 1.20938 0.400718 0.0242 1.2094 0.411155 0.0242 1.19814 0.410383 0.0242
1.24076 0.401157 0.0242 1.2509 0.401194 0.0242 1.25094 0.411481 0.0242 1.24083
0.411472 0.0242 1.28103 0.401186 0.0242 1.29106 0.4012 0.0242 1.29105 0.411483
0.0242 1.28103 0.411481 0.0242 1.3214 0.401101 0.0242 1.3317 0.400997 0.0242
1.33164 0.411382 0.0242 1.32133 0.411448 0.0242 1.36378 0.399334 0.0242 1.38354
0.399232 0.0242 1.38417 0.418951 0.0242 1.37501 0.418437 0.0242 1.36324 0.420589
0.0242 1.36482 0.408725 0.0242 1.04078 0.479927 0.0242 1.00105 0.479922 0.0242
1.0012 0.459805 0.0242 1.08017 0.479939 0.0242 1.11932 0.459864 0.0242 1.11944
0.47994 0.0242 1.13885 0.439727 0.0242 1.13899 0.459867 0.0242 1.16788 0.439766
0.0242 1.16813 0.449893 0.0242 1.15831 0.449841 0.0242 1.15814 0.439712 0.0242
1.37265 0.439773 0.0242 1.37242 0.449898 0.0242 1.36324 0.449945 0.0242 1.36324
0.43995 0.0242 1.04076 0.520059 0.0242 1.00102 0.520068 0.0242 1.00102 0.499996
0.0242 1.08017 0.520052 0.0242 1.11938 0.499999 0.0242 1.11944 0.520057 0.0242
1.13908 0.479948 0.0242 1.13909 0.499999 0.0242 1.16835 0.479988 0.0242 1.16835
0.489995 0.0242 1.15857 0.48999 0.0242 1.15859 0.479976 0.0242 1.37233 0.479992
0.0242 1.37232 0.489997 0.0242 1.36324 0.49 0.0242 1.36324 0.479998 0.0242
1.04086 0.560198 0.0242 1.00133 0.560336 0.0242 1.00114 0.540176 0.0242 1.0802
0.560163 0.0242 1.11933 0.540133 0.0242 1.11936 0.560226 0.0242 1.13908 0.52005
0.0242 1.13899 0.540131 0.0242 1.16835 0.520012 0.0242 1.16831 0.530024 0.0242
1.15851 0.530045 0.0242 1.15859 0.520024 0.0242 1.37233 0.520008 0.0242 1.37234
0.530019 0.0242 1.36324 0.530007 0.0242 1.36324 0.520002 0.0242 1.04092 0.600249
0.0242 1.00151 0.600467 0.0242 1.00165 0.580537 0.0242 1.08028 0.600211 0.0242
1.11927 0.580323 0.0242 1.11948 0.600329 0.0242 1.13886 0.560268 0.0242 1.13875
0.580431 0.0242 1.16788 0.560233 0.0242 1.1674 0.570494 0.0242 1.15781 0.57048
0.0242 1.15815 0.560286 0.0242 1.37265 0.560227 0.0242 1.37342 0.570541 0.0242
1.36324 0.569564 0.0242 1.36324 0.56005 0.0242 1.04082 0.640159 0.0242 1.00106
0.640189 0.0242 1.0804 0.640154 0.0242 1.11995 0.640204 0.0242 1.15896 0.620439
0.0242 1.15952 0.640286 0.0242 1.13891 0.60046 0.0242 1.15832 0.600615 0.0242
1.17719 0.600899 0.0242 1.17882 0.620413 0.0242 1.20939 0.599274 0.0242 1.2201
0.599004 0.0242 1.22016 0.619568 0.0242 1.19935 0.62001 0.0242 1.19841 0.599892
0.0242 1.2509 0.598801 0.0242 1.26097 0.598811 0.0242 1.2609 0.6193 0.0242
1.24065 0.619376 0.0242 1.24076 0.598838 0.0242 1.29106 0.598795 0.0242 1.30111
0.598821 0.0242 1.30119 0.619327 0.0242 1.28104 0.619296 0.0242 1.28103 0.598809
0.0242 1.3317 0.598996 0.0242 1.3422 0.599311 0.0242 1.34198 0.619749 0.0242
1.32147 0.619455 0.0242 1.32139 0.598894 0.0242 1.04076 0.680063 0.0242 1.00093
0.680069 0.0242 1.08043 0.680068 0.0242 1.12009 0.68009 0.0242 1.15988 0.680122
0.0242 1.20008 0.68013 0.0242 1.17946 0.64024 0.0242 1.19981 0.640023 0.0242
1.24062 0.680104 0.0242 1.22026 0.639743 0.0242 1.24063 0.639625 0.0242 1.28103
0.680091 0.0242 1.26088 0.639503 0.0242 1.28104 0.639542 0.0242 1.32143 0.680084
0.0242 1.30121 0.639531 0.0242 1.32145 0.639685 0.0242 1.3418 0.639852 0.0242
1.3621 0.640098 0.0242 1.36186 0.680068 0.0242 1.04076 0.719971 0.0242 1.00101
0.719968 0.0242 1.08035 0.71998 0.0242 1.11987 0.71998 0.0242 1.15948 0.720015
0.0242 1.19975 0.720315 0.0242 1.24056 0.720644 0.0242 1.28104 0.7207 0.0242
1.32153 0.72055 0.0242 1.36226 0.720054 0.0242 1.04083 0.759893 0.0242 1.00133
0.759786 0.0242 1.0802 0.759914 0.0242 1.11943 0.759868 0.0242 1.15819 0.75971
0.0242 1.19877 0.760534 0.0242 1.17771 0.759756 0.0242 1.24064 0.761378 0.0242
1.21998 0.761217 0.0242 1.28104 0.761444 0.0242 1.26091 0.76149 0.0242 1.32152
0.761275 0.0242 1.30119 0.76146 0.0242 1.36346 0.759807 0.0242 1.34228 0.760895
0.0242 1.04084 0.799888 0.0242 1.00136 0.799785 0.0242 1.00151 0.779719 0.0242
1.08014 0.799916 0.0242 1.11928 0.799885 0.0242 1.15745 0.779529 0.0242 1.15792
0.799825 0.0242 1.13871 0.799854 0.0242 1.1759 0.779165 0.0242 1.22015 0.782046
0.0242 1.20935 0.78183 0.0242 1.198 0.78099 0.0242 1.26099 0.782126 0.0242
1.25094 0.782137 0.0242 1.24083 0.782118 0.0242 1.30108 0.782123 0.0242 1.29105
0.782137 0.0242 1.28103 0.782124 0.0242 1.34221 0.781796 0.0242 1.33165 0.782058
0.0242 1.32133 0.782098 0.0242 1.38344 0.759565 0.0242 1.3842 0.779253 0.0242
1.37467 0.779124 0.0242 1.36488 0.779239 0.0242 1.04074 0.839966 0.0242 1.00103
0.839948 0.0242 1.00119 0.819874 0.0242 1.08013 0.839974 0.0242 1.11924 0.819921
0.0242 1.11938 0.839964 0.0242 1.13887 0.819919 0.0242 1.16755 0.799865 0.0242
1.1679 0.809953 0.0242 1.1581 0.809903 0.0242 1.37338 0.79976 0.0242 1.37265
0.809937 0.0242 1.36324 0.810101 0.0242 1.36324 0.800737 0.0242 1.04072 0.880056
0.0242 1.00098 0.880055 0.0242 1.001 0.86 0.0242 1.08013 0.880051 0.0242
1.11935 0.860004 0.0242 1.11942 0.880051 0.0242 1.13902 0.839966 0.0242 1.13906
0.860002 0.0242 1.16831 0.84 0.0242 1.16834 0.85 0.0242 1.15854 0.849994
0.0242 1.15854 0.839986 0.0242 1.37234 0.839997 0.0242 1.37233 0.849999 0.0242
1.36324 0.850001 0.0242 1.36324 0.840003 0.0242 1.04079 0.920166 0.0242 1.00118
0.92028 0.0242 1.00106 0.900141 0.0242 1.08013 0.920139 0.0242 1.11932 0.900116
0.0242 1.11933 0.920203 0.0242 1.13907 0.880042 0.0242 1.13901 0.900108 0.0242
1.16836 0.88001 0.0242 1.16834 0.89002 0.0242 1.15855 0.890034 0.0242 1.1586
0.880019 0.0242 1.37232 0.880006 0.0242 1.37233 0.890014 0.0242 1.36324 0.890004
0.0242 1.36324 0.880001 0.0242 1.0409 0.960206 0.0242 1.00154 0.960519 0.0242
1.00146 0.940479 0.0242 1.08016 0.960161 0.0242 1.11916 0.940311 0.0242 1.11925
0.960329 0.0242 1.13891 0.920226 0.0242 1.13871 0.940406 0.0242 1.16815 0.920151
0.0242 1.16792 0.930285 0.0242 1.15815 0.930319 0.0242 1.15836 0.920196 0.0242
1.37242 0.920179 0.0242 1.37264 0.930375 0.0242 1.36324 0.930189 0.0242 1.36324
0.920119 0.0242 1.04084 1 0.0242 1.00122 1 0.0242 1.08021 1
0.0242 1.11955 1 0.0242 1.1583 0.980579 0.0242 1.15888 1 0.0242
1.1386 0.960562 0.0242 1.15775 0.960888 0.0242 1.17596 0.961731 0.0242 1.17802
0.980729 0.0242 1.20941 0.959337 0.0242 1.22019 0.959125 0.0242 1.22005 0.97982
0.0242 1.19891 0.980268 0.0242 1.19808 0.960149 0.0242 1.25095 0.959043 0.0242
1.26099 0.959055 0.0242 1.2609 0.979669 0.0242 1.24065 0.979697 0.0242 1.24084
0.959058 0.0242 1.29104 0.959042 0.0242 1.30108 0.959056 0.0242 1.30119 0.979682
0.0242 1.28104 0.979666 0.0242 1.28103 0.959054 0.0242 1.33161 0.959115 0.0242
1.34215 0.959364 0.0242 1.34217 0.980026 0.0242 1.32149 0.979751 0.0242 1.32131
0.959074 0.0242 1.37464 0.961774 0.0242 1.38413 0.961441 0.0242 1.3832 0.980729
0.0242 1.3633 0.980806 0.0242 1.36486 0.961843 0.0242 1.18679 0.0500004 0.0242
1.18558 0.038124 0.0242 1.15815 0.0696813 0.0242 1.16792 0.0697149 0.0242 1.2307
0.0499999 0.0242 1.23063 0.0409432 0.0242 1.27101 0.05 0.0242 1.27101 0.0409579
0.0242 1.31111 0.05 0.0242 1.31115 0.0409535 0.0242 1.3522 0.05 0.0242
1.35308 0.0398409 0.0242 1.37264 0.0696256 0.0242 1.36324 0.0698106 0.0242 1.15855
0.109966 0.0242 1.16834 0.10998 0.0242 1.37233 0.109986 0.0242 1.36324 0.109996
0.0242 1.15854 0.150006 0.0242 1.16834 0.15 0.0242 1.37233 0.150001 0.0242
1.36324 0.149999 0.0242 1.1581 0.190097 0.0242 1.1679 0.190047 0.0242 1.37265
0.190063 0.0242 1.36324 0.189899 0.0242 1.18558 0.220779 0.0242 1.198 0.219011
0.0242 1.20935 0.21817 0.0242 1.22015 0.217954 0.0242 1.2306 0.21788 0.0242
1.24083 0.217882 0.0242 1.25094 0.217863 0.0242 1.26099 0.217874 0.0242 1.27101
0.217862 0.0242 1.28103 0.217876 0.0242 1.29105 0.217863 0.0242 1.30108 0.217877
0.0242 1.31116 0.217869 0.0242 1.32133 0.217902 0.0242 1.33165 0.217942 0.0242
1.34221 0.218204 0.0242 1.35316 0.219011 0.0242 1.36488 0.22076 0.0242 1.37467
0.220875 0.0242 1.38419 0.220745 0.0242 1.38341 0.24043 0.0242 1.18592 0.408765
0.0242 1.18718 0.399266 0.0242 1.1578 0.429517 0.0242 1.1674 0.429504 0.0242
1.23061 0.411454 0.0242 1.23053 0.40113 0.0242 1.27101 0.411484 0.0242 1.271
0.401204 0.0242 1.31116 0.411472 0.0242 1.31121 0.401172 0.0242 1.35309 0.410357
0.0242 1.35297 0.400096 0.0242 1.37342 0.429459 0.0242 1.36324 0.430437 0.0242
1.15851 0.469955 0.0242 1.16831 0.469976 0.0242 1.37234 0.469981 0.0242 1.36324
0.469993 0.0242 1.15857 0.51001 0.0242 1.16835 0.510005 0.0242 1.37232 0.510003
0.0242 1.36324 0.51 0.0242 1.15831 0.550158 0.0242 1.16813 0.550107 0.0242
1.37242 0.550102 0.0242 1.36324 0.550054 0.0242 1.15768 0.580662 0.0242 1.16686
0.580899 0.0242 1.17561 0.581404 0.0242 1.17624 0.59122 0.0242 1.1872 0.600723
0.0242 1.18593 0.59123 0.0242 1.19815 0.589613 0.0242 1.2094 0.588842 0.0242
1.23053 0.598864 0.0242 1.23061 0.588543 0.0242 1.24083 0.588526 0.0242 1.25094
0.588518 0.0242 1.271 0.598791 0.0242 1.27101 0.588515 0.0242 1.28103 0.588516
0.0242 1.29105 0.588516 0.0242 1.3112 0.598823 0.0242 1.31116 0.588526 0.0242
1.32133 0.58855 0.0242 1.33164 0.588615 0.0242 1.36376 0.600656 0.0242 1.35296
0.599895 0.0242 1.35309 0.58964 0.0242 1.36481 0.591271 0.0242 1.37501 0.581563
0.0242 1.38417 0.581047 0.0242 1.38353 0.600759 0.0242 1.36324 0.579412 0.0242
1.18557 0.779221 0.0242 1.17529 0.788948 0.0242 1.17698 0.799855 0.0242 1.2306
0.78212 0.0242 1.27101 0.782138 0.0242 1.31116 0.782131 0.0242 1.35316 0.780989
0.0242 1.37491 0.788961 0.0242 1.36324 0.791176 0.0242 1.15843 0.829975 0.0242
1.16825 0.83 0.0242 1.37236 0.829994 0.0242 1.36324 0.830007 0.0242 1.15857
0.870007 0.0242 1.16835 0.870005 0.0242 1.37232 0.870002 0.0242 1.36324 0.87
0.0242 1.15844 0.910112 0.0242 1.16825 0.910078 0.0242 1.37235 0.910081 0.0242
1.36324 0.910048 0.0242 1.15799 0.940471 0.0242 1.16759 0.940482 0.0242 1.17698
0.940625 0.0242 1.1753 0.951956 0.0242 1.18558 0.961876 0.0242 1.18679 0.95
0.0242 1.19894 0.949985 0.0242 1.2096 0.949998 0.0242 1.23063 0.959057 0.0242
1.2307 0.95 0.0242 1.2409 0.95 0.0242 1.25097 0.95 0.0242 1.27101
0.959042 0.0242 1.27101 0.95 0.0242 1.28102 0.95 0.0242 1.29104 0.95
0.0242 1.31115 0.959046 0.0242 1.31111 0.95 0.0242 1.32125 0.95 0.0242
1.33154 0.95 0.0242 1.35308 0.960159 0.0242 1.3522 0.95 0.0242 1.36324
0.95 0.0242 1.3749 0.951936 0.0242 0.982226 0.0389348 0.0242 0.963155 0.0381862
0.0242 0.962043 0.0192473 0.0242 0.961524 1.75719e-38 0.0242 0.981046 0.099876 0.0242
0.981224 0.0796786 0.0242 0.980989 0.140002 0.0242 0.980988 0.11996 0.0242 0.981207
0.180135 0.0242 0.981037 0.160048 0.0242 0.982054 0.220495 0.0242 0.981678 0.200317
0.0242 0.981751 0.240341 0.0242 0.982089 0.399215 0.0242 0.962512 0.39903 0.0242
0.961586 0.379611 0.0242 0.982255 0.419101 0.0242 0.981104 0.459837 0.0242 0.981444
0.43959 0.0242 1.22019 0.0408758 0.0242 1.26099 0.0409458 0.0242 1.30108 0.0409445
0.0242 1.36263 -4.34094e-41 0.0242 1.36329 0.0191948 0.0242 1.34215 0.0406361 0.0242
1.22029 0.0499999 0.0242 1.261 0.05 0.0242 1.30106 0.05 0.0242 1.34199
0.05 0.0242 1.15854 0.0999345 0.0242 1.17799 0.0799259 0.0242 1.17806 0.0899718
0.0242 1.16832 0.0999593 0.0242 1.17809 0.0999883 0.0242 1.36324 0.0999839 0.0242
1.37233 0.0999651 0.0242 1.15859 0.14 0.0242 1.1781 0.119998 0.0242 1.17811
0.129998 0.0242 1.16835 0.139998 0.0242 1.1781 0.139998 0.0242 1.36324 0.139999
0.0242 1.37232 0.14 0.0242 1.15834 0.180052 0.0242 1.17809 0.159985 0.0242
1.17806 0.169968 0.0242 1.16813 0.180009 0.0242 1.17799 0.179946 0.0242 1.36324
0.179985 0.0242 1.37242 0.180018 0.0242 1.19884 0.208811 0.0242 1.20952 0.208821
0.0242 1.22025 0.208824 0.0242 1.24089 0.208824 0.0242 1.25097 0.208824 0.0242
1.261 0.208824 0.0242 1.28102 0.208824 0.0242 1.29104 0.208824 0.0242 1.30106
0.208824 0.0242 1.32127 0.208824 0.0242 1.33158 0.208824 0.0242 1.34205 0.208824
0.0242 1.22009 0.400989 0.0242 1.26096 0.401184 0.0242 1.30111 0.401173 0.0242
1.36266 0.379747 0.0242 1.34221 0.400682 0.0242 1.22017 0.411388 0.0242 1.20956
0.420591 0.0242 1.19888 0.420605 0.0242 1.22027 0.420589 0.0242 1.26099 0.411481
0.0242 1.25097 0.420589 0.0242 1.24089 0.420589 0.0242 1.261 0.420589 0.0242
1.30108 0.411478 0.0242 1.29104 0.420589 0.0242 1.28102 0.420589 0.0242 1.30106
0.420589 0.0242 1.34218 0.411138 0.0242 1.33157 0.420589 0.0242 1.32126 0.420589
0.0242 1.34203 0.420589 0.0242 1.15848 0.459911 0.0242 1.17775 0.439907 0.0242
1.17799 0.449983 0.0242 1.16826 0.459949 0.0242 1.17806 0.459999 0.0242 1.36324
0.459979 0.0242 1.37236 0.459954 0.0242 1.15861 0.5 0.0242 1.1781 0.48
0.0242 1.1781 0.49 0.0242 1.16836 0.5 0.0242 1.17811 0.5 0.0242
1.36324 0.5 0.0242 1.37232 0.5 0.0242 1.15848 0.540088 0.0242 1.1781
0.52 0.0242 1.17809 0.53 0.0242 1.16826 0.54005 0.0242 1.17807 0.540001
0.0242 1.36324 0.540021 0.0242 1.37236 0.540046 0.0242 1.17775 0.560093 0.0242
1.17703 0.570395 0.0242 1.36262 0.620235 0.0242 1.15834 0.819948 0.0242 1.17774
0.810047 0.0242 1.16813 0.819991 0.0242 1.17799 0.820054 0.0242 1.36324 0.820015
0.0242 1.37242 0.819982 0.0242 1.15859 0.86 0.0242 1.17809 0.840015 0.0242
1.1781 0.850005 0.0242 1.16835 0.860002 0.0242 1.1781 0.860002 0.0242 1.36324
0.860001 0.0242 1.37233 0.86 0.0242 1.15854 0.900065 0.0242 1.1781 0.880002
0.0242 1.1781 0.890005 0.0242 1.16832 0.900041 0.0242 1.17809 0.900012 0.0242
1.36324 0.900016 0.0242 1.37233 0.900035 0.0242 1.17799 0.920074 0.0242 1.17775
0.930209 0.0242 1.36324 0.939843 0.0242 1.37337 0.940799 0.0242 1.17883 1
0.0242 1.19935 1 0.0242 1.22006 1 0.0242 1.24056 1 0.0242
1.26086 1 0.0242 1.28104 1 0.0242 1.30124 1 0.0242 1.32156
1 0.0242 1.34206 1 0.0242 1.36264 1 0.0242 1.18672 0.0603521
0.0242 1.17775 0.0697916 0.0242 1.18675 0.0700127 0.0242 1.18676 0.0799947 0.0242
1.37337 0.0592015 0.0242 1.36324 0.0601568 0.0242 1.18676 0.0900037 0.0242 1.18676
0.100004 0.0242 1.1781 0.109995 0.0242 1.18676 0.110002 0.0242 1.18676 0.120001
0.0242 1.18676 0.13 0.0242 1.18676 0.139998 0.0242 1.1781 0.149995 0.0242
1.18676 0.149994 0.0242 1.18676 0.159982 0.0242 1.18676 0.169954 0.0242 1.18676
0.179899 0.0242 1.17774 0.189953 0.0242 1.18676 0.189754 0.0242 1.18675 0.199169
0.0242 1.18677 0.208824 0.0242 1.23068 0.208824 0.0242 1.27101 0.208824 0.0242
1.31112 0.208824 0.0242 1.35229 0.208824 0.0242 1.18678 0.420589 0.0242 1.17702
0.429604 0.0242 1.18674 0.430592 0.0242 1.18676 0.44013 0.0242 1.23069 0.420589
0.0242 1.27101 0.420589 0.0242 1.31112 0.420589 0.0242 1.35226 0.420589 0.0242
1.18676 0.450048 0.0242 1.18676 0.460026 0.0242 1.17809 0.47 0.0242 1.18676
0.470011 0.0242 1.18676 0.480004 0.0242 1.18676 0.490002 0.0242 1.18676 0.5
0.0242 1.1781 0.51 0.0242 1.18676 0.509998 0.0242 1.18676 0.519996 0.0242
1.18676 0.529989 0.0242 1.18676 0.539974 0.0242 1.17799 0.550016 0.0242 1.18676
0.549952 0.0242 1.18676 0.55987 0.0242 1.18674 0.569408 0.0242 1.18678 0.579412
0.0242 1.19888 0.579396 0.0242 1.20956 0.57941 0.0242 1.22017 0.58861 0.0242
1.22027 0.579412 0.0242 1.23069 0.579412 0.0242 1.24089 0.579412 0.0242 1.25097
0.579412 0.0242 1.26099 0.588517 0.0242 1.261 0.579412 0.0242 1.27101 0.579412
0.0242 1.28102 0.579412 0.0242 1.29104 0.579412 0.0242 1.30108 0.58852 0.0242
1.30106 0.579412 0.0242 1.31112 0.579412 0.0242 1.32126 0.579412 0.0242 1.33157
0.579412 0.0242 1.34218 0.58886 0.0242 1.34203 0.579412 0.0242 1.35226 0.579412
0.0242 1.19884 0.791189 0.0242 1.18677 0.791176 0.0242 1.18675 0.800831 0.0242
1.20952 0.791179 0.0242 1.22025 0.791176 0.0242 1.24089 0.791176 0.0242 1.23068
0.791176 0.0242 1.25097 0.791176 0.0242 1.261 0.791176 0.0242 1.28102 0.791176
0.0242 1.27101 0.791176 0.0242 1.29104 0.791176 0.0242 1.30106 0.791176 0.0242
1.32127 0.791176 0.0242 1.31112 0.791176 0.0242 1.33158 0.791176 0.0242 1.34205
0.791176 0.0242 1.35229 0.791176 0.0242 1.18676 0.810246 0.0242 1.18676 0.820101
0.0242 1.17806 0.830032 0.0242 1.18676 0.830046 0.0242 1.18676 0.840018 0.0242
1.18676 0.850006 0.0242 1.18676 0.860002 0.0242 1.17811 0.870002 0.0242 1.18676
0.87 0.0242 1.18676 0.879999 0.0242 1.18676 0.889998 0.0242 1.18676 0.899996
0.0242 1.17806 0.910028 0.0242 1.18676 0.909996 0.0242 1.18676 0.920006 0.0242
1.18675 0.929987 0.0242 1.18672 0.939648 0.0242 1.22029 0.95 0.0242 1.261
0.95 0.0242 1.30106 0.95 0.0242 1.34199 0.95 0.0242 0.981745 0.0592787
0.0242 0.961646 0.0590674 0.0242 0.963348 0.0479271 0.0242 0.960609 0.0797633 0.0242
0.960833 0.0695272 0.0242 0.96053 0.0999535 0.0242 0.960538 0.0898933 0.0242 0.960522
0.119993 0.0242 0.960517 0.109983 0.0242 0.960522 0.140001 0.0242 0.960515 0.129999
0.0242 0.96053 0.160016 0.0242 0.960517 0.150005 0.0242 0.960608 0.180078 0.0242
0.960538 0.170035 0.0242 0.961639 0.200359 0.0242 0.960833 0.190156 0.0242 0.963109
0.22092 0.0242 0.963328 0.211138 0.0242 0.963269 0.418436 0.0242 0.963015 0.408693
0.0242 0.960845 0.439683 0.0242 0.961633 0.42936 0.0242 0.980975 0.479945 0.0242
0.960547 0.459926 0.0242 0.960596 0.449845 0.0242 0.960519 0.479987 0.0242 0.96052
0.46997 0.0242 0.980939 0.499998 0.0242 0.960515 0.5 0.0242 0.96051 0.489996
0.0242 0.960517 0.520012 0.0242 0.980954 0.520049 0.0242 0.981055 0.54015 0.0242
0.96054 0.540073 0.0242 0.960514 0.53003 0.0242 0.960829 0.560311 0.0242 0.981361
0.560377 0.0242 0.982092 0.580811 0.0242 0.96316 0.581498 0.0242 0.961598 0.570622
0.0242 0.961332 0.620225 0.0242 0.962047 0.600676 0.0242 0.981804 0.600616 0.0242
0.981561 0.759729 0.0242 0.981841 0.779582 0.0242 0.962867 0.779168 0.0242 0.961607
0.799653 0.0242 0.981562 0.799718 0.0242 0.98113 0.819879 0.0242 0.960597 0.819923
0.0242 0.960819 0.809847 0.0242 0.960522 0.839985 0.0242 0.980973 0.839958 0.0242
0.980928 0.859998 0.0242 0.960514 0.859999 0.0242 0.96051 0.849995 0.0242 0.960514
0.880007 0.0242 0.980927 0.880037 0.0242 0.980981 0.900114 0.0242 0.960522 0.900046
0.0242 0.96051 0.890017 0.0242 0.960598 0.920234 0.0242 0.981143 0.920294 0.0242
0.981616 0.940649 0.0242 0.96161 0.94091 0.0242 0.960819 0.930466 0.0242 0.981983
0.960903 0.0242 0.961365 1 0.0242 0.96181 0.980614 0.0242 0.962902 0.961628
0.0242 0.951471 0.05 0.0242 0.953389 0.0381173 0.0242 0.951471 0.0798014 0.0242
0.951471 0.0696671 0.0242 0.951471 0.0899171 0.0242 0.951471 0.119998 0.0242 0.951471
0.109991 0.0242 0.951471 0.13 0.0242 0.951471 0.16001 0.0242 0.951471 0.150003
0.0242 0.951471 0.170026 0.0242 0.951471 0.199454 0.0242 0.951471 0.190039 0.0242
0.951471 0.208824 0.0242 0.953385 0.22083 0.0242 0.953194 0.408737 0.0242 0.952428
0.399231 0.0242 0.951471 0.439815 0.0242 0.951471 0.430254 0.0242 0.951471 0.44987
0.0242 0.951471 0.479994 0.0242 0.951471 0.46998 0.0242 0.951471 0.489999 0.0242
0.951471 0.520006 0.0242 0.951471 0.510001 0.0242 0.960509 0.510003 0.0242 0.951471
0.53002 0.0242 0.951471 0.560185 0.0242 0.951471 0.55013 0.0242 0.960588 0.550153
0.0242 0.951471 0.569746 0.0242 0.962681 0.591093 0.0242 0.951471 0.800546 0.0242
0.963238 0.788895 0.0242 0.951471 0.809961 0.0242 0.951471 0.83999 0.0242 0.951471
0.829974 0.0242 0.96053 0.829965 0.0242 0.951471 0.849997 0.0242 0.951471 0.880002
0.0242 0.951471 0.87 0.0242 0.960508 0.870001 0.0242 0.951471 0.890009 0.0242
0.951471 0.920199 0.0242 0.951471 0.910083 0.0242 0.96053 0.910106 0.0242 0.951471
0.930333 0.0242 0.963253 0.952005 0.0242 0.951471 0.0599616 0.0242 0.951471 0.0999703
0.0242 0.951471 0.140001 0.0242 0.951471 0.180062 0.0242 0.951471 0.420589 0.0242
0.951471 0.459945 0.0242 0.951471 0.5 0.0242 0.951471 0.540055 0.0242 0.951471
0.819938 0.0242 0.951471 0.859999 0.0242 0.951471 0.90003 0.0242 0.951471 0.940039
0.0242 1.38272 1 0.0242 1.40311 0.0392077 0.0242 1.40285 0.0194721 0.0242
1.40247 7.21985e-40 0.0242 1.44171 0 0.0242 1.44188 0.0397072 0.0242 1.40273
0.0796947 0.0242 1.4031 0.0593548 0.0242 1.44181 0.0798169 0.0242 1.40255 0.119959
0.0242 1.40265 0.0998744 0.0242 1.44176 0.119953 0.0242 1.40261 0.16005 0.0242
1.40262 0.140004 0.0242 1.44178 0.160045 0.0242 1.40306 0.200309 0.0242 1.40283
0.180139 0.0242 1.44189 0.200153 0.0242 1.40288 0.240357 0.0242 1.40329 0.220468
0.0242 1.44178 0.240159 0.0242 1.40205 0.280077 0.0242 1.44152 0.280057 0.0242
1.40179 0.319932 0.0242 1.44142 0.319952 0.0242 1.40205 0.359775 0.0242 1.44153
0.359845 0.0242 1.40297 0.399415 0.0242 1.44181 0.399736 0.0242 1.4029 0.439652
0.0242 1.40332 0.41934 0.0242 1.44185 0.439806 0.0242 1.40258 0.479947 0.0242
1.40273 0.459848 0.0242 1.44177 0.479945 0.0242 1.40258 0.520052 0.0242 1.40261
0.5 0.0242 1.44177 0.52005 0.0242 1.4029 0.560345 0.0242 1.40273 0.54015
0.0242 1.44186 0.560186 0.0242 1.40297 0.600576 0.0242 1.40331 0.580655 0.0242
1.44183 0.600251 0.0242 1.40207 0.640214 0.0242 1.44161 0.64014 0.0242 1.44154
0.680032 0.0242 1.40186 0.680056 0.0242 1.48101 0.640114 0.0242 1.48108 0.68003
0.0242 1.4417 0.719925 0.0242 1.40215 0.71991 0.0242 1.4811 0.719945 0.0242
1.44198 0.759823 0.0242 1.40295 0.759633 0.0242 1.4811 0.759878 0.0242 1.4421
0.799832 0.0242 1.48108 0.799884 0.0242 1.44199 0.83995 0.0242 1.48106 0.839961
0.0242 1.44197 0.880053 0.0242 1.48106 0.880046 0.0242 1.44203 0.920198 0.0242
1.48107 0.920145 0.0242 1.44209 0.960307 0.0242 1.48109 0.960184 0.0242 1.4811
1 0.0242 1.44191 1 0.0242 1.38317 0.019273 0.0242 1.38269 6.8315e-40
0.0242 1.40311 0.799685 0.0242 1.40334 0.779525 0.0242 1.40267 0.839948 0.0242
1.40286 0.819858 0.0242 1.4026 0.880043 0.0242 1.40265 0.859996 0.0242 1.40278
0.920312 0.0242 1.40269 0.90013 0.0242 1.40317 0.9608 0.0242 1.40314 0.940652
0.0242 1.40255 1 0.0242 1.4029 0.980533 0.0242 1.38349 0.059139 0.0242
1.38419 0.0485725 0.0242 1.38412 0.0385603 0.0242 1.38271 0.0797503 0.0242 1.38298
0.0695256 0.0242 1.38257 0.099937 0.0242 1.38261 0.0898758 0.0242 1.38253 0.119986
0.0242 1.38254 0.109972 0.0242 1.38254 0.140001 0.0242 1.38253 0.129996 0.0242
1.38257 0.160015 0.0242 1.38255 0.150006 0.0242 1.38273 0.18007 0.0242 1.38262
0.17003 0.0242 1.38351 0.200362 0.0242 1.38299 0.190157 0.0242 1.38422 0.210737
0.0242 1.383 0.439675 0.0242 1.38355 0.429379 0.0242 1.38262 0.459917 0.0242
1.38274 0.449838 0.0242 1.38255 0.479981 0.0242 1.38257 0.469962 0.0242 1.38254
0.5 0.0242 1.38254 0.489993 0.0242 1.38255 0.520019 0.0242 1.38254 0.510007
0.0242 1.38262 0.540083 0.0242 1.38257 0.530038 0.0242 1.383 0.560324 0.0242
1.38274 0.550161 0.0242 1.38355 0.57062 0.0242 1.38352 0.799637 0.0242 1.38422
0.789262 0.0242 1.38274 0.81993 0.0242 1.383 0.809843 0.0242 1.38258 0.839985
0.0242 1.38263 0.82997 0.0242 1.38255 0.859999 0.0242 1.38255 0.849994 0.0242
1.38254 0.880014 0.0242 1.38254 0.870004 0.0242 1.38257 0.900064 0.0242 1.38255
0.890029 0.0242 1.38272 0.920251 0.0242 1.38262 0.910125 0.0242 1.38349 0.940862
0.0242 1.38298 0.930475 0.0242 1.38419 0.951429 0.0242 1.48088 0.0398215 0.0242
1.48091 5.29224e-36 0.0242 1.51994 0.0396896 0.0242 1.52017 1.27953e-35 0.0242 1.55917
0.0194663 0.0242 1.55882 0.0391988 0.0242 1.55956 4.18461e-38 0.0242 1.57885 0.0192705
0.0242 1.57941 6.90634e-39 0.0242 1.62004 0.0199738 0.0242 1.59877 0.0191939 0.0242
1.59951 -3.22206e-40 0.0242 1.62017 -3.06488e-40 0.0242 1.64074 1.19615e-41 0.0242 1.66109
1.04265e-40 0.0242 1.66116 0.0203187 0.0242 1.64081 0.0202495 0.0242 1.6813 1.86146e-40
0.0242 1.70149 6.71142e-40 0.0242 1.70145 0.0203308 0.0242 1.68132 0.0203337 0.0242
1.72176 2.67457e-39 0.0242 1.74222 7.95525e-39 0.0242 1.74223 0.0201781 0.0242 1.72169
0.0203021 0.0242 1.76287 1.95361e-38 0.0242 1.78334 2.4464e-36 0.0242 1.78407 0.0192684
0.0242 1.76326 0.0197292 0.0242 1.80427 0.0391077 0.0242 1.80381 0.0194184 0.0242
1.80331 6.74996e-36 0.0242 1.84277 1.12272e-33 0.0242 1.84297 0.0396796 0.0242 1.82351
0.0394384 0.0242 1.48085 0.0798604 0.0242 1.51994 0.0797986 0.0242 1.55876 0.0593508
0.0242 1.55909 0.0796899 0.0242 1.57777 0.0385619 0.0242 1.57766 0.0485803 0.0242
1.57832 0.0591539 0.0242 1.59703 0.0381576 0.0242 1.60899 0.0398416 0.0242 1.60988
0.05 0.0242 1.59853 0.05 0.0242 1.64102 0.0409268 0.0242 1.65121 0.0409535
0.0242 1.65124 0.05 0.0242 1.64109 0.05 0.0242 1.68134 0.0409459 0.0242
1.69136 0.0409579 0.0242 1.69135 0.05 0.0242 1.68134 0.05 0.0242 1.72151
0.0409419 0.0242 1.7317 0.0409427 0.0242 1.73164 0.0499999 0.0242 1.72146 0.05
0.0242 1.764 0.0398487 0.0242 1.7763 0.0381223 0.0242 1.77497 0.0500004 0.0242
1.76314 0.0500136 0.0242 1.82335 0.0595932 0.0242 1.80395 0.0595178 0.0242 1.48084
0.119955 0.0242 1.51997 0.119945 0.0242 1.55916 0.0998712 0.0242 1.55925 0.119956
0.0242 1.57907 0.0797602 0.0242 1.57917 0.0898816 0.0242 1.57922 0.0999393 0.0242
1.80355 0.0797958 0.0242 1.82314 0.0797739 0.0242 1.82301 0.0998924 0.0242 1.80336
0.0999315 0.0242 1.80346 0.0898823 0.0242 1.48085 0.160037 0.0242 1.51996 0.160049
0.0242 1.55921 0.140003 0.0242 1.55921 0.160049 0.0242 1.57925 0.119986 0.0242
1.57924 0.129995 0.0242 1.57925 0.14 0.0242 1.80331 0.119981 0.0242 1.82296
0.119959 0.0242 1.82296 0.139999 0.0242 1.80331 0.140001 0.0242 1.80333 0.129993
0.0242 1.48087 0.200111 0.0242 1.5199 0.200167 0.0242 1.55901 0.180135 0.0242
1.5588 0.200307 0.0242 1.57922 0.160011 0.0242 1.57917 0.170021 0.0242 1.57906
0.180056 0.0242 1.80337 0.160018 0.0242 1.82301 0.160035 0.0242 1.82315 0.180084
0.0242 1.80357 0.18006 0.0242 1.80346 0.170031 0.0242 1.48091 0.240115 0.0242
1.52009 0.240175 0.0242 1.55865 0.220471 0.0242 1.5591 0.240364 0.0242 1.57831
0.200342 0.0242 1.57763 0.210726 0.0242 1.57771 0.220741 0.0242 1.8039 0.240291
0.0242 1.80454 0.220475 0.0242 1.804 0.200187 0.0242 1.82333 0.200149 0.0242
1.84289 0.20011 0.0242 1.84284 0.240123 0.0242 1.48095 0.280046 0.0242 1.52041
0.280064 0.0242 1.55999 0.28008 0.0242 1.59992 0.279939 0.0242 1.57859 0.240432
0.0242 1.5986 0.240192 0.0242 1.64076 0.279446 0.0242 1.61993 0.239104 0.0242
1.64078 0.238724 0.0242 1.68129 0.279297 0.0242 1.66116 0.238539 0.0242 1.68132
0.238555 0.0242 1.72176 0.279355 0.0242 1.70145 0.23851 0.0242 1.7217 0.238623
0.0242 1.76252 0.279684 0.0242 1.74229 0.238784 0.0242 1.76338 0.239468 0.0242
1.80277 0.279982 0.0242 1.78435 0.240247 0.0242 1.84246 0.280015 0.0242 1.48096
0.319954 0.0242 1.52054 0.319937 0.0242 1.56026 0.319918 0.0242 1.60033 0.319916
0.0242 1.64085 0.319906 0.0242 1.68129 0.319904 0.0242 1.72171 0.319889 0.0242
1.76222 0.319862 0.0242 1.80243 0.319872 0.0242 1.84227 0.319912 0.0242 1.48094
0.359865 0.0242 1.52037 0.359811 0.0242 1.55997 0.359749 0.0242 1.60005 0.35988
0.0242 1.64083 0.360306 0.0242 1.62042 0.360134 0.0242 1.68131 0.360454 0.0242
1.66111 0.360465 0.0242 1.72171 0.360366 0.0242 1.70148 0.360494 0.0242 1.76251
0.359957 0.0242 1.74208 0.360242 0.0242 1.80278 0.359696 0.0242 1.78283 0.359735
0.0242 1.8424 0.359805 0.0242 1.48089 0.399801 0.0242 1.52003 0.399698 0.0242
1.55894 0.399392 0.0242 1.59948 0.379744 0.0242 1.59823 0.399335 0.0242 1.5784
0.399223 0.0242 1.62023 0.380236 0.0242 1.66114 0.380667 0.0242 1.64083 0.380536
0.0242 1.70146 0.380694 0.0242 1.68131 0.380699 0.0242 1.74216 0.380416 0.0242
1.72169 0.380614 0.0242 1.78343 0.379559 0.0242 1.76293 0.379966 0.0242 1.80383
0.399367 0.0242 1.80329 0.379535 0.0242 1.84279 0.399678 0.0242 1.82327 0.399532
0.0242 1.48086 0.439846 0.0242 1.5199 0.439779 0.0242 1.55855 0.419327 0.0242
1.55891 0.439644 0.0242 1.57764 0.418957 0.0242 1.60914 0.400098 0.0242 1.60899
0.410359 0.0242 1.59709 0.408725 0.0242 1.64093 0.401102 0.0242 1.65114 0.401172
0.0242 1.65119 0.411473 0.0242 1.641 0.411449 0.0242 1.68133 0.401186 0.0242
1.69136 0.401204 0.0242 1.69136 0.411484 0.0242 1.68134 0.411481 0.0242 1.72159
0.401156 0.0242 1.7318 0.401128 0.0242 1.73172 0.411454 0.0242 1.72152 0.411472
0.0242 1.76374 0.400094 0.0242 1.77487 0.399261 0.0242 1.77603 0.408764 0.0242
1.76396 0.41038 0.0242 1.82337 0.419562 0.0242 1.80431 0.419326 0.0242 1.48084
0.479948 0.0242 1.51995 0.479936 0.0242 1.55908 0.459845 0.0242 1.55923 0.479945
0.0242 1.57878 0.43969 0.0242 1.57904 0.449849 0.0242 1.57916 0.459923 0.0242
1.80379 0.439702 0.0242 1.82321 0.439728 0.0242 1.82305 0.459867 0.0242 1.80343
0.459906 0.0242 1.8036 0.449832 0.0242 1.48085 0.520044 0.0242 1.51996 0.520058
0.0242 1.5592 0.5 0.0242 1.55923 0.520054 0.0242 1.57924 0.479982 0.0242
1.57924 0.489993 0.0242 1.57925 0.5 0.0242 1.80332 0.479974 0.0242 1.82296
0.479949 0.0242 1.82294 0.5 0.0242 1.8033 0.5 0.0242 1.80333 0.48999
0.0242 1.48088 0.560141 0.0242 1.51992 0.56021 0.0242 1.55909 0.540153 0.0242
1.55892 0.560353 0.0242 1.57924 0.520018 0.0242 1.57921 0.530035 0.0242 1.57916
0.540076 0.0242 1.80332 0.520026 0.0242 1.82296 0.52005 0.0242 1.82304 0.540131
0.0242 1.80343 0.540093 0.0242 1.80338 0.530048 0.0242 1.48094 0.600179 0.0242
1.52006 0.600284 0.0242 1.55857 0.580667 0.0242 1.55897 0.600596 0.0242 1.57878
0.560309 0.0242 1.57824 0.570605 0.0242 1.57764 0.581041 0.0242 1.80378 0.560296
0.0242 1.8232 0.560268 0.0242 1.82335 0.58043 0.0242 1.8043 0.580668 0.0242
1.80412 0.57049 0.0242 1.52043 0.640169 0.0242 1.56001 0.640238 0.0242 1.59953
0.620238 0.0242 1.6001 0.640105 0.0242 1.57842 0.600767 0.0242 1.59825 0.600656
0.0242 1.60915 0.599893 0.0242 1.62 0.599308 0.0242 1.62026 0.61975 0.0242
1.65114 0.598822 0.0242 1.66125 0.59882 0.0242 1.66116 0.619327 0.0242 1.64085
0.619454 0.0242 1.64093 0.598892 0.0242 1.69136 0.598791 0.0242 1.7014 0.598811
0.0242 1.70145 0.619301 0.0242 1.68132 0.619296 0.0242 1.68134 0.598809 0.0242
1.7318 0.598866 0.0242 1.74219 0.599007 0.0242 1.74214 0.61957 0.0242 1.72168
0.619378 0.0242 1.72158 0.598839 0.0242 1.77485 0.600727 0.0242 1.78485 0.600903
0.0242 1.78336 0.620414 0.0242 1.76288 0.620013 0.0242 1.76372 0.599897 0.0242
1.80273 0.640284 0.0242 1.80322 0.620439 0.0242 1.80379 0.600616 0.0242 1.82324
0.600456 0.0242 1.84277 0.600313 0.0242 1.84238 0.640186 0.0242 1.52061 0.68005
0.0242 1.56031 0.680072 0.0242 1.60036 0.680075 0.0242 1.64086 0.680087 0.0242
1.62046 0.639854 0.0242 1.64085 0.639685 0.0242 1.68129 0.680091 0.0242 1.66113
0.639531 0.0242 1.68131 0.639542 0.0242 1.7217 0.680104 0.0242 1.70147 0.639504
0.0242 1.7217 0.639626 0.0242 1.7622 0.680129 0.0242 1.74204 0.639745 0.0242
1.76246 0.640024 0.0242 1.8024 0.680119 0.0242 1.78277 0.64024 0.0242 1.84226
0.680082 0.0242 1.52049 0.719932 0.0242 1.56002 0.719916 0.0242 1.59993 0.720057
0.0242 1.64077 0.720552 0.0242 1.68129 0.720701 0.0242 1.72176 0.720643 0.0242
1.76251 0.720313 0.0242 1.80277 0.720014 0.0242 1.84246 0.719982 0.0242 1.52018
0.759826 0.0242 1.55912 0.759636 0.0242 1.5986 0.759808 0.0242 1.5786 0.759568
0.0242 1.64078 0.761276 0.0242 1.61993 0.760896 0.0242 1.68132 0.761444 0.0242
1.66116 0.761461 0.0242 1.7217 0.761377 0.0242 1.70145 0.761489 0.0242 1.76338
0.760532 0.0242 1.74229 0.761216 0.0242 1.8039 0.759708 0.0242 1.78435 0.759753
0.0242 1.84284 0.759876 0.0242 1.52 0.799835 0.0242 1.55866 0.77953 0.0242
1.55882 0.799694 0.0242 1.57771 0.77926 0.0242 1.62 0.781797 0.0242 1.60892
0.78099 0.0242 1.597 0.77924 0.0242 1.66128 0.782123 0.0242 1.6512 0.782131
0.0242 1.641 0.782099 0.0242 1.70138 0.782126 0.0242 1.69136 0.782138 0.0242
1.68134 0.782124 0.0242 1.74214 0.782046 0.0242 1.73172 0.782119 0.0242 1.72152
0.782117 0.0242 1.78598 0.77916 0.0242 1.77631 0.77922 0.0242 1.76407 0.78099
0.0242 1.804 0.799813 0.0242 1.80454 0.779525 0.0242 1.84289 0.79989 0.0242
1.82333 0.799851 0.0242 1.52006 0.839951 0.0242 1.55902 0.819866 0.0242 1.55922
0.839951 0.0242 1.57831 0.799658 0.0242 1.57881 0.809863 0.0242 1.57906 0.819944
0.0242 1.82315 0.819916 0.0242 1.80357 0.81994 0.0242 1.8038 0.80989 0.0242
1.52007 0.880054 0.0242 1.55921 0.859997 0.0242 1.55927 0.880044 0.0242 1.57922
0.839989 0.0242 1.57923 0.849996 0.0242 1.57925 0.86 0.0242 1.80337 0.839982
0.0242 1.82301 0.839965 0.0242 1.82296 0.860001 0.0242 1.80331 0.859999 0.0242
1.80335 0.849992 0.0242 1.52004 0.920199 0.0242 1.55917 0.900128 0.0242 1.5591
0.920309 0.0242 1.57925 0.880014 0.0242 1.57923 0.890027 0.0242 1.57922 0.90006
0.0242 1.80331 0.880019 0.0242 1.82296 0.880041 0.0242 1.82301 0.900108 0.0242
1.80336 0.900068 0.0242 1.80335 0.890036 0.0242 1.52003 0.960308 0.0242 1.55877
0.940648 0.0242 1.55883 0.9608 0.0242 1.57907 0.920239 0.0242 1.57881 0.930459
0.0242 1.57833 0.940846 0.0242 1.80355 0.920204 0.0242 1.82314 0.920226 0.0242
1.82335 0.940407 0.0242 1.80395 0.940482 0.0242 1.80377 0.93033 0.0242 1.52027
1 0.0242 1.55918 0.980533 0.0242 1.55959 1 0.0242 1.57778 0.961438
0.0242 1.57886 0.980729 0.0242 1.60899 0.960159 0.0242 1.62006 0.959363 0.0242
1.62004 0.980026 0.0242 1.59877 0.980806 0.0242 1.59703 0.961843 0.0242 1.65121
0.959046 0.0242 1.66128 0.959056 0.0242 1.66116 0.979681 0.0242 1.64081 0.97975
0.0242 1.64102 0.959073 0.0242 1.69136 0.959042 0.0242 1.70138 0.959055 0.0242
1.70145 0.979669 0.0242 1.68132 0.979666 0.0242 1.68134 0.959054 0.0242 1.7317
0.959057 0.0242 1.7421 0.959125 0.0242 1.74223 0.979822 0.0242 1.72169 0.979698
0.0242 1.72151 0.959059 0.0242 1.7763 0.961878 0.0242 1.78594 0.961736 0.0242
1.78407 0.980731 0.0242 1.76326 0.980271 0.0242 1.764 0.960151 0.0242 1.82351
0.960562 0.0242 1.84297 0.96032 0.0242 1.84277 1 0.0242 1.80331 1
0.0242 1.80381 0.980582 0.0242 1.80427 0.960892 0.0242 1.58691 0.0480728 0.0242
1.58724 0.0382296 0.0242 1.57881 0.0695409 0.0242 1.58936 0.0798372 0.0242 1.58913
0.069651 0.0242 1.59853 0.0698463 0.0242 1.59853 0.0798986 0.0242 1.63076 0.05
0.0242 1.63068 0.0408854 0.0242 1.67133 0.05 0.0242 1.67132 0.0409576 0.0242
1.71139 0.05 0.0242 1.71141 0.0409572 0.0242 1.75261 0.0500012 0.0242 1.75279
0.0406612 0.0242 1.79427 0.0594985 0.0242 1.78481 0.0593469 0.0242 1.78651 0.0480328
0.0242 1.78594 0.0382635 0.0242 1.79371 0.0798355 0.0242 1.79393 0.0696969 0.0242
1.80377 0.06967 0.0242 1.59853 0.0899597 0.0242 1.58942 0.0899267 0.0242 1.57923
0.109973 0.0242 1.58945 0.119995 0.0242 1.58945 0.109987 0.0242 1.59853 0.109996
0.0242 1.59853 0.119999 0.0242 1.79359 0.0899139 0.0242 1.79349 0.119989 0.0242
1.79351 0.109978 0.0242 1.80335 0.109965 0.0242 1.59853 0.13 0.0242 1.58945
0.129998 0.0242 1.57923 0.150004 0.0242 1.58944 0.159998 0.0242 1.58945 0.149999
0.0242 1.59853 0.149998 0.0242 1.59853 0.159993 0.0242 1.79349 0.129995 0.0242
1.79353 0.160004 0.0242 1.79351 0.150002 0.0242 1.80335 0.150008 0.0242 1.59853
0.169984 0.0242 1.58942 0.169997 0.0242 1.57881 0.190137 0.0242 1.58841 0.200206
0.0242 1.58913 0.190033 0.0242 1.59853 0.18986 0.0242 1.59853 0.19921 0.0242
1.7936 0.170008 0.0242 1.7943 0.200154 0.0242 1.79395 0.190065 0.0242 1.8038
0.19011 0.0242 1.59853 0.208824 0.0242 1.5869 0.211029 0.0242 1.58721 0.22087
0.0242 1.597 0.22076 0.0242 1.60892 0.21901 0.0242 1.62 0.218203 0.0242
1.63064 0.217942 0.0242 1.641 0.217901 0.0242 1.6512 0.217869 0.0242 1.66128
0.217877 0.0242 1.67132 0.217862 0.0242 1.68134 0.217876 0.0242 1.69136 0.217862
0.0242 1.70138 0.217874 0.0242 1.71142 0.217863 0.0242 1.72152 0.217883 0.0242
1.73172 0.217881 0.0242 1.74214 0.217953 0.0242 1.75286 0.21817 0.0242 1.76407
0.21901 0.0242 1.78598 0.22084 0.0242 1.78651 0.211062 0.0242 1.78482 0.200172
0.0242 1.77631 0.22078 0.0242 1.59853 0.420589 0.0242 1.58677 0.418446 0.0242
1.57824 0.429394 0.0242 1.58911 0.4398 0.0242 1.58836 0.429489 0.0242 1.59853
0.43049 0.0242 1.59853 0.439988 0.0242 1.63065 0.411383 0.0242 1.63057 0.400999
0.0242 1.67132 0.411483 0.0242 1.6713 0.4012 0.0242 1.71142 0.41148 0.0242
1.71146 0.401193 0.0242 1.75282 0.411153 0.0242 1.75284 0.400714 0.0242 1.79506
0.419088 0.0242 1.78624 0.418586 0.0242 1.78573 0.408768 0.0242 1.78488 0.399084
0.0242 1.79399 0.439749 0.0242 1.79449 0.429489 0.0242 1.80413 0.429507 0.0242
1.59853 0.449965 0.0242 1.58935 0.449915 0.0242 1.57921 0.469964 0.0242 1.58945
0.479993 0.0242 1.58944 0.469984 0.0242 1.59853 0.469996 0.0242 1.59853 0.479999
0.0242 1.79372 0.44988 0.0242 1.7935 0.479986 0.0242 1.79353 0.469971 0.0242
1.80338 0.469952 0.0242 1.59853 0.49 0.0242 1.58945 0.489998 0.0242 1.57924
0.510007 0.0242 1.58945 0.520007 0.0242 1.58945 0.510002 0.0242 1.59853 0.51
0.0242 1.59853 0.520001 0.0242 1.79349 0.489995 0.0242 1.7935 0.520014 0.0242
1.79349 0.510005 0.0242 1.80333 0.51001 0.0242 1.59853 0.530004 0.0242 1.58944
0.530016 0.0242 1.57904 0.550151 0.0242 1.58911 0.5602 0.0242 1.58935 0.550085
0.0242 1.59853 0.550035 0.0242 1.59853 0.560013 0.0242 1.79353 0.530028 0.0242
1.79398 0.56025 0.0242 1.79372 0.550119 0.0242 1.80359 0.550167 0.0242 1.59853
0.569511 0.0242 1.58836 0.570511 0.0242 1.58677 0.581553 0.0242 1.59853 0.579412
0.0242 1.5971 0.591271 0.0242 1.60899 0.589639 0.0242 1.63057 0.598994 0.0242
1.63065 0.588614 0.0242 1.641 0.588549 0.0242 1.65119 0.588526 0.0242 1.6713
0.598794 0.0242 1.67132 0.588516 0.0242 1.68134 0.588516 0.0242 1.69136 0.588515
0.0242 1.71146 0.598801 0.0242 1.71142 0.588518 0.0242 1.72152 0.588526 0.0242
1.73172 0.588544 0.0242 1.75283 0.599278 0.0242 1.75281 0.588845 0.0242 1.76396
0.589617 0.0242 1.79448 0.57051 0.0242 1.77602 0.591231 0.0242 1.78571 0.591224
0.0242 1.78623 0.581411 0.0242 1.79506 0.580908 0.0242 1.58721 0.779131 0.0242
1.57763 0.789274 0.0242 1.58841 0.799793 0.0242 1.5869 0.788971 0.0242 1.59853
0.791176 0.0242 1.59853 0.80079 0.0242 1.63064 0.782058 0.0242 1.67132 0.782138
0.0242 1.71142 0.782137 0.0242 1.75286 0.78183 0.0242 1.7943 0.799846 0.0242
1.78482 0.799828 0.0242 1.78651 0.788938 0.0242 1.59853 0.81014 0.0242 1.58913
0.809967 0.0242 1.57917 0.829979 0.0242 1.58944 0.840002 0.0242 1.58942 0.830003
0.0242 1.59853 0.830016 0.0242 1.59853 0.840007 0.0242 1.79395 0.809935 0.0242
1.79353 0.839996 0.0242 1.7936 0.829992 0.0242 1.80346 0.829969 0.0242 1.59853
0.850002 0.0242 1.58945 0.850001 0.0242 1.57924 0.870005 0.0242 1.58945 0.880005
0.0242 1.58945 0.870002 0.0242 1.59853 0.87 0.0242 1.59853 0.880001 0.0242
1.79351 0.849998 0.0242 1.79349 0.880011 0.0242 1.79349 0.870005 0.0242 1.80333
0.870007 0.0242 1.59853 0.890004 0.0242 1.58945 0.890013 0.0242 1.57917 0.910118
0.0242 1.58936 0.920163 0.0242 1.58942 0.910074 0.0242 1.59853 0.91004 0.0242
1.59853 0.920101 0.0242 1.79351 0.890022 0.0242 1.79371 0.920165 0.0242 1.79359
0.910086 0.0242 1.80346 0.910118 0.0242 1.59853 0.930153 0.0242 1.58913 0.930349
0.0242 1.57766 0.951419 0.0242 1.58724 0.961771 0.0242 1.58691 0.951927 0.0242
1.59853 0.95 0.0242 1.60988 0.95 0.0242 1.63068 0.959114 0.0242 1.63076
0.95 0.0242 1.64109 0.95 0.0242 1.65124 0.95 0.0242 1.67132 0.959042
0.0242 1.67133 0.95 0.0242 1.68134 0.95 0.0242 1.69135 0.95 0.0242
1.71141 0.959043 0.0242 1.71139 0.95 0.0242 1.72146 0.95 0.0242 1.73164
0.95 0.0242 1.75279 0.959339 0.0242 1.75261 0.949999 0.0242 1.76314 0.949987
0.0242 1.79393 0.930303 0.0242 1.77497 0.95 0.0242 1.78651 0.951967 0.0242
1.78481 0.940654 0.0242 1.79427 0.940501 0.0242 1.62006 0.0406369 0.0242 1.66128
0.0409445 0.0242 1.70138 0.0409458 0.0242 1.7421 0.040875 0.0242 1.62024 0.05
0.0242 1.6613 0.05 0.0242 1.70137 0.05 0.0242 1.742 0.0499998 0.0242
1.77503 0.0603085 0.0242 1.775 0.0899931 0.0242 1.775 0.0799712 0.0242 1.7838
0.0799065 0.0242 1.78373 0.0899616 0.0242 1.7837 0.0999837 0.0242 1.775 0.0999992
0.0242 1.775 0.13 0.0242 1.775 0.12 0.0242 1.78369 0.119997 0.0242
1.78369 0.129998 0.0242 1.78369 0.139998 0.0242 1.775 0.139998 0.0242 1.775
0.169964 0.0242 1.775 0.159986 0.0242 1.7837 0.15999 0.0242 1.78373 0.169978
0.0242 1.78381 0.179964 0.0242 1.775 0.179921 0.0242 1.60979 0.208824 0.0242
1.62016 0.208824 0.0242 1.64107 0.208824 0.0242 1.65124 0.208824 0.0242 1.6613
0.208824 0.0242 1.68134 0.208824 0.0242 1.69135 0.208824 0.0242 1.70137 0.208824
0.0242 1.72147 0.208824 0.0242 1.73166 0.208824 0.0242 1.74205 0.208823 0.0242
1.77498 0.208824 0.0242 1.77502 0.19921 0.0242 1.76324 0.208807 0.0242 1.61999
0.400685 0.0242 1.66124 0.401174 0.0242 1.7014 0.401184 0.0242 1.7422 0.400986
0.0242 1.62003 0.411139 0.0242 1.60982 0.420589 0.0242 1.62019 0.420589 0.0242
1.66128 0.411478 0.0242 1.65124 0.420589 0.0242 1.64108 0.420589 0.0242 1.6613
0.420589 0.0242 1.70138 0.411481 0.0242 1.69135 0.420589 0.0242 1.68134 0.420589
0.0242 1.70137 0.420589 0.0242 1.74213 0.411387 0.0242 1.73165 0.420589 0.0242
1.72147 0.420589 0.0242 1.74203 0.420589 0.0242 1.77497 0.420589 0.0242 1.76319
0.420602 0.0242 1.775 0.450025 0.0242 1.775 0.440089 0.0242 1.78405 0.439878
0.0242 1.7838 0.449964 0.0242 1.78373 0.459989 0.0242 1.775 0.460015 0.0242
1.775 0.490001 0.0242 1.775 0.480003 0.0242 1.78369 0.479998 0.0242 1.78369
0.489999 0.0242 1.78369 0.5 0.0242 1.775 0.5 0.0242 1.775 0.529993
0.0242 1.775 0.519997 0.0242 1.78369 0.520002 0.0242 1.7837 0.530005 0.0242
1.78373 0.540011 0.0242 1.775 0.539985 0.0242 1.77503 0.56945 0.0242 1.775
0.559911 0.0242 1.78404 0.560122 0.0242 1.78479 0.570422 0.0242 1.77497 0.579412
0.0242 1.775 0.810207 0.0242 1.77502 0.80079 0.0242 1.78405 0.810018 0.0242
1.78381 0.820036 0.0242 1.775 0.820079 0.0242 1.84288 0.819923 0.0242 1.84275
0.839965 0.0242 1.775 0.850005 0.0242 1.775 0.840014 0.0242 1.7837 0.84001
0.0242 1.78369 0.850004 0.0242 1.78369 0.860002 0.0242 1.775 0.860002 0.0242
1.84276 0.860003 0.0242 1.84271 0.880047 0.0242 1.775 0.89 0.0242 1.775
0.88 0.0242 1.78369 0.880003 0.0242 1.78369 0.890007 0.0242 1.7837 0.900016
0.0242 1.775 0.900001 0.0242 1.8428 0.900112 0.0242 1.84283 0.920195 0.0242
1.775 0.930029 0.0242 1.775 0.920029 0.0242 1.7838 0.920093 0.0242 1.78404
0.930237 0.0242 1.77503 0.939692 0.0242 1.84299 0.940306 0.0242 1.62017 1
0.0242 1.59951 1 0.0242 1.64074 1 0.0242 1.66109 1 0.0242
1.6813 1 0.0242 1.70149 1 0.0242 1.72176 1 0.0242 1.74222
1 0.0242 1.76287 1 0.0242 1.78334 1 0.0242 1.58842 0.0592313
0.0242 1.59853 0.060209 0.0242 1.78404 0.0697621 0.0242 1.775 0.0699708 0.0242
1.59853 0.0999863 0.0242 1.58944 0.099968 0.0242 1.79353 0.0999552 0.0242 1.78369
0.109993 0.0242 1.775 0.11 0.0242 1.59853 0.139999 0.0242 1.58945 0.139999
0.0242 1.79349 0.139999 0.0242 1.78369 0.149996 0.0242 1.775 0.149995 0.0242
1.59853 0.179963 0.0242 1.58936 0.18 0.0242 1.79372 0.180023 0.0242 1.78405
0.189982 0.0242 1.775 0.189793 0.0242 1.63072 0.208824 0.0242 1.67133 0.208824
0.0242 1.7114 0.208824 0.0242 1.75269 0.20882 0.0242 1.63074 0.420589 0.0242
1.67133 0.420589 0.0242 1.7114 0.420589 0.0242 1.75266 0.420591 0.0242 1.78479
0.429577 0.0242 1.77503 0.43055 0.0242 1.59853 0.459987 0.0242 1.58942 0.459962
0.0242 1.79359 0.459942 0.0242 1.7837 0.469995 0.0242 1.775 0.470007 0.0242
1.59853 0.5 0.0242 1.58945 0.5 0.0242 1.79349 0.5 0.0242 1.78369
0.510001 0.0242 1.775 0.509999 0.0242 1.59853 0.540013 0.0242 1.58942 0.540037
0.0242 1.79359 0.540058 0.0242 1.7838 0.550036 0.0242 1.775 0.549975 0.0242
1.60982 0.579412 0.0242 1.62003 0.588858 0.0242 1.62019 0.579412 0.0242 1.63074
0.579412 0.0242 1.64108 0.579412 0.0242 1.65124 0.579412 0.0242 1.66128 0.58852
0.0242 1.6613 0.579412 0.0242 1.67133 0.579412 0.0242 1.68134 0.579412 0.0242
1.69135 0.579412 0.0242 1.70138 0.588517 0.0242 1.70137 0.579412 0.0242 1.7114
0.579412 0.0242 1.72147 0.579412 0.0242 1.73165 0.579412 0.0242 1.74212 0.588611
0.0242 1.74203 0.579412 0.0242 1.75266 0.57941 0.0242 1.76319 0.579399 0.0242
1.60979 0.791176 0.0242 1.62016 0.791176 0.0242 1.64107 0.791176 0.0242 1.63072
0.791176 0.0242 1.65124 0.791176 0.0242 1.6613 0.791176 0.0242 1.68134 0.791176
0.0242 1.67133 0.791176 0.0242 1.69135 0.791176 0.0242 1.70137 0.791176 0.0242
1.72147 0.791176 0.0242 1.7114 0.791176 0.0242 1.73166 0.791176 0.0242 1.74205
0.791177 0.0242 1.76324 0.791193 0.0242 1.75269 0.79118 0.0242 1.77498 0.791176
0.0242 1.59853 0.820037 0.0242 1.58936 0.82 0.0242 1.79372 0.819977 0.0242
1.78373 0.830022 0.0242 1.775 0.830036 0.0242 1.59853 0.860001 0.0242 1.58945
0.860001 0.0242 1.79349 0.860001 0.0242 1.78369 0.870002 0.0242 1.775 0.87
0.0242 1.59853 0.900014 0.0242 1.58944 0.900032 0.0242 1.79353 0.900045 0.0242
1.78373 0.910038 0.0242 1.775 0.910007 0.0242 1.59853 0.939791 0.0242 1.58842
0.940768 0.0242 1.62024 0.95 0.0242 1.6613 0.95 0.0242 1.70137 0.95
0.0242 1.742 0.95 0.0242 1.57942 1 0.0242 2.14908 0.0399968 0.0242
2.00176 0.0399926 0.0242 2.00177 1.87095e-38 0.0242 2.14909 -3.0837e-41 0.0242 2.30066
0.0399987 0.0242 2.30066 2.9175e-42 0.0242 2.4566 0 0.0242 2.4566 0.0399995
0.0242 2.14908 0.0799961 0.0242 2.00176 0.0799912 0.0242 2.30065 0.0799984 0.0242
2.4566 0.0799994 0.0242 2.14908 0.119998 0.0242 2.00175 0.119995 0.0242 2.30065
0.119999 0.0242 2.4566 0.12 0.0242 2.14908 0.160001 0.0242 2.00175 0.160001
0.0242 2.30065 0.16 0.0242 2.4566 0.16 0.0242 2.14907 0.200002 0.0242
2.00174 0.200005 0.0242 2.30065 0.200001 0.0242 2.45659 0.2 0.0242 2.14907
0.240002 0.0242 2.00173 0.240005 0.0242 2.30065 0.240001 0.0242 2.45659 0.24
0.0242 2.14906 0.28 0.0242 2.00172 0.28 0.0242 2.30064 0.28 0.0242
2.45659 0.28 0.0242 2.14905 0.319996 0.0242 2.00171 0.319992 0.0242 2.30064
0.319998 0.0242 2.45659 0.319999 0.0242 2.14905 0.359992 0.0242 2.00171 0.359986
0.0242 2.30064 0.359997 0.0242 2.45659 0.359999 0.0242 2.14906 0.399991 0.0242
2.00172 0.399983 0.0242 2.30064 0.399996 0.0242 2.45659 0.399998 0.0242 2.14906
0.439993 0.0242 2.00173 0.439986 0.0242 2.30064 0.439997 0.0242 2.45659 0.439999
0.0242 2.14907 0.479997 0.0242 2.00174 0.479994 0.0242 2.30065 0.479999 0.0242
2.45659 0.48 0.0242 2.14907 0.520002 0.0242 2.00174 0.520005 0.0242 2.30065
0.520001 0.0242 2.45659 0.52 0.0242 2.14906 0.560007 0.0242 2.00173 0.560013
0.0242 2.30064 0.560003 0.0242 2.45659 0.560001 0.0242 2.14906 0.600009 0.0242
2.00172 0.600016 0.0242 2.30064 0.600004 0.0242 2.45659 0.600001 0.0242 2.14905
0.640007 0.0242 2.00171 0.640014 0.0242 2.30064 0.640003 0.0242 2.45659 0.640001
0.0242 2.14905 0.680004 0.0242 2.00171 0.680007 0.0242 2.30064 0.680002 0.0242
2.45659 0.680001 0.0242 2.14906 0.72 0.0242 2.00172 0.72 0.0242 2.30064
0.72 0.0242 2.45659 0.72 0.0242 2.14907 0.759998 0.0242 2.00173 0.759995
0.0242 2.30065 0.759999 0.0242 2.45659 0.76 0.0242 2.61703 0.72 0.0242
2.61703 0.76 0.0242 2.14907 0.799997 0.0242 2.00174 0.799995 0.0242 2.30065
0.799999 0.0242 2.4566 0.8 0.0242 2.61703 0.8 0.0242 2.14908 0.839999
0.0242 2.00175 0.839999 0.0242 2.30065 0.84 0.0242 2.4566 0.84 0.0242
2.61703 0.84 0.0242 2.14908 0.880002 0.0242 2.00175 0.880005 0.0242 2.30065
0.880001 0.0242 2.4566 0.88 0.0242 2.61703 0.88 0.0242 2.14908 0.920004
0.0242 2.00176 0.920009 0.0242 2.30066 0.920002 0.0242 2.4566 0.920001 0.0242
2.61703 0.92 0.0242 2.14909 0.960003 0.0242 2.00176 0.960008 0.0242 2.30066
0.960001 0.0242 2.4566 0.960001 0.0242 2.61703 0.96 0.0242 2.14909 1
0.0242 2.00177 1 0.0242 2.30066 1 0.0242 2.4566 1 0.0242
2.61703 1 0.0242 1.88238 0.0398865 0.0242 1.88235 -5.42015e-35 0.0242 1.92205
0.0399552 0.0242 1.92205 -8.47087e-36 0.0242 1.96186 0.0399822 0.0242 1.96187 -2.55051e-38
0.0242 1.88234 0.0799032 0.0242 1.84283 0.0798051 0.0242 1.84299 0.0596943 0.0242
1.92204 0.079955 0.0242 1.96186 0.0799802 0.0242 1.88231 0.119966 0.0242 1.84271
0.119953 0.0242 1.8428 0.0998879 0.0242 1.92203 0.11998 0.0242 1.96185 0.11999
0.0242 1.88231 0.160017 0.0242 1.84275 0.160035 0.0242 1.84276 0.139997 0.0242
1.92202 0.160007 0.0242 1.96185 0.160003 0.0242 1.88234 0.200055 0.0242 1.84288
0.180078 0.0242 1.92202 0.200026 0.0242 1.96184 0.200012 0.0242 1.8823 0.240057
0.0242 1.92199 0.240025 0.0242 1.96182 0.240011 0.0242 1.88215 0.280009 0.0242
1.92192 0.280003 0.0242 1.96178 0.28 0.0242 1.88205 0.319947 0.0242 1.92187
0.319971 0.0242 1.96176 0.319985 0.0242 1.8821 0.359887 0.0242 1.92189 0.35994
0.0242 1.96177 0.35997 0.0242 1.88223 0.399849 0.0242 1.92195 0.399926 0.0242
1.96179 0.399964 0.0242 1.88229 0.439885 0.0242 1.84282 0.43978 0.0242 1.84293
0.419679 0.0242 1.92198 0.439942 0.0242 1.96181 0.439971 0.0242 1.88227 0.479962
0.0242 1.8427 0.479945 0.0242 1.8428 0.459869 0.0242 1.92199 0.479979 0.0242
1.96182 0.479989 0.0242 1.88227 0.520036 0.0242 1.8427 0.520054 0.0242 1.84273
0.5 0.0242 1.92199 0.520019 0.0242 1.96182 0.52001 0.0242 1.88228 0.560111
0.0242 1.84281 0.560215 0.0242 1.8428 0.540129 0.0242 1.92198 0.560056 0.0242
1.96181 0.560027 0.0242 1.88222 0.600146 0.0242 1.84292 0.580314 0.0242 1.92194
0.600071 0.0242 1.96179 0.600035 0.0242 1.88209 0.640108 0.0242 1.92189 0.640056
0.0242 1.96177 0.640029 0.0242 1.88204 0.680049 0.0242 1.92187 0.680027 0.0242
1.96176 0.680014 0.0242 1.88214 0.719989 0.0242 1.92191 0.719996 0.0242 1.96178
0.719999 0.0242 1.8823 0.759942 0.0242 1.92199 0.759974 0.0242 1.96182 0.759989
0.0242 1.88234 0.799945 0.0242 1.92202 0.799974 0.0242 1.96184 0.799988 0.0242
1.88231 0.839982 0.0242 1.92202 0.839993 0.0242 1.96185 0.839997 0.0242 1.88231
0.880034 0.0242 1.92203 0.88002 0.0242 1.96185 0.88001 0.0242 1.88234 0.920097
0.0242 1.92204 0.920045 0.0242 1.96186 0.92002 0.0242 1.88238 0.960114 0.0242
1.92205 0.960045 0.0242 1.96186 0.960018 0.0242 1.88235 1 0.0242 1.92205
1 0.0242 1.96187 1 0.0242 7.58321 0.04 0.0242 7.28423 0.04
0.0242 7.28423 0 0.0242 7.58321 0 0.0242 7.89076 0.04 0.0242
7.89076 0 0.0242 8.20715 0.04 0.0242 8.20715 0 0.0242 8.53261
0.04 0.0242 8.53261 0 0.0242 8.86741 0.04 0.0242 8.86741 0
0.0242 9.21182 0.04 0.0242 9.21182 -0 0.0242 9.56611 0.04 0.0242
9.56611 -0 0.0242 9.93057 0.04 0.0242 9.93057 -0 0.0242 10.3055
0.04 0.0242 10.3055 -0 0.0242 10.6912 0.04 0.0242 10.6912 -0
0.0242 11.0879 0.04 0.0242 11.0879 -0 0.0242 11.496 0.04 0.0242
11.496 -0 0.0242 11.9159 0.04 0.0242 11.9159 -0 0.0242 12.3478
0.04 0.0242 12.3478 -0 0.0242 12.792 0.04 0.0242 12.792 -0
0.0242 13.2491 0.04 0.0242 13.2491 -0 0.0242 13.7192 0.04 0.0242
13.7192 -0 0.0242 14.2028 0.04 0.0242 14.2028 -0 0.0242 14.7004
0.04 0.0242 14.7004 0 0.0242 15.2121 0.04 0.0242 15.2121 0
0.0242 15.7386 0.04 0.0242 15.7386 0 0.0242 16.2802 0.04 0.0242
16.2802 0 0.0242 16.8373 0.04 0.0242 16.8373 0 0.0242 17.4104
0.04 0.0242 17.4104 0 0.0242 18 0 0.0242 18 0.04
0.0242 7.58321 0.08 0.0242 7.28423 0.08 0.0242 7.89076 0.08 0.0242
8.20715 0.08 0.0242 8.53261 0.08 0.0242 8.86741 0.08 0.0242 9.21182
0.08 0.0242 9.56611 0.08 0.0242 9.93057 0.08 0.0242 10.3055 0.08
0.0242 10.6912 0.08 0.0242 11.0879 0.08 0.0242 11.496 0.08 0.0242
11.9159 0.08 0.0242 12.3478 0.08 0.0242 12.792 0.08 0.0242 13.2491
0.08 0.0242 13.7192 0.08 0.0242 14.2028 0.08 0.0242 14.7004 0.08
0.0242 15.2121 0.08 0.0242 15.7386 0.08 0.0242 16.2802 0.08 0.0242
16.8373 0.08 0.0242 17.4104 0.08 0.0242 18 0.08 0.0242 7.58321
0.12 0.0242 7.28423 0.12 0.0242 7.89076 0.12 0.0242 8.20715 0.12
0.0242 8.53261 0.12 0.0242 8.86741 0.12 0.0242 9.21182 0.12 0.0242
9.56611 0.12 0.0242 9.93057 0.12 0.0242 10.3055 0.12 0.0242 10.6912
0.12 0.0242 11.0879 0.12 0.0242 11.496 0.12 0.0242 11.9159 0.12
0.0242 12.3478 0.12 0.0242 12.792 0.12 0.0242 13.2491 0.12 0.0242
13.7192 0.12 0.0242 14.2028 0.12 0.0242 14.7004 0.12 0.0242 15.2121
0.12 0.0242 15.7386 0.12 0.0242 16.2802 0.12 0.0242 16.8373 0.12
0.0242 17.4104 0.12 0.0242 18 0.12 0.0242 7.58321 0.16 0.0242
7.28423 0.16 0.0242 7.89076 0.16 0.0242 8.20715 0.16 0.0242 8.53261
0.16 0.0242 8.86741 0.16 0.0242 9.21182 0.16 0.0242 9.56611 0.16
0.0242 9.93057 0.16 0.0242 10.3055 0.16 0.0242 10.6912 0.16 0.0242
11.0879 0.16 0.0242 11.496 0.16 0.0242 11.9159 0.16 0.0242 12.3478
0.16 0.0242 12.792 0.16 0.0242 13.2491 0.16 0.0242 13.7192 0.16
0.0242 14.2028 0.16 0.0242 14.7004 0.16 0.0242 15.2121 0.16 0.0242
15.7386 0.16 0.0242 16.2802 0.16 0.0242 16.8373 0.16 0.0242 17.4104
0.16 0.0242 18 0.16 0.0242 7.58321 0.2 0.0242 7.28423 0.2
0.0242 7.89076 0.2 0.0242 8.20715 0.2 0.0242 8.53261 0.2 0.0242
8.86741 0.2 0.0242 9.21182 0.2 0.0242 9.56611 0.2 0.0242 9.93057
0.2 0.0242 10.3055 0.2 0.0242 10.6912 0.2 0.0242 11.0879 0.2
0.0242 11.496 0.2 0.0242 11.9159 0.2 0.0242 12.3478 0.2 0.0242
12.792 0.2 0.0242 13.2491 0.2 0.0242 13.7192 0.2 0.0242 14.2028
0.2 0.0242 14.7004 0.2 0.0242 15.2121 0.2 0.0242 15.7386 0.2
0.0242 16.2802 0.2 0.0242 16.8373 0.2 0.0242 17.4104 0.2 0.0242
18 0.2 0.0242 7.58321 0.24 0.0242 7.28423 0.24 0.0242 7.89076
0.24 0.0242 8.20715 0.24 0.0242 8.53261 0.24 0.0242 8.86741 0.24
0.0242 9.21182 0.24 0.0242 9.56611 0.24 0.0242 9.93057 0.24 0.0242
10.3055 0.24 0.0242 10.6912 0.24 0.0242 11.0879 0.24 0.0242 11.496
0.24 0.0242 11.9159 0.24 0.0242 12.3478 0.24 0.0242 12.792 0.24
0.0242 13.2491 0.24 0.0242 13.7192 0.24 0.0242 14.2028 0.24 0.0242
14.7004 0.24 0.0242 15.2121 0.24 0.0242 15.7386 0.24 0.0242 16.2802
0.24 0.0242 16.8373 0.24 0.0242 17.4104 0.24 0.0242 18 0.24
0.0242 7.58321 0.28 0.0242 7.28423 0.28 0.0242 7.89076 0.28 0.0242
8.20715 0.28 0.0242 8.53261 0.28 0.0242 8.86741 0.28 0.0242 9.21182
0.28 0.0242 9.56611 0.28 0.0242 9.93057 0.28 0.0242 10.3055 0.28
0.0242 10.6912 0.28 0.0242 11.0879 0.28 0.0242 11.496 0.28 0.0242
11.9159 0.28 0.0242 12.3478 0.28 0.0242 12.792 0.28 0.0242 13.2491
0.28 0.0242 13.7192 0.28 0.0242 14.2028 0.28 0.0242 14.7004 0.28
0.0242 15.2121 0.28 0.0242 15.7386 0.28 0.0242 16.2802 0.28 0.0242
16.8373 0.28 0.0242 17.4104 0.28 0.0242 18 0.28 0.0242 7.58321
0.32 0.0242 7.28423 0.32 0.0242 7.89076 0.32 0.0242 8.20715 0.32
0.0242 8.53261 0.32 0.0242 8.86741 0.32 0.0242 9.21182 0.32 0.0242
9.56611 0.32 0.0242 9.93057 0.32 0.0242 10.3055 0.32 0.0242 10.6912
0.32 0.0242 11.0879 0.32 0.0242 11.496 0.32 0.0242 11.9159 0.32
0.0242 12.3478 0.32 0.0242 12.792 0.32 0.0242 13.2491 0.32 0.0242
13.7192 0.32 0.0242 14.2028 0.32 0.0242 14.7004 0.32 0.0242 15.2121
0.32 0.0242 15.7386 0.32 0.0242 16.2802 0.32 0.0242 16.8373 0.32
0.0242 17.4104 0.32 0.0242 18 0.32 0.0242 7.58321 0.36 0.0242
7.28423 0.36 0.0242 7.89076 0.36 0.0242 8.20715 0.36 0.0242 8.53261
0.36 0.0242 8.86741 0.36 0.0242 9.21182 0.36 0.0242 9.56611 0.36
0.0242 9.93057 0.36 0.0242 10.3055 0.36 0.0242 10.6912 0.36 0.0242
11.0879 0.36 0.0242 11.496 0.36 0.0242 11.9159 0.36 0.0242 12.3478
0.36 0.0242 12.792 0.36 0.0242 13.2491 0.36 0.0242 13.7192 0.36
0.0242 14.2028 0.36 0.0242 14.7004 0.36 0.0242 15.2121 0.36 0.0242
15.7386 0.36 0.0242 16.2802 0.36 0.0242 16.8373 0.36 0.0242 17.4104
0.36 0.0242 18 0.36 0.0242 7.58321 0.4 0.0242 7.28423 0.4
0.0242 7.89076 0.4 0.0242 8.20715 0.4 0.0242 8.53261 0.4 0.0242
8.86741 0.4 0.0242 9.21182 0.4 0.0242 9.56611 0.4 0.0242 9.93057
0.4 0.0242 10.3055 0.4 0.0242 10.6912 0.4 0.0242 11.0879 0.4
0.0242 11.496 0.4 0.0242 11.9159 0.4 0.0242 12.3478 0.4 0.0242
12.792 0.4 0.0242 13.2491 0.4 0.0242 13.7192 0.4 0.0242 14.2028
0.4 0.0242 14.7004 0.4 0.0242 15.2121 0.4 0.0242 15.7386 0.4
0.0242 16.2802 0.4 0.0242 16.8373 0.4 0.0242 17.4104 0.4 0.0242
18 0.4 0.0242 7.58321 0.44 0.0242 7.28423 0.44 0.0242 7.89076
0.44 0.0242 8.20715 0.44 0.0242 8.53261 0.44 0.0242 8.86741 0.44
0.0242 9.21182 0.44 0.0242 9.56611 0.44 0.0242 9.93057 0.44 0.0242
10.3055 0.44 0.0242 10.6912 0.44 0.0242 11.0879 0.44 0.0242 11.496
0.44 0.0242 11.9159 0.44 0.0242 12.3478 0.44 0.0242 12.792 0.44
0.0242 13.2491 0.44 0.0242 13.7192 0.44 0.0242 14.2028 0.44 0.0242
14.7004 0.44 0.0242 15.2121 0.44 0.0242 15.7386 0.44 0.0242 16.2802
0.44 0.0242 16.8373 0.44 0.0242 17.4104 0.44 0.0242 18 0.44
0.0242 7.58321 0.48 0.0242 7.28423 0.48 0.0242 7.89076 0.48 0.0242
8.20715 0.48 0.0242 8.53261 0.48 0.0242 8.86741 0.48 0.0242 9.21182
0.48 0.0242 9.56611 0.48 0.0242 9.93057 0.48 0.0242 10.3055 0.48
0.0242 10.6912 0.48 0.0242 11.0879 0.48 0.0242 11.496 0.48 0.0242
11.9159 0.48 0.0242 12.3478 0.48 0.0242 12.792 0.48 0.0242 13.2491
0.48 0.0242 13.7192 0.48 0.0242 14.2028 0.48 0.0242 14.7004 0.48
0.0242 15.2121 0.48 0.0242 15.7386 0.48 0.0242 16.2802 0.48 0.0242
16.8373 0.48 0.0242 17.4104 0.48 0.0242 18 0.48 0.0242 7.58321
0.52 0.0242 7.28423 0.52 0.0242 7.89076 0.52 0.0242 8.20715 0.52
0.0242 8.53261 0.52 0.0242 8.86741 0.52 0.0242 9.21182 0.52 0.0242
9.56611 0.52 0.0242 9.93057 0.52 0.0242 10.3055 0.52 0.0242 10.6912
0.52 0.0242 11.0879 0.52 0.0242 11.496 0.52 0.0242 11.9159 0.52
0.0242 12.3478 0.52 0.0242 12.792 0.52 0.0242 13.2491 0.52 0.0242
13.7192 0.52 0.0242 14.2028 0.52 0.0242 14.7004 0.52 0.0242 15.2121
0.52 0.0242 15.7386 0.52 0.0242 16.2802 0.52 0.0242 16.8373 0.52
0.0242 17.4104 0.52 0.0242 18 0.52 0.0242 7.58321 0.56 0.0242
7.28423 0.56 0.0242 7.89076 0.56 0.0242 8.20715 0.56 0.0242 8.53261
0.56 0.0242 8.86741 0.56 0.0242 9.21182 0.56 0.0242 9.56611 0.56
0.0242 9.93057 0.56 0.0242 10.3055 0.56 0.0242 10.6912 0.56 0.0242
11.0879 0.56 0.0242 11.496 0.56 0.0242 11.9159 0.56 0.0242 12.3478
0.56 0.0242 12.792 0.56 0.0242 13.2491 0.56 0.0242 13.7192 0.56
0.0242 14.2028 0.56 0.0242 14.7004 0.56 0.0242 15.2121 0.56 0.0242
15.7386 0.56 0.0242 16.2802 0.56 0.0242 16.8373 0.56 0.0242 17.4104
0.56 0.0242 18 0.56 0.0242 7.58321 0.6 0.0242 7.28423 0.6
0.0242 7.89076 0.6 0.0242 8.20715 0.6 0.0242 8.53261 0.6 0.0242
8.86741 0.6 0.0242 9.21182 0.6 0.0242 9.56611 0.6 0.0242 9.93057
0.6 0.0242 10.3055 0.6 0.0242 10.6912 0.6 0.0242 11.0879 0.6
0.0242 11.496 0.6 0.0242 11.9159 0.6 0.0242 12.3478 0.6 0.0242
12.792 0.6 0.0242 13.2491 0.6 0.0242 13.7192 0.6 0.0242 14.2028
0.6 0.0242 14.7004 0.6 0.0242 15.2121 0.6 0.0242 15.7386 0.6
0.0242 16.2802 0.6 0.0242 16.8373 0.6 0.0242 17.4104 0.6 0.0242
18 0.6 0.0242 7.58321 0.64 0.0242 7.28423 0.64 0.0242 7.89076
0.64 0.0242 8.20715 0.64 0.0242 8.53261 0.64 0.0242 8.86741 0.64
0.0242 9.21182 0.64 0.0242 9.56611 0.64 0.0242 9.93057 0.64 0.0242
10.3055 0.64 0.0242 10.6912 0.64 0.0242 11.0879 0.64 0.0242 11.496
0.64 0.0242 11.9159 0.64 0.0242 12.3478 0.64 0.0242 12.792 0.64
0.0242 13.2491 0.64 0.0242 13.7192 0.64 0.0242 14.2028 0.64 0.0242
14.7004 0.64 0.0242 15.2121 0.64 0.0242 15.7386 0.64 0.0242 16.2802
0.64 0.0242 16.8373 0.64 0.0242 17.4104 0.64 0.0242 18 0.64
0.0242 7.58321 0.68 0.0242 7.28423 0.68 0.0242 7.89076 0.68 0.0242
8.20715 0.68 0.0242 8.53261 0.68 0.0242 8.86741 0.68 0.0242 9.21182
0.68 0.0242 9.56611 0.68 0.0242 9.93057 0.68 0.0242 10.3055 0.68
0.0242 10.6912 0.68 0.0242 11.0879 0.68 0.0242 11.496 0.68 0.0242
11.9159 0.68 0.0242 12.3478 0.68 0.0242 12.792 0.68 0.0242 13.2491
0.68 0.0242 13.7192 0.68 0.0242 14.2028 0.68 0.0242 14.7004 0.68
0.0242 15.2121 0.68 0.0242 15.7386 0.68 0.0242 16.2802 0.68 0.0242
16.8373 0.68 0.0242 17.4104 0.68 0.0242 18 0.68 0.0242 7.58321
0.72 0.0242 7.28423 0.72 0.0242 7.89076 0.72 0.0242 8.20715 0.72
0.0242 8.53261 0.72 0.0242 8.86741 0.72 0.0242 9.21182 0.72 0.0242
9.56611 0.72 0.0242 9.93057 0.72 0.0242 10.3055 0.72 0.0242 10.6912
0.72 0.0242 11.0879 0.72 0.0242 11.496 0.72 0.0242 11.9159 0.72
0.0242 12.3478 0.72 0.0242 12.792 0.72 0.0242 13.2491 0.72 0.0242
13.7192 0.72 0.0242 14.2028 0.72 0.0242 14.7004 0.72 0.0242 15.2121
0.72 0.0242 15.7386 0.72 0.0242 16.2802 0.72 0.0242 16.8373 0.72
0.0242 17.4104 0.72 0.0242 18 0.72 0.0242 7.58321 0.76 0.0242
7.28423 0.76 0.0242 7.89076 0.76 0.0242 8.20715 0.76 0.0242 8.53261
0.76 0.0242 8.86741 0.76 0.0242 9.21182 0.76 0.0242 9.56611 0.76
0.0242 9.93057 0.76 0.0242 10.3055 0.76 0.0242 10.6912 0.76 0.0242
11.0879 0.76 0.0242 11.496 0.76 0.0242 11.9159 0.76 0.0242 12.3478
0.76 0.0242 12.792 0.76 0.0242 13.2491 0.76 0.0242 13.7192 0.76
0.0242 14.2028 0.76 0.0242 14.7004 0.76 0.0242 15.2121 0.76 0.0242
15.7386 0.76 0.0242 16.2802 0.76 0.0242 16.8373 0.76 0.0242 17.4104
0.76 0.0242 18 0.76 0.0242 7.58321 0.8 0.0242 7.28423 0.8
0.0242 7.89076 0.8 0.0242 8.20715 0.8 0.0242 8.53261 0.8 0.0242
8.86741 0.8 0.0242 9.21182 0.8 0.0242 9.56611 0.8 0.0242 9.93057
0.8 0.0242 10.3055 0.8 0.0242 10.6912 0.8 0.0242 11.0879 0.8
0.0242 11.496 0.8 0.0242 11.9159 0.8 0.0242 12.3478 0.8 0.0242
12.792 0.8 0.0242 13.2491 0.8 0.0242 13.7192 0.8 0.0242 14.2028
0.8 0.0242 14.7004 0.8 0.0242 15.2121 0.8 0.0242 15.7386 0.8
0.0242 16.2802 0.8 0.0242 16.8373 0.8 0.0242 17.4104 0.8 0.0242
18 0.8 0.0242 7.58321 0.84 0.0242 7.28423 0.84 0.0242 7.89076
0.84 0.0242 8.20715 0.84 0.0242 8.53261 0.84 0.0242 8.86741 0.84
0.0242 9.21182 0.84 0.0242 9.56611 0.84 0.0242 9.93057 0.84 0.0242
10.3055 0.84 0.0242 10.6912 0.84 0.0242 11.0879 0.84 0.0242 11.496
0.84 0.0242 11.9159 0.84 0.0242 12.3478 0.84 0.0242 12.792 0.84
0.0242 13.2491 0.84 0.0242 13.7192 0.84 0.0242 14.2028 0.84 0.0242
14.7004 0.84 0.0242 15.2121 0.84 0.0242 15.7386 0.84 0.0242 16.2802
0.84 0.0242 16.8373 0.84 0.0242 17.4104 0.84 0.0242 18 0.84
0.0242 7.58321 0.88 0.0242 7.28423 0.88 0.0242 7.89076 0.88 0.0242
8.20715 0.88 0.0242 8.53261 0.88 0.0242 8.86741 0.88 0.0242 9.21182
0.88 0.0242 9.56611 0.88 0.0242 9.93057 0.88 0.0242 10.3055 0.88
0.0242 10.6912 0.88 0.0242 11.0879 0.88 0.0242 11.496 0.88 0.0242
11.9159 0.88 0.0242 12.3478 0.88 0.0242 12.792 0.88 0.0242 13.2491
0.88 0.0242 13.7192 0.88 0.0242 14.2028 0.88 0.0242 14.7004 0.88
0.0242 15.2121 0.88 0.0242 15.7386 0.88 0.0242 16.2802 0.88 0.0242
16.8373 0.88 0.0242 17.4104 0.88 0.0242 18 0.88 0.0242 7.58321
0.92 0.0242 7.28423 0.92 0.0242 7.89076 0.92 0.0242 8.20715 0.92
0.0242 8.53261 0.92 0.0242 8.86741 0.92 0.0242 9.21182 0.92 0.0242
9.56611 0.92 0.0242 9.93057 0.92 0.0242 10.3055 0.92 0.0242 10.6912
0.92 0.0242 11.0879 0.92 0.0242 11.496 0.92 0.0242 11.9159 0.92
0.0242 12.3478 0.92 0.0242 12.792 0.92 0.0242 13.2491 0.92 0.0242
13.7192 0.92 0.0242 14.2028 0.92 0.0242 14.7004 0.92 0.0242 15.2121
0.92 0.0242 15.7386 0.92 0.0242 16.2802 0.92 0.0242 16.8373 0.92
0.0242 17.4104 0.92 0.0242 18 0.92 0.0242 7.58321 0.96 0.0242
7.28423 0.96 0.0242 7.89076 0.96 0.0242 8.20715 0.96 0.0242 8.53261
0.96 0.0242 8.86741 0.96 0.0242 9.21182 0.96 0.0242 9.56611 0.96
0.0242 9.93057 0.96 0.0242 10.3055 0.96 0.0242 10.6912 0.96 0.0242
11.0879 0.96 0.0242 11.496 0.96 0.0242 11.9159 0.96 0.0242 12.3478
0.96 0.0242 12.792 0.96 0.0242 13.2491 0.96 0.0242 13.7192 0.96
0.0242 14.2028 0.96 0.0242 14.7004 0.96 0.0242 15.2121 0.96 0.0242
15.7386 0.96 0.0242 16.2802 0.96 0.0242 16.8373 0.96 0.0242 17.4104
0.96 0.0242 18 0.96 0.0242 7.58321 1 0.0242 7.28423 1
0.0242 7.89076 1 0.0242 8.20715 1 0.0242 8.53261 1 0.0242
8.86741 1 0.0242 9.21182 1 0.0242 9.56611 1 0.0242 9.93057
1 0.0242 10.3055 1 0.0242 10.6912 1 0.0242 11.0879 1
0.0242 11.496 1 0.0242 11.9159 1 0.0242 12.3478 1 0.0242
12.792 1 0.0242 13.2491 1 0.0242 13.7192 1 0.0242 14.2028
1 0.0242 14.7004 1 0.0242 15.2121 1 0.0242 15.7386 1
0.0242 16.2802 1 0.0242 16.8373 1 0.0242 17.4104 1 0.0242
18 1 0.0242 6.99359 0.04 0.0242 6.71106 0.04 0.0242 6.71106
0 0.0242 6.99359 0 0.0242 6.99359 0.08 0.0242 6.71106 0.08
0.0242 6.99359 0.12 0.0242 6.71106 0.12 0.0242 6.99359 0.16 0.0242
6.71106 0.16 0.0242 6.99359 0.2 0.0242 6.71106 0.2 0.0242 6.99359
0.24 0.0242 6.71106 0.24 0.0242 6.99359 0.28 0.0242 6.71106 0.28
0.0242 6.99359 0.32 0.0242 6.71106 0.32 0.0242 6.99359 0.36 0.0242
6.71106 0.36 0.0242 6.99359 0.4 0.0242 6.71106 0.4 0.0242 6.99359
0.44 0.0242 6.71106 0.44 0.0242 6.99359 0.48 0.0242 6.71106 0.48
0.0242 6.99359 0.52 0.0242 6.71106 0.52 0.0242 6.99359 0.56 0.0242
6.71106 0.56 0.0242 6.99359 0.6 0.0242 6.71106 0.6 0.0242 6.99359
0.64 0.0242 6.71106 0.64 0.0242 6.99359 0.68 0.0242 6.71106 0.68
0.0242 6.99359 0.72 0.0242 6.71106 0.72 0.0242 6.99359 0.76 0.0242
6.71106 0.76 0.0242 6.99359 0.8 0.0242 6.71106 0.8 0.0242 6.99359
0.84 0.0242 6.71106 0.84 0.0242 6.99359 0.88 0.0242 6.71106 0.88
0.0242 6.99359 0.92 0.0242 6.71106 0.92 0.0242 6.99359 0.96 0.0242
6.71106 0.96 0.0242 6.99359 1 0.0242 6.71106 1 0.0242 2.95186
0.04 0.0242 2.78208 0.04 0.0242 2.78208 0 0.0242 2.95186 0
0.0242 3.12652 0.04 0.0242 3.12652 -0 0.0242 3.30619 0.04 0.0242
3.30619 -0 0.0242 3.49101 0.04 0.0242 3.49101 -0 0.0242 3.68114
0.04 0.0242 3.68114 -0 0.0242 3.87672 0.04 0.0242 3.87672 -0
0.0242 4.07792 0.04 0.0242 4.07792 -0 0.0242 4.28489 0.04 0.0242
4.28489 -0 0.0242 4.4978 0.04 0.0242 4.4978 -0 0.0242 4.71682
0.04 0.0242 4.71682 -0 0.0242 4.94213 0.04 0.0242 4.94213 -0
0.0242 5.1739 0.04 0.0242 5.1739 0 0.0242 5.41232 0.04 0.0242
5.41232 0 0.0242 5.65758 0.04 0.0242 5.65758 0 0.0242 5.90988
0.04 0.0242 5.90988 0 0.0242 6.16942 0.04 0.0242 6.16942 0
0.0242 6.43641 0.04 0.0242 6.43641 0 0.0242 2.95186 0.08 0.0242
2.78208 0.0799999 0.0242 3.12652 0.08 0.0242 3.30619 0.08 0.0242 3.49101
0.08 0.0242 3.68114 0.08 0.0242 3.87672 0.08 0.0242 4.07792 0.08
0.0242 4.28489 0.08 0.0242 4.4978 0.08 0.0242 4.71682 0.08 0.0242
4.94213 0.08 0.0242 5.1739 0.08 0.0242 5.41232 0.08 0.0242 5.65758
0.08 0.0242 5.90988 0.08 0.0242 6.16942 0.08 0.0242 6.43641 0.08
0.0242 2.95186 0.12 0.0242 2.78207 0.12 0.0242 3.12652 0.12 0.0242
3.30619 0.12 0.0242 3.49101 0.12 0.0242 3.68114 0.12 0.0242 3.87672
0.12 0.0242 4.07792 0.12 0.0242 4.28489 0.12 0.0242 4.4978 0.12
0.0242 4.71682 0.12 0.0242 4.94213 0.12 0.0242 5.1739 0.12 0.0242
5.41232 0.12 0.0242 5.65758 0.12 0.0242 5.90988 0.12 0.0242 6.16942
0.12 0.0242 6.43641 0.12 0.0242 2.95186 0.16 0.0242 2.78207 0.16
0.0242 3.12652 0.16 0.0242 3.30619 0.16 0.0242 3.49101 0.16 0.0242
3.68114 0.16 0.0242 3.87672 0.16 0.0242 4.07792 0.16 0.0242 4.28489
0.16 0.0242 4.4978 0.16 0.0242 4.71682 0.16 0.0242 4.94213 0.16
0.0242 5.1739 0.16 0.0242 5.41232 0.16 0.0242 5.65758 0.16 0.0242
5.90988 0.16 0.0242 6.16942 0.16 0.0242 6.43641 0.16 0.0242 3.12652
0.2 0.0242 2.95186 0.2 0.0242 3.30619 0.2 0.0242 3.49101 0.2
0.0242 3.68114 0.2 0.0242 3.87672 0.2 0.0242 4.07792 0.2 0.0242
4.28489 0.2 0.0242 4.4978 0.2 0.0242 4.71682 0.2 0.0242 4.94213
0.2 0.0242 5.1739 0.2 0.0242 5.41232 0.2 0.0242 5.65758 0.2
0.0242 5.90988 0.2 0.0242 6.16942 0.2 0.0242 6.43641 0.2 0.0242
3.12652 0.24 0.0242 2.95186 0.24 0.0242 3.30619 0.24 0.0242 3.49101
0.24 0.0242 3.68114 0.24 0.0242 3.87672 0.24 0.0242 4.07792 0.24
0.0242 4.28489 0.24 0.0242 4.4978 0.24 0.0242 4.71682 0.24 0.0242
4.94213 0.24 0.0242 5.1739 0.24 0.0242 5.41232 0.24 0.0242 5.65758
0.24 0.0242 5.90988 0.24 0.0242 6.16942 0.24 0.0242 6.43641 0.24
0.0242 3.12652 0.28 0.0242 2.95186 0.28 0.0242 3.30619 0.28 0.0242
3.49101 0.28 0.0242 3.68114 0.28 0.0242 3.87672 0.28 0.0242 4.07792
0.28 0.0242 4.28489 0.28 0.0242 4.4978 0.28 0.0242 4.71682 0.28
0.0242 4.94213 0.28 0.0242 5.1739 0.28 0.0242 5.41232 0.28 0.0242
5.65758 0.28 0.0242 5.90988 0.28 0.0242 6.16942 0.28 0.0242 6.43641
0.28 0.0242 3.12652 0.32 0.0242 2.95186 0.32 0.0242 3.30619 0.32
0.0242 3.49101 0.32 0.0242 3.68114 0.32 0.0242 3.87672 0.32 0.0242
4.07792 0.32 0.0242 4.28489 0.32 0.0242 4.4978 0.32 0.0242 4.71682
0.32 0.0242 4.94213 0.32 0.0242 5.1739 0.32 0.0242 5.41232 0.32
0.0242 5.65758 0.32 0.0242 5.90988 0.32 0.0242 6.16942 0.32 0.0242
6.43641 0.32 0.0242 3.12652 0.36 0.0242 2.95186 0.36 0.0242 3.30619
0.36 0.0242 3.49101 0.36 0.0242 3.68114 0.36 0.0242 3.87672 0.36
0.0242 4.07792 0.36 0.0242 4.28489 0.36 0.0242 4.4978 0.36 0.0242
4.71682 0.36 0.0242 4.94213 0.36 0.0242 5.1739 0.36 0.0242 5.41232
0.36 0.0242 5.65758 0.36 0.0242 5.90988 0.36 0.0242 6.16942 0.36
0.0242 6.43641 0.36 0.0242 3.12652 0.4 0.0242 2.95186 0.4 0.0242
3.30619 0.4 0.0242 3.49101 0.4 0.0242 3.68114 0.4 0.0242 3.87672
0.4 0.0242 4.07792 0.4 0.0242 4.28489 0.4 0.0242 4.4978 0.4
0.0242 4.71682 0.4 0.0242 4.94213 0.4 0.0242 5.1739 0.4 0.0242
5.41232 0.4 0.0242 5.65758 0.4 0.0242 5.90988 0.4 0.0242 6.16942
0.4 0.0242 6.43641 0.4 0.0242 3.12652 0.44 0.0242 2.95186 0.44
0.0242 3.30619 0.44 0.0242 3.49101 0.44 0.0242 3.68114 0.44 0.0242
3.87672 0.44 0.0242 4.07792 0.44 0.0242 4.28489 0.44 0.0242 4.4978
0.44 0.0242 4.71682 0.44 0.0242 4.94213 0.44 0.0242 5.1739 0.44
0.0242 5.41232 0.44 0.0242 5.65758 0.44 0.0242 5.90988 0.44 0.0242
6.16942 0.44 0.0242 6.43641 0.44 0.0242 3.12652 0.48 0.0242 2.95186
0.48 0.0242 3.30619 0.48 0.0242 3.49101 0.48 0.0242 3.68114 0.48
0.0242 3.87672 0.48 0.0242 4.07792 0.48 0.0242 4.28489 0.48 0.0242
4.4978 0.48 0.0242 4.71682 0.48 0.0242 4.94213 0.48 0.0242 5.1739
0.48 0.0242 5.41232 0.48 0.0242 5.65758 0.48 0.0242 5.90988 0.48
0.0242 6.16942 0.48 0.0242 6.43641 0.48 0.0242 3.12652 0.52 0.0242
2.95186 0.52 0.0242 3.30619 0.52 0.0242 3.49101 0.52 0.0242 3.68114
0.52 0.0242 3.87672 0.52 0.0242 4.07792 0.52 0.0242 4.28489 0.52
0.0242 4.4978 0.52 0.0242 4.71682 0.52 0.0242 4.94213 0.52 0.0242
5.1739 0.52 0.0242 5.41232 0.52 0.0242 5.65758 0.52 0.0242 5.90988
0.52 0.0242 6.16942 0.52 0.0242 6.43641 0.52 0.0242 3.12652 0.56
0.0242 2.95186 0.56 0.0242 3.30619 0.56 0.0242 3.49101 0.56 0.0242
3.68114 0.56 0.0242 3.87672 0.56 0.0242 4.07792 0.56 0.0242 4.28489
0.56 0.0242 4.4978 0.56 0.0242 4.71682 0.56 0.0242 4.94213 0.56
0.0242 5.1739 0.56 0.0242 5.41232 0.56 0.0242 5.65758 0.56 0.0242
5.90988 0.56 0.0242 6.16942 0.56 0.0242 6.43641 0.56 0.0242 3.12652
0.6 0.0242 2.95186 0.6 0.0242 3.30619 0.6 0.0242 3.49101 0.6
0.0242 3.68114 0.6 0.0242 3.87672 0.6 0.0242 4.07792 0.6 0.0242
4.28489 0.6 0.0242 4.4978 0.6 0.0242 4.71682 0.6 0.0242 4.94213
0.6 0.0242 5.1739 0.6 0.0242 5.41232 0.6 0.0242 5.65758 0.6
0.0242 5.90988 0.6 0.0242 6.16942 0.6 0.0242 6.43641 0.6 0.0242
3.12652 0.64 0.0242 2.95186 0.64 0.0242 3.30619 0.64 0.0242 3.49101
0.64 0.0242 3.68114 0.64 0.0242 3.87672 0.64 0.0242 4.07792 0.64
0.0242 4.28489 0.64 0.0242 4.4978 0.64 0.0242 4.71682 0.64 0.0242
4.94213 0.64 0.0242 5.1739 0.64 0.0242 5.41232 0.64 0.0242 5.65758
0.64 0.0242 5.90988 0.64 0.0242 6.16942 0.64 0.0242 6.43641 0.64
0.0242 3.12652 0.68 0.0242 2.95186 0.68 0.0242 3.30619 0.68 0.0242
3.49101 0.68 0.0242 3.68114 0.68 0.0242 3.87672 0.68 0.0242 4.07792
0.68 0.0242 4.28489 0.68 0.0242 4.4978 0.68 0.0242 4.71682 0.68
0.0242 4.94213 0.68 0.0242 5.1739 0.68 0.0242 5.41232 0.68 0.0242
5.65758 0.68 0.0242 5.90988 0.68 0.0242 6.16942 0.68 0.0242 6.43641
0.68 0.0242 3.12652 0.72 0.0242 2.95186 0.72 0.0242 3.30619 0.72
0.0242 3.49101 0.72 0.0242 3.68114 0.72 0.0242 3.87672 0.72 0.0242
4.07792 0.72 0.0242 4.28489 0.72 0.0242 4.4978 0.72 0.0242 4.71682
0.72 0.0242 4.94213 0.72 0.0242 5.1739 0.72 0.0242 5.41232 0.72
0.0242 5.65758 0.72 0.0242 5.90988 0.72 0.0242 6.16942 0.72 0.0242
6.43641 0.72 0.0242 3.12652 0.76 0.0242 2.95186 0.76 0.0242 3.30619
0.76 0.0242 3.49101 0.76 0.0242 3.68114 0.76 0.0242 3.87672 0.76
0.0242 4.07792 0.76 0.0242 4.28489 0.76 0.0242 4.4978 0.76 0.0242
4.71682 0.76 0.0242 4.94213 0.76 0.0242 5.1739 0.76 0.0242 5.41232
0.76 0.0242 5.65758 0.76 0.0242 5.90988 0.76 0.0242 6.16942 0.76
0.0242 6.43641 0.76 0.0242 3.12652 0.8 0.0242 2.95186 0.8 0.0242
3.30619 0.8 0.0242 3.49101 0.8 0.0242 3.68114 0.8 0.0242 3.87672
0.8 0.0242 4.07792 0.8 0.0242 4.28489 0.8 0.0242 4.4978 0.8
0.0242 4.71682 0.8 0.0242 4.94213 0.8 0.0242 5.1739 0.8 0.0242
5.41232 0.8 0.0242 5.65758 0.8 0.0242 5.90988 0.8 0.0242 6.16942
0.8 0.0242 6.43641 0.8 0.0242 3.12652 0.84 0.0242 2.95186 0.84
0.0242 3.30619 0.84 0.0242 3.49101 0.84 0.0242 3.68114 0.84 0.0242
3.87672 0.84 0.0242 4.07792 0.84 0.0242 4.28489 0.84 0.0242 4.4978
0.84 0.0242 4.71682 0.84 0.0242 4.94213 0.84 0.0242 5.1739 0.84
0.0242 5.41232 0.84 0.0242 5.65758 0.84 0.0242 5.90988 0.84 0.0242
6.16942 0.84 0.0242 6.43641 0.84 0.0242 3.12652 0.88 0.0242 2.95186
0.88 0.0242 3.30619 0.88 0.0242 3.49101 0.88 0.0242 3.68114 0.88
0.0242 3.87672 0.88 0.0242 4.07792 0.88 0.0242 4.28489 0.88 0.0242
4.4978 0.88 0.0242 4.71682 0.88 0.0242 4.94213 0.88 0.0242 5.1739
0.88 0.0242 5.41232 0.88 0.0242 5.65758 0.88 0.0242 5.90988 0.88
0.0242 6.16942 0.88 0.0242 6.43641 0.88 0.0242 3.12652 0.92 0.0242
2.95186 0.92 0.0242 3.30619 0.92 0.0242 3.49101 0.92 0.0242 3.68114
0.92 0.0242 3.87672 0.92 0.0242 4.07792 0.92 0.0242 4.28489 0.92
0.0242 4.4978 0.92 0.0242 4.71682 0.92 0.0242 4.94213 0.92 0.0242
5.1739 0.92 0.0242 5.41232 0.92 0.0242 5.65758 0.92 0.0242 5.90988
0.92 0.0242 6.16942 0.92 0.0242 6.43641 0.92 0.0242 3.12652 0.96
0.0242 2.95186 0.96 0.0242 3.30619 0.96 0.0242 3.49101 0.96 0.0242
3.68114 0.96 0.0242 3.87672 0.96 0.0242 4.07792 0.96 0.0242 4.28489
0.96 0.0242 4.4978 0.96 0.0242 4.71682 0.96 0.0242 4.94213 0.96
0.0242 5.1739 0.96 0.0242 5.41232 0.96 0.0242 5.65758 0.96 0.0242
5.90988 0.96 0.0242 6.16942 0.96 0.0242 6.43641 0.96 0.0242 3.12652
1 0.0242 2.95186 1 0.0242 3.30619 1 0.0242 3.49101 1
0.0242 3.68114 1 0.0242 3.87672 1 0.0242 4.07792 1 0.0242
4.28489 1 0.0242 4.4978 1 0.0242 4.71682 1 0.0242 4.94213
1 0.0242 5.1739 1 0.0242 5.41232 1 0.0242 5.65758 1
0.0242 5.90988 1 0.0242 6.16942 1 0.0242 6.43641 1 0.0242
2.61703 0.0399998 0.0242 2.61703 0 0.0242 2.61703 0.0799998 0.0242 2.61703
0.12 0.0242 2.61703 0.16 0.0242 2.61703 0.2 0.0242 2.78207 0.2
0.0242 2.61703 0.24 0.0242 2.78207 0.24 0.0242 2.61703 0.28 0.0242
2.78207 0.28 0.0242 2.61703 0.32 0.0242 2.78207 0.32 0.0242 2.61703
0.36 0.0242 2.78207 0.36 0.0242 2.61703 0.399999 0.0242 2.78207 0.4
0.0242 2.61703 0.44 0.0242 2.78207 0.44 0.0242 2.61703 0.48 0.0242
2.78207 0.48 0.0242 2.61703 0.52 0.0242 2.78207 0.52 0.0242 2.61703
0.56 0.0242 2.78207 0.56 0.0242 2.61703 0.600001 0.0242 2.78207 0.6
0.0242 2.61703 0.64 0.0242 2.78207 0.64 0.0242 2.61703 0.68 0.0242
2.78207 0.68 0.0242 2.78207 0.72 0.0242 2.78207 0.76 0.0242 2.78207
0.8 0.0242 2.78208 0.84 0.0242 2.78208 0.88 0.0242 2.78208 0.92
0.0242 2.78208 0.96 0.0242 2.78208 1 0.0242 
POLYGONS 3769 19411
4 0 1 2 3 4 4 0 3 5 4
6 4 5 7 4 8 6 7 9 4
10 8 9 11 4 12 10 11 13 4
14 12 13 15 4 16 14 15 17 4
18 16 17 19 4 20 18 19 21 4
22 20 21 23 4 24 22 23 25 4
26 24 25 27 4 28 26 27 29 4
30 28 29 31 4 32 30 31 33 4
34 32 33 35 4 36 34 35 37 6
38 39 40 36 37 41 4 42 38 41
43 4 44 45 46 47 4 48 49 50
51 4 52 53 54 55 4 56 57 58
59 4 60 61 1 0 4 62 60 0
4 4 63 62 4 6 4 64 63 6
8 4 65 64 8 10 4 66 65 10
12 4 67 66 12 14 4 68 67 14
16 4 69 68 16 18 4 70 69 18
20 4 71 70 20 22 4 72 71 22
24 4 73 72 24 26 4 74 73 26
28 4 75 74 28 30 4 76 75 30
32 4 77 76 32 34 5 78 79 77
34 36 4 80 78 36 40 4 81 82
83 39 4 84 85 86 87 4 88 89
90 91 4 92 93 94 95 4 96 97
98 99 4 100 101 61 60 4 102 100
60 62 4 103 102 62 63 4 104 103
63 64 4 105 104 64 65 4 106 105
65 66 4 107 106 66 67 4 108 107
67 68 4 109 108 68 69 4 110 109
69 70 4 111 110 70 71 4 112 111
71 72 4 113 112 72 73 4 114 113
73 74 4 115 114 74 75 4 116 115
75 76 4 117 116 76 77 5 118 119
117 77 79 4 120 121 118 79 4 122
123 124 125 4 126 127 101 100 4 128
126 100 102 4 129 128 102 103 4 130
129 103 104 4 131 130 104 105 4 132
131 105 106 4 133 132 106 107 4 134
133 107 108 4 135 134 108 109 4 136
135 109 110 4 137 136 110 111 4 138
137 111 112 4 139 138 112 113 4 140
139 113 114 4 141 140 114 115 4 142
141 115 116 4 143 142 116 117 5 144
145 143 117 119 4 146 147 144 119 4
148 149 150 151 4 152 153 127 126 4
154 152 126 128 4 155 154 128 129 4
156 155 129 130 4 157 156 130 131 4
158 157 131 132 4 159 158 132 133 4
160 159 133 134 4 161 160 134 135 4
162 161 135 136 4 163 162 136 137 4
164 163 137 138 4 165 164 138 139 4
166 165 139 140 4 167 166 140 141 4
168 167 141 142 4 169 168 142 143 5
170 171 169 143 145 4 172 173 170 145
4 174 175 176 177 4 178 179 153 152
4 180 178 152 154 4 181 180 154 155
4 182 181 155 156 4 183 182 156 157
4 184 183 157 158 4 185 184 158 159
4 186 185 159 160 4 187 186 160 161
4 188 187 161 162 4 189 188 162 163
4 190 189 163 164 4 191 190 164 165
4 192 191 165 166 4 193 192 166 167
4 194 193 167 168 4 195 194 168 169
5 196 197 195 169 171 4 198 199 196
171 4 200 201 202 203 4 204 205 179
178 4 206 204 178 180 4 207 206 180
181 4 208 207 181 182 4 209 208 182
183 4 210 209 183 184 4 211 210 184
185 4 212 211 185 186 4 213 212 186
187 4 214 213 187 188 4 215 214 188
189 4 216 215 189 190 4 217 216 190
191 4 218 217 191 192 4 219 218 192
193 4 220 219 193 194 4 221 220 194
195 4 222 221 195 197 5 223 222 197
224 225 5 226 223 225 227 228 5 229
226 228 230 231 5 232 229 231 233 234
5 232 234 235 236 237 4 238 239 205
204 4 240 238 204 206 4 241 240 206
207 4 242 241 207 208 4 243 242 208
209 4 244 243 209 210 4 245 244 210
211 4 246 245 211 212 4 247 246 212
213 4 248 247 213 214 4 249 248 214
215 4 250 249 215 216 4 251 250 216
217 4 252 251 217 218 4 253 252 218
219 4 254 253 219 220 4 255 254 220
221 4 256 255 221 222 4 257 256 222
223 4 258 257 223 226 4 259 258 226
229 4 260 259 229 232 4 260 232 237
261 4 262 263 239 238 4 264 262 238
240 4 265 264 240 241 4 266 265 241
242 4 267 266 242 243 4 268 267 243
244 4 269 268 244 245 4 270 269 245
246 4 271 270 246 247 4 272 271 247
248 4 273 272 248 249 4 274 273 249
250 4 275 274 250 251 4 276 275 251
252 4 277 276 252 253 4 278 277 253
254 4 279 278 254 255 4 280 279 255
256 4 281 280 256 257 5 282 283 281
257 258 5 284 285 282 258 259 5 286
287 284 259 260 5 286 260 261 288 289
4 290 291 263 262 4 292 290 262 264
4 293 292 264 265 4 294 293 265 266
4 295 294 266 267 4 296 295 267 268
4 297 296 268 269 4 298 297 269 270
4 299 298 270 271 4 300 299 271 272
4 301 300 272 273 4 302 301 273 274
4 303 302 274 275 4 304 303 275 276
4 305 304 276 277 4 306 305 277 278
4 307 306 278 279 4 308 307 279 280
6 309 310 311 308 280 281 4 312 309
281 283 4 282 285 313 314 4 284 287
315 316 4 286 289 317 318 4 288 319
320 321 4 322 323 291 290 4 324 322
290 292 4 325 324 292 293 4 326 325
293 294 4 327 326 294 295 4 328 327
295 296 4 329 328 296 297 4 330 329
297 298 4 331 330 298 299 4 332 331
299 300 4 333 332 300 301 4 334 333
301 302 4 335 334 302 303 4 336 335
303 304 4 337 336 304 305 4 338 337
305 306 4 339 338 306 307 5 340 341
339 307 308 4 342 340 308 311 4 343
344 345 310 4 346 347 348 349 4 350
351 352 353 4 354 355 356 357 4 358
359 360 361 4 362 363 323 322 4 364
362 322 324 4 365 364 324 325 4 366
365 325 326 4 367 366 326 327 4 368
367 327 328 4 369 368 328 329 4 370
369 329 330 4 371 370 330 331 4 372
371 331 332 4 373 372 332 333 4 374
373 333 334 4 375 374 334 335 4 376
375 335 336 4 377 376 336 337 4 378
377 337 338 4 379 378 338 339 5 380
381 379 339 341 4 382 383 380 341 4
384 385 386 387 4 388 389 363 362 4
390 388 362 364 4 391 390 364 365 4
392 391 365 366 4 393 392 366 367 4
394 393 367 368 4 395 394 368 369 4
396 395 369 370 4 397 396 370 371 4
398 397 371 372 4 399 398 372 373 4
400 399 373 374 4 401 400 374 375 4
402 401 375 376 4 403 402 376 377 4
404 403 377 378 4 405 404 378 379 5
406 407 405 379 381 4 408 409 406 381
4 410 411 412 413 4 414 415 389 388
4 416 414 388 390 4 417 416 390 391
4 418 417 391 392 4 419 418 392 393
4 420 419 393 394 4 421 420 394 395
4 422 421 395 396 4 423 422 396 397
4 424 423 397 398 4 425 424 398 399
4 426 425 399 400 4 427 426 400 401
4 428 427 401 402 4 429 428 402 403
4 430 429 403 404 4 431 430 404 405
5 432 433 431 405 407 4 434 435 432
407 4 436 437 438 439 4 440 441 415
414 4 442 440 414 416 4 443 442 416
417 4 444 443 417 418 4 445 444 418
419 4 446 445 419 420 4 447 446 420
421 4 448 447 421 422 4 449 448 422
423 4 450 449 423 424 4 451 450 424
425 4 452 451 425 426 4 453 452 426
427 4 454 453 427 428 4 455 454 428
429 4 456 455 429 430 4 457 456 430
431 5 458 459 457 431 433 4 460 461
458 433 4 462 463 464 465 4 466 467
441 440 4 468 466 440 442 4 469 468
442 443 4 470 469 443 444 4 471 470
444 445 4 472 471 445 446 4 473 472
446 447 4 474 473 447 448 4 475 474
448 449 4 476 475 449 450 4 477 476
450 451 4 478 477 451 452 4 479 478
452 453 4 480 479 453 454 4 481 480
454 455 4 482 481 455 456 4 483 482
456 457 4 484 483 457 459 6 485 486
484 459 487 488 5 489 490 491 485 488
5 492 493 494 495 496 5 497 498 499
500 501 5 502 503 504 505 506 5 507
508 509 510 511 4 512 513 467 466 4
514 512 466 468 4 515 514 468 469 4
516 515 469 470 4 517 516 470 471 4
518 517 471 472 4 519 518 472 473 4
520 519 473 474 4 521 520 474 475 4
522 521 475 476 4 523 522 476 477 4
524 523 477 478 4 525 524 478 479 4
526 525 479 480 4 527 526 480 481 4
528 527 481 482 4 529 528 482 483 4
530 529 483 484 4 531 530 484 486 5
532 531 486 533 534 5 535 532 534 536
537 5 538 535 537 539 540 5 538 540
541 542 543 4 544 545 513 512 4 546
544 512 514 4 547 546 514 515 4 548
547 515 516 4 549 548 516 517 4 550
549 517 518 4 551 550 518 519 4 552
551 519 520 4 553 552 520 521 4 554
553 521 522 4 555 554 522 523 4 556
555 523 524 4 557 556 524 525 4 558
557 525 526 4 559 558 526 527 4 560
559 527 528 4 561 560 528 529 4 562
561 529 530 4 563 562 530 531 4 564
563 531 532 4 565 564 532 535 4 566
565 535 538 4 566 538 543 567 4 568
569 545 544 4 570 568 544 546 4 571
570 546 547 4 572 571 547 548 4 573
572 548 549 4 574 573 549 550 4 575
574 550 551 4 576 575 551 552 4 577
576 552 553 4 578 577 553 554 4 579
578 554 555 4 580 579 555 556 4 581
580 556 557 4 582 581 557 558 4 583
582 558 559 4 584 583 559 560 4 585
584 560 561 4 586 585 561 562 5 587
588 586 562 563 5 589 590 587 563 564
5 591 592 589 564 565 5 593 594 591
565 566 5 593 566 567 595 596 4 597
598 569 568 4 599 597 568 570 4 600
599 570 571 4 601 600 571 572 4 602
601 572 573 4 603 602 573 574 4 604
603 574 575 4 605 604 575 576 4 606
605 576 577 4 607 606 577 578 4 608
607 578 579 4 609 608 579 580 4 610
609 580 581 4 611 610 581 582 4 612
611 582 583 4 613 612 583 584 4 614
613 584 585 5 615 616 614 585 586 4
617 615 586 588 5 618 619 620 587 590
5 589 592 621 622 623 5 591 594 624
625 626 5 593 596 627 628 629 5 595
630 631 632 633 4 634 635 598 597 4
636 634 597 599 4 637 636 599 600 4
638 637 600 601 4 639 638 601 602 4
640 639 602 603 4 641 640 603 604 4
642 641 604 605 4 643 642 605 606 4
644 643 606 607 4 645 644 607 608 4
646 645 608 609 4 647 646 609 610 4
648 647 610 611 4 649 648 611 612 4
650 649 612 613 4 651 650 613 614 5
652 653 651 614 616 4 654 652 616 655
4 656 657 658 659 4 660 661 635 634
4 662 660 634 636 4 663 662 636 637
4 664 663 637 638 4 665 664 638 639
4 666 665 639 640 4 667 666 640 641
4 668 667 641 642 4 669 668 642 643
4 670 669 643 644 4 671 670 644 645
4 672 671 645 646 4 673 672 646 647
4 674 673 647 648 4 675 674 648 649
4 676 675 649 650 4 677 676 650 651
5 678 679 677 651 653 4 680 681 678
653 4 682 683 684 685 4 686 687 661
660 4 688 686 660 662 4 689 688 662
663 4 690 689 663 664 4 691 690 664
665 4 692 691 665 666 4 693 692 666
667 4 694 693 667 668 4 695 694 668
669 4 696 695 669 670 4 697 696 670
671 4 698 697 671 672 4 699 698 672
673 4 700 699 673 674 4 701 700 674
675 4 702 701 675 676 4 703 702 676
677 5 704 705 703 677 679 4 706 707
704 679 4 708 709 710 711 4 712 713
687 686 4 714 712 686 688 4 715 714
688 689 4 716 715 689 690 4 717 716
690 691 4 718 717 691 692 4 719 718
692 693 4 720 719 693 694 4 721 720
694 695 4 722 721 695 696 4 723 722
696 697 4 724 723 697 698 4 725 724
698 699 4 726 725 699 700 4 727 726
700 701 4 728 727 701 702 4 729 728
702 703 5 730 731 729 703 705 4 732
733 730 705 4 734 735 736 737 4 738
739 713 712 4 740 738 712 714 4 741
740 714 715 4 742 741 715 716 4 743
742 716 717 4 744 743 717 718 4 745
744 718 719 4 746 745 719 720 4 747
746 720 721 4 748 747 721 722 4 749
748 722 723 4 750 749 723 724 4 751
750 724 725 4 752 751 725 726 4 753
752 726 727 4 754 753 727 728 4 755
754 728 729 4 756 755 729 731 6 757
758 756 731 759 760 5 761 762 763 757
760 5 764 765 766 767 768 5 769 770
771 772 773 5 774 775 776 777 778 5
779 780 781 782 783 4 84 87 784 785
4 786 787 122 125 4 88 91 788 789
4 92 95 790 791 4 96 99 792 793
4 794 795 148 151 4 796 797 174 177
4 798 799 200 203 5 227 225 800 801
802 5 228 227 802 803 804 5 230 228
804 805 806 5 231 230 806 807 808 5
233 231 808 809 810 5 234 233 810 811
812 5 235 234 812 813 814 5 236 235
814 815 816 5 817 818 819 236 816 4
346 349 820 821 4 822 823 384 387 4
350 353 824 825 4 354 357 826 827 4
358 361 828 829 4 830 831 410 413 4
832 833 436 439 4 834 835 462 465 4
836 837 489 488 4 496 838 839 840 4
841 492 496 840 4 501 842 843 844 4
845 497 501 844 4 506 846 847 848 4
849 502 506 848 4 511 850 851 852 4
853 507 511 852 5 854 618 590 589 623
4 855 856 656 659 5 857 621 592 591
626 5 858 624 594 593 629 5 859 627
596 595 633 4 860 861 682 685 4 862
863 708 711 4 864 865 734 737 4 866
867 761 760 4 768 868 869 870 4 764
768 870 871 4 773 872 873 874 4 769
773 874 875 4 778 876 877 878 4 774
778 878 879 4 783 880 881 882 4 779
783 882 883 4 42 43 44 47 5 884
81 39 38 42 5 84 785 884 42 47
4 46 45 48 51 5 885 85 84 47
46 5 88 789 885 46 51 4 50 49
52 55 5 886 89 88 51 50 5 92
791 886 50 55 4 54 53 56 59 5
887 93 92 55 54 5 96 793 887 54
59 5 97 96 59 58 888 5 80 40
39 83 889 4 120 79 78 80 5 120
80 889 786 125 4 890 86 85 885 4
891 90 89 886 4 892 94 93 887 5
121 120 125 124 893 4 146 119 118 121
5 146 121 893 794 151 4 893 124 123
894 5 147 146 151 150 895 4 172 145
144 147 5 172 147 895 796 177 4 895
150 149 896 5 173 172 177 176 897 4
198 171 170 173 5 798 203 198 173 897
4 897 176 175 898 4 805 804 899 900
4 806 805 900 901 4 809 808 902 903
4 810 809 903 904 4 813 812 905 906
4 814 813 906 907 4 908 909 817 816
4 312 283 282 314 5 910 343 310 309
312 5 346 821 910 312 314 4 313 285
284 316 5 911 347 346 314 313 5 350
825 911 313 316 4 315 287 286 318 5
912 351 350 316 315 5 354 827 912 315
318 4 317 289 288 321 5 913 355 354
318 317 5 358 829 913 317 321 5 359
358 321 320 914 5 342 311 310 345 915
4 382 341 340 342 5 382 342 915 822
387 4 348 347 911 916 4 917 918 349
348 4 919 917 348 916 4 352 351 912
920 4 921 922 353 352 4 923 921 352
920 4 356 355 913 924 4 925 926 357
356 4 927 925 356 924 4 361 360 928
929 5 383 382 387 386 930 4 408 381
380 383 5 408 383 930 830 413 4 930
386 385 931 5 409 408 413 412 932 4
434 407 406 409 5 434 409 932 832 439
4 932 412 411 933 5 435 434 439 438
934 4 460 433 432 435 5 460 435 934
834 465 4 934 438 437 935 5 461 460
465 464 936 4 487 459 458 461 5 836
488 487 461 936 4 936 464 463 937 5
491 490 838 496 495 4 533 486 485 491
4 534 533 491 495 5 494 493 842 501
500 4 536 534 495 494 4 537 536 494
500 5 499 498 846 506 505 4 539 537
500 499 4 540 539 499 505 5 504 503
850 511 510 4 541 540 505 504 4 542
541 504 510 4 542 510 509 938 5 654
655 659 658 939 4 680 653 652 654 5
680 654 939 860 685 4 939 658 657 940
5 681 680 685 684 941 4 706 679 678
681 5 706 681 941 862 711 4 941 684
683 942 5 707 706 711 710 943 4 732
705 704 707 5 732 707 943 864 737 4
943 710 709 944 5 733 732 737 736 945
4 759 731 730 733 5 866 760 759 733
945 4 945 736 735 946 5 763 762 868
768 767 4 947 758 757 763 4 948 947
763 767 5 766 765 872 773 772 4 949
948 767 766 4 950 949 766 772 5 771
770 876 778 777 4 951 950 772 771 4
952 951 771 777 5 776 775 880 783 782
4 953 952 777 776 4 954 953 776 782
4 955 954 782 781 4 884 785 784 956
4 957 787 786 889 4 890 885 789 788
4 891 886 791 790 4 892 887 793 792
4 795 794 893 894 4 797 796 895 896
4 799 798 897 898 4 958 899 804 803
4 959 958 803 802 4 960 902 808 807
4 960 807 806 901 4 961 905 812 811
4 961 811 810 904 4 962 908 816 815
4 962 815 814 907 4 963 910 821 820
4 820 349 918 964 4 963 820 964 965
4 966 823 822 915 4 916 911 825 824
4 824 353 922 967 4 919 916 824 967
4 920 912 827 826 4 826 357 926 968
4 923 920 826 968 4 924 913 829 828
4 828 361 929 969 4 927 924 828 969
4 831 830 930 931 4 833 832 932 933
4 835 834 934 935 4 970 971 840 839
4 839 838 490 972 4 973 970 839 972
4 841 840 971 974 4 975 493 492 841
4 975 841 974 976 4 977 978 844 843
4 843 842 493 975 4 977 843 975 976
4 845 844 978 979 4 980 498 497 845
4 980 845 979 981 4 982 983 848 847
4 847 846 498 980 4 982 847 980 981
4 849 848 983 984 4 985 503 502 849
4 985 849 984 986 4 987 988 852 851
4 851 850 503 985 4 987 851 985 986
4 853 852 988 989 4 854 623 990 991
4 618 854 991 992 4 993 990 623 622
4 994 993 622 621 4 857 626 995 996
4 994 621 857 996 4 997 995 626 625
4 998 997 625 624 4 858 629 999 1000
4 998 624 858 1000 4 1001 999 629 628
4 1002 1001 628 627 4 859 633 1003 1004
4 1002 627 859 1004 4 1005 1003 633 632
4 861 860 939 940 4 863 862 941 942
4 865 864 943 944 4 1006 869 868 762
4 765 764 871 1007 4 873 872 765 1007
4 770 769 875 1008 4 877 876 770 1008
4 775 774 879 1009 4 881 880 775 1009
4 780 779 883 1010 4 82 81 884 956
4 957 889 83 82 5 199 198 203 202
800 4 224 197 196 199 4 224 199 800
225 4 801 800 202 201 4 959 802 801
201 4 344 343 910 963 4 966 915 345
344 4 966 344 963 965 4 617 588 587
620 4 655 616 615 617 5 855 659 655
617 620 4 837 836 936 937 4 972 490
489 837 4 973 972 837 937 4 856 855
620 619 4 856 619 618 992 4 867 866
945 946 4 1006 762 761 867 4 1011 508
507 853 4 1011 853 989 1012 4 1013 1005
632 631 5 237 236 819 1014 1015 4 261
237 1015 1016 5 1017 319 288 261 1016 5
543 542 938 1018 1019 4 567 543 1019 1020
5 1021 630 595 567 1020 4 1022 98 97
888 4 818 817 909 1023 4 360 359 914
1024 4 1025 928 360 1024 4 1026 1027 508
1011 4 1026 1011 1012 1028 4 1029 1030 1013
631 4 1031 780 1010 1032 4 1033 1034 1035
1036 4 1037 1033 1036 1038 4 1039 1037 1038
1040 6 1041 1042 1043 1039 1040 1044 4 1045
1041 1044 1046 4 1047 1048 1049 1050 4 1051
1052 1053 1054 4 1055 1056 1057 1058 4 1059
1060 1061 1062 5 1063 1064 1065 1034 1033 4
1066 1063 1033 1037 5 1067 1068 1066 1037 1039
4 1069 1067 1039 1043 6 1070 1071 1072 1073
1074 1042 4 1075 1076 1077 1078 4 1079 1080
1081 1082 4 1083 1084 1085 1086 4 1087 1088
1089 1090 4 1091 1092 1093 1094 5 1095 1096
1097 1064 1063 4 1098 1095 1063 1066 5 1099
1100 1098 1066 1068 4 1101 1102 1099 1068 4
1103 1104 1105 1106 4 1107 1108 1109 1110 5
1111 1112 1113 1096 1095 4 1114 1111 1095 1098
5 1115 1116 1114 1098 1100 4 1117 1118 1115
1100 4 1119 1120 1121 1122 4 1123 1124 1125
1126 5 1127 1128 1129 1112 1111 4 1130 1127
1111 1114 5 1131 1132 1130 1114 1116 4 1133
1134 1131 1116 4 1135 1136 1137 1138 4 1139
1140 1141 1142 5 1143 1144 1145 1128 1127 4
1146 1143 1127 1130 4 1147 1146 1130 1132 6
1148 1149 1147 1132 1150 1151 6 1152 1153 1154
1155 1148 1151 4 1156 1157 1158 1159 4 1160
1161 1144 1143 4 1162 1160 1143 1146 4 1163
1162 1146 1147 4 1164 1163 1147 1149 5 1165
1164 1149 1166 1167 5 1168 1165 1167 1169 1170
5 1171 1168 1170 1172 1173 5 1174 1171 1173
1175 1176 5 1174 1176 1177 1178 1179 4 1180
1181 1161 1160 4 1182 1180 1160 1162 4 1183
1182 1162 1163 4 1184 1183 1163 1164 4 1185
1184 1164 1165 4 1186 1185 1165 1168 4 1187
1186 1168 1171 4 1188 1187 1171 1174 4 1188
1174 1179 1189 4 1190 1191 1181 1180 4 1192
1190 1180 1182 4 1193 1192 1182 1183 4 1194
1193 1183 1184 5 1195 1196 1194 1184 1185 5
1197 1198 1195 1185 1186 5 1199 1200 1197 1186
1187 5 1201 1202 1199 1187 1188 5 1201 1188
1189 1203 1204 4 1205 1206 1191 1190 4 1207
1205 1190 1192 4 1208 1207 1192 1193 6 1209
1210 1211 1208 1193 1194 4 1212 1209 1194 1196
4 1195 1198 1213 1214 4 1197 1200 1215 1216
4 1199 1202 1217 1218 4 1201 1204 1219 1220
5 1221 1222 1223 1206 1205 4 1224 1221 1205
1207 5 1225 1226 1224 1207 1208 4 1227 1225
1208 1211 6 1228 1229 1230 1231 1232 1210 4
1233 1234 1235 1236 4 1237 1238 1239 1240 4
1241 1242 1243 1244 4 1245 1246 1247 1248 6
1249 1250 1251 1252 1253 1254 5 1255 1256 1257
1222 1221 4 1258 1255 1221 1224 5 1259 1260
1258 1224 1226 4 1261 1262 1259 1226 4 1263
1264 1265 1266 4 1267 1268 1269 1270 5 1271
1272 1273 1256 1255 4 1274 1271 1255 1258 5
1275 1276 1274 1258 1260 4 1277 1278 1275 1260
4 1279 1280 1281 1282 4 1283 1284 1285 1286
5 1287 1288 1289 1272 1271 4 1290 1287 1271
1274 5 1291 1292 1290 1274 1276 4 1293 1294
1291 1276 4 1295 1296 1297 1298 4 1299 1300
1301 1302 5 1303 1304 1305 1288 1287 4 1306
1303 1287 1290 5 1307 1308 1306 1290 1292 4
1309 1310 1307 1292 4 1311 1312 1313 1314 4
1315 1316 1317 1318 4 1319 1320 1304 1303 4
1321 1319 1303 1306 4 1322 1321 1306 1308 6
1323 1324 1322 1308 1325 1326 4 1327 1328 1323
1326 5 1329 1330 1331 1332 1333 5 1334 1335
1336 1337 1338 5 1339 1340 1341 1342 1343 5
1344 1345 1346 1347 1348 4 1349 1350 1320 1319
4 1351 1349 1319 1321 4 1352 1351 1321 1322
4 1353 1352 1322 1324 5 1354 1353 1324 1355
1356 5 1357 1354 1356 1358 1359 5 1360 1357
1359 1361 1362 5 1363 1360 1362 1364 1365 5
1363 1365 1366 1367 1368 4 1369 1370 1350 1349
4 1371 1369 1349 1351 4 1372 1371 1351 1352
4 1373 1372 1352 1353 4 1374 1373 1353 1354
4 1375 1374 1354 1357 4 1376 1375 1357 1360
4 1377 1376 1360 1363 4 1377 1363 1368 1378
4 1379 1380 1370 1369 4 1381 1379 1369 1371
4 1382 1381 1371 1372 4 1383 1382 1372 1373
5 1384 1385 1383 1373 1374 5 1386 1387 1384
1374 1375 5 1388 1389 1386 1375 1376 5 1390
1391 1388 1376 1377 5 1390 1377 1378 1392 1393
5 1394 1395 1396 1380 1379 4 1397 1394 1379
1381 4 1398 1397 1381 1382 6 1399 1400 1401
1398 1382 1383 4 1402 1399 1383 1385 5 1384
1387 1403 1404 1405 5 1386 1389 1406 1407 1408
5 1388 1391 1409 1410 1411 5 1390 1393 1412
1413 1414 5 1392 1415 1416 1417 1418 5 1419
1420 1421 1395 1394 4 1422 1419 1394 1397 5
1423 1424 1422 1397 1398 4 1425 1423 1398 1401
4 1426 1427 1428 1400 4 1429 1430 1431 1432
5 1433 1434 1435 1420 1419 4 1436 1433 1419
1422 5 1437 1438 1436 1422 1424 4 1439 1440
1437 1424 4 1441 1442 1443 1444 4 1445 1446
1447 1448 5 1449 1450 1451 1434 1433 4 1452
1449 1433 1436 5 1453 1454 1452 1436 1438 4
1455 1456 1453 1438 4 1457 1458 1459 1460 4
1461 1462 1463 1464 5 1465 1466 1467 1450 1449
4 1468 1465 1449 1452 5 1469 1470 1468 1452
1454 4 1471 1472 1469 1454 4 1473 1474 1475
1476 4 1477 1478 1479 1480 4 1481 1482 1466
1465 4 1483 1481 1465 1468 4 1484 1483 1468
1470 6 1485 1486 1484 1470 1487 1488 4 1489
1490 1485 1488 5 1491 1492 1493 1494 1495 5
1496 1497 1498 1499 1500 5 1501 1502 1503 1504
1505 5 1506 1507 1508 1509 1510 5 1511 1512
1513 1514 1515 4 1075 1078 1516 1517 4 1518
1519 1103 1106 4 1079 1082 1520 1521 4 1083
1086 1522 1523 4 1087 1090 1524 1525 4 1091
1094 1526 1527 4 1528 1107 1110 1529 4 1530
1531 1119 1122 4 1532 1123 1126 1533 4 1534
1535 1135 1138 4 1536 1139 1142 1537 4 1538
1539 1152 1151 4 1540 1156 1159 1541 4 1166
1149 1148 1155 5 1167 1166 1155 1542 1543 5
1169 1167 1543 1544 1545 5 1170 1169 1545 1546
1547 5 1172 1170 1547 1548 1549 5 1173 1172
1549 1550 1551 5 1175 1173 1551 1552 1553 5
1176 1175 1553 1554 1555 5 1177 1176 1555 1556
1557 5 1178 1177 1557 1558 1559 5 1560 1561
1562 1178 1559 4 1233 1236 1563 1564 4 1565
1566 1263 1266 4 1237 1240 1567 1568 4 1241
1244 1569 1570 4 1245 1248 1571 1572 4 1249
1254 1573 1574 4 1575 1267 1270 1576 4 1577
1578 1279 1282 4 1579 1283 1286 1580 4 1581
1582 1295 1298 4 1583 1299 1302 1584 4 1585
1586 1311 1314 4 1587 1315 1318 1588 6 1589
1590 1591 1592 1327 1326 4 1333 1593 1594 1595
4 1596 1329 1333 1595 4 1338 1597 1598 1599
4 1600 1334 1338 1599 4 1343 1601 1602 1603
4 1604 1339 1343 1603 4 1348 1605 1606 1607
4 1608 1344 1348 1607 4 1609 1610 1611 1612
6 1613 1614 1615 1609 1612 1616 5 1617 1402
1385 1384 1405 6 1426 1400 1399 1402 1618 1619
5 1620 1403 1387 1386 1408 5 1621 1406 1389
1388 1411 5 1622 1409 1391 1390 1414 5 1623
1412 1393 1392 1418 4 1624 1429 1432 1625 4
1626 1627 1441 1444 4 1628 1445 1448 1629 4
1630 1631 1457 1460 4 1632 1461 1464 1633 4
1634 1635 1473 1476 4 1636 1477 1480 1637 6
1638 1639 1640 1641 1489 1488 4 1495 1642 1643
1644 4 1491 1495 1644 1645 4 1500 1646 1647
1648 4 1496 1500 1648 1649 4 1505 1650 1651
1652 4 1501 1505 1652 1653 4 1510 1654 1655
1656 4 1506 1510 1656 1657 4 1515 1658 1659
1660 4 1661 1511 1515 1660 6 1662 1663 1664
1665 1035 1034 4 1064 1097 1666 1667 4 1096
1113 1668 1669 4 1112 1129 1670 1671 4 1128
1145 1672 1673 5 1015 1014 1674 1144 1161 4
1016 1015 1161 1181 4 1017 1016 1181 1191 6
1675 1676 1677 1017 1191 1206 4 1678 1675 1206
1223 4 1222 1257 1679 1680 4 1045 1046 1047
1050 4 1070 1042 1041 1045 5 1075 1517 1070
1045 1050 4 1049 1048 1051 1054 5 1681 1076
1075 1050 1049 5 1079 1521 1681 1049 1054 4
1053 1052 1055 1058 5 1682 1080 1079 1054 1053
5 1083 1523 1682 1053 1058 4 1057 1056 1059
1062 5 1683 1084 1083 1058 1057 5 1087 1525
1683 1057 1062 4 1061 1060 1684 1685 5 1686
1088 1087 1062 1061 5 1686 1061 1685 1091 1527
4 1069 1043 1042 1074 4 1101 1068 1067 1069
5 1101 1069 1074 1518 1106 4 1687 1077 1076
1681 4 1688 1081 1080 1682 4 1689 1085 1084
1683 4 1690 1089 1088 1686 5 1102 1101 1106
1105 1691 4 1117 1100 1099 1102 5 1117 1102
1691 1530 1122 4 1104 1103 1692 1693 4 1694
1691 1105 1104 4 1695 1694 1104 1693 4 1696
1109 1108 1697 5 1118 1117 1122 1121 1698 4
1133 1116 1115 1118 5 1133 1118 1698 1534 1138
4 1120 1119 1699 1700 4 1701 1698 1121 1120
4 1702 1701 1120 1700 4 1703 1125 1124 1704
5 1134 1133 1138 1137 1705 4 1150 1132 1131
1134 5 1538 1151 1150 1134 1705 4 1136 1135
1706 1707 4 1708 1705 1137 1136 4 1709 1708
1136 1707 4 1710 1141 1140 1711 4 1544 1543
1712 1713 4 1545 1544 1713 1714 4 1548 1547
1715 1716 4 1549 1548 1716 1717 4 1552 1551
1718 1719 4 1553 1552 1719 1720 4 1556 1555
1721 1722 4 1557 1556 1722 1723 4 1212 1196
1195 1214 4 1228 1210 1209 1212 5 1233 1564
1228 1212 1214 4 1213 1198 1197 1216 5 1724
1234 1233 1214 1213 5 1237 1568 1724 1213 1216
4 1215 1200 1199 1218 5 1725 1238 1237 1216
1215 5 1241 1570 1725 1215 1218 4 1217 1202
1201 1220 5 1726 1242 1241 1218 1217 5 1245
1572 1726 1217 1220 4 1219 1204 1203 1727 5
1728 1246 1245 1220 1219 5 1728 1219 1727 1249
1574 4 1227 1211 1210 1232 4 1261 1226 1225
1227 5 1261 1227 1232 1565 1266 4 1235 1234
1724 1729 4 1730 1731 1236 1235 4 1732 1730
1235 1729 4 1239 1238 1725 1733 4 1734 1735
1240 1239 4 1736 1734 1239 1733 4 1243 1242
1726 1737 4 1738 1739 1244 1243 4 1740 1738
1243 1737 4 1247 1246 1728 1741 4 1742 1743
1248 1247 4 1744 1742 1247 1741 5 1262 1261
1266 1265 1745 4 1277 1260 1259 1262 5 1277
1262 1745 1577 1282 4 1264 1263 1746 1747 4
1748 1745 1265 1264 4 1749 1748 1264 1747 4
1750 1269 1268 1751 5 1278 1277 1282 1281 1752
4 1293 1276 1275 1278 5 1293 1278 1752 1581
1298 4 1280 1279 1753 1754 4 1755 1752 1281
1280 4 1756 1755 1280 1754 4 1757 1285 1284
1758 5 1294 1293 1298 1297 1759 4 1309 1292
1291 1294 5 1309 1294 1759 1585 1314 4 1296
1295 1760 1761 4 1762 1759 1297 1296 4 1763
1762 1296 1761 4 1764 1301 1300 1765 5 1310
1309 1314 1313 1589 4 1325 1308 1307 1310 4
1325 1310 1589 1326 4 1312 1311 1766 1767 4
1590 1589 1313 1312 4 1591 1590 1312 1767 4
1613 1616 1317 1316 5 1328 1327 1593 1333 1332
4 1355 1324 1323 1328 4 1356 1355 1328 1332
5 1331 1330 1597 1338 1337 4 1358 1356 1332
1331 4 1359 1358 1331 1337 5 1336 1335 1601
1343 1342 4 1361 1359 1337 1336 4 1362 1361
1336 1342 5 1341 1340 1605 1348 1347 4 1364
1362 1342 1341 4 1365 1364 1341 1347 5 1346
1345 1610 1609 1768 4 1366 1365 1347 1346 4
1367 1366 1346 1768 5 1425 1401 1400 1428 1769
4 1439 1424 1423 1425 5 1439 1425 1769 1626
1444 4 1427 1426 1619 1770 4 1771 1769 1428
1427 4 1772 1771 1427 1770 4 1773 1431 1430
1774 5 1440 1439 1444 1443 1775 4 1455 1438
1437 1440 5 1455 1440 1775 1630 1460 4 1442
1441 1776 1777 4 1778 1775 1443 1442 4 1779
1778 1442 1777 4 1780 1447 1446 1781 5 1456
1455 1460 1459 1782 4 1471 1454 1453 1456 5
1471 1456 1782 1634 1476 4 1458 1457 1783 1784
4 1785 1782 1459 1458 4 1786 1785 1458 1784
4 1787 1463 1462 1788 5 1472 1471 1476 1475
1638 4 1487 1470 1469 1472 4 1487 1472 1638
1488 4 1474 1473 1789 1790 4 1639 1638 1475
1474 4 1640 1639 1474 1790 4 1791 1479 1478
1792 5 1490 1489 1642 1495 1494 4 1793 1486
1485 1490 4 1794 1793 1490 1494 5 1493 1492
1646 1500 1499 4 1795 1794 1494 1493 4 1796
1795 1493 1499 5 1498 1497 1650 1505 1504 4
1797 1796 1499 1498 4 1798 1797 1498 1504 5
1503 1502 1654 1510 1509 4 1799 1798 1504 1503
4 1800 1799 1503 1509 5 1508 1507 1658 1515
1514 4 1801 1800 1509 1508 4 1802 1801 1508
1514 4 1071 1070 1517 1516 4 1072 1071 1516
1803 4 1519 1518 1074 1073 4 1804 1692 1103
1519 4 1804 1519 1073 1072 4 1805 1806 1692
1804 4 1805 1804 1072 1803 4 1687 1681 1521
1520 4 1688 1682 1523 1522 4 1689 1683 1525
1524 4 1690 1686 1527 1526 4 1807 1528 1529
1808 4 1693 1692 1806 1809 4 1695 1693 1809
1810 4 1531 1530 1691 1694 4 1811 1699 1119
1531 4 1811 1531 1694 1695 4 1812 1813 1699
1811 4 1812 1811 1695 1810 4 1532 1533 1696
1697 4 1700 1699 1813 1814 4 1702 1700 1814
1815 4 1535 1534 1698 1701 4 1816 1706 1135
1535 4 1816 1535 1701 1702 4 1817 1818 1706
1816 4 1817 1816 1702 1815 4 1536 1537 1703
1704 4 1707 1706 1818 1819 4 1709 1707 1819
1820 4 1539 1538 1705 1708 4 1821 1153 1152
1539 4 1821 1539 1708 1709 4 1822 1823 1153
1821 4 1822 1821 1709 1820 4 1540 1541 1710
1711 4 1154 1153 1823 1824 4 1824 1712 1543
1542 4 1154 1824 1542 1155 4 1825 1715 1547
1546 4 1825 1546 1545 1714 4 1826 1718 1551
1550 4 1826 1550 1549 1717 4 1827 1721 1555
1554 4 1827 1554 1553 1720 4 1828 1158 1559
1558 4 1828 1558 1557 1723 4 1229 1228 1564
1563 4 1563 1236 1731 1829 4 1230 1229 1563
1829 4 1566 1565 1232 1231 4 1830 1746 1263
1566 4 1830 1566 1231 1230 4 1831 1832 1746
1830 4 1831 1830 1230 1829 4 1729 1724 1568
1567 4 1567 1240 1735 1833 4 1732 1729 1567
1833 4 1733 1725 1570 1569 4 1569 1244 1739
1834 4 1736 1733 1569 1834 4 1737 1726 1572
1571 4 1571 1248 1743 1835 4 1740 1737 1571
1835 4 1741 1728 1574 1573 4 1573 1254 1253
1836 4 1744 1741 1573 1836 4 1575 1576 1253
1252 4 1747 1746 1832 1837 4 1749 1747 1837
1838 4 1578 1577 1745 1748 4 1839 1753 1279
1578 4 1839 1578 1748 1749 4 1840 1841 1753
1839 4 1840 1839 1749 1838 4 1579 1580 1750
1751 4 1754 1753 1841 1842 4 1756 1754 1842
1843 4 1582 1581 1752 1755 4 1844 1760 1295
1582 4 1844 1582 1755 1756 4 1845 1846 1760
1844 4 1845 1844 1756 1843 4 1583 1584 1757
1758 4 1761 1760 1846 1847 4 1763 1761 1847
1848 4 1586 1585 1759 1762 4 1849 1766 1311
1586 4 1849 1586 1762 1763 4 1850 1851 1766
1849 4 1850 1849 1763 1848 4 1587 1588 1764
1765 4 1767 1766 1851 1852 4 1591 1767 1852
1853 4 1853 1854 1595 1594 4 1594 1593 1327
1592 4 1591 1853 1594 1592 4 1596 1595 1854
1855 4 1856 1330 1329 1596 4 1856 1596 1855
1857 4 1858 1859 1599 1598 4 1598 1597 1330
1856 4 1858 1598 1856 1857 4 1600 1599 1859
1860 4 1861 1335 1334 1600 4 1861 1600 1860
1862 4 1863 1864 1603 1602 4 1602 1601 1335
1861 4 1863 1602 1861 1862 4 1604 1603 1864
1865 4 1866 1340 1339 1604 4 1866 1604 1865
1867 4 1868 1869 1607 1606 4 1606 1605 1340
1866 4 1868 1606 1866 1867 4 1608 1607 1869
1870 4 1871 1345 1344 1608 4 1871 1608 1870
1872 4 1873 1616 1612 1611 4 1611 1610 1345
1871 4 1873 1611 1871 1872 4 1617 1405 1874
1875 4 1875 1876 1619 1618 4 1617 1875 1618
1402 4 1877 1874 1405 1404 4 1878 1877 1404
1403 4 1620 1408 1879 1880 4 1878 1403 1620
1880 4 1881 1879 1408 1407 4 1882 1881 1407
1406 4 1621 1411 1883 1884 4 1882 1406 1621
1884 4 1885 1883 1411 1410 4 1886 1885 1410
1409 4 1622 1414 1887 1888 4 1886 1409 1622
1888 4 1889 1887 1414 1413 4 1890 1889 1413
1412 4 1623 1418 1625 1891 4 1890 1412 1623
1891 4 1770 1619 1876 1892 4 1772 1770 1892
1893 4 1627 1626 1769 1771 4 1894 1776 1441
1627 4 1894 1627 1771 1772 4 1895 1896 1776
1894 4 1895 1894 1772 1893 4 1628 1629 1773
1774 4 1777 1776 1896 1897 4 1779 1777 1897
1898 4 1631 1630 1775 1778 4 1899 1783 1457
1631 4 1899 1631 1778 1779 4 1900 1901 1783
1899 4 1900 1899 1779 1898 4 1632 1633 1780
1781 4 1784 1783 1901 1902 4 1786 1784 1902
1903 4 1635 1634 1782 1785 4 1904 1789 1473
1635 4 1904 1635 1785 1786 4 1905 1906 1789
1904 4 1905 1904 1786 1903 4 1636 1637 1787
1788 4 1790 1789 1906 1907 4 1640 1790 1907
1908 4 1643 1642 1489 1641 4 1643 1641 1640
1908 4 1492 1491 1645 1909 4 1647 1646 1492
1909 4 1497 1496 1649 1910 4 1651 1650 1497
1910 4 1502 1501 1653 1911 4 1655 1654 1502
1911 4 1507 1506 1657 1912 4 1659 1658 1507
1912 4 1913 1662 1034 1065 4 1913 1065 1064
1667 5 1914 1915 1663 1662 1913 5 1916 1917
1914 1913 1667 4 1666 1097 1096 1669 5 1918
1919 1916 1667 1666 5 1920 1921 1918 1666 1669
4 1668 1113 1112 1671 5 1922 1923 1920 1669
1668 5 1924 1925 1922 1668 1671 4 1670 1129
1128 1673 5 1926 1927 1924 1671 1670 5 1928
1929 1926 1670 1673 4 1672 1145 1144 1674 5
1930 1931 1928 1673 1672 4 1930 1672 1674 1014
4 1678 1223 1222 1680 5 1932 1933 1676 1675
1678 5 1934 1935 1932 1678 1680 4 1679 1257
1256 1936 5 1937 1938 1934 1680 1679 5 1939
1940 1937 1679 1936 5 1939 1936 1941 1942 1943
5 1944 1945 1946 1947 1948 5 1949 1950 1951
1952 1953 6 1018 1954 1955 1956 1304 1320 4
1019 1018 1320 1350 4 1020 1019 1350 1370 5
1021 1020 1370 1380 1957 4 1021 1957 1958 1959
5 1960 1961 1962 1963 1964 5 1965 1966 1967
1968 1969 5 1970 1971 1972 1973 1974 5 1975
1976 1977 1978 1979 6 1980 1466 1482 1981 1982
1983 4 1663 1915 1984 1985 4 1986 1987 1917
1916 4 1988 1986 1916 1919 4 1989 1990 1921
1920 4 1991 1989 1920 1923 4 1992 1993 1925
1924 4 1994 1992 1924 1927 4 1995 1996 1929
1928 4 1997 1995 1928 1931 5 1930 1014 819
818 1998 4 1676 1933 1999 2000 4 2001 2002
1935 1934 4 2003 2001 1934 1938 4 2004 2005
1940 1939 4 2006 2004 1939 1943 4 2007 2008
2009 1944 4 2010 2007 1944 1948 4 2011 2012
2013 1949 4 2014 2011 1949 1953 4 1955 1027
1026 2015 5 1029 631 630 1021 1959 4 2016
1030 2017 1960 4 2018 2016 1960 1964 4 2019
2020 2021 1965 4 2022 2019 1965 1969 4 2023
2024 2025 1970 4 2026 2023 1970 1974 4 2027
2028 2029 1975 4 2030 2027 1975 1979 4 1983
1031 1032 2031 4 58 57 1665 1664 5 888
58 1664 1663 1985 4 320 319 1017 1677 5
914 320 1677 1676 2000 4 1941 1936 1256 1273
5 1945 1944 2009 1942 1941 4 1945 1941 1273
1272 4 1946 1945 1272 1289 5 1950 1949 2013
1947 1946 4 1950 1946 1289 1288 4 1951 1950
1288 1305 5 1956 1955 2015 1952 1951 4 1304
1956 1951 1305 5 509 508 1027 1955 1954 4
509 1954 1018 938 4 1958 1957 1380 1396 5
1961 1960 2017 1959 1958 4 1961 1958 1396 1395
4 1962 1961 1395 1421 5 1966 1965 2021 1963
1962 4 1966 1962 1421 1420 4 1967 1966 1420
1435 5 1971 1970 2025 1968 1967 4 1971 1967
1435 1434 4 1972 1971 1434 1451 5 1976 1975
2029 1973 1972 4 1976 1972 1451 1450 4 1977
1976 1450 1467 5 1980 1983 2031 1978 1977 4
1466 1980 1977 1467 5 781 780 1031 1983 1982
4 955 781 1982 1981 4 1022 888 1985 1984
4 2032 1984 1915 1914 4 2032 1914 1917 1987
4 2033 1988 1919 1918 4 2033 1918 1921 1990
4 2034 1991 1923 1922 4 2034 1922 1925 1993
4 2035 1994 1927 1926 4 2035 1926 1929 1996
4 1997 1931 1930 1998 4 1997 1998 818 1023
4 1024 914 2000 1999 4 1999 1933 1932 2036
4 1025 1024 1999 2036 4 2036 1932 1935 2002
4 2037 2003 1938 1937 4 2037 1937 1940 2005
4 2038 2006 1943 1942 4 2038 1942 2009 2008
4 2039 2010 1948 1947 4 2039 1947 2013 2012
4 1028 2014 1953 1952 4 1028 1952 2015 1026
4 1029 1959 2017 1030 4 2040 2018 1964 1963
4 2040 1963 2021 2020 4 2041 2022 1969 1968
4 2041 1968 2025 2024 4 2042 2026 1974 1973
4 2042 1973 2029 2028 4 2043 2030 1979 1978
4 2043 1978 2031 1032 4 1807 1808 1094 1093
4 1560 1559 1158 1157 4 2044 1802 1514 1513
4 1624 1625 1418 1417 4 1661 1660 1791 1792
5 2045 2046 2047 2048 2049 5 2050 2051 2045
2049 2052 5 2053 2054 2050 2052 2055 5 2056
2057 2053 2055 2058 5 2059 2060 2056 2058 2061
5 2062 2063 2059 2061 2064 4 2065 2062 2064
2066 4 2067 2065 2066 2068 4 2069 2067 2068
2070 4 2071 2069 2070 2072 5 2073 2074 2071
2072 2075 5 2076 2077 2073 2075 2078 5 2079
2080 2076 2078 2081 5 2082 2083 2079 2081 2084
5 2085 2086 2082 2084 2087 4 2088 2085 2087
2089 4 2090 2091 2088 2089 4 2090 2089 2092
2093 4 2094 2095 2091 2090 4 2094 2090 2093
2096 4 2097 2098 2095 2094 4 2097 2094 2096
2099 4 2100 2097 2099 2101 4 2102 2100 2101
2103 4 2104 2102 2103 2105 4 2106 2104 2105
2107 4 2108 2106 2107 2109 4 2108 2109 2110
2111 4 2112 1685 1684 2113 5 1179 1178 1562
2062 2065 4 1189 1179 2065 2067 4 1203 1189
2067 2069 6 1250 1249 1727 1203 2069 2071 6
1367 1768 1609 1615 2085 2088 4 1368 1367 2088
2091 4 1378 1368 2091 2095 5 1415 1392 1378
2095 2098 5 2114 2115 2098 2097 2100 5 2116
2117 2114 2100 2102 5 2118 2119 2116 2102 2104
5 2120 2121 2118 2104 2106 5 2122 2123 2120
2106 2108 5 2122 2108 2111 2124 2125 5 2126
2127 2128 2045 2051 5 2129 2130 2126 2051 2050
5 2131 2132 2129 2050 2054 5 2133 2134 2131
2054 2053 5 2135 2136 2133 2053 2057 5 2137
2138 2135 2057 2056 5 2139 2140 2137 2056 2060
5 2141 2142 2139 2060 2059 5 1561 2143 2141
2059 2063 4 1561 2063 2062 1562 4 1251 1250
2071 2074 5 2144 2145 1251 2074 2073 5 2146
2147 2144 2073 2077 5 2148 2149 2146 2077 2076
5 2150 2151 2148 2076 2080 5 2152 2153 2150
2080 2079 5 2154 2155 2152 2079 2083 5 2156
2157 2154 2083 2082 5 1614 2158 2156 2082 2086
4 1614 2086 2085 1615 4 1416 1415 2098 2115
5 2159 2160 1416 2115 2114 5 2161 2162 2159
2114 2117 5 2163 2164 2161 2117 2116 5 2165
2166 2163 2116 2119 5 2167 2168 2165 2119 2118
5 2169 2170 2167 2118 2121 5 2171 2172 2169
2121 2120 5 2173 2174 2171 2120 2123 5 1512
2175 2173 2123 2122 4 1108 1107 2129 2132 4
1697 1108 2132 2131 4 1124 1123 2133 2136 4
1704 1124 2136 2135 4 1140 1139 2137 2140 4
1711 1140 2140 2139 4 1268 1267 2144 2147 4
1751 1268 2147 2146 4 1284 1283 2148 2151 4
1758 1284 2151 2150 4 1300 1299 2152 2155 4
1765 1300 2155 2154 4 1316 1315 2156 2158 4
1613 1316 2158 1614 4 1430 1429 2159 2162 4
1774 1430 2162 2161 4 1446 1445 2163 2166 4
1781 1446 2166 2165 4 1462 1461 2167 2170 4
1788 1462 2170 2169 4 1478 1477 2171 2174 4
1792 1478 2174 2173 4 2130 2129 1107 1528 4
2126 2130 1528 1807 4 2134 2133 1123 1532 4
1697 2131 2134 1532 4 2138 2137 1139 1536 4
1704 2135 2138 1536 4 2142 2141 1156 1540 4
1711 2139 2142 1540 4 2145 2144 1267 1575 4
1251 2145 1575 1252 4 2149 2148 1283 1579 4
1751 2146 2149 1579 4 2153 2152 1299 1583 4
1758 2150 2153 1583 4 2157 2156 1315 1587 4
1765 2154 2157 1587 4 2164 2163 1445 1628 4
1774 2161 2164 1628 4 2168 2167 1461 1632 4
1781 2165 2168 1632 4 2172 2171 1477 1636 4
1788 2169 2172 1636 4 2112 2113 2047 2046 5
2128 1092 1091 1685 2112 4 2045 2128 2112 2046
4 1093 1092 2128 2127 4 1093 2127 2126 1807
4 1157 1156 2141 2143 4 1560 1157 2143 1561
4 1513 1512 2122 2125 4 2044 1513 2125 2124
4 2160 2159 1429 1624 4 1416 2160 1624 1417
4 2175 1512 1511 1661 4 1792 2173 2175 1661
4 2176 2049 2048 2177 4 2178 2176 2177 2179
5 2180 2181 2178 2179 2182 4 2183 2180 2182
2184 4 2185 2186 2187 2188 4 2189 2190 2191
2192 4 2193 2194 2195 2196 4 2197 2198 2199
2200 4 2201 2202 2203 2204 6 2205 2206 2207
2208 2209 2210 4 2211 2052 2049 2176 4 2212
2211 2176 2178 5 2213 2214 2212 2178 2181 5
2213 2181 2215 2216 2217 4 2218 2219 2220 2221
4 2222 2223 2224 2225 4 2226 2227 2228 2229
4 2230 2231 2232 2233 4 2234 2235 2236 2237
4 2205 2210 2238 2239 4 2240 2055 2052 2211
4 2241 2240 2211 2212 5 2242 2243 2241 2212
2214 5 2244 2245 2246 2242 2214 5 2247 2248
2249 2250 2251 4 2252 2058 2055 2240 4 2253
2252 2240 2241 5 2254 2255 2253 2241 2243 5
2256 2257 2258 2254 2243 5 2259 2260 2261 2262
2263 4 2264 2061 2058 2252 4 2265 2264 2252
2253 5 2266 2267 2265 2253 2255 5 2268 2269
2270 2266 2255 5 2271 2272 2273 2274 2275 4
2276 2064 2061 2264 4 2277 2276 2264 2265 5
2278 2279 2277 2265 2267 5 2280 2281 2282 2278
2267 6 2283 2284 2285 2286 2287 2288 4 2289
2066 2064 2276 4 2290 2289 2276 2277 4 2291
2290 2277 2279 5 2292 2291 2279 2293 2294 5
2295 2292 2294 2296 2297 5 2298 2295 2297 2299
2300 5 2301 2298 2300 2302 2303 5 2304 2301
2303 2305 2306 5 2307 2304 2306 2308 2283 4
2307 2283 2288 2309 4 2310 2068 2066 2289 4
2311 2310 2289 2290 4 2312 2311 2290 2291 4
2313 2312 2291 2292 4 2314 2313 2292 2295 4
2315 2314 2295 2298 4 2316 2315 2298 2301 4
2317 2316 2301 2304 4 2318 2317 2304 2307 4
2318 2307 2309 2319 4 2320 2070 2068 2310 4
2321 2320 2310 2311 4 2322 2321 2311 2312 4
2323 2322 2312 2313 5 2324 2325 2323 2313 2314
5 2326 2327 2324 2314 2315 5 2328 2329 2326
2315 2316 5 2330 2331 2328 2316 2317 5 2332
2333 2330 2317 2318 4 2332 2318 2319 2334 4
2335 2072 2070 2320 4 2336 2335 2320 2321 4
2337 2336 2321 2322 6 2338 2339 2340 2337 2322
2323 4 2341 2338 2323 2325 4 2324 2327 2342
2343 4 2326 2329 2344 2345 4 2328 2331 2346
2347 4 2330 2333 2348 2349 6 2350 2351 2332
2334 2352 2353 4 2354 2075 2072 2335 4 2355
2354 2335 2336 5 2356 2357 2355 2336 2337 4
2358 2356 2337 2340 4 2339 2359 2360 2361 4
2362 2363 2364 2365 4 2366 2367 2368 2369 4
2370 2371 2372 2373 4 2374 2375 2376 2377 4
2350 2353 2378 2379 4 2380 2078 2075 2354 4
2381 2380 2354 2355 5 2382 2383 2381 2355 2357
5 2384 2385 2386 2382 2357 5 2387 2388 2389
2390 2391 4 2392 2081 2078 2380 4 2393 2392
2380 2381 5 2394 2395 2393 2381 2383 5 2396
2397 2398 2394 2383 5 2399 2400 2401 2402 2403
4 2404 2084 2081 2392 4 2405 2404 2392 2393
5 2406 2407 2405 2393 2395 5 2408 2409 2410
2406 2395 5 2411 2412 2413 2414 2415 4 2416
2087 2084 2404 4 2417 2416 2404 2405 5 2418
2419 2417 2405 2407 5 2420 2421 2422 2418 2407
5 2423 2424 2425 2426 2427 4 2092 2089 2087
2416 4 2428 2092 2416 2417 4 2429 2428 2417
2419 6 2430 2431 2429 2419 2432 2433 5 2434
2435 2436 2430 2433 5 2437 2438 2439 2440 2441
5 2442 2443 2444 2445 2446 5 2447 2448 2449
2450 2451 5 2452 2453 2454 2455 2456 6 2457
2458 2459 2460 2461 2462 4 2463 2093 2092 2428
4 2464 2463 2428 2429 4 2465 2464 2429 2431
5 2466 2465 2431 2467 2468 5 2469 2466 2468
2470 2471 5 2472 2469 2471 2473 2474 5 2475
2472 2474 2476 2477 5 2478 2475 2477 2479 2457
4 2478 2457 2462 2480 4 2481 2096 2093 2463
4 2482 2481 2463 2464 4 2483 2482 2464 2465
4 2484 2483 2465 2466 4 2485 2484 2466 2469
4 2486 2485 2469 2472 4 2487 2486 2472 2475
4 2488 2487 2475 2478 4 2488 2478 2480 2489
4 2490 2099 2096 2481 4 2491 2490 2481 2482
5 2492 2493 2491 2482 2483 5 2494 2495 2492
2483 2484 5 2496 2497 2494 2484 2485 5 2498
2499 2496 2485 2486 5 2500 2501 2498 2486 2487
5 2502 2503 2500 2487 2488 4 2502 2488 2489
2504 4 2505 2101 2099 2490 5 2506 2507 2505
2490 2491 4 2508 2506 2491 2493 5 2492 2495
2509 2510 2511 5 2494 2497 2512 2513 2514 5
2496 2499 2515 2516 2517 5 2498 2501 2518 2519
2520 5 2500 2503 2521 2522 2523 6 2524 2525
2502 2504 2526 2527 4 2528 2103 2101 2505 5
2529 2530 2528 2505 2507 5 2531 2532 2533 2529
2507 5 2524 2527 2534 2535 2536 4 2537 2105
2103 2528 5 2538 2539 2537 2528 2530 5 2540
2541 2542 2538 2530 5 2543 2544 2545 2546 2547
4 2548 2107 2105 2537 5 2549 2550 2548 2537
2539 5 2551 2552 2553 2549 2539 5 2554 2555
2556 2557 2558 4 2559 2109 2107 2548 5 2560
2561 2559 2548 2550 5 2562 2563 2564 2560 2550
5 2565 2566 2567 2568 2569 4 2570 2110 2109
2559 5 2571 2572 2570 2559 2561 4 2573 2574
2571 2561 5 2575 2576 2577 2578 2579 5 2580
2581 2582 2583 2584 5 2585 2586 2587 2588 2589
5 2590 2591 2592 2593 2594 5 2595 2596 2597
2598 2599 6 2600 2601 2602 2603 2604 2605 4
2218 2221 2606 2607 5 2244 2214 2213 2217 2608
4 2609 2610 2611 2612 4 2222 2225 2613 2614
4 2226 2229 2615 2616 4 2230 2233 2617 2618
4 2234 2237 2619 2620 6 2205 2239 2621 2622
2623 2624 4 2625 2626 2627 2247 4 2609 2612
2628 2629 5 2256 2243 2242 2246 2630 4 2631
2632 2633 2634 4 2625 2247 2251 2635 4 2636
2637 2638 2259 4 2631 2634 2639 2640 5 2268
2255 2254 2258 2641 4 2642 2643 2644 2645 4
2636 2259 2263 2646 4 2647 2648 2649 2271 4
2642 2645 2650 2651 5 2280 2267 2266 2270 2652
4 2653 2654 2655 2656 4 2647 2271 2275 2657
4 2658 2659 2660 2285 4 2653 2656 2661 2662
4 2293 2279 2278 2282 5 2294 2293 2282 2663
2664 5 2296 2294 2664 2665 2666 5 2297 2296
2666 2667 2668 5 2299 2297 2668 2669 2670 5
2300 2299 2670 2671 2672 5 2302 2300 2672 2673
2674 5 2303 2302 2674 2675 2676 5 2305 2303
2676 2677 2678 5 2306 2305 2678 2679 2680 6
2681 2682 2683 2658 2285 2284 5 2308 2306 2680
2684 2681 4 2283 2308 2681 2284 6 2685 2686
2358 2340 2339 2361 5 2384 2357 2356 2358 2687
4 2688 2689 2690 2691 4 2362 2365 2692 2693
4 2366 2369 2694 2695 4 2370 2373 2696 2697
4 2374 2377 2698 2699 6 2350 2379 2700 2701
2702 2703 4 2704 2705 2706 2387 4 2688 2691
2707 2708 5 2396 2383 2382 2386 2709 4 2710
2711 2712 2713 4 2704 2387 2391 2714 4 2715
2716 2717 2399 4 2710 2713 2718 2719 5 2408
2395 2394 2398 2720 4 2721 2722 2723 2724 4
2715 2399 2403 2725 4 2726 2727 2728 2411 4
2721 2724 2729 2730 5 2420 2407 2406 2410 2731
4 2732 2733 2734 2735 4 2726 2411 2415 2736
4 2737 2738 2739 2423 4 2732 2735 2740 2741
4 2432 2419 2418 2422 6 2433 2432 2422 2742
2743 2744 4 2745 2434 2433 2744 4 2441 2746
2747 2748 4 2749 2437 2441 2748 4 2446 2750
2751 2752 4 2753 2442 2446 2752 4 2451 2754
2755 2756 4 2757 2447 2451 2756 4 2456 2758
2759 2760 4 2737 2423 2427 2761 4 2762 2452
2456 2760 6 2459 2453 2763 2764 2765 2426 5
2766 2508 2493 2492 2511 5 2531 2507 2506 2508
2767 4 2768 2769 2770 2771 5 2772 2509 2495
2494 2514 5 2773 2512 2497 2496 2517 5 2774
2515 2499 2498 2520 5 2775 2518 2501 2500 2523
4 2521 2503 2502 2525 6 2776 2777 2778 2521
2525 2524 4 2768 2771 2779 2780 5 2540 2530
2529 2533 2781 4 2782 2783 2784 2785 4 2776
2524 2536 2786 4 2787 2788 2789 2543 4 2782
2785 2790 2791 5 2551 2539 2538 2542 2792 4
2793 2794 2795 2796 4 2787 2543 2547 2797 4
2798 2799 2800 2554 4 2793 2796 2801 2802 5
2562 2550 2549 2553 2803 4 2804 2805 2806 2807
4 2798 2554 2558 2808 4 2809 2810 2811 2565
4 2804 2807 2812 2813 5 2573 2561 2560 2564
2814 4 2579 2815 2816 2817 4 2575 2579 2817
2818 4 2584 2819 2820 2821 4 2580 2584 2821
2822 4 2589 2823 2824 2825 4 2585 2589 2825
2826 4 2594 2827 2828 2829 4 2590 2594 2829
2830 4 2599 2831 2832 2833 4 2809 2565 2569
2834 4 2595 2599 2833 2835 6 2605 2596 2836
2837 2838 2568 4 2185 2188 2189 2192 5 2839
2219 2218 2186 2185 5 2222 2614 2839 2185 2192
4 2191 2190 2193 2196 5 2840 2223 2222 2192
2191 5 2226 2616 2840 2191 2196 4 2195 2194
2197 2200 5 2841 2227 2226 2196 2195 5 2230
2618 2841 2195 2200 4 2199 2198 2201 2204 5
2842 2231 2230 2200 2199 5 2234 2620 2842 2199
2204 4 2203 2202 2207 2206 5 2624 2235 2234
2204 2203 4 2205 2624 2203 2206 4 2843 2220
2219 2839 4 2844 2224 2223 2840 4 2845 2228
2227 2841 4 2846 2232 2231 2842 4 2236 2235
2624 2623 4 2847 2236 2623 2622 5 2239 2238
2248 2247 2627 4 2848 2849 2850 2851 4 2852
2853 2848 2851 5 2250 2249 2260 2259 2638 4
2854 2855 2856 2857 4 2858 2859 2854 2857 5
2262 2261 2272 2271 2649 4 2860 2861 2862 2863
4 2864 2865 2860 2863 5 2274 2273 2286 2285
2660 4 2665 2664 2661 2866 4 2666 2665 2866
2867 4 2669 2668 2868 2869 4 2670 2669 2869
2870 4 2673 2672 2871 2872 4 2674 2673 2872
2873 4 2677 2676 2874 2875 4 2678 2677 2875
2876 4 2877 2878 2683 2682 4 2684 2680 2879
2877 4 2681 2684 2877 2682 4 2341 2325 2324
2343 5 2880 2359 2339 2338 2341 5 2362 2693
2880 2341 2343 4 2342 2327 2326 2345 5 2881
2363 2362 2343 2342 5 2366 2695 2881 2342 2345
4 2344 2329 2328 2347 5 2882 2367 2366 2345
2344 5 2370 2697 2882 2344 2347 4 2346 2331
2330 2349 5 2883 2371 2370 2347 2346 5 2374
2699 2883 2346 2349 4 2348 2333 2332 2351 5
2703 2375 2374 2349 2348 4 2350 2703 2348 2351
4 2360 2359 2880 2884 4 2885 2685 2361 2360
4 2886 2885 2360 2884 4 2364 2363 2881 2887
4 2888 2889 2365 2364 4 2890 2888 2364 2887
4 2368 2367 2882 2891 4 2892 2893 2369 2368
4 2894 2892 2368 2891 4 2372 2371 2883 2895
4 2896 2897 2373 2372 4 2898 2896 2372 2895
4 2376 2375 2703 2702 4 2899 2900 2377 2376
4 2899 2376 2702 2701 5 2379 2378 2388 2387
2706 4 2901 2902 2903 2904 4 2905 2906 2901
2904 5 2390 2389 2400 2399 2717 4 2907 2908
2909 2910 4 2911 2912 2907 2910 5 2402 2401
2412 2411 2728 4 2913 2914 2915 2916 4 2917
2918 2913 2916 5 2414 2413 2424 2423 2739 4
2919 2920 2921 2922 4 2764 2923 2919 2922 4
2460 2459 2426 2425 5 2436 2435 2746 2441 2440
4 2467 2431 2430 2436 4 2468 2467 2436 2440
5 2439 2438 2750 2446 2445 4 2470 2468 2440
2439 4 2471 2470 2439 2445 5 2444 2443 2754
2451 2450 4 2473 2471 2445 2444 4 2474 2473
2444 2450 5 2449 2448 2758 2456 2455 4 2476
2474 2450 2449 4 2477 2476 2449 2455 4 2454
2453 2459 2458 4 2479 2477 2455 2454 4 2457
2479 2454 2458 4 2924 2925 2777 2926 4 2927
2928 2924 2926 4 2534 2527 2526 2929 5 2544
2543 2789 2535 2534 4 2544 2534 2929 2930 4
2931 2932 2933 2934 4 2935 2936 2931 2934 4
2545 2544 2930 2937 5 2555 2554 2800 2546 2545
4 2555 2545 2937 2938 4 2939 2940 2941 2942
4 2943 2944 2939 2942 4 2556 2555 2938 2945
5 2566 2565 2811 2557 2556 4 2566 2556 2945
2946 4 2947 2948 2949 2950 4 2837 2951 2947
2950 4 2567 2566 2946 2952 4 2600 2605 2568
2567 4 2601 2600 2567 2952 5 2577 2576 2819
2584 2583 4 2953 2954 2578 2577 4 2955 2953
2577 2583 5 2582 2581 2823 2589 2588 4 2956
2955 2583 2582 4 2957 2956 2582 2588 5 2587
2586 2827 2594 2593 4 2958 2957 2588 2587 4
2959 2958 2587 2593 5 2592 2591 2831 2599 2598
4 2960 2959 2593 2592 4 2961 2960 2592 2598
4 2597 2596 2605 2604 4 2962 2961 2598 2597
4 2962 2597 2604 2603 4 2963 2964 2611 2610
4 2610 2609 2244 2608 4 2963 2610 2608 2217
4 2843 2839 2614 2613 4 2844 2840 2616 2615
4 2845 2841 2618 2617 4 2846 2842 2620 2619
4 2965 2850 2849 2966 4 2965 2966 2847 2622
4 2621 2239 2627 2626 4 2626 2625 2850 2965
4 2621 2626 2965 2622 4 2245 2244 2609 2629
4 2629 2628 2967 2968 4 2246 2245 2629 2968
4 2968 2967 2633 2632 4 2632 2631 2256 2630
4 2246 2968 2632 2630 4 2851 2850 2625 2635
4 2635 2251 2250 2969 4 2852 2851 2635 2969
4 2970 2856 2855 2971 4 2970 2971 2853 2852
4 2969 2250 2638 2637 4 2637 2636 2856 2970
4 2969 2637 2970 2852 4 2257 2256 2631 2640
4 2640 2639 2972 2973 4 2258 2257 2640 2973
4 2973 2972 2644 2643 4 2643 2642 2268 2641
4 2258 2973 2643 2641 4 2857 2856 2636 2646
4 2646 2263 2262 2974 4 2858 2857 2646 2974
4 2975 2862 2861 2976 4 2975 2976 2859 2858
4 2974 2262 2649 2648 4 2648 2647 2862 2975
4 2974 2648 2975 2858 4 2269 2268 2642 2651
4 2651 2650 2977 2978 4 2270 2269 2651 2978
4 2978 2977 2655 2654 4 2654 2653 2280 2652
4 2270 2978 2654 2652 4 2863 2862 2647 2657
4 2657 2275 2274 2979 4 2864 2863 2657 2979
4 2980 2683 2878 2981 4 2980 2981 2865 2864
4 2979 2274 2660 2659 4 2659 2658 2683 2980
4 2979 2659 2980 2864 4 2982 2868 2668 2667
4 2982 2667 2666 2867 4 2983 2871 2672 2671
4 2983 2671 2670 2870 4 2984 2874 2676 2675
4 2984 2675 2674 2873 4 2985 2879 2680 2679
4 2985 2679 2678 2876 4 2686 2685 2690 2689
4 2689 2688 2384 2687 4 2686 2689 2687 2358
4 2884 2880 2693 2692 4 2692 2365 2889 2986
4 2886 2884 2692 2986 4 2887 2881 2695 2694
4 2694 2369 2893 2987 4 2890 2887 2694 2987
4 2891 2882 2697 2696 4 2696 2373 2897 2988
4 2894 2891 2696 2988 4 2895 2883 2699 2698
4 2698 2377 2900 2989 4 2898 2895 2698 2989
4 2990 2903 2902 2991 4 2990 2991 2899 2701
4 2700 2379 2706 2705 4 2705 2704 2903 2990
4 2700 2705 2990 2701 4 2385 2384 2688 2708
4 2708 2707 2992 2993 4 2386 2385 2708 2993
4 2993 2992 2712 2711 4 2711 2710 2396 2709
4 2386 2993 2711 2709 4 2904 2903 2704 2714
4 2714 2391 2390 2994 4 2905 2904 2714 2994
4 2995 2909 2908 2996 4 2995 2996 2906 2905
4 2994 2390 2717 2716 4 2716 2715 2909 2995
4 2994 2716 2995 2905 4 2397 2396 2710 2719
4 2719 2718 2997 2998 4 2398 2397 2719 2998
4 2998 2997 2723 2722 4 2722 2721 2408 2720
4 2398 2998 2722 2720 4 2910 2909 2715 2725
4 2725 2403 2402 2999 4 2911 2910 2725 2999
4 3000 2915 2914 3001 4 3000 3001 2912 2911
4 2999 2402 2728 2727 4 2727 2726 2915 3000
4 2999 2727 3000 2911 4 2409 2408 2721 2730
4 2730 2729 3002 3003 4 2410 2409 2730 3003
4 3003 3002 2734 2733 4 2733 2732 2420 2731
4 2410 3003 2733 2731 4 2916 2915 2726 2736
4 2736 2415 2414 3004 4 2917 2916 2736 3004
4 3005 2921 2920 3006 4 3005 3006 2918 2917
4 3004 2414 2739 2738 4 2738 2737 2921 3005
4 3004 2738 3005 2917 4 2421 2420 2732 2741
4 2741 2740 2743 2742 4 2421 2741 2742 2422
4 2745 2744 2743 3007 4 3008 2435 2434 2745
4 3008 2745 3007 3009 4 3010 3011 2748 2747
4 2747 2746 2435 3008 4 3010 2747 3008 3009
4 2749 2748 3011 3012 4 3013 2438 2437 2749
4 3013 2749 3012 3014 4 3015 3016 2752 2751
4 2751 2750 2438 3013 4 3015 2751 3013 3014
4 2753 2752 3016 3017 4 3018 2443 2442 2753
4 3018 2753 3017 3019 4 3020 3021 2756 2755
4 2755 2754 2443 3018 4 3020 2755 3018 3019
4 2757 2756 3021 3022 4 3023 2448 2447 2757
4 3023 2757 3022 3024 4 3025 3026 2760 2759
4 2759 2758 2448 3023 4 3025 2759 3023 3024
4 2922 2921 2737 2761 4 2761 2427 2426 2765
4 2764 2922 2761 2765 4 2762 2760 3026 2923
4 2763 2453 2452 2762 4 2763 2762 2923 2764
4 3027 2770 2511 2510 4 3028 3027 2510 2509
4 2772 2514 3029 3030 4 3028 2509 2772 3030
4 3031 3029 2514 2513 4 3032 3031 2513 2512
4 2773 2517 3033 3034 4 3032 2512 2773 3034
4 3035 3033 2517 2516 4 3036 3035 2516 2515
4 2774 2520 3037 3038 4 3036 2515 2774 3038
4 3039 3037 2520 2519 4 3040 3039 2519 2518
4 2775 2523 3041 3042 4 3040 2518 2775 3042
4 3043 3041 2523 2522 4 2778 2777 2925 3043
4 2521 2778 3043 2522 4 2532 2531 2768 2780
4 2780 2779 3044 3045 4 2533 2532 2780 3045
4 3045 3044 2784 2783 4 2783 2782 2540 2781
4 2533 3045 2783 2781 4 2926 2777 2776 2786
4 2786 2536 2535 3046 4 2927 2926 2786 3046
4 3047 2933 2932 3048 4 3047 3048 2928 2927
4 3046 2535 2789 2788 4 2788 2787 2933 3047
4 3046 2788 3047 2927 4 2541 2540 2782 2791
4 2791 2790 3049 3050 4 2542 2541 2791 3050
4 3050 3049 2795 2794 4 2794 2793 2551 2792
4 2542 3050 2794 2792 4 2934 2933 2787 2797
4 2797 2547 2546 3051 4 2935 2934 2797 3051
4 3052 2941 2940 3053 4 3052 3053 2936 2935
4 3051 2546 2800 2799 4 2799 2798 2941 3052
4 3051 2799 3052 2935 4 2552 2551 2793 2802
4 2802 2801 3054 3055 4 2553 2552 2802 3055
4 3055 3054 2806 2805 4 2805 2804 2562 2803
4 2553 3055 2805 2803 4 2942 2941 2798 2808
4 2808 2558 2557 3056 4 2943 2942 2808 3056
4 3057 2949 2948 3058 4 3057 3058 2944 2943
4 3056 2557 2811 2810 4 2810 2809 2949 3057
4 3056 2810 3057 2943 4 2563 2562 2804 2813
4 2813 2812 3059 3060 4 2564 2563 2813 3060
4 2576 2575 2818 3061 4 2820 2819 2576 3061
4 2581 2580 2822 3062 4 2824 2823 2581 3062
4 2586 2585 2826 3063 4 2828 2827 2586 3063
4 2591 2590 2830 3064 4 2832 2831 2591 3064
4 2950 2949 2809 2834 4 2834 2569 2568 2838
4 2837 2950 2834 2838 4 2836 2596 2595 2835
4 2951 2837 2836 2835 4 2183 2184 2187 2186
4 2215 2181 2180 2183 5 2215 2183 2186 2218
2607 5 2574 2573 2815 2579 2578 4 3065 2572
2571 2574 4 3065 2574 2578 2954 4 2216 2215
2607 2606 4 2606 2221 2964 2963 4 2216 2606
2963 2217 4 2281 2280 2653 2662 4 2662 2661
2664 2663 4 2281 2662 2663 2282 4 2766 2511
2770 2769 4 2769 2768 2531 2767 4 2766 2769
2767 2508 4 3060 3059 2817 2816 4 2816 2815
2573 2814 4 2564 3060 2816 2814 4 3066 3067
3068 3069 4 3070 3066 3069 3071 4 3070 3071
3072 3073 4 3074 3075 3067 3066 4 3076 3074
3066 3070 4 3076 3070 3073 3077 4 3078 3079
3075 3074 4 3080 3078 3074 3076 4 3080 3076
3077 3081 4 3082 3083 3079 3078 4 3084 3082
3078 3080 4 3084 3080 3081 3085 4 3086 3087
3083 3082 4 3088 3086 3082 3084 4 3088 3084
3085 3089 4 3090 3091 3087 3086 4 3092 3090
3086 3088 4 3092 3088 3089 3093 4 3094 3095
3091 3090 4 3096 3094 3090 3092 4 3096 3092
3093 3097 4 3098 3099 3095 3094 4 3100 3098
3094 3096 4 3100 3096 3097 3101 4 3102 3103
3099 3098 4 3104 3102 3098 3100 4 3104 3100
3101 3105 4 3106 3107 3103 3102 4 3108 3106
3102 3104 4 3108 3104 3105 3109 4 3110 3111
3107 3106 4 3112 3110 3106 3108 4 3112 3108
3109 3113 4 3114 3115 3111 3110 4 3116 3114
3110 3112 4 3116 3112 3113 3117 4 3118 3119
3115 3114 4 3120 3118 3114 3116 4 3120 3116
3117 3121 4 3122 3123 3119 3118 4 3124 3122
3118 3120 4 3124 3120 3121 3125 4 3126 3127
3123 3122 4 3128 3126 3122 3124 4 3128 3124
3125 3129 4 3130 3131 3127 3126 4 3132 3130
3126 3128 4 3132 3128 3129 3133 4 3134 3135
3131 3130 4 3136 3134 3130 3132 4 3136 3132
3133 3137 4 3138 3139 3135 3134 4 3140 3138
3134 3136 4 3140 3136 3137 3141 4 3142 3143
3139 3138 4 3144 3142 3138 3140 4 3145 3144
3140 3141 4 3145 3141 3146 3147 4 3148 3149
3143 3142 4 3150 3148 3142 3144 4 3151 3150
3144 3145 4 3151 3145 3147 3152 4 3153 3154
3149 3148 4 3155 3153 3148 3150 4 3156 3155
3150 3151 4 3156 3151 3152 3157 4 3158 3159
3154 3153 4 3160 3158 3153 3155 4 3161 3160
3155 3156 4 3161 3156 3157 3162 4 3163 3164
3159 3158 4 3165 3163 3158 3160 4 3166 3165
3160 3161 4 3166 3161 3162 3167 4 3168 3169
3164 3163 4 3170 3168 3163 3165 4 3171 3170
3165 3166 4 3171 3166 3167 3172 4 3173 3174
3169 3168 4 3175 3173 3168 3170 4 3176 3175
3170 3171 4 3177 3176 3171 3172 4 3178 2209
2208 3179 4 3180 3178 3179 3181 4 3182 3180
3181 3183 4 3182 3183 3068 3067 5 3184 3185
3186 2209 3178 4 3187 3184 3178 3180 4 3188
3187 3180 3182 4 3188 3182 3067 3075 5 3189
3190 3191 3185 3184 4 3192 3189 3184 3187 4
3193 3192 3187 3188 4 3193 3188 3075 3079 5
3194 3195 3196 3190 3189 4 3197 3194 3189 3192
4 3198 3197 3192 3193 4 3198 3193 3079 3083
5 3199 2287 3200 3195 3194 4 3201 3199 3194
3197 4 3202 3201 3197 3198 4 3202 3198 3083
3087 4 3203 2288 2287 3199 4 3204 3203 3199
3201 4 3205 3204 3201 3202 4 3205 3202 3087
3091 4 3206 2309 2288 3203 4 3207 3206 3203
3204 4 3208 3207 3204 3205 4 3208 3205 3091
3095 4 3209 2319 2309 3206 4 3210 3209 3206
3207 4 3211 3210 3207 3208 4 3211 3208 3095
3099 4 3212 2334 2319 3209 4 3213 3212 3209
3210 4 3214 3213 3210 3211 4 3214 3211 3099
3103 4 3215 2352 2334 3212 4 3216 3215 3212
3213 4 3217 3216 3213 3214 4 3217 3214 3103
3107 5 3218 3219 3220 2352 3215 4 3221 3218
3215 3216 4 3222 3221 3216 3217 4 3222 3217
3107 3111 5 3223 3224 3225 3219 3218 4 3226
3223 3218 3221 4 3227 3226 3221 3222 4 3227
3222 3111 3115 5 3228 3229 3230 3224 3223 4
3231 3228 3223 3226 4 3232 3231 3226 3227 4
3232 3227 3115 3119 5 3233 3234 3235 3229 3228
4 3236 3233 3228 3231 4 3237 3236 3231 3232
4 3237 3232 3119 3123 5 3238 2461 3239 3234
3233 4 3240 3238 3233 3236 4 3241 3240 3236
3237 4 3241 3237 3123 3127 4 3242 2462 2461
3238 4 3243 3242 3238 3240 4 3244 3243 3240
3241 4 3244 3241 3127 3131 4 3245 2480 2462
3242 4 3246 3245 3242 3243 4 3247 3246 3243
3244 4 3247 3244 3131 3135 4 3248 2489 2480
3245 4 3249 3248 3245 3246 4 3250 3249 3246
3247 4 3250 3247 3135 3139 4 3251 2504 2489
3248 4 3252 3251 3248 3249 4 3253 3252 3249
3250 4 3253 3250 3139 3143 4 3254 2526 2504
3251 4 3255 3254 3251 3252 4 3256 3255 3252
3253 4 3256 3253 3143 3149 5 3257 2930 2929
2526 3254 4 3258 3257 3254 3255 4 3259 3258
3255 3256 4 3259 3256 3149 3154 5 3260 2938
2937 2930 3257 4 3261 3260 3257 3258 4 3262
3261 3258 3259 4 3262 3259 3154 3159 5 3263
2946 2945 2938 3260 4 3264 3263 3260 3261 4
3265 3264 3261 3262 4 3265 3262 3159 3164 5
3266 2601 2952 2946 3263 4 3267 3266 3263 3264
4 3268 3267 3264 3265 4 3268 3265 3164 3169
4 3269 2602 2601 3266 4 3270 3269 3266 3267
4 3271 3270 3267 3268 4 3271 3268 3169 3174
4 2238 2210 2209 3186 4 2248 2238 3186 3185
4 2249 2248 3185 3191 4 2260 2249 3191 3190
4 2261 2260 3190 3196 4 2272 2261 3196 3195
4 2273 2272 3195 3200 4 2286 2273 3200 2287
4 2378 2353 2352 3220 4 2388 2378 3220 3219
4 2389 2388 3219 3225 4 2400 2389 3225 3224
4 2401 2400 3224 3230 4 2412 2401 3230 3229
4 2413 2412 3229 3235 4 2424 2413 3235 3234
4 2425 2424 3234 3239 4 2460 2425 3239 2461
4 3272 3273 3274 3275 4 3276 3272 3275 3277
4 3278 3276 3277 3279 4 3280 3278 3279 3281
4 3282 3280 3281 3283 4 3284 3282 3283 3285
4 3286 3284 3285 3287 4 3288 3286 3287 3289
4 3290 3288 3289 3291 4 3292 3290 3291 3293
4 3294 3292 3293 3295 4 3296 3294 3295 3297
4 3298 3296 3297 3299 4 3300 3298 3299 3301
4 3302 3300 3301 3303 4 3304 3302 3303 3305
4 3306 3304 3305 3307 4 3308 3306 3307 3309
4 3310 3308 3309 3311 4 3312 3310 3311 3313
4 3314 3312 3313 3315 4 3316 3314 3315 3317
4 3318 3316 3317 3319 4 3320 3318 3319 3321
4 3320 3321 3322 3323 4 3324 3325 3273 3272
4 3326 3324 3272 3276 4 3327 3326 3276 3278
4 3328 3327 3278 3280 4 3329 3328 3280 3282
4 3330 3329 3282 3284 4 3331 3330 3284 3286
4 3332 3331 3286 3288 4 3333 3332 3288 3290
4 3334 3333 3290 3292 4 3335 3334 3292 3294
4 3336 3335 3294 3296 4 3337 3336 3296 3298
4 3338 3337 3298 3300 4 3339 3338 3300 3302
4 3340 3339 3302 3304 4 3341 3340 3304 3306
4 3342 3341 3306 3308 4 3343 3342 3308 3310
4 3344 3343 3310 3312 4 3345 3344 3312 3314
4 3346 3345 3314 3316 4 3347 3346 3316 3318
4 3348 3347 3318 3320 4 3348 3320 3323 3349
4 3350 3351 3325 3324 4 3352 3350 3324 3326
4 3353 3352 3326 3327 4 3354 3353 3327 3328
4 3355 3354 3328 3329 4 3356 3355 3329 3330
4 3357 3356 3330 3331 4 3358 3357 3331 3332
4 3359 3358 3332 3333 4 3360 3359 3333 3334
4 3361 3360 3334 3335 4 3362 3361 3335 3336
4 3363 3362 3336 3337 4 3364 3363 3337 3338
4 3365 3364 3338 3339 4 3366 3365 3339 3340
4 3367 3366 3340 3341 4 3368 3367 3341 3342
4 3369 3368 3342 3343 4 3370 3369 3343 3344
4 3371 3370 3344 3345 4 3372 3371 3345 3346
4 3373 3372 3346 3347 4 3374 3373 3347 3348
4 3374 3348 3349 3375 4 3376 3377 3351 3350
4 3378 3376 3350 3352 4 3379 3378 3352 3353
4 3380 3379 3353 3354 4 3381 3380 3354 3355
4 3382 3381 3355 3356 4 3383 3382 3356 3357
4 3384 3383 3357 3358 4 3385 3384 3358 3359
4 3386 3385 3359 3360 4 3387 3386 3360 3361
4 3388 3387 3361 3362 4 3389 3388 3362 3363
4 3390 3389 3363 3364 4 3391 3390 3364 3365
4 3392 3391 3365 3366 4 3393 3392 3366 3367
4 3394 3393 3367 3368 4 3395 3394 3368 3369
4 3396 3395 3369 3370 4 3397 3396 3370 3371
4 3398 3397 3371 3372 4 3399 3398 3372 3373
4 3400 3399 3373 3374 4 3400 3374 3375 3401
4 3402 3403 3377 3376 4 3404 3402 3376 3378
4 3405 3404 3378 3379 4 3406 3405 3379 3380
4 3407 3406 3380 3381 4 3408 3407 3381 3382
4 3409 3408 3382 3383 4 3410 3409 3383 3384
4 3411 3410 3384 3385 4 3412 3411 3385 3386
4 3413 3412 3386 3387 4 3414 3413 3387 3388
4 3415 3414 3388 3389 4 3416 3415 3389 3390
4 3417 3416 3390 3391 4 3418 3417 3391 3392
4 3419 3418 3392 3393 4 3420 3419 3393 3394
4 3421 3420 3394 3395 4 3422 3421 3395 3396
4 3423 3422 3396 3397 4 3424 3423 3397 3398
4 3425 3424 3398 3399 4 3426 3425 3399 3400
4 3426 3400 3401 3427 4 3428 3429 3403 3402
4 3430 3428 3402 3404 4 3431 3430 3404 3405
4 3432 3431 3405 3406 4 3433 3432 3406 3407
4 3434 3433 3407 3408 4 3435 3434 3408 3409
4 3436 3435 3409 3410 4 3437 3436 3410 3411
4 3438 3437 3411 3412 4 3439 3438 3412 3413
4 3440 3439 3413 3414 4 3441 3440 3414 3415
4 3442 3441 3415 3416 4 3443 3442 3416 3417
4 3444 3443 3417 3418 4 3445 3444 3418 3419
4 3446 3445 3419 3420 4 3447 3446 3420 3421
4 3448 3447 3421 3422 4 3449 3448 3422 3423
4 3450 3449 3423 3424 4 3451 3450 3424 3425
4 3452 3451 3425 3426 4 3452 3426 3427 3453
4 3454 3455 3429 3428 4 3456 3454 3428 3430
4 3457 3456 3430 3431 4 3458 3457 3431 3432
4 3459 3458 3432 3433 4 3460 3459 3433 3434
4 3461 3460 3434 3435 4 3462 3461 3435 3436
4 3463 3462 3436 3437 4 3464 3463 3437 3438
4 3465 3464 3438 3439 4 3466 3465 3439 3440
4 3467 3466 3440 3441 4 3468 3467 3441 3442
4 3469 3468 3442 3443 4 3470 3469 3443 3444
4 3471 3470 3444 3445 4 3472 3471 3445 3446
4 3473 3472 3446 3447 4 3474 3473 3447 3448
4 3475 3474 3448 3449 4 3476 3475 3449 3450
4 3477 3476 3450 3451 4 3478 3477 3451 3452
4 3478 3452 3453 3479 4 3480 3481 3455 3454
4 3482 3480 3454 3456 4 3483 3482 3456 3457
4 3484 3483 3457 3458 4 3485 3484 3458 3459
4 3486 3485 3459 3460 4 3487 3486 3460 3461
4 3488 3487 3461 3462 4 3489 3488 3462 3463
4 3490 3489 3463 3464 4 3491 3490 3464 3465
4 3492 3491 3465 3466 4 3493 3492 3466 3467
4 3494 3493 3467 3468 4 3495 3494 3468 3469
4 3496 3495 3469 3470 4 3497 3496 3470 3471
4 3498 3497 3471 3472 4 3499 3498 3472 3473
4 3500 3499 3473 3474 4 3501 3500 3474 3475
4 3502 3501 3475 3476 4 3503 3502 3476 3477
4 3504 3503 3477 3478 4 3504 3478 3479 3505
4 3506 3507 3481 3480 4 3508 3506 3480 3482
4 3509 3508 3482 3483 4 3510 3509 3483 3484
4 3511 3510 3484 3485 4 3512 3511 3485 3486
4 3513 3512 3486 3487 4 3514 3513 3487 3488
4 3515 3514 3488 3489 4 3516 3515 3489 3490
4 3517 3516 3490 3491 4 3518 3517 3491 3492
4 3519 3518 3492 3493 4 3520 3519 3493 3494
4 3521 3520 3494 3495 4 3522 3521 3495 3496
4 3523 3522 3496 3497 4 3524 3523 3497 3498
4 3525 3524 3498 3499 4 3526 3525 3499 3500
4 3527 3526 3500 3501 4 3528 3527 3501 3502
4 3529 3528 3502 3503 4 3530 3529 3503 3504
4 3530 3504 3505 3531 4 3532 3533 3507 3506
4 3534 3532 3506 3508 4 3535 3534 3508 3509
4 3536 3535 3509 3510 4 3537 3536 3510 3511
4 3538 3537 3511 3512 4 3539 3538 3512 3513
4 3540 3539 3513 3514 4 3541 3540 3514 3515
4 3542 3541 3515 3516 4 3543 3542 3516 3517
4 3544 3543 3517 3518 4 3545 3544 3518 3519
4 3546 3545 3519 3520 4 3547 3546 3520 3521
4 3548 3547 3521 3522 4 3549 3548 3522 3523
4 3550 3549 3523 3524 4 3551 3550 3524 3525
4 3552 3551 3525 3526 4 3553 3552 3526 3527
4 3554 3553 3527 3528 4 3555 3554 3528 3529
4 3556 3555 3529 3530 4 3556 3530 3531 3557
4 3558 3559 3533 3532 4 3560 3558 3532 3534
4 3561 3560 3534 3535 4 3562 3561 3535 3536
4 3563 3562 3536 3537 4 3564 3563 3537 3538
4 3565 3564 3538 3539 4 3566 3565 3539 3540
4 3567 3566 3540 3541 4 3568 3567 3541 3542
4 3569 3568 3542 3543 4 3570 3569 3543 3544
4 3571 3570 3544 3545 4 3572 3571 3545 3546
4 3573 3572 3546 3547 4 3574 3573 3547 3548
4 3575 3574 3548 3549 4 3576 3575 3549 3550
4 3577 3576 3550 3551 4 3578 3577 3551 3552
4 3579 3578 3552 3553 4 3580 3579 3553 3554
4 3581 3580 3554 3555 4 3582 3581 3555 3556
4 3582 3556 3557 3583 4 3584 3585 3559 3558
4 3586 3584 3558 3560 4 3587 3586 3560 3561
4 3588 3587 3561 3562 4 3589 3588 3562 3563
4 3590 3589 3563 3564 4 3591 3590 3564 3565
4 3592 3591 3565 3566 4 3593 3592 3566 3567
4 3594 3593 3567 3568 4 3595 3594 3568 3569
4 3596 3595 3569 3570 4 3597 3596 3570 3571
4 3598 3597 3571 3572 4 3599 3598 3572 3573
4 3600 3599 3573 3574 4 3601 3600 3574 3575
4 3602 3601 3575 3576 4 3603 3602 3576 3577
4 3604 3603 3577 3578 4 3605 3604 3578 3579
4 3606 3605 3579 3580 4 3607 3606 3580 3581
4 3608 3607 3581 3582 4 3608 3582 3583 3609
4 3610 3611 3585 3584 4 3612 3610 3584 3586
4 3613 3612 3586 3587 4 3614 3613 3587 3588
4 3615 3614 3588 3589 4 3616 3615 3589 3590
4 3617 3616 3590 3591 4 3618 3617 3591 3592
4 3619 3618 3592 3593 4 3620 3619 3593 3594
4 3621 3620 3594 3595 4 3622 3621 3595 3596
4 3623 3622 3596 3597 4 3624 3623 3597 3598
4 3625 3624 3598 3599 4 3626 3625 3599 3600
4 3627 3626 3600 3601 4 3628 3627 3601 3602
4 3629 3628 3602 3603 4 3630 3629 3603 3604
4 3631 3630 3604 3605 4 3632 3631 3605 3606
4 3633 3632 3606 3607 4 3634 3633 3607 3608
4 3634 3608 3609 3635 4 3636 3637 3611 3610
4 3638 3636 3610 3612 4 3639 3638 3612 3613
4 3640 3639 3613 3614 4 3641 3640 3614 3615
4 3642 3641 3615 3616 4 3643 3642 3616 3617
4 3644 3643 3617 3618 4 3645 3644 3618 3619
4 3646 3645 3619 3620 4 3647 3646 3620 3621
4 3648 3647 3621 3622 4 3649 3648 3622 3623
4 3650 3649 3623 3624 4 3651 3650 3624 3625
4 3652 3651 3625 3626 4 3653 3652 3626 3627
4 3654 3653 3627 3628 4 3655 3654 3628 3629
4 3656 3655 3629 3630 4 3657 3656 3630 3631
4 3658 3657 3631 3632 4 3659 3658 3632 3633
4 3660 3659 3633 3634 4 3660 3634 3635 3661
4 3662 3663 3637 3636 4 3664 3662 3636 3638
4 3665 3664 3638 3639 4 3666 3665 3639 3640
4 3667 3666 3640 3641 4 3668 3667 3641 3642
4 3669 3668 3642 3643 4 3670 3669 3643 3644
4 3671 3670 3644 3645 4 3672 3671 3645 3646
4 3673 3672 3646 3647 4 3674 3673 3647 3648
4 3675 3674 3648 3649 4 3676 3675 3649 3650
4 3677 3676 3650 3651 4 3678 3677 3651 3652
4 3679 3678 3652 3653 4 3680 3679 3653 3654
4 3681 3680 3654 3655 4 3682 3681 3655 3656
4 3683 3682 3656 3657 4 3684 3683 3657 3658
4 3685 3684 3658 3659 4 3686 3685 3659 3660
4 3686 3660 3661 3687 4 3688 3689 3663 3662
4 3690 3688 3662 3664 4 3691 3690 3664 3665
4 3692 3691 3665 3666 4 3693 3692 3666 3667
4 3694 3693 3667 3668 4 3695 3694 3668 3669
4 3696 3695 3669 3670 4 3697 3696 3670 3671
4 3698 3697 3671 3672 4 3699 3698 3672 3673
4 3700 3699 3673 3674 4 3701 3700 3674 3675
4 3702 3701 3675 3676 4 3703 3702 3676 3677
4 3704 3703 3677 3678 4 3705 3704 3678 3679
4 3706 3705 3679 3680 4 3707 3706 3680 3681
4 3708 3707 3681 3682 4 3709 3708 3682 3683
4 3710 3709 3683 3684 4 3711 3710 3684 3685
4 3712 3711 3685 3686 4 3712 3686 3687 3713
4 3714 3715 3689 3688 4 3716 3714 3688 3690
4 3717 3716 3690 3691 4 3718 3717 3691 3692
4 3719 3718 3692 3693 4 3720 3719 3693 3694
4 3721 3720 3694 3695 4 3722 3721 3695 3696
4 3723 3722 3696 3697 4 3724 3723 3697 3698
4 3725 3724 3698 3699 4 3726 3725 3699 3700
4 3727 3726 3700 3701 4 3728 3727 3701 3702
4 3729 3728 3702 3703 4 3730 3729 3703 3704
4 3731 3730 3704 3705 4 3732 3731 3705 3706
4 3733 3732 3706 3707 4 3734 3733 3707 3708
4 3735 3734 3708 3709 4 3736 3735 3709 3710
4 3737 3736 3710 3711 4 3738 3737 3711 3712
4 3738 3712 3713 3739 4 3740 3741 3715 3714
4 3742 3740 3714 3716 4 3743 3742 3716 3717
4 3744 3743 3717 3718 4 3745 3744 3718 3719
4 3746 3745 3719 3720 4 3747 3746 3720 3721
4 3748 3747 3721 3722 4 3749 3748 3722 3723
4 3750 3749 3723 3724 4 3751 3750 3724 3725
4 3752 3751 3725 3726 4 3753 3752 3726 3727
4 3754 3753 3727 3728 4 3755 3754 3728 3729
4 3756 3755 3729 3730 4 3757 3756 3730 3731
4 3758 3757 3731 3732 4 3759 3758 3732 3733
4 3760 3759 3733 3734 4 3761 3760 3734 3735
4 3762 3761 3735 3736 4 3763 3762 3736 3737
4 3764 3763 3737 3738 4 3764 3738 3739 3765
4 3766 3767 3741 3740 4 3768 3766 3740 3742
4 3769 3768 3742 3743 4 3770 3769 3743 3744
4 3771 3770 3744 3745 4 3772 3771 3745 3746
4 3773 3772 3746 3747 4 3774 3773 3747 3748
4 3775 3774 3748 3749 4 3776 3775 3749 3750
4 3777 3776 3750 3751 4 3778 3777 3751 3752
4 3779 3778 3752 3753 4 3780 3779 3753 3754
4 3781 3780 3754 3755 4 3782 3781 3755 3756
4 3783 3782 3756 3757 4 3784 3783 3757 3758
4 3785 3784 3758 3759 4 3786 3785 3759 3760
4 3787 3786 3760 3761 4 3788 3787 3761 3762
4 3789 3788 3762 3763 4 3790 3789 3763 3764
4 3790 3764 3765 3791 4 3792 3793 3767 3766
4 3794 3792 3766 3768 4 3795 3794 3768 3769
4 3796 3795 3769 3770 4 3797 3796 3770 3771
4 3798 3797 3771 3772 4 3799 3798 3772 3773
4 3800 3799 3773 3774 4 3801 3800 3774 3775
4 3802 3801 3775 3776 4 3803 3802 3776 3777
4 3804 3803 3777 3778 4 3805 3804 3778 3779
4 3806 3805 3779 3780 4 3807 3806 3780 3781
4 3808 3807 3781 3782 4 3809 3808 3782 3783
4 3810 3809 3783 3784 4 3811 3810 3784 3785
4 3812 3811 3785 3786 4 3813 3812 3786 3787
4 3814 3813 3787 3788 4 3815 3814 3788 3789
4 3816 3815 3789 3790 4 3816 3790 3791 3817
4 3818 3819 3793 3792 4 3820 3818 3792 3794
4 3821 3820 3794 3795 4 3822 3821 3795 3796
4 3823 3822 3796 3797 4 3824 3823 3797 3798
4 3825 3824 3798 3799 4 3826 3825 3799 3800
4 3827 3826 3800 3801 4 3828 3827 3801 3802
4 3829 3828 3802 3803 4 3830 3829 3803 3804
4 3831 3830 3804 3805 4 3832 3831 3805 3806
4 3833 3832 3806 3807 4 3834 3833 3807 3808
4 3835 3834 3808 3809 4 3836 3835 3809 3810
4 3837 3836 3810 3811 4 3838 3837 3811 3812
4 3839 3838 3812 3813 4 3840 3839 3813 3814
4 3841 3840 3814 3815 4 3842 3841 3815 3816
4 3842 3816 3817 3843 4 3844 3845 3819 3818
4 3846 3844 3818 3820 4 3847 3846 3820 3821
4 3848 3847 3821 3822 4 3849 3848 3822 3823
4 3850 3849 3823 3824 4 3851 3850 3824 3825
4 3852 3851 3825 3826 4 3853 3852 3826 3827
4 3854 3853 3827 3828 4 3855 3854 3828 3829
4 3856 3855 3829 3830 4 3857 3856 3830 3831
4 3858 3857 3831 3832 4 3859 3858 3832 3833
4 3860 3859 3833 3834 4 3861 3860 3834 3835
4 3862 3861 3835 3836 4 3863 3862 3836 3837
4 3864 3863 3837 3838 4 3865 3864 3838 3839
4 3866 3865 3839 3840 4 3867 3866 3840 3841
4 3868 3867 3841 3842 4 3868 3842 3843 3869
4 3870 3871 3845 3844 4 3872 3870 3844 3846
4 3873 3872 3846 3847 4 3874 3873 3847 3848
4 3875 3874 3848 3849 4 3876 3875 3849 3850
4 3877 3876 3850 3851 4 3878 3877 3851 3852
4 3879 3878 3852 3853 4 3880 3879 3853 3854
4 3881 3880 3854 3855 4 3882 3881 3855 3856
4 3883 3882 3856 3857 4 3884 3883 3857 3858
4 3885 3884 3858 3859 4 3886 3885 3859 3860
4 3887 3886 3860 3861 4 3888 3887 3861 3862
4 3889 3888 3862 3863 4 3890 3889 3863 3864
4 3891 3890 3864 3865 4 3892 3891 3865 3866
4 3893 3892 3866 3867 4 3894 3893 3867 3868
4 3894 3868 3869 3895 4 3896 3897 3871 3870
4 3898 3896 3870 3872 4 3899 3898 3872 3873
4 3900 3899 3873 3874 4 3901 3900 3874 3875
4 3902 3901 3875 3876 4 3903 3902 3876 3877
4 3904 3903 3877 3878 4 3905 3904 3878 3879
4 3906 3905 3879 3880 4 3907 3906 3880 3881
4 3908 3907 3881 3882 4 3909 3908 3882 3883
4 3910 3909 3883 3884 4 3911 3910 3884 3885
4 3912 3911 3885 3886 4 3913 3912 3886 3887
4 3914 3913 3887 3888 4 3915 3914 3888 3889
4 3916 3915 3889 3890 4 3917 3916 3890 3891
4 3918 3917 3891 3892 4 3919 3918 3892 3893
4 3920 3919 3893 3894 4 3920 3894 3895 3921
4 3922 3923 3897 3896 4 3924 3922 3896 3898
4 3925 3924 3898 3899 4 3926 3925 3899 3900
4 3927 3926 3900 3901 4 3928 3927 3901 3902
4 3929 3928 3902 3903 4 3930 3929 3903 3904
4 3931 3930 3904 3905 4 3932 3931 3905 3906
4 3933 3932 3906 3907 4 3934 3933 3907 3908
4 3935 3934 3908 3909 4 3936 3935 3909 3910
4 3937 3936 3910 3911 4 3938 3937 3911 3912
4 3939 3938 3912 3913 4 3940 3939 3913 3914
4 3941 3940 3914 3915 4 3942 3941 3915 3916
4 3943 3942 3916 3917 4 3944 3943 3917 3918
4 3945 3944 3918 3919 4 3946 3945 3919 3920
4 3946 3920 3921 3947 4 3948 3949 3950 3951
4 3948 3951 3274 3273 4 3952 3953 3949 3948
4 3952 3948 3273 3325 4 3954 3955 3953 3952
4 3954 3952 3325 3351 4 3956 3957 3955 3954
4 3956 3954 3351 3377 4 3958 3959 3957 3956
4 3958 3956 3377 3403 4 3960 3961 3959 3958
4 3960 3958 3403 3429 4 3962 3963 3961 3960
4 3962 3960 3429 3455 4 3964 3965 3963 3962
4 3964 3962 3455 3481 4 3966 3967 3965 3964
4 3966 3964 3481 3507 4 3968 3969 3967 3966
4 3968 3966 3507 3533 4 3970 3971 3969 3968
4 3970 3968 3533 3559 4 3972 3973 3971 3970
4 3972 3970 3559 3585 4 3974 3975 3973 3972
4 3974 3972 3585 3611 4 3976 3977 3975 3974
4 3976 3974 3611 3637 4 3978 3979 3977 3976
4 3978 3976 3637 3663 4 3980 3981 3979 3978
4 3980 3978 3663 3689 4 3982 3983 3981 3980
4 3982 3980 3689 3715 4 3984 3985 3983 3982
4 3984 3982 3715 3741 4 3986 3987 3985 3984
4 3986 3984 3741 3767 4 3988 3989 3987 3986
4 3988 3986 3767 3793 4 3990 3991 3989 3988
4 3990 3988 3793 3819 4 3992 3993 3991 3990
4 3992 3990 3819 3845 4 3994 3995 3993 3992
4 3994 3992 3845 3871 4 3996 3997 3995 3994
4 3996 3994 3871 3897 4 3998 3999 3997 3996
4 3998 3996 3897 3923 4 4000 4001 4002 4003
4 4004 4000 4003 4005 4 4006 4004 4005 4007
4 4008 4006 4007 4009 4 4010 4008 4009 4011
4 4012 4010 4011 4013 4 4014 4012 4013 4015
4 4016 4014 4015 4017 4 4018 4016 4017 4019
4 4020 4018 4019 4021 4 4022 4020 4021 4023
4 4024 4022 4023 4025 4 4026 4024 4025 4027
4 4028 4026 4027 4029 4 4030 4028 4029 4031
4 4032 4030 4031 4033 4 4034 4032 4033 4035
4 4034 4035 3950 3949 4 4036 4037 4001 4000
4 4038 4036 4000 4004 4 4039 4038 4004 4006
4 4040 4039 4006 4008 4 4041 4040 4008 4010
4 4042 4041 4010 4012 4 4043 4042 4012 4014
4 4044 4043 4014 4016 4 4045 4044 4016 4018
4 4046 4045 4018 4020 4 4047 4046 4020 4022
4 4048 4047 4022 4024 4 4049 4048 4024 4026
4 4050 4049 4026 4028 4 4051 4050 4028 4030
4 4052 4051 4030 4032 4 4053 4052 4032 4034
4 4053 4034 3949 3953 4 4054 4055 4037 4036
4 4056 4054 4036 4038 4 4057 4056 4038 4039
4 4058 4057 4039 4040 4 4059 4058 4040 4041
4 4060 4059 4041 4042 4 4061 4060 4042 4043
4 4062 4061 4043 4044 4 4063 4062 4044 4045
4 4064 4063 4045 4046 4 4065 4064 4046 4047
4 4066 4065 4047 4048 4 4067 4066 4048 4049
4 4068 4067 4049 4050 4 4069 4068 4050 4051
4 4070 4069 4051 4052 4 4071 4070 4052 4053
4 4071 4053 3953 3955 4 4072 4073 4055 4054
4 4074 4072 4054 4056 4 4075 4074 4056 4057
4 4076 4075 4057 4058 4 4077 4076 4058 4059
4 4078 4077 4059 4060 4 4079 4078 4060 4061
4 4080 4079 4061 4062 4 4081 4080 4062 4063
4 4082 4081 4063 4064 4 4083 4082 4064 4065
4 4084 4083 4065 4066 4 4085 4084 4066 4067
4 4086 4085 4067 4068 4 4087 4086 4068 4069
4 4088 4087 4069 4070 4 4089 4088 4070 4071
4 4089 4071 3955 3957 4 4090 4091 4072 4074
4 4092 4090 4074 4075 4 4093 4092 4075 4076
4 4094 4093 4076 4077 4 4095 4094 4077 4078
4 4096 4095 4078 4079 4 4097 4096 4079 4080
4 4098 4097 4080 4081 4 4099 4098 4081 4082
4 4100 4099 4082 4083 4 4101 4100 4083 4084
4 4102 4101 4084 4085 4 4103 4102 4085 4086
4 4104 4103 4086 4087 4 4105 4104 4087 4088
4 4106 4105 4088 4089 4 4106 4089 3957 3959
4 4107 4108 4091 4090 4 4109 4107 4090 4092
4 4110 4109 4092 4093 4 4111 4110 4093 4094
4 4112 4111 4094 4095 4 4113 4112 4095 4096
4 4114 4113 4096 4097 4 4115 4114 4097 4098
4 4116 4115 4098 4099 4 4117 4116 4099 4100
4 4118 4117 4100 4101 4 4119 4118 4101 4102
4 4120 4119 4102 4103 4 4121 4120 4103 4104
4 4122 4121 4104 4105 4 4123 4122 4105 4106
4 4123 4106 3959 3961 4 4124 4125 4108 4107
4 4126 4124 4107 4109 4 4127 4126 4109 4110
4 4128 4127 4110 4111 4 4129 4128 4111 4112
4 4130 4129 4112 4113 4 4131 4130 4113 4114
4 4132 4131 4114 4115 4 4133 4132 4115 4116
4 4134 4133 4116 4117 4 4135 4134 4117 4118
4 4136 4135 4118 4119 4 4137 4136 4119 4120
4 4138 4137 4120 4121 4 4139 4138 4121 4122
4 4140 4139 4122 4123 4 4140 4123 3961 3963
4 4141 4142 4125 4124 4 4143 4141 4124 4126
4 4144 4143 4126 4127 4 4145 4144 4127 4128
4 4146 4145 4128 4129 4 4147 4146 4129 4130
4 4148 4147 4130 4131 4 4149 4148 4131 4132
4 4150 4149 4132 4133 4 4151 4150 4133 4134
4 4152 4151 4134 4135 4 4153 4152 4135 4136
4 4154 4153 4136 4137 4 4155 4154 4137 4138
4 4156 4155 4138 4139 4 4157 4156 4139 4140
4 4157 4140 3963 3965 4 4158 4159 4142 4141
4 4160 4158 4141 4143 4 4161 4160 4143 4144
4 4162 4161 4144 4145 4 4163 4162 4145 4146
4 4164 4163 4146 4147 4 4165 4164 4147 4148
4 4166 4165 4148 4149 4 4167 4166 4149 4150
4 4168 4167 4150 4151 4 4169 4168 4151 4152
4 4170 4169 4152 4153 4 4171 4170 4153 4154
4 4172 4171 4154 4155 4 4173 4172 4155 4156
4 4174 4173 4156 4157 4 4174 4157 3965 3967
4 4175 4176 4159 4158 4 4177 4175 4158 4160
4 4178 4177 4160 4161 4 4179 4178 4161 4162
4 4180 4179 4162 4163 4 4181 4180 4163 4164
4 4182 4181 4164 4165 4 4183 4182 4165 4166
4 4184 4183 4166 4167 4 4185 4184 4167 4168
4 4186 4185 4168 4169 4 4187 4186 4169 4170
4 4188 4187 4170 4171 4 4189 4188 4171 4172
4 4190 4189 4172 4173 4 4191 4190 4173 4174
4 4191 4174 3967 3969 4 4192 4193 4176 4175
4 4194 4192 4175 4177 4 4195 4194 4177 4178
4 4196 4195 4178 4179 4 4197 4196 4179 4180
4 4198 4197 4180 4181 4 4199 4198 4181 4182
4 4200 4199 4182 4183 4 4201 4200 4183 4184
4 4202 4201 4184 4185 4 4203 4202 4185 4186
4 4204 4203 4186 4187 4 4205 4204 4187 4188
4 4206 4205 4188 4189 4 4207 4206 4189 4190
4 4208 4207 4190 4191 4 4208 4191 3969 3971
4 4209 4210 4193 4192 4 4211 4209 4192 4194
4 4212 4211 4194 4195 4 4213 4212 4195 4196
4 4214 4213 4196 4197 4 4215 4214 4197 4198
4 4216 4215 4198 4199 4 4217 4216 4199 4200
4 4218 4217 4200 4201 4 4219 4218 4201 4202
4 4220 4219 4202 4203 4 4221 4220 4203 4204
4 4222 4221 4204 4205 4 4223 4222 4205 4206
4 4224 4223 4206 4207 4 4225 4224 4207 4208
4 4225 4208 3971 3973 4 4226 4227 4210 4209
4 4228 4226 4209 4211 4 4229 4228 4211 4212
4 4230 4229 4212 4213 4 4231 4230 4213 4214
4 4232 4231 4214 4215 4 4233 4232 4215 4216
4 4234 4233 4216 4217 4 4235 4234 4217 4218
4 4236 4235 4218 4219 4 4237 4236 4219 4220
4 4238 4237 4220 4221 4 4239 4238 4221 4222
4 4240 4239 4222 4223 4 4241 4240 4223 4224
4 4242 4241 4224 4225 4 4242 4225 3973 3975
4 4243 4244 4227 4226 4 4245 4243 4226 4228
4 4246 4245 4228 4229 4 4247 4246 4229 4230
4 4248 4247 4230 4231 4 4249 4248 4231 4232
4 4250 4249 4232 4233 4 4251 4250 4233 4234
4 4252 4251 4234 4235 4 4253 4252 4235 4236
4 4254 4253 4236 4237 4 4255 4254 4237 4238
4 4256 4255 4238 4239 4 4257 4256 4239 4240
4 4258 4257 4240 4241 4 4259 4258 4241 4242
4 4259 4242 3975 3977 4 4260 4261 4244 4243
4 4262 4260 4243 4245 4 4263 4262 4245 4246
4 4264 4263 4246 4247 4 4265 4264 4247 4248
4 4266 4265 4248 4249 4 4267 4266 4249 4250
4 4268 4267 4250 4251 4 4269 4268 4251 4252
4 4270 4269 4252 4253 4 4271 4270 4253 4254
4 4272 4271 4254 4255 4 4273 4272 4255 4256
4 4274 4273 4256 4257 4 4275 4274 4257 4258
4 4276 4275 4258 4259 4 4276 4259 3977 3979
4 4277 4278 4261 4260 4 4279 4277 4260 4262
4 4280 4279 4262 4263 4 4281 4280 4263 4264
4 4282 4281 4264 4265 4 4283 4282 4265 4266
4 4284 4283 4266 4267 4 4285 4284 4267 4268
4 4286 4285 4268 4269 4 4287 4286 4269 4270
4 4288 4287 4270 4271 4 4289 4288 4271 4272
4 4290 4289 4272 4273 4 4291 4290 4273 4274
4 4292 4291 4274 4275 4 4293 4292 4275 4276
4 4293 4276 3979 3981 4 4294 4295 4278 4277
4 4296 4294 4277 4279 4 4297 4296 4279 4280
4 4298 4297 4280 4281 4 4299 4298 4281 4282
4 4300 4299 4282 4283 4 4301 4300 4283 4284
4 4302 4301 4284 4285 4 4303 4302 4285 4286
4 4304 4303 4286 4287 4 4305 4304 4287 4288
4 4306 4305 4288 4289 4 4307 4306 4289 4290
4 4308 4307 4290 4291 4 4309 4308 4291 4292
4 4310 4309 4292 4293 4 4310 4293 3981 3983
4 4311 4312 4295 4294 4 4313 4311 4294 4296
4 4314 4313 4296 4297 4 4315 4314 4297 4298
4 4316 4315 4298 4299 4 4317 4316 4299 4300
4 4318 4317 4300 4301 4 4319 4318 4301 4302
4 4320 4319 4302 4303 4 4321 4320 4303 4304
4 4322 4321 4304 4305 4 4323 4322 4305 4306
4 4324 4323 4306 4307 4 4325 4324 4307 4308
4 4326 4325 4308 4309 4 4327 4326 4309 4310
4 4327 4310 3983 3985 4 4328 4329 4312 4311
4 4330 4328 4311 4313 4 4331 4330 4313 4314
4 4332 4331 4314 4315 4 4333 4332 4315 4316
4 4334 4333 4316 4317 4 4335 4334 4317 4318
4 4336 4335 4318 4319 4 4337 4336 4319 4320
4 4338 4337 4320 4321 4 4339 4338 4321 4322
4 4340 4339 4322 4323 4 4341 4340 4323 4324
4 4342 4341 4324 4325 4 4343 4342 4325 4326
4 4344 4343 4326 4327 4 4344 4327 3985 3987
4 4345 4346 4329 4328 4 4347 4345 4328 4330
4 4348 4347 4330 4331 4 4349 4348 4331 4332
4 4350 4349 4332 4333 4 4351 4350 4333 4334
4 4352 4351 4334 4335 4 4353 4352 4335 4336
4 4354 4353 4336 4337 4 4355 4354 4337 4338
4 4356 4355 4338 4339 4 4357 4356 4339 4340
4 4358 4357 4340 4341 4 4359 4358 4341 4342
4 4360 4359 4342 4343 4 4361 4360 4343 4344
4 4361 4344 3987 3989 4 4362 4363 4346 4345
4 4364 4362 4345 4347 4 4365 4364 4347 4348
4 4366 4365 4348 4349 4 4367 4366 4349 4350
4 4368 4367 4350 4351 4 4369 4368 4351 4352
4 4370 4369 4352 4353 4 4371 4370 4353 4354
4 4372 4371 4354 4355 4 4373 4372 4355 4356
4 4374 4373 4356 4357 4 4375 4374 4357 4358
4 4376 4375 4358 4359 4 4377 4376 4359 4360
4 4378 4377 4360 4361 4 4378 4361 3989 3991
4 4379 4380 4363 4362 4 4381 4379 4362 4364
4 4382 4381 4364 4365 4 4383 4382 4365 4366
4 4384 4383 4366 4367 4 4385 4384 4367 4368
4 4386 4385 4368 4369 4 4387 4386 4369 4370
4 4388 4387 4370 4371 4 4389 4388 4371 4372
4 4390 4389 4372 4373 4 4391 4390 4373 4374
4 4392 4391 4374 4375 4 4393 4392 4375 4376
4 4394 4393 4376 4377 4 4395 4394 4377 4378
4 4395 4378 3991 3993 4 4396 4397 4380 4379
4 4398 4396 4379 4381 4 4399 4398 4381 4382
4 4400 4399 4382 4383 4 4401 4400 4383 4384
4 4402 4401 4384 4385 4 4403 4402 4385 4386
4 4404 4403 4386 4387 4 4405 4404 4387 4388
4 4406 4405 4388 4389 4 4407 4406 4389 4390
4 4408 4407 4390 4391 4 4409 4408 4391 4392
4 4410 4409 4392 4393 4 4411 4410 4393 4394
4 4412 4411 4394 4395 4 4412 4395 3993 3995
4 4413 4414 4397 4396 4 4415 4413 4396 4398
4 4416 4415 4398 4399 4 4417 4416 4399 4400
4 4418 4417 4400 4401 4 4419 4418 4401 4402
4 4420 4419 4402 4403 4 4421 4420 4403 4404
4 4422 4421 4404 4405 4 4423 4422 4405 4406
4 4424 4423 4406 4407 4 4425 4424 4407 4408
4 4426 4425 4408 4409 4 4427 4426 4409 4410
4 4428 4427 4410 4411 4 4429 4428 4411 4412
4 4429 4412 3995 3997 4 4430 4431 4414 4413
4 4432 4430 4413 4415 4 4433 4432 4415 4416
4 4434 4433 4416 4417 4 4435 4434 4417 4418
4 4436 4435 4418 4419 4 4437 4436 4419 4420
4 4438 4437 4420 4421 4 4439 4438 4421 4422
4 4440 4439 4422 4423 4 4441 4440 4423 4424
4 4442 4441 4424 4425 4 4443 4442 4425 4426
4 4444 4443 4426 4427 4 4445 4444 4427 4428
4 4446 4445 4428 4429 4 4446 4429 3997 3999
4 4447 3073 3072 4448 4 4447 4448 4002 4001
4 4449 3077 3073 4447 4 4449 4447 4001 4037
4 4450 3081 3077 4449 4 4450 4449 4037 4055
4 4451 3085 3081 4450 4 4451 4450 4055 4073
4 4452 3089 3085 4451 4 4453 4452 4451 4073
4 4453 4073 4072 4091 4 4454 3093 3089 4452
4 4455 4454 4452 4453 4 4455 4453 4091 4108
4 4456 3097 3093 4454 4 4457 4456 4454 4455
4 4457 4455 4108 4125 4 4458 3101 3097 4456
4 4459 4458 4456 4457 4 4459 4457 4125 4142
4 4460 3105 3101 4458 4 4461 4460 4458 4459
4 4461 4459 4142 4159 4 4462 3109 3105 4460
4 4463 4462 4460 4461 4 4463 4461 4159 4176
4 4464 3113 3109 4462 4 4465 4464 4462 4463
4 4465 4463 4176 4193 4 4466 3117 3113 4464
4 4467 4466 4464 4465 4 4467 4465 4193 4210
4 4468 3121 3117 4466 4 4469 4468 4466 4467
4 4469 4467 4210 4227 4 4470 3125 3121 4468
4 4471 4470 4468 4469 4 4471 4469 4227 4244
4 4472 3129 3125 4470 4 4473 4472 4470 4471
4 4473 4471 4244 4261 4 4474 3133 3129 4472
4 4475 4474 4472 4473 4 4475 4473 4261 4278
4 4476 3137 3133 4474 4 4477 4476 4474 4475
4 4477 4475 4278 4295 4 3146 3141 3137 4476
4 4478 3146 4476 4477 4 4478 4477 4295 4312
4 4479 3147 3146 4478 4 4479 4478 4312 4329
4 4480 3152 3147 4479 4 4480 4479 4329 4346
4 4481 3157 3152 4480 4 4481 4480 4346 4363
4 4482 3162 3157 4481 4 4482 4481 4363 4380
4 4483 3167 3162 4482 4 4483 4482 4380 4397
4 4484 3172 3167 4483 4 4484 4483 4397 4414
4 4485 3177 3172 4484 4 4485 4484 4414 4431

POINT_DATA 4486
FIELD attributes 5
p 1 4486 float
540.905 557.451 556.699 542.322 542.322 544.594 568.137 568.919 576.503 577.075 576.918
577.362 577.224 577.533 578.095 578.329 578.837 579.024 579.295 579.443 579.596
579.713 579.832 579.924 580.034 580.102 580.219 580.258 580.408 580.4 580.629
580.52 580.931 580.569 581.327 580.352 581.76 579.207 570.349 565.692 582.526
569.64 562.672 560.943 553.4 550.495 550.751 554.369 549.5 548.795 548.53
549.349 548.289 548.076 547.723 547.992 548.149 548.567 547.738 547.669 539.222
558.246 539.816 567.527 576.144 576.632 577.037 577.96 578.727 579.203 579.516
579.761 579.974 580.182 580.432 580.811 581.528 582.943 585.097 587.842 587.196
552.089 561.167 578.604 545.905 547.479 547.128 543.821 548.529 548.431 548.928
548.858 548.028 547.878 548.477 548.625 547.437 547.303 547.865 548.008 538.762
558.29 539.326 567.775 576.608 576.966 577.253 578.123 578.856 579.296 579.575
579.789 579.976 580.167 580.418 580.854 581.769 583.699 589.69 589.789 592.043
593.743 603.817 603.719 601.885 601.269 538.3 558.106 538.848 567.91 577.076
577.311 577.452 578.272 578.98 579.387 579.627 579.8 579.941 580.076 580.255
580.595 581.386 583.173 590.549 589.478 594.651 595.157 605.302 606.216 604.331
603.076 537.819 557.731 538.479 568.024 577.453 577.614 577.648 578.426 579.11
579.48 579.673 579.794 579.869 579.911 579.943 580.023 580.296 581.014 588.442
584.37 594.758 592.878 607.9 608.952 606.509 605.185 537.451 557.386 538.245
568.1 577.694 577.826 577.801 578.546 579.205 579.543 579.694 579.763 579.769
579.706 579.56 579.31 578.901 578.162 579.638 576.259 587.268 579.643 603.725
559.091 578.302 599.974 537.209 557.126 538.107 568.104 577.769 577.917 577.884
578.615 579.259 579.575 579.699 579.731 579.686 579.545 579.276 578.807 578.004
576.563 573.783 568.109 575.173 571.067 560.118 564.804 557.873 554.26 553.559
551.44 552.121 550.245 549.724 549.309 549.111 551.584 537.075 556.962 538.038
568.051 577.718 577.909 577.904 578.638 579.276 579.583 579.695 579.711 579.646
579.48 579.177 578.663 577.796 576.306 573.683 568.895 562.215 556.367 553.174
552.019 537.013 556.875 538.008 567.984 577.627 577.864 577.898 578.643 579.281
579.589 579.702 579.722 579.668 579.529 579.281 578.873 578.191 576.969 574.62
568.557 559.194 563.499 554.751 556.296 552.157 553.167 550.911 551.265 536.991
556.841 537.992 567.93 577.549 577.82 577.886 578.644 579.286 579.599 579.721
579.758 579.737 579.666 579.548 579.394 579.218 578.978 577.996 568.284 567.792
577.247 562.318 553.408 555.831 551.78 552.534 550.458 551.053 550.838 549.854
550.078 536.986 556.836 537.98 567.891 577.497 577.787 577.874 578.642 579.29
579.61 579.743 579.802 579.822 579.829 579.869 580.045 580.584 581.893 582.378
587.355 583.539 564.714 554.213 567.468 552.916 551.826 549.678 547.918 550.365
550.139 550.067 550.102 549.337 549.044 549.253 549.502 548.306 547.893 547.667
548.235 536.985 556.836 537.974 567.872 577.471 577.77 577.868 578.641 579.293
579.617 579.759 579.831 579.878 579.937 580.083 580.475 581.487 583.792 590.747
591.346 592.143 595.853 609.037 610.15 607.633 605.446 536.985 556.837 537.974
567.872 577.471 577.77 577.868 578.642 579.294 579.618 579.76 579.832 579.879
579.939 580.085 580.478 581.49 583.796 592.465 591.353 597.336 597.813 610.961
610.888 608.773 608.213 536.987 556.837 537.982 567.892 577.498 577.788 577.876
578.645 579.293 579.613 579.747 579.806 579.827 579.834 579.877 580.052 580.592
581.9 590.752 587.363 597.343 595.856 610.938 611.208 608.891 608.196 536.994
556.844 537.994 567.932 577.551 577.822 577.889 578.647 579.29 579.605 579.728
579.766 579.746 579.675 579.559 579.406 579.232 578.993 582.387 578.013 592.149
583.549 609.041 601.73 599.459 605.45 537.017 556.878 538.012 567.988 577.63
577.868 577.902 578.649 579.287 579.597 579.711 579.732 579.679 579.542 579.296
578.889 578.21 576.99 574.643 568.306 568.584 577.263 567.81 564.736 557.395
562.335 551.886 551.149 553.414 555.826 552.971 550.224 549.968 551.865 552.617
550.447 549.107 548.904 550.494 551.107 549.409 547.877 547.596 549.906 550.107
548.329 537.079 556.966 538.043 568.055 577.722 577.914 577.91 578.646 579.284
579.593 579.707 579.724 579.661 579.497 579.196 578.684 577.821 576.335 573.718
568.94 562.268 563.534 559.222 556.41 556.327 554.821 553.199 553.231 552.187
551.274 550.922 552.052 537.214 557.131 538.112 568.109 577.774 577.923 577.891
578.624 579.269 579.587 579.713 579.747 579.704 579.566 579.299 578.833 578.034
576.598 573.827 568.171 560.206 554.365 552.224 551.683 537.457 557.391 538.251
568.106 577.7 577.833 577.809 578.556 579.217 579.557 579.711 579.782 579.79
579.73 579.588 579.34 578.934 578.2 576.304 571.127 575.222 557.967 564.879
551.543 553.664 549.833 550.353 549.222 549.421 537.826 557.737 538.487 568.031
577.459 577.622 577.658 578.438 579.123 579.496 579.692 579.814 579.893 579.937
579.972 580.055 580.331 581.052 579.681 584.409 579.689 533.051 547.323 567.496
550.116 548.623 545.973 550.208 550.255 550.399 549.455 549.675 549.887 548.638
547.995 548.439 548.846 538.308 558.112 538.857 567.917 577.083 577.32 577.463
578.285 578.995 579.405 579.647 579.822 579.966 580.104 580.287 580.63 581.423
583.211 588.479 589.514 592.915 587.309 603.753 607.248 604.632 600.005 538.77
558.296 539.336 567.783 576.616 576.976 577.264 578.137 578.872 579.314 579.596
579.813 580.003 580.197 580.451 580.89 581.807 583.738 590.584 589.825 594.792
595.19 607.925 606.89 604.965 605.212 539.23 558.254 539.825 567.536 576.152
576.642 577.049 577.974 578.744 579.222 579.538 579.786 580.003 580.214 580.465
580.848 581.567 582.983 589.726 587.882 594.685 593.778 605.326 604.56 602.789
603.101 540.913 557.458 542.332 568.145 576.512 576.928 577.236 578.11 578.854
579.315 579.618 579.857 580.063 580.251 580.443 580.666 580.971 581.37 585.141
581.807 592.082 587.242 603.847 603.091 600.955 601.301 542.331 556.706 544.604
568.928 577.083 577.372 577.545 578.344 579.041 579.463 579.736 579.95 580.131
580.29 580.434 580.557 580.61 580.395 579.257 570.424 569.714 582.578 565.773
552.201 538.511 562.763 547.608 548.541 550.871 554.479 546.034 548.558 548.466
548.653 549.474 548.657 547.989 547.847 547.826 548.108 548.144 547.363 547.16
547.779 547.754 547.523 536.373 539.41 600.921 603.058 548.628 548.362 548.76
548.18 548.172 547.594 602.763 604.535 604.939 606.866 604.602 607.22 567.433
547.238 532.943 536.464 545.854 548.503 550.001 549.974 550.288 550.145 550.097
549.884 549.771 549.556 549.332 548.984 548.711 548.296 547.832 548.541 543.204
553.817 599.452 601.723 550.053 550.663 549.734 549.591 548.651 548.529 608.899
611.217 608.758 610.869 607.636 610.153 567.486 554.243 553.857 543.298 548.015
549.762 550.738 550.125 550.175 550.141 549.668 549.811 549.575 549.317 548.569
548.693 548.258 547.662 536.583 578.354 559.162 550.086 549.998 549.112 606.535
608.977 604.356 606.24 601.915 603.748 578.674 561.268 539.548 536.519 543.956
547.259 548.491 548.757 548.987 549.056 548.301 548.881 548.741 548.588 547.689
548.267 548.089 547.923 538.374 548.413 548.341 547.743 547.13 596.866 548.206
548.876 548.334 602.018 604.234 604.249 606.609 605.607 609.029 542.906 547.713
549.384 550.421 550.554 550.529 550.301 550.112 549.854 549.19 548.787 557.376
551.085 549.887 548.853 547.674 577.28 549.973 547.544 543.482 548.83 549.935
550.053 549.865 550.06 548.979 549.579 549.8 549.305 547.798 548.481 608
611.127 608.341 610.997 608.002 611.128 577.293 556.813 550.875 605.635 609.054
604.274 606.633 602.046 604.261 596.908 599.945 561.035 553.51 550.616 549.623
548.916 548.401 548.176 548.239 548.641 531.59 599.906 532.412 524.33 550.057
550.429 549.529 540.49 534.084 526.692 556.785 549.459 549.962 548.952 534.209
543.588 540.549 526.778 547.62 550.048 548.888 549.511 549.918 550.108 550.009
550.118 550.023 549.858 549.631 549.033 549.351 548.987 548.493 547.766 543.031
532.536 524.447 547.836 549.502 550.53 550.17 550.663 550.639 550.416 550.542
550.231 549.976 549.323 549.656 548.934 531.741 548.335 549 548.438 547.731
546.816 546.592 548.44 548.969 551.973 552.196 551.138 551.177 552.211 551.995
548.991 547.697 548.257 546.877 546.706 545.431 547.357 536.047 547.311 536.515
546.94 536.443 557.931 554.206 552.426 557.198 560.131 559.243 560.39 558.855
555.807 559.718 560.495 554.323 551.445 548.987 542.153 537.553 537.931 543.626
535.644 534.679 534.481 535.613 534.032 533.716 533.39 533.767 533.758 534.042
533.522 533.348 558.889 552.135 553.544 561.549 561.976 563.228 562.653 551.354
558.283 571.072 566.058 564.59 528.857 531.753 530.397 523.777 534.86 534.571
535.062 535.167 533.914 533.724 534.356 534.54 533.304 533.147 533.712 533.922
531.644 533.172 527.864 522.006 558.818 549.952 550.26 562.15 563.665 563.846
564.297 564.653 567.464 566.973 566.134 566.213 524.802 526.736 527.308 525.06
558.926 550.35 549.283 562.053 563.965 563.565 564.888 564.842 566.397 566.643
566.309 566.114 528.722 528.623 530.363 530.37 558.629 553.893 551.989 560.678
562.916 561.595 564.522 563.968 566.628 567.242 566.333 565.989 525.697 524.115
525.018 527.013 556.596 553.834 553.563 557.976 557.717 558.637 554.106 562.771
562.441 566.035 572.406 561.086 550.836 521.134 526.167 519.96 517.936 555.3
553.513 556.195 555.254 551.838 545.654 550.38 545.288 540.105 541.228 538.645
537.437 536.912 535.817 536.595 535.202 534.957 534.799 535.247 537.152 555.16
553.587 555.791 554.744 551.705 546.779 541.644 538.214 536.867 537.254 555.486
553.074 556.563 555.752 552.335 545.52 549.273 540.342 542.311 537.364 538.617
536.108 536.396 536.571 536.222 557.331 554.581 558.871 558.179 553.546 555.903
557.494 550.197 540.31 544.525 537.571 538.596 535.935 536.628 535.737 535.663
559.404 552.332 553.66 561.637 560.713 563.191 560.934 551.11 550.182 559.883
563.577 562.145 541.046 539.729 535.539 532.052 537.49 536.942 536.938 537.347
535.601 535.276 535.615 535.896 534.768 534.67 534.826 535.032 531.715 535.874
530.466 523.469 521.414 533.574 559.53 549.864 550.467 562.817 564.103 564.44
564.359 565.154 568.412 568.17 567.015 566.741 521.26 522.278 522.506 521.289
559.583 550.005 549.033 562.832 564.691 564.404 565.523 565.644 567.151 567.367
567.055 566.833 526.68 527.401 529.263 528.333 559.469 552.561 550.696 561.646
564.096 563.181 565.471 565.159 567.188 567.802 567.161 566.798 526.604 525.284
526.56 528.26 557.336 554.607 553.776 558.857 560.711 558.182 564.383 560.951
568.64 567.704 565.844 566.907 521.098 520.546 517.578 521.109 555.448 553.068
556.529 555.734 553.437 552.267 557.504 555.875 551.01 550.023 539.552 539.105
540.14 544.308 540.783 536.932 536.418 537.61 538.582 537.461 535.3 535.081
536 536.679 535.622 534.682 534.697 535.796 535.718 534.789 555.117 553.565
555.747 554.707 551.663 546.728 549.129 545.356 541.6 542.18 540.341 538.185
538.655 537.381 536.847 536.413 536.116 536.243 536.574 537.223 555.239 553.493
556.133 555.201 551.788 545.624 540.111 537.462 536.612 537.131 556.511 553.777
557.914 557.661 554.033 545.238 550.303 538.636 541.206 535.817 536.915 534.945
535.201 535.193 534.775 558.482 553.685 553.467 560.621 561.552 558.55 562.287
562.692 550.771 537.279 533.089 528.742 536.908 537.233 537.71 535.516 535.789
536.124 534.065 534.596 534.975 536.049 534.53 532.316 531.205 558.752 550.223
551.716 561.971 562.887 563.571 563.914 565.821 567.103 565.745 521.085 522.052
522.047 517.842 558.705 549.962 549.304 562.064 563.938 563.753 564.555 564.831
566.473 566.39 566.036 565.945 525.312 526.747 528.082 526.431 558.791 552.058
550.208 561.465 563.58 563.143 564.785 564.581 566.208 566.489 566.087 565.943
530.044 530.216 531.033 531.183 557.829 554.099 553.45 560.046 561.912 560.339
564.246 562.622 567.604 567.755 566.106 566.284 524.786 523.735 523.7 525.014
557.136 552.441 559.166 558.796 555.811 554.312 560.479 559.751 551.434 551.48
531.803 534.966 537.99 543.68 528.902 534.644 534.466 534.556 535.678 534.931
533.823 533.666 533.488 533.855 534.005 533.271 533.046 533.623 533.45 533.418
533.445 534.989 535.086 534.171 531.942 541.823 536.758 566.031 567.621 535.22
535.001 534.748 534.15 534.073 533.451 532.805 532.632 523.563 523.643 566.129
566.484 528.195 529.607 565.937 566.347 527.099 528.696 565.922 567.331 522.112
522.136 536.009 528.691 533.066 537.282 537.76 537.713 537.232 536.905 536.439
536.12 535.787 535.517 535.241 534.984 534.615 534.099 533.188 531.297 532.401
534.582 536.115 539.377 545.503 565.737 567.566 537.827 538.354 536.226 535.996
535.214 534.878 534.369 534.992 520.705 517.807 567.055 567.587 525.413 526.686
566.929 567.227 527.363 529.228 567.241 568.464 522.128 522.341 562.227 563.681
559.902 550.072 545.272 539.109 531.726 535.365 538.303 537.761 537.296 536.902
536.002 536.223 535.902 535.624 534.895 535.223 535.039 534.83 531.689 534.987
534.358 533.549 523.36 530.474 535.837 521.263 536.022 561.007 572.176 537.755
536.444 535.236 533.129 526.09 519.847 566.213 567.037 523.809 524.6 566.165
566.466 529.109 530.475 566.21 567.105 527.252 527.774 564.654 566.181 571.228
558.397 536.83 541.913 523.814 530.444 535.068 535.288 535.238 535.137 534.234
534.834 534.632 534.455 533.56 534.183 534.038 533.838 532.821 533.007 522.463
528.328 550.486 543.754 548.394 549.08 544.618 544.586 544.903 544.747 544.724
544.367 550.026 547.382 550.973 551.463 544.98 550.141 548.375 543.892 544.635
534.904 534.387 533.563 534.79 534.091 532.907 534.462 534.934 534.211 533.47
566.148 570.335 568.835 566.732 568.054 528.568 527.583 566.283 566.852 566.764
566.661 566.832 529.736 528.017 566.232 567.973 569.06 567.522 570.025 522.758
522.431 523.33 531.389 536.537 537.826 537.625 537.338 536.68 536.387 536.118
535.572 535.169 534.599 539.193 536.417 535.057 536.064 534.688 537.765 531.765
524.057 536.26 536.582 536.883 537.045 536.705 535.396 535.976 536.207 535.79
534.614 535.167 535.421 534.809 567.106 572.301 570.52 567.999 569.718 524.694
523.851 567.317 567.751 567.381 567.7 567.544 529.432 527.531 567.286 568.001
569.08 568.288 570.106 524.539 523.695 572.552 572.78 536.122 566.08 569.791
567.293 569.696 522.531 522.265 566.38 567.585 566.77 566.769 566.792 529.372
527.97 566.166 566.79 567.435 566.815 568.218 529.788 529.099 570.516 571.438
520.392 523.242 549.007 542.196 537.604 535.705 534.751 534.116 533.811 533.856
534.135 534.858 573.337 571.26 572.414 570.928 522.641 519.921 568.744 567.616
567.306 566.587 565.796 565.408 565.523 566.975 566.044 567.523 568.94 570.356
570.089 570.711 575.478 544.946 537.788 536.999 535.858 533.289 541.335 572.632
575.111 573.664 537.154 536.467 535.62 533.901 570.716 569.494 568.695 568.143
566.803 565.956 565.974 567.42 566.162 567.195 568.623 569.925 570.855 571.055
573.908 575.252 541.14 523.685 531.57 537.678 536.145 537.056 536.962 536.818
536.563 536.66 536.441 536.194 535.972 535.404 535.79 535.621 535.42 535.165
534.611 534.804 533.892 523.414 544.932 575.243 531.424 536.541 537.824 537.784
537.625 537.34 536.682 537.001 536.387 536.115 535.561 535.852 535.148 534.562
533.226 570.378 569.975 568.687 568.463 566.985 565.649 565.363 566.609 565.298
565.849 566.801 567.822 569.011 568.932 571.113 572.597 573.501 534.522 535.013
534.315 533.616 547.56 533.431 539.182 535.904 535.483 540.373 538.531 543.148
542.111 543.181 543.845 540.251 542.22 535.571 538.142 533.265 535.332 547.113
538.812 537.653 545.792 536.232 532.851 543.742 538.348 536.38 541.478 540.167
543.979 542.221 542.48 540.828 543.603 543.815 537.728 539.438 535.72 544.654
548.367 537.135 532.239 550.138 544.729 551.411 550.967 549.948 547.238 533.488
547.276 544.685 535.722 535.417 540.67 544.54 545.035 543.389 542.697 542.948
544.685 544.51 540.195 541.868 535.754 544.481 547.433 533.261 535.326 550.309
549.127 548.344 543.645 536.59 546.979 535.938 535.847 538.966 544.265 542.972
544.783 540.884 543.027 538.521 531.701 535.651 536.25 547.1 545.641 547.595
536.242 532.291 536.678 542.549 540.928 543.462 541.845 542.94 541.981 540.16
535.635 536.03 535.801 531.577 545.423 531.908 539.077 535.706 541.22 538.694
538.4 543.44 544.015 544.638 543.729 542.692 535.736 538.779 538.383 535.648
539.014 531.821 541.082 544.252 535.502 536.593 538.887 543.395 538.202 535.566
544.405 540.859 531.569 536.476 537.892 537.338 538.701 542.228 543.098 533.3
535.365 543.656 532.663 532.573 543.362 532.615 531.87 543.752 536.096 533
543.79 538.836 537.722 542.057 538.709 540.863 538.849 540.859 538.166 540.934
539.031 542.43 533.833 536.476 544.071 531.957 531.915 543.797 531.951 531.034
543.798 533.913 531.967 544.084 539.025 536.516 542.403 538.102 540.861 540.814
538.804 542.683 542.071 540.8 538.653 542.399 541.974 538.755 544.082 543.615
546.502 543.451 547.284 542.691 547.006 543.01 546.756 542.859 545.57 544.587
542 535.079 536.477 536.04 537.67 532.727 532.976 533.249 532.292 532.8
532.502 537.776 535.331 538.599 537.245 527.549 532.584 534.892 525.72 524.52
527.213 526.977 527.271 527.028 526.67 527.083 525.207 525.942 523.95 524.117
526.943 523.965 531.211 523.359 525.31 524.218 523.453 525.445 524.672 525.884
525.767 525.382 525.728 524.117 524.565 523.281 523.372 525.262 526.952 531.189
523.908 523.953 525.175 524 527.085 525.995 529.064 527.995 528.743 529.581
525.647 527.267 528.121 524.841 532.889 545.743 544.82 547.024 545.681 543.391
546.228 542.392 540.424 538.359 524.394 533.192 531.075 523.37 519.538 517.959
518.098 520.066 517.234 516.916 516.779 517.181 516.908 517.02 516.675 516.68
517.285 518.257 517.393 516.75 518.335 518.494 519.684 523.754 525.186 522.773
547.03 548.718 549.214 550.565 543.045 546.855 552.172 522.981 511.721 508.295
531.529 518.53 518.002 518.328 518.451 517.344 517.191 517.801 517.917 516.889
516.777 517.359 517.532 515.605 514.817 495.531 515.579 521.868 516.042 547.325
549.279 550.706 550.861 553.245 552.326 552.216 511.394 520.012 518.863 511.031
510.607 547.508 549.343 551.065 551.068 551.587 551.678 552.038 511.601 517.978
518.139 511.554 511.465 546.691 547.892 551.047 549.289 551.998 552.576 552.76
510.753 518.353 519.77 510.919 510.151 544.227 544.627 544.871 541.216 552.393
547.714 541.799 522.138 519.707 512.808 521.962 525.798 524.936 542.512 542.249
538.975 532.089 538.06 533.264 524.784 528.029 524.506 520.837 521.933 520.133
519.614 519.352 518.969 520.262 518.962 519.133 522.179 520.234 524.828 542.144
541.656 538.593 532.76 526.207 521.723 519.877 520.245 522.168 525.02 542.758
542.769 540.108 532.484 523.794 527.178 520.4 521.639 518.924 519.314 519.367
518.849 521.587 520.313 524.566 544.745 545.469 542.572 532.154 524.299 537.152
526.622 520.752 522.415 518.952 519.741 518.436 518.54 519.328 518.667 519.27
520.374 525.969 523.425 547.097 548.283 546.481 550.543 546.33 524.353 516.097
518.649 521.672 520.744 520.539 521.005 519.087 518.705 519.022 519.343 517.945
517.714 517.972 518.285 516.935 516.583 513.799 515.906 521.81 517.358 547.749
549.501 551.215 551.261 553.778 553.15 553.052 511.434 519.797 518.696 510.213
510.186 547.745 549.501 551.465 551.249 551.858 552.184 552.869 510.785 517.674
517.833 511.229 510.879 547.091 548.28 551.223 550.555 551.852 552.51 553.083
510.802 517.729 518.806 510.343 510.036 544.705 545.445 546.495 542.568 553.814
553.274 546.363 511.574 519.933 521.927 517.542 513.933 542.732 540.115 532.048
532.397 537.137 524.222 524.269 523.505 526.474 520.724 520.066 520.797 522.355
521.642 518.766 518.463 519.121 519.875 519.133 517.754 517.514 518.576 518.689
517.999 516.587 517.166 519.458 518.784 516.953 521.672 520.544 519.4 523.515
526.039 524.586 541.617 538.605 532.802 526.274 527.022 523.757 521.802 521.706
520.539 519.953 519.466 519.036 520.311 518.938 519.435 522.216 520.381 525.038
542.178 538.981 532.142 524.87 520.951 519.731 520.365 522.248 524.853 544.518
541.22 533.38 538.134 524.613 528.152 520.237 522.036 519.056 519.445 519.217
519.057 522.187 520.308 524.948 547.764 544.889 549.296 541.922 517.983 512.421
522.435 521.632 521.99 522.49 519.999 520.258 520.669 519.063 519.393 519.597
517.251 515.671 517.664 512.86 519.757 525.817 521.994 549.245 551.045 551.015
552.613 552.99 552.988 519.815 511 512.032 549.168 551.007 550.748 551.971
551.818 552.071 510.846 518.422 518.217 511.629 510.994 548.613 550.523 550.488
551.447 551.726 552.015 511.669 518.056 518.939 511.121 511.05 546.914 549.181
546.102 553.188 554.343 552.222 511.484 520.071 521.909 516.101 512.389 545.511
543.326 542.401 542.985 540.408 511.878 515.991 524.49 533.246 523.119 518.113
517.885 518.189 520.164 518.647 517.279 517.158 516.858 517.266 517.435 516.851
516.575 516.74 516.752 516.967 514.883 516.398 517.441 516.808 515.671 522.805
525.205 523.768 519.722 518.532 518.375 544.829 537.323 554.288 557.553 559.043
563.22 561.26 517.541 517.889 518.038 517.503 517.631 517.003 516.751 516.3
510.264 501.701 506.383 516.34 507.173 507.749 512.313 558.078 555.342 551.921
553.237 553.88 555.798 554.909 507.924 510.455 509.787 510.973 554.427 553.031
551.864 553.974 553.154 554.491 555.93 510.74 508.625 509.715 510.905 557.772
555.22 552.724 557.01 555.96 558.958 560.591 507.788 510.016 507.797 511.967
534.33 546.098 536.155 522.243 512.277 517.863 521.094 522.377 521.882 521.527
520.914 520.563 520.152 519.904 519.675 519.508 519.296 518.965 518.538 517.566
517.169 505.469 501.621 515.575 535.123 551.418 553.236 559.523 559.999 566.172
564.5 520.804 522.55 519.701 519.562 518.526 518.162 516.968 517.195 513.772
506.361 515.253 517.101 507.261 510.644 513.744 560.203 556.833 552.491 553.455
554.829 557.084 555.153 507.08 509.304 508.425 509.967 554.08 553.087 552.151
553.476 553.085 554.105 555.198 509.998 509.274 509.967 510.868 557.141 554.869
553.185 559.582 556.881 560.26 564.577 508.438 507.322 507.146 510.331 566.256
560.062 551.467 535.108 518.573 516.012 522.499 520.768 520.969 520.505 519.578
519.702 519.364 519.055 518.212 518.556 518.309 517.989 517.219 516.965 515.876
510.798 513.726 515.191 506.294 513.984 536.347 547.885 557.318 546.334 534.573
560.92 521.209 521.018 519.761 518.637 510.089 501.747 505.581 559.292 556.288
552.72 553.944 555.417 557.984 555.886 507.886 508.713 507.887 510.242 554.236
553.008 551.665 552.941 552.85 554.079 554.468 509.788 510.494 510.775 511.525
555.345 553.553 552.15 557.518 555.124 557.814 561.234 509.842 507.267 508.014
510.704 563.36 559.145 546.862 537.373 544.951 531.767 508.466 518.01 517.665
518.572 518.44 517.6 518.136 518.01 517.889 517.085 517.713 517.61 517.435
516.368 516.819 515.647 507.834 495.637 506.471 501.806 510.336 515.866 517.782
517.073 516.505 513.708 518.162 517.711 517.112 496.875 504.736 501.942 504.113
506.305 508.193 507.003 510.606 510.166 510.96 511.336 510.949 510.203 504.737
506.994 508.163 506.316 504.249 502.096 508.662 515.294 522.015 522.031 521.723
521.031 520.721 520.475 520.107 519.87 519.534 495.329 496.915 517.309 523.569
520.066 518.401 517.471 518.732 509.563 515.206 520.087 520.292 520.382 520.063
518.759 519.331 519.583 519.108 517.563 518.322 518.656 517.842 496.936 515.012
503.181 502.42 504.308 504.918 506.59 505.334 509.791 508.758 509.589 510.512
510.786 510.088 506.869 508.532 509.446 508.028 506.399 504.957 498.757 501.99
504.084 504.003 496.678 501.982 497.068 504.022 504.378 502.24 524.263 523.626
509.036 507.103 508.26 509.917 510.992 510.253 522.889 523.23 508.96 510.189
510.983 509.904 508.258 507.071 523.594 524.483 501.437 502.054 504.214 503.577
497.001 524.695 523.473 531.172 519.635 518.05 517.318 516.994 516.979 517.084
517.341 518.304 556.85 560.668 503.474 501.321 556.83 554.662 508.738 509.865
508.92 554.431 553.261 510.394 509.845 508.955 559.059 556.065 507.067 503.896
501.84 520.454 521.367 520.282 518.965 519.352 519.833 518.898 517.031 504.136
499.139 558.832 556.13 507.468 508.199 507.178 554.214 553.602 510.136 510.43
509.673 558.888 556.178 507.53 504.695 502.747 509.475 518.68 515.16 519.316
520.334 520.237 520.067 520.022 519.815 519.583 519.343 518.792 519.124 518.914
518.667 518.328 517.57 517.839 517.016 514.964 508.804 515.408 522.128 520.567
522.14 521.828 521.136 521.472 520.826 520.572 520.199 520.373 519.965 519.632
517.408 519.064 495.469 559.364 556.366 507.168 506.433 504.867 554.143 553.145
510.445 511.36 510.635 556.425 554.357 508.812 506.392 504.829 560.89 557.007
513.84 518.266 517.796 517.184 538.438 536.261 534.533 534.581 536.29 536.934
536.927 537.073 537.067 536.301 534.505 537.002 537.089 536.319 534.445 537.036
537.1 536.303 534.463 537.014 537.09 536.221 534.408 536.916 537.052 536.152
534.271 536.826 537.032 536.164 534.289 536.808 537.047 536.124 534.219 536.779
537.037 536.199 534.397 536.841 537.064 536.266 534.63 536.909 537.076 536.367
534.831 537.02 537.11 536.446 534.858 537.11 537.147 536.444 534.858 537.107
537.145 536.362 534.836 537.012 537.103 536.259 534.632 536.9 537.065 536.187
534.389 536.827 537.048 536.106 534.209 536.76 537.019 536.139 534.267 536.785
537.026 536.123 534.246 536.801 537.009 536.963 536.945 536.187 534.375 536.889
537.027 536.949 536.264 534.424 536.984 537.064 536.969 536.278 534.406 537.005
537.074 536.971 536.257 534.463 536.968 537.062 536.96 536.217 534.493 536.899
537.039 536.945 536.246 534.542 536.892 537.044 536.947 529.044 528.645 531.821
531.741 533.47 533.541 529.678 524.452 524.671 532.144 533.529 529.762 523.182
523.548 532.194 533.484 529.744 523.592 522.84 532.185 533.508 529.215 524.241
531.704 533.327 528.055 530.913 532.963 528.008 530.859 532.922 528.144 530.858
532.846 528.179 531.118 533.109 529.058 531.846 533.567 530.057 524.459 525.021
532.674 534.002 530.16 523.122 523.554 532.825 534.073 530.17 523.169 522.726
532.827 534.073 530.086 524.566 523.646 532.685 534.011 529.068 525.118 531.845
533.568 528.161 531.102 533.1 528.14 530.85 532.84 528.006 530.846 532.903
528.053 530.903 532.943 529.216 531.691 533.301 529.74 532.161 533.473 529.761
532.171 533.449 529.674 532.122 533.494 529.04 531.8 533.438 528.64 531.72
533.508 520.352 521.501 521.502 520.352 519.166 519.166 517.942 517.942 516.682
516.682 515.387 515.388 514.052 514.054 512.677 512.678 511.262 511.262 509.797
509.797 508.283 508.284 506.724 506.724 505.118 505.118 503.463 503.463 501.757
501.757 499.983 499.984 498.172 498.173 496.179 496.179 494.48 494.479 491.492
491.492 491.856 491.858 483.553 483.548 492.118 492.112 463.606 463.61 499.415
499.405 588.263 588.264 520.352 521.501 519.165 517.941 516.682 515.385 514.046
512.674 511.262 509.797 508.284 506.724 505.119 503.464 501.757 499.983 498.171
496.179 494.482 491.493 491.85 483.557 492.121 463.607 499.425 588.269 520.351
521.5 519.165 517.942 516.683 515.387 514.045 512.672 511.263 509.798 508.285
506.726 505.121 503.466 501.76 499.984 498.17 496.178 494.482 491.493 491.844
483.556 492.121 463.606 499.436 588.28 520.349 521.498 519.163 517.941 516.681
515.387 514.049 512.674 511.263 509.799 508.286 506.727 505.122 503.467 501.761
499.985 498.169 496.178 494.48 491.492 491.841 483.559 492.117 463.601 499.45
588.293 520.347 521.496 519.161 517.938 516.678 515.385 514.052 512.679 511.265
509.801 508.289 506.73 505.124 503.469 501.762 499.987 498.171 496.177 494.479
491.492 491.84 483.563 492.111 463.597 499.467 588.309 520.345 521.494 519.159
517.936 516.678 515.386 514.054 512.682 511.267 509.803 508.291 506.733 505.127
503.472 501.765 499.99 498.172 496.177 494.477 491.491 491.837 483.564 492.103
463.593 499.484 588.325 520.343 521.491 519.157 517.935 516.678 515.386 514.055
512.684 511.269 509.806 508.295 506.736 505.131 503.475 501.768 499.992 498.174
496.177 494.474 491.488 491.831 483.56 492.093 463.588 499.5 588.341 520.341
521.489 519.156 517.934 516.677 515.385 514.056 512.686 511.272 509.809 508.298
506.741 505.135 503.479 501.771 499.996 498.175 496.176 494.471 491.484 491.823
483.555 492.082 463.581 499.514 588.356 520.339 521.486 519.154 517.932 516.676
515.385 514.057 512.689 511.275 509.813 508.303 506.745 505.14 503.484 501.775
499.999 498.176 496.173 494.465 491.48 491.814 483.548 492.07 463.57 499.523
588.369 520.336 521.483 519.152 517.931 516.676 515.384 514.057 512.692 511.279
509.818 508.308 506.751 505.146 503.49 501.78 500.002 498.176 496.17 494.459
491.474 491.805 483.538 492.056 463.556 499.526 588.378 520.334 521.481 519.151
517.931 516.676 515.385 514.058 512.694 511.283 509.823 508.314 506.757 505.153
503.496 501.786 500.007 498.178 496.166 494.453 491.468 491.795 483.526 492.041
463.533 499.516 588.386 520.332 521.478 519.149 517.93 516.677 515.388 514.061
512.697 511.289 509.829 508.321 506.764 505.159 503.502 501.792 500.011 498.181
496.164 494.448 491.464 491.787 483.515 492.027 463.516 499.508 588.386 520.33
521.475 519.148 517.93 516.678 515.391 514.065 512.701 511.295 509.836 508.328
506.772 505.167 503.509 501.798 500.015 498.184 496.167 494.449 491.462 491.779
483.505 492.016 463.514 499.508 588.377 520.328 521.473 519.147 517.93 516.678
515.391 514.068 512.707 511.3 509.843 508.336 506.78 505.174 503.516 501.804
500.02 498.188 496.174 494.454 491.458 491.771 483.493 492.004 463.509 499.5
588.362 520.326 521.47 519.146 517.93 516.68 515.394 514.073 512.713 511.307
509.85 508.343 506.788 505.182 503.524 501.81 500.025 498.192 496.179 494.457
491.454 491.765 483.482 491.993 463.5 499.485 588.345 520.325 521.468 519.146
517.931 516.682 515.398 514.079 512.719 511.313 509.857 508.351 506.796 505.19
503.531 501.816 500.03 498.196 496.181 494.456 491.448 491.759 483.47 491.982
463.488 499.462 588.323 520.324 521.466 519.146 517.932 516.684 515.402 514.084
512.725 511.319 509.864 508.359 506.803 505.198 503.538 501.822 500.034 498.199
496.182 494.455 491.441 491.752 483.457 491.971 463.475 499.434 588.299 520.323
521.464 519.146 517.933 516.687 515.406 514.089 512.73 511.325 509.871 508.367
506.811 505.205 503.545 501.828 500.039 498.201 496.181 494.45 491.429 491.74
483.441 491.961 463.461 499.404 588.273 520.322 521.463 519.146 517.935 516.69
515.41 514.093 512.735 511.331 509.878 508.374 506.818 505.212 503.551 501.834
500.043 498.204 496.181 494.449 491.419 491.723 483.421 491.952 463.448 499.373
588.247 520.322 521.462 519.146 517.937 516.692 515.414 514.098 512.74 511.337
509.884 508.38 506.824 505.218 503.557 501.839 500.047 498.208 496.187 494.452
491.413 491.715 483.407 491.946 463.438 499.345 588.222 520.321 521.461 519.147
517.938 516.695 515.418 514.102 512.744 511.341 509.889 508.386 506.83 505.223
503.562 501.843 500.05 498.21 496.188 494.449 491.41 491.719 483.404 491.94
463.427 499.318 588.196 520.321 521.46 519.147 517.939 516.697 515.421 514.106
512.748 511.345 509.894 508.39 506.834 505.228 503.566 501.847 500.052 498.212
496.184 494.446 491.411 491.726 483.402 491.934 463.419 499.296 588.177 520.321
521.46 519.148 517.94 516.698 515.423 514.108 512.75 511.348 509.897 508.393
506.838 505.231 503.57 501.849 500.054 498.214 496.186 494.45 491.418 491.733
483.398 491.93 463.415 499.281 588.165 520.321 521.46 519.148 517.94 516.699
515.424 514.11 512.752 511.35 509.899 508.395 506.84 505.233 503.572 501.851
500.055 498.215 496.188 494.455 491.423 491.738 483.394 491.928 463.412 499.268
588.152 520.321 521.46 519.148 517.94 516.699 515.424 514.11 512.753 511.351
509.9 508.396 506.841 505.234 503.572 501.852 500.056 498.216 496.189 494.455
491.424 491.738 483.393 491.926 463.413 499.254 588.146 522.613 523.686 523.686
522.613 522.612 523.685 522.61 523.684 522.609 523.682 522.607 523.68 522.605
523.677 522.602 523.674 522.599 523.672 522.596 523.669 522.593 523.666 522.59
523.663 522.587 523.66 522.584 523.657 522.581 523.653 522.578 523.65 522.575
523.647 522.573 523.644 522.57 523.641 522.568 523.639 522.567 523.638 522.566
523.636 522.565 523.635 522.564 523.635 522.564 523.634 522.564 523.634 536.392
536.727 536.727 536.391 535.973 535.972 535.487 535.487 534.947 534.947 534.362
534.362 533.738 533.737 533.078 533.078 532.384 532.385 531.66 531.66 530.907
530.907 530.126 530.126 529.314 529.315 528.471 528.471 527.591 527.591 526.673
526.673 525.716 525.717 524.72 524.72 536.399 536.739 535.978 535.49 534.949
534.363 533.739 533.078 532.385 531.66 530.907 530.126 529.314 528.47 527.59
526.672 525.716 524.72 536.404 536.748 535.981 535.492 534.95 534.364 533.739
533.079 532.385 531.661 530.907 530.125 529.314 528.47 527.59 526.672 525.715
524.719 536.401 536.746 535.978 535.49 534.948 534.362 533.738 533.078 532.385
531.66 530.907 530.125 529.313 528.469 527.589 526.67 525.713 524.717 535.967
536.387 535.482 534.942 534.358 533.735 533.076 532.383 531.659 530.906 530.124
529.312 528.468 527.587 526.669 525.711 524.715 535.958 536.377 535.474 534.936
534.354 533.732 533.074 532.381 531.658 530.905 530.123 529.311 528.466 527.586
526.667 525.709 524.712 535.957 536.379 535.472 534.934 534.352 533.73 533.073
532.381 531.657 530.904 530.122 529.311 528.465 527.584 526.665 525.707 524.71
535.957 536.379 535.472 534.934 534.352 533.731 533.073 532.382 531.658 530.905
530.123 529.31 528.465 527.583 526.663 525.704 524.707 535.964 536.387 535.477
534.938 534.356 533.734 533.076 532.384 531.66 530.907 530.124 529.311 528.464
527.582 526.662 525.702 524.704 535.972 536.396 535.485 534.945 534.362 533.74
533.081 532.388 531.664 530.909 530.126 529.312 528.465 527.581 526.66 525.7
524.702 535.986 536.413 535.497 534.955 534.37 533.746 533.087 532.393 531.668
530.912 530.128 529.313 528.465 527.58 526.658 525.698 524.699 535.998 536.429
535.506 534.963 534.376 533.752 533.091 532.397 531.671 530.915 530.129 529.314
528.465 527.579 526.657 525.695 524.696 535.999 536.429 535.507 534.964 534.378
533.754 533.094 532.399 531.673 530.916 530.131 529.314 528.464 527.578 526.654
525.693 524.693 535.988 536.414 535.5 534.96 534.376 533.753 533.094 532.4
531.674 530.917 530.131 529.314 528.463 527.576 526.652 525.689 524.689 535.976
536.398 535.492 534.954 534.373 533.751 533.093 532.4 531.674 530.917 530.131
529.313 528.462 527.575 526.649 525.686 524.686 535.969 536.39 535.486 534.951
534.371 533.75 533.093 532.4 531.674 530.918 530.131 529.313 528.461 527.573
526.647 525.684 524.683 535.964 536.383 535.483 534.95 534.371 533.751 533.094
532.402 531.676 530.919 530.132 529.313 528.46 527.571 526.645 525.681 524.68
535.967 536.384 535.486 534.953 534.374 533.755 533.098 532.405 531.679 530.921
530.133 529.313 528.46 527.57 526.643 525.679 524.678 535.97 536.384 535.491
534.958 534.38 533.76 533.102 532.409 531.682 530.924 530.135 529.315 528.46
527.57 526.642 525.677 524.676 535.98 536.395 535.5 534.966 534.387 533.767
533.108 532.414 531.686 530.927 530.137 529.316 528.461 527.569 526.641 525.676
524.674 535.992 536.411 535.51 534.974 534.394 533.773 533.113 532.418 531.689
530.93 530.139 529.317 528.461 527.569 526.641 525.675 524.673 535.997 536.415
535.514 534.978 534.397 533.776 533.116 532.42 531.692 530.932 530.141 529.318
528.462 527.569 526.64 525.674 524.672 535.995 536.41 535.513 534.979 534.399
533.777 533.117 532.422 531.693 530.932 530.141 529.319 528.462 527.569 526.64
525.673 524.671 535.99 536.403 535.51 534.977 534.398 533.777 533.118 532.422
531.693 530.933 530.142 529.319 528.462 527.569 526.639 525.673 524.671 535.989
536.402 535.51 534.977 534.398 533.777 533.118 532.423 531.693 530.933 530.142
529.319 528.462 527.569 526.639 525.673 524.671 536.963 536.965 536.979 536.99
536.987 536.967 536.728 536.961 536.72 536.978 536.728 536.976 536.728 536.989
536.739 536.993 536.747 537.012 536.766 537.037 536.786 537.035 536.785 537.007
536.765 536.985 536.746 536.979 536.738 536.963 536.726 536.726 536.718 536.727
536.744 536.747 536.738 536.727 536.727 
alpha.water 1 4486 float
0.991465 1 0.996244 0.993679 0.996183 0.997437 1 1 1 1 1
1 1 1 1 1 1 1 1 1 1
1 1 1 1 1 1 1 1 1 1
1 1 1 1 1 1 1 1 1 1
1 1 1 1 1 1 1 1 1 1
1 1 1 1 1 1 1 1 1 0.989152
1 0.994868 1 1 1 1 1 1 1 1
1 1 1 1 1 1 1 1 1 1
1 1 1 1 1 1 1 1 1 1
1 1 1 1 1 1 1 1 1 0.989098
1 0.994813 1 1 1 1 1 1 1 1
1 1 1 1 1 1 1 1 1 1
1 1 1 1 1 0.989138 1 0.994813 1 1
1 1 1 1 1 1 1 1 1 1
1 1 1 1 1 1 1 1 1 1
1 0.989114 1 0.9948 1 1 1 1 1 1
1 1 1 1 1 1 1 1 1 1
1 1 1 1 1 1 1 0.98907 1 0.994782
1 1 1 1 1 1 1 1 1 1
1 1 1 1 1 1 1 1 1 1
1 1 1 0.989017 1 0.994762 1 1 1 1
1 1 1 1 1 1 1 1 1 1
1 1 1 1 1 1 1 1 1 1
1 1 1 0.999999 0.999999 0.999999 0.999999 0.98897 1 0.994748
1 1 1 1 1 1 1 1 1 1
1 1 1 1 1 1 1 1 1 1
1 0.988941 1 0.994738 1 1 1 1 1 1
1 1 1 1 1 1 1 1 1 1
1 1 1 1 1 1 1 1 1 0.988926
1 0.994734 1 1 1 1 1 1 1 1
1 1 1 1 1 1 1 1 1 1
1 1 1 1 1 1 1 1 1 0.999999
0.999999 0.988921 1 0.994731 1 1 1 1 1 1
1 1 1 1 1 1 1 1 1 1
1 1 1 1 1 1 1 1 1 1
1 1 1 1 0.999999 0.999999 0.999999 0.999999 0.999999 0.999996
0.999998 0.988919 1 0.99473 1 1 1 1 1 1
1 1 1 1 1 1 1 1 1 1
1 1 1 1 0.999999 0.999999 1 0.988919 1 0.99473
1 1 1 1 1 1 1 1 1 1
1 1 1 1 1 1 1 1 1 0.999999
0.999999 0.999999 0.999999 0.988921 1 0.994731 1 1 1 1
1 1 1 1 1 1 1 1 1 1
1 1 1 1 1 0.999999 0.999999 0.999999 0.999999 0.988927
1 0.994734 1 1 1 1 1 1 1 1
1 1 1 1 1 1 1 1 1 1
1 1 1 1 1 0.988941 1 0.994739 1 1
1 1 1 1 1 1 1 1 1 1
1 1 1 1 1 1 1 1 1 1
1 1 1 1 1 1 1 1 1 1
1 1 1 1 1 1 1 1 1 1
1 0.988971 1 0.994748 1 1 1 1 1 1
1 1 1 1 1 1 1 1 1 1
1 1 1 1 1 1 1 1 1 1
1 1 1 0.989017 1 0.994762 1 1 1 1
1 1 1 1 1 1 1 1 1 1
1 1 1 1 1 1 1 0.98907 1 0.994782
1 1 1 1 1 1 1 1 1 1
1 1 1 1 1 1 1 1 1 1
1 1 1 1 0.999999 0.999999 0.989114 1 0.9948 1
1 1 1 1 1 1 1 1 1 1
1 1 1 1 1 1 1 1 1 1
0.999999 0.999999 1 0.999999 0.999999 0.999999 0.999996 0.999997 0.999998 0.999999
0.999999 0.999999 0.999998 0.989139 1 0.994813 1 1 1 1
1 1 1 1 1 1 1 1 1 1
1 1 1 1 1 1 1 1 1 0.989098
1 0.994813 1 1 1 1 1 1 1 1
1 1 1 1 1 1 1 1 1 1
1 1 1 1 1 0.989152 1 0.994869 1 1
1 1 1 1 1 1 1 1 1 1
1 1 1 1 1 1 1 1 1 1
1 0.991466 1 0.996183 1 1 1 1 1 1
1 1 1 1 1 1 1 1 1 1
1 1 1 1 1 1 1 0.99368 0.996244 0.997437
1 1 1 1 1 1 1 1 1 1
1 1 1 1 1 1 1 1 1 1
1 1 1 1 1 1 1 1 1.00001 1.00001
1 1 1 1.00001 1.00001 1 1 1.00001 1.00001 1.00001
1 1 1.00001 1 1 1 1 1 1 1
1 1 1 1 1 1 1 1 1 1
1 1 1 1 1 1 1 1 1 1
0.999999 0.999999 0.999999 0.999999 0.999998 0.999998 0.999999 0.999999 0.999999 1
1 1 1 0.999999 1 1 1 0.999999 0.999999 0.999999
0.999999 0.999999 0.999999 1 1 1 1 1 1 1
1 1 1 1 1 1 1 1 1 1
1 1 1 1 1 1 0.999999 0.999999 0.999996 1
1 1 1 1 1 1 1 1 1 1
1 1 1 1 1.00001 1.00001 1.00001 1.00001 1.00001 1.00001
1.00001 1.00001 1.00001 1 1 1 1 1 1 1
1 1 1 1 1 1 1 1 1 1
1 1 1 0.999999 0.999999 0.999999 0.999998 0.999997 0.999999 1
1 1 0.999999 0.999999 1 0.999999 0.999999 1 0.999999 1
1 1 1 0.999999 0.999999 0.999999 0.999999 0.999992 0.999998 0.999999
0.999999 0.999999 0.999999 1 1 1 1 1 1 1
1 1 1 1 1 1 1 1 1 1
1 1 1 1 1 1 1 1 1 1
0.999999 0.999997 1 1 1 1 0.999999 1 0.999999 1
1 1 1 1 1 0.999999 0.999999 1 1 1
1 1 1 1 1 1 1 1 1 1
1 1 0.999999 0.999999 0.999999 0.999999 0.999999 0.999999 0.999998 0.999999
0.999997 0.999996 0.999998 0.999996 0.999999 1 1 1.00001 1.00001 1.00001
1 1 0.999999 0.999999 0.999999 1 1 1 1 1
0.999999 1 0.999999 0.999996 0.999993 1 1 0.999937 0.999999 0.999865
1.00001 1.00001 0.999999 1 1 1 0.999999 1 0.999999 1
1 0.999999 0.999998 1 1 1 1 1 1 1
1 1 1 1 1 1 1 1 1 1
1 1 0.999999 1 1 0.999998 0.999998 0.999998 0.999998 0.999999
0.999999 0.999999 0.999999 0.999999 0.999999 0.999999 0.999999 0.999999 0.999999 1
1 0.999998 1 1 1 1 1 1 0.999999 1
1 1 0.998659 0.996548 0.999599 0.999513 1 0.999986 0.999999 0.999999
0.999999 0.999999 0.999999 0.999999 0.999999 0.999999 0.984959 0.987144 0.994311 0.989809
0.999599 0.996294 0.997439 0.999987 1 1 0.999999 1 0.999996 0.999995
0.999997 0.999997 1 1 1 1 0.999998 0.999963 0.998035 1
1 1 1 1 1 1 1 1 1 0.999659
0.999352 0.999999 0.999999 0.999999 0.999999 1 1 1 1 1
1 1 1 1 1 0.997363 0.99905 0.998737 0.997204 1
1 1 1 1 1 1 1 1 1 1
1 1.00001 1.00001 1 1.00001 1.00001 1.00001 1.00001 1 1
1 1 1 1 1 1 1 1 1 1
1 1 1 0.999999 0.999999 0.999999 0.999999 0.999999 0.999999 0.999999
1 0.999999 1 1 0.999999 0.999999 0.999999 0.999999 0.999999 0.999999
0.999999 0.999999 0.999999 0.999999 0.999999 0.999999 0.999999 0.999999 0.999999 0.999999
0.999767 0.999486 0.999993 1 0.999999 1 0.999999 0.999999 0.999999 0.999999
0.999999 0.999999 0.999999 0.999999 0.999999 0.999999 0.999999 0.999999 0.999998 0.999999
0.999999 0.999999 0.999999 0.999999 0.999997 0.999997 0.999997 0.999998 1 1
0.997964 0.996459 0.99725 1 0.999766 0.99885 0.998245 1 1 1
1 1 0.999999 0.999999 1 0.999999 0.996425 0.99872 0.998235 0.995429
0.999999 1 0.999998 1 1 1 0.999998 0.999997 0.999999 0.999997
0.999999 0.999999 1 1 1 1 0.999996 1 1 1
1 1 0.999999 1 0.999989 0.999999 0.999998 0.999985 1 0.99992
0.999999 1 0.999997 1 1 1 0.999999 1 1 0.999999
1 0.999999 1 1 0.999156 0.998325 0.999495 0.999892 1 1
1 1 1 1 0.999999 1 0.999999 1 0.999999 0.999999
1 1 0.999999 0.999999 0.999999 1 1 0.999999 1 1
1 1 1 1 1 1 1 1 1 1
1 1 1 1 1 1 1 1 1 1
1 1 1 1 1 1 1 1 1 1
1 1 1 0.999999 0.999999 1 1 1 0.999999 0.999999
0.999999 0.999999 1 0.999999 1 1 1 1 1 1
1 1 1 0.999842 0.999589 0.999999 1 1 1 1
1 1 1 1 1 1 1 1 1 1
1 1 1 1 1 0.999998 1 1 0.998633 0.992813
0.995889 0.999844 1 0.999998 1 1 1 1 0.996791 0.99769
0.997201 0.996638 0.99879 0.999307 0.995387 0.999844 0.999996 0.999998 1 1
1 1 1 1 0.999955 1 1 0.999923 1 1.00001
1 1 1 1 1 1 1 1 1 1
0.994076 0.985355 0.998646 0.999883 1 1 1.00001 1 1 1
1 1 1 1 1 1 0.98042 0.995907 0.996609 0.982222
1 1 1 1 1 1 1 1 1 1
1 1 1 1 1 1 1 1 1 1
1 1 1 1 1 0.999999 1 1 1 0.999998
1 1 1 1 1 0.999999 0.999999 0.999999 0.999999 0.999999
0.999999 1 1 1 1 1 1 0.986289 0.984299 0.999998
0.999998 0.999368 1 1 1 1 1 1 1 0.997486
0.996814 1 1 1.00001 1.00001 1.00001 1.00002 1.00003 1.00003 1.00003
1.00004 1.00004 1.00004 1.00004 1.00004 1.00004 1.00004 1.00004 1.00003 1.00003
1.00002 1.00001 0.999999 0.999999 0.999999 0.999999 0.999999 0.999999 0.999999 0.999999
0.999998 0.999997 0.999999 0.999999 0.995291 0.994562 0.999999 0.999999 0.999842 0.999999
0.999971 0.999979 1 1 1 1 0.999731 0.999891 0.999999 0.999999
0.999999 0.999999 0.999999 0.999999 0.999999 0.999999 0.999999 0.999999 0.999999 0.999999
0.999999 0.999999 0.999999 0.999999 1 1 0.999999 0.999998 1 1
1 1 0.99836 0.998199 1 0.999439 1 1 1 1
1 1 1 0.998654 0.998238 1 1 0.999548 0.999154 0.999999
0.999999 0.999952 1 1 1 0.972644 0.97831 1 1 1
1 1 1 1 1 1 1 1 1 1
1 1 1 0.999999 0.999999 0.999998 0.999998 1 1 1
1 1 1 1 1 1 1 0.997283 0.999799 0.997457
0.994969 0.999999 0.999968 0.999999 0.999999 0.999999 0.999999 0.999344 0.997466 0.998285
0.999999 1 1 1 1 1 0.999999 1 1 0.999999
0.999999 0.999999 0.999999 0.999999 0.999999 0.999987 0.994478 0.999999 0.999998 0.999996
0.999998 0.999998 1 1 1 1 1 1 1 0.997755
0.998723 1 1.00001 1.00001 1.00002 1.00003 1.00003 1.00004 1.00004 1.00004
1.00005 1.00005 1.00005 0.999999 0.999999 0.999998 1 0.999998 0.999999 0.999999
0.999999 0.999999 0.999999 0.999998 0.999999 0.999998 0.999999 0.999999 0.999999 0.999999
0.999997 0.999997 0.999998 0.999997 0.999999 0.999999 0.999999 0.999999 0.999999 0.999941
0.999681 0.999985 0.999999 0.999997 0.999986 0.999995 1 1 1 0.999998
0.999999 1 0.999999 0.999996 0.999823 0.999999 0.999999 1 1 1
1 1 0.998161 0.999031 1 1 1 1 1 1
1 1 1 1 1 1 0.991382 0.979339 1 1
1 1 1 1 1 1 1 1 1 1
1 1 0.999999 0.999999 0.999999 0.999999 0.9922 0.985386 0.999999 0.999999
0.999999 0.999999 0.999999 0.999999 0.999999 1 1 1 1 1
1 1 1 1 1.00002 1.00004 1.00004 1.00004 0.999999 0.999999
0.999999 0.999999 0.999999 0.999999 0.999999 0.999998 0.999999 0.999999 0.999999 0.999999
0.999999 0.999999 0.999999 0.999996 0.999999 0.999999 0.999999 0.999999 0.999999 0.999999
0.999999 0.999999 0.999999 0.999999 0.999999 0.999999 0.999999 0.999999 0.999999 0.999999
0.999999 0.999999 0.999999 0.999999 0.999999 0.999999 0.999999 0.999999 0.999998 0.999997
1 0.999999 0.999999 1 1 1 1 1 1 1
1 1 1 1 1 1 1 1 1 1
1 1 1 1 1 1 1 1 0.999999 0.999999
1 1 0.999999 1 1 1 1 1 1 1
1 1 1 1 1 1 1 0.999999 0.999999 0.999999
0.999999 0.99929 0.999999 0.998355 0.998931 0.998078 0.997419 0.999996 0.999987 0.999999
0.999999 0.99871 0.999999 0.996354 0.996862 0.998326 0.996306 0.996306 0.996679 0.996306
0.99979 0.999629 0.998236 0.999899 0.999968 0.999943 0.999846 0.999948 0.999733 0.999926
0.999978 0.999938 0.999809 1 0.999999 0.999999 0.999999 0.999998 0.999998 0.999831
0.999719 0.995024 0.99425 0.998939 0.997056 0.990586 0.995177 0.998638 0.997958 0.999999
0.999886 1 1 1 1 1.00001 1.00001 1 1 1.00001
1 1 1.00001 1 1 1 1 0.999999 0.999999 0.999999
0.999999 0.999675 0.999954 0.998135 0.999999 0.99999 0.999999 0.999999 0.999999 0.999999
0.996306 0.996851 0.996306 0.996306 0.996306 0.997951 0.999897 0.999692 0.999714 0.999939
0.999716 0.99975 0.999748 0.999796 0.999999 0.999825 0.999904 0.998801 0.999587 0.995213
0.994044 0.999889 1 1 0.999999 1 1 1 1 1
1.00001 1 0.999999 0.999983 0.998424 0.998666 0.996306 0.999585 0.999839 0.994403
0.999938 1 1 1 0.999992 1 1 1 0.999984 0.986105
0.995365 0.998911 0.998881 0.988445 0.998825 0.999959 0.999925 0.999903 0.999887 0.999867
1.00001 1.00001 1.00002 1.00001 1 1 1 1 1 1
1 1 0.999505 0.999631 1 0.999992 0.999817 0.999998 0.999977 0.999989
0.999998 0.998997 0.999587 0.999994 0.999996 0.999281 0.999994 1 1 1
1 1 1 1 1 1 1 1 1 0.999842
1 0.999155 1 0.998201 1 0.998866 1 0.999977 1 1
1 1 1 0.999797 0.999995 0.99942 0.999736 0.986636 0.996399 0.9844
0.977938 0.999988 0.994025 1 1 0.997717 0.999999 1 0.979991 0.989238
0.987439 0.977731 0.999738 0.998561 1 1 1 1 0.999807 1.00001
0.998105 0.998437 0.999327 0.998002 0.996647 0.999544 0.999369 0.999997 0.999737 0.999998
0.999997 0.999997 1 0.999668 0.999861 0.998418 0.999551 0.997298 0.997663 0.999022
0.999956 0.998425 0.999999 0.999997 0.998541 1 0.985114 0.997724 0.966282 0.970105
0.977877 0.966282 0.998201 0.993551 1 1 1 1 1 0.999999
0.999999 0.999999 0.999999 0.999999 0.999999 0.999999 0.999999 0.999999 0.999999 0.999999
0.999999 0.999999 0.999999 0.999998 0.999997 0.999998 0.999998 0.999999 0.999999 0.999998
0.999999 0.999999 0.999996 0.999996 0.999998 0.999999 0.999999 0.999999 0.999999 0.999998
1 1 1 1 0.999999 0.999999 0.999999 0.999998 0.999998 0.999997
0.999998 0.999998 0.999997 0.999997 0.999998 0.999999 0.999998 0.999999 0.999999 0.999986
0.999984 0.999981 0.999983 0.999985 0.999984 0.999976 0.999983 0.999965 0.999973 1
1 1 1 1 1 1 0.999786 0.999909 0.999869 0.999758
0.99976 1 1 0.999999 0.999999 1 1 1 0.99976 0.999835
0.999861 0.999779 0.99976 1.00001 1.00001 1 1 0.999999 1 1
0.999777 0.999897 0.999918 0.999786 0.999758 1.00001 1.00001 1.00001 1.00001 1
1.00001 1.00001 0.999999 0.999998 0.999857 0.99996 0.999999 0.999999 1 1
1 1 1.00001 1.00001 1 1.00001 1.00001 1 1 1
1 1 1 1 1 1 1 1 1 1
1 1 1 1 1 1 1 1 1 1
1 1 1 1 1 1 1 1 1 1
1 1 1 1 1 1 1 1 1 1
1 1 1 1 1 1 1 1 1 1
1 1 1 1 0.999999 1 0.999999 1 1 1
1 1 1 1 1 1 1 1 1 1
1 1 1 1 1 1 1 0.999843 0.999918 1
0.999999 0.999999 0.999999 1 0.999999 0.999999 0.997152 0.999477 0.999629 0.999828
0.99876 1 0.999999 0.999999 0.999999 0.999999 0.999998 0.999997 0.999998 1
1 1 1 1 1 1 1 0.999999 0.999999 1
1 1 0.999982 0.999938 1 1 1 1 1 1
1 1 0.999835 0.999978 0.999996 0.999997 0.999918 1 1 1
1 1 1 1 1 1 1 1 1 1
1 1 1 1 1 1 1 1 1 1
1 1 1 1 1 1 1 1 1 1
1 1 1 1 1 1 1 1 1 1
1 1 1 1 1 1 1 1 1 1
1 1 1 1 1 1 1 1 1 1
1 1 1 1 1 1 1 1 1 1
1 1 1 1 1 1 1 1 1 1
1 1 1 1 1 1 1 1 1 1
1 1 1 0.999861 0.999999 1 0.999988 1 1 1
1 1 1 0.999969 0.99989 0.999813 1 1 1 1
1 1 0.999978 0.999953 0.999975 0.999989 0.999984 1 1 1
0.999999 1 1 1 1 1.00001 1.00002 1.00001 1 1
1 1 1 1 1.00003 1.00002 1.00002 1.00002 1.00003 1
1 1 1 1 1 1 1 1 1 1.00001
1.00001 1 1 1.00001 1.00001 1.00001 1 1 1.00001 1.00001
1.00001 1 1 1.00001 1.00001 1.00001 1 1 1.00001 1.00001
1.00001 1 1 1 1.00001 0.999999 0.999999 0.999999 1 0.999999
0.999999 1 0.999997 0.999997 0.999999 0.999999 0.999987 0.999989 0.999977 0.999981
0.999997 0.99999 0.999982 0.999988 0.999782 0.999901 0.999888 1 1 1
1 1 1 1 0.99976 0.999758 0.999758 0.999758 1 1
0.999999 1 1 1 1 0.999758 0.999758 0.999758 0.999787 1
1 1 1 1 1 1 0.999758 0.999807 0.999764 0.999799
1.00001 1.00001 1.00001 1.00001 1.00001 1.00001 1.00001 1 1 1
1 1 1 1 1 1 1 1 1 1
0.999999 0.99998 0.999842 1 1 1 1 1 1 1
1 1 1 1 1 1 1 1 1 0.999919
0.999097 1 1 0.995386 0.997216 0.998037 1 1 1 0.999999
1 1 0.999999 0.997281 0.999998 0.999952 0.999997 0.999998 0.999998 0.999998
0.999999 0.999998 0.999998 0.999999 1 1 1 1 0.999999 0.999999
1 1 1 1 1 0.999976 0.999756 0.999769 0.99984 1
1 1 1 1 1 1 1 1 1 1
1 1 1 1 1 1 1 1 1 1
0.999866 1 1 0.999937 0.999979 1 1 1 1 1
1 1 1 1 1 0.999787 0.999824 0.999982 1 1
1 1 1 1 1 0.999747 0.999939 0.999877 0.999957 1
1 0.999999 0.999999 0.999999 0.999999 0.999999 0.999981 1 1 1
1 1 1 1 1 1 1 1.00001 1.00002 1.00002
1.00002 1 1 1 1 1 1 1 1.00001 1.00001
1.00001 1.00001 1.00001 1.00001 1.00001 1.00001 1.00001 1.00001 1.00001 1.00001
1.00001 1.00001 1.00001 1.00002 1.00001 1.00001 1.00001 1.00002 0.999997 0.999998
0.999996 0.999981 0.999997 0.999997 0.999995 0.999976 0.999985 0.999788 0.999888 0.999837
0.999773 0.999758 0.999758 0.999758 0.999758 0.999758 0.999758 0.999758 0.999758 0.999758
0.999758 0.999758 0.999758 0.999758 0.999758 1.00001 1.00001 1 1 1
1 1 1 1 1 1 0.999969 0.999852 1 1
1 1 1 1 1 1 1 1 1 1
1 1 1 1 1 1 1 1 0.998167 1
0.994532 0.993781 0.994184 0.99525 0.997291 0.996422 1 0.999579 0.999783 1
1 1 0.999743 0.999878 0.999938 0.999846 0.999773 0.99973 0.999767 0.99973
0.99973 0.999797 0.99991 0.999725 0.999837 0.999725 0.999731 0.999725 1 0.999995
0.999749 0.999725 0.999798 0.999853 0.999933 0.999869 0.999993 0.999998 1.00001 1.00001
1.00001 1.00001 1.00001 1.00001 1.00001 1.00002 1.00001 1.00001 1.00001 1.00001
1.00001 1.00002 1 1 1 1 1 1 1 1
1 1 0.999999 0.999999 0.999943 0.999979 1 1 0.999758 0.999758
0.999758 1 1 0.999758 0.999758 0.999758 1 1 0.999763 0.999758
0.999758 1.00001 1 1 1 1 1 1 1 0.995992
0.995242 1 1 0.999062 0.999117 0.998354 0.999997 0.999997 1 1
1 0.999999 0.999999 0.99987 0.99973 0.99973 1 1 1 1
1 1 1 1 1 1 1 1 1 1
1 1 1 1 1 1 1 1 1 1
1 1 1 1 1 1 1 1 1 1
1 1 0.999971 1 1 0.999799 0.999756 0.999725 1 1
1 0.999991 0.999982 1 1 1.00001 1.00001 1.00001 1 1
1.00001 1.00001 1.00001 1.00001 1 1 1 1 1 1
1 1 1 1 0.999999 1 1 0.999996 0.99997 0.999995
0.999996 0.999995 0.999971 0.999995 0.999997 1 1 1 1 1
1 1 1 1 1 1 1 1 1 1
1 1 1 1 1 1 1 1 1 1
0.999996 1 1 0.999998 0.999989 0.999998 0.999997 0.999998 0.999992 0.999998
0.999997 1 1 0.999999 1 1 0.999999 1 1 1
1 1 1 1 1 1 1 1 1 1
1 1 1 1 1 1 1 1 1 1
1 1 0.999999 1 0.999999 0.999997 0.999994 1 1 1
1 0.999997 1.00001 1.00001 1.00001 1.00001 1.00001 1 1 1
1 1 1 1 1 1 1 1 1 0.999999
1 0.999999 1 1 0.999991 0.999999 0.999999 0.999999 0.999951 0.999899
0.999957 0.999951 0.999956 0.999951 0.999954 0.999886 0.999952 0.999956 1 0.999992
0.999999 0.999999 1 0.999999 0.999999 1 1 1 1 1
1 1 1 1 1 0.999999 0.999999 1 1 1
0.999999 0.999997 1 1 1 0.999997 0.99999 1 1 1
0.999996 0.999992 1 1 1 0.999999 0.999999 1 1 0.999999
0.999999 1 1 1 1 1 1 1 1 1
1 0.999999 0.999999 1 0.999999 0.999999 0.999992 1 1 0.999997
1 1 1.00001 1.00001 1.00001 1.00001 1.00001 1 1 1
1 0.999999 0.999999 1 1 0.999999 1 0.999999 1 0.999999
1 0.999999 1 0.999999 1 0.999999 1 1 1 1
1 1 1 1 1 1 1 1 1 1
1 1 1 1 1 1 1 0.999999 1 0.999998
0.999999 0.999993 0.999999 0.999954 0.999926 0.999958 0.999924 0.999992 0.999987 0.999992
0.999986 0.999999 0.999999 0.999999 0.999999 0.999999 0.999999 0.999989 0.999918 0.99985
0.999905 0.999984 1 0.999999 0.999999 0.999999 0.999999 0.999981 0.999967 0.999986
0.999999 0.999999 0.999888 0.999716 0.999701 0.999871 0.999999 0.999998 0.999999 0.999999
0.999999 0.999999 0.999991 0.999926 0.99978 0.999708 0.999846 0.999983 0.999999 0.999999
0.999999 0.999994 0.999973 0.999931 0.999907 0.999954 0.999999 0.999999 0.999889 0.999608
0.99959 0.999872 1 0.999999 0.999999 0.999999 1 0.999999 0.999991 0.999937
0.999849 0.999844 0.99994 1 0.999999 0.999999 0.999999 0.999994 0.999974 0.999944
0.999934 0.999968 1 0.999999 0.999999 0.999884 0.999879 0.999997 0.999998 0.999998
1 1 1 1 1 1 0.999987 0.999986 1 1
1 1 1 1 1 0.999994 0.999994 1 0.999997 0.999992
0.999988 0.999991 0.999993 0.999985 0.999975 0.999981 0.999993 1 1 1
1 1 1 1 1 1 1 1 1 1
1 1 0.999999 0.999999 0.999997 0.999992 0.999984 0.999988 0.999993 0.999985
0.99997 0.999976 0.999992 1 1 1 1 1 1 1
1 1 1 1 1 1 1 0.999999 0.999999 0.999999
0.999999 0.999999 0.999996 0.999996 0.999999 0.999999 0.999993 0.999993 0.999999 1
1 1 1 1 1 1 1 1 1 1
1 1 1 0.999999 0.999999 0.999999 0.999999 0.999999 0.999999 0.999999
0.999999 0.999999 1 1 1 1 1 1 1 1
1 1 1 1 1 1 1 1 1 1
1 1 1 1 1 1 1 1 0.999999 0.999999
1 1 1 1 1 1 1 1 1 1
1 1 1 0.999999 0.999999 0.999999 0.999999 0.999999 0.999998 0.999998
0.999999 0.999999 0.999998 0.999998 0.999993 0.999993 0.999999 1 1 0.999998
0.999997 1 1 0.999999 0.999999 1 0.999999 0.999999 0.999999 0.999999
0.999999 0.999999 0.999964 0.999876 0.999755 0.999792 0.999945 0.999994 0.999987 0.999986
0.99993 0.999928 0.999999 0.999996 0.999995 0.999992 0.999994 0.999978 0.999935 0.999873
0.999897 0.999982 0.999999 0.999999 0.999999 0.999999 0.999999 0.999999 0.999964 0.999876
0.999669 0.999703 0.999944 0.999994 0.999985 0.999984 0.999902 0.999899 0.999999 0.999996
0.999995 0.999994 0.999997 0.999978 0.999935 0.999849 0.999872 0.999982 1 1
1 1 1 1 1 1 0.999913 0.99991 0.999998 0.999999
0.999996 0.999995 0.999956 0.999955 0.999999 1 1 0.999999 0.999999 0.999999
0.999999 0.999975 0.999974 1 1 1 1 1 1 1
1 1 1 1 1 1 0.999999 0.999999 0.99999 0.99999
1 1 1 0.999999 0.999999 0.999999 0.999999 1 1 1
1 1 1 1 1 1 1 1 1 1
1 1 1 1 0.999998 0.999998 1 1 1 1
1 1 1 1 1 0.999999 0.999999 0.999999 1 0.999999
0.999999 0.999999 0.999999 0.999999 0.999999 0.999999 0.999999 0.999999 1 1
0.999998 0.999998 0.999999 1 1 1 1 1 1 1
1 1 1 0.999999 0.999999 0.999999 0.999999 0.999999 0.999999 0.999999
0.999999 0.999999 0.999999 0.999999 0.999999 0.999997 0.999995 0.999996 0.999999 1
1 1 1 1 1 1 1 1 1 0.999999
0.999999 0.999999 0.999999 0.999999 0.999999 0.999999 0.999999 0.999999 0.999999 0.999999
0.999998 0.999997 0.999997 0.999997 0.999999 1 1 1 1 1
1 1 1 0.999999 0.999999 0.999999 0.999999 0.999999 0.999999 0.999999
0.999999 0.999999 0.999999 0.999999 0.999915 0.999742 0.999801 0.999975 0.999999 0.999993
0.999986 1 1 1 1 1 0.999999 0.999999 0.999999 0.999999
0.999999 0.999999 0.999999 0.999999 0.999999 0.999999 0.999999 0.999999 0.999985 0.999815
0.999485 0.999176 0.999439 0.999924 0.999996 0.999969 0.999943 1 1 0.999999
0.999999 0.999999 0.999999 0.999999 0.999999 0.999999 0.999999 0.999998 0.999999 0.999999
0.999999 0.999999 0.999999 0.999999 0.999985 0.999815 0.999568 0.999426 0.999631 0.999948
0.999996 0.999975 0.999956 0.999999 0.999999 0.999999 0.999999 0.999999 0.999999 0.999999
0.999999 0.999999 0.999999 0.999998 0.999998 0.999999 0.999999 0.999999 0.999999 0.999999
0.999999 0.999999 0.999997 0.999991 0.999992 0.999998 0.999999 0.999954 0.999907 0.999999
1 0.999999 0.999999 0.999999 1 1 1 1 0.999999 0.999999
0.999999 0.999999 0.999999 0.999999 0.999999 0.999999 0.999999 0.999999 0.999998 0.999998
0.999993 0.999993 0.999989 0.999824 0.999666 1 1 1 0.999999 1
1 1 1 1 1 1 1 1 1 1
1 1 0.999999 0.999999 0.999999 0.999987 0.999959 0.999951 0.999968 0.999859
0.999736 1 1 0.999999 0.999999 0.999999 1 1 1 1
1 1 1 1 1 1 1 1 1 0.999999
0.999999 0.999974 0.999929 0.999913 0.999957 0.999977 0.999955 0.999999 0.999999 0.999999
0.999999 0.999999 0.999999 0.999999 0.999999 1 1 1 1 1
1 1 1 1 1 1 1 1 1 0.999999
0.999999 0.999991 0.99999 0.999992 0.999991 1 1 1 1 1
1 1 1 1 1 1 1 1 1 1
1 1 0.999999 1 0.999999 1 1 1 1 1
1 1 1 1 1 1 1 1 1 0.999999
0.999999 0.999999 0.999999 0.999999 0.999999 0.999999 0.999999 0.999999 0.999999 0.999999
0.999999 0.999999 0.999999 0.999999 0.999999 0.999999 0.999999 0.999999 0.999999 0.999999
0.999999 0.999999 0.999999 0.999999 0.999999 1 1 1 1 1
0.999999 0.999999 0.999999 0.999999 0.999999 0.999999 0.999999 0.999999 0.999999 0.999999
0.999999 0.999999 0.999999 1 1 1 1 1 0.999999 0.999999
0.999999 0.999999 0.999999 0.999999 0.999999 0.999999 0.999999 1 1 1
1 1 1 1 1 1 1 1 1 1
1 1 1 1 1 1 1 1 1 1
1 1 1 1 1 1 1 1 1 1
1 1 1 1 1 1 1 1 1 1
1 1 1 1 1 1 1 1 1 1
1 1 1 1 1 1 1 1 1 1
1 0.999999 0.999999 0.999999 0.999999 0.999999 0.999999 1 1 1
1 1 1 1 1 1 1 1 0.999999 0.999999
0.999999 0.999999 0.999999 0.999999 1 1 1 1 1 1
1 1 1 1 1 0.999999 0.999999 0.999999 0.999999 0.999999
0.999999 1 1 1 1 1 1 1 1 1
1 0.999999 0.999999 0.999999 0.999999 0.999999 0.999999 0.999999 1 1
1 1 1 1 1 0.999998 0.999998 0.999999 0.999999 0.999999
0.999998 0.999998 0.999999 0.999999 1 1 1 1 1 1
0.999996 0.999988 0.999983 0.999987 0.999997 0.999998 0.999995 0.999992 0.999993 0.999997
0.999999 0.999999 0.999999 0.999997 0.999993 1 1 0.999996 0.999988 0.999984
0.999989 0.999997 0.999998 0.999996 0.999993 0.999994 0.999998 0.999999 0.999999 1
0.999997 0.999993 1 1 1 1 1 1 1 0.999999
0.999999 0.999999 0.999999 1 1 1 1 1 1 1
1 1 1 1 1 1 0.999999 0.999999 0.999999 0.999999
0.999999 0.999999 1 1 1 1 1 1 1 1
1 1 1 1 0.999999 0.999999 0.999999 0.999999 0.999999 0.999999
0.999999 0.999999 1 1 1 1 1 1 1 1
1 0.999999 0.999999 0.999999 0.999999 0.999999 0.999999 0.999999 1 1
1 1 1 0.999999 0.999998 0.999999 1 1 0.999999 0.999999
0.999999 0.999999 0.999999 0.999999 0.999999 1 1 1 1 1
0.999999 0.999999 0.999999 1 0.999999 0.999999 0.999999 0.999999 0.999999 0.999999
0.999999 1 1 1 1 1 1 1 1 1
0.999999 0.999999 0.999999 0.999999 0.999999 0.999999 1 1 1 1
1 1 0.999998 1 0.999999 0.999998 0.999997 0.999996 0.999996 0.999998
0.999999 0.999999 0.999999 1 1 1 0.999998 0.999998 1 0.999998
1 0.999999 0.999998 0.999998 0.999996 0.999996 0.999999 1 1 1
1 0.999999 0.999996 0.999993 0.999994 1 1 1 1 1
1 1 1 1 1 1 1 1 0.999999 0.999997
0.999995 0.999996 1 1 1 1 1 1 1 1
1 1 1 1 1 1 1 1 1 1
1 1 1 1 1 1 1 1 1 1
1 1 1 1 1 1 1 1 1 0.999999
0.999999 1 1 1 1 1 1 1 1 1
1 1 1 1 1 0.999996 0.999997 0.999996 0.999997 1
1 1 1 1 1 1 1 1 1 1
0.999995 0.999996 1 1 1 
enstrophy 1 4486 float
92.9191 82.4335 90.3679 100.256 84.3682 92.0164 61.0504 68.8388 50.4318 57.5474 46.1556
52.6518 42.9465 48.9097 40.045 45.511 37.709 42.7151 35.8847 40.4724 34.3949
38.6012 33.1274 36.9857 32.0253 35.5694 31.0437 34.3128 30.1326 33.1844 29.224
32.1749 28.2281 31.329 26.8978 30.8658 13.3284 32.7422 7.76133 12.9945 7.01599
8.86509 2.24752 0.210137 0.300294 0.376629 3.33938 3.25508 0.43599 0.476329 2.57475
2.96087 0.499178 0.50916 2.00077 2.26571 0.506958 0.497382 1.19384 1.6829 87.5379
79.1867 78.4377 54.375 44.1238 40.2845 37.4714 34.9592 32.999 31.5287 30.3703
29.4098 28.5839 27.8333 27.069 26.1147 24.6307 21.5421 4.11412 4.96958 0.502866
142.613 1031.71 64.3863 320.169 334.414 1252.86 1286.24 323.43 354.653 1440.33
1385.44 350.168 382.31 1637.61 1593.73 365.268 363.465 1660.94 1731.22 95.2265
84.6742 86.0583 60.6533 49.4881 45.085 41.816 38.8937 36.5762 34.7987 33.373
32.1755 31.1353 30.1803 29.1951 27.9396 25.9316 21.6342 3.39373 4.85016 0.638198
0.630823 378.907 383.878 90.7667 84.8997 104.008 90.9073 95.1612 68.7301 56.7741
51.9288 48.2906 44.9979 42.3366 40.2528 38.5509 37.1024 35.8362 34.682 33.5272
32.1315 30.011 25.5433 3.86678 5.8177 0.616861 0.564288 402.722 405.077 92.7511
84.9044 109.011 94.494 100.39 73.4551 61.1863 56.2482 52.5467 49.1668 46.4181
44.2597 42.493 40.9915 39.6929 38.5457 37.4774 36.3407 34.8595 32.0651 4.83159
7.7756 0.546853 0.6627 412.789 415.104 95.4496 88.7161 111.669 96.3982 103.136
75.888 63.4352 58.4632 54.7609 51.3734 48.6224 46.4725 44.7252 43.2579 42.0222
40.9947 40.1593 39.5099 39.0837 38.9179 6.87181 19.0086 0.521552 0.389517 662.459
1236.78 80.2337 136.841 111.819 96.5082 103.244 75.9189 63.4465 58.506 54.8556
51.523 48.8304 46.7454 45.0704 43.686 42.5542 41.6701 41.0528 40.7721 41.0056
42.1469 45.1997 50.6919 9.39571 14.642 56.3854 14.3454 19.7203 59.3884 17.4375
19.9613 60.0847 15.9496 18.6761 14.6925 17.3157 59.918 110.352 95.4632 101.644
74.3896 61.9995 57.1171 53.533 50.2777 47.6651 45.6605 44.0668 42.7665 41.7216
40.9299 40.4193 40.2682 40.6542 41.939 44.8901 49.9244 55.5349 59.4462 61.141
61.2715 108.887 94.4145 100.059 72.8838 60.5605 55.6998 52.141 48.9266 46.3583
44.3961 42.8425 41.5768 40.5531 39.7583 39.2045 38.9428 39.1142 40.0284 42.8731
21.726 14.1614 10.092 15.2727 11.2033 15.6385 11.7186 15.4159 11.759 108.065
93.8238 99.1775 72.0492 59.7538 54.8841 51.3174 48.1077 45.5466 43.5881 42.0328
40.7534 39.6912 38.8109 38.0752 37.4389 36.8511 36.0972 17.475 8.54655 4.98036
8.40528 0.424884 0.859848 0.708926 0.904227 0.898112 0.816374 0.870034 11.51 0.558322
0.720998 107.675 93.5438 98.766 71.6665 59.3849 54.5055 50.9276 47.7129 45.1474
43.181 41.6106 40.3014 39.1819 38.1867 37.2128 36.0599 34.3427 30.7959 6.21237
7.28147 0.145223 6.99977 109.482 16.1164 12.5863 13.1651 229.704 241.396 9.93162
9.94379 226.451 224.915 7.77491 7.83251 237.908 234.473 5.69529 5.14197 234.417
246.886 107.537 93.4447 98.6236 71.5357 59.2581 54.3722 50.787 47.5672 44.9965
43.0231 41.4409 40.1098 38.9504 37.8773 36.744 35.2466 32.7878 27.4352 4.71909
6.08423 0.315783 0.388144 536.025 497.452 114.362 110.562 107.536 93.4438 98.6222
71.5347 59.2571 54.3712 50.7858 47.5659 44.9952 43.0218 41.4397 40.1085 38.9489
37.8758 36.7423 35.2447 32.7854 27.4326 4.36723 6.08383 0.381732 0.418261 471.263
465.2 104.762 98.3484 107.672 93.5416 98.7629 71.6639 59.3827 54.5032 50.9251
47.7103 45.1447 43.1784 41.6077 40.298 39.1783 38.1827 37.2088 36.0552 34.3372
30.7906 4.71785 7.27966 0.385647 0.389027 471.413 471.175 105.884 98.4929 108.063
93.8221 99.1752 72.0473 59.752 54.8822 51.3152 48.1051 45.5438 43.5852 42.0292
40.7489 39.6865 38.8058 38.07 37.4325 36.8431 36.0898 6.21082 17.4687 0.316482
0.145657 535.694 727.784 150.725 110.5 108.886 94.4133 100.058 72.8828 60.5595
55.6985 52.1394 48.9243 46.3554 44.3928 42.8385 41.5718 40.5474 39.7518 39.1973
38.9343 39.1035 40.0174 42.8634 8.53917 21.7063 8.40251 4.97694 6.9897 9.82971
0.42543 13.0568 11.3481 0.850395 0.700138 12.5228 9.78617 8.59731 0.903931 0.895586
9.78877 7.7348 6.79744 0.825308 0.875582 7.66792 5.18107 3.76893 0.572669 0.73582
5.68166 110.351 95.4622 101.643 74.3892 61.9991 57.1165 53.5319 50.2759 47.6622
45.6566 44.0622 42.7605 41.7143 40.9209 40.4088 40.2556 40.638 41.9192 44.8656
49.8927 55.4998 10.0805 14.1377 59.4197 11.1799 15.2497 61.1246 11.6979 15.6174
11.74 15.4051 61.2731 111.817 96.5072 103.243 75.9186 63.4462 58.5051 54.8538
51.5202 48.8264 46.7399 45.0631 43.6772 42.5434 41.6569 41.0371 40.7533 40.9817
42.1162 45.1596 50.6354 56.3081 59.3024 60.0103 59.8827 111.665 96.3954 103.133
75.8857 63.433 58.4601 54.7565 51.3678 48.6156 46.4638 44.7142 43.2448 42.007
40.9767 40.1383 39.4851 39.0541 38.8836 18.9902 14.626 9.3866 19.6994 14.3297
19.9398 17.42 18.6619 15.9342 17.3106 14.686 109.006 94.49 100.385 73.4514
61.1826 56.2435 52.5406 49.1592 46.4091 44.2488 42.4797 40.9758 39.6747 38.5245
37.453 36.3129 34.8284 32.0329 6.86511 7.76761 0.389483 347.562 157.226 10.3925
318.317 344.548 337.731 335.377 354.547 324.684 358.488 378.724 346.496 12.8719
307.445 368.908 365.895 104.003 90.9037 95.1569 68.7267 56.7706 51.9241 48.2844
44.9902 42.3271 40.2415 38.5374 37.0863 35.8174 34.6603 33.5026 32.104 29.9816
25.5153 4.82638 5.81102 0.662101 0.521193 661.986 491.232 115.107 136.735 95.2227
84.6711 86.0547 60.6507 49.4853 45.081 41.8106 38.8868 36.5675 34.7882 33.3604
32.1604 31.1176 30.1601 29.1723 27.9144 25.905 21.6092 3.862 4.84412 0.546463
0.56378 412.095 418.091 97.6734 88.5742 87.534 79.1834 78.4342 54.3726 44.1213
40.2809 37.4665 34.9528 32.991 31.5189 30.3585 29.3958 28.5676 27.8147 27.0481
26.0913 24.6058 21.5173 3.38944 4.96335 0.61614 0.630048 401.964 398.786 90.8753
84.7531 92.9153 82.4303 84.365 61.0484 50.4298 46.1525 42.9421 40.0392 37.7016
35.8754 34.3836 33.1141 32.0097 31.0255 30.1118 29.2006 28.2023 26.8695 4.10898
13.3121 0.637486 0.502226 378.103 393.555 94.5728 84.7337 100.252 90.365 92.0136
68.8375 57.5461 52.6493 48.9058 45.5057 42.7082 40.4636 38.5903 36.9728 35.5541
34.2946 33.1633 32.1513 31.3027 30.8358 32.7026 7.75056 8.85311 7.00628 12.975
142.381 311.55 2.24381 333.85 312.46 3.33381 3.24966 319.637 354.063 336.645
2.56987 2.95569 322.886 381.849 361.019 1.99806 2.26103 349.683 367.097 305.358
1.19593 1.68476 366.355 1428.16 363.153 94.7633 394.403 1333.36 341.099 1545.99
369.404 1715.56 392.854 91.0387 399.553 97.8334 418.848 115.218 491.705 10.4025
157.419 348.032 397.886 338.319 345.196 318.952 345.127 325.416 355.396 336.229
367.368 347.527 379.922 359.666 392.659 366.515 368.159 305.486 12.9009 260.745
13.0388 150.815 728.274 224.672 11.4195 231.447 8.81312 245.415 6.77359 105.929
471.582 105.026 465.693 114.288 497.122 16.0971 109.422 13.0117 260.576 241.497
230.096 11.2633 225.367 225.657 227.21 8.67457 232.219 235.268 238.757 6.7232
246.576 248.709 237.823 397.272 80.1765 1235.44 344.395 366.367 391.514 95.3147
414.482 92.5901 404.328 90.5964 383.089 64.2722 1029.93 362.54 1425.72 1284.09
1250.76 340.515 1331.1 1383.13 1437.98 368.833 1543.77 1591.68 1635.83 392.935
1715.59 1734.97 1672.57 312.075 312.994 337.193 361.343 299.389 105.694 1285.84
1494.6 1678.78 84.607 391.564 90.6131 415.363 93.0927 439.678 1351.33 1273.24
1286.55 1366.68 1412.62 1457.55 1541.58 1583.68 1627.07 1694.19 1641.78 9.84562
11.4754 8.73789 6.86684 3.69514 86.7317 225.856 1290.65 1356.01 1299.37 228.666
1389.68 1355.03 1425.68 241.54 1537.1 1498.89 1577.3 1623.98 1652.41 100.497
480.501 97.2384 458.888 100.427 480.113 86.6672 1299.01 11.486 92.9813 439.123
90.4666 414.606 84.4525 390.784 105.493 517.807 0.209826 0.299883 0.376139 0.435347
0.475503 0.498187 0.50791 0.505249 0.495395 1445.5 518.82 1587.18 1680.96 1322.8
1500.26 1668.92 251.37 1567.15 1681.99 1299.66 1324.47 1461.89 1619.49 1566.13
1358.29 251.175 1680.49 1296.43 226.447 1307.77 1334.5 1366.01 1401.12 229.424
1437.26 1473.51 1510.56 1548.94 242.466 1589.65 1633.43 1670.75 1651.81 1348.73
1584.53 1678.6 1270.63 1283.8 1363.44 1319.83 1409.08 1453.7 1536.75 1495.98
1578.32 1621.2 1688.93 1662.88 1639.07 1443.03 1283.66 1492.28 1677.48 1527.2
215.441 1575.65 1508.92 16.3475 58.839 60.1862 25.9314 25.926 60.2118 58.8396
16.3029 1505.21 1508.33 209.489 1533.33 99.9475 3.34615 884.747 159.428 820.981
157.331 843.349 29.3331 22.5085 43.6215 39.5457 28.3625 38.0195 18.0313 38.7683
10.2717 10.6535 12.9745 10.6486 3.51518 0.497638 0.578045 0.607207 4.03908 4.10374
0.613013 0.612603 3.21562 3.62245 0.604817 0.591982 2.65 2.89906 0.576437 0.558479
1.93001 2.38333 15.0706 28.5275 19.1937 14.4537 8.62547 9.25213 6.38665 18.4935
59.7025 57.2211 10.4448 8.57962 304.992 329.275 1276.09 1279.33 338.464 371.688
1495.84 1436.45 366.746 399.061 1681.49 1643.89 382.267 407.139 1781.24 1770.95
160.959 40.378 96.7196 829.468 11.0838 46.0801 40.9976 9.74478 8.85951 10.9734
7.92616 9.30329 14.9029 15.1098 14.3381 13.1564 111.505 84.2151 118.425 144.706
12.9349 42.073 51.1533 11.9025 12.2693 9.78042 12.2307 14.1608 15.5684 16.1471
18.7658 15.9437 56.2369 55.7565 39.0004 42.2774 24.9438 20.6596 31.2626 24.3175
8.78266 16.7144 10.16 8.10538 14.9407 12.3524 11.407 14.2953 86.4743 103.548
144.331 104.299 43.9782 23.3859 13.4858 43.0269 43.4036 11.6512 25.7902 13.6516
14.7556 23.4191 72.7014 58.6314 10.575 151.793 96.7942 881.141 166.998 55.2088
56.9687 54.5925 55.8553 59.4048 63.6082 16.5129 20.4487 66.505 17.0316 20.3198
67.6696 16.457 19.9085 67.5508 15.9801 19.461 15.277 18.5271 66.4164 56.8079
58.3716 56.4881 57.9043 61.1797 65.3744 68.9073 70.7118 70.7231 69.3658 53.352
55.4819 52.7136 53.8692 26.4566 17.1628 12.5562 17.9562 13.4856 18.3205 13.8582
18.2946 13.9452 30.6213 13.8617 39.9184 23.5665 39.2206 21.4884 10.8074 8.88209
12.5658 1.27269 1.60142 1.59932 1.44876 1.5123 1.3026 1.3716 1.08868 1.20056
21.1642 26.331 16.8745 20.7365 8.68631 10.5494 4.04979 8.42679 19.569 50.7427
5.53361 5.41226 9.52808 10.3147 231.824 232.757 8.9772 9.19226 247.483 244.303
7.91447 8.18193 258.718 256.246 6.94985 6.85748 261.949 263.639 11.7927 26.0567
72.8531 117.633 785.437 158.353 12.1744 46.2695 38.4055 10.9947 9.48134 11.3305
7.63407 9.38896 18.5298 18.7673 16.5879 14.9658 140.942 129.708 157.63 135.36
12.2043 44.1503 52.2454 11.0882 12.6212 9.81107 12.0522 14.3571 16.1084 16.8048
19.0625 15.5744 69.7057 62.937 50.9433 74.3564 21.1726 25.5951 36.2489 20.8305
9.16436 10.3752 10.3194 8.89433 14.7257 12.5843 11.7582 14.0537 70.4885 84.5354
108.339 76.0338 39.9051 23.4592 16.705 39.2163 8.62969 21.4633 7.34875 3.98945
17.9893 9.46539 8.54655 14.521 141.556 144.287 130.081 134.747 53.3845 55.5078
52.7218 53.8922 10.756 26.3874 12.5635 8.90153 8.57371 1.25881 10.4407 9.73221
1.59733 1.58523 9.64444 9.26121 8.47124 1.46757 1.52491 9.05212 8.28211 7.60287
1.33016 1.39911 8.00212 6.94109 5.83804 1.10352 1.22481 7.03617 56.8593 58.4225
56.5252 57.9332 61.2023 65.3932 12.497 17.1009 68.902 13.436 17.9157 70.6884
13.8274 18.286 70.7079 13.9158 18.2551 13.8288 30.579 69.3631 55.2661 57.0214
54.6321 55.8766 59.4024 63.5825 66.4472 67.6006 67.5011 66.4044 44.0328 23.3511
43.059 43.4235 25.7391 20.3691 16.4274 20.244 16.9445 19.8451 16.3844 19.4129
15.9202 18.4918 15.2352 24.951 20.964 13.5276 24.2598 16.6778 11.5859 14.6932
13.6378 10.3495 337.041 352.406 325.618 359.6 379.866 347.777 377.698 402.147
369.932 362.047 412.218 384.717 14.5687 21.9178 34.2793 164.104 12.9654 43.736
32.6478 11.8101 8.73757 10.2767 8.13637 23.575 20.7295 14.457 151.222 136.784
117.286 167.199 11.1408 46.1028 52.118 9.74953 12.1031 10.1144 10.7319 13.8556
15.8464 17.4048 18.4513 14.9957 91.1386 78.9423 78.2597 109.959 15.0936 28.4023
40.5952 14.4917 8.47776 8.99079 11.0284 8.69956 14.2968 12.9562 12.48 14.2707
45.6468 38.4517 45.157 28.0817 29.3663 22.4187 19.1675 28.3928 8.40685 17.9006
7.5346 6.09369 14.3593 11.552 9.87916 12.6495 107.204 129.129 148.916 168.817
39.6022 43.6873 38.0529 38.7544 10.224 10.6194 12.7564 10.4495 18.2665 3.46341
328.777 318.838 3.99865 4.05403 304.724 370.466 352.768 3.18824 3.58947 337.456
397.431 374.095 2.62945 2.87565 365.309 405.138 352.731 1.91697 2.36512 380.521
40.9241 27.1621 1.6518 1.4598 159.985 850.232 159.689 10.3618 12.0871 1368.94
352.433 1599.64 387.127 1743.46 407.004 1579.15 345.294 127.121 128.061 13.7632
14.2239 64.6971 56.4432 16.9429 16.3487 73.4255 70.6509 14.5809 20.7258 138.049
119.995 162.712 326.835 353.528 338.114 367.451 348.955 381.188 360.904 393.679
371.332 403.684 379.169 410.836 386.169 413.639 363.104 359.207 164.513 34.5642
22.1291 14.5874 115.346 10.6206 8.65761 9.57074 240.766 9.84907 253.498 8.65073
262.178 7.71871 218.875 5.85381 143.203 128.336 12.6512 13.5609 83.1729 106.154
17.1808 16.3011 63.3732 51.6835 16.0527 18.1765 130.014 158.605 5.44727 5.63766
51.6147 19.9364 10.7777 116.558 234.716 233.399 9.92915 242.407 245.938 249.142
8.72167 255.089 257.892 260.404 7.81487 264.042 265.593 263.954 11.7761 5.9187
220.662 159.735 118.196 72.4516 26.0537 795.568 161.851 57.9746 72.2754 366.263
392.232 409.242 358.456 96.5911 881.436 11.5777 12.5838 105.893 146.289 17.2011
15.1661 59.0845 34.3076 13.7523 14.4818 72.046 141.448 8.179 9.96274 57.1269
59.546 159.471 851.34 1279.15 1274.65 351.482 1365.04 1431.8 1490.42 385.66
1592.83 1636.56 1673.68 405.222 1734.82 1761.81 1771.38 342.792 1565.84 812.921
94.333 20.7763 28.8053 9.48439 12.0177 67.2431 55.8834 70.4949 69.2721 58.1273
70.3078 10.2591 31.3946 13.4316 16.8859 5.63246 10.636 22.936 66.6979 49.9805
319.567 354.04 375.698 0.527705 1.46622 354.645 1305.76 1550.4 1713.73 1711.89
12.8988 28.7913 28.6766 13.4575 28.3365 79.1771 72.0626 18.0905 31.0973 32.5267
16.2722 32.0552 47.913 62.7503 11.2277 29.48 28.7553 12.1192 30.3026 151.308
126.43 1587.76 1564.06 1548.15 1607.69 1645.27 1682.21 1744.23 1768.6 1789.06
1828.84 1837.95 1776.8 9.63172 8.40746 7.50517 12.7859 5.76107 237.024 1533.25
1578.25 1530.47 250.448 1632.81 1600.31 1662.76 260.459 1735.23 1715.27 1750.84
245.615 1778.54 1779.24 1709.9 12.4485 35.5481 33.7768 13.2148 31.343 142.468
105.336 18.8103 33.3396 35.2842 16.3859 36.3176 42.2467 61.2785 11.8648 32.445
31.8688 12.6085 31.6136 144.44 106.514 35.8312 55.5891 12.761 11.1634 41.1611
12.0106 30.1776 149.722 125.913 18.4117 30.3545 32.1694 16.2411 33.1851 51.9405
68.1951 12.0096 29.8073 28.8395 12.5353 28.3364 87.41 50.2235 28.887 30.3957
152.286 138.946 0.476114 0.55696 0.587521 0.594677 0.595534 0.589055 0.577446 0.562937
0.545893 0.516081 294.311 30.4667 162.005 165.959 141.499 150.77 171.737 170.708
29.3405 171.587 181.372 197.11 191.166 30.4871 179.595 176.094 170.736 171.599
41.3406 157.207 291.254 995.757 1569.89 1715.2 1808.3 1660.72 1059.87 54.7444
359.837 185.943 1562.72 1690.62 1765.18 1570.88 185.769 190.712 31.915 194.433
198.766 221.048 233.256 34.5805 215.24 200.944 199.857 194.943 34.027 188.719
189.327 366.76 1071.49 1589.48 1542.66 238.585 1541.73 1576.49 1615.76 1649.27
252.086 1679.6 1707.58 1732.47 1752.68 262.217 1768.74 1783.75 1798.28 1797.59
247.482 1727.62 1586.84 1582.8 990.829 288.124 1560.02 1544.17 1602.74 1565.48
1639.8 1676.23 1737.46 1708.78 1761.54 1781.7 1821.27 1800.7 1830.9 1771.1
1657.05 155.667 171.213 29.0438 171.242 176.763 189.221 202.605 31.7471 194.467
178.531 176.095 175.978 28.8414 176.919 170.072 164.82 296.414 1302.88 1544.22
1705.48 1701.03 30.2055 121.76 92.3418 81.6881 85.2984 53.9658 68.1115 33.6595
35.898 34.9796 26.2073 59.2882 38.9256 91.0112 76.1705 130.972 94.5987 27.0298
98.0667 98.5869 18.8663 87.7263 142.689 72.6211 63.8216 77.2947 40.1295 45.1055
73.4952 34.0129 29.0496 43.4274 71.7504 65.2829 65.5911 49.0308 90.2748 48.7802
22.7617 102.231 149.02 10.5844 5.52585 16.7981 13.4282 10.4352 27.8302 128.758
31.9988 59.0687 90.6665 92.5649 57.7987 70.729 70.9693 33.8455 36.7995 34.5214
69.7563 67.2093 54.1917 36.6268 81.3964 56.0099 30.343 122.765 84.7221 20.7275
11.9796 9.43195 29.3679 827.101 152.697 153.444 113.058 152.505 55.0817 77.7928
43.6159 125.908 83.0689 182.108 180.59 125.203 822.801 156.977 96.0557 3.29917
106.628 168.401 144.056 84.6197 111.385 60.0142 85.0061 62.2954 31.0527 109.89
101.247 135.839 77.8231 175.094 19.1812 179.068 98.3096 131.283 123.959 187.183
75.6414 75.4534 56.1515 42.0409 26.5462 80.0168 152.596 152.255 67.9133 112.632
94.1624 177.969 105.83 54.0538 180.634 851.851 141.087 52.7979 135.766 189.433
48.0063 106.82 180.896 0.490145 16.2951 10.1135 11.6489 42.8881 31.7101 45.6033
29.2629 16.3084 55.8402 57.3824 11.6785 52.8195 61.2244 12.9636 27.3912 43.3201
26.3124 26.4506 15.6246 48.1628 64.3217 62.0588 67.1305 65.0173 63.0312 60.382
27.8427 43.5507 36.9204 23.6199 22.0274 58.0876 51.9283 12.4085 58.0442 64.8107
12.4203 36.7512 51.6064 22.083 27.8871 23.6361 43.6066 63.0648 60.3878 65.0219
67.1321 59.0533 64.1709 62.0824 64.3338 60.9346 48.1812 26.4623 46.7526 26.3846
25.2027 13.1705 11.3978 12.2543 9.43684 17.0489 15.0447 32.0824 30.4525 40.8135
43.0133 1.66002 0.501127 26.7657 15.4966 49.5351 41.1972 54.3392 58.4562 47.4001
58.4221 16.4085 28.9356 11.6853 10.1171 117.458 66.8124 26.71 142.846 159.706
110.497 118.027 100.867 108.879 109.775 101.509 128.531 121.432 155.585 143.537
115.421 161.486 61.5974 157.235 127.795 142.487 166.048 115.891 127.704 111.494
112.619 116.75 113.233 143.395 129.233 156.496 165.507 127.304 114.056 61.0969
152.425 158.855 129.746 143.287 111.947 123.74 80.4375 102.439 73.5928 61.4917
132.268 97.8574 112.348 150.394 66.7893 30.2621 40.7457 30.0054 40.7766 9.38527
12.3206 10.8405 3.20793 0.459708 4.18921 4.37185 0.543555 0.601451 0.598519 0.598458
3.27109 3.77287 0.594306 0.585007 2.58278 2.87568 0.573129 0.557505 2.02996 2.33833
0.531324 0.491949 2.09587 1.62286 22.7465 11.9206 13.0994 46.6151 23.3452 20.5457
14.9241 14.3343 11.2579 12.4288 9.74363 12.8833 14.2338 168.016 366.498 1457.65
890.768 376.137 413.374 1689.43 1618.55 405.039 440.086 1885.81 1847.09 419.813
452.353 2002.98 1977.62 358.594 190.146 1020.02 1755.81 19.2619 55.3005 9.48063
8.74729 13.2955 13.2156 22.1372 21.1796 18.1176 86.23 28.6071 37.4275 99.5589
98.5432 11.3624 10.66 14.8013 13.8326 18.4039 18.2391 18.9247 101.776 44.1059
43.8573 102.362 104.617 25.1635 24.6476 14.2686 14.9613 23.996 21.7179 20.182
99.85 37.707 28.0062 84.8389 97.5363 46.7599 46.9717 11.4079 26.1006 24.5831
10.3579 6.04308 31.3115 24.5255 61.088 26.3452 23.485 52.5654 60.9351 61.9603
65.6743 70.9509 16.3734 22.3724 74.9013 18.9448 22.7258 76.341 18.4353 22.2218
75.8879 17.7954 21.6411 74.4449 17.252 21.2008 72.0103 18.1891 68.474 64.1852
65.3187 68.7836 73.7852 78.1332 80.3169 80.2759 78.5741 75.6776 72.1178 59.0755
59.7483 63.1428 32.2672 20.6138 15.5461 21.0715 16.0341 21.0651 16.1483 20.779
16.0719 32.6689 15.6448 65.6847 42.2663 42.1434 24.2751 14.0887 17.9862 20.9655
2.78816 2.37599 2.60282 2.02548 2.17022 1.74458 1.89321 1.33472 1.5506 16.3972
12.9736 27.0147 18.6581 21.0587 20.7665 11.126 14.1302 12.6411 16.7449 222.623
162.62 13.1773 13.062 260.113 254.603 10.4095 10.4221 278.525 274.381 8.31758
8.16459 291.129 288.169 4.91636 4.4215 122.358 256.798 16.7645 49.06 10.6239
10.1334 14.5608 14.6506 27.7338 28.5668 20.6419 84.4748 27.9369 35.9766 100.511
98.015 10.6393 10.1486 15.405 14.5263 23.6624 21.5075 19.3322 102.556 43.3172
45.3941 102.305 105.083 21.1209 20.8259 14.4823 14.1452 23.4632 22.9906 20.5553
101.802 42.7477 35.2627 98.4729 103.256 42.3085 42.1722 11.1624 24.2832 27.8436
17.3799 12.7217 81.867 27.4217 16.5459 48.7959 73.8352 59.7003 63.1201 14.0447
32.162 21.0472 18.1184 16.8902 15.0746 2.77013 13.1984 11.8174 2.36149 2.58732
13.3062 10.6423 9.54263 2.01973 2.16732 10.6027 8.3896 7.18975 1.71806 1.87948
8.54118 4.49626 6.43926 1.28925 1.50924 5.02074 32.5734 12.8935 16.3346 18.5966
26.9991 65.7011 65.2719 68.7194 73.7104 78.0459 15.4529 20.516 80.2276 15.9522
20.9859 80.19 16.0761 20.9794 78.5093 15.9924 20.6887 75.6367 15.571 72.1021
61.9281 65.6037 70.8552 74.8048 76.2347 75.7768 74.3563 71.9545 68.4556 46.9453
25.9755 22.1959 16.1811 22.5837 18.7806 22.0997 18.3011 21.5348 17.6752 21.1206
17.1553 31.2624 18.1134 52.5659 24.6881 11.1921 14.4765 5.62198 369.236 387.143
168.916 399.14 421.032 385.646 419.176 446.504 410.58 424.284 458.273 424.833
30.1886 193.801 369.552 60.9081 24.4582 23.418 26.2446 10.6438 13.4911 13.5303
23.5538 28.3359 18.5191 27.8021 84.4535 77.8393 8.58526 14.6978 12.8196 23.3173
22.3205 18.2502 99.0693 37.2645 43.1135 101.128 103.551 14.3658 12.8392 12.1947
17.5968 17.9336 17.153 100.424 43.2928 36.8231 98.419 102.384 30.1577 11.0017
12.157 21.9108 17.8329 13.2944 85.5344 28.2962 19.1623 55.0712 76.0802 40.825
9.36583 10.8403 9.21433 3.13624 365.857 349.6 4.11657 4.28909 167.33 412.461
392.331 3.22613 3.71536 375.357 438.989 412.672 2.55148 2.83904 404.064 451.225
417.125 2.00545 2.31091 418.746 189.789 33.1581 2.07646 1.59972 357.795 20.5216
23.334 46.6646 13.0988 11.9175 22.716 36.8786 20.2396 18.5431 25.1567 24.9312
65.6112 61.2576 1546.64 391.105 1802.26 429.044 1948.82 447.392 1914.02 415.427
114.851 178.333 120.594 33.1592 127.292 129.875 76.52 69.8061 23.7186 18.9142
24.3279 24.122 65.5149 65.0733 124.345 103.593 108.706 103.623 68.4913 25.1244
22.6312 27.8811 28.3762 73.8538 62.5203 102.359 117.07 109.964 104.519 51.407
24.7305 29.8339 56.559 34.1862 60.6042 227.13 122.115 120.353 134.015 78.097
1018.79 37.0184 11.9226 169.322 387.423 369.592 407.394 386.266 421.768 399.926
436.544 411.542 447.618 420.297 454.747 426.016 459.55 425.466 425.942 370.519
30.2641 120.635 184.399 194.276 913.687 43.5185 17.2852 32.6322 43.1615 200.136
71.2651 249.286 14.8136 270.083 11.6506 285.107 9.33793 276.171 6.40947 87.2736
131.023 25.2739 6.42874 133.915 118.887 75.3153 65.7864 29.3617 23.1449 29.3942
27.9588 71.0701 75.9271 131.829 110.053 116.081 104.515 97.5087 31.1023 21.4963
29.1721 30.9086 96.3703 75.9277 105.926 110.077 105.876 104.616 71.5728 27.8901
28.5963 32.7531 29.4292 66.3129 71.6329 115.708 131.793 130.185 95.3906 200.733
43.3193 43.6944 918.648 163.774 224.026 14.9473 250.955 256.429 261.949 11.8234
271.697 275.928 280.004 9.57329 286.603 289.696 292.754 6.56937 277.836 258.839
117.465 123.468 25.3759 132.262 87.1175 11.4046 9.69332 55.9674 36.4021 1019.47
228.84 406.888 435.629 453.513 424.802 120.078 183.728 120.248 62.8843 33.6445
20.203 27.7547 24.402 56.9908 69.6918 133.624 116.515 121.541 96.9488 83.1905
28.6793 17.3576 24.6361 25.7232 75.6902 69.8995 109.427 102.893 101.644 103.246
70.7226 24.1401 20.6444 25.265 23.7983 77.8229 66.7552 107.982 126.563 123.539
97.5689 66.828 24.4968 12.0664 19.5297 35.9292 889.085 1456.97 390.403 1544.54
1615.28 1685.32 428.035 1797.08 1841.54 1879.86 446.249 1942.44 1971.18 1996.48
414.458 1908.09 1750.66 129.29 1017.15 120.362 177.735 114.437 350.159 393.251
413.732 418.152 1493.87 1750.86 1919.33 2005.31 299.93 210.297 228.72 130.928
111.928 93.1947 164.418 101.762 105.437 68.8921 66.8202 70.9304 119.124 252.285
200.742 96.713 114.361 132.132 264.545 1738.73 1749.93 1776.77 1821.29 1867.53
1943.75 1974.22 1999.21 2038.7 2057.43 2058.82 1055.19 308.922 1834.67 14.9428
11.6738 9.32596 7.00615 239.765 1603.43 1654.69 265.238 1772.7 1721.87 1819.84
281.993 1936.67 1901.36 1968.25 291.141 2056.91 2027.72 2070.47 1074.54 1892.93
232.856 212.65 144.443 128.111 109.236 215.556 110.315 137.01 78.9081 71.1674
68.085 101.354 172.528 137.292 79.9313 92.6698 111.167 215.55 273.018 216.798
147.547 180.686 1088.03 246.96 307.64 152.384 131.463 263.513 18.8828 22.0639
153.671 199.491 96.2253 81.2252 70.605 118.46 25.769 24.8169 128.046 104.676
68.6059 77.6914 92.6917 162.863 22.5732 19.1812 226.162 227.261 130.275 149.869
298.817 16.3507 0.578011 0.519773 0.576077 0.576875 0.573625 0.565194 0.55424 0.539557
0.514153 0.474763 41.0382 228.441 150.529 227.351 67.1181 23.1827 117.329 78.0611
129.196 74.4028 27.0666 104.648 81.5859 154.625 54.2345 24.6048 125.672 153.023
247.653 1748.74 1908.08 2019.27 1973.64 1679.07 1862.46 1997.57 2006.47 178.208
264.545 67.1832 25.8683 125.835 91.0938 172.964 114.009 32.6374 104.073 71.5692
111.048 67.7086 25.8736 124.564 130.78 234.571 1613.02 241.273 1665.8 1692.76
1737.73 1789.17 266.965 1835.6 1877.22 1915.15 1949.57 283.467 1980.49 2009.33
2038.92 2067.72 292.771 2080.85 2016.8 1905.15 1738.97 1749.75 1774.45 1747.42
1818.19 1863.73 1938.63 1903.59 1968.55 1993.03 2031.94 2012.74 2050.52 2051.98
1829.15 1967.33 1051.69 58.0648 24.1904 125.159 113.743 250.939 84.2345 27.6691
104.004 66.5095 101.167 74.0721 23.0756 116.534 111.338 208.622 227.068 40.0815
1492.96 1746.12 1913.09 1998.85 0.434781 27.8795 29.0475 36.7522 33.3298 27.3138
31.531 30.1505 26.8778 18.8302 16.8714 20.2098 21.3245 14.8898 11.6057 17.2384
19.1959 18.2684 15.0058 20.556 22.4647 28.7534 27.4225 29.8116 30.7137 43.1811
44.9667 42.3622 41.7307 54.9406 58.5538 52.8973 51.1873 58.3786 62.1724 56.1873
54.309 53.2609 56.3625 51.5237 50.0724 41.3362 42.3075 40.9117 40.6024 27.404
25.257 28.8882 30.1602 18.2206 14.2225 20.9873 23.3465 18.2764 14.2966 21.0273
23.3738 27.5026 25.3957 28.9577 30.2072 41.3687 42.3656 40.9332 40.615 53.2379
56.3397 51.5045 50.0548 58.3703 62.1602 56.1781 54.2964 54.9443 58.557 52.8959
51.1797 43.1747 44.9676 42.3474 41.709 49.6983 41.1664 28.7117 27.3869 29.7633
30.6595 31.363 18.1889 14.923 20.4773 22.3848 23.8982 14.7999 11.5141 17.1513
19.1117 20.6573 18.7502 16.7988 20.1282 21.2459 22.0837 27.8452 29.039 27.2641
26.8208 26.4334 33.3291 36.7915 31.5046 30.1093 28.9983 31.9218 42.4957 30.4984
39.8902 29.6723 38.1666 15.6885 19.375 16.4217 15.7515 16.1376 9.526 25.2933
22.9592 9.71551 10.3951 12.5627 22.3414 26.2392 12.9745 13.7574 27.3129 19.0322
27.009 27.0244 49.4976 47.4228 46.0144 65.0817 62.3609 60.354 68.7691 66.0617
64.0342 62.3178 59.7088 57.9178 45.2266 43.7502 42.8904 23.7494 21.112 17.0948
23.8856 24.4072 11.2708 25.5204 23.0713 11.6506 12.6499 11.3348 25.2553 27.6541
11.7239 12.7269 23.901 20.8988 22.7394 24.0406 24.5588 45.3298 16.9842 43.843
42.966 62.3246 59.7045 57.9048 68.7566 66.0421 64.0217 65.0767 62.3528 60.352
49.4988 47.4219 46.0139 27.2788 26.9756 26.9908 12.4593 12.8838 13.6725 9.40443
9.61264 10.3007 15.6077 15.6777 16.0668 31.9243 30.5009 29.6722 42.5507 39.9452
38.2169 30.3508 29.9571 29.7103 30.1112 30.7424 30.5118 31.1277 30.9081 31.5
31.2936 31.8453 31.6529 32.1464 31.9651 32.4002 32.2247 32.6125 32.4385 32.7829
32.6092 32.9115 32.7375 33.0048 32.8296 33.076 32.8983 33.1395 32.9589 33.2144
33.0315 33.3014 33.1182 33.466 33.286 33.5659 33.3958 34.1089 33.9587 33.7662
33.6389 35.7941 35.6796 33.8773 33.7548 40.9249 40.7877 35.9586 35.8337 47.2761
47.1792 77.5405 77.631 31.0622 30.6975 31.4184 31.7618 32.0851 32.3821 32.6526
32.899 33.1137 33.2858 33.4151 33.5103 33.5845 33.6514 33.7301 33.822 33.9865
34.0707 34.5709 34.1679 36.1465 34.235 41.3065 36.31 47.5265 77.81 32.2179
31.9127 32.5089 32.7821 33.0368 33.2745 33.5045 33.7275 33.9255 34.0853 34.2077
34.301 34.3765 34.4468 34.5326 34.6355 34.8085 34.8901 35.3741 34.9409 36.8711
34.9149 41.9454 36.8636 47.8928 78.0458 33.7347 33.5167 33.9429 34.1409 34.332
34.5161 34.6899 34.8508 34.9951 35.1192 35.2238 35.3135 35.3961 35.4804 35.5811
35.693 35.8676 35.9501 36.4415 36.0165 37.9279 35.8913 42.8067 37.5832 48.3526
78.3303 35.4346 35.3246 35.5467 35.6626 35.7817 35.8978 36.0006 36.0916 36.1808
36.2692 36.3569 36.4464 36.5424 36.647 36.7649 36.8829 37.053 37.1262 37.6043
37.1603 39.0425 36.9397 43.7562 38.3906 48.867 78.6402 37.0586 37.0616 37.0687
37.0931 37.1301 37.1737 37.2177 37.2656 37.3242 37.3949 37.4782 37.5754 37.6875
37.812 37.9482 38.0788 38.2522 38.3165 38.7695 38.286 40.12 37.965 44.7152
39.2231 49.4037 78.9646 38.316 38.4047 38.2497 38.2061 38.1845 38.1827 38.1988
38.2338 38.2899 38.368 38.4682 38.5896 38.7299 38.8831 39.0459 39.1982 39.3831
39.4442 39.8777 39.3588 41.1469 38.9436 45.635 40.0281 49.9303 79.2896 38.9653
39.0766 38.8815 38.8259 38.799 38.8006 38.8303 38.8879 38.9748 39.0909 39.2348
39.4032 39.5909 39.7887 39.9907 40.1744 40.3779 40.4404 40.8583 40.3111 42.0629
39.8182 46.4582 40.7538 50.4114 79.5913 38.9338 38.9909 38.9023 38.8986 38.9249
38.9822 39.0702 39.189 39.3402 39.5232 39.7352 39.9704 40.2213 40.4764 40.7289
40.9554 41.1892 41.2614 41.6664 41.0942 42.817 40.5399 47.1404 41.3601 50.8186
79.8508 38.3998 38.3503 38.4682 38.5599 38.6794 38.8282 39.0036 39.205 39.4372
39.701 39.9914 40.3002 40.6169 40.9274 41.2228 41.4807 41.7383 41.8272 42.2381
41.6619 43.3725 41.0765 47.6511 41.8189 51.1242 80.0379 37.7183 37.559 37.8886
38.0756 38.2849 38.5199 38.7791 39.0622 39.3742 39.7148 40.0764 40.4489 40.8194
41.1704 41.4884 41.7475 41.9956 42.0904 42.5335 41.9914 43.7158 41.4163 47.9784
42.1181 51.3142 80.1368 37.2548 37.0274 37.4872 37.7288 37.9835 38.2588 38.564
38.9051 39.2786 39.6742 40.0827 40.495 40.8989 41.2771 41.6158 41.8878 42.1376
42.2308 42.6825 42.1516 43.8788 41.5757 48.1314 42.2575 51.4023 80.1823 37.2511
37.0239 37.4832 37.7239 37.9771 38.2496 38.5536 38.8968 39.2733 39.6705 40.0798
40.493 40.8995 41.2845 41.6388 41.9379 42.216 42.3147 42.7374 42.1683 43.8722
41.5595 48.1115 42.2359 51.3982 80.1969 37.7086 37.55 37.8784 38.0645 38.2723
38.505 38.7635 39.0488 39.3631 39.704 40.0642 40.4349 40.8056 41.1628 41.4979
41.7869 42.064 42.1588 42.5626 41.9715 43.6643 41.3504 47.9072 42.0483 51.2833
80.1433 38.3891 38.3405 38.4572 38.5491 38.6694 38.8196 38.9956 39.1953 39.4237
39.6815 39.9638 40.2626 40.5687 40.869 41.1549 41.4022 41.648 41.7262 42.1302
41.5469 43.2484 40.9449 47.5169 41.6955 51.048 79.9994 38.9275 38.9848 38.8961
38.8927 38.9194 38.9772 39.0639 39.1779 39.3207 39.492 39.6889 39.9062 40.1369
40.3704 40.6 40.8026 41.0171 41.0827 41.4931 40.9241 42.6406 40.3535 46.9507
41.188 50.7067 79.784 38.967 39.0775 38.8835 38.8272 38.7986 38.7978 38.8234
38.8735 38.9482 39.0476 39.1704 39.3142 39.475 39.6459 39.8235 39.9876 40.1805
40.2456 40.6739 40.1291 41.8652 39.5966 46.2274 40.5445 50.2809 79.521 38.3275
38.4142 38.261 38.2145 38.1875 38.1798 38.1902 38.2165 38.2579 38.3148 38.3882
38.4785 38.5856 38.7059 38.8404 38.9728 39.1514 39.225 39.6794 39.1659 40.9292
38.6906 45.372 39.7927 49.7962 79.2343 37.0788 37.0786 37.0882 37.1062 37.1319
37.1646 37.2031 37.2451 37.2894 37.3363 37.3882 37.4481 37.5192 37.602 37.7007
37.8022 37.9565 38.0135 38.4625 37.9646 39.7804 37.6316 44.4137 38.9689 49.2705
78.924 35.4629 35.3467 35.578 35.6906 35.7991 35.9019 35.9969 36.0814 36.1542
36.2152 36.2672 36.3151 36.3653 36.4219 36.4923 36.5652 36.6854 36.6932 37.0994
36.6114 38.5161 36.5075 43.4223 38.1273 48.7279 78.592 33.77 33.5408 33.9911
34.2019 34.3997 34.5814 34.7433 34.8816 34.9943 35.0811 35.1447 35.1914 35.2309
35.2714 35.3256 35.3875 35.5057 35.5241 35.9626 35.5262 37.4864 35.5293 42.5082
37.3363 48.243 78.3313 32.2513 31.9333 32.5588 32.8524 33.1281 33.3809 33.6051
33.7951 33.9473 34.0608 34.1384 34.1874 34.2205 34.2511 34.299 34.3656 34.5131
34.5978 35.1201 34.737 36.7008 34.7269 41.7234 36.6474 47.7674 78.0005 31.0838
30.7103 31.4485 31.7995 32.1312 32.437 32.709 32.9395 33.1233 33.2581 33.3467
33.3972 33.4248 33.447 33.4889 33.5568 33.7171 33.8242 34.3684 34.0016 35.9866
34.0456 41.0891 36.0998 47.2817 77.5243 30.3619 29.9627 30.7556 31.1379 31.5016
31.8387 32.1396 32.3951 32.5985 32.7463 32.8411 32.8916 32.9146 32.93 32.9652
33.0279 33.1828 33.2803 33.8172 33.4578 35.4721 33.5738 40.6623 35.7366 47.0656
77.4131 30.1189 29.7133 30.521 30.9129 31.2868 31.6341 31.9446 32.2085 32.4183
32.5704 32.667 32.7172 32.7383 32.751 32.7833 32.8434 32.9956 33.0896 33.6244
33.2674 35.2898 33.4051 40.5075 35.6074 47.0719 77.5256 29.5645 29.1762 28.9229
29.3129 30.3278 29.9556 31.5973 31.2746 33.2909 33.0587 35.2156 35.1074 37.0765
37.103 38.5154 38.6485 39.2153 39.3818 39.0727 39.1786 38.3173 38.2987 37.4069
37.2589 36.8009 36.5716 36.7978 36.5692 37.399 37.2523 38.3086 38.2912 39.0669
39.1733 39.2151 39.3806 38.5221 38.6524 37.0889 37.1107 35.2308 35.1162 33.3054
33.0652 31.6076 31.2762 30.3319 29.9519 29.5635 29.1687 29.31 28.9139 25.946
26.1774 28.1715 27.4973 25.7972 26.9948 25.7226 26.6347 25.7106 26.3904 25.7521
26.2415 25.8393 26.1725 25.9666 26.1712 26.1298 26.2288 26.326 26.3387 26.5529
26.4956 26.8084 26.6951 27.0902 26.9329 27.3955 27.2045 27.7214 27.5054 28.0651
27.8314 28.4239 28.1788 28.7951 28.5438 23.3893 22.8241 23.8916 24.3518 24.7807
25.1861 25.5736 25.9478 26.3128 26.6723 27.0295 27.3869 27.7463 28.1084 28.4733
28.841 29.2111 29.5829 23.0541 21.9993 23.9568 24.7423 25.4348 26.0525 26.6097
27.1178 27.586 28.0223 28.4337 28.8258 29.2029 29.5682 29.9237 30.271 30.6114
30.9458 26.2183 25.2074 27.065 27.7851 28.406 28.9477 29.4262 29.8538 30.2406
30.5946 30.9229 31.2309 31.5228 31.8015 32.069 32.327 32.5773 32.8209 32.7744
32.4192 33.0658 33.3089 33.5145 33.6914 33.8468 33.9861 34.1141 34.2344 34.3498
34.4621 34.572 34.6802 34.7872 34.8936 35.0002 39.8661 40.2698 39.5014 39.1721
38.8746 38.6065 38.3661 38.152 37.9625 37.7964 37.6524 37.5284 37.4221 37.3316
37.2552 37.1921 37.1415 46.113 47.194 45.144 44.2773 43.5024 42.8101 42.1925
41.6426 41.1535 40.7194 40.3351 39.9952 39.6945 39.4283 39.1931 38.9861 38.805
48.4687 49.746 47.3117 46.2694 45.3331 44.4941 43.7437 43.0736 42.476 41.9442
41.4719 41.053 40.6814 40.3516 40.0598 39.8025 39.577 45.7133 46.649 44.8722
44.118 43.4418 42.8363 42.2946 41.8102 41.378 40.9934 40.6521 40.3502 40.0835
39.8485 39.6424 39.4628 39.3085 39.6431 39.8556 39.4517 39.2795 39.1239 38.9835
38.8576 38.7454 38.6464 38.5606 38.4876 38.4271 38.3785 38.3411 38.3143 38.2981
38.2927 33.2968 32.7136 33.7951 34.2257 34.6007 34.9301 35.2222 35.4835 35.7193
35.9343 36.1324 36.3171 36.4906 36.6548 36.812 36.9637 37.112 29.2391 28.1342
30.1834 31.0001 31.7134 32.3418 32.8995 33.3972 33.8443 34.2491 34.6186 34.9581
35.2719 35.5635 35.8361 36.0928 36.3367 29.2465 28.1445 30.1882 31.0027 31.7144
32.3416 32.8986 33.396 33.8431 34.2481 34.6177 34.9573 35.2711 35.5626 35.8349
36.0912 36.3347 33.3098 32.7319 33.803 34.2291 34.6007 34.9277 35.2184 35.4793
35.7153 35.9307 36.1294 36.3144 36.488 36.6521 36.8086 36.9595 37.1067 39.6472
39.8615 39.4528 39.2774 39.1191 38.9769 38.8502 38.7379 38.6395 38.5547 38.4826
38.4229 38.3747 38.3373 38.3101 38.2931 38.2865 45.7066 46.64 44.8658 44.1106
43.4333 42.8271 42.2853 41.8013 41.3699 40.9864 40.6464 40.3454 40.0794 39.8447
39.6385 39.4587 39.3037 48.4572 49.7325 47.3009 46.2584 45.3216 44.4825 43.7325
43.0631 42.4665 41.936 41.4651 41.0475 40.6769 40.3479 40.0567 39.7999 39.575
46.0963 47.1763 45.1277 44.2611 43.4864 42.7948 42.1781 41.6291 41.141 40.7083
40.3256 39.9873 39.6883 39.4238 39.1904 38.9852 38.8064 39.8365 40.237 39.4742
39.1469 38.8513 38.5849 38.3461 38.1333 37.9452 37.7808 37.6387 37.5167 37.4128
37.3249 37.2515 37.1917 37.1449 32.7256 32.3636 33.0227 33.2702 33.4796 33.6597
33.8178 33.9595 34.0895 34.2122 34.3301 34.445 34.5581 34.6699 34.781 34.8919
35.0034 27.0013 26.1464 27.7284 28.3547 28.9011 29.3837 29.815 30.2048 30.562
30.8934 31.2046 31.4999 31.7822 32.0538 32.3164 32.5716 32.8208 23.8892 22.9802
24.6799 25.3767 25.9984 26.5594 27.0711 27.5428 27.9827 28.3978 28.7935 29.1743
29.5433 29.9027 30.2541 30.5995 30.94 23.8284 23.3215 24.2913 24.7221 25.1297
25.5198 25.8971 26.2653 26.6283 26.9891 27.3503 27.7134 28.0792 28.448 28.8199
29.1947 29.5723 25.7416 25.8879 25.6674 25.6552 25.697 25.7854 25.9147 26.0805
26.2799 26.5102 26.7694 27.055 27.3641 27.6942 28.0422 28.4056 28.7818 26.9434
27.4447 26.5826 26.3371 26.1877 26.1193 26.1194 26.1793 26.2921 26.4524 26.6555
26.8969 27.1724 27.4774 27.8078 28.1596 28.5293 26.493 29.0472 22.1593 20.7407
23.9803 31.4223 31.9789 41.1951 40.7131 49.7122 48.3917 52.6541 51.142 48.8147
47.6818 40.3343 40.0868 31.1828 32.0195 25.253 26.8235 25.2716 26.8371 31.2151
32.0435 40.3423 40.0934 48.7984 47.6689 52.6384 51.1264 48.3749 40.6801 31.9185
25.1277 21.919 22.7515 26.1168 28.1183 
U 3 4486 float
0.37797 -0.00717141 0.00755307 0.233153 -0.00957668 0.0279078 0.311281 0 0.00474355 0.387349 0
0.0168404 0.345233 -0.00337334 0.0425573 0.359519 0 0.0473298 0.293288 -0.00271679 0.0223818
0.312227 0 0.0274109 0.279418 -0.00200983 0.0132382 0.298373 0 0.0175664 0.276791
-0.00136014 0.0104883 0.294978 1.4013e-45 0.0141295 0.272049 -0.000919118 0.0083578 0.289491 3.19496e-43
0.0114823 0.26619 -0.000576929 0.00660801 0.282797 3.8383e-41 0.00926967 0.261096 -0.000295574 0.00543823
0.276795 2.95352e-39 0.00769403 0.256937 -7.05269e-05 0.00461119 0.27171 1.44081e-37 0.00653489 0.253357
0.000115126 0.0039539 0.267217 4.39512e-36 0.00560588 0.250145 0.00027288 0.00342089 0.263126 8.3099e-35
0.00484568 0.247214 0.000396644 0.00300157 0.259373 9.72622e-34 0.00423252 0.24449 0.000448951 0.00269692
0.255923 7.073e-33 0.00375849 0.241884 0.000317742 0.0025547 0.252777 3.23003e-32 0.00345428 0.239297
-0.00031117 0.00274241 0.250066 9.40201e-32 0.0034345 0.236675 -0.00224688 0.0038229 0.248276 1.76544e-31
0.00405021 0.233304 -0.00739696 0.0071985 0.248695 2.1246e-31 0.00620633 0.226594 -0.0227654 0.0165112
0.256901 2.24038e-32 0.0115037 0.282279 -0.0205421 0.0163853 0.240336 -0.0916184 0.0357446 0.219268
-0.0420203 0.0264661 0.285225 -1.01392e-33 0.0141776 0.297646 -0.0119905 0.0138873 0.305231 -3.28261e-34
0.010443 0.320523 -5.01549e-37 0.00493615 0.326057 -2.84362e-37 0.00127118 0.318651 0.000344148 0.00402512
0.312655 -0.0021069 0.00847096 0.328569 -1.07905e-37 0.000110764 0.330362 -4.26076e-38 0.000329186 0.323114
0.00209436 0.00147587 0.321351 0.00156885 0.00194746 0.331261 -1.6591e-38 0.000727814 0.33105 -5.02339e-39
0.000871317 0.324394 0.00269302 0.00103228 0.324138 0.00233315 0.00136965 0.329651 -6.78038e-40 0.000523899
0.327309 2.60456e-35 -0.000269753 0.32267 0.00515063 -0.00137546 0.324 0.00352147 0.000160719 0.371984
-0.000309994 -0.00127556 0.226547 -0.00375284 0.0213662 0.33373 0.00254624 0.0381554 0.276307 0.00228313
0.0175224 0.262118 0.00169139 0.00900284 0.260021 0.00136212 0.00687666 0.255775 0.0011705 0.00521391
0.250528 0.0010389 0.00389147 0.246158 0.000947045 0.00310771 0.242781 0.000898792 0.00260071 0.24
0.000904425 0.00220936 0.23757 0.000964145 0.00190115 0.235363 0.00106355 0.00167694 0.233232 0.00115863
0.0015509 0.230916 0.00112683 0.00160166 0.227892 0.000639252 0.00208883 0.22314 -0.00114682 0.00394302
0.212196 -0.00613688 0.00946789 0.202774 -0.0274296 0.0222269 0.188223 -0.018646 0.0267675 0.186776
-0.0457554 0.0362306 0.259627 -0.104788 0.0293896 0 0 0 0.199835 -0.129124
0.0495066 0.245591 -0.0268712 -0.0119208 0.239711 -0.0199603 -0.0171587 0 0 0
0 0 0 0.257219 -0.00237578 -0.0165358 0.257442 -0.00193503 -0.0168886 0
0 0 0 0 0 0.27293 0.00311098 -0.0117079 0.272696 0.0026535
-0.0117527 0 0 0 0 0 0 0.284535 0.00587516 -0.00998958
0.286196 0.00658377 -0.0104718 0 0 0 0 0 0 0.38453
0.00562791 0.00172016 0.235581 0.00204164 0.0249432 0.347432 0.00717114 0.0408752 0.290105 0.00642469
0.0198306 0.275518 0.00483708 0.0108271 0.272979 0.00374167 0.00833532 0.268199 0.00309356 0.00641914
0.262328 0.00260717 0.0048768 0.257329 0.00220951 0.00391138 0.253354 0.00192943 0.00325974 0.25001
0.00178122 0.00275374 0.247049 0.00176731 0.00235292 0.244332 0.00189243 0.00205373 0.241678 0.00216286
0.00187242 0.238739 0.00256846 0.00189834 0.234772 0.0030409 0.00243713 0.228272 0.00332877 0.00458887
0.212838 0.00276769 0.0110937 0.175962 -0.0103245 0.0315446 0.182505 -7.83894e-05 0.0313056 0.155911
-0.0322865 0.0475054 0.144749 -0.0169899 0.0529374 0 0 0 0 0
0 0.0682109 -0.0335819 0.0972047 0.0814875 -0.0451322 0.0902374 0.398454 0.00733255 0.00508885
0.245547 0.00345818 0.0287278 0.364191 0.00875487 0.0440411 0.308571 0.00815477 0.0227518 0.294316
0.0065934 0.0132654 0.291946 0.00543051 0.0104342 0.287156 0.00468178 0.00828154 0.281037 0.00408312
0.00650741 0.275665 0.00356593 0.00532858 0.271269 0.00317642 0.00450299 0.267483 0.0029483 0.00385039
0.264078 0.00290355 0.00332188 0.260941 0.0030801 0.00290918 0.257919 0.00355287 0.00262311 0.254701
0.00446043 0.00254115 0.250595 0.00605995 0.00295369 0.244152 0.00886018 0.00490579 0.229073 0.0138024
0.0110001 0.185645 0.00971668 0.0334067 0.198708 0.0200961 0.0308708 0.148559 -0.00455661 0.0549678
0.152838 0.00846397 0.0561744 0 0 0 0 0 0 0.0760073
-0.00685248 0.105809 0.07732 -0.0172469 0.102782 0.406132 0.0068205 0.00649209 0.25105 0.00347194
0.0304743 0.373502 0.00794128 0.0454011 0.319057 0.00755842 0.0240006 0.305468 0.00643303 0.0143662
0.303749 0.00550709 0.011467 0.299474 0.00484452 0.00925622 0.293681 0.00429826 0.00740304 0.288521
0.0038311 0.00613946 0.284285 0.00348395 0.00524416 0.280625 0.00329636 0.00453122 0.27734 0.00330462
0.00394582 0.274363 0.00356991 0.00347587 0.271623 0.0042134 0.00312267 0.268964 0.00547232 0.00293462
0.266032 0.0078307 0.00311195 0.262083 0.0123409 0.00437473 0.25364 0.021159 0.00849337 0.2099
0.0334811 0.0296319 0.235772 0.0403746 0.0221142 0.162225 0.0235375 0.0546922 0.175567 0.0450668
0.0499141 0 0 0 0 0 0 0.0878191 0.0315118 0.104102
0.0842004 0.0140167 0.104127 0.410041 0.00495918 0.00725717 0.253959 0.00261288 0.0314605 0.378099
0.00574344 0.0461233 0.324113 0.00565513 0.0245878 0.310853 0.00511477 0.0148533 0.309544 0.00457483
0.0119132 0.305653 0.00412933 0.00966482 0.300166 0.00374806 0.00777111 0.29527 0.00342751 0.00646934
0.291288 0.00319694 0.00554219 0.287889 0.0030907 0.00480361 0.284896 0.00314687 0.00419458 0.282295
0.00342703 0.00369676 0.280116 0.00404729 0.00329904 0.278409 0.00523062 0.00301326 0.277281 0.00742324
0.00292358 0.276997 0.011561 0.0033283 0.277814 0.019506 0.0049083 0.262189 0.0438319 0.0149622
0.278525 0.0356879 0.00941367 0.21378 0.0611088 0.037915 0.258871 0.0611084 0.0225039 0
0 0 0 0 0 0.227945 0.150424 0.0532033 0.150193 0.119496
0.0752735 0.410211 0.00279635 0.00727167 0.254152 0.00149135 0.0314909 0.378095 0.00325541 0.046113
0.323955 0.00340594 0.0244888 0.310743 0.00338354 0.0147458 0.309604 0.00322622 0.0118157 0.305921
0.00301519 0.00956796 0.30065 0.00281108 0.00767794 0.295981 0.00263992 0.00638511 0.292245 0.00252049
0.00546769 0.289118 0.00247416 0.00473773 0.286437 0.00252592 0.00413391 0.284224 0.00271169 0.0036351
0.282573 0.00309144 0.00322236 0.281658 0.00377337 0.00288457 0.281828 0.00496171 0.00264269 0.283785
0.00704632 0.00258065 0.288928 0.0106945 0.00284301 0.299856 0.0164629 0.00361138 0.317691 0.0192441
0.00329542 0.277988 0.0510007 0.0140175 0.292137 0.0500859 0.0166339 0.336045 0.0148304 0.000521678
0.30456 0.0273817 0.0174785 0.31655 0.00619808 0.0115237 0.346627 0.00836738 -0.0015585 0.320532
-0.00272598 0.00753541 0.325909 -0.00256681 0.00338826 0.349759 0.00397756 -0.00119496 0.325703 -0.00545808
0.0021557 0.328883 -0.00402466 0.000777253 0.328091 -0.00658157 0.000452203 0.331067 -0.00693598 -0.000930179
0.349208 0.000408972 -0.000594371 0.408007 0.00116682 0.00683322 0.252595 0.000631468 0.0309306 0.375183
0.00139269 0.0456624 0.320497 0.00165363 0.0239918 0.307133 0.00192263 0.0143018 0.305962 0.00201202
0.0114154 0.302315 0.00197093 0.00919436 0.297144 0.00189758 0.0073325 0.292617 0.00183127 0.00607058
0.289051 0.00178069 0.00518171 0.28612 0.00175096 0.00447667 0.283659 0.00174514 0.00389382 0.281694
0.00175932 0.0034126 0.280327 0.00177608 0.00301422 0.279755 0.00176048 0.00268312 0.280354 0.00164998
0.00242314 0.282838 0.00133588 0.00227804 0.288476 0.000643932 0.00233139 0.299519 -0.000851859 0.00271757
0.316616 -0.001616 0.00274774 0.334604 -0.00152011 0.00177845 0.346926 -0.00180922 0.00076485 0.352308
-0.00149504 0.000434319 0.352757 -0.000557926 0.000255997 0.405801 0.000326246 0.00643124 0.251032 0.000191408
0.0304419 0.372314 0.0004347 0.0452654 0.317099 0.000686897 0.0235765 0.303509 0.00100863 0.0139424
0.302173 0.00117906 0.0110906 0.298424 0.00121621 0.0088881 0.293223 0.00120724 0.00704735 0.28871
0.00118769 0.00580974 0.285182 0.00115789 0.00494296 0.282298 0.00110897 0.0042572 0.279879 0.00102196
0.00369244 0.277922 0.000852814 0.00322987 0.276494 0.000510209 0.0028561 0.275728 -0.000178824 0.00256758
0.275913 -0.00154175 0.00239111 0.277671 -0.00420321 0.00244608 0.282169 -0.0092615 0.00301442 0.292472
-0.0185552 0.00463234 0.310061 -0.0271466 0.00610856 0.331767 -0.0170062 0.00227982 0.321058 -0.0267515
0.00499083 0.342423 -0.00523948 0.000250448 0.337842 -0.010686 0.000587592 0.348243 0.000144861 0.000385943
0.345508 -0.0025287 0.000377162 0.349529 0.00407598 -0.000208089 0.349298 0.0020744 0.000334454 0.404555
1.09264e-06 0.00620685 0.250151 1.05283e-05 0.0301934 0.370706 5.93889e-05 0.0450576 0.315187 0.000247933
0.0233737 0.301421 0.000500687 0.0137798 0.299913 0.0006552 0.0109464 0.296026 0.000711114 0.00875049
0.29074 0.000724328 0.00691813 0.28617 0.000718826 0.00569124 0.282591 0.000690409 0.00483401 0.279646
0.000622623 0.00415692 0.277129 0.000482962 0.0036025 0.274991 0.000203678 0.00315526 0.273212 -0.000350583
0.00280875 0.271768 -0.00144894 0.00258641 0.270631 -0.00363495 0.00260273 0.269811 -0.00804069 0.00325589
0.268742 -0.0169155 0.00555285 0.266993 -0.0366655 0.0120013 0.309044 -0.0398689 0.00931185 0.288801
-0.0795418 0.0242373 0.269456 -0.0589225 0.0186608 0.321412 -0.0349 0.00700614 0.336247 -0.016451
-0.0017329 0.332536 -0.0247101 0.00192536 0.340045 -0.00578529 -0.00241715 0.338116 -0.0102253 -0.00270818
0.342945 0.000907413 -0.00183326 0.34178 -0.0021938 -0.00202467 0.348425 0.00632844 -0.000767075 0.343051
0.00794802 -0.00273938 0.343394 0.0041188 -0.00208604 0.403969 -7.20507e-05 0.0060822 0.24973 -3.82279e-05
0.030067 0.369965 -4.11724e-05 0.0449493 0.314314 7.07392e-05 0.0232799 0.300455 0.000222324 0.0137136
0.298836 0.000322695 0.0108923 0.294853 0.000365827 0.00870111 0.289498 0.000379427 0.00687344 0.284871
0.000376104 0.00565181 0.28123 0.000351275 0.0047992 0.278201 0.000289749 0.0041267 0.275551 0.000161605
0.00357944 0.273178 -9.31529e-05 0.00314566 0.270956 -0.000596341 0.00282874 0.268635 -0.00159751 0.0026882
0.265684 -0.00361566 0.00296283 0.261041 -0.00777869 0.00450208 0.250214 -0.0163653 0.0094568 0.248015
-0.0431045 0.0188928 0.226018 -0.0349909 0.0261239 0.237904 -0.0657397 0.0300273 0.298829 -0.0735839
0.0233722 0.288597 -0.111917 0.0285941 0.273907 -0.1202 0.0340018 0.306217 -0.0130427 0.00713814
0.303426 -0.00692637 0.00396916 0.262062 -0.0167267 -0.00549563 0.265349 -0.0265839 -0.00268426 0.306375
-0.000967335 -0.00209969 0.304704 0.00117939 -0.00246834 0.269091 -0.00157686 -0.00757624 0.266782 -0.00349691
-0.00799729 0.310631 0.00285795 -0.00318484 0.309907 0.00403698 -0.00322175 0.279219 0.00225618 -0.00551459
0.276618 0.00154976 -0.00580232 0.317412 0.00728633 -0.00471368 0.31858 0.00972602 -0.00561566 0.295259
0.00791019 -0.0076286 0.2895 0.00556064 -0.00664532 0.403764 -3.62388e-05 0.00603232 0.24958 -1.98026e-05
0.0300232 0.369711 -2.72608e-05 0.0449078 0.314017 8.4096e-06 0.0232468 0.300119 5.70116e-05 0.0136927
0.298448 9.00224e-05 0.0108767 0.294416 0.00010436 0.00868784 0.289024 0.000107993 0.00686223 0.284364
0.000104688 0.00564284 0.280684 9.2482e-05 0.00479235 0.2776 6.52517e-05 0.0041221 0.274862 1.10831e-05
0.00357866 0.272334 -9.36883e-05 0.00315275 0.269815 -0.000297962 0.00285659 0.266904 -0.000702007 0.00277404
0.262737 -0.00151437 0.00322395 0.255568 -0.00319331 0.0053541 0.23825 -0.00663075 0.0120168 0.20724
-0.0252692 0.0329876 0.204419 -0.0118119 0.0336292 0.192393 -0.0546216 0.0465028 0.171348 -0.0342687
0.0558293 0 0 0 0 0 0 0.0865302 -0.0583341 0.105804
0.113488 -0.0842212 0.093802 0.403763 2.14122e-05 0.00603212 0.249579 1.28517e-05 0.0300229 0.369708
8.69938e-06 0.0449076 0.314014 -2.98598e-05 0.0232467 0.300116 -8.11827e-05 0.0136926 0.298445 -0.000117443
0.0108766 0.294413 -0.00013579 0.00868768 0.289021 -0.000144217 0.00686212 0.28436 -0.000146567 0.00564276
0.28068 -0.000141043 0.0047923 0.277595 -0.000121694 0.00412202 0.274857 -7.66756e-05 0.00357832 0.272328
1.75203e-05 0.00315225 0.269809 0.000209703 0.00285629 0.266898 0.000600077 0.00277384 0.262729 0.00139728
0.00322359 0.25556 0.00305993 0.00535317 0.238242 0.00648065 0.0120143 0.198349 -9.89076e-05 0.0363252
0.204409 0.0116489 0.0336487 0.16596 -0.0156519 0.0595364 0.162185 -0.000113349 0.0612535 0
0 0 0 0 0 0.0792109 -0.004641 0.115183 0.0854465 -0.0152721
0.112644 0.403964 5.78967e-05 0.00608153 0.249727 3.15933e-05 0.0300661 0.369959 2.35288e-05 0.0449485
0.314309 -9.13185e-05 0.0232792 0.300449 -0.000245786 0.0137132 0.29883 -0.000349527 0.0108919 0.294846
-0.000396703 0.00870084 0.28949 -0.000415088 0.00687329 0.284863 -0.000417381 0.00565176 0.28122 -0.000399156
0.00479923 0.27819 -0.000345411 0.00412676 0.275539 -0.00022641 0.00357938 0.273165 1.81574e-05 0.00314566
0.270942 0.000510031 0.00282889 0.268618 0.00149804 0.00268813 0.265666 0.00350129 0.00296248 0.261023
0.00764857 0.00450101 0.2502 0.0162203 0.00945361 0.207243 0.0251319 0.0329876 0.226024 0.0348404
0.0261229 0.165944 0.0154867 0.0595871 0.171367 0.0341468 0.0558374 0 0 0
0 0 0 0.0840822 0.0287016 0.112764 0.0853497 0.0150295 0.112654 0.40455
-1.45065e-05 0.00620639 0.250149 -1.68156e-05 0.0301927 0.370701 -7.60941e-05 0.0450567 0.315183 -0.000267685
0.0233731 0.301416 -0.000523472 0.0137796 0.299907 -0.000681406 0.0109463 0.296019 -0.000741345 0.00875052
0.290732 -0.000759271 0.00691827 0.286161 -0.000759257 0.00569148 0.28258 -0.000737237 0.00483433 0.279633
-0.000676918 0.00415729 0.277113 -0.000545964 0.00360287 0.274973 -0.000276727 0.00315541 0.273192 0.000266118
0.00280877 0.271746 0.00135128 0.00258661 0.270605 0.00352135 0.002603 0.269783 0.00790804 0.00325567
0.268719 0.0167606 0.00555114 0.248027 0.0429397 0.0188957 0.266991 0.036485 0.012003 0.192416
0.0544755 0.0465121 0.237937 0.0655725 0.0300433 0 0 0 0 0
0 0.140902 0.139825 0.0789077 0.113533 0.0840741 0.0938458 0.405797 -0.000339099 0.00643102
0.25103 -0.000197378 0.0304416 0.372311 -0.000450736 0.0452643 0.317096 -0.000705969 0.0235758 0.303506
-0.00103065 0.0139424 0.302169 -0.00120437 0.0110908 0.298418 -0.00124541 0.00888838 0.293215 -0.00124101
0.00704773 0.2887 -0.00122677 0.00581021 0.285169 -0.00120313 0.00494351 0.282283 -0.00116137 0.00425778
0.27986 -0.00108268 0.0036929 0.2779 -0.000923468 0.00322985 0.276468 -0.000592626 0.00285607 0.275698
8.29098e-05 0.00256835 0.275878 0.00142927 0.00239211 0.27763 0.00406945 0.00244647 0.282126 0.00909931
0.00301305 0.292435 0.0183525 0.00462877 0.309069 0.0396212 0.00933372 0.310041 0.0268907 0.00610046
0.269476 0.0587328 0.018675 0.288842 0.0793312 0.0242976 0.298859 0.0733904 0.023479 0.308933
0.0449088 0.0167959 0.321466 0.0346203 0.00708221 0.303257 0.00725841 0.00403301 0.305649 0.00528973
0.00104091 0.336001 0.0162402 -0.00120081 0.332511 0.0244461 0.00223416 0.306074 0.0132379 0.00726194
0.304483 -0.000964097 -0.00252912 0.307905 -0.0011469 -0.00296003 0.339775 0.0055729 -0.00208856 0.337761
0.0100165 -0.00226766 0.306142 0.0012342 -0.00208421 0.309809 -0.00392634 -0.0032942 0.313449 -0.00444045
-0.00364375 0.342909 -0.0011221 -0.00160512 0.34164 0.00198773 -0.00171325 0.310489 -0.00273575 -0.00319744
0.318619 -0.00976441 -0.00573623 0.322924 -0.0130814 -0.00661058 0.343134 -0.00835116 -0.00266465 0.34344
-0.00438151 -0.00191499 0.317461 -0.00727246 -0.00481114 0.408004 -0.00117921 0.00683304 0.252594 -0.00063711
0.0309303 0.37518 -0.0014082 0.0456612 0.320495 -0.00167203 0.0239912 0.307132 -0.00194374 0.014302
0.305959 -0.00203621 0.0114158 0.30231 -0.00199882 0.00919492 0.297136 -0.00192985 0.00733317 0.292605
-0.0018686 0.00607139 0.289036 -0.00182389 0.00518266 0.286101 -0.00180096 0.00447772 0.283636 -0.00180306
0.00389494 0.281665 -0.00182659 0.00341372 0.280293 -0.00185447 0.00301543 0.279713 -0.00185206 0.00268469
0.280304 -0.0017572 0.00242461 0.282775 -0.00146218 0.0022788 0.288397 -0.000795169 0.0023308 0.299418
0.000662308 0.00271347 0.316488 0.00137612 0.00272974 0.334464 0.00123999 0.00170986 0.321043 0.0264414
0.00498403 0.33166 0.016596 0.00231714 0.346812 0.00150521 0.000675785 0.337541 0.010199 0.000726816
0.342095 0.00480235 0.000306469 0.352233 0.00114896 0.000390888 0.345212 0.00213088 0.000381071 0.348064
-0.00051311 0.000415302 0.349166 -0.00242847 0.000350102 0.349466 -0.00443301 -0.000170854 0.352724 0.00016477
0.000239454 0.410208 -0.00280848 0.00727175 0.254151 -0.0014969 0.0314909 0.378092 -0.00327059 0.0461119
0.323953 -0.00342375 0.0244883 0.310741 -0.00340369 0.0147463 0.309599 -0.00324913 0.0118165 0.305913
-0.0030415 0.00956889 0.300638 -0.0028414 0.00767896 0.295965 -0.00267489 0.00638628 0.292224 -0.00256083
0.00546904 0.289091 -0.0025207 0.0047392 0.286404 -0.00257962 0.00413543 0.284184 -0.00277368 0.00363661
0.282524 -0.003163 0.00322385 0.281597 -0.00385602 0.00288601 0.281753 -0.00505672 0.0026436 0.283693
-0.00715483 0.00258054 0.288812 -0.0108173 0.00284156 0.299702 -0.0166024 0.00360667 0.317483 -0.0194011
0.00328183 0.335783 -0.0150066 0.000484947 0.346342 -0.0085906 -0.00163348 0.349508 -0.00429184 -0.00130769
0.349047 -0.000822466 -0.000726532 0.410034 -0.0049704 0.00725668 0.253956 -0.00261811 0.0314597 0.378091
-0.00575747 0.0461214 0.324106 -0.00567147 0.0245865 0.310845 -0.00513313 0.0148533 0.309533 -0.00459562
0.0119138 0.305638 -0.00415309 0.0096655 0.300146 -0.00377533 0.00777192 0.295245 -0.00345885 0.00647032
0.291256 -0.00323301 0.00554335 0.28785 -0.00313217 0.00480486 0.284848 -0.00319446 0.00419585 0.282239
-0.00348153 0.00369798 0.280049 -0.00410938 0.00330017 0.278329 -0.00530084 0.00301428 0.277185 -0.00750175
0.00292395 0.276883 -0.0116473 0.00332716 0.277679 -0.0195976 0.00490449 0.278366 -0.0357738 0.00940443
0.291946 -0.0501615 0.0166206 0.277817 -0.0510768 0.0140057 0.316294 -0.00629336 0.0114968 0.30434
-0.0274653 0.0174622 0.325586 0.00245805 0.00334564 0.320237 0.00262161 0.00749961 0.328512 0.00386492
0.000709675 0.32534 0.00532652 0.0021092 0.330719 0.00664342 -0.000986007 0.327705 0.00636664 0.000373349
0.406122 -0.00682967 0.00649109 0.251045 -0.00347618 0.0304729 0.373492 -0.00795277 0.0453983 0.319046
-0.00757195 0.0239985 0.305456 -0.00644844 0.0143657 0.303732 -0.00552472 0.0114671 0.299452 -0.00486474
0.00925652 0.293653 -0.00432144 0.00740355 0.288488 -0.00385769 0.00614016 0.284245 -0.00351446 0.00524497
0.280577 -0.00333132 0.00453213 0.277282 -0.00334459 0.00394682 0.274295 -0.00361542 0.00347683 0.271543
-0.00426479 0.00312355 0.26887 -0.00552961 0.00293548 0.265924 -0.0078933 0.00311214 0.261958 -0.0124074
0.00437249 0.253501 -0.0212258 0.00848612 0.262031 -0.043901 0.0149498 0.235627 -0.0404328 0.0220966
0.258707 -0.0611681 0.0224871 0.293227 -0.0931389 0.01116 0.284166 -0.129346 0.0321637 0.265266
-0.113563 0.0369079 0.247814 -0.0154401 -0.0145625 0.240157 -0.0269895 -0.015653 0.249315 -0.037422
-0.0108961 0.263615 -0.00192059 -0.0121019 0.255396 -0.00485976 -0.0147191 0.25601 -0.00603446 -0.0142157
0.276111 0.00209739 -0.00840821 0.269127 0.00034585 -0.00973714 0.269966 0.000229961 -0.00976954 0.330731
0.0102718 -0.00257229 0.297867 0.00906489 -0.00862039 0.286427 0.00604794 -0.00934186 0.283607 0.00455973
-0.00858776 0.398445 -0.00733926 0.00508803 0.245543 -0.00346117 0.0287266 0.364181 -0.00876333 0.0440384
0.30856 -0.00816492 0.0227498 0.294304 -0.00660528 0.0132651 0.291929 -0.00544428 0.0104345 0.287133
-0.00469764 0.00828196 0.281008 -0.00410134 0.00650805 0.27563 -0.00358684 0.00532946 0.271226 -0.00320036
0.00450409 0.26743 -0.00297567 0.00385167 0.264015 -0.00293481 0.00332319 0.260867 -0.00311568 0.00291037
0.257833 -0.00359299 0.00262409 0.254602 -0.00450501 0.00254195 0.250482 -0.0061082 0.00295372 0.244026
-0.00891051 0.00490293 0.228938 -0.0138522 0.0109913 0.209767 -0.033531 0.0296084 0.198578 -0.0201428
0.0308485 0.175451 -0.0451087 0.0498739 0.213644 -0.0611537 0.0378854 0 0 0
0 0 0 0.0990752 -0.0798475 0.0934417 0.150092 -0.119504 0.0752095 0.384521
-0.00563257 0.00171958 0.235577 -0.00204368 0.0249422 0.347422 -0.00717707 0.0408727 0.290096 -0.00643187
0.0198288 0.275507 -0.00484564 0.0108271 0.272963 -0.00375167 0.00833586 0.268177 -0.00310507 0.0064199
0.2623 -0.0026204 0.00487783 0.257294 -0.00222474 0.0039127 0.253311 -0.00194698 0.00326141 0.249958
-0.00180141 0.00275551 0.246987 -0.00179038 0.00235453 0.244259 -0.00191859 0.00205513 0.241593 -0.00219228
0.00187351 0.238641 -0.0026012 0.00189913 0.234662 -0.00307644 0.00243726 0.228151 -0.00336606 0.00458688
0.212712 -0.00280638 0.0110879 0.185519 -0.0097587 0.033385 0.182381 3.79958e-05 0.0312901 0.162114
-0.0235816 0.0546506 0.152729 -0.00850763 0.0561344 0 0 0 0 0
0 0.070578 -0.00315795 0.107202 0.0841457 -0.0140622 0.104036 0.371975 0.000307196 -0.00127613
0.226544 0.00375176 0.0213651 0.333721 -0.00254994 0.0381528 0.276298 -0.00228759 0.0175204 0.262107
-0.00169673 0.00900266 0.260006 -0.00136839 0.00687706 0.255754 -0.00117779 0.00521459 0.250501 -0.00104733
0.00389246 0.246124 -0.000956784 0.00310897 0.242739 -0.000910071 0.00260219 0.239949 -0.000917504 0.00221093
0.237509 -0.000979144 0.00190268 0.235292 -0.00108052 0.00167836 0.23315 -0.0011778 0.00155203 0.230823
-0.00114841 0.00160241 0.227787 -0.000663312 0.00208898 0.223025 0.00112024 0.00394188 0.212073 0.00610532
0.00946506 0.175842 0.0102824 0.0315338 0.188096 0.0186025 0.0267586 0.148449 0.00451268 0.0549328
0.14464 0.0169413 0.0529074 0 0 0 0 0 0 0.0693525
0.0260708 0.10267 0.0772625 0.0171958 0.102691 0.377961 0.00717062 0.00755275 0.23315 0.0095767
0.0279068 0.345225 0.00337204 0.0425549 0.29328 0.00271516 0.0223802 0.279409 0.00200779 0.0132384
0.276777 0.00135764 0.010489 0.27203 0.000916057 0.0083587 0.266166 0.000573259 0.0066091 0.261065
0.000291254 0.00543957 0.256899 6.55042e-05 0.00461271 0.25331 -0.000120891 0.00395561 0.250089 -0.000279449
0.00342275 0.247148 -0.00040418 0.00300341 0.244413 -0.000457661 0.00269855 0.241795 -0.000327841 0.0025558
0.239196 0.000299308 0.00274283 0.236562 0.00223263 0.00382256 0.233177 0.00737743 0.00719747 0.202636
0.0273868 0.0222204 0.226447 0.0227321 0.0165082 0.155795 0.0322299 0.0474775 0.186637 0.045698
0.0362104 0 0 0 0 0 0 0.0922234 0.0665841 0.0846461
0.0814235 0.0450552 0.0901512 0.387341 0 0.0168405 0.311276 0 0.00474416 0.359512
0 0.0473277 0.312221 0 0.0274098 0.298366 0 0.0175671 0.294967 0
0.0141307 0.289475 0 0.0114837 0.282775 0 0.00927116 0.276768 0 0.00769574
0.271675 0 0.00653679 0.267173 0 0.00560797 0.263074 0 0.00484787 0.259311
0 0.00423475 0.255849 0 0.00376057 0.252691 0 0.00345579 0.249969 0
0.00343525 0.248166 0 0.00405049 0.248568 0 0.00620633 0.256744 0 0.0115037
0.282074 0.0205252 0.0163879 0.285019 0 0.0141842 0.219109 0.0419714 0.026455 0.240148
0.0915321 0.0357172 0.259418 0.10469 0.0293625 0.274081 0.0729044 0.00953434 0.297416 0.0119867
0.0138938 0.239508 0.0199428 -0.0171501 0.24803 0.00998858 -0.016721 0.318377 -0.000333088 0.00403149
0.312398 0.0021155 0.00848102 0.245385 0.026849 -0.0119144 0.257225 0.00193625 -0.0169104 0.265558
-0.00124408 -0.0141686 0.322844 -0.0020801 0.00145186 0.321073 -0.00155605 0.00194131 0.256999 0.002377
-0.0165466 0.272534 -0.0026385 -0.0118238 0.278636 -0.00430627 -0.0102908 0.324204 -0.00267716 0.000951521
0.323895 -0.00231701 0.00132175 0.272746 -0.00309883 -0.011768 0.286055 -0.00648487 -0.0106781 0.294417
-0.00895781 -0.00946987 0.32266 -0.00518791 -0.00155007 0.323895 -0.00352012 3.60885e-05 0.284437 -0.00581739
-0.0101252 0 0 0 0.254871 -0.0495486 -0.00639265 0.0922915 -0.0666731 0.0847293
0 0 0 0 0 0 0.248064 -0.00765998 -0.018831 0
0 0 0.26585 0.00097937 -0.0140204 0 0 0 0.278677 0.00410545
-0.0107549 0.0694109 -0.0261265 0.102762 0 0 0 0.0706248 0.00311716 0.107302
0 0 0 0.0991367 0.0798258 0.0935244 0 0 0 0.265442
0.11354 0.0369361 0.284354 0.12934 0.0321935 0.293441 0.0931227 0.0111821 0.265603 0.0637952
-0.00580508 0.249556 0.0373896 -0.0108805 0.240407 0.0269568 -0.0156402 0.248081 0.0153982 -0.0145509
0.247154 0.0115257 -0.0165064 0.256313 0.00598263 -0.0142081 0.255716 0.00480695 -0.014713 0.263958
0.00185303 -0.0120884 0.263092 0.00173239 -0.011949 0.27037 -0.000330371 -0.00972075 0.269564 -0.000463942
-0.00966528 0.276579 -0.00225371 -0.00831876 0.276567 -0.00258668 -0.00890384 0.28418 -0.0048369 -0.0084411
0.287173 -0.00643531 -0.00915104 0.298809 -0.00965893 -0.00843193 0.331061 -0.0107897 -0.00256181 0.278876
-0.044989 0.00266519 0.306578 -0.0231338 0.0117165 0.140852 -0.139966 0.0788307 0 0
0 0.264711 -0.00626847 -0.00793138 0.3035 -0.00150447 -0.00069995 0.274074 0.000785058 -0.00631669
0.307097 0.00276784 -0.00294089 0.285335 0.00407006 -0.00590384 0.313403 0.00593474 -0.00401231 0.0840172
-0.0289022 0.112779 0 0 0 0.0789856 0.00455686 0.115202 0 0
0 0.0865707 0.0581775 0.10583 0 0 0 0.273945 0.120006 0.0340911
0.288596 0.111746 0.0287386 0.30647 0.0232085 0.0118728 0.278724 0.0450735 0.00261714 0.265303
0.0267704 -0.00292492 0.262166 0.0169793 -0.00584234 0.303275 0.001851 -0.000716032 0.265001 0.00651829
-0.00832829 0.267112 0.00370779 -0.00837825 0.269444 0.00173527 -0.00792707 0.306916 -0.00260859 -0.00298928
0.274435 -0.000685788 -0.00662742 0.276993 -0.0014759 -0.00610058 0.279612 -0.00220168 -0.00580505 0.313399
-0.00587056 -0.00412905 0.285775 -0.00403647 -0.00620333 0.289968 -0.00554182 -0.00694866 0.295747 -0.00791821
-0.00793482 0.265374 -0.0638154 -0.00582206 0.227791 -0.150419 0.0531601 0 0 0
0.246873 -0.0115663 -0.0165136 0.262724 -0.00180724 -0.0119726 0.276049 0.00238991 -0.00902323 0.0877563
-0.0315518 0.10401 0 0 0 0.075951 0.00679784 0.105713 0 0
0 0.0681521 0.0335119 0.0971124 0 0 0 0.199673 0.129002 0.0494613
0 0 0 0.254658 0.0495033 -0.00639134 0 0 0 0
0 0 0 0 0 0.247849 0.00765454 -0.0188318 0 0
0 0 0 0 0 0 0 0.265652 -0.000972762 -0.0140681
0 0 0 0 0 0 0 0 0 0.278563
-0.00406745 -0.0108552 0 0 0 0 0 0 0 0
0 0.274306 -0.0729728 0.0095454 0.248243 -0.00999533 -0.0167255 0.265772 0.00125057 -0.0141331
0.278773 0.00432931 -0.0102077 0.294561 0.00906435 -0.00918937 0.133742 -0.102807 0.0687818 0
0 0 0 0 0 0 0 0 0.0710086 -0.0298471
0.0980461 0 0 0 0.0742188 0.00182974 0.104448 0 0 0
0.0954107 0.0542103 0.0979867 0 0 0 0 0 0 0
0 0 0 0 0 0 0 0 0 0
0 0 0 0 0 0 0 0 0 0
0 0 0 0 0 0 0 0 0 0.308949
-0.0450031 0.016605 0.305842 -0.00494971 0.000972653 0.308111 0.00130347 -0.00295625 0.313497 0.00451484
-0.00359013 0.322863 0.0128756 -0.00652987 0.212775 -0.152155 0.0533947 0.262961 -0.0104599 -0.00713513
0 0 0 0 0 0 0 0 0 0.271557
-0.000207836 -0.00694757 0 0 0 0 0 0 0 0
0 0.282049 0.00305293 -0.00552951 0 0 0 0 0 0
0 0 0 0 0 0 0 0 0 0.0881777
-0.0433515 0.107582 0 0 0 0.0818456 4.89133e-05 0.11211 0 0
0 0.0882377 0.043179 0.107591 0 0 0 0.212814 0.151994 0.053495
0 0 0 0.348375 -0.00673487 -0.000757369 0.0953466 -0.0542395 0.0979005 0
0 0 0.07416 -0.0018756 0.10435 0 0 0 0.0709466 0.0297846
0.0979564 0 0 0 0.133637 0.102698 0.068717 0 0 0
0.304995 0 0.0104577 0.320258 0 0.00495726 0.325776 0 0.00128941 0.328284
0 0.00011679 0.330085 0 0.000317803 0.33101 0 0.000690186 0.330846 0
0.000795813 0.329522 0 0.000400183 0.327269 0 -0.000448125 0 0 0
0 0 0 0 0 0 0 0 0 0
0 0 0 0 0 0 0 0 0.297036 -0.0766971
0.0135903 0 0 0 0 0 0 0 0 0
0 0 0 0 0 0 0 0 0 0
0 0 0 0 0 0.296926 0.0766378 0.0137333 0 0
0 0 0 0 0.263181 0.0107281 -0.00753238 0 0 0
0 0 0 0 0 0 0 0 0 0.271917
0.000329866 -0.00727293 0 0 0 0 0 0 0 0
0 0 0 0 0.282463 -0.00301045 -0.00581709 0 0 0
0 0 0 0 0 0 0 0 0 0
0 0 0 0 0 0 0 0 0 0
0 0 0 0 0 0 0 0 0 0
0 0 0 0 0 0 0 0 0 0
0 0 0 0 0 0 0 0 0 0
0 0 0 0 0 0 0 0 0 0
0 0 0 0 0 0 0 0 0 0
0 0 0.304681 -0.012059 -0.00898043 0 0 0 0 0
0 0.329278 -0.0122024 -0.00506784 0.345833 -0.00240134 -0.000654909 0.349699 0.000600023 -0.000132139
0.345201 0.00770661 -0.00187087 0.345217 -0.00810047 -0.00184056 0.349733 -0.00100759 -0.00012794 0.345804
0.00194557 -0.000788678 0.329084 0.0116157 -0.00513617 0 0 0 0 0
0 0.30414 0.0119545 -0.00870986 0 0 0 0.31167 -0.0248752 -0.0100232
0.322931 -0.0192786 -0.00788327 0 0 0 0.302473 0.025001 -0.00844748 0
0 0 0.296517 -0.0245728 -0.00908675 0 0 0 0.235372 0.00758743
-0.00631821 0.239673 0.0211461 -0.0135968 0.296463 1.723e-31 -0.00449144 0.28409 5.85069e-31 -0.00263642
0.233759 0.00171586 -0.00241858 0.279623 2.06545e-30 -0.000838859 0.226859 -0.00587319 0.00248025 0.282627
2.42649e-30 0.00198494 0.295108 -0.0163086 0.00634761 0.231223 -0.0255961 0.0115661 0.213952 -0.0130218
0.00690127 0.298801 -1.82931e-32 0.00484554 0.304889 -0.0130967 0.006709 0.313273 -9.94286e-33 0.0043345
0.329337 -1.01981e-34 0.00165872 0.338341 -6.0434e-35 -0.00132088 0.328186 0.00088538 0.000419744 0.318907
-0.00391685 0.00427073 0.342312 -4.03875e-35 -0.00221354 0.344348 -1.71976e-35 -0.00133732 0.334803 0.00173788
-0.00100791 0.332492 0.00159899 -0.00129682 0.345216 -6.0038e-36 2.87233e-05 0.344836 -2.41773e-36 0.00110839
0.336035 0.0014952 0.000621561 0.335969 0.00160688 -6.14466e-05 0.34328 -1.44733e-36 0.0014695 0.340628
-7.09883e-37 0.00106511 0.334323 0.00269923 -0.000357092 0.335275 0.00177049 0.000531083 0.151204 0.0107673
-0.0101416 0.128738 0.013097 -0.0276996 0.179757 0.0287102 -0.0243239 0.155819 0.00288095 -0.00294287
0.188844 -0.00512014 0.00376041 0.156347 -0.0049204 0.00577044 0.183441 -0.012248 0.00893207 0.242598
-0.0583339 0.0146553 0.188206 -0.0858478 0.021842 0.12882 -0.0506515 0.0294116 0.14727 -0.0299325
0.021598 0.169071 -0.0246692 0.0174704 0.266926 -0.0360671 -0.00359988 0.251227 -0.0237676 -0.0110667
0 0 0 0 0 0 0.263027 -0.00497867 -0.0138073 0.263291
-0.00434602 -0.0140222 0 0 0 0 0 0 0.278551 -0.000450454
-0.00904861 0.277481 -0.000994633 -0.00849739 0 0 0 0 0 0
0.28741 0.000761914 -0.00700905 0.287192 0.000903807 -0.00805041 0 0 0 0
0 0 0.306269 0.0153858 -0.00881738 0.299846 0.0270845 -0.011023 0.22327 0.0320466
-0.00824858 0 0 0 0.10765 0.00189367 -0.009657 0.0748425 0.00149391 -0.0144113
0.0894919 0.00384758 -0.0224812 0.114877 -0.000143832 -0.00101655 0.124653 -0.00580132 0.00852902 0.111709
-0.00138964 0.00962879 0.14797 -0.0089902 0.0123853 0.116347 -0.00653732 0.0152421 0.111027 -0.00569791
0.0230374 0.0899709 -0.000332789 0.0239029 0.105101 -0.0059595 0.0230664 0.130608 -0.0103199 0.0208327
-0.0115117 -0.058843 0.0316074 -0.0147997 -0.0492131 0.0372187 0 0 0 0
0 0 0.126758 -0.00488107 -0.0102911 0.0955451 -0.00251276 -0.0202253 0.0675756 0.00021886
-0.011838 0.132316 0.0012189 -0.00114368 0.103255 0.00411866 0.0118032 0.129999 0.00795649 0.00941625
0.0994776 -0.000881005 0.0167131 0.0925234 0.00533886 0.0174657 0.0643865 0.00291909 0.0290406 0.0511854
0.00263797 0.0309527 0.0641738 0.00318929 0.0276232 0.0788233 0.000279225 0.0263812 -0.0134481 -0.0131096
0.0477925 -0.0140032 0.00151233 0.0488458 0 0 0 0 0 0
0.209498 -0.0108867 -0.0085658 0.194589 -0.0251713 -0.025003 0.129305 -0.0122409 -0.0301583 0.210649
-0.00027021 -0.00212945 0.156282 0.0129667 0.00791638 0.197411 0.0135862 0.00583204 0.119121 0.00966774
0.0158911 0.146213 0.0168135 0.0140426 0.0849548 -0.000173865 0.0266497 0.100848 0.00504747 0.0267235
0.118129 0.0101757 0.0242245 0.10031 0.00663531 0.0241574 -0.00666078 0.0452786 0.0426163 0.000169556
0.0556054 0.0366895 0 0 0 0 0 0 0.296326 -0.0049548
-0.00323752 0.311228 -0.01199 -0.00580668 0.270678 -0.0267099 -0.0135606 0.29411 0.00306922 -0.00121507
0.294357 0.0132464 0.00192953 0.252623 0.0356554 0.0116234 0.292968 0.02788 0.00526357 0.17554
0.0210059 0.0124779 0.167244 0.0316544 0.020887 0.142563 0.034637 0.0241048 0.14062 0.0392317
0.0310307 0.230564 0.0834987 0.0250561 0.262668 0.0639281 0.0157492 0.101391 0.0118365 0.00172532
0.241605 -0.0385718 -0.00716254 0 0 0 0 0 0 0.335111
-0.000179145 -0.000117128 0.340204 -0.00250347 -0.000550192 0.333653 0.00309803 0.000148253 0.33741 0.00720313
0.000503169 0.346866 0.00957257 0.000116314 0.359422 0.00766685 -0.00203065 0.292117 0.0238871 0.00642593
0.30838 0.00633259 0.00472031 0.36884 0.00403793 -0.00334097 0.312568 -0.00424778 0.00313677 0.323039
-0.00379886 0.000768125 0.372376 0.00136144 -0.00204336 0.323997 -0.00541516 0.000358287 0.330957 -0.00377821
2.60958e-05 0.371826 -0.000745349 -0.000460415 0.329848 -0.00504563 0.000423611 0.334931 -0.00478167 -0.000385489
0.334778 -0.0076274 -0.00185018 0.337482 -0.0100946 -0.00417944 0.368135 -0.00282367 -0.000254359 0.340343
0.000992813 -0.000111929 0.3446 0.00123925 -0.000288169 0.339722 0.000475317 -2.09447e-05 0.344112 -0.000212588
-6.96523e-05 0.35354 -0.000836349 -0.000538486 0.365549 -0.00118495 -0.00159077 0.375513 -0.00133951 -0.00207435
0.380428 -0.00105045 -0.00133488 0.380379 -0.000431032 -0.000317718 0.376456 0.000548552 4.82303e-05 0.329454
0.00367208 -0.0020756 0.33551 0.00723656 -0.00276719 0.327896 -0.00108513 -0.00141543 0.331417 -0.00629999
-0.000478252 0.339051 -0.0121354 0.000452218 0.35463 -0.0103236 -0.00120404 0.344193 -0.0146815 0.000255834
0.365875 -0.00188569 -0.00214548 0.360309 -0.00600052 -0.00230614 0.371876 0.00163148 -0.00030603 0.36856
-8.71001e-05 -0.0011773 0.372645 0.00359614 0.000968974 0.372221 0.00255502 0.000756268 0.368392 0.00585609
0.000134465 0.370996 0.00448707 0.00127076 0.280286 0.0103969 -0.00550434 0.295355 0.0244729 -0.0101547
0.278947 0.00060374 -0.00242494 0.273153 -0.0102177 0.00111921 0.32916 -0.0203149 0.00205879 0.285422
-0.0320248 0.00663445 0.264499 -0.0191128 0.00416614 0.336389 -0.0203528 0.00197876 0.352845 -0.00996087
-0.00338136 0.346497 -0.0157005 -0.000347654 0.358397 -0.0032222 -0.003004 0.355987 -0.00603097 -0.0040147
0.36129 0.000499693 -0.000344911 0.360326 -0.00110396 -0.00160048 0.360895 0.00351959 0.000368092 0.361285
0.00199081 0.000282892 0.187918 0.0133751 -0.00891198 0.161953 0.0207132 -0.029246 0.238157 0.034443
-0.0210113 0.19131 0.00233425 -0.00161124 0.239171 -0.009782 0.00385641 0.189564 -0.00969223 0.00718757
0.234492 -0.0196214 0.00811668 0.298403 -0.0434602 0.00843136 0.271462 -0.0736868 0.0134593 0.202868
-0.0851924 0.0258883 0.203004 -0.0488862 0.0208629 0.223655 -0.0381474 0.0159543 0.308917 -0.0141328
0.00276176 0.305633 -0.00431443 0.000582535 0.278841 -0.0196579 -0.00361371 0.289426 -0.0342334 0.000312468
0.314169 -0.000313389 -0.00243393 0.313325 0.000849414 -0.00238509 0.283476 -0.00407193 -0.00496733 0.280727
-0.00591185 -0.005329 0.321499 0.00121469 -0.00164634 0.320367 0.00170246 -0.00107253 0.292115 -0.000894959
-0.00174606 0.290405 -0.0013488 -0.00247903 0.326331 0.00251032 -0.00119189 0.325603 0.00341882 -0.00171233
0.299108 0.00144501 -0.00242616 0.296798 0.000503229 -0.00165457 0.330363 0.0114506 -0.00404422 0.316074
0.0283809 -0.00798955 0.201941 0.040465 -0.0173721 0.177172 0.0303038 -0.00203835 0 0
0 0.312466 0.0128975 -0.00588616 0.117606 0.00350883 -0.00989766 0.0837725 0.00141916 -0.0190473
0.106743 0.00682505 -0.0274202 0.124825 -0.00101189 -9.69512e-05 0.141184 -0.00990212 0.0100293 0.119755
-0.00507453 0.0108939 0.179759 -0.0165072 0.0138693 0.131597 -0.011697 0.016724 0.137097 -0.018901
0.0261929 0.101011 -0.00955567 0.027577 0.118552 -0.0144985 0.0262453 0.159517 -0.0219739 0.0230946
0.0167922 -0.0597493 0.0175218 0.00261201 -0.058733 0.0284929 0 0 0 0
0 0 0.119245 -0.00397578 -0.010458 0.0884818 -0.000719855 -0.0217132 0.069927 0.000257873
-0.0162735 0.126416 0.000628866 -0.000454876 0.102306 0.000235763 0.0129442 0.122956 0.00499351 0.0106157
0.106769 -0.00561087 0.0178072 0.0905162 3.06583e-05 0.0188609 0.0721457 0.00119989 0.0301562 0.0512863
-0.000925759 0.0329984 0.063967 -0.00280517 0.0291034 0.0864119 -0.00383908 0.0272721 -0.0106313 -0.0315414
0.0481756 -0.0137484 -0.0163715 0.0503591 0 0 0 0 0 0
0.189697 -0.0134177 -0.00942539 0.163116 -0.0217196 -0.0300229 0.111471 -0.00692584 -0.0301114 0.193089
-0.00244802 -0.00196554 0.144465 0.00937262 0.00954438 0.19137 0.00941526 0.0068901 0.111147 0.00520261
0.0177144 0.134919 0.0109352 0.0162356 0.0778393 -0.00433554 0.0298983 0.0915399 -0.00207451 0.0292197
0.107343 0.0043436 0.0269002 0.0919443 0.00188605 0.0270807 -0.0105671 0.0322508 0.0483002 -0.00505933
0.0449663 0.0438286 0 0 0 0 0 0 0.280451 -0.0106117
-0.00530649 0.295519 -0.0249171 -0.0101201 0.238338 -0.0351054 -0.0212236 0.279113 -0.000755269 -0.00226532
0.239693 0.00969322 0.00382008 0.273476 0.0100548 0.00118867 0.1814 0.0161437 0.0136521 0.234993
0.0195457 0.00813594 0.138067 0.0192382 0.0265822 0.178159 0.0384612 0.02408 0.199652 0.033489
0.0201702 0.160754 0.0218313 0.0232329 0.016934 0.0596876 0.0164994 0.0888221 0.0141383 0.0038126
0 0 0 0 0 0 0.329504 -0.00392654 -0.00181088 0.335584
-0.00754744 -0.00257913 0.327877 0.000857911 -0.00115416 0.331413 0.00612816 -0.000316144 0.329649 0.0200843
0.00231927 0.339233 0.0118745 0.000554195 0.264885 0.0190126 0.00427583 0.286087 0.0320808 0.00687536
0.299441 0.0436534 0.00893979 0.336971 0.0200347 0.00242072 0.306177 0.00461459 0.00130291 0.309926
0.00229092 -0.000290767 0.353041 0.00958631 -0.00244712 0.347013 0.0153093 0.000368605 0.30983 0.0142674
0.00358536 0.313398 -0.000760531 -0.00219445 0.318181 -0.000677416 -0.00224634 0.358289 0.00279885 -0.00252254
0.355915 0.00564681 -0.00327433 0.314298 0.00049592 -0.0021248 0.320497 -0.00192848 -0.000975709 0.324235
-0.00196428 -0.000826235 0.36132 -0.000965295 -0.000207743 0.360279 0.000654045 -0.00127245 0.321583 -0.00137234
-0.00148691 0.326004 -0.00384032 -0.00160396 0.329619 -0.00481535 -0.00223633 0.36103 -0.00400591 0.000194602
0.361367 -0.00247066 0.000298591 0.326662 -0.0029048 -0.00107089 0.340431 -0.00134295 -3.83357e-05 0.344686
-0.00162756 -0.000242806 0.339773 -0.000784085 5.79409e-05 0.344126 -4.31973e-05 -3.38384e-06 0.353526 0.000560117
-0.00049279 0.365494 0.000811233 -0.00158377 0.344396 0.0143756 0.000552745 0.354687 0.0099278 -0.000752679
0.375411 0.000967921 -0.00209584 0.360094 0.00546587 -0.0017462 0.3655 0.00136059 -0.0018208 0.380295
0.000750491 -0.00135096 0.368165 -0.000430088 -0.00108368 0.371609 -0.00208873 -0.000315803 0.380268 0.000196689
-0.000345998 0.372004 -0.00296409 0.000634664 0.372484 -0.00392096 0.000824385 0.370864 -0.00476787 0.000965988
0.368388 -0.0060777 -0.000102926 0.376416 -0.000733423 -2.98515e-06 0.335214 -0.000168588 -0.000246464 0.340287
0.00209103 -0.00068263 0.333708 -0.00340093 2.73707e-05 0.337414 -0.00745462 0.000392491 0.346818 -0.00977046
1.67511e-05 0.359281 -0.00785336 -0.00211818 0.368609 -0.00424476 -0.00342924 0.37212 -0.00157132 -0.00215845
0.371628 0.000549864 -0.000620743 0.368063 0.00265512 -0.000444043 0.296368 0.00486236 -0.00358556 0.311229
0.0116598 -0.00609735 0.294105 -0.00315307 -0.00152784 0.294316 -0.0133074 0.00167065 0.292879 -0.0278779
0.00504224 0.308202 -0.00642237 0.00460434 0.292014 -0.0238858 0.00624877 0.32277 0.00365813 0.000722591
0.312332 0.0040979 0.00307197 0.330652 0.0036356 -2.33942e-05 0.323698 0.00525892 0.000331081 0.334652
0.00464507 -0.000498435 0.329535 0.00487979 0.000351864 0.337323 0.0100362 -0.00435654 0.334545 0.00750632
-0.00200081 0.208778 0.010875 -0.00862864 0.194017 0.0244456 -0.0254293 0.270597 0.0263549 -0.0140758
0.20983 0.000318531 -0.00221118 0.1963 -0.0136911 0.00584548 0.252514 -0.0355273 0.0114085 0.166286
-0.0318147 0.0208548 0.174303 -0.0212241 0.0125397 0.2624 -0.0636963 0.0156995 0.265688 -0.0184962
-0.00774962 0.269913 -0.0304183 -0.00669177 0.286319 -0.0433769 0.00014534 0.276793 -0.00494154 -0.00673966
0.270846 -0.00801351 -0.00847685 0.270285 -0.00928976 -0.00821387 0.285522 -0.001486 -0.00296646 0.281107
-0.0029411 -0.0039845 0.281888 -0.00285973 -0.00454405 0.297795 0.0035821 -0.0052289 0.289812 0.000704424
-0.00421656 0.289274 -2.46351e-05 -0.003159 0.330288 0.014468 -0.00655027 0.300649 0.0351305 -0.0123109
0.310218 0.0350261 -0.00939256 0.31434 0.0206742 -0.00730984 0.125013 0.0048865 -0.00963746 0.0913831
0.00295043 -0.0176351 0.127126 0.0115798 -0.0292037 0.130616 -0.00116027 -0.000878883 0.154415 -0.0131249
0.00821193 0.127255 -0.0078157 0.00980745 0.144249 -0.0172345 0.0143623 0.141836 -0.0346194 0.0240715
0.112323 -0.0278066 0.0256821 0.130555 -0.0278923 0.0238368 0.101277 -0.0112963 0.00174323 0.0173001
-0.0574132 0.0146559 0 0 0 0 0 0 0.10766 -0.00205673
-0.00953577 0.0763624 -6.80273e-05 -0.0154229 0.0651857 0.000955492 -0.0103897 0.114955 -0.000155936 -0.00107951
0.101254 -0.00351934 0.0120681 0.112408 0.00145235 0.0095436 0.115586 -0.00976494 0.0164095 0.0905456
-0.00473127 0.0178774 0.0809956 -0.00156529 0.0275989 0.0589955 -0.00263834 0.029722 0.0715364 -0.00670155
0.0270437 0.0961366 -0.007831 0.0249252 -0.00276997 -0.0492951 0.0395132 -0.00597531 -0.0386293 0.0416825
0 0 0 0 0 0 0.152586 -0.0108945 -0.0107077 0.1296
-0.0128165 -0.0283549 0.0916016 -0.00276602 -0.0237707 0.157188 -0.00315072 -0.00335129 0.126453 0.00527047
0.00823951 0.157576 0.00457739 0.00541517 0.101023 0.000910986 0.0166747 0.118258 0.00576643 0.0149539
0.0689351 -0.00490935 0.0281839 0.0802917 -0.00460877 0.0265819 0.0939445 0.000783652 0.0253301 0.0823261
-0.00109123 0.0259504 -0.01687 0.00358146 0.04206 -0.0183884 0.0229838 0.0407593 0 0
0 0 0 0 0.235803 -0.00771269 -0.00658507 0.239723 -0.0213305 -0.0139765
0.17985 -0.0286755 -0.0248408 0.234204 -0.00183956 -0.00265737 0.189513 0.00496587 0.00341326 0.227199
0.00573801 0.00228502 0.149079 0.00843664 0.0120944 0.184034 0.01198 0.0086731 0.111512 0.00498795
0.023435 0.133617 0.0189519 0.0225457 0.154568 0.0177701 0.0192379 0.131346 0.00962107 0.0208744
-0.00960831 0.0674013 0.0267572 0.0130496 0.0687784 0.00962099 0 0 0 0
0 0 0.284285 0 -0.00271231 0.296658 0 -0.00463167 0.279725 0
-0.000882204 0.282583 0 0.00195031 0.294907 0.0162633 0.00634027 0.298593 0 0.00482409
0.214264 0.0128406 0.00676207 0.231294 0.025501 0.0115722 0.242504 0.058432 0.0148965 0.304646
0.0130947 0.0067386 0.25108 0.0238363 -0.0109278 0.253162 0.0125515 -0.0124926 0.327875 -0.000871374
0.000513502 0.318632 0.00393365 0.00434448 0.266856 0.0361648 -0.00342163 0.262863 0.00438245 -0.0139175
0.271338 0.00178771 -0.0117285 0.33438 -0.00172147 -0.00091901 0.332129 -0.00158342 -0.00120216 0.262653
0.00501462 -0.0136904 0.276878 0.00101653 -0.00843669 0.282677 -9.61717e-05 -0.00708855 0.335526 -0.00146942
0.000692492 0.335494 -0.00158801 1.90049e-05 0.277985 0.000477489 -0.00897532 0.286474 -0.000850703 -0.00798526
0.293571 -0.00262747 -0.00819928 0.333828 -0.00259191 -0.000271478 0.334753 -0.00172615 0.000599645 0.286744
-0.000728661 -0.00695515 0.299081 -0.0260234 -0.0103912 0.289454 -0.0263826 -0.0138171 0.324651 -0.00707478
-0.00491937 0.331296 -0.00471268 -0.00224671 0.305213 -0.0148388 -0.0083896 0 0 0
0.254172 -0.063749 0.00901452 0.154105 -0.0181792 0.0192768 0.133284 -0.019312 0.0222904 0
0 0 0.253066 -0.00980995 -0.0148647 0 0 0 0.27144 -0.0020269
-0.0111742 0 0 0 0.281951 -0.000390385 -0.0073207 0 0 0
0.299748 0.00416646 -0.00897402 0.00783804 -0.0620241 0.0195175 0 0 0 0.0909584
-0.00256286 0.0256115 0.0773146 0.00208985 0.0267286 -0.0104059 -0.0241712 0.0435803 0 0
0 0.0781252 0.00563866 0.0256721 0.0659343 0.000610031 0.0277037 -0.0106153 0.0316204 0.0461307
0 0 0 0.131896 0.0275375 0.0237839 0.113381 0.0276268 0.0256646 0.0172664
0.0579801 0.0148076 0 0 0 0.279711 0.0697538 0.0116866 0.286662 0.0434986
1.41367e-05 0.2702 0.0304745 -0.00686118 0.265978 0.0184802 -0.00791617 0.264596 0.0149234 -0.00945523
0.270653 0.00922289 -0.00840346 0.271253 0.00794984 -0.00868093 0.27723 0.00486042 -0.0069236 0.277281
0.00476741 -0.00643845 0.282374 0.00276791 -0.0047015 0.281616 0.00285504 -0.00414064 0.286039 0.00138414
-0.00309218 0.285069 0.00154149 -0.00320485 0.289797 -8.40739e-05 -0.00323383 0.290316 -0.000799715 -0.00427553
0.298221 -0.00367126 -0.00523908 0.306379 -0.00653298 -0.006687 0.314585 -0.0206931 -0.00716577 0.310505
-0.0350351 -0.00919347 0.300922 -0.0352345 -0.0121084 0.330387 -0.0145736 -0.00634845 0.283774 -0.0624254
0.00924213 0.300969 -0.0345403 0.00702638 0.199143 -0.0333818 0.0200937 0.177774 -0.0380505 0.0238891
0.277714 -0.00855241 -0.00526219 0.308822 -0.00026572 -0.00160721 0.288357 -0.00196075 -0.00336226 0.317242
0.00141568 -0.00192829 0.29506 -7.89599e-05 -0.00127625 0.322828 0.00216129 -0.000873157 0.30836 0.00578647
-0.00479333 0.329254 0.00620881 -0.00312626 0.0876974 -0.0148569 0.00485734 0 0 0
0.103218 -0.00618479 0.0272241 0.0879 -0.000179087 0.0290148 -0.0055349 -0.0441997 0.0440198 0
0 0 0.0705825 0.00115945 0.0291905 0.0582593 -0.00242481 0.0324151 -0.013766 0.0169551
0.0504552 0 0 0 0.120604 0.0139143 0.0265095 0.1027 0.00938724 0.0282086
0.00299977 0.0589892 0.0279376 0 0 0 0.224187 0.0382272 0.0160708 0.203492
0.0492117 0.0210335 0.203443 0.0859735 0.026138 0.272484 0.0743207 0.0138305 0.302122 0.0347154
0.00767428 0.284859 0.0630158 0.00964564 0.290266 0.0347571 0.000558952 0.279348 0.0202162 -0.0036842
0.308993 0.00058829 -0.00124382 0.278219 0.00898504 -0.00569493 0.281285 0.00622999 -0.00579156 0.284062
0.00426647 -0.00540345 0.317283 -0.00147269 -0.00177474 0.28896 0.00200106 -0.00374413 0.291032 0.00132553
-0.00282778 0.292787 0.000808406 -0.00205918 0.32309 -0.00249571 -0.000759372 0.29584 -8.29073e-05 -0.00150895
0.297631 -0.000695666 -0.00184444 0.299987 -0.00166552 -0.00257594 0.331019 -0.011941 -0.00411575 0.329823
-0.00671773 -0.00309354 0.30929 -0.00607716 -0.00489044 0.313408 -0.0132205 -0.00602786 0.17897 -0.031225
-0.00270888 0.203115 -0.0410502 -0.0179473 0.316749 -0.0286827 -0.00818589 0 0 0
0.279364 -0.0695012 0.0117646 0.230358 -0.0830315 0.0251456 0.140408 -0.038553 0.0311189 0.264272
-0.0149586 -0.00925855 0.276811 -0.00484301 -0.00625116 0.28453 -0.00163945 -0.00308717 0.306067 0.00646909
-0.00672799 0.24153 0.0387573 -0.00733031 0 0 0 0.115437 -0.0112808 0.0247891
0.0985302 -0.00611793 0.0272799 0.00263354 -0.0575505 0.0348157 0 0 0 0.0661283
-0.00250192 0.0278117 0.053802 -0.00345077 0.0308407 -0.0137012 -0.011991 0.0422734 0 0
0 0.106178 0.00483804 0.0232071 0.0907556 -0.000908697 0.0243894 -0.0183246 0.0599963 0.036816
0 0 0 0.169405 0.0243795 0.0174252 0.147498 0.0297011 0.0217992 0.128811
0.0506494 0.0301225 0.188153 0.085981 0.0223113 0.25411 0.0638888 0.0093033 0 0
0 0 0 0 0 0 0 0.252752 0.00985162 -0.0147408
0 0 0 0 0 0 0 0 0 0.27091
0.00205965 -0.0110931 0 0 0 0 0 0 0 0
0 0.281302 0.000412864 -0.00727312 0 0 0 0 0 0
0 0 0 0.298704 -0.00395142 -0.00877172 0 0 0 0
0 0 0.221335 -0.0300067 -0.00799216 0.233873 0.0321583 -0.016852 0.282706 0.0340628
-0.00965717 0.318193 0.00521216 -0.00307546 0.319986 2.08231e-34 -0.00224034 0.0705882 -0.00806034 -0.0130894
0.11197 0.00368704 -0.0277683 0.0440919 0.00450843 0.000443858 0.0480382 -0.00283666 -0.00161522 0.114399
-0.00160746 -0.0291833 0.0680193 0.0112896 -0.0105872 0.273668 -0.0310351 -0.0147976 0.187278 -0.0292391
-0.0302848 0.320317 -0.0151938 -0.00673363 0.303132 0.0323869 -0.0125467 0.320451 0.0236265 -0.00930696
0.340695 0.0099382 -0.00358582 0.237039 0.0367429 -0.0236042 0.0874356 -0.00495441 -0.0204364 0.142033
0.0156669 -0.0310195 0.253408 -0.0125049 -0.0126242 0.271813 -0.00175487 -0.0118243 0.283295 0.000115557
-0.00714438 0.336008 1.50584e-38 -8.67183e-05 0.33165 0.00497207 -0.00236435 0.294364 0.00274698 -0.00830463
0 0 0 0 0 0 0 0 0 0
0 0 0.0987544 -0.00444678 0.0239177 0.0836506 0.00801269 0.0331717 0.0681214 0.0150968
0.0328192 0.0834319 0.000902482 0.0249533 0.0634483 0.0142637 0.0331738 0 0 0
-0.0119629 -0.0351079 0.0399479 0.0694154 0.00524178 0.0266651 0.0481211 0.0126278 0.039718 0.035862
0.00401726 0.044416 0.0544571 0.00235895 0.0300727 0.0391038 -0.00692552 0.0429226 0 0
0 -0.0115306 0.0172215 0.0475983 0.125362 0.0182164 0.0238482 0.0658362 -0.0149389 0.0364876
0.0766056 -0.00742793 0.0359498 0.10501 0.0152945 0.0264597 0.0763935 0.00677364 0.0353857 0
0 0 0.00435695 0.0563419 0.0277615 0 0 0 0 0
0 0 0 0 0 0 0 0 0 0
0 0 0 0 0 0 0 0 0 0
0 0 0 0 0 0 0 0 0 0
0 0.309612 -0.00198606 -0.000838542 0.318117 0.000647081 -0.00246455 0.324032 0.0016571 -0.000958686
0.358993 0.00482986 -0.000299761 0.32914 0.0043298 -0.00232951 0.275637 -0.0124414 -0.00480339 0
0 0 0 0 0 0 0 0 0.28602 -0.00283259
-0.00424472 0 0 0 0 0 0 0 0 0
0.293598 -0.00050142 -0.00131687 0 0 0 0 0 0 0
0 0 0.302584 0.00297225 -0.00351301 0 0 0 0 0
0 0 0 0 0.111262 -0.0104356 0.0263932 0.105813 -0.00464271 0.038677
0.0754635 0.00883012 0.0378295 0.0932019 -0.00501143 0.0282455 0.0691189 0.00968705 0.0380351 0
0 0 -0.00150513 -0.0542165 0.037221 0.0634718 -0.000605492 0.0297525 0.0553042 0.0157195
0.0416041 0.0369572 0.00918784 0.0482128 0.0473483 -0.001644 0.0347415 0.0321965 -0.00462858 0.0511587
0 0 0 -0.0130765 0.00028345 0.0503197 0.114249 0.00927863 0.0264334 0.0602347
-0.0191695 0.041014 0.0691338 -0.0163414 0.0395318 0.0956434 0.00393339 0.0288506 0.0708117 -0.00975324
0.039029 0 0 0 -0.000781175 0.0547378 0.036789 0.106434 0.00574525 0.0391318
0.144689 0.054267 0.0356821 0.359198 -0.00530347 -0.000557835 0.123422 -0.0189504 0.0241152 0.0850339
-0.012343 0.0334378 0.103418 -0.0159319 0.0266509 0.0752147 -0.00667883 0.035668 0 0
0 0.00564644 -0.0566087 0.0268544 0.0656441 -0.00502841 0.0279716 0.0627349 0.0135478 0.0378152
0.0446914 0.0114591 0.0418443 0.0499864 -0.00361231 0.0320392 0.0346444 0.000945271 0.0460502 0
0 0 -0.00867594 -0.0264138 0.0419134 0.100693 0.0030861 0.0239019 0.052926 -0.016104
0.0381646 0.0614789 -0.0171437 0.0353076 0.0851003 -0.00262538 0.0252695 0.0644814 -0.0159803 0.0339823
0 0 0 -0.0190731 0.043838 0.0386095 0.0838015 -0.00866786 0.0341942 0.102097
0.0129939 0.0335583 0 0 0 0.0862321 0.0193177 -0.0010921 0.313 0
0.00433403 0.329021 0 0.00168134 0.337988 0 -0.00128436 0.34191 0 -0.00217004
0.343895 0 -0.00128867 0.344721 0 7.64173e-05 0.344318 0 0.00114907 0.342766
0 0.00150858 0.34016 0 0.00111785 0.335687 0 -7.80385e-06 0 0
0 0.102024 -0.0132453 0.0326862 0 0 0 0 0 0
0.0859638 -0.0147439 0.00368104 0 0 0 0 0 0 0
0 0 0.059068 0.0141311 0.0352737 0 0 0 0 0
0 0 0 0 0 0 0 0.0511443 -0.0140156 0.0384482
0 0 0 0 0 0 0 0 0 0
0 0 0.0856937 0.0129249 0.0333363 0 0 0 0 0
0 0 0 0 0 0 0 0 0 0
0 0 0 0 0 0 0 0 0 0.144432
-0.0532514 0.0354265 0 0 0 0 0 0 0 0
0 0 0 0 0 0 0 0 0 0
0 0 0 0 0 0 0.0664134 0.0145297 0.0389057 0
0 0 0 0 0 0 0 0 0 0
0 0.043824 -0.015839 0.0460662 0 0 0 0 0 0
0 0 0 0 0 0 0.0765748 -0.00802337 0.0386451 0
0 0 0 0 0 0 0 0 0 0
0 0 0 0 0 0 0 0.276085 0.0129603 -0.00512413
0 0 0 0 0 0 0 0 0 0
0 0 0.286614 0.00293549 -0.00465144 0 0 0 0 0
0 0 0 0 0 0 0 0.294322 0.000370996 -0.00158614
0 0 0 0 0 0 0 0 0 0
0 0 0.30349 -0.00322698 -0.00361622 0 0 0 0 0
0 0 0 0 0 0 0 0 0 0
0 0 0 0 0 0 0 0 0 0
0 0 0 0 0 0 0 0 0 0
0 0 0 0 0 0 0 0 0 0
0 0 0 0 0 0 0 0 0 0
0 0 0 0 0 0 0 0 0 0
0 0.0749461 0.00711534 0.0365946 0 0 0 0 0 0
0 0 0 0 0 0 0.0389249 -0.0100534 0.043743 0
0 0 0 0 0 0 0 0 0 0
0 0.0684556 -0.0162746 0.0338856 0 0 0 0 0 0
0 0 0 0 0 0 0 0 0 0
0 0 0 0 0 0 0 0 0.176739 0.0302994
-0.0274413 0.100001 -0.0186508 0.0111076 0.229746 0.0404955 -0.00641001 -0.00431653 -0.0590988 0.0348846
-0.000698845 -0.071479 0.0307294 -0.00899307 -0.0439979 0.050632 -0.01504 -0.0618854 0.0496064 -0.0129713
-0.0177154 0.0562211 -0.0118717 -0.032289 0.0581728 -0.0156708 0.0200072 0.0554299 -0.0182648 5.54003e-05
0.0593232 -0.0113911 0.0530787 0.0490635 -0.0159682 0.0389515 0.0565133 -0.00402437 0.0659778 0.0322712
-0.0146893 0.0707997 0.0476043 0.105256 0.0217999 0.00910137 -0.00149617 0.0770219 0.0275582 0.295183
-0.0356074 -0.00967817 0.239594 -0.0403598 -0.0066251 0.244277 0.0341827 -0.00835051 0.309631 0.0342003
-0.0113806 -0.00037331 -0.0633945 0.030745 0.0913795 -0.0250347 0.0142591 0.0586202 -0.00640226 -0.00702161
-0.0048724 -0.0536468 0.0472013 -0.010819 -0.0580576 0.04345 -0.010399 -0.031148 0.057752 -0.011946
-0.045548 0.0580746 0.0505548 0.00104052 -0.00351741 -0.0119027 0.00292646 0.0586178 -0.0151444 -0.0163837
0.0626552 -0.00768983 0.0323013 0.0560789 0.0656841 0.00798218 -0.0106139 0.0932853 0.00427982 -0.0237542
-0.00378534 0.0515386 0.0464698 -0.0106868 0.0446603 0.0572237 -0.000687053 0.0608414 0.0299124 0.143665
-0.0176736 -0.0325239 0.237161 -0.0378215 -0.0242147 0.245575 -0.0358929 -0.00880339 0.0917773 0.0230526
0.0137262 0.340823 -0.0104491 -0.00356437 0.320648 -0.0243358 -0.00936868 0.303251 -0.0330132 -0.0126906
0.320232 0.0146696 -0.00692121 0.273375 0.0304855 -0.0151749 0.294564 0.0348741 -0.00984069 0.103806
-0.0230235 0.00920017 0.186343 0.0278775 -0.0307736 0.111215 0.000286144 -0.0281633 -0.00437924 -0.0688321
0.03156 -0.0010947 -0.0791544 0.0270823 -0.01397 -0.0539028 0.0474026 0.0616207 -0.0107485 -0.00751049
0.0410244 -0.00254451 0.00167376 -0.0172882 -0.0165901 0.054508 -0.0188287 -0.0373977 0.0546376 -0.0123793
0.019934 0.0554722 0.0504923 0.00502283 -0.00316672 0.0726602 0.0091391 -0.0143065 -0.00853489 0.0443021
0.0504141 -0.0113777 0.0335862 0.0576469 -0.00450988 0.0587947 0.034907 0.112363 -0.00346407 -0.0282939
0.176434 -0.0302765 -0.0279464 0.0993649 0.0184628 0.0110416 -0.000965205 0.0713074 0.0307256 0.233472
-0.0324357 -0.0173137 0.320059 0 -0.00243712 0.318277 -0.00531164 -0.00327212 0.282807 -0.0344622
-0.0100505 0 0 0 0.296508 0.0245061 -0.00870154 0 0 0
0 0 0 0 0 0 0 0 0 0
0 0 0 0 0 0 0 0 0 0
0 0 0 0 0 0 0 0 0 0
0 0 0 0.303428 -0.0258372 -0.00825767 0.310996 0.0243458 -0.009804 0.322835
0.0187771 -0.00781923 0 0 0 0 0 0 0 0
0 0 0 0 0 0 0 0 0 0
0 0 0 0 0 0 -0.0128974 0.0204678 0.0614348 0
0 0 0 0 0 0 0 0 -0.0107156 0.0548159
0.0427566 0 0 0 0.310298 -0.0351461 -0.0116089 0 0 0
0.237713 0.0393943 -0.00653994 0 0 0 0 0 0 0
0 0 -0.0152719 -0.0731973 0.0459883 0 0 0 0 0
0 0 0 0 -0.0180156 0.00328437 0.0586822 0 0 0
0 0 0 0 0 0 -0.0150559 0.0615979 0.0496426 0
0 0 0.229119 -0.0409466 -0.00671203 0 0 0 0 0
0 0 0 0 0 0 0 0 0 0
0 0 0 0 0 0 0 0 0 0
0 0 0 0 0 0 0 0 0 0
0 0.329005 0 -0.00142805 0.263967 0.0218497 -0.0161464 0.315714 0.00745109 -0.00611581
0.317971 1.20934e-36 -0.00306623 0.295372 3.04599e-32 -0.00405244 0.241465 0.0114508 -0.00757273 0.11675
0.00854701 -0.0214505 0.185282 0.0272104 -0.0277753 0.143729 0.0143241 -0.00953087 0.0735107 0.00216833
-0.0137344 0.0767435 0.00121937 -0.0126242 0.0919787 0.00308222 -0.00861483 0.091366 0.00352327 -0.022928
0.0697986 0.00295311 -0.0152269 0.111073 -0.00602783 -0.0101295 0.198221 -0.0266502 -0.0268342 0.121607
-0.00712558 -0.0330862 0.204939 -0.0132905 -0.00754888 0.323423 -0.0132257 -0.00561594 0.282598 -0.0297377
-0.013543 0.308022 -0.00817566 -0.00249329 0.361904 -0.00338753 -0.000422917 0.355461 -0.00171968 -0.000342618
0.370292 0.00121229 -5.47089e-05 0.364604 0.0010598 -0.000154743 0.357707 0.00661273 -0.00151858 0.350292
0.0042311 -0.00126908 0.307928 0.0236789 -0.00834936 0.289485 0.011687 -0.00501254 0.157615 0.0189935
-0.0324267 0.240797 0.0357292 -0.0212165 0.182154 0.0147741 -0.00941242 0.0822239 -0.00267764 -0.0188184
0.103908 -0.000235946 -0.0295219 0.101627 0.00376361 -0.0100291 0.082644 0.00275554 -0.0191145 0.0687948
6.41402e-05 -0.014586 0.101892 -0.00391647 -0.0100924 0.15777 -0.0192596 -0.0325298 0.10413 8.82636e-05
-0.0297451 0.182644 -0.014879 -0.00954901 0.308454 -0.0239285 -0.00851055 0.241335 -0.0359235 -0.0214644
0.289752 -0.01182 -0.00505262 0.35777 -0.00676242 -0.00146852 0.350308 -0.00431748 -0.00117709 0.364602
-0.00114765 -0.000177985 0.370303 -0.00136501 -9.52864e-05 0.346709 -0.000472159 -0.000819484 0.362276 -0.000698016
-0.000509566 0.355503 0.00172069 -0.000495904 0.361941 0.00328134 -0.000598885 0.352315 -0.00112168 -0.000875867
0.308168 0.00839383 -0.00270601 0.323422 0.0131882 -0.00582075 0.304289 0.00103012 -0.00187215 0.206536
0.0134268 -0.00835801 0.207239 0.0045539 -0.00323372 0.111691 0.00701859 -0.0101246 0.119423 0.00294838
-0.00298358 0.0881711 -0.00217447 -0.00694535 0.0983675 0.000621943 -0.00152351 0.141976 -0.0149622 -0.00914093
0.147568 -0.00709442 -0.00328857 0.242912 -0.0119448 -0.00832726 0.24 -0.00566953 -0.00432977 0.289128
0 -0.00322475 0.295863 0 -0.00435742 0.324693 0.00744332 -0.00500248 0.329036 1.96602e-36
-0.00148752 0.198833 0.0262809 -0.027306 0.28254 0.0296083 -0.0137347 0.0937189 -0.00747709 -0.0256605
0.123645 0.00490088 -0.0349159 0.0546032 -0.00477594 -0.00422648 0.0677847 -0.00781544 -0.015656 0.115682
-0.00573673 -0.0207442 0.0579357 -4.62908e-05 -0.00200878 0.264736 -0.0212983 -0.0164498 0.186569 -0.0253566
-0.0291246 0.318246 0 -0.00312269 0.315978 -0.00714698 -0.006147 0.123806 0.0167529 -0.0246316
0.219022 0.0392119 -0.0186665 0.289677 0.0275662 -0.014255 0.0236775 -0.0328045 0.00244915 0.0552144
-0.0229948 -0.0150452 0.010512 -0.0180654 0.0132369 0.0042089 -0.0306548 0.0142533 0.00537612 -0.00533571
0.0197276 0.00641107 -0.0113587 0.0174811 0.00785557 0.0128116 0.0168287 -0.00114232 0.00184633 0.0229477
0.0210481 0.0304731 0.00671616 0.00712212 0.0240858 0.0159929 0.047964 0.0304705 -0.0148243 0.0289533
0.0369126 -0.000337814 0.140503 -0.0204256 -0.027263 0.0702659 0.0180705 -0.027679 0.239486 -0.045203
-0.0164279 0.0757062 -0.0176007 -0.0250029 0.122544 0.0204033 -0.0252435 0.0314253 -0.0324195 -0.00146323
0.0398775 -0.036149 -0.011564 0.0119435 -0.019961 0.0158586 0.0162111 -0.0288486 0.0121936 0.00566091
0.000275382 0.0196873 0.000745473 -0.0118342 0.0225581 0.0121428 0.0206186 0.0157187 0.000811952 0.0124096
0.0225489 0.0324242 0.0329236 -0.00253877 0.0169764 0.0296239 0.0114563 0.0760494 0.0174187 -0.0258844
0.0404742 0.0364344 -0.012516 0.123486 -0.0210746 -0.0261485 0.140448 0.0206635 -0.0272139 0.239295
0.0452473 -0.0165141 0.0505262 -0.0323055 -0.0168204 0.0709226 -0.0180767 -0.0281057 0.0274852 -0.0365728
0.00123026 0.0335292 -0.0408719 -0.00411658 0.0129224 -0.0233162 0.00998559 0.015338 -0.0327799 0.00873607
-0.00584834 -0.00475515 0.0217838 0.000845475 -0.0137709 0.0164984 -0.00947019 0.0262268 0.0247622 -0.0162543
0.00990348 0.0296289 0.0210742 0.0405221 -0.000159324 -0.00595822 0.0409455 0.0201186 0.123062 -0.0112159
-0.0276012 0.0576122 0.0311315 -0.0239108 0.217794 -0.03719 -0.0181465 0.239035 0.00516772 -0.00380135
0.288844 1.42579e-32 -0.00284456 0.239137 -0.00195666 -0.000491893 0.289363 1.77304e-32 -0.00163337 0.299052
-0.0111341 0.00246764 0.244229 -0.0155267 0.0061582 0.302099 -7.86762e-35 0.00107488 0.308489 -0.0163272
0.00505073 0.316049 -1.55257e-35 0.00275584 0.33901 -0.000672761 0.00144356 0.325111 -0.0110048 0.004969
0.33614 1.35998e-36 0.00224315 0.350987 3.29566e-36 -0.000733338 0.357685 1.76899e-36 -0.00179519 0.360148
1.48363e-36 -0.000521427 0.349233 0.000547395 -1.93256e-05 0.346134 0.000565326 -0.000414345 0.360687 4.60333e-36
0.00139796 0.359984 1.37802e-35 0.00296802 0.34983 -0.000353235 0.00203604 0.350171 0.000161659 0.00115382
0.358386 3.06887e-35 0.00373917 0.356156 4.30282e-35 0.0038039 0.347948 -0.000384035 0.00144137 0.348844
-0.000652785 0.00208979 0.352803 6.0264e-35 0.00339967 0.347741 5.90418e-33 0.00261246 0.342745 0.00320836
-0.0021216 0.34682 0.000513318 0.00016895 0.268435 0.0239803 -0.0185877 0.334737 0.00429251 -0.00372862
0.33691 1.04747e-32 0.000451518 0.308717 -1.92198e-30 -0.00184208 0.255005 0.0162047 -0.0123016 0.248525
0.0249838 -0.0188286 0.149136 0.00665606 -0.00313539 0.151039 -0.00160704 0.00279747 0.183762 -0.0162583
0.0111202 0.140993 -0.00779423 0.0143579 0.245995 -0.0322927 0.011373 0.199438 -0.0406089 0.013874
0.165705 -0.0313227 0.0170283 0.271868 -0.0688298 0.00326831 0.279569 -0.0430708 -0.0104307 0
0 0 0 0 0 0.277148 -0.00899721 -0.0184381 0.278275 -0.00731442
-0.018971 0 0 0 0 0 0 0.293777 -0.00199385 -0.0131313
0.292789 -0.00262972 -0.0128296 0 0 0 0 0 0 0.301945
-0.00163901 -0.0105943 0.301032 -0.00222713 -0.0116603 0 0 0 0 0
0 0.315548 -0.000285475 -0.0114893 0.316337 0.0152441 -0.0107123 0 0 0
0 0 0 0.188047 0.0273279 -0.028201 0.148511 0.0241039 -0.0367679 0.101772
0.000484535 -0.00193238 0.103997 -0.00191365 0.00512066 0.103179 -0.00297331 0.0182451 0.0919943 -0.000229673
0.0191473 0.116382 0.000108437 0.0210773 0.084965 0.00673641 0.0222717 0.0826637 0.00457761 0.0230189
0.075284 -0.010865 -0.0367617 0.124289 0.0138618 -0.0332503 0.089148 0.00485562 -0.0287223 0.0491409
-0.0168974 -0.0186346 0.0573276 -0.0207192 -0.0280242 0.119271 -0.00189598 -0.0027002 0.118998 0.00415632
0.0045818 0.0793358 0.00216819 0.0213378 0.103329 0.00757178 0.0201818 0.0730952 0.00572684 0.0264428
0.0627703 0.00523589 0.0287478 0.0592625 0.00341642 0.0306674 0.0289025 -0.00411931 -0.00303191 0.0719382
0.00309358 -0.0221911 0.0715438 0.0032526 -0.0228273 0.0293115 0.0135725 -0.00410798 0.0212658 0.00451889
0.00126211 0.205976 -0.00420058 -0.00255124 0.205081 0.00744431 0.00202126 0.129722 0.0190279 0.0203052
0.196562 0.0246352 0.0142574 0.0811528 0.00183324 0.0293141 0.101509 0.00759423 0.0263131 0.107577
0.0160469 0.0252141 0.0508278 0.0257275 -0.0189751 0.0930081 0.000427282 -0.0298916 0.131744 -0.0129514
-0.0349363 0.0808095 0.015623 -0.0383023 0.061176 0.0275805 -0.0277088 0.304224 -0.000720365 -0.001614
0.304944 0.00856411 -0.000627462 0.267616 0.0259188 0.0070984 0.305467 0.0212336 0.00247146 0.175579
0.0333711 0.0210381 0.248525 0.0462474 0.0153199 0.276525 0.0432031 0.0113825 0.338793 -0.00877712
-0.00758741 0.289192 -0.0299022 -0.0176829 0.159818 -0.019961 -0.038613 0.18445 -0.0229229 -0.0312295
0.209576 -0.0226526 -0.0204674 0.320737 -0.0102371 -0.0048111 0.352349 0.00123442 -0.000720101 0.355152
0.00523489 -0.00119453 0.36494 0.00858153 -0.00109134 0.379104 0.0083503 -0.00195089 0.30351 0.030309
0.00483048 0.320772 0.0185905 0.00421397 0.390588 0.00591188 -0.00289513 0.32584 -0.000554479 0.00293462
0.337784 -0.00207096 0.000493538 0.395176 0.00405084 -0.00122884 0.339654 -0.0036112 -0.000393909 0.347554
-0.000968526 -0.000883579 0.394319 0.00278812 0.00133259 0.345716 -0.00130545 -0.000710007 0.3503 0.000549347
-0.00131816 0.389889 0.00138349 0.00255911 0.348079 -0.000646395 -0.00272116 0.351569 -0.00119754 -0.00427405
0.382548 0.000182989 0.00241304 0.345707 -0.00608104 -0.00705141 0.373176 -0.000475797 0.00234889 0.362338
0.000681396 -0.000474598 0.365554 -3.38811e-05 -0.00103991 0.375073 -0.00150079 -0.0013079 0.388397 -0.00215419
-0.00128725 0.399823 -0.0014814 -0.000694463 0.405469 -0.000743135 0.000903183 0.405368 0.000171371 0.00267399
0.400842 0.00108674 0.00365809 0.393194 0.0018153 0.00373325 0.383907 0.00208413 0.00359879 0.346775
0.000423963 -0.000898325 0.348619 -0.00482472 -0.000790176 0.357519 -0.0104563 0.000323769 0.371066 -0.0126421
0.000972689 0.38398 -0.00697296 -0.00165932 0.375881 -0.0115603 -0.000586954 0.390091 -0.00247592 0.000295173
0.386148 -0.00493504 -0.00124907 0.391196 3.18325e-05 0.00293209 0.389792 -0.0017634 0.00187255 0.387776
0.00328726 0.00332839 0.388763 0.000968234 0.00343882 0.379137 0.00731192 0.00213657 0.383175 0.00559854
0.00295944 0.36571 0.00751955 0.00116827 0.286583 0.00316243 -0.00190657 0.28652 -0.00667328 0.000156666
0.287718 -0.0206784 0.00456769 0.357955 -0.0153633 0.00186216 0.307366 -0.045413 0.00255995 0.285788
-0.0486658 0.00657272 0.364705 -0.0121354 -0.000844621 0.373196 -0.0068626 -0.0035334 0.370601 -0.00909423
-0.00337593 0.375721 -0.00394503 -0.000527686 0.374844 -0.00517005 -0.00220195 0.375331 -0.000826364 0.000760608
0.375778 -0.00266829 0.000474828 0.371545 0.00607103 -0.000701509 0.374258 0.00209087 0.000321358 0.336206
0.0189089 -0.014515 0.366563 0.0079058 -0.00140754 0.314749 0.0187482 -0.00954733 0.32058 0.0226732
-0.0147867 0.185312 0.00570006 -0.00219215 0.185741 -0.00548821 0.00283248 0.240386 -0.0240851 0.00898424
0.17459 -0.0186084 0.0148429 0.222182 -0.0546322 0.0150801 0.305149 -0.0286978 -0.000614051 0.290956
-0.0409301 -0.0061134 0.291584 -0.0612006 -0.000428725 0.315886 -0.00570011 -0.0065604 0.315696 -0.00429868
-0.00755976 0.288715 -0.00722513 -0.0132985 0.284483 -0.00994317 -0.0132905 0.328019 -0.00286259 -0.00710049
0.32707 -0.00251808 -0.00687678 0.302323 -0.00295538 -0.010236 0.299515 -0.00344581 -0.0110641 0.335127
-0.00223589 -0.00678724 0.334443 -0.00170834 -0.00790614 0.312111 -0.00161529 -0.0109047 0.309427 -0.002067
-0.0100178 0.3456 0.00369163 -0.0104912 0.346008 0.00843622 -0.012279 0.33503 0.0146551 -0.0161111
0.328442 0.00381034 -0.01502 0.257189 0.0311524 -0.025974 0.232953 0.036807 -0.0346077 0.110276
0.000561825 -0.00152323 0.109807 -0.00425441 0.00526997 0.118946 -0.0118456 0.0194283 0.0931426 -0.00384474
0.0201909 0.146855 -0.0162931 0.0213966 0.0993353 -0.0056521 0.0236373 0.0956367 -0.00415471 0.0245822
0.107396 0.00432545 -0.0400852 0.164935 0.0220096 -0.0353631 0.109615 0.00531277 -0.0332791 0.0632741
-0.0208386 -0.0260425 0.0741898 -0.01646 -0.0351987 0.110517 -0.000693656 -0.00155715 0.110013 0.00414158
0.0052575 0.0687606 -9.6716e-05 0.0226519 0.093694 0.00360933 0.02016 0.0739226 0.00322188 0.0290732
0.0484393 0.00242083 0.0357104 0.0440021 -0.000240875 0.038143 0.0398087 -0.0160926 -0.00945832 0.0816284
-0.00079953 -0.0261014 0.0704198 1.02847e-05 -0.0229724 0.0299376 0.000291578 -0.00375645 0.0286952 -0.0094793
-0.00314295 0.185788 -0.0057814 -0.00229365 0.186179 0.00539907 0.00276264 0.11928 0.0115706 0.0194264
0.174967 0.0184678 0.0148135 0.0745675 -0.00367366 0.0289123 0.0910936 -0.00157038 0.0255268 0.0958565
0.00384742 0.0246296 0.0415106 0.0163593 -0.0105001 0.0827593 0.00079713 -0.0265995 0.111029 -0.00543686
-0.0339384 0.0651246 0.0206322 -0.027542 0.0499205 0.0220431 -0.0162651 0.286814 -0.00322418 -0.00193355
0.286714 0.00663188 0.000127468 0.240865 0.0240474 0.00890908 0.288083 0.0206052 0.00445028 0.147174
0.0161291 0.02143 0.190571 0.0413843 0.0196084 0.222694 0.0546168 0.0150444 0.109744 -0.00491397
-0.0423559 0.166353 -0.0223235 -0.0360713 0.25816 -0.0314798 -0.0261878 0.23414 -0.0379018 -0.0341234
0.159264 -0.0316249 -0.0418933 0.348485 0.00477989 -0.0007451 0.357438 0.0103731 0.000257212 0.358527
0.0151039 0.00188236 0.371193 0.0123694 0.00103735 0.286369 0.0486628 0.00642259 0.308095 0.0454768
0.00265048 0.305886 0.0288077 -0.00038962 0.310437 0.0135657 -0.0031474 0.365225 0.0119601 -0.000399316
0.316184 0.00446877 -0.00723136 0.323129 0.00382614 -0.00726172 0.373275 0.00675025 -0.00304654 0.370886
0.00901742 -0.00275249 0.316443 0.00591582 -0.00626739 0.327386 0.00236333 -0.00655462 0.332338 0.00234505
-0.00607859 0.375828 0.00370943 -0.000567633 0.374872 0.00498696 -0.00194242 0.328354 0.00281309 -0.00675618
0.334982 0.001224 -0.00746633 0.339835 0.000209042 -0.00805568 0.375594 0.000633371 0.000408161 0.375982
0.00242882 0.000275396 0.335608 0.00183686 -0.00642886 0.346818 -0.00924412 -0.0115575 0.347387 -0.0135537
-0.0123976 0.371739 -0.00611813 -0.00117879 0.374509 -0.0022318 -8.08931e-05 0.346414 -0.00436675 -0.00993493
0.378983 -0.00711404 0.00182555 0.366747 -0.00786913 -0.00190411 0.336685 -0.0191917 -0.0143426 0.321005
-0.0228502 -0.0146001 0.315228 -0.0188275 -0.00956076 0.3657 -0.0074932 0.00112194 0.365415 5.72532e-05
-0.00110129 0.374869 0.0015289 -0.00139319 0.388134 0.00206314 -0.00140502 0.399521 0.00130299 -0.00084679
0.375917 0.0112544 -3.27942e-05 0.383666 0.0066886 -0.00110256 0.405172 0.000635868 0.000750999 0.385593
0.00464336 -0.000908139 0.389532 0.0021897 0.000347146 0.405099 -0.000221516 0.00253758 0.389315 0.00153212
0.00168569 0.390858 -0.000181047 0.00266724 0.400622 -0.00110123 0.00352757 0.388495 -0.000984415 0.00310484
0.387543 -0.0031903 0.0030255 0.393051 -0.00180398 0.0036119 0.382909 -0.00537516 0.00258386 0.383834
-0.00208263 0.00350197 0.355023 -0.00504029 -0.00137251 0.36474 -0.00837989 -0.00127501 0.378859 -0.00821187
-0.00209785 0.390291 -0.00581043 -0.00299959 0.394836 -0.00395716 -0.00133119 0.393986 -0.00271268 0.0011996
0.389618 -0.00132202 0.0023991 0.382376 -0.000115601 0.00225934 0.37309 0.000545614 0.00222478 0.304955
-0.00819414 -0.000928138 0.305387 -0.0208577 0.00216847 0.320648 -0.0184201 0.0042022 0.303412 -0.0300208
0.00464408 0.337703 0.00219344 0.000664553 0.325774 0.00067966 0.00307882 0.347437 0.0010854 -0.000715878
0.339588 0.00373291 -0.000189307 0.350147 -0.000446475 -0.00117136 0.345596 0.00141486 -0.000532504 0.351424
0.00127193 -0.00413331 0.347936 0.000731619 -0.00255691 0.338701 0.00885755 -0.00747328 0.345601 0.00613412
-0.00689413 0.320697 0.0103334 -0.00475028 0.206192 -0.00701991 0.00150453 0.26776 -0.0254453 0.00674298
0.197321 -0.0239269 0.0138038 0.276402 -0.0429032 0.0112184 0.287878 -0.0298167 -0.0107199 0.300505
-0.0498979 -0.00490496 0.294265 -0.0751031 0.00668695 0.291074 -0.00622692 -0.0114105 0.284438 -0.0105084
-0.0135932 0.283552 -0.01331 -0.0131199 0.301217 -0.00188285 -0.00693368 0.296708 -0.0031178 -0.0083643
0.297175 -0.00322996 -0.00886844 0.308607 0.000287315 -0.00798578 0.303475 -0.000912214 -0.00744939 0.3042
-0.00110134 -0.00660967 0.312453 0.0328468 -0.0113861 0.32477 0.0218325 -0.00878788 0.320539 0.00378187
-0.00943179 0.159621 0.0199959 -0.0384074 0.289105 0.0298921 -0.0174677 0.209326 0.0226637 -0.0203261
0.184183 0.022944 -0.0310682 0.118448 -0.00341331 0.00462201 0.131264 -0.0180339 0.0198625 0.102102
-0.00630474 0.0201396 0.175645 -0.0328037 0.0213316 0.113947 -0.0214336 0.0261274 0.108189 -0.0145003
0.0260264 0.131371 0.012977 -0.0348039 0.0805433 -0.0155014 -0.0381665 0.10363 0.00169372 -0.0441009
0.100115 0.00272857 0.00565543 0.0749486 -0.000968425 0.0216413 0.0877678 0.0010833 0.0193315 0.080459
0.00103704 0.0301845 0.0531783 0.00218446 0.0335767 0.0538432 -0.00167216 0.0321427 0.0507804 -0.0255209
-0.0190935 0.092607 -0.000395183 -0.0298622 0.0713488 -0.00319062 -0.023032 0.0298948 -0.0133366 -0.00465022
0.0359329 -0.0222863 -0.00923088 0.149437 0.00129019 0.00280477 0.0994809 0.0032193 0.0181521 0.139906
0.00694243 0.0142664 0.0686191 -0.00502378 0.0272466 0.0748766 -0.00544548 0.025308 0.0791169 -0.00548921
0.0233477 0.0296612 0.00415247 -0.00372458 0.0718364 -0.00303975 -0.0224903 0.0888503 -0.00484433 -0.0288459
0.0493007 0.0167721 -0.0189952 0.0358901 0.012379 -0.0080846 0.239923 0.00159565 -0.000877344 0.184952
0.0150438 0.0109329 0.244853 0.0151262 0.00572852 0.115529 -0.00197951 0.0216249 0.145614 0.0126361
0.0204965 0.166372 0.0302233 0.0172386 0.0750866 0.0107127 -0.0367858 0.123908 -0.0138652 -0.0331943
0.187709 -0.0273026 -0.0280737 0.148242 -0.0241612 -0.0365797 0.0961575 -0.00617538 -0.0413745 0.289519
0 -0.00206208 0.299109 0.0113424 0.00201556 0.302095 0 0.000735841 0.246307 0.0318838
0.0110335 0.308488 0.0163721 0.0046671 0.27956 0.0430191 -0.0100648 0.273526 0.023195 -0.0156758
0.338879 0.00068523 0.00133513 0.325022 0.0109947 0.0047259 0.271833 0.0686703 0.00354008 0.278005
0.0073884 -0.0186178 0.286699 0.00385653 -0.0159149 0.349103 -0.000523894 -3.12875e-05 0.346002 -0.000546852
-0.000455077 0.276934 0.00906584 -0.0180987 0.292396 0.00270196 -0.0125996 0.297967 0.00167545 -0.0108486
0.349701 0.000375582 0.00202754 0.350039 -0.000138355 0.00114768 0.293414 0.00207074 -0.012884 0.300616
0.00228884 -0.0115033 0.305905 0.00138785 -0.0113736 0.34784 0.000404963 0.00144755 0.348722 0.000674743
0.00208476 0.301547 0.00170256 -0.0104345 0.315986 -0.015161 -0.0105522 0.302613 -0.0260253 -0.0123507
0.342682 -0.00317708 -0.00208195 0.346731 -0.000487303 0.000192166 0.315181 0.000340525 -0.0113486 0.248297
-0.024941 -0.0187182 0.254832 -0.0161761 -0.012227 0.3088 0 -0.00181068 0.336904 0
0.000461686 0.334707 -0.00426314 -0.0036828 0.26825 -0.0239278 -0.0184679 0.197284 -0.0756079 0.0130662
0.24568 -0.0641701 0.0114836 0.14486 -0.014335 0.020022 0.0957838 0.0146087 0.0211612 0.123047
-0.0118495 0.0200046 0 0 0 0 0 0 0 0
0 0.268262 -0.0165937 -0.0197996 0 0 0 0.286869 -0.00379621 -0.0157819
0 0 0 0.296993 -0.00239884 -0.0114225 0 0 0 0.307444
-0.0012635 -0.0125439 0.109773 0.00633581 -0.0351534 0.0956903 -0.0207227 -0.0055896 0.239816 0.0368681
-0.0120105 0.302881 0.0261112 -0.0125045 0.0420537 -0.0303392 -0.0201199 0.065803 -0.0132563 -0.0317619
0.0964097 0.00604238 -0.0415178 0 0 0 0.0702683 0.0215014 0.021661 0.0788777
0.00547538 0.0248303 0.0591277 0.0138971 0.0252266 0.0646721 0.0153151 0.0229917 0 0
0 0 0 0 0.031518 -0.0341157 -0.00813839 0.00769187 -0.00794453 0.0184942
0.0151155 -0.0193752 0.0124186 0.035414 -0.0124236 -0.00752852 0 0 0 0.0510118
0.0094784 0.0282442 0.0571488 0.000416866 0.0321024 0.0670772 -0.0100557 0.0272947 0.0467872 -0.00732047
0.031434 0 0 0 0 0 0 0.00413841 0.00553384 0.0205169
0.024225 0.0389446 0.0029214 0.0154832 0.0303544 0.0114233 0.0357159 0.0225263 -0.00891431 0
0 0 0.0853235 -0.00197233 0.0228158 0.113743 0.0223981 0.0254901 0.151592 0.0441176
0.0203002 0.0962714 0.0151778 0.021639 0 0 0 0 0 0
0.0341481 0.0426393 -0.00793367 0.120393 -0.00250178 -0.0356077 0.0715247 0.0192735 -0.0328268 0.103868
-0.00161883 -0.0442911 0 0 0 0.239723 0.0762487 0.0158999 0.278925 0.0722052
0.0123446 0.294357 0.0751257 0.00630614 0.300484 0.0499148 -0.00526803 0.287881 0.0298434 -0.0110403
0.279565 0.0220854 -0.0145415 0.283674 0.0133544 -0.0134444 0.284613 0.0105514 -0.0139154 0.291287
0.00627892 -0.01172 0.291885 0.00552851 -0.0113266 0.297473 0.00328982 -0.00914546 0.297058 0.00317705
-0.00862335 0.301582 0.00194382 -0.00718042 0.3005 0.00208054 -0.00724063 0.304603 0.00116175 -0.00683838
0.303906 0.000976618 -0.00767763 0.309018 -0.000221034 -0.00821983 0.311215 -0.00130554 -0.00947167 0.320907
-0.00372907 -0.00969404 0.312691 -0.0328655 -0.0116709 0.258281 -0.0420595 -0.0105225 0.106793 0.0256165
-0.00523042 0.325107 -0.0218275 -0.00908515 0 0 0 0.192246 -0.0827686 0.0186832
0.190095 -0.0414415 0.0196324 0.121965 -0.000316272 0.0229994 0.162888 -0.0518814 0.0222283 0
0 0 0 0 0 0.281438 -0.0144955 -0.0126972 0.308247 -0.00808275
-0.00554119 0.296289 -0.00421411 -0.011994 0.322081 -0.00294108 -0.00771526 0.307076 -0.0023679 -0.0096305
0.330762 -0.00237816 -0.00670777 0.320509 0.000807986 -0.0136812 0.340105 0.000938153 -0.0100406 0.201955
0.0367014 -0.0327194 0.234678 0.0285082 -0.0171603 0.333659 0.0229513 -0.0177719 0.346659 0.0128145
-0.0128482 0.0685822 -0.0139796 -0.0262931 0.12953 0.0193923 -0.0333215 0.157135 0.0304725 -0.0409182
0 0 0 0.0815404 0.0124587 0.0228016 0.090767 0.0011593 0.0255466 0.0608952
0.0166849 0.0281059 0.074563 0.0146724 0.0234689 0 0 0 0 0
0 0.0431655 -0.0317035 -0.0150291 0.0162476 -0.0237295 0.0125404 0.0242083 -0.0316014 0.00603326
0.0478659 -0.0220049 -0.0147978 0 0 0 0.0383974 0.0112978 0.0377216 0.0493959
-0.00291416 0.0354255 0.061466 -0.0171601 0.0278846 0.0393908 -0.0120272 0.0372592 0 0
0 0 0 0 0.0103213 -0.0125264 0.0167473 0.0175959 0.023916 0.0114999
0.0111058 0.0130112 0.0162962 0.0297569 0.00996594 -0.0036927 0 0 0 0.0748012
-0.0150754 0.0234643 0.0994748 0.00539777 0.0237175 0.122253 0.000132918 0.0230796 0.0816643 -0.0127349
0.0229252 0 0 0 0 0 0 0.0258511 0.0315022 0.00449391
0.0711996 0.0132322 -0.0293316 0.0451956 0.0312066 -0.0176831 0.0761022 0.0161392 -0.0371077 0
0 0 0.163316 0.0518545 0.0222475 0.192719 0.0828244 0.018687 0 0
0 0.292327 0.0614006 -0.000323136 0.291678 0.0411651 -0.00603675 0.308845 0.00833681 -0.00524881
0.282186 0.0148561 -0.0128137 0.285275 0.0102977 -0.0133958 0.289494 0.00753709 -0.013318 0.322428
0.00299712 -0.00733104 0.296919 0.00444335 -0.0118959 0.300078 0.00361274 -0.0109241 0.302856 0.00304369
-0.0100547 0.331167 0.0020626 -0.00633361 0.307597 0.00234366 -0.00931408 0.30995 0.00199042 -0.00961724
0.312656 0.00148805 -0.0104089 0.340845 -0.00156644 -0.00948261 0.321169 -0.00104601 -0.0129194 0.329224
-0.0041369 -0.0140586 0.131629 -0.0207891 -0.0342366 0.335845 -0.0152254 -0.0149573 0.334372 -0.0236076
-0.0166246 0.235806 -0.0300165 -0.0157232 0.203113 -0.0383034 -0.0316354 0.278784 -0.0720633 0.0124998
0.248451 -0.0459291 0.0153088 0.151421 -0.0436103 0.0213974 0.239584 -0.0761136 0.0163258 0
0 0 0 0 0 0.279502 -0.0220532 -0.0142153 0.291616 -0.00547638
-0.0110313 0.300094 -0.00202378 -0.00700723 0.3108 0.00137145 -0.00922829 0.120209 0.00252569 -0.0353986
0.106574 -0.0256614 -0.00507276 0.257947 0.0419841 -0.0102445 0 0 0 0.0960976
-0.0141253 0.0231827 0.102564 -0.00515016 0.0271794 0.0669904 0.0146104 0.0291431 0.0860135 0.00540072
0.0246461 0 0 0 0 0 0 0.0713235 -0.0192017 -0.0326323
0.0242652 -0.0386747 0.0028174 0.0340306 -0.0424099 -0.00788134 0.0609801 -0.0273993 -0.0276721 0
0 0 0.0438237 0.0124241 0.0340407 0.0576683 -0.00394711 0.0300494 0.054941 -0.0139338
0.0268847 0.0454465 -0.0076914 0.0307627 0 0 0 0 0 0
0.0157416 -0.0300624 0.0111339 0.00843448 0.00790796 0.017857 0.00496687 -0.00540703 0.0198951 0.022242
-0.00437185 0.000503132 0 0 0 0.0611999 -0.0166497 0.0241438 0.0822523 -0.00855697
0.0227761 0.095307 -0.0175996 0.0225155 0.0683756 -0.0248314 0.0229933 0 0 0
0 0 0 0.0156088 0.0192394 0.0118891 0.0419911 0.0301256 -0.0201827 0.0315908
0.0338758 -0.00837208 0.0572735 0.0205459 -0.0282215 0 0 0 0.123536 0.00971039
0.0211046 0.199907 0.0399048 0.0137828 0.245824 0.0638089 0.011479 0.19749 0.0750423 0.0134103
0 0 0 0 0 0 0.268131 0.0166427 -0.0194373 0
0 0 0 0 0 0 0 0 0.286521 0.00387337
-0.0154857 0 0 0 0 0 0 0 0 0
0.29658 0.00246341 -0.0112414 0 0 0 0 0 0 0
0 0 0.307037 0.00131698 -0.012401 0 0 0 0 0
0 0.0656327 0.0130821 -0.0316443 0 0 0 0.239486 -0.0368 -0.0118244
0.0954888 0.0206344 -0.00545417 0.109558 -0.006449 -0.0349684 0.273575 -0.0231683 -0.0160027 0.287004
-0.00377746 -0.0162241 0.298358 -0.00160595 -0.0110418 0.306304 -0.00132913 -0.0115178 0 0
0 0 0 0 0 0 0 0 0 0
0 0 0 0 0 0 0 0 0 0.00646776
-0.0536599 0.02353 0.0036568 -0.0516922 0.0344493 0.000921075 -0.0412227 0.0419192 0 0
0 0 0 0 0 0 0 -0.00546062 -0.0131685 0.0505963
-0.00776154 0.00593223 0.0518899 -0.00570139 0.025059 0.0505129 0 0 0 0
0 0 0 0 0 0.00107084 0.0533888 0.0416891 0.00532673 0.0627358
0.0343396 0.00954582 0.0623793 0.0238028 0 0 0 0 0 0
0 0 0 0 0 0 0 0 0 0
0 0 0 0 0 0 0 0 0 0
0 0 0 0 0 0 0 0 0 0
0 0 0 0 0 0 0 0 0 0.309765
-0.0134084 -0.00340909 0.322694 -0.00373099 -0.00762474 0.331957 -0.00259694 -0.00639544 0.339188 -0.000769651
-0.00848649 0.283335 -0.0229539 -0.010862 0 0 0 0 0 0
0.292702 -0.00542872 -0.0128097 0 0 0 0 0 0 0
0 0 0.304791 -0.00262476 -0.00972216 0 0 0 0 0
0 0 0 0 0.315569 -0.000769257 -0.0122168 0 0 0
0 0 0 0 0 0 0 0 0 0
0 0 0 0 0 0 0 0 0.0201072 -0.0548416
0.0145168 0.00694462 -0.0543372 0.0292654 0.00437894 -0.0528823 0.0387747 0 0 0
0 0 0 0 0 0 -0.00189358 -0.0326699 0.0479704 -0.00460762
-0.0170015 0.0504483 -0.00484473 0.000505156 0.0515719 0 0 0 0 0
0 0 0 0 -0.00108242 0.0328093 0.0469367 0.00252075 0.0438561 0.0427493
0.00545325 0.0522059 0.0362023 0 0 0 0 0 0 0
0 0 0.0215274 0.0536338 0.0116462 0.100453 0.0131251 -0.0047356 0 0
0 0 0 0 0 0 0 0.0232487 -0.0656263 0.00809545
0.00943779 -0.0622474 0.0239095 0 0 0 0.147688 0.0171105 -0.0270819 0.112416
0.00593402 -0.0242709 0 0 0 0 0 0 0.00105854 -0.0530781
0.0417139 -0.00233121 -0.0401301 0.046827 -0.00542814 -0.0247476 0.0503355 0 0 0
0.086123 0.000242331 -0.0220801 0.090256 -0.00327114 -0.0210272 0 0 0 0
0 0 -0.0050895 0.0130185 0.0502391 -0.00167258 0.0281069 0.046853 0.00104836 0.0408296
0.0417045 0 0 0 0.102824 -0.00731098 -0.0245371 0.141955 -0.0138256 -0.0246551
0 0 0 0 0 0 0.00643518 0.0533737 0.0234976 0.0197169
0.0571603 0.00758285 0 0 0 0.196129 -0.0236256 -0.0219717 0.350871 0
-0.000848267 0.33604 0 0.00208276 0.357567 0 -0.00188067 0.36003 0 -0.000590206
0.360571 0 0.00133291 0.359874 0 0.00290066 0.358288 0 0.0036755 0.356075
0 0.00375187 0.35274 0 0.00336764 0.347702 0 0.00260116 0.143373 -0.0547735
0.017256 0 0 0 0.0198249 -0.0573682 0.00751066 0 0 0
0 0 0 0.0658549 0.01675 0.0216111 0.0232663 -0.0286507 0.00308724 -0.00192462
-0.0284215 0.0471624 0 0 0 0 0 0 0.0451579 0.00257586
0.0312251 0.00812501 0.0190329 0.0176892 -0.00242966 0.0404783 0.0468892 0 0 0
0 0 0 0.0877843 0.0104949 0.0214133 0.0463258 0.0363221 -0.0208917 0.0233673
0.0656674 0.00797794 0 0 0 0 0 0 0 0
0 0 0 0 0 0 0 0 0 0
0 0 0 0 0 0 0 0 0 0.0989352
-0.0148453 -0.00419597 0 0 0 0 0 0 0.0757793 0.00975808
0.022718 0.0328317 -0.0355351 -0.00367252 0.00147102 -0.0441876 0.0445704 0 0 0
0 0 0 0.029477 -0.000483886 0.0433408 0.00900417 0.000334634 0.0182468 -0.00413577
0.0176899 0.050097 0 0 0 0 0 0 0.0759296 -0.0100682
0.0228081 0.0345332 0.035181 -0.00565152 0.00811475 0.0533678 0.0262384 0 0 0
0 0 0 0.28404 0.0232565 -0.0109041 0 0 0 0
0 0 0 0 0 0 0 0 0.293412 0.00569763
-0.0127592 0 0 0 0 0 0 0 0 0
0 0 0 0.305314 0.00264931 -0.00947545 0 0 0 0
0 0 0 0 0 0 0 0 0.316155 0.000590516
-0.0115949 0 0 0 0 0 0 0 0 0
0 0 0 0 0 0 0 0 0 0
0 0 0 0 0 0 0 0 0 0
0 0 0 0 0 0 0 0 0 0
0 0 0 0 0 0 0 0 0 0
0 0 0 0 0 0 0 0 0 0
0 0 0 0 0.0879272 -0.00853326 0.0232653 0.0461297 -0.0361676 -0.0207381
0.00524948 -0.0624958 0.0344133 0 0 0 0 0 0 0.0395187
0.00149888 0.0342556 0.00871015 -0.0187577 0.0172091 -0.00736318 -0.00582727 0.051594 0 0
0 0 0 0 0.0629886 -0.0194545 0.0226952 0.0235211 0.0284311 0.00271502
0.00370237 0.0513248 0.034306 0 0 0 0 0 0 0.143783
0.0536828 0.01809 0 0 0 0 0 0 0 0
0 0 0 0 0.315983 0 0.00252545 0.237341 0.0034954 -0.00210096
0.239684 0.00517278 -0.00385567 0.273635 3.97493e-34 -0.00186532 0.260815 1.93273e-36 -0.00121416 0.235467
0.00223417 -0.00112228 0.253491 -1.42479e-37 -0.000730317 0.247719 -1.65029e-38 -0.000486967 0.23378 0.00167026
-0.000686113 0.195753 0.00431729 -0.00245972 0.180463 0.00670341 -0.00504224 0.203575 0.00267438 -0.00116424
0.209245 0.00192265 -0.000678998 0.175662 0.000827601 -0.00180492 0.150362 0.00110224 -0.00398817 0.189234
0.000511046 -0.000727215 0.199387 0.000317895 -0.000418268 0.192352 -0.00321678 -0.00204328 0.169297 -0.00486327
-0.00441402 0.204814 -0.00206565 -0.000885055 0.214233 -0.00166983 -0.00051015 0.239492 -0.00578085 -0.00279674
0.230042 -0.00874674 -0.00518533 0.244815 -0.00375422 -0.00152364 0.248935 -0.00298107 -0.000947104 0.294486
-0.00343538 -0.00176944 0.299185 -0.00453757 -0.00283512 0.292077 -0.00241846 -0.00108419 0.290132 -0.00216461
-0.000731514 0.333946 -0.00118398 0.000397545 0.344501 -0.0011741 0.00084006 0.327694 -0.000962766 0.000243061
0.322337 -0.0010001 0.000106639 0.344985 0.000623583 0.000956674 0.355925 0.000965304 0.00173737 0.3384
0.000387144 0.0005998 0.332615 0.000245372 0.000345683 0.328956 0.00262721 -4.75233e-05 0.338144 0.00357923
4.48175e-05 0.323546 0.00182917 -3.58614e-05 0.318933 0.00152186 -6.96596e-05 0.288299 0.00462881 -0.00199879
0.290102 0.00671624 -0.00344912 0.287267 0.00309514 -0.00118153 0.286459 0.00251809 -0.000785611 0.234158
0.00623211 -0.00252543 0.220371 0.00956388 -0.00492812 0.24154 0.00400709 -0.00134208 0.247328 0.00304186
-0.000851286 0.193123 0.00247955 -0.00158065 0.165533 0.00368488 -0.00365867 0.207944 0.00159319 -0.000647921
0.219364 0.00122917 -0.000408607 0.193393 -0.00259421 -0.00161032 0.165981 -0.00395562 -0.00371464 0.20812
-0.00161331 -0.000664716 0.219476 -0.00118654 -0.000416488 0.234606 -0.0062403 -0.00257264 0.221117 -0.00965905
-0.00501843 0.24183 -0.00397049 -0.00136878 0.247513 -0.00296635 -0.000860818 0.288441 -0.00456203 -0.00200261
0.290371 -0.00668589 -0.00346015 0.287352 -0.00301963 -0.00118534 0.286508 -0.00242785 -0.000780766 0.328878
-0.00256576 -3.82044e-05 0.338063 -0.00354722 6.60989e-05 0.32348 -0.00175775 -3.44152e-05 0.318876 -0.00144225
-6.51005e-05 0.344948 -0.000567106 0.000916623 0.355876 -0.000963804 0.00167851 0.338362 -0.000314798 0.000570941
0.332571 -0.000167669 0.000331765 0.333933 0.00129218 0.000358106 0.344488 0.0012491 0.00077615 0.327668
0.00106622 0.000217789 0.322298 0.0010947 9.49941e-05 0.294415 0.00355126 -0.00174803 0.299137 0.00463267
-0.00280117 0.291984 0.00252481 -0.00106897 0.29002 0.00225607 -0.000719226 0.317602 0.00115914 3.68255e-05
0.288328 0.0021453 -0.000469125 0.239238 0.00587039 -0.00275418 0.229802 0.00879682 -0.00511216 0.244555
0.00384495 -0.00149801 0.248666 0.00306078 -0.000927251 0.25178 0.00264149 -0.000575356 0.191892 0.00328146
-0.00201598 0.168821 0.00489109 -0.00437905 0.204386 0.00213879 -0.000872404 0.213823 0.00173597 -0.000497701
0.220923 0.00157254 -0.0002948 0.175129 -0.000802103 -0.0017802 0.149832 -0.0011103 -0.00396664 0.188745
-0.000463154 -0.000715933 0.198941 -0.000268702 -0.000409101 0.206522 -3.45279e-05 -0.000233409 0.195293 -0.00432093
-0.00243069 0.180038 -0.0067182 -0.00500358 0.203132 -0.00265459 -0.00114494 0.208842 -0.00189287 -0.000665122
0.212924 -0.00132314 -0.00038142 0.237125 -0.00351402 -0.00207804 0.23956 -0.00519326 -0.00382352 0.235201
-0.00223933 -0.00110392 0.233502 -0.00166488 -0.000669027 0.231949 -0.00124056 -0.000390954 0.260758 0
-0.001197 0.273715 0 -0.00184073 0.253343 0 -0.000716192 0.247523 0 -0.000471343
0.242868 0 -0.000280657 0.246629 0.00823404 -0.00432606 0.294564 -1.06321e-30 -0.000306096 0.242041
0.00648194 -0.00361454 0.284933 -1.01447e-31 -0.000646332 0.240459 0.00570664 -0.00408644 0.278706 3.34269e-34
-0.0015708 0.159415 0.0108879 -0.00787341 0.142356 0.013837 -0.024726 0.196466 0.0236501 -0.0220775
0.165085 0.00851836 -0.00580636 0.172477 0.0074853 -0.00575036 0.113099 0.00151409 -0.00721725 0.0905838
0.00329812 -0.0209285 0.103217 0.00733377 -0.0245246 0.125164 0.00113385 -0.00486132 0.1376 0.00108379
-0.00465966 0.136254 -0.0084885 -0.00789123 0.11287 -0.00592955 -0.0243387 0.0864962 -0.000235754 -0.0220119
0.146859 -0.00636746 -0.00539373 0.157789 -0.00545077 -0.00514189 0.220951 -0.0162427 -0.00711534 0.148084
-0.0170834 -0.0272166 0.222492 -0.0121585 -0.00551421 0.225616 -0.0100324 -0.00570951 0.312787 -0.00779207
-0.0022019 0.306072 -0.00598525 -0.00209372 0.301906 -0.00497619 -0.0027717 0.363628 -0.00096914 0.00253157
0.35555 -0.00111372 0.002101 0.349681 -0.00109426 0.00135853 0.37474 0.0018143 0.00347697 0.367011
0.00144055 0.00302534 0.361228 0.00115691 0.00233051 0.355801 0.00635669 0.0014954 0.34802 0.00506028
0.00113478 0.342689 0.00409733 0.000436575 0.298086 0.0129802 -0.00381392 0.293316 0.00974327 -0.00310127
0.291131 0.00778534 -0.00356895 0.20258 0.0163108 -0.00837907 0.183721 0.0212253 -0.0264634 0.260238
0.0291807 -0.0205001 0.207093 0.013023 -0.00571834 0.213357 0.0109905 -0.00557015 0.124928 0.00537562
-0.00800981 0.100592 0.00306218 -0.0234459 0.126211 0.00963015 -0.0279094 0.138062 0.00457688 -0.00489181
0.151554 0.00407647 -0.00438403 0.125565 -0.00573494 -0.00813604 0.101458 -0.00320515 -0.023698 0.0835263
-9.45637e-05 -0.022372 0.13866 -0.00491991 -0.00499439 0.152083 -0.00439992 -0.00445892 0.203645 -0.0164898
-0.00860421 0.184965 -0.0214835 -0.0268599 0.127485 -0.00979443 -0.0282519 0.208097 -0.0131866 -0.0058952
0.214242 -0.0111265 -0.00569547 0.298551 -0.013018 -0.00390475 0.26117 -0.0294021 -0.0207092 0.293732
-0.00976071 -0.00315418 0.291473 -0.00778047 -0.00359617 0.355804 -0.00633265 0.00152064 0.347983 -0.00504236
0.00116325 0.34262 -0.00407743 0.000459732 0.374695 -0.00183801 0.00340386 0.366963 -0.00147217 0.00295669
0.361175 -0.00117913 0.00226294 0.363588 0.00102423 0.00243505 0.355527 0.00116229 0.00201943 0.349664
0.00115042 0.00128429 0.312748 0.00787519 -0.00215455 0.306034 0.00606245 -0.00205319 0.301864 0.00505894
-0.00273321 0.220735 0.016227 -0.00702543 0.222274 0.0121636 -0.00543473 0.225389 0.0100607 -0.00562896
0.135805 0.00846875 -0.0078693 0.146406 0.00636343 -0.00537036 0.157323 0.00546272 -0.00510916 0.112634
-0.0015215 -0.00723865 0.124683 -0.00114811 -0.00486587 0.137094 -0.00109965 -0.00464593 0.159048 -0.0108565
-0.00786233 0.16471 -0.00850888 -0.0057872 0.17208 -0.0074938 -0.00571556 0.246536 -0.00821586 -0.00429866
0.241957 -0.00647979 -0.00359179 0.240367 -0.00571967 -0.00405628 0.294676 0 -0.000287292 0.285058
0 -0.000629058 0.278821 0 -0.00154775 0.249535 -0.000138227 -5.15359e-05 0.24791 -0.000147233
-4.87322e-05 0.246893 0 -4.76533e-05 0.248554 0 -4.9995e-05 0.251138 -0.000124905 -5.90576e-05
0.250201 0 -5.65974e-05 0.252704 -0.00010242 -8.07937e-05 0.251817 0 -7.50942e-05 0.254204
-5.47298e-05 -0.000128013 0.253375 0 -0.000125838 0.255591 2.00399e-05 -0.000199782 0.254821 0
-0.000204896 0.256802 6.79147e-05 -0.000210915 0.256078 -0 -0.000231742 0.257821 4.91315e-05 -0.00013678
0.257123 -0 -0.00016486 0.258666 1.70655e-05 -7.48052e-05 0.257978 -0 -8.88903e-05 0.25934
1.33853e-05 -5.09089e-05 0.258656 -0 -5.62543e-05 0.259848 2.08874e-05 -4.24723e-05 0.259165 -0
-4.42485e-05 0.260215 2.85471e-05 -3.97012e-05 0.259528 -0 -4.00964e-05 0.260493 3.33379e-05 -4.37347e-05
0.259798 -0 -4.15873e-05 0.26074 3.60176e-05 -5.56194e-05 0.260035 -0 -5.00148e-05 0.261033
3.69523e-05 -7.53213e-05 0.260318 -0 -6.52451e-05 0.261374 2.2643e-05 -7.06611e-05 0.260659 -0
-6.18651e-05 0.262016 -4.5552e-06 -4.89572e-05 0.261314 -0 -4.78289e-05 0.262403 -3.31477e-05 -2.78868e-05
0.261738 -0 -3.44767e-05 0.26448 -1.66175e-05 -6.60761e-05 0.263891 -0 -0.000102549 0.263108
3.86353e-05 -0.000144426 0.262602 0 -0.00023868 0.270549 0.000150244 -0.000304194 0.270104 0
-0.000421171 0.262409 -2.81513e-05 -0.000344072 0.261921 0 -0.000345539 0.285487 -0.000133329 -0.000176791
0.284986 0 -0.000127681 0.261464 -0.000157933 0.0019117 0.260955 0 0.00193068 0.259117
-0.000437108 0.00629838 0.258628 0 0.00631038 0.0231699 -0 0.000609018 0 0
0 0.252423 -0.000263726 -4.83504e-05 0.250934 -0.000284107 -4.67057e-05 0.253869 -0.000234917 -5.17901e-05
0.255255 -0.00018769 -5.95679e-05 0.256554 -0.000103112 -4.52153e-05 0.257743 2.41032e-05 3.24781e-06 0.258822
8.9874e-05 5.26772e-05 0.259797 5.02616e-05 3.89312e-05 0.26064 1.50961e-05 -1.29444e-05 0.261314 2.11936e-05
-3.29526e-05 0.261819 3.96567e-05 -3.65038e-05 0.26219 5.58384e-05 -3.59275e-05 0.262479 6.75709e-05 -3.76693e-05
0.262738 7.62703e-05 -4.0278e-05 0.263043 8.06957e-05 -3.78481e-05 0.263401 5.13768e-05 -2.7855e-05 0.264037
-5.92375e-06 -2.63862e-05 0.264364 -6.18277e-05 -9.50936e-06 0.266274 -5.93283e-05 1.87108e-05 0.264689 -2.45762e-05
0.000156418 0.271914 0.000136279 0.000210689 0.263831 -5.30151e-05 1.21285e-05 0.286882 -0.000195252 -9.16282e-05
0.262891 -0.000289188 0.00190056 0.260443 -0.000806262 0.00628779 0 0 0 0.257047
-0.000364121 -4.19064e-05 0.255818 -0.000397498 -4.33396e-05 0.258215 -0.000321928 -3.23757e-05 0.259308 -0.000264755
6.92766e-06 0.260321 -0.000209518 0.000100471 0.26126 -0.000165152 0.000250123 0.262163 -0.000143771 0.000276804
0.263034 -0.000110114 0.000130907 0.263803 -4.2339e-05 1.5841e-05 0.264422 1.33727e-05 -2.35857e-05 0.264894
5.34515e-05 -3.24948e-05 0.265254 7.90416e-05 -3.00869e-05 0.265546 9.10383e-05 -1.43148e-05 0.265817 8.82608e-05
1.77005e-05 0.266146 7.05125e-05 6.31456e-05 0.266538 2.6762e-05 6.54187e-05 0.267196 -3.05836e-05 1.09369e-05
0.267509 -9.63472e-05 -1.68806e-06 0.269334 -0.00014844 2.32978e-05 0.267651 -0.000293732 0.000182946 0.274632
-0.000288717 0.000387342 0.266455 -0.000433157 0.000205019 0.289203 -0.000384713 -5.11612e-05 0.265107 -0.000416517
0.00189371 0.262422 -0.00111134 0.00629071 0 0 0 0.262998 -0.000426432 -4.3471e-05
0.262133 -0.000469296 -4.45623e-05 0.26382 -0.000382893 -3.47146e-05 0.264597 -0.000347047 -2.12294e-06 0.26534
-0.000334942 4.4098e-05 0.266051 -0.000360101 8.57277e-05 0.266727 -0.000331481 4.95858e-05 0.267355 -0.00019817
-2.08264e-05 0.267913 -6.52212e-05 -3.4696e-05 0.268389 1.87995e-05 -3.72196e-05 0.268788 7.15296e-05 -3.65092e-05
0.26913 9.93338e-05 -3.17992e-05 0.269443 9.88626e-05 -1.65076e-05 0.269761 6.7573e-05 1.05565e-05 0.270139
9.57769e-06 3.92155e-05 0.27056 -4.14999e-05 3.37491e-05 0.271216 -6.99594e-05 -6.66331e-06 0.271525 -0.000124225
-1.71117e-05 0.273341 -0.000183934 -5.16573e-05 0.271702 -0.000380562 -9.16394e-05 0.278515 -0.000502222 -9.03215e-05
0.270147 -0.000663675 -0.000195861 0.292306 -0.000478005 -0.000204105 0.267946 -0.000502379 0.00186016 0.264888
-0.00133741 0.00629412 0 0 0 0.269527 -0.000431277 -4.95384e-05 0.269092 -0.000480591
-4.75715e-05 0.269965 -0.000382311 -5.39359e-05 0.270411 -0.00034362 -6.90035e-05 0.270864 -0.000322325 -0.000103401
0.271307 -0.000316755 -0.000161115 0.271708 -0.000253969 -0.000173323 0.272065 -0.000127601 -0.000115642 0.272408
-2.26195e-05 -6.79551e-05 0.272744 5.08829e-05 -4.93996e-05 0.273074 0.000100524 -4.19757e-05 0.273408 0.000125384
-3.8701e-05 0.273764 0.000120889 -4.06446e-05 0.27415 8.4346e-05 -4.83779e-05 0.274587 1.97496e-05 -6.17408e-05
0.275027 -4.0305e-05 -5.88304e-05 0.275658 -7.77889e-05 -4.51691e-05 0.275928 -0.000138512 -2.61005e-05 0.277667
-0.000185227 -6.07031e-05 0.275984 -0.000321764 -0.000126617 0.282593 -0.000385627 -0.000275194 0.274092 -0.000566293
-0.000380023 0.295695 -0.000442069 -0.00022862 0.271103 -0.000540317 0.0018504 0.26761 -0.00146795 0.00631242
0 0 0 0.275644 -0.00037641 -5.38329e-05 0.275638 -0.000426117 -5.09815e-05 0.275695
-0.000324494 -6.00014e-05 0.275794 -0.000273726 -7.7188e-05 0.275937 -0.000230278 -0.000108678 0.276105 -0.000187927
-0.000147378 0.276279 -0.000122741 -0.000140906 0.276466 -3.95766e-05 -9.30123e-05 0.276688 3.5072e-05 -6.28425e-05
0.276953 9.36462e-05 -4.94455e-05 0.277262 0.00013393 -4.33131e-05 0.27762 0.000151901 -4.09314e-05 0.27803
0.000144594 -4.39961e-05 0.278484 0.000110642 -5.33151e-05 0.278982 5.50227e-05 -6.70662e-05 0.279461 -9.59991e-06
-6.16985e-05 0.280093 -6.82674e-05 -4.73414e-05 0.280327 -0.000143662 -2.80972e-05 0.281954 -0.000193529 -4.62141e-05
0.280156 -0.000312723 -6.35175e-05 0.286508 -0.000310945 -0.000164582 0.277922 -0.000488566 -0.000287585 0.299078
-0.000428213 -0.00019409 0.274327 -0.000551994 0.00184207 0.270402 -0.0015046 0.00632483 0 0
0 0.280311 -0.000269304 -5.22556e-05 0.280619 -0.000311999 -4.96652e-05 0.28008 -0.000224196 -5.58499e-05
0.279931 -0.00017811 -6.23885e-05 0.279859 -0.000130404 -7.33692e-05 0.279859 -7.99754e-05 -8.39086e-05 0.279924
-2.33408e-05 -7.955e-05 0.280057 3.72536e-05 -6.41408e-05 0.280265 9.2197e-05 -5.31036e-05 0.280552 0.000136056
-4.67102e-05 0.280919 0.000164167 -4.26413e-05 0.28136 0.000172028 -4.01173e-05 0.281868 0.000156882 -3.97217e-05
0.282421 0.000118935 -4.15029e-05 0.283009 6.38809e-05 -4.57173e-05 0.283558 -1.72396e-06 -4.52849e-05 0.284221
-6.55094e-05 -4.8191e-05 0.284439 -0.000141346 -4.1582e-05 0.285973 -0.000187612 -6.05086e-05 0.284076 -0.000293678
-6.17357e-05 0.290189 -0.000272702 -0.00011773 0.281531 -0.000437932 -0.000239665 0.302287 -0.000396178 -0.000192515
0.277412 -0.000522141 0.0018112 0.273091 -0.00143939 0.00631909 0 0 0 0.282711
-0.000136653 -4.88421e-05 0.283101 -0.00016695 -4.68423e-05 0.282418 -0.000102329 -5.15672e-05 0.282225 -6.49729e-05
-5.53103e-05 0.282134 -2.54657e-05 -5.98899e-05 0.282145 1.54049e-05 -6.41244e-05 0.282257 5.80076e-05 -6.29449e-05
0.28247 0.00010056 -5.61337e-05 0.282786 0.000138544 -4.96522e-05 0.283207 0.000167717 -4.51432e-05 0.283727
0.000182897 -4.18271e-05 0.284333 0.000180483 -3.9374e-05 0.285007 0.00015904 -3.83133e-05 0.285714 0.000119232
-3.89916e-05 0.286434 6.66086e-05 -4.35665e-05 0.287087 7.19628e-06 -5.15663e-05 0.287807 -4.83695e-05 -6.87602e-05
0.288028 -0.000112935 -6.8966e-05 0.289488 -0.000158306 -7.9779e-05 0.287513 -0.000258576 -6.66805e-05 0.293434
-0.000238049 -0.000107073 0.284719 -0.000382187 -0.000228782 0.305131 -0.000344662 -0.000192511 0.280167 -0.000452085
0.00178646 0.275503 -0.00127391 0.0063139 0 0 0 0.282635 -1.31293e-05 -5.05832e-05
0.28283 -3.01951e-05 -4.86287e-05 0.282531 8.11741e-06 -5.21019e-05 0.282524 3.26881e-05 -5.38091e-05 0.282625
6.05615e-05 -5.82194e-05 0.282836 9.10841e-05 -6.49226e-05 0.283157 0.000120505 -6.75532e-05 0.283589 0.000144993
-6.08544e-05 0.284135 0.000164415 -5.09834e-05 0.284795 0.000177608 -4.45203e-05 0.285555 0.000179755 -4.0449e-05
0.286396 0.000167731 -3.78741e-05 0.28729 0.000140796 -3.70166e-05 0.288194 0.000100286 -3.87523e-05 0.289085
5.36449e-05 -4.91913e-05 0.289879 1.0704e-05 -8.42446e-05 0.290695 -2.25073e-05 -0.000144827 0.290949 -6.74477e-05
-0.000172192 0.292354 -0.000115474 -0.000157135 0.290312 -0.000212733 -9.43204e-05 0.296081 -0.000200249 -0.000110949
0.287326 -0.000314546 -0.000234752 0.307467 -0.00027894 -0.000201089 0.28245 -0.000355773 0.00175611 0.277517
-0.00102929 0.00629719 0 0 0 0.280736 7.07463e-05 -5.37835e-05 0.280547 6.24813e-05
-5.13262e-05 0.280992 8.14711e-05 -5.51176e-05 0.281329 9.41137e-05 -5.72179e-05 0.281765 0.000112392 -7.00377e-05
0.282304 0.00013619 -9.41081e-05 0.282942 0.000156521 -0.000109904 0.283673 0.00016278 -9.25023e-05 0.284511
0.000160323 -6.20834e-05 0.285458 0.000156996 -4.69414e-05 0.286497 0.000147671 -4.01804e-05 0.287597 0.000128912
-3.69259e-05 0.288721 0.000100448 -3.54297e-05 0.289817 6.40725e-05 -3.50513e-05 0.290855 3.12845e-05 -3.93414e-05
0.291755 3.52811e-05 -6.71967e-05 0.292648 7.34633e-05 -0.000132342 0.292956 8.01907e-05 -0.000184739 0.294372
1.09662e-05 -0.000173423 0.29233 -0.00012251 -9.11369e-05 0.298018 -0.000144391 -0.00010442 0.289252 -0.00022229
-0.000231181 0.309205 -0.000187791 -0.000199423 0.28417 -0.000204503 0.00174769 0.27902 -0.000684906 0.00630035
0 0 0 0.278285 9.80637e-05 -4.94411e-05 0.277695 9.32758e-05 -4.94658e-05 0.278913
0.000103092 -4.9546e-05 0.279597 0.000109582 -5.18434e-05 0.280359 0.000128399 -6.31363e-05 0.281212 0.000162851
-8.61493e-05 0.282153 0.000193011 -0.000105651 0.283181 0.000176007 -8.97849e-05 0.284307 0.000133922 -5.75274e-05
0.285528 0.000109227 -4.39843e-05 0.28682 8.87647e-05 -3.88631e-05 0.288145 6.62725e-05 -3.59454e-05 0.289458
4.02368e-05 -3.28693e-05 0.290698 1.10084e-05 -2.64926e-05 0.291818 -1.30576e-05 -6.61809e-06 0.292728 -4.16068e-07
7.23303e-05 0.293591 5.76449e-05 0.000178586 0.293916 0.000113772 0.000232938 0.295429 6.00761e-05 0.00014434
0.293506 -7.56511e-05 4.31347e-05 0.299214 -0.00010851 -5.635e-05 0.29047 -0.000144894 -0.000188542 0.310316
-0.000110289 -0.000160113 0.285289 -7.24286e-05 0.00183696 0.279944 -0.000326045 0.00640372 0 0
0 0.276609 7.30678e-05 -3.74146e-05 0.275767 6.79652e-05 -3.91302e-05 0.277466 7.659e-05 -3.65407e-05
0.278354 8.00361e-05 -3.40264e-05 0.279288 8.94951e-05 -6.89304e-06 0.280292 0.000111502 4.37121e-05 0.2814
0.000131785 7.93904e-05 0.282634 0.000107608 4.94794e-05 0.283979 5.96746e-05 -7.04714e-06 0.285396 2.92001e-05
-2.89273e-05 0.286854 5.61501e-06 -3.43487e-05 0.288319 -1.55313e-05 -3.44261e-05 0.289749 -3.55413e-05 -3.19604e-05
0.291083 -5.61646e-05 -2.54904e-05 0.292275 -8.23872e-05 -4.64123e-06 0.293229 -0.000136563 8.01468e-05 0.2941
-0.000199483 0.00022442 0.29442 -0.000209818 0.000376787 0.295957 -0.000180795 0.000275768 0.294073 -0.000156076
7.47611e-05 0.299779 -0.000120117 -4.90792e-05 0.291039 -0.000105843 -0.000181902 0.310834 -6.94458e-05 -0.000153538
0.285808 -4.17625e-05 0.0018801 0.280371 -5.71379e-05 0.00645645 0 0 0 0.276596
2.4399e-05 -3.94392e-05 0.275755 1.66609e-05 -3.94738e-05 0.277452 2.86121e-05 -3.92273e-05 0.278337 2.67861e-05
-3.44778e-05 0.279265 9.12707e-06 -3.92953e-06 0.280261 -2.41485e-05 5.81689e-05 0.281365 -5.8345e-05 0.000110306
0.282605 -6.65642e-05 7.44513e-05 0.28396 -6.30945e-05 4.86071e-07 0.285383 -7.48502e-05 -2.68555e-05 0.286843
-9.09566e-05 -3.42213e-05 0.28831 -0.000106128 -3.54938e-05 0.289748 -0.000117507 -3.50261e-05 0.291103 -0.000125342
-3.46637e-05 0.292342 -0.000137634 -3.78615e-05 0.293382 -0.000186984 -5.88006e-05 0.294344 -0.000277868 -8.21484e-05
0.294684 -0.000354376 -4.52707e-05 0.296129 -0.000300317 -4.91865e-05 0.294122 -0.000159397 -5.77149e-05 0.299752
-9.47465e-05 -9.65134e-05 0.290977 -3.22694e-05 -0.000225453 0.310765 2.91958e-06 -0.000193898 0.285726 3.27223e-05
0.00179271 0.280349 0.000259606 0.00636374 0 0 0 0.27825 1.16662e-06 -5.06305e-05
0.277662 -8.0443e-06 -4.93919e-05 0.278875 4.18261e-06 -5.10839e-05 0.279557 -2.80106e-06 -5.1216e-05 0.280315
-3.08483e-05 -5.88215e-05 0.281161 -8.52988e-05 -6.92371e-05 0.282099 -0.000143396 -7.30666e-05 0.283133 -0.000156388
-6.41084e-05 0.284267 -0.000147247 -4.8704e-05 0.285489 -0.00015871 -4.1096e-05 0.286774 -0.000174961 -3.85309e-05
0.288092 -0.000187392 -3.75849e-05 0.289404 -0.000191794 -3.7722e-05 0.290661 -0.000186988 -4.01571e-05 0.291833
-0.000177481 -5.11936e-05 0.292837 -0.000173236 -8.79297e-05 0.293793 -0.000187876 -0.000156276 0.294121 -0.000213696
-0.000212792 0.295507 -0.000177837 -0.000196968 0.293421 -6.32237e-05 -0.000104475 0.29903 -3.23907e-05 -0.000115001
0.290229 7.3253e-05 -0.000240571 0.310074 0.000104778 -0.000206724 0.285026 0.00018641 0.00174325 0.279783
0.000650663 0.00630268 0 0 0 0.280697 2.69805e-05 -5.11709e-05 0.280511 2.17974e-05
-4.9613e-05 0.280952 2.37023e-05 -5.19458e-05 0.28129 9.80132e-06 -5.43952e-05 0.281728 -1.83426e-05 -6.75294e-05
0.282272 -6.35159e-05 -9.32659e-05 0.282911 -0.000113853 -0.000113016 0.283636 -0.000148799 -9.53978e-05 0.284461
-0.000176062 -6.16132e-05 0.285387 -0.00020709 -4.59261e-05 0.286396 -0.000232958 -3.95695e-05 0.28746 -0.000247818
-3.73098e-05 0.288546 -0.000248684 -3.72651e-05 0.289607 -0.00023484 -3.8833e-05 0.290612 -0.000209931 -4.44522e-05
0.291477 -0.000178918 -5.74088e-05 0.292331 -0.000151255 -9.18882e-05 0.292602 -0.000116263 -0.000118673 0.293992
-7.53634e-05 -0.000127206 0.291919 1.9835e-05 -9.00992e-05 0.297585 2.81149e-05 -0.000118209 0.288779 0.000170619
-0.000238391 0.308751 0.000196164 -0.000200127 0.283709 0.000327451 0.00175876 0.27863 0.00100593 0.0063088
0 0 0 0.282613 0.000106987 -4.73118e-05 0.282808 0.000111913 -4.62303e-05 0.282508
9.21974e-05 -4.81592e-05 0.282503 6.61039e-05 -4.97173e-05 0.282604 2.80073e-05 -5.4334e-05 0.282816 -2.19653e-05
-6.4133e-05 0.283133 -7.73427e-05 -7.07906e-05 0.283547 -0.000129378 -6.31414e-05 0.284063 -0.000179218 -5.03855e-05
0.28468 -0.000226097 -4.3142e-05 0.285387 -0.000262093 -3.91776e-05 0.286163 -0.000282005 -3.71833e-05 0.286985
-0.00028267 -3.67025e-05 0.287814 -0.000263533 -3.71716e-05 0.288627 -0.00022763 -3.99016e-05 0.289341 -0.000177926
-4.45339e-05 0.290093 -0.000124924 -6.20549e-05 0.29032 -6.15275e-05 -7.37772e-05 0.29174 -1.28748e-05 -0.000107292
0.2897 9.43664e-05 -0.000114248 0.29546 9.22354e-05 -0.000151462 0.286651 0.000261689 -0.000250917 0.306822
0.000277685 -0.000197145 0.281805 0.000442649 0.00178325 0.276952 0.0013002 0.00632147 0 0
0 0.282718 0.000225931 -4.54881e-05 0.283104 0.000244964 -4.45064e-05 0.282426 0.000197337 -4.67612e-05
0.282231 0.000157825 -4.82986e-05 0.282133 0.000107338 -4.9966e-05 0.282135 4.73834e-05 -5.25759e-05 0.282232
-1.87761e-05 -5.32579e-05 0.282417 -8.68641e-05 -4.95054e-05 0.282689 -0.000153725 -4.4896e-05 0.283049 -0.000214159
-4.17701e-05 0.283492 -0.000260751 -3.95686e-05 0.284009 -0.000287977 -3.79962e-05 0.284586 -0.000292171 -3.71337e-05
0.285197 -0.000272628 -3.69608e-05 0.28583 -0.000232494 -3.8657e-05 0.286413 -0.000174435 -4.10449e-05 0.287094
-0.000106282 -5.77537e-05 0.287318 -1.2789e-05 -8.35166e-05 0.288808 6.80545e-05 -0.000158728 0.286833 0.000214065
-0.000228219 0.292721 0.000204677 -0.000280474 0.283904 0.000363545 -0.000314016 0.304338 0.000348103 -0.000204434
0.279375 0.000528748 0.00180375 0.274833 0.00151954 0.0063242 0 0 0 0.280353
0.000352229 -4.77261e-05 0.280654 0.000384932 -4.67863e-05 0.280124 0.000310986 -4.82792e-05 0.279964 0.000259662
-4.85313e-05 0.279874 0.000197501 -4.82732e-05 0.279852 0.000126695 -4.81591e-05 0.279895 4.95179e-05 -4.71526e-05
0.279995 -3.06562e-05 -4.481e-05 0.280148 -0.000109011 -4.27114e-05 0.280357 -0.000180064 -4.07956e-05 0.280624
-0.000236295 -3.90614e-05 0.280952 -0.000271501 -3.7547e-05 0.281339 -0.000281431 -3.64697e-05 0.281774 -0.000264755
-3.61069e-05 0.282258 -0.000224267 -3.76733e-05 0.282732 -0.000162305 -4.012e-05 0.283366 -8.49671e-05 -6.3707e-05
0.283613 3.81125e-05 -0.000130898 0.285207 0.000167772 -0.000278205 0.283317 0.000402705 -0.000413682 0.289378
0.000426283 -0.000468561 0.280585 0.000515852 -0.000408091 0.301374 0.000412496 -0.000217386 0.276512 0.000583286
0.00181952 0.272379 0.00165323 0.00631286 0 0 0 0.27572 0.000451787 -4.76767e-05
0.275701 0.00049239 -4.72642e-05 0.275771 0.000402979 -4.76188e-05 0.27585 0.000344343 -4.73569e-05 0.275956
0.000274996 -4.69922e-05 0.276085 0.000197719 -4.68e-05 0.276234 0.000113907 -4.56681e-05 0.276394 2.65992e-05
-4.34675e-05 0.276561 -5.8376e-05 -4.14985e-05 0.276736 -0.000136165 -3.97102e-05 0.276928 -0.000199306 -3.8099e-05
0.277148 -0.000241105 -3.65674e-05 0.277408 -0.000256819 -3.53344e-05 0.27771 -0.000244433 -3.4525e-05 0.27807
-0.000206477 -3.48012e-05 0.278439 -0.000145613 -3.3469e-05 0.278995 -6.05039e-05 -4.27004e-05 0.279186 0.00012454
-6.59301e-05 0.280787 0.000369984 -0.000126837 0.278926 0.00068489 -8.11814e-05 0.28526 0.000680318 -4.09539e-05
0.276684 0.000662153 -0.000164325 0.298017 0.000460863 -0.000164874 0.273347 0.000602561 0.00184127 0.269673
0.00169714 0.00630089 0 0 0 0.269635 0.00049667 -4.39295e-05 0.269176 0.000538245
-4.35892e-05 0.270087 0.000447369 -4.43067e-05 0.270526 0.000388631 -4.46429e-05 0.270948 0.000319512 -4.48711e-05
0.271344 0.000242882 -4.49357e-05 0.271709 0.000159286 -4.39374e-05 0.272033 7.15081e-05 -4.19922e-05 0.27231
-1.39505e-05 -4.01637e-05 0.272541 -9.27439e-05 -3.86204e-05 0.272736 -0.000157968 -3.73579e-05 0.272915 -0.000202999
-3.60433e-05 0.273101 -0.00022259 -3.49868e-05 0.273311 -0.000214088 -3.39127e-05 0.273572 -0.000180201 -3.21098e-05
0.273845 -0.000124388 -2.43251e-05 0.274294 -5.01521e-05 5.88039e-06 0.274326 9.81118e-05 0.00017406 0.275819
0.000254593 0.000461924 0.273967 0.000394332 0.000781409 0.280706 0.000307748 0.000772439 0.27251 0.000446489
0.000255416 0.294506 0.000407963 -7.79926e-05 0.27008 0.000573701 0.0018686 0.26684 0.00163693 0.00630633
0 0 0 0.263133 0.000479559 -4.11761e-05 0.262225 0.000516159 -4.09116e-05 0.264004
0.000435858 -4.15326e-05 0.264832 0.000383521 -4.20552e-05 0.265604 0.00032144 -4.24717e-05 0.266311 0.000251974
-4.22954e-05 0.266939 0.000175465 -4.13777e-05 0.267474 9.45922e-05 -4.0077e-05 0.267908 1.5639e-05 -3.85585e-05
0.268241 -5.75792e-05 -3.67155e-05 0.268484 -0.000119041 -3.51356e-05 0.268661 -0.000162544 -3.46035e-05 0.268809
-0.000182832 -3.46537e-05 0.268961 -0.000177154 -3.40219e-05 0.269166 -0.000148507 -3.25725e-05 0.269402 -0.000100978
-2.55532e-05 0.269855 -6.02669e-05 1.20888e-06 0.269934 -7.37978e-05 0.000151985 0.271575 -0.000209053 0.000371212
0.26989 -0.000285526 0.000502986 0.276919 -0.00032055 0.000371138 0.268804 9.28236e-05 1.63364e-05 0.291233
0.000298766 -0.000126647 0.266966 0.000499226 0.00187777 0.264266 0.00146827 0.00626681 0 0
0 0.257177 0.000404726 -3.95779e-05 0.255898 0.000432042 -3.95446e-05 0.258406 0.000371236 -3.97608e-05
0.259575 0.000330382 -4.02876e-05 0.260666 0.000281155 -4.11373e-05 0.261663 0.000225219 -4.16724e-05 0.262543
0.000162528 -4.13696e-05 0.263287 9.52866e-05 -4.02855e-05 0.26388 2.89538e-05 -3.84491e-05 0.264322 -3.31321e-05
-3.61077e-05 0.264622 -8.5652e-05 -3.41477e-05 0.264811 -0.000122853 -3.37561e-05 0.264936 -0.000140554 -3.42352e-05
0.265052 -0.000136675 -3.43631e-05 0.265234 -0.000113653 -3.54557e-05 0.265488 -7.53066e-05 -3.53371e-05 0.266051
-4.83992e-05 -4.94308e-05 0.266369 -8.67952e-05 -9.34948e-05 0.268333 -0.000232924 -0.000230786 0.266832 -0.000272245
-0.000362783 0.273962 -0.000255238 -0.000427748 0.265701 9.90143e-05 -0.000398823 0.288393 0.000256441 -0.000220616
0.264218 0.000400534 0.00187415 0.26176 0.00124213 0.00625838 0 0 0 0.25251
0.00028917 -4.20228e-05 0.250985 0.000305742 -4.21646e-05 0.253989 0.000267546 -4.16403e-05 0.255405 0.000240205
-4.12196e-05 0.256735 0.000206661 -4.12394e-05 0.257955 0.0001681 -4.13957e-05 0.259035 0.000124165 -4.11526e-05
0.259947 7.61994e-05 -4.02553e-05 0.260671 2.82545e-05 -3.86697e-05 0.261201 -1.7037e-05 -3.7049e-05 0.261548
-5.55747e-05 -3.57815e-05 0.261745 -8.28366e-05 -3.48684e-05 0.261851 -9.60266e-05 -3.45609e-05 0.261936 -9.3791e-05
-3.49097e-05 0.262096 -7.78421e-05 -3.71609e-05 0.262357 -5.10645e-05 -3.9892e-05 0.262972 -2.94517e-05 -6.42567e-05
0.263378 -2.33934e-05 -0.000129952 0.265449 -6.06903e-05 -0.000268337 0.263999 -3.69019e-05 -0.0003555 0.271275
-2.95315e-05 -0.000375751 0.263059 0.000179277 -0.000358434 0.286074 0.000221064 -0.000215033 0.262018 0.000295805
0.00188718 0.259235 0.000905779 0.00637374 0 0 0 0.249581 0.000150359 -4.35098e-05
0.247933 0.000157603 -4.39365e-05 0.251195 0.000140008 -4.29004e-05 0.252751 0.000126295 -4.22246e-05 0.254223
0.000109192 -4.16898e-05 0.255579 8.94148e-05 -4.09291e-05 0.256783 6.6763e-05 -4.00521e-05 0.257802 4.18769e-05
-3.92036e-05 0.258609 1.68482e-05 -3.8064e-05 0.259194 -6.89744e-06 -3.69708e-05 0.259568 -2.72006e-05 -3.60717e-05
0.259767 -4.16872e-05 -3.52065e-05 0.259857 -4.88648e-05 -3.49057e-05 0.259915 -4.79511e-05 -3.5295e-05 0.260051
-3.99025e-05 -3.72997e-05 0.260295 -2.59423e-05 -3.87743e-05 0.260898 -1.43711e-05 -5.32011e-05 0.261276 -5.21338e-06
-7.03879e-05 0.263342 -1.81866e-05 -0.000124863 0.261908 6.17315e-06 -0.000147941 0.269338 1.28891e-05 -0.000173817
0.261228 0.000130663 -0.000209948 0.284506 0.000136087 -0.000143195 0.260549 0.000172921 0.0019209 0.258078
0.000429118 0.00634044 0 0 0 0.248587 0 -4.22866e-05 0.246906 0
-4.30347e-05 0.250242 0 -4.18563e-05 0.251843 0 -4.17754e-05 0.253361 0 -4.17385e-05
0.254762 0 -4.1045e-05 0.256008 0 -3.9972e-05 0.257062 0 -3.89686e-05 0.257897
0 -3.78063e-05 0.258501 0 -3.67064e-05 0.258883 0 -3.5764e-05 0.259082 0
-3.49766e-05 0.259164 0 -3.48333e-05 0.259213 0 -3.52506e-05 0.259339 0 -3.71124e-05
0.259573 0 -3.78638e-05 0.260168 0 -4.92319e-05 0.260535 0 -5.65886e-05 0.2626
0 -9.63848e-05 0.261172 0 -0.000104222 0.268651 0 -0.000123371 0.260573 0
-0.000145123 0.283937 0 -9.37879e-05 0.260024 0 0.00194105 0.258087 0 0.00623019
0.0231712 0 0.000599061 0.246278 -0.000153727 -4.69836e-05 0.244652 -0.000158194 -4.54653e-05 0.243593
0 -4.53102e-05 0.245234 0 -4.64459e-05 0.249415 -0.000300285 -4.53186e-05 0.247876 -0.000313104
-4.39663e-05 0.254543 -0.000425922 -4.28798e-05 0.25323 -0.000450428 -4.17749e-05 0.261233 -0.000508651 -4.36551e-05
0.260304 -0.000544391 -4.21048e-05 0.268657 -0.000526741 -4.58623e-05 0.268221 -0.000569566 -4.41135e-05 0.275672
-0.00047237 -4.84221e-05 0.275746 -0.000515282 -4.54518e-05 0.281003 -0.000351358 -4.68848e-05 0.281465 -0.000387217
-4.33796e-05 0.283585 -0.000193355 -4.47445e-05 0.284165 -0.000215879 -4.19857e-05 0.283111 -4.30396e-05 -4.66927e-05
0.283476 -5.15563e-05 -4.41345e-05 0.280415 5.84192e-05 -5.02806e-05 0.280332 5.87335e-05 -4.93554e-05 0.277128
9.19428e-05 -4.88549e-05 0.276572 9.40223e-05 -4.83303e-05 0.274925 6.28577e-05 -3.67732e-05 0.27407 5.86161e-05
-3.3563e-05 0.274914 4.71001e-06 -3.77247e-05 0.274061 -9.56683e-06 -3.50698e-05 0.277099 -2.34917e-05 -4.92953e-05
0.276548 -4.37146e-05 -4.94014e-05 0.280383 9.56797e-06 -4.86808e-05 0.280304 -8.44525e-06 -4.80712e-05 0.283091
0.000109264 -4.47655e-05 0.283456 0.000100857 -4.274e-05 0.283584 0.000256863 -4.31169e-05 0.284161 0.000263584
-4.1044e-05 0.281028 0.000410996 -4.50914e-05 0.281479 0.000432332 -4.2495e-05 0.275718 0.000526629 -4.61651e-05
0.275774 0.000556517 -4.44605e-05 0.268714 0.000573962 -4.32962e-05 0.268253 0.000605733 -4.32291e-05 0.261289
0.000547282 -4.05669e-05 0.260328 0.000574566 -4.01798e-05 0.254582 0.000454238 -3.91406e-05 0.253235 0.000472182
-3.73972e-05 0.24943 0.000317754 -4.18673e-05 0.247859 0.000325388 -4.08559e-05 0.246273 0.000162041 -4.42635e-05
0.24462 0.0001638 -4.51413e-05 0.245221 0 -4.39793e-05 0.243554 0 -4.5214e-05 0.230035
0.000665633 -0.000136996 0.230948 0.000914711 -0.00023145 0.239419 -0 -0.000166187 0.236613 -0
-9.31756e-05 0.22948 0.000476147 -8.53223e-05 0.234541 -0 -5.41394e-05 0.229242 0.000331424 -5.56167e-05
0.233078 -0 -3.40527e-05 0.229272 0.000220469 -4.00966e-05 0.23211 -0 -2.46843e-05 0.229528
0.000134476 -3.26424e-05 0.231551 -0 -2.08801e-05 0.229978 6.70308e-05 -2.78905e-05 0.231332 -0
-1.96519e-05 0.230596 1.41422e-05 -2.5786e-05 0.231401 -0 -2.04115e-05 0.231363 -2.73765e-05 -2.60217e-05
0.23172 -0 -2.30962e-05 0.232266 -6.10121e-05 -2.73713e-05 0.232259 -0 -2.64213e-05 0.233294
-8.88484e-05 -3.01618e-05 0.232995 -0 -2.93473e-05 0.234438 -0.000111451 -3.33799e-05 0.233908 -0
-3.19214e-05 0.235686 -0.000129101 -3.6115e-05 0.234978 0 -3.46068e-05 0.237027 -0.000142326 -3.82914e-05
0.236184 0 -3.71186e-05 0.238445 -0.000151702 -3.9995e-05 0.237506 0 -3.9168e-05 0.239929
-0.000157644 -4.14576e-05 0.238925 0 -4.08943e-05 0.241465 -0.000160484 -4.28084e-05 0.240423 0
-4.24649e-05 0.243044 -0.000160553 -4.41091e-05 0.241984 0 -4.39519e-05 0.219072 0.000598132 -0.000137377
0.216436 0.000910447 -0.000222979 0.221392 0.000368898 -9.31526e-05 0.223497 0.000198826 -6.654e-05 0.225444
7.26112e-05 -5.11409e-05 0.227271 -2.33185e-05 -4.25724e-05 0.229007 -9.92254e-05 -3.66782e-05 0.230672 -0.000158474
-3.31703e-05 0.232287 -0.000204303 -3.15896e-05 0.233868 -0.000240913 -3.13639e-05 0.23543 -0.000269861 -3.28671e-05
0.236983 -0.000292303 -3.49921e-05 0.238536 -0.000309144 -3.67647e-05 0.240091 -0.000320843 -3.81693e-05 0.241649
-0.000327737 -3.93747e-05 0.243208 -0.000330121 -4.05108e-05 0.244768 -0.000328272 -4.16295e-05 0.246325 -0.000322501
-4.2757e-05 0.21774 -0.000250573 -9.41198e-05 0.212877 -0.000121137 -0.00014418 0.221829 -0.000340172 -6.9952e-05
0.225343 -0.00040283 -5.53409e-05 0.228408 -0.000444986 -4.53516e-05 0.23112 -0.0004734 -3.88751e-05 0.233548
-0.000493669 -3.57244e-05 0.235749 -0.000507295 -3.38149e-05 0.237765 -0.000516051 -3.26124e-05 0.239635 -0.000522007
-3.2286e-05 0.241389 -0.000525213 -3.19688e-05 0.243052 -0.00052597 -3.22253e-05 0.244644 -0.000524451 -3.32583e-05
0.246177 -0.00052025 -3.45853e-05 0.247662 -0.000512989 -3.59846e-05 0.249105 -0.000502481 -3.7368e-05 0.250512
-0.000488587 -3.88108e-05 0.251886 -0.000471255 -4.03307e-05 0.231382 -0.00127004 -0.000122051 0.226886 -0.00138663
-0.000190644 0.235093 -0.00117154 -8.3732e-05 0.238218 -0.00108972 -6.03697e-05 0.240891 -0.00101961 -4.5306e-05
0.243208 -0.000958426 -3.6012e-05 0.245244 -0.000905464 -3.16035e-05 0.247056 -0.000860045 -2.95003e-05 0.248687
-0.000821016 -2.8603e-05 0.250175 -0.000787554 -2.89179e-05 0.251548 -0.000758559 -2.96863e-05 0.252831 -0.000732643
-3.07587e-05 0.254042 -0.000708444 -3.18756e-05 0.255192 -0.00068464 -3.3081e-05 0.25629 -0.000660208 -3.45838e-05
0.257345 -0.000634485 -3.63121e-05 0.258362 -0.000606892 -3.82178e-05 0.259347 -0.000576981 -4.02159e-05 0.257978
-0.00171363 -0.000136832 0.256415 -0.00194242 -0.00021917 0.259271 -0.0015297 -8.80359e-05 0.260356 -0.00137994
-5.91694e-05 0.261278 -0.00125571 -4.21189e-05 0.262075 -0.00115161 -3.27897e-05 0.262777 -0.00106486 -2.8355e-05
0.263405 -0.000992369 -2.70123e-05 0.26398 -0.000931241 -2.78897e-05 0.264517 -0.0008794 -2.96555e-05 0.265026
-0.000834512 -3.11617e-05 0.265516 -0.000794362 -3.25414e-05 0.265991 -0.000756973 -3.40586e-05 0.266452 -0.000720792
-3.57729e-05 0.266902 -0.000684747 -3.77791e-05 0.267345 -0.000647959 -3.99647e-05 0.267784 -0.000609749 -4.21451e-05
0.284323 -0.00158364 -9.76208e-05 0.285572 -0.00174752 -0.000170168 0.283197 -0.00143428 -5.61963e-05 0.282179
-0.0013028 -3.38306e-05 0.281257 -0.00118867 -2.16009e-05 0.280424 -0.00109052 -1.51211e-05 0.279675 -0.00100756
-1.1964e-05 0.279005 -0.000937491 -1.16014e-05 0.278412 -0.000877626 -1.3948e-05 0.277893 -0.000826341 -1.74777e-05
0.277442 -0.000781666 -2.13517e-05 0.277055 -0.000741568 -2.55866e-05 0.276724 -0.000704185 -2.9496e-05 0.276443
-0.000667929 -3.28724e-05 0.276207 -0.00063159 -3.61009e-05 0.276013 -0.000594343 -3.9252e-05 0.275859 -0.000555699
-4.23222e-05 0.306118 -0.000987497 3.98858e-05 0.309593 -0.0010489 3.58766e-05 0.302993 -0.00091828 4.0756e-05
0.300187 -0.000850884 3.79017e-05 0.297667 -0.000789802 3.34713e-05 0.295406 -0.000737346 2.81337e-05 0.293379
-0.000693668 2.16289e-05 0.291565 -0.000656195 1.44785e-05 0.289943 -0.000623314 7.31998e-06 0.288497 -0.000595045
-4.62603e-08 0.287211 -0.000570357 -7.73532e-06 0.286067 -0.000547516 -1.50363e-05 0.28505 -0.000525065 -2.12386e-05
0.284145 -0.000501807 -2.64203e-05 0.283342 -0.000476821 -3.10629e-05 0.282631 -0.000449588 -3.541e-05 0.282007
-0.000419831 -3.94639e-05 0.314135 -8.62571e-05 7.92111e-05 0.318215 -3.84049e-05 9.45732e-05 0.310422 -0.000119533
7.10179e-05 0.307062 -0.000144348 6.43864e-05 0.304028 -0.000164095 5.68484e-05 0.301296 -0.000181494 4.74582e-05
0.298839 -0.000198553 3.68272e-05 0.296633 -0.00021487 2.65269e-05 0.294654 -0.00022955 1.72338e-05 0.292884
-0.000242358 8.26225e-06 0.291302 -0.000252731 -6.30556e-07 0.289891 -0.000259992 -8.92682e-06 0.288632 -0.000263782
-1.62748e-05 0.287509 -0.000263529 -2.27312e-05 0.286509 -0.000258406 -2.86408e-05 0.285623 -0.000248466 -3.39586e-05
0.284843 -0.000234264 -3.84163e-05 0.30493 0.000779316 4.91e-06 0.307939 0.0009387 -1.5436e-05 0.302222
0.000644026 1.77441e-05 0.29979 0.000528362 2.43743e-05 0.297602 0.000429493 2.59421e-05 0.295637 0.000344675
2.46835e-05 0.293871 0.000269956 2.22943e-05 0.292285 0.000202829 1.77367e-05 0.290863 0.000143453 1.06857e-05
0.289592 9.24323e-05 2.55942e-06 0.288458 4.96112e-05 -5.371e-06 0.28745 1.46973e-05 -1.29179e-05 0.286554
-1.24452e-05 -2.06066e-05 0.285761 -3.24048e-05 -2.76716e-05 0.285062 -4.5916e-05 -3.28696e-05 0.28445 -5.34301e-05
-3.67817e-05 0.283922 -5.5221e-05 -4.06015e-05 0.283867 0.00125878 -0.000117597 0.284437 0.00150764 -0.000193294
0.283357 0.00105461 -7.32392e-05 0.282898 0.000885103 -4.81659e-05 0.282482 0.000742928 -3.34358e-05 0.282105
0.000621815 -2.2782e-05 0.281765 0.00051692 -1.51945e-05 0.281461 0.00042587 -1.25074e-05 0.281192 0.000347613
-1.41094e-05 0.280959 0.000280981 -1.80301e-05 0.280762 0.000224557 -2.1904e-05 0.280601 0.000177783 -2.55508e-05
0.280474 0.000140765 -3.01427e-05 0.28038 0.000112012 -3.45167e-05 0.280317 8.94557e-05 -3.78452e-05 0.280287
7.3171e-05 -4.19421e-05 0.28029 6.33543e-05 -4.65545e-05 0.260661 0.0012429 -0.000145862 0.258238 0.00153328
-0.000218647 0.262718 0.00102322 -0.000102424 0.264487 0.00085245 -7.61958e-05 0.266021 0.000714037 -5.8617e-05
0.267364 0.000596672 -4.57531e-05 0.26855 0.000496153 -3.66502e-05 0.269607 0.000412337 -3.22031e-05 0.270557
0.000342846 -3.1316e-05 0.271419 0.000284638 -3.20581e-05 0.272209 0.00023477 -3.30247e-05 0.272941 0.000192951
-3.38941e-05 0.273623 0.000160243 -3.51419e-05 0.274263 0.000135188 -3.6912e-05 0.274871 0.000116476 -3.97394e-05
0.275453 0.000104583 -4.38369e-05 0.276017 9.81135e-05 -4.7191e-05 0.245093 0.000505869 -0.000100834 0.240485
0.000621389 -0.000134304 0.248974 0.000420664 -7.36958e-05 0.252292 0.000354658 -5.12354e-05 0.255162 0.000299364
-3.68555e-05 0.257671 0.000250031 -3.31992e-05 0.259884 0.000206312 -3.44485e-05 0.261847 0.000169848 -3.26706e-05
0.263602 0.00013981 -2.95513e-05 0.265184 0.000114737 -2.76519e-05 0.26662 9.32601e-05 -2.97e-05 0.267934
7.5756e-05 -3.3718e-05 0.269141 6.3328e-05 -3.56544e-05 0.270258 5.54566e-05 -3.69712e-05 0.271296 5.16661e-05
-3.80681e-05 0.272269 5.19699e-05 -3.6354e-05 0.273189 5.49296e-05 -3.3464e-05 0.245121 -0.000460898 -0.000101251
0.240523 -0.000572698 -0.000135208 0.248992 -0.000377043 -7.40039e-05 0.252301 -0.000314268 -5.22398e-05 0.255165
-0.000264804 -3.89993e-05 0.25767 -0.000223073 -3.5073e-05 0.25988 -0.00018892 -3.54198e-05 0.261842 -0.000163639
-3.35114e-05 0.263597 -0.000144638 -3.06116e-05 0.265179 -0.000128596 -2.91768e-05 0.266616 -0.00011255 -3.10764e-05
0.26793 -9.63766e-05 -3.45746e-05 0.269138 -8.13002e-05 -3.64725e-05 0.270254 -6.65911e-05 -3.77444e-05 0.271292
-5.19091e-05 -3.86358e-05 0.272263 -3.78608e-05 -3.68729e-05 0.273181 -2.40224e-05 -3.44256e-05 0.260709 -0.00119248
-0.000146468 0.258306 -0.00147734 -0.00022032 0.262747 -0.000975194 -0.000102626 0.264499 -0.000807845 -7.70023e-05
0.266021 -0.000675213 -6.04844e-05 0.267355 -0.000566406 -4.75746e-05 0.268536 -0.00047665 -3.79505e-05 0.269591
-0.000404525 -3.35561e-05 0.270541 -0.000346038 -3.30033e-05 0.271405 -0.000296614 -3.41574e-05 0.272198 -0.000252315
-3.49715e-05 0.27293 -0.000212147 -3.53598e-05 0.273613 -0.000176842 -3.64517e-05 0.274253 -0.000144994 -3.80759e-05
0.274859 -0.000115527 -4.06219e-05 0.275438 -8.94064e-05 -4.45163e-05 0.275998 -6.60512e-05 -4.80453e-05 0.283884
-0.00120399 -0.000117374 0.284463 -0.00144602 -0.000193746 0.283362 -0.00100326 -7.25329e-05 0.282891 -0.000838047
-4.73364e-05 0.282465 -0.000702304 -3.25336e-05 0.282081 -0.000590195 -2.22542e-05 0.281738 -0.000496329 -1.54495e-05
0.281433 -0.000417012 -1.33078e-05 0.281167 -0.000349711 -1.52093e-05 0.280937 -0.000291786 -1.91324e-05 0.280744
-0.000240861 -2.30606e-05 0.280586 -0.00019573 -2.67704e-05 0.28046 -0.000156051 -3.11178e-05 0.280366 -0.000120457
-3.5273e-05 0.280302 -8.7284e-05 -3.83973e-05 0.280269 -5.70723e-05 -4.20726e-05 0.280268 -3.08312e-05 -4.60152e-05
0.304911 -0.000723914 4.08976e-06 0.307914 -0.000877264 -1.67459e-05 0.302202 -0.00059205 1.75468e-05 0.299765
-0.000480944 2.44403e-05 0.297574 -0.000388876 2.6141e-05 0.295605 -0.000313091 2.4838e-05 0.293838 -0.000249101
2.20159e-05 0.292253 -0.000193371 1.69319e-05 0.290834 -0.000144711 9.53237e-06 0.289567 -0.000102235 1.23047e-06
0.288437 -6.47022e-05 -6.82928e-06 0.287432 -3.12801e-05 -1.44105e-05 0.28654 -1.40323e-06 -2.19489e-05 0.285748
2.53643e-05 -2.87536e-05 0.285048 4.9203e-05 -3.35431e-05 0.284435 7.0146e-05 -3.68845e-05 0.283905 8.76266e-05
-3.99715e-05 0.314098 0.000141339 7.46309e-05 0.318174 9.90376e-05 8.76066e-05 0.310386 0.000171274 6.81949e-05
0.307024 0.000191559 6.26587e-05 0.303989 0.000204466 5.57939e-05 0.301256 0.000212907 4.66324e-05 0.298799
0.000219566 3.57748e-05 0.296595 0.00022496 2.50622e-05 0.29462 0.000229418 1.54136e-05 0.292854 0.000234103
6.19067e-06 0.291277 0.000239519 -2.86402e-06 0.289871 0.000245527 -1.12296e-05 0.288616 0.000251987 -1.84311e-05
0.287496 0.000258175 -2.44097e-05 0.286498 0.000262877 -2.97124e-05 0.285614 0.000265636 -3.44366e-05 0.284837
0.000266178 -3.8216e-05 0.306058 0.00104599 3.6448e-05 0.309531 0.00111565 2.94537e-05 0.302933 0.00097142
3.94622e-05 0.300128 0.000898131 3.80208e-05 0.297609 0.000829574 3.41877e-05 0.29535 0.000768276 2.84955e-05
0.293326 0.000714794 2.1151e-05 0.291515 0.000667147 1.32929e-05 0.289898 0.000624729 5.67167e-06 0.288457
0.000588864 -2.05327e-06 0.287176 0.000559566 -9.97916e-06 0.286038 0.000535621 -1.73424e-05 0.285027 0.000515579
-2.33498e-05 0.284128 0.000498122 -2.80983e-05 0.283331 0.000482171 -3.22768e-05 0.282628 0.000466657 -3.61084e-05
0.282011 0.000450451 -3.9442e-05 0.284204 0.0016398 -9.47771e-05 0.285441 0.00181336 -0.000167588 0.283089
0.0014838 -5.31895e-05 0.28208 0.00134578 -3.0925e-05 0.281166 0.00122445 -1.90768e-05 0.28034 0.00111847
-1.32828e-05 0.279597 0.0010271 -1.10986e-05 0.278933 0.000948184 -1.15281e-05 0.278346 0.000879803 -1.42651e-05
0.277833 0.000821652 -1.82036e-05 0.27739 0.00077274 -2.24183e-05 0.277011 0.000731556 -2.67855e-05 0.276689
0.0006963 -3.0776e-05 0.276417 0.000665289 -3.42624e-05 0.276192 0.000637162 -3.7561e-05 0.276011 0.000610549
-4.05203e-05 0.275871 0.000584029 -4.26783e-05 0.257772 0.00175998 -0.000130834 0.256176 0.00199736 -0.000211876
0.259091 0.0015705 -8.32992e-05 0.260196 0.00141557 -5.58453e-05 0.261135 0.00128574 -3.99404e-05 0.261946
0.00117542 -3.13063e-05 0.262659 0.0010821 -2.78889e-05 0.263298 0.00100226 -2.72908e-05 0.263882 0.000933407
-2.81847e-05 0.264428 0.000875322 -3.02305e-05 0.264948 0.000826608 -3.21165e-05 0.265449 0.000785457 -3.37249e-05
0.265936 0.000749996 -3.55558e-05 0.266411 0.000718634 -3.78214e-05 0.266877 0.000690168 -4.04896e-05 0.267338
0.000663066 -4.3051e-05 0.267795 0.000635243 -4.3764e-05 0.234809 0.00120283 -7.70332e-05 0.231054 0.00130656
-0.00011391 0.237968 0.00111814 -5.43898e-05 0.240668 0.00104526 -3.97402e-05 0.243008 0.000980612 -3.07988e-05
0.245063 0.000923343 -2.70651e-05 0.246891 0.000873088 -2.51565e-05 0.248537 0.000828453 -2.55772e-05 0.250038
0.00078895 -2.85881e-05 0.251426 0.00075493 -3.09835e-05 0.252723 0.000725871 -3.26807e-05 0.253948 0.000700848
-3.39825e-05 0.255113 0.000678792 -3.52093e-05 0.256228 0.000658938 -3.70365e-05 0.257301 0.00064025 -3.86657e-05
0.258338 0.000620954 -3.89317e-05 0.259345 0.000599185 -3.93471e-05 0.221517 0.000356057 -6.57803e-05 0.21739
0.000268925 -9.01099e-05 0.225059 0.000417652 -5.0822e-05 0.228147 0.000458482 -4.05321e-05 0.230879 0.000485141
-3.41775e-05 0.233327 0.000503194 -3.19107e-05 0.235545 0.000513626 -3.05039e-05 0.237578 0.000518844 -3.06756e-05
0.239465 0.000521567 -3.29048e-05 0.241235 0.000521717 -3.41024e-05 0.242915 0.000520339 -3.49849e-05 0.244523
0.000518236 -3.60527e-05 0.246073 0.000515316 -3.65619e-05 0.247575 0.000511392 -3.55951e-05 0.249035 0.00050576
-3.33134e-05 0.250462 0.000497451 -3.1564e-05 0.251862 0.000486366 -3.35402e-05 0.2211 -0.000361202 -9.31068e-05
0.218756 -0.000588466 -0.000139102 0.22322 -0.00019205 -6.57549e-05 0.225178 -6.67296e-05 -5.04946e-05 0.227017
2.84153e-05 -4.26335e-05 0.228766 0.000103552 -3.76144e-05 0.230446 0.000161266 -3.54244e-05 0.232077 0.000205202
-3.46537e-05 0.233675 0.000240068 -3.43609e-05 0.235254 0.000267182 -3.60515e-05 0.236825 0.000288239 -3.84621e-05
0.238394 0.000304639 -4.02099e-05 0.239966 0.000316862 -4.09689e-05 0.241541 0.000324798 -4.00449e-05 0.243119
0.000328752 -3.84166e-05 0.244699 0.000329712 -3.83021e-05 0.24628 0.000328836 -3.94702e-05 0.229231 -0.000472959
-8.4564e-05 0.229775 -0.000661674 -0.000136884 0.228994 -0.000328761 -5.49658e-05 0.229023 -0.000218195 -3.99824e-05
0.229281 -0.000132421 -3.30918e-05 0.229738 -6.52074e-05 -2.87859e-05 0.230365 -1.28205e-05 -2.73378e-05 0.231144
2.79149e-05 -2.82594e-05 0.232062 6.06342e-05 -3.00979e-05 0.233107 8.75294e-05 -3.34216e-05 0.234268 0.000109404
-3.70143e-05 0.235533 0.000126823 -3.9871e-05 0.236891 0.000140279 -4.21021e-05 0.238327 0.000149912 -4.43525e-05
0.23983 0.000156276 -4.65888e-05 0.241388 0.000160385 -4.77708e-05 0.242987 0.000162994 -4.69243e-05 0.234315
0 -5.1641e-05 0.236383 0 -9.05048e-05 0.232847 0 -3.23192e-05 0.231873 0
-2.38416e-05 0.231312 0 -2.06908e-05 0.231095 0 -1.99957e-05 0.231171 0 -2.14263e-05
0.231501 0 -2.48001e-05 0.232054 0 -2.87505e-05 0.232805 0 -3.23419e-05 0.233735
0 -3.54662e-05 0.234821 0 -3.83432e-05 0.236045 0 -4.08999e-05 0.237385 0
-4.36069e-05 0.238823 0 -4.61863e-05 0.240341 0 -4.74658e-05 0.241923 0 -4.67992e-05
0.232224 0.00124697 -0.000403509 0.243087 0 -0.000294268 0.213291 0.00134656 -0.000391523 0.206938
7.36596e-05 -0.000247107 0.221321 -0.00151235 -0.000312406 0.252058 -0.00256353 -0.000592351 0.254486 -0.00222504
-0.000360015 0.288457 -0.00205743 -0.000478566 0.286948 -0.00191376 -0.000291386 0.317654 -0.00106945 4.36327e-05
0.313433 -0.00108448 3.21804e-05 0.327434 0.000133542 0.000198031 0.322655 3.34348e-05 0.000126052 0.314901
0.00132886 -6.90797e-05 0.31126 0.00112617 -4.42312e-05 0.285734 0.00215483 -0.000513423 0.285061 0.00181025
-0.000319092 0.251779 0.00241961 -0.000546445 0.255329 0.00191984 -0.000342429 0.228044 0.000984552 -0.000278697
0.234908 0.000779205 -0.000187977 0.228117 -0.000915637 -0.000281956 0.234961 -0.00071959 -0.000189751 0.251902
-0.00233244 -0.000549273 0.25542 -0.00184947 -0.000345288 0.285769 -0.0020622 -0.000508137 0.285092 -0.00173352
-0.000318992 0.314853 -0.00124631 -6.53031e-05 0.311224 -0.00105315 -4.46496e-05 0.327386 -5.46479e-05 0.000189439
0.322607 3.69484e-05 0.000117104 0.313373 0.00116414 2.33958e-05 0.286811 0.00199376 -0.000287502 0.254218
0.00229389 -0.00034933 0.226515 0.00143485 -0.000178373 0.21249 0.000148061 -0.00013679 0.216093 -0.000894952
-0.000222053 0.230676 -0.000909155 -0.000227845 0.239188 0 -0.000159867 
vorticity 3 4486 float
-0.352335 4.64769 0.269549 -0.4161 8.01437 0.12282 -0.406817 -0 0.186759 -0.327451 -0
0.29131 -0.27426 3.83936 0.378003 -0.238031 0 0.412387 -0.24407 3.48887 0.466026
-0.217155 0 0.500326 -0.214139 3.63553 0.470133 -0.194104 0 0.500422 -0.188078
3.90032 0.450586 -0.171121 2.8026e-45 0.47596 -0.164993 4.04256 0.431238 -0.150375 4.77843e-43
0.451851 -0.143921 4.11022 0.411147 -0.131184 5.74687e-41 0.427709 -0.125576 4.163 0.389292
-0.114148 4.37903e-39 0.402654 -0.110229 4.21353 0.366747 -0.0996404 2.09942e-37 0.377476 -0.097401
4.25758 0.344503 -0.0873264 6.30833e-36 0.352981 -0.0866603 4.29356 0.322973 -0.0768152 1.18867e-34
0.32959 -0.0773051 4.32254 0.302334 -0.0675313 1.41753e-33 0.30746 -0.0680358 4.34533 0.282671
-0.0585345 1.08827e-32 0.286687 -0.0559741 4.36185 0.263832 -0.0477607 5.51777e-32 0.267265 -0.0332508
4.37044 0.2454 -0.0300164 1.89929e-31 0.249093 0.0207886 4.36922 0.226355 0.00915621 4.52951e-31
0.23073 0.147284 4.36548 0.232868 0.100771 8.3133e-31 0.219364 0.0326625 2.1809 0.35349
0.304159 2.7107e-30 0.505839 0.00653429 1.16661 1.18004 -0.450937 1.85874 3.44206 -0.0735853
1.22709 -0.041563 -0.196639 6.94516e-33 0.480303 -0.202118 0.352948 1.55352 -0.461478 1.21513e-33
0.405452 -0.54867 4.0334e-36 0.474748 -0.631912 1.83605e-36 0.490452 -0.459041 0.594766 1.83822
-0.383858 0.504449 1.85836 -0.683339 6.76753e-37 0.488912 -0.706883 2.45765e-37 0.478321 -0.402043
0.750383 1.53878 -0.44475 0.679067 1.69247 -0.70829 8.05155e-38 0.463036 -0.693836 1.92352e-38
0.445272 -0.310136 0.842959 1.27923 -0.35385 0.80579 1.40289 -0.661453 1.82001e-39 0.425741
-0.596228 5.69289e-36 0.404716 -0.21338 0.879443 0.841763 -0.267531 0.86315 1.13064 -0.203894
4.67883 -0.00332456 -0.205738 8.49248 -0.0443886 -0.185689 3.67781 0.00490903 -0.148943 3.25911
0.029107 -0.116764 3.40551 0.037247 -0.0972619 3.68503 0.0411401 -0.0836096 3.83986 0.0440964
-0.0725528 3.92167 0.0454862 -0.0635586 3.99056 0.0453386 -0.0568812 4.05759 0.0442641 -0.0522524
4.11736 0.0426606 -0.0494304 4.16767 0.0406811 -0.0479422 4.20883 0.0384344 -0.0466532 4.2401
0.0359111 -0.0426865 4.25766 0.0328211 -0.0281645 4.24936 0.0282905 0.017414 4.19085 0.0207548
0.134134 4.04027 0.0542549 -0.058487 0.856132 0.140167 0.0364581 1.08796 0.0324522 -0.169105
0.437173 0.0686963 -1.65347 2.53768 12.6717 -3.5128 7.97109 43.0509 -0.799435 3.90898
8.12843 -0.655466 4.17454 22.6446 -0.241355 4.6328 23.7362 3.33716 5.36361 49.6099
2.38285 5.11508 50.3639 0.210069 4.16709 22.6645 0.264063 4.2756 24.4028 3.48398
4.91348 53.2883 3.74249 5.07762 52.2107 0.225923 3.70575 23.5461 0.253882 3.77523
25.3434 2.43807 4.29577 56.9916 2.63368 4.45057 56.1915 0.449842 3.10515 24.0428
0.545302 2.92995 24.71 2.29439 3.28346 57.4758 2.34546 3.66868 58.6692 -0.0325556
4.72361 -0.266809 0.0149375 8.5142 -0.194286 -0.0671873 3.76122 -0.370808 -0.0310036 3.35366
-0.432448 0.00265786 3.50715 -0.435996 0.0164953 3.79022 -0.420842 0.0205161 3.94474 -0.40643
0.0209086 4.02369 -0.39241 0.0199551 4.08903 -0.377304 0.0173896 4.15295 -0.361447 0.0129186
4.2102 -0.345552 0.00640806 4.25839 -0.329954 -0.00234669 4.29754 -0.31478 -0.0135356 4.32606
-0.300148 -0.0269606 4.33802 -0.28635 -0.0410215 4.3158 -0.274247 -0.0501337 4.2232 -0.265827
-0.0410936 3.98793 -0.249929 -0.00249238 0.886794 -0.178456 -0.0202228 1.00249 -0.391679 -0.0730328
0.684527 0.239718 -0.0630114 0.747126 -0.288694 -0.17063 24.5542 10.934 -0.286361 25.9898
8.00671 -0.245782 11.9442 3.30086 -0.160715 10.638 4.66372 -0.0519591 4.77184 -0.203872
-0.00585792 8.51317 -0.109059 -0.0899288 3.89009 -0.315614 -0.0569624 3.52501 -0.388893 -0.0182534
3.69806 -0.408397 0.00177724 3.99704 -0.408499 0.01069 4.16089 -0.407764 0.0149878 4.24247
-0.405836 0.0170207 4.30668 -0.40122 0.0165875 4.36829 -0.394344 0.0130729 4.4229 -0.386088
0.00601309 4.46853 -0.37697 -0.00540504 4.50573 -0.367254 -0.0228931 4.53346 -0.357058 -0.0497704
4.54652 -0.346527 -0.0920619 4.52823 -0.335895 -0.162405 4.44403 -0.325775 -0.281231 4.22164
-0.358275 -0.0320036 0.681564 -0.438203 -0.093122 0.890754 -0.418148 -0.0531388 0.591208 -0.565771
-0.02296 0.492223 -0.576024 -0.446982 27.5177 4.0127 -0.294602 27.8479 2.08705 -0.251238
12.4651 0.601843 -0.367863 11.5561 0.953314 -0.0628018 4.79845 -0.0890224 -0.026579 8.5214
-0.00972197 -0.0976035 3.96128 -0.164627 -0.0790192 3.62415 -0.213123 -0.0496472 3.81767 -0.232322
-0.0307759 4.13907 -0.239812 -0.0201753 4.32016 -0.246313 -0.0134573 4.4129 -0.251764 -0.00907612
4.48434 -0.255226 -0.00739114 4.55135 -0.256903 -0.00912514 4.61054 -0.257307 -0.0150444 4.66065
-0.256791 -0.0264572 4.70329 -0.255569 -0.0461468 4.73932 -0.253727 -0.0797537 4.76708 -0.251292
-0.138865 4.77831 -0.248166 -0.249662 4.7554 -0.244811 -0.460135 4.66463 -0.306418 -0.0977505
0.604599 -0.346118 -0.189735 0.851079 -0.329039 -0.0179069 0.395855 -0.574612 0.031186 0.359006
-0.653189 -0.590293 27.8814 -3.10817 -0.262255 27.3805 -7.00658 -0.21785 12.193 -3.44749
-0.46468 11.6404 -2.07781 -0.049822 4.80867 -0.0118856 -0.0252666 8.5268 0.0387924 -0.0783018
3.99079 -0.0487175 -0.0757935 3.66559 -0.0690816 -0.0626344 3.86984 -0.0794324 -0.0511416 4.20526
-0.0854999 -0.0430164 4.39874 -0.0909182 -0.0369799 4.50077 -0.0958882 -0.0325635 4.57969 -0.100133
-0.0303128 4.65353 -0.103701 -0.0308991 4.71947 -0.106777 -0.0351337 4.77684 -0.109511 -0.0443569
4.82848 -0.112017 -0.0612329 4.87771 -0.114379 -0.0910187 4.92739 -0.116653 -0.144343 4.98066
-0.118848 -0.244528 5.04329 -0.12158 -0.434319 5.13108 -0.168111 -0.138582 0.486477 -0.282278
-0.263363 2.18728 -0.253798 -0.0207248 -0.0149479 -0.348153 0.0082205 -0.359192 -0.364613 0.246799
18.2332 -30.0194 3.37336 8.2989 -47.449 0.462618 3.62661 -9.14911 0.203277 7.40701
-12.2282 -0.036245 4.80587 0.0474586 -0.0230978 8.52816 0.0695965 -0.0561636 3.98356 0.0440617
-0.0649111 3.65523 0.0468102 -0.0653643 3.86145 0.0442461 -0.0612211 4.20194 0.0401726 -0.0560246
4.40115 0.0365388 -0.0511784 4.50851 0.0330859 -0.0472177 4.59276 0.0295406 -0.0446448 4.67225
0.025893 -0.043914 4.74428 0.0221835 -0.0455482 4.80845 0.0184225 -0.0502916 4.86838 0.0145863
-0.0594342 4.92888 0.0106136 -0.0754706 4.99556 0.00646571 -0.103298 5.07729 0.00219457 -0.152681
5.19041 -0.00219072 -0.239469 5.36564 -0.0179407 -0.371147 5.67555 -0.135264 -0.449712 6.15142
-0.290509 -0.0675154 0.884964 -0.689999 -0.224858 1.65504 -1.56683 -0.347119 6.60628 -0.36723
-0.2033 1.68315 -2.50109 -0.0651624 2.32113 -2.70864 -0.169078 6.84479 -0.390007 0.0459628
2.08758 -2.95786 -0.0053335 2.50611 -2.51098 -0.0614005 6.92319 -0.385747 -0.0113159 2.18111
-2.50019 -0.062056 2.55803 -2.14812 -0.0794834 2.19464 -2.14417 -0.0981893 2.51974 -1.76555
0.00828383 6.93908 -0.357438 -0.0214824 4.79612 0.0646356 -0.0165156 8.52703 0.0679624 -0.0333717
3.95519 0.0783448 -0.046535 3.61425 0.0923216 -0.0546635 3.81649 0.0949069 -0.0557905 4.15549
0.0934872 -0.0534755 4.35505 0.0922862 -0.0503686 4.4643 0.091101 -0.0474874 4.55141 0.0894342
-0.0451575 4.63436 0.0872853 -0.0434864 4.71021 0.0848044 -0.0425069 4.77864 0.0820877 -0.042077
4.84321 0.0791616 -0.041667 4.90888 0.0760099 -0.0403758 4.98199 0.0725663 -0.0368596 5.07219
0.0686686 -0.0286403 5.19601 0.0639638 -0.0112287 5.38175 0.0573449 0.0230117 5.68221 0.0643196
0.0433261 6.11256 0.0792668 0.033494 6.5513 0.0710335 0.0209034 6.84725 0.0559931 0.00227623
6.98257 0.0482081 -0.0252913 7.00846 0.0431662 -0.00926171 4.7874 0.046196 -0.00830284 8.52755
0.0424295 -0.0153409 3.92873 0.0604665 -0.0268513 3.57526 0.0735404 -0.0362799 3.77134 0.0775519
-0.0397157 4.10558 0.0782124 -0.0394956 4.30218 0.0789702 -0.0380561 4.41051 0.0796945 -0.0363598
4.49788 0.0799601 -0.0345342 4.58152 0.0797594 -0.0323777 4.65824 0.0792211 -0.0294207 4.72732
0.0784267 -0.024636 4.79168 0.0773869 -0.0158627 4.85542 0.0760594 0.00103369 4.92368 0.0742776
0.0338711 5.004 0.0715647 0.0979509 5.11008 0.0672651 0.219379 5.2676 0.0699926 0.422733
5.56263 0.176639 0.0850973 2.5751 0.357586 -0.157062 1.63774 0.38676 -0.161278 1.07309
0.377562 -0.137483 1.83783 0.389708 -0.174771 1.34309 0.431627 -0.107208 1.93725 0.377252
-0.132656 1.47821 0.413946 -0.0837541 1.95549 0.355034 -0.0965624 1.53546 0.392314 -0.0031438
4.7827 0.0235049 -0.00341092 8.52926 0.0192008 -0.00588835 3.91374 0.0324452 -0.0134552 3.55257
0.0403171 -0.02063 3.74354 0.0432612 -0.0239874 4.07289 0.0443438 -0.0246063 4.26576 0.0454978
-0.0241082 4.37197 0.0466568 -0.023164 4.45802 0.0475603 -0.0217432 4.5405 0.048193 -0.0194666
4.61584 0.0486165 -0.015557 4.68273 0.0488544 -0.0084434 4.74301 0.0488808 0.00499393 4.799
0.0485872 0.0310863 4.85183 0.0477512 0.0828849 4.9014 0.0459388 0.188369 4.94679 0.042953
0.398678 4.99074 0.0736382 0.280055 2.17891 0.0767159 0.0964997 0.950246 0.593648 -0.331897
0.419728 2.1567 0.0846056 0.798656 0.0767043 -0.127349 -0.063831 0.757047 -0.237973 0.179563
1.06349 -0.213362 0.0937216 0.970162 -0.215698 0.298555 1.06137 -0.232727 0.236814 1.06606
-0.154886 0.376974 0.987927 -0.186284 0.338768 1.02796 -0.0661039 1.56426 0.347661 -0.0821729
0.431551 0.780088 -0.121043 0.4041 0.915166 -0.00103701 4.78083 0.00983946 -0.00140485 8.53079
0.00703803 -0.00214687 3.90707 0.0142222 -0.0061434 3.54221 0.0179179 -0.0102819 3.73014 0.0194261
-0.0124678 4.05617 0.020106 -0.0130524 4.24627 0.0208317 -0.0128839 4.35061 0.0215815 -0.0123294
4.43518 0.0222312 -0.0113051 4.51615 0.0227657 -0.00945947 4.58953 0.0232056 -0.00608606 4.65335
0.0235435 0.000217556 4.70837 0.023739 0.0122859 4.7544 0.023689 0.0359475 4.78736 0.0231889
0.0835075 4.79475 0.0218307 0.182618 4.75068 0.0194261 0.382541 4.6061 0.0773927 0.133114
0.543642 -0.0129836 0.18127 0.858437 0.0764133 -0.0348742 -0.208912 -0.0205824 -0.589298 0.720774
3.34049 -1.2523 1.76317 10.5011 -0.429622 1.0923 4.56691 -0.70191 1.48559 4.34459
-0.709907 1.73308 4.46504 -0.508966 3.77118 17.3736 -0.82688 3.55059 17.8697 -0.478418
1.82982 3.69844 -0.395048 1.98668 3.70132 0.015115 3.80138 16.8881 -0.049275 3.83945
16.9068 -0.167616 1.86108 3.18186 -0.111563 1.94856 3.20829 0.139437 3.55262 17.0815
0.111067 3.62992 17.0042 -0.0305629 1.63555 2.72405 -0.00664286 1.60596 2.60586 0.390323
2.88443 16.7679 0.316645 3.14237 17.2526 -0.000154971 4.78032 0.0024866 -0.00031716 8.5318
0.00151767 -0.000418572 3.90485 0.00376524 -0.00162361 3.53867 0.00480392 -0.00293051 3.72527 0.00525656
-0.00365037 4.04972 0.00548451 -0.00384562 4.23844 0.00572344 -0.00377113 4.34172 0.00597003 -0.00353967
4.4254 0.00619287 -0.00311071 4.50542 0.00638446 -0.00234336 4.5775 0.00654875 -0.000959537 4.63922
0.00668127 0.00159904 4.69066 0.0067616 0.00649004 4.73001 0.00675042 0.016049 4.74973 0.00655814
0.0351657 4.72889 0.00594483 0.0749024 4.62598 0.00468525 0.153312 4.35354 0.0378995 0.0943647
0.600571 0.0817648 0.0624011 0.848248 0.0432569 0.0286332 0.176229 0.117477 -0.00309325 0.35099
0.164222 -0.110673 24.3281 20.5491 -0.0395827 27.7119 13.8835 -0.0349831 12.4204 6.12342
-0.0869083 10.0832 8.25877 0.000369978 4.78032 -0.00254877 0.000448668 8.53182 -0.00173359 0.000761917
3.90484 -0.00374975 0.00204906 3.53866 -0.00477322 0.00343337 3.72525 -0.0052256 0.00424105 4.04968
-0.00545861 0.00453965 4.23838 -0.00570401 0.00458414 4.34166 -0.00596171 0.0044887 4.42533 -0.00619619
0.00421627 4.50537 -0.00639868 0.00362883 4.57744 -0.00657646 0.00244849 4.63914 -0.00672235 0.000125561
4.69057 -0.00681209 -0.00448562 4.72989 -0.00680954 -0.0137224 4.74957 -0.00662659 -0.0324931 4.72873
-0.00601398 -0.0718759 4.62579 -0.00475738 -0.149969 4.35331 -0.0380643 0.000529738 0.580742 -0.000438748
-0.0611949 0.847614 -0.0435032 0.00787354 0.345325 0.091273 9.22297e-05 0.406359 0.00141307 0.181967
29.8702 3.30437 0.153657 29.8799 1.08957 0.135159 13.2367 0.61783 0.140621 12.3426
1.48484 0.0012504 4.78081 -0.00994982 0.00154642 8.53081 -0.00729585 0.00247847 3.90703 -0.0142743
0.00656302 3.54215 -0.0179678 0.0107863 3.73007 -0.0194804 0.0130633 4.05607 -0.0201666 0.0137503
4.24616 -0.0208952 0.0136984 4.35046 -0.0216497 0.0132768 4.43503 -0.0223062 0.0124056 4.51599
-0.0228496 0.0107368 4.58934 -0.0233022 0.00756928 4.65311 -0.0236492 0.00149316 4.7081 -0.0238543
-0.0103203 4.75407 -0.0238204 -0.0336733 4.78702 -0.0233341 -0.0808759 4.79432 -0.02198 -0.179618
4.75023 -0.0195638 -0.379236 4.60566 -0.0774533 -0.0932656 0.600253 -0.0815784 -0.179774 0.858191
-0.0764513 -0.00769123 0.348605 -0.0913245 0.00355014 0.351377 -0.165864 -0.191422 29.8791 -3.26278
-0.0469267 29.4918 -6.23233 -0.0314696 13.0443 -2.68207 -0.14792 12.3538 -1.47786 0.00335297
4.78267 -0.0236531 0.00355734 8.52923 -0.0194844 0.00620866 3.91367 -0.032553 0.0138689 3.5525
-0.040429 0.0211324 3.74345 -0.0433778 0.0245802 4.07277 -0.0444637 0.0252982 4.26561 -0.0456207
0.0249125 4.37179 -0.0467802 0.0240962 4.45781 -0.047684 0.0228224 4.54028 -0.0483229 0.0207149
4.61554 -0.0487561 0.0170032 4.68235 -0.0490002 0.0101144 4.74261 -0.0490358 -0.00306846 4.79852
-0.0487595 -0.0288506 4.85133 -0.047944 -0.0802657 4.9008 -0.0461577 -0.185309 4.94607 -0.04319
-0.395141 4.99004 -0.073867 -0.131644 0.54346 0.0128665 -0.277545 2.17809 -0.0768699 -0.0279047
0.176649 -0.117706 0.0356304 -0.208707 0.0206062 0.110467 24.3394 -20.519 0.603237 18.6668
-32.1024 0.512715 8.22988 -13.2102 0.0869027 10.0878 -8.24797 0.0094593 4.78735 -0.0463377
0.00844118 8.5275 -0.0427032 0.0156472 3.92866 -0.0605695 0.0272509 3.57518 -0.0736491 0.0367649
3.77125 -0.0776647 0.0402876 4.10545 -0.0783268 0.0401637 4.30201 -0.0790905 0.0388329 4.41029
-0.0798161 0.0372606 4.49761 -0.080083 0.035577 4.58122 -0.0798858 0.033583 4.65787 -0.0793498
0.0308181 4.72685 -0.078557 0.0262635 4.79114 -0.0775213 0.0177537 4.85478 -0.0761958 0.00116063
4.92295 -0.0744203 -0.031305 5.00314 -0.0717268 -0.0949222 5.109 -0.0674437 -0.215733 5.26635
-0.0701551 -0.418212 5.56121 -0.176546 -0.0948357 0.949681 -0.59386 -0.0819115 2.57233 -0.357704
-0.0829805 0.798206 -0.0765976 0.332916 0.419227 -2.15646 0.589781 0.720408 -3.33802 0.661993
1.03062 -3.87681 0.126317 -0.0654887 -0.757784 0.732122 1.72566 -4.44097 0.665724 1.70548
-4.0293 0.232629 0.144613 -1.0618 0.200811 0.0595559 -0.969484 0.716631 1.47956 -4.33087
0.444489 1.98427 -3.66038 0.355229 1.87905 -3.37198 0.2237 0.293713 -1.06109 0.23583
0.226011 -1.06558 0.520432 1.82635 -3.66204 0.170869 1.96419 -3.17321 0.137384 1.80962
-2.95009 0.174698 0.388623 -0.988672 0.201762 0.347407 -1.02786 0.223119 1.8735 -3.14716
0.0580188 1.64481 -2.59861 0.0332371 1.44007 -2.15613 0.106322 0.44883 -0.782941 0.144741
0.421824 -0.91828 0.0831877 1.66664 -2.70444 0.0216792 4.79606 -0.0647593 0.0166531 8.52695
-0.0682217 0.0336733 3.95512 -0.0784226 0.0469211 3.61417 -0.0923995 0.0551263 3.81639 -0.0949848
0.0563344 4.15534 -0.093563 0.0541113 4.35484 -0.0923601 0.0511078 4.46403 -0.0911694 0.0483445
4.55108 -0.0894989 0.0461492 4.63394 -0.087341 0.0446319 4.70972 -0.0848482 0.0438318 4.77802
-0.0821228 0.0436154 4.84249 -0.0791861 0.0434521 4.90801 -0.0760152 0.0424428 4.98098 -0.0725449
0.0392471 5.07094 -0.0686156 0.0314124 5.19441 -0.0638736 0.014536 5.37978 -0.0572117 -0.0188957
5.67972 -0.0639683 -0.0382988 6.10931 -0.0780859 -0.0325965 6.54681 -0.0711651 0.162876 1.07099
-0.378342 0.149666 1.60368 -0.388168 -0.0251578 6.84236 -0.0570966 0.171221 1.29931 -0.433333
0.137793 1.81641 -0.391232 -0.00706565 6.97835 -0.0474846 0.137008 1.46159 -0.414389 0.113521
1.93224 -0.375975 0.107075 1.53492 -0.389549 0.0924743 1.9618 -0.352191 0.0206032 7.00551
-0.0415057 0.0364303 4.8058 -0.0475285 0.0232239 8.52804 -0.0698039 0.0564474 3.98347 -0.0440709
0.0652653 3.65511 -0.0468023 0.0657839 3.8613 -0.0442314 0.0617142 4.20172 -0.0401513 0.0566025
4.40085 -0.0365056 0.0518522 4.50814 -0.0330432 0.0479994 4.59233 -0.0294887 0.0455481 4.6717
-0.0258238 0.0449554 4.74359 -0.0220938 0.0467468 4.80763 -0.018317 0.0516701 4.86741 -0.0144612
0.0610198 4.9277 -0.0104612 0.0772909 4.99417 -0.00627554 0.105368 5.07562 -0.00195582 0.155017
5.18829 0.00247984 0.242106 5.36294 0.0182547 0.37419 5.67211 0.135571 0.453359 6.14693
0.290924 0.350983 6.60067 0.367861 0.173156 6.8388 0.390886 0.066544 6.91767 0.386946
-0.00198654 6.93446 0.359465 0.0499791 4.80859 0.0118535 0.025369 8.52667 -0.0389531 0.078547
3.99065 0.0487498 0.0760984 3.66539 0.069137 0.0629957 3.8696 0.0794988 0.0515679 4.20495
0.0855746 0.0435182 4.39832 0.0910041 0.0375675 4.50026 0.0959826 0.0332467 4.57911 0.100237
0.031102 4.6528 0.103816 0.0318073 4.71856 0.106905 0.0361764 4.77578 0.109655 0.0455492
4.82725 0.112182 0.0625877 4.87622 0.114566 0.0925469 4.92569 0.11686 0.146048 4.97864
0.119074 0.246393 5.04082 0.121818 0.436291 5.1281 0.168341 0.264668 2.18528 0.25386
0.226105 1.65344 1.56614 0.0685234 0.883667 0.689831 0.0668824 2.31952 2.70807 0.2046
1.68178 2.50003 0.00792341 2.5044 2.51086 -0.0438584 2.08619 2.95744 0.0656586 2.55676
2.1493 0.0144435 2.1798 2.50032 0.102379 2.5181 1.77091 0.0835976 2.19387 2.14721
0.0629381 4.79837 0.0889595 0.0266706 8.52125 0.00955679 0.0978146 3.9611 0.164607 0.0792855
3.62388 0.213115 0.049965 3.81737 0.232325 0.0311497 4.13867 0.239825 0.0206126 4.31964
0.246334 0.013966 4.41226 0.251792 0.00966492 4.48361 0.255263 0.00806947 4.55046 0.256944
0.00990347 4.60945 0.257353 0.0159346 4.6594 0.25685 0.0274687 4.70186 0.255642 0.0472838
4.73762 0.253815 0.0810143 4.76513 0.25139 0.140237 4.77605 0.248267 0.251112 4.75281
0.244912 0.461591 4.66167 0.306479 0.139278 0.485347 0.282256 0.190308 0.849923 0.329049
-0.0077816 -0.359716 0.364555 -2.41132 2.91943 23.592 -1.55078 2.32163 13.2823 -0.250929
1.25705 3.39714 0.156152 4.82285 22.4852 -0.110338 5.08926 24.0624 -0.562694 4.5023
23.2503 0.387978 4.29491 23.0532 0.451104 4.70056 24.3605 0.385521 4.59182 22.6787
0.342367 3.80603 23.8371 0.341478 4.14889 25.2184 0.332311 4.04607 23.4321 0.124005
2.13517 1.49368 0.589273 2.56219 22.0173 0.605405 3.18816 24.9321 0.500668 3.39933
24.0937 0.052071 4.77174 0.203791 0.00593636 8.51299 0.108904 0.0901004 3.8899 0.315556
0.0571836 3.52474 0.388833 0.0185213 3.69773 0.408337 -0.00146187 3.9966 0.408444 -0.0103243
4.16032 0.407713 -0.0145657 4.24177 0.405786 -0.0165354 4.30586 0.401171 -0.0160314 4.3673
0.394296 -0.0124387 4.42173 0.38604 -0.00529172 4.46718 0.376923 0.00622429 4.50417 0.367206
0.0238111 4.53166 0.357007 0.0507803 4.54447 0.346474 0.093143 4.5259 0.33584 0.163521
4.44145 0.325713 0.282338 4.2188 0.358176 0.0981814 0.603727 0.346143 0.0935789 0.889808
0.418043 -0.0310104 0.358519 0.653088 0.0209043 -0.0153863 0.348088 -0.246882 18.218 30.0151
-0.0119273 23.8848 19.3145 -0.0292221 10.7724 8.82183 -0.20332 7.40108 12.2256 0.0326339
4.72349 0.266757 -0.0148825 8.51401 0.194185 0.0673069 3.76103 0.37077 0.0311603 3.3534
0.4324 -0.00246296 3.50683 0.435941 -0.0162626 3.78978 0.420783 -0.0202454 3.94416 0.406366
-0.020595 4.02298 0.392341 -0.0195929 4.0882 0.377229 -0.0169742 4.15195 0.361364 -0.0124477
4.20902 0.345462 -0.00587509 4.25702 0.329853 0.00295665 4.29595 0.314662 0.0142225 4.32425
0.300012 0.0277161 4.33596 0.286202 0.0418299 4.31349 0.274091 0.0509702 4.22066 0.265659
0.0419566 3.98522 0.24975 0.0323448 0.680815 0.437975 0.0205827 1.00158 0.391443 0.0180698
0.395467 0.574582 0.0230901 0.491859 0.575835 0.590019 27.8564 3.11732 0.565028 28.3622
0.749806 0.482596 12.7771 0.996696 0.464488 11.6303 2.08089 0.203947 4.67871 0.00329407
0.205775 8.49226 0.0443347 0.185769 3.67763 -0.00493962 0.149046 3.25886 -0.0291491 0.116893
3.4052 -0.037296 0.097414 3.68461 -0.0411971 0.0837866 3.83931 -0.0441624 0.0727576 3.92098
-0.0455624 0.0637962 3.98975 -0.0454261 0.0571543 4.05662 -0.0443576 0.0525607 4.1162 -0.0427624
0.049779 4.16633 -0.0408059 0.0483444 4.20729 -0.0385794 0.047111 4.23837 -0.0360648 0.0431906
4.25568 -0.0329879 0.0287121 4.24712 -0.0284631 -0.0168186 4.18839 -0.0209423 -0.133447 4.03762
-0.0544288 0.00268933 0.886047 0.178241 -0.0362826 1.08708 -0.0326345 0.0532672 0.590762 0.565469
0.0630324 0.74664 0.288357 0.446871 27.4927 -4.00131 0.476113 27.1249 -5.6704 0.423427
12.2377 -1.77553 0.367796 11.5462 -0.949125 0.352369 4.64757 -0.269579 0.416127 8.01412
-0.122852 0.274307 3.83918 -0.378043 0.244131 3.48862 -0.46608 0.214212 3.63524 -0.470195
0.188161 3.89992 -0.450655 0.165087 4.04203 -0.431311 0.144028 4.10958 -0.411232 0.125697
4.16223 -0.389386 0.110366 4.21258 -0.366843 0.0975547 4.25647 -0.344605 0.0868331 4.29227
-0.323094 0.0775066 4.32107 -0.302462 0.0682682 4.34364 -0.282803 0.0562295 4.3599 -0.263971
0.0335353 4.36825 -0.245545 -0.0204532 4.36678 -0.226515 -0.14685 4.36274 -0.233028 0.0585997
0.855441 -0.140278 -0.0324462 2.17926 -0.353447 0.0730277 0.684071 -0.239864 0.16918 0.436918
-0.0689736 0.170404 24.5302 -10.9166 0.185054 21.9938 -16.4421 0.189638 10.1628 -7.5487
0.160545 10.6285 -4.65722 0.327473 0 -0.291338 0.406837 0 -0.186784 0.23806
0 -0.412426 0.217193 0 -0.500379 0.194147 0 -0.500485 0.171171 0
-0.476027 0.15043 0 -0.45192 0.131243 0 -0.427787 0.114214 0 -0.402738
0.0997133 0 -0.377561 0.0874059 0 -0.353071 0.0769035 0 -0.329691 0.0676358
0 -0.307563 0.0586557 0 -0.286792 0.0478943 0 -0.267378 0.0301678 0
-0.24921 -0.00896701 0 -0.230863 -0.100504 0 -0.219516 -0.303683 0 -0.50572
-0.00614545 1.16524 -1.17917 0.19673 0 -0.479934 0.0737627 1.22621 0.0412626 0.45128
1.85722 -3.43945 1.65276 2.53551 -12.6615 2.37404 2.96963 -22.261 0.20248 0.352055
-1.55225 0.240684 4.62898 -23.7161 -0.00213614 4.3626 -22.3065 0.459406 0.593835 -1.83662
0.384229 0.503474 -1.85677 0.654862 4.17107 -22.6258 -0.268308 4.27102 -24.3825 -0.232614
3.92702 -23.1024 0.402433 0.749344 -1.53728 0.445124 0.678115 -1.69092 -0.212846 4.16304
-22.6455 -0.263699 3.76857 -25.3281 -0.292499 3.45453 -23.8995 0.310417 0.841817 -1.27825
0.35425 0.804653 -1.40139 -0.233825 3.69982 -23.5299 -0.567245 2.93219 -24.8373 -0.563424
2.41942 -21.8583 0.211494 0.87714 -0.844024 0.267334 0.86169 -1.13165 -0.464883 3.10294
-24.0762 0.20041 4.4487 53.1932 -1.52734 3.87218 24.8473 -0.189596 10.1721 7.55741
-0.185031 22.0154 16.463 3.86466 5.2331 51.1759 0.187028 4.53069 23.9344 2.88899
4.59882 55.3061 0.24632 4.02264 24.9078 2.30324 3.93429 58.3819 0.36672 3.47334
25.6962 -0.423618 12.2481 1.78052 -0.476354 27.1496 5.68305 -0.482537 12.7878 -0.992794
-0.564963 28.3883 -0.740832 0.0292562 10.7811 -8.82154 0.0119478 23.9053 -19.3123 0.251469
1.25806 -3.39871 1.55246 2.32299 -13.29 2.4144 2.92045 -23.6078 1.50916 4.03137
-26.0232 0.567074 4.5021 -23.2709 0.115924 5.08901 -24.0857 -0.150024 4.82298 -22.5082
-0.348246 5.01466 -24.0199 -0.378093 4.59279 -22.7048 -0.442543 4.70186 -24.3903 -0.378709
4.29637 -23.0829 -0.380754 4.40122 -24.8216 -0.318945 4.04775 -23.4671 -0.324835 4.15071
-25.2585 -0.32462 3.80732 -23.8766 -0.405058 3.83845 -25.701 -0.475896 3.39644 -24.1164
-0.574944 3.18174 -24.9052 -0.561628 2.55375 -21.9442 -0.120344 2.13955 -1.48114 -1.33577
3.09224 18.5774 -0.744618 1.39012 4.55003 -0.512026 8.22244 13.2202 -0.602575 18.6484
32.1285 -0.141055 3.85892 16.9848 -0.572941 1.90429 4.05374 0.0858428 3.69419 16.9484
-0.225193 1.9984 3.43112 0.238732 3.32544 17.2532 -0.0443211 1.82982 2.98395 0.0271519
13.0453 2.68932 0.0417656 29.4972 6.2715 -0.129603 13.2565 -0.601949 -0.146989 29.8969
-1.07273 0.0344799 12.4226 -6.10915 0.0388408 27.7175 -13.8481 0.430015 1.09063 -4.56501
1.25432 1.76176 -10.4966 0.751851 1.38631 -4.54467 1.32791 3.10122 -18.5677 0.812739
3.56866 -17.8625 0.493357 3.79188 -17.371 0.611941 1.89894 -4.01577 0.135424 3.87197
-16.9865 0.049358 3.84646 -16.9103 -0.00944994 3.80257 -16.8922 0.283466 2.00416 -3.39074
-0.0704451 3.68997 -16.954 -0.0936416 3.6273 -17.0114 -0.120014 3.55399 -17.0913 0.101209
1.85427 -2.95602 -0.218968 3.33951 -17.2732 -0.298142 3.16566 -17.2938 -0.374531 2.91701
-16.8648 -1.50551 4.03109 26.003 -0.462338 3.6239 9.1462 -3.3696 8.29268 47.4257
0.355333 5.01407 23.9936 0.392094 4.39954 24.7872 0.427166 3.83883 25.6628 0.217942
12.1828 3.45063 0.262337 27.3565 7.01452 0.251139 12.4546 -0.597244 0.294469 27.8228
-2.07504 0.245526 11.9339 -3.29487 0.286066 25.9652 -7.99122 0.799476 3.90571 -8.12137
3.50943 7.96357 -43.0136 1.52622 3.86888 -24.8263 -0.201581 4.44501 -53.1477 -2.3824
5.11094 -50.3216 -3.33642 5.35929 -49.5681 -0.188943 4.52673 -23.9139 -3.86639 5.22857
-51.1322 -3.74663 5.07277 -52.1668 -3.49109 4.90824 -53.2443 -0.253422 4.017 -24.8886
-2.90278 4.59238 -55.2659 -2.65053 4.44342 -56.155 -2.45771 4.28818 -56.9601 -0.379365
3.4681 -25.6985 -2.32969 3.92853 -58.3818 -2.38189 3.6671 -58.7318 -2.34953 3.28632
-57.6771 -2.37573 2.97234 22.2798 0.00113397 4.36621 22.3255 0.2274 3.93185 23.1212
0.282196 3.46094 23.9108 0.53825 2.41614 21.6389 -0.534567 7.22517 10.2355 3.76681
5.35387 50.2341 3.1809 4.75538 54.3349 2.32358 4.12906 57.7303 -0.375835 11.385
2.2451 -0.4558 26.5712 6.84714 -0.199171 11.9703 -0.110521 -0.244521 28.2557 0.271867
0.0277347 11.0129 -5.05479 0.0171071 26.2576 -12.0516 -2.54661 5.5111 -51.562 -3.42697
5.8919 -49.9273 -3.78217 5.92964 -50.1526 -3.69088 5.63006 -51.7696 -3.41703 5.4311
-52.6959 -3.08325 5.23871 -53.5893 -2.43401 4.91247 -55.2105 -2.19225 4.7627 -55.9962
-2.05728 4.60438 -56.7894 -2.10914 4.0779 -58.0101 -2.11031 3.60612 -57.1291 -0.659106
1.03283 3.88013 -0.639473 1.71247 4.05871 -0.303312 1.87683 3.41056 -0.0815667 1.78857
2.97968 0.00794491 1.39327 2.15237 -0.4576 3.92939 9.638 -0.303004 3.84549 17.1273
2.52012 5.36491 50.4099 1.7564 5.0865 51.7499 2.82333 5.40161 50.5557 0.0557857
3.75151 16.9035 2.42126 5.14746 52.3613 2.69066 5.2558 51.6674 2.12098 5.0369
53.0727 0.18152 3.45491 17.164 1.47516 4.72022 55.1947 1.61811 4.82955 54.48
1.43591 4.59091 55.9346 1.88002 3.82206 56.818 1.68172 4.18545 57.2962 -0.105093
12.0187 3.69008 -0.126059 28.8211 9.55051 0.00957441 12.3836 0.00779146 0.0124155 29.6447
-0.00949073 0.103719 12.0189 -3.67618 0.124188 28.8213 -9.50787 0.457958 3.93102 -9.63228
3.41558 9.03602 -48.6153 0.0778071 1.57118 -0.344583 -0.02746 11.0039 5.05717 -0.0167878
26.2349 12.0574 0.199369 11.9607 0.114649 0.244763 28.23 -0.261417 0.375581 11.3753
-2.24013 0.455472 26.5465 -6.83313 0.534518 7.21878 -10.2253 0.615762 17.0184 -25.8714
0.461453 0 -0.405058 0.548707 0 -0.474298 0.631905 0 -0.489995 0.683223
0 -0.488414 0.706657 0 -0.477765 0.707956 0 -0.462386 0.693485 0
-0.44425 0.66117 0 -0.424086 0.595793 0 -0.404568 -3.48992 3.64875 53.4541
-0.615858 17.0349 25.8976 -0.326966 4.6152 -56.0388 3.58099 3.57287 -57.6866 -3.83455
5.80967 -50.8793 -2.74161 5.06516 -54.4221 -2.04332 4.39458 -57.5445 -1.96335 2.47431
18.0749 -0.100801 4.40002 55.7213 -3.53765 3.52874 57.7286 -3.3964 9.02586 48.6353
2.85455 5.3476 51.0523 1.84133 4.93141 53.7755 1.5077 4.4239 56.6999 0.0426563
4.41964 -55.7013 -1.86996 5.1252 -51.7855 1.96508 2.47525 -18.066 3.54364 3.53218
-57.7009 -2.66112 5.41019 -50.5107 0.28935 3.86367 -17.1278 -2.96846 5.44292 -50.7071
-2.99092 5.37878 -51.2356 -2.81586 5.27507 -51.8693 -2.53183 5.15478 -52.5725 -0.0439085
3.74871 -16.9077 -2.21941 5.03431 -53.2863 -1.93284 4.92212 -53.9888 -1.70304 4.8189
-54.6921 -1.55346 4.71301 -55.4072 -0.161031 3.46162 -17.1762 -1.50921 4.5898 -56.153
-1.58059 4.43187 -56.9425 -1.75613 4.2054 -57.6115 -1.96198 3.85397 -57.302 2.55257
5.51146 51.5111 0.332715 4.61491 55.9913 -3.57467 3.57169 57.6463 3.43336 5.89227
49.8742 3.78889 5.92964 50.0968 3.69816 5.62899 51.7064 3.84148 5.8091 50.82
3.42531 5.42964 52.6282 3.09352 5.23699 53.517 2.45439 4.91032 55.1222 2.75574
5.06321 54.3428 2.21884 4.76047 55.8994 2.0895 4.60269 56.6848 2.16318 4.08207
57.9168 2.08455 4.39495 57.4378 2.17716 3.6134 57.079 3.48575 3.64559 -53.4085
-3.76679 5.34954 -50.1912 -3.19138 4.74957 -54.2921 -2.34593 4.12152 -57.7076 -2.10375
2.81333 -55.1268 -0.436406 2.56698 -15.8568 -2.09351 3.36664 -55.9843 1.99182 3.02893
54.7889 -0.0873248 2.4426 -1.56336 0.0679805 6.89525 -0.330073 -0.0582026 6.95702 0.0540485
-0.10698 3.2468 0.383481 0.122256 3.24562 -0.381565 0.0554391 6.95421 -0.0527479 -0.061859
6.88951 0.332989 0.0920936 2.43499 1.58207 2.02976 2.8093 54.7262 -1.92299 3.01941
-54.7806 0.44806 2.5272 15.6649 2.00986 3.32896 55.2262 -0.516419 2.24035 -9.43755
-0.0374772 1.44464 -2.00699 -2.16025 5.38708 -37.9376 0.700119 2.34895 14.2776 2.03652
5.13657 36.5268 -0.652094 2.25425 -14.0319 -2.28452 4.97622 -37.1591 -0.137638 5.55946
1.49571 0.0334439 4.77384 2.11263 -0.199774 9.7257e-31 1.30969 -0.105585 3.91189e-30 1.16504
-0.00849024 5.44743 1.38139 -0.0162172 1.36645e-29 1.07072 0.0625476 4.19088 1.3574 0.0964606
4.78402e-29 1.19792 -0.131521 1.95258 1.59145 -0.233887 3.04622 1.9233 -0.00574287 3.72602
1.3647 -0.143387 1.36339e-31 0.524828 -0.176818 1.06796 1.7921 -0.284914 2.46846e-32 0.332934
-0.348079 8.99497e-34 0.541916 -0.410956 5.2396e-34 0.577705 -0.264102 1.14195 1.98325 -0.197297
1.15229 2.00432 -0.450687 2.56e-34 0.564673 -0.467777 9.83922e-35 0.544681 -0.251792 1.13073
1.69266 -0.269578 1.13451 1.84073 -0.46909 3.53624e-35 0.522024 -0.46055 1.37065e-35 0.499476
-0.20601 1.11034 1.46766 -0.227186 1.12318 1.56868 -0.444717 4.81854e-36 0.476128 -0.41809
2.43318e-38 0.446607 -0.18029 1.06267 1.17133 -0.190923 1.0894 1.36279 -0.0398191 4.85221
1.38613 1.2745 6.66088 2.41497 0.63991 5.2017 2.7206 0.068207 4.71176 1.29083
0.128976 3.54864 1.40823 0.185974 3.8351 1.35651 0.0486886 3.23832 1.37758 -0.577172
3.33011 4.41116 -0.804472 5.5362 7.5356 -0.399278 6.05592 6.43281 -0.418876 4.06346
1.57916 -0.306861 3.90424 1.08949 -0.404376 3.68613 21.9611 0.0919594 4.36219 23.5355
2.32533 4.95239 50.1793 0.741958 4.43293 50.3306 0.398273 4.51509 23.2031 0.419429
4.6653 24.9713 2.90424 5.27811 54.3129 3.10287 5.35805 53.1865 0.215571 4.21998
24.0987 0.175349 4.34568 25.8722 1.68078 4.90302 57.7258 1.94466 4.99181 57.0511
0.232847 3.90281 24.5763 0.354081 3.90252 26.1111 1.71429 4.40215 59.4791 1.52694
4.61003 59.2916 0.889699 2.48379 13.945 0.796479 2.62741 7.80788 0.840826 5.65854
11.5012 1.58621 4.45759 35.992 -0.00721653 4.54293 0.254642 0.630428 8.94978 0.655539
1.57201 8.29068 1.81548 0.0220653 4.28926 0.262442 0.155712 4.00935 1.05949 0.0980779
4.52617 0.488476 0.156116 3.63671 1.47384 0.160299 4.08482 1.23364 0.352964 4.3619
3.05063 0.57531 4.68001 2.46998 0.335661 4.8411 2.05715 0.214965 4.38789 2.48254
0.824271 9.62174 -0.705379 0.492823 8.29373 -1.62019 -0.317632 -4.03359 -13.7061 -0.672278
-2.84495 -15.5893 -0.0876016 4.6976 -1.12264 -1.65476 8.19105 -1.9608 -0.691893 9.4894
-0.690477 -0.151937 4.48865 -1.03255 -0.00089415 4.78572 -0.385688 -0.193439 4.12601 -1.16478
0.162887 4.78647 0.641503 -0.00247782 5.14654 -0.47526 0.675332 5.05384 1.95704 0.117936
5.3794 0.531113 0.103766 6.00891 0.418732 0.366338 5.39552 1.37374 0.219246 6.95926
-0.113081 -0.565471 6.92885 -0.00633847 -0.313532 -7.48309 0.168045 0.034676 -7.0717 -3.90559
0.054404 5.39773 -1.84344 -0.649494 4.92359 -3.00639 -1.76902 6.73838 -2.85461 -0.146176
5.30385 -1.73126 -0.221333 3.76545 -1.4512 -0.226019 4.37763 -1.70768 -0.22418 4.21009
-1.33533 -0.153327 3.68065 -1.52503 -0.830134 4.45119 -2.87647 -0.570415 4.36905 -1.92065
-0.380834 4.36287 -1.69067 -0.520703 4.70458 -2.33116 -1.20013 8.77205 1.11517 -1.38668
9.72812 1.3623 -0.22134 -5.85507 14.6146 -0.307154 -6.7021 11.5003 0.108613 6.26592
-1.36933 0.0185107 3.44447 -1.67713 -0.125849 2.98567 -2.75027 -0.0861695 6.19847 -1.30461
-0.318438 6.23506 -1.43462 -0.0774853 3.05416 -2.39272 -0.163491 4.12797 -1.9617 -0.142969
4.15326 -1.80948 0.081632 4.2747 -2.79758 0.111509 4.32244 -4.69038 -0.251473 5.81497
-8.94245 0.243959 4.7007 -7.39872 0.012792 3.04464 -3.22235 -0.477598 10.0257 -11.3407
-0.512575 5.5702 -11.4426 -1.14015 4.76546 -37.4569 -0.14956 3.77624 -3.83791 0.0261506
6.69567 -0.478789 0.0788889 6.79641 -0.406197 -0.0554888 6.67358 -0.476276 -0.16029 6.78007
-0.535473 -0.238038 7.02667 -0.697017 -0.208591 7.26718 -0.773251 -0.193163 3.10887 -2.18944
-0.378554 3.41254 -2.12936 -0.114283 7.40134 -0.71693 -0.345002 3.06459 -2.27644 -0.292549
3.33836 -2.10247 -0.0402578 7.45247 -0.669463 -0.281658 2.98852 -2.10836 -0.245353 3.27873
-1.93499 0.0132326 7.4579 -0.620195 -0.241646 2.90713 -1.97883 -0.206049 3.17237 -1.82484
-0.200233 2.75626 -1.69546 -0.166729 3.03834 -1.3568 0.0688303 7.42493 -0.565681 -0.0646258
6.78389 0.061237 -0.0746589 6.86471 0.0638609 -0.0477505 6.78062 0.0569156 -0.0265286 6.88887
0.0582725 -0.00393679 7.10624 0.0736675 0.00958154 7.34881 0.0730017 0.0114313 7.52205 0.0562883
0.00491339 7.59939 0.0452341 -0.00640325 7.60092 0.0400601 -0.0288059 7.54631 0.0503954 -0.121103
6.63639 0.644242 -0.209999 6.76824 0.584437 -0.00116627 6.60258 0.632332 0.135197 6.6914
0.730677 0.0280426 3.48922 0.617716 -0.0735411 2.3569 0.586822 -0.0728342 1.91043 0.527412
-0.0483075 2.36942 0.587047 -0.0753106 1.9546 0.638362 -0.0169737 2.35471 0.562925 -0.0337032
1.93757 0.611116 0.00360449 2.3344 0.536603 -0.00511283 1.90619 0.583296 -0.0309251 3.70358
0.58539 0.0179392 1.9101 0.545243 -0.126888 6.11334 1.51368 0.039726 3.80987 2.10612
0.0896112 6.05261 1.44478 0.277269 3.95856 1.26499 0.0215877 1.81049 1.16295 0.0204928
2.19391 1.71471 0.255334 3.02419 1.17663 -0.0500155 0.685722 1.22166 -0.0904054 0.724919
1.41526 -0.0681435 0.734933 1.40074 -0.0814612 0.69443 1.32819 -0.0886458 0.697262 1.36506
-0.0572841 0.677729 1.23763 -0.068141 0.679912 1.27861 -0.0354622 0.686868 1.09873 -0.0429552
0.676229 1.17161 -0.0364078 5.22029 1.75903 1.05755 5.88419 3.10475 0.515333 3.78416
3.24608 0.154456 5.13409 1.6456 0.36261 2.83858 1.59185 0.34229 3.4989 1.95034
0.295367 2.21686 1.61378 -0.205912 1.92182 3.25603 -0.216425 2.86421 5.14314 -0.143928
4.32418 6.31351 -0.160415 2.892 1.10043 -0.0168785 2.69349 1.7091 0.0405736 2.18208
3.56667 0.145202 2.35356 3.70344 0.116015 3.40156 17.1053 -0.193379 3.14099 16.976
0.0783416 2.28989 3.34087 0.100567 2.4117 3.35434 0.15859 3.63692 17.442 0.166451
3.63099 17.3795 0.0935891 2.24353 3.05374 0.104817 2.33522 3.10787 0.00320346 3.59342
17.6987 0.0436054 3.61226 17.6327 0.0604173 2.06252 2.88477 0.0539733 2.07187 2.8893
0.0460303 3.38641 17.7382 -0.00203087 3.48474 17.8172 0.184255 1.95051 3.3934 0.332074
3.16919 4.20631 -0.0108021 7.1964 7.79186 0.0347937 8.15086 11.273 0.754443 4.80199
33.8545 0.423715 2.60105 13.1895 0.0268522 4.66309 0.760305 0.789088 8.93844 1.16539
1.51419 7.86132 2.38655 0.0915841 4.44385 0.708834 0.266273 3.91499 1.61863 0.165429
4.51011 0.884027 0.302641 3.06431 2.18701 0.231965 3.88033 1.77932 0.375264 3.80258
4.52771 0.501603 4.71392 3.34112 0.313123 4.83676 2.7431 0.296479 3.83529 3.64669
0.527465 12.0943 2.86387 1.04583 11.4618 -0.989234 -0.116361 -3.5257 -15.8378 -0.778774
-0.347905 -14.1061 -0.0495646 4.65717 -0.804573 -0.952672 8.73995 -1.30804 -0.196092 9.72295
-0.160976 -0.106177 4.44457 -0.743919 0.00964309 4.86503 -0.087429 -0.169946 4.20926 -0.962384
0.205074 4.6571 1.04065 -0.0296348 5.19496 -0.135571 0.870197 4.68896 2.85958 0.611402
5.17223 1.86069 0.309044 5.89502 1.30077 0.470158 5.04972 2.11419 0.756215 7.68852
-0.6768 0.264682 7.38038 -0.501639 0.0927226 -7.85638 -4.24473 0.228128 -7.45514 -8.24496
0.0594829 5.21146 -1.74224 -0.936195 5.8813 -2.98323 -1.40981 7.72423 -2.27283 -0.136388
5.13389 -1.63087 -0.275006 3.83522 -1.59086 -0.313248 3.47382 -1.90174 -0.255626 4.30191
-1.16404 -0.251431 3.7794 -1.72746 -0.950666 4.44118 -2.77465 -0.758532 4.38736 -1.99574
-0.486408 4.44985 -1.70846 -0.592918 4.73773 -2.14806 -0.818019 7.71085 0.685433 -1.27541
8.51 1.03595 -0.371033 -6.78577 11.788 -0.259462 -7.50846 8.37464 0.156187 6.10502
-1.48959 0.00546641 3.80287 -2.09263 -0.443629 3.7986 -3.20784 -0.0654331 6.04733 -1.42157
-0.31406 2.84267 -1.55607 -0.24369 3.95234 -1.25151 -0.273006 3.03574 -2.11632 -0.244155
2.22672 -1.57652 -0.340253 3.81978 -4.3975 0.0321384 3.0957 -2.36359 -0.0446745 2.99867
-2.53696 -0.268382 3.83361 -3.53563 -0.5933 12.1418 -2.90719 -0.17412 10.7242 -9.71835
0.468699 3.85178 -1.0209 0.667248 -0.100533 14.0458 0.130046 6.62861 -0.642574 0.221174
6.75884 -0.584448 0.00933253 6.59543 -0.629936 -0.128416 6.68307 -0.727304 0.00188526 1.77051
-1.1502 -0.0146124 3.44769 -0.608427 -0.216332 3.02518 -1.16477 0.016843 2.19866 -1.70451
0.268245 1.97757 -3.25857 0.0786544 0.678951 -1.20448 -0.0840684 2.40273 -3.70651 -0.045779
2.33069 -3.52663 0.0983764 0.729687 -1.40216 0.0833601 0.734797 -1.38278 0.015822 2.22689
-3.57057 -0.00871946 2.48169 -3.32666 -0.000533424 2.35772 -3.146 0.0902839 0.727979 -1.31952
0.0969105 0.726516 -1.35455 0.00709097 2.35447 -3.32087 -0.0253962 2.42763 -3.07308 -0.0155278
2.27213 -2.94062 0.0707953 0.723007 -1.22907 0.0819584 0.726665 -1.27082 -0.0130903 2.33096
-3.02152 -0.00546383 2.1607 -2.85419 0.00948383 1.94218 -2.61513 0.0470864 0.721065 -1.08574
0.0576306 0.719374 -1.16141 -0.00645112 2.15361 -2.8503 0.0643297 6.78081 -0.0608751 0.0740244
6.86189 -0.0631997 0.0475466 6.77685 -0.0566755 0.0262242 6.88457 -0.0580807 0.00457947 7.10091
-0.0753009 -0.0104671 7.34314 -0.0754896 0.0894604 1.88416 -0.514013 0.073816 2.33671 -0.575431
-0.0156342 7.51632 -0.0565681 0.0679499 1.9436 -0.62836 0.0424643 2.38138 -0.578738 -0.00985302
7.5944 -0.0431009 0.0324907 1.95836 -0.602145 0.0203178 2.38492 -0.553428 0.000491304 7.59786
-0.0373364 0.0138163 1.94134 -0.571597 0.00715223 2.3662 -0.525372 -0.00252581 1.93968 -0.533959
0.0425349 3.71043 -0.576178 0.0225513 7.54503 -0.0485389 -0.0252507 6.69246 0.480929 -0.0754643
6.79288 0.408992 0.0558904 6.6693 0.478211 0.160542 6.77429 0.537454 0.238336 7.0191
0.698224 0.209798 7.25846 0.773609 0.116689 7.39178 0.717478 0.0429677 7.44348 0.67041
-0.0108049 7.45085 0.621497 -0.0668684 7.42059 0.567296 -0.101482 6.25655 1.38169 -0.0122452
3.43185 1.6909 0.0923448 6.18662 1.31609 0.325028 6.22122 1.4478 0.180117 4.0966
1.96834 0.397688 3.377 2.1265 0.216113 3.06871 2.18883 0.308728 3.3043 2.1016
0.363609 3.02747 2.27325 0.26076 3.24624 1.93748 0.298743 2.95297 2.10936 0.220366
3.14201 1.8309 0.25789 2.87333 1.98329 0.178529 3.01144 1.36037 0.214617 2.72579
1.70135 -0.0261474 5.38434 1.86966 0.727374 4.90327 3.08295 0.145849 2.97665 2.77825
0.166147 5.28174 1.7524 0.263713 4.35374 1.73418 0.109754 3.0032 2.41555 -0.0363932
4.22072 2.85501 0.185327 4.1294 1.84582 0.032797 2.9757 3.22352 0.302501 3.92202
23.128 0.172544 3.7736 24.3097 -0.214369 3.28582 22.5109 0.164849 3.94098 23.8619
0.223015 4.10907 25.2642 0.273421 3.99142 23.482 -0.0835919 3.82103 24.4427 -0.0831059
3.98989 25.9891 0.0135929 3.87858 24.1876 0.248745 3.38857 23.915 0.0670553 3.76634
26.3079 -0.0210736 3.73992 24.6692 0.165309 2.55931 1.68135 0.428266 2.69128 5.31722
0.815042 2.61083 7.16659 0.828074 2.53986 13.9332 0.0928633 4.69444 1.11378 1.67613
8.30286 1.95399 1.93815 6.77483 2.98198 0.154981 4.47073 1.02494 0.266788 3.74441
1.48317 0.215532 4.22313 1.15681 0.191115 3.66873 1.57195 -0.0610426 4.25267 4.77783
-0.0237736 4.74902 3.35047 -0.0672411 4.73276 2.21062 0.481118 10.0016 11.3416 0.65442
12.0342 3.5151 -0.311266 -0.241515 -12.9772 0.19426 3.76513 3.98721 -0.0237555 4.54058
-0.303152 -0.741475 8.94758 -0.780943 0.474183 9.57174 0.499591 -0.0429488 4.27814 -0.299614
-0.00179608 4.77486 0.301085 -0.141575 4.35206 -0.565849 0.227516 4.32934 1.3067 -0.0444371
5.11158 0.326498 0.843234 4.49511 3.09565 0.790503 5.05521 2.50526 0.405968 5.64295
1.87642 0.495871 4.7865 2.42512 0.988381 9.22696 -1.55952 0.990122 8.6166 -1.44199
0.38319 -6.82962 -9.01059 0.196724 -6.4862 -11.9948 0.0268943 4.84171 -1.39921 -1.2644
6.66042 -2.38488 -1.54213 8.26636 -1.80377 -0.0771431 4.69753 -1.29925 -0.226353 3.90181
-1.08202 -0.221543 3.75789 -1.34766 -0.238571 4.53663 -0.757138 -0.235184 3.93463 -1.24464
-0.817757 4.72043 -2.11704 -0.80907 4.56965 -1.77169 -0.513708 4.71559 -1.43294 -0.492984
5.03315 -1.53645 1.30521 6.25466 0.0206267 0.474646 5.36718 0.617765 0.556803 -3.71999
6.86864 0.607968 -5.19187 2.17794 0.144792 5.54866 -1.48164 -0.0355819 4.75658 -2.11022
-0.642219 5.19998 -2.70561 0.0141256 5.43446 -1.36615 -0.134818 3.48133 -1.39181 -0.0614042
4.14742 -1.34421 -0.202232 3.53752 -1.4518 -0.0604531 3.15669 -1.36007 -0.393443 4.25444
-3.02555 0.09544 4.02891 -2.19625 0.0771234 3.97966 -1.60059 -0.263344 4.28437 -2.45532
-2.07091 8.96496 0.670838 -1.47163 10.872 -2.84498 0.53473 1.54991 15.4734 -0.0363466
-1.64287 17.2618 0.112643 0 -1.15934 0.205989 0 -1.31486 0.02297 0
-1.06109 -0.0918446 0 -1.18581 0.127906 1.92877 -1.58257 0.140659 0 -0.518691
0.00264313 3.66549 -1.34959 0.227211 2.99198 -1.90432 0.558831 3.28099 -4.40031 0.169792
1.04232 -1.78446 -0.0765794 4.32757 -23.5223 -0.284975 4.46113 -22.569 0.260032 1.1186
-1.97951 0.190532 1.12774 -1.99819 0.417427 3.65313 -21.9538 -0.402984 4.63862 -24.9344
-0.322248 4.34889 -23.6598 0.249877 1.10951 -1.69202 0.266818 1.11213 -1.83878 -0.382976
4.48658 -23.1731 -0.161812 4.32675 -25.8221 -0.141339 4.06029 -24.3287 0.2051 1.09157
-1.46853 0.225826 1.10318 -1.56899 -0.201965 4.19953 -24.0548 -0.341495 3.89119 -26.0483
-0.438722 3.41307 -23.5803 0.180666 1.04647 -1.17436 0.190416 1.07191 -1.36392 -0.222094
3.88859 -24.5224 -0.701333 2.64444 -7.87446 -0.308165 2.72556 -5.87519 0.130218 0.981536
-1.08032 0.149868 1.01858 -0.957609 -0.819127 2.4891 -13.935 -0.489525 8.34886 37.6693
-0.720877 3.77245 13.4169 -0.102224 4.08691 1.62463 -0.121229 4.14258 2.21907 3.13189
5.3986 51.8933 0.41246 4.76314 24.3183 2.26508 5.08392 56.246 0.29548 4.50116
25.4838 1.45516 4.72607 58.816 0.172737 4.18991 26.1245 1.92906 3.46949 56.023
0.566958 3.06675 23.8591 1.28612 10.4472 3.3076 -0.793392 -0.767395 -14.2666 0.437127
4.98004 1.43812 0.75321 4.80999 1.84511 0.57254 7.65181 -0.490033 0.203957 -6.22463
-7.24304 -0.490717 5.36498 -1.99772 -0.865831 4.86338 -2.56648 -1.01018 8.0996 1.02264
-0.428043 -7.21638 7.96227 0.113168 4.78501 -2.1437 0.0719148 4.81612 -3.25291 -0.80403
12.0147 -3.59758 0.294453 -0.23052 13.1833 0.241415 3.3399 -12.6122 0.231046 3.34695
-22.5456 -0.163143 3.8406 -24.3401 -0.295153 3.98848 -23.156 -0.27879 4.18673 -24.8295
-0.26986 4.05213 -23.5133 -0.221467 4.16782 -25.3 -0.161437 3.99564 -23.8974 -0.0682207
4.10168 -25.7075 -0.00834751 3.92809 -24.2262 0.0882678 4.03842 -26.0319 0.0915436 3.86801
-24.4833 0.119963 3.97609 -26.2662 0.0339815 3.78414 -24.7086 -0.0521371 3.80953 -26.3467
-0.230486 3.43015 -23.9435 -0.40728 3.12055 -24.3876 -0.812862 2.5797 -13.9517 -0.797448
2.65281 -7.18779 -0.406761 2.73436 -5.33096 -0.154437 2.58684 -1.67681 -0.313358 3.01759
10.602 -0.172726 2.25685 3.80176 0.0969195 2.97243 2.59829 0.0168343 3.05861 2.43228
0.175927 3.61478 17.3096 0.118714 2.40574 3.54254 0.0891355 3.62651 17.5719 0.112236
2.38936 3.20996 -0.0252265 3.53925 17.787 0.0860256 2.244 3.03417 0.210948 2.91579
16.1299 0.0117785 1.84074 2.72364 0.184519 10.6714 9.61555 -0.460068 3.58452 0.802311
0.44428 4.61777 1.78953 0.749184 4.5279 2.1548 1.19735 8.43835 -1.03274 0.327397
-6.73078 -11.6597 -0.541144 5.47336 -1.75251 -0.915336 4.89446 -2.41716 -0.300707 7.39819
0.527586 -0.111222 -7.87623 4.36159 -0.299548 4.7976 -2.61983 -0.468359 4.69361 -3.19356
-1.12065 11.5111 1.0274 -0.0339363 -3.49972 15.8763 0.071617 2.72171 -1.68295 0.216313
2.92716 -1.07874 0.194433 4.38371 -6.34741 0.277398 2.9327 -5.16327 0.234837 2.30497
-3.80887 0.368903 3.07949 -10.6471 0.232479 3.20604 -17.0353 -0.0911947 3.4899 -17.149
-0.0330777 2.46491 -3.52666 -0.150489 3.71989 -17.3421 -0.137059 3.73478 -17.4089 -0.124227
3.73748 -17.4695 -0.0198614 2.4712 -3.17421 -0.048007 3.72088 -17.593 -0.0035402 3.70504
-17.657 0.03556 3.68489 -17.7238 -0.0195418 2.33744 -2.99755 0.060962 3.62612 -17.8175
0.0354519 3.56894 -17.851 -0.0158 3.4674 -17.775 -0.164267 2.01576 -3.36009 0.00877218
1.92102 -2.69114 -0.193347 2.98903 -16.1674 -0.403432 2.67106 -13.2119 0.0157805 8.1917
-11.328 0.0435858 7.19948 -7.79135 -0.306422 3.19973 -4.19291 -0.743453 4.90479 -34.1481
-0.205336 3.27366 12.5842 -0.196753 4.62493 7.38085 0.307183 5.74736 8.95729 0.282123
4.12119 24.7984 0.0707436 4.04893 25.6675 -0.110643 3.92986 26.2219 0.429278 3.07879
24.3674 0.548078 5.52926 11.4336 1.18455 4.76109 37.5011 0.389438 4.35495 1.79975
0.595369 4.34221 2.07986 1.07769 10.0319 -1.71893 0.0993147 -5.77795 -14.7181 -0.350548
5.70001 -0.923496 -0.558034 5.12008 -1.33586 1.58547 7.36525 -0.308111 0.721955 -6.36018
-1.96857 -0.3977 4.73223 -2.01352 -0.618938 4.57032 -2.4153 -1.20069 6.7043 1.7119
0.498935 -3.0234 15.6707 0.290774 3.81066 -1.06479 0.401204 3.96106 -1.55083 0.376054
6.02461 -6.41906 0.780004 5.49503 -7.53055 0.7137 3.73262 -13.4114 0.4997 8.37978
-37.6909 -0.700474 4.3975 -50.3313 -2.29139 4.91548 -50.1566 -0.395896 4.73241 -24.2902
-3.10003 5.36768 -51.8243 -3.07212 5.3287 -53.1048 -2.87489 5.25094 -54.2179 -0.280141
4.47877 -25.4389 -2.23966 5.06152 -56.1284 -1.92176 4.97159 -56.9255 -1.66071 4.88444
-57.5929 -0.161239 4.17383 -26.0695 -1.43951 4.71055 -58.6708 -1.51095 4.59687 -59.1388
-1.6947 4.39196 -59.3145 -0.54496 3.06209 -23.7746 -1.8793 3.46721 -55.7855 -1.13752
4.49503 -35.3802 -0.458407 5.60926 -11.4062 0.1536 4.69852 2.72369 0.481294 2.71573
5.76145 -0.191863 1.92605 0.807697 -0.459956 7.3607e-34 0.684723 1.81525 10.6017 2.56819
1.94345 8.85532 4.02394 -0.703619 11.1556 -0.882949 0.831966 11.0995 0.99462 -2.27994
8.68022 -4.47872 -2.0211 10.6133 -2.87256 -0.198828 2.42937 -3.25856 -1.09598 5.51271
-4.57908 -0.0814896 2.07218 -2.0312 0.171418 2.76976 2.88105 0.103197 1.53785 2.22615
-0.0960447 1.63831 0.711868 0.798654 3.83943 4.51004 1.67381 10.391 3.16811 1.48387
7.74473 4.76066 0.299639 4.49355 22.5902 0.337111 4.37336 23.6985 0.152865 4.07814
24.378 -0.365811 -1.58664e-36 0.400448 -0.147568 1.03309 0.951421 0.453983 3.42177 23.6418
2.9631 5.32731 50.6844 2.60326 5.18195 55.3359 1.51014 4.81876 58.2966 1.90061
4.01196 58.317 0.354568 4.86198 1.30242 0.661095 6.05808 1.83412 0.999596 6.14732
0.862293 0.658351 4.75315 1.60903 1.15921 6.21627 0.259582 -0.0228261 -5.07991 -10.3602
0.338549 7.99678 -1.23978 -0.228275 5.86628 -0.887948 1.23513 6.64566 0.885036 0.270483
6.97427 0.277541 -0.568134 5.32445 -1.37657 -1.06482 6.83491 -0.812634 -0.456159 -7.49334
4.27765 -0.892089 7.43759 0.522438 -0.104159 4.53275 -1.1703 -1.18476 6.16734 -1.1127
-0.891932 6.28502 -0.691296 -0.203889 4.64098 -1.16844 -0.51667 6.55557 -1.23891 -0.100301
-3.75329 15.3351 -1.21934 11.4107 0.845333 -0.251434 3.77763 -56.1829 -1.74467 4.20542
-55.7193 -2.19941 4.49964 -55.391 -2.10193 4.593 -56.4503 -1.87991 4.57043 -57.1226
-1.58546 4.53797 -57.7785 -0.94557 4.46772 -58.8651 -0.671409 4.43654 -59.2856 -0.485979
4.40965 -59.6353 -0.497147 4.33184 -60.3072 -0.71016 4.20804 -60.4669 -1.01555 3.91701
-59.4563 0.115458 2.27612 3.53252 0.089279 2.28129 3.17757 0.0848585 2.1785 2.97422
-0.0610615 1.9817 1.06984 0.0233102 1.85923 2.64568 0.16673 3.56272 17.2366 1.40042
4.06268 55.1881 0.175042 3.69698 56.0224 1.70661 4.31376 55.1082 0.128798 3.63572
17.5007 1.397 4.43325 56.9343 1.60023 4.42308 56.3554 1.11465 4.43625 57.4645
-0.0198009 3.57082 17.7406 0.265386 4.42774 58.7262 0.506729 4.43092 58.3822 0.117481
4.42677 58.9932 0.117486 3.20958 17.1552 0.384592 4.31718 59.4715 0.173296 4.4003
59.4767 0.69618 4.10775 58.3109 0.305842 4.7067 1.4831 0.683297 5.89117 4.07104
1.0436 6.46385 2.18076 0.543508 4.69288 1.68841 1.1225 6.56934 0.594907 0.232805
-5.59139 -14.6105 1.38131 9.78319 -1.37119 -0.139256 6.01325 -0.37332 1.5264 6.58939
1.25357 1.23353 7.01691 1.109 -0.243414 5.35396 -0.561292 -0.376939 7.24862 -0.214569
-0.00924668 -7.92244 0.0572706 -0.0166417 7.33458 0.0152902 -0.304924 4.60891 -1.38523 -1.44683
6.44441 -0.855625 -1.19972 6.50031 -0.257422 -0.514532 4.61976 -1.53448 -1.04066 6.61016
-0.459201 -0.309991 -5.64276 14.6986 -1.44258 9.8773 1.39927 -0.641946 5.94977 -4.05234
-0.0173637 5.35786 -6.12552 0.0752183 1.99099 -1.05573 0.131925 4.50329 1.24461 0.618698
6.28783 4.71031 0.236786 4.59367 1.27512 0.584827 6.51783 1.32057 0.0170589 -3.73305
-15.1869 0.93414 11.5234 -1.07425 0.0149391 5.96255 0.401152 1.27774 6.24121 1.45332
1.41056 6.58685 1.42301 0.154654 5.39607 0.57371 0.369577 7.0095 0.460443 0.547375
-6.77775 -5.73319 1.21785 7.98818 -0.870435 -0.410877 4.68541 -1.26157 -1.34686 6.36598
-0.718391 -1.25623 6.22061 -0.172703 -0.691637 4.59032 -1.51951 -1.14484 6.172 -0.0527773
0.825342 -2.99075 11.7272 -0.18517 5.74646 1.45074 -0.684866 6.04916 -1.77902 -0.169111
5.90775 -3.11652 0.358961 4.3396 -1.23878 -0.506303 9.77195 -9.8692 0.27987 0
-0.329493 0.343287 0 -0.538564 0.407042 0 -0.574972 0.447675 0 -0.562482
0.465528 0 -0.542946 0.467469 0 -0.52074 0.459461 0 -0.498588 0.444126
0 -0.475563 0.418133 0 -0.446279 0.366865 0 -0.400782 -0.288755 11.7467
16.4939 0.14384 5.93471 3.14472 0.38329 13.0295 3.85566 0.861085 13.4681 -2.50786
1.33117 9.5199 10.481 0.275487 2.9468 2.16157 1.21965 13.4058 -4.97335 1.42002
13.4629 -4.9498 1.27852 6.35471 0.516854 1.54869 13.9931 -4.46182 1.54111 15.3004
-3.50687 0.370328 16.8311 -0.843199 -1.29341 16.3323 2.31963 -1.43728 6.3451 -1.228
-1.68058 14.7608 4.24635 -1.32885 14.1107 4.53077 -1.05452 13.972 3.26678 -0.717063
14.039 -0.566432 -0.540571 6.35615 -4.65469 -1.06567 12.993 -3.75757 -0.539951 11.5195
-14.8792 0.636343 8.30551 -40.3857 -2.21078 4.58476 -55.7724 -1.26238 4.50164 -58.3593
-0.423107 4.3796 -59.9613 -1.27983 3.46241 -57.4873 -0.368174 8.84751 42.1985 0.0629489
5.30187 6.10591 0.231269 13.3394 17.7609 0.919537 14.4984 1.72553 1.70667 4.39805
55.6825 0.801445 4.43448 57.9535 0.08378 4.42375 59.2371 1.06695 3.71526 55.8805
1.40439 14.6573 -3.34512 1.48915 14.8485 -4.14023 1.28606 6.52735 0.549449 1.57743
15.0849 -5.04664 1.86654 15.7897 -4.67219 1.55116 17.8753 -2.78132 -0.429453 18.7932
1.20655 -1.57215 6.79233 -1.12183 -1.87399 17.0604 4.54158 -1.67953 15.5156 5.61167
-1.42809 15.2088 5.47273 -1.37215 15.0973 4.03946 -0.988245 6.52571 -2.12472 -1.34225
14.8642 3.07398 -0.878339 14.6199 -2.02315 -0.185945 13.4299 -18.0591 0.38411 8.93163
-42.4505 -0.239681 3.78685 -56.2138 -1.55608 4.18806 -55.3432 -0.14629 3.66461 -17.2722
-1.90974 4.46098 -55.2915 -1.91845 4.54717 -55.9077 -1.80156 4.56474 -56.6088 -1.57592
4.56271 -57.2051 -0.0894027 3.73297 -17.5246 -1.27217 4.55329 -57.7419 -0.942228 4.54069
-58.2331 -0.631486 4.52837 -58.6656 -0.37703 4.51799 -59.0136 0.0576154 3.66033 -17.7675
-0.218027 4.51089 -59.2879 -0.173091 4.50266 -59.5425 -0.248279 4.47549 -59.7891 -0.446528
4.38911 -59.7845 -0.0919876 3.28588 -17.1916 -0.742717 4.17508 -58.6077 -1.10174 3.77825
-56.1593 0.233949 3.71206 56.1002 -0.623388 8.25989 40.2684 0.59898 11.4846 14.6829
1.71835 4.13412 55.6541 2.16802 4.42685 55.3277 2.06401 4.52719 56.3705 2.17508
4.51491 55.7018 1.84216 4.50846 57.034 1.54897 4.47959 57.6818 0.9146 4.41568
58.7552 1.22832 4.44664 58.2552 0.643395 4.38643 59.1711 0.461356 4.36057 59.5162
0.485126 4.28586 60.1855 0.404084 4.33195 59.8387 0.705218 4.16373 60.3538 1.01979
3.87399 59.3638 1.29779 3.41957 57.4266 1.17172 12.965 3.55787 0.814739 14.0826
0.456852 0.953184 6.29505 0.844172 1.134 14.1271 -3.26646 1.46017 14.4581 -4.09872
1.68319 15.767 -3.57608 0.471664 17.23 -0.623965 -1.00502 6.78838 -0.638418 -1.23409
16.5049 2.63339 -1.61903 14.72 4.50905 -1.4732 13.9487 5.35941 -1.37626 13.6664
5.39473 -1.0087 6.14171 -0.7446 -1.2104 13.6914 5.25039 -0.876427 13.753 2.65564
-0.408062 13.2661 -3.80609 0.263067 11.8959 -16.5102 -2.93052 5.29359 -50.6341 -2.5756
5.15713 -55.2283 -1.49278 4.8015 -58.157 -1.87161 4.00549 -58.1316 1.05577 5.92012
3.91048 1.37757 8.20885 9.18724 1.30028 5.00099 10.8245 1.08999 7.68422 -2.96972
0.687835 8.64907 0.756773 1.20766 5.22211 -3.08664 1.15895 5.77495 -4.65533 0.433333
3.83136 -1.0013 0.958406 3.50423 -2.36389 -0.383794 4.07226 1.31614 -0.046196 3.06441
0.0683443 -0.921558 5.50993 3.60746 -0.686587 3.87695 2.92211 -0.981048 8.06954 3.44215
-1.00166 6.02583 5.20037 -1.17636 8.46404 -9.83786 -0.53731 9.20802 -0.671696 -0.506187
2.4206 -5.95471 -1.17316 5.04429 -11.3745 1.45098 5.38182 10.9764 0.558853 2.08237
4.95268 0.856923 8.37925 1.05846 1.52135 8.69077 11.0163 0.951386 11.4002 1.54742
1.04926 5.91239 -3.44361 0.85477 6.87412 -4.07176 0.418679 4.04663 -2.05461 0.940201
3.9594 -3.25425 -0.244651 11.6467 -0.21118 -0.25873 3.94616 0.144737 -0.0994811 3.07296
-1.26901 -0.70263 4.43655 2.18019 -1.1985 11.3505 -1.70874 -1.6189 10.3664 -2.9923
-1.11591 6.17151 3.34022 -1.02716 4.4036 3.30318 -0.868683 8.58307 -1.26311 -1.36824
7.76465 -4.59494 -0.710292 3.88833 -4.46614 -1.40387 5.48219 -11.146 -1.4758 8.89017
-11.3169 0.129339 1.63653 -0.712049 -0.0672296 1.57497 -2.19805 -0.113313 2.77838 -2.87252
0.0866738 2.06782 2.05032 0.211668 2.43776 3.29738 0.543168 2.42709 6.06059 1.19336
8.38439 9.68965 1.15972 5.4953 4.67999 2.43439 8.61265 4.65529 0.892254 7.95951
-3.61831 0.494194 9.08645 0.396915 0.734272 5.42163 -3.59652 2.01833 10.5291 2.89265
0.436275 11.1598 0.644777 0.247312 4.07191 -1.12293 0.530509 3.80916 -2.79153 -0.493045
3.95273 1.15577 -0.96452 11.1543 -1.13611 -1.76787 10.6309 -2.50779 -1.19992 5.21918
3.1449 -0.919523 3.5471 2.4996 -1.12616 7.66995 2.97381 -1.92856 8.89025 -3.96544
-1.06277 5.94084 -3.89933 -1.42893 8.20941 -9.22568 -0.741589 8.62484 -0.751674 -0.161409
4.69484 -2.72686 0.460946 0 -0.689177 0.190208 1.91428 -0.810862 -0.496177 2.71033
-5.84523 2.21061 4.97306 36.7863 0.632325 2.25215 13.81 0.809876 -1.84234 -15.2984
0.355238 1.07015 -12.5796 1.01974 -5.1384 -14.9314 0.293985 -8.24407 -4.28475 0.801203
-7.96888 -7.88834 -0.0749623 -7.83572 0.180325 -0.655527 -5.87697 13.326 -0.536148 -6.93423
9.35035 -0.753389 -4.36786 17.032 -1.10273 5.05991 -4.70008 -0.178272 2.03829 13.3581
-2.00009 5.18918 -36.6287 -0.663766 2.34235 -14.1317 0.53948 2.19024 9.30092 0.0683249
1.38971 2.01902 0.730247 0.170942 -11.8798 1.47585 4.77483 5.25665 0.795863 -3.40981
-14.5754 0.276196 -8.92921 -7.8181 0.787243 -7.96994 -11.0717 -0.145011 -8.91255 -3.85138
-0.555122 -8.57051 8.02211 -0.309447 -8.74255 4.70561 -0.377535 3.27736 1.52815 -0.890414
-7.7445 10.8428 -0.764658 0.40193 11.3581 -0.906989 -3.2578 13.923 -0.944159 7.04316
3.8437 -1.44665 4.96165 -5.77872 -0.524591 2.14076 -4.9709 1.11356 4.90009 4.38616
1.20487 5.05514 11.4132 0.111766 1.92495 -13.9349 0.419982 -5.28112 -13.5363 0.54318
-3.95442 -17.5661 0.862295 5.92078 -5.29884 0.398793 -6.33131 -9.04834 -0.33068 -8.15045
4.70339 -0.0313045 -7.73334 0.479398 -0.105697 3.19412 0.171729 -0.774803 -8.00411 8.1466
-0.857298 -1.94439 15.2471 -1.06067 -5.23658 14.8911 -1.18889 5.75634 4.66695 -0.415797
0.962903 12.5965 -1.33486 5.02482 -10.9309 1.34727 4.48001 4.45526 1.03636 -6.79041
-11.2169 -0.301036 -7.6073 4.99563 -0.614025 -0.930884 17.0208 2.13487 5.31246 37.1226
0.94216 -6.02816 -13.9925 -0.248917 -8.83653 0.645332 -1.03052 -5.93369 13.4741 0.458393
-0.787019 -17.6996 0.215113 -7.30338 -4.29123 -1.04485 -6.89598 11.2552 -1.41361 4.42157
-4.51631 0.280013 0 -0.35278 0.208507 3.47624 2.75663 -0.144923 1.99107 1.29613
-0.208482 1.29892e-35 0.6223 -0.137006 5.60795e-32 1.26379 -0.115519 5.78913 1.72349 1.52176
7.89158 3.32789 1.31216 5.56016 4.09414 -0.00439257 4.95387 1.72377 -0.147074 9.79672
0.408157 0.773108 9.81792 1.72138 -0.0330945 4.50973 0.381777 -1.07175 9.3102 -1.93727
-0.763684 10.3289 -0.715407 -0.0807155 4.61965 -1.34064 -0.598425 5.45489 -3.79307 -1.26862
7.96016 -3.46799 0.109023 5.51036 -2.24359 0.0157643 3.89352 -1.88401 -0.155844 3.28954
-3.06375 0.143131 6.62177 -1.6991 0.0862203 7.3242 -0.59763 0.0439405 7.20101 -0.646832
-0.0444727 7.44378 0.0591449 -0.0371547 7.34081 0.0580181 -0.163372 7.29162 0.790072 -0.110036
7.13767 0.857529 -0.0180896 4.23101 2.62864 -0.187719 6.44869 1.87778 0.796294 7.06787
3.63703 0.339004 4.5518 3.93436 -0.102442 5.31189 2.14643 0.612203 9.88445 1.31597
1.19206 9.18021 2.68292 0.0250472 4.57703 0.963308 -0.636005 9.87908 -1.33203 -0.0232238
10.667 -0.0155437 -0.0317396 4.5778 -0.972627 -0.807802 7.04228 -3.64517 -1.20236 9.1474
-2.6883 0.100468 5.31759 -2.14535 0.0320775 4.24312 -2.6225 -0.33717 4.55898 -3.93704
0.192981 6.4506 -1.86951 0.165637 7.28795 -0.784975 0.110664 7.13423 -0.853101 0.0321232
7.34163 -0.0567793 0.0391451 7.4438 -0.0576791 0.0120061 7.06202 -0.827489 0.0176495 7.30322
-0.0550283 -0.0446526 7.20114 0.647818 -0.0851585 7.32255 0.599142 0.0200433 7.13985 0.638663
-0.147708 6.61535 1.68322 -0.0103217 3.8754 1.88194 0.0287962 6.52422 1.60075 -0.0922346
5.49242 2.25283 0.0792757 5.38428 2.0459 0.154083 4.60242 1.44144 0.153118 4.37822
1.22461 0.0461393 4.54903 -0.326519 0.00283585 4.18581 -0.288016 -0.053641 4.99848 -1.80084
-0.109196 4.73539 -1.56027 0.101378 5.7934 -1.76738 -0.0171776 5.64576 -1.59577 0.0324503
0 -1.1342 0.14657 0 -1.23921 -0.123422 0.994894 1.07551 -0.277523 2.6023e-37
0.351518 0.579511 5.38728 3.75839 0.163051 3.25374 3.05303 1.14105 9.01382 2.08723
1.15961 7.78829 3.41931 0.656847 9.437 0.0539413 1.50055 9.94287 1.42619 -2.01614
7.69545 -3.88918 -1.28603 9.51925 -2.26177 -0.186998 3.46395 -2.78705 -1.34576 5.38368
-4.23476 0.21513 0 -0.615864 0.155999 1.9802 -1.29187 2.07153 9.81169 9.70946
0.404431 5.77459 8.85527 0.368078 2.71966 5.81419 2.37059 14.4064 4.91792 3.38703
13.4882 8.50946 0.811649 13.7396 1.73849 1.41692 13.7533 2.58922 0.276919 13.2466
1.04581 0.872254 13.7195 1.67322 -1.27284 13.9331 -0.873536 -0.82676 13.2952 -0.114413
-1.98405 14.8078 -2.65169 -1.54625 14.5746 -1.56525 -2.16994 15.8207 -4.6677 -2.45053
15.4547 -3.51213 -0.67354 9.85331 -9.88251 -1.8322 14.473 -8.14125 -0.0169535 5.46256
-8.5638 1.67747 14.4649 7.40848 0.652731 11.2124 9.53721 2.32158 15.3612 3.42153
2.08536 16.4356 4.64153 1.21397 14.1746 1.94425 2.0063 14.6663 2.74662 -0.0250335
14.1228 -0.00532128 0.408241 14.0902 0.844102 -1.29103 14.2111 -1.99009 -0.462469 14.1239
-0.860091 -2.35427 15.4253 -3.43196 -2.09762 14.7435 -2.80603 -1.69488 14.3931 -7.42886
-2.08265 16.4239 -4.61784 -0.647765 11.1607 -9.57031 0.641046 9.82023 9.80378 0.0525151
5.41701 8.54029 1.73903 15.8005 4.34809 1.58298 14.457 7.93348 1.73386 15.0211
2.35471 1.973 15.6399 3.11381 1.95339 14.0591 1.23742 1.59833 14.8218 1.495
1.83233 11.469 -0.109192 2.52116 13.2165 0.803248 -1.39378 10.286 -2.14438 0.245408
9.72398 -1.19238 -3.95641 12.913 -5.80883 -3.0477 11.308 -3.51515 -1.31834 9.63417
-9.53488 -3.43742 12.9145 -8.59178 -0.117739 5.70812 -8.90228 0.0104388 5.65334 1.57459
-0.0317298 2.80526e-31 1.15597 0.146541 5.59801 1.5067 0.0796604 6.18705e-31 1.11872 0.0118518
1.90368 1.17953 0.0788801 3.14754 2.00727 -0.0310158 2.43053e-34 0.361908 -0.175774 1.01451
1.63614 -0.161538 2.12236e-35 0.210297 -0.299779 1.16659 2.03005 -0.293352 1.14955 2.05436
-0.268343 -6.37653e-36 0.49826 -0.353326 3.51954e-36 0.621965 -0.428627 1.75154e-35 0.616212 -0.475781
2.46324e-35 0.595954 -0.33626 1.09137 1.73023 -0.342197 1.12177 1.89783 -0.499516 3.29845e-35
0.574384 -0.510944 5.7792e-35 0.552984 -0.304567 1.03816 1.47436 -0.317952 1.06466 1.58734
-0.518469 1.20567e-34 0.531253 -0.518834 2.31679e-34 0.503952 -0.307224 0.975818 1.25124 -0.30183
1.0104 1.37693 -0.50003 3.43803e-34 0.463555 -0.443867 2.65796e-33 0.393073 -0.313793 0.87909
1.2676 -0.313824 0.942341 1.0642 0.23701 3.79321 3.91325 -0.323502 1.95136 1.55605
-0.388084 6.34448e-32 0.654273 -0.286723 3.23445e-29 1.32271 0.0998428 4.65568 2.16413 0.326961
4.43722 2.76944 0.0806771 4.75772 1.51012 0.188549 4.6331 1.50069 0.127618 4.01077
2.06627 0.336717 4.37824 1.99704 -0.403655 3.29294 1.98923 -0.467788 4.52991 0.686743
-0.199397 4.85925 0.615613 -1.39268 3.97624 13.3634 -0.661803 4.13279 24.7537 1.37536
4.69173 53.726 -0.806239 6.17782 39.3977 0.479115 4.4875 24.4795 0.582601 4.58064
26.3633 4.05427 5.16598 57.7102 4.20059 5.30395 56.4419 0.479662 4.02528 25.3465
0.508526 4.0991 27.204 2.90204 4.60378 61.1451 3.14713 4.73425 60.4828 0.604061
3.61345 25.775 0.756796 3.64678 27.5529 2.88363 4.09054 63.0764 2.74783 4.23581
62.6681 0.860654 2.65888 23.4631 0.608029 2.47361 15.2 2.36696 7.59905 39.7405
2.88107 3.17171 59.0529 0.939892 4.90652 3.25653 1.77845 7.50667 6.00165 0.0037312
4.2148 0.308371 0.0432465 4.04881 0.405756 0.503429 4.79662 1.57317 0.449525 4.95184
0.801178 0.636801 5.08732 3.85989 0.940654 5.32095 3.07347 0.977238 5.5254 1.60264
2.62682 11.67 3.78116 1.58593 6.55652 2.76738 1.67062 8.02696 1.70465 2.50864
13.2459 2.3373 2.69437 13.0459 2.8027 -0.111154 4.40856 -1.16978 -0.172904 4.26079
-1.09497 0.234512 5.28197 -0.183108 -0.102752 4.97934 -1.31991 1.01587 5.64155 1.48392
0.8975 5.74382 1.10686 0.556736 5.98898 0.121333 1.32067 13.6469 1.04678 0.809036
9.06753 0.555131 -0.522799 9.03159 -0.806884 -0.70481 13.7436 -1.26223 0.245858 13.9237
-0.152616 -0.0687279 5.4072 -2.04371 -0.270325 5.32662 -1.99997 -0.0713196 4.6965 -2.35036
-0.121489 4.04748 -2.71133 -0.553079 6.03089 -2.94813 -0.488578 5.88449 -2.21954 -0.108737
5.90344 -1.47871 -1.67972 13.3464 -2.63089 -1.32365 7.99326 -2.09425 -1.24707 6.25699
-3.16009 -1.88666 11.5731 -4.16487 -1.96083 13.02 -3.20574 -0.0334944 6.53431 -1.61546
-0.230102 6.53757 -1.60787 -0.166671 3.09383 -2.13546 -0.169504 4.23826 -1.53758 -0.139608
4.57478 -4.70456 0.0981438 3.33179 -2.0264 0.234648 2.87199 -1.0184 0.319985 4.22473
-2.39995 0.0595147 3.77069 -4.39054 -1.0817 7.56547 -6.7135 -0.578694 5.47958 -3.47277
-0.217492 5.11858 -2.74052 0.450469 6.87175 -1.94899 -0.0226544 7.14309 -0.637982 -0.108211
7.19672 -0.662584 -0.186567 7.39071 -0.793561 -0.176955 7.64415 -0.873344 0.0797867 3.20035
-1.90547 -0.00936688 3.58393 -2.29 -0.0818456 7.80233 -0.820434 -0.163604 3.2417 -2.43288
-0.121245 3.52729 -2.26904 0.010723 7.84661 -0.76785 -0.107355 3.16006 -2.25553 -0.0796114
3.46399 -2.04286 0.074523 7.83045 -0.731855 -0.0621094 3.09594 -2.05112 -0.0238473 3.38787
-1.90092 0.139312 7.7969 -0.695916 0.00991928 2.98637 -1.88017 0.0685681 3.2903 -1.59068
0.190652 7.70341 -0.743037 0.133716 2.88949 -2.09036 0.191621 7.52089 -0.800115 -0.022804
7.30472 0.0559639 -0.00379119 7.36665 0.0542453 0.0280109 7.53798 0.0665904 0.0459431 7.76991
0.105727 0.0311529 7.95627 0.123507 0.0113147 8.0437 0.108298 -0.00647463 8.04204 0.0947249
-0.0277979 7.97989 0.0852062 -0.0524251 7.86 0.0888118 -0.0626043 7.69297 0.0933341 -0.0123338
7.06611 0.831627 0.103741 7.10074 0.848224 0.214623 7.29072 0.998709 -0.0690335 3.99624
0.922936 -0.25228 2.69461 0.785515 -0.251716 2.29954 0.815984 -0.270726 2.6471 0.769231
-0.291954 2.23588 0.818565 -0.275772 2.6134 0.754305 -0.295232 2.18045 0.799199 -0.282464
2.59483 0.726864 -0.297084 2.15774 0.778136 -0.293826 3.90599 0.739285 -0.289485 2.15524
0.723707 -0.339126 7.45772 0.887822 0.00853328 6.35879 1.78208 0.208118 6.3416 1.74346
0.136145 4.42437 1.30212 -0.179745 2.30659 1.81538 -1.11714 3.342 4.11314 -0.463706
3.91327 2.53519 -0.321499 1.07066 1.78994 -0.374017 0.98014 1.65432 -0.35614 1.0141
1.73172 -0.394622 0.917836 1.50894 -0.382919 0.937711 1.56903 -0.41394 0.893318 1.37164
-0.402694 0.901855 1.44519 -0.417688 0.867838 1.1411 -0.423578 0.886412 1.26283 -0.220554
2.38068 3.25609 -0.433026 2.1182 1.11178 -0.198138 4.10462 2.28639 -0.0850132 2.97684
2.89233 0.0650878 5.20531 1.94077 0.239761 5.13497 1.92548 0.096962 3.58609 1.76982
0.22358 4.23456 2.5597 -0.5399 4.16801 1.29765 -1.01107 3.39623 4.24889 -0.909572
4.24497 16.7343 -1.37455 4.03 13.3121 -0.674205 3.31191 3.55687 -0.63827 3.44162
3.46456 0.113929 4.51217 17.7427 0.0274284 4.57788 17.6298 -0.497198 3.08473 3.01921
-0.467551 3.17017 2.99014 0.180277 4.21776 18.1535 0.179918 4.29259 18.054 -0.409399
2.75996 2.68632 -0.405143 2.77545 2.66593 0.336132 3.85524 18.436 0.268025 3.97337
18.3691 -0.4203 2.05487 2.11491 -0.389885 1.99033 1.98685 0.356209 2.65017 10.1662
0.500183 3.08604 16.9854 0.499046 3.53793 3.96249 0.502447 6.12073 6.70196 0.0676494
4.34568 0.82986 0.123503 4.20547 0.865177 0.390428 4.7524 2.35368 0.492365 5.07029
1.40001 0.422786 4.91451 5.08822 0.751624 5.65751 4.11488 0.764721 5.79641 2.00286
2.10856 10.7254 5.59339 1.22952 5.91711 3.87315 1.51197 7.60953 2.57952 2.02903
13.2393 2.91494 2.10611 12.7725 3.76759 -0.0735726 4.34628 -0.838389 -0.12801 4.2062
-0.87502 -0.0162779 5.32583 -0.0218421 -0.510985 5.04255 -1.41706 1.31206 5.81602 3.04066
1.10936 5.86949 2.26172 -0.0448405 5.9555 -0.0627802 1.28824 13.7201 1.71886 0.996437
8.89099 1.32658 -0.0625285 9.28068 -0.0352078 -0.0975483 13.8511 -0.0560674 0.672847 14.0184
0.844977 -0.0677807 5.21073 -1.94067 -0.242351 5.14021 -1.92631 -0.40084 4.73776 -2.35165
-0.231411 4.23403 -2.56413 -1.32399 5.7898 -3.02416 -1.16307 5.94584 -2.40116 -0.772242
5.78297 -1.99577 -1.44567 13.6589 -1.76763 -1.08396 8.81481 -1.37043 -1.54671 7.51331
-2.58884 -2.08921 13.0965 -2.90082 -1.96665 13.6491 -2.33225 -0.00566276 6.36083 -1.77435
-0.206296 6.34421 -1.73674 -0.099283 3.59304 -1.76973 -0.134671 4.42771 -1.2952 -0.432599
4.91626 -5.1041 0.226702 4.53812 -2.43771 0.53945 4.18358 -1.2977 -1.97866 10.5719
-5.58197 -1.20782 5.86105 -3.85677 -0.464259 3.54145 -3.92846 -0.330899 6.2094 -6.59958
-1.18638 8.88023 -7.39704 -0.104484 7.09687 -0.844403 -0.214226 7.28831 -0.993156 0.177139
2.28313 -1.79646 0.0621194 3.96465 -0.90824 0.464355 3.93264 -2.53253 1.11723 3.38323
-4.11378 1.01029 3.44146 -4.24933 0.770497 3.35281 -3.95247 0.31851 1.07518 -1.76717
0.662224 3.49345 -3.45023 0.604587 3.2776 -3.23698 0.348804 1.00488 -1.63073 0.339852
1.03651 -1.70722 0.696344 3.36278 -3.54407 0.474258 3.24627 -2.98652 0.432936 3.01192
-2.83794 0.361544 0.956219 -1.48626 0.355266 0.98 -1.54645 0.509034 3.15703 -3.01202
0.371506 2.85237 -2.6757 0.360802 2.55052 -2.52673 0.370497 0.916235 -1.34558 0.365709
0.934338 -1.42105 0.385154 2.84025 -2.69148 0.290839 2.04761 -1.98157 0.243436 1.83021
-2.49009 0.37019 0.872857 -1.11283 0.372404 0.903275 -1.23402 0.335635 2.11429 -2.1185
0.292586 3.89602 -0.727106 0.405608 2.09244 -1.08897 0.18369 2.38477 -3.22949 0.0915455
2.98746 -2.86416 0.19983 4.1002 -2.26674 0.33423 7.44268 -0.88197 -0.00137994 7.36292
-0.0537472 -0.0324042 7.53351 -0.0666091 -0.050527 7.76409 -0.107567 -0.0370307 7.949 -0.126158
0.239593 2.28501 -0.793994 0.22931 2.70176 -0.764695 -0.0170914 8.03652 -0.109012 0.265473
2.25294 -0.797352 0.250454 2.67908 -0.749154 6.33966e-05 8.03518 -0.0937029 0.279845 2.21656
-0.775697 0.264465 2.64327 -0.730928 0.0182888 7.97419 -0.0841664 0.287945 2.18545 -0.752198
0.271498 2.61636 -0.704906 0.0426357 7.85584 -0.0882846 0.283363 2.17267 -0.704572 0.0553612
7.69 -0.0929252 0.104333 7.19022 0.661539 0.183316 7.38149 0.790079 0.176462 7.63297
0.868843 0.083311 7.79119 0.815897 -0.00879094 7.83572 0.763861 -0.0721918 7.81973 0.728451
-0.13683 7.78733 0.69329 -0.18856 7.69548 0.741605 -0.189918 7.51508 0.799512 0.226763
6.52346 1.59307 0.181316 4.19371 1.52319 0.0312627 3.52989 2.27648 -0.0571573 3.1396
1.89029 0.136977 3.47748 2.26106 0.183607 3.18654 2.42131 0.0928786 3.41627 2.03997
0.122445 3.10797 2.2505 0.0357523 3.34348 1.90121 0.0751857 3.04608 2.05057 -0.0590282
3.25254 1.59187 0.00166737 2.94184 1.88176 -0.314369 4.19831 2.39954 -0.125872 2.85218
2.09084 -0.447676 6.86126 1.95052 0.283881 5.30085 2.01129 0.189869 3.01778 2.11008
0.1689 3.93237 2.69301 -0.192415 2.75016 0.994917 -0.0436233 3.77451 24.2853 -0.624786
3.51486 25.4334 -0.917653 3.39994 12.8835 0.234514 3.91268 25.1747 0.276487 4.09527
26.6346 0.25978 4.00529 24.7671 0.0551389 3.72237 25.7672 0.0713736 3.8878 27.4141
0.125467 3.80941 25.5082 0.31165 3.47443 25.8878 0.195473 3.69804 27.7496 0.11175
3.63731 25.9331 0.214306 2.87896 6.33353 0.334792 2.75582 15.1421 0.444984 2.95668
23.8488 1.05931 7.54141 6.7189 -0.0619527 3.73653 4.39416 0.211438 5.09697 2.74612
0.566554 5.45659 3.47882 0.20559 4.21933 1.15745 0.148902 4.49473 2.4305 0.19901
4.85451 1.48974 0.206615 4.38883 4.6844 0.147819 5.72932 3.81238 0.209586 5.63208
1.50282 1.22431 6.23017 3.16329 1.8437 11.5525 4.15913 1.69332 9.77336 6.22274
-0.0424118 3.99675 -0.397037 -0.169432 5.2412 0.282186 -0.451311 4.86682 -0.829196 0.769121
5.70356 3.32462 0.298175 6.02838 2.22129 -0.495766 5.87475 0.140564 1.62049 13.3075
2.60341 1.28726 7.95101 2.08646 0.490857 8.95963 0.795647 0.652404 13.6796 1.22452
1.33487 13.7876 1.97672 -0.212687 4.59764 -1.55911 -0.532648 4.65982 -1.69626 -0.394642
4.25181 -2.12711 -1.1118 5.46328 -1.59493 -1.18639 5.45888 -1.66113 -1.07569 5.28217
-1.83454 -1.30618 13.5751 -1.02 -0.805072 8.98694 -0.553149 -1.64104 7.96573 -1.69557
-2.45765 13.185 -2.30373 -2.18443 13.596 -1.83764 -0.156688 5.58726 -1.52825 -0.19818
3.90708 -2.1091 -0.109658 3.08988 -1.99427 -0.728853 4.84327 -4.11512 -0.284935 4.91753
-2.57025 0.105797 4.68318 -0.613517 -2.5799 11.6328 -3.76479 -1.56079 6.52167 -2.76399
-0.926393 4.88809 -3.26061 -1.75625 7.48833 -5.99983 -2.55151 9.83073 -5.58388 -0.0853799
0 -1.10366 -0.00561511 1.87481 -1.17324 0.0399185 0 -0.363944 0.338986 3.18579
-1.96098 0.176137 0.975127 -1.63072 0.658534 4.07689 -24.7381 -0.028631 4.30582 -23.6838
0.285621 1.12937 -2.02571 0.281699 1.10942 -2.04878 1.34421 3.90521 -13.3426 -0.558714
4.54637 -26.3402 -0.50257 4.2269 -24.9744 0.3244 1.05699 -1.73184 0.329323 1.08603
-1.89665 -0.461539 4.44577 -24.4609 -0.485684 4.08446 -27.1735 -0.465779 3.80397 -25.5736
0.295069 1.00629 -1.47935 0.307285 1.03163 -1.59097 -0.458445 4.00578 -25.3205 -0.737203
3.64161 -27.5212 -0.810982 3.31108 -25.651 0.299987 0.946525 -1.25775 0.293433 0.979704
-1.38287 -0.586309 3.60402 -25.7456 -0.599064 2.4643 -15.1925 -0.362947 2.64674 -6.61063
0.309968 0.853089 -1.27269 0.308155 0.914696 -1.07067 -0.845513 2.65024 -23.441 -0.321428
4.42209 -2.77677 -0.0972064 4.64218 -2.17102 0.285425 0 -1.32812 0.386403 0
-0.65647 0.320826 1.92973 -1.56033 -0.233191 3.77329 -3.91967 -1.15578 5.1738 4.37709
-1.1852 4.1274 3.67876 0.183979 5.12107 2.45412 0.96295 6.03498 2.51019 0.213178
6.12654 2.80701 0.234008 9.01881 4.06621 1.18085 9.1045 -3.06992 4.06395 5.35475
55.1604 0.397146 4.73799 25.6442 3.45696 4.87223 59.7046 0.553782 4.33069 26.8601
2.6995 4.36036 62.1989 0.567068 3.88687 27.4261 3.16706 3.56749 61.6566 0.98262
3.17016 26.2981 2.52551 9.70587 9.3649 1.78308 10.6722 10.6524 1.21791 6.31171
12.0511 0.365792 2.66105 6.60526 2.78618 14.3994 3.96511 2.92939 12.2763 7.45794
2.58899 9.85347 5.59286 1.71848 8.94625 -5.78629 1.3882 6.01449 1.08467 1.0827
5.68175 1.48054 1.47089 6.48868 0.336263 1.56758 6.38069 0.0346252 1.88237 9.2058
-4.63622 1.73679 9.72399 -3.68268 2.73482 14.6196 2.71156 1.30586 13.444 1.05353
2.10951 13.7164 1.72305 2.22891 13.6577 1.87745 1.3484 10.6226 -2.14199 1.17327
6.74044 0.392403 -0.0824391 6.23485 -1.74554 -1.03688 6.82331 -1.97612 -0.59824 7.13452
-1.0717 -1.06943 11.164 1.9984 -1.34566 9.90636 2.50107 0.275398 13.4335 -0.108539
-1.62264 14.3251 -2.4676 -1.2794 13.9185 -1.8562 -1.39943 13.8331 -2.01681 -1.09274
8.88205 1.26321 -0.843009 6.5434 -1.43267 -0.0677553 5.95096 -3.83057 -0.0790625 5.65884
-7.86044 -0.3105 6.58736 -4.13983 -0.499434 8.67975 -5.01185 -0.046942 8.20887 -15.9995
-1.88045 14.5347 -3.11267 -1.64563 9.7092 -10.0855 -1.93535 12.4219 -8.10796 -1.72622
9.79245 -6.21949 0.869842 6.04717 -41.7256 0.578415 4.17643 -5.28649 0.703788 3.37891
-2.32605 0.947653 3.49667 -12.891 0.611686 3.60136 -25.435 0.0266224 3.86185 -24.288
-0.210323 4.18948 -26.1852 -0.286994 4.084 -24.7772 -0.309758 4.16858 -26.6482 -0.26488
3.97988 -25.1908 -0.224788 4.04815 -27.1039 -0.154584 3.86832 -25.5304 -0.102818 3.94328
-27.4411 -0.082291 3.77546 -25.7947 -0.0895894 3.85361 -27.6599 -0.137101 3.68516 -25.9627
-0.223515 3.7432 -27.7822 -0.336478 3.51778 -25.9176 -0.476723 3.44286 -26.6645 -0.466866
2.99663 -23.874 -0.218774 2.91568 -6.33001 -0.62518 6.25787 -12.1018 -0.899794 10.6936
-11.3062 -0.348236 2.79203 -15.1514 -0.591839 7.19577 38.7707 -0.875231 5.57349 5.04028
-0.227585 4.52968 2.42988 0.82 6.12336 4.52706 -0.252058 6.03029 5.42666 -0.170454
9.90978 14.3764 1.09515 9.83849 0.882461 -0.0957584 4.60666 17.545 -0.729827 3.49316
3.83981 0.179808 4.36709 17.9615 -0.539578 3.3229 3.1984 0.218588 4.0631 18.3023
-0.418952 3.00184 2.82421 0.49037 3.43921 17.9023 -0.413742 2.38704 2.42805 0.468817
8.26586 9.08794 1.02691 7.54265 12.0564 0.244594 2.48074 5.67853 -0.340458 1.77827
2.51134 2.49087 13.1584 7.14389 1.70185 10.6044 9.7648 1.48589 8.86564 7.49242
1.91797 9.40265 -3.67089 1.40935 6.39644 2.52192 1.15999 5.96306 2.42071 1.98413
6.76821 1.57089 1.744 6.74831 0.67251 2.12388 9.59203 -4.86467 2.37923 10.404
-4.31184 2.11769 14.8509 3.83681 1.18486 13.951 1.62182 1.69968 14.2612 2.13149
1.86913 13.7351 2.33468 2.19502 12.7717 -2.70243 1.72104 7.18715 1.37003 -1.16598
5.84433 -2.32134 -1.98178 6.74177 -1.50929 -1.78131 7.14723 -1.37232 -2.25453 12.6346
2.86854 -2.36778 10.3436 4.44878 0.628586 13.761 0.800175 -1.38405 13.9446 -1.6599
-0.845064 13.7458 -0.881019 -0.870196 13.9766 -0.939437 -2.11811 9.58893 4.96514 -1.74154
6.73803 -0.629656 -0.764556 5.65129 -4.12247 -0.827626 6.13244 -4.5332 -1.41823 6.40088
-2.5153 -1.92385 9.43548 3.72444 -1.10058 9.86748 -0.855245 -1.85217 14.2377 -2.13073
-2.28767 13.1316 -7.11321 -2.17563 14.7636 -3.84811 -2.15307 12.577 -3.7799 0.168682
9.93572 -14.3867 0.250981 6.04346 -5.43435 0.876325 5.5942 -5.04517 0.586227 7.23179
-38.8646 1.37179 4.07327 -13.3496 0.902358 4.29027 -16.7765 0.750151 3.54046 -3.82931
0.0847743 4.65887 -17.5863 -0.0346953 4.62724 -17.6749 -0.11488 4.55795 -17.7874 0.56347
3.38697 -3.18572 -0.172145 4.41203 -17.9994 -0.173256 4.33944 -18.0927 -0.174377 4.26662
-18.191 0.409748 3.08188 -2.82615 -0.212725 4.11579 -18.3433 -0.263758 4.02725 -18.4134
-0.333249 3.90805 -18.4858 0.34965 2.45198 -2.43827 -0.495221 3.48688 -17.9561 -0.514669
3.13573 -17.0494 -1.30806 10.6937 -9.65133 -0.401499 2.71097 -10.1907 -0.309062 2.54597
-5.66245 -0.843362 7.62383 -12.0646 -0.193612 8.40316 -8.95619 -0.648936 3.25473 2.30817
-0.0455291 3.17368 1.99806 0.153463 5.57877 7.82961 -0.515935 4.05032 5.26723 -0.866656
6.07065 41.7341 0.128835 8.46225 15.906 0.183587 4.10349 26.1798 0.191096 3.98536
27.0838 0.0604751 3.80378 27.6287 0.450361 3.40213 26.6346 1.6185 9.68623 10.0905
0.866915 10.6603 11.296 0.60133 6.22367 12.0963 0.574896 9.09755 4.77467 0.386879
6.54365 4.0714 0.6321 5.54626 2.39232 1.25497 6.66578 1.99795 0.978966 6.44864
1.31476 1.21219 9.36528 -2.15096 1.53805 10.2978 -3.59026 1.90027 12.401 8.11061
1.56206 14.3091 2.44278 1.82564 14.5132 3.09667 1.90686 12.9926 3.18729 1.45003
11.6762 -3.26359 0.906049 7.04558 1.19719 -0.963573 5.59092 -1.10433 -1.67591 6.4533
-0.474049 -1.2507 6.77367 -0.534669 -1.41519 11.3267 1.5934 -2.01241 10.1544 3.68004
1.21873 13.9085 1.82245 -1.29969 13.4256 -1.02714 -0.30233 13.4112 0.102702 -0.27159
13.853 0.144623 -2.16222 9.4732 5.07261 -1.77395 6.28197 -0.0999173 -1.03662 5.04326
-3.36219 -1.07269 5.93648 -2.52423 -1.51651 5.88092 -1.10413 -1.87098 9.246 6.64338
-1.30354 9.42942 3.79059 -2.07428 13.6986 -1.68428 -2.73481 14.3736 -3.94552 -2.68453
14.5908 -2.68466 -2.64149 12.9946 -2.77596 -0.326455 9.288 -3.57948 -0.310602 6.05126
-2.76083 0.377253 4.38313 -0.651623 1.10191 4.02047 -3.65051 1.06777 5.06894 -4.33116
0.80757 6.23507 -39.324 -1.30253 4.63443 -53.7212 -0.381997 4.68812 -25.629 -3.97733
5.30397 -55.1351 -4.10956 5.2627 -56.3958 -3.9633 5.1334 -57.6492 -0.528809 4.30824
-26.833 -3.37673 4.85335 -59.6243 -3.07447 4.72037 -60.3961 -2.8364 4.59385 -61.0518
-0.546625 3.87725 -27.3939 -2.64553 4.35607 -62.099 -2.69744 4.23411 -62.5677 -2.83562
4.09215 -62.9753 -0.964336 3.16624 -26.2703 -3.12448 3.57002 -61.5624 -2.84116 3.17023
-58.9676 -2.88942 12.254 -7.44555 -2.33596 7.57614 -39.6928 -1.20466 6.30026 -12.0482
-1.76169 10.6491 -10.6477 -2.50122 9.68483 -9.35927 0.0330171 4.36093 23.6956 0.524654
4.25565 24.9983 0.484953 3.81757 25.6026 0.828368 3.31646 25.6793 3.31252 5.12742
54.2802 3.78232 5.01787 58.8009 2.74951 4.4806 61.7099 3.08103 3.8807 63.118
1.13793 7.58892 4.0219 0.799445 -5.20589 -14.1413 0.879313 -2.17732 -14.6425 1.73109
11.1254 -1.14907 1.67822 9.64303 -1.86553 1.48365 8.39604 -1.49933 0.717039 -6.83421
-11.0279 0.249747 -8.71334 1.35373 0.438194 -8.49676 -3.55839 0.791486 6.83502 -0.216238
0.270498 6.73044 0.338813 -0.209548 6.92781 0.89706 0.0785349 -8.5425 6.30463 -0.0144967
-5.21495 16.8319 -0.0238211 -6.77 13.9437 -0.705625 8.44415 2.00849 -0.831112 9.5724
2.23601 -0.812001 11.0568 1.41022 -0.0558068 -2.48453 16.8617 -0.519176 3.88698 -58.8096
-2.30883 4.29142 -58.9394 -3.06853 4.59546 -59.3285 -2.88425 4.54455 -60.0872 -2.59995
4.47836 -60.8715 -1.92021 4.34786 -62.149 -1.62111 4.29066 -62.6516 -1.40672 4.24115
-63.0593 -1.31063 4.1469 -63.6929 -1.4304 4.08559 -63.9882 -1.65363 3.97894 -64.0116
-1.26232 7.80014 -40.5272 -0.28147 7.72484 -4.11771 -1.79207 3.45462 -60.4001 -0.762257
3.3049 3.95811 -0.582838 3.21805 3.25178 -0.436172 2.93218 2.83999 -0.41056 2.47977
2.51722 -0.344359 4.50968 17.3472 0.915769 4.58356 56.378 2.57588 4.98766 57.2063
0.156498 4.44007 17.8515 3.38463 5.02069 59.1927 3.42672 5.10641 58.3134 3.20926
4.93757 60.0042 0.192995 4.14255 18.2295 2.45233 4.73512 61.9802 2.68327 4.79616
61.3907 2.30944 4.67758 62.5001 0.424264 3.68189 18.4118 2.56119 4.45939 63.9139
2.35883 4.5487 63.4555 2.86381 4.31113 64.1244 2.55438 7.35508 40.2287 3.23057
3.75527 61.2833 0.506914 -3.62637 -15.0257 0.594032 0.653116 -13.0844 1.55299 11.2231
3.27935 1.22833 10.5203 -1.23877 1.02053 9.18291 -1.9463 0.262809 -6.25069 -14.438
0.0289322 -8.55542 -4.44327 -0.0774556 -8.09548 -8.56632 0.441217 7.50452 -1.1547 0.284055
7.11854 -0.619538 -0.089948 6.90008 -0.00152788 -0.0781321 -8.85565 0.13452 -0.281107 -6.96251
11.6331 -0.188981 -7.81828 8.59381 -0.685203 7.58215 1.13842 -0.944872 8.27285 1.61491
-1.17439 9.38693 1.91765 -0.412594 -5.47725 14.271 -0.963323 6.53392 -4.8939 -0.403037
1.39686 12.728 -1.33951 11.5544 -3.3309 -1.24574 11.0953 -11.363 -2.30212 7.28437
-40.6294 -0.162398 2.08712 -15.0834 0.244055 7.67688 4.08716 0.831174 11.668 3.58738
0.777792 11.0232 -1.4031 0.0294223 -2.52289 -16.838 0.878402 5.20417 2.60949 0.829795
6.08414 1.70246 0.0142821 -7.89727 -10.3205 -0.00219865 -6.81289 -13.8732 0.665024 8.43221
-2.0006 0.511792 7.54267 -1.5163 0.173581 6.93035 -0.894941 -0.110557 -8.56461 -6.24018
0.406644 6.89784 0.694936 -0.452838 6.74164 -0.389192 -0.614688 -7.85331 7.47471 -0.449248
-8.47354 3.52113 -0.799601 6.84727 0.2205 -1.21174 7.41613 0.890683 -1.45924 8.39684
1.49494 -0.704757 -6.83432 10.9212 -1.08523 6.28162 -1.36008 -0.895922 5.44945 -2.16593
-0.509482 2.36594 13.7064 -0.855106 -2.19836 14.5703 -1.69445 11.1106 1.14355 -1.70865
11.655 -3.42511 -1.11642 7.55619 -4.02609 -0.590568 4.62497 -2.72587 0.351622 0
-0.622437 0.270738 0 -0.500318 0.425556 0 -0.616325 0.472021 0 -0.596122
0.495389 0 -0.574724 0.506776 0 -0.553516 0.514467 0 -0.531995 0.515159
0 -0.504895 0.496979 0 -0.464633 0.441747 0 -0.394058 -0.612716 5.89693
4.30814 -0.881878 8.32666 16.9838 1.73922 11.679 3.42335 0.531757 2.39634 -13.7493
1.92764 8.89932 -5.29825 1.54635 6.20994 -0.0246273 2.52292 14.2513 2.17384 1.22617
7.40561 -0.88826 0.620231 -7.8656 -7.55744 0.181234 11.4927 -0.176047 0.410739 7.12673
0.033427 -0.653734 13.5857 -1.2076 -0.553199 7.54285 1.52031 -0.0444747 -7.85768 10.3958
-0.496331 8.70922 -1.83012 -0.331967 6.60564 -1.37891 -1.8805 14.3854 -4.33232 -0.862842
11.7022 -3.58779 0.133036 2.1274 15.0794 -2.99365 4.56105 -58.8639 -2.26242 4.40963
-61.5543 -1.3033 4.19522 -63.3832 -1.84916 3.80285 -62.6605 3.25986 5.14777 57.5793
2.95356 4.86329 60.7325 2.27481 4.61763 62.975 3.13855 4.09583 63.1128 1.62172
10.893 11.3171 1.28726 6.2806 4.46102 2.03355 9.3578 -4.0951 1.49326 6.6102
0.505407 2.0212 14.7925 2.69466 0.717114 8.12534 -1.63459 0.0255634 -7.52574 -11.7214
-0.0670409 14.3873 0.0928998 -0.060521 7.6021 -0.0353345 -0.104778 13.6551 -0.0517716 -0.495675
7.13196 0.611362 -0.231535 -8.48473 4.62415 -2.03427 9.38138 4.1622 -1.49628 6.60869
-0.48294 -2.13359 14.7201 -2.68915 -1.26327 10.7963 1.19042 -0.516373 -2.80367 14.7599
-0.960677 4.63513 -56.5415 0.331821 4.56045 -17.3876 -2.67778 5.0489 -57.389 -3.39547
5.21101 -57.8013 -3.5576 5.16234 -58.57 -3.48798 5.06628 -59.4587 -0.151927 4.4846
-17.8923 -3.28832 4.97531 -60.2574 -3.01529 4.89581 -60.9681 -2.72746 4.82586 -61.6094
-2.47843 4.76351 -62.1838 -0.186217 4.19334 -18.268 -2.31501 4.70581 -62.6923 -2.26057
4.64699 -63.1592 -2.32218 4.57959 -63.6303 -2.50028 4.49065 -64.0825 -0.422969 3.73177
-18.4628 -2.77382 4.3417 -64.2874 -3.02303 4.12609 -63.2793 -3.08434 3.79284 -61.485
0.449992 3.79712 58.8209 2.23917 4.1986 58.947 2.98947 4.51263 59.3017 2.91913
4.47112 58.854 2.80354 4.46926 60.0469 2.52025 4.40983 60.8189 1.84744 4.28974
62.0738 2.18568 4.34678 61.4899 1.55221 4.23635 62.5674 1.34131 4.18993 62.9669
1.25054 4.10145 63.5914 1.24129 4.14704 63.2852 1.37019 4.04235 63.8848 1.59328
3.93813 63.9093 1.7322 3.4175 60.3134 1.78911 3.76411 62.5644 1.20935 7.75229
40.4638 0.576931 9.21449 1.32529 0.423035 6.56005 1.25128 1.8349 14.3629 4.32719
0.794141 9.54823 -2.22689 -0.0094048 -5.25313 -16.7788 0.138794 12.2523 -0.946511 -0.221404
7.15906 -0.0134798 0.604561 13.5699 1.17464 -0.297969 6.73467 -0.336036 -0.277351 -8.70464
-1.33277 -2.16143 9.13271 6.08065 -1.72447 6.07745 0.00293226 -2.47617 14.226 -2.13836
-1.64765 9.63714 1.85809 -0.781279 -5.2131 14.0433 0.826502 8.52633 -16.7596 0.537332
5.81408 -4.23605 -3.23258 5.06993 -54.2751 -3.6953 4.99274 -58.7286 -2.69024 4.47379
-61.6119 -3.03535 3.88446 -63.0176 0.171723 0 -0.215252 -0.0677797 5.05162 0.803156
-0.115413 5.33213 1.14613 -0.115066 -1.83628e-33 0.852717 -0.0633608 -1.88856e-35 0.586 -0.0395031
4.89838 0.617921 -0.0368841 1.78508e-36 0.448732 -0.0248915 1.38567e-37 0.347277 -0.0279897 4.79438
0.477769 -0.0418247 4.46072 0.757064 -0.0557099 4.57275 1.09975 -0.0255859 4.43636 0.570037
-0.0199408 4.44146 0.425702 -0.00181307 4.14683 0.0405323 0.000578281 4.11814 0.139438 0.000251101
4.22339 -0.0171492 0.00161527 4.30886 -0.0637279 0.0250783 4.44549 -0.788183 0.0221396 4.42458
-0.983481 0.0193798 4.51075 -0.689642 0.0208243 4.58687 -0.617585 0.0874558 5.24896 -1.2594
0.129589 5.36481 -1.59707 0.0575805 5.2116 -1.08156 0.0483208 5.20281 -0.944946 0.135824
6.13842 -1.17349 0.20413 6.3552 -1.42119 0.0914901 6.01608 -1.03179 0.0705087 5.92486
-0.916372 0.090508 6.77112 -0.63064 0.131281 6.99904 -0.710377 0.0630811 6.62293 -0.578424
0.0483691 6.49482 -0.531372 -0.0210065 6.97334 0.0603762 -0.0332195 7.19614 0.0756569 -0.0137851
6.82569 0.0506158 -0.00910325 6.69375 0.0417498 -0.116294 6.70969 0.7026 -0.175673 6.9286
0.812208 -0.0787955 6.56982 0.635525 -0.0582772 6.45164 0.575351 -0.137506 6.05287 1.17247
-0.209789 6.23897 1.45028 -0.0913798 5.95044 1.01811 -0.0695237 5.87897 0.892061 -0.0798437
5.17368 1.17039 -0.112194 5.21579 1.52757 -0.0533686 5.17992 0.98103 -0.0441761 5.20615
0.833638 -0.0182755 4.50156 0.502328 -0.0157377 4.38797 0.671311 -0.0136452 4.62176 0.413621
-0.0134428 4.73936 0.346216 0.0131088 4.50231 -0.510413 0.00767024 4.38922 -0.685139 0.00945038
4.62197 -0.418939 0.00981651 4.73944 -0.349643 0.0765499 5.17488 -1.16832 0.107986 5.21818
-1.52453 0.0502749 5.18015 -0.979612 0.0411467 5.20626 -0.832687 0.134906 6.05089 -1.16574
0.20712 6.235 -1.43945 0.0887706 5.94897 -1.01358 0.066815 5.87815 -0.88899 0.112655
6.70616 -0.700221 0.171496 6.92176 -0.807983 0.0755542 6.56738 -0.633927 0.0553181 6.44998
-0.574153 0.0176727 6.97129 -0.0609281 0.0295402 7.1937 -0.0760368 0.0108457 6.82368 -0.0510463
0.006499 6.69216 -0.0419491 -0.0913566 6.76793 0.631171 -0.130875 6.99552 0.710718 -0.0642417
6.61988 0.579066 -0.049702 6.49239 0.532175 -0.136098 6.13192 1.17656 -0.202964 6.34733
1.42426 -0.0922298 6.01032 1.03464 -0.0714236 5.91985 0.919196 -0.0407229 6.38299 0.488444
-0.0590315 5.85214 0.821976 -0.089055 5.23782 1.26443 -0.130924 5.35109 1.60284 -0.0592304
5.20186 1.08572 -0.0497437 5.19391 0.948625 -0.0451233 5.20006 0.840194 -0.0268344 4.43007
0.791839 -0.024372 4.40445 0.987417 -0.0210927 4.49802 0.692516 -0.022313 4.57549 0.619743
-0.0238004 4.64909 0.5648 0.00152573 4.13006 -0.040345 -0.000153774 4.09589 -0.1399 -0.000986709
4.21033 0.0174183 -0.0025445 4.29813 0.0636154 -0.00500381 4.37943 0.101281 0.042335 4.44646
-0.760921 0.0571112 4.55552 -1.10492 0.0255543 4.42487 -0.572714 0.0195964 4.43249 -0.427783
0.0139481 4.45236 -0.314757 0.0680814 5.04199 -0.80813 0.11586 5.32238 -1.15251 0.0395693
4.88946 -0.621528 0.0279223 4.78684 -0.480314 0.0200256 4.7192 -0.371952 0.0634143 0
-0.589953 0.115122 0 -0.857784 0.0368743 0 -0.45164 0.0248508 0 -0.349302
0.0172854 0 -0.271811 -0.192433 5.71059 1.61558 -0.185113 7.01642e-30 1.1942 -0.150121
5.57718 1.46659 -0.150316 5.31223e-31 1.07903 -0.132719 5.46138 1.31255 -0.132792 -5.22678e-33
0.964651 -0.0681595 4.75529 1.56031 0.910231 5.47998 2.16441 0.599035 4.64186 2.72006
-0.0515351 4.69867 1.41846 -0.0539291 4.63822 1.26451 0.00490917 4.19514 0.252298 0.454941
6.80395 0.388556 1.10452 6.33361 1.36276 0.00613374 4.1558 0.222406 0.00386066 4.131
0.183273 0.0145153 4.47755 -1.28074 -0.852481 6.12185 -1.70352 -0.428892 6.95741 -0.7009
0.00823906 4.45535 -1.17819 0.0150206 4.43631 -1.08218 0.231993 5.54828 -2.07562 -0.893639
5.23066 -2.60428 0.170073 5.4917 -1.91188 0.145439 5.4297 -1.76038 0.315924 6.69976
-1.7285 0.260015 6.56755 -1.62754 0.230682 6.46048 -1.53296 0.16912 7.3459 -0.781534
0.155462 7.20804 -0.763089 0.145161 7.10259 -0.741995 -0.0543498 7.53029 0.0899133 -0.0457501
7.3985 0.0859576 -0.0391937 7.29663 0.081716 -0.271752 7.27132 0.925853 -0.22839 7.13147
0.89258 -0.200822 7.02884 0.858045 -0.36267 6.51397 1.81081 -0.28256 6.41312 1.69549
-0.241274 6.32793 1.57953 -0.186835 5.28857 2.05068 0.720883 5.15515 3.04421 0.284172
3.756 3.27286 -0.14035 5.26684 1.87292 -0.122718 5.24407 1.70303 -0.00335264 4.35973
0.931215 0.619739 6.73388 1.15109 1.05567 6.08974 2.23036 -0.00487587 4.34288 0.838673
-0.0102623 4.35704 0.755232 -0.0105998 4.36121 -0.952781 -0.676279 6.68747 -1.18583 -0.045096
7.19174 -0.0269067 -0.00693246 4.34424 -0.858281 0.000455488 4.35831 -0.772123 0.181689 5.29353
-2.04899 -0.718788 5.1184 -3.03664 -1.0818 6.02849 -2.24277 0.135303 5.27042 -1.87015
0.118013 5.24692 -1.69991 0.363269 6.50744 -1.79702 -0.269642 3.75284 -3.24781 0.281332
6.4075 -1.68198 0.238946 6.32299 -1.56704 0.267885 7.25957 -0.919599 0.224306 7.12162
-0.886842 0.196579 7.02052 -0.852969 0.0487023 7.52743 -0.0898247 0.0412641 7.39546 -0.0861115
0.0352939 7.29406 -0.0819978 -0.167551 7.34127 0.781148 -0.154076 7.20372 0.762959 -0.14412
7.09872 0.742131 -0.313368 6.68998 1.73039 -0.257755 6.55829 1.62991 -0.228853 6.45181
1.53576 -0.232877 5.53228 2.08118 -0.171008 5.47625 1.9176 -0.146603 5.41497 1.76621
-0.0181014 4.45223 1.28436 -0.011146 4.43198 1.18188 -0.0175727 4.41442 1.08604 -0.00520938
4.16598 -0.253547 -0.00597353 4.12944 -0.223478 -0.00340078 4.10662 -0.184075 0.0699403 4.73501
-1.56566 0.0531173 4.67944 -1.42393 0.0554973 4.61996 -1.27 0.192676 5.70054 -1.622
0.150449 5.56727 -1.47324 0.133137 5.45162 -1.31923 0.184575 0 -1.19952 0.150184
0 -1.08445 0.13284 0 -0.969981 0.00291867 5.11846 -0.0483221 0.00306599 5.08508
-0.0504825 0.00150626 0 -0.0254045 0.00140762 0 -0.0244821 0.00284503 5.15121 -0.0457876
0.00130763 0 -0.0233751 0.00305712 5.18291 -0.0428639 0.00121582 0 -0.0221078 0.00461802
5.21299 -0.0395424 0.00150822 0 -0.0206683 0.00767527 5.24074 -0.0363426 0.0019902 0
-0.0192284 0.00889008 5.26545 -0.0342485 0.00223136 -0 -0.0180936 0.00590344 5.2868 -0.0334914
0.00177977 -0 -0.0174523 0.00220066 5.30459 -0.0333326 0.000828454 -0 -0.0172018 0.000535564
5.31863 -0.03322 0.000234512 -0 -0.0170962 -0.000131598 5.3291 -0.0331663 -7.17805e-05 -0
-0.0170748 -0.000386358 5.33658 -0.0332621 -0.000217264 -0 -0.017168 -0.000366907 5.34211 -0.0334979
-0.000288204 -0 -0.0173721 9.36432e-07 5.34687 -0.0337863 -0.000257067 -0 -0.017636 0.000828655
5.35252 -0.0340783 -0.000179115 -0 -0.0178669 0.00124632 5.35938 -0.0343131 -7.8918e-06 -0
-0.0179092 0.000979361 5.37212 -0.0340932 0.000260503 -0 -0.0175794 0.00141071 5.37982 -0.0328372
0.000755659 -0 -0.0166464 0.00390187 5.4187 -0.02971 0.00203264 -0 -0.0147187 0.0113464
5.3885 -0.0259284 0.00477698 0 -0.012631 0.0174094 5.52281 -0.0226736 0.00602603 0
-0.0111858 0.0114083 5.31436 -0.024163 0.00126091 0 -0.0123944 0.00226722 5.72903 -0.0237779
-0.0019745 0 -0.0124291 0.00209052 5.20785 -0.0245252 0.000466031 0 -0.0129251 0.00713929
8.00711 -0.0225164 0.00343961 0 -0.0120592 0.00499749 0 -0.00816015 0.00977164 12.3808
-0.0146804 0.00566964 5.17755 -0.0938235 0.00594765 5.14701 -0.0987878 0.00568656 5.20713 -0.0883374
0.00681018 5.23531 -0.0823473 0.00985378 5.26159 -0.0761366 0.014791 5.28608 -0.0705741 0.0146785
5.30896 -0.0669703 0.00800953 5.32938 -0.0652684 0.00280858 5.34618 -0.0642574 0.000552946 5.35932
-0.0634837 -0.000426431 5.36935 -0.0630333 -0.000774868 5.37676 -0.0629543 -0.000334948 5.38248 -0.063132
0.00102381 5.38756 -0.0634474 0.00320187 5.39362 -0.0639382 0.00364021 5.40088 -0.0646394 0.00211341
5.41348 -0.0648741 0.00206011 5.42013 -0.0638731 0.00411403 5.45637 -0.0606366 0.0112172 5.42309
-0.0565869 0.0201837 5.555 -0.0510456 0.0178459 5.34753 -0.0508817 0.00618636 5.75907 -0.0466646
0.00496032 5.23664 -0.0460706 0.0143212 8.0291 -0.0410918 0.0188612 12.3914 -0.0256876 0.00754981
5.27139 -0.132055 0.00812084 5.24603 -0.139883 0.0071423 5.29551 -0.124223 0.00734637 5.31799
-0.116602 0.00721289 5.33872 -0.109677 0.00604162 5.35871 -0.103761 0.00262054 5.37869 -0.0987376
-9.43892e-06 5.39671 -0.094336 3.76711e-05 5.41125 -0.0907373 -0.000433342 5.42284 -0.0883118 -0.00107219
5.43202 -0.0870249 -0.00144466 5.43917 -0.0866928 -0.00113699 5.44504 -0.0870379 -0.000109448 5.45053
-0.0878092 0.00116571 5.45723 -0.0887649 0.00151149 5.46525 -0.0896089 0.00120848 5.478 -0.0898706
0.00165444 5.48398 -0.0896283 0.000632659 5.51829 -0.0885353 -0.00279387 5.48269 -0.0878055 -0.00475548
5.61035 -0.0826364 -0.000346674 5.40162 -0.0790483 0.00157686 5.80637 -0.0677836 0.00652103 5.28069
-0.0638072 0.020491 8.061 -0.0552449 0.0267972 12.4044 -0.0332545 0.00839963 5.3913 -0.155856
0.009348 5.37312 -0.165787 0.0070907 5.40848 -0.146742 0.0046235 5.4245 -0.138712 2.59315e-05
5.43952 -0.131808 -0.00674132 5.45427 -0.125585 -0.00904896 5.46901 -0.119075 -0.00493135 5.48234
-0.11251 -0.00179403 5.49355 -0.107259 -0.00134632 5.5031 -0.103845 -0.00178712 5.51114 -0.102138
-0.00229655 5.51799 -0.101886 -0.0028694 5.52423 -0.102764 -0.00359555 5.5305 -0.104269 -0.00448484
5.53803 -0.105644 -0.00347052 5.54656 -0.106201 -0.000616339 5.5593 -0.105859 0.00151445 5.56513
-0.105363 0.000559368 5.59871 -0.104427 -0.00393129 5.56287 -0.10448 -0.0138518 5.68564 -0.0997832
-0.00930492 5.47245 -0.0954562 0.00100089 5.86656 -0.0809976 0.00816885 5.33623 -0.0756806 0.0252686
8.10056 -0.0644704 0.0331058 12.4198 -0.0376823 0.0083979 5.52273 -0.157919 0.00950371 5.51295
-0.168654 0.00688863 5.53227 -0.148295 0.00427609 5.54154 -0.139865 0.00052006 5.55058 -0.132419
-0.00371586 5.55941 -0.125576 -0.00415134 5.56807 -0.119135 -0.00166668 5.57644 -0.113567 -0.00113654
5.58432 -0.109453 -0.00162637 5.59166 -0.106886 -0.00230657 5.59857 -0.105825 -0.00286467 5.60534
-0.106098 -0.00344258 5.61231 -0.10739 -0.00409967 5.61973 -0.109162 -0.00459294 5.62821 -0.110675
-0.00310806 5.63711 -0.111362 -0.000214973 5.64967 -0.11107 0.00206276 5.65508 -0.110149 0.00291545
5.68729 -0.107844 0.00423856 5.65078 -0.105875 -0.000269307 5.76888 -0.100141 0.00267784 5.55167
-0.0972472 0.00637608 5.93432 -0.0846275 0.00979274 5.39884 -0.0806517 0.0280518 8.14448 -0.0685248
0.0368865 12.4361 -0.0394079 0.00753431 5.64641 -0.134627 0.00856923 5.64489 -0.14392 0.00637947
5.6485 -0.126284 0.00510178 5.65116 -0.118851 0.00375305 5.65436 -0.112307 0.00261157 5.65807
-0.106738 0.00165121 5.66228 -0.102496 0.000420525 5.66707 -0.0996861 -0.000910548 5.67243 -0.0980402
-0.0019881 5.67834 -0.0974805 -0.00277011 5.68488 -0.0979844 -0.00317846 5.6922 -0.0993804 -0.00316002
5.70036 -0.101349 -0.00270567 5.70926 -0.103492 -0.00184781 5.71906 -0.105405 -0.000534171 5.72878
-0.106772 0.0008309 5.74139 -0.107181 0.00223721 5.7462 -0.106523 0.00313804 5.77651 -0.103994
0.00560074 5.73842 -0.10127 0.00580087 5.85188 -0.0951218 0.00903164 5.63191 -0.0930981 0.00764019
6.0038 -0.0824586 0.00955766 5.46342 -0.0798009 0.0282293 8.18978 -0.0680919 0.0376519 12.453
-0.0392431 0.00568038 5.7419 -0.0881924 0.00652113 5.74636 -0.0931394 0.00477627 5.73869 -0.0839004
0.0038822 5.73678 -0.0802493 0.0030352 5.73618 -0.0773196 0.00221849 5.73691 -0.0753405 0.00106348
5.73897 -0.0745567 -0.000398483 5.74238 -0.0748839 -0.00165454 5.74719 -0.0760879 -0.00261319 5.75343
-0.0780853 -0.00323285 5.76114 -0.0807702 -0.00344468 5.77023 -0.0839319 -0.00319016 5.78054 -0.0872727
-0.00246428 5.79166 -0.0904797 -0.00137041 5.80341 -0.0932925 -0.000179909 5.81449 -0.0954726 0.000868051
5.82755 -0.0965696 0.00210554 5.83196 -0.0963827 0.0028725 5.86045 -0.0943331 0.00501542 5.8206
-0.0920518 0.00530412 5.92964 -0.0867158 0.00853 5.70748 -0.0850835 0.00715683 6.06986 -0.0757249
0.00885067 5.52541 -0.0739039 0.0267239 8.23363 -0.0633617 0.0359963 12.47 -0.0367297 0.00309065
5.79337 -0.0289514 0.00367066 5.7994 -0.0275499 0.0024454 5.78896 -0.0305107 0.0017457 5.78627
-0.0323027 0.000985917 5.78541 -0.0344497 0.000150929 5.78643 -0.0370893 -0.000795844 5.78937 -0.0402924
-0.00174022 5.79425 -0.0440369 -0.00253929 5.80111 -0.0482834 -0.0031548 5.80997 -0.0529677 -0.00350257
5.82074 -0.0579428 -0.00350876 5.83316 -0.0629883 -0.00313226 5.84685 -0.0678445 -0.00238124 5.86113
-0.0722692 -0.00138569 5.87556 -0.076084 -0.000418771 5.88861 -0.0791447 0.000340142 5.90267 -0.0810594
0.00138507 5.90705 -0.0814828 0.00241439 5.93412 -0.0799023 0.00473733 5.89282 -0.0780357 0.00484417
5.99805 -0.0737567 0.00757031 5.77417 -0.0725421 0.00657937 6.12856 -0.0648057 0.00809998 5.58101
-0.063784 0.0238936 8.27325 -0.0549962 0.0321278 12.4857 -0.0320589 0.000586302 5.7971 0.0247505
0.000922594 5.79957 0.0319722 0.000213539 5.79617 0.0179026 -0.000216973 5.79696 0.0112818 -0.000812986
5.79968 0.00470638 -0.00157388 5.80445 -0.00190345 -0.00230723 5.81137 -0.00847625 -0.00277227 5.82047
-0.0149774 -0.00306329 5.83181 -0.0215132 -0.00330891 5.84536 -0.0281155 -0.00338236 5.86089 -0.034636
-0.00319643 5.87797 -0.040846 -0.00269297 5.89601 -0.0465066 -0.00183696 5.91417 -0.0513946 -0.000657085
5.93182 -0.055368 0.000699208 5.9473 -0.0584377 0.00184223 5.9628 -0.0605913 0.00270012 5.9676
-0.0616988 0.00319767 5.99382 -0.0612002 0.00484208 5.95162 -0.0603006 0.00460405 6.05397 -0.0573975
0.00667344 5.82887 -0.0567437 0.00576093 6.17698 -0.0509683 0.00738366 5.62727 -0.0506843 0.020291
8.30648 -0.0436984 0.0264165 12.4992 -0.0251596 -0.000894135 5.76547 0.054412 -0.000810307 5.76088
0.0642188 -0.0010409 5.77119 0.0452621 -0.00126126 5.77832 0.0366375 -0.00150858 5.78715 0.0283812
-0.0017998 5.79788 0.0203622 -0.00216639 5.81066 0.0125913 -0.00246122 5.82561 0.00511196 -0.00264055
5.84277 -0.00214712 -0.00276653 5.86205 -0.00918722 -0.0027104 5.88309 -0.0158461 -0.00241301 5.90531
-0.0219188 -0.00183262 5.92794 -0.0271836 -0.000864258 5.94998 -0.0313718 0.00087447 5.97065 -0.034193
0.00508315 5.98826 -0.0355628 0.0109235 6.00516 -0.036148 0.0147404 6.01085 -0.0371583 0.0122033
6.0372 -0.0386499 0.00789792 5.99492 -0.04008 0.00515801 6.09547 -0.0392643 0.00639921 5.8697
-0.0393456 0.00548334 6.21328 -0.0356021 0.00828319 5.66226 -0.0359044 0.01777 8.33138 -0.0301889
0.019734 12.5087 -0.015935 -0.00112121 5.72242 0.0516048 -0.00115384 5.71044 0.0597521 -0.0011469
5.73503 0.0440913 -0.00109373 5.74861 0.0372293 -4.40444e-05 5.76348 0.0310429 0.00200512 5.78004
0.0252553 0.0034434 5.79857 0.0192897 0.00208955 5.8192 0.0129054 -0.0003837 5.84189 0.00655862
-0.00132477 5.86642 0.000711695 -0.00141894 5.89235 -0.00451846 -0.00114824 5.919 -0.00908718 -0.000652084
5.94547 -0.012923 9.06755e-05 5.97058 -0.015885 0.00139714 5.99325 -0.0177537 0.00498516 6.01168
-0.0183529 0.0110265 6.02901 -0.0180371 0.0169672 6.03588 -0.0183001 0.0142893 6.0639 -0.0199965
0.00732632 6.0226 -0.021954 0.00421646 6.12213 -0.0220753 0.00466587 5.89606 -0.0223332 0.00386226
6.2367 -0.0202893 0.00661274 5.685 -0.0206651 0.0119442 8.3471 -0.0168406 0.0112904 12.5136
-0.00800003 -0.00101431 5.69288 0.0211289 -0.000918708 5.67626 0.0242664 -0.00106758 5.70976 0.0182738
-0.000888967 5.72713 0.0157759 0.000303423 5.74534 0.0137201 0.00269452 5.76512 0.0119513 0.00473015
5.78736 0.00984772 0.00353669 5.81207 0.00709003 0.000943373 5.83838 0.00422731 0.000144845 5.86599
0.00174647 0.000155241 5.89478 -0.000339829 0.000401584 5.92401 -0.00211499 0.000685287 5.95271 -0.00366959
0.000868373 5.97967 -0.00512338 0.000567106 6.00376 -0.00664813 -0.00183131 6.02311 -0.00831081 -0.00510703
6.04074 -0.00949021 -0.00550778 6.0479 -0.0095763 -0.00317991 6.07659 -0.00869506 -0.000525634 6.03562
-0.00763918 0.000891528 6.13453 -0.00667775 0.000750235 5.90826 -0.0062888 0.000218015 6.24752 -0.00555098
-0.000725776 5.69554 -0.00545435 -0.000498864 8.35439 -0.00502848 0.00062209 12.5159 -0.00362058 -0.00094951
5.69261 -0.0204878 -0.000722706 5.67599 -0.0236457 -0.00105891 5.70947 -0.0176137 -0.00110663 5.72681
-0.0150704 -0.00188326 5.74497 -0.0129165 -0.00323377 5.7647 -0.0109601 -0.00392623 5.787 -0.00880285
-0.00250883 5.81184 -0.0062528 -0.000155021 5.83817 -0.00360779 0.00109827 5.86572 -0.00118882 0.00171249
5.89444 0.000957343 0.00206061 5.92361 0.0028083 0.00219453 5.95229 0.00429361 0.0020212 5.97938
0.00525299 0.00108777 6.004 0.00544475 -0.00244559 6.02436 0.00474589 -0.00852745 6.04269 0.00365517
-0.0143173 6.04928 0.00371978 -0.0111933 6.07634 0.00581429 -0.00366604 6.03425 0.00835081 -0.000763941
6.13295 0.0094842 -0.00169792 5.90647 0.010211 -0.00205306 6.24591 0.00955543 -0.00601462 5.69391
0.0100047 -0.0109122 8.35375 0.00733316 -0.0097804 12.5168 0.00166206 -0.000630689 5.72177 -0.0512518
-0.000406253 5.70982 -0.0594139 -0.000715459 5.73434 -0.0437623 -0.000803216 5.74786 -0.036972 -0.00174704
5.76268 -0.0309045 -0.0037405 5.7792 -0.025303 -0.00515948 5.79781 -0.0194274 -0.00304509 5.81855
-0.0128937 0.000621811 5.84119 -0.00626741 0.00243321 5.86551 -8.72734e-05 0.00328557 5.89116 0.00554947
0.00368606 5.91749 0.0106065 0.00375461 5.94369 0.0150239 0.00351781 5.96874 0.0187212 0.00294953
5.99187 0.0216451 0.00199128 6.01134 0.0238012 8.63374e-05 6.02928 0.0251152 -0.00298162 6.03519
0.0260326 -0.00280705 6.06096 0.0268681 -0.00123189 6.0179 0.0276762 -0.000640907 6.11692 0.0272163
-0.00246644 5.89031 0.0276068 -0.0027235 6.23139 0.0252732 -0.00641735 5.6797 0.0256828 -0.0156887
8.34422 0.021358 -0.0183734 12.5144 0.0104138 -0.000822479 5.76476 -0.054534 -0.000725666 5.76022
-0.0643023 -0.000775307 5.77045 -0.0454362 -0.000583623 5.77756 -0.0368834 -0.000258146 5.78638 -0.0287284
1.23637e-05 5.79713 -0.020838 0.000396802 5.80988 -0.0130425 0.00149012 5.82468 -0.00525964 0.0028584
5.84157 0.00246105 0.00386352 5.86036 0.0100288 0.00457329 5.88072 0.0172947 0.00496458 5.90215
0.02409 0.00500494 5.92395 0.0302489 0.00471819 5.94519 0.0356279 0.00419812 5.96521 0.0401478
0.00361098 5.98231 0.0437696 0.00299242 5.99866 0.0463237 0.00223289 6.00365 0.0475821 0.00122447
6.02916 0.0472328 -0.00104067 5.98594 0.0466188 -0.001385 6.086 0.0447669 -0.00377819 5.85954
0.0448847 -0.00380567 6.20378 0.0407939 -0.00673112 5.6529 0.0409598 -0.0198381 8.32516 0.0351483
-0.0259945 12.5071 0.0193613 -0.00233307 5.79667 -0.0252847 -0.00246089 5.79915 -0.0324115 -0.00205268
5.79574 -0.0184879 -0.00155842 5.79654 -0.0118552 -0.000744546 5.79922 -0.00520472 0.000376049 5.80394
0.00155102 0.00160296 5.81066 0.00833089 0.0026329 5.81939 0.0151046 0.00354515 5.83012 0.0220217
0.00446373 5.84278 0.0291186 0.00520652 5.85716 0.0362287 0.00565225 5.8729 0.0431174 0.00571182
5.8895 0.0495233 0.00536546 5.90618 0.0551825 0.00467568 5.92241 0.0598699 0.00374143 5.93663
0.0634156 0.00275214 5.95113 0.0655876 0.00144523 5.95528 0.0661733 4.95673e-05 5.98107 0.0649511
-0.00281081 5.93821 0.063683 -0.0031529 6.04026 0.0609626 -0.00566335 5.81441 0.0611148 -0.00519783
6.16354 0.0553312 -0.00807852 5.61419 0.0550679 -0.0245734 8.29741 0.0471398 -0.0328458 12.4959
0.0262104 -0.00475296 5.79352 0.0281671 -0.00514452 5.79946 0.0268829 -0.00417863 5.78916 0.0297004
-0.00337465 5.78645 0.0315931 -0.00229938 5.78549 0.0339612 -0.000974637 5.78629 0.0368659 0.000450662
5.78886 0.0402792 0.001808 5.7931 0.0442186 0.00309933 5.799 0.0487697 0.00429312 5.80655
0.053902 0.00523491 5.81569 0.0594325 0.00581241 5.82623 0.0650991 0.00594067 5.83792 0.0705912
0.00558842 5.85021 0.0755762 0.00481482 5.8628 0.079724 0.00371223 5.87429 0.082755 0.00244608
5.8872 0.0842655 0.000606765 5.8908 0.0840222 -0.00100209 5.91731 0.0818879 -0.00398373 5.87527
0.0799281 -0.00417711 5.9803 0.0761671 -0.00696957 5.75576 0.0759629 -0.00630741 6.11177 0.0682461
-0.00951063 5.56491 0.0671887 -0.0286873 8.26243 0.0567607 -0.038342 12.4824 0.0308662 -0.00721653
5.74279 0.0873464 -0.00788288 5.74705 0.0924296 -0.0063686 5.73967 0.0830441 -0.00530758 5.7377
0.0795797 -0.00402326 5.73692 0.0770185 -0.00255562 5.73731 0.075407 -0.000969743 5.73883 0.0747485
0.000647069 5.74137 0.0750603 0.00222466 5.74486 0.0763948 0.00367062 5.74937 0.0787391 0.00482355
5.75495 0.0819296 0.0055564 5.76166 0.0857021 0.00578379 5.76947 0.0897292 0.00548454 5.77814
0.0936525 0.00473527 5.78763 0.0971145 0.00367939 5.79677 0.0998324 0.00282682 5.80831 0.101459
0.00247533 5.81144 0.101905 0.00407547 5.83885 0.100631 0.00671619 5.79794 0.0991031 0.00908082
5.90724 0.0933636 -0.000138349 5.68531 0.090243 -0.00557367 6.05036 0.0790627 -0.0103326 5.50709
0.0764248 -0.0311586 8.22206 0.0640537 -0.0414907 12.4677 0.0345952 -0.00897952 5.64799 0.133827
-0.00980943 5.64611 0.143346 -0.00800301 5.65029 0.125285 -0.00683697 5.65297 0.117773 -0.00545993
5.656 0.111358 -0.00391772 5.65934 0.106109 -0.00223242 5.66291 0.102077 -0.000468541 5.66659
0.0992857 0.00125755 5.67028 0.0977589 0.00283971 5.67404 0.0975141 0.00412079 5.67802 0.0984662
0.00496432 5.68247 0.100393 0.00527957 5.68766 0.102972 0.00505521 5.69362 0.105846 0.00439454
5.70064 0.10868 0.00350936 5.70776 0.111253 0.00373359 5.71787 0.113681 0.00861221 5.71999
0.116535 0.0197156 5.74788 0.117918 0.0298045 5.70819 0.117197 0.0309084 5.82395 0.108378
0.0106255 5.60701 0.100742 -0.00385229 5.98273 0.0857874 -0.0103289 5.44377 0.0814653 -0.0312705
8.17789 0.0687882 -0.0413762 12.4517 0.0382843 -0.00976272 5.5249 0.157193 -0.0106018 5.51453
0.16832 -0.00878898 5.53497 0.146904 -0.00763651 5.54465 0.137533 -0.00627342 5.55383 0.129175
-0.00474521 5.56239 0.121938 -0.00307405 5.57019 0.115941 -0.00132051 5.57705 0.111261 0.000400599
5.58287 0.107937 0.00200419 5.58766 0.105996 0.00332913 5.59163 0.105407 0.00420865 5.59518
0.106002 0.00456068 5.59883 0.107469 0.00437976 5.60293 0.10941 0.00373423 5.60812 0.1114
0.00275957 5.61363 0.1131 0.00244167 5.62232 0.114487 0.00541875 5.62282 0.11597 0.0119069
5.65117 0.115452 0.0123259 5.61392 0.113007 0.00809417 5.73769 0.104314 -0.00247806 5.52637
0.0986014 -0.00640721 5.91321 0.0849074 -0.010217 5.37879 0.0808275 -0.0302575 8.13196 0.0671656
-0.0401682 12.4342 0.0356167 -0.00949067 5.39383 0.155597 -0.0102382 5.3748 0.165851 -0.00860644
5.41206 0.145853 -0.00755841 5.4293 0.136718 -0.00632566 5.44538 0.128319 -0.00494911 5.46003
0.120807 -0.00343492 5.473 0.114352 -0.00182646 5.48402 0.109105 -0.00023241 5.49293 0.105163
0.00126914 5.49971 0.102564 0.00252899 5.5046 0.101295 0.00337938 5.50808 0.101224 0.00374185
5.51089 0.102041 0.00358554 5.51378 0.103274 0.00290062 5.51781 0.104312 0.00165249 5.52263
0.104551 -0.000770405 5.53161 0.103077 -0.00793607 5.53369 0.09932 -0.0199757 5.56554 0.0933586
-0.0337566 5.53137 0.0890753 -0.0349911 5.65941 0.0846557 -0.0239302 5.44921 0.0856921 -0.0101409
5.84608 0.0767841 -0.00967971 5.31654 0.0742895 -0.0268823 8.08955 0.0631375 -0.0353347 12.4206
0.0351164 -0.00817645 5.27373 0.132689 -0.00874949 5.24746 0.140425 -0.00747242 5.29896 0.125072
-0.00661541 5.32291 0.117695 -0.00560448 5.34527 0.110704 -0.00448307 5.36565 0.104281 -0.00323975
5.38364 0.0986172 -0.00189832 5.39879 0.0939044 -0.000564967 5.41088 0.0902901 0.000676963 5.41984
0.0878489 0.00172589 5.4259 0.0865834 0.00248393 5.4296 0.0863818 0.0028474 5.43193 0.0869589
0.00273375 5.43402 0.0878504 0.0021302 5.43739 0.0884463 0.000974276 5.44222 0.088144 -0.00154506
5.45287 0.0860238 -0.00901517 5.45865 0.08177 -0.0201505 5.49501 0.0763877 -0.0292157 5.46268
0.0736181 -0.0265049 5.5923 0.0708913 -0.0173978 5.38127 0.0722862 -0.00772962 5.78663 0.0647688
-0.00753643 5.26142 0.0627048 -0.0186573 8.0484 0.0625978 -0.0226064 12.4017 0.0481359 -0.00596836
5.17916 0.0948902 -0.00633761 5.14793 0.0995217 -0.00549471 5.20943 0.0900686 -0.00489895 5.23836
0.0851974 -0.00417728 5.26551 0.0804267 -0.00336021 5.29036 0.0759239 -0.00245584 5.31235 0.0718663
-0.00149386 5.33089 0.0684288 -0.000548727 5.34561 0.0657677 0.000322886 5.35637 0.0639826 0.00106336
5.36339 0.0630869 0.00162436 5.3673 0.0629926 0.00191183 5.36928 0.0634842 0.00184901 5.37074
0.0642286 0.00145654 5.37361 0.0648329 0.000741976 5.37842 0.0649701 -0.000283311 5.38989 0.0644401
-0.00176255 5.39707 0.0636272 -0.00244828 5.43536 0.0623729 -0.00327821 5.4041 0.0615738 -0.00194467
5.53672 0.0579946 -0.00244104 5.32714 0.0561538 -0.00212982 5.73972 0.0486854 -0.00441653 5.21754
0.0464522 -0.0133013 8.0085 0.0458088 -0.0163317 12.373 0.0346491 -0.00307919 5.11941 0.049002
-0.00326233 5.08551 0.0509647 -0.00285161 5.15253 0.0468033 -0.00256952 5.18439 0.0444729 -0.00221412
5.21444 0.0421218 -0.00178912 5.24206 0.0398502 -0.0013097 5.26655 0.0377692 -0.000805612 5.28726
0.0359886 -0.000314527 5.30367 0.0346055 0.000141995 5.31558 0.0336934 0.0005328 5.32319 0.0332649
0.00082246 5.32719 0.0332656 0.000967248 5.32889 0.0335791 0.000939322 5.3299 0.0340467 0.000756459
5.33235 0.0344968 0.000441763 5.33694 0.0348231 0.000168075 5.34847 0.0350781 0.000165766 5.35574
0.0355314 0.000851436 5.39467 0.0356202 0.000923922 5.36407 0.0353658 0.00167354 5.49921 0.0329141
0.00137088 5.29128 0.031219 0.0009418 5.70895 0.0267025 -0.0017987 5.18882 0.0252359 -0.0109772
7.98876 0.0141524 -0.0161355 12.3666 -0.00244392 -0.00151483 0 0.024821 -0.0016125 0
0.0256661 -0.00140834 0 0.0238059 -0.00128736 0 0.0226843 -0.00112939 0 0.0215291
-0.000926247 0 0.0203949 -0.000684807 0 0.0193463 -0.000424665 0 0.0184477 -0.00016986
0 0.0177489 6.86888e-05 0 0.0172952 0.000273705 0 0.0170975 0.000420818 0
0.0171204 0.000491537 0 0.0173017 0.000477502 0 0.017568 0.000386871 0 0.0178367
0.000233425 0 0.0180679 8.85646e-05 0 0.0182783 -4.23458e-05 0 0.018547 0.00012265
0 0.0185632 7.65964e-05 0 0.0184336 0.000866755 0 0.0172268 0.00146434 0
0.0164677 0.00143973 0 0.0141419 -0.000746137 0 0.0133269 -0.00871685 0 -0.000438778
-0.014035 0 -0.0169336 0.00321373 5.05138 -0.052238 0.0033331 5.01764 -0.0535226 0.00166249
0 -0.0264692 0.00159689 0 -0.0260864 0.00625377 5.11581 -0.103258 0.00653039 5.08416
-0.107193 0.00868006 5.21974 -0.147641 0.00919315 5.19269 -0.155273 0.0101673 5.35415 -0.176296
0.0109088 5.33451 -0.187258 0.0104685 5.50294 -0.180335 0.0113626 5.4927 -0.192878 0.00951977
5.64387 -0.154177 0.0104131 5.64331 -0.165404 0.00728473 5.752 -0.0987764 0.00797842 5.75878
-0.105116 0.00416546 5.80696 -0.0262657 0.0045688 5.816 -0.0250583 0.00115834 5.80344 0.0396674
0.00127256 5.8086 0.0479417 -0.000752488 5.75718 0.0748026 -0.000802903 5.75416 0.0862809 -0.00108224
5.69874 0.0686129 -0.00104995 5.68705 0.0782611 -0.000788226 5.65956 0.027684 -0.000646292 5.64243
0.0314106 -0.000577189 5.65933 -0.0271213 -0.000409897 5.64225 -0.0309289 -0.000163493 5.69819 -0.0682966
0.000140492 5.68659 -0.0779705 -0.000479355 5.75657 -0.0748439 -9.9144e-05 5.75362 -0.0862808 -0.00241958
5.80303 -0.0399977 -0.00222653 5.80821 -0.0481708 -0.00538315 5.80694 0.0257524 -0.0055002 5.81591
0.0246972 -0.0084116 5.75246 0.098244 -0.00884465 5.75902 0.104766 -0.0105348 5.6447 0.153812
-0.0111942 5.64377 0.165222 -0.0113438 5.50395 0.180249 -0.0120135 5.4932 0.192965 -0.0108694
5.3551 0.176546 -0.0113837 5.33484 0.187634 -0.00921586 5.2204 0.148161 -0.00958932 5.19272
0.155802 -0.00663305 5.11605 0.103827 -0.00690428 5.08378 0.107673 -0.00341135 5.05124 0.0526018
-0.00354571 5.01692 0.0538109 -0.00169562 0 0.0262921 -0.00174913 0 0.0266349 -0.00999406
4.65919 0.217963 -0.0142324 4.68253 0.285532 -0.0120899 0 0.210781 -0.00854701 0
0.163638 -0.00684227 4.64911 0.163414 -0.00602216 0 0.125912 -0.0044262 4.64869 0.119051
-0.00412216 0 0.0954199 -0.00255179 4.65524 0.0827926 -0.0026289 0 0.0705908 -0.00111549
4.66694 0.0530908 -0.00149364 0 0.0502893 -2.90472e-05 4.68255 0.0287622 -0.000704819 0
0.033649 0.000818332 4.70119 0.00888087 -0.000131219 0 0.0199931 0.00150402 4.72229 -0.00726717
0.000351915 -0 0.00882166 0.00205239 4.74551 -0.0202545 0.000748896 -0 -0.000252432 0.00246839
4.77062 -0.0305433 0.00101794 -0 -0.00753897 0.00278647 4.79744 -0.038525 0.00120283 -0
-0.0132958 0.00304181 4.8258 -0.044537 0.00136375 0 -0.0177467 0.00323519 4.85553 -0.0488769
0.00149903 0 -0.0210855 0.00336231 4.88641 -0.051806 0.00159751 0 -0.0234854 0.00342952
4.91826 -0.0535501 0.00165954 0 -0.0250989 0.0034438 4.95087 -0.0543092 0.00168978 0
-0.0260622 0.00341062 4.98407 -0.0542515 0.00169168 0 -0.0264882 -0.00558704 4.5189 0.152112
-0.00947346 4.48645 0.223632 -0.00255787 4.55335 0.0945063 -0.000230084 4.58865 0.0479287 0.00157761
4.62399 0.0101968 0.00297005 4.65898 -0.020345 0.00398508 4.69341 -0.0449715 0.00476967 4.72723
-0.0646752 0.0053984 4.7605 -0.0802308 0.00589053 4.79335 -0.0922675 0.00631006 4.82592 -0.101299
0.00664663 4.85834 -0.107761 0.00688221 4.89072 -0.112026 0.00702093 4.92309 -0.114423 0.00706909
4.95545 -0.115233 0.00703836 4.98778 -0.114707 0.00693417 5.02006 -0.113068 0.0067616 5.05221
-0.110505 0.00822668 4.53196 -0.154516 0.00638218 4.4628 -0.131601 0.00960095 4.59493 -0.171696
0.0105071 4.65235 -0.184297 0.0110914 4.70493 -0.193269 0.0114405 4.75326 -0.199337 0.0115348
4.79794 -0.203055 0.0115032 4.83951 -0.20485 0.0114364 4.87845 -0.205035 0.0113441 4.9152
-0.20385 0.0112663 4.95019 -0.201485 0.0111846 4.98375 -0.198095 0.0110717 5.01612 -0.193807
0.01091 5.0475 -0.188735 0.0106876 5.07798 -0.182986 0.0104044 5.10767 -0.176663 0.0100601
5.13665 -0.169871 0.00965501 5.16499 -0.162709 0.0231742 4.78933 -0.482818 0.0232389 4.72667
-0.51938 0.0226763 4.84585 -0.451353 0.0218855 4.89677 -0.423688 0.0209327 4.94279 -0.398992
0.0199332 4.98457 -0.376684 0.0189399 5.02267 -0.356339 0.0179878 5.05767 -0.337639 0.0171147
5.09007 -0.320327 0.0163288 5.12028 -0.304171 0.0156268 5.14868 -0.288976 0.015015 5.17556
-0.274571 0.0144642 5.20114 -0.260807 0.0139326 5.22561 -0.247565 0.0133926 5.24905 -0.234769
0.0128272 5.27155 -0.22236 0.012229 5.29323 -0.210309 0.0115921 5.3142 -0.198607 0.0333228
5.26204 -0.614203 0.0365078 5.24147 -0.675873 0.0304453 5.28246 -0.561321 0.027868 5.30203
-0.515377 0.0255945 5.3205 -0.475025 0.0236151 5.33783 -0.439267 0.021912 5.35413 -0.407344
0.0204498 5.36954 -0.378658 0.019179 5.38418 -0.352709 0.0180667 5.39816 -0.32909 0.0170845
5.4116 -0.307455 0.0161885 5.42452 -0.287508 0.0153524 5.43696 -0.269008 0.0145571 5.44892
-0.251766 0.0137791 5.46039 -0.235633 0.0130002 5.47147 -0.220493 0.012202 5.48222 -0.20626
0.0364643 5.74178 -0.600863 0.0418552 5.76934 -0.663756 0.032186 5.72068 -0.545756 0.0287211
5.70413 -0.497235 0.0258746 5.6909 -0.45431 0.0235105 5.68021 -0.416176 0.0215433 5.67156
-0.382156 0.0199222 5.66462 -0.351684 0.0185816 5.65907 -0.324282 0.0174241 5.65471 -0.299542
0.0163757 5.65133 -0.277118 0.0154179 5.64874 -0.256717 0.0145326 5.64677 -0.23809 0.0136932
5.64529 -0.221023 0.0128812 5.64422 -0.205349 0.0120769 5.64352 -0.190924 0.011261 5.64321
-0.177634 0.0245516 6.14286 -0.37228 0.0281502 6.21041 -0.407766 0.0218333 6.08573 -0.33994
0.0197229 6.03716 -0.310687 0.0179916 5.99559 -0.284338 0.0165235 5.95982 -0.260653 0.0152898
5.92891 -0.239354 0.0142884 5.90206 -0.220174 0.013486 5.87866 -0.202881 0.0128009 5.85817
-0.187268 0.0121778 5.84016 -0.173144 0.0115981 5.82423 -0.160352 0.0110256 5.81005 -0.148753
0.0104398 5.79736 -0.138229 0.00984899 5.78597 -0.12868 0.00924783 5.77577 -0.120021 0.00862604
5.76671 -0.112183 0.000746124 6.29841 0.0146272 -0.000678852 6.3787 0.0203264 0.00182252 6.22928
0.00947648 0.00268652 6.1698 0.00485097 0.00335072 6.11851 0.000716799 0.0038762 6.07409 -0.0029681
0.00435816 6.03544 -0.00622593 0.00477837 6.00166 -0.00907351 0.00509849 5.97198 -0.0115572 0.0053391
5.9458 -0.0137299 0.00551591 5.92263 -0.0156315 0.00561455 5.90199 -0.017307 0.00560337 5.88351
-0.0188122 0.0054968 5.86687 -0.0201905 0.00534946 5.8519 -0.0214717 0.00515957 5.83847 -0.0226899
0.00489822 5.82651 -0.0238769 -0.0209062 6.13628 0.37751 -0.0265649 6.19588 0.421217 -0.016632
6.08643 0.337628 -0.0132676 6.04445 0.301474 -0.0105189 6.00881 0.268847 -0.00818882 5.97837
0.239481 -0.0061746 5.95217 0.213076 -0.00447801 5.92947 0.189349 -0.00309031 5.90968 0.168025
-0.00194878 5.89231 0.148847 -0.00100036 5.87702 0.13158 -0.000235924 5.86348 0.115997 0.000335659
5.85141 0.10188 0.000749887 5.8406 0.0890483 0.00105731 5.83094 0.077361 0.00123996 5.82238
0.0666881 0.00129697 5.81493 0.0569134 -0.0291711 5.75846 0.552072 -0.0356831 5.7728 0.619654
-0.0240663 5.74931 0.49277 -0.0199426 5.7436 0.440447 -0.0165251 5.74016 0.394076 -0.0136756
5.73834 0.352834 -0.0112774 5.73765 0.316025 -0.00922193 5.73775 0.28307 -0.00745376 5.73842
0.253489 -0.00593854 5.73949 0.226879 -0.00466701 5.74084 0.202883 -0.00361468 5.74237 0.181184
-0.00273786 5.74401 0.161509 -0.00204218 5.74573 0.14362 -0.00154746 5.74751 0.127308 -0.00121713
5.74945 0.112408 -0.000976089 5.75163 0.098775 -0.0229714 5.351 0.483224 -0.027168 5.31375
0.547431 -0.0193122 5.3862 0.428705 -0.0161197 5.41899 0.381753 -0.0134754 5.44931 0.340838
-0.0114357 5.47727 0.30487 -0.00978104 5.50304 0.273062 -0.00820966 5.52679 0.244799 -0.00673623
5.5487 0.21957 -0.00544996 5.56895 0.196948 -0.00445484 5.58769 0.176578 -0.00368703 5.60502
0.158183 -0.00299313 5.62107 0.141537 -0.00242357 5.63595 0.126436 -0.00200281 5.64981 0.1127
-0.00159426 5.66282 0.100188 -0.00122323 5.67516 0.0887544 -0.00872552 5.08668 0.193684 -0.0100664
5.01405 0.220633 -0.00741289 5.15145 0.17117 -0.00619114 5.20955 0.152007 -0.00520014 5.26187
0.135433 -0.00447342 5.30913 0.120941 -0.00388587 5.35191 0.108182 -0.00325524 5.39078 0.0968988
-0.00261558 5.42624 0.0868648 -0.0020646 5.45874 0.0778909 -0.00167677 5.48858 0.0698272 -0.00141589
5.51596 0.062566 -0.00119171 5.54116 0.0560139 -0.00101996 5.5644 0.0500898 -0.000890618 5.58588
0.0447348 -0.000723294 5.60586 0.0398831 -0.000600234 5.62462 0.0354638 0.00740049 5.08687 -0.194642
0.00843029 5.01429 -0.222017 0.00625616 5.15155 -0.171753 0.00513998 5.20956 -0.15229 0.00425162
5.26181 -0.135496 0.003714 5.30902 -0.120851 0.00337024 5.35177 -0.108003 0.00296698 5.39062
-0.0966874 0.00252703 5.42611 -0.086658 0.00212624 5.45862 -0.0777022 0.0018535 5.48847 -0.0696547
0.00165083 5.51587 -0.0623943 0.00138889 5.54108 -0.0558319 0.00110222 5.56431 -0.0498818 0.000790819
5.58576 -0.0444733 0.000367323 5.60572 -0.0395563 -8.94285e-05 5.62446 -0.0350648 0.0216556 5.35141
-0.483121 0.0255825 5.31438 -0.54733 0.0181617 5.38637 -0.42857 0.0151298 5.41895 -0.381574
0.0126703 5.44909 -0.340622 0.0108059 5.47693 -0.304638 0.00933127 5.50265 -0.272828 0.00797129
5.5264 -0.244576 0.00670841 5.54833 -0.219364 0.00560011 5.56861 -0.196761 0.00470744 5.5874
-0.176411 0.00396049 5.60477 -0.15803 0.00322491 5.62083 -0.141385 0.00253848 5.63571 -0.126271
0.00192524 5.64954 -0.112518 0.00126744 5.6625 -0.0999756 0.000615985 5.67477 -0.0885006 0.0278082
5.75874 -0.55127 0.0340678 5.77335 -0.618559 0.0228704 5.74933 -0.492188 0.01892 5.74339
-0.440028 0.0157024 5.73978 -0.393772 0.013044 5.73782 -0.352608 0.0108382 5.73706 -0.315854
0.00899793 5.73717 -0.282931 0.00744104 5.73787 -0.253368 0.00609973 5.73899 -0.22677 0.00492491
5.74042 -0.202781 0.00388806 5.742 -0.181093 0.00296269 5.74368 -0.161427 0.00214701 5.74541
-0.143543 0.00146121 5.7472 -0.127243 0.000885067 5.74909 -0.112358 0.000369855 5.75118 -0.0987448
0.0194552 6.13618 -0.376866 0.0248405 6.19585 -0.420436 0.015365 6.08617 -0.337132 0.0121779
6.04403 -0.301122 0.00962043 6.00827 -0.268612 0.00749619 5.97772 -0.239326 0.00570395 5.95147
-0.212972 0.00423269 5.92877 -0.189273 0.00305046 5.90902 -0.167959 0.00206837 5.89174 -0.148781
0.00121541 5.87653 -0.131513 0.000473172 5.86305 -0.115933 -0.000150626 5.85103 -0.101828 -0.000683027
5.84027 -0.0890193 -0.00117367 5.83064 -0.0773656 -0.00160011 5.82206 -0.0667463 -0.00194314 5.81457
-0.057051 -0.00207901 6.29778 -0.01413 -0.000888644 6.37815 -0.0199033 -0.00299134 6.22854 -0.00899877
-0.00368593 6.16897 -0.00443913 -0.00416933 6.1176 -0.000385983 -0.00451204 6.07316 0.00322677 -0.00479727
6.03452 0.00643334 -0.00500981 6.00078 0.00925237 -0.00513782 5.97119 0.0117262 -0.00522822 5.94512
0.0138964 -0.00531555 5.92204 0.0157939 -0.00539454 5.9015 0.0174576 -0.00543401 5.88309 0.0189352
-0.00544519 5.86653 0.0202637 -0.00548004 5.85163 0.0214736 -0.00552654 5.83824 0.0225979 -0.00553868
5.82634 0.0236617 -0.0255897 6.1413 0.373271 -0.0293069 6.20894 0.408831 -0.022784 6.08414
0.340808 -0.020563 6.03558 0.311421 -0.0186937 5.99407 0.284946 -0.0170671 5.95841 0.261156
-0.0156568 5.92759 0.239783 -0.0144701 5.90085 0.22056 -0.013494 5.87758 0.203245 -0.0126738
5.85722 0.187615 -0.0119706 5.83934 0.173477 -0.0113728 5.82354 0.16066 -0.0108522 5.8095
0.149013 -0.0103896 5.79693 0.138412 -0.00997956 5.78567 0.128762 -0.00960149 5.77562 0.119982
-0.00922944 5.76674 0.112002 -0.0373602 5.73865 0.602646 -0.0428311 5.76583 0.665908 -0.0330287
5.71785 0.547228 -0.0294932 5.70158 0.498457 -0.0265378 5.68859 0.455333 -0.0240243 5.67813
0.417045 -0.0218891 5.66968 0.382911 -0.020101 5.6629 0.352362 -0.0186063 5.65752 0.324903
-0.0173287 5.65333 0.300115 -0.0162073 5.65012 0.277646 -0.0152319 5.6477 0.257197 -0.014395
5.64593 0.238503 -0.0136688 5.64465 0.221352 -0.0130193 5.6438 0.205572 -0.012415 5.64336
0.191023 -0.0118162 5.64333 0.177604 -0.0341422 5.25725 0.616228 -0.0374267 5.23579 0.67828
-0.0311883 5.2783 0.563058 -0.028519 5.29837 0.516891 -0.0261326 5.31726 0.476355 -0.0240284
5.33492 0.440442 -0.0221724 5.3515 0.408392 -0.0205829 5.36715 0.379595 -0.0192351 5.38201
0.35355 -0.0180469 5.39624 0.329849 -0.0170036 5.4099 0.308139 -0.0160866 5.42305 0.288124
-0.0152762 5.43573 0.269558 -0.0145532 5.44794 0.252245 -0.0138768 5.45973 0.236037 -0.0132169
5.47116 0.220809 -0.0126107 5.48229 0.206471 -0.0233474 4.83996 0.452651 -0.0239296 4.7825
0.484156 -0.022488 4.8916 0.424965 -0.0214496 4.93816 0.40024 -0.0203605 4.9804 0.377887
-0.0192855 5.0189 0.357476 -0.0182267 5.05425 0.338699 -0.0172606 5.08696 0.321295 -0.0164211
5.11746 0.305044 -0.0156589 5.14614 0.289767 -0.0149958 5.1733 0.275295 -0.0144205 5.19918
0.261475 -0.0138841 5.22392 0.248195 -0.013334 5.24766 0.235373 -0.012761 5.2705 0.222949
-0.0122118 5.29259 0.210863 -0.0117788 5.31402 0.199084 -0.0101382 4.58879 0.171788 -0.00883578
4.52526 0.15433 -0.0110146 4.64671 0.184639 -0.0115731 4.6997 0.193805 -0.0118935 4.74842
0.200006 -0.0119423 4.79347 0.203793 -0.011871 4.8354 0.205602 -0.011722 4.87469 0.205768
-0.0114971 4.91178 0.204549 -0.0113217 4.94708 0.202147 -0.0111877 4.98096 0.198721 -0.0110533
5.01365 0.194404 -0.0108916 5.04532 0.189318 -0.0106626 5.07613 0.183568 -0.010395 5.10617
0.177247 -0.0101559 5.13559 0.170448 -0.00990057 5.16444 0.163265 0.00224487 4.54768 -0.0952998
0.00524934 4.51306 -0.153263 -9.30837e-05 4.58313 -0.048385 -0.00190947 4.61865 -0.0103592 -0.00329551
4.65385 0.0204121 -0.0042773 4.68855 0.0452 -0.00503414 4.72267 0.0650032 -0.00560487 4.75625
0.0806138 -0.00599817 4.78944 0.0926781 -0.00634872 4.82235 0.101719 -0.00664927 4.8551 0.108177
-0.00687488 4.88781 0.112436 -0.00704193 4.92052 0.114823 -0.00718617 4.95323 0.115614 -0.00730655
4.98594 0.115068 -0.0073403 5.01863 0.113435 -0.00718487 5.05127 0.11092 0.00677146 4.64405
-0.16424 0.00994262 4.65409 -0.219054 0.00432961 4.64357 -0.119635 0.00244317 4.65009 -0.0831612
0.00101296 4.66185 -0.0532845 -5.68232e-05 4.67759 -0.0288153 -0.000880891 4.69643 -0.00882919 -0.00154301
4.71779 0.00738212 -0.00207293 4.74134 0.0204054 -0.0024731 4.76678 0.0307169 -0.00278107 4.79394
0.0387115 -0.00303518 4.82265 0.0447296 -0.00324972 4.85273 0.049066 -0.00345821 4.88397 0.0519803
-0.00363961 4.9162 0.0537116 -0.00371832 4.94921 0.0544844 -0.0036687 4.98284 0.0544756 0.00602324
0 -0.126493 0.00856371 0 -0.164398 0.00410564 0 -0.095848 0.00260187 0
-0.0708889 0.001466 0 -0.0504809 0.000678566 0 -0.0337473 0.000110653 0 -0.020016
-0.000362226 0 -0.00879985 -0.000750501 0 0.000300436 -0.00101219 0 0.0076051 -0.00119569
0 0.0133775 -0.00135669 0 0.017838 -0.0014965 0 0.021178 -0.00161603 0
0.0235793 -0.00170639 0 0.0251962 -0.001755 0 0.026171 -0.00176681 0 0.0266206
-0.0201089 4.72505 0.370097 -0.0172902 0 0.270415 -0.0144241 4.45923 0.312951 0.00406547
4.38822 -0.101726 0.022592 4.65891 -0.563121 0.0438582 5.20795 -0.836873 0.0400208 5.22223
-0.748915 0.0579445 5.85637 -0.819182 0.0488026 5.80606 -0.735912 0.0393128 6.38452 -0.487475
0.0329147 6.29026 -0.446274 -0.00556282 6.57621 0.0337608 -0.00272223 6.47125 0.026646 -0.0446225
6.35182 0.520036 -0.0342606 6.26716 0.468749 -0.0553068 5.82875 0.786848 -0.0442046 5.79486
0.697199 -0.0379231 5.23848 0.717667 -0.0321395 5.27528 0.624253 -0.0128054 4.84113 0.294379
-0.0114846 4.93217 0.253513 0.00979792 4.84127 -0.296786 0.00926629 4.9324 -0.255368 0.0352289
5.23907 -0.717195 0.0300667 5.27608 -0.624074 0.0527865 5.82909 -0.784743 0.0421639 5.79566
-0.695697 0.0419991 6.35114 -0.519019 0.0321111 6.26707 -0.467842 0.00327306 6.57531 -0.03374
0.00080688 6.47073 -0.0264043 -0.0342448 6.28903 0.447334 -0.0499016 5.80229 0.738448 -0.0411207
5.21552 0.751774 -0.0241858 4.71857 0.520805 -0.00715934 4.45541 0.131182 0.00904797 4.48049
-0.225128 0.0141694 4.67738 -0.28693 0.0121054 0 -0.211776 
