# vtk DataFile Version 2.0
sampleSurface
ASCII
DATASET POLYDATA
POINTS 6554 float
0.040008 0.04 0.0242 -0 0.04 0.0242 -0 0 0.0242 0.040008 0
0.0242 0.080016 0.04 0.0242 0.080016 0 0.0242 0.120024 0.04 0.0242
0.120024 0 0.0242 0.160032 0.04 0.0242 0.160032 0 0.0242 0.20004
0.04 0.0242 0.20004 0 0.0242 0.240048 0.04 0.0242 0.240048 0
0.0242 0.280056 0.04 0.0242 0.280056 -0 0.0242 0.320063 0.0400001 0.0242
0.320063 -0 0.0242 0.36007 0.0400002 0.0242 0.36007 -0 0.0242 0.400076
0.0400005 0.0242 0.400076 -0 0.0242 0.440079 0.040001 0.0242 0.440078 -1.68156e-44
0.0242 0.480078 0.0400021 0.0242 0.480076 6.10966e-43 0.0242 0.520065 0.0400041 0.0242
0.520062 2.67086e-40 0.0242 0.560036 0.0400071 0.0242 0.56003 1.53971e-38 0.0242 0.599975
0.0400101 0.0242 0.599967 1.76114e-37 0.0242 0.639867 0.0400075 0.0242 0.639858 -3.90844e-36
0.0242 0.679693 0.0399801 0.0242 0.679688 -6.0439e-35 0.0242 0.719432 0.0398713 0.0242
0.719448 -6.51688e-35 0.0242 0.759067 0.0395304 0.0242 0.75916 8.0918e-34 0.0242 0.798662
0.0191142 0.0242 0.798517 0.0385849 0.0242 0.798866 2.84495e-36 0.0242 0.818565 0.0188588
0.0242 0.818814 4.05925e-37 0.0242 0.838955 -7.08718e-37 0.0242 0.859311 -2.1521e-37 0.0242
0.859245 0.0191423 0.0242 0.838667 0.0187255 0.0242 0.879669 -3.71123e-40 0.0242 0.899914
-2.30373e-41 0.0242 0.899975 0.0195095 0.0242 0.879718 0.0194085 0.0242 0.920055 -1.59047e-42
0.0242 0.940128 -2.31214e-43 0.0242 0.940151 0.0195514 0.0242 0.920096 0.0195418 0.0242
0.040008 0.08 0.0242 0 0.08 0.0242 0.080016 0.08 0.0242 0.120024
0.08 0.0242 0.160032 0.08 0.0242 0.20004 0.08 0.0242 0.240048 0.08
0.0242 0.280056 0.0800001 0.0242 0.320063 0.0800001 0.0242 0.360071 0.0800004 0.0242
0.400077 0.0800009 0.0242 0.44008 0.0800019 0.0242 0.480079 0.0800042 0.0242 0.520069
0.0800084 0.0242 0.560043 0.0800157 0.0242 0.599986 0.0800269 0.0242 0.639884 0.08004
0.0242 0.679716 0.0800444 0.0242 0.719474 0.0800074 0.0242 0.7592 0.0798487 0.0242
0.798547 0.058465 0.0242 0.799108 0.0793969 0.0242 0.818046 0.0377184 0.0242 0.817908
0.0474068 0.0242 0.818077 0.0574557 0.0242 0.837969 0.0374028 0.0242 0.848634 0.0381042
0.0242 0.848647 0.0481105 0.0242 0.837314 0.0465423 0.0242 0.890028 0.0392587 0.0242
0.890085 0.0492758 0.0242 0.879964 0.0492482 0.0242 0.879876 0.0392016 0.0242 0.930177
0.0393077 0.0242 0.930183 0.0492945 0.0242 0.920177 0.0492949 0.0242 0.920164 0.0393142
0.0242 0.040008 0.12 0.0242 0 0.12 0.0242 0.080016 0.12 0.0242
0.120024 0.12 0.0242 0.160032 0.12 0.0242 0.20004 0.12 0.0242 0.240048
0.12 0.0242 0.280056 0.12 0.0242 0.320064 0.12 0.0242 0.360071 0.12
0.0242 0.400077 0.120001 0.0242 0.440081 0.120003 0.0242 0.480082 0.120006 0.0242
0.520074 0.120012 0.0242 0.560051 0.120023 0.0242 0.600002 0.120046 0.0242 0.639908
0.120083 0.0242 0.67975 0.120149 0.0242 0.719504 0.12027 0.0242 0.759158 0.120532
0.0242 0.799136 0.100408 0.0242 0.79871 0.121185 0.0242 0.819502 0.0790991 0.0242
0.819708 0.0898466 0.0242 0.819498 0.100563 0.0242 0.040008 0.16 0.0242 -0
0.16 0.0242 0.080016 0.16 0.0242 0.120024 0.16 0.0242 0.160032 0.16
0.0242 0.20004 0.16 0.0242 0.240048 0.16 0.0242 0.280056 0.16 0.0242
0.320064 0.16 0.0242 0.360071 0.160001 0.0242 0.400078 0.160001 0.0242 0.440083
0.160003 0.0242 0.480084 0.160007 0.0242 0.520079 0.160014 0.0242 0.560061 0.160027
0.0242 0.60002 0.160054 0.0242 0.639941 0.160102 0.0242 0.679804 0.160189 0.0242
0.71959 0.160344 0.0242 0.759286 0.160618 0.0242 0.79868 0.141322 0.0242 0.798873
0.161127 0.0242 0.818404 0.141602 0.0242 0.818159 0.121969 0.0242 0.839 0.121
0.0242 0.849402 0.121 0.0242 0.848545 0.130941 0.0242 0.837185 0.132628 0.0242
0.880001 0.121 0.0242 0.890115 0.121 0.0242 0.890068 0.129736 0.0242 0.87993
0.129764 0.0242 0.920183 0.121 0.0242 0.930186 0.121 0.0242 0.930174 0.129719
0.0242 0.920166 0.129719 0.0242 1.0002 0.129729 0.0242 0.990195 0.129726 0.0242
0.990198 0.121 0.0242 1.0002 0.121 0.0242 0.040008 0.2 0.0242 -0
0.2 0.0242 0.080016 0.2 0.0242 0.120024 0.2 0.0242 0.160032 0.2
0.0242 0.20004 0.2 0.0242 0.240048 0.2 0.0242 0.280056 0.2 0.0242
0.320064 0.2 0.0242 0.360071 0.200001 0.0242 0.400078 0.200001 0.0242 0.440084
0.200003 0.0242 0.480086 0.200006 0.0242 0.520084 0.200013 0.0242 0.560071 0.200026
0.0242 0.600039 0.200051 0.0242 0.639976 0.200093 0.0242 0.679866 0.200166 0.0242
0.719691 0.200278 0.0242 0.759447 0.200432 0.0242 0.799147 0.200574 0.0242 0.838848
0.200444 0.0242 0.818682 0.161318 0.0242 0.838677 0.161167 0.0242 0.878372 0.199622
0.0242 0.859192 0.160531 0.0242 0.879553 0.160059 0.0242 0.918411 0.179505 0.0242
0.917378 0.199148 0.0242 0.897779 0.1993 0.0242 0.899795 0.159883 0.0242 0.919593
0.159763 0.0242 0.939592 0.159803 0.0242 0.938415 0.179656 0.0242 0.989941 0.201184
0.0242 0.979675 0.201106 0.0242 0.979702 0.180608 0.0242 1.00002 0.180745 0.0242
1.00008 0.201192 0.0242 0.040008 0.24 0.0242 0 0.24 0.0242 0.080016
0.24 0.0242 0.120024 0.24 0.0242 0.160032 0.24 0.0242 0.20004 0.24
0.0242 0.240048 0.24 0.0242 0.280056 0.24 0.0242 0.320064 0.24 0.0242
0.360071 0.24 0.0242 0.400079 0.240001 0.0242 0.440085 0.240002 0.0242 0.480089
0.240005 0.0242 0.520088 0.240011 0.0242 0.56008 0.24002 0.0242 0.600055 0.24004
0.0242 0.640005 0.24007 0.0242 0.679916 0.240117 0.0242 0.719771 0.240179 0.0242
0.759556 0.240239 0.0242 0.799259 0.240238 0.0242 0.838852 0.240045 0.0242 0.878109
0.219475 0.0242 0.87828 0.239636 0.0242 0.897577 0.219222 0.0242 0.936805 0.199146
0.0242 0.935603 0.208357 0.0242 0.937 0.22 0.0242 0.925433 0.218036 0.0242
0.916458 0.218666 0.0242 1.00013 0.211262 0.0242 0.990011 0.211255 0.0242 0.040008
0.28 0.0242 -0 0.28 0.0242 0.080016 0.28 0.0242 0.120024 0.28
0.0242 0.160032 0.28 0.0242 0.20004 0.28 0.0242 0.240048 0.28 0.0242
0.280056 0.28 0.0242 0.320064 0.28 0.0242 0.360072 0.28 0.0242 0.400079
0.280001 0.0242 0.440085 0.280002 0.0242 0.48009 0.280004 0.0242 0.520091 0.280008
0.0242 0.560086 0.280015 0.0242 0.600067 0.280027 0.0242 0.640026 0.280046 0.0242
0.67995 0.280072 0.0242 0.71982 0.280099 0.0242 0.759615 0.280113 0.0242 0.799324
0.280083 0.0242 0.838954 0.279992 0.0242 0.878409 0.259766 0.0242 0.878562 0.279884
0.0242 0.897969 0.239533 0.0242 0.898266 0.259775 0.0242 0.927905 0.23963 0.0242
0.928168 0.249832 0.0242 0.918051 0.24975 0.0242 0.917733 0.239522 0.0242 0.040008
0.32 0.0242 0 0.32 0.0242 0.080016 0.32 0.0242 0.120024 0.32
0.0242 0.160032 0.32 0.0242 0.20004 0.32 0.0242 0.240048 0.32 0.0242
0.280056 0.32 0.0242 0.320064 0.32 0.0242 0.360072 0.32 0.0242 0.400079
0.320001 0.0242 0.440086 0.320001 0.0242 0.480091 0.320002 0.0242 0.520094 0.320005
0.0242 0.56009 0.320009 0.0242 0.600075 0.320016 0.0242 0.640039 0.320026 0.0242
0.679969 0.320039 0.0242 0.719844 0.32005 0.0242 0.759645 0.320051 0.0242 0.799362
0.320035 0.0242 0.839011 0.320002 0.0242 0.87859 0.299941 0.0242 0.878649 0.319977
0.0242 0.898412 0.279901 0.0242 0.898465 0.299958 0.0242 0.928295 0.279987 0.0242
0.9283 0.289995 0.0242 0.91832 0.289985 0.0242 0.91831 0.279967 0.0242 0.040008
0.36 0.0242 -0 0.36 0.0242 0.080016 0.36 0.0242 0.120024 0.36
0.0242 0.160032 0.36 0.0242 0.20004 0.36 0.0242 0.240048 0.36 0.0242
0.280056 0.36 0.0242 0.320064 0.36 0.0242 0.360072 0.36 0.0242 0.400079
0.36 0.0242 0.440086 0.360001 0.0242 0.480092 0.360001 0.0242 0.520095 0.360003
0.0242 0.560093 0.360005 0.0242 0.60008 0.360009 0.0242 0.640047 0.360014 0.0242
0.67998 0.360019 0.0242 0.719859 0.360024 0.0242 0.759662 0.360027 0.0242 0.799376
0.360024 0.0242 0.839018 0.360019 0.0242 0.878625 0.339996 0.0242 0.878649 0.360012
0.0242 0.89849 0.319984 0.0242 0.89849 0.339997 0.0242 0.928304 0.319999 0.0242
0.928304 0.33 0.0242 0.918331 0.329999 0.0242 0.918337 0.319997 0.0242 0.040008
0.4 0.0242 0 0.4 0.0242 0.080016 0.4 0.0242 0.120024 0.4
0.0242 0.160032 0.4 0.0242 0.20004 0.4 0.0242 0.240048 0.4 0.0242
0.280056 0.4 0.0242 0.320064 0.4 0.0242 0.360072 0.4 0.0242 0.400079
0.4 0.0242 0.440087 0.4 0.0242 0.480093 0.400001 0.0242 0.520097 0.400001
0.0242 0.560095 0.400002 0.0242 0.600084 0.400003 0.0242 0.640054 0.400005 0.0242
0.679991 0.400006 0.0242 0.719873 0.400008 0.0242 0.759676 0.400012 0.0242 0.799375
0.400021 0.0242 0.838981 0.40004 0.0242 0.87859 0.38003 0.0242 0.878561 0.40006
0.0242 0.89849 0.360007 0.0242 0.898464 0.380019 0.0242 0.928304 0.36 0.0242
0.928303 0.37 0.0242 0.918329 0.370001 0.0242 0.918337 0.360001 0.0242 0.040008
0.44 0.0242 -0 0.44 0.0242 0.080016 0.44 0.0242 0.120024 0.44
0.0242 0.160032 0.44 0.0242 0.20004 0.44 0.0242 0.240048 0.44 0.0242
0.280056 0.44 0.0242 0.320064 0.44 0.0242 0.360072 0.44 0.0242 0.40008
0.44 0.0242 0.440087 0.44 0.0242 0.480093 0.44 0.0242 0.520098 0.44
0.0242 0.560098 0.44 0.0242 0.600088 0.439999 0.0242 0.640063 0.439997 0.0242
0.680005 0.439994 0.0242 0.719895 0.43999 0.0242 0.759701 0.439988 0.0242 0.799387
0.439998 0.0242 0.838917 0.440045 0.0242 0.878401 0.42011 0.0242 0.878264 0.440172
0.0242 0.89841 0.400042 0.0242 0.898258 0.42009 0.0242 0.928295 0.399997 0.0242
0.928281 0.409992 0.0242 0.918272 0.410006 0.0242 0.918309 0.400005 0.0242 0.040008
0.48 0.0242 0 0.48 0.0242 0.080016 0.48 0.0242 0.120024 0.48
0.0242 0.160032 0.48 0.0242 0.20004 0.48 0.0242 0.240048 0.48 0.0242
0.280056 0.48 0.0242 0.320064 0.48 0.0242 0.360072 0.48 0.0242 0.40008
0.48 0.0242 0.440087 0.48 0.0242 0.480094 0.48 0.0242 0.520099 0.479999
0.0242 0.5601 0.479998 0.0242 0.600093 0.479995 0.0242 0.640073 0.47999 0.0242
0.680025 0.47998 0.0242 0.71993 0.479963 0.0242 0.759762 0.479937 0.0242 0.799479
0.479909 0.0242 0.839015 0.47991 0.0242 0.878048 0.460226 0.0242 0.87823 0.480086
0.0242 0.897951 0.440198 0.0242 0.897535 0.46036 0.0242 0.927902 0.440051 0.0242
0.92709 0.450282 0.0242 0.917111 0.450366 0.0242 0.917726 0.440151 0.0242 0.040008
0.52 0.0242 -0 0.52 0.0242 0.080016 0.52 0.0242 0.120024 0.52
0.0242 0.160032 0.52 0.0242 0.20004 0.52 0.0242 0.240048 0.52 0.0242
0.280056 0.52 0.0242 0.320064 0.52 0.0242 0.360072 0.52 0.0242 0.40008
0.52 0.0242 0.440087 0.52 0.0242 0.480094 0.519999 0.0242 0.5201 0.519998
0.0242 0.560102 0.519996 0.0242 0.600098 0.519992 0.0242 0.640083 0.519985 0.0242
0.680046 0.519968 0.0242 0.719972 0.519936 0.0242 0.75984 0.519876 0.0242 0.799625
0.519767 0.0242 0.839311 0.519588 0.0242 0.878913 0.519292 0.0242 0.918124 0.499943
0.0242 0.918988 0.519785 0.0242 0.898916 0.519332 0.0242 0.897695 0.480246 0.0242
0.91728 0.480226 0.0242 0.936741 0.479967 0.0242 0.938222 0.499731 0.0242 0.040008
0.56 0.0242 0 0.56 0.0242 0.080016 0.56 0.0242 0.120024 0.56
0.0242 0.160032 0.56 0.0242 0.20004 0.56 0.0242 0.240048 0.56 0.0242
0.280056 0.56 0.0242 0.320064 0.56 0.0242 0.360072 0.56 0.0242 0.40008
0.56 0.0242 0.440087 0.56 0.0242 0.480095 0.559999 0.0242 0.520101 0.559998
0.0242 0.560104 0.559996 0.0242 0.600103 0.559991 0.0242 0.640092 0.559983 0.0242
0.680066 0.559964 0.0242 0.720013 0.559927 0.0242 0.759922 0.559851 0.0242 0.799772
0.559695 0.0242 0.839517 0.55933 0.0242 0.878799 0.538897 0.0242 0.878635 0.558435
0.0242 0.85925 0.558989 0.0242 0.898709 0.538993 0.0242 0.939212 0.519903 0.0242
0.939727 0.540346 0.0242 0.919331 0.539994 0.0242 1.00047 0.561067 0.0242 0.990323
0.561154 0.0242 0.980243 0.561154 0.0242 0.980175 0.540289 0.0242 1.00044 0.540053
0.0242 0.040008 0.6 0.0242 -0 0.6 0.0242 0.080016 0.6 0.0242
0.120024 0.6 0.0242 0.160032 0.6 0.0242 0.20004 0.6 0.0242 0.240048
0.6 0.0242 0.280056 0.6 0.0242 0.320064 0.6 0.0242 0.360072 0.6
0.0242 0.40008 0.6 0.0242 0.440087 0.6 0.0242 0.480095 0.599999 0.0242
0.520101 0.599998 0.0242 0.560105 0.599996 0.0242 0.600106 0.599992 0.0242 0.640099
0.599986 0.0242 0.680082 0.599973 0.0242 0.72005 0.599949 0.0242 0.760007 0.599904
0.0242 0.799973 0.599819 0.0242 0.839744 0.579414 0.0242 0.840025 0.599659 0.0242
0.859681 0.579239 0.0242 0.888266 0.558194 0.0242 0.888282 0.568005 0.0242 0.878838
0.568456 0.0242 0.919528 0.560826 0.0242 0.929841 0.561099 0.0242 0.929884 0.57
0.0242 0.919658 0.57 0.0242 0.960166 0.561162 0.0242 0.970203 0.561178 0.0242
0.970202 0.57 0.0242 0.960182 0.57 0.0242 0.040008 0.64 0.0242 0
0.64 0.0242 0.080016 0.64 0.0242 0.120024 0.64 0.0242 0.160032 0.64
0.0242 0.20004 0.64 0.0242 0.240048 0.64 0.0242 0.280056 0.64 0.0242
0.320064 0.64 0.0242 0.360072 0.64 0.0242 0.40008 0.64 0.0242 0.440087
0.64 0.0242 0.480095 0.639999 0.0242 0.520101 0.639998 0.0242 0.560106 0.639997
0.0242 0.600106 0.639995 0.0242 0.640101 0.639991 0.0242 0.680086 0.639988 0.0242
0.720062 0.639988 0.0242 0.760035 0.639996 0.0242 0.800045 0.640016 0.0242 0.840196
0.61986 0.0242 0.840208 0.640048 0.0242 0.860165 0.599612 0.0242 0.860378 0.619865
0.0242 0.891015 0.59969 0.0242 0.891095 0.609851 0.0242 0.880848 0.609808 0.0242
0.880688 0.599634 0.0242 0.040008 0.68 0.0242 0 0.68 0.0242 0.080016
0.68 0.0242 0.120024 0.68 0.0242 0.160032 0.68 0.0242 0.20004 0.68
0.0242 0.240048 0.68 0.0242 0.280056 0.68 0.0242 0.320064 0.68 0.0242
0.360072 0.68 0.0242 0.40008 0.68 0.0242 0.440087 0.68 0.0242 0.480095
0.679999 0.0242 0.520101 0.679999 0.0242 0.560105 0.679998 0.0242 0.600105 0.679996
0.0242 0.640098 0.679996 0.0242 0.680079 0.680001 0.0242 0.720043 0.680022 0.0242
0.759989 0.680081 0.0242 0.799927 0.680219 0.0242 0.840122 0.660271 0.0242 0.839889
0.680521 0.0242 0.860411 0.640055 0.0242 0.860299 0.6603 0.0242 0.891129 0.640026
0.0242 0.891123 0.650091 0.0242 0.880913 0.650121 0.0242 0.880915 0.640038 0.0242
0.040008 0.72 0.0242 -0 0.72 0.0242 0.080016 0.72 0.0242 0.120024
0.72 0.0242 0.160032 0.72 0.0242 0.20004 0.72 0.0242 0.240048 0.72
0.0242 0.280056 0.72 0.0242 0.320064 0.72 0.0242 0.360072 0.72 0.0242
0.40008 0.72 0.0242 0.440087 0.72 0.0242 0.480094 0.719999 0.0242 0.5201
0.719999 0.0242 0.560104 0.719997 0.0242 0.600102 0.719996 0.0242 0.640091 0.719996
0.0242 0.680065 0.720002 0.0242 0.720012 0.720026 0.0242 0.759919 0.720098 0.0242
0.799768 0.72028 0.0242 0.839589 0.700799 0.0242 0.839493 0.720756 0.0242 0.859964
0.680701 0.0242 0.859408 0.701177 0.0242 0.890765 0.680874 0.0242 0.88995 0.691532
0.0242 0.879762 0.691445 0.0242 0.880386 0.680893 0.0242 0.040008 0.76 0.0242
-0 0.76 0.0242 0.080016 0.76 0.0242 0.120024 0.76 0.0242 0.160032
0.76 0.0242 0.20004 0.76 0.0242 0.240048 0.76 0.0242 0.280056 0.76
0.0242 0.320064 0.76 0.0242 0.360072 0.76 0.0242 0.40008 0.76 0.0242
0.440087 0.76 0.0242 0.480094 0.759999 0.0242 0.5201 0.759998 0.0242 0.560102
0.759997 0.0242 0.600099 0.759994 0.0242 0.640086 0.759991 0.0242 0.680051 0.759988
0.0242 0.719985 0.759993 0.0242 0.75987 0.76002 0.0242 0.799695 0.760101 0.0242
0.839466 0.760283 0.0242 0.879173 0.741157 0.0242 0.879276 0.760674 0.0242 0.859285
0.721169 0.0242 0.879016 0.721556 0.0242 0.898639 0.721905 0.0242 0.899198 0.741196
0.0242 0.929824 0.72025 0.0242 0.939996 0.720125 0.0242 0.939915 0.740507 0.0242
0.919584 0.740767 0.0242 0.919544 0.720571 0.0242 0.040008 0.8 0.0242 0
0.8 0.0242 0.080016 0.8 0.0242 0.120024 0.8 0.0242 0.160032 0.8
0.0242 0.20004 0.8 0.0242 0.240048 0.8 0.0242 0.280056 0.8 0.0242
0.320064 0.8 0.0242 0.360072 0.8 0.0242 0.40008 0.8 0.0242 0.440087
0.8 0.0242 0.480094 0.799999 0.0242 0.520099 0.799998 0.0242 0.560101 0.799996
0.0242 0.600097 0.799992 0.0242 0.640081 0.799984 0.0242 0.680041 0.79997 0.0242
0.719963 0.799948 0.0242 0.759827 0.799907 0.0242 0.799605 0.799837 0.0242 0.839278
0.799717 0.0242 0.878794 0.799527 0.0242 0.919279 0.800297 0.0242 0.898788 0.79965
0.0242 0.899379 0.760837 0.0242 0.919598 0.760668 0.0242 0.959979 0.800903 0.0242
0.939697 0.80071 0.0242 0.939884 0.760575 0.0242 0.960086 0.760576 0.0242 1.00021
0.80107 0.0242 0.980117 0.80104 0.0242 0.980271 0.760598 0.0242 1.00044 0.760779
0.0242 0.040008 0.84 0.0242 0 0.84 0.0242 0.080016 0.84 0.0242
0.120024 0.84 0.0242 0.160032 0.84 0.0242 0.20004 0.84 0.0242 0.240048
0.84 0.0242 0.280056 0.84 0.0242 0.320064 0.84 0.0242 0.360072 0.84
0.0242 0.40008 0.84 0.0242 0.440087 0.84 0.0242 0.480094 0.839999 0.0242
0.520099 0.839998 0.0242 0.560101 0.839996 0.0242 0.600095 0.839991 0.0242 0.640078
0.839982 0.0242 0.680035 0.839965 0.0242 0.719954 0.83993 0.0242 0.759814 0.839859
0.0242 0.799584 0.83971 0.0242 0.839182 0.839351 0.0242 0.878371 0.819059 0.0242
0.877955 0.838496 0.0242 0.858771 0.839022 0.0242 0.898276 0.819242 0.0242 0.939749
0.820912 0.0242 0.919155 0.820412 0.0242 0.040008 0.88 0.0242 0 0.88
0.0242 0.080016 0.88 0.0242 0.120024 0.88 0.0242 0.160032 0.88 0.0242
0.20004 0.88 0.0242 0.240048 0.88 0.0242 0.280056 0.88 0.0242 0.320064
0.88 0.0242 0.360072 0.88 0.0242 0.40008 0.88 0.0242 0.440087 0.88
0.0242 0.480094 0.879999 0.0242 0.520099 0.879998 0.0242 0.5601 0.879997 0.0242
0.600094 0.879993 0.0242 0.640076 0.879987 0.0242 0.680034 0.879976 0.0242 0.719958
0.879956 0.0242 0.759842 0.879919 0.0242 0.799705 0.879851 0.0242 0.839357 0.859436
0.0242 0.839634 0.879714 0.0242 0.859197 0.859267 0.0242 0.887495 0.838257 0.0242
0.887412 0.848043 0.0242 0.8781 0.848502 0.0242 0.919185 0.840919 0.0242 0.929652
0.841193 0.0242 0.929726 0.85 0.0242 0.91934 0.85 0.0242 0.040008 0.92
0.0242 -0 0.92 0.0242 0.080016 0.92 0.0242 0.120024 0.92 0.0242
0.160032 0.92 0.0242 0.20004 0.92 0.0242 0.240048 0.92 0.0242 0.280056
0.92 0.0242 0.320064 0.92 0.0242 0.360072 0.92 0.0242 0.40008 0.92
0.0242 0.440087 0.92 0.0242 0.480094 0.92 0.0242 0.520098 0.919999 0.0242
0.560099 0.919998 0.0242 0.600093 0.919997 0.0242 0.640073 0.919995 0.0242 0.680029
0.919994 0.0242 0.71995 0.919999 0.0242 0.75983 0.920021 0.0242 0.799693 0.920089
0.0242 0.839732 0.899989 0.0242 0.839629 0.920256 0.0242 0.859693 0.879664 0.0242
0.859849 0.899994 0.0242 0.890144 0.879731 0.0242 0.890224 0.88989 0.0242 0.880118
0.889859 0.0242 0.879966 0.879672 0.0242 0.040008 0.96 0.0242 -0 0.96
0.0242 0.080016 0.96 0.0242 0.120024 0.96 0.0242 0.160032 0.96 0.0242
0.20004 0.96 0.0242 0.240048 0.96 0.0242 0.280056 0.96 0.0242 0.320064
0.96 0.0242 0.360072 0.96 0.0242 0.40008 0.96 0.0242 0.440087 0.96
0.0242 0.480093 0.96 0.0242 0.520098 0.96 0.0242 0.560098 0.959999 0.0242
0.60009 0.959999 0.0242 0.640068 0.96 0.0242 0.680019 0.960003 0.0242 0.719927
0.960018 0.0242 0.759773 0.960062 0.0242 0.799534 0.960187 0.0242 0.839344 0.940516
0.0242 0.839148 0.96056 0.0242 0.859691 0.92032 0.0242 0.859191 0.940705 0.0242
0.890144 0.920268 0.0242 0.88988 0.930524 0.0242 0.879635 0.930596 0.0242 0.879966
0.920325 0.0242 0.040008 1 0.0242 -0 1 0.0242 0.080016 1
0.0242 0.120024 1 0.0242 0.160032 1 0.0242 0.20004 1 0.0242
0.240048 1 0.0242 0.280056 1 0.0242 0.320064 1 0.0242 0.360072
1 0.0242 0.40008 1 0.0242 0.440087 1 0.0242 0.480093 1
0.0242 0.520097 1 0.0242 0.560097 1 0.0242 0.600088 1 0.0242
0.640063 1 0.0242 0.680008 1 0.0242 0.719908 1 0.0242 0.759739
1 0.0242 0.799481 1 0.0242 0.839124 1 0.0242 0.87833 0.980762
0.0242 0.878671 1 0.0242 0.858757 0.960925 0.0242 0.877949 0.96147 0.0242
0.887493 0.961728 0.0242 0.897173 0.961719 0.0242 0.89825 0.980664 0.0242 0.929652
0.958811 0.0242 0.93993 0.95876 0.0242 0.939736 0.979302 0.0242 0.919134 0.979668
0.0242 0.919185 0.959085 0.0242 1.00016 1 0.0242 0.98009 1 0.0242
0.980133 0.979179 0.0242 1.00018 0.979173 0.0242 0.827586 0.0469291 0.0242 0.827873
0.0373842 0.0242 0.818904 0.0682506 0.0242 0.829835 0.0790555 0.0242 0.82904 0.0680995
0.0242 0.839 0.0688848 0.0242 0.839 0.0791572 0.0242 0.827343 0.122778 0.0242
0.837987 0.141796 0.0242 0.958563 0.200625 0.0242 0.958566 0.210884 0.0242 0.947457
0.210053 0.0242 0.947654 0.199968 0.0242 0.91712 0.229143 0.0242 0.927094 0.229189
0.0242 0.916442 0.460711 0.0242 0.925433 0.461177 0.0242 0.937 0.459 0.0242
0.935569 0.470676 0.0242 0.9585 0.478436 0.0242 0.947585 0.4791 0.0242 0.947379
0.46897 0.0242 0.958496 0.468133 0.0242 0.909878 0.57 0.0242 0.909036 0.559987
0.0242 0.880376 0.589363 0.0242 0.890758 0.589422 0.0242 0.950146 0.57 0.0242
0.950122 0.561176 0.0242 0.88093 0.629979 0.0242 0.891129 0.629986 0.0242 0.878976
0.702031 0.0242 0.888274 0.702842 0.0242 0.9 0.701 0.0242 0.898004 0.7127
0.0242 0.909126 0.721175 0.0242 0.909123 0.711033 0.0242 0.91961 0.710225 0.0242
0.929887 0.709968 0.0242 0.96016 0.720049 0.0242 0.950101 0.720057 0.0242 0.950131
0.709867 0.0242 0.960174 0.70986 0.0242 0.970204 0.709859 0.0242 0.970208 0.720037
0.0242 0.909329 0.85 0.0242 0.908478 0.840058 0.0242 0.879636 0.8694 0.0242
0.88988 0.869475 0.0242 0.878097 0.951481 0.0242 0.887411 0.951951 0.0242 0.908478
0.959941 0.0242 0.909329 0.95 0.0242 0.91934 0.95 0.0242 1.0102 0.121
0.0242 1.0102 0.129727 0.0242 1.02015 0.180793 0.0242 1.02018 0.201207 0.0242
1.01015 0.201218 0.0242 1.01017 0.211267 0.0242 1.02084 0.539411 0.0242 1.02113
0.559955 0.0242 1.01072 0.560835 0.0242 1.03918 0.680893 0.0242 1.06001 0.680886
0.0242 1.06104 0.701756 0.0242 1.04179 0.702857 0.0242 1.04001 0.691567 0.0242
1.04074 0.761164 0.0242 1.04107 0.74147 0.0242 1.0416 0.722164 0.0242 1.06117
0.721693 0.0242 1.08086 0.721264 0.0242 1.08055 0.761037 0.0242 1.04028 0.801143
0.0242 1.02023 0.801127 0.0242 1.02067 0.760994 0.0242 1.08028 0.801128 0.0242
1.06026 0.801146 0.0242 1.06023 0.821211 0.0242 1.04023 0.82121 0.0242 1.0202
0.979172 0.0242 1.02019 1 0.0242 1.06021 0.958735 0.0242 1.06021 0.979171
0.0242 1.04021 0.979171 0.0242 1.04021 0.958735 0.0242 1.05021 0.958724 0.0242
1.04185 0.558129 0.0242 1.04183 0.567892 0.0242 1.03 0.57 0.0242 1.03211
0.558155 0.0242 1.03 0.599714 0.0242 1.03 0.589509 0.0242 1.03915 0.589392
0.0242 1.03892 0.599677 0.0242 1.03 0.609879 0.0242 1.03884 0.60985 0.0242
1.03 0.640016 0.0242 1.03 0.629992 0.0242 1.03882 0.629988 0.0242 1.03883
0.640028 0.0242 1.03 0.650062 0.0242 1.03882 0.650089 0.0242 1.03 0.680757
0.0242 1.03 0.670414 0.0242 1.0389 0.670468 0.0242 1.03 0.690726 0.0242
1.03157 0.722036 0.0242 1.03201 0.712657 0.0242 1.04182 0.712582 0.0242 0.880722
0.670512 0.0242 0.891025 0.670464 0.0242 0.85922 0.0387359 0.0242 0.869627 0.039047
0.0242 0.900102 0.0392956 0.0242 0.910146 0.0393 0.0242 0.960165 0 0.0242
0.960176 0.0195544 0.0242 0.940182 0.0393176 0.0242 0.96019 0.0393183 0.0242 0.950187
0.039309 0.0242 0.980189 0.0195554 0.0242 0.980184 5.74532e-44 0.0242 1.0002 8.82818e-44
0.0242 1.0002 0.0195557 0.0242 1.0002 0.0393186 0.0242 0.990198 0.0393095 0.0242
0.980195 0.0393185 0.0242 0.970193 0.0393094 0.0242 0.869733 0.0491676 0.0242 0.910166
0.0492918 0.0242 0.960191 0.0492962 0.0242 0.950189 0.049295 0.0242 1.0002 0.0492963
0.0242 0.990198 0.0492951 0.0242 0.970194 0.0492951 0.0242 0.839 0.0898358 0.0242
0.830021 0.0898313 0.0242 0.818918 0.111302 0.0242 0.829026 0.11139 0.0242 0.839
0.110575 0.0242 0.869756 0.121 0.0242 0.869669 0.129844 0.0242 0.848607 0.141006
0.0242 0.859179 0.140352 0.0242 0.869592 0.140001 0.0242 0.879846 0.139856 0.0242
0.910177 0.121 0.0242 0.910159 0.129721 0.0242 0.890011 0.139784 0.0242 0.90008
0.13976 0.0242 0.910123 0.139742 0.0242 0.920117 0.139736 0.0242 0.960183 0.129723
0.0242 0.950181 0.12972 0.0242 0.95019 0.121 0.0242 0.960192 0.121 0.0242
0.930141 0.139734 0.0242 0.940128 0.139739 0.0242 0.959779 0.159969 0.0242 0.950153
0.139741 0.0242 0.960149 0.139755 0.0242 0.980172 0.13977 0.0242 0.990187 0.139761
0.0242 1.00019 0.139778 0.0242 1.00011 0.160168 0.0242 0.979977 0.1601 0.0242
0.970188 0.129723 0.0242 0.970194 0.121 0.0242 0.970171 0.139753 0.0242 0.959094
0.180256 0.0242 0.969223 0.20098 0.0242 0.96931 0.211152 0.0242 0.918206 0.259871
0.0242 0.918273 0.269938 0.0242 0.928282 0.26997 0.0242 0.918332 0.299991 0.0242
0.918329 0.309996 0.0242 0.928303 0.309999 0.0242 0.918338 0.34 0.0242 0.918331
0.35 0.0242 0.928304 0.35 0.0242 0.918331 0.380002 0.0242 0.918319 0.390003
0.0242 0.9283 0.389999 0.0242 0.918203 0.420019 0.0242 0.918046 0.430052 0.0242
0.928166 0.429994 0.0242 0.937 0.439876 0.0242 0.937 0.449335 0.0242 1.00008
0.477846 0.0242 0.98993 0.47785 0.0242 0.990001 0.467756 0.0242 1.00012 0.467749
0.0242 0.969265 0.467861 0.0242 0.96918 0.478063 0.0242 0.958988 0.499069 0.0242
0.959587 0.519731 0.0242 0.89798 0.558215 0.0242 0.959973 0.540378 0.0242 0.940017
0.561143 0.0242 0.979955 0.519512 0.0242 1.00026 0.519265 0.0242 0.879717 0.57897
0.0242 0.9 0.57 0.0242 0.889943 0.578978 0.0242 0.9 0.579821 0.0242
0.940061 0.57 0.0242 0.980232 0.57 0.0242 0.880891 0.61991 0.0242 0.9
0.599744 0.0242 0.9 0.609891 0.0242 0.891119 0.619938 0.0242 0.9 0.619962
0.0242 0.88084 0.660267 0.0242 0.9 0.640015 0.0242 0.9 0.650059 0.0242
0.891097 0.66022 0.0242 0.9 0.660169 0.0242 0.9 0.68074 0.0242 0.9
0.690705 0.0242 0.96012 0.740434 0.0242 0.980286 0.740475 0.0242 0.980263 0.720071
0.0242 0.990346 0.720116 0.0242 1.00049 0.720268 0.0242 1.00051 0.740676 0.0242
0.897176 0.838273 0.0242 0.960031 0.821087 0.0242 0.939931 0.84125 0.0242 0.960149
0.841277 0.0242 0.950084 0.841276 0.0242 0.980143 0.821159 0.0242 1.00019 0.821186
0.0242 1.0002 0.841283 0.0242 0.990197 0.841285 0.0242 0.980191 0.841281 0.0242
0.97018 0.841283 0.0242 0.878975 0.859012 0.0242 0.960171 0.85 0.0242 0.950121
0.85 0.0242 1.0002 0.85 0.0242 0.990198 0.85 0.0242 0.970189 0.85
0.0242 0.880146 0.899999 0.0242 0.880118 0.91014 0.0242 0.890224 0.910109 0.0242
0.878974 0.94098 0.0242 0.899 0.920209 0.0242 0.899 0.930362 0.0242 0.889062
0.940958 0.0242 0.899 0.940089 0.0242 0.929726 0.95 0.0242 0.960149 0.958738
0.0242 0.950083 0.95873 0.0242 0.950121 0.95 0.0242 0.960171 0.95 0.0242
0.990196 0.958724 0.0242 0.990198 0.95 0.0242 1.0002 0.95 0.0242 1.0002
0.958735 0.0242 0.970189 0.95 0.0242 0.97018 0.958725 0.0242 0.898723 1
0.0242 0.919208 1 0.0242 0.960021 0.979204 0.0242 0.939662 1 0.0242
0.959946 1 0.0242 0.98019 0.958736 0.0242 0.839 0.058 0.0242 0.827409
0.0565545 0.0242 0.958747 0.22 0.0242 0.948268 0.22 0.0242 0.937 0.23013
0.0242 0.937 0.239831 0.0242 0.948166 0.459 0.0242 0.958667 0.459 0.0242
0.9 0.589562 0.0242 1.00044 0.57 0.0242 0.9903 0.57 0.0242 0.9
0.629992 0.0242 0.91 0.701 0.0242 0.919768 0.701 0.0242 0.929947 0.701
0.0242 0.940046 0.709894 0.0242 0.940088 0.701 0.0242 0.950155 0.701 0.0242
0.960183 0.701 0.0242 0.9702 0.701 0.0242 0.980241 0.709869 0.0242 0.980223
0.701 0.0242 0.990308 0.709893 0.0242 0.990275 0.701 0.0242 1.00038 0.701
0.0242 1.00043 0.70997 0.0242 0.899 0.85 0.0242 0.889062 0.859039 0.0242
0.899 0.869638 0.0242 0.899 0.879791 0.0242 0.899 0.859911 0.0242 0.899
0.95 0.0242 1.0202 3.83956e-43 0.0242 1.0202 0.0195556 0.0242 1.0202 0.0393185
0.0242 1.0102 0.0393095 0.0242 1.04021 1.48117e-42 0.0242 1.04021 0.0195552 0.0242
1.04021 0.0393184 0.0242 1.03021 0.0393094 0.0242 1.0102 0.0492951 0.0242 1.02017
0.160199 0.0242 1.0102 0.139766 0.0242 1.0202 0.139783 0.0242 1.04021 0.12973
0.0242 1.03021 0.129728 0.0242 1.03021 0.121 0.0242 1.04021 0.121 0.0242
1.0302 0.139769 0.0242 1.04021 0.139784 0.0242 1.0402 0.160211 0.0242 1.04019
0.180809 0.0242 1.0302 0.201225 0.0242 1.0402 0.201211 0.0242 1.04021 0.211268
0.0242 1.0302 0.211269 0.0242 1.01018 0.467742 0.0242 1.01015 0.47781 0.0242
1.04022 0.477804 0.0242 1.03021 0.477795 0.0242 1.03021 0.467738 0.0242 1.04021
0.467738 0.0242 1.02051 0.518911 0.0242 1.04063 0.518558 0.0242 1.04116 0.538694
0.0242 1.0106 0.57 0.0242 1.02029 0.57 0.0242 1.08026 0.680751 0.0242
1.08075 0.70124 0.0242 1.01072 0.720572 0.0242 1.02108 0.7212 0.0242 1.02083
0.741109 0.0242 1.02021 0.821203 0.0242 1.0202 0.841284 0.0242 1.0102 0.841286
0.0242 1.04021 0.841284 0.0242 1.03021 0.841286 0.0242 1.08024 0.821206 0.0242
1.06021 0.841284 0.0242 1.05021 0.841286 0.0242 1.08022 0.841284 0.0242 1.07021
0.841286 0.0242 1.0102 0.85 0.0242 1.04021 0.85 0.0242 1.03021 0.85
0.0242 1.0102 0.95 0.0242 1.0102 0.958724 0.0242 1.03021 0.958724 0.0242
1.03021 0.95 0.0242 1.04021 0.95 0.0242 1.05021 0.95 0.0242 1.06021
0.95 0.0242 1.07021 0.958724 0.0242 1.07021 0.95 0.0242 1.08022 0.95
0.0242 1.08022 0.958735 0.0242 1.0202 0.958735 0.0242 1.0402 1 0.0242
1.08022 0.979172 0.0242 1.06021 1 0.0242 1.08022 1 0.0242 1.03
0.579768 0.0242 1.04003 0.578931 0.0242 1.03 0.619958 0.0242 1.03883 0.61994
0.0242 1.03 0.660174 0.0242 1.03885 0.660222 0.0242 1.03 0.701 0.0242
1.0105 0.701 0.0242 1.01065 0.710223 0.0242 1.02104 0.711025 0.0242 1.02017
0.701 0.0242 0.9 0.670403 0.0242 1.06021 0.0195548 0.0242 1.06021 3.54248e-42
0.0242 1.08022 4.83588e-42 0.0242 1.10022 3.86618e-42 0.0242 1.10022 0.0195548 0.0242
1.08022 0.0195547 0.0242 1.12023 1.63812e-42 0.0242 1.14024 -6.02558e-44 0.0242 1.14024
0.019559 0.0242 1.12023 0.0195557 0.0242 1.16027 -7.31478e-43 0.0242 1.18032 -8.14154e-43
0.0242 1.1803 0.0195998 0.0242 1.16025 0.0195697 0.0242 1.09022 0.0393092 0.0242
1.09022 0.049295 0.0242 1.08022 0.0492962 0.0242 1.08022 0.0393183 0.0242 1.13023
0.0393096 0.0242 1.13023 0.0492951 0.0242 1.12022 0.0492963 0.0242 1.12022 0.0393185
0.0242 1.17024 0.039322 0.0242 1.17024 0.0492995 0.0242 1.16023 0.049298 0.0242
1.16024 0.0393239 0.0242 1.05021 0.121 0.0242 1.05021 0.129728 0.0242 1.09022
0.129728 0.0242 1.08022 0.129731 0.0242 1.08022 0.121 0.0242 1.09022 0.121
0.0242 1.12022 0.121 0.0242 1.13023 0.121 0.0242 1.13023 0.129728 0.0242
1.12022 0.12973 0.0242 1.16023 0.121 0.0242 1.17023 0.121 0.0242 1.17024
0.129728 0.0242 1.16023 0.12973 0.0242 1.06021 0.160216 0.0242 1.06021 0.180815
0.0242 1.10022 0.160217 0.0242 1.10022 0.180817 0.0242 1.08021 0.180817 0.0242
1.08021 0.160217 0.0242 1.14023 0.16021 0.0242 1.14023 0.180807 0.0242 1.12023
0.180814 0.0242 1.12023 0.160215 0.0242 1.1803 0.160171 0.0242 1.1803 0.180714
0.0242 1.16025 0.180782 0.0242 1.16025 0.160197 0.0242 1.05021 0.201226 0.0242
1.05021 0.21127 0.0242 1.09022 0.201227 0.0242 1.09022 0.21127 0.0242 1.08022
0.211268 0.0242 1.08022 0.201212 0.0242 1.13023 0.201226 0.0242 1.13023 0.211269
0.0242 1.12022 0.211268 0.0242 1.12022 0.201212 0.0242 1.17024 0.201204 0.0242
1.17024 0.211262 0.0242 1.16023 0.211265 0.0242 1.16024 0.201201 0.0242 1.09022
0.47778 0.0242 1.10022 0.47779 0.0242 1.10026 0.498048 0.0242 1.08028 0.498068
0.0242 1.08022 0.477792 0.0242 1.13023 0.477781 0.0242 1.14023 0.477795 0.0242
1.14025 0.498087 0.0242 1.12025 0.498062 0.0242 1.12023 0.477791 0.0242 1.08065
0.558934 0.0242 1.06102 0.558728 0.0242 1.06042 0.518354 0.0242 1.08036 0.518348
0.0242 1.12039 0.559016 0.0242 1.10029 0.518266 0.0242 1.12028 0.51833 0.0242
1.14027 0.518329 0.0242 1.16029 0.51851 0.0242 1.16043 0.559165 0.0242 1.06034
0.57914 0.0242 1.12025 0.599586 0.0242 1.08002 0.599603 0.0242 1.08036 0.579253
0.0242 1.16045 0.599634 0.0242 1.05972 0.599613 0.0242 1.05951 0.619889 0.0242
1.1202 0.640006 0.0242 1.07982 0.640086 0.0242 1.07982 0.61987 0.0242 1.16044
0.639941 0.0242 1.05949 0.640075 0.0242 1.0596 0.660345 0.0242 1.12036 0.680398
0.0242 1.07992 0.660368 0.0242 1.16047 0.680161 0.0242 1.12052 0.720681 0.0242
1.16047 0.720317 0.0242 1.12042 0.760785 0.0242 1.16041 0.760454 0.0242 1.12028
0.801039 0.0242 1.10026 0.801109 0.0242 1.16036 0.800728 0.0242 1.1403 0.800954
0.0242 1.10024 0.821195 0.0242 1.14027 0.821102 0.0242 1.12025 0.821165 0.0242
1.18043 0.800375 0.0242 1.18047 0.820486 0.0242 1.16034 0.820933 0.0242 1.13023
0.841283 0.0242 1.13023 0.85 0.0242 1.12022 0.85 0.0242 1.12023 0.841281
0.0242 1.17035 0.841189 0.0242 1.17034 0.85 0.0242 1.16028 0.85 0.0242
1.16029 0.841247 0.0242 1.09022 0.958724 0.0242 1.10022 0.958735 0.0242 1.10023
0.979173 0.0242 1.13023 0.958725 0.0242 1.14024 0.958738 0.0242 1.14027 0.979205
0.0242 1.12024 0.97918 0.0242 1.12023 0.958736 0.0242 1.17035 0.958816 0.0242
1.18045 0.959089 0.0242 1.18049 0.979639 0.0242 1.16035 0.979299 0.0242 1.16029
0.958764 0.0242 1.16028 0.95 0.0242 1.17034 0.95 0.0242 1.06021 0.0393183
0.0242 1.05021 0.0393093 0.0242 1.07021 0.0393092 0.0242 1.10022 0.0393183 0.0242
1.11022 0.0393093 0.0242 1.14023 0.0393194 0.0242 1.15023 0.0393115 0.0242 1.18025
0.0393499 0.0242 1.07021 0.049295 0.0242 1.06021 0.0492962 0.0242 1.11022 0.049295
0.0242 1.15023 0.0492958 0.0242 1.06021 0.139785 0.0242 1.06021 0.12973 0.0242
1.07021 0.129728 0.0242 1.07021 0.13977 0.0242 1.05021 0.13977 0.0242 1.08022
0.139785 0.0242 1.11022 0.121 0.0242 1.11022 0.129728 0.0242 1.09022 0.13977
0.0242 1.10022 0.139785 0.0242 1.11022 0.13977 0.0242 1.12022 0.139785 0.0242
1.15023 0.121 0.0242 1.15023 0.129728 0.0242 1.13023 0.13977 0.0242 1.14023
0.139785 0.0242 1.15023 0.139769 0.0242 1.16024 0.139784 0.0242 1.17024 0.13977
0.0242 1.18025 0.139787 0.0242 1.06021 0.201212 0.0242 1.07021 0.201227 0.0242
1.10022 0.201212 0.0242 1.11022 0.201227 0.0242 1.14023 0.20121 0.0242 1.15023
0.201223 0.0242 1.18025 0.201155 0.0242 1.07021 0.21127 0.0242 1.06021 0.211268
0.0242 1.11022 0.21127 0.0242 1.15023 0.211268 0.0242 1.05021 0.467736 0.0242
1.05022 0.477787 0.0242 1.06022 0.477795 0.0242 1.06021 0.467736 0.0242 1.07022
0.467735 0.0242 1.07022 0.477782 0.0242 1.08022 0.467736 0.0242 1.09022 0.467734
0.0242 1.11022 0.477779 0.0242 1.11022 0.467734 0.0242 1.12022 0.467735 0.0242
1.13023 0.467734 0.0242 1.16024 0.477808 0.0242 1.15023 0.477788 0.0242 1.15023
0.467736 0.0242 1.16023 0.46774 0.0242 1.17024 0.467742 0.0242 1.17024 0.477807
0.0242 1.10022 0.841284 0.0242 1.09022 0.841286 0.0242 1.11022 0.841285 0.0242
1.14024 0.841277 0.0242 1.15025 0.841275 0.0242 1.18045 0.840918 0.0242 1.11022
0.85 0.0242 1.15025 0.85 0.0242 1.09022 0.95 0.0242 1.11022 0.958724
0.0242 1.11022 0.95 0.0242 1.12022 0.95 0.0242 1.13023 0.95 0.0242
1.15025 0.958732 0.0242 1.15025 0.95 0.0242 1.10024 1 0.0242 1.12026
1 0.0242 1.1403 1 0.0242 1.16037 1 0.0242 1.18047 1
0.0242 1.18035 0.95 0.0242 0.859328 0.0489096 0.0242 0.849545 0.058 0.0242
0.859538 0.058 0.0242 0.90014 0.0492882 0.0242 0.89013 0.058 0.0242 0.880038
0.058 0.0242 0.900166 0.058 0.0242 0.940186 0.049296 0.0242 0.930186 0.058
0.0242 0.920183 0.058 0.0242 0.940188 0.058 0.0242 0.859398 0.121 0.0242
0.859231 0.130112 0.0242 0.900161 0.121 0.0242 0.900132 0.129726 0.0242 0.940188
0.121 0.0242 0.940174 0.129719 0.0242 0.980191 0.129726 0.0242 0.980196 0.121
0.0242 1.00017 0.22 0.0242 0.990083 0.22 0.0242 0.979768 0.211228 0.0242
0.979877 0.22 0.0242 0.937 0.249905 0.0242 0.928251 0.259927 0.0242 0.937
0.259968 0.0242 0.937 0.279999 0.0242 0.937 0.29 0.0242 0.928303 0.299997
0.0242 0.937 0.3 0.0242 0.937 0.32 0.0242 0.937 0.33 0.0242
0.928304 0.34 0.0242 0.937 0.34 0.0242 0.937 0.36 0.0242 0.937
0.37 0.0242 0.928303 0.38 0.0242 0.937 0.38 0.0242 0.937 0.399994
0.0242 0.937 0.409986 0.0242 0.92825 0.419988 0.0242 0.937 0.419971 0.0242
1.00007 0.498449 0.0242 0.97968 0.498661 0.0242 0.97965 0.477941 0.0242 0.939994
0.85 0.0242 0.899 0.889921 0.0242 0.89024 0.9 0.0242 0.899 0.9
0.0242 1.0202 0.121 0.0242 1.0202 0.12973 0.0242 1.01019 0.22 0.0242
1.02019 0.211267 0.0242 1.0202 0.22 0.0242 1.02026 0.498294 0.0242 1.02019
0.477819 0.0242 1.04033 0.498169 0.0242 1.06021 0.85 0.0242 1.05021 0.85
0.0242 0.869837 0.058 0.0242 0.910178 0.058 0.0242 0.960192 0.058 0.0242
0.95019 0.058 0.0242 1.0002 0.058 0.0242 0.990198 0.058 0.0242 0.980196
0.0492963 0.0242 0.980196 0.058 0.0242 0.970194 0.058 0.0242 0.839 0.100448
0.0242 0.829828 0.100558 0.0242 0.969439 0.22 0.0242 0.937 0.269992 0.0242
0.937 0.31 0.0242 0.937 0.35 0.0242 0.937 0.389998 0.0242 0.937
0.429951 0.0242 0.990076 0.459 0.0242 1.00016 0.459 0.0242 0.979744 0.467786
0.0242 0.979856 0.459 0.0242 0.969393 0.459 0.0242 0.980195 0.85 0.0242
0.899 0.910079 0.0242 0.939994 0.95 0.0242 0.980195 0.95 0.0242 1.0102
0.058 0.0242 1.0202 0.0492963 0.0242 1.0202 0.058 0.0242 1.03021 0.0492951
0.0242 1.04021 0.0492962 0.0242 1.04021 0.058 0.0242 1.03021 0.058 0.0242
1.04021 0.22 0.0242 1.03021 0.22 0.0242 1.01019 0.459 0.0242 1.0202
0.467742 0.0242 1.0202 0.459 0.0242 1.03021 0.459 0.0242 1.04021 0.459
0.0242 1.0202 0.85 0.0242 1.08022 0.85 0.0242 1.07021 0.85 0.0242
1.0202 0.95 0.0242 1.05021 0.049295 0.0242 1.05021 0.058 0.0242 1.06021
0.058 0.0242 1.10022 0.0492962 0.0242 1.09022 0.058 0.0242 1.08022 0.058
0.0242 1.10022 0.058 0.0242 1.14023 0.0492965 0.0242 1.13023 0.058 0.0242
1.12022 0.058 0.0242 1.14023 0.058 0.0242 1.18024 0.0493077 0.0242 1.17023
0.058 0.0242 1.16023 0.058 0.0242 1.18024 0.058 0.0242 1.06021 0.121
0.0242 1.10022 0.121 0.0242 1.10022 0.129731 0.0242 1.14023 0.121 0.0242
1.14023 0.12973 0.0242 1.18024 0.121 0.0242 1.18024 0.129732 0.0242 1.05021
0.22 0.0242 1.06021 0.22 0.0242 1.10022 0.211268 0.0242 1.09022 0.22
0.0242 1.08022 0.22 0.0242 1.10022 0.22 0.0242 1.14023 0.211267 0.0242
1.13023 0.22 0.0242 1.12022 0.22 0.0242 1.14023 0.22 0.0242 1.18024
0.211248 0.0242 1.17023 0.22 0.0242 1.16023 0.22 0.0242 1.18024 0.22
0.0242 1.0603 0.498092 0.0242 1.16027 0.498174 0.0242 1.09022 0.85 0.0242
1.10022 0.85 0.0242 1.14023 0.85 0.0242 1.07021 0.058 0.0242 1.11022
0.058 0.0242 1.15023 0.058 0.0242 1.07021 0.121 0.0242 1.07021 0.22
0.0242 1.11022 0.22 0.0242 1.15023 0.22 0.0242 1.05021 0.459 0.0242
1.06021 0.459 0.0242 1.07021 0.459 0.0242 1.08022 0.459 0.0242 1.09022
0.459 0.0242 1.10022 0.467735 0.0242 1.10022 0.459 0.0242 1.11022 0.459
0.0242 1.12022 0.459 0.0242 1.13023 0.459 0.0242 1.14023 0.467736 0.0242
1.14023 0.459 0.0242 1.15023 0.459 0.0242 1.16023 0.459 0.0242 1.17023
0.459 0.0242 1.18025 0.467753 0.0242 1.18026 0.477852 0.0242 1.18024 0.459
0.0242 1.10022 0.95 0.0242 1.14023 0.95 0.0242 1.18031 0.498341 0.0242
1.18034 0.518695 0.0242 1.20051 0.519082 0.0242 1.20076 0.559506 0.0242 1.20089
0.599791 0.0242 1.20089 0.639922 0.0242 1.20082 0.679966 0.0242 1.20065 0.719953
0.0242 1.20049 0.759957 0.0242 1.2005 0.799877 0.0242 1.20123 0.838354 0.0242
1.199 0.85 0.0242 1.18981 0.85 0.0242 1.19063 0.840072 0.0242 1.19063
0.959931 0.0242 1.18981 0.95 0.0242 1.199 0.95 0.0242 1.20124 0.961646
0.0242 1.20047 -9.61291e-43 0.0242 1.20043 0.0196539 0.0242 1.20032 0.0394579 0.0242
1.19027 0.0393817 0.0242 1.19027 0.139785 0.0242 1.20033 0.139821 0.0242 1.20044
0.160141 0.0242 1.20045 0.180563 0.0242 1.19027 0.201097 0.0242 1.20033 0.200952
0.0242 1.20031 0.211159 0.0242 1.19026 0.211218 0.0242 1.19029 0.477893 0.0242
1.19027 0.467773 0.0242 1.20032 0.467829 0.0242 1.20035 0.478045 0.0242 1.20072
0.81947 0.0242 1.18035 0.85 0.0242 1.20074 0.980531 0.0242 1.20055 1
0.0242 1.20046 0.498663 0.0242 1.19026 0.0493237 0.0242 1.19025 0.058 0.0242
1.19025 0.121 0.0242 1.19026 0.129736 0.0242 1.20029 0.22 0.0242 1.19025
0.22 0.0242 1.19025 0.459 0.0242 1.20029 0.459 0.0242 1.22083 0
0.0242 1.22086 0.0196019 0.0242 1.21045 0.0394966 0.0242 1.21042 0.0493767 0.0242
1.2003 0.0493553 0.0242 1.20028 0.121 0.0242 1.21038 0.121 0.0242 1.21044
0.129761 0.0242 1.20031 0.129748 0.0242 1.22095 0.160171 0.0242 1.22096 0.180432
0.0242 1.21048 0.200842 0.0242 1.21045 0.211105 0.0242 1.21049 0.478221 0.0242
1.22083 0.478419 0.0242 1.22092 0.499046 0.0242 1.22043 0.79974 0.0242 1.22049
0.819532 0.0242 1.21088 0.838529 0.0242 1.21078 0.848177 0.0242 1.20812 0.879668
0.0242 1.20806 0.889863 0.0242 1.199 0.889866 0.0242 1.199 0.879655 0.0242
1.20812 0.920332 0.0242 1.20834 0.930615 0.0242 1.199 0.930599 0.0242 1.199
0.920345 0.0242 1.21088 0.961468 0.0242 1.22056 0.96098 0.0242 1.22051 0.980397
0.0242 1.22077 0.0394352 0.0242 1.21046 0.139842 0.0242 1.2208 0.139893 0.0242
1.22083 0.200806 0.0242 1.21046 0.467918 0.0242 1.20834 0.869384 0.0242 1.199
0.869401 0.0242 1.20806 0.910137 0.0242 1.199 0.910134 0.0242 1.21078 0.951822
0.0242 1.21038 0.058 0.0242 1.20028 0.058 0.0242 1.21039 0.22 0.0242
1.2209 0.51938 0.0242 1.22056 0.839005 0.0242 1.20913 0.858988 0.0242 1.199
0.859634 0.0242 1.22035 0.848916 0.0242 1.21956 0.85927 0.0242 1.20805 0.9
0.0242 1.199 0.9 0.0242 1.2188 0.879744 0.0242 1.21869 0.889889 0.0242
1.2187 0.899999 0.0242 1.20913 0.941011 0.0242 1.199 0.940366 0.0242 1.21879
0.920252 0.0242 1.21899 0.930461 0.0242 1.21955 0.940726 0.0242 1.22045 1
0.0242 1.2104 0.459 0.0242 1.22077 0.468003 0.0242 1.22069 0.459 0.0242
1.21899 0.869535 0.0242 1.21869 0.91011 0.0242 1.22035 0.95108 0.0242 1.24151
2.29118e-37 0.0242 1.26221 2.59642e-35 0.0242 1.26292 0.0188026 0.0242 1.24181 0.0192705
0.0242 1.32277 0.0391419 0.0242 1.30357 0.0385826 0.0242 1.28409 0.0381091 0.0242
1.28313 0.0188592 0.0242 1.28244 8.4157e-35 0.0242 1.32196 1.2916e-32 0.0242 1.36095
0.0398906 0.0242 1.36094 6.44856e-33 0.0242 1.3995 0.0403948 0.0242 1.39992 6.13162e-33
0.0242 1.43868 0.0412869 0.0242 1.43947 5.27951e-33 0.0242 1.47946 0.0424223 0.0242
1.45889 0.0420384 0.0242 1.47971 3.13537e-33 0.0242 1.5201 0.0428399 0.0242 1.49987
0.042914 0.0242 1.52005 1.0584e-33 0.0242 1.56027 0.0429205 0.0242 1.54022 0.043115
0.0242 1.56021 2.34249e-34 0.0242 1.60031 0.042933 0.0242 1.5803 0.0431504 0.0242
1.60029 4.19772e-35 0.0242 1.64033 0.0429258 0.0242 1.62032 0.0431525 0.0242 1.64032
6.89562e-36 0.0242 1.68034 0.0428653 0.0242 1.66033 0.0431277 0.0242 1.68033 1.05891e-36
0.0242 1.72034 1.39e-37 0.0242 1.72034 0.0425228 0.0242 1.70034 0.0429677 0.0242
1.25341 0.0381813 0.0242 1.25365 0.0481235 0.0242 1.24222 0.048956 0.0242 1.24223
0.038857 0.0242 1.30396 0.0586396 0.0242 1.2854 0.057592 0.0242 1.36077 0.0800238
0.0242 1.32303 0.0796076 0.0242 1.32319 0.0591142 0.0242 1.39866 0.0803925 0.0242
1.43784 0.0614535 0.0242 1.43652 0.080835 0.0242 1.41774 0.0805891 0.0242 1.45844
0.0624675 0.0242 1.49994 0.063553 0.0242 1.47938 0.0632448 0.0242 1.54026 0.0636906
0.0242 1.52017 0.063628 0.0242 1.58031 0.0637104 0.0242 1.56029 0.0636789 0.0242
1.62032 0.0637115 0.0242 1.60032 0.0636861 0.0242 1.66033 0.063698 0.0242 1.64033
0.063682 0.0242 1.70034 0.0635979 0.0242 1.68034 0.0636455 0.0242 1.30377 0.0794086
0.0242 1.30379 0.100261 0.0242 1.28427 0.10042 0.0242 1.28414 0.0898192 0.0242
1.28429 0.0791808 0.0242 1.36078 0.120218 0.0242 1.32304 0.120573 0.0242 1.32322
0.100154 0.0242 1.39864 0.10036 0.0242 1.39909 0.120225 0.0242 1.41828 0.100501
0.0242 1.44623 0.0811177 0.0242 1.448 0.093 0.0242 1.4363 0.090503 0.0242
1.47945 0.0841506 0.0242 1.48989 0.0842385 0.0242 1.48998 0.093 0.0242 1.47955
0.093 0.0242 1.5303 0.0842635 0.0242 1.5303 0.093 0.0242 1.5203 0.093
0.0242 1.52028 0.0842475 0.0242 1.57031 0.0842645 0.0242 1.57031 0.093 0.0242
1.56031 0.093 0.0242 1.56031 0.0842504 0.0242 1.61032 0.0842646 0.0242 1.61032
0.093 0.0242 1.60032 0.093 0.0242 1.60032 0.0842508 0.0242 1.65033 0.0842644
0.0242 1.65033 0.093 0.0242 1.64033 0.093 0.0242 1.64033 0.0842506 0.0242
1.69034 0.0842621 0.0242 1.69034 0.093 0.0242 1.68034 0.093 0.0242 1.68034
0.0842486 0.0242 1.72034 0.084211 0.0242 1.73035 0.0841706 0.0242 1.73035 0.093
0.0242 1.72034 0.093 0.0242 1.24208 0.121 0.0242 1.2529 0.121 0.0242
1.25371 0.130911 0.0242 1.24229 0.130097 0.0242 1.28531 0.121847 0.0242 1.30397
0.120981 0.0242 1.30357 0.141047 0.0242 1.28455 0.141727 0.0242 1.28508 0.131957
0.0242 1.36072 0.160113 0.0242 1.32255 0.160446 0.0242 1.32296 0.140698 0.0242
1.39918 0.140112 0.0242 1.39937 0.160052 0.0242 1.419 0.120225 0.0242 1.41911
0.130152 0.0242 1.41918 0.140092 0.0242 1.448 0.120285 0.0242 1.448 0.130125
0.0242 1.43924 0.13015 0.0242 1.43917 0.120299 0.0242 1.26336 0.160833 0.0242
1.2634 0.179988 0.0242 1.24211 0.180332 0.0242 1.24207 0.160402 0.0242 1.32293
0.19959 0.0242 1.30372 0.199346 0.0242 1.2843 0.199277 0.0242 1.28366 0.17993
0.0242 1.28354 0.160844 0.0242 1.30314 0.160792 0.0242 1.36088 0.19989 0.0242
1.39932 0.180013 0.0242 1.39945 0.199987 0.0242 1.41926 0.160028 0.0242 1.41926
0.170013 0.0242 1.41928 0.180006 0.0242 1.448 0.160004 0.0242 1.448 0.170001
0.0242 1.43928 0.170004 0.0242 1.43928 0.160011 0.0242 1.25357 0.199966 0.0242
1.25382 0.210052 0.0242 1.24237 0.210861 0.0242 1.24238 0.200563 0.0242 1.30401
0.219255 0.0242 1.28541 0.218733 0.0242 1.36097 0.239826 0.0242 1.32302 0.239613
0.0242 1.32326 0.219466 0.0242 1.39936 0.219986 0.0242 1.39946 0.23997 0.0242
1.41929 0.199999 0.0242 1.41928 0.209999 0.0242 1.41929 0.219998 0.0242 1.448
0.2 0.0242 1.448 0.21 0.0242 1.43928 0.21 0.0242 1.43928 0.2
0.0242 1.30368 0.239562 0.0242 1.30343 0.259787 0.0242 1.28374 0.259913 0.0242
1.2839 0.249818 0.0242 1.2842 0.239607 0.0242 1.36088 0.279814 0.0242 1.32277
0.279835 0.0242 1.32303 0.259747 0.0242 1.39933 0.259974 0.0242 1.39939 0.279947
0.0242 1.41929 0.239995 0.0242 1.41928 0.249996 0.0242 1.41928 0.259993 0.0242
1.448 0.24 0.0242 1.448 0.25 0.0242 1.43928 0.249999 0.0242 1.43928
0.24 0.0242 1.30327 0.279889 0.0242 1.30323 0.299915 0.0242 1.2836 0.299989
0.0242 1.28363 0.289988 0.0242 1.28363 0.279978 0.0242 1.36069 0.319558 0.0242
1.32259 0.31977 0.0242 1.32284 0.299853 0.0242 1.39914 0.299912 0.0242 1.39903
0.319798 0.0242 1.41925 0.279979 0.0242 1.41919 0.289965 0.0242 1.41912 0.299939
0.0242 1.448 0.279991 0.0242 1.448 0.289974 0.0242 1.43926 0.289967 0.0242
1.43927 0.279987 0.0242 1.30315 0.319885 0.0242 1.30308 0.339784 0.0242 1.28359
0.339975 0.0242 1.28361 0.329987 0.0242 1.28359 0.319986 0.0242 1.36052 0.358618
0.0242 1.3411 0.358602 0.0242 1.32202 0.359038 0.0242 1.32256 0.339578 0.0242
1.39865 0.339604 0.0242 1.39918 0.358967 0.0242 1.37996 0.358614 0.0242 1.41883
0.319873 0.0242 1.41788 0.339831 0.0242 1.448 0.319661 0.0242 1.448 0.328879
0.0242 1.43808 0.32976 0.0242 1.43892 0.31978 0.0242 1.30288 0.35955 0.0242
1.3026 0.379118 0.0242 1.28354 0.379894 0.0242 1.28359 0.369945 0.0242 1.28357
0.359947 0.0242 1.34085 0.378069 0.0242 1.32149 0.378231 0.0242 1.38012 0.378158
0.0242 1.36045 0.37812 0.0242 1.41839 0.359201 0.0242 1.41932 0.378174 0.0242
1.39975 0.378215 0.0242 1.44732 0.359149 0.0242 1.45814 0.358186 0.0242 1.45898
0.378081 0.0242 1.43889 0.378211 0.0242 1.43735 0.359404 0.0242 1.48983 0.356983
0.0242 1.50007 0.356959 0.0242 1.50001 0.377751 0.0242 1.47954 0.377802 0.0242
1.47944 0.357153 0.0242 1.5303 0.356919 0.0242 1.54031 0.356972 0.0242 1.54041
0.378151 0.0242 1.5203 0.377908 0.0242 1.52027 0.356947 0.0242 1.57032 0.356979
0.0242 1.58032 0.357072 0.0242 1.58037 0.379043 0.0242 1.56041 0.378525 0.0242
1.56032 0.357015 0.0242 1.61032 0.357042 0.0242 1.62032 0.35714 0.0242 1.62033
0.379607 0.0242 1.60034 0.379427 0.0242 1.60032 0.357116 0.0242 1.65033 0.357059
0.0242 1.66033 0.357154 0.0242 1.66033 0.379707 0.0242 1.64033 0.37968 0.0242
1.64033 0.35715 0.0242 1.69034 0.357066 0.0242 1.70034 0.357169 0.0242 1.70034
0.379719 0.0242 1.68034 0.379715 0.0242 1.68034 0.357157 0.0242 1.30214 0.398343
0.0242 1.30178 0.417519 0.0242 1.28359 0.419733 0.0242 1.28358 0.409827 0.0242
1.28351 0.399802 0.0242 1.33056 0.397002 0.0242 1.33049 0.406861 0.0242 1.32026
0.405599 0.0242 1.32071 0.396755 0.0242 1.36035 0.397706 0.0242 1.37029 0.397731
0.0242 1.37029 0.40781 0.0242 1.36033 0.407762 0.0242 1.40008 0.397682 0.0242
1.41001 0.39749 0.0242 1.41002 0.407599 0.0242 1.40013 0.407734 0.0242 1.43964
0.396751 0.0242 1.45936 0.3977 0.0242 1.45913 0.417556 0.0242 1.4393 0.415899
0.0242 1.43964 0.406104 0.0242 1.5211 0.41985 0.0242 1.52152 0.440269 0.0242
1.47899 0.439095 0.0242 1.47926 0.418294 0.0242 1.47957 0.398084 0.0242 1.50006
0.3983 0.0242 1.52054 0.398914 0.0242 1.54121 0.420176 0.0242 1.54071 0.399491
0.0242 1.58041 0.42293 0.0242 1.57039 0.421054 0.0242 1.56076 0.420629 0.0242
1.56059 0.400193 0.0242 1.58042 0.401448 0.0242 1.60033 0.402299 0.0242 1.62032
0.402582 0.0242 1.62031 0.424196 0.0242 1.61029 0.424216 0.0242 1.60028 0.424103
0.0242 1.64033 0.402671 0.0242 1.66033 0.402697 0.0242 1.66033 0.424207 0.0242
1.65033 0.424243 0.0242 1.64033 0.424205 0.0242 1.68034 0.402699 0.0242 1.70034
0.402675 0.0242 1.70034 0.424204 0.0242 1.69034 0.424243 0.0242 1.68034 0.424207
0.0242 1.2841 0.439928 0.0242 1.30277 0.439006 0.0242 1.30295 0.449458 0.0242
1.30312 0.459781 0.0242 1.28529 0.460565 0.0242 1.28473 0.450202 0.0242 1.43709
0.438912 0.0242 1.45829 0.438848 0.0242 1.4579 0.459558 0.0242 1.43685 0.459751
0.0242 1.43687 0.449465 0.0242 1.52201 0.460869 0.0242 1.52148 0.481347 0.0242
1.47853 0.479973 0.0242 1.47847 0.459568 0.0242 1.54225 0.440487 0.0242 1.54284
0.461051 0.0242 1.573 0.441123 0.0242 1.573 0.45049 0.0242 1.56388 0.450561
0.0242 1.56297 0.44047 0.0242 1.25361 0.479172 0.0242 1.26467 0.479988 0.0242
1.26302 0.499785 0.0242 1.24194 0.499266 0.0242 1.24241 0.478623 0.0242 1.30304
0.479969 0.0242 1.30296 0.489988 0.0242 1.30293 0.499995 0.0242 1.28305 0.499975
0.0242 1.28396 0.480122 0.0242 1.43683 0.47996 0.0242 1.45779 0.479875 0.0242
1.45771 0.499961 0.0242 1.43683 0.499994 0.0242 1.43681 0.489987 0.0242 1.52111
0.501617 0.0242 1.52052 0.520921 0.0242 1.47832 0.520013 0.0242 1.4782 0.49998
0.0242 1.54227 0.482027 0.0242 1.54128 0.502508 0.0242 1.573 0.482073 0.0242
1.573 0.493 0.0242 1.56112 0.49462 0.0242 1.56298 0.482863 0.0242 1.24162
0.559803 0.0242 1.24165 0.519575 0.0242 1.28252 0.53998 0.0242 1.28239 0.559974
0.0242 1.26239 0.519802 0.0242 1.28262 0.519953 0.0242 1.30287 0.519996 0.0242
1.30287 0.529999 0.0242 1.30285 0.539998 0.0242 1.43683 0.519999 0.0242 1.4577
0.519978 0.0242 1.4577 0.539934 0.0242 1.43682 0.539996 0.0242 1.43681 0.529999
0.0242 1.52043 0.557486 0.0242 1.47847 0.559521 0.0242 1.47817 0.539839 0.0242
1.56062 0.540137 0.0242 1.56061 0.557876 0.0242 1.54057 0.556924 0.0242 1.54087
0.521915 0.0242 1.56076 0.522176 0.0242 1.58069 0.521934 0.0242 1.58056 0.540174
0.0242 1.61046 0.521504 0.0242 1.62041 0.521365 0.0242 1.62039 0.540007 0.0242
1.60046 0.540089 0.0242 1.60054 0.521572 0.0242 1.65034 0.521344 0.0242 1.66034
0.52128 0.0242 1.66034 0.539948 0.0242 1.64035 0.539964 0.0242 1.64035 0.521298
0.0242 1.69034 0.521326 0.0242 1.70034 0.521256 0.0242 1.70034 0.539942 0.0242
1.68034 0.539944 0.0242 1.68034 0.521274 0.0242 1.73035 0.521092 0.0242 1.74035
0.520854 0.0242 1.74034 0.539906 0.0242 1.72034 0.539933 0.0242 1.72034 0.521167
0.0242 1.24162 0.599904 0.0242 1.28243 0.579988 0.0242 1.28235 0.599985 0.0242
1.30284 0.559997 0.0242 1.30286 0.569999 0.0242 1.30284 0.579999 0.0242 1.43683
0.559992 0.0242 1.45776 0.559861 0.0242 1.45784 0.579834 0.0242 1.43683 0.579991
0.0242 1.43681 0.569996 0.0242 1.52097 0.576369 0.0242 1.52176 0.595956 0.0242
1.50112 0.597769 0.0242 1.47932 0.599176 0.0242 1.47854 0.579557 0.0242 1.54064
0.575517 0.0242 1.58051 0.558295 0.0242 1.58051 0.57732 0.0242 1.57063 0.577122
0.0242 1.56076 0.576822 0.0242 1.60041 0.558421 0.0242 1.62036 0.558442 0.0242
1.62033 0.577453 0.0242 1.61035 0.57741 0.0242 1.60037 0.577432 0.0242 1.64034
0.558439 0.0242 1.66034 0.558437 0.0242 1.66033 0.577457 0.0242 1.65033 0.57742
0.0242 1.64033 0.577456 0.0242 1.68034 0.558442 0.0242 1.70034 0.558466 0.0242
1.70034 0.577467 0.0242 1.69034 0.577424 0.0242 1.68034 0.577458 0.0242 1.72034
0.558543 0.0242 1.74035 0.558736 0.0242 1.74035 0.577754 0.0242 1.73035 0.577554
0.0242 1.72034 0.577514 0.0242 1.24157 0.639924 0.0242 1.28241 0.619986 0.0242
1.28233 0.63997 0.0242 1.30283 0.599999 0.0242 1.30286 0.609999 0.0242 1.30283
0.619998 0.0242 1.43685 0.599987 0.0242 1.45805 0.599766 0.0242 1.45821 0.619795
0.0242 1.43686 0.619989 0.0242 1.43682 0.609994 0.0242 1.50186 0.618572 0.0242
1.47981 0.61934 0.0242 1.53125 0.594678 0.0242 1.53298 0.60662 0.0242 1.52274
0.606888 0.0242 1.24141 0.679845 0.0242 1.28236 0.659937 0.0242 1.28218 0.679843
0.0242 1.30283 0.639994 0.0242 1.30285 0.649991 0.0242 1.30282 0.65998 0.0242
1.43686 0.639992 0.0242 1.45833 0.639859 0.0242 1.45841 0.659896 0.0242 1.43687
0.65999 0.0242 1.43683 0.649995 0.0242 1.4801 0.63961 0.0242 1.5023 0.639326
0.0242 1.50249 0.659723 0.0242 1.48027 0.659783 0.0242 1.53418 0.639436 0.0242
1.53421 0.649753 0.0242 1.52403 0.649661 0.0242 1.52391 0.639321 0.0242 1.24103
0.719628 0.0242 1.282 0.699628 0.0242 1.28143 0.719276 0.0242 1.30278 0.679923
0.0242 1.30275 0.68985 0.0242 1.30259 0.699703 0.0242 1.43689 0.679964 0.0242
1.45852 0.679865 0.0242 1.45875 0.699698 0.0242 1.43697 0.6998 0.0242 1.43686
0.689918 0.0242 1.48042 0.679827 0.0242 1.5026 0.679864 0.0242 1.50271 0.699879
0.0242 1.48064 0.699753 0.0242 1.53422 0.679986 0.0242 1.53423 0.689994 0.0242
1.52409 0.689982 0.0242 1.52403 0.679964 0.0242 1.2406 0.759506 0.0242 1.2809
0.738893 0.0242 1.28063 0.758827 0.0242 1.30176 0.719091 0.0242 1.301 0.728688
0.0242 1.30069 0.738479 0.0242 1.4379 0.719032 0.0242 1.45939 0.719297 0.0242
1.46032 0.738875 0.0242 1.43988 0.738075 0.0242 1.43946 0.728366 0.0242 1.50287
0.719839 0.0242 1.50307 0.739801 0.0242 1.48158 0.739426 0.0242 1.48104 0.719579
0.0242 1.53423 0.719996 0.0242 1.53423 0.729996 0.0242 1.52411 0.729986 0.0242
1.52406 0.719982 0.0242 1.24039 0.799625 0.0242 1.28041 0.799065 0.0242 1.32037
0.798291 0.0242 1.30052 0.758334 0.0242 1.32027 0.757605 0.0242 1.36045 0.797588
0.0242 1.34025 0.756383 0.0242 1.36027 0.756054 0.0242 1.40071 0.797727 0.0242
1.38029 0.755866 0.0242 1.40032 0.756202 0.0242 1.44132 0.798686 0.0242 1.42027
0.75683 0.0242 1.4404 0.758029 0.0242 1.48288 0.779711 0.0242 1.483 0.799736
0.0242 1.46084 0.75876 0.0242 1.48214 0.759446 0.0242 1.50328 0.759811 0.0242
1.5035 0.779876 0.0242 1.53424 0.759996 0.0242 1.53424 0.769997 0.0242 1.52415
0.769988 0.0242 1.52411 0.75998 0.0242 1.28024 0.839392 0.0242 1.24026 0.839504
0.0242 1.24036 0.819625 0.0242 1.32035 0.838984 0.0242 1.36057 0.838676 0.0242
1.401 0.838848 0.0242 1.44182 0.839511 0.0242 1.48322 0.81995 0.0242 1.4831
0.840098 0.0242 1.50359 0.799919 0.0242 1.50365 0.820006 0.0242 1.53425 0.799998
0.0242 1.53425 0.81 0.0242 1.52417 0.81 0.0242 1.52414 0.799992 0.0242
1.27999 0.879707 0.0242 1.23952 0.879808 0.0242 1.23985 0.859601 0.0242 1.32026
0.879521 0.0242 1.36057 0.879417 0.0242 1.40105 0.879671 0.0242 1.44173 0.88023
0.0242 1.48306 0.860468 0.0242 1.48267 0.880922 0.0242 1.50361 0.84015 0.0242
1.5035 0.860488 0.0242 1.53424 0.840036 0.0242 1.53424 0.850098 0.0242 1.52415
0.850157 0.0242 1.52414 0.84007 0.0242 1.27997 0.919957 0.0242 1.23951 0.920139
0.0242 1.23939 0.899985 0.0242 1.32023 0.919838 0.0242 1.3605 0.919842 0.0242
1.40089 0.92011 0.0242 1.4413 0.920688 0.0242 1.48226 0.901568 0.0242 1.48172
0.921788 0.0242 1.50248 0.902135 0.0242 1.50316 0.881152 0.0242 1.53412 0.881143
0.0242 1.53385 0.892067 0.0242 1.52353 0.892073 0.0242 1.52387 0.881242 0.0242
1.28019 0.960088 0.0242 1.24025 0.96039 0.0242 1.23984 0.940353 0.0242 1.32028
0.959983 0.0242 1.36046 0.959994 0.0242 1.40071 0.96017 0.0242 1.44093 0.960551
0.0242 1.48103 0.96124 0.0242 1.52094 0.943531 0.0242 1.52079 0.962533 0.0242
1.50178 0.922735 0.0242 1.52135 0.924288 0.0242 1.53103 0.92503 0.0242 1.54063
0.925512 0.0242 1.54068 0.943893 0.0242 1.57066 0.922789 0.0242 1.57061 0.932781
0.0242 1.56072 0.932926 0.0242 1.56087 0.923036 0.0242 1.61034 0.922668 0.0242
1.61035 0.932557 0.0242 1.60037 0.932572 0.0242 1.60035 0.922673 0.0242 1.65033
0.922664 0.0242 1.65033 0.93254 0.0242 1.64033 0.932537 0.0242 1.64033 0.922663
0.0242 1.69034 0.922662 0.0242 1.69034 0.932531 0.0242 1.68034 0.932531 0.0242
1.68034 0.922662 0.0242 1.73035 0.922617 0.0242 1.73035 0.932389 0.0242 1.72034
0.932463 0.0242 1.72034 0.922643 0.0242 1.28028 1 0.0242 1.24035 1
0.0242 1.24035 0.980228 0.0242 1.32032 1 0.0242 1.36044 1 0.0242
1.40062 1 0.0242 1.44076 1 0.0242 1.4808 1 0.0242 1.52068
1 0.0242 1.56054 1 0.0242 1.54065 0.96297 0.0242 1.56057 0.962461
0.0242 1.60042 1 0.0242 1.58047 0.962353 0.0242 1.60039 0.962048 0.0242
1.64037 1 0.0242 1.62035 0.962133 0.0242 1.64034 0.961957 0.0242 1.68036
1 0.0242 1.66034 0.962087 0.0242 1.68034 0.961918 0.0242 1.70034 0.962
0.0242 1.72035 0.96172 0.0242 1.72038 1 0.0242 1.27653 0.056556 0.0242
1.265 0.058 0.0242 1.26602 0.0464465 0.0242 1.26456 0.0374634 0.0242 1.27411
0.0792373 0.0242 1.27489 0.0683179 0.0242 1.28482 0.0683869 0.0242 1.4689 0.093
0.0242 1.46876 0.0839088 0.0242 1.43892 0.110542 0.0242 1.448 0.110627 0.0242
1.27558 0.132298 0.0242 1.27631 0.122574 0.0242 1.24231 0.140318 0.0242 1.2535
0.140971 0.0242 1.26467 0.141781 0.0242 1.27485 0.141932 0.0242 1.27652 0.218085
0.0242 1.265 0.22 0.0242 1.2661 0.208366 0.0242 1.2647 0.19919 0.0242
1.27408 0.239741 0.0242 1.27488 0.229298 0.0242 1.28479 0.22923 0.0242 1.43672
0.349852 0.0242 1.44647 0.349716 0.0242 1.46886 0.357475 0.0242 1.46884 0.347156
0.0242 1.47949 0.34689 0.0242 1.35038 0.407728 0.0242 1.35041 0.397597 0.0242
1.3902 0.407803 0.0242 1.39019 0.397723 0.0242 1.4299 0.405704 0.0242 1.42985
0.396539 0.0242 1.427 0.439172 0.0242 1.42699 0.428915 0.0242 1.43772 0.427878
0.0242 1.5903 0.423876 0.0242 1.5611 0.430374 0.0242 1.573 0.433 0.0242
1.27486 0.450151 0.0242 1.27405 0.439906 0.0242 1.24243 0.468208 0.0242 1.25389
0.468997 0.0242 1.26611 0.470686 0.0242 1.265 0.459 0.0242 1.2765 0.461107
0.0242 1.427 0.449578 0.0242 1.427 0.479982 0.0242 1.427 0.469939 0.0242
1.43682 0.469899 0.0242 1.427 0.489996 0.0242 1.427 0.52 0.0242 1.427
0.51 0.0242 1.43681 0.509998 0.0242 1.56086 0.504236 0.0242 1.57056 0.504597
0.0242 1.58094 0.502819 0.0242 1.58079 0.51233 0.0242 1.59063 0.521822 0.0242
1.5907 0.511997 0.0242 1.60058 0.511753 0.0242 1.427 0.53 0.0242 1.427
0.56 0.0242 1.427 0.55 0.0242 1.43681 0.549997 0.0242 1.427 0.57
0.0242 1.427 0.6 0.0242 1.427 0.59 0.0242 1.43682 0.589994 0.0242
1.5508 0.576171 0.0242 1.543 0.596 0.0242 1.54047 0.584464 0.0242 1.561
0.596 0.0242 1.55194 0.596 0.0242 1.55097 0.586107 0.0242 1.56085 0.586921
0.0242 1.427 0.61 0.0242 1.427 0.64 0.0242 1.427 0.63 0.0242
1.43682 0.629995 0.0242 1.427 0.649999 0.0242 1.427 0.679984 0.0242 1.427
0.669995 0.0242 1.43683 0.669986 0.0242 1.427 0.689953 0.0242 1.427 0.718265
0.0242 1.427 0.709568 0.0242 1.43714 0.709545 0.0242 1.32013 0.737533 0.0242
1.33022 0.735867 0.0242 1.3402 0.73516 0.0242 1.3502 0.734904 0.0242 1.36024
0.734874 0.0242 1.37026 0.734825 0.0242 1.38028 0.734849 0.0242 1.39029 0.734842
0.0242 1.40029 0.734937 0.0242 1.427 0.725 0.0242 1.41025 0.735129 0.0242
1.42012 0.735892 0.0242 1.43005 0.737525 0.0242 1.52175 0.914198 0.0242 1.53124
0.915243 0.0242 1.55104 0.923883 0.0242 1.55196 0.914 0.0242 1.561 0.914
0.0242 1.23135 0.039223 0.0242 1.23128 0.0492372 0.0242 1.2528 0.058 0.0242
1.242 0.058 0.0242 1.45779 0.082995 0.0242 1.50013 0.0842395 0.0242 1.51024
0.0842608 0.0242 1.54031 0.0842507 0.0242 1.55031 0.0842643 0.0242 1.58032 0.0842518
0.0242 1.59032 0.0842646 0.0242 1.62032 0.0842519 0.0242 1.63033 0.0842646 0.0242
1.66033 0.0842511 0.0242 1.67033 0.0842639 0.0242 1.72034 0.0633859 0.0242 1.70034
0.0842445 0.0242 1.71034 0.0842529 0.0242 1.27393 0.0898349 0.0242 1.27484 0.11112
0.0242 1.28478 0.111115 0.0242 1.43806 0.100763 0.0242 1.42911 0.12023 0.0242
1.45857 0.093 0.0242 1.448 0.101655 0.0242 1.51027 0.093 0.0242 1.55031
0.093 0.0242 1.59032 0.093 0.0242 1.63033 0.093 0.0242 1.67033 0.093
0.0242 1.71034 0.093 0.0242 1.23119 0.121 0.0242 1.23133 0.129842 0.0242
1.2314 0.139999 0.0242 1.265 0.121 0.0242 1.26594 0.132536 0.0242 1.42917
0.130151 0.0242 1.41922 0.15005 0.0242 1.42926 0.16002 0.0242 1.42924 0.150042
0.0242 1.43927 0.150028 0.0242 1.448 0.150015 0.0242 1.23145 0.200804 0.0242
1.42926 0.170009 0.0242 1.41928 0.190002 0.0242 1.42927 0.2 0.0242 1.42927
0.190001 0.0242 1.43928 0.19 0.0242 1.448 0.19 0.0242 1.23137 0.211083
0.0242 1.25302 0.22 0.0242 1.24217 0.22 0.0242 1.42927 0.209999 0.0242
1.41928 0.229997 0.0242 1.42927 0.239998 0.0242 1.42927 0.229999 0.0242 1.43928
0.23 0.0242 1.448 0.23 0.0242 1.27382 0.249912 0.0242 1.27369 0.279997
0.0242 1.2737 0.269993 0.0242 1.28368 0.269962 0.0242 1.42927 0.249998 0.0242
1.41926 0.269989 0.0242 1.42925 0.279983 0.0242 1.42926 0.269992 0.0242 1.43928
0.269995 0.0242 1.448 0.269997 0.0242 1.27368 0.289998 0.0242 1.27368 0.319997
0.0242 1.27368 0.309998 0.0242 1.28362 0.309992 0.0242 1.42921 0.289965 0.0242
1.419 0.309907 0.0242 1.42893 0.319844 0.0242 1.42906 0.309888 0.0242 1.43917
0.309863 0.0242 1.448 0.309857 0.0242 1.27368 0.329997 0.0242 1.27367 0.359987
0.0242 1.27368 0.349993 0.0242 1.2836 0.349973 0.0242 1.43641 0.340274 0.0242
1.448 0.338 0.0242 1.48991 0.346809 0.0242 1.5102 0.356913 0.0242 1.51024
0.346778 0.0242 1.52028 0.346781 0.0242 1.5303 0.346779 0.0242 1.55032 0.356943
0.0242 1.55031 0.346785 0.0242 1.56031 0.346797 0.0242 1.57032 0.346795 0.0242
1.59032 0.357017 0.0242 1.59032 0.346806 0.0242 1.60032 0.34682 0.0242 1.61032
0.346813 0.0242 1.63033 0.357054 0.0242 1.63033 0.346816 0.0242 1.64033 0.346829
0.0242 1.65033 0.346818 0.0242 1.67033 0.357061 0.0242 1.67033 0.346819 0.0242
1.68034 0.346831 0.0242 1.69034 0.34682 0.0242 1.72034 0.357261 0.0242 1.71034
0.3571 0.0242 1.71034 0.346833 0.0242 1.72034 0.346872 0.0242 1.73035 0.346931
0.0242 1.73035 0.357335 0.0242 1.27367 0.369985 0.0242 1.27366 0.399944 0.0242
1.27367 0.389967 0.0242 1.28356 0.389893 0.0242 1.34051 0.39741 0.0242 1.38023
0.397752 0.0242 1.41991 0.397138 0.0242 1.27368 0.409928 0.0242 1.27379 0.429877
0.0242 1.28381 0.429848 0.0242 1.323 0.417546 0.0242 1.311 0.416084 0.0242
1.30225 0.428224 0.0242 1.31297 0.438974 0.0242 1.31237 0.42801 0.0242 1.32304
0.428979 0.0242 1.32301 0.439206 0.0242 1.34047 0.407487 0.0242 1.33132 0.416982
0.0242 1.34057 0.417015 0.0242 1.38025 0.407785 0.0242 1.37029 0.417 0.0242
1.36032 0.417008 0.0242 1.38026 0.417006 0.0242 1.41996 0.406966 0.0242 1.40993
0.417001 0.0242 1.40015 0.417006 0.0242 1.41925 0.416997 0.0242 1.63032 0.42424
0.0242 1.67033 0.424243 0.0242 1.72034 0.402587 0.0242 1.72034 0.424177 0.0242
1.71034 0.424235 0.0242 1.23146 0.478426 0.0242 1.23141 0.468021 0.0242 1.31314
0.44949 0.0242 1.323 0.449594 0.0242 1.30304 0.469898 0.0242 1.31319 0.479968
0.0242 1.3132 0.469908 0.0242 1.323 0.469941 0.0242 1.323 0.479982 0.0242
1.56405 0.460984 0.0242 1.56389 0.471757 0.0242 1.573 0.471581 0.0242 1.31318
0.48999 0.0242 1.323 0.489996 0.0242 1.3029 0.509998 0.0242 1.31315 0.52
0.0242 1.31316 0.509999 0.0242 1.323 0.51 0.0242 1.323 0.52 0.0242
1.58187 0.493 0.0242 1.61047 0.511638 0.0242 1.63037 0.521379 0.0242 1.63036
0.511539 0.0242 1.64035 0.511513 0.0242 1.65034 0.511514 0.0242 1.67034 0.521335
0.0242 1.67034 0.511509 0.0242 1.68034 0.511497 0.0242 1.69034 0.511503 0.0242
1.71034 0.521284 0.0242 1.71034 0.511475 0.0242 1.72034 0.51142 0.0242 1.73035
0.51133 0.0242 1.31315 0.53 0.0242 1.323 0.53 0.0242 1.30286 0.549999
0.0242 1.31314 0.56 0.0242 1.31314 0.55 0.0242 1.323 0.55 0.0242
1.323 0.56 0.0242 1.31314 0.57 0.0242 1.323 0.57 0.0242 1.30286
0.589999 0.0242 1.31314 0.6 0.0242 1.31314 0.59 0.0242 1.323 0.59
0.0242 1.323 0.6 0.0242 1.59042 0.57736 0.0242 1.57065 0.587187 0.0242
1.57065 0.596 0.0242 1.60034 0.596 0.0242 1.59038 0.596 0.0242 1.5904
0.587306 0.0242 1.60036 0.587325 0.0242 1.63033 0.577419 0.0242 1.61034 0.587326
0.0242 1.61033 0.596 0.0242 1.64033 0.596 0.0242 1.63033 0.596 0.0242
1.63033 0.587329 0.0242 1.64033 0.587334 0.0242 1.67033 0.57742 0.0242 1.65033
0.587329 0.0242 1.65033 0.596 0.0242 1.68034 0.596 0.0242 1.67033 0.596
0.0242 1.67033 0.58733 0.0242 1.68034 0.587335 0.0242 1.71034 0.577444 0.0242
1.69034 0.587331 0.0242 1.69034 0.596 0.0242 1.72034 0.596 0.0242 1.71034
0.596 0.0242 1.71034 0.587338 0.0242 1.72034 0.587354 0.0242 1.73035 0.587381
0.0242 1.73035 0.596 0.0242 1.31314 0.61 0.0242 1.323 0.61 0.0242
1.30286 0.629997 0.0242 1.31314 0.639998 0.0242 1.31314 0.629999 0.0242 1.323
0.63 0.0242 1.323 0.64 0.0242 1.52382 0.628755 0.0242 1.53411 0.628851
0.0242 1.31314 0.649996 0.0242 1.323 0.649999 0.0242 1.30283 0.669964 0.0242
1.31312 0.679956 0.0242 1.31313 0.669981 0.0242 1.323 0.669994 0.0242 1.323
0.679982 0.0242 1.52407 0.669928 0.0242 1.53422 0.669963 0.0242 1.31309 0.6899
0.0242 1.323 0.689947 0.0242 1.30234 0.709457 0.0242 1.31212 0.719015 0.0242
1.3128 0.709513 0.0242 1.323 0.709545 0.0242 1.323 0.718213 0.0242 1.5241
0.709988 0.0242 1.53423 0.709997 0.0242 1.31069 0.728424 0.0242 1.323 0.725
0.0242 1.31046 0.73815 0.0242 1.33102 0.725 0.0242 1.34025 0.725 0.0242
1.36024 0.725 0.0242 1.37026 0.725 0.0242 1.38028 0.725 0.0242 1.40031
0.725 0.0242 1.4102 0.725 0.0242 1.41932 0.725 0.0242 1.52413 0.749985
0.0242 1.53424 0.749996 0.0242 1.52416 0.789992 0.0242 1.53425 0.789998 0.0242
1.52417 0.830027 0.0242 1.53425 0.830012 0.0242 1.52406 0.870679 0.0242 1.53421
0.870562 0.0242 1.52276 0.903088 0.0242 1.543 0.880997 0.0242 1.543 0.8919
0.0242 1.53299 0.903348 0.0242 1.543 0.90263 0.0242 1.57065 0.914 0.0242
1.5904 0.922687 0.0242 1.59038 0.914 0.0242 1.60034 0.914 0.0242 1.61033
0.914 0.0242 1.63033 0.922665 0.0242 1.63033 0.914 0.0242 1.64033 0.914
0.0242 1.65033 0.914 0.0242 1.67033 0.922663 0.0242 1.67033 0.914 0.0242
1.68034 0.914 0.0242 1.69034 0.914 0.0242 1.71034 0.922655 0.0242 1.71034
0.914 0.0242 1.72034 0.914 0.0242 1.73035 0.914 0.0242 1.56064 0.942909
0.0242 1.59042 0.93261 0.0242 1.57057 0.942749 0.0242 1.58049 0.942608 0.0242
1.59042 0.942531 0.0242 1.60038 0.942461 0.0242 1.63033 0.932543 0.0242 1.61035
0.942452 0.0242 1.62034 0.942429 0.0242 1.63033 0.942429 0.0242 1.64033 0.942405
0.0242 1.67033 0.932537 0.0242 1.65033 0.942423 0.0242 1.66033 0.942412 0.0242
1.67033 0.942419 0.0242 1.68034 0.942392 0.0242 1.71034 0.932505 0.0242 1.69034
0.942407 0.0242 1.70034 0.942379 0.0242 1.71034 0.942362 0.0242 1.72035 0.942278
0.0242 1.73035 0.942188 0.0242 1.74035 0.941959 0.0242 1.74036 0.961564 0.0242
1.265 0.0794446 0.0242 1.265 0.0692446 0.0242 1.265 0.23997 0.0242 1.265
0.230277 0.0242 1.45793 0.348 0.0242 1.45867 0.338 0.0242 1.46898 0.338
0.0242 1.47959 0.338 0.0242 1.35038 0.417003 0.0242 1.39022 0.417 0.0242
1.427 0.417489 0.0242 1.58112 0.433 0.0242 1.60026 0.433 0.0242 1.59033
0.433 0.0242 1.265 0.449193 0.0242 1.265 0.439738 0.0242 1.24225 0.459
0.0242 1.25313 0.459 0.0242 1.427 0.459828 0.0242 1.427 0.499999 0.0242
1.59092 0.493 0.0242 1.6006 0.493 0.0242 1.60061 0.501783 0.0242 1.5908
0.502032 0.0242 1.427 0.54 0.0242 1.427 0.58 0.0242 1.427 0.62
0.0242 1.427 0.659998 0.0242 1.427 0.69987 0.0242 1.3502 0.725 0.0242
1.39029 0.725 0.0242 1.543 0.914 0.0242 1.22071 0.0493443 0.0242 1.22062
0.058 0.0242 1.50018 0.093 0.0242 1.54031 0.093 0.0242 1.58032 0.093
0.0242 1.62032 0.093 0.0242 1.66033 0.093 0.0242 1.70034 0.093 0.0242
1.22064 0.121 0.0242 1.22074 0.129779 0.0242 1.448 0.140047 0.0242 1.43926
0.140068 0.0242 1.448 0.18 0.0242 1.43928 0.180001 0.0242 1.22077 0.2111
0.0242 1.22066 0.22 0.0242 1.448 0.22 0.0242 1.43928 0.22 0.0242
1.448 0.259999 0.0242 1.43928 0.259998 0.0242 1.448 0.299935 0.0242 1.43923
0.299928 0.0242 1.72034 0.379741 0.0242 1.573 0.460844 0.0242 1.61047 0.501707
0.0242 1.61045 0.493 0.0242 1.62039 0.501677 0.0242 1.62037 0.493 0.0242
1.65033 0.501658 0.0242 1.64034 0.501659 0.0242 1.64033 0.493 0.0242 1.65033
0.493 0.0242 1.66033 0.501656 0.0242 1.66033 0.493 0.0242 1.69034 0.501654
0.0242 1.68034 0.501654 0.0242 1.68034 0.493 0.0242 1.69034 0.493 0.0242
1.70034 0.501651 0.0242 1.70034 0.493 0.0242 1.72034 0.493 0.0242 1.73035
0.493 0.0242 1.73035 0.501591 0.0242 1.72034 0.501628 0.0242 1.5234 0.617948
0.0242 1.543 0.607354 0.0242 1.53383 0.617924 0.0242 1.543 0.61809 0.0242
1.524 0.659837 0.0242 1.543 0.639573 0.0242 1.543 0.649847 0.0242 1.53421
0.659901 0.0242 1.543 0.659954 0.0242 1.52405 0.699983 0.0242 1.543 0.679998
0.0242 1.543 0.69 0.0242 1.53422 0.699996 0.0242 1.543 0.7 0.0242
1.52408 0.739979 0.0242 1.543 0.72 0.0242 1.543 0.73 0.0242 1.53423
0.739995 0.0242 1.543 0.74 0.0242 1.52413 0.779986 0.0242 1.543 0.76
0.0242 1.543 0.77 0.0242 1.53424 0.779997 0.0242 1.543 0.78 0.0242
1.52414 0.820008 0.0242 1.543 0.8 0.0242 1.543 0.81 0.0242 1.53425
0.820003 0.0242 1.543 0.82 0.0242 1.5241 0.860344 0.0242 1.543 0.840011
0.0242 1.543 0.850046 0.0242 1.53423 0.860247 0.0242 1.543 0.860153 0.0242
1.5805 0.922715 0.0242 1.5805 0.932673 0.0242 1.62033 0.922665 0.0242 1.62033
0.932546 0.0242 1.66033 0.922663 0.0242 1.66033 0.932537 0.0242 1.70034 0.922659
0.0242 1.70034 0.932521 0.0242 1.23114 0.058 0.0242 1.265 0.0898591 0.0242
1.2741 0.100374 0.0242 1.265 0.100206 0.0242 1.265 0.110198 0.0242 1.42921
0.140083 0.0242 1.42927 0.180004 0.0242 1.23124 0.22 0.0242 1.42927 0.219999
0.0242 1.265 0.249992 0.0242 1.27373 0.259973 0.0242 1.265 0.260012 0.0242
1.265 0.280006 0.0242 1.265 0.270011 0.0242 1.42927 0.259996 0.0242 1.265
0.290002 0.0242 1.27368 0.299998 0.0242 1.265 0.300001 0.0242 1.265 0.32
0.0242 1.265 0.31 0.0242 1.42916 0.299933 0.0242 1.265 0.33 0.0242
1.27368 0.339995 0.0242 1.265 0.34 0.0242 1.265 0.36 0.0242 1.265
0.35 0.0242 1.49 0.338 0.0242 1.50013 0.346789 0.0242 1.50019 0.338
0.0242 1.51027 0.338 0.0242 1.5203 0.338 0.0242 1.5303 0.338 0.0242
1.54031 0.346787 0.0242 1.54031 0.338 0.0242 1.55031 0.338 0.0242 1.56031
0.338 0.0242 1.57031 0.338 0.0242 1.58032 0.34681 0.0242 1.58032 0.338
0.0242 1.59032 0.338 0.0242 1.60032 0.338 0.0242 1.61032 0.338 0.0242
1.62032 0.346827 0.0242 1.62032 0.338 0.0242 1.63033 0.338 0.0242 1.64033
0.338 0.0242 1.65033 0.338 0.0242 1.66033 0.346831 0.0242 1.66033 0.338
0.0242 1.67033 0.338 0.0242 1.68034 0.338 0.0242 1.69034 0.338 0.0242
1.70034 0.346836 0.0242 1.70034 0.338 0.0242 1.71034 0.338 0.0242 1.72034
0.338 0.0242 1.73035 0.338 0.0242 1.265 0.37 0.0242 1.27366 0.379974
0.0242 1.265 0.379999 0.0242 1.265 0.399987 0.0242 1.265 0.389996 0.0242
1.265 0.409967 0.0242 1.2737 0.419888 0.0242 1.265 0.419927 0.0242 1.265
0.429864 0.0242 1.61029 0.433 0.0242 1.62032 0.433 0.0242 1.64033 0.433
0.0242 1.63033 0.433 0.0242 1.65033 0.433 0.0242 1.66033 0.433 0.0242
1.68034 0.433 0.0242 1.67033 0.433 0.0242 1.69034 0.433 0.0242 1.70034
0.433 0.0242 1.72034 0.433 0.0242 1.71034 0.433 0.0242 1.73035 0.424157
0.0242 1.73035 0.433 0.0242 1.23129 0.459 0.0242 1.323 0.459834 0.0242
1.3132 0.459775 0.0242 1.323 0.499999 0.0242 1.31317 0.499998 0.0242 1.63034
0.493 0.0242 1.63035 0.501666 0.0242 1.6204 0.511563 0.0242 1.67033 0.493
0.0242 1.67033 0.501656 0.0242 1.66034 0.511501 0.0242 1.71034 0.493 0.0242
1.71034 0.501645 0.0242 1.70034 0.511485 0.0242 1.323 0.54 0.0242 1.31314
0.54 0.0242 1.323 0.58 0.0242 1.31314 0.58 0.0242 1.5805 0.587278
0.0242 1.58047 0.596 0.0242 1.62033 0.587333 0.0242 1.62033 0.596 0.0242
1.66033 0.587334 0.0242 1.66033 0.596 0.0242 1.70034 0.587338 0.0242 1.70034
0.596 0.0242 1.323 0.62 0.0242 1.31314 0.619999 0.0242 1.543 0.628998
0.0242 1.323 0.659998 0.0242 1.31314 0.659992 0.0242 1.543 0.669989 0.0242
1.323 0.699857 0.0242 1.31302 0.699775 0.0242 1.543 0.71 0.0242 1.543
0.75 0.0242 1.543 0.79 0.0242 1.543 0.830002 0.0242 1.543 0.870424
0.0242 1.58047 0.914 0.0242 1.62033 0.914 0.0242 1.66033 0.914 0.0242
1.70034 0.914 0.0242 1.76036 0 0.0242 1.76035 0.0418978 0.0242 1.74035
0.0423044 0.0242 1.74035 0.0630318 0.0242 1.74034 0.379826 0.0242 1.74035 0.357703
0.0242 1.74035 0.423995 0.0242 1.74034 0.402367 0.0242 1.76039 0.961226 0.0242
1.76046 1 0.0242 1.76035 0.062759 0.0242 1.74035 0.0840212 0.0242 1.76035
0.0838758 0.0242 1.75035 0.0839167 0.0242 1.76034 0.402195 0.0242 1.76035 0.423858
0.0242 1.75035 0.423908 0.0242 1.76035 0.558937 0.0242 1.76035 0.578092 0.0242
1.75035 0.577943 0.0242 1.76035 0.587622 0.0242 1.76035 0.596 0.0242 1.75035
0.596 0.0242 1.75035 0.587558 0.0242 1.75035 0.922455 0.0242 1.75035 0.914
0.0242 1.76035 0.914 0.0242 1.76035 0.922384 0.0242 1.76036 0.931828 0.0242
1.75035 0.931985 0.0242 1.76036 0.941494 0.0242 1.75035 0.941678 0.0242 1.74035
0.093 0.0242 1.75035 0.357868 0.0242 1.76035 0.357845 0.0242 1.76034 0.379803
0.0242 1.74035 0.501523 0.0242 1.74035 0.493 0.0242 1.75034 0.520747 0.0242
1.76033 0.520802 0.0242 1.76033 0.539966 0.0242 1.74035 0.922556 0.0242 1.74035
0.932225 0.0242 1.75035 0.093 0.0242 1.74035 0.347073 0.0242 1.74035 0.338
0.0242 1.75035 0.347178 0.0242 1.75035 0.338 0.0242 1.74035 0.433 0.0242
1.75035 0.433 0.0242 1.75035 0.493 0.0242 1.75035 0.501474 0.0242 1.74035
0.511161 0.0242 1.75035 0.511047 0.0242 1.74035 0.587455 0.0242 1.74035 0.596
0.0242 1.74035 0.914 0.0242 2.04065 -1.16128e-39 0.0242 2.06059 2.34259e-40 0.0242
2.06053 0.0218445 0.0242 2.04062 0.0211899 0.0242 2.08064 1.87494e-42 0.0242 2.10081
4.91112e-40 0.0242 2.10082 0.0218499 0.0242 2.08059 0.0219929 0.0242 2.12101 -2.31473e-39
0.0242 2.1411 -1.57562e-36 0.0242 2.14131 0.020318 0.0242 2.12116 0.0211996 0.0242
2.20056 0.0400315 0.0242 2.16097 0.0400006 0.0242 2.16109 0.0201119 0.0242 2.16101
-3.14172e-36 0.0242 2.2007 -1.58637e-33 0.0242 2.24046 0.0400649 0.0242 2.24056 2.58983e-34
0.0242 2.28049 0.0401093 0.0242 2.28052 3.69961e-34 0.0242 2.32056 0.0402024 0.0242
2.32053 1.03594e-34 0.0242 2.36059 0.040365 0.0242 2.36053 1.16293e-34 0.0242 2.40054
0.0406707 0.0242 2.4005 1.04809e-34 0.0242 2.44038 0.0412178 0.0242 2.44045 6.32973e-35
0.0242 2.48051 1.69586e-35 0.0242 2.48043 0.0419013 0.0242 2.00271 0.059876 0.0242
2.0015 0.0399531 0.0242 2.02084 0.0398667 0.0242 2.02113 0.0495174 0.0242 2.02301
0.059773 0.0242 2.04055 0.0419795 0.0242 2.05045 0.042896 0.0242 2.05049 0.052
0.0242 2.04129 0.052 0.0242 2.09059 0.0432288 0.0242 2.09056 0.052 0.0242
2.08046 0.052 0.0242 2.08049 0.0432115 0.0242 2.1322 0.0401342 0.0242 2.13
0.052 0.0242 2.12065 0.052 0.0242 2.12143 0.0419866 0.0242 2.19996 0.0800987
0.0242 2.15932 0.0800245 0.0242 2.16008 0.0599932 0.0242 2.24027 0.0801514 0.0242
2.28047 0.0802137 0.0242 2.32065 0.0803322 0.0242 2.36076 0.080544 0.0242 2.40071
0.0810197 0.0242 2.44022 0.0820482 0.0242 2.42054 0.0814335 0.0242 2.48028 0.0840342
0.0242 2.46012 0.0834096 0.0242 2.02416 0.0798776 0.0242 2.02425 0.0899538 0.0242
2.02425 0.100032 0.0242 2.0038 0.100076 0.0242 2.00349 0.0799474 0.0242 2.19998
0.120254 0.0242 2.15932 0.120235 0.0242 2.15909 0.100087 0.0242 2.24031 0.120287
0.0242 2.28055 0.120332 0.0242 2.32084 0.120394 0.0242 2.36115 0.120496 0.0242
2.40098 0.100958 0.0242 2.40155 0.120694 0.0242 2.42077 0.101218 0.0242 2.45992
0.103977 0.0242 2.44958 0.102074 0.0242 2.43997 0.101642 0.0242 2.00267 0.140538
0.0242 2.00346 0.120281 0.0242 2.02416 0.120287 0.0242 2.02391 0.130492 0.0242
2.02301 0.140738 0.0242 2.20061 0.160445 0.0242 2.16098 0.160559 0.0242 2.16008
0.140468 0.0242 2.24055 0.160481 0.0242 2.28069 0.160522 0.0242 2.321 0.160496
0.0242 2.36151 0.160432 0.0242 2.40214 0.140436 0.0242 2.40239 0.160294 0.0242
2.42173 0.120818 0.0242 2.42253 0.140396 0.0242 2.452 0.121725 0.0242 2.452
0.130548 0.0242 2.44291 0.130542 0.0242 2.44201 0.120969 0.0242 2.02084 0.160939
0.0242 2.02078 0.180059 0.0242 2.00095 0.180214 0.0242 2.0014 0.160539 0.0242
2.05055 0.158083 0.0242 2.06048 0.157833 0.0242 2.06056 0.178415 0.0242 2.04065
0.179159 0.0242 2.04066 0.158977 0.0242 2.09057 0.157751 0.0242 2.10074 0.157829
0.0242 2.10079 0.178418 0.0242 2.0806 0.178235 0.0242 2.08049 0.15775 0.0242
2.13218 0.160813 0.0242 2.14185 0.160924 0.0242 2.1413 0.1801 0.0242 2.12113
0.179176 0.0242 2.12136 0.158971 0.0242 2.20083 0.200504 0.0242 2.16106 0.200164
0.0242 2.1611 0.180289 0.0242 2.2407 0.200783 0.0242 2.28073 0.200885 0.0242
2.32097 0.200785 0.0242 2.3615 0.200618 0.0242 2.40256 0.180284 0.0242 2.40244
0.200478 0.0242 2.42282 0.160195 0.0242 2.42291 0.180171 0.0242 2.452 0.160032
0.0242 2.452 0.170011 0.0242 2.44327 0.170024 0.0242 2.44326 0.160056 0.0242
2.04059 0.239537 0.0242 2.00024 0.23985 0.0242 2.00061 0.199994 0.0242 2.02067
0.199787 0.0242 2.04063 0.199271 0.0242 2.08087 0.239347 0.0242 2.0606 0.198764
0.0242 2.08068 0.198657 0.0242 2.12116 0.239672 0.0242 2.10081 0.198779 0.0242
2.12102 0.19932 0.0242 2.16125 0.240224 0.0242 2.14112 0.199873 0.0242 2.20102
0.240852 0.0242 2.24073 0.24138 0.0242 2.28065 0.24149 0.0242 2.32075 0.241256
0.0242 2.36104 0.241037 0.0242 2.4023 0.220907 0.0242 2.40175 0.241604 0.0242
2.42287 0.200331 0.0242 2.42271 0.220827 0.0242 2.452 0.200044 0.0242 2.452
0.210144 0.0242 2.44327 0.210217 0.0242 2.44327 0.20009 0.0242 2.04073 0.279733
0.0242 2.00014 0.279878 0.0242 2.08127 0.279697 0.0242 2.12172 0.279876 0.0242
2.16189 0.280236 0.0242 2.20133 0.281379 0.0242 2.18175 0.280598 0.0242 2.24066
0.282432 0.0242 2.22092 0.282163 0.0242 2.28051 0.28252 0.0242 2.26054 0.282616
0.0242 2.32051 0.281877 0.0242 2.3005 0.282405 0.0242 2.36037 0.280885 0.0242
2.34046 0.281121 0.0242 2.40104 0.262379 0.0242 2.40053 0.282171 0.0242 2.42217
0.241904 0.0242 2.4209 0.263398 0.0242 2.452 0.241803 0.0242 2.452 0.252502
0.0242 2.44204 0.25334 0.0242 2.4429 0.242 0.0242 2.04106 0.319843 0.0242
2.00023 0.319941 0.0242 2.08183 0.319804 0.0242 2.12261 0.319811 0.0242 2.16242
0.300071 0.0242 2.16332 0.319748 0.0242 2.18214 0.300312 0.0242 2.22085 0.302813
0.0242 2.21115 0.302459 0.0242 2.20153 0.301704 0.0242 2.26048 0.303109 0.0242
2.2505 0.303113 0.0242 2.24056 0.303057 0.0242 2.30048 0.302993 0.0242 2.29047
0.303084 0.0242 2.28047 0.303093 0.0242 2.34052 0.300905 0.0242 2.33047 0.301787
0.0242 2.32048 0.302463 0.0242 2.39943 0.320172 0.0242 2.37909 0.319826 0.0242
2.35918 0.319681 0.0242 2.36002 0.30042 0.0242 2.44019 0.30286 0.0242 2.44008
0.321328 0.0242 2.4205 0.283293 0.0242 2.44011 0.284432 0.0242 2.4501 0.284522
0.0242 2.46041 0.283744 0.0242 2.46032 0.302679 0.0242 2.04134 0.359888 0.0242
2.00039 0.359983 0.0242 2.08237 0.359841 0.0242 2.12365 0.359843 0.0242 2.16495
0.339769 0.0242 2.16547 0.359872 0.0242 2.18304 0.319516 0.0242 2.18498 0.329656
0.0242 2.18587 0.339694 0.0242 2.37842 0.339628 0.0242 2.35759 0.339794 0.0242
2.35826 0.329752 0.0242 2.4399 0.357319 0.0242 2.41944 0.357247 0.0242 2.39889
0.358374 0.0242 2.39894 0.339422 0.0242 2.46027 0.321753 0.0242 2.48039 0.321193
0.0242 2.48037 0.357855 0.0242 2.46021 0.357223 0.0242 2.04144 0.39988 0.0242
2.00045 0.400008 0.0242 2.08254 0.399801 0.0242 2.1239 0.399796 0.0242 2.16577
0.379935 0.0242 2.1657 0.399919 0.0242 2.18621 0.359889 0.0242 2.18626 0.369951
0.0242 2.18625 0.37998 0.0242 2.37807 0.359328 0.0242 2.37802 0.379019 0.0242
2.35698 0.379877 0.0242 2.35697 0.369902 0.0242 2.35707 0.359862 0.0242 2.4194
0.376171 0.0242 2.39898 0.377469 0.0242 2.46034 0.376514 0.0242 2.45023 0.376275
0.0242 2.44006 0.376152 0.0242 2.04134 0.439821 0.0242 2.00038 0.440012 0.0242
2.08232 0.439655 0.0242 2.12353 0.43952 0.0242 2.16571 0.419825 0.0242 2.16527
0.439517 0.0242 2.18625 0.399988 0.0242 2.18626 0.409978 0.0242 2.18624 0.419945
0.0242 2.35699 0.399849 0.0242 2.3782 0.398758 0.0242 2.37863 0.418871 0.0242
2.35708 0.419778 0.0242 2.35697 0.409864 0.0242 2.40018 0.417481 0.0242 2.39923
0.396774 0.0242 2.41911 0.394093 0.0242 2.41918 0.403746 0.0242 2.42101 0.416215
0.0242 2.4401 0.395216 0.0242 2.45043 0.395992 0.0242 2.45064 0.405 0.0242
2.44107 0.405 0.0242 2.0411 0.47974 0.0242 2.00037 0.479975 0.0242 2.08177
0.479453 0.0242 2.12243 0.479005 0.0242 2.1644 0.458846 0.0242 2.16292 0.478193
0.0242 2.18614 0.439702 0.0242 2.18589 0.449357 0.0242 2.18497 0.458721 0.0242
2.35735 0.439488 0.0242 2.37917 0.439097 0.0242 2.37988 0.459059 0.0242 2.35849
0.458731 0.0242 2.35767 0.44917 0.0242 2.42215 0.438794 0.0242 2.42224 0.44943
0.0242 2.42224 0.459749 0.0242 2.40141 0.459386 0.0242 2.401 0.438728 0.0242
2.04087 0.519711 0.0242 2.00047 0.519859 0.0242 2.08124 0.519415 0.0242 2.12154
0.518896 0.0242 2.16215 0.497811 0.0242 2.16166 0.517917 0.0242 2.18252 0.477535
0.0242 2.18189 0.497161 0.0242 2.21092 0.474112 0.0242 2.22065 0.473866 0.0242
2.22082 0.4949 0.0242 2.20132 0.495836 0.0242 2.20145 0.475049 0.0242 2.25046
0.473745 0.0242 2.26046 0.473761 0.0242 2.26052 0.494475 0.0242 2.24059 0.494585
0.0242 2.24048 0.473771 0.0242 2.2905 0.473751 0.0242 2.30055 0.473794 0.0242
2.30055 0.494729 0.0242 2.28051 0.494534 0.0242 2.28047 0.473764 0.0242 2.33061
0.475031 0.0242 2.3406 0.476993 0.0242 2.34059 0.496852 0.0242 2.3206 0.495369
0.0242 2.32066 0.474147 0.0242 2.40201 0.499891 0.0242 2.40193 0.519957 0.0242
2.3608 0.518209 0.0242 2.36047 0.497752 0.0242 2.35998 0.47806 0.0242 2.38058
0.47894 0.0242 2.4017 0.479639 0.0242 2.42226 0.479957 0.0242 2.42228 0.489988
0.0242 2.42227 0.499999 0.0242 2.04068 0.559796 0.0242 2.00062 0.559745 0.0242
2.08077 0.559589 0.0242 2.12089 0.55915 0.0242 2.16092 0.558537 0.0242 2.20076
0.557779 0.0242 2.18154 0.517237 0.0242 2.20116 0.516456 0.0242 2.24055 0.557294
0.0242 2.22085 0.515641 0.0242 2.24064 0.515413 0.0242 2.28046 0.557407 0.0242
2.26055 0.515148 0.0242 2.28052 0.515366 0.0242 2.32049 0.558203 0.0242 2.30055
0.5155 0.0242 2.32059 0.516268 0.0242 2.36063 0.559679 0.0242 2.34066 0.517147
0.0242 2.40173 0.540361 0.0242 2.40089 0.560803 0.0242 2.42227 0.520065 0.0242
2.42226 0.530169 0.0242 2.42218 0.54036 0.0242 2.04056 0.600023 0.0242 2.00074
0.599814 0.0242 2.08036 0.599865 0.0242 2.12027 0.599539 0.0242 2.16029 0.599175
0.0242 2.20032 0.598787 0.0242 2.24027 0.598649 0.0242 2.28022 0.598941 0.0242
2.32021 0.599653 0.0242 2.36019 0.600453 0.0242 2.39994 0.581208 0.0242 2.39987
0.601032 0.0242 2.42104 0.561118 0.0242 2.4192 0.572099 0.0242 2.41914 0.581804
0.0242 2.0405 0.640511 0.0242 2.02076 0.640391 0.0242 2.00095 0.640069 0.0242
2.07995 0.640182 0.0242 2.06021 0.64049 0.0242 2.11966 0.639726 0.0242 2.09971
0.639905 0.0242 2.15968 0.639563 0.0242 2.19979 0.639514 0.0242 2.23985 0.639701
0.0242 2.27984 0.640149 0.0242 2.31985 0.640816 0.0242 2.36005 0.641375 0.0242
2.40017 0.641377 0.0242 2.44025 0.640691 0.0242 2.4196 0.600989 0.0242 2.43985
0.600112 0.0242 2.46018 0.599267 0.0242 2.48038 0.599064 0.0242 2.48042 0.639952
0.0242 2.02087 0.660635 0.0242 2.00118 0.660098 0.0242 2.06015 0.660805 0.0242
2.04051 0.660895 0.0242 2.09945 0.659799 0.0242 2.07975 0.660315 0.0242 2.15895
0.679645 0.0242 2.11878 0.679423 0.0242 2.11931 0.659652 0.0242 2.19926 0.679833
0.0242 2.23944 0.680214 0.0242 2.27939 0.680815 0.0242 2.3193 0.681956 0.0242
2.3599 0.682977 0.0242 2.33948 0.682631 0.0242 2.40055 0.682966 0.0242 2.38027
0.68327 0.0242 2.44085 0.681919 0.0242 2.42082 0.682607 0.0242 2.4806 0.680785
0.0242 2.00168 0.679832 0.0242 2.01145 0.680658 0.0242 2.01162 0.690912 0.0242
2.00188 0.689239 0.0242 2.04052 0.681726 0.0242 2.05032 0.681755 0.0242 2.05033
0.692063 0.0242 2.04051 0.69206 0.0242 2.07943 0.680612 0.0242 2.08913 0.679701
0.0242 2.08894 0.689223 0.0242 2.07926 0.690905 0.0242 2.1579 0.719751 0.0242
2.11647 0.719517 0.0242 2.11788 0.699156 0.0242 2.1987 0.719968 0.0242 2.2391
0.720342 0.0242 2.27887 0.720927 0.0242 2.3188 0.702305 0.0242 2.31789 0.722088
0.0242 2.29845 0.721349 0.0242 2.33915 0.703084 0.0242 2.3803 0.70397 0.0242
2.35979 0.70375 0.0242 2.42106 0.703064 0.0242 2.4007 0.703738 0.0242 2.44168
0.722063 0.0242 2.44119 0.702278 0.0242 2.48069 0.720926 0.0242 2.46107 0.721323
0.0242 2.15732 0.759902 0.0242 2.1157 0.759924 0.0242 2.1158 0.739786 0.0242
2.19839 0.759978 0.0242 2.23911 0.760168 0.0242 2.2789 0.740786 0.0242 2.27939
0.760461 0.0242 2.29846 0.741016 0.0242 2.32789 0.72259 0.0242 2.32722 0.732169
0.0242 2.31748 0.731816 0.0242 2.35969 0.72478 0.0242 2.37008 0.724972 0.0242
2.37013 0.735178 0.0242 2.35972 0.735092 0.0242 2.41116 0.724428 0.0242 2.4112
0.734811 0.0242 2.40089 0.735088 0.0242 2.40087 0.724769 0.0242 2.46082 0.740978
0.0242 2.44175 0.741282 0.0242 2.44187 0.731786 0.0242 2.15714 0.799922 0.0242
2.11561 0.799984 0.0242 2.11554 0.779975 0.0242 2.19828 0.799872 0.0242 2.23916
0.79983 0.0242 2.27974 0.780154 0.0242 2.27977 0.799823 0.0242 2.29967 0.760536
0.0242 2.2999 0.770372 0.0242 2.30002 0.780191 0.0242 2.329 0.760841 0.0242
2.329 0.770381 0.0242 2.32016 0.77042 0.0242 2.31992 0.760768 0.0242 2.45964
0.760539 0.0242 2.45917 0.78016 0.0242 2.43876 0.780138 0.0242 2.43882 0.770322
0.0242 2.4391 0.760631 0.0242 2.15714 0.839874 0.0242 2.11562 0.839979 0.0242
2.11552 0.81999 0.0242 2.19825 0.839712 0.0242 2.239 0.839418 0.0242 2.27965
0.819423 0.0242 2.27926 0.83898 0.0242 2.30007 0.799852 0.0242 2.30002 0.809645
0.0242 2.29986 0.819385 0.0242 2.329 0.799937 0.0242 2.329 0.809783 0.0242
2.32023 0.809719 0.0242 2.32025 0.799907 0.0242 2.45911 0.799885 0.0242 2.45933
0.819499 0.0242 2.43883 0.819508 0.0242 2.43875 0.809778 0.0242 2.43874 0.799927
0.0242 2.15737 0.879778 0.0242 2.11576 0.879909 0.0242 2.11556 0.859968 0.0242
2.19836 0.879586 0.0242 2.23896 0.879157 0.0242 2.27891 0.858535 0.0242 2.2789
0.878403 0.0242 2.29934 0.8388 0.0242 2.29852 0.858135 0.0242 2.329 0.837373
0.0242 2.329 0.845 0.0242 2.31729 0.847861 0.0242 2.31909 0.83828 0.0242
2.43997 0.838394 0.0242 2.46002 0.838878 0.0242 2.46079 0.858423 0.0242 2.44186
0.857505 0.0242 2.44179 0.847905 0.0242 2.15803 0.919596 0.0242 2.11694 0.919402
0.0242 2.11597 0.899768 0.0242 2.19871 0.919554 0.0242 2.23917 0.919207 0.0242
2.27926 0.918622 0.0242 2.31924 0.917721 0.0242 2.29861 0.877847 0.0242 2.31835
0.877027 0.0242 2.35981 0.916695 0.0242 2.33872 0.875497 0.0242 2.35964 0.874644
0.0242 2.40036 0.916844 0.0242 2.38031 0.874288 0.0242 2.4008 0.874677 0.0242
2.44044 0.918335 0.0242 2.42127 0.875568 0.0242 2.44125 0.877233 0.0242 2.4608
0.878283 0.0242 2.48021 0.87942 0.0242 2.47995 0.899905 0.0242 2.47979 0.920114
0.0242 2.00204 0.938015 0.0242 2.005 0.926 0.0242 2.01217 0.926 0.0242
2.01146 0.936086 0.0242 2.15887 0.959557 0.0242 2.1188 0.958954 0.0242 2.11818
0.938982 0.0242 2.19914 0.959669 0.0242 2.23942 0.959514 0.0242 2.27957 0.959193
0.0242 2.31967 0.958758 0.0242 2.35995 0.958387 0.0242 2.40016 0.958552 0.0242
2.44008 0.959416 0.0242 2.47949 0.940591 0.0242 2.47964 0.96045 0.0242 2.04051
1 0.0242 2.00118 1 0.0242 2.00159 0.958084 0.0242 2.02095 0.956531
0.0242 2.04051 0.956296 0.0242 2.07987 1 0.0242 2.06015 0.956178 0.0242
2.07962 0.957185 0.0242 2.11938 1 0.0242 2.09904 0.958275 0.0242 2.15927
1 0.0242 2.19939 1 0.0242 2.23957 1 0.0242 2.27972 1
0.0242 2.31985 1 0.0242 2.36001 1 0.0242 2.40012 1 0.0242
2.44008 1 0.0242 2.47997 1 0.0242 2.033 0.052 0.0242 2.03045
0.040126 0.0242 2.02391 0.0698076 0.0242 2.13997 0.0599777 0.0242 2.1418 0.0495828
0.0242 2.14186 0.0399025 0.0242 2.13883 0.0799944 0.0242 2.13908 0.0699944 0.0242
2.48023 0.105109 0.0242 2.47007 0.104893 0.0242 2.44016 0.111236 0.0242 2.452
0.114 0.0242 2.02113 0.151301 0.0242 2.03048 0.160815 0.0242 2.033 0.149
0.0242 2.04144 0.149 0.0242 2.13997 0.140573 0.0242 2.13908 0.130334 0.0242
2.13883 0.120186 0.0242 2.12056 0.149 0.0242 2.13 0.149 0.0242 2.1418
0.15125 0.0242 2.44004 0.275075 0.0242 2.44983 0.275413 0.0242 2.47056 0.283158
0.0242 2.47067 0.273055 0.0242 2.48064 0.272766 0.0242 2.48058 0.282745 0.0242
2.18617 0.349791 0.0242 2.34803 0.32975 0.0242 2.34974 0.319421 0.0242 2.34683
0.359917 0.0242 2.34691 0.349862 0.0242 2.35719 0.349844 0.0242 2.431 0.405
0.0242 2.42895 0.393484 0.0242 2.42192 0.427746 0.0242 2.18304 0.468001 0.0242
2.19206 0.476973 0.0242 2.195 0.465 0.0242 2.20211 0.465 0.0242 2.34722
0.449224 0.0242 2.34695 0.439598 0.0242 2.32064 0.465 0.0242 2.32993 0.465
0.0242 2.35018 0.477677 0.0242 2.34984 0.46805 0.0242 2.35947 0.468299 0.0242
2.42883 0.581786 0.0242 2.43969 0.579965 0.0242 2.03073 0.691994 0.0242 2.03076
0.681633 0.0242 2.06976 0.69173 0.0242 2.06978 0.6813 0.0242 2.09802 0.69869
0.0242 2.09863 0.689064 0.0242 2.09894 0.679403 0.0242 2.09521 0.719444 0.0242
2.09608 0.709183 0.0242 2.09486 0.739833 0.0242 2.09492 0.729669 0.0242 2.09484
0.759972 0.0242 2.09483 0.749929 0.0242 2.34914 0.734818 0.0242 2.34916 0.724443
0.0242 2.31907 0.751248 0.0242 2.329 0.752099 0.0242 2.43216 0.73216 0.0242
2.43177 0.722572 0.0242 2.43 0.760653 0.0242 2.43 0.751865 0.0242 2.43996
0.75108 0.0242 2.09483 0.779997 0.0242 2.09482 0.769992 0.0242 2.09484 0.8
0.0242 2.09482 0.789999 0.0242 2.09483 0.819999 0.0242 2.09482 0.81 0.0242
2.09484 0.839998 0.0242 2.09482 0.829999 0.0242 2.09483 0.859996 0.0242 2.09482
0.849998 0.0242 2.09485 0.879982 0.0242 2.09483 0.869993 0.0242 2.31738 0.857443
0.0242 2.32705 0.856946 0.0242 2.33825 0.855017 0.0242 2.34905 0.85409 0.0242
2.35968 0.853841 0.0242 2.43 0.845 0.0242 2.43 0.837595 0.0242 2.40093
0.853845 0.0242 2.41128 0.854094 0.0242 2.42164 0.855026 0.0242 2.43226 0.856962
0.0242 2.09494 0.899881 0.0242 2.09485 0.889958 0.0242 2.09611 0.919287 0.0242
2.09518 0.90969 0.0242 2.02091 0.935221 0.0242 2.03062 0.934924 0.0242 2.04047
0.934898 0.0242 2.05037 0.934862 0.0242 2.06023 0.934951 0.0242 2.06996 0.935187
0.0242 2.07946 0.936115 0.0242 2.09852 0.938495 0.0242 2.098 0.928877 0.0242
2.08893 0.938 0.0242 1.9613 0.040051 0.0242 1.92063 0.0402626 0.0242 1.92068
2.54298e-32 0.0242 1.96098 -1.46767e-32 0.0242 2.00092 1.0549e-35 0.0242 2.00108 0.0200903
0.0242 1.96192 0.0800864 0.0242 1.92033 0.0802729 0.0242 1.96166 0.120193 0.0242
1.91944 0.120152 0.0242 1.96062 0.16025 0.0242 1.91883 0.160095 0.0242 1.95989
0.200067 0.0242 1.91849 0.200038 0.0242 1.95945 0.23998 0.0242 1.91834 0.240012
0.0242 1.95934 0.279985 0.0242 1.9184 0.28003 0.0242 1.95952 0.320029 0.0242
1.91882 0.320097 0.0242 1.95975 0.360074 0.0242 1.91941 0.360136 0.0242 1.95972
0.400141 0.0242 1.91918 0.400273 0.0242 1.95955 0.440212 0.0242 1.9186 0.44045
0.0242 1.95964 0.480233 0.0242 1.91871 0.480728 0.0242 1.96009 0.519945 0.0242
1.91967 0.520205 0.0242 1.96059 0.559459 0.0242 1.92082 0.558739 0.0242 1.96084
0.599334 0.0242 1.92097 0.598427 0.0242 1.92107 0.578315 0.0242 1.96107 0.63961
0.0242 1.92045 0.63933 0.0242 1.92066 0.618809 0.0242 1.9621 0.679502 0.0242
1.92043 0.679785 0.0242 1.92029 0.659638 0.0242 1.9823 0.679449 0.0242 1.92075
0.719904 0.0242 1.92036 0.699891 0.0242 1.96299 0.699387 0.0242 1.96378 0.719605
0.0242 2.005 0.701 0.0242 1.99313 0.698594 0.0242 1.98347 0.698992 0.0242
1.92093 0.75998 0.0242 1.92053 0.739962 0.0242 1.96453 0.739799 0.0242 1.96449
0.759925 0.0242 2.005 0.719476 0.0242 2.005 0.729667 0.0242 1.99597 0.729659
0.0242 1.99568 0.71943 0.0242 1.92099 0.800027 0.0242 1.92062 0.780003 0.0242
1.96481 0.779974 0.0242 1.9646 0.799996 0.0242 2.005 0.759985 0.0242 2.005
0.769997 0.0242 1.99609 0.76999 0.0242 1.99608 0.75997 0.0242 1.92108 0.840188
0.0242 1.92067 0.820083 0.0242 1.96485 0.820004 0.0242 1.96461 0.840019 0.0242
2.005 0.8 0.0242 2.005 0.81 0.0242 1.9961 0.81 0.0242 1.99609
0.8 0.0242 1.92137 0.880794 0.0242 1.92085 0.860445 0.0242 1.96481 0.860009
0.0242 1.96448 0.880025 0.0242 1.9961 0.849998 0.0242 1.99609 0.839999 0.0242
2.005 0.839999 0.0242 2.005 0.849999 0.0242 1.92184 0.92145 0.0242 1.92141
0.901375 0.0242 1.96437 0.899866 0.0242 1.9635 0.919729 0.0242 1.92176 0.960838
0.0242 1.96267 0.939375 0.0242 1.9621 0.959449 0.0242 1.98205 0.958829 0.0242
1.98275 0.938916 0.0242 1.99254 0.938617 0.0242 1.96153 1 0.0242 1.92152
1 0.0242 2.02082 0.0203006 0.0242 2.02078 1.60831e-36 0.0242 2.06042 0.0431304
0.0242 2.07043 0.0432272 0.0242 2.10078 0.0431338 0.0242 2.11106 0.0429015 0.0242
2.07042 0.052 0.0242 2.11096 0.052 0.0242 2.13 0.0607874 0.0242 2.02425
0.110133 0.0242 2.13874 0.100036 0.0242 2.13875 0.0900069 0.0242 2.13875 0.110089
0.0242 2.0506 0.149 0.0242 2.07046 0.157753 0.0242 2.07044 0.149 0.0242
2.08046 0.149 0.0242 2.09054 0.149 0.0242 2.11099 0.158077 0.0242 2.11089
0.149 0.0242 2.13 0.130231 0.0242 2.13 0.120162 0.0242 2.13 0.139758
0.0242 2.44316 0.140272 0.0242 2.44325 0.150123 0.0242 2.452 0.150088 0.0242
2.44327 0.180021 0.0242 2.44327 0.190032 0.0242 2.452 0.190012 0.0242 2.44324
0.220521 0.0242 2.44319 0.231078 0.0242 2.452 0.230941 0.0242 2.44021 0.265366
0.0242 2.452 0.264 0.0242 2.19189 0.300711 0.0242 2.18243 0.309977 0.0242
2.2024 0.322 0.0242 2.195 0.322 0.0242 2.19206 0.31023 0.0242 2.20164
0.311961 0.0242 2.23066 0.303006 0.0242 2.21112 0.312816 0.0242 2.2111 0.322
0.0242 2.24049 0.322 0.0242 2.23055 0.322 0.0242 2.23061 0.313185 0.0242
2.24052 0.313213 0.0242 2.27047 0.303126 0.0242 2.25048 0.313228 0.0242 2.25046
0.322 0.0242 2.28046 0.322 0.0242 2.27046 0.322 0.0242 2.27046 0.313233
0.0242 2.28046 0.313226 0.0242 2.31049 0.302851 0.0242 2.29047 0.313217 0.0242
2.29047 0.322 0.0242 2.32043 0.322 0.0242 2.31051 0.322 0.0242 2.31049
0.313102 0.0242 2.32048 0.312824 0.0242 2.32966 0.322 0.0242 2.33044 0.311983
0.0242 2.338 0.322 0.0242 2.34068 0.310282 0.0242 2.48045 0.3021 0.0242
2.18626 0.389991 0.0242 2.3468 0.369954 0.0242 2.3468 0.399959 0.0242 2.34679
0.38997 0.0242 2.35694 0.389903 0.0242 2.44015 0.385741 0.0242 2.47041 0.376694
0.0242 2.48045 0.376984 0.0242 2.45031 0.386074 0.0242 2.47052 0.396333 0.0242
2.47046 0.386501 0.0242 2.48048 0.386691 0.0242 2.48051 0.396402 0.0242 2.18624
0.429874 0.0242 2.3468 0.409946 0.0242 2.34685 0.429802 0.0242 2.3571 0.429705
0.0242 2.48052 0.405 0.0242 2.47055 0.405 0.0242 2.21088 0.465 0.0242
2.23053 0.47377 0.0242 2.2305 0.465 0.0242 2.24047 0.465 0.0242 2.25046
0.465 0.0242 2.27046 0.473743 0.0242 2.27046 0.465 0.0242 2.28046 0.465
0.0242 2.29049 0.465 0.0242 2.31062 0.473842 0.0242 2.31063 0.465 0.0242
2.42227 0.469905 0.0242 2.42228 0.510022 0.0242 2.42193 0.550665 0.0242 2.45004
0.579077 0.0242 2.46025 0.578825 0.0242 2.48045 0.578738 0.0242 2.47038 0.578747
0.0242 2.02107 0.681284 0.0242 2.06009 0.681602 0.0242 2.0125 0.701 0.0242
2.02109 0.691729 0.0242 2.02113 0.701 0.0242 2.06011 0.69199 0.0242 2.05034
0.701 0.0242 2.04049 0.701 0.0242 2.06015 0.701 0.0242 2.33854 0.723646
0.0242 2.42145 0.723629 0.0242 2.086 0.729679 0.0242 2.086 0.719497 0.0242
2.086 0.739859 0.0242 2.31734 0.741335 0.0242 2.30987 0.76059 0.0242 2.33838
0.733946 0.0242 2.329 0.744 0.0242 2.33908 0.744 0.0242 2.39063 0.735176
0.0242 2.39062 0.724967 0.0242 2.42155 0.733938 0.0242 2.41114 0.744 0.0242
2.40087 0.744 0.0242 2.42086 0.744 0.0242 2.48045 0.740744 0.0242 2.47971
0.760383 0.0242 2.086 0.769997 0.0242 2.086 0.759985 0.0242 2.086 0.78
0.0242 2.31003 0.770395 0.0242 2.30009 0.790026 0.0242 2.31016 0.799871 0.0242
2.31017 0.790035 0.0242 2.32025 0.79004 0.0242 2.329 0.790035 0.0242 2.43
0.770271 0.0242 2.43 0.79995 0.0242 2.43 0.790021 0.0242 2.43873 0.790026
0.0242 2.47931 0.780101 0.0242 2.47942 0.799931 0.0242 2.086 0.81 0.0242
2.086 0.8 0.0242 2.086 0.82 0.0242 2.31011 0.809664 0.0242 2.29963
0.82907 0.0242 2.30934 0.83865 0.0242 2.30972 0.829002 0.0242 2.31989 0.828918
0.0242 2.329 0.828877 0.0242 2.43 0.80983 0.0242 2.43 0.829056 0.0242
2.43908 0.82905 0.0242 2.47963 0.819717 0.0242 2.47996 0.83945 0.0242 2.086
0.849999 0.0242 2.086 0.839999 0.0242 2.086 0.859998 0.0242 2.33898 0.845
0.0242 2.37012 0.853755 0.0242 2.38041 0.853754 0.0242 2.39065 0.853756 0.0242
2.40091 0.845 0.0242 2.41121 0.845 0.0242 2.42095 0.845 0.0242 2.48024
0.859309 0.0242 2.086 0.88998 0.0242 2.086 0.879993 0.0242 2.086 0.899935
0.0242 2.02089 0.926 0.0242 2.04045 0.926 0.0242 2.05038 0.926 0.0242
2.06028 0.926 0.0242 2.033 0.0605058 0.0242 2.033 0.0698557 0.0242 2.033
0.0798682 0.0242 2.13 0.0799871 0.0242 2.13 0.0700683 0.0242 2.46064 0.114
0.0242 2.47012 0.114 0.0242 2.033 0.120267 0.0242 2.033 0.130417 0.0242
2.033 0.139985 0.0242 2.47085 0.264 0.0242 2.48067 0.264 0.0242 2.46056
0.273843 0.0242 2.46152 0.264 0.0242 2.195 0.330342 0.0242 2.195 0.339724
0.0242 2.195 0.349786 0.0242 2.195 0.359903 0.0242 2.338 0.330508 0.0242
2.34719 0.3398 0.0242 2.338 0.339857 0.0242 2.338 0.35994 0.0242 2.338
0.349866 0.0242 2.431 0.417054 0.0242 2.431 0.427968 0.0242 2.431 0.438954
0.0242 2.195 0.439787 0.0242 2.195 0.449407 0.0242 2.195 0.458056 0.0242
2.338 0.44926 0.0242 2.338 0.4397 0.0242 2.34809 0.458619 0.0242 2.338
0.457872 0.0242 2.338 0.465 0.0242 2.03069 0.701 0.0242 2.07841 0.701
0.0242 2.06973 0.701 0.0242 2.086 0.709903 0.0242 2.086 0.701 0.0242
2.086 0.749949 0.0242 2.3598 0.744 0.0242 2.34924 0.744 0.0242 2.43
0.744 0.0242 2.086 0.79 0.0242 2.086 0.83 0.0242 2.086 0.869996
0.0242 2.34916 0.845 0.0242 2.35975 0.845 0.0242 2.086 0.918588 0.0242
2.086 0.909701 0.0242 2.03056 0.926 0.0242 2.06998 0.926 0.0242 2.07875
0.926 0.0242 2.005 0.709877 0.0242 1.99485 0.709158 0.0242 1.98445 0.709223
0.0242 1.98512 0.719463 0.0242 2.005 0.749947 0.0242 1.99608 0.749923 0.0242
1.98554 0.729658 0.0242 1.98566 0.739806 0.0242 1.98577 0.749902 0.0242 1.98574
0.759953 0.0242 2.005 0.79 0.0242 1.9961 0.789999 0.0242 1.98581 0.76998
0.0242 1.98578 0.779992 0.0242 1.98582 0.789997 0.0242 1.98577 0.799999 0.0242
2.005 0.82 0.0242 2.005 0.83 0.0242 1.9961 0.83 0.0242 1.99609
0.82 0.0242 1.98582 0.81 0.0242 1.98579 0.82 0.0242 1.98582 0.83
0.0242 1.98577 0.84 0.0242 2.005 0.859998 0.0242 2.005 0.869997 0.0242
1.99609 0.869993 0.0242 1.99609 0.859996 0.0242 1.98581 0.849998 0.0242 1.98578
0.859995 0.0242 1.98579 0.869988 0.0242 1.98571 0.879972 0.0242 2.005 0.879994
0.0242 2.005 0.889984 0.0242 1.99605 0.889956 0.0242 1.99607 0.879983 0.0242
2.005 0.899941 0.0242 2.005 0.909713 0.0242 1.99568 0.909697 0.0242 1.99596
0.899883 0.0242 1.98569 0.889928 0.0242 1.98548 0.899836 0.0242 1.98515 0.90966
0.0242 1.98435 0.919397 0.0242 1.99303 0.928941 0.0242 1.9833 0.929105 0.0242
1.80037 0.0423127 0.0242 1.78036 0.0422667 0.0242 1.80037 7.27128e-33 0.0242 1.84035
0.0417469 0.0242 1.82037 0.0423875 0.0242 1.8404 3.34771e-32 0.0242 1.88027 0.0407569
0.0242 1.86029 0.0412207 0.0242 1.88045 5.99699e-32 0.0242 1.78036 0.0630722 0.0242
1.8204 0.0631277 0.0242 1.80038 0.0632574 0.0242 1.86022 0.0612427 0.0242 1.84036
0.0623306 0.0242 1.87966 0.0805768 0.0242 1.88005 0.0608331 0.0242 1.77035 0.0840393
0.0242 1.77035 0.093 0.0242 1.76035 0.093 0.0242 1.81041 0.0842283 0.0242
1.81041 0.093 0.0242 1.80038 0.093 0.0242 1.80038 0.0842161 0.0242 1.85055
0.0810956 0.0242 1.848 0.093 0.0242 1.83972 0.093 0.0242 1.84043 0.0829767
0.0242 1.87765 0.120117 0.0242 1.87844 0.10032 0.0242 1.8772 0.16002 0.0242
1.87722 0.140039 0.0242 1.87713 0.200006 0.0242 1.87708 0.180007 0.0242 1.87712
0.240004 0.0242 1.87705 0.220003 0.0242 1.87719 0.280028 0.0242 1.87707 0.260009
0.0242 1.87793 0.320167 0.0242 1.87731 0.30008 0.0242 1.87966 0.360104 0.0242
1.87926 0.340276 0.0242 1.77035 0.357489 0.0242 1.78035 0.357342 0.0242 1.78032
0.379667 0.0242 1.81037 0.357162 0.0242 1.82037 0.357389 0.0242 1.82013 0.379602
0.0242 1.80026 0.379619 0.0242 1.80036 0.357208 0.0242 1.85035 0.359388 0.0242
1.86017 0.359807 0.0242 1.85971 0.380042 0.0242 1.83993 0.379698 0.0242 1.84033
0.358434 0.0242 1.87893 0.400387 0.0242 1.87951 0.380164 0.0242 1.78034 0.424106
0.0242 1.77035 0.424031 0.0242 1.7803 0.402378 0.0242 1.81983 0.423834 0.0242
1.81011 0.424145 0.0242 1.80025 0.424165 0.0242 1.80018 0.402429 0.0242 1.81988
0.402075 0.0242 1.83938 0.400944 0.0242 1.85902 0.400513 0.0242 1.8581 0.420547
0.0242 1.84833 0.420676 0.0242 1.83887 0.421083 0.0242 1.87723 0.440639 0.0242
1.87814 0.420506 0.0242 1.8461 0.440406 0.0242 1.84525 0.45053 0.0242 1.836
0.450409 0.0242 1.836 0.440989 0.0242 1.87723 0.481841 0.0242 1.87662 0.461132
0.0242 1.84609 0.482905 0.0242 1.84787 0.494438 0.0242 1.836 0.493 0.0242
1.836 0.482237 0.0242 1.87904 0.521377 0.0242 1.87814 0.502194 0.0242 1.77031
0.521044 0.0242 1.78026 0.52118 0.0242 1.7803 0.540042 0.0242 1.80985 0.521676
0.0242 1.81964 0.521871 0.0242 1.8201 0.540193 0.0242 1.80022 0.540094 0.0242
1.80006 0.521441 0.0242 1.88128 0.557621 0.0242 1.86143 0.55703 0.0242 1.84079
0.557966 0.0242 1.84005 0.540254 0.0242 1.83929 0.522483 0.0242 1.85883 0.522347
0.0242 1.90117 0.558034 0.0242 1.78036 0.577707 0.0242 1.77036 0.577896 0.0242
1.78035 0.558732 0.0242 1.82047 0.55836 0.0242 1.82052 0.577346 0.0242 1.81043
0.577387 0.0242 1.80039 0.577483 0.0242 1.80037 0.558534 0.0242 1.8621 0.575659
0.0242 1.85149 0.576261 0.0242 1.84099 0.57688 0.0242 1.90136 0.577643 0.0242
1.88196 0.576356 0.0242 1.90123 0.597643 0.0242 1.90059 0.618506 0.0242 1.88034
0.618143 0.0242 1.88102 0.607112 0.0242 1.88188 0.596104 0.0242 1.90021 0.639283
0.0242 1.90005 0.659697 0.0242 1.87978 0.659856 0.0242 1.87979 0.649705 0.0242
1.87987 0.639403 0.0242 1.90003 0.679869 0.0242 1.90004 0.69994 0.0242 1.87977
0.699991 0.0242 1.87975 0.689987 0.0242 1.87977 0.679968 0.0242 1.90011 0.719965
0.0242 1.9001 0.739983 0.0242 1.87978 0.739999 0.0242 1.87976 0.729998 0.0242
1.87977 0.719997 0.0242 1.90017 0.759993 0.0242 1.90014 0.780004 0.0242 1.87978
0.78 0.0242 1.87976 0.77 0.0242 1.87978 0.759999 0.0242 1.9002 0.80002
0.0242 1.90018 0.820062 0.0242 1.87978 0.820013 0.0242 1.87976 0.810005 0.0242
1.87978 0.800003 0.0242 1.90026 0.840171 0.0242 1.90033 0.86045 0.0242 1.87983
0.860299 0.0242 1.87978 0.850136 0.0242 1.87979 0.840065 0.0242 1.88004 0.8811
0.0242 1.90064 0.881039 0.0242 1.90118 0.901973 0.0242 1.88107 0.902894 0.0242
1.88036 0.891881 0.0242 1.77036 0.922455 0.0242 1.77036 0.931987 0.0242 1.8104
0.922675 0.0242 1.81046 0.932569 0.0242 1.80041 0.932495 0.0242 1.80038 0.922653
0.0242 1.85143 0.923872 0.0242 1.86281 0.925506 0.0242 1.86194 0.943847 0.0242
1.84096 0.94287 0.0242 1.84082 0.932902 0.0242 1.84084 0.923024 0.0242 1.88171
0.962422 0.0242 1.88195 0.943445 0.0242 1.8822 0.924187 0.0242 1.90172 0.922561
0.0242 1.80066 1 0.0242 1.78044 0.961596 0.0242 1.80055 0.96181 0.0242
1.84105 1 0.0242 1.82075 0.962238 0.0242 1.84112 0.962394 0.0242 1.88141
1 0.0242 1.8616 0.962898 0.0242 1.85801 0.100325 0.0242 1.85988 0.0903629
0.0242 1.86018 0.0807473 0.0242 1.85685 0.120046 0.0242 1.8571 0.110135 0.0242
1.85985 0.340456 0.0242 1.85799 0.33021 0.0242 1.85712 0.320179 0.0242 1.84034
0.348073 0.0242 1.8505 0.349804 0.0242 1.86018 0.350056 0.0242 1.82934 0.422982
0.0242 1.80004 0.511625 0.0242 1.80981 0.511792 0.0242 1.8294 0.522292 0.0242
1.82919 0.51262 0.0242 1.83908 0.513236 0.0242 1.87216 0.575834 0.0242 1.84087
0.58695 0.0242 1.85143 0.586172 0.0242 1.85048 0.596 0.0242 1.84064 0.596
0.0242 1.87258 0.594918 0.0242 1.87243 0.585309 0.0242 1.88209 0.585993 0.0242
1.87011 0.891837 0.0242 1.86985 0.880992 0.0242 1.84064 0.914 0.0242 1.85048
0.914 0.0242 1.87257 0.924964 0.0242 1.87262 0.915156 0.0242 1.88199 0.914071
0.0242 1.78036 0.0841332 0.0242 1.79037 0.0842222 0.0242 1.82045 0.0841385 0.0242
1.83047 0.0838962 0.0242 1.79036 0.093 0.0242 1.83044 0.093 0.0242 1.848
0.101052 0.0242 1.85675 0.140006 0.0242 1.85676 0.130013 0.0242 1.85674 0.160002
0.0242 1.85673 0.150003 0.0242 1.85674 0.180001 0.0242 1.85673 0.170001 0.0242
1.85674 0.2 0.0242 1.85673 0.19 0.0242 1.85673 0.22 0.0242 1.85673
0.21 0.0242 1.85674 0.24 0.0242 1.85673 0.23 0.0242 1.85674 0.26
0.0242 1.85673 0.25 0.0242 1.85674 0.28001 0.0242 1.85673 0.270002 0.0242
1.85677 0.300065 0.0242 1.85674 0.290027 0.0242 1.85683 0.310122 0.0242 1.77035
0.346989 0.0242 1.76035 0.347132 0.0242 1.79036 0.357143 0.0242 1.79036 0.346848
0.0242 1.80037 0.346852 0.0242 1.81038 0.346862 0.0242 1.83037 0.357661 0.0242
1.83039 0.347216 0.0242 1.848 0.329472 0.0242 1.848 0.320128 0.0242 1.848
0.338 0.0242 1.79031 0.424204 0.0242 1.84789 0.43038 0.0242 1.836 0.433
0.0242 1.85647 0.440498 0.0242 1.85753 0.430455 0.0242 1.85553 0.461121 0.0242
1.85571 0.450678 0.0242 1.84524 0.471819 0.0242 1.836 0.471682 0.0242 1.85644
0.482653 0.0242 1.8557 0.471816 0.0242 1.77032 0.511303 0.0242 1.76034 0.511127
0.0242 1.79018 0.521367 0.0242 1.79019 0.511534 0.0242 1.80979 0.50179 0.0242
1.80008 0.501705 0.0242 1.80013 0.493 0.0242 1.80984 0.493 0.0242 1.81937
0.502045 0.0242 1.81928 0.493 0.0242 1.85804 0.503488 0.0242 1.8575 0.493521
0.0242 1.83877 0.504367 0.0242 1.84827 0.504116 0.0242 1.79037 0.57752 0.0242
1.77035 0.587536 0.0242 1.77035 0.596 0.0242 1.80036 0.596 0.0242 1.79036
0.596 0.0242 1.79036 0.587367 0.0242 1.80037 0.587342 0.0242 1.83069 0.577157
0.0242 1.8104 0.587315 0.0242 1.81037 0.596 0.0242 1.8305 0.596 0.0242
1.8306 0.587201 0.0242 1.87093 0.606916 0.0242 1.86976 0.639519 0.0242 1.86984
0.629007 0.0242 1.87999 0.628899 0.0242 1.86974 0.649789 0.0242 1.86973 0.679987
0.0242 1.86973 0.669968 0.0242 1.87976 0.669937 0.0242 1.86972 0.689995 0.0242
1.86973 0.719999 0.0242 1.86972 0.709999 0.0242 1.87975 0.709996 0.0242 1.86973
0.73 0.0242 1.86973 0.76 0.0242 1.86973 0.75 0.0242 1.87976 0.749999
0.0242 1.86973 0.77 0.0242 1.86973 0.800001 0.0242 1.86973 0.79 0.0242
1.87976 0.790001 0.0242 1.86973 0.810002 0.0242 1.86973 0.840032 0.0242 1.86973
0.830012 0.0242 1.87977 0.830027 0.0242 1.86973 0.850084 0.0242 1.86977 0.87048
0.0242 1.87987 0.870592 0.0242 1.77035 0.914 0.0242 1.79037 0.922621 0.0242
1.79036 0.914 0.0242 1.80036 0.914 0.0242 1.81037 0.914 0.0242 1.83059
0.92278 0.0242 1.8305 0.914 0.0242 1.79039 0.932404 0.0242 1.77037 0.941683
0.0242 1.78038 0.941972 0.0242 1.7904 0.942213 0.0242 1.80045 0.94233 0.0242
1.83067 0.932756 0.0242 1.8105 0.94246 0.0242 1.8206 0.942558 0.0242 1.83075
0.942709 0.0242 1.848 0.120016 0.0242 1.848 0.11016 0.0242 1.81018 0.433
0.0242 1.80028 0.433 0.0242 1.81985 0.433 0.0242 1.82865 0.433 0.0242
1.82792 0.493 0.0242 1.82888 0.502822 0.0242 1.8195 0.512079 0.0242 1.86272
0.584671 0.0242 1.861 0.596 0.0242 1.861 0.891631 0.0242 1.861 0.880842
0.0242 1.87094 0.903093 0.0242 1.861 0.902279 0.0242 1.861 0.914 0.0242
2.06039 0.052 0.0242 2.10074 0.052 0.0242 2.13 0.0899998 0.0242 2.13
0.100023 0.0242 2.452 0.140213 0.0242 2.452 0.180006 0.0242 2.452 0.220399
0.0242 2.46051 0.396243 0.0242 2.46058 0.405 0.0242 2.44052 0.57 0.0242
2.45016 0.57 0.0242 2.46028 0.57 0.0242 2.38037 0.724972 0.0242 2.3804
0.73519 0.0242 2.3702 0.744 0.0242 2.38043 0.744 0.0242 2.329 0.780158
0.0242 2.32023 0.780191 0.0242 2.329 0.81948 0.0242 2.32015 0.819406 0.0242
2.37018 0.845 0.0242 2.38043 0.845 0.0242 2.086 0.926 0.0242 2.005
0.739853 0.0242 1.99605 0.739826 0.0242 2.005 0.78 0.0242 1.99609 0.779997
0.0242 2.033 0.0899518 0.0242 2.033 0.100021 0.0242 2.033 0.110112 0.0242
2.13 0.11007 0.0242 2.06045 0.149 0.0242 2.1007 0.149 0.0242 2.22079
0.313095 0.0242 2.22071 0.322 0.0242 2.26046 0.313231 0.0242 2.26046 0.322
0.0242 2.30048 0.313185 0.0242 2.30048 0.322 0.0242 2.195 0.369965 0.0242
2.195 0.37999 0.0242 2.195 0.389997 0.0242 2.195 0.399996 0.0242 2.338
0.369979 0.0242 2.34679 0.379964 0.0242 2.338 0.379994 0.0242 2.338 0.399995
0.0242 2.338 0.389998 0.0242 2.46041 0.386329 0.0242 2.195 0.409988 0.0242
2.195 0.419969 0.0242 2.195 0.429916 0.0242 2.338 0.409984 0.0242 2.34682
0.419897 0.0242 2.338 0.419954 0.0242 2.338 0.429876 0.0242 2.22058 0.465
0.0242 2.26046 0.465 0.0242 2.30054 0.465 0.0242 2.431 0.449558 0.0242
2.431 0.459841 0.0242 2.431 0.469951 0.0242 2.431 0.479988 0.0242 2.431
0.489998 0.0242 2.431 0.500003 0.0242 2.431 0.510014 0.0242 2.431 0.520048
0.0242 2.431 0.530134 0.0242 2.431 0.540317 0.0242 2.431 0.550547 0.0242
2.431 0.5603 0.0242 2.4704 0.57 0.0242 2.48046 0.57 0.0242 2.39062
0.744 0.0242 2.31013 0.7802 0.0242 2.43 0.780107 0.0242 2.30998 0.819375
0.0242 2.43 0.819585 0.0242 2.39064 0.845 0.0242 2.005 0.918602 0.0242
1.99481 0.91932 0.0242 1.78036 0.093 0.0242 1.82047 0.093 0.0242 1.848
0.130003 0.0242 1.848 0.140002 0.0242 1.848 0.170001 0.0242 1.848 0.160002
0.0242 1.848 0.180001 0.0242 1.848 0.21 0.0242 1.848 0.2 0.0242
1.848 0.22 0.0242 1.848 0.249999 0.0242 1.848 0.24 0.0242 1.848
0.259999 0.0242 1.848 0.290019 0.0242 1.848 0.280004 0.0242 1.848 0.300056
0.0242 1.84505 0.461006 0.0242 1.836 0.460851 0.0242 1.77033 0.501585 0.0242
1.76035 0.501514 0.0242 1.76035 0.493 0.0242 1.77035 0.493 0.0242 1.7803
0.501633 0.0242 1.78033 0.493 0.0242 1.78036 0.922558 0.0242 1.78037 0.932232
0.0242 1.82046 0.922707 0.0242 1.82054 0.932645 0.0242 1.8396 0.338 0.0242
1.848 0.150002 0.0242 1.848 0.19 0.0242 1.848 0.23 0.0242 1.848
0.27 0.0242 1.848 0.310125 0.0242 1.76035 0.338 0.0242 1.77035 0.338
0.0242 1.78036 0.346902 0.0242 1.78036 0.338 0.0242 1.79036 0.338 0.0242
1.80037 0.338 0.0242 1.81039 0.338 0.0242 1.8204 0.346952 0.0242 1.82042
0.338 0.0242 1.83035 0.338 0.0242 1.77035 0.433 0.0242 1.76035 0.433
0.0242 1.78034 0.433 0.0242 1.79033 0.433 0.0242 1.79027 0.493 0.0242
1.79023 0.501667 0.0242 1.78028 0.51143 0.0242 1.78036 0.587435 0.0242 1.78036
0.596 0.0242 1.82046 0.587287 0.0242 1.82041 0.596 0.0242 1.861 0.607717
0.0242 1.8701 0.618165 0.0242 1.861 0.618363 0.0242 1.861 0.639644 0.0242
1.861 0.629155 0.0242 1.861 0.649872 0.0242 1.86973 0.659914 0.0242 1.861
0.659961 0.0242 1.861 0.679998 0.0242 1.861 0.66999 0.0242 1.861 0.69
0.0242 1.86973 0.699998 0.0242 1.861 0.7 0.0242 1.861 0.72 0.0242
1.861 0.71 0.0242 1.861 0.73 0.0242 1.86973 0.74 0.0242 1.861
0.74 0.0242 1.861 0.76 0.0242 1.861 0.75 0.0242 1.861 0.77
0.0242 1.86973 0.78 0.0242 1.861 0.78 0.0242 1.861 0.8 0.0242
1.861 0.79 0.0242 1.861 0.81 0.0242 1.86973 0.820005 0.0242 1.861
0.82 0.0242 1.861 0.84001 0.0242 1.861 0.830002 0.0242 1.861 0.850039
0.0242 1.86974 0.86021 0.0242 1.861 0.860127 0.0242 1.861 0.870354 0.0242
1.78036 0.914 0.0242 1.82041 0.914 0.0242 2.431 0.57 0.0242 2.52068
0 0.0242 2.52065 0.0418495 0.0242 2.52054 0.083749 0.0242 2.50043 0.0840602
0.0242 2.50044 0.104971 0.0242 2.49036 0.10513 0.0242 2.49056 0.282461 0.0242
2.50053 0.2821 0.0242 2.5005 0.301608 0.0242 2.50048 0.321142 0.0242 2.52056
0.320811 0.0242 2.5205 0.35856 0.0242 2.50045 0.35818 0.0242 2.50048 0.377833
0.0242 2.49047 0.377311 0.0242 2.4905 0.396506 0.0242 2.49051 0.405 0.0242
2.50046 0.598993 0.0242 2.52049 0.599067 0.0242 2.52047 0.639727 0.0242 2.52044
0.680421 0.0242 2.52012 0.720765 0.0242 2.51964 0.740723 0.0242 2.51864 0.760352
0.0242 2.49928 0.760196 0.0242 2.49882 0.779964 0.0242 2.49963 0.800031 0.0242
2.49975 0.810016 0.0242 2.49981 0.819975 0.0242 2.4999 0.839914 0.0242 2.49993
0.849924 0.0242 2.49995 0.859895 0.0242 2.49994 0.879949 0.0242 2.49991 0.890038
0.0242 2.49987 0.900123 0.0242 2.49971 0.920401 0.0242 2.49888 0.941273 0.0242
2.49931 0.960939 0.0242 2.51871 0.961605 0.0242 2.51965 0.980666 0.0242 2.51999
1 0.0242 2.52051 0.104795 0.0242 2.51048 0.104838 0.0242 2.49058 0.272622
0.0242 2.51052 0.281857 0.0242 2.52052 0.281889 0.0242 2.52055 0.301372 0.0242
2.5205 0.378187 0.0242 2.5105 0.378261 0.0242 2.49049 0.386962 0.0242 2.49048
0.578731 0.0242 2.50049 0.578753 0.0242 2.5205 0.578797 0.0242 2.5105 0.578773
0.0242 2.51784 0.77006 0.0242 2.51704 0.779702 0.0242 2.50962 0.800102 0.0242
2.51851 0.790238 0.0242 2.5193 0.800209 0.0242 2.50972 0.810063 0.0242 2.51949
0.810125 0.0242 2.49987 0.829958 0.0242 2.50982 0.839974 0.0242 2.5098 0.829995
0.0242 2.51953 0.830022 0.0242 2.51954 0.840004 0.0242 2.50983 0.849969 0.0242
2.51954 0.849997 0.0242 2.49994 0.869937 0.0242 2.50983 0.880001 0.0242 2.50983
0.86998 0.0242 2.51954 0.870002 0.0242 2.51954 0.880019 0.0242 2.50982 0.890057
0.0242 2.51954 0.890066 0.0242 2.49981 0.910259 0.0242 2.50966 0.920468 0.0242
2.50975 0.910289 0.0242 2.51949 0.910388 0.0242 2.51931 0.920789 0.0242 2.51851
0.931601 0.0242 2.51704 0.943049 0.0242 2.51789 0.95234 0.0242 2.48024 0.114
0.0242 2.5005 0.396676 0.0242 2.5005 0.405 0.0242 2.49049 0.57 0.0242
2.5005 0.57 0.0242 2.49038 0.114 0.0242 2.50046 0.114 0.0242 2.51049
0.114 0.0242 2.49058 0.264 0.0242 2.50054 0.27247 0.0242 2.50054 0.264
0.0242 2.51052 0.272354 0.0242 2.51051 0.264 0.0242 2.50049 0.387378 0.0242
2.5105 0.387727 0.0242 2.5105 0.396827 0.0242 2.5105 0.405 0.0242 2.5105
0.57 0.0242 2.5205 0.57 0.0242 2.51952 0.82006 0.0242 2.50977 0.820021
0.0242 2.51954 0.859996 0.0242 2.50984 0.859965 0.0242 2.51953 0.900172 0.0242
2.50979 0.900146 0.0242 3.21391 0.0401186 0.0242 3.00139 0.0402001 0.0242 3.00124
-3.3303e-35 0.0242 3.21382 1.32248e-34 0.0242 3.44294 0.0400641 0.0242 3.4429 -5.45758e-37
0.0242 3.6898 0.0400326 0.0242 3.68978 -3.01386e-39 0.0242 3.95586 0.0400158 0.0242
3.95585 2.77663e-40 0.0242 4.24258 0.0400073 0.0242 4.24257 9.91979e-42 0.0242 4.55156
0.0400033 0.0242 4.55155 1.23314e-43 0.0242 4.8845 0.0400015 0.0242 4.8845 1.4013e-45
0.0242 5.24327 0.0400006 0.0242 5.24327 0 0.0242 5.62984 0.0400002 0.0242
5.62984 0 0.0242 6.04639 0.0400001 0.0242 6.04639 0 0.0242 6.49522
0.04 0.0242 6.49522 0 0.0242 6.97885 0.04 0.0242 6.97885 0
0.0242 7.49997 0.04 0.0242 7.49997 0 0.0242 8.06147 0.04 0.0242
8.06147 0 0.0242 8.66651 0.04 0.0242 8.66651 0 0.0242 9.31844
0.04 0.0242 9.31844 0 0.0242 10.0209 0.04 0.0242 10.0209 -0
0.0242 10.7778 0.04 0.0242 10.7778 -0 0.0242 11.5934 0.04 0.0242
11.5934 -0 0.0242 12.4722 0.04 0.0242 12.4722 -0 0.0242 13.4191
0.04 0.0242 13.4191 -0 0.0242 14.4395 0.04 0.0242 14.4395 -0
0.0242 15.5389 0.04 0.0242 15.5389 -0 0.0242 16.7235 0.04 0.0242
16.7235 -0 0.0242 18 0 0.0242 18 0.04 0.0242 3.2141
0.080199 0.0242 3.00169 0.080331 0.0242 3.44304 0.0801087 0.0242 3.68986 0.0800558
0.0242 3.95588 0.0800274 0.0242 4.24259 0.0800128 0.0242 4.55156 0.0800058 0.0242
4.8845 0.0800025 0.0242 5.24327 0.0800011 0.0242 5.62984 0.0800004 0.0242 6.04639
0.0800002 0.0242 6.49522 0.0800001 0.0242 6.97885 0.08 0.0242 7.49997 0.08
0.0242 8.06147 0.08 0.0242 8.66651 0.08 0.0242 9.31844 0.08 0.0242
10.0209 0.08 0.0242 10.7778 0.08 0.0242 11.5934 0.08 0.0242 12.4722
0.08 0.0242 13.4191 0.08 0.0242 14.4395 0.08 0.0242 15.5389 0.08
0.0242 16.7235 0.08 0.0242 18 0.08 0.0242 3.2143 0.120219 0.0242
3.00202 0.120355 0.0242 3.44316 0.120122 0.0242 3.68992 0.120064 0.0242 3.95591
0.120032 0.0242 4.24261 0.120016 0.0242 4.55157 0.120007 0.0242 4.88451 0.120003
0.0242 5.24327 0.120001 0.0242 5.62984 0.120001 0.0242 6.04639 0.12 0.0242
6.49522 0.12 0.0242 6.97885 0.12 0.0242 7.49997 0.12 0.0242 8.06147
0.12 0.0242 8.66651 0.12 0.0242 9.31844 0.12 0.0242 10.0209 0.12
0.0242 10.7778 0.12 0.0242 11.5934 0.12 0.0242 12.4722 0.12 0.0242
13.4191 0.12 0.0242 14.4395 0.12 0.0242 15.5389 0.12 0.0242 16.7235
0.12 0.0242 18 0.12 0.0242 3.21443 0.160181 0.0242 3.00219 0.160276
0.0242 3.44325 0.160106 0.0242 3.68997 0.160058 0.0242 3.95594 0.160029 0.0242
4.24262 0.160015 0.0242 4.55158 0.160007 0.0242 4.88451 0.160003 0.0242 5.24327
0.160001 0.0242 5.62984 0.160001 0.0242 6.04639 0.16 0.0242 6.49522 0.16
0.0242 6.97885 0.16 0.0242 7.49997 0.16 0.0242 8.06147 0.16 0.0242
8.66651 0.16 0.0242 9.31844 0.16 0.0242 10.0209 0.16 0.0242 10.7778
0.16 0.0242 11.5934 0.16 0.0242 12.4722 0.16 0.0242 13.4191 0.16
0.0242 14.4395 0.16 0.0242 15.5389 0.16 0.0242 16.7235 0.16 0.0242
18 0.16 0.0242 3.21449 0.200118 0.0242 3.00221 0.200161 0.0242 3.4433
0.200075 0.0242 3.69 0.200043 0.0242 3.95597 0.200023 0.0242 4.24263 0.200012
0.0242 4.55158 0.200006 0.0242 4.88451 0.200003 0.0242 5.24327 0.200001 0.0242
5.62985 0.2 0.0242 6.04639 0.2 0.0242 6.49522 0.2 0.0242 6.97885
0.2 0.0242 7.49997 0.2 0.0242 8.06147 0.2 0.0242 8.66651 0.2
0.0242 9.31844 0.2 0.0242 10.0209 0.2 0.0242 10.7778 0.2 0.0242
11.5934 0.2 0.0242 12.4722 0.2 0.0242 13.4191 0.2 0.0242 14.4395
0.2 0.0242 15.5389 0.2 0.0242 16.7235 0.2 0.0242 18 0.2
0.0242 3.21451 0.240065 0.0242 3.00221 0.240079 0.0242 3.44333 0.240046 0.0242
3.69002 0.240028 0.0242 3.95598 0.240016 0.0242 4.24264 0.240009 0.0242 4.55159
0.240004 0.0242 4.88452 0.240002 0.0242 5.24327 0.240001 0.0242 5.62985 0.24
0.0242 6.04639 0.24 0.0242 6.49522 0.24 0.0242 6.97885 0.24 0.0242
7.49997 0.24 0.0242 8.06147 0.24 0.0242 8.66651 0.24 0.0242 9.31844
0.24 0.0242 10.0209 0.24 0.0242 10.7778 0.24 0.0242 11.5934 0.24
0.0242 12.4722 0.24 0.0242 13.4191 0.24 0.0242 14.4395 0.24 0.0242
15.5389 0.24 0.0242 16.7235 0.24 0.0242 18 0.24 0.0242 3.21452
0.280033 0.0242 3.00221 0.280036 0.0242 3.44334 0.280026 0.0242 3.69004 0.280017
0.0242 3.95599 0.28001 0.0242 4.24265 0.280006 0.0242 4.55159 0.280003 0.0242
4.88452 0.280001 0.0242 5.24327 0.280001 0.0242 5.62985 0.28 0.0242 6.04639
0.28 0.0242 6.49522 0.28 0.0242 6.97885 0.28 0.0242 7.49997 0.28
0.0242 8.06147 0.28 0.0242 8.66651 0.28 0.0242 9.31844 0.28 0.0242
10.0209 0.28 0.0242 10.7778 0.28 0.0242 11.5934 0.28 0.0242 12.4722
0.28 0.0242 13.4191 0.28 0.0242 14.4395 0.28 0.0242 15.5389 0.28
0.0242 16.7235 0.28 0.0242 18 0.28 0.0242 3.21453 0.320017 0.0242
3.00221 0.320017 0.0242 3.44335 0.320015 0.0242 3.69004 0.320011 0.0242 3.956
0.320007 0.0242 4.24265 0.320004 0.0242 4.55159 0.320002 0.0242 4.88452 0.320001
0.0242 5.24327 0.320001 0.0242 5.62985 0.32 0.0242 6.04639 0.32 0.0242
6.49522 0.32 0.0242 6.97885 0.32 0.0242 7.49997 0.32 0.0242 8.06147
0.32 0.0242 8.66651 0.32 0.0242 9.31844 0.32 0.0242 10.0209 0.32
0.0242 10.7778 0.32 0.0242 11.5934 0.32 0.0242 12.4722 0.32 0.0242
13.4191 0.32 0.0242 14.4395 0.32 0.0242 15.5389 0.32 0.0242 16.7235
0.32 0.0242 18 0.32 0.0242 3.21453 0.360012 0.0242 3.00221 0.360011
0.0242 3.44335 0.360011 0.0242 3.69004 0.360009 0.0242 3.956 0.360006 0.0242
4.24265 0.360004 0.0242 4.55159 0.360002 0.0242 4.88452 0.360001 0.0242 5.24327
0.36 0.0242 5.62985 0.36 0.0242 6.04639 0.36 0.0242 6.49522 0.36
0.0242 6.97885 0.36 0.0242 7.49997 0.36 0.0242 8.06147 0.36 0.0242
8.66651 0.36 0.0242 9.31844 0.36 0.0242 10.0209 0.36 0.0242 10.7778
0.36 0.0242 11.5934 0.36 0.0242 12.4722 0.36 0.0242 13.4191 0.36
0.0242 14.4395 0.36 0.0242 15.5389 0.36 0.0242 16.7235 0.36 0.0242
18 0.36 0.0242 3.21453 0.400016 0.0242 3.00221 0.400014 0.0242 3.44335
0.400015 0.0242 3.69004 0.400011 0.0242 3.956 0.400008 0.0242 4.24265 0.400005
0.0242 4.55159 0.400003 0.0242 4.88452 0.400001 0.0242 5.24327 0.400001 0.0242
5.62985 0.4 0.0242 6.04639 0.4 0.0242 6.49522 0.4 0.0242 6.97885
0.4 0.0242 7.49997 0.4 0.0242 8.06147 0.4 0.0242 8.66651 0.4
0.0242 9.31844 0.4 0.0242 10.0209 0.4 0.0242 10.7778 0.4 0.0242
11.5934 0.4 0.0242 12.4722 0.4 0.0242 13.4191 0.4 0.0242 14.4395
0.4 0.0242 15.5389 0.4 0.0242 16.7235 0.4 0.0242 18 0.4
0.0242 3.21452 0.440031 0.0242 3.0022 0.44003 0.0242 3.44335 0.440027 0.0242
3.69004 0.44002 0.0242 3.95599 0.440013 0.0242 4.24265 0.440008 0.0242 4.55159
0.440004 0.0242 4.88452 0.440002 0.0242 5.24327 0.440001 0.0242 5.62985 0.44
0.0242 6.04639 0.44 0.0242 6.49522 0.44 0.0242 6.97885 0.44 0.0242
7.49997 0.44 0.0242 8.06147 0.44 0.0242 8.66651 0.44 0.0242 9.31844
0.44 0.0242 10.0209 0.44 0.0242 10.7778 0.44 0.0242 11.5934 0.44
0.0242 12.4722 0.44 0.0242 13.4191 0.44 0.0242 14.4395 0.44 0.0242
15.5389 0.44 0.0242 16.7235 0.44 0.0242 18 0.44 0.0242 3.21451
0.480067 0.0242 3.00219 0.480068 0.0242 3.44334 0.480053 0.0242 3.69003 0.480037
0.0242 3.95599 0.480023 0.0242 4.24265 0.480013 0.0242 4.55159 0.480007 0.0242
4.88452 0.480003 0.0242 5.24327 0.480002 0.0242 5.62985 0.480001 0.0242 6.04639
0.48 0.0242 6.49522 0.48 0.0242 6.97885 0.48 0.0242 7.49997 0.48
0.0242 8.06147 0.48 0.0242 8.66651 0.48 0.0242 9.31844 0.48 0.0242
10.0209 0.48 0.0242 10.7778 0.48 0.0242 11.5934 0.48 0.0242 12.4722
0.48 0.0242 13.4191 0.48 0.0242 14.4395 0.48 0.0242 15.5389 0.48
0.0242 16.7235 0.48 0.0242 18 0.48 0.0242 3.2145 0.520137 0.0242
3.00218 0.520153 0.0242 3.44332 0.520102 0.0242 3.69002 0.520066 0.0242 3.95598
0.520038 0.0242 4.24264 0.520021 0.0242 4.55159 0.520011 0.0242 4.88452 0.520005
0.0242 5.24327 0.520002 0.0242 5.62985 0.520001 0.0242 6.04639 0.52 0.0242
6.49522 0.52 0.0242 6.97885 0.52 0.0242 7.49997 0.52 0.0242 8.06147
0.52 0.0242 8.66651 0.52 0.0242 9.31844 0.52 0.0242 10.0209 0.52
0.0242 10.7778 0.52 0.0242 11.5934 0.52 0.0242 12.4722 0.52 0.0242
13.4191 0.52 0.0242 14.4395 0.52 0.0242 15.5389 0.52 0.0242 16.7235
0.52 0.0242 18 0.52 0.0242 3.21446 0.560259 0.0242 3.00215 0.560323
0.0242 3.44329 0.560176 0.0242 3.68999 0.560107 0.0242 3.95596 0.56006 0.0242
4.24263 0.560031 0.0242 4.55158 0.560016 0.0242 4.88451 0.560007 0.0242 5.24327
0.560003 0.0242 5.62985 0.560001 0.0242 6.04639 0.560001 0.0242 6.49522 0.56
0.0242 6.97885 0.56 0.0242 7.49997 0.56 0.0242 8.06147 0.56 0.0242
8.66651 0.56 0.0242 9.31844 0.56 0.0242 10.0209 0.56 0.0242 10.7778
0.56 0.0242 11.5934 0.56 0.0242 12.4722 0.56 0.0242 13.4191 0.56
0.0242 14.4395 0.56 0.0242 15.5389 0.56 0.0242 16.7235 0.56 0.0242
18 0.56 0.0242 3.2144 0.600429 0.0242 3.0021 0.600604 0.0242 3.44323
0.600269 0.0242 3.68996 0.600154 0.0242 3.95594 0.600083 0.0242 4.24262 0.600041
0.0242 4.55158 0.60002 0.0242 4.88451 0.600009 0.0242 5.24327 0.600004 0.0242
5.62984 0.600002 0.0242 6.04639 0.600001 0.0242 6.49522 0.6 0.0242 6.97885
0.6 0.0242 7.49997 0.6 0.0242 8.06147 0.6 0.0242 8.66651 0.6
0.0242 9.31844 0.6 0.0242 10.0209 0.6 0.0242 10.7778 0.6 0.0242
11.5934 0.6 0.0242 12.4722 0.6 0.0242 13.4191 0.6 0.0242 14.4395
0.6 0.0242 15.5389 0.6 0.0242 16.7235 0.6 0.0242 18 0.6
0.0242 3.21427 0.640591 0.0242 3.00198 0.640911 0.0242 3.44314 0.640348 0.0242
3.68991 0.640191 0.0242 3.95591 0.6401 0.0242 4.2426 0.640049 0.0242 4.55157
0.640023 0.0242 4.88451 0.640011 0.0242 5.24327 0.640005 0.0242 5.62984 0.640002
0.0242 6.04639 0.640001 0.0242 6.49522 0.64 0.0242 6.97885 0.64 0.0242
7.49997 0.64 0.0242 8.06147 0.64 0.0242 8.66651 0.64 0.0242 9.31844
0.64 0.0242 10.0209 0.64 0.0242 10.7778 0.64 0.0242 11.5934 0.64
0.0242 12.4722 0.64 0.0242 13.4191 0.64 0.0242 14.4395 0.64 0.0242
15.5389 0.64 0.0242 16.7235 0.64 0.0242 18 0.64 0.0242 3.21408
0.680637 0.0242 3.00169 0.680988 0.0242 3.44302 0.680371 0.0242 3.68984 0.680202
0.0242 3.95587 0.680104 0.0242 4.24258 0.680051 0.0242 4.55156 0.680024 0.0242
4.8845 0.680011 0.0242 5.24327 0.680005 0.0242 5.62984 0.680002 0.0242 6.04639
0.680001 0.0242 6.49522 0.68 0.0242 6.97885 0.68 0.0242 7.49997 0.68
0.0242 8.06147 0.68 0.0242 8.66651 0.68 0.0242 9.31844 0.68 0.0242
10.0209 0.68 0.0242 10.7778 0.68 0.0242 11.5934 0.68 0.0242 12.4722
0.68 0.0242 13.4191 0.68 0.0242 14.4395 0.68 0.0242 15.5389 0.68
0.0242 16.7235 0.68 0.0242 18 0.68 0.0242 3.21385 0.720561 0.0242
3.00134 0.720852 0.0242 3.4429 0.720332 0.0242 3.68977 0.720182 0.0242 3.95583
0.720095 0.0242 4.24256 0.720046 0.0242 4.55155 0.720022 0.0242 4.8845 0.72001
0.0242 5.24326 0.720004 0.0242 5.62984 0.720002 0.0242 6.04639 0.720001 0.0242
6.49522 0.72 0.0242 6.97885 0.72 0.0242 7.49997 0.72 0.0242 8.06147
0.72 0.0242 8.66651 0.72 0.0242 9.31844 0.72 0.0242 10.0209 0.72
0.0242 10.7778 0.72 0.0242 11.5934 0.72 0.0242 12.4722 0.72 0.0242
13.4191 0.72 0.0242 14.4395 0.72 0.0242 15.5389 0.72 0.0242 16.7235
0.72 0.0242 18 0.72 0.0242 3.21366 0.760426 0.0242 3.00104 0.76063
0.0242 3.44278 0.760259 0.0242 3.6897 0.760145 0.0242 3.9558 0.760077 0.0242
4.24255 0.760038 0.0242 4.55154 0.760018 0.0242 4.88449 0.760008 0.0242 5.24326
0.760004 0.0242 5.62984 0.760001 0.0242 6.04639 0.760001 0.0242 6.49522 0.76
0.0242 6.97885 0.76 0.0242 7.49997 0.76 0.0242 8.06147 0.76 0.0242
8.66651 0.76 0.0242 9.31844 0.76 0.0242 10.0209 0.76 0.0242 10.7778
0.76 0.0242 11.5934 0.76 0.0242 12.4722 0.76 0.0242 13.4191 0.76
0.0242 14.4395 0.76 0.0242 15.5389 0.76 0.0242 16.7235 0.76 0.0242
18 0.76 0.0242 3.2135 0.800288 0.0242 3.00081 0.800417 0.0242 3.44268
0.80018 0.0242 3.68965 0.800103 0.0242 3.95577 0.800055 0.0242 4.24253 0.800028
0.0242 4.55153 0.800014 0.0242 4.88449 0.800006 0.0242 5.24326 0.800003 0.0242
5.62984 0.800001 0.0242 6.04639 0.8 0.0242 6.49522 0.8 0.0242 6.97885
0.8 0.0242 7.49997 0.8 0.0242 8.06147 0.8 0.0242 8.66651 0.8
0.0242 9.31844 0.8 0.0242 10.0209 0.8 0.0242 10.7778 0.8 0.0242
11.5934 0.8 0.0242 12.4722 0.8 0.0242 13.4191 0.8 0.0242 14.4395
0.8 0.0242 15.5389 0.8 0.0242 16.7235 0.8 0.0242 18 0.8
0.0242 3.2134 0.840178 0.0242 3.00065 0.840254 0.0242 3.44262 0.840114 0.0242
3.68961 0.840067 0.0242 3.95575 0.840036 0.0242 4.24252 0.840019 0.0242 4.55153
0.840009 0.0242 4.88449 0.840004 0.0242 5.24326 0.840002 0.0242 5.62984 0.840001
0.0242 6.04639 0.84 0.0242 6.49522 0.84 0.0242 6.97885 0.84 0.0242
7.49997 0.84 0.0242 8.06147 0.84 0.0242 8.66651 0.84 0.0242 9.31844
0.84 0.0242 10.0209 0.84 0.0242 10.7778 0.84 0.0242 11.5934 0.84
0.0242 12.4722 0.84 0.0242 13.4191 0.84 0.0242 14.4395 0.84 0.0242
15.5389 0.84 0.0242 16.7235 0.84 0.0242 18 0.84 0.0242 3.21334
0.880102 0.0242 3.00056 0.880144 0.0242 3.44258 0.880067 0.0242 3.68959 0.880039
0.0242 3.95574 0.880022 0.0242 4.24252 0.880012 0.0242 4.55153 0.880006 0.0242
4.88449 0.880003 0.0242 5.24326 0.880001 0.0242 5.62984 0.88 0.0242 6.04639
0.88 0.0242 6.49522 0.88 0.0242 6.97885 0.88 0.0242 7.49997 0.88
0.0242 8.06147 0.88 0.0242 8.66651 0.88 0.0242 9.31844 0.88 0.0242
10.0209 0.88 0.0242 10.7778 0.88 0.0242 11.5934 0.88 0.0242 12.4722
0.88 0.0242 13.4191 0.88 0.0242 14.4395 0.88 0.0242 15.5389 0.88
0.0242 16.7235 0.88 0.0242 18 0.88 0.0242 3.2133 0.920054 0.0242
3.00052 0.920076 0.0242 3.44256 0.920035 0.0242 3.68958 0.920022 0.0242 3.95573
0.920012 0.0242 4.24251 0.920006 0.0242 4.55152 0.920003 0.0242 4.88449 0.920001
0.0242 5.24326 0.920001 0.0242 5.62984 0.92 0.0242 6.04639 0.92 0.0242
6.49522 0.92 0.0242 6.97885 0.92 0.0242 7.49997 0.92 0.0242 8.06147
0.92 0.0242 8.66651 0.92 0.0242 9.31844 0.92 0.0242 10.0209 0.92
0.0242 10.7778 0.92 0.0242 11.5934 0.92 0.0242 12.4722 0.92 0.0242
13.4191 0.92 0.0242 14.4395 0.92 0.0242 15.5389 0.92 0.0242 16.7235
0.92 0.0242 18 0.92 0.0242 3.21329 0.960023 0.0242 3.0005 0.960032
0.0242 3.44255 0.960015 0.0242 3.68957 0.960009 0.0242 3.95573 0.960005 0.0242
4.24251 0.960003 0.0242 4.55152 0.960001 0.0242 4.88449 0.960001 0.0242 5.24326
0.96 0.0242 5.62984 0.96 0.0242 6.04639 0.96 0.0242 6.49522 0.96
0.0242 6.97885 0.96 0.0242 7.49997 0.96 0.0242 8.06147 0.96 0.0242
8.66651 0.96 0.0242 9.31844 0.96 0.0242 10.0209 0.96 0.0242 10.7778
0.96 0.0242 11.5934 0.96 0.0242 12.4722 0.96 0.0242 13.4191 0.96
0.0242 14.4395 0.96 0.0242 15.5389 0.96 0.0242 16.7235 0.96 0.0242
18 0.96 0.0242 3.21328 1 0.0242 3.00049 1 0.0242 3.44255
1 0.0242 3.68957 1 0.0242 3.95573 1 0.0242 4.24251 1
0.0242 4.55152 1 0.0242 4.88449 1 0.0242 5.24326 1 0.0242
5.62984 1 0.0242 6.04639 1 0.0242 6.49522 1 0.0242 6.97885
1 0.0242 7.49997 1 0.0242 8.06147 1 0.0242 8.66651 1
0.0242 9.31844 1 0.0242 10.0209 1 0.0242 10.7778 1 0.0242
11.5934 1 0.0242 12.4722 1 0.0242 13.4191 1 0.0242 14.4395
1 0.0242 15.5389 1 0.0242 16.7235 1 0.0242 18 1
0.0242 2.88191 0.0408616 0.0242 2.84162 0.0410097 0.0242 2.84141 3.41634e-32 0.0242
2.88153 3.80982e-32 0.0242 2.92186 0.0405606 0.0242 2.92151 -1.4414e-32 0.0242 2.96163
0.0403339 0.0242 2.96138 -1.53089e-32 0.0242 2.8828 0.0817722 0.0242 2.86255 0.0821927
0.0242 2.84201 0.0821715 0.0242 2.9226 0.0809635 0.0242 2.9621 0.0805543 0.0242
2.86307 0.102704 0.0242 2.84217 0.102875 0.0242 2.9238 0.121022 0.0242 2.90457
0.121385 0.0242 2.88524 0.122051 0.0242 2.88368 0.102121 0.0242 2.96265 0.120583
0.0242 2.84216 0.124093 0.0242 2.85295 0.124143 0.0242 2.85291 0.134682 0.0242
2.842 0.134673 0.0242 2.90492 0.141095 0.0242 2.8865 0.141396 0.0242 2.886
0.13182 0.0242 2.96281 0.160408 0.0242 2.92371 0.160607 0.0242 2.92411 0.140886
0.0242 2.89393 0.160762 0.0242 2.89378 0.170543 0.0242 2.88379 0.170578 0.0242
2.88404 0.160982 0.0242 2.96272 0.200189 0.0242 2.92329 0.200168 0.0242 2.92349
0.180351 0.0242 2.89356 0.200092 0.0242 2.89355 0.210045 0.0242 2.88366 0.210023
0.0242 2.88367 0.200058 0.0242 2.96268 0.240073 0.0242 2.92319 0.240032 0.0242
2.92326 0.220071 0.0242 2.89353 0.240005 0.0242 2.89353 0.250002 0.0242 2.88366
0.250001 0.0242 2.88366 0.240001 0.0242 2.96266 0.280028 0.0242 2.92318 0.280007
0.0242 2.92322 0.260013 0.0242 2.89353 0.28 0.0242 2.89353 0.29 0.0242
2.88366 0.29 0.0242 2.88366 0.28 0.0242 2.96266 0.320011 0.0242 2.92318
0.320002 0.0242 2.92322 0.300003 0.0242 2.89353 0.32 0.0242 2.89353 0.33
0.0242 2.88366 0.33 0.0242 2.88366 0.32 0.0242 2.96266 0.360007 0.0242
2.92318 0.360001 0.0242 2.92322 0.340001 0.0242 2.89353 0.36 0.0242 2.89353
0.37 0.0242 2.88366 0.37 0.0242 2.88366 0.36 0.0242 2.96266 0.400009
0.0242 2.92318 0.400002 0.0242 2.92322 0.380001 0.0242 2.89353 0.4 0.0242
2.89353 0.41 0.0242 2.88366 0.41 0.0242 2.88366 0.4 0.0242 2.96265
0.440019 0.0242 2.92318 0.440003 0.0242 2.92322 0.420002 0.0242 2.89353 0.44
0.0242 2.89353 0.45 0.0242 2.88366 0.45 0.0242 2.88366 0.44 0.0242
2.96265 0.480048 0.0242 2.92318 0.48001 0.0242 2.92322 0.460005 0.0242 2.89353
0.480001 0.0242 2.89353 0.490001 0.0242 2.88366 0.49 0.0242 2.88366 0.48
0.0242 2.96264 0.520126 0.0242 2.92318 0.520039 0.0242 2.92322 0.500016 0.0242
2.89353 0.520004 0.0242 2.89353 0.530006 0.0242 2.88366 0.530002 0.0242 2.88366
0.520001 0.0242 2.96264 0.560324 0.0242 2.92319 0.560184 0.0242 2.92322 0.540075
0.0242 2.89353 0.560041 0.0242 2.89354 0.570078 0.0242 2.88366 0.570029 0.0242
2.88366 0.560013 0.0242 2.96265 0.600772 0.0242 2.92332 0.600844 0.0242 2.92328
0.580395 0.0242 2.89364 0.600567 0.0242 2.89378 0.611016 0.0242 2.88378 0.610798
0.0242 2.8837 0.600379 0.0242 2.96259 0.641406 0.0242 2.92362 0.642324 0.0242
2.92356 0.621593 0.0242 2.8422 0.644 0.0242 2.85246 0.644 0.0242 2.85276
0.653203 0.0242 2.84225 0.65322 0.0242 2.88631 0.645034 0.0242 2.89517 0.643664
0.0242 2.90449 0.643034 0.0242 2.90399 0.663348 0.0242 2.885 0.664586 0.0242
2.8858 0.655047 0.0242 2.96216 0.681526 0.0242 2.92294 0.682526 0.0242 2.92344
0.662705 0.0242 2.88215 0.722382 0.0242 2.84163 0.722413 0.0242 2.84227 0.683498
0.0242 2.86313 0.683667 0.0242 2.88357 0.683598 0.0242 2.92197 0.721828 0.0242
2.90342 0.683136 0.0242 2.96162 0.721254 0.0242 2.88124 0.761476 0.0242 2.84088
0.761459 0.0242 2.92128 0.761215 0.0242 2.96117 0.760889 0.0242 2.88061 0.800848
0.0242 2.84017 0.800789 0.0242 2.92079 0.800738 0.0242 2.96083 0.800568 0.0242
2.88021 0.840467 0.0242 2.83971 0.840442 0.0242 2.92048 0.840422 0.0242 2.96061
0.840336 0.0242 2.88003 0.880278 0.0242 2.83957 0.880314 0.0242 2.92033 0.880236
0.0242 2.96049 0.880188 0.0242 2.88002 0.920187 0.0242 2.83965 0.920282 0.0242
2.92028 0.920135 0.0242 2.96043 0.9201 0.0242 2.88009 0.960108 0.0242 2.83984
0.960199 0.0242 2.92029 0.960066 0.0242 2.96042 0.960045 0.0242 2.88014 1
0.0242 2.83996 1 0.0242 2.9203 1 0.0242 2.96041 1 0.0242
2.83174 0.123556 0.0242 2.83159 0.133903 0.0242 2.87621 0.132144 0.0242 2.87513
0.122523 0.0242 2.875 0.161097 0.0242 2.875 0.15237 0.0242 2.88489 0.151458
0.0242 2.83287 0.644 0.0242 2.83205 0.653962 0.0242 2.82191 0.683818 0.0242
2.82177 0.664667 0.0242 2.83202 0.664022 0.0242 2.84232 0.663536 0.0242 2.87605
0.655464 0.0242 2.875 0.644 0.0242 2.85286 0.663515 0.0242 2.86375 0.663974
0.0242 2.87492 0.664684 0.0242 2.86399 0.123503 0.0242 2.86426 0.133892 0.0242
2.8527 0.144 0.0242 2.84184 0.144 0.0242 2.86356 0.144 0.0242 2.90393
0.160678 0.0242 2.875 0.170543 0.0242 2.875 0.200031 0.0242 2.875 0.190093
0.0242 2.88368 0.190137 0.0242 2.90361 0.180336 0.0242 2.90376 0.170511 0.0242
2.8936 0.19018 0.0242 2.90347 0.200115 0.0242 2.90353 0.190201 0.0242 2.875
0.210009 0.0242 2.875 0.24 0.0242 2.875 0.23 0.0242 2.88366 0.230003
0.0242 2.90343 0.220034 0.0242 2.90344 0.21006 0.0242 2.89353 0.23001 0.0242
2.90341 0.24001 0.0242 2.90342 0.230016 0.0242 2.875 0.25 0.0242 2.875
0.28 0.0242 2.875 0.27 0.0242 2.88366 0.27 0.0242 2.90341 0.260003
0.0242 2.90342 0.250005 0.0242 2.89353 0.270001 0.0242 2.90341 0.280001 0.0242
2.90341 0.270002 0.0242 2.875 0.29 0.0242 2.875 0.32 0.0242 2.875
0.31 0.0242 2.88366 0.31 0.0242 2.90341 0.3 0.0242 2.90341 0.290001
0.0242 2.89353 0.31 0.0242 2.90341 0.32 0.0242 2.90341 0.31 0.0242
2.875 0.33 0.0242 2.875 0.36 0.0242 2.875 0.35 0.0242 2.88366
0.35 0.0242 2.90341 0.34 0.0242 2.90341 0.33 0.0242 2.89353 0.35
0.0242 2.90341 0.36 0.0242 2.90341 0.35 0.0242 2.875 0.37 0.0242
2.875 0.4 0.0242 2.875 0.39 0.0242 2.88366 0.39 0.0242 2.90341
0.38 0.0242 2.90341 0.37 0.0242 2.89353 0.39 0.0242 2.90341 0.4
0.0242 2.90341 0.39 0.0242 2.875 0.41 0.0242 2.875 0.44 0.0242
2.875 0.43 0.0242 2.88366 0.43 0.0242 2.90341 0.42 0.0242 2.90341
0.41 0.0242 2.89353 0.43 0.0242 2.90341 0.44 0.0242 2.90341 0.43
0.0242 2.875 0.45 0.0242 2.875 0.48 0.0242 2.875 0.47 0.0242
2.88366 0.47 0.0242 2.90341 0.460001 0.0242 2.90341 0.45 0.0242 2.89353
0.47 0.0242 2.90341 0.480001 0.0242 2.90341 0.470001 0.0242 2.875 0.49
0.0242 2.875 0.52 0.0242 2.875 0.51 0.0242 2.88366 0.51 0.0242
2.90341 0.500003 0.0242 2.90341 0.490002 0.0242 2.89353 0.510002 0.0242 2.90341
0.520009 0.0242 2.90341 0.510004 0.0242 2.875 0.53 0.0242 2.875 0.560001
0.0242 2.875 0.55 0.0242 2.88366 0.550006 0.0242 2.90341 0.540024 0.0242
2.90341 0.530012 0.0242 2.89353 0.550021 0.0242 2.90341 0.560072 0.0242 2.90342
0.550037 0.0242 2.875 0.570005 0.0242 2.875 0.600241 0.0242 2.875 0.590081
0.0242 2.88368 0.590167 0.0242 2.90345 0.580228 0.0242 2.90343 0.570122 0.0242
2.89358 0.590299 0.0242 2.90356 0.600685 0.0242 2.90349 0.590393 0.0242 2.875
0.610603 0.0242 2.875 0.631874 0.0242 2.88478 0.632809 0.0242 2.90393 0.62172
0.0242 2.90371 0.61112 0.0242 2.89456 0.63266 0.0242 2.90426 0.632454 0.0242
2.86288 0.644 0.0242 2.86385 0.653914 0.0242 2.82134 0.132201 0.0242 2.82156
0.122626 0.0242 2.83211 0.144 0.0242 2.824 0.144 0.0242 2.875 0.144
0.0242 2.82152 0.655589 0.0242 2.824 0.644 0.0242 2.56107 0.0420281 0.0242
2.56099 2.84017e-33 0.0242 2.60177 0.0413896 0.0242 2.60135 8.98016e-33 0.0242 2.6417
0.0407904 0.0242 2.6414 1.3476e-32 0.0242 2.68149 0.0404776 0.0242 2.68131 8.03266e-33
0.0242 2.72137 0.0403905 0.0242 2.72124 -1.02006e-32 0.0242 2.76136 0.0405109 0.0242
2.76123 -3.05444e-32 0.0242 2.80142 0.0407768 0.0242 2.80128 -1.84157e-32 0.0242 2.56108
0.0842972 0.0242 2.54069 0.0842621 0.0242 2.60277 0.082422 0.0242 2.58185 0.0839891
0.0242 2.64226 0.0811948 0.0242 2.62266 0.0816608 0.0242 2.68174 0.0806927 0.0242
2.72162 0.0805991 0.0242 2.76166 0.0808311 0.0242 2.80164 0.0815142 0.0242 2.82172
0.0819453 0.0242 2.58188 0.104885 0.0242 2.57128 0.105172 0.0242 2.56089 0.105208
0.0242 2.62307 0.101393 0.0242 2.61352 0.101598 0.0242 2.60387 0.102086 0.0242
2.68178 0.120582 0.0242 2.6419 0.120829 0.0242 2.64238 0.101112 0.0242 2.72193
0.120557 0.0242 2.76223 0.120781 0.0242 2.80179 0.101742 0.0242 2.80209 0.121563
0.0242 2.78231 0.121045 0.0242 2.82176 0.102259 0.0242 2.61195 0.12121 0.0242
2.61113 0.130787 0.0242 2.602 0.130842 0.0242 2.602 0.1221 0.0242 2.68167
0.160353 0.0242 2.6411 0.160254 0.0242 2.64134 0.140488 0.0242 2.72235 0.160367
0.0242 2.76269 0.140633 0.0242 2.76321 0.160411 0.0242 2.78281 0.140764 0.0242
2.81226 0.140973 0.0242 2.80282 0.140897 0.0242 2.61074 0.1601 0.0242 2.61073
0.170045 0.0242 2.602 0.17002 0.0242 2.602 0.160061 0.0242 2.68178 0.200362
0.0242 2.64105 0.200319 0.0242 2.64098 0.180184 0.0242 2.72275 0.200234 0.0242
2.76375 0.180235 0.0242 2.76393 0.200132 0.0242 2.78369 0.160434 0.0242 2.78424
0.180204 0.0242 2.824 0.160362 0.0242 2.824 0.17011 0.0242 2.8151 0.170171
0.0242 2.81482 0.160374 0.0242 2.61073 0.200084 0.0242 2.61073 0.210202 0.0242
2.602 0.210122 0.0242 2.602 0.200038 0.0242 2.6821 0.240672 0.0242 2.64163
0.241535 0.0242 2.64116 0.220741 0.0242 2.72302 0.240172 0.0242 2.76417 0.220062
0.0242 2.76416 0.240035 0.0242 2.78447 0.200091 0.0242 2.7846 0.220039 0.0242
2.81524 0.210008 0.0242 2.81523 0.200016 0.0242 2.824 0.200008 0.0242 2.824
0.210004 0.0242 2.6111 0.241778 0.0242 2.61192 0.253024 0.0242 2.602 0.252195
0.0242 2.602 0.241567 0.0242 2.68239 0.280539 0.0242 2.64237 0.282324 0.0242
2.6423 0.262567 0.0242 2.7232 0.279842 0.0242 2.7643 0.25999 0.0242 2.76424
0.279938 0.0242 2.78464 0.240015 0.0242 2.78468 0.259995 0.0242 2.81524 0.25
0.0242 2.81524 0.240001 0.0242 2.824 0.24 0.0242 2.824 0.25 0.0242
2.57102 0.282855 0.0242 2.58144 0.283144 0.0242 2.58141 0.302448 0.0242 2.56092
0.302046 0.0242 2.56078 0.282665 0.0242 2.61297 0.284146 0.0242 2.62281 0.283618
0.0242 2.62219 0.302323 0.0242 2.60203 0.302734 0.0242 2.60283 0.284318 0.0242
2.68226 0.31891 0.0242 2.6418 0.320336 0.0242 2.64211 0.301676 0.0242 2.72331
0.318725 0.0242 2.76435 0.29987 0.0242 2.7643 0.319689 0.0242 2.78468 0.279973
0.0242 2.7847 0.299941 0.0242 2.81524 0.289999 0.0242 2.81524 0.279999 0.0242
2.824 0.28 0.0242 2.824 0.29 0.0242 2.56058 0.357802 0.0242 2.54053
0.357955 0.0242 2.5407 0.321182 0.0242 2.56091 0.321161 0.0242 2.60072 0.35754
0.0242 2.5806 0.357363 0.0242 2.58129 0.32168 0.0242 2.60158 0.321392 0.0242
2.64095 0.357277 0.0242 2.62073 0.357177 0.0242 2.62184 0.321346 0.0242 2.68194
0.356848 0.0242 2.66124 0.356926 0.0242 2.7237 0.356716 0.0242 2.70291 0.356441
0.0242 2.76442 0.339595 0.0242 2.7644 0.359143 0.0242 2.78471 0.319884 0.0242
2.78474 0.339822 0.0242 2.81525 0.329997 0.0242 2.81524 0.319998 0.0242 2.824
0.32 0.0242 2.824 0.33 0.0242 2.58053 0.376759 0.0242 2.57053 0.376775
0.0242 2.56052 0.376894 0.0242 2.62058 0.3767 0.0242 2.61056 0.376697 0.0242
2.60055 0.376746 0.0242 2.66093 0.376585 0.0242 2.65076 0.376624 0.0242 2.64068
0.376683 0.0242 2.70319 0.375771 0.0242 2.68152 0.37641 0.0242 2.7646 0.379073
0.0242 2.76475 0.398331 0.0242 2.74515 0.396439 0.0242 2.72616 0.394021 0.0242
2.72442 0.375443 0.0242 2.78476 0.3597 0.0242 2.78481 0.379617 0.0242 2.81525
0.369994 0.0242 2.81525 0.359994 0.0242 2.824 0.36 0.0242 2.824 0.37
0.0242 2.57052 0.396366 0.0242 2.57051 0.405 0.0242 2.56051 0.405 0.0242
2.56051 0.39638 0.0242 2.61053 0.396355 0.0242 2.61052 0.405 0.0242 2.60052
0.405 0.0242 2.60052 0.396357 0.0242 2.6506 0.396343 0.0242 2.65055 0.405
0.0242 2.64053 0.405 0.0242 2.64056 0.396349 0.0242 2.69216 0.395968 0.0242
2.69186 0.405 0.0242 2.68118 0.405 0.0242 2.68133 0.396237 0.0242 2.74464
0.417551 0.0242 2.72489 0.416598 0.0242 2.72661 0.403823 0.0242 2.78485 0.399462
0.0242 2.7848 0.41953 0.0242 2.76456 0.418633 0.0242 2.81525 0.409991 0.0242
2.81525 0.399989 0.0242 2.824 0.4 0.0242 2.824 0.41 0.0242 2.73375
0.43923 0.0242 2.73368 0.449513 0.0242 2.72371 0.44956 0.0242 2.72377 0.43907
0.0242 2.76425 0.439265 0.0242 2.78471 0.439709 0.0242 2.78464 0.459859 0.0242
2.76407 0.459693 0.0242 2.81525 0.449996 0.0242 2.81524 0.439994 0.0242 2.824
0.44 0.0242 2.824 0.45 0.0242 2.7336 0.479943 0.0242 2.7336 0.48998
0.0242 2.72368 0.489989 0.0242 2.72368 0.47997 0.0242 2.76399 0.479898 0.0242
2.78461 0.479948 0.0242 2.7846 0.500001 0.0242 2.76398 0.5 0.0242 2.81524
0.49 0.0242 2.81524 0.479999 0.0242 2.824 0.48 0.0242 2.824 0.49
0.0242 2.73365 0.520045 0.0242 2.73372 0.530091 0.0242 2.72372 0.53003 0.0242
2.7237 0.52001 0.0242 2.76403 0.520085 0.0242 2.78462 0.520048 0.0242 2.78465
0.540117 0.0242 2.76416 0.540219 0.0242 2.81524 0.530002 0.0242 2.81524 0.520002
0.0242 2.824 0.52 0.0242 2.824 0.53 0.0242 2.72484 0.560673 0.0242
2.73446 0.560531 0.0242 2.74433 0.560522 0.0242 2.74486 0.580999 0.0242 2.72617
0.581703 0.0242 2.7266 0.571937 0.0242 2.76436 0.56044 0.0242 2.78469 0.560239
0.0242 2.78465 0.580465 0.0242 2.76447 0.580707 0.0242 2.81524 0.570042 0.0242
2.81524 0.560018 0.0242 2.824 0.560002 0.0242 2.824 0.570011 0.0242 2.56051
0.639627 0.0242 2.54051 0.598938 0.0242 2.56051 0.5989 0.0242 2.60061 0.639632
0.0242 2.58052 0.598819 0.0242 2.60055 0.598854 0.0242 2.6409 0.639721 0.0242
2.62058 0.598813 0.0242 2.64071 0.598888 0.0242 2.68165 0.640047 0.0242 2.66105
0.598926 0.0242 2.68191 0.599252 0.0242 2.72276 0.640894 0.0242 2.70348 0.600008
0.0242 2.72448 0.600887 0.0242 2.76365 0.621474 0.0242 2.763 0.641852 0.0242
2.74445 0.600931 0.0242 2.76419 0.600956 0.0242 2.78444 0.600919 0.0242 2.78394
0.621758 0.0242 2.81512 0.611189 0.0242 2.8152 0.600588 0.0242 2.824 0.600442
0.0242 2.824 0.611036 0.0242 2.5604 0.680612 0.0242 2.60054 0.680796 0.0242
2.64075 0.68082 0.0242 2.68109 0.68078 0.0242 2.72154 0.681073 0.0242 2.7618
0.681915 0.0242 2.80217 0.663968 0.0242 2.80186 0.683363 0.0242 2.78318 0.642641
0.0242 2.8029 0.644154 0.0242 2.81228 0.645363 0.0242 2.56009 0.721667 0.0242
2.53997 0.721218 0.0242 2.60041 0.722138 0.0242 2.58026 0.722095 0.0242 2.64054
0.722027 0.0242 2.62049 0.722253 0.0242 2.68056 0.721326 0.0242 2.66054 0.721832
0.0242 2.72058 0.720828 0.0242 2.7005 0.720945 0.0242 2.76086 0.721292 0.0242
2.80122 0.722084 0.0242 2.58023 0.742527 0.0242 2.55989 0.742163 0.0242 2.62049
0.742656 0.0242 2.60041 0.74264 0.0242 2.66052 0.742206 0.0242 2.64052 0.742523
0.0242 2.70038 0.740818 0.0242 2.68048 0.741517 0.0242 2.75992 0.760627 0.0242
2.71993 0.760281 0.0242 2.72027 0.740589 0.0242 2.80036 0.761123 0.0242 2.55966
0.762877 0.0242 2.57003 0.763067 0.0242 2.5701 0.77321 0.0242 2.55968 0.773124
0.0242 2.60047 0.763153 0.0242 2.6105 0.763176 0.0242 2.61051 0.773252 0.0242
2.60049 0.773249 0.0242 2.64053 0.763102 0.0242 2.65054 0.763049 0.0242 2.65054
0.773202 0.0242 2.64053 0.773231 0.0242 2.68046 0.761751 0.0242 2.69045 0.76076
0.0242 2.69055 0.770249 0.0242 2.68043 0.771978 0.0242 2.75874 0.800253 0.0242
2.71782 0.799896 0.0242 2.71926 0.779859 0.0242 2.79951 0.800565 0.0242 2.75809
0.840202 0.0242 2.71701 0.840015 0.0242 2.71714 0.819946 0.0242 2.799 0.84035
0.0242 2.75803 0.880361 0.0242 2.717 0.88022 0.0242 2.71689 0.860066 0.0242
2.79891 0.88035 0.0242 2.75855 0.920816 0.0242 2.71778 0.921397 0.0242 2.71712
0.900601 0.0242 2.79916 0.920467 0.0242 2.75947 0.960908 0.0242 2.71977 0.962027
0.0242 2.7192 0.942501 0.0242 2.79959 0.960413 0.0242 2.57013 0.960752 0.0242
2.58032 0.9607 0.0242 2.58026 0.980459 0.0242 2.55997 0.980547 0.0242 2.55981
0.960847 0.0242 2.6105 0.960686 0.0242 2.6205 0.960682 0.0242 2.62046 0.980444
0.0242 2.60041 0.980434 0.0242 2.60048 0.960677 0.0242 2.65041 0.960805 0.0242
2.66033 0.960949 0.0242 2.66037 0.980684 0.0242 2.64044 0.980504 0.0242 2.64046
0.960727 0.0242 2.69028 0.962752 0.0242 2.70018 0.962797 0.0242 2.70019 0.98134
0.0242 2.68028 0.981079 0.0242 2.68019 0.961908 0.0242 2.75984 1 0.0242
2.72011 1 0.0242 2.72004 0.981196 0.0242 2.79983 1 0.0242 2.61358
0.111278 0.0242 2.602 0.114 0.0242 2.62205 0.121046 0.0242 2.62291 0.111215
0.0242 2.80375 0.150684 0.0242 2.81397 0.150732 0.0242 2.80444 0.160418 0.0242
2.62283 0.263889 0.0242 2.622 0.252852 0.0242 2.62133 0.24182 0.0242 2.60356
0.275325 0.0242 2.61331 0.274679 0.0242 2.62298 0.273997 0.0242 2.715 0.405
0.0242 2.71623 0.393421 0.0242 2.715 0.439195 0.0242 2.715 0.428385 0.0242
2.72403 0.428119 0.0242 2.715 0.57 0.0242 2.715 0.559732 0.0242 2.68164
0.578812 0.0242 2.69259 0.579059 0.0242 2.70403 0.579941 0.0242 2.71638 0.581755
0.0242 2.54904 0.77285 0.0242 2.54913 0.76253 0.0242 2.69986 0.779565 0.0242
2.70023 0.770025 0.0242 2.70031 0.760389 0.0242 2.69711 0.799814 0.0242 2.69798
0.789784 0.0242 2.54933 0.961101 0.0242 2.54929 0.951018 0.0242 2.55986 0.950793
0.0242 2.69984 0.943735 0.0242 2.69797 0.932327 0.0242 2.6971 0.921426 0.0242
2.68006 0.951905 0.0242 2.69042 0.953524 0.0242 2.70015 0.953375 0.0242 2.55067
0.10522 0.0242 2.54057 0.105123 0.0242 2.59267 0.104004 0.0242 2.62104 0.140474
0.0242 2.62138 0.130758 0.0242 2.61077 0.150219 0.0242 2.602 0.150164 0.0242
2.62081 0.160144 0.0242 2.62087 0.150266 0.0242 2.62076 0.18006 0.0242 2.62077
0.170076 0.0242 2.61072 0.190037 0.0242 2.602 0.190011 0.0242 2.62077 0.200144
0.0242 2.62075 0.190073 0.0242 2.824 0.180043 0.0242 2.824 0.190017 0.0242
2.81522 0.190035 0.0242 2.81519 0.180078 0.0242 2.62085 0.22058 0.0242 2.62078
0.210287 0.0242 2.61084 0.230955 0.0242 2.602 0.230804 0.0242 2.62098 0.231069
0.0242 2.824 0.220002 0.0242 2.824 0.230001 0.0242 2.81524 0.230002 0.0242
2.81524 0.220004 0.0242 2.55064 0.28257 0.0242 2.55058 0.272667 0.0242 2.56069
0.272712 0.0242 2.5709 0.2728 0.0242 2.59208 0.283738 0.0242 2.59204 0.273826
0.0242 2.61355 0.265066 0.0242 2.602 0.264 0.0242 2.824 0.26 0.0242
2.824 0.27 0.0242 2.81524 0.27 0.0242 2.81524 0.26 0.0242 2.54067
0.301726 0.0242 2.54057 0.282388 0.0242 2.824 0.3 0.0242 2.824 0.31
0.0242 2.81525 0.309998 0.0242 2.81524 0.299999 0.0242 2.824 0.34 0.0242
2.824 0.35 0.0242 2.81525 0.349996 0.0242 2.81524 0.339996 0.0242 2.55052
0.376993 0.0242 2.54051 0.377297 0.0242 2.55051 0.396407 0.0242 2.55051 0.386708
0.0242 2.56052 0.386624 0.0242 2.59054 0.376719 0.0242 2.57052 0.386572 0.0242
2.59052 0.396358 0.0242 2.59053 0.38654 0.0242 2.60053 0.386541 0.0242 2.63061
0.376672 0.0242 2.61054 0.386529 0.0242 2.63054 0.396352 0.0242 2.63057 0.386516
0.0242 2.64061 0.386511 0.0242 2.67117 0.376497 0.0242 2.65068 0.386487 0.0242
2.67091 0.396306 0.0242 2.67103 0.386405 0.0242 2.6813 0.386345 0.0242 2.70362
0.395144 0.0242 2.824 0.38 0.0242 2.824 0.39 0.0242 2.81525 0.389992
0.0242 2.81525 0.379992 0.0242 2.55051 0.405 0.0242 2.59052 0.405 0.0242
2.63053 0.405 0.0242 2.67079 0.405 0.0242 2.7026 0.405 0.0242 2.74384
0.439153 0.0242 2.824 0.42 0.0242 2.824 0.43 0.0242 2.81525 0.429993
0.0242 2.81525 0.41999 0.0242 2.715 0.449666 0.0242 2.715 0.479989 0.0242
2.715 0.469961 0.0242 2.72368 0.469923 0.0242 2.74365 0.459696 0.0242 2.74369
0.449461 0.0242 2.73361 0.469873 0.0242 2.74359 0.479923 0.0242 2.74359 0.46984
0.0242 2.824 0.46 0.0242 2.824 0.47 0.0242 2.81524 0.469998 0.0242
2.81524 0.459997 0.0242 2.715 0.489996 0.0242 2.715 0.519992 0.0242 2.715
0.509995 0.0242 2.72368 0.510002 0.0242 2.74359 0.500004 0.0242 2.74356 0.489972
0.0242 2.73362 0.510019 0.0242 2.74365 0.520071 0.0242 2.74359 0.510033 0.0242
2.824 0.5 0.0242 2.824 0.51 0.0242 2.81524 0.510001 0.0242 2.81524
0.5 0.0242 2.715 0.529994 0.0242 2.715 0.550044 0.0242 2.72405 0.550249
0.0242 2.74387 0.540226 0.0242 2.74372 0.530131 0.0242 2.7341 0.550326 0.0242
2.74408 0.550365 0.0242 2.824 0.54 0.0242 2.824 0.55 0.0242 2.81524
0.550008 0.0242 2.81524 0.540004 0.0242 2.54051 0.578746 0.0242 2.55051 0.578725
0.0242 2.56051 0.578723 0.0242 2.57051 0.578716 0.0242 2.58052 0.578717 0.0242
2.59052 0.578715 0.0242 2.60052 0.578718 0.0242 2.61052 0.578715 0.0242 2.62053
0.578717 0.0242 2.63054 0.578715 0.0242 2.64056 0.57872 0.0242 2.65061 0.578717
0.0242 2.66076 0.578726 0.0242 2.67105 0.578737 0.0242 2.68148 0.57 0.0242
2.69236 0.57 0.0242 2.70314 0.57 0.0242 2.824 0.580048 0.0242 2.824
0.590159 0.0242 2.81523 0.59026 0.0242 2.81524 0.580108 0.0242 2.824 0.632726
0.0242 2.814 0.633449 0.0242 2.53954 0.741437 0.0242 2.5386 0.761757 0.0242
2.52697 0.770248 0.0242 2.52818 0.760739 0.0242 2.5382 0.771989 0.0242 2.53876
0.782 0.0242 2.528 0.782 0.0242 2.59045 0.773247 0.0242 2.5904 0.763161
0.0242 2.63053 0.773245 0.0242 2.63052 0.763157 0.0242 2.67051 0.772834 0.0242
2.67051 0.762503 0.0242 2.69675 0.819933 0.0242 2.69682 0.809872 0.0242 2.69673
0.839992 0.0242 2.69673 0.829972 0.0242 2.69672 0.860008 0.0242 2.69672 0.85
0.0242 2.69673 0.880064 0.0242 2.69672 0.870021 0.0242 2.69675 0.900382 0.0242
2.69673 0.89016 0.0242 2.69681 0.910783 0.0242 2.5702 0.950731 0.0242 2.59043
0.960692 0.0242 2.59046 0.950705 0.0242 2.6005 0.950702 0.0242 2.61051 0.950703
0.0242 2.63049 0.960704 0.0242 2.6305 0.95071 0.0242 2.64048 0.950721 0.0242
2.65042 0.950752 0.0242 2.67023 0.961295 0.0242 2.67017 0.951101 0.0242 2.688
0.931526 0.0242 2.688 0.921276 0.0242 2.688 0.942 0.0242 2.53962 0.980724
0.0242 2.5388 0.96152 0.0242 2.56009 1 0.0242 2.53996 1 0.0242
2.58027 1 0.0242 2.60039 1 0.0242 2.62044 1 0.0242 2.64043
1 0.0242 2.66039 1 0.0242 2.68031 1 0.0242 2.70023 1
0.0242 2.824 0.151469 0.0242 2.715 0.417583 0.0242 2.55977 0.782 0.0242
2.54912 0.782 0.0242 2.688 0.79986 0.0242 2.688 0.790511 0.0242 2.688
0.782 0.0242 2.54943 0.942 0.0242 2.55995 0.942 0.0242 2.53847 0.951723
0.0242 2.53916 0.942 0.0242 2.67916 0.942 0.0242 2.89367 0.18033 0.0242
2.88371 0.180298 0.0242 2.89354 0.220021 0.0242 2.88366 0.220009 0.0242 2.89353
0.260001 0.0242 2.88366 0.26 0.0242 2.89353 0.3 0.0242 2.88366 0.3
0.0242 2.89353 0.34 0.0242 2.88366 0.34 0.0242 2.89353 0.38 0.0242
2.88366 0.38 0.0242 2.89353 0.42 0.0242 2.88366 0.42 0.0242 2.89353
0.46 0.0242 2.88366 0.46 0.0242 2.89353 0.500001 0.0242 2.88366 0.5
0.0242 2.89353 0.540011 0.0242 2.88366 0.540003 0.0242 2.89355 0.580155 0.0242
2.88367 0.58007 0.0242 2.89405 0.621709 0.0242 2.88402 0.621547 0.0242 2.875
0.180243 0.0242 2.875 0.220002 0.0242 2.875 0.26 0.0242 2.875 0.3
0.0242 2.875 0.34 0.0242 2.875 0.38 0.0242 2.875 0.42 0.0242
2.875 0.46 0.0242 2.875 0.5 0.0242 2.875 0.54 0.0242 2.875
0.580022 0.0242 2.875 0.621233 0.0242 2.61086 0.14044 0.0242 2.602 0.140383
0.0242 2.61073 0.180028 0.0242 2.602 0.180007 0.0242 2.80484 0.170226 0.0242
2.80498 0.180118 0.0242 2.80509 0.190058 0.0242 2.8051 0.200031 0.0242 2.61076
0.220462 0.0242 2.602 0.220338 0.0242 2.80514 0.210015 0.0242 2.80512 0.220008
0.0242 2.80515 0.230004 0.0242 2.80513 0.240002 0.0242 2.80516 0.250001 0.0242
2.80514 0.26 0.0242 2.80516 0.269999 0.0242 2.80514 0.279998 0.0242 2.80516
0.289997 0.0242 2.80514 0.299994 0.0242 2.80516 0.309994 0.0242 2.80514 0.319988
0.0242 2.80516 0.32999 0.0242 2.80514 0.339982 0.0242 2.80517 0.349983 0.0242
2.80515 0.35997 0.0242 2.80517 0.369976 0.0242 2.80515 0.37996 0.0242 2.80517
0.389967 0.0242 2.80516 0.399947 0.0242 2.58052 0.396361 0.0242 2.58052 0.405
0.0242 2.62053 0.396354 0.0242 2.62052 0.405 0.0242 2.6607 0.396331 0.0242
2.66062 0.405 0.0242 2.80517 0.409965 0.0242 2.80515 0.419953 0.0242 2.80517
0.429973 0.0242 2.80514 0.43997 0.0242 2.73364 0.459739 0.0242 2.72369 0.459808
0.0242 2.80516 0.449984 0.0242 2.80514 0.459985 0.0242 2.80516 0.469993 0.0242
2.80513 0.479994 0.0242 2.7336 0.500001 0.0242 2.72368 0.499998 0.0242 2.80516
0.489999 0.0242 2.80513 0.500001 0.0242 2.80516 0.510003 0.0242 2.80513 0.520007
0.0242 2.73385 0.540175 0.0242 2.7238 0.54009 0.0242 2.80516 0.530008 0.0242
2.80513 0.540017 0.0242 2.80516 0.550023 0.0242 2.80513 0.560049 0.0242 2.56051
0.57 0.0242 2.57051 0.57 0.0242 2.58052 0.57 0.0242 2.60052 0.57
0.0242 2.61052 0.57 0.0242 2.62052 0.57 0.0242 2.64054 0.57 0.0242
2.65057 0.57 0.0242 2.66068 0.57 0.0242 2.80515 0.570086 0.0242 2.80512
0.580189 0.0242 2.80512 0.590366 0.0242 2.80503 0.600724 0.0242 2.8049 0.611299
0.0242 2.80451 0.622131 0.0242 2.80382 0.633196 0.0242 2.824 0.62197 0.0242
2.81485 0.622137 0.0242 2.58027 0.763112 0.0242 2.62052 0.763152 0.0242 2.66053
0.762854 0.0242 2.58033 0.773235 0.0242 2.5702 0.782 0.0242 2.5804 0.782
0.0242 2.62052 0.773248 0.0242 2.61052 0.782 0.0242 2.60051 0.782 0.0242
2.62052 0.782 0.0242 2.66054 0.773112 0.0242 2.65055 0.782 0.0242 2.64053
0.782 0.0242 2.66056 0.782 0.0242 2.67968 0.782 0.0242 2.688 0.809869
0.0242 2.688 0.819942 0.0242 2.688 0.85 0.0242 2.688 0.839996 0.0242
2.688 0.860002 0.0242 2.688 0.890106 0.0242 2.688 0.880032 0.0242 2.688
0.900295 0.0242 2.56081 0.114 0.0242 2.55062 0.114 0.0242 2.54054 0.114
0.0242 2.57119 0.114 0.0242 2.58175 0.114 0.0242 2.59191 0.114 0.0242
2.55054 0.264 0.0242 2.56061 0.264 0.0242 2.54054 0.272606 0.0242 2.54052
0.264 0.0242 2.57078 0.264 0.0242 2.5813 0.273052 0.0242 2.58104 0.264
0.0242 2.59109 0.264 0.0242 2.54051 0.396476 0.0242 2.54051 0.386906 0.0242
2.58052 0.386553 0.0242 2.62055 0.386526 0.0242 2.66082 0.386456 0.0242 2.54051
0.405 0.0242 2.715 0.45988 0.0242 2.715 0.499997 0.0242 2.715 0.54002
0.0242 2.55051 0.57 0.0242 2.54051 0.57 0.0242 2.59052 0.57 0.0242
2.63053 0.57 0.0242 2.67093 0.57 0.0242 2.59048 0.782 0.0242 2.63053
0.782 0.0242 2.67047 0.782 0.0242 2.688 0.82998 0.0242 2.688 0.870008
0.0242 2.688 0.91069 0.0242 2.57028 0.942 0.0242 2.58038 0.950711 0.0242
2.58043 0.942 0.0242 2.59049 0.942 0.0242 2.60051 0.942 0.0242 2.61052
0.942 0.0242 2.62051 0.950704 0.0242 2.62052 0.942 0.0242 2.63051 0.942
0.0242 2.64049 0.942 0.0242 2.65044 0.942 0.0242 2.66032 0.950835 0.0242
2.66033 0.942 0.0242 2.67006 0.942 0.0242 2.53052 0.104995 0.0242 2.53053
0.282178 0.0242 2.53051 0.377714 0.0242 2.53051 0.396609 0.0242 2.53051 0.405
0.0242 2.5205 0.405 0.0242 2.5205 0.396778 0.0242 2.528 0.800361 0.0242
2.528 0.810157 0.0242 2.528 0.84001 0.0242 2.528 0.850003 0.0242 2.528
0.880018 0.0242 2.528 0.890061 0.0242 2.528 0.920826 0.0242 2.528 0.931011
0.0242 2.52829 0.96199 0.0242 2.528 0.791143 0.0242 2.52705 0.953089 0.0242
2.52051 0.272388 0.0242 2.53052 0.272513 0.0242 2.5205 0.387633 0.0242 2.53051
0.387242 0.0242 2.53051 0.578768 0.0242 2.528 0.830028 0.0242 2.528 0.870005
0.0242 2.528 0.910425 0.0242 2.528 0.942 0.0242 2.53051 0.57 0.0242
2.528 0.820072 0.0242 2.528 0.860002 0.0242 2.528 0.900174 0.0242 2.5205
0.114 0.0242 2.53051 0.114 0.0242 2.52051 0.264 0.0242 2.53051 0.264
0.0242 
POLYGONS 5248 27328
4 0 1 2 3 4 4 0 3 5 4
6 4 5 7 4 8 6 7 9 4
10 8 9 11 4 12 10 11 13 4
14 12 13 15 4 16 14 15 17 4
18 16 17 19 4 20 18 19 21 4
22 20 21 23 4 24 22 23 25 4
26 24 25 27 4 28 26 27 29 4
30 28 29 31 4 32 30 31 33 4
34 32 33 35 4 36 34 35 37 4
38 36 37 39 5 40 41 38 39 42
4 43 40 42 44 4 45 46 47 48
4 49 50 51 52 4 53 54 55 56
4 57 58 1 0 4 59 57 0 4
4 60 59 4 6 4 61 60 6 8
4 62 61 8 10 4 63 62 10 12
4 64 63 12 14 4 65 64 14 16
4 66 65 16 18 4 67 66 18 20
4 68 67 20 22 4 69 68 22 24
4 70 69 24 26 4 71 70 26 28
4 72 71 28 30 4 73 72 30 32
4 74 73 32 34 4 75 74 34 36
4 76 75 36 38 5 77 78 76 38
41 5 77 41 79 80 81 4 82 83
84 85 4 86 87 88 89 4 90 91
92 93 4 94 95 58 57 4 96 94
57 59 4 97 96 59 60 4 98 97
60 61 4 99 98 61 62 4 100 99
62 63 4 101 100 63 64 4 102 101
64 65 4 103 102 65 66 4 104 103
66 67 4 105 104 67 68 4 106 105
68 69 4 107 106 69 70 4 108 107
70 71 4 109 108 71 72 4 110 109
72 73 4 111 110 73 74 4 112 111
74 75 4 113 112 75 76 5 114 115
113 76 78 5 116 117 118 114 78 4
119 120 95 94 4 121 119 94 96 4
122 121 96 97 4 123 122 97 98 4
124 123 98 99 4 125 124 99 100 4
126 125 100 101 4 127 126 101 102 4
128 127 102 103 4 129 128 103 104 4
130 129 104 105 4 131 130 105 106 4
132 131 106 107 4 133 132 107 108 4
134 133 108 109 4 135 134 109 110 4
136 135 110 111 4 137 136 111 112 4
138 137 112 113 5 139 140 138 113 115
4 141 139 115 142 4 143 144 145 146
4 147 148 149 150 4 151 152 153 154
4 155 156 157 158 4 159 160 120 119
4 161 159 119 121 4 162 161 121 122
4 163 162 122 123 4 164 163 123 124
4 165 164 124 125 4 166 165 125 126
4 167 166 126 127 4 168 167 127 128
4 169 168 128 129 4 170 169 129 130
4 171 170 130 131 4 172 171 131 132
4 173 172 132 133 4 174 173 133 134
4 175 174 134 135 4 176 175 135 136
4 177 176 136 137 4 178 177 137 138
4 179 178 138 140 5 180 179 140 181
182 5 183 180 182 184 185 7 186 187
188 183 185 189 190 4 191 192 186 190
5 193 194 195 196 197 4 198 199 160
159 4 200 198 159 161 4 201 200 161
162 4 202 201 162 163 4 203 202 163
164 4 204 203 164 165 4 205 204 165
166 4 206 205 166 167 4 207 206 167
168 4 208 207 168 169 4 209 208 169
170 4 210 209 170 171 4 211 210 171
172 4 212 211 172 173 4 213 212 173
174 4 214 213 174 175 4 215 214 175
176 4 216 215 176 177 4 217 216 177
178 4 218 217 178 179 4 219 218 179
180 5 220 221 219 180 183 4 222 220
183 188 6 223 224 225 226 227 187 4
228 229 193 197 4 230 231 199 198 4
232 230 198 200 4 233 232 200 201 4
234 233 201 202 4 235 234 202 203 4
236 235 203 204 4 237 236 204 205 4
238 237 205 206 4 239 238 206 207 4
240 239 207 208 4 241 240 208 209 4
242 241 209 210 4 243 242 210 211 4
244 243 211 212 4 245 244 212 213 4
246 245 213 214 4 247 246 214 215 4
248 247 215 216 4 249 248 216 217 4
250 249 217 218 4 251 250 218 219 5
252 253 251 219 221 4 254 255 252 221
4 256 257 258 259 4 260 261 231 230
4 262 260 230 232 4 263 262 232 233
4 264 263 233 234 4 265 264 234 235
4 266 265 235 236 4 267 266 236 237
4 268 267 237 238 4 269 268 238 239
4 270 269 239 240 4 271 270 240 241
4 272 271 241 242 4 273 272 242 243
4 274 273 243 244 4 275 274 244 245
4 276 275 245 246 4 277 276 246 247
4 278 277 247 248 4 279 278 248 249
4 280 279 249 250 4 281 280 250 251
5 282 283 281 251 253 4 284 285 282
253 4 286 287 288 289 4 290 291 261
260 4 292 290 260 262 4 293 292 262
263 4 294 293 263 264 4 295 294 264
265 4 296 295 265 266 4 297 296 266
267 4 298 297 267 268 4 299 298 268
269 4 300 299 269 270 4 301 300 270
271 4 302 301 271 272 4 303 302 272
273 4 304 303 273 274 4 305 304 274
275 4 306 305 275 276 4 307 306 276
277 4 308 307 277 278 4 309 308 278
279 4 310 309 279 280 4 311 310 280
281 5 312 313 311 281 283 4 314 315
312 283 4 316 317 318 319 4 320 321
291 290 4 322 320 290 292 4 323 322
292 293 4 324 323 293 294 4 325 324
294 295 4 326 325 295 296 4 327 326
296 297 4 328 327 297 298 4 329 328
298 299 4 330 329 299 300 4 331 330
300 301 4 332 331 301 302 4 333 332
302 303 4 334 333 303 304 4 335 334
304 305 4 336 335 305 306 4 337 336
306 307 4 338 337 307 308 4 339 338
308 309 4 340 339 309 310 4 341 340
310 311 5 342 343 341 311 313 4 344
345 342 313 4 346 347 348 349 4 350
351 321 320 4 352 350 320 322 4 353
352 322 323 4 354 353 323 324 4 355
354 324 325 4 356 355 325 326 4 357
356 326 327 4 358 357 327 328 4 359
358 328 329 4 360 359 329 330 4 361
360 330 331 4 362 361 331 332 4 363
362 332 333 4 364 363 333 334 4 365
364 334 335 4 366 365 335 336 4 367
366 336 337 4 368 367 337 338 4 369
368 338 339 4 370 369 339 340 4 371
370 340 341 5 372 373 371 341 343 4
374 375 372 343 4 376 377 378 379 4
380 381 351 350 4 382 380 350 352 4
383 382 352 353 4 384 383 353 354 4
385 384 354 355 4 386 385 355 356 4
387 386 356 357 4 388 387 357 358 4
389 388 358 359 4 390 389 359 360 4
391 390 360 361 4 392 391 361 362 4
393 392 362 363 4 394 393 363 364 4
395 394 364 365 4 396 395 365 366 4
397 396 366 367 4 398 397 367 368 4
399 398 368 369 4 400 399 369 370 4
401 400 370 371 5 402 403 401 371 373
4 404 405 402 373 4 406 407 408 409
4 410 411 381 380 4 412 410 380 382
4 413 412 382 383 4 414 413 383 384
4 415 414 384 385 4 416 415 385 386
4 417 416 386 387 4 418 417 387 388
4 419 418 388 389 4 420 419 389 390
4 421 420 390 391 4 422 421 391 392
4 423 422 392 393 4 424 423 393 394
4 425 424 394 395 4 426 425 395 396
4 427 426 396 397 4 428 427 397 398
4 429 428 398 399 4 430 429 399 400
4 431 430 400 401 4 432 431 401 403
7 433 434 435 432 403 436 437 4 438
439 433 437 4 440 441 411 410 4 442
440 410 412 4 443 442 412 413 4 444
443 413 414 4 445 444 414 415 4 446
445 415 416 4 447 446 416 417 4 448
447 417 418 4 449 448 418 419 4 450
449 419 420 4 451 450 420 421 4 452
451 421 422 4 453 452 422 423 4 454
453 423 424 4 455 454 424 425 4 456
455 425 426 4 457 456 426 427 4 458
457 427 428 4 459 458 428 429 4 460
459 429 430 4 461 460 430 431 6 462
463 464 461 431 432 4 465 462 432 435
4 466 467 468 434 5 469 470 471 472
473 4 474 475 441 440 4 476 474 440
442 4 477 476 442 443 4 478 477 443
444 4 479 478 444 445 4 480 479 445
446 4 481 480 446 447 4 482 481 447
448 4 483 482 448 449 4 484 483 449
450 4 485 484 450 451 4 486 485 451
452 4 487 486 452 453 4 488 487 453
454 4 489 488 454 455 4 490 489 455
456 4 491 490 456 457 4 492 491 457
458 4 493 492 458 459 4 494 493 459
460 5 495 496 494 460 461 4 497 495
461 464 4 498 499 500 463 4 501 502
503 504 4 505 506 507 508 4 509 510
475 474 4 511 509 474 476 4 512 511
476 477 4 513 512 477 478 4 514 513
478 479 4 515 514 479 480 4 516 515
480 481 4 517 516 481 482 4 518 517
482 483 4 519 518 483 484 4 520 519
484 485 4 521 520 485 486 4 522 521
486 487 4 523 522 487 488 4 524 523
488 489 4 525 524 489 490 4 526 525
490 491 4 527 526 491 492 4 528 527
492 493 4 529 528 493 494 5 530 531
529 494 496 4 532 533 530 496 4 534
535 536 537 4 538 539 510 509 4 540
538 509 511 4 541 540 511 512 4 542
541 512 513 4 543 542 513 514 4 544
543 514 515 4 545 544 515 516 4 546
545 516 517 4 547 546 517 518 4 548
547 518 519 4 549 548 519 520 4 550
549 520 521 4 551 550 521 522 4 552
551 522 523 4 553 552 523 524 4 554
553 524 525 4 555 554 525 526 4 556
555 526 527 4 557 556 527 528 4 558
557 528 529 5 559 560 558 529 531 4
561 562 559 531 4 563 564 565 566 4
567 568 539 538 4 569 567 538 540 4
570 569 540 541 4 571 570 541 542 4
572 571 542 543 4 573 572 543 544 4
574 573 544 545 4 575 574 545 546 4
576 575 546 547 4 577 576 547 548 4
578 577 548 549 4 579 578 549 550 4
580 579 550 551 4 581 580 551 552 4
582 581 552 553 4 583 582 553 554 4
584 583 554 555 4 585 584 555 556 4
586 585 556 557 4 587 586 557 558 5
588 589 587 558 560 4 590 591 588 560
4 592 593 594 595 4 596 597 568 567
4 598 596 567 569 4 599 598 569 570
4 600 599 570 571 4 601 600 571 572
4 602 601 572 573 4 603 602 573 574
4 604 603 574 575 4 605 604 575 576
4 606 605 576 577 4 607 606 577 578
4 608 607 578 579 4 609 608 579 580
4 610 609 580 581 4 611 610 581 582
4 612 611 582 583 4 613 612 583 584
4 614 613 584 585 4 615 614 585 586
4 616 615 586 587 4 617 616 587 589
6 618 619 617 589 620 621 4 622 623
618 621 5 624 625 626 627 628 4 629
630 597 596 4 631 629 596 598 4 632
631 598 599 4 633 632 599 600 4 634
633 600 601 4 635 634 601 602 4 636
635 602 603 4 637 636 603 604 4 638
637 604 605 4 639 638 605 606 4 640
639 606 607 4 641 640 607 608 4 642
641 608 609 4 643 642 609 610 4 644
643 610 611 4 645 644 611 612 4 646
645 612 613 4 647 646 613 614 4 648
647 614 615 4 649 648 615 616 4 650
649 616 617 4 651 650 617 619 6 652
653 651 619 654 655 6 656 657 652 655
658 659 6 660 661 656 659 662 663 4
664 665 630 629 4 666 664 629 631 4
667 666 631 632 4 668 667 632 633 4
669 668 633 634 4 670 669 634 635 4
671 670 635 636 4 672 671 636 637 4
673 672 637 638 4 674 673 638 639 4
675 674 639 640 4 676 675 640 641 4
677 676 641 642 4 678 677 642 643 4
679 678 643 644 4 680 679 644 645 4
681 680 645 646 4 682 681 646 647 4
683 682 647 648 4 684 683 648 649 4
685 684 649 650 6 686 687 688 685 650
651 4 689 686 651 653 4 652 657 690
691 4 692 693 665 664 4 694 692 664
666 4 695 694 666 667 4 696 695 667
668 4 697 696 668 669 4 698 697 669
670 4 699 698 670 671 4 700 699 671
672 4 701 700 672 673 4 702 701 673
674 4 703 702 674 675 4 704 703 675
676 4 705 704 676 677 4 706 705 677
678 4 707 706 678 679 4 708 707 679
680 4 709 708 680 681 4 710 709 681
682 4 711 710 682 683 4 712 711 683
684 5 713 714 712 684 685 4 715 713
685 688 4 716 717 718 687 4 719 720
721 722 4 723 724 693 692 4 725 723
692 694 4 726 725 694 695 4 727 726
695 696 4 728 727 696 697 4 729 728
697 698 4 730 729 698 699 4 731 730
699 700 4 732 731 700 701 4 733 732
701 702 4 734 733 702 703 4 735 734
703 704 4 736 735 704 705 4 737 736
705 706 4 738 737 706 707 4 739 738
707 708 4 740 739 708 709 4 741 740
709 710 4 742 741 710 711 4 743 742
711 712 5 744 745 743 712 714 4 746
747 744 714 4 748 749 750 751 4 752
753 724 723 4 754 752 723 725 4 755
754 725 726 4 756 755 726 727 4 757
756 727 728 4 758 757 728 729 4 759
758 729 730 4 760 759 730 731 4 761
760 731 732 4 762 761 732 733 4 763
762 733 734 4 764 763 734 735 4 765
764 735 736 4 766 765 736 737 4 767
766 737 738 4 768 767 738 739 4 769
768 739 740 4 770 769 740 741 4 771
770 741 742 4 772 771 742 743 5 773
774 772 743 745 4 775 776 773 745 4
777 778 779 780 4 781 782 753 752 4
783 781 752 754 4 784 783 754 755 4
785 784 755 756 4 786 785 756 757 4
787 786 757 758 4 788 787 758 759 4
789 788 759 760 4 790 789 760 761 4
791 790 761 762 4 792 791 762 763 4
793 792 763 764 4 794 793 764 765 4
795 794 765 766 4 796 795 766 767 4
797 796 767 768 4 798 797 768 769 4
799 798 769 770 4 800 799 770 771 4
801 800 771 772 4 802 801 772 774 6
803 804 802 774 805 806 5 807 808 809
803 806 5 810 811 812 813 814 4 815
816 817 818 4 82 85 819 820 5 116
78 77 81 821 4 822 823 824 825 6
141 142 826 143 146 827 4 181 140 139
141 4 182 181 141 827 4 828 829 830
831 4 832 833 256 259 6 834 835 836
837 438 437 4 838 839 840 841 4 501
504 842 843 4 844 845 534 537 4 505
508 846 847 4 848 849 563 566 6 850
851 852 853 622 621 4 628 854 855 856
4 857 624 628 856 4 858 859 860 861
4 858 861 862 863 4 719 722 864 865
4 866 867 748 751 4 868 869 807 806
4 814 870 871 872 4 155 158 873 874
5 197 196 875 876 877 4 228 197 877
878 5 879 880 881 469 473 5 882 883
884 885 886 6 887 888 889 890 891 892
6 893 894 660 663 895 887 5 893 887
892 896 897 4 893 897 898 899 4 900
901 815 818 5 902 903 904 905 906 4
907 908 909 910 4 911 912 913 914 4
915 911 914 916 4 917 918 919 920 4
921 917 920 922 4 923 924 925 882 4
926 923 882 886 4 889 927 928 929 4
930 931 592 595 4 43 44 45 48 4
79 41 40 43 5 82 820 79 43 48
4 47 46 49 52 5 932 83 82 48
47 5 89 933 932 47 52 4 51 50
53 56 5 934 86 89 52 51 5 93
935 934 51 56 4 55 54 936 937 5
938 90 93 56 55 5 939 940 938 55
937 4 941 942 943 944 5 941 944 945
946 947 4 937 936 942 941 5 939 937
941 947 948 4 933 89 88 949 4 935
93 92 950 4 951 952 940 939 4 953
954 946 945 4 955 951 939 948 4 822
825 956 957 5 142 115 114 118 958 4
959 960 143 826 4 961 147 150 962 5
184 182 827 963 964 5 185 184 964 965
966 4 967 151 154 968 5 189 185 966
969 970 5 190 189 970 971 972 4 973
974 975 976 5 191 190 972 977 978 5
979 191 978 980 981 5 982 983 984 985
986 4 987 973 976 988 5 979 981 989
982 986 4 192 191 979 990 4 223 187
186 192 5 828 831 223 192 990 4 986
985 196 195 4 990 979 986 195 5 828
990 195 194 991 4 222 188 187 227 4
254 221 220 222 5 254 222 227 832 259
4 992 829 828 991 5 255 254 259 258
993 4 284 253 252 255 5 289 284 255
993 994 4 995 286 289 994 5 285 284
289 288 996 4 314 283 282 285 5 319
314 285 996 997 4 998 316 319 997 5
315 314 319 318 999 4 344 313 312 315
5 349 344 315 999 1000 4 1001 346 349
1000 5 345 344 349 348 1002 4 374 343
342 345 5 379 374 345 1002 1003 4 1004
376 379 1003 5 375 374 379 378 1005 4
404 373 372 375 5 409 404 375 1005 1006
4 1007 406 409 1006 5 405 404 409 408
834 4 436 403 402 405 4 436 405 834
437 4 407 406 1008 1009 4 835 834 408
407 4 836 835 407 1009 4 1010 1011 1012
1013 4 838 841 1014 1015 5 439 438 839
838 1016 4 466 434 433 439 4 466 439
1016 1017 4 465 435 434 468 5 1018 498
463 462 465 5 501 843 1018 465 468 4
467 466 1017 1019 5 1020 502 501 468 467
5 505 847 1020 467 1019 4 1021 1022 473
472 4 1019 1017 1021 472 5 506 505 1019
472 471 5 497 464 463 500 1023 4 532
496 495 497 5 532 497 1023 844 537 4
499 498 1018 1024 4 1025 1023 500 499 4
1025 499 1024 1026 4 1027 503 502 1020 4
1028 507 506 471 5 533 532 537 536 1029
4 561 531 530 533 5 561 533 1029 848
566 4 535 534 1030 1031 4 1032 1029 536
535 4 1032 535 1031 1033 5 562 561 566
565 1034 4 590 560 559 562 5 590 562
1034 930 595 4 564 563 1035 1036 4 1037
1034 565 564 4 1037 564 1036 1038 5 591
590 595 594 850 4 620 589 588 591 4
620 591 850 621 4 593 592 1039 1040 4
851 850 594 593 4 852 851 593 1040 5
623 622 854 628 627 4 654 619 618 623
4 655 654 623 627 5 626 625 859 858
1041 4 658 655 627 626 4 659 658 626
1041 5 1042 1043 1044 1045 1046 4 1042 1046
663 662 5 1041 858 863 1043 1042 4 659
1041 1042 662 4 689 653 652 691 5 1047
716 687 686 689 5 719 865 1047 689 691
4 690 657 656 1048 5 1049 720 719 691
690 5 1050 1051 1049 690 1048 4 1052 661
660 1053 5 1052 1053 1054 1055 1056 4 1048
656 661 1052 5 1050 1048 1052 1056 1057 5
715 688 687 718 1058 4 746 714 713 715
5 746 715 1058 866 751 4 1059 1060 1051
1050 4 1061 1062 1055 1054 4 1063 1059 1050
1057 5 747 746 751 750 1064 4 775 745
744 747 5 780 775 747 1064 1065 4 1066
777 780 1065 5 776 775 780 779 1067 4
805 774 773 776 5 868 806 805 776 1067
4 778 777 1068 1069 4 1070 1067 779 778
4 1070 778 1069 1071 4 810 814 872 1072
4 1073 1074 1075 1076 4 1077 1078 1079 1080
4 1073 1076 1081 1082 5 809 808 870 814
813 4 1083 804 803 809 4 1084 1083 809
813 5 812 811 1074 1073 1085 4 1086 1084
813 812 4 1087 1086 812 1085 5 1088 1077
1080 818 817 5 1085 1073 1082 1088 817 4
1087 1085 817 816 4 80 79 820 819 4
819 85 1089 1090 4 81 80 819 1090 4
1090 1089 824 823 4 823 822 116 821 4
81 1090 823 821 4 224 223 831 830 4
830 829 1091 1092 4 225 224 830 1092 4
833 832 227 226 4 1093 1094 256 833 4
1093 833 226 225 4 1095 1096 841 840 4
840 839 438 837 4 1095 840 837 836 4
1024 1018 843 842 4 845 844 1023 1025 4
1097 1030 534 845 4 1097 845 1025 1026 4
1027 1020 847 846 4 470 469 1098 1099 4
1028 471 470 1099 4 849 848 1029 1032 4
1100 1035 563 849 4 1100 849 1032 1033 4
1101 1102 856 855 4 855 854 622 853 4
1101 855 853 852 4 857 856 1102 1103 4
1104 625 624 857 4 1104 857 1103 1105 4
1106 1107 861 860 4 860 859 625 1104 4
1106 860 1104 1105 4 862 861 1107 1108 4
1109 1043 863 862 4 1109 862 1108 1110 4
1111 1112 1113 1114 4 1111 1114 1045 1044 4
1111 1044 1043 1109 4 1112 1111 1109 1110 4
1047 865 864 1115 4 867 866 1058 1116 4
1117 1118 748 867 4 1119 1117 867 1116 4
1120 871 870 808 4 944 943 1121 1122 5
1123 1124 945 944 1122 4 1122 1121 1125 1126
5 1127 1128 1123 1122 1126 4 953 945 1124
1129 5 1130 985 984 1131 1132 4 1133 1134
1135 1136 5 1130 1132 1137 1138 1139 4 875
196 985 1130 4 875 1130 1139 1140 5 1141
876 875 1140 1142 4 1143 1144 1141 1142 4
1010 1013 1145 1146 4 1147 1148 1149 1150 4
879 473 1022 1151 4 879 1151 1152 1153 5
880 879 1153 907 910 4 1154 1098 469 881
4 1155 1154 881 880 4 884 883 1156 1157
5 890 889 929 885 884 4 891 890 884
1157 5 1046 1045 1158 1159 1160 4 895 663
1046 1160 5 1160 1159 927 889 888 4 887
895 1160 888 4 1053 660 894 1161 5 1162
1163 1054 1053 1161 4 1161 894 893 899 5
1164 1165 1162 1161 899 4 898 897 896 1166
5 1167 1168 1164 899 898 5 1169 1170 1167
898 1166 4 1171 1061 1054 1163 4 1172 1173
1165 1164 4 1080 1079 1174 1175 4 1176 1177
1178 905 4 1179 1180 902 906 4 1181 1182
1183 1184 5 900 818 1080 1175 1185 5 900
1185 1176 905 904 4 1186 901 900 904 5
903 902 1181 1184 1187 4 1188 1186 904 903
4 1189 1188 903 1187 4 1155 880 910 909
4 1190 909 908 1191 4 913 912 1190 1191
4 1192 915 916 1193 4 919 918 1192 1193
4 1194 921 922 1195 4 925 924 1194 1195
4 1196 926 886 885 4 1114 1113 1197 1198
4 1158 1045 1114 1198 4 1199 1159 1158 1198
4 1199 1198 1197 1200 4 931 930 1034 1037
4 1201 1039 592 931 4 1201 931 1037 1038
4 1202 1126 1125 1203 4 1204 1205 1206 1207
4 1208 1209 1210 1211 4 1212 1213 1214 1215
4 1216 1217 1218 1219 4 1220 1221 1222 1223
4 1224 1225 1226 1227 4 1133 1136 1228 1229
4 1230 1231 1232 1233 4 1234 1235 1236 1237
4 1238 1239 1240 1241 4 1242 1243 1140 1139
4 1244 1245 1246 1247 4 1248 1249 1250 1251
4 1252 1253 1254 1255 4 1256 1257 1143 1142
4 1258 1259 1260 1261 4 1262 1263 1264 1265
4 1266 1267 1268 1269 5 1270 1271 1272 1273
1274 5 1275 1276 1277 1278 1279 7 1280 1281
907 1153 1152 1282 1283 5 1284 1280 1283 1285
1286 5 1284 1286 1287 1288 1289 5 1290 1191
908 907 1281 5 1291 1292 1293 1280 1284 4
1291 1284 1289 1294 5 1295 1296 1193 916 914
5 1297 1298 1299 1292 1291 4 1297 1291 1294
1300 5 1301 1302 1195 922 920 5 1303 1156
1304 1298 1297 4 1303 1297 1300 1305 5 1306
891 1157 1156 1303 4 1306 1303 1305 1307 4
1308 892 891 1306 4 1308 1306 1307 1309 5
1310 1311 896 892 1308 5 1310 1308 1309 1312
1313 4 1314 1166 896 1311 4 1310 1313 1315
1316 4 1312 1317 1318 1319 4 1320 1321 1322
1323 4 1324 1325 1326 1327 5 1328 1329 1330
1187 1184 5 1331 1332 1333 1334 1335 5 1336
1337 1338 1339 1340 4 1341 1342 1336 1340 4
1202 1203 1204 1207 5 1343 1344 1127 1126 1202
5 1219 1345 1343 1202 1207 4 1206 1205 1208
1211 5 1346 1216 1219 1207 1206 5 1223 1347
1346 1206 1211 4 1210 1209 1212 1215 5 1348
1220 1223 1211 1210 5 1227 1349 1348 1210 1215
5 1224 1227 1215 1214 1350 4 1343 1345 1351
1352 4 1347 1223 1222 1353 4 1349 1227 1226
1354 4 1355 1356 1357 1358 5 1242 1139 1138
1359 1355 5 1247 1242 1355 1358 1360 4 1361
1234 1237 1362 5 1244 1247 1360 1363 1364 5
1251 1244 1364 1365 1366 4 1367 1238 1241 1368
5 1248 1251 1366 1369 1370 5 1255 1248 1370
1371 1372 5 1373 1374 1252 1255 1372 4 1243
1242 1247 1246 5 1375 1256 1142 1140 1243 5
1261 1376 1375 1243 1246 4 1245 1244 1251 1250
5 1377 1258 1261 1246 1245 5 1265 1378 1377
1245 1250 4 1249 1248 1255 1254 5 1379 1262
1265 1250 1249 5 1269 1380 1379 1249 1254 5
1266 1269 1254 1253 1381 4 1375 1376 1382 1383
4 1378 1265 1264 1384 4 1380 1269 1268 1385
4 1147 1150 1386 1387 4 1388 1389 1390 1391
4 1392 1393 1270 1274 4 1279 1394 1395 1396
4 1397 1275 1279 1396 4 1398 1399 1400 1401
4 1402 1403 1398 1401 4 1290 1281 1280 1293
5 1295 914 913 1191 1290 4 1295 1290 1293
1292 4 1296 1295 1292 1299 5 1301 920 919
1193 1296 4 1301 1296 1299 1298 4 1302 1301
1298 1304 5 883 882 925 1195 1302 4 883
1302 1304 1156 4 1314 1311 1310 1316 5 1404
1405 1169 1166 1314 5 1323 1406 1404 1314 1316
4 1315 1313 1312 1319 5 1407 1320 1323 1316
1315 5 1327 1408 1407 1315 1319 5 1409 1324
1327 1319 1318 4 1406 1323 1322 1410 4 1408
1327 1326 1411 4 1328 1184 1183 1412 4 1335
1413 1414 1415 4 1331 1335 1415 1416 4 1417
1418 1341 1340 5 1330 1329 1413 1335 1334 4
1419 1189 1187 1330 4 1420 1419 1330 1334 5
1333 1332 1417 1340 1339 4 1421 1420 1334 1333
4 1422 1421 1333 1339 4 1423 1422 1339 1338
4 1337 1336 1342 1424 4 84 83 932 1425
4 1426 1089 85 84 4 1427 1426 84 1425
4 87 86 934 1428 4 1429 1430 88 87
4 1431 1429 87 1428 4 91 90 938 1432
4 1433 1434 92 91 4 1435 1433 91 1432
4 145 144 1436 1437 4 963 827 146 145
4 964 963 145 1437 4 149 148 1438 1439
4 969 966 150 149 4 970 969 149 1439
4 153 152 1440 1441 4 977 972 154 153
4 978 977 153 1441 4 156 155 984 983
4 1442 1443 157 156 4 1442 156 983 982
4 229 228 1444 1445 4 1446 194 193 229
4 1446 229 1445 1447 4 257 256 1094 1448
4 1449 993 258 257 4 1449 257 1448 1450
4 287 286 1451 1452 4 1453 996 288 287
4 1453 287 1452 1454 4 317 316 1455 1456
4 1457 999 318 317 4 1457 317 1456 1458
4 347 346 1459 1460 4 1461 1002 348 347
4 1461 347 1460 1462 4 377 376 1463 1464
4 1465 1005 378 377 4 1465 377 1464 1466
4 1467 1022 1021 1468 5 1469 1011 1010 1467
1468 5 1016 838 1015 1469 1468 4 1016 1468
1021 1017 4 717 716 1047 1115 4 1116 1058
718 717 4 1119 1116 717 1115 4 1470 721
720 1049 4 749 748 1118 1471 4 1472 1064
750 749 4 1472 749 1471 1473 4 869 868
1067 1070 4 1120 808 807 869 4 1120 869
1070 1071 4 1131 984 155 874 4 874 873
1474 1475 4 1132 1131 874 1475 4 1476 1444
228 878 4 878 877 876 1477 4 1478 1476
878 1477 5 1479 1480 1148 1147 1481 4 1479
1481 1152 1151 4 1479 1151 1022 1467 5 1480
1479 1467 1010 1146 4 1168 1167 1482 1483 4
1172 1164 1168 1483 4 1196 885 929 928 4
928 927 1159 1199 4 1196 928 1199 1200 4
1425 932 933 949 4 949 88 1430 1484 4
1427 1425 949 1484 4 1428 934 935 950 4
950 92 1434 1485 4 1431 1428 950 1485 4
1432 938 940 952 4 952 951 1486 1487 4
1435 1432 952 1487 4 954 953 1488 1489 4
1490 947 946 954 4 1490 954 1489 1491 4
955 948 947 1490 4 1492 1486 951 955 4
1492 955 1490 1491 4 117 116 822 957 4
957 956 1493 1494 4 118 117 957 1494 4
959 826 142 958 4 1494 1493 960 959 4
118 1494 959 958 4 1437 1436 961 962 4
962 150 966 965 4 964 1437 962 965 4
1439 1438 967 968 4 968 154 972 971 4
970 1439 968 971 4 1441 1440 975 974 4
974 973 981 980 4 978 1441 974 980 4
987 988 1443 1442 4 989 981 973 987 4
989 987 1442 982 4 992 991 194 1446 4
1495 1091 829 992 4 1495 992 1446 1447 4
995 994 993 1449 4 1496 1451 286 995 4
1496 995 1449 1450 4 998 997 996 1453 4
1497 1455 316 998 4 1497 998 1453 1454 4
1001 1000 999 1457 4 1498 1459 346 1001 4
1498 1001 1457 1458 4 1004 1003 1002 1461 4
1499 1463 376 1004 4 1499 1004 1461 1462 4
1007 1006 1005 1465 4 1500 1008 406 1007 4
1500 1007 1465 1466 4 1501 1502 1013 1012 4
1012 1011 1469 1503 4 1504 1501 1012 1503 4
1014 841 1096 1505 4 1503 1469 1015 1014 4
1504 1503 1014 1505 4 1470 1049 1051 1060 4
1056 1055 1062 1506 4 1063 1057 1056 1506 4
1066 1065 1064 1472 4 1507 1068 777 1066 4
1507 1066 1472 1473 4 811 810 1072 1508 4
1075 1074 811 1508 4 1509 1078 1077 1088 4
1509 1088 1082 1081 4 1510 1488 953 1129 4
1129 1124 1123 1511 4 1512 1510 1129 1511 4
1513 1128 1127 1514 4 1513 1514 1515 1516 4
1511 1123 1128 1513 4 1512 1511 1513 1516 4
1134 1133 1138 1137 4 1475 1474 1135 1134 4
1132 1475 1134 1137 4 1144 1143 1517 1518 4
1477 876 1141 1144 4 1478 1477 1144 1518 4
1145 1013 1502 1519 4 1520 1480 1146 1145 4
1520 1145 1519 1521 4 1522 1523 1150 1149 4
1149 1148 1480 1520 4 1522 1149 1520 1521 4
1524 1171 1163 1162 4 1524 1162 1165 1173 4
1170 1169 1525 1526 4 1482 1167 1170 1526 4
1185 1175 1174 1527 4 1177 1176 1185 1527 4
1179 906 905 1178 4 1182 1181 902 1180 4
1514 1127 1344 1528 4 1529 1515 1514 1528 4
1528 1344 1343 1352 4 1530 1529 1528 1352 4
1217 1216 1346 1531 4 1532 1533 1218 1217 4
1534 1532 1217 1531 4 1221 1220 1348 1535 4
1536 1537 1222 1221 4 1538 1536 1221 1535 4
1225 1224 1350 1539 4 1540 1541 1226 1225 4
1542 1540 1225 1539 4 1229 1356 1355 1359 4
1229 1359 1138 1133 4 1356 1229 1228 1543 4
1230 1233 1544 1545 4 1363 1360 1231 1230 4
1364 1363 1230 1545 4 1236 1235 1546 1547 4
1369 1366 1237 1236 4 1370 1369 1236 1547 4
1240 1239 1548 1549 4 1373 1372 1241 1240 4
1374 1373 1240 1549 4 1550 1517 1143 1257 4
1257 1256 1375 1383 4 1551 1550 1257 1383 4
1259 1258 1377 1552 4 1553 1554 1260 1259 4
1555 1553 1259 1552 4 1263 1262 1379 1556 4
1557 1558 1264 1263 4 1559 1557 1263 1556 4
1267 1266 1381 1560 4 1561 1562 1268 1267 4
1563 1561 1267 1560 5 1481 1147 1387 1388 1564
4 1282 1152 1481 1564 5 1564 1388 1391 1274
1273 4 1283 1282 1564 1273 5 1272 1271 1394
1279 1278 4 1285 1283 1273 1272 4 1286 1285
1272 1278 5 1277 1276 1399 1398 1565 4 1287
1286 1278 1277 4 1288 1287 1277 1565 4 1566
1525 1169 1405 4 1567 1566 1405 1404 4 1568
1321 1320 1407 4 1569 1530 1352 1351 4 1351
1345 1219 1218 4 1569 1351 1218 1533 4 1531
1346 1347 1353 4 1353 1222 1537 1570 4 1534
1531 1353 1570 4 1535 1348 1349 1354 4 1354
1226 1541 1571 4 1538 1535 1354 1571 4 1357
1356 1543 1572 4 1357 1572 1232 1231 4 1357
1231 1360 1358 4 1545 1544 1361 1362 4 1362
1237 1366 1365 4 1364 1545 1362 1365 4 1547
1546 1367 1368 4 1368 1241 1372 1371 4 1370
1547 1368 1371 4 1573 1551 1383 1382 4 1382
1376 1261 1260 4 1573 1382 1260 1554 4 1552
1377 1378 1384 4 1384 1264 1558 1574 4 1555
1552 1384 1574 4 1556 1379 1380 1385 4 1385
1268 1562 1575 4 1559 1556 1385 1575 4 1386
1150 1523 1576 4 1389 1388 1387 1386 4 1389
1386 1576 1577 4 1390 1389 1577 1578 4 1392
1274 1391 1390 4 1392 1390 1578 1579 4 1393
1392 1579 1580 4 1581 1271 1270 1393 4 1581
1393 1580 1582 4 1583 1584 1396 1395 4 1395
1394 1271 1581 4 1583 1395 1581 1582 4 1397
1396 1584 1585 4 1586 1276 1275 1397 4 1586
1397 1585 1587 4 1588 1589 1401 1400 4 1400
1399 1276 1586 4 1588 1400 1586 1587 4 1402
1401 1589 1590 4 1591 1592 1403 1402 4 1591
1402 1590 1593 4 1567 1404 1406 1410 4 1568
1407 1408 1411 4 1329 1328 1412 1594 4 1414
1413 1329 1594 4 1332 1331 1416 1595 4 1418
1417 1332 1595 5 1596 1565 1398 1403 1592 5
1289 1288 1597 1598 1599 4 1294 1289 1599 1600
4 1300 1294 1600 1601 4 1305 1300 1601 1602
4 1307 1305 1602 1603 4 1309 1307 1603 1604
5 1317 1312 1309 1604 1605 4 1606 1607 1608
1609 4 1610 1611 1612 1613 4 1214 1213 1614
1615 5 1350 1214 1615 1616 1617 5 1252 1374
1618 1619 1620 4 1253 1252 1620 1621 5 1622
1381 1253 1621 1623 4 1622 1623 1624 1625 4
1626 1627 1628 1629 4 1318 1317 1605 1630 5
1409 1318 1630 1606 1609 4 1631 1325 1324 1409
5 1338 1337 1610 1613 1632 4 1633 1423 1338
1632 4 1631 1409 1609 1608 4 1611 1610 1337
1424 5 1596 1592 1626 1629 1634 4 1597 1288
1565 1596 4 1598 1597 1596 1634 4 1539 1350
1617 1635 4 1636 1542 1539 1635 4 1549 1548
1637 1638 4 1618 1374 1549 1638 4 1560 1381
1622 1625 4 1625 1624 1639 1640 4 1563 1560
1625 1640 4 1641 1642 1628 1627 4 1627 1626
1592 1591 4 1641 1627 1591 1593 4 1615 1614
1643 1644 4 1645 1646 1647 1616 4 1648 1649
1650 1651 4 1652 1653 1621 1620 4 1654 1655
1624 1623 5 1656 1657 1658 1634 1629 4 1630
1605 1659 1660 4 1661 1662 1607 1606 4 1663
1664 1665 1666 4 1667 1668 1669 1670 5 1671
1672 1673 1632 1613 5 1674 1645 1616 1615 1644
4 1635 1617 1616 1647 4 1638 1637 1648 1651
5 1675 1676 1652 1620 1619 5 1677 1654 1623
1621 1653 4 1678 1656 1629 1628 4 1679 1663
1666 1680 4 1681 1667 1670 1682 4 1683 1671
1613 1612 4 1647 1646 1684 1685 4 1651 1650
1675 1619 4 1686 1639 1624 1655 4 1598 1634
1658 1687 5 1661 1606 1630 1660 1688 4 1689
1690 1607 1662 4 1662 1661 1688 1691 4 1689
1662 1691 1692 4 1693 1694 1665 1664 4 1664
1663 1695 1696 4 1693 1664 1696 1697 4 1698
1699 1669 1668 4 1668 1667 1700 1701 4 1698
1668 1701 1702 4 1703 1633 1632 1673 4 1636
1635 1647 1685 4 1618 1638 1651 1619 4 1678
1628 1642 1704 4 1705 1657 1656 1678 4 1705
1678 1704 1706 4 1679 1680 1690 1689 4 1707
1695 1663 1679 4 1707 1679 1689 1692 4 1681
1682 1694 1693 4 1708 1700 1667 1681 4 1708
1681 1693 1697 4 1683 1612 1699 1698 4 1709
1672 1671 1683 4 1709 1683 1698 1702 4 1710
1711 1712 1713 6 1714 1715 1716 1717 1718 1719
4 1720 1714 1719 1721 4 1722 1720 1721 1723
4 1724 1722 1723 1725 5 1726 1727 1724 1725
1728 5 1729 1730 1726 1728 1731 5 1732 1733
1729 1731 1734 5 1735 1736 1732 1734 1737 5
1738 1739 1735 1737 1740 5 1741 1742 1738 1740
1743 5 1741 1743 1744 1745 1746 4 1747 1748
1749 1750 4 1716 1715 1751 1752 5 1753 1754
1755 1714 1720 4 1756 1753 1720 1722 6 1757
1758 1759 1756 1722 1724 4 1760 1757 1724 1727
4 1726 1730 1761 1762 4 1729 1733 1763 1764
4 1732 1736 1765 1766 4 1735 1739 1767 1768
4 1738 1742 1769 1770 4 1741 1746 1771 1772
5 1773 1774 1775 1776 1777 5 1778 1779 1780
1754 1753 5 1781 1782 1778 1753 1756 4 1783
1781 1756 1759 4 1784 1785 1786 1758 4 1787
1788 1789 1790 4 1791 1792 1793 1794 4 1795
1796 1797 1798 4 1799 1800 1801 1802 4 1803
1804 1805 1806 4 1807 1808 1809 1810 4 1811
1812 1813 1814 4 1815 1816 1817 1818 5 1819
1820 1821 1822 1823 5 1824 1825 1826 1779 1778
5 1827 1828 1824 1778 1782 5 1829 1830 1831
1827 1782 4 1832 1833 1834 1835 4 1836 1837
1838 1839 7 1840 1841 1842 1843 1844 1845 1825
4 1846 1840 1825 1824 5 1847 1848 1846 1824
1828 5 1849 1850 1851 1847 1828 4 1852 1853
1854 1855 4 1856 1857 1858 1859 4 1842 1841
1860 1861 5 1862 1863 1864 1840 1846 5 1865
1866 1862 1846 1848 5 1867 1868 1869 1865 1848
4 1870 1871 1872 1873 5 1874 1875 1876 1877
1878 5 1879 1880 1881 1863 1862 5 1882 1883
1879 1862 1866 5 1884 1885 1886 1882 1866 4
1887 1888 1889 1890 5 1891 1892 1893 1894 1895
5 1896 1897 1898 1880 1879 5 1899 1900 1896
1879 1883 5 1901 1902 1903 1899 1883 4 1904
1905 1906 1907 5 1908 1909 1910 1911 1912 6
1913 1914 1915 1916 1897 1896 6 1917 1918 1919
1913 1896 1900 4 1920 1921 1917 1900 4 1922
1923 1924 1925 5 1926 1927 1928 1929 1930 4
1915 1914 1931 1932 4 1913 1919 1933 1934 4
1935 1936 1937 1918 5 1938 1939 1940 1941 1942
5 1943 1944 1945 1946 1947 5 1948 1949 1950
1951 1952 5 1953 1954 1955 1956 1957 5 1958
1959 1960 1961 1962 5 1963 1964 1965 1966 1967
5 1968 1969 1970 1971 1972 5 1973 1974 1975
1976 1977 4 1978 1979 1980 1981 4 1982 1983
1984 1985 4 1986 1987 1988 1989 5 1990 1991
1992 1993 1994 7 1995 1996 1997 1998 1999 2000
2001 4 2002 1995 2001 2003 5 2004 2005 2006
2007 2008 5 2009 2010 2011 2012 2013 5 2014
2015 2016 2017 2018 5 2019 2020 2021 2022 2023
6 2024 2025 2026 2027 2028 2029 5 2030 2031
2032 2033 2034 6 2035 2036 2037 2038 1997 1996
4 2039 2040 2035 1996 4 2041 2042 2043 2044
5 2045 2046 2047 2048 2049 5 2050 2051 2052
2053 2054 5 2055 2056 2057 2058 2059 6 2060
2061 2062 2063 2037 2036 4 2064 2065 2060 2036
4 2066 2067 2068 2069 5 2070 1599 1598 1687
2071 6 2072 2073 2070 2071 2074 2075 5 2076
2077 2078 2072 2075 5 2079 2080 2081 2082 2083
5 2084 2085 2086 2062 2061 7 2087 2088 2089
2084 2061 2090 2091 4 2092 2093 2087 2091 5
2094 2095 2096 2097 2098 5 2099 2100 2101 2102
2103 5 2104 2105 2106 2107 2108 5 2109 2110
2111 2112 2113 4 2114 1600 1599 2070 5 2115
2116 2114 2070 2073 5 2117 2118 2119 2115 2073
5 2120 2121 2122 2123 2124 7 2125 2126 2127
2128 2129 2085 2084 4 2130 2125 2084 2089 5
2088 2131 2132 2133 2134 5 2135 2136 2137 2138
2139 5 2140 2141 2142 2143 2144 5 2145 2146
2147 2148 2149 5 2150 2151 2152 2153 2154 4
2155 1601 1600 2114 5 2156 2157 2155 2114 2116
5 2158 2159 2160 2156 2116 5 2161 2162 2163
2164 2165 4 2128 2127 2166 2167 4 2168 2169
2170 2126 4 2171 1602 1601 2155 5 2172 2173
2171 2155 2157 5 2174 2175 2176 2172 2157 5
2177 2178 2179 2180 2181 4 2182 2183 2184 2185
4 2186 2187 2188 2189 4 2190 1603 1602 2171
5 2191 2192 2190 2171 2173 5 2193 2194 2195
2191 2173 5 2196 2197 2198 2199 2200 4 2201
2202 2203 2204 4 2205 2206 2207 2208 4 2209
1604 1603 2190 5 2210 2211 2209 2190 2192 5
2212 2213 2214 2210 2192 5 2215 2216 2217 2218
2219 4 2220 2221 2222 2223 4 2224 2225 2226
2227 5 2228 1659 1605 1604 2209 4 2229 2228
2209 2211 5 2230 2229 2211 2231 2232 5 2233
2230 2232 2234 2235 5 2236 2233 2235 2237 2238
5 2239 2236 2238 2240 2241 6 2242 2243 2239
2241 2244 2245 4 2246 2247 2242 2245 4 2248
2249 2250 2251 5 2252 2253 2254 2228 2229 4
2255 2252 2229 2230 4 2256 2255 2230 2233 4
2257 2256 2233 2236 4 2258 2257 2236 2239 5
2259 2260 2258 2239 2243 4 2261 2262 2259 2243
4 2263 2264 2265 2266 5 2267 2268 2269 2253
2252 4 2270 2267 2252 2255 4 2271 2270 2255
2256 4 2272 2271 2256 2257 4 2273 2272 2257
2258 5 2274 2275 2273 2258 2260 4 2276 2277
2274 2260 4 2278 2279 2280 2281 5 2282 2283
2284 2268 2267 4 2285 2282 2267 2270 4 2286
2285 2270 2271 4 2287 2286 2271 2272 4 2288
2287 2272 2273 5 2289 2290 2288 2273 2275 4
2291 2289 2275 2292 4 2293 2294 2295 2296 5
2297 2298 2299 2283 2282 4 2300 2297 2282 2285
4 2301 2300 2285 2286 4 2302 2301 2286 2287
4 2303 2302 2287 2288 4 2304 2303 2288 2290
6 2305 2306 2304 2290 2307 2308 5 2309 2310
2311 2305 2308 4 2312 2313 2314 2315 4 2316
2317 2318 2319 4 2320 2321 2322 2323 4 2324
2325 2326 2327 4 2328 2329 2330 2331 5 2332
2333 2334 2298 2297 4 2335 2332 2297 2300 4
2336 2335 2300 2301 4 2337 2336 2301 2302 4
2338 2337 2302 2303 4 2339 2338 2303 2304 4
2340 2339 2304 2306 5 2341 2340 2306 2342 2343
5 2344 2341 2343 2345 2346 5 2347 2344 2346
2348 2349 5 2350 2347 2349 2351 2352 5 2353
2354 2355 2350 2352 6 1716 1752 2356 2357 2358
2359 4 1777 2360 2361 2362 4 1787 1790 2363
2364 4 2365 2366 1832 1835 4 1819 1823 2367
2368 5 1836 1839 2369 2370 2371 5 1844 1836
2371 2372 1822 6 1842 1861 2373 2374 2375 2376
4 1878 2377 2378 2379 4 2380 2381 1938 1942
4 1947 2382 2383 2384 4 1982 1985 2385 2386
4 1986 1989 2387 2388 4 1990 1994 2389 2390
4 2391 2392 2393 2030 5 2394 2004 2008 2009
2013 4 2395 2396 2041 2044 4 2024 2029 2397
2398 4 2399 2400 2045 2049 6 2054 2046 2401
2402 2403 2028 4 2404 2391 2030 2034 4 2405
2406 2407 2055 4 2408 2405 2055 2059 4 2409
2410 2411 2079 6 2412 2413 2414 2415 2092 2091
4 2098 2416 2417 2418 4 2419 2409 2079 2083
4 2420 2421 2422 2120 4 2423 2420 2120 2124
4 2424 2425 2426 2161 5 2427 2130 2089 2088
2134 6 2428 2168 2126 2125 2130 2429 4 2430
2431 2432 2433 4 2434 2424 2161 2165 4 2435
2436 2437 2177 4 2438 2435 2177 2181 4 2439
2440 2441 2196 4 2442 2439 2196 2200 4 2443
2444 2445 2215 5 2234 2232 2446 2447 2448 5
2235 2234 2448 2449 2450 5 2237 2235 2450 2451
2452 5 2238 2237 2452 2453 2454 4 2455 2443
2215 2219 5 2240 2238 2454 2456 2457 5 2241
2240 2457 2458 2218 4 2459 2460 2309 2308 4
2315 2461 2462 2463 4 1644 1643 1710 1713 5
1750 2464 1674 1644 1713 4 1712 1711 1718 1717
5 2359 1747 1750 1713 1712 4 1716 2359 1712
1717 4 2464 1750 1749 2465 4 1748 1747 2359
2358 4 2466 2467 1749 1748 4 2466 1748 2358
2357 4 1751 1715 1714 1755 5 1773 1777 2362
1752 1751 4 1773 1751 1755 1754 4 1760 1727
1726 1762 5 2468 1784 1758 1757 1760 5 1787
2364 2468 1760 1762 4 1761 1730 1729 1764 5
2469 1788 1787 1762 1761 5 1794 2470 2469 1761
1764 4 1763 1733 1732 1766 5 2471 1791 1794
1764 1763 5 1798 2472 2471 1763 1766 4 1765
1736 1735 1768 5 2473 1795 1798 1766 1765 5
1802 2474 2473 1765 1768 4 1767 1739 1738 1770
5 2475 1799 1802 1768 1767 5 1806 2476 2475
1767 1770 4 1769 1742 1741 1772 5 2477 1803
1806 1770 1769 5 1810 2478 2477 1769 1772 4
1771 1746 1745 2479 5 2480 1807 1810 1772 1771
5 2481 2480 1771 2479 1811 4 2360 1777 1776
2482 4 1819 2368 2483 2484 4 1774 1773 1754
1780 5 1820 1819 2484 1775 1774 4 1820 1774
1780 1779 5 1783 1759 1758 1786 2485 4 1829
1782 1781 1783 6 2486 1829 1783 2485 2365 1835
4 2487 1785 1784 2468 4 2485 1786 1785 2488
4 2470 1794 1793 2489 4 2472 1798 1797 2490
4 2474 1802 1801 2491 4 2476 1806 1805 2492
4 2478 1810 1809 2493 4 2481 1811 1814 2494
4 2495 1815 1818 2496 5 1652 1676 2497 2369
1839 4 1817 1816 2498 2499 4 2370 2369 1818
1817 4 2371 2370 1817 2499 4 1821 1820 1779
1826 4 1845 1844 1822 1821 4 1825 1845 1821
1826 4 2500 2486 1835 1834 5 1849 1828 1827
1831 2501 4 1855 2502 2503 2504 4 2505 1852
1855 2504 4 1653 1652 1839 1838 5 1859 2506
1677 1653 1838 4 1837 1836 1844 1843 5 2376
1856 1859 1838 1837 4 1842 2376 1837 1843 4
2507 2502 1855 1854 5 1867 1848 1847 1851 2508
4 1873 2509 2510 2511 4 2512 1870 1873 2511
4 2506 1859 1858 2513 4 1857 1856 2376 2375
4 2514 2515 1858 1857 4 2514 1857 2375 2374
4 1860 1841 1840 1864 5 1874 1878 2379 1861
1860 4 1874 1860 1864 1863 4 2516 2509 1873
1872 5 1884 1866 1865 1869 2517 4 1890 2518
2519 2520 4 2521 1887 1890 2520 4 2377 1878
1877 2522 4 1895 2523 2524 2525 4 1875 1874
1863 1881 5 1891 1895 2525 1876 1875 4 1891
1875 1881 1880 4 2526 2518 1890 1889 5 1901
1883 1882 1886 2527 4 1907 2528 2529 2530 4
2531 1904 1907 2530 4 2523 1895 1894 2532 4
1912 2533 2534 2535 4 1892 1891 1880 1898 5
1908 1912 2535 1893 1892 4 1908 1892 1898 1897
4 2536 2528 1907 1906 5 1920 1900 1899 1903
2537 4 1925 2538 2539 2540 4 2541 1922 1925
2540 4 2533 1912 1911 2542 4 1930 2543 2544
2545 4 1909 1908 1897 1916 5 1926 1930 2545
1910 1909 4 1926 1909 1916 1915 6 1921 1920
2538 1925 1924 2546 4 1935 1918 1917 1921 5
1935 1921 2546 2380 1942 4 2546 1924 1923 2547
4 2548 1943 1947 2384 4 1952 2549 2550 2551
4 2552 1948 1952 2551 4 1957 2553 2554 2555
4 2556 1953 1957 2555 4 1962 2557 2558 2559
4 2560 1958 1962 2559 4 1967 2561 2562 2563
4 2564 1963 1967 2563 4 1972 2565 2566 2567
4 2568 1968 1972 2567 4 2569 2570 2571 2572
4 2573 2574 2569 2572 4 2543 1930 1929 2575
4 1977 2576 2577 2578 4 1927 1926 1915 1932
5 1973 1977 2578 1928 1927 4 1981 1973 1927
1932 4 1931 1914 1913 1934 5 2579 1978 1981
1932 1931 5 1982 2386 2579 1931 1934 4 1933
1919 1918 1937 5 2580 1983 1982 1934 1933 5
1986 2388 2580 1933 1937 4 1936 1935 1942 1941
5 2581 1987 1986 1937 1936 5 1990 2390 2581
1936 1941 5 1940 1939 2382 1947 1946 4 1991
1990 1941 1940 4 1991 1940 1946 1999 4 2576
1977 1976 2582 4 2024 2398 2583 2584 6 2585
2586 1974 1973 1981 1980 6 1975 1974 2587 2025
2024 2584 4 2588 2589 2590 2591 4 1979 1978
2579 2592 4 2593 2585 1980 1979 4 2594 2593
1979 2592 4 1984 1983 2580 2595 4 2596 2597
1985 1984 4 2598 2596 1984 2595 4 1988 1987
2581 2599 4 2600 2601 1989 1988 4 2602 2600
1988 2599 4 1992 1991 1999 1998 5 2031 2030
2393 1993 1992 4 2031 1992 1998 1997 4 2002
2003 2007 2006 4 2039 1996 1995 2002 5 2039
2002 2006 2395 2044 5 2014 2018 2603 2011 2010
5 2019 2023 2604 2016 2015 5 2605 2606 2607
2021 2020 4 2608 2609 2399 2049 4 2610 2588
2591 2611 5 2050 2054 2028 2027 2612 4 2613
2614 2615 2616 4 2032 2031 1997 2038 5 2056
2055 2407 2033 2032 4 2056 2032 2038 2037 5
2040 2039 2044 2043 2617 4 2064 2036 2035 2040
5 2069 2064 2040 2617 2618 4 2619 2066 2069
2618 4 2047 2046 2054 2053 4 2074 2071 2048
2047 4 2075 2074 2047 2053 4 2620 2613 2616
2621 5 2076 2075 2053 2052 2622 4 2623 2624
2625 2626 4 2057 2056 2037 2063 5 2080 2079
2411 2058 2057 4 2080 2057 2063 2062 5 2065
2064 2069 2068 2412 4 2090 2061 2060 2065 4
2090 2065 2412 2091 4 2413 2412 2068 2067 4
2414 2413 2067 2627 4 2628 2094 2098 2418 4
2103 2629 2630 2631 4 2632 2099 2103 2631 4
2108 2633 2634 2635 4 2636 2104 2108 2635 4
2113 2637 2638 2639 4 2640 2109 2113 2639 4
2641 2623 2626 2642 5 2117 2073 2072 2078 2643
4 2644 2645 2646 2647 4 2081 2080 2062 2086
5 2121 2120 2422 2082 2081 4 2121 2081 2086
2085 5 2093 2092 2416 2098 2097 4 2131 2088
2087 2093 4 2131 2093 2097 2135 4 2648 2644
2647 2649 5 2158 2116 2115 2119 2650 4 2651
2652 2653 2654 4 2122 2121 2085 2129 5 2162
2161 2426 2123 2122 4 2162 2122 2129 2128 5
2655 2132 2131 2135 2139 4 2656 2657 2430 2433
4 2658 2659 2660 2661 5 2140 2144 2662 2137
2136 4 2663 2664 2658 2661 4 2665 2666 2667
2668 5 2145 2149 2669 2142 2141 4 2670 2671
2665 2668 4 2672 2673 2674 2675 5 2150 2154
2676 2147 2146 4 2677 2678 2672 2675 4 2679
2680 2681 2682 4 2683 2684 2679 2682 4 2685
2651 2654 2686 5 2174 2157 2156 2160 2687 4
2688 2689 2690 2691 4 2163 2162 2128 2167 5
2178 2177 2437 2164 2163 4 2178 2163 2167 2182
4 2692 2693 2186 2189 4 2694 2688 2691 2695
5 2193 2173 2172 2176 2696 4 2697 2698 2699
2700 4 2179 2178 2182 2185 5 2197 2196 2441
2180 2179 4 2197 2179 2185 2201 4 2701 2702
2205 2208 4 2703 2697 2700 2704 5 2212 2192
2191 2195 2705 4 2706 2707 2708 2709 4 2198
2197 2201 2204 5 2216 2215 2445 2199 2198 4
2223 2216 2198 2204 4 2710 2711 2224 2227 4
2712 2706 2709 2713 4 2231 2211 2210 2214 5
2446 2232 2231 2214 2714 4 2447 2446 2713 2715
4 2448 2447 2715 2716 4 2451 2450 2717 2718
4 2452 2451 2718 2719 4 2456 2454 2720 2721
4 2457 2456 2721 2722 4 2723 2724 2248 2251
4 2725 2726 2263 2266 4 2727 2728 2278 2281
5 1692 1691 1688 2253 2269 5 1695 1707 1692
2269 2268 4 2729 2730 2293 2296 5 1697 1696
1695 2268 2284 5 1700 1708 1697 2284 2283 5
2291 2292 2296 2295 2731 4 2307 2290 2289 2291
5 2459 2308 2307 2291 2731 4 2294 2293 2732
2733 4 2734 2731 2295 2294 4 2734 2294 2733
2735 4 2312 2315 2463 2736 4 2319 2737 2738
2739 4 2316 2319 2739 2740 4 2323 2741 2742
2743 4 2320 2323 2743 2744 4 2327 2745 2746
2747 4 2324 2327 2747 2748 4 2331 2749 2750
2751 4 2328 2331 2751 2752 5 1702 1701 1700
2283 2299 5 1672 1709 1702 2299 2298 6 2311
2310 2461 2315 2314 2753 4 2342 2306 2305 2311
4 2343 2342 2311 2753 4 2737 2319 2318 2754
5 2345 2343 2753 2755 2756 5 2346 2345 2756
2757 2758 4 2741 2323 2322 2759 5 2348 2346
2758 2760 2761 5 2349 2348 2761 2762 2763 4
2745 2327 2326 2764 5 2351 2349 2763 2765 2766
5 2352 2351 2766 2767 2768 4 2749 2331 2330
2769 5 2353 2352 2768 2770 2771 5 2354 2353
2771 2772 2773 5 2774 2775 2776 2354 2773 4
2356 1752 2362 2361 4 2361 2360 2777 2778 4
2357 2356 2361 2778 4 2487 2468 2364 2363 4
2366 2365 2485 2488 4 2499 2498 2368 2367 4
2367 1823 1822 2372 4 2371 2499 2367 2372 4
2373 1861 2379 2378 4 2378 2377 2779 2780 4
2374 2373 2378 2780 4 2381 2380 2546 2547 4
2781 1939 1938 2381 4 2781 2381 2547 2782 4
2783 2784 2384 2383 4 2383 2382 1939 2781 4
2783 2383 2781 2782 4 2592 2579 2386 2385 4
2385 1985 2597 2785 4 2594 2592 2385 2785 4
2595 2580 2388 2387 4 2387 1989 2601 2786 4
2598 2595 2387 2786 4 1993 2393 2392 2787 4
2396 2395 2006 2005 4 2788 2396 2005 2004 4
2394 2013 2789 2790 4 2788 2004 2394 2790 4
2791 2792 2398 2397 4 2397 2029 2028 2403 4
2791 2397 2403 2402 4 2400 2399 2793 2794 4
2401 2046 2045 2400 4 2402 2401 2400 2794 4
2795 2404 2034 2033 4 2795 2033 2407 2406 4
2796 2408 2059 2058 4 2796 2058 2411 2410 4
2797 2798 2799 2800 4 2414 2627 2797 2800 4
2800 2799 2418 2417 4 2417 2416 2092 2415 4
2414 2800 2417 2415 4 2801 2419 2083 2082 4
2801 2082 2422 2421 4 2802 2423 2124 2123 4
2802 2123 2426 2425 4 2427 2134 2433 2432 4
2432 2431 2428 2429 4 2427 2432 2429 2130 4
2803 2434 2165 2164 4 2803 2164 2437 2436 4
2804 2438 2181 2180 4 2804 2180 2441 2440 4
2805 2442 2200 2199 4 2805 2199 2445 2444 4
2806 2717 2450 2449 4 2806 2449 2448 2716 4
2807 2720 2454 2453 4 2807 2453 2452 2719 4
2460 2459 2731 2734 4 2808 2310 2309 2460 4
2808 2460 2734 2735 4 2462 2461 2310 2808 4
1646 1645 1674 2809 4 2810 1684 1646 2809 4
2811 1789 1788 2469 4 2812 1792 1791 2471 4
2813 1796 1795 2473 4 2814 1800 1799 2475 4
2815 1804 1803 2477 4 2816 1808 1807 2480 4
1650 1649 2817 2818 4 1676 1675 1650 2818 4
1834 1833 2819 2820 4 1854 1853 2821 2822 4
1655 1654 1677 2823 4 2824 1686 1655 2823 4
1872 1871 2825 2826 4 1889 1888 2827 2828 4
1906 1905 2829 2830 5 1945 1944 2549 1952 1951
4 2000 1999 1946 1945 4 2001 2000 1945 1951
5 1950 1949 2553 1957 1956 4 2003 2001 1951
1950 4 2007 2003 1950 1956 5 1955 1954 2557
1962 1961 4 2008 2007 1956 1955 4 2009 2008
1955 1961 5 1960 1959 2561 1967 1966 4 2010
2009 1961 1960 4 2014 2010 1960 1966 5 1965
1964 2565 1972 1971 4 2015 2014 1966 1965 4
2019 2015 1965 1971 5 1970 1969 2570 2569 2831
4 2020 2019 1971 1970 4 2605 2020 1970 2831
4 2617 2043 2042 2832 5 1658 1657 2608 2049
2048 4 1658 2048 2071 1687 4 2833 2799 2798
2834 4 2835 2833 2834 2836 4 2837 2838 2839
2840 4 2841 2837 2840 2842 4 2843 2844 2845
2846 4 2847 2843 2846 2848 4 2849 2850 2851
2852 5 2096 2095 2629 2103 2102 4 2136 2135
2097 2096 4 2140 2136 2096 2102 5 2101 2100
2633 2108 2107 4 2141 2140 2102 2101 4 2145
2141 2101 2107 5 2106 2105 2637 2113 2112 4
2146 2145 2107 2106 4 2150 2146 2106 2112 4
2151 2150 2112 2111 5 2166 2127 2126 2170 2853
4 2183 2182 2167 2166 5 2183 2166 2853 2692
2189 4 2169 2168 2428 2854 4 2855 2853 2170
2169 4 2855 2169 2854 2856 5 2184 2183 2189
2188 2857 4 2202 2201 2185 2184 5 2202 2184
2857 2701 2208 4 2187 2186 2858 2859 4 2860
2857 2188 2187 4 2860 2187 2859 2861 5 2203
2202 2208 2207 2862 4 2220 2223 2204 2203 5
2220 2203 2862 2710 2227 4 2206 2205 2863 2864
4 2865 2862 2207 2206 4 2865 2206 2864 2866
4 2217 2216 2223 2222 4 2244 2241 2218 2217
4 2245 2244 2217 2222 5 2221 2220 2227 2226
2867 4 2246 2245 2222 2221 5 2246 2221 2867
2723 2251 4 2225 2224 2868 2869 4 2870 2867
2226 2225 4 2870 2225 2869 2871 5 2247 2246
2251 2250 2872 4 2261 2243 2242 2247 5 2261
2247 2872 2725 2266 4 2249 2248 2873 2874 4
2875 2872 2250 2249 4 2875 2249 2874 2876 4
1660 1659 2228 2254 4 1660 2254 2253 1688 5
2262 2261 2266 2265 2877 4 2276 2260 2259 2262
5 2276 2262 2877 2727 2281 4 2264 2263 2878
2879 4 2880 2877 2265 2264 4 2880 2264 2879
2881 5 2277 2276 2281 2280 2882 4 2292 2275
2274 2277 5 2729 2296 2292 2277 2882 4 2279
2278 2883 2884 4 2885 2882 2280 2279 4 2885
2279 2884 2886 4 2313 2312 2887 2888 4 2755
2753 2314 2313 4 2756 2755 2313 2888 4 2317
2316 2889 2890 4 2760 2758 2318 2317 4 2761
2760 2317 2890 4 2321 2320 2891 2892 4 2765
2763 2322 2321 4 2766 2765 2321 2892 4 2325
2324 2893 2894 4 2770 2768 2326 2325 4 2771
2770 2325 2894 4 2330 2329 2774 2773 4 1673
1672 2298 2334 4 1703 1673 2334 2333 4 2599
2581 2390 2389 4 2389 1994 1993 2787 4 2602
2599 2389 2787 4 2455 2219 2218 2458 4 2455
2458 2457 2722 4 2809 1674 2464 2465 4 2465
1749 2467 2895 4 2810 2809 2465 2895 4 2896
2777 2360 2482 4 2482 1776 1775 2897 4 2898
2896 2482 2897 4 2897 1775 2484 2483 4 2483
2368 2498 2899 4 2898 2897 2483 2899 4 2811
2469 2470 2489 4 2812 2471 2472 2490 4 2813
2473 2474 2491 4 2814 2475 2476 2492 4 2815
2477 2478 2493 4 2816 2480 2481 2494 4 2818
2817 2495 2496 4 2496 1818 2369 2497 4 1676
2818 2496 2497 4 2500 1834 2820 2900 4 1830
1829 2486 2500 4 1831 1830 2500 2900 4 2900
2820 2504 2503 4 2503 2502 1849 2501 4 1831
2900 2503 2501 4 2505 2504 2820 2819 4 2507
1854 2822 2901 4 1850 1849 2502 2507 4 1851
1850 2507 2901 4 2901 2822 2511 2510 4 2510
2509 1867 2508 4 1851 2901 2510 2508 4 2512
2511 2822 2821 4 2823 1677 2506 2513 4 2513
1858 2515 2902 4 2824 2823 2513 2902 4 2516
1872 2826 2903 4 1868 1867 2509 2516 4 1869
1868 2516 2903 4 2903 2826 2520 2519 4 2519
2518 1884 2517 4 1869 2903 2519 2517 4 2521
2520 2826 2825 4 2904 2779 2377 2522 4 2522
1877 1876 2905 4 2906 2904 2522 2905 4 2905
1876 2525 2524 4 2524 2523 2907 2908 4 2906
2905 2524 2908 4 2526 1889 2828 2909 4 1885
1884 2518 2526 4 1886 1885 2526 2909 4 2909
2828 2530 2529 4 2529 2528 1901 2527 4 1886
2909 2529 2527 4 2531 2530 2828 2827 4 2910
2907 2523 2532 4 2532 1894 1893 2911 4 2912
2910 2532 2911 4 2911 1893 2535 2534 4 2534
2533 2913 2914 4 2912 2911 2534 2914 4 2536
1906 2830 2915 4 1902 1901 2528 2536 4 1903
1902 2536 2915 4 2915 2830 2540 2539 4 2539
2538 1920 2537 4 1903 2915 2539 2537 4 2541
2540 2830 2829 4 2916 2913 2533 2542 4 2542
1911 1910 2917 4 2918 2916 2542 2917 4 2917
1910 2545 2544 4 2544 2543 2919 2920 4 2918
2917 2544 2920 4 2548 2384 2784 2921 4 2922
1944 1943 2548 4 2922 2548 2921 2923 4 2924
2925 2551 2550 4 2550 2549 1944 2922 4 2924
2550 2922 2923 4 2552 2551 2925 2926 4 2927
1949 1948 2552 4 2927 2552 2926 2928 4 2929
2930 2555 2554 4 2554 2553 1949 2927 4 2929
2554 2927 2928 4 2556 2555 2930 2931 4 2932
1954 1953 2556 4 2932 2556 2931 2933 4 2934
2935 2559 2558 4 2558 2557 1954 2932 4 2934
2558 2932 2933 4 2560 2559 2935 2936 4 2937
1959 1958 2560 4 2937 2560 2936 2938 4 2939
2940 2563 2562 4 2562 2561 1959 2937 4 2939
2562 2937 2938 4 2564 2563 2940 2941 4 2942
1964 1963 2564 4 2942 2564 2941 2943 4 2944
2945 2567 2566 4 2566 2565 1964 2942 4 2944
2566 2942 2943 4 2568 2567 2945 2946 4 2947
1969 1968 2568 4 2947 2568 2946 2948 4 2949
2950 2572 2571 4 2571 2570 1969 2947 4 2949
2571 2947 2948 4 2573 2572 2950 2951 4 2952
2919 2543 2575 4 2575 1929 1928 2953 4 2954
2952 2575 2953 4 2953 1928 2578 2577 4 2577
2576 2955 2956 4 2954 2953 2577 2956 4 2957
2955 2576 2582 4 2582 1976 1975 2958 4 2959
2957 2582 2958 4 2583 2398 2792 2960 4 2958
1975 2584 2583 4 2959 2958 2583 2960 4 2586
2585 2590 2589 4 2589 2588 2025 2587 4 2586
2589 2587 1974 4 2961 2789 2013 2012 4 2962
2961 2012 2011 4 2603 2018 2963 2964 4 2962
2011 2603 2964 4 2965 2963 2018 2017 4 2966
2965 2017 2016 4 2604 2023 2967 2968 4 2966
2016 2604 2968 4 2969 2967 2023 2022 4 2970
2969 2022 2021 4 2607 2606 2971 2972 4 2970
2021 2607 2972 4 2973 2974 2971 2606 4 2975
2793 2399 2609 4 2609 2608 1657 1705 4 2975
2609 1705 1706 4 2610 2611 2976 2977 4 2026
2025 2588 2610 4 2027 2026 2610 2977 4 2977
2976 2615 2614 4 2614 2613 2050 2612 4 2027
2977 2614 2612 4 2619 2618 2617 2832 4 2620
2621 2978 2979 4 2051 2050 2613 2620 4 2052
2051 2620 2979 4 2979 2978 2625 2624 4 2624
2623 2076 2622 4 2052 2979 2624 2622 4 2980
2839 2838 2981 4 2835 2836 2980 2981 4 2628
2418 2799 2833 4 2982 2095 2094 2628 4 2982
2628 2833 2835 4 2981 2838 2631 2630 4 2630
2629 2095 2982 4 2981 2630 2982 2835 4 2983
2845 2844 2984 4 2841 2842 2983 2984 4 2632
2631 2838 2837 4 2985 2100 2099 2632 4 2985
2632 2837 2841 4 2984 2844 2635 2634 4 2634
2633 2100 2985 4 2984 2634 2985 2841 4 2986
2849 2852 2987 4 2847 2848 2986 2987 4 2636
2635 2844 2843 4 2988 2105 2104 2636 4 2988
2636 2843 2847 4 2987 2852 2639 2638 4 2638
2637 2105 2988 4 2987 2638 2988 2847 4 2640
2639 2852 2851 4 2641 2642 2989 2990 4 2077
2076 2623 2641 4 2078 2077 2641 2990 4 2990
2989 2646 2645 4 2645 2644 2117 2643 4 2078
2990 2645 2643 4 2648 2649 2991 2992 4 2118
2117 2644 2648 4 2119 2118 2648 2992 4 2992
2991 2653 2652 4 2652 2651 2158 2650 4 2119
2992 2652 2650 4 2656 2433 2134 2133 4 2993
2994 2657 2656 4 2993 2656 2133 2132 4 2655
2139 2661 2660 4 2660 2659 2994 2993 4 2655
2660 2993 2132 4 2663 2661 2139 2138 4 2995
2996 2664 2663 4 2995 2663 2138 2137 4 2662
2144 2668 2667 4 2667 2666 2996 2995 4 2662
2667 2995 2137 4 2670 2668 2144 2143 4 2997
2998 2671 2670 4 2997 2670 2143 2142 4 2669
2149 2675 2674 4 2674 2673 2998 2997 4 2669
2674 2997 2142 4 2677 2675 2149 2148 4 2999
3000 2678 2677 4 2999 2677 2148 2147 4 2676
2154 2682 2681 4 2681 2680 3000 2999 4 2676
2681 2999 2147 4 2683 2682 2154 2153 4 2685
2686 3001 3002 4 2159 2158 2651 2685 4 2160
2159 2685 3002 4 3002 3001 2690 2689 4 2689
2688 2174 2687 4 2160 3002 2689 2687 4 2693
2692 2853 2855 4 3003 2858 2186 2693 4 3003
2693 2855 2856 4 2694 2695 3004 3005 4 2175
2174 2688 2694 4 2176 2175 2694 3005 4 3005
3004 2699 2698 4 2698 2697 2193 2696 4 2176
3005 2698 2696 4 2702 2701 2857 2860 4 3006
2863 2205 2702 4 3006 2702 2860 2861 4 2703
2704 3007 3008 4 2194 2193 2697 2703 4 2195
2194 2703 3008 4 3008 3007 2708 2707 4 2707
2706 2212 2705 4 2195 3008 2707 2705 4 2711
2710 2862 2865 4 3009 2868 2224 2711 4 3009
2711 2865 2866 4 2712 2713 2446 2714 4 2213
2212 2706 2712 4 2213 2712 2714 2214 4 2724
2723 2867 2870 4 3010 2873 2248 2724 4 3010
2724 2870 2871 4 2726 2725 2872 2875 4 3011
2878 2263 2726 4 3011 2726 2875 2876 4 2728
2727 2877 2880 4 3012 2883 2278 2728 4 3012
2728 2880 2881 4 2730 2729 2882 2885 4 3013
2732 2293 2730 4 3013 2730 2885 2886 4 2887
2312 2736 3014 4 2887 3014 2738 2737 4 2889
2316 2740 3015 4 2889 3015 2742 2741 4 2891
2320 2744 3016 4 2891 3016 2746 2745 4 2893
2324 2748 3017 4 2893 3017 2750 2749 4 2888
2887 2737 2754 4 2754 2318 2758 2757 4 2756
2888 2754 2757 4 2890 2889 2741 2759 4 2759
2322 2763 2762 4 2761 2890 2759 2762 4 2892
2891 2745 2764 4 2764 2326 2768 2767 4 2766
2892 2764 2767 4 2894 2893 2749 2769 4 2769
2330 2773 2772 4 2771 2894 2769 2772 5 1745
1744 3018 3019 3020 4 3021 2479 1745 3020 5
3022 2831 2569 2574 3023 5 3024 2973 2606 2605
3025 5 3026 3027 2355 2354 2776 4 3021 3020
3019 3028 5 3029 1812 1811 2479 3021 5 3029
3021 3028 3030 3031 5 3032 3033 3034 3024 3025
5 3035 3036 3037 2152 2151 4 3038 3039 3040
3041 4 3042 3043 3044 3045 4 3042 3045 3046
3047 5 3048 3026 2776 2775 3049 4 3050 1813
1812 3029 5 3022 3023 3051 3052 3053 4 3025
2605 2831 3022 4 3032 3025 3022 3053 4 3054
2851 2850 3055 5 2111 2110 3056 3057 3058 4
3035 2151 2111 3058 4 2329 2328 3059 3060 4
2775 2774 2329 3060 4 3061 3050 3029 3031 4
3062 3023 2574 2573 4 3062 2573 2951 3063 4
3064 3051 3023 3062 4 3064 3062 3063 3065 4
3066 2974 2973 3024 4 3067 3066 3024 3034 4
3054 3055 3068 3069 4 3070 2110 2109 2640 4
3070 2640 2851 3054 4 3071 3056 2110 3070 4
3071 3070 3054 3069 4 3072 3073 2684 2683 4
3072 2683 2153 2152 4 3037 3036 3038 3041 4
3041 3040 3073 3072 4 3037 3041 3072 2152 4
3059 2328 2752 3074 4 3059 3074 3043 3042 4
3060 3059 3042 3047 4 3047 3046 3048 3049 4
2775 3060 3047 3049 4 3075 3076 3077 3078 4
3079 3080 3081 3082 4 3083 3084 3085 3086 5
3087 3088 3089 3090 3091 4 3092 3087 3091 3093
4 3094 3092 3093 3095 4 3096 3094 3095 3097
4 3098 3096 3097 3099 4 3100 3098 3099 3101
4 3102 3100 3101 3103 4 3102 3103 3104 3105
5 3106 3107 3108 3109 3110 4 3111 3112 3113
3114 4 3115 3116 3117 3118 4 3119 3120 3121
3122 5 3123 3124 3125 3088 3087 4 3126 3123
3087 3092 4 3127 3126 3092 3094 4 3128 3127
3094 3096 4 3129 3128 3096 3098 4 3130 3129
3098 3100 5 3131 3132 3130 3100 3102 5 3131
3102 3105 3133 3134 5 3135 3136 3137 3138 3139
5 3140 3141 3142 3124 3123 4 3143 3140 3123
3126 4 3144 3143 3126 3127 4 3145 3144 3127
3128 4 3146 3145 3128 3129 5 3147 3148 3146
3129 3130 4 3149 3147 3130 3132 5 3150 3151
3152 3131 3134 5 3153 3154 3155 3156 3157 5
3158 3159 3160 3141 3140 4 3161 3158 3140 3143
4 3162 3161 3143 3144 4 3163 3162 3144 3145
4 3164 3163 3145 3146 5 3165 3166 3164 3146
3148 4 3167 3168 3165 3148 4 3169 3170 3171
3172 4 3173 3174 3175 3176 5 3177 3178 3179
3180 3181 5 3182 3183 3184 3185 3186 5 3187
3188 3189 3190 3191 5 3192 3193 3194 3159 3158
4 3195 3192 3158 3161 4 3196 3195 3161 3162
4 3197 3196 3162 3163 4 3198 3197 3163 3164
5 3199 3200 3198 3164 3166 4 3201 3202 3199
3166 4 3203 3204 3205 3206 5 3207 3208 3209
3210 3211 5 3212 3207 3211 3213 3214 5 3215
3212 3214 3216 3217 5 3218 3215 3217 3219 3193
4 3220 3218 3193 3192 4 3221 3220 3192 3195
4 3222 3221 3195 3196 4 3223 3222 3196 3197
4 3224 3223 3197 3198 5 3225 3226 3224 3198
3200 4 3227 3228 3225 3200 4 3229 3230 3231
3232 4 3233 3234 3208 3207 4 3235 3233 3207
3212 4 3236 3235 3212 3215 4 3237 3236 3215
3218 5 3238 3239 3237 3218 3220 5 3240 3241
3238 3220 3221 5 3242 3243 3240 3221 3222 5
3244 3245 3242 3222 3223 5 3246 3247 3244 3223
3224 5 3248 3249 3246 3224 3226 4 3250 3251
3248 3226 4 3252 3253 3254 3255 4 3256 3257
3234 3233 4 3258 3256 3233 3235 4 3259 3258
3235 3236 5 3260 3261 3259 3236 3237 4 3262
3260 3237 3239 5 3238 3241 3263 3264 3265 5
3240 3243 3266 3267 3268 5 3242 3245 3269 3270
3271 5 3244 3247 3272 3273 3274 6 3275 3276
3277 3278 3246 3249 6 3279 3280 3275 3249 3281
3282 5 3283 3284 3285 3279 3282 4 3286 3287
3257 3256 4 3288 3286 3256 3258 4 3289 3288
3258 3259 5 3290 3291 3289 3259 3261 5 3290
3261 3292 3293 3294 5 3277 3276 3295 3296 3297
6 3298 3299 3300 3301 3275 3280 6 3298 3280
3302 3303 3304 3305 4 3306 3307 3287 3286 4
3308 3306 3286 3288 4 3309 3308 3288 3289 5
3310 3311 3309 3289 3291 5 3312 3313 3314 3310
3291 5 3315 3316 3317 3318 3319 4 3320 3321
3300 3299 5 3298 3305 3322 3323 3324 4 3325
3326 3307 3306 4 3327 3325 3306 3308 4 3328
3327 3308 3309 5 3329 3330 3328 3309 3311 5
3331 3332 3333 3329 3311 5 3334 3335 3336 3337
3338 5 3339 3340 3341 3342 3343 4 3344 3345
3346 3347 4 3348 3349 3326 3325 4 3350 3348
3325 3327 4 3351 3350 3327 3328 5 3352 3353
3351 3328 3330 5 3352 3330 3354 3355 3356 5
3357 3358 3359 3360 3361 5 3362 3363 3364 3365
3366 4 3367 3368 3349 3348 4 3369 3367 3348
3350 4 3370 3369 3350 3351 5 3371 3372 3370
3351 3353 4 3373 3374 3371 3353 5 3375 3376
3377 3378 3379 5 3380 3381 3382 3383 3384 5
3385 3386 3387 3388 3389 5 3390 3391 3392 3393
3394 7 3395 3396 3397 3398 3399 3400 3401 5
3402 3403 3404 3395 3401 4 3405 3406 3368 3367
4 3407 3405 3367 3369 4 3408 3407 3369 3370
4 3409 3408 3370 3372 5 3410 3409 3372 3411
3412 5 3413 3410 3412 3414 3415 5 3416 3413
3415 3417 3418 5 3419 3416 3418 3420 3421 5
3422 3419 3421 3423 3397 5 3424 3425 3422 3397
3396 5 3426 3427 3428 3424 3396 4 3429 3430
3406 3405 4 3431 3429 3405 3407 4 3432 3431
3407 3408 4 3433 3432 3408 3409 4 3434 3433
3409 3410 4 3435 3434 3410 3413 4 3436 3435
3413 3416 4 3437 3436 3416 3419 4 3438 3437
3419 3422 5 3439 3440 3438 3422 3425 5 3439
3425 3441 3442 3443 5 3444 3445 3446 3430 3429
5 3447 3448 3444 3429 3431 5 3449 3450 3447
3431 3432 4 3451 3449 3432 3433 4 3452 3451
3433 3434 4 3453 3452 3434 3435 4 3454 3453
3435 3436 4 3455 3454 3436 3437 4 3456 3455
3437 3438 4 3457 3456 3438 3440 5 3458 3457
3440 3459 3460 5 3458 3460 3461 3462 3463 4
3446 3445 3464 3465 4 3444 3448 3466 3467 4
3447 3450 3468 3469 5 3470 3471 3472 3449 3451
4 3473 3470 3451 3452 4 3474 3473 3452 3453
4 3475 3474 3453 3454 4 3476 3475 3454 3455
5 3477 3478 3476 3455 3456 5 3479 3480 3477
3456 3457 5 3481 3482 3479 3457 3458 4 3481
3458 3463 3483 4 3484 3485 3486 3487 4 3488
3489 3490 3491 4 3492 3493 3494 3495 5 3496
3497 3498 3471 3470 4 3499 3496 3470 3473 4
3500 3499 3473 3474 4 3501 3500 3474 3475 6
3502 3503 3504 3501 3475 3476 4 3505 3502 3476
3478 4 3477 3480 3506 3507 4 3508 3509 3479
3482 6 3510 3511 3481 3483 3512 3513 5 3514
3515 3516 3497 3496 4 3517 3514 3496 3499 4
3518 3517 3499 3500 5 3519 3520 3518 3500 3501
4 3521 3519 3501 3504 4 3522 3523 3524 3503
4 3525 3526 3527 3528 4 3529 3530 3531 3532
5 3510 3513 3533 3534 3535 5 3536 3537 3538
3515 3514 4 3539 3536 3514 3517 4 3540 3539
3517 3518 5 3541 3542 3540 3518 3520 5 3543
3544 3545 3541 3520 4 3546 3547 3548 3549 5
3550 3551 3552 3553 3554 5 3555 3556 3557 3537
3536 4 3558 3555 3536 3539 4 3559 3558 3539
3540 5 3560 3561 3559 3540 3542 5 3562 3563
3564 3560 3542 4 3565 3566 3567 3568 5 3569
3570 3571 3572 3573 5 3574 3575 3576 3556 3555
4 3577 3574 3555 3558 4 3578 3577 3558 3559
5 3579 3580 3578 3559 3561 4 3581 3582 3579
3561 4 3583 3584 3585 3586 5 3587 3588 3589
3590 3591 5 3592 3593 3594 3575 3574 4 3595
3592 3574 3577 4 3596 3595 3577 3578 4 3597
3596 3578 3580 5 3598 3597 3580 3599 3600 5
3601 3598 3600 3602 3603 5 3604 3601 3603 3605
3606 5 3607 3604 3606 3608 3609 6 3607 3609
3610 3611 3612 3613 4 3614 3615 3616 3617 5
3618 3619 3620 3593 3592 4 3621 3618 3592 3595
4 3622 3621 3595 3596 4 3623 3622 3596 3597
4 3624 3623 3597 3598 4 3625 3624 3598 3601
4 3626 3625 3601 3604 4 3627 3626 3604 3607
5 3627 3607 3613 3628 3629 5 3630 3631 3632
3633 3634 5 3635 3630 3634 3636 3637 5 3638
3635 3637 3639 3619 4 3640 3638 3619 3618 4
3641 3640 3618 3621 4 3642 3641 3621 3622 4
3643 3642 3622 3623 4 3644 3643 3623 3624 4
3645 3644 3624 3625 4 3646 3645 3625 3626 4
3647 3646 3626 3627 4 3648 3647 3627 3629 4
3111 3114 3649 3650 5 3106 3110 3651 3135 3139
5 3652 3653 3654 3088 3125 5 3655 3656 3652
3125 3124 5 3150 3134 3133 3657 3658 4 3659
3660 3169 3172 5 3153 3157 3661 3173 3176 4
3181 3662 3663 3664 5 3665 3666 3667 3141 3160
4 3668 3669 3187 3191 5 3188 3670 3665 3160
3159 4 3671 3672 3283 3282 4 3673 3674 3675
3676 5 3312 3291 3290 3294 3677 4 3277 3297
3678 3679 4 3319 3680 3681 3682 4 3344 3347
3683 3684 5 3362 3366 3339 3343 3685 5 3373
3353 3352 3356 3686 4 3379 3687 3688 3689 4
3357 3361 3690 3691 4 3692 3693 3390 3394 4
3399 3694 3695 3696 4 3459 3440 3439 3443 5
3460 3459 3443 3697 3698 4 3488 3491 3699 3700
4 3492 3495 3701 3702 5 3703 3704 3705 3471
3498 5 3706 3707 3703 3498 3497 5 3708 3709
3706 3497 3516 5 3710 3711 3708 3516 3515 4
3525 3528 3712 3713 4 3714 3715 3546 3549 4
3510 3535 3716 3717 4 3554 3718 3719 3720 5
3721 3722 3710 3515 3538 5 3723 3724 3721 3538
3537 5 3725 3726 3723 3537 3557 5 3727 3728
3725 3557 3556 5 3729 3730 3727 3556 3576 5
3731 3732 3729 3576 3575 5 3602 3600 3733 3734
3735 5 3603 3602 3735 3736 3737 4 3587 3591
3738 3739 5 3608 3606 3740 3741 3742 5 3609
3608 3742 3743 3590 5 3744 3745 3731 3575 3594
5 3746 3747 3744 3594 3593 5 3633 3632 3614
3617 3748 5 3634 3633 3748 3749 3750 5 3636
3634 3750 3751 3752 5 3637 3636 3752 3753 3754
5 3755 3756 3746 3593 3620 5 3639 3637 3754
3757 3755 4 3619 3639 3755 3620 4 3758 3759
3760 3761 5 3758 3761 3762 3763 3107 4 3764
3765 3759 3758 5 3764 3758 3107 3106 3139 4
3766 3767 3765 3764 5 3766 3764 3139 3138 3154
4 3768 3769 3767 3766 5 3768 3766 3154 3153
3176 4 3770 3771 3769 3768 5 3770 3768 3176
3175 3209 4 3772 3773 3771 3770 4 3772 3770
3209 3208 4 3774 3775 3773 3772 4 3774 3772
3208 3234 4 3776 3777 3775 3774 4 3776 3774
3234 3257 4 3778 3779 3777 3776 4 3778 3776
3257 3287 4 3780 3781 3779 3778 4 3780 3778
3287 3307 4 3782 3783 3781 3780 4 3782 3780
3307 3326 4 3784 3785 3783 3782 4 3784 3782
3326 3349 4 3786 3787 3785 3784 4 3786 3784
3349 3368 4 3788 3789 3787 3786 4 3788 3786
3368 3406 5 3790 3791 3792 3789 3788 4 3790
3788 3406 3430 5 3793 3794 3795 3791 3790 4
3793 3790 3430 3446 5 3796 3797 3798 3794 3793
6 3799 3796 3793 3446 3465 3484 6 3800 3801
3797 3796 3802 3803 6 3804 3805 3806 3799 3484
3487 6 3807 3808 3800 3803 3809 3810 4 3811
3812 3813 3814 6 3815 3816 3807 3810 3817 3818
4 3819 3820 3821 3822 6 3823 3824 3815 3818
3825 3826 4 3827 3828 3829 3830 6 3831 3832
3823 3826 3833 3834 4 3835 3836 3837 3838 6
3839 3840 3831 3834 3841 3842 5 3843 3839 3842
3844 3845 5 3846 3847 3848 3614 3632 4 3849
3850 3843 3845 5 3846 3632 3631 3849 3845 4
3851 3108 3107 3763 4 3851 3763 3762 3852 4
3851 3852 3075 3078 5 3111 3650 3108 3851 3078
4 3077 3076 3079 3082 5 3853 3112 3111 3078
3077 5 3118 3854 3853 3077 3082 4 3081 3080
3083 3086 5 3855 3115 3118 3082 3081 5 3122
3856 3855 3081 3086 4 3085 3084 3090 3089 5
3654 3119 3122 3086 3085 4 3088 3654 3085 3089
4 3854 3118 3117 3857 4 3856 3122 3121 3858
4 3120 3119 3654 3653 4 3859 3120 3653 3652
5 3155 3154 3138 3137 3860 5 3861 3862 3655
3124 3142 5 3863 3861 3142 3141 3667 4 3149
3132 3131 3152 4 3167 3148 3147 3149 5 3167
3149 3152 3659 3172 4 3177 3181 3664 3864 4
3186 3865 3866 3867 4 3182 3186 3867 3868 4
3869 3870 3668 3191 4 3871 3872 3667 3666 4
3873 3871 3666 3665 5 3168 3167 3172 3171 3874
4 3201 3166 3165 3168 5 3206 3201 3168 3874
3875 4 3876 3203 3206 3875 4 3210 3209 3175
3174 5 3174 3173 3662 3181 3180 4 3211 3210
3174 3180 5 3179 3178 3865 3186 3185 4 3213
3211 3180 3179 4 3214 3213 3179 3185 5 3184
3183 3869 3191 3190 4 3216 3214 3185 3184 4
3217 3216 3184 3190 4 3189 3188 3159 3194 4
3219 3217 3190 3189 4 3193 3219 3189 3194 5
3202 3201 3206 3205 3877 4 3227 3200 3199 3202
5 3232 3227 3202 3877 3878 4 3879 3229 3232
3878 5 3228 3227 3232 3231 3880 4 3250 3226
3225 3228 5 3255 3250 3228 3880 3881 4 3882
3252 3255 3881 5 3251 3250 3255 3254 3883 4
3281 3249 3248 3251 5 3671 3282 3281 3251 3883
4 3883 3254 3253 3884 5 3885 3262 3239 3238
3265 5 3292 3261 3260 3262 3886 4 3887 3888
3889 3890 5 3891 3263 3241 3240 3268 4 3892
3893 3887 3890 4 3894 3895 3896 3897 5 3898
3266 3243 3242 3271 4 3899 3900 3894 3897 4
3901 3902 3903 3904 5 3905 3269 3245 3244 3274
4 3906 3907 3901 3904 4 3908 3909 3910 3911
4 3272 3247 3246 3278 4 3912 3908 3911 3913
6 3914 3915 3272 3278 3277 3679 5 3285 3284
3673 3676 3916 4 3302 3280 3279 3285 4 3303
3302 3285 3916 4 3295 3276 3275 3301 5 3315
3319 3682 3296 3295 4 3315 3295 3301 3300 5
3331 3311 3310 3314 3917 4 3680 3319 3318 3918
4 3919 3920 3921 3334 4 3320 3299 3298 3324
4 3341 3340 3321 3320 6 3344 3684 3341 3320
3324 3922 5 3923 3322 3305 3304 3924 4 3345
3344 3922 3925 4 3926 3927 3928 3929 5 3354
3330 3329 3333 3930 4 3919 3334 3338 3931 4
3357 3691 3932 3933 4 3926 3929 3934 3935 4
3375 3379 3689 3936 4 3384 3937 3938 3939 4
3380 3384 3939 3940 4 3389 3941 3942 3943 4
3385 3389 3943 3944 4 3945 3946 3692 3394 4
3359 3358 3366 3365 5 3400 3399 3696 3360 3359
4 3401 3400 3359 3365 5 3402 3401 3365 3364
3947 5 3374 3373 3687 3379 3378 4 3411 3372
3371 3374 4 3412 3411 3374 3378 5 3377 3376
3937 3384 3383 4 3414 3412 3378 3377 4 3415
3414 3377 3383 5 3382 3381 3941 3389 3388 4
3417 3415 3383 3382 4 3418 3417 3382 3388 5
3387 3386 3945 3394 3393 4 3420 3418 3388 3387
4 3421 3420 3387 3393 5 3392 3391 3694 3399
3398 4 3423 3421 3393 3392 4 3397 3423 3392
3398 5 3426 3396 3395 3404 3948 5 3441 3425
3424 3428 3949 5 3461 3460 3698 3950 3951 5
3952 3462 3461 3951 3953 5 3954 3485 3484 3465
3464 4 3464 3445 3444 3467 5 3488 3700 3954
3464 3467 4 3466 3448 3447 3469 5 3955 3489
3488 3467 3466 5 3955 3466 3469 3492 3702 4
3956 3804 3487 3486 4 3486 3485 3954 3957 4
3958 3956 3486 3957 4 3490 3489 3955 3959 4
3960 3961 3491 3490 4 3962 3960 3490 3959 4
3505 3478 3477 3507 5 3963 3522 3503 3502 3505
5 3963 3505 3507 3525 3713 4 3508 3482 3481
3511 5 3964 3529 3532 3509 3508 5 3964 3508
3511 3510 3717 4 3965 3966 3706 3709 4 3967
3965 3709 3708 5 3521 3504 3503 3524 3968 4
3543 3520 3519 3521 6 3969 3543 3521 3968 3714
3549 4 3523 3522 3963 3970 4 3971 3968 3524
3523 4 3972 3971 3523 3970 4 3532 3531 3973
3974 4 3530 3529 3964 3975 4 3976 3977 3531
3530 4 3978 3976 3530 3975 4 3533 3513 3512
3979 5 3550 3554 3720 3534 3533 4 3550 3533
3979 3980 4 3981 3982 3710 3722 4 3983 3981
3722 3721 4 3984 3969 3549 3548 5 3562 3542
3541 3545 3985 4 3568 3986 3987 3988 4 3989
3565 3568 3988 4 3990 3718 3554 3553 4 3573
3991 3992 3993 4 3551 3550 3980 3994 5 3569
3573 3993 3552 3551 4 3569 3551 3994 3995 4
3996 3997 3723 3726 4 3998 3996 3726 3725 4
3999 3986 3568 3567 5 3581 3561 3560 3564 4000
4 3586 4001 4002 4003 4 4004 3583 3586 4003
4 4005 3991 3573 3572 4 3587 3739 4006 4007
4 3570 3569 3995 4008 5 3588 3587 4007 3571
3570 4 3588 3570 4008 4009 4 4010 4011 3727
3730 4 4012 4010 3730 3729 6 3582 3581 4001
3586 3585 3733 4 3599 3580 3579 3582 4 3599
3582 3733 3600 4 3734 3733 3585 3584 4 3735
3734 3584 4013 5 3605 3603 3737 4014 4015 5
3740 3606 3605 4015 4016 4 3741 3740 4017 4018
4 3742 3741 4018 4019 4 3589 3588 4009 4020
4 3610 3609 3590 3589 4 3611 3610 3589 4020
4 4021 4022 3731 3745 4 4023 4021 3745 3744
4 3748 3617 3616 4024 4 3751 3750 4025 4026
4 3752 3751 4026 4027 4 3109 3108 3650 3649
4 3110 3109 3649 4028 4 4029 4030 3135 3651
4 4029 3651 3110 4028 4 3656 3655 4031 4032
4 3859 3652 3656 4032 4 3660 3659 3152 3151
4 4033 3660 3151 3150 4 4034 4033 3150 3658
4 3156 3155 4035 4036 4 3157 3156 4036 4037
4 3663 3662 3173 3661 4 3663 3661 3157 4037
4 3670 3188 3187 3669 4 3873 3665 3670 3669
4 4038 4039 3675 3674 4 3674 3673 3284 4040
4 4041 4038 3674 4040 4 3293 3292 3888 4042
4 3294 3293 4042 4043 4 4044 4045 3312 3677
4 4044 3677 3294 4043 4 4046 3914 3679 3678
4 3678 3297 3296 4047 4 4048 4046 3678 4047
4 4047 3296 3682 3681 4 3681 3680 4049 4050
4 4048 4047 3681 4050 4 3342 3341 3684 3683
4 3343 3342 3683 4051 4 4052 4053 3362 3685
4 4052 3685 3343 4051 4 3355 3354 4054 4055
4 3356 3355 4055 4056 4 3688 3687 3373 3686
4 3688 3686 3356 4056 4 4057 4058 3691 3690
4 3690 3361 3360 4059 4 4060 4057 3690 4059
4 3391 3390 3693 4061 4 3957 3954 3700 3699
4 3699 3491 3961 4062 4 3958 3957 3699 4062
4 3959 3955 3702 3701 4 3701 3495 4063 4064
4 3962 3959 3701 4064 4 3707 3706 3966 4065
4 3703 3707 4065 4066 4 3711 3710 3982 4067
4 3967 3708 3711 4067 4 3970 3963 3713 3712
4 3712 3528 4068 4069 4 3972 3970 3712 4069
4 3715 3714 3968 3971 4 3534 3720 3719 4070
4 3724 3723 3997 4071 4 3983 3721 3724 4071
4 3728 3727 4011 4072 4 3998 3725 3728 4072
4 3732 3731 4022 4073 4 4012 3729 3732 4073
4 4074 4075 3737 3736 4 4074 3736 3735 4013
4 3738 3591 3590 3743 4 3738 3743 3742 4019
4 3747 3746 4076 4077 4 4023 3744 3747 4077
4 4078 4025 3750 3749 4 4078 3749 3748 4024
4 4079 4080 3754 3753 4 4079 3753 3752 4027
4 4081 3811 3814 4082 4 3802 3796 3799 3806
5 3803 3802 3806 4083 4084 4 4085 3819 3822
4086 5 3809 3803 4084 4087 4088 5 3810 3809
4088 4089 4090 4 4091 3827 3830 4092 5 3817
3810 4090 4093 4094 5 3818 3817 4094 4095 4096
4 4097 4098 4099 4100 5 3825 3818 4096 4101
4102 5 3826 3825 4102 4103 4104 4 4105 4106
4107 4108 5 3833 3826 4104 4109 4110 5 3834
3833 4110 4111 4112 4 4113 4114 4115 4116 4
4117 4118 4119 4120 5 3841 3834 4112 4121 4122
5 3842 3841 4122 4123 4124 4 3615 3614 3848
4125 5 3844 3842 4124 4126 3847 4 3844 3847
3846 3845 5 4127 4128 3019 3018 4129 5 4130
4131 4127 4129 4132 5 4133 4134 4130 4132 4135
4 4133 4135 3760 3759 4 4136 3028 3019 4128
4 4127 4131 4137 4138 4 4130 4134 4139 4140
5 4141 4142 4133 3759 3765 4 4143 4144 4145
3030 4 4146 4147 4148 4149 4 4150 4151 4152
4153 5 4154 4155 4141 3765 3767 5 4156 4157
4154 3767 3769 5 4158 4159 4156 3769 3771 5
4160 4161 4158 3771 3773 5 4162 4163 4160 3773
3775 5 4164 4165 4162 3775 3777 5 4166 4167
4164 3777 3779 5 4168 4169 4170 3053 3052 5
4171 4172 4173 4174 4175 5 4176 4177 4178 4179
4180 5 4181 4182 4166 3779 3781 5 4183 4184
3033 3032 4185 5 4186 4187 4188 4189 4190 5
4191 4192 4193 4194 4195 5 4196 4197 4181 3781
3783 4 4198 4199 4200 4201 5 4202 4203 4196
3783 3785 4 4204 4205 4206 4207 5 4208 4209
4202 3785 3787 5 4210 4211 4212 3058 3057 5
4213 4214 4215 4216 4217 7 4218 4219 4220 4221
4222 4223 4208 5 4218 4208 3787 3789 4224 5
4225 4226 3036 3035 4227 5 4228 4229 4230 4231
4232 5 4233 4234 4235 4220 4219 4 4218 4224
4236 4237 5 4238 4239 4240 4241 4242 5 4243
4244 4245 4246 4247 5 4248 4249 4250 4251 4252
5 4253 4254 4255 4256 4257 5 4258 4259 4260
4261 4262 5 4263 4264 4265 4266 4267 5 4268
4269 4270 4271 4272 5 4273 4274 4275 4276 4277
4 4278 4279 3046 3045 4 4280 4281 4282 4283
6 4284 4285 4286 4287 4288 4289 6 4290 4291
4292 4293 3839 3843 5 4294 3027 3026 4295 4296
5 4297 4294 4296 4298 4299 5 4300 4297 4299
4301 4290 4 4300 4290 3843 3850 5 4302 4303
4304 4141 4155 5 4305 4306 4302 4155 4154 5
4307 4308 4309 4164 4167 4 4310 4311 4176 4180
5 4177 4312 4307 4167 4166 5 4313 4186 4190
4191 4195 4 4314 4315 4213 4217 4 4222 4316
4317 4318 5 4319 4233 4219 4218 4237 4 4320
4321 4322 4323 4 4242 4324 4325 4326 4 4273
4277 4327 4328 4 4329 4330 4284 4289 4 4292
4331 4332 4333 4 4136 4128 4127 4138 5 4334
4143 3030 3028 4136 5 4149 4335 4334 4136 4138
4 4137 4131 4130 4140 5 4336 4146 4149 4138
4137 5 4153 4337 4336 4137 4140 4 4139 4134
4133 4142 5 4304 4150 4153 4140 4139 4 4141
4304 4139 4142 4 4335 4149 4148 4338 4 4337
4153 4152 4339 4 4151 4150 4304 4303 4 4340
4151 4303 4302 5 4341 4342 4305 4154 4157 5
4343 4344 4341 4157 4156 5 4345 4346 4343 4156
4159 5 4347 4348 4345 4159 4158 5 4349 4350
4347 4158 4161 5 4351 4352 4349 4161 4160 5
4353 4354 4351 4160 4163 5 4355 4356 4353 4163
4162 5 4357 4358 4355 4162 4165 5 4359 4357
4165 4164 4309 4 4360 4168 3052 4361 4 4175
4362 4363 4364 4 4365 4171 4175 4364 4 4366
4367 4310 4180 4 4368 4369 4309 4308 4 4370
4368 4308 4307 5 4189 4188 4371 4183 4185 4
4193 4192 4181 4197 4 4372 4198 4201 4373 5
4374 4375 4193 4197 4196 5 4376 4377 4374 4196
4203 4 4378 4204 4207 4379 5 4380 4381 4376
4203 4202 4 4382 4210 3057 4383 4 4384 4385
4314 4217 4 4386 4387 4388 4389 4 4390 4386
4389 4391 5 4392 4393 4380 4202 4209 6 4223
4222 4318 4394 4395 4392 4 4208 4223 4392 4209
5 4215 4214 4316 4222 4221 4 4228 4232 4216
4215 4 4228 4215 4221 4220 5 4232 4231 4396
4225 4227 4 4397 4398 3039 3038 4 4399 4400
4401 4402 5 4403 4229 4228 4220 4235 4 4404
4405 4399 4402 4 4320 4323 4406 4407 4 4236
4224 3789 3792 5 4238 4242 4326 4237 4236 4
4238 4236 3792 3791 4 4324 4242 4241 4408 4
4247 4409 4410 4411 4 4239 4238 3791 3795 5
4243 4247 4411 4240 4239 4 4243 4239 3795 3794
4 4409 4247 4246 4412 4 4252 4413 4414 4415
4 4244 4243 3794 3798 5 4248 4252 4415 4245
4244 4 4248 4244 3798 3797 4 4413 4252 4251
4416 4 4257 4417 4418 4419 4 4249 4248 3797
3801 5 4253 4257 4419 4250 4249 4 4253 4249
3801 3800 4 4417 4257 4256 4420 4 4262 4421
4422 4423 4 4254 4253 3800 3808 5 4258 4262
4423 4255 4254 4 4258 4254 3808 3807 4 4421
4262 4261 4424 4 4267 4425 4426 4427 4 4259
4258 3807 3816 5 4263 4267 4427 4260 4259 4
4263 4259 3816 3815 4 4425 4267 4266 4428 4
4272 4429 4430 4431 4 4264 4263 3815 3824 5
4268 4272 4431 4265 4264 4 4268 4264 3824 3823
4 4429 4272 4271 4432 4 4273 4328 4433 4434
4 4269 4268 3823 3832 5 4274 4273 4434 4270
4269 4 4274 4269 3832 3831 4 4278 3045 3044
4435 4 4283 4436 4437 4438 4 4280 4283 4438
4439 4 4440 4441 4329 4289 4 4275 4274 3831
3840 5 4293 4292 4333 4276 4275 4 3839 4293
4275 3840 4 4436 4283 4282 4442 5 4295 3026
3048 4443 4444 5 4296 4295 4444 4445 4446 4
4440 4289 4288 4447 5 4298 4296 4446 4448 4449
5 4299 4298 4449 4450 4287 5 4286 4285 4331
4292 4291 4 4301 4299 4287 4286 4 4290 4301
4286 4291 4 4306 4305 4451 4452 4 4340 4302
4306 4452 4 4453 4454 4188 4187 4 4455 4453
4187 4186 4 4313 4195 4373 4456 4 4455 4186
4313 4456 4 4457 4206 4394 4458 4 4390 4391
4457 4458 4 4315 4314 4387 4386 4 4459 4214
4213 4315 4 4459 4315 4386 4390 4 4458 4394
4318 4317 4 4317 4316 4214 4459 4 4458 4317
4459 4390 4 4321 4320 4235 4234 4 4460 4461
4322 4321 4 4460 4321 4234 4233 4 4319 4237
4326 4325 4 4325 4324 4461 4460 4 4319 4325
4460 4233 4 4462 4463 4328 4327 4 4327 4277
4276 4464 4 4465 4462 4327 4464 4 4285 4284
4330 4466 4 4464 4276 4333 4332 4 4332 4331
4285 4466 4 4465 4464 4332 4466 4 4467 3113
3112 3853 4 4468 3116 3115 3855 4 4469 4031
3655 3862 4 4470 4469 3862 3861 4 3874 3171
3170 4471 4 3877 3205 3204 4472 4 3880 3231
3230 4473 4 3316 3315 3300 3321 5 3335 3334
3921 3317 3316 4 3335 3316 3321 3340 4 3336
3335 3340 3339 5 3358 3357 3933 3337 3336 4
3366 3358 3336 3339 4 4474 4475 3346 3345 4
3950 3698 4476 4477 4 3951 3950 4477 4478 4
3468 3450 3449 3472 5 3705 3493 3492 3469 3468
4 3471 3705 3468 3472 4 3494 3493 3705 3704
4 4066 4063 3495 3494 4 3703 4066 3494 3704
4 3506 3480 3479 3509 5 4479 3526 3525 3507
3506 5 4479 3506 3509 3532 3974 4 3527 3526
4479 4480 4 4481 4068 3528 3527 4 4482 4481
3527 4480 4 3548 3547 4483 4484 4 3567 3566
4485 4486 4 4014 3737 4075 4487 4 4015 4014
4487 4488 4 4489 4076 3746 3756 4 3757 3754
4080 4489 4 3755 3757 4489 3756 4 3672 3671
3883 3884 4 4040 3284 3283 3672 4 4041 4040
3672 3884 4 4059 3360 3696 3695 4 3695 3694
3391 4061 4 4060 4059 3695 4061 4 3975 3964
3717 3716 4 3716 3535 3534 4070 4 3978 3975
3716 4070 4 3813 3812 4490 4491 4 4087 4084
3814 3813 4 4088 4087 3813 4491 4 3821 3820
4492 4493 4 4093 4090 3822 3821 4 4094 4093
3821 4493 4 3829 3828 4097 4100 4 4101 4096
3830 3829 4 4102 4101 3829 4100 4 3835 3838
4105 4108 4 4109 4104 3836 3835 4 4110 4109
3835 4108 4 4467 3853 3854 3857 4 4468 3855
3856 3858 4 3136 3135 4030 4494 4 3137 3136
4494 4495 4 4496 4035 3155 3860 4 4496 3860
3137 4495 4 3863 3667 3872 4497 4 4470 3861
3863 4497 4 3178 3177 3864 4498 4 3866 3865
3178 4498 4 3183 3182 3868 4499 4 3870 3869
3183 4499 4 3876 3875 3874 4471 4 3879 3878
3877 4472 4 3882 3881 3880 4473 4 3889 3888
3292 3886 4 3885 3265 3890 3889 4 3885 3889
3886 3262 4 3892 3890 3265 3264 4 4500 4501
3893 3892 4 4500 3892 3264 3263 4 3891 3268
3897 3896 4 3896 3895 4501 4500 4 3891 3896
4500 3263 4 3899 3897 3268 3267 4 4502 4503
3900 3899 4 4502 3899 3267 3266 4 3898 3271
3904 3903 4 3903 3902 4503 4502 4 3898 3903
4502 3266 4 3906 3904 3271 3270 4 4504 4505
3907 3906 4 4504 3906 3270 3269 4 3905 3274
3911 3910 4 3910 3909 4505 4504 4 3905 3910
4504 3269 4 3915 3914 3912 3913 4 3913 3911
3274 3273 4 3272 3915 3913 3273 4 3313 3312
4045 4506 4 3314 3313 4506 4507 4 4508 4509
3331 3917 4 4508 3917 3314 4507 4 4510 4049
3680 3918 4 3918 3318 3317 4511 4 4512 4510
3918 4511 4 4511 3317 3921 3920 4 3920 3919
4513 4514 4 4512 4511 3920 4514 4 4515 4474
3345 3925 4 3925 3922 3324 3323 4 4515 3925
3323 3322 4 3927 3926 4474 4515 4 3923 3924
3928 3927 4 3923 3927 4515 3322 4 3332 3331
4509 4516 4 3333 3332 4516 4517 4 4518 4054
3354 3930 4 4518 3930 3333 4517 4 4519 4513
3919 3931 4 3931 3338 3337 4520 4 4521 4519
3931 4520 4 3932 3691 4058 4522 4 4520 3337
3933 3932 4 4521 4520 3932 4522 4 4475 4474
3926 3935 4 3376 3375 3936 4523 4 3938 3937
3376 4523 4 3381 3380 3940 4524 4 3942 3941
3381 4524 4 3386 3385 3944 4525 4 3946 3945
3386 4525 4 3363 3362 4053 4526 4 3364 3363
4526 4527 4 4528 4529 3402 3947 4 4528 3947
3364 4527 4 3403 3402 4529 4530 4 3404 3403
4530 4531 4 4532 4533 3426 3948 4 4532 3948
3404 4531 4 3427 3426 4533 4534 4 3428 3427
4534 4535 4 4536 4537 3441 3949 4 4536 3949
3428 4535 4 4538 4539 3952 3953 4 4538 3953
3951 4478 4 4480 4479 3974 3973 4 3973 3531
3977 4540 4 4482 4480 3973 4540 4 3984 3548
4484 4541 4 3544 3543 3969 3984 4 3545 3544
3984 4541 4 4541 4484 3988 3987 4 3987 3986
3562 3985 4 3545 4541 3987 3985 4 3989 3988
4484 4483 4 4542 3990 3553 3552 4 4542 3552
3993 3992 4 3999 3567 4486 4543 4 3563 3562
3986 3999 4 3564 3563 3999 4543 4 4543 4486
4003 4002 4 4002 4001 3581 4000 4 3564 4543
4002 4000 4 4004 4003 4486 4485 4 4544 4005
3572 3571 4 4544 3571 4007 4006 4 4545 4017
3740 4016 4 4545 4016 4015 4488 4 3805 3804
4081 4082 4 4082 3814 4084 4083 4 3805 4082
4083 3806 4 4491 4490 4085 4086 4 4086 3822
4090 4089 4 4088 4491 4086 4089 4 4493 4492
4091 4092 4 4092 3830 4096 4095 4 4094 4493
4092 4095 4 4099 4098 3837 3836 4 4099 3836
4104 4103 4 4099 4103 4102 4100 4 4107 4106
4113 4116 4 4107 4116 4112 4111 4 4107 4111
4110 4108 4 4115 4114 4117 4120 4 4121 4112
4116 4115 4 4122 4121 4115 4120 4 4119 4118
4546 4547 4 4119 4547 4124 4123 4 4119 4123
4122 4120 4 4547 4546 3615 4125 4 4126 4124
4547 4125 4 3847 4126 4125 3848 4 4548 4144
4143 4334 4 4549 4147 4146 4336 4 4550 4451
4305 4342 4 4551 4550 4342 4341 4 4552 4553
4343 4346 4 4554 4552 4346 4345 4 4555 4556
4347 4350 4 4557 4555 4350 4349 4 4558 4559
4351 4354 4 4560 4558 4354 4353 4 4561 4562
4355 4358 4 4563 4561 4358 4357 5 4170 4169
4362 4175 4174 4 4185 3032 3053 4170 4 4189
4185 4170 4174 5 4173 4172 4366 4180 4179 4
4190 4189 4174 4173 4 4191 4190 4173 4179 4
4178 4177 4166 4182 4 4192 4191 4179 4178 4
4181 4192 4178 4182 4 4564 4565 4200 4199 4
4199 4198 4374 4377 4 4564 4199 4377 4376 4
4566 4567 4568 4569 4 4570 4566 4569 4571 4
4395 4394 4206 4205 4 4205 4204 4380 4393 4
4392 4395 4205 4393 5 4212 4211 4384 4217 4216
4 4227 3035 3058 4212 4 4232 4227 4212 4216
4 4279 4278 4572 4573 4 4443 3048 3046 4279
4 4444 4443 4279 4573 4 4281 4280 4574 4575
4 4448 4446 4282 4281 4 4449 4448 4281 4575
4 4311 4310 4576 4370 4 4312 4177 4176 4311
4 4312 4311 4370 4307 4 4548 4334 4335 4338
4 4549 4336 4337 4339 4 4344 4343 4553 4577
4 4551 4341 4344 4577 4 4348 4347 4556 4578
4 4554 4345 4348 4578 4 4352 4351 4559 4579
4 4557 4349 4352 4579 4 4356 4355 4562 4580
4 4560 4353 4356 4580 4 4359 4309 4369 4581
4 4563 4357 4359 4581 4 4360 4361 4582 4583
4 4584 4169 4168 4360 4 4584 4360 4583 4585
4 4586 4587 4364 4363 4 4363 4362 4169 4584
4 4586 4363 4584 4585 4 4365 4364 4587 4588
4 4589 4172 4171 4365 4 4589 4365 4588 4590
4 4591 4576 4310 4367 4 4367 4366 4172 4589
4 4591 4367 4589 4590 4 4592 4593 3033 4184
4 4594 4592 4184 4183 4 4371 4188 4454 4595
4 4594 4183 4371 4595 4 4372 4373 4195 4194
4 4375 4374 4198 4372 4 4193 4375 4372 4194
4 4378 4379 4565 4564 4 4381 4380 4204 4378
4 4381 4378 4564 4376 4 4596 4388 4387 4597
4 4570 4571 4596 4597 4 4382 4383 4567 4566
4 4598 4211 4210 4382 4 4598 4382 4566 4570
4 4597 4387 4314 4385 4 4385 4384 4211 4598
4 4597 4385 4598 4570 4 4397 3038 3036 4226
4 4599 4600 4398 4397 4 4599 4397 4226 4225
4 4396 4231 4402 4401 4 4401 4400 4600 4599
4 4396 4401 4599 4225 4 4404 4402 4231 4230
4 4601 4602 4405 4404 4 4601 4404 4230 4229
4 4403 4235 4320 4407 4 4407 4406 4602 4601
4 4403 4407 4601 4229 4 4603 4461 4324 4408
4 4408 4241 4240 4604 4 4605 4603 4408 4604
4 4604 4240 4411 4410 4 4410 4409 4606 4607
4 4605 4604 4410 4607 4 4608 4606 4409 4412
4 4412 4246 4245 4609 4 4610 4608 4412 4609
4 4609 4245 4415 4414 4 4414 4413 4611 4612
4 4610 4609 4414 4612 4 4613 4611 4413 4416
4 4416 4251 4250 4614 4 4615 4613 4416 4614
4 4614 4250 4419 4418 4 4418 4417 4616 4617
4 4615 4614 4418 4617 4 4618 4616 4417 4420
4 4420 4256 4255 4619 4 4620 4618 4420 4619
4 4619 4255 4423 4422 4 4422 4421 4621 4622
4 4620 4619 4422 4622 4 4623 4621 4421 4424
4 4424 4261 4260 4624 4 4625 4623 4424 4624
4 4624 4260 4427 4426 4 4426 4425 4626 4627
4 4625 4624 4426 4627 4 4628 4626 4425 4428
4 4428 4266 4265 4629 4 4630 4628 4428 4629
4 4629 4265 4431 4430 4 4430 4429 4631 4632
4 4630 4629 4430 4632 4 4633 4631 4429 4432
4 4432 4271 4270 4634 4 4635 4633 4432 4634
4 4634 4270 4434 4433 4 4433 4328 4463 4636
4 4635 4634 4433 4636 4 4572 4278 4435 4637
4 4572 4637 4437 4436 4 4574 4280 4439 4638
4 4574 4638 4441 4440 4 4573 4572 4436 4442
4 4442 4282 4446 4445 4 4444 4573 4442 4445
4 4575 4574 4440 4447 4 4447 4288 4287 4450
4 4449 4575 4447 4450 4 3061 3031 3030 4145
4 4361 3052 3051 3064 4 4383 3057 3056 3071
4 4582 4361 3064 3065 4 3067 3034 3033 4593
4 3069 3068 4568 4567 4 3069 4567 4383 3071
4 3442 3441 4537 4639 4 4639 4476 3698 3697
4 3442 4639 3697 3443 4 3105 3104 4640 4641
5 3133 3105 4641 4642 4643 5 4644 4645 3657
3133 4643 5 4646 4647 4648 3916 3676 6 3304
3303 4649 4650 4651 4652 5 4653 4654 3924 3304
4652 4 4655 4656 3934 3929 5 3463 3462 4657
4658 4659 4 3483 3463 4659 4660 4 3512 3483
4660 4661 7 3980 3979 3512 4661 4662 4663 4664
4 4665 3994 3980 4664 5 4666 4667 4668 4008
3995 5 4669 4670 4671 4020 4009 5 4672 4673
4674 3612 3611 4 4675 4676 3628 3613 6 4677
4678 4679 4680 3648 3629 5 4644 4643 4642 4681
4682 4 4683 4646 3676 3675 5 4648 4647 4684
4685 4686 4 4649 3303 3916 4648 4 4650 4649
4648 4686 5 4653 4652 4651 4687 4688 4 4655
3929 3928 4689 5 4657 3462 3952 4690 4691 5
4692 4658 4657 4691 4693 5 4665 4664 4663 4694
4695 4 4666 3995 3994 4665 6 4696 4666 4665
4695 4697 4698 4 4699 4696 4698 4700 5 4669
4009 4008 4668 4701 4 4702 4703 4704 4705 4
4706 4702 4705 4707 5 4672 3611 4020 4671 4708
4 4709 4710 4711 4712 4 4713 4709 4712 4714
5 4675 3613 3612 4674 4715 4 4716 4717 4718
4719 6 4676 4675 4716 4719 4720 4721 4 4677
3629 3628 4676 5 4678 4677 4676 4721 4722 4
4723 4034 3658 3657 4 4724 4725 4656 4655 4
4690 3952 4539 4726 4 4691 4690 4726 4727 4
4728 4723 3657 4645 4 4729 4728 4645 4644 4
4730 4729 4644 4682 4 4683 3675 4039 4731 4
4732 4647 4646 4683 4 4732 4683 4731 4733 4
4734 4684 4647 4732 4 4734 4732 4733 4735 4
4736 4724 4655 4689 4 4689 3928 3924 4654 4
4736 4689 4654 4653 4 4737 4738 4724 4736 4
4737 4736 4653 4688 4 4739 4725 4724 4738 4
4740 4741 4692 4693 4 4740 4693 4691 4727 4
4699 4700 4742 4743 4 4667 4666 4696 4699 4
4668 4667 4699 4743 4 4743 4742 4704 4703 4
4703 4702 4669 4701 4 4668 4743 4703 4701 4
4706 4707 4744 4745 4 4670 4669 4702 4706 4
4671 4670 4706 4745 4 4745 4744 4711 4710 4
4710 4709 4672 4708 4 4671 4745 4710 4708 4
4713 4714 4746 4747 4 4673 4672 4709 4713 4
4674 4673 4713 4747 4 4747 4746 4718 4717 4
4717 4716 4675 4715 4 4674 4747 4717 4715 4
4748 4749 4750 4751 4 4752 4748 4751 4753 4
4754 4752 4753 4755 4 4756 4754 4755 4757 4
4758 4756 4757 4759 4 4760 4758 4759 4761 4
4762 4760 4761 4763 4 4764 4762 4763 4765 4
4766 4764 4765 4767 4 4768 4766 4767 4769 4
4770 4768 4769 4771 4 4772 4770 4771 4773 4
4774 4772 4773 4775 4 4776 4774 4775 4777 4
4778 4776 4777 4779 4 4780 4778 4779 4781 4
4782 4780 4781 4783 4 4784 4782 4783 4785 4
4786 4784 4785 4787 4 4788 4786 4787 4789 4
4790 4788 4789 4791 4 4792 4790 4791 4793 4
4794 4792 4793 4795 4 4796 4794 4795 4797 4
4796 4797 4798 4799 4 4800 4801 4749 4748 4
4802 4800 4748 4752 4 4803 4802 4752 4754 4
4804 4803 4754 4756 4 4805 4804 4756 4758 4
4806 4805 4758 4760 4 4807 4806 4760 4762 4
4808 4807 4762 4764 4 4809 4808 4764 4766 4
4810 4809 4766 4768 4 4811 4810 4768 4770 4
4812 4811 4770 4772 4 4813 4812 4772 4774 4
4814 4813 4774 4776 4 4815 4814 4776 4778 4
4816 4815 4778 4780 4 4817 4816 4780 4782 4
4818 4817 4782 4784 4 4819 4818 4784 4786 4
4820 4819 4786 4788 4 4821 4820 4788 4790 4
4822 4821 4790 4792 4 4823 4822 4792 4794 4
4824 4823 4794 4796 4 4824 4796 4799 4825 4
4826 4827 4801 4800 4 4828 4826 4800 4802 4
4829 4828 4802 4803 4 4830 4829 4803 4804 4
4831 4830 4804 4805 4 4832 4831 4805 4806 4
4833 4832 4806 4807 4 4834 4833 4807 4808 4
4835 4834 4808 4809 4 4836 4835 4809 4810 4
4837 4836 4810 4811 4 4838 4837 4811 4812 4
4839 4838 4812 4813 4 4840 4839 4813 4814 4
4841 4840 4814 4815 4 4842 4841 4815 4816 4
4843 4842 4816 4817 4 4844 4843 4817 4818 4
4845 4844 4818 4819 4 4846 4845 4819 4820 4
4847 4846 4820 4821 4 4848 4847 4821 4822 4
4849 4848 4822 4823 4 4850 4849 4823 4824 4
4850 4824 4825 4851 4 4852 4853 4827 4826 4
4854 4852 4826 4828 4 4855 4854 4828 4829 4
4856 4855 4829 4830 4 4857 4856 4830 4831 4
4858 4857 4831 4832 4 4859 4858 4832 4833 4
4860 4859 4833 4834 4 4861 4860 4834 4835 4
4862 4861 4835 4836 4 4863 4862 4836 4837 4
4864 4863 4837 4838 4 4865 4864 4838 4839 4
4866 4865 4839 4840 4 4867 4866 4840 4841 4
4868 4867 4841 4842 4 4869 4868 4842 4843 4
4870 4869 4843 4844 4 4871 4870 4844 4845 4
4872 4871 4845 4846 4 4873 4872 4846 4847 4
4874 4873 4847 4848 4 4875 4874 4848 4849 4
4876 4875 4849 4850 4 4876 4850 4851 4877 4
4878 4879 4853 4852 4 4880 4878 4852 4854 4
4881 4880 4854 4855 4 4882 4881 4855 4856 4
4883 4882 4856 4857 4 4884 4883 4857 4858 4
4885 4884 4858 4859 4 4886 4885 4859 4860 4
4887 4886 4860 4861 4 4888 4887 4861 4862 4
4889 4888 4862 4863 4 4890 4889 4863 4864 4
4891 4890 4864 4865 4 4892 4891 4865 4866 4
4893 4892 4866 4867 4 4894 4893 4867 4868 4
4895 4894 4868 4869 4 4896 4895 4869 4870 4
4897 4896 4870 4871 4 4898 4897 4871 4872 4
4899 4898 4872 4873 4 4900 4899 4873 4874 4
4901 4900 4874 4875 4 4902 4901 4875 4876 4
4902 4876 4877 4903 4 4904 4905 4879 4878 4
4906 4904 4878 4880 4 4907 4906 4880 4881 4
4908 4907 4881 4882 4 4909 4908 4882 4883 4
4910 4909 4883 4884 4 4911 4910 4884 4885 4
4912 4911 4885 4886 4 4913 4912 4886 4887 4
4914 4913 4887 4888 4 4915 4914 4888 4889 4
4916 4915 4889 4890 4 4917 4916 4890 4891 4
4918 4917 4891 4892 4 4919 4918 4892 4893 4
4920 4919 4893 4894 4 4921 4920 4894 4895 4
4922 4921 4895 4896 4 4923 4922 4896 4897 4
4924 4923 4897 4898 4 4925 4924 4898 4899 4
4926 4925 4899 4900 4 4927 4926 4900 4901 4
4928 4927 4901 4902 4 4928 4902 4903 4929 4
4930 4931 4905 4904 4 4932 4930 4904 4906 4
4933 4932 4906 4907 4 4934 4933 4907 4908 4
4935 4934 4908 4909 4 4936 4935 4909 4910 4
4937 4936 4910 4911 4 4938 4937 4911 4912 4
4939 4938 4912 4913 4 4940 4939 4913 4914 4
4941 4940 4914 4915 4 4942 4941 4915 4916 4
4943 4942 4916 4917 4 4944 4943 4917 4918 4
4945 4944 4918 4919 4 4946 4945 4919 4920 4
4947 4946 4920 4921 4 4948 4947 4921 4922 4
4949 4948 4922 4923 4 4950 4949 4923 4924 4
4951 4950 4924 4925 4 4952 4951 4925 4926 4
4953 4952 4926 4927 4 4954 4953 4927 4928 4
4954 4928 4929 4955 4 4956 4957 4931 4930 4
4958 4956 4930 4932 4 4959 4958 4932 4933 4
4960 4959 4933 4934 4 4961 4960 4934 4935 4
4962 4961 4935 4936 4 4963 4962 4936 4937 4
4964 4963 4937 4938 4 4965 4964 4938 4939 4
4966 4965 4939 4940 4 4967 4966 4940 4941 4
4968 4967 4941 4942 4 4969 4968 4942 4943 4
4970 4969 4943 4944 4 4971 4970 4944 4945 4
4972 4971 4945 4946 4 4973 4972 4946 4947 4
4974 4973 4947 4948 4 4975 4974 4948 4949 4
4976 4975 4949 4950 4 4977 4976 4950 4951 4
4978 4977 4951 4952 4 4979 4978 4952 4953 4
4980 4979 4953 4954 4 4980 4954 4955 4981 4
4982 4983 4957 4956 4 4984 4982 4956 4958 4
4985 4984 4958 4959 4 4986 4985 4959 4960 4
4987 4986 4960 4961 4 4988 4987 4961 4962 4
4989 4988 4962 4963 4 4990 4989 4963 4964 4
4991 4990 4964 4965 4 4992 4991 4965 4966 4
4993 4992 4966 4967 4 4994 4993 4967 4968 4
4995 4994 4968 4969 4 4996 4995 4969 4970 4
4997 4996 4970 4971 4 4998 4997 4971 4972 4
4999 4998 4972 4973 4 5000 4999 4973 4974 4
5001 5000 4974 4975 4 5002 5001 4975 4976 4
5003 5002 4976 4977 4 5004 5003 4977 4978 4
5005 5004 4978 4979 4 5006 5005 4979 4980 4
5006 4980 4981 5007 4 5008 5009 4983 4982 4
5010 5008 4982 4984 4 5011 5010 4984 4985 4
5012 5011 4985 4986 4 5013 5012 4986 4987 4
5014 5013 4987 4988 4 5015 5014 4988 4989 4
5016 5015 4989 4990 4 5017 5016 4990 4991 4
5018 5017 4991 4992 4 5019 5018 4992 4993 4
5020 5019 4993 4994 4 5021 5020 4994 4995 4
5022 5021 4995 4996 4 5023 5022 4996 4997 4
5024 5023 4997 4998 4 5025 5024 4998 4999 4
5026 5025 4999 5000 4 5027 5026 5000 5001 4
5028 5027 5001 5002 4 5029 5028 5002 5003 4
5030 5029 5003 5004 4 5031 5030 5004 5005 4
5032 5031 5005 5006 4 5032 5006 5007 5033 4
5034 5035 5009 5008 4 5036 5034 5008 5010 4
5037 5036 5010 5011 4 5038 5037 5011 5012 4
5039 5038 5012 5013 4 5040 5039 5013 5014 4
5041 5040 5014 5015 4 5042 5041 5015 5016 4
5043 5042 5016 5017 4 5044 5043 5017 5018 4
5045 5044 5018 5019 4 5046 5045 5019 5020 4
5047 5046 5020 5021 4 5048 5047 5021 5022 4
5049 5048 5022 5023 4 5050 5049 5023 5024 4
5051 5050 5024 5025 4 5052 5051 5025 5026 4
5053 5052 5026 5027 4 5054 5053 5027 5028 4
5055 5054 5028 5029 4 5056 5055 5029 5030 4
5057 5056 5030 5031 4 5058 5057 5031 5032 4
5058 5032 5033 5059 4 5060 5061 5035 5034 4
5062 5060 5034 5036 4 5063 5062 5036 5037 4
5064 5063 5037 5038 4 5065 5064 5038 5039 4
5066 5065 5039 5040 4 5067 5066 5040 5041 4
5068 5067 5041 5042 4 5069 5068 5042 5043 4
5070 5069 5043 5044 4 5071 5070 5044 5045 4
5072 5071 5045 5046 4 5073 5072 5046 5047 4
5074 5073 5047 5048 4 5075 5074 5048 5049 4
5076 5075 5049 5050 4 5077 5076 5050 5051 4
5078 5077 5051 5052 4 5079 5078 5052 5053 4
5080 5079 5053 5054 4 5081 5080 5054 5055 4
5082 5081 5055 5056 4 5083 5082 5056 5057 4
5084 5083 5057 5058 4 5084 5058 5059 5085 4
5086 5087 5061 5060 4 5088 5086 5060 5062 4
5089 5088 5062 5063 4 5090 5089 5063 5064 4
5091 5090 5064 5065 4 5092 5091 5065 5066 4
5093 5092 5066 5067 4 5094 5093 5067 5068 4
5095 5094 5068 5069 4 5096 5095 5069 5070 4
5097 5096 5070 5071 4 5098 5097 5071 5072 4
5099 5098 5072 5073 4 5100 5099 5073 5074 4
5101 5100 5074 5075 4 5102 5101 5075 5076 4
5103 5102 5076 5077 4 5104 5103 5077 5078 4
5105 5104 5078 5079 4 5106 5105 5079 5080 4
5107 5106 5080 5081 4 5108 5107 5081 5082 4
5109 5108 5082 5083 4 5110 5109 5083 5084 4
5110 5084 5085 5111 4 5112 5113 5087 5086 4
5114 5112 5086 5088 4 5115 5114 5088 5089 4
5116 5115 5089 5090 4 5117 5116 5090 5091 4
5118 5117 5091 5092 4 5119 5118 5092 5093 4
5120 5119 5093 5094 4 5121 5120 5094 5095 4
5122 5121 5095 5096 4 5123 5122 5096 5097 4
5124 5123 5097 5098 4 5125 5124 5098 5099 4
5126 5125 5099 5100 4 5127 5126 5100 5101 4
5128 5127 5101 5102 4 5129 5128 5102 5103 4
5130 5129 5103 5104 4 5131 5130 5104 5105 4
5132 5131 5105 5106 4 5133 5132 5106 5107 4
5134 5133 5107 5108 4 5135 5134 5108 5109 4
5136 5135 5109 5110 4 5136 5110 5111 5137 4
5138 5139 5113 5112 4 5140 5138 5112 5114 4
5141 5140 5114 5115 4 5142 5141 5115 5116 4
5143 5142 5116 5117 4 5144 5143 5117 5118 4
5145 5144 5118 5119 4 5146 5145 5119 5120 4
5147 5146 5120 5121 4 5148 5147 5121 5122 4
5149 5148 5122 5123 4 5150 5149 5123 5124 4
5151 5150 5124 5125 4 5152 5151 5125 5126 4
5153 5152 5126 5127 4 5154 5153 5127 5128 4
5155 5154 5128 5129 4 5156 5155 5129 5130 4
5157 5156 5130 5131 4 5158 5157 5131 5132 4
5159 5158 5132 5133 4 5160 5159 5133 5134 4
5161 5160 5134 5135 4 5162 5161 5135 5136 4
5162 5136 5137 5163 4 5164 5165 5139 5138 4
5166 5164 5138 5140 4 5167 5166 5140 5141 4
5168 5167 5141 5142 4 5169 5168 5142 5143 4
5170 5169 5143 5144 4 5171 5170 5144 5145 4
5172 5171 5145 5146 4 5173 5172 5146 5147 4
5174 5173 5147 5148 4 5175 5174 5148 5149 4
5176 5175 5149 5150 4 5177 5176 5150 5151 4
5178 5177 5151 5152 4 5179 5178 5152 5153 4
5180 5179 5153 5154 4 5181 5180 5154 5155 4
5182 5181 5155 5156 4 5183 5182 5156 5157 4
5184 5183 5157 5158 4 5185 5184 5158 5159 4
5186 5185 5159 5160 4 5187 5186 5160 5161 4
5188 5187 5161 5162 4 5188 5162 5163 5189 4
5190 5191 5165 5164 4 5192 5190 5164 5166 4
5193 5192 5166 5167 4 5194 5193 5167 5168 4
5195 5194 5168 5169 4 5196 5195 5169 5170 4
5197 5196 5170 5171 4 5198 5197 5171 5172 4
5199 5198 5172 5173 4 5200 5199 5173 5174 4
5201 5200 5174 5175 4 5202 5201 5175 5176 4
5203 5202 5176 5177 4 5204 5203 5177 5178 4
5205 5204 5178 5179 4 5206 5205 5179 5180 4
5207 5206 5180 5181 4 5208 5207 5181 5182 4
5209 5208 5182 5183 4 5210 5209 5183 5184 4
5211 5210 5184 5185 4 5212 5211 5185 5186 4
5213 5212 5186 5187 4 5214 5213 5187 5188 4
5214 5188 5189 5215 4 5216 5217 5191 5190 4
5218 5216 5190 5192 4 5219 5218 5192 5193 4
5220 5219 5193 5194 4 5221 5220 5194 5195 4
5222 5221 5195 5196 4 5223 5222 5196 5197 4
5224 5223 5197 5198 4 5225 5224 5198 5199 4
5226 5225 5199 5200 4 5227 5226 5200 5201 4
5228 5227 5201 5202 4 5229 5228 5202 5203 4
5230 5229 5203 5204 4 5231 5230 5204 5205 4
5232 5231 5205 5206 4 5233 5232 5206 5207 4
5234 5233 5207 5208 4 5235 5234 5208 5209 4
5236 5235 5209 5210 4 5237 5236 5210 5211 4
5238 5237 5211 5212 4 5239 5238 5212 5213 4
5240 5239 5213 5214 4 5240 5214 5215 5241 4
5242 5243 5217 5216 4 5244 5242 5216 5218 4
5245 5244 5218 5219 4 5246 5245 5219 5220 4
5247 5246 5220 5221 4 5248 5247 5221 5222 4
5249 5248 5222 5223 4 5250 5249 5223 5224 4
5251 5250 5224 5225 4 5252 5251 5225 5226 4
5253 5252 5226 5227 4 5254 5253 5227 5228 4
5255 5254 5228 5229 4 5256 5255 5229 5230 4
5257 5256 5230 5231 4 5258 5257 5231 5232 4
5259 5258 5232 5233 4 5260 5259 5233 5234 4
5261 5260 5234 5235 4 5262 5261 5235 5236 4
5263 5262 5236 5237 4 5264 5263 5237 5238 4
5265 5264 5238 5239 4 5266 5265 5239 5240 4
5266 5240 5241 5267 4 5268 5269 5243 5242 4
5270 5268 5242 5244 4 5271 5270 5244 5245 4
5272 5271 5245 5246 4 5273 5272 5246 5247 4
5274 5273 5247 5248 4 5275 5274 5248 5249 4
5276 5275 5249 5250 4 5277 5276 5250 5251 4
5278 5277 5251 5252 4 5279 5278 5252 5253 4
5280 5279 5253 5254 4 5281 5280 5254 5255 4
5282 5281 5255 5256 4 5283 5282 5256 5257 4
5284 5283 5257 5258 4 5285 5284 5258 5259 4
5286 5285 5259 5260 4 5287 5286 5260 5261 4
5288 5287 5261 5262 4 5289 5288 5262 5263 4
5290 5289 5263 5264 4 5291 5290 5264 5265 4
5292 5291 5265 5266 4 5292 5266 5267 5293 4
5294 5295 5269 5268 4 5296 5294 5268 5270 4
5297 5296 5270 5271 4 5298 5297 5271 5272 4
5299 5298 5272 5273 4 5300 5299 5273 5274 4
5301 5300 5274 5275 4 5302 5301 5275 5276 4
5303 5302 5276 5277 4 5304 5303 5277 5278 4
5305 5304 5278 5279 4 5306 5305 5279 5280 4
5307 5306 5280 5281 4 5308 5307 5281 5282 4
5309 5308 5282 5283 4 5310 5309 5283 5284 4
5311 5310 5284 5285 4 5312 5311 5285 5286 4
5313 5312 5286 5287 4 5314 5313 5287 5288 4
5315 5314 5288 5289 4 5316 5315 5289 5290 4
5317 5316 5290 5291 4 5318 5317 5291 5292 4
5318 5292 5293 5319 4 5320 5321 5295 5294 4
5322 5320 5294 5296 4 5323 5322 5296 5297 4
5324 5323 5297 5298 4 5325 5324 5298 5299 4
5326 5325 5299 5300 4 5327 5326 5300 5301 4
5328 5327 5301 5302 4 5329 5328 5302 5303 4
5330 5329 5303 5304 4 5331 5330 5304 5305 4
5332 5331 5305 5306 4 5333 5332 5306 5307 4
5334 5333 5307 5308 4 5335 5334 5308 5309 4
5336 5335 5309 5310 4 5337 5336 5310 5311 4
5338 5337 5311 5312 4 5339 5338 5312 5313 4
5340 5339 5313 5314 4 5341 5340 5314 5315 4
5342 5341 5315 5316 4 5343 5342 5316 5317 4
5344 5343 5317 5318 4 5344 5318 5319 5345 4
5346 5347 5321 5320 4 5348 5346 5320 5322 4
5349 5348 5322 5323 4 5350 5349 5323 5324 4
5351 5350 5324 5325 4 5352 5351 5325 5326 4
5353 5352 5326 5327 4 5354 5353 5327 5328 4
5355 5354 5328 5329 4 5356 5355 5329 5330 4
5357 5356 5330 5331 4 5358 5357 5331 5332 4
5359 5358 5332 5333 4 5360 5359 5333 5334 4
5361 5360 5334 5335 4 5362 5361 5335 5336 4
5363 5362 5336 5337 4 5364 5363 5337 5338 4
5365 5364 5338 5339 4 5366 5365 5339 5340 4
5367 5366 5340 5341 4 5368 5367 5341 5342 4
5369 5368 5342 5343 4 5370 5369 5343 5344 4
5370 5344 5345 5371 4 5372 5373 5347 5346 4
5374 5372 5346 5348 4 5375 5374 5348 5349 4
5376 5375 5349 5350 4 5377 5376 5350 5351 4
5378 5377 5351 5352 4 5379 5378 5352 5353 4
5380 5379 5353 5354 4 5381 5380 5354 5355 4
5382 5381 5355 5356 4 5383 5382 5356 5357 4
5384 5383 5357 5358 4 5385 5384 5358 5359 4
5386 5385 5359 5360 4 5387 5386 5360 5361 4
5388 5387 5361 5362 4 5389 5388 5362 5363 4
5390 5389 5363 5364 4 5391 5390 5364 5365 4
5392 5391 5365 5366 4 5393 5392 5366 5367 4
5394 5393 5367 5368 4 5395 5394 5368 5369 4
5396 5395 5369 5370 4 5396 5370 5371 5397 4
5398 5399 5373 5372 4 5400 5398 5372 5374 4
5401 5400 5374 5375 4 5402 5401 5375 5376 4
5403 5402 5376 5377 4 5404 5403 5377 5378 4
5405 5404 5378 5379 4 5406 5405 5379 5380 4
5407 5406 5380 5381 4 5408 5407 5381 5382 4
5409 5408 5382 5383 4 5410 5409 5383 5384 4
5411 5410 5384 5385 4 5412 5411 5385 5386 4
5413 5412 5386 5387 4 5414 5413 5387 5388 4
5415 5414 5388 5389 4 5416 5415 5389 5390 4
5417 5416 5390 5391 4 5418 5417 5391 5392 4
5419 5418 5392 5393 4 5420 5419 5393 5394 4
5421 5420 5394 5395 4 5422 5421 5395 5396 4
5422 5396 5397 5423 4 5424 5425 5426 5427 4
5428 5424 5427 5429 4 5430 5428 5429 5431 4
5430 5431 4750 4749 5 5432 5433 5434 5425 5424
4 5435 5432 5424 5428 4 5436 5435 5428 5430
4 5436 5430 4749 4801 4 5437 5438 5434 5433
6 5439 5440 5441 5442 5432 5435 4 5443 5439
5435 5436 4 5443 5436 4801 4827 4 5444 5445
5446 5447 5 5441 5440 5448 5449 5450 5 5451
5452 5453 5439 5443 4 5451 5443 4827 4853 4
5454 5455 5456 5457 5 5458 5459 5460 5452 5451
4 5458 5451 4853 4879 4 5461 5462 5463 5464
5 5465 5466 5467 5459 5458 4 5465 5458 4879
4905 4 5468 5469 5470 5471 5 5472 5473 5474
5466 5465 4 5472 5465 4905 4931 4 5475 5476
5477 5478 5 5479 5480 5481 5473 5472 4 5479
5472 4931 4957 4 5482 5483 5484 5485 5 5486
5487 5488 5480 5479 4 5486 5479 4957 4983 4
5489 5490 5491 5492 5 5493 5494 5495 5487 5486
4 5493 5486 4983 5009 4 5496 5497 5498 5499
5 5500 5501 5502 5494 5493 4 5500 5493 5009
5035 4 5503 5504 5505 5506 5 5507 5508 5509
5501 5500 4 5507 5500 5035 5061 4 5510 5511
5512 5513 5 5514 5515 5516 5508 5507 4 5514
5507 5061 5087 4 5517 5518 5519 5520 5 5521
5522 5523 5515 5514 4 5521 5514 5087 5113 4
5524 5525 5526 5527 5 5528 5529 5530 5522 5521
4 5528 5521 5113 5139 4 5531 5532 5533 5534
5 5535 5536 5537 5529 5528 4 5535 5528 5139
5165 4 5538 5539 5540 5541 6 5542 5543 5544
5545 5546 5547 5 5548 5549 5550 5536 5535 4
5548 5535 5165 5191 5 5551 5552 5553 5554 5555
5 5556 5551 5555 5557 5549 4 5558 5556 5549
5548 4 5558 5548 5191 5217 4 5559 5560 5552
5551 4 5561 5559 5551 5556 4 5562 5561 5556
5558 4 5562 5558 5217 5243 4 5563 5564 5560
5559 4 5565 5563 5559 5561 4 5566 5565 5561
5562 4 5566 5562 5243 5269 4 5567 5568 5564
5563 4 5569 5567 5563 5565 4 5570 5569 5565
5566 4 5570 5566 5269 5295 4 5571 5572 5568
5567 4 5573 5571 5567 5569 4 5574 5573 5569
5570 4 5574 5570 5295 5321 4 5575 5576 5572
5571 4 5577 5575 5571 5573 4 5578 5577 5573
5574 4 5578 5574 5321 5347 4 5579 5580 5576
5575 4 5581 5579 5575 5577 4 5582 5581 5577
5578 4 5582 5578 5347 5373 4 5583 5584 5580
5579 4 5585 5583 5579 5581 4 5586 5585 5581
5582 4 5586 5582 5373 5399 4 5587 5444 5447
5588 4 5441 5450 5589 5590 4 5457 5591 5592
5593 4 5594 5538 5541 5595 5 5553 5596 5597
5598 5599 4 5542 5547 5600 5601 5 5554 5553
5599 5602 5603 5 5555 5554 5603 5604 5546 4
5437 5433 5432 5442 5 5605 5445 5444 5438 5437
5 5605 5437 5442 5441 5590 4 5446 5445 5605
5606 4 5607 5608 5447 5446 4 5609 5607 5446
5606 4 5448 5440 5439 5453 6 5610 5454 5457
5593 5449 5448 4 5610 5448 5453 5452 4 5611
5591 5457 5456 4 5464 5612 5613 5614 5 5615
5616 5610 5452 5460 4 5617 5461 5464 5614 5
5618 5619 5615 5460 5459 4 5620 5612 5464 5463
4 5471 5621 5622 5623 5 5624 5625 5618 5459
5467 4 5626 5468 5471 5623 5 5627 5628 5624
5467 5466 4 5629 5621 5471 5470 4 5478 5630
5631 5632 5 5633 5634 5627 5466 5474 4 5635
5475 5478 5632 5 5636 5637 5633 5474 5473 4
5638 5630 5478 5477 4 5485 5639 5640 5641 5
5642 5643 5636 5473 5481 4 5644 5482 5485 5641
5 5645 5646 5642 5481 5480 4 5647 5639 5485
5484 4 5492 5648 5649 5650 5 5651 5652 5645
5480 5488 4 5653 5489 5492 5650 5 5654 5655
5651 5488 5487 4 5656 5648 5492 5491 4 5499
5657 5658 5659 5 5660 5661 5654 5487 5495 4
5662 5496 5499 5659 5 5663 5664 5660 5495 5494
4 5665 5657 5499 5498 4 5506 5666 5667 5668
5 5669 5670 5663 5494 5502 4 5671 5503 5506
5668 5 5672 5673 5669 5502 5501 4 5674 5666
5506 5505 4 5513 5675 5676 5677 5 5678 5679
5672 5501 5509 4 5680 5510 5513 5677 5 5681
5682 5678 5509 5508 4 5683 5675 5513 5512 4
5520 5684 5685 5686 5 5687 5688 5681 5508 5516
4 5689 5517 5520 5686 5 5690 5691 5687 5516
5515 4 5692 5684 5520 5519 4 5527 5693 5694
5695 5 5696 5697 5690 5515 5523 4 5698 5524
5527 5695 5 5699 5700 5696 5523 5522 4 5701
5693 5527 5526 4 5534 5702 5703 5704 5 5705
5706 5699 5522 5530 4 5707 5531 5534 5704 5
5708 5709 5705 5530 5529 4 5710 5702 5534 5533
4 5542 5601 5711 5712 5 5713 5714 5708 5529
5537 4 5715 5543 5542 5712 5 5544 5716 5713
5537 5536 4 5540 5539 5717 5718 4 5602 5599
5541 5540 4 5603 5602 5540 5718 4 5545 5544
5536 5550 4 5557 5555 5546 5545 4 5549 5557
5545 5550 4 5719 5720 5587 5588 4 5588 5447
5608 5721 4 5719 5588 5721 5722 4 5606 5605
5590 5589 4 5589 5450 5449 5723 4 5609 5606
5589 5723 4 5723 5449 5593 5592 4 5724 5725
5594 5595 4 5595 5541 5599 5598 4 5724 5595
5598 5597 4 5718 5717 5601 5600 4 5600 5547
5546 5604 4 5603 5718 5600 5604 4 5726 4641
4640 5727 4 5728 5726 5727 5729 4 5730 5728
5729 5731 4 5732 5730 5731 5733 4 5734 5732
5733 5735 4 5736 5734 5735 5737 4 5738 5736
5737 5739 4 5738 5739 5426 5425 5 5740 5741
4642 4641 5726 5 5742 5743 5740 5726 5728 5
5744 5745 5742 5728 5730 4 5746 5744 5730 5732
4 5747 5746 5732 5734 4 5748 5747 5734 5736
4 5749 5748 5736 5738 5 5749 5738 5425 5434
5750 5 5740 5743 5751 5752 5753 5 5754 5755
5756 5742 5745 5 5757 5758 5759 5744 5746 4
5760 5757 5746 5747 4 5761 5760 5747 5748 6
5762 5763 5764 5761 5748 5749 4 5765 5762 5749
5750 4 5766 5767 5768 5769 5 5770 5771 5772
5758 5757 4 5773 5770 5757 5760 5 5774 5775
5773 5760 5761 4 5776 5774 5761 5764 6 5720
5719 5722 5777 5778 5763 4 5779 5780 5781 5782
5 5783 5784 5785 5771 5770 4 5786 5783 5770
5773 5 5787 5788 5786 5773 5775 4 5789 5790
5787 5775 4 5791 5792 5793 5794 4 5795 5796
5797 5798 5 5799 5800 5801 5784 5783 4 5802
5799 5783 5786 5 5803 5804 5802 5786 5788 4
5805 5806 5803 5788 4 5807 5808 5809 5810 4
5811 5812 5813 5814 5 5815 5816 5817 5800 5799
4 5818 5815 5799 5802 5 5819 5820 5818 5802
5804 4 5821 5822 5819 5804 4 5823 5824 5825
5826 5 5827 5828 5829 5830 5831 5 5832 5833
5834 5835 5836 5 5837 5838 5839 5816 5815 4
5840 5837 5815 5818 5 5841 5842 5840 5818 5820
4 5843 5844 5841 5820 4 5845 5846 5847 5848
6 5849 5850 4651 4650 5851 5852 6 5853 5854
5849 5852 5855 5856 6 5857 5858 5853 5856 5859
5838 5 5860 5861 5857 5838 5837 5 5862 5863
5860 5837 5840 5 5864 5865 5862 5840 5842 4
5866 5867 5864 5842 4 5868 5869 5870 5871 5
5849 5854 5872 5873 5874 5 5853 5858 5875 5876
5877 5 5857 5861 5878 5879 5880 4 5860 5863
5881 5882 7 5883 5884 5885 5886 5887 5862 5865
4 5888 5889 5883 5865 4 5890 5891 5892 5893
4 5894 5895 5896 5897 4 5898 5899 5900 5901
4 5902 5903 5904 5905 4 5906 5907 5908 5909
5 5886 5885 5910 5911 5912 4 5884 5913 5914
5915 4 5916 5917 5918 5919 4 5920 5921 5922
5923 4 5924 5925 5926 5927 4 5928 5929 5930
5931 4 5932 5933 5934 5935 4 5936 5937 5938
5939 4 5940 5941 5942 5943 4 5944 5945 5946
5947 4 5948 5949 5950 5951 4 5952 5953 5954
5955 6 5956 5957 5958 5959 5960 5961 4 5962
5963 5964 5965 4 5966 5967 5968 5969 5 5970
4659 4658 5971 5972 5 5973 5970 5972 5974 5975
5 5976 5973 5975 5977 5978 5 5979 5976 5978
5980 5981 5 5982 5979 5981 5983 5984 6 5985
5986 5982 5984 5987 5988 4 5989 5990 5985 5988
4 5991 5992 5993 5994 4 5995 4660 4659 5970
4 5996 5995 5970 5973 4 5997 5996 5973 5976
4 5998 5997 5976 5979 4 5999 5998 5979 5982
4 6000 5999 5982 5986 6 6001 6002 6000 5986
6003 6004 6 6001 6004 6005 5725 5724 5597 5
6006 6007 4661 4660 5995 5 6008 6009 6006 5995
5996 5 6010 6011 6008 5996 5997 5 6012 6013
6010 5997 5998 5 6014 6015 6012 5998 5999 4
6016 6014 5999 6000 4 6017 6016 6000 6002 5
6017 6002 5596 5553 5552 4 6006 6009 6018 6019
4 6008 6011 6020 6021 4 6010 6013 6022 6023
4 6012 6015 6024 6025 5 6026 6027 6028 6014
6016 4 6029 6026 6016 6017 4 6029 6017 5552
5560 4 6030 6031 6032 6033 4 6034 6035 6036
6037 4 6038 6039 6040 6041 4 6042 6043 6044
6045 5 6046 6047 6048 6027 6026 4 6049 6046
6026 6029 4 6049 6029 5560 5564 5 6050 6051
6052 6047 6046 4 6053 6050 6046 6049 4 6053
6049 5564 5568 5 6054 6055 6056 6051 6050 4
6057 6054 6050 6053 4 6057 6053 5568 5572 5
6058 6059 6060 6055 6054 4 6061 6058 6054 6057
4 6061 6057 5572 5576 5 6062 6063 6064 6059
6058 4 6065 6062 6058 6061 4 6065 6061 5576
5580 5 6066 6067 6068 6069 6070 5 6071 6072
6073 6074 6075 5 6076 6077 6078 6079 6080 5
6081 6082 6083 6084 6085 5 6086 6087 6088 6063
6062 4 6089 6086 6062 6065 4 6089 6065 5580
5584 4 5754 5745 5744 5759 4 6090 5766 5769
6091 5 6092 6093 5754 5759 5758 4 6094 6095
5794 6096 5 6097 6098 6099 5800 5817 4 6100
6101 5832 5836 5 5833 6102 6097 5817 5816 4
5886 5912 6103 6104 4 5923 6105 6106 6107 4
5956 5961 6108 6109 5 5983 5981 6110 6111 6112
5 5984 5983 6112 6113 5960 4 5596 6002 6001
5597 4 6030 6033 6114 6115 5 6116 6117 6118
6027 6048 5 6119 6120 6116 6048 6047 4 6070
6121 6122 6123 5 6124 6125 6126 6059 6064 4
6127 6128 6081 6085 5 6082 6129 6124 6064 6063
5 6130 6131 5741 5740 5753 5 6132 5751 5743
5742 5756 4 5765 5750 5434 5438 4 5720 5763
5762 5765 5 5587 5720 5765 5438 5444 5 6133
6134 6092 5758 5772 4 6135 5779 5782 6136 5
6137 6138 6133 5772 5771 4 5776 5764 5763 5778
4 5789 5775 5774 5776 5 6094 6096 5789 5776
5778 5 6139 6140 6137 5771 5785 4 6141 5795
5798 6142 5 6143 6144 6139 5785 5784 4 6145
6146 6147 6148 5 6149 6150 6143 5784 5801 4
6151 5811 5814 6152 5 6153 6149 5801 5800 6099
4 6154 6155 6156 6157 4 5831 6158 6159 6160
4 6161 5827 5831 6160 4 6162 6163 6100 5836
4 5812 5811 6099 6098 4 6164 6165 5813 5812
4 6164 5812 6098 6097 4 6166 6167 6168 6169
5 6170 6171 6158 5831 5830 4 5852 5851 6170
5830 5 5829 5828 6162 5836 5835 4 5855 5852
5830 5829 4 5856 5855 5829 5835 4 5834 5833
5816 5839 4 5859 5856 5835 5834 4 5838 5859
5834 5839 4 6172 6173 6174 6175 4 6176 6177
6178 6179 5 6180 6181 5850 5849 5874 4 5897
6182 6183 6184 5 6185 5872 5854 5853 5877 4
5894 5897 6184 6186 4 5901 6187 6188 6189 5
6190 5875 5858 5857 5880 4 5898 5901 6189 6191
4 5905 6192 6193 6194 5 6195 5878 5861 5860
5882 4 5902 5905 6194 6196 4 5909 6197 6198
6199 4 5881 5863 5862 5887 6 6200 5906 5909
6199 5882 5881 5 6200 5881 5887 5886 6104 4
6201 6202 6203 6204 4 6182 5897 5896 6205 4
6187 5901 5900 6206 4 6192 5905 5904 6207 4
6197 5909 5908 6208 4 6209 5907 5906 6200 4
5910 5885 5884 5915 6 6210 5920 5923 6107 5911
5910 4 6210 5910 5915 5924 4 6211 6212 6213
6214 4 6215 6105 5923 5922 4 5935 6216 6217
6218 5 6219 6220 6210 5924 5927 4 6221 5932
5935 6218 5 6222 6223 6219 5927 5936 4 6224
6225 6226 6227 4 6228 6216 5935 5934 4 5947
6229 6230 6231 5 6232 6233 6222 5936 5939 4
6234 5944 5947 6231 5 6235 6236 6232 5939 5948
4 6237 6238 6239 6240 4 6241 6229 5947 5946
4 5956 6109 6242 6243 5 6244 6245 6235 5948
5951 4 6246 5957 5956 6243 5 5958 6247 6244
5951 5962 4 6248 6249 6250 6251 5 5972 5971
6252 6253 6254 5 5974 5972 6254 6255 6256 5
5975 5974 6256 6257 6258 5 5977 5975 6258 6259
6260 5 5978 5977 6260 6261 6262 5 5980 5978
6262 6263 6264 5 6110 5981 5980 6264 6265 4
6111 6110 6266 6267 4 6112 6111 6267 6268 4
5959 5958 5962 5965 4 5987 5984 5960 5959 4
5988 5987 5959 5965 4 6269 6270 6271 6272 4
6273 5725 6005 6274 4 6275 6007 6006 6019 5
6276 6275 6019 6030 6115 4 6277 6278 6276 6279
4 6280 6281 6277 6279 4 6034 6037 6282 6283
4 6038 6041 6284 6285 4 6042 6045 6286 6287
5 6288 6289 6119 6047 6052 5 6290 6291 6288
6052 6051 5 6292 6293 6290 6051 6056 5 6294
6295 6292 6056 6055 5 6296 6297 6294 6055 6060
5 6298 6296 6060 6059 6126 4 6299 6066 6070
6123 4 6075 6300 6301 6302 4 6303 6071 6075
6302 4 6080 6304 6305 6306 4 6307 6076 6080
6306 4 6308 6309 6127 6085 4 6310 6311 6126
6125 4 6312 6310 6125 6124 5 6313 6314 6121
6070 6069 4 6315 6316 6313 6069 5 6068 6067
6300 6075 6074 4 6317 6315 6069 6068 4 6318
6317 6068 6074 5 6073 6072 6304 6080 6079 4
6319 6318 6074 6073 4 6320 6319 6073 6079 5
6078 6077 6308 6085 6084 4 6321 6320 6079 6078
4 6322 6321 6078 6084 4 6083 6082 6063 6088
4 6323 6322 6084 6083 4 6323 6083 6088 6087
4 6095 6094 5778 5777 4 6324 5791 5794 6095
4 6324 6095 5777 5722 4 6101 6100 6165 6164
4 6102 5833 5832 6101 4 6102 6101 6164 6097
4 6209 6200 6104 6103 4 6325 6103 5912 5911
4 6325 5911 6107 6106 4 6108 5961 5960 6113
4 6108 6113 6112 6268 4 6279 6276 6115 6114
4 6114 6033 6326 6327 4 6280 6279 6114 6327
4 6120 6119 6328 6329 4 6116 6120 6329 6330
4 6331 6332 6123 6122 4 6122 6121 6314 6333
4 6334 6331 6122 6333 4 6128 6127 6335 6312
4 6129 6082 6081 6128 4 6129 6128 6312 6124
4 6336 6337 5456 5455 4 5455 5454 5610 5616
4 6336 5455 5616 5615 4 6338 6339 5463 5462
4 5462 5461 5618 5625 4 6338 5462 5625 5624
4 6340 6341 5470 5469 4 5469 5468 5627 5634
4 6340 5469 5634 5633 4 6342 6343 5477 5476
4 5476 5475 5636 5643 4 6342 5476 5643 5642
4 6344 6345 5484 5483 4 5483 5482 5645 5652
4 6344 5483 5652 5651 4 6346 6347 5491 5490
4 5490 5489 5654 5661 4 6346 5490 5661 5660
4 6348 6349 5498 5497 4 5497 5496 5663 5670
4 6348 5497 5670 5669 4 6350 6351 5505 5504
4 5504 5503 5672 5679 4 6350 5504 5679 5678
4 6352 6353 5512 5511 4 5511 5510 5681 5688
4 6352 5511 5688 5687 4 6354 6355 5519 5518
4 5518 5517 5690 5697 4 6354 5518 5697 5696
4 6356 6357 5526 5525 4 5525 5524 5699 5706
4 6356 5525 5706 5705 4 6358 6359 5533 5532
4 5532 5531 5708 5714 4 6358 5532 5714 5713
4 6360 5611 5456 6337 4 5614 5613 6360 6337
4 5617 5614 6337 6336 4 5619 5618 5461 5617
4 5619 5617 6336 5615 4 6361 5620 5463 6339
4 5623 5622 6361 6339 4 5626 5623 6339 6338
4 5628 5627 5468 5626 4 5628 5626 6338 5624
4 6362 5629 5470 6341 4 5632 5631 6362 6341
4 5635 5632 6341 6340 4 5637 5636 5475 5635
4 5637 5635 6340 5633 4 6363 5638 5477 6343
4 5641 5640 6363 6343 4 5644 5641 6343 6342
4 5646 5645 5482 5644 4 5646 5644 6342 5642
4 6364 5647 5484 6345 4 5650 5649 6364 6345
4 5653 5650 6345 6344 4 5655 5654 5489 5653
4 5655 5653 6344 5651 4 6365 5656 5491 6347
4 5659 5658 6365 6347 4 5662 5659 6347 6346
4 5664 5663 5496 5662 4 5664 5662 6346 5660
4 6366 5665 5498 6349 4 5668 5667 6366 6349
4 5671 5668 6349 6348 4 5673 5672 5503 5671
4 5673 5671 6348 5669 4 6367 5674 5505 6351
4 5677 5676 6367 6351 4 5680 5677 6351 6350
4 5682 5681 5510 5680 4 5682 5680 6350 5678
4 6368 5683 5512 6353 4 5686 5685 6368 6353
4 5689 5686 6353 6352 4 5691 5690 5517 5689
4 5691 5689 6352 5687 4 6369 5692 5519 6355
4 5695 5694 6369 6355 4 5698 5695 6355 6354
4 5700 5699 5524 5698 4 5700 5698 6354 5696
4 6370 5701 5526 6357 4 5704 5703 6370 6357
4 5707 5704 6357 6356 4 5709 5708 5531 5707
4 5709 5707 6356 5705 4 6371 5710 5533 6359
4 5712 5711 6371 6359 4 5715 5712 6359 6358
4 5716 5544 5543 5715 4 5716 5715 6358 5713
4 5767 5766 6092 6134 4 6372 6373 5768 5767
4 6372 5767 6134 6133 4 5780 5779 6137 6140
4 6374 6375 5781 5780 4 6374 5780 6140 6139
5 5790 5789 6096 6376 6377 4 5805 5788 5787
5790 5 5805 5790 6377 6378 6379 4 5793 5792
6145 6148 4 6376 6096 5794 5793 4 6377 6376
5793 6148 4 5796 5795 6143 6150 4 6380 6381
5797 5796 4 6380 5796 6150 6149 5 5806 5805
6379 6382 6383 4 5821 5804 5803 5806 5 5821
5806 6383 6384 6385 4 5807 5810 6154 6157 4
6382 6379 5808 5807 4 6383 6382 5807 6157 5
5822 5821 6385 6386 6387 4 5843 5820 5819 5822
5 5843 5822 6387 6388 6389 4 5823 5826 6166
6169 4 6386 6385 5824 5823 4 6387 6386 5823
6169 5 5844 5843 6389 6390 6391 4 5866 5842
5841 5844 5 5866 5844 6391 6392 6393 4 5845
5848 6172 6175 4 6390 6389 5846 5845 4 6391
6390 5845 6175 5 5867 5866 6393 6394 6395 4
5888 5865 5864 5867 5 5888 5867 6395 6396 6397
4 5868 5871 6176 6179 4 6394 6393 5869 5868
4 6395 6394 5868 6179 5 5889 5888 6397 6398
6399 4 5913 5884 5883 5889 5 5913 5889 6399
6400 6401 4 5890 5893 6201 6204 4 6398 6397
5891 5890 4 6399 6398 5890 6204 4 6402 6403
5895 5894 4 6404 6405 5899 5898 4 6406 6407
5903 5902 5 5914 5913 6401 6408 6409 4 5925
5924 5915 5914 5 5925 5914 6409 6410 6411 4
5916 5919 6211 6214 4 6408 6401 5917 5916 4
6409 6408 5916 6214 4 6412 6413 5922 5921 4
5921 5920 6210 6220 4 6412 5921 6220 6219 5
5926 5925 6411 6414 6415 4 5937 5936 5927 5926
5 5937 5926 6415 6416 6417 4 5928 5931 6224
6227 4 6414 6411 5929 5928 4 6415 6414 5928
6227 4 6418 6419 5934 5933 4 5933 5932 6222
6233 4 6418 5933 6233 6232 5 5938 5937 6417
6420 6421 4 5949 5948 5939 5938 5 5949 5938
6421 6422 6423 4 5940 5943 6237 6240 4 6420
6417 5941 5940 4 6421 6420 5940 6240 4 6424
6425 5946 5945 4 5945 5944 6235 6245 4 6424
5945 6245 6244 5 5950 5949 6423 6426 6427 4
5963 5962 5951 5950 5 5963 5950 6427 6428 6429
4 5952 5955 6248 6251 4 6426 6423 5953 5952
4 6427 6426 5952 6251 4 6255 6254 6430 6431
4 6256 6255 6431 6432 4 6259 6258 6433 6434
4 6260 6259 6434 6435 4 6263 6262 6436 6437
4 6264 6263 6437 6438 5 5964 5963 6429 6439
6440 4 5989 5988 5965 5964 5 5989 5964 6440
6441 6442 4 5966 5969 6269 6272 4 6439 6429
5967 5966 4 6440 6439 5966 6272 5 5990 5989
6442 6443 6444 4 6003 5986 5985 5990 5 6004
6003 5990 6444 6445 4 5991 5994 6446 6447 4
6443 6442 5992 5991 4 6444 6443 5991 6447 4
6018 6009 6008 6021 5 6448 6031 6030 6019 6018
5 6034 6283 6448 6018 6021 4 6020 6011 6010
6023 5 6449 6035 6034 6021 6020 5 6038 6285
6449 6020 6023 4 6022 6013 6012 6025 5 6450
6039 6038 6023 6022 5 6042 6287 6450 6022 6025
4 6024 6015 6014 6028 5 6118 6043 6042 6025
6024 4 6027 6118 6024 6028 4 6032 6031 6448
6451 4 6452 6326 6033 6032 4 6453 6452 6032
6451 4 6036 6035 6449 6454 4 6455 6456 6037
6036 4 6457 6455 6036 6454 4 6040 6039 6450
6458 4 6459 6460 6041 6040 4 6461 6459 6040
6458 4 6044 6043 6118 6117 4 6330 6462 6045
6044 4 6116 6330 6044 6117 4 6463 6328 6119
6289 4 6464 6463 6289 6288 4 6465 6466 6290
6293 4 6467 6465 6293 6292 4 6468 6469 6294
6297 4 6470 6468 6297 6296 4 6130 5753 6471
6472 4 6131 6130 6472 6473 4 6474 6471 5753
5752 4 6475 6474 5752 5751 4 6132 5756 6091
6476 4 6475 5751 6132 6476 4 6135 6136 6373
6372 4 6138 6137 5779 6135 4 6138 6135 6372
6133 4 6141 6142 6375 6374 4 6144 6143 5795
6141 4 6144 6141 6374 6139 4 6147 6146 5809
5808 4 6147 5808 6379 6378 4 6147 6378 6377
6148 4 6151 6152 6381 6380 4 6153 6099 5811
6151 4 6153 6151 6380 6149 4 6156 6155 5825
5824 4 6156 5824 6385 6384 4 6156 6384 6383
6157 4 6477 6478 6160 6159 4 6159 6158 6171
6479 4 6480 6477 6159 6479 4 6161 6160 6478
6481 4 6482 5828 5827 6161 4 6482 6161 6481
6483 4 6484 6165 6100 6163 4 6163 6162 5828
6482 4 6484 6163 6482 6483 4 6168 6167 5847
5846 4 6168 5846 6389 6388 4 6168 6388 6387
6169 4 6174 6173 5870 5869 4 6174 5869 6393
6392 4 6174 6392 6391 6175 4 6178 6177 5892
5891 4 6178 5891 6397 6396 4 6178 6396 6395
6179 4 6183 6182 6485 6486 4 6180 5874 6184
6183 4 6181 6180 6183 6486 4 6487 6402 5894
6186 4 6186 6184 5874 5873 4 6487 6186 5873
5872 4 6188 6187 6402 6487 4 6185 5877 6189
6188 4 6185 6188 6487 5872 4 6488 6404 5898
6191 4 6191 6189 5877 5876 4 6488 6191 5876
5875 4 6193 6192 6404 6488 4 6190 5880 6194
6193 4 6190 6193 6488 5875 4 6489 6406 5902
6196 4 6196 6194 5880 5879 4 6489 6196 5879
5878 4 6198 6197 6406 6489 4 6195 5882 6199
6198 4 6195 6198 6489 5878 4 6203 6202 5918
5917 4 6203 5917 6401 6400 4 6203 6400 6399
6204 4 6485 6182 6205 6490 4 6403 6402 6187
6206 4 6405 6404 6192 6207 4 6407 6406 6197
6208 4 6213 6212 5930 5929 4 6213 5929 6411
6410 4 6213 6410 6409 6214 4 6491 6215 5922
6413 4 6218 6217 6491 6413 4 6221 6218 6413
6412 4 6223 6222 5932 6221 4 6223 6221 6412
6219 4 6226 6225 5942 5941 4 6226 5941 6417
6416 4 6226 6416 6415 6227 4 6492 6228 5934
6419 4 6231 6230 6492 6419 4 6234 6231 6419
6418 4 6236 6235 5944 6234 4 6236 6234 6418
6232 4 6239 6238 5954 5953 4 6239 5953 6423
6422 4 6239 6422 6421 6240 4 6493 6241 5946
6425 4 6243 6242 6493 6425 4 6246 6243 6425
6424 4 6247 5958 5957 6246 4 6247 6246 6424
6244 4 6250 6249 5968 5967 4 6250 5967 6429
6428 4 6250 6428 6427 6251 4 6494 6430 6254
6253 4 6495 6494 6253 6252 4 6496 6433 6258
6257 4 6496 6257 6256 6432 4 6497 6436 6262
6261 4 6497 6261 6260 6435 4 6498 6266 6110
6265 4 6498 6265 6264 6438 4 6271 6270 5993
5992 4 6271 5992 6442 6441 4 6271 6441 6440
6272 4 6447 6446 6273 6274 4 6274 6005 6004
6445 4 6444 6447 6274 6445 4 6451 6448 6283
6282 4 6282 6037 6456 6499 4 6453 6451 6282
6499 4 6454 6449 6285 6284 4 6284 6041 6460
6500 4 6457 6454 6284 6500 4 6458 6450 6287
6286 4 6286 6045 6462 6501 4 6461 6458 6286
6501 4 6291 6290 6466 6502 4 6464 6288 6291
6502 4 6295 6294 6469 6503 4 6467 6292 6295
6503 4 6298 6126 6311 6504 4 6470 6296 6298
6504 4 6299 6123 6332 6505 4 6506 6067 6066
6299 4 6506 6299 6505 6507 4 6508 6509 6302
6301 4 6301 6300 6067 6506 4 6508 6301 6506
6507 4 6303 6302 6509 6510 4 6511 6072 6071
6303 4 6511 6303 6510 6512 4 6513 6514 6306
6305 4 6305 6304 6072 6511 4 6513 6305 6511
6512 4 6307 6306 6514 6515 4 6516 6077 6076
6307 4 6516 6307 6515 6517 4 6518 6335 6127
6309 4 6309 6308 6077 6516 4 6518 6309 6516
6517 5 4681 4642 5741 6131 6519 5 6520 6171
6170 4686 4685 5 4687 4651 5850 6181 6521 4
6522 6523 6524 6525 4 4662 4661 6007 6275 4
6278 6277 4694 4663 4 6526 6527 4700 4698 4
6528 6529 4707 4705 4 6530 6531 4714 4712 4
6532 6533 4720 4719 5 6534 6314 6313 4679 4678
4 6535 6526 4698 4697 4 6536 6534 4678 4722
4 4685 4684 4734 6537 4 6538 6520 4685 6537
4 4686 6170 5851 4650 4 6525 4738 4737 6539
4 6522 6525 6539 6540 4 4739 4738 6525 6524
5 6541 6252 5971 4658 4692 5 4662 6275 6276
6278 4663 4 4695 4694 6277 6281 4 6542 6528
4705 4704 4 6543 6530 4712 4711 4 6544 6532
4719 4718 4 4721 4720 6533 6545 4 4680 4679
6313 6316 4 6535 4697 4695 6281 4 6536 4722
4721 6545 4 6333 6314 6534 6536 4 6334 6333
6536 6545 4 6485 6490 6523 6522 4 6541 4692
4741 6546 4 6495 6252 6541 6546 4 4742 4700
6527 6547 4 4744 4707 6529 6548 4 4746 4714
6531 6549 4 6550 4730 4682 4681 4 6551 6550
4681 6519 4 6551 6519 6131 6473 4 6537 4734
4735 6552 4 6538 6537 6552 6553 4 6479 6171
6520 6538 4 6480 6479 6538 6553 4 6539 4737
4688 4687 4 6486 6485 6522 6540 4 6540 6539
4687 6521 4 6486 6540 6521 6181 4 6542 4704
4742 6547 4 6543 4711 4744 6548 4 6544 4718
4746 6549 4 6090 6091 5756 5755 4 6093 6092
5766 6090 4 5754 6093 6090 5755 
POINT_DATA 6554
FIELD attributes 6
p 1 6554 float
762.756 764.12 763.841 763.335 766.734 767.493 772.206 772.272 772.469 772.508 772.727
772.746 772.902 772.907 772.952 772.952 772.932 772.929 772.882 772.878 772.812
772.806 772.721 772.711 772.601 772.586 772.443 772.422 772.234 772.203 771.955
771.907 771.574 771.493 771.047 770.887 770.316 769.976 769.145 768.271 760.448
766.015 765.487 756.553 764.59 753.269 743.964 741.331 748.477 738.539 735.357
734.058 736.301 732.492 729.602 729.156 731.775 762.066 764.34 765.931 772.206
772.475 772.735 772.917 772.971 772.952 772.904 772.84 772.758 772.654 772.518
772.347 772.131 771.868 771.582 771.388 771.509 769.807 774.55 760.141 760.927
768.374 749.551 741.892 728.66 739.313 733.549 732.948 733.41 734.491 729.768
729.679 730.722 730.869 761.963 764.351 765.9 772.369 772.616 772.832 772.991
773.032 773.007 772.959 772.9 772.831 772.746 772.642 772.514 772.359 772.179
772.002 771.939 772.209 776.356 774.113 778.536 780.047 779.851 761.917 764.353
765.909 772.506 772.755 772.936 773.075 773.106 773.075 773.028 772.978 772.925
772.865 772.797 772.717 772.621 772.498 772.332 772.097 771.715 772.01 771.631
771.681 776.412 770.039 757.194 760.432 762.807 758.504 756.879 756.857 758.693
747.09 742.269 741.483 746.416 710.492 712.878 713.474 710.959 761.828 764.244
765.9 772.569 772.826 773 773.136 773.166 773.137 773.096 773.058 773.023
772.993 772.967 772.947 772.935 772.927 772.915 772.868 772.675 772.105 769.843
771.756 768.819 762.404 763.789 758.905 740.252 740.268 756.651 753.235 742.394
728.629 723.45 692.292 691.571 700.127 699.598 693.791 761.761 764.167 765.881
772.593 772.86 773.043 773.183 773.215 773.191 773.157 773.132 773.117 773.115
773.13 773.169 773.242 773.359 773.533 773.779 774.104 774.481 774.632 767.476
773.872 763.554 711.155 685.252 703.997 750.375 752.304 693.22 691.739 761.706
764.109 765.858 772.598 772.874 773.069 773.215 773.252 773.233 773.207 773.194
773.195 773.217 773.267 773.357 773.504 773.732 774.079 774.602 775.388 776.547
778.284 777.462 779.754 772.348 776.781 769.089 773.456 773.097 769.159 761.672
764.075 765.842 772.6 772.881 773.088 773.24 773.28 773.266 773.246 773.24
773.252 773.289 773.362 773.483 773.676 773.972 774.422 775.103 776.142 777.706
780.008 781.172 781.82 779.578 781.058 780.227 781.31 780.766 779.674 761.65
764.054 765.83 772.598 772.884 773.098 773.255 773.298 773.287 773.27 773.267
773.284 773.326 773.405 773.535 773.738 774.047 774.514 775.216 776.285 777.89
780.235 782.062 782.026 781.889 782.099 783.225 783.496 782.939 782.603 761.635
764.041 765.82 772.595 772.884 773.104 773.263 773.307 773.296 773.278 773.274
773.288 773.325 773.395 773.511 773.692 773.964 774.37 774.976 775.891 777.235
779.301 781.816 781.072 782.132 781.828 783.61 783.447 782.904 782.983 761.626
764.034 765.812 772.591 772.882 773.104 773.264 773.308 773.294 773.273 773.262
773.267 773.29 773.339 773.422 773.55 773.741 774.017 774.41 774.964 775.67
776.663 779.65 777.162 781.049 779.234 781.934 780.907 780.422 781.355 761.621
764.032 765.807 772.588 772.879 773.101 773.26 773.301 773.283 773.256 773.236
773.227 773.229 773.248 773.284 773.343 773.427 773.533 773.65 773.738 773.639
773.016 772.586 769.069 776.318 770.086 774.37 769.508 769.438 774.215 761.619
764.034 765.803 772.586 772.875 773.095 773.252 773.289 773.265 773.23 773.198
773.173 773.153 773.137 773.126 773.115 773.097 773.056 772.959 772.744 772.267
771.171 767.156 754.447 753.651 761.391 765.291 754.352 735.422 743.023 761.621
764.039 765.802 772.584 772.871 773.087 773.24 773.272 773.242 773.198 773.155
773.114 773.071 773.023 772.968 772.898 772.801 772.663 772.466 772.206 771.897
771.706 769.019 767.142 772.194 763.615 745.493 747.839 755.078 737.875 739.217
740.674 737.662 735.296 761.627 764.048 765.803 772.583 772.867 773.078 773.225
773.253 773.217 773.165 773.112 773.056 772.993 772.919 772.828 772.711 772.558
772.359 772.124 771.928 771.915 772.774 773.506 773.985 766.184 771.838 773.31
749.557 749.249 748.706 747.597 744.298 742.459 742.912 744.716 761.639 764.062
765.809 772.584 772.863 773.067 773.209 773.232 773.191 773.133 773.071 773.004
772.926 772.833 772.714 772.564 772.367 772.118 771.83 771.607 771.618 773.848
773.449 775.605 775.924 781.866 781.713 779.584 779.177 761.66 764.084 765.819
772.585 772.859 773.054 773.191 773.211 773.166 773.104 773.037 772.963 772.876
772.771 772.638 772.465 772.237 771.94 771.568 771.165 770.816 772.995 771.857
775.786 774.949 781.608 781.436 779.289 779.381 761.694 764.119 765.835 772.584
772.853 773.038 773.171 773.188 773.142 773.078 773.009 772.934 772.845 772.737
772.601 772.422 772.182 771.851 771.391 770.752 769.836 769.703 768.005 773.557
769.822 779.492 777.167 774.124 776.579 761.75 764.179 765.86 772.581 772.843
773.019 773.148 773.165 773.12 773.057 772.991 772.92 772.836 772.736 772.611
772.449 772.231 771.925 771.478 770.791 769.651 767.687 761.756 761.145 766.83
763.046 752.251 755.643 744.346 743.588 744.869 748.232 745.669 761.819 764.255
765.882 772.56 772.813 772.984 773.115 773.135 773.095 773.039 772.979 772.916
772.845 772.761 772.662 772.54 772.383 772.171 771.864 771.372 770.448 768.381
760.857 743.779 751.114 755.484 750.365 741.732 741.141 746.315 744.594 742.006
741.413 742.988 742.319 761.909 764.361 765.895 772.502 772.749 772.93 773.069
773.099 773.068 773.021 772.971 772.92 772.864 772.804 772.739 772.671 772.604
772.543 772.503 772.497 772.465 771.813 762.332 762.053 771.833 753.15 739.604
742.649 761.958 764.358 765.891 772.368 772.616 772.836 773 773.048 773.032
772.999 772.962 772.924 772.885 772.848 772.818 772.803 772.821 772.907 773.132
773.649 774.629 775.063 777.42 775.696 756.047 763.189 769.097 733.344 735.558
734.525 730.041 762.062 764.346 765.925 772.209 772.481 772.748 772.939 773.004
773.004 772.983 772.957 772.93 772.905 772.885 772.878 772.897 772.96 773.108
773.415 774.032 775.13 778.47 777.954 779.306 780.264 782.082 782.848 782.132
781.214 762.753 764.122 766.732 772.212 772.48 772.746 772.931 772.998 773.001
772.985 772.964 772.942 772.923 772.911 772.915 772.945 773.016 773.151 773.384
773.764 774.297 776.768 774.901 779.916 777.756 782.878 781.562 780.895 781.963
763.333 763.841 767.494 772.279 772.521 772.768 772.94 773.002 773.004 772.988
772.968 772.948 772.931 772.921 772.927 772.959 773.026 773.14 773.308 773.525
773.67 773.379 768.851 767.941 775.425 767.075 763.191 745.665 760.555 743.649
744.604 746.562 750.306 742.233 745.442 745.51 745.422 745.396 755.299 756.271
775.635 781.184 777.797 779.696 782.844 779.266 767.289 696.303 688.871 680.11
700.049 762.112 761.814 762.672 761.743 732.319 718.952 725.578 728.35 715.801
721.261 743.669 746.5 778.675 781.283 746.43 746.204 779.658 781.645 768.977
771.332 751.741 741.486 747.272 738.049 741.281 742.669 742.427 742.927 742.433
742.117 741.694 741.885 715.092 720.511 779.296 779.807 773.57 769.266 733.922
729.747 739.53 709.079 708.705 700.054 696.488 695.039 694.659 733.882 736.356
737.026 725.397 733.719 737.885 725.73 721.22 741.729 740.154 734.698 741.224
743.607 743.271 742.913 742.281 741.66 744.041 743.382 743.348 742.794 745.38
745.425 745.372 745.308 745.353 745.436 745.415 733.273 728.26 724.3 737.376
725.943 726.37 726.166 726.382 730.891 730.774 729.785 730.791 730.272 729.321
728.038 727.906 724.977 724.129 724.446 720.406 737.767 735.605 735.354 777.963
780.442 738.437 735.936 732.716 731.867 726.76 726.456 728.588 726.085 727.342
723.83 724.046 721.55 721.38 721.182 722.345 723.572 724.811 733.884 731.639
726.085 727.328 721.216 722.384 724.834 784.09 782.47 779.357 782.009 784.15
759.419 759.92 764.421 762.347 760.452 758.827 751.182 750.665 756.852 753.595
749.863 745.182 724.591 729.964 731.002 725.572 740.265 733.995 715.731 728.18
722.708 714.479 711.701 709.42 705.398 708.779 719.872 720.751 718.253 705.562
692.111 689.442 776.118 778.231 778.677 781.566 782.257 782.791 783.011 783.098
783.66 782.518 782.068 782.621 778.973 776.892 777.341 774.807 770.319 724.601
723.217 722.673 724.062 721.135 722.566 731.529 737.858 755.282 741.69 748.104
734.166 732.604 777.314 761.637 780.159 782.256 747.91 741.215 779.646 783.736
783.208 781.868 783.264 778.653 783.053 782.962 781.136 782.771 781.671 780.075
743.548 742.456 741.364 740.684 740.065 741.475 733.667 739.737 737.346 738.84
737.964 740.631 741.463 741.333 740.802 740.208 739.529 775.773 738.713 737.805
741.32 740.779 739.482 782.505 782.41 783.131 778.643 783.483 782.065 779.073
779.416 742.769 745.065 744.743 744.58 744.958 745.411 745.425 745.486 745.455
745.183 745.203 758.144 748.399 745.587 746.199 745.713 745.328 742.026 764.479
682.933 662.709 762.677 769.481 704.715 717.807 783.297 738.386 739.673 783.032
730.355 737.768 741.127 742.675 741.863 742.016 741.922 741.609 741.159 741.114
740.494 740.456 739.628 739.71 738.748 775.791 780.22 782.653 775.922 750.596
719.301 719.155 719.002 720.053 717.283 717.157 717.052 717.991 720.1 703.887
707.903 706.717 706.164 706.633 706.863 706.341 706.089 705.65 703.599 701.041
697.695 698.927 698.605 697.348 725.304 725.625 728.681 727.634 727.423 728.474
732.095 732.282 733.219 737.482 737.014 740.636 742.448 739.249 738.594 740.642
742.166 742.218 741.802 742.913 742.591 743.898 743.473 743.208 743.946 743.72
741.799 742.923 742.596 745.511 745.483 745.47 745.499 745.475 745.441 745.404
745.343 745.364 745.324 745.297 745.474 745.4 745.251 745.354 745.297 721.75
722.968 730.897 730.513 726.792 726.837 724.459 738.519 738.727 737.476 736.942
782.272 715.372 715.481 713.854 712.373 712.292 713.761 711.021 709.796 709.737
710.952 708.695 707.693 707.638 708.642 712.997 713.054 713.79 713.734 710.368
710.421 711.035 710.979 708.195 708.239 708.753 708.702 706.076 705.939 706.167
706.033 706.084 706.2 706.751 707.017 707.022 706.751 708.069 708.446 708.462
708.083 704.056 702.395 705.622 705.123 703.823 704.816 707.232 707.27 706.263
706.418 708.857 708.964 708.166 708.067 699.976 699.78 703.781 703.747 702.838
702.915 706.771 706.776 706.122 706.131 708.705 708.719 708.307 708.29 733.248
734.061 734.982 733.609 732.408 735.895 736.341 737.028 736.142 735.369 738.142
735.642 732.925 734.62 741.041 736.176 737.59 738.391 739.16 742.304 734.134
742.825 737.503 738.655 744.326 732.448 732.382 744.327 736.776 736.146 746.474
731.585 732.458 745.83 738.332 747.453 745.728 747.213 745.329 746.637 745.074
744.53 745.913 745.455 744.372 745.143 744.795 746.333 745.786 745.449 744.805
744.791 744.666 744.679 744.971 744.908 744.938 744.995 745.264 745.217 745.189
745.079 745.016 745.067 745.126 745.127 744.779 744.82 745.063 745.031 744.857
744.866 744.782 715.31 716.152 714.502 712.294 711.623 709.786 709.235 707.693
714.558 715.363 711.677 709.284 705.539 705.887 705.929 705.7 705.574 705.818
706.529 706.521 706.038 706.216 706.463 706.704 707.688 707.699 707.005 707.329
707.7 708.085 708.478 708.823 701.023 701.962 704.64 705.405 707.34 707.842
709.088 701.88 700.862 705.394 707.856 729.501 729.6 730.581 730.482 731.437
731.473 732.359 733.246 734.75 734.785 735.417 735.969 736.978 736.703 736.819
737.114 737.312 737.165 744.348 744.154 744.521 744.907 744.957 745.038 744.514
744.927 745.282 745.178 745.195 745.147 745.094 744.947 744.959 745.238 745.191
745.175 745.225 745.435 744.854 733.052 716.58 728.111 732.379 732.353 732.276
732.076 728.536 729.641 730.643 728.527 759.053 760.469 754.457 754.168 736.743
735.759 715.994 716.72 693.278 691.762 690.18 689.775 773.932 776.575 777.004
780.605 781.695 782.177 782.536 783.557 783.82 783.649 783.961 783.923 783.774
783.141 783.484 782.312 781.312 779.485 779.911 728.51 728.463 722.344 736.658
783.362 783.307 783.764 707.747 707.456 694.638 696.023 695.909 729.321 726.695
730.633 743.48 743.215 731.737 731.48 726.112 727.341 721.266 722.431 723.594
723.637 724.87 784.332 782.574 687.447 779.087 783.137 783.974 782.996 777.82
722.505 723.886 721.477 721.315 720.172 740.167 783.635 743.974 745.328 720.152
719.043 719.095 718.044 717.101 717.15 718.094 698.462 697.184 725.181 726.377
726.293 727.363 728.457 742.223 743.946 743.722 745.514 716.209 716.257 715.409
712.351 713.094 713.831 712.388 709.84 710.452 711.067 709.867 707.737 708.257
708.774 707.751 705.988 706.348 706.33 707.331 707.341 708.784 708.806 699.694
700.841 704.6 703.807 702.891 704.657 707.35 706.807 706.163 707.377 709.104
708.74 708.33 709.121 732.099 737.609 744.153 744.343 744.88 714.602 711.712
709.309 706.004 701.906 705.443 707.88 729.537 730.553 731.518 732.441 733.327
734.065 734.142 734.863 735.504 736.07 736.437 736.555 736.95 737.255 737.466
737.406 737.228 737.574 745.24 745.034 737.844 739.211 739.462 742.739 744.854
747.177 748.452 748.5 747.678 746.955 745.213 741.913 745.154 745.218 745.237
745.342 741.767 745.509 706.791 706.703 706.722 707.206 709.115 709.305 709.472
709.631 709.456 709.785 709.81 709.469 737.186 737.379 737.233 737.012 745.74
744.939 744.642 745.861 737.729 707.237 707.246 709.047 709.076 709.82 709.484
737.568 737.438 706.019 705.83 706.258 706.256 706.745 709.207 709.229 709.292
709.248 709.818 710.128 710.1 710.126 736.664 736.034 737.093 747.804 746.04
745.375 743.188 742.023 742.982 743.55 742.44 741.994 741.718 742.178 742.513
745.87 745.511 744.786 705.791 709.39 709.339 710.374 736.893 741.825 742.167
743.099 743.742 743.235 706.228 706.739 710.132 738.927 745.438 741.397 740.705
744.358 742.538 742.803 743.537 741.817 742.652 742.465 740.943 740.408 741.708
741.266 742.067 746.565 737.129 736.281 736.544 741.449 742.676 744.235 705.455
705.129 703.854 704.978 712.756 708.83 703.471 703.358 704.807 707.507 714.264
711.685 712.688 711.02 696.296 703.183 681.275 684.359 690.98 678.979 679.254
682.162 677.537 677.818 678.442 677.024 677.174 677.257 676.452 676.767 676.566
675.683 676.067 675.803 675.181 675.012 675.297 705.079 704.615 704.832 704.993
706.587 697.939 716.994 710.48 712.266 716.906 700.168 697.804 717.152 689.677
678.4 680.34 678.093 678.296 677.664 677.856 677.171 677.458 676.347 676.792
675.466 675.893 704.07 704.576 689.457 693.005 693.391 717.308 711.6 710.546
719.658 722.932 721.443 674.861 685.142 709.932 675.19 675.319 674.624 673.079
677.984 677.87 677.505 677.719 678.046 678.037 678.138 678.142 677.399 677.377
677.573 677.578 676.471 676.442 676.695 676.716 675.45 675.418 675.667 675.694
674.786 674.616 674.568 674.737 707.781 706.156 706.8 708.131 697.395 702.958
703.457 705.261 701.786 715.438 711.495 707.65 725.458 722.548 729.671 732.738
733.846 745.538 750.403 745.837 742.522 709.844 710.508 710.555 709.893 711.558
712.171 711.274 709.898 709.384 704.672 712.05 720.688 717.067 729.743 726.861
726.465 744.323 737.851 735.038 740.76 711.692 711.757 711.211 711.096 711.321
711.806 709.625 709.722 710.85 714.199 711.942 720.957 717.39 716.804 726.605
722.84 721.391 725.349 710.318 710.416 710.917 711.121 711.08 707.854 708.964
709.702 710.058 708.978 713.502 711.139 711.069 715.882 713.985 713.105 715.296
710.124 710.03 711.214 711.09 710.856 708.549 708.989 708.61 709.101 711.019
709.856 709 710.412 711.159 711.133 710.519 710.902 710.007 710.052 709.418
710.798 711.227 707.862 708.379 710.02 711.221 712.327 709.289 707.576 713.448
714.715 716.684 720.137 719.674 715.974 707.64 704.764 702.97 703.778 705.409
708.328 708.279 706.732 706.89 712.195 710.346 707.55 714.361 715.472 711.213
711.601 713.395 716.957 716.686 710.05 711.111 716.344 713.596 710.25 700.322
706.944 714.927 695.862 688.504 674.992 689.217 701.16 671.703 667.803 657.935
663.272 676.165 662.554 661.691 657.131 656.73 663.493 661.322 661.345 659.132
658.106 661.219 705.303 707.061 703.004 702.559 702.477 708.089 707.642 708.012
710.167 706.472 706.103 707.443 707.219 705.673 706.553 706.952 705.619 711.443
708.113 705.614 710.742 711.354 704.351 712.552 707.791 706.966 708.366 707.48
703.408 698.789 695.726 597.818 620.394 667.186 683.35 661.152 642.198 643.668
630.572 623.036 622.235 650.244 653.889 652.546 649.233 644.881 656.293 658.136
658.782 657.782 656.473 705.412 708.758 712.682 718.307 714.706 709.468 701.961
703.868 703.051 698.84 700.475 720.645 719.934 708.447 708.71 712.442 726.683
717.998 737.42 735.645 716.69 731.341 728.257 733.88 735.908 733.673 729.169
732.749 735.337 733.037 725.395 696.411 702.018 701.203 694.57 695.48 712.781
703.594 706.391 707.175 728.952 717.012 761.708 725.482 737.188 756.207 743.222
738.64 742.446 744.807 737.55 737.955 739.815 741.935 743.747 693.835 701.096
702.083 694.849 694.058 695.947 708.375 705.999 663.481 642.608 673.152 703.965
691.797 667.675 648.742 646.744 643.993 635.683 638.811 649.933 639.836 639.618
636.397 635.15 640.518 641.207 642.073 641.202 638.699 640.422 644.949 645.79
645.307 643.457 643.982 746.06 746.617 748.627 746.104 746.703 747.822 698.267
705.327 710.569 704.136 700.871 686.531 704.022 724.537 722.616 712.859 653.387
628.83 606.66 604.762 617.329 625.345 626.91 617.962 615.358 613.954 630.438
634.328 632.48 628.927 625.291 637.997 641.074 641.584 639.918 637.873 643.483
645.364 645.989 645.133 644.117 748.796 750.756 752.34 750.226 751.543 752.69
712.124 718.68 728.294 720.884 716.602 735.318 733.917 704.053 720.572 721.823
750.527 754.129 755.058 754.934 756.33 757.275 728.615 736.379 743.056 734.632
731.852 743.064 745.625 753.316 750.123 748.544 753.275 752.421 747.69 750.544
756.139 754.484 758.995 760.175 760.624 738.431 748.506 753.727 739.038 738.377
755.414 759.034 763.435 759.401 762.911 765.183 764.36 761.956 749.296 753.156
752.061 758.942 756.193 754.127 736.205 758.645 761.346 753.414 742.812 766.895
769.388 765.377 762.687 770.549 771.897 771.094 769.651 748.551 750.229 751.731
753.998 754.288 753.372 753.043 752.498 756.209 753.125 754.626 760.137 755.809
758.56 767.987 766.28 762.328 767.049 770.732 770.835 774.405 774.608 773.714
773.419 749.899 746.427 747.031 751.685 753.381 755.229 757.697 764.841 761.837
769.453 767.15 772.971 771.631 770.784 771.979 749.332 744.217 744.929 751.112
752.378 753.373 754.34 758.645 754.948 763.974 759.745 766.391 764.051 763.422
765.673 749.684 744.345 744.635 751.339 752.265 752.385 751.429 749.897 746.101
747.503 754.734 753.755 746.655 747.945 753.818 749.813 746.169 745.167 751.191
752.075 751.976 750.057 743.611 719.88 720.974 742.164 718.773 695.654 636.197
694.22 635.746 641.438 651.721 631.75 641.131 641.555 638.747 638.259 648.378
647.65 646.423 647.766 650.849 650.268 649.459 650.713 652.451 651.926 651.323
652.488 749.028 747.271 745.949 750.854 751.969 752.068 750.131 743.671 724.768
687.349 694.903 668.36 655.216 653.697 650.243 646.431 647.319 647.614 647.762
648.512 649.513 650.681 651.362 649.914 691.574 692.644 704.381 704.204 692.559
689.825 693.38 666.153 669.533 736.045 737.72 701.688 692.04 708.623 707.708
706.495 704.844 711.823 711.485 712.408 711.532 711.331 711.399 711.154 717.418
717.995 716.357 719.786 720.19 707.926 706.708 706.497 705.297 710.979 711.03
701.346 702.591 703.66 617.498 678.686 634.868 705.558 706.111 733.712 731.062
727.085 709.915 707.128 699.838 696.04 697.237 697.739 694.932 693.148 693.415
694.087 712.292 699.892 682.737 676.688 656.712 666.119 656.72 693.285 697.357
695.332 696.186 699.99 711.203 706.954 707.83 632.997 622.47 612.415 601.244
572.622 599.918 606.702 715.673 727.639 724.005 724.952 730.811 736.471 735.323
736.658 736.142 729.41 732.876 737.177 748.926 745.568 747.728 749.592 751.147
751.917 752.694 753.288 753.786 738.172 753.919 753.8 751.043 727.605 708.611
597.667 582.806 618.081 705.366 705.276 703.857 704.517 658.698 676.57 677.189
678.154 678.2 677.901 677.763 677.181 676.966 676.208 675.956 675.101 675.211
674.991 691.616 684.314 689.767 728.858 734.573 647.935 730.672 676.929 678.167
677.749 676.937 675.926 674.951 708.642 708.829 709.095 689.523 703.938 737.422
732.705 733.134 737.284 745.338 749.799 710.727 729.97 724.203 721.894 726.006
728.982 730.704 710.782 711.547 711.134 718.937 714.984 713.264 715.565 717.013
718.039 711.176 711.056 710.953 710.751 711.806 709.915 709.407 710.206 711.07
711.752 711.254 711.848 711.726 711.367 709.631 711.233 713.739 711.987 713.075
713.78 711.41 706.317 708.605 707.806 720.492 721.404 720.917 716.578 721.159
720.282 718.688 707.059 712.619 707.59 701.65 682.447 687.702 681.284 675.761
665.497 668.244 665.944 664.332 661.468 662.64 662.292 662.133 661.625 661.544
662.133 662.189 662.23 661.768 704.571 702.928 703.088 702.493 706.843 705.525
708.839 702.963 703.637 703.654 710.696 713.014 705.328 712.774 709.316 710.05
712.981 706.951 707.024 708.004 706.125 707.5 707.93 706.872 708.302 707.101
706.2 707.358 638.289 654.786 659.41 660.174 659.586 735.028 735.245 716.955
717.654 725.248 732.707 728.834 729.257 732.791 748.994 753.148 756.211 735.731
735.534 737.82 742.252 740.325 739.761 741.602 680.992 651.32 642.011 644.353
642.294 641.051 639.887 640.505 640.887 641.521 643.036 643.229 644.17 645.103
744.097 743.35 745.39 747.762 747.078 746.091 746.731 748.384 747.424 749.022
752.298 750.933 750.242 751.723 610.467 601.956 602.45 610.764 606.148 607.574
611.692 621.207 614.599 614.737 625.779 621.893 621.051 624.998 635.366 628.927
629.564 638.325 635.886 635.494 638.023 642.994 640.094 640.316 644.354 643.263
643.151 644.28 645.225 645.265 753.705 753.198 753.825 757.578 756.261 755.921
757.329 741.583 742.136 759.001 758.794 758.144 762.78 761.332 761.466 763.261
759.396 760.244 763.986 764.606 760.404 764.035 764.354 765.041 765.697 768.163
768.966 757.808 754.366 753.176 742.865 745.134 750.054 751.125 751.941 753.008
752.874 752.585 773.058 773.907 773.101 774.006 767.775 768.44 757.706 758.066
740.319 753.868 745.92 735.772 733.148 629.95 635.352 635.015 637.801 641.229
645.969 646.336 647.83 648.828 649.766 650.184 650.737 651.236 651.734 652.107
652.482 652.821 655.497 636.92 642.682 640.794 640.087 642.53 645.448 643.019
645.236 645.664 647.363 649.115 647.526 648.945 648.972 650.217 651.195 650.135
651.27 651.091 652.111 651.84 652.772 652.139 693.623 688.046 711.401 711.389
719.016 721.594 722.305 722.797 707.889 706.558 709.666 583.852 620.73 615.289
702.133 706.374 733.946 731.286 698.483 694.052 671.892 664.001 663.038 672.661
694.018 703.218 719.964 733.409 735.047 748.262 752.581 633.511 705.767 705.703
675.987 678.087 677.905 677.165 676.185 675.178 709.069 709.18 751.136 746.88
734.186 732.474 710.433 710.432 720.2 719.377 712.653 712.256 711.941 711.715
659.934 753.737 655.939 657.026 650.666 651.557 642.407 644.091 644.728 642.932
641.525 641.948 641.958 641.444 641.725 642.195 642.687 642.892 644.6 645.473
645.336 644.437 733.742 721.124 733.435 733.772 756.137 749.161 753.9 757.121
757.694 766.285 763.438 765.711 767.202 767.72 772.127 771.083 772.457 773.053
773.631 773.459 775.051 775.265 774.477 775.166 769.363 773.655 772.263 770.179
770.727 760.831 766.901 764.541 761.406 761.829 634.764 636.429 644.303 643.464
649.504 648.172 651.692 650.496 705.133 691.979 687.593 688.702 681.731 738.118
728.257 710.747 716.979 711.197 711.054 711.095 711.131 711.029 710.612 711.334
711.499 711.612 712.153 711.913 710.178 711.798 710.255 710.678 706.925 709.081
723.792 721.378 724.448 724.419 723.707 722.243 716.191 719.874 716.436 711.552
705.551 694.729 698.525 691.165 684.316 678.341 671.494 673.593 669.956 667.32
665.456 663.288 664.211 663.414 662.946 662.694 662.101 662.585 662.553 662.556
662.559 705.084 703.631 704.058 703.259 703.505 703.207 703.544 703.575 702.849
622.526 629.448 644.163 637.345 648.816 652.317 656.46 654.708 657.783 658.804
660.185 659.59 660.648 660.647 735.534 723.547 722.675 737.812 738.228 647.534
646.778 647.422 641.597 641.253 640.532 643.719 643.536 642.333 744.884 745.746
748.776 749.606 602.593 602.061 617.342 618.123 632.458 632.97 641.781 641.941
754.593 755.033 742.766 760.183 760.291 760.801 765.576 764.889 769.497 774.514
774.695 768.959 758.427 632.581 644.184 649.562 651.692 674.951 674.523 674.703
674.743 660.437 661.78 660.968 660.109 652.626 651.387 674.384 674.482 674.101
674.333 660.301 661.076 661.155 646.989 647.58 646.827 647.601 647.573 646.819
646.839 653.086 653.464 653.805 653.81 652.616 652.522 653.417 652.454 674.454
661.865 661.959 660.7 646.182 646.292 646.596 647.272 646.851 653.14 651.965
674.317 662.25 662.561 662.288 662.592 660.993 661.174 647.039 646.947 645.979
646.759 646.058 646.062 653.139 671.717 659.501 661.269 677.721 654.818 654.032
653.125 654.638 654.669 655.376 651.084 652.517 652.949 652.01 650.534 654.629
653.269 655.641 655.457 658.024 657.801 659.753 659.563 660.462 660.201 659.398
659.222 653.609 654.648 648.129 646.011 716.646 706.601 689.085 703.477 731.385
637.403 642.309 637.272 625.036 651.421 651.189 650.731 651.539 658.252 644.313
655.384 654.358 652.626 646.074 650.05 655.659 658.27 659.953 660.901 660.159
655.348 658.844 643.095 649.283 732.266 727.917 726.404 717.548 719.359 652.345
648.537 648.88 655.245 657.829 659.734 661.241 661.088 662.688 659.627 632.18
638.864 651.656 696.665 711.913 718.69 710.95 698.459 652.604 648.321 648.726
655.438 657.794 659.907 661.941 664.283 665.893 662.074 664.836 661.751 664.847
664.657 661.592 659.795 665.842 672.689 681.406 622.517 624.943 636.686 650.99
603.353 632.109 637.434 643.164 637.1 626.444 647.411 647.771 648.713 646.911
644.952 653.143 651.779 649.576 655.548 657.994 660.499 663.177 667.73 668.959
667.463 669.634 671.023 672.952 672.398 670.319 662.525 670.312 671.756 664.403
655.766 655.604 648.553 646.71 654.607 646.392 648.236 656.029 650.604 656.617
657.069 658.455 660.781 663.197 670.789 669.465 672.103 673.796 678.969 681.101
680.23 677.795 665.424 669.271 662.478 662.159 661.791 658.237 660.701 656.726
656.074 658.67 657.558 660.709 659.623 661.766 661.546 665.712 661.078 673.307
667.302 682.943 681.577 680.289 681.249 667.012 668.524 666.806 668.705 666.048
674.142 666.268 656.931 657.557 659.504 657.798 657.369 656.932 660.029 659.461
658.866 663.113 662.746 661.525 656.319 657.684 658.092 662.716 654.031 654.237
660.945 653.98 653.145 647.709 650.284 668.372 668.74 669.866 674.039 680.76
682.086 674.19 685.699 688.61 655.548 658.691 660.349 650.487 651.368 652.215
653.755 652.668 650.415 649.762 650.533 669.046 668.694 670.825 674.853 683.222
682.279 689.483 689.222 688.645 653.066 651.879 652.416 653.882 655.393 653.472
652.716 650.565 650.416 652.214 667.669 666.903 669.359 672.441 681.206 677.65
687.945 688.013 686.986 650.752 653.076 656.243 650.701 650.446 662.742 656.39
655.978 662.376 671.324 643.782 649.301 646.42 637.159 664.844 664.127 665.999
667.294 671.829 666.028 684.327 682.019 676.078 651.643 659.993 663.662 653.379
652.098 677.661 679.646 680.306 672.081 668.501 661.372 660.213 662.416 662.84
662.699 661.336 658.304 660.885 648.783 647.461 650.405 655.529 644.649 647.849
648.723 650.212 649.688 647.264 650.706 651.445 652.661 651.029 650.192 654.449
655.455 658.924 655.428 653.345 673.608 670.346 663.304 662.378 655.17 666.113
673.617 680.825 680.688 679.419 657.686 655.929 659.294 660.222 659.999 658.261
659.608 656.708 656.423 653.283 651.968 657.426 651.719 653.09 659.899 654.794
657.456 660.544 660.17 665.761 657.55 676.165 673.998 670.421 654.833 652.963
657.077 658.863 659.753 659.598 659.033 658.952 658.507 655.453 648.538 644.881
659.899 641.49 633.279 652.996 651.449 651.165 656.198 654.665 658.625 657.656
660.108 660.775 660.572 659.928 658.32 654.316 646.462 634.58 639.456 629.835
617.711 614.858 625.804 651.542 651.101 654.905 652.99 657.691 656.447 660.925
658.908 658.505 662.184 662.534 662.571 660.818 657.217 659.247 652.474 655.421
645.797 649.975 635.866 648.178 651.324 651.696 651.4 653.376 654.577 655.361
654.106 657.213 657.865 658.173 658.137 661.752 659.135 658.871 663.51 664.615
665.896 662.951 663.723 666.904 661.066 656.914 658.744 652.316 654.75 651.434
649.098 638.937 649.238 662.402 659.745 659.287 664.358 665.982 668.522 669.566
669.425 665.877 664.929 667.243 660.472 659.516 659.643 660.527 656.708 657.364
657.564 657.056 646.446 656.434 658.189 662.798 660.315 660.152 664.677 666.146
669.378 668.566 670.531 669.722 670.478 673.292 672.858 671.802 672.576 641.404
642.585 644.794 645.955 648.194 662.337 659.584 660.123 664.348 665.449 667.481
666.005 669.751 668.37 668.208 671.685 670.958 670.22 671.289 645.978 650.373
643.053 644.007 644.657 661.376 658.977 659.088 663.313 664.169 664.201 662.735
665.504 662.758 666.563 654.272 660.824 666.366 639.404 656.629 660.597 656.482
646.789 661.28 659.29 659.177 662.658 663.013 661.498 657.725 661.209 659.251
654.985 657.132 654.862 655.578 655.092 656.222 656.935 657.286 658.391 660.77
663.748 661.493 658.355 647.252 656.434 642.091 644.205 662.062 661.118 659.846
662.966 663.098 661.899 659.218 656.55 655.053 652.887 649.109 641.855 655.021
653.451 655.522 655.344 655.486 658.794 656.804 658.452 661.444 660.193 662.527
663.289 663.586 662.54 659.823 656.761 654.502 650.344 641.065 677.517 659.087
735.352 642.838 651.374 657.171 644.029 644.429 639.287 637.243 653.604 641.683
670.068 622.161 630.279 591.929 648.011 648.272 648.258 644.563 646.984 648.102
655.22 644.624 645.459 640.489 642.766 644.734 690.119 661.415 662.487 656.798
658.331 657.216 649.233 646.22 675.049 663.062 647.612 654.622 642.331 653.339
653.221 653.176 654.179 656.216 654.554 655.184 604.797 591.197 652.976 652.346
657.443 656.534 657.987 658.317 658.072 659.003 658.52 659.146 659.043 659.745
659.313 661.263 661.669 672.865 673.149 658.206 656.003 649.254 652.87 651.889
660.375 660.232 660.516 660.526 660.371 660.552 659.788 660.237 659.375 659.46
659.083 659.433 658.445 650.909 647.349 651.463 653.175 643.058 635.134 656.559
656.867 656.813 655.394 658.821 658.991 657.949 659.746 648.413 651.702 654.303
655.631 656.998 658.29 659.515 661.422 659.34 661.672 702.889 693.555 691.806
699.187 697.103 699.612 705.754 694.376 699.702 689.718 687.545 680.555 677.375
672.548 672.993 668.835 670.54 666.999 669.725 668.497 669.52 668.708 668.641
668.338 667.056 666.49 664.616 665.443 659.539 660.768 654.231 652.854 651.501
651.353 647.633 650.237 649.205 649.842 650.608 649.373 649.25 651.604 649.619
649.571 650.678 650.319 651.688 651.521 651.364 649.43 649.542 650.423 650.369
651.953 651.852 651.741 651.76 648.777 649.243 650.514 650.377 651.644 651.566
651.659 651.699 648.196 648.407 650.376 650.547 651.594 651.592 651.584 651.688
649.231 648.849 650.907 652.116 651.703 651.343 651.67 652.098 653.67 652.384
653.246 652.213 650.962 652.916 653.016 654.969 653.348 651.329 653.179 652.638
693.674 687.571 650.52 650.929 651.738 652.632 649.927 652.78 641.437 724.11
648.075 648.388 648.065 620.883 622.104 622.174 625.674 631.211 641.527 640.99
648.362 648.49 648.009 666.78 668.594 669.081 673.757 675.585 676.404 680.676
681.017 682.188 663.836 645.478 664.124 667.774 645.723 663.274 660.573 652.549
656.901 653.825 649.921 656.512 655.67 656.46 656.898 658.389 657.394 657.227
659.094 658.515 658.512 659.058 660.781 659.625 659.666 661.565 660.87 660.901
661.68 662.338 662.672 662.661 663.555 647.245 688.516 655.383 652.783 653.295
651.365 653.207 650.022 650.677 651.57 650.677 650.516 650.316 651.659 686.109
652.615 653.014 650.934 651.383 650.329 649.034 647.228 647.056 646.981 647.706
649.686 649.597 650.261 650.851 652.285 652.28 681.266 678.288 665.366 605.993
611.132 612.849 611.021 651.72 655.562 652.119 652.184 652.579 656.502 655.924
654.608 657.17 663.307 656.21 659.151 659.262 659.299 669.395 670.249 661.875
666.902 660.353 658.109 657.828 657.544 657.651 657.745 658.075 638.06 635.844
660.436 659.99 660.646 670.211 669.577 669.405 670.044 671.359 672.17 646.637
644.991 645.295 644.822 642.221 650.258 660.824 660.831 660.681 668.932 666.222
665.131 666.647 667.725 668.236 643.9 639.933 641.607 656.076 660.65 659.797
660.133 659.679 644.493 653.92 654.997 655.849 656.548 656.797 656.636 663.638
659.344 659.369 658.968 646.387 653.905 655.643 657.098 734.943 737.031 735.051
643.983 645.455 627.543 635.92 719.816 711.321 699.077 635.442 640.578 635.564
624.319 686.787 690.372 691.306 690.913 662.074 659.949 660.623 657.651 659.034
673.28 676.253 679.411 685.712 682.82 677.068 655.206 655.533 653.625 655.134
654.983 653.414 658.862 658.165 658.788 658.362 659.542 660.35 660.7 656.577
660.772 660.473 659.622 650.609 652.56 657.966 659.963 651.073 658.551 659.93
652.077 651.803 651.403 651.292 651.732 651.734 651.305 651.336 651.427 651.417
651.562 651.711 651.442 651.468 651.539 651.484 651.53 651.48 651.277 651.446
651.356 651.117 650.818 650.952 652.663 653.602 652.701 652.175 651.274 651.504
651.44 653.166 656.127 658.575 656.9 654.768 660.963 659.801 657.507 658.524
655.011 655.413 654.446 655.568 657.265 655.048 674.762 674.446 675.737 676.593
675.099 678.176 684.365 679.854 683.78 674.153 673.785 673.969 675.821 673.608
679.882 680.56 673.839 673.806 674.1 671.92 671.703 672.507 672.676 663.094
638.657 666.404 667.381 658.624 668.621 657.345 656.663 657.421 655.49 659.019
657.372 661.371 659.868 664.858 663.356 669.167 669.114 662.148 662.268 660.832
663.06 663.502 661.071 660.88 662.658 666.398 667.572 663.222 661.718 665.197
664.481 664.388 660.372 660.783 660.189 656.089 657.666 659.022 659.839 659.268
658.709 660.798 656.125 650.614 649.494 658.963 663.153 632.856 634.944 635.696
627.764 658.342 655.069 636.731 643.453 637.862 633.578 659.54 661.349 647.948
648.565 648.248 650.07 650.502 650.329 649.4 649.684 652.718 652.836 651.174
651.092 647.054 654.051 647.909 648.952 648.331 648.392 649.914 651.016 650.569
650.074 649.422 652.319 652.224 651.906 647.078 651.781 648.58 649.796 650.137
650.988 652.26 649.249 649.491 650.006 649.586 649.34 649.966 650.507 652.468
651.962 651.214 650.862 650.945 653.704 653.698 653.299 650.817 650.479 653.067
653.54 653.609 649.803 649.148 650.859 651.588 652.091 648.462 648.732 648.622
648.861 649.42 648.649 649.036 652.271 651.071 650.378 653.746 653.203 654.312
653.697 653.336 654.565 656.131 656.789 653.526 654.41 653.647 655.063 653.142
651.72 653.1 654.379 652.389 653.228 653.397 652.943 653.689 653.931 652.879
654.411 631.939 645.662 666.299 639.394 635.606 666.679 662.405 664.809 666.418
668.449 670.407 652.891 649.673 650.065 650.466 650.465 650.118 651.657 651.873
652.315 652.537 651.964 652.165 652.248 652.017 650.802 648.783 655.595 656.479
657.968 654.508 654.51 673.531 673.139 671 669.343 673.041 668.818 623.82
646.837 643.994 651.58 649.936 654.511 653.419 656.28 655.854 657.588 657.171
658.828 658.506 660.222 659.646 661.673 661.234 663.642 662.478 664.539 662.511
662.387 662.477 662.813 663.062 663.47 664.354 665.054 662.565 665.239 663.625
659.759 640.928 635.306 642.7 650.039 639.368 637.412 640.784 641.73 643.823
642.239 648.068 647.45 649.157 649.194 650.135 649.744 649.765 650.102 650.478
650.374 656.136 649.486 651.1 653.482 649.545 648.328 648.304 650.072 649.547
649.559 650.082 651.406 650.558 650.548 651.436 651.39 650.992 649.527 649.62
649.487 649.84 651.791 651.04 650.6 652.558 654.265 653.809 653.034 654.598
654.753 654.83 653.842 654.556 653.159 653.748 652.755 652.478 650.073 650.918
650.232 649.391 649.017 648.783 654.096 654.061 654.442 654.588 654.74 654.414
655.132 653.502 653.129 653.916 653.392 654.085 653.685 653.534 654.234 653.715
636.699 633.456 657.309 658.74 655.297 651.956 650.618 650.815 650.355 652.455
651.736 651.045 648.991 650.705 650.562 652.487 647.143 651.594 648.247 648.071
667.323 674.679 682.115 650.413 648.814 580.7 602.658 609.288 658.549 658.812
659.607 658.861 672.581 672.034 669.982 669.667 653.729 654.874 657.276 651.791
651.74 651.543 651.68 729.821 728.424 724.868 648.26 624.55 636.585 655.682
653.973 657.95 657.897 660.227 660.251 690.053 689.7 689.196 688.935 656.459
654.193 655.549 654.705 654.941 650.35 688.789 688.23 687.037 654.773 652.742
655.068 655.373 647.35 648.573 651.557 680.841 681.865 682.335 682.178 681.566
680.609 679.099 677.281 674.75 671.509 665.87 660.711 610.753 612.493 658.216
670.067 645.468 667.872 641.798 655.832 665.83 661.186 673.467 670.571 642.656
645.867 654.05 652.043 655.509 657.912 657.326 658.556 660.258 659.702 660.989
662.977 662.369 664.078 635.748 636.256 648.227 647.626 647.712 648.314 648.778
648.855 654.307 653.133 654.788 653.477 667.084 649.955 656.632 659.182 661.748
664.572 662.668 662.761 662.64 662.866 663.022 663.275 663.694 664.089 664.366
665.452 660.772 661.106 660.293 659.636 649.343 649.287 648.651 648.978 648.962
650.983 650.993 650.779 650.355 650.401 649.679 649.686 650.025 650.367 650.605
652.117 651.325 652.913 653.249 653.638 654.751 654.249 655.116 654.792 655.331
655.334 655.392 655.16 654.216 654.835 653.752 654.364 653.029 651.737 652.234
650.5 651.376 649.762 648.975 649.261 649.223 654.293 654.906 611.67 644.181
642.589 642.747 641.942 640.806 639.607 644.654 644.886 647.21 649.173 648.315
648.808 649.173 650.883 650.106 651.656 651.998 617.126 618.517 621.512 624.294
615.846 610.131 612.531 630.635 640.277 653.537 657.405 661.757 666.686 667.82
668.921 667.852 665.927 664.469 657.507 642.144 630.317 592.681 590.966 599.483
642.96 642.006 643.625 645.441 645.965 647.549 650.993 650.411 650.702 614.736
616.639 619.318 618.172 609.775 619.85 655.321 642.918 655.594 659.268 661.283
664.084 668.275 666.261 669.168 672.026 670.083 673.43 668.577 669.566 670.909
674.624 674.173 668.242 672.269 660.19 658.065 662.109 666.079 661.595 650.463
610.146 586.229 638.357 652.267 652.34 614.532 616.469 639.328 640.476 641.828
642.492 644.379 643.785 645.14 644.807 650.578 650.945 652.053 652.542 618.069
619.286 666.224 663.103 674.781 670.604 670.467 665.861 415.415 422.979 426.013
415.64 416.723 417.124 418.013 418.274 422.57 422.685 429.681 429.744 437.545
437.583 445.088 445.11 451.851 451.862 457.524 457.528 462.02 462.019 465.192
465.189 466.946 466.942 467.293 467.289 466.556 466.553 464.433 464.431 461.875
461.875 457.105 457.107 454.219 454.221 445.517 445.519 446.031 446.031 428.268
428.268 442.158 442.153 391.664 391.664 439.266 439.254 606.889 606.893 416.131
419.602 416.463 417.783 422.499 429.62 437.492 445.054 451.834 457.517 462.021
465.199 466.956 467.303 466.564 464.437 461.875 457.101 454.213 445.511 446.029
428.274 442.165 391.676 439.283 606.903 417.004 420.006 416.224 417.589 422.47
429.587 437.459 445.031 451.821 457.511 462.023 465.208 466.969 467.316 466.576
464.443 461.874 457.094 454.203 445.503 446.027 428.286 442.177 391.698 439.31
606.915 417.013 420.513 415.971 417.424 422.432 429.556 437.432 445.012 451.811
457.504 462.024 465.217 466.981 467.329 466.587 464.449 461.872 457.083 454.188
445.49 446.023 428.302 442.193 391.728 439.345 606.924 416.841 419.123 415.863
417.334 422.391 429.526 437.411 444.998 451.803 457.499 462.025 465.223 466.991
467.34 466.595 464.452 461.866 457.069 454.169 445.474 446.018 428.322 442.214
391.766 439.387 606.931 416.66 418.571 415.708 417.215 422.314 429.487 437.394
444.991 451.801 457.496 462.025 465.228 467 467.348 466.601 464.451 461.855
457.049 454.145 445.454 446.012 428.346 442.238 391.81 439.436 606.93 416.742
418.721 415.803 417.256 422.321 429.488 437.398 444.998 451.807 457.498 462.026
465.232 467.006 467.355 466.603 464.445 461.839 457.024 454.117 445.434 446.006
428.373 442.264 391.862 439.488 606.921 416.845 419.3 415.901 417.32 422.354
429.507 437.418 445.016 451.818 457.501 462.026 465.234 467.011 467.359 466.602
464.433 461.815 456.992 454.085 445.411 445.999 428.403 442.293 391.922 439.546
606.902 416.964 420.303 416.044 417.406 422.396 429.533 437.445 445.039 451.833
457.506 462.022 465.231 467.013 467.359 466.595 464.414 461.783 456.954 454.049
445.388 445.991 428.433 442.324 391.991 439.608 606.87 416.998 421.321 416.131
417.449 422.412 429.544 437.46 445.055 451.844 457.506 462.014 465.222 467.007
467.353 466.58 464.386 461.744 456.911 454.01 445.363 445.982 428.465 442.357
392.067 439.676 606.833 416.998 421.707 416.148 417.438 422.387 429.529 437.458
445.058 451.842 457.496 461.997 465.204 466.991 467.336 466.556 464.349 461.698
456.864 453.968 445.336 445.972 428.498 442.392 392.151 439.751 606.791 416.933
421.275 416.071 417.36 422.324 429.495 437.447 445.054 451.834 457.48 461.975
465.179 466.966 467.309 466.521 464.305 461.647 456.814 453.924 445.307 445.962
428.532 442.427 392.241 439.83 606.741 416.838 420.104 415.928 417.25 422.25
429.461 437.432 445.044 451.823 457.464 461.951 465.149 466.932 467.273 466.478
464.255 461.59 456.76 453.877 445.277 445.95 428.565 442.462 392.335 439.911
606.684 416.676 418.459 415.766 417.141 422.19 429.439 437.424 445.039 451.816
457.449 461.927 465.116 466.893 467.23 466.429 464.199 461.532 456.706 453.83
445.246 445.937 428.598 442.496 392.432 439.998 606.627 416.636 417.528 415.687
417.098 422.176 429.446 437.434 445.043 451.812 457.436 461.903 465.082 466.852
467.183 466.374 464.14 461.471 456.651 453.783 445.217 445.924 428.629 442.53
392.531 440.09 606.572 416.521 416.599 415.656 417.141 422.243 429.495 437.462
445.057 451.811 457.426 461.881 465.048 466.809 467.132 466.317 464.078 461.409
456.597 453.736 445.188 445.911 428.66 442.561 392.629 440.182 606.518 417.136
418.552 415.862 417.312 422.376 429.574 437.504 445.077 451.814 457.417 461.858
465.012 466.763 467.08 466.258 464.017 461.349 456.544 453.691 445.162 445.899
428.688 442.591 392.725 440.275 606.465 419.559 426.953 416.626 417.74 422.585
429.677 437.554 445.1 451.816 457.407 461.833 464.975 466.717 467.026 466.198
463.956 461.289 456.493 453.649 445.137 445.887 428.715 442.618 392.817 440.368
606.419 423.594 440.396 417.942 418.342 422.837 429.783 437.6 445.119 451.815
457.395 461.808 464.937 466.67 466.973 466.14 463.898 461.234 456.447 453.61
445.115 445.875 428.738 442.642 392.902 440.457 606.379 428.685 456.663 419.754
419.035 423.097 429.882 437.638 445.132 451.81 457.381 461.783 464.9 466.625
466.922 466.085 463.845 461.184 456.405 453.576 445.095 445.865 428.76 442.663
392.979 440.54 606.344 433.341 471.149 421.53 419.651 423.303 429.949 437.66
445.135 451.8 457.365 461.758 464.866 466.584 466.877 466.037 463.799 461.141
456.37 453.546 445.078 445.856 428.779 442.681 393.046 440.614 606.316 437.222
481.554 423.11 420.147 423.452 429.992 437.671 445.136 451.791 457.351 461.737
464.837 466.549 466.839 465.997 463.761 461.106 456.34 453.522 445.064 445.849
428.793 442.695 393.101 440.676 606.295 439.461 485.803 424.154 420.479 423.55
430.019 437.68 445.137 451.786 457.342 461.722 464.816 466.524 466.812 465.967
463.733 461.08 456.319 453.504 445.054 445.843 428.804 442.705 393.141 440.722
606.278 440.508 487.07 424.672 420.73 423.65 430.062 437.701 445.148 451.788
457.338 461.714 464.804 466.509 466.794 465.949 463.716 461.064 456.307 453.493
445.047 445.84 428.811 442.711 393.167 440.75 606.266 441.215 490.329 424.979
420.909 423.733 430.102 437.722 445.159 451.792 457.338 461.711 464.8 466.503
466.789 465.943 463.71 461.059 456.303 453.489 445.046 445.838 428.815 442.711
393.18 440.753 606.263 487.04 534.96 542.61 497.002 452.884 460.638 432.436
436.925 463.448 479.476 506.032 435.584 424.195 455.787 480.564 429.168 433.063
430.534 444.866 420.585 445.761 431.983 418.29 413.699 425.306 425.64 431.946
420.437 418.872 423.067 422.256 422.177 422.36 422.558 419.165 418.308 420.619
420.167 420.693 422.114 422.172 418.195 418.374 418.482 421.007 421.492 423.248
423.357 418.52 418.738 418.619 421.677 422.065 424.044 424.248 419.4 419.244
418.966 422.049 422.417 424.627 424.853 420.881 420.039 419.54 422.344 422.71
425.139 425.38 422.295 420.809 420.379 422.544 422.839 425.429 425.76 422.775
420.995 420.905 422.541 422.778 425.426 425.827 422.246 420.571 420.77 422.226
422.347 424.958 425.495 420.795 419.398 419.931 421.414 421.404 423.905 424.583
418.704 417.778 418.537 420.096 419.948 422.323 423.146 417.364 416.248 416.854
418.146 417.794 419.835 420.979 416.279 415.148 416.616 381.226 393.846 401.163
398.541 416.362 416.246 416.161 420.061 423.578 418.553 419.318 424.674 418.409
444.839 475.448 445.484 424.905 427.065 434.781 427.696 430.33 465.985 485.661
454.619 447.136 487.415 498.173 476.966 467.245 508.125 514.12 497.578 485.408
523.467 528.43 512.095 498.211 528.147 534.106 516.885 502.978 528.483 534.358
517.722 504.146 529.814 534.496 519.25 505.606 462.58 400.796 429.82 433.097
422.486 422.15 421.939 340.867 386.504 485.508 467.163 439.526 421.736 417.217
412.822 410.978 415.667 422.185 430.53 422.479 407.24 388.471 416.249 421.644
422.559 422.528 422.288 421.579 421.286 422.515 420.244 420.105 419.224 422.88
423.836 423.522 422.684 420.509 419.913 421.03 420.75 419.981 424.125 424.823
424.609 423.685 421.053 420.367 421.809 421.269 420.589 425.024 425.566 425.386
424.335 421.439 420.817 422.225 421.587 420.918 425.748 426.241 426.076 424.88
421.743 421.13 422.531 421.892 421.189 426.401 426.738 426.645 425.329 422.052
421.443 422.786 422.103 421.449 426.799 426.822 426.823 425.454 422.128 421.57
422.818 422.053 421.474 426.801 426.502 426.648 425.257 422.001 421.439 422.623
421.768 421.329 426.314 425.514 425.819 424.497 421.428 421.006 421.948 420.924
420.624 425.183 423.996 424.433 423.195 420.338 420.041 420.77 419.589 419.431
423.523 421.74 422.433 421.286 418.785 418.582 419.052 417.806 417.802 420.916
419.009 418.241 417.3 416.632 417.191 417.176 403.788 408.941 427.141 492.876
348.492 457.166 422.478 407.15 426.527 642.082 643.149 641.859 642.822 640.798
641.595 637.841 638.154 630.511 630.551 614 615.251 582.374 586.055 643.707
643.566 643.607 644.378 645.15 644.615 641.952 633.298 614.253 574.005 540.333
644.359 644.31 644.344 644.855 644.523 644.427 644.805 644.281 646.418 637.771
617.081 566.763 560.034 600.144 528.058 638.933 639.806 640.213 637.967 643.715
641.132 642.639 642.301 622.162 633.479 609.507 568.584 576.715 640.072 639.315
639.724 640.522 645.896 638.91 639.136 648.369 640.651 647.581 626.3 638.132
613.618 628.099 627.619 614.027 635.667 634.225 634.664 636.169 650.324 640.528
638.57 654.591 652.933 657.58 647.016 653.488 654.505 650.334 651.25 655.437
630.187 629.502 626.302 629.999 654.407 649.006 644.791 659.614 661.758 664.895
658.684 662.857 664.909 662.944 663.784 665.726 647.084 646.822 648.115 648.112
647.152 643.295 644.743 642.133 644.627 644.903 655.834 650.615 644.496 661.864
668.079 669.665 666.459 669.552 670.75 669.498 670.234 671.448 649.316 649.143
648.324 648.203 650.883 650.231 648.41 648.379 653.759 652.271 644.644 657.869
655.831 661.761 660.227 671.188 670.118 672.244 673.789 674.956 674.025 674.573
675.442 652.461 651.393 651.684 654.731 653.397 653.441 657.873 656.454 656.27
660.703 659.247 668.939 663.279 659.004 656.388 661.348 674.297 672.795 678.572
677.81 678.356 679.095 653.245 653.74 653.424 653.301 655.198 655.635 655.073
655.009 658.003 658.376 657.661 657.658 660.552 660.579 660.301 660.281 655.409
643.43 649.767 668.278 663.932 659.7 670.555 673.223 673.894 671.124 650.264
650.762 649.648 647.499 657.9 661.383 659.849 656.885 663.681 664.898 665.125
663.858 651.99 652.583 653.579 653.379 656.183 658.724 657.634 655.497 660.578
661.221 661.301 660.646 652.549 652.809 654.077 654.434 654.536 656.263 654.258
653.154 657.556 658.488 658.54 657.612 654.917 653.084 653.056 650.282 656.308
657.619 651.116 651.027 645.408 647.265 650.458 653.05 653.116 650.557 617.294
619.633 619.624 614.89 620.456 620.328 614.722 621.324 622.483 616.096 627.182
631.927 613.927 639.924 642.477 618.854 600.027 643.729 637.792 634.935 616.492
624.18 634.807 635.048 624.461 612.49 606.299 603.874 600.413 590.409 567.978
518.222 524.196 596.197 560.237 556.592 598.322 604.442 592.902 594.275 588.176
590.181 578.401 583.302 562.368 569.255 544.438 515.828 588.615 589.115 586.49
588.374 576.636 582.917 556.552 567.49 523.35 532.438 548.493 508.306 584.051
584.112 582.862 580.552 586.269 586.004 586.793 587.043 579.882 575.676 575.711
580.42 551.929 538.97 524.097 545.028 497.96 465.078 498.864 505.348 492.777
469.608 460.109 511.741 506.994 480.709 476.174 523.825 517.166 476.087 481.302
533.11 519.02 503.721 488.572 533.22 517.514 511.172 515.275 528.189 524.86
496.867 493.075 495.885 504.996 501.348 487.456 487.948 489.014 490.232 488.265
494.095 497.061 494.451 491.215 491.339 514.482 502.253 497.757 529.621 641.509
639.476 640.779 642.844 596.821 593.352 615.821 639.3 634.15 632.013 641.854
640.303 642.399 646.19 660.599 646.325 646.188 646.515 651.892 655.672 634.995
639.717 645.356 654.326 580.124 587.851 466.102 514.89 533.942 462.098 446.803
534.006 521.552 520.552 475.671 455.199 473.29 491.782 494.858 499.567 644.201
643.936 644.418 640.145 639.939 640.572 641.092 639.717 640.267 637.794 638.864
637.001 637.464 635.517 636.612 638.42 645.743 644.814 637.658 633.51 634.231
630.906 630.647 632.217 658.785 661.502 660.628 657.895 647.037 646.792 646.879
646.75 646.146 645.281 633.491 632.605 667.415 668.897 668.131 666.627 647.946
646.819 672.567 673.597 672.99 671.914 676.385 677.138 676.626 675.953 650.847
651.206 652.652 651.531 651.545 652.378 652.16 654.113 653.097 653.343 654.928
654.201 656.551 655.641 656.114 658.045 657.157 659.408 658.654 659.131 660.597
678.166 676.456 675.799 677.518 653.167 654.574 656.954 659.734 660.536 653.305
668.72 666.719 666.387 668.298 649.851 653.915 653.253 652.404 653.315 652.651
651.907 653.649 652.756 662.848 662.013 661.909 662.718 654.608 655.115 655.068
654.011 653.745 653.014 652.834 653.541 652.992 660.003 659.317 659.26 659.946
655.124 655.584 654.377 653.168 652.729 652.911 652.624 656.47 655.01 654.944
656.415 620.691 621.191 621.548 621.93 622.357 622.82 622.958 623.018 623.206
623.54 624.217 625.385 628.095 631.452 634.645 639.799 645.512 647.077 642.116
641.898 646.964 585.671 585.686 598.011 593.583 585.545 604.241 569.919 547.989
582.988 586.48 586.122 583.567 582.809 559.254 561.617 455.033 447.31 468.156
464.065 476.519 471.674 481.132 480.811 480.543 479.828 482.434 515.282 506.306
505.974 501.492 497.259 490.007 490.663 488.815 488.117 489.306 489.746 457.36
475.467 470.406 557.884 546.763 539.658 567.663 522.239 508.792 498.219 491.82
490.254 492.778 498.117 592.151 641.205 576.917 572.005 463.844 445.274 472.066
507.371 514.128 510.852 477.183 491.767 420.763 422.283 420.584 422.783 421.401
423.861 421.89 424.573 422.22 425.136 422.499 425.622 422.561 425.813 422.446
425.725 421.903 425.12 420.841 423.944 419.243 422.209 416.994 419.303 422.388
423.205 424.381 425.211 425.918 426.536 426.817 426.744 426.087 424.827 423.015
419.839 640.083 640.535 638.217 638.658 627.529 636.732 643.597 648.729 632.925
633.286 653.037 656.208 659.194 661.361 663.584 665.207 666.946 668.28 669.747
670.934 672.193 673.313 674.412 675.334 675.947 676.919 677.749 676.395 674.818
672.083 654.032 654.126 656.234 656.27 659.102 659.079 669.599 667.449 665.743
664.327 650.923 651.42 663.258 662.299 661.592 660.869 652.479 654.24 660.31
659.617 659.007 658.15 652.477 654.454 657.298 656.05 654.674 652.646 621.615
622.015 622.466 623.101 623.131 623.251 624.035 625.25 627.654 650.173 646.52
641.619 634.519 624.38 610.402 589.074 608.581 608.783 585.084 584.739 570.009
585.01 581.443 584.677 585.665 587.455 587.566 586.379 569.101 576.058 580.984
568.91 540.922 446.402 453.607 472.869 468.509 477.783 481.421 482.809 481.603
644.261 644.146 643.881 644.222 644.151 644.198 646.677 646.757 646.585 646.444
646.586 646.294 646.011 644.775 652.812 651.026 652.332 654.626 657.632 652.954
651.57 654.911 655.135 621.207 620.705 622.895 623.519 631.064 586.69 584.27
557.895 463.258 481.278 482.579 511.881 510.409 508.849 505.474 501.599 497.685
493.537 494.148 491.336 489.493 488.726 488.462 488.94 490.025 643.525 646.501
650.443 652.271 652.788 652.668 652.528 654.917 661.828 673.094 674.984 675.742
674.225 662.542 650.498 570.911 642.246 545.563 645.788 646.269 650.757 651.11
620.118 670.416 676.419 667.884 546.937 620.112 666.886 676.132 672.141 642.852
643.478 645.564 646.085 
alpha.water 1 6554 float
1 1 1 1 1 1 1 1 1 1 1
1 1 1 1 1 1 1 1 1 1
1 1 1 1 1 1 1 1 1 1
1 1 1 1 1 1 1 1 1 1
1 1 1 1 1 1 1 1 1 1
1 1 1 1 1 1 1 1 1 1
1 1 1 1 1 1 1 1 1 1
1 1 1 1 1 1 1 1 1 1
1 1 1 1 1 1 1 1 1 1
1 1 1 1 1 1 1 1 1 1
1 1 1 1 1 1 1 1 1 1
1 1 1 1 1 1 1 1 1 1
1 1 1 1 1 1 1 1 1 1
1 1 1 1 1 1 1 1 1 1
1 1 1 1 1 1 1 1 1 1
1 1 1 1 1 1 1 1 1 1
1 1 1 1 1 1 1 1 1 1
1 1 1 1 1 1 1 1 1 1
1 1 1 1 1 1 1 1 1 1
1 1 1 1 1 1 1 1 1 1
1 1 1 1 1 1 1 1 1 1
1 1 1 1 1 1 1 1 1 1
1 1 1 1 1 1 1 1 1 1
1 1 1 1 1 1 1 1 1 1
1 1 1 1 1 1 1 1 1 1
1 1 1 1 1 1 1 1 1 1
1 1 1 1 1 1 1 1 1 1
1 1 1 1 1 1 1 1 1 1
1 1 1 1 1 1 1 1 1 1
1 1 1 1 1 1 1 1 1 1
1 1 1 1 1 1 1 1 1 1
1 1 1 1 1 1 1 1 1 1
1 1 1 1 1 1 1 1 1 1
1 1 1 1 1 1 1 1 1 1
1 1 1 1 1 1 1 1 1 1
1 1 1 1 1 1 1 1 1 1
1 1 1 1 1 1 1 1 1 1
1 1 1 1 1 1 1 1 1 1
1 1 1 1 1 1 1 1 1 1
1 1 1 1 1 1 1 1 1 1
1 1 1 1 1 1 1 1 1 1
1 1 1 1 1 1 1 1 1 1
1 1 1 1 1 1 1 1 1 1
1 1 1 1 1 1 1 1 1 1
1 1 1 1 1 1 1 1 1 1
1 1 1 1 1 1 1 1 1 1
1 1 0.999999 1 1 1 0.999999 0.999999 0.999999 0.999999
0.999999 0.999999 0.999999 1 1 1 1 1 1 1
1 1 1 1 1 1 1 1 1 1
1 1 1 1 1 1 1 0.999999 0.999999 0.999999
0.999999 0.999999 0.999999 0.999999 0.999999 0.999999 0.999999 0.999999 1 1
1 1 1 1 1 1 1 1 1 1
1 1 1 1 1 1 1 1 1 1
1 1 1 0.999999 0.999999 0.999999 0.999999 1 1 1
1 1 1 1 1 1 1 1 1 1
1 1 1 1 1 1 1 1 1 1
1 1 0.999999 1 1 1 1 1 1 1
1 1 1 1 1 1 1 1 1 1
1 1 1 1 1 1 1 1 1 1
1 1 1 1 1 1 1 1 1 1
1 1 1 1 1 1 1 1 1 1
1 1 1 1 1 1 1 1 1 1
1 1 1 1 1 1 1 1 1 1
1 1 1 1 1 1 1 1 1 1
1 1 1 1 1 1 1 1 1 1
1 1 1 1 1 1 1 1 1 1
1 1 1 1 1 1 1 1 1 1
1 1 1 1 1 1 1 1 1 1
1 1 1 1 1 1 1 1 1 1
1 1 1 1 1 1 1 1 1 1
1 1 1 1 1 1 1 1 1 1
1 1 1 1 1 1 1 1 1 1
1 1 1 1 1 1 1 1 1 1
1 1 1 1 1 1 1 1 1 1
1 1 1 1 1 1 1 1 1 1
1 1 1 1 1 1 1 1 1 1
1 1 1 1 1 1 1 1 1 1
1 1 1 1 1 1 1 1 1 1
1 1 1 1 1 1 1 1 1 1
1 1 1 1 1 1 1 1 1 1
1 1 1 1 1 1 1 1 1 1
1 1 1 1 1 1 1 1 1 1
1 1 1 1 1 1 1 1 1 1
1 1 1 1 1 1 1 1 1 1
1 0.999999 0.999999 0.999999 0.999999 0.999999 0.999999 0.999999 0.999999 1
1 1 1 1 1 1 1 1 1 1
1 1 1 1 1 1 1 1 1 1
1 1 1 1 1 1 1 1 0.999999 0.999999
0.999999 0.999997 0.999984 0.999985 0.999716 0.99963 1 1 1 1
1 1 1 1 1 1 1 1 1 1
1 1 1 1 1 1 0.999999 0.999999 0.999999 0.999999
0.999989 0.999979 0.999975 0.999986 0.999999 0.999999 1 1 1 1
1 1 1 1 1 0.999578 1 1 1 1
1 1 1 1 1 1 1 1 1 1
1 1 1 1 1 1 1 1 1 1
1 1 1 1 1 1 1 1 1 1
1 1 1 1 1 1 1 1 1 1
1 1 1 1 1 1 1 1 1 1
1 1 1 1 1 1 1 1 1 1
1 1 1 1 1 1 1 1 1 1
1 1 1 1 1 1 1 1 1 1
1 1 1 1 1 1 1 0.999999 0.999999 0.999999
1 1 0.999999 0.999999 0.999999 0.999999 0.999999 0.999999 0.999999 0.999999
0.999999 0.999999 0.999999 1 0.999999 0.999999 1 1 1 1
1 1 1 1 1 1 1 1 1 1
1 1 1 1 1 1 1 1 1 1
1 1 1 1 1 1 1 1 1 1
1 1 1 1 1 1 1 1 1 1
1 1 1 1 1 1 1 1 1 1
1 1 1 1 1 1 0.999999 0.999999 0.999999 0.999999
1 1 1 1 1 1 1 1 1 1
1 1 1 1 1 1 1 1 1 1
1 1 1 1 1 1 1 1 1 1
1 1 1 1 1 1 1 1 1 1
1 1 1 1 1 1 1 1 1 1
1 1 1 0.999999 0.999999 1 1 1 1 1
1 1 1 1 1 1 1 1 1 1
1 1 1 1 1 1 1 1 1 1
1 1 1 1 1 1 1 1 1 0.999989
0.999987 1 1 1 1 0.999582 1 1 1 1
1 1 1 1 1 1 1 1 1 1
1 1 1 1 1 1 1 1 1 1
1 1 1 1 1 1 1 1 1 1
1 1 1 1 1 1 1 1 1 1
1 1 1 1 1 1 1 1 1 1
1 1 1 1 1 1 1 1 1 1
1 1 1 1 1 1 1 1 1 1
1 1 1 1 1 1 1 1 1 0.999999
0.999999 1 1 1 1 1 1 1 1 0.999993
1 0.999999 0.999999 1 0.999993 0.999999 1 1 0.999999 1
1 1 1 1 1 1 1 1 1 1
1 1 1 1 1 1 1 1 1 1
1 1 1 1 1 1 1 1 1 1
1 1 1 1 1 1 1 1 1 1
1 1 1 1 1 1 1 1 1 1
1 1 1 1 1 1 1 1 1 1
1 1 1 1 1 1 1 1 1 1
1 1 1 1 1 1 1 1 1 1
1 1 1 1 1 1 1 1 1 1
1 1 1 1 1 1 1 1 1 1
1 1 1 1 1 1 1 1 1 1
1 1 1 1 1 1 1 1 1 1
1 1 1 1 1 1 1 1 1 1
1 1 1 1 1 1 1 1 1 1
1 1 1 1 1 1 1 1 1 1
1 1 1 1 1 1 1 1 1 1
1 1 1 1 1 1 1 1 1 1
1 1 1 1 1 1 1 1 1 1
1 1 1 1 1 1 1 1 1 1
1 1 1 1 1 1 1 1 1 1
1 1 1 1 1 1 1 1 1 1
1 1 1 1 1 1 1 1 1 1
1 1 1 1 1 1 1 1 1 1
1 1 1 1 1 1 1 1 1 1
1 1 1 1 1 1 1 1 1 1
1 1 1 1 1 1 1 1 1 1
1 1 1 1 1 1 1 1 1 1
1 1 1 1 1 1 1 1 1 1
1 1 1 1 1 1 1 1 1 1
1 1 1 1 1 1 1 1 1 1
1 1 1 1 1 1 1 1 1 1
1 1 1 1 1 1 1 1 1 1
1 1 1 1 1 1 1 1 1 1
1 1 1 1 1 1 1 1 1 1
1 1 1 1 1 1 1 1 1 1
1 1 1 1 1 1 1 1 1 1
1 1 1 1 1 1 1 1 1 1
1 1 1 1 1 1 1 1 1 1
1 1 1 1 1 1 1 1 1 1
1 1 1 1 1 1 1 1 1 1
1 1 1 1 1 1 1 1 1 1
1 1 1 1 1 1 1 1 1 1
1 1 1 1 1 1 1 1 1 1
1 1 1 1 1 1 1 1 1 1
1 1 1 1 1 1 1 1 1 1
1 1 1 0.999998 1 1 1 1 1 1
1 1 1 1 1 1 1 1 1 1
1 1 0.999999 0.999999 1 1 1 1 1 0.999998
1 1 1 1 1 1 1 1 1 1
1 1 1 1 1 1 1 1 1 1
1 1 1 1 1 1 1 1 1 1
1 1 1 1 1 1 1 1 1 1
1 1 1 1 1 1 1 1 1 1
1 1 1 1 1 1 1 1 1 1
1 1 1 1 1 1 1 1 1 1
1 1 1 1 1 1 1 1 1 1
1 1 1 1 1 1 1 1 1 1
1 1 1 1 1 1 1 1 1 1
1 1 1 1 1 1 1 1 1 1
1 1 1 1 1 1 1 1 1 1
1 1 1 1 1 1 1 1 1 1
1 1 1 1 1 1 1 1 1 1
1 1 1 1 1 1 1 1 1 1
1 1 1 1 1 1 1 1 1 1
1 1 1 1 1 1 1 1 1 1
1 1 1 1 1 1 1 1 1 1
1 1 1 1 1 1 1 1 1 1
1 1 1 1 1 1 1 1 0.999999 0.999999
1 1 1 1 1 1 1 1 1 1
1 1 1 1 1 1 1 1 1 1
1 1 1 1 1 1 1 1 1 1
1 1 1 1 1 1 1 1 1 1
1 1 1 1 1 1 1 1 1 1
1 1 1 1 1 1 1 1 1 1
1 1 1 1 1 1 1 1 1 1
1 1 1 1 1 1 1 1 1 1
1 1 1 1 1 1 1 1 1 1
1 1 1 1 1 1 1 1 1 1
1 1 1 1 1 1 1 1 1 1
1 1 1 1 1 1 1 1 1 1
1 1 1 1 1 1 1 1 1 1
1 1 1 1 1 1 1 1 1 1
1 1 1 1 1 1 1 1 1 1
1 1 1 1 1 1 1 1 1 1
1 1 1 1 1 1 1 1 1 1
1 1 1 1 1 1 1 1 1 1
1 1 1 1 1 1 1 1 1 1
1 1 1 1 1 1 1 1 1 1
1 1 1 1 1 1 1 1 1 1
1 1 1 1 1 1 1 1 1 1
1 1 1 1 1 1 1 1 1 1
1 1 1 1 1 1 1 1 1 1
1 1 1 1 1 1 1 1 1 1
1 1 1 1 1 1 1 1 1 1
1 1 1 1 1 1 1 1 1 1
1 1 1 1 1 1 1 1 1 1
1 1 1 1 1 1 1 1 1 1
1 1 1 1 1 1 1 1 1 1
1 1 1 1 1 1 1 1 1 1
1 1 1 1 1 1 1 1 1 1
1 1 1 1 1 1 1 1 1 1
1 1 1 1 1 1 1 1 1 1
1 1 1 1 1 1 1 1 1 1
1 1 1 1 1 1 1 1 1 1
1 1 1 1 1 1 1 1 1 1
1 1 1 1 1 1 1 1 1 1
1 1 1 1 1 1 1 1 1 1
1 1 1 1 1 1 1 1 1 1
1 1 1 1 1 1 1 1 1 1
1 1 1 1 1 1 1 1 1 1
1 1 1 1 1 1 1 1 1 1
1 1 1 1 1 1 1 1 1 1
1 1 1 1 1 1 1 1 1 1
1 1 1 1 1 1 1 1 1 1
1 1 1 1 1 1 1 1 1 1
1 1 1 1 1 1 1 1 1 1
1 1 1 1 1 1 1 1 1 1
1 1 1 1 1 1 1 1 1 1
1 1 1 1 1 1 1 1 1 1
1 1 1 1 1 1 1 1 1 1
1 1 1 1 1 1 1 1 1 1
1 1 1 1 1 1 1 1 1 1
1 1 1 1 1 1 1 1 1 1
1 1 1 1 1 1 1 1 1 1
1 1 1 1 1 1 1 1 1 1
1 1 1 1 1 1 1 1 1 1
1 1 1 1 1 1 1 1 1 1
1 1 1 1 1 1 1 1 1 1
1 1 1 1 0.999999 1 1 1 1 1
1 1 0.999999 1 1 1 1 1 1 1
1 1 1 1 1 1 1 1 1 1
1 1 1 1 1 1 1 1 1 1
1 1 1 1 1 1 1 1 1 1
1 1 1 1 1 1 1 1 1 1
1 1 1 1 1 1 1 1 1 1
1 1 1 1 1 1 1 1 1 1
1 1 1 1 1 1 1 1 1 1
1 1 1 1 1 1 1 1 1 1
1 1 1 1 1 1 1 1 1 1
1 1 1 1 1 1 1 1 1 1
1 1 1 1 1 1 1 1 1 1
1 1 1 1 1 1 1 1 1 1
1 1 1 1 1 1 1 1 1 1
1 1 1 1 1 1 1 1 1 1
1 1 1 1 1 1 1 1 1 1
1 1 1 1 1 1 1 1 1 1
1 1 1 1 1 1 1 1 1 1
1 1 1 1 1 1 1 1 1 1
1 1 1 1 1 1 1 1 1 1
1 1 1 1 1 1 1 1 1 1
1 1 1 1 1 1 1 1 1 1
1 1 1 1 1 1 1 1 1 1
1 1 1 1 1 1 1 1 1 1
1 1 1 1 1 1 1 1 1 1
1 1 1 1 1 1 1 1 1 1
1 1 1 1 1 1 1 1 1 1
1 1 1 1 1 1 1 1 1 1
1 1 1 1 1 1 1 1 1 1
1 1 1 1 1 1 1 1 1 1
1 1 1 1 1 1 1 1 1 1
1 1 1 1 1 1 1 1 1 1
1 1 1 1 1 1 1 1 1 1
1 1 1 1 1 1 1 1 1 1
1 1 1 1 1 1 1 1 1 1
1 1 1 1 1 1 1 1 1 1
1 1 1 1 1 1 1 1 1 1
1 1 1 1 1 1 1 1 1 1
1 1 1 1 1 1 1 1 1 1
1 1 1 1 1 1 1 1 1 1
1 1 1 1 1 1 1 1 1 1
1 1 1 1 1 1 1 1 1 1
1 1 1 1 1 1 1 1 1 1
1 1 1 1 1 1 1 1 1 1
1 1 1 1 1 1 1 1 1 1
1 1 1 1 1 1 1 1 1 1
1 1 1 1 1 1 1 1 1 1
1 1 1 1 1 1 1 1 1 1
1 1 1 1 1 1 1 1 1 1
1 1 1 1 1 1 0.999999 1 1 1
1 1 1 1 1 1 1 1 1 1
1 1 1 1 0.999999 1 1 1 1 1
1 1 1 1 1 1 1 1 1 1
1 1 0.999998 0.999994 0.999999 1 1 1 1 1
1 1 0.999983 1 1 1 1 1 1 0.999998
0.999997 0.999991 1 1 1 1 1 1 1 0.999994
1 1 1 1 1 1 1 1 1 1
1 1 1 1 1 1 1 1 1 1
1 1 1 1 1 1 1 1 1 1
1 1 1 1 1 1 1 1 1 1
1 1 1 1 1 1 1 1 1 1
1 1 1 1 1 1 1 1 1 1
1 1 1 1 1 1 1 1 1 1
1 1 1 1 1 1 1 1 1 1
1 1 1 1 1 1 1 1 1 1
1 1 1 1 1 1 1 1 1 1
1 1 1 1 1 1 1 1 1 1
1 1 1 1 1 1 1 1 1 1
1 1 1 1 1 1 1 1 1 1
1 1 1 1 1 1 1 1 1 1
1 1 1 1 1 1 1 1 1 1
1 1 1 1 1 1 1 1 1 1
1 1 1 1 1 1 1 1 1 1
1 1 1 1 1 1 1 1 1 1
1 1 1 1 1 1 1 1 1 1
1 1 1 1 1 1 1 1 1 1
1 1 1 1 1 1 1 1 1 1
1 1 1 1 1 1 1 1 1 1
1 1 1 1 1 1 1 1 1 1
1 1 1 1 1 1 1 1 1 1
1 1 1 1 1 1 1 1 1 1
1 1 1 1 1 1 1 1 1 1
1 1 1 1 1 1 1 1 1 1
1 1 1 1 1 1 1 1 1 1
1 1 1 1 1 1 1 1 1 1
1 1 1 1 1 1 1 1 1 1
1 1 1 1 1 1 1 1 1 1
1 1 1 1 1 1 1 1 1 1
1 1 1 1 1 1 1 1 1 1
1 1 1 1 1 1 1 1 1 1
1 1 1 1 1 1 1 1 1 1
1 1 1 1 1 1 1 1 1 1
1 1 1 1 0.999999 1 1 1 1 1
1 1 1 1 1 1 1 1 1 1
1 1 1 1 1 1 0.999998 0.999997 1 1
1 1 1 1 1 1 1 1 1 1
1 1 1 1 1 0.999999 0.999999 1 1 1
1 1 1 1 1 1 1 1 1 1
1 1 1 0.999999 0.999998 0.999998 1 1 1 1
1 1 1 1 1 1 1 1 1 1
1 0.999999 0.999999 0.999999 1 0.999999 1 0.999998 1 0.999999
0.999995 0.999999 0.999999 0.999995 0.999999 0.999999 0.999999 1 1 1
1 1 1 1 1 1 1 1 1 1
1 1 1 1 0.999998 0.999995 0.999998 1 1 1
1 1 1 1 1 1 1 1 1 1
1 1 1 1 1 0.999998 0.999998 1 1 1
1 1 1 1 0.999997 0.999999 0.99982 0.999971 1 1
1 1 1 1 1 1 1 1 1 1
1 1 1 1 1 1 1 1 1 1
1 1 1 1 1 1 1 1 1 1
1 1 1 1 1 1 1 1 1 1
1 1 1 1 1 1 1 0.999997 0.999999 0.999995
0.999997 1 1 1 1 1 1 1 1 1
0.999992 0.999991 0.999998 0.999995 0.999999 0.999999 0.999999 0.999999 0.999999 0.999999
0.999999 0.999999 1 1 1 1 1 1 1 1
1 1 1 0.999999 0.999999 1 0.999999 1 1 1
1 1 1 1 1 1 1 1 1 1
1 1 1 1 1 1 1 1 1 1
1 1 1 1 1 1 1 1 1 1
1 1 1 1 1 1 1 1 1 1
1 1 1 1 1 1 0.999999 1 1 1
0.999999 1 1 1 1 1 1 1 0.999999 0.999999
1 1 1 1 1 1 1 0.999999 1 1
1 1 0.999999 0.999999 0.999999 0.999998 1 1 1 1
0.999999 0.999999 0.999997 0.999998 0.999999 0.999999 1 1 1 1
1 1 1 1 1 1 1 1 1 1
1 1 1 1 1 1 1 1 1 1
0.999997 0.999996 1 1 1 1 1 1 1 1
1 1 1 1 1 1 1 1 1 1
1 1 1 1 1 1 1 1 1 1
1 1 1 1 1 1 1 1 1 1
1 1 1 1 1 1 1 1 1 1
1 1 1 1 1 1 1 1 1 1
1 1 1 1 1 1 1 1 1 1
1 1 1 1 1 1 1 1 1 1
1 1 1 1 1 1 1 1 1 1
1 1 1 1 1 1 1 1 1 1
1 1 1 1 0.999999 1 0.999997 1 1 1
1 1 1 1 1 1 1 1 1 1
0.999989 0.999994 0.999991 1 1 1 1 1 1 1
1 1 1 1 1 0.999999 0.999997 0.999999 1 1
1 1 1 1 1 1 1 1 1 0.999999
0.999999 0.999999 1 1 1 1 1 1 1 1
0.999999 0.999999 0.999999 1 1 1 1 1 1 1
0.999998 0.999999 0.99999 0.999962 1 1 1 1 1 1
1 1 1 1 1 1 1 1 1 1
1 1 1 1 1 1 1 1 1 1
1 1 1 1 1 1 0.999997 1 1 1
0.999994 0.999999 0.999999 1 1 1 0.999999 1 1 1
1 1 1 1 1 1 1 1 1 1
1 1 1 1 1 1 1 1 1 1
1 1 0.999999 0.999999 1 1 1 0.999999 0.999999 0.999999
0.999999 1 1 1 1 1 1 1 1 1
1 1 1 1 1 1 1 1 1 1
1 1 1 1 1 1 1 1 1 1
1 1 1 1 1 1 1 1 1 1
0.999968 1 1 0.999793 0.999789 1 1 1 1 1
1 1 1 1 1 1 1 1 1 1
1 1 1 1 1 1 1 1 1 1
1 1 1 1 1 1 1 1 1 1
1 1 1 1 1 1 1 1 1 1
1 1 1 1 1 1 1 1 1 1
1 1 1 1 1 1 1 1 1 1
1 1 1 1 1 1 1 1 1 1
1 1 1 1 1 1 1 1 1 1
1 1 1 1 1 1 1 1 1 1
1 1 1 1 1 1 1 1 1 1
1 1 1 1 1 1 1 1 1 1
1 1 1 1 1 1 1 1 1 1
1 1 1 1 1 1 1 1 1 1
1 1 1 1 1 1 1 1 1 1
1 0.996874 0.999976 1 0.999947 0.996266 1 1 1 1
1 1 1 1 1 1 1 1 1 1
1 1 1 1 1 1 1 1 1 1
1 1 1 1 1 1 1 1 1 0.995897
1 1 1 1 1 1 1 1 1 1
1 1 1 1 1 1 1 1 1 1
1 1 1 1 1 1 1 1 1 1
1 1 1 1 1 1 1 1 1 1
1 1 1 1 1 1 1 1 1 1
1 1 1 1 1 1 1 1 1 1
1 1 1 1 1 1 1 1 1 1
1 1 1 1 1 1 1 1 1 1
1 1 1 1 1 1 1 1 1 1
1 1 1 1 1 1 1 1 1 1
1 1 1 1 1 1 1 1 1 1
0.999931 0.995531 1 1 1 1 1 1 1 1
1 1 1 1 1 1 1 1 0.999998 0.999999
1 1 1 1 1 1 1 1 1 1
1 1 1 1 1 1 1 1 1 1
1 1 1 1 1 1 1 1 1 1
1 1 1 1 1 1 1 1 1 1
1 1 1 1 1 1 1 1 1 1
1 1 1 1 1 1 1 1 1 1
1 1 1 1 1 1 1 1 1 1
1 1 1 1 1 1 1 1 1 1
1 1 1 1 1 1 1 1 1 1
1 1 1 1 1 1 1 1 1 1
1 1 1 1 1 1 1 1 1 1
1 1 1 1 1 1 1 1 1 1
1 1 1 1 1 1 1 1 1 1
1 1 1 1 1 1 1 1 1 1
1 1 1 1 1 1 1 1 1 1
1 1 1 1 1 1 1 1 1 1
1 1 1 1 1 1 1 1 1 1
0.999999 0.999999 0.999981 0.999997 0.999825 1 1 1 1 1
1 1 1 1 1 1 1 1 1 1
1 1 1 1 1 1 1 1 1 1
1 1 1 1 1 1 1 1 1 1
1 1 1 1 1 1 1 1 1 1
1 1 1 1 1 1 1 1 1 1
1 1 1 1 1 1 1 1 1 1
1 1 1 1 1 1 1 1 1 1
1 1 0.999766 1 1 1 1 0.999794 0.999999 1
1 1 1 1 1 1 1 1 1 1
1 1 1 1 1 1 1 1 1 1
1 1 1 1 1 1 1 1 1 1
1 1 1 1 1 1 1 1 1 1
1 1 1 1 1 1 1 1 1 0.999999
0.999999 0.999999 0.999999 0.999999 0.999999 0.999999 0.999999 0.999996 0.999992 0.999979
0.999972 0.999962 0.999958 0.981835 0.981834 0.980013 0.980011 0.99909 0.999088 1
1 1 1 1 1 1 1 1 1 1
1 1 1 1 1 0.999999 0.999999 0.999999 0.999999 0.999999
0.99999 0.999969 0.98184 0.980018 0.999087 1 1 1 1 1
1 1 1 1 1 1 1 1 1 1
1 1 0.999999 0.999999 0.999999 0.999999 0.999996 0.999976 0.981851 0.980031
0.999089 1 1 1 1 1 1 1 1 1
1 1 1 1 1 1 1 1 0.999999 0.999999
0.999999 0.999999 0.999999 0.999989 0.981877 0.980049 0.999092 1 1 0.999999
0.999999 0.999999 1 1 1 1 1 1 1 1
1 1 1 0.999999 0.999999 0.999999 0.999999 0.999999 0.999999 0.999999
0.981882 0.980044 0.999094 0.999999 1 0.999999 0.999998 0.999998 0.999999 1
1 1 1 1 1 1 1 1 0.999999 0.999999
0.999999 0.999999 0.999999 0.999999 0.999999 0.999999 0.981906 0.980071 0.999095 0.999999
1 0.999999 0.999998 0.999998 0.999999 1 1 1 1 1
1 1 1 0.999999 0.999999 0.999999 0.999999 0.999999 0.999999 0.999999
0.999999 0.999999 0.981963 0.980131 0.999094 0.999999 0.999999 0.999999 0.999999 0.999999
0.999999 0.999999 0.999999 1 1 1 0.999999 0.999999 0.999999 0.999999
0.999999 0.999999 0.999999 0.999999 0.999999 0.999999 0.999999 0.999999 0.982002 0.980183
0.999114 0.999999 0.999999 0.999999 0.999999 0.999994 0.999994 0.999999 0.999999 0.999999
0.999999 0.999999 0.999999 0.999999 0.999999 0.999999 0.999999 0.999999 0.999988 0.999987
0.999999 0.999999 0.999999 0.999999 0.982047 0.980255 0.999165 0.999999 0.999999 0.999999
0.999994 0.999984 0.999983 0.999992 0.999997 0.999999 0.999999 0.999999 0.999999 0.999997
0.999986 0.999977 0.999976 0.999976 0.999966 0.999967 0.99999 0.999999 0.999994 0.999994
0.982096 0.980312 0.999172 0.999999 0.999999 0.999996 0.999986 0.999983 0.999989 0.999991
0.999997 0.999999 0.999999 0.999999 0.999999 0.999997 0.999986 0.999969 0.999958 0.999954
0.999954 0.999957 0.999968 0.999981 0.999977 0.999982 0.982151 0.980354 0.999135 0.999999
0.999999 0.999996 0.999991 0.999994 0.999999 0.999999 0.999999 0.999999 0.999999 0.999997
0.999993 0.999993 0.999997 0.999992 0.99998 0.999972 0.999961 0.999954 0.999954 0.999959
0.999959 0.999968 0.982202 0.980409 0.999117 0.999999 0.999999 0.999999 0.999999 0.999993
0.999993 0.999999 0.999999 0.999999 0.999999 0.999997 0.999991 0.999992 0.999997 0.999999
0.999999 0.999994 0.999981 0.999963 0.999954 0.999951 0.999951 0.999966 0.982264 0.980486
0.999136 0.999999 0.999999 0.999999 0.999988 0.999956 0.999955 0.999987 0.999999 0.999999
0.999998 0.999999 0.999997 0.999997 0.999999 0.999999 0.999999 0.999999 0.999997 0.999984
0.999964 0.999945 0.999955 0.999985 0.982331 0.980548 0.999133 0.999999 0.999999 0.999997
0.999981 0.999946 0.999949 0.999987 0.999999 0.999998 0.999997 0.999998 0.999999 0.999999
0.999999 0.999999 0.999999 0.999999 0.999999 0.999997 0.999984 0.999957 0.999968 0.999998
0.9824 0.980606 0.999102 0.999999 1 0.999991 0.999985 0.999979 0.999984 0.999999
0.999999 0.999998 0.999997 0.999998 0.999999 0.999999 0.999999 0.999999 0.999999 0.999999
0.999999 0.999999 0.999997 0.999982 0.999983 0.999999 0.982476 0.980689 0.999105 0.999998
0.999963 0.999988 0.999987 0.999996 0.999996 0.999999 0.999999 0.999999 0.999998 0.999998
0.999999 1 1 0.999999 0.999999 0.999999 0.999998 0.999999 0.999999 0.999995
0.999995 0.999999 0.982544 0.980769 0.999119 0.999998 0.999936 0.999995 0.999995 0.999999
0.999998 0.999997 0.999998 0.999999 0.999999 0.999999 0.999999 1 1 1
1 1 0.999999 0.999999 0.999999 0.999999 0.999999 0.999999 0.98261 0.980839
0.999117 1 0.999973 0.999999 0.999999 0.999999 0.999998 0.999997 0.999998 0.999999
0.999999 1 1 1 1 1 1 1 1 0.999999
0.999999 0.999999 0.999999 0.999999 0.982672 0.9809 0.999105 0.999999 1 0.999999
0.999999 1 1 0.999999 0.999999 1 1 1 1 1
1 1 1 1 1 0.999999 0.999999 0.999999 0.999999 0.999999
0.98273 0.980963 0.999106 1 1 1 1 1 1 1
1 1 1 1 1 1 1 1 1 1
1 1 0.999999 0.999999 0.999999 0.999999 0.98278 0.981017 0.999105 1
1 1 1 1 1 1 1 1 1 1
1 1 1 1 1 1 1 0.999999 0.999999 0.999999
0.999999 0.999999 0.982821 0.981055 0.999095 1 1 1 1 1
1 1 1 1 1 1 1 1 1 1
1 1 0.999999 0.999999 0.999999 0.999999 0.999999 0.999999 0.982847 0.981082
0.999089 1 1 1 1 1 1 1 1 1
1 1 1 1 1 1 1 1 0.999999 0.999999
0.999999 0.999999 0.999996 0.999992 0.98286 0.981102 0.999093 1 1 1
1 1 1 1 1 1 1 1 1 1
1 1 1 0.999999 0.999999 0.999998 0.999999 0.999999 0.999993 0.999985
0.982864 0.98111 0.999098 1 1 1 1 1 1 1
1 1 1 1 1 1 1 1 1 1
1 1 1 1 1 1 1 1 1 1
1 1 1 1 1 1 1 1 1 1
1 1 1 1 1 1 1 1 1 1
1 1 1 1 1 1 1 1 1 1
1 1 1 1 1 1 1 1 1 1
1 1 0.999999 1 1 1 1 1 1 0.999999
1 1 1 1 1 1 0.999999 1 1 1
1 1 1 0.999999 0.999999 0.999999 1 1 1 1
0.999999 0.999999 0.999999 1 1 1 1 1 0.999999 0.999999
1 1 1 1 1 1 0.999999 1 1 1
1 1 1 1 1 1 1 0.999972 0.999887 1
0.999728 0.999923 0.999981 0.999969 0.999888 0.999551 0.999866 0.999712 0.999951 0.999999
0.999701 0.999728 1 1 0.999994 0.999994 1 1 1 1
1 1 1 1 1 1 1 1 1 1
1 1 1 1 1 1 1 1 1 1
1 1 1 1 1 1 1 1 1 1
1 1 1 1 1 1 1 1 1 1
1 1 1 1 1 1 1 1 1 1
1 1 1 1 1 1 1 1 1 1
1 1 1 1 1 1 1 1 1 1
1 1 1 1 1 1 1 1 1 1
1 1 1 1 1 1 1 1 1 1
1 1 1 1 1 1 1 1 1 1
1 1 1 1 1 1 1 1 1 1
1 1 1 1 1 1 1 1 1 0.999999
0.999999 1 1 1 1 0.999999 0.999999 1 0.999999 0.999999
1 1 1 1 0.999999 0.999999 1 0.999999 0.999999 1
1 1 0.999999 0.999999 1 0.999999 1 1 1 1
1 1 1 1 1 1 1 1 1 1
1 1 1 1 1 1 1 1 1 1
1 1 1 1 1 1 1 1 1 1
1 1 1 1 1 1 1 1 1 1
1 1 1 1 1 1 1 1 1 1
1 1 1 1 1 1 1 1 1 1
1 1 1 0.999991 0.99999 1 1 1 1 1
1 1 1 1 0.999999 1 1 1 1 1
1 1 1 1 1 1 1 1 1 1
1 1 1 1 1 1 1 1 1 1
1 1 1 1 1 1 1 1 1 1
1 1 1 1 1 1 1 1 1 1
1 1 1 1 1 1 1 1 1 1
1 1 1 1 1 1 1 1 1 1
1 1 1 1 1 1 1 1 1 1
1 1 1 1 1 1 1 1 1 1
1 1 1 1 1 1 1 1 1 1
1 1 1 1 1 1 1 1 1 1
1 1 1 1 1 1 1 1 1 0.999991
0.999859 0.999972 1 1 1 1 1 1 1 0.999996
0.999999 0.999999 0.99993 1 1 1 1 1 1 1
1 1 1 1 1 1 1 1 1 1
1 1 1 1 1 1 1 1 1 1
1 1 1 1 1 1 1 1 1 1
1 1 1 1 1 1 1 1 1 1
1 1 1 1 1 0.999998 0.999992 0.999991 0.999997 0.99999
0.999992 1 1 1 1 1 1 1 1 1
1 1 1 1 1 1 1 1 1 1
1 1 1 1 1 1 1 1 1 1
1 1 1 1 1 1 1 1 1 1
1 1 1 1 1 1 1 1 1 1
1 1 1 1 1 1 1 1 1 1
1 1 1 1 1 0.999999 1 1 1 0.999999
1 1 1 1 1 1 1 1 1 1
1 1 1 1 1 1 1 1 1 1
1 1 1 1 1 1 1 1 1 1
1 1 1 1 1 1 1 1 1 1
1 1 1 1 1 1 1 1 1 1
1 1 0.99996 1 0.999891 0.999745 0.999786 1 1 0.999999
1 1 1 1 1 1 1 1 1 1
1 1 1 1 1 1 1 1 1 1
1 1 1 1 1 1 1 1 0.999988 1
0.999992 1 0.999998 0.999986 1 1 1 1 1 1
1 1 1 1 1 1 1 1 1 1
1 1 1 1 1 1 1 1 1 1
1 1 1 1 1 1 1 1 1 1
1 1 1 1 1 1 1 1 1 1
1 1 1 1 1 1 1 1 1 1
1 1 1 1 1 1 1 1 1 0.999997
1 1 1 1 1 1 1 1 1 0.999999
1 1 1 1 1 1 1 1 1 1
1 1 1 1 1 1 1 1 1 1
1 1 1 1 1 1 1 1 1 1
1 1 1 1 1 1 1 1 1 0.999989
0.999953 0.999968 0.999972 0.999956 0.999978 1 1 1 1 1
1 1 1 1 1 1 1 1 1 1
1 1 1 1 1 1 1 1 1 1
1 1 1 1 1 1 1 1 1 1
1 1 1 1 1 1 1 1 1 1
1 1 1 1 1 1 1 1 1 1
1 1 1 1 0.999808 1 1 1 1 1
1 1 1 1 1 1 1 1 1 1
1 1 1 1 1 1 1 1 1 1
1 1 1 1 1 1 1 1 1 1
1 1 1 1 1 1 1 1 1 1
1 1 1 0.999993 1 1 1 1 1 1
1 1 1 1 1 1 1 1 1 1
1 1 1 1 1 1 1 1 1 1
1 1 1 1 1 1 1 1 1 1
1 0.999999 0.999999 1 1 1 1 1 1 1
1 1 1 1 1 1 1 1 1 1
1 1 1 1 0.999985 0.999955 0.999963 0.999936 1 1
1 1 1 1 1 1 1 1 1 1
1 1 1 1 1 1 1 1 1 1
1 1 1 1 1 1 1 1 1 1
1 1 1 1 1 1 1 1 1 1
1 1 1 1 1 1 1 1 1 1
1 1 1 1 1 1 0.99994 0.999972 1 1
1 1 1 1 1 1 1 1 1 1
1 1 1 1 1 1 1 1 1 1
1 1 1 1 1 1 1 1 1 1
1 1 1 1 1 1 1 1 1 1
1 1 1 1 1 1 1 1 1 1
1 1 1 
Ux 1 6554 float
0.187349 0.122792 0.151633 0.177361 0.161894 0.153514 0.142927 0.136939 0.140694 0.135563 0.139146
0.134709 0.138445 0.134563 0.138393 0.134962 0.138645 0.135591 0.139036 0.136304 0.139547
0.137098 0.140219 0.138024 0.141111 0.139152 0.142302 0.140576 0.143903 0.14243 0.146069
0.144918 0.149009 0.148368 0.152937 0.153282 0.158279 0.161004 0.164047 0.171927 0.197264
0.179092 0.197853 0.220205 0.222619 0.25511 0.279132 0.276803 0.25438 0.292676 0.301685
0.294247 0.28749 0.310169 0.318504 0.310188 0.301885 0.200397 0.129466 0.173478 0.152118
0.149058 0.14677 0.145403 0.14476 0.144483 0.144389 0.144447 0.144682 0.145132 0.145843
0.146866 0.14823 0.149879 0.151421 0.151772 0.146939 0.150035 0.120538 0.193304 0.179392
0.141298 0.229174 0.24018 0.218479 0.215893 0.247114 0.197368 0.193691 0.247227 0.265588
0.225043 0.217037 0.262399 0.207436 0.134031 0.180906 0.159481 0.156255 0.153728 0.152015
0.150992 0.150327 0.14984 0.149492 0.149298 0.149281 0.149465 0.14987 0.150495 0.151259
0.151803 0.151247 0.146207 0.106535 0.134153 0.0806137 0.0624874 0.0715643 0.212293 0.137408
0.186104 0.164723 0.161408 0.158766 0.156847 0.155579 0.15465 0.153876 0.153209 0.152655
0.152221 0.151914 0.151747 0.151743 0.151943 0.152407 0.153307 0.154483 0.155958 0.157834
0.161346 0.105461 0 0 0.179176 0.176518 0 0 0.208783 0.195182
0 0 0.28301 0.262573 0.368213 0.363596 0 0 0.213243 0.138027
0.187074 0.165779 0.162608 0.16009 0.158244 0.157003 0.156062 0.15523 0.154453 0.153723
0.153029 0.152353 0.151672 0.150961 0.150209 0.14944 0.148836 0.148756 0.151407 0.159085
0.164582 0.18322 0.169938 0.203231 0.221195 0.2664 0.223129 0.178376 0.244576 0.274848
0.309587 0.297536 0.176902 0.205856 0.315315 0.305654 0.167994 0.213136 0.13801 0.186779
0.165394 0.162257 0.15979 0.158006 0.156818 0.155905 0.155068 0.154241 0.153404 0.152525
0.151557 0.150434 0.149062 0.147311 0.144987 0.141781 0.137132 0.130051 0.120238 0.13557
0.100721 0.136528 0.265441 0.251948 0 0.0987514 0.124282 0.0358289 0.0501469 0.21284
0.137881 0.186285 0.164772 0.161604 0.159121 0.157348 0.156176 0.155269 0.154417 0.153547
0.152623 0.151598 0.150396 0.14891 0.146978 0.144355 0.140645 0.135169 0.126743 0.112765
0.0904836 0.0698753 0.0541166 0.0845723 0.0511182 0.0346689 0.0195417 0.0330959 0.0554598 0.212658
0.137813 0.185967 0.164352 0.16113 0.1586 0.156806 0.155621 0.154699 0.153823 0.152913
0.151924 0.150799 0.149446 0.147732 0.145455 0.142304 0.137769 0.130978 0.120423 0.103177
0.0751742 0.0367914 0.0306516 0.0313088 0.0172973 0.00197695 -0.00132112 0.00135848 0.00796222 0.212565
0.137782 0.185793 0.164111 0.160844 0.158271 0.156452 0.155252 0.154315 0.153424 0.152496
0.151485 0.150329 0.148935 0.147169 0.144824 0.141585 0.136936 0.129993 0.119234 0.10174
0.0731884 0.0218982 0.027729 0.00871969 0.0036271 -0.0063351 -0.00753263 -0.00894927 -0.00635663 0.212534
0.137778 0.185719 0.163996 0.1607 0.158098 0.156264 0.155057 0.154121 0.153237 0.152324
0.15134 0.150231 0.148915 0.147274 0.145137 0.142236 0.138144 0.132115 0.122925 0.107752
0.0840891 0.0312061 0.0468401 0.00573706 0.0122649 -0.00781525 -0.00649214 -0.00710076 -0.00845603 0.212546
0.137795 0.185712 0.163969 0.160659 0.158044 0.156207 0.155008 0.154089 0.153235 0.152371
0.151463 0.150471 0.149336 0.147976 0.14628 0.144083 0.141134 0.137005 0.131073 0.12142
0.10816 0.0606733 0.0869257 0.0249386 0.0427893 -0.000287197 0.00394126 0.00956833 0.00410355 0.212591
0.13783 0.185755 0.164008 0.160696 0.158082 0.156254 0.155074 0.154187 0.153382 0.152593
0.151797 0.15097 0.150083 0.149099 0.147978 0.146682 0.145176 0.14344 0.141579 0.139504
0.138845 0.116099 0.143654 0.071658 0.115422 0.0285079 0.0478297 0.0661304 0.0458351 0.212659
0.137878 0.185833 0.164094 0.160791 0.15819 0.156381 0.155229 0.154383 0.15364 0.152939
0.15227 0.151629 0.151008 0.15041 0.149851 0.149376 0.149084 0.149167 0.150025 0.152403
0.157697 0.182063 0.219533 0.227761 0.203961 0.149596 0.184032 0.216002 0.243303 0.212739
0.137931 0.185936 0.164216 0.160933 0.158354 0.15657 0.155452 0.154652 0.153973 0.153362
0.15282 0.152356 0.151983 0.151725 0.151627 0.151754 0.152194 0.153023 0.15428 0.155337
0.155058 0.185465 0.16711 0.151801 0.206811 0.252294 0.259944 0.236066 0.265703 0.258236
0.254029 0.285428 0.289002 0.212827 0.137985 0.186059 0.16437 0.161116 0.158569 0.156816
0.155732 0.154977 0.154358 0.153828 0.153396 0.153084 0.152916 0.152931 0.153181 0.15372
0.15456 0.155525 0.156105 0.153489 0.147287 0.140796 0.138747 0.175282 0.138965 0.143193
0.197237 0.197875 0 0 0.236225 0.243144 0 0 0.212927 0.138038
0.186212 0.164571 0.161356 0.158849 0.157128 0.156075 0.155356 0.154784 0.154315 0.153967
0.153766 0.15375 0.153967 0.154478 0.155338 0.156541 0.15781 0.158424 0.154546 0.135437
0.138288 0.123375 0.116594 0.050432 0.042619 0.0688975 0.0793203 0.213057 0.138096 0.186427
0.164856 0.161688 0.159225 0.157531 0.156498 0.1558 0.155252 0.154815 0.15451 0.154369
0.154436 0.154769 0.155449 0.156566 0.158193 0.160249 0.162365 0.162211 0.140661 0.152263
0.117822 0.122299 0.0428511 0.0447159 0.0709852 0.0712101 0.213245 0.138172 0.18675 0.165279
0.162158 0.159732 0.158047 0.15701 0.156303 0.155743 0.155294 0.154979 0.154833 0.154898
0.155242 0.155964 0.157206 0.159171 0.162121 0.166417 0.172024 0.167042 0.179965 0.136341
0.164348 0.0595147 0.0766038 0.106178 0.0919183 0.21351 0.138282 0.187203 0.16585 0.162747
0.160319 0.158597 0.157507 0.15674 0.156118 0.155603 0.155214 0.154981 0.154942 0.155153
0.155705 0.156744 0.158508 0.1614 0.166162 0.173941 0.188667 0.223443 0.219454 0.185421
0.205074 0.226385 0.241648 0.22915 0.233787 0.267219 0.259801 0.230445 0.213545 0.138253
0.18741 0.166129 0.162973 0.160469 0.158648 0.157453 0.156582 0.155856 0.155233 0.154726
0.15435 0.154123 0.154075 0.15425 0.154725 0.155629 0.157208 0.15996 0.164984 0.174958
0.206462 0.245654 0.230649 0.238907 0.254158 0.245353 0.24615 0.264697 0.269185 0.241013
0.241187 0.273046 0.273762 0.212501 0.137572 0.186324 0.164938 0.161615 0.158955 0.15702
0.155735 0.154788 0.153992 0.153297 0.152701 0.152205 0.151797 0.151462 0.151172 0.150869
0.150431 0.149603 0.147928 0.144552 0.136205 0.196155 0.154658 0.128849 0.219 0.233818
0.235603 0.207557 0.134138 0.181019 0.15957 0.156316 0.153743 0.151974 0.150876 0.150108
0.149473 0.148914 0.148419 0.147972 0.147539 0.147068 0.146463 0.145542 0.143934 0.140848
0.134868 0.121975 0.112881 0.0957846 0.102699 0.17032 0.126324 0.122787 0.136631 0.108616
0 0 0.200455 0.12953 0.173512 0.152114 0.149009 0.146654 0.1452 0.144434
0.143981 0.143637 0.143338 0.143062 0.142786 0.142466 0.142032 0.141373 0.140284 0.138385
0.134895 0.128473 0.115051 0.081931 0.0893117 0.0746376 0.0613279 0.0245171 0.0169707 0.028735
0.040652 0.187366 0.122826 0.161879 0.142866 0.140577 0.138948 0.138137 0.13793 0.137963
0.138041 0.138105 0.138139 0.13812 0.138008 0.137742 0.137232 0.136347 0.134891 0.132572
0.129063 0.12366 0.0995647 0.116904 0.0690962 0.0911942 0.0224612 0.0355942 0.0487421 0.037216
0.177361 0.151649 0.15348 0.136859 0.135424 0.134483 0.134219 0.134454 0.134852 0.135233
0.135552 0.1358 0.135959 0.135994 0.135857 0.13548 0.134782 0.133694 0.132223 0.130755
0.130351 0.136813 0.175989 0.179631 0.112815 0.140389 0.157103 0.18835 0.204424 0.143884
0.146146 0.236445 0.229924 0.158624 0.24283 0.243433 0.236447 0.23553 0.190424 0.20531
0.0998408 0.0528585 0.0751127 0 0 0.0791183 0.178598 0.244262 0.165939 0.223036
0.259757 0.078785 0.0567199 0.103789 0.0822645 0 0.203972 0.196303 0.209974 0.178959
0.130396 0 0.20434 0.0882744 0.0635462 0 0.221499 0.0674422 0.041947 0.138456
0.107921 0 0.219346 0.228728 0.214199 0.198844 0.19466 0.238995 0.233528 0.199483
0.203653 0.208682 0.239944 0 0.184585 0.0543079 0.0388184 0.11167 0.116382 0.18709
0 0 0 0.371194 0.29653 0.145247 0.146738 0.0306503 0.289419 0.272993
0.268135 -0.0136453 0.102245 0.188202 0.203042 0.0691182 0.270964 0.277081 0.264611 0.248343
0.24096 0.260138 0.235759 0.235855 0.274803 0.230315 0.230333 0.20926 0.212105 0.234684
0.242143 0.161346 0.233296 0.23394 0.1578 0.154755 0.257112 0.197412 0 0.272897
0 0 -0.0088392 -0.0253589 0 -0.0372411 0 0 -0.0253555 -0.01943
0 -0.0169781 0 0 -0.0201056 0 0.267389 0.259606 0.258131 0.075682
0.0478011 0.242812 0.242536 0.253103 0.254906 0.326424 0.318376 0.273445 0.284554 0.277038
0.325998 0.33366 0.34005 0.33282 0.304035 0.297948 0.294878 0.288017 0.191839 0.209444
0.24847 0.240963 0.273769 0.268211 0.255549 0 0.0390545 0.0770206 0.0556812 0
0 0.184955 0.186161 0.195183 0.202937 0.214567 0 0.243181 0.226508 0.24222
0.257665 0.276327 0.33599 0.321046 0 0 0.295283 0.314201 0.335829 0.33112
0.344184 0.362281 0.368455 0.371549 0.34775 0.34561 0.347926 0 0.355074 0.319318
0.221735 0.128495 0.0239434 0.0138596 0.00646726 -0.000977121 -0.00435081 -0.00472294 -0.00935145 -0.0101773
-0.00851316 -0.00415165 -0.00196789 -0.00338057 0.0184117 0.0263878 0.0153416 0 0 0.130449
0.137825 0.0331742 0.024381 0.0920443 0.175931 0.257798 0.269907 0.196144 0.276673 0.212621
0.274545 0.273506 0.109164 0 0.0851502 0 0 0 0.0698545 0
0 0.041695 0 0.0754047 0 0 0.0462113 0 0 0
0.271026 0.274246 0.246111 0.248398 0.255145 0.276807 0.200596 0.228109 0.104982 0.0929347
0.0895935 0.22272 0.218562 0.0842763 0.0754742 0.0858373 0.0798455 0.0809994 0 0
0 0 0 0.0278775 0.0271097 0.015591 0.0728721 0 0 0.0585778
0 0 0.145411 0.139332 0 0 0.142885 0 0 0.150352
0 0.140105 0.214329 0.238586 0.237206 0.243051 0.243657 0.147235 0 0.135232
0 0 0 0 0 0 0 0 0 0
0 0 0 0.19627 0 0 0 0 0.214495 0
0.221039 0 0 0.228653 0 0.063888 0 0 0 0
0.345607 0.338791 0.3119 0.306581 0.350423 0.343968 0.318574 0.313924 0.278841 0.346348
0.374698 0.375076 0.373238 0.373436 0 0 0.376297 0.375006 0.342962 0.288105
0.126464 0.127085 0.0246033 0.0269354 0.020162 0.112849 0.097302 0.0962885 0.0170124 0.0166004
0.270031 0.262581 0.285933 0 0 0.127404 0.192173 0.259038 0.265843 0.27844
0.21514 0.0877562 0.0771202 0.0934346 0.0826452 0.206665 0.0992483 0.0891935 0.104572 0.0953551
0 0 0 0 0.146679 0.150783 0 0 0 0
0.158451 0 0 0.164604 0.154056 0.24152 0.232727 0.240968 0.240444 0
0.0749672 0 -0.0330518 0 -0.0138165 0 0 0.237975 0.250688 0
0 0.348466 0.354609 0.358296 0.361559 0.355927 0.352424 0.364434 0.366934 0.361714
0.359018 0.369099 0.370959 0.366133 0.364067 0.33015 0.306322 0.303784 0.329207 0.337739
0.314709 0.312854 0.337273 0.343457 0.320812 0.319438 0.343347 0 0.372491 0.367268
0.368731 0 0 0 0 0.3605 0.362368 0 0 0.352235
0.354306 0.338689 0.280163 0.330039 0.266058 0.272791 0.334303 0.321274 0.253949 0.259849
0.325749 0.312402 0.243187 0.2483 0.316704 0.109911 0.0223351 0.0975722 0.0261095 0.0233988
0.10763 0.0990228 0.0395263 0.0362144 0.106906 0.102144 0.0543816 0.0503713 0.108355 0.0902343
0.0990384 0.199607 0.205607 0.0935382 0.107121 0.116304 0.195412 0.196186 0.106792 0.203177
0.199156 0.250162 0.244986 0.197334 0.236215 0.232797 0.227336 0.225618 0.19108 0.134094
0.130222 0.0842224 0.135961 0.141735 0.0533057 0.0163443 0.127255 0.070078 0.0556451 0.147256
0.0292768 0.0575803 0.171622 0.0854354 0.182714 0.228442 0.226942 0.252451 0.247049 0.225956
0.225286 0.223055 0.221852 0.204489 0.201851 0.202857 0.219389 0.202496 0.20143 0.112179
0 0 0.11461 0.130148 0 0 0.128512 0.161814 0.167571 0.23221
0.167803 0.173008 0.231268 0.23173 0.170326 0.174674 0.181179 0.231196 0.230794 0.176092
0 0 0.324269 0.320147 0.325494 0.333515 0.334211 0.340522 0.340781 0.345857
0.301056 0.298104 0.310848 0.317981 0.373107 0.371406 0.37012 0.372934 0.375181 0.370601
0 0.364106 0.370385 0.367908 0.367617 0.364921 0 0.356425 0.364449 0.361493
0.360827 0.35773 0.357061 0.354132 0.113722 0.100181 0.106542 0.0980764 0.107388 0.100253
0.110123 0.0216767 0.0212454 0.0327094 0.0465432 0.0175917 0.0859925 0.0917192 0.0207086 0.0253665
0.0854582 0.0313264 0.0380406 0.0977617 0.0513686 0.058293 0.0654242 0.127619 0.118073 0.0802787
0.0881348 0.0963575 0.130861 0.109549 0.100986 0.106413 0.120396 0.119312 0.141977 0
0 0 0.164899 0 0 0 0.170827 0 0.239908 0.239313
0.238559 0.237408 0.235619 0 0.196364 0 0 0.202718 0 0
0 0.233091 0 0 0 0 0.179266 0 0.225145 0
0.303011 0.356959 0 0 0 0.0847163 0 0 0.0123072 0
0 0 -0.00311029 0 0 0 -0.00810109 0 0 0
-0.00499087 0 0 0 0.00911791 0 0.241104 0.251524 0.161686 0
0 0.0150706 0 0 0.372844 0 0.0287411 0 0.231225 0.111319
0.222118 0 0 0 0 0 0 0 0 0.262128
0 0 0 0.0466958 0 0 0 0 0 0
0 0 0.0541997 0 0 0 0 0 0 0
0.283441 0 0.28763 0.291432 0 0 0 0 0 0.018301
0 0 0 0 0 0 0 0.294915 0 0
0.308669 0 0 0 0.316407 0 0 0 0.322095 0
0 0 0 0 0.365735 0 0.358513 0 0.35032 0
0 0.029246 0 0 0 0.0429971 0 0 0 0.0586226
0 0 0 0.213486 0.19688 0 0 0 0 0
0 0 0 0 0 0 0 0 0 0
0.0446422 0 0 0 0 0.07275 0 0 0 0
0.105063 0.140925 0 0 0 0.200096 0.222638 0.220573 0.185309 0.150303
0.158887 0.186517 0.222784 0.241166 0.219586 0.161161 0 0 0.149542 0.1832
0 0 0.190745 0.372514 0.367989 0.34815 0.345867 0.353758 0.351256 0.308582
0.238756 0.105012 0.11301 0.0677789 0.0630766 0.145663 0.114256 0.124323 0.156528 0.203681
0 0.231156 0.232864 0.204423 0.323322 0 0 0.34864 0 0
0 0 0.373679 0.369782 0.348156 0.325758 0.324496 0 0 0.346304
0.347277 0.304958 0.234454 0.108915 0.0726258 0.163305 0.174986 0.209321 0.214941 0.201125
0.160387 0.112247 -0.0173513 -0.0222274 0 0 -0.0206489 -0.00180193 0 0
0.187807 0.184316 0.226638 0.350612 0.351366 0.349406 0.115867 0.135377 0.00181637 0
-0.0261015 0 0.126944 0 0 0 0.218215 0.15913 0.0428775 0
0.108975 0.0536308 -0.0236141 0 -0.0196363 -0.0348231 -0.0376717 0.0414673 0 -0.0235228
0.0069477 0.0510276 0.228919 0 0.147627 0 0.0124565 -0.0383636 0.12163 0.374329
0.374307 0.372711 0.371808 0.301362 0.318521 0.342975 0.369014 0.368881 0.34814 0.277294
0.340016 0.284326 0.343715 0.297513 0.360408 0.315672 0.300598 0.381065 0.323293 0.31235
0.39282 0.329044 0.319274 0.395496 0.332729 0.32387 0.39444 0.336747 0.328091 0.392987
0.340958 0.332912 0.391818 0.390456 0.344523 0.337444 0.353855 0.336119 0.331839 0.353376
0.19407 0.147921 0.17013 0.0927655 0.200206 0.165821 0.255761 0.202935 0.156699 0.273401
0.289301 0.286527 0.294319 0.291409 0.300004 0.297225 0.30617 0.302946 0.313178 0.309652
0.319692 0.316582 0.0351029 0.0469844 -0.000171972 -0.0676161 -0.034208 0.193693 0.202861 0.0844102
0.134874 0.17705 0.124875 0.233624 0 0.149684 0.163618 0.154112 0 0
0.178635 0 0 0.178589 0.205028 0 0 0.205915 0.221714 0
0 0.223724 0.232924 0 0 0.235815 0.239115 0 0 0.243198
0.247655 0.24372 0 0 0 0 0.352183 0.347788 0.231674 0.197628
0.310092 0.336069 0.347867 0.222944 0.259939 0.2965 0.215295 0.17918 0.157141 0.176187
0.177813 0 0 0.0829169 0.0725673 0.296849 0.229104 0.231327 0.300979 0.150935
0.137962 0.142753 0.225462 0.289221 0.280811 0.140795 0.135912 0.11137 0.143177 0.105957
0.102733 0 0 0.0453371 0.0649717 0.117099 0.0911283 0.0865581 0.118868 0.0847977
0.0601522 0.0733438 0.0553412 0.0922319 0.0808941 0.0638102 0.0871272 0.0683689 0.0623899 0
0 0.0299977 0.0360067 0.0423312 0.0281122 0.0198741 0.0178478 0.0253243 0.0219494 0.0194308
0.0360179 0.0455994 0.0247353 0.0504623 0.0404525 0.0350297 0 0 0.0185153 0.0217961
0.0156631 -0.00412225 0.00793327 0.0130753 0.01694 -0.0430934 -0.0341269 -0.00365104 -0.00441552 -0.0539746
0.021234 0.0100541 -0.00310459 0 0 0.00661907 0.0105073 -0.0314268 -0.0457482 -0.0309042
-0.0296359 -0.0178839 -0.0493932 -0.0328921 -0.0217499 -0.0481672 -0.0903546 -0.0482941 -0.0471618 -0.0406071
-0.076618 0 0 -0.0329806 -0.0150404 -0.0267656 0.00647414 0.0085781 -0.00223694 -0.0179946
-0.00472179 0.00735297 -0.0112251 -0.0148612 -0.038465 0.0153286 0.00522733 0.0293694 0.042539 0.0850136
0.0454938 0.0114117 0.0896245 0.108843 0.144861 0.11481 0.073797 0.168024 0.193168 0.212239
0.175038 0.147687 0.271274 0.294448 0.30018 0.25816 0.245194 0.338114 0.343373 0.323216
0.320202 0.327518 0.349061 0.346613 0.311983 0.31854 0.347919 0.341719 0.337744 0.299851
0.305426 0.342623 0.036736 0.065243 0.0341916 0.0233124 0.0222297 0.0252069 0.00456193 0.0269232
0.027533 0.00647003 0.0103068 0.0179187 0.00659228 0.0420009 0.047528 0.054322 0.0486726 0.052024
0.109278 0.120758 0.0574018 0.0443169 0.177708 0.158681 0.139395 0.136272 0.13269 0.159028
0.1834 0.186604 0.208193 0.190955 0.262317 0.230838 0.253318 0.293329 0.29756 0.283866
0.0263129 -0.00229519 0.00758524 0.269936 0.265716 0.10582 0.0790148 0.0701463 0.265022 0.265958
0.150528 0.132968 0.130906 0.0816591 0.100824 0.119375 0.14113 0.16305 0.126763 0.062827
0.124387 0.129686 0.0646459 0.0573353 0.150822 0.173651 0.152268 0.13875 0.146753 0.12521
0 0 0.0619421 0.0987166 0.211324 0.219291 0.210797 0.212891 0.197379 0.152224
0.145582 0.144635 0.191414 0.202904 0.0715627 0.139022 0.146704 0.0783317 0.0698124 0.211998
0.234604 0.167387 0.159568 0.16116 0.224175 0 0 0.191229 0.112628 0.173501
0.211874 0.162728 0.144743 0.203817 0.17916 0.138622 0.133462 0.132005 0.0834203 0.150508
0.148511 0.0854268 0.0796801 0.232644 0.154297 0.163447 0.337952 0.319828 0.283541 0.266823
0.32231 0.379023 0.357281 0.410293 0.412574 0.366227 0.366983 0.40422 0.416504 0.413205
0.353718 0.361479 0.41541 0.406389 0.401055 0.334137 0.344133 0.40786 0.392968 0.388044
0.31519 0.324442 0.394187 0.147916 0.126441 0.128999 0.11485 0.104119 0.106977 0.0835535
0.139361 0.124521 0.0778738 0.076504 0.212061 0.101772 0.0946553 0.100905 0.132671 0.265608
0.323216 0.176771 0.205396 0.236268 0.312372 0.296701 0.10028 0.0931569 0.11677 0.278712
0.261549 0.0946574 0.0879446 0.0972128 0.246163 0.232749 0.0863492 0.0828355 0.0912302 0.22086
0.209757 0.0728316 0.0713139 0.079961 0.15578 0.128186 0.133835 0.107538 0.105468 0.106865
0.0693586 0.104758 0.086616 0.0610255 0.0610922 0.0622642 0.0728583 0.085279 0.0434774 0.058842
0.177595 0.136959 0.151236 0.108723 0.108353 0.111129 0.0551487 0.0749404 0.0678389 0.0527567
0.0504782 0.0585276 0.0433937 0.0343302 0.0508849 0.0118866 0.0086398 0.0151615 0.0211737 0.211716
0.160942 0.190639 0.12176 0.12751 0.129759 0.0585419 0.0645014 0.0673901 0.0868085 0.070454
0.0494398 0.0314638 0.0338544 0.0553422 0.00583523 0.00600696 0.0108616 0.0115245 0.232541 0.216947
0.222369 0.166671 0.205075 0.216597 0.130286 0.0869056 0.119057 0.166366 0.159674 0.0419322
0.0547042 0.0893105 0.0697613 0.00934024 0.0111065 0.018677 0.0170111 0.213677 0.204769 0.198027
0.217047 0.217413 0.1871 0.218794 0.214826 0.168097 0.208278 0.197668 0.135769 0.186667
0.16296 0.0970105 0.0908933 0.133618 0.0998097 0.0664384 0.0706906 0.0181207 0.0208199 0.0326054
0.0305265 0.132171 0.145 0.196249 0.134812 0.132711 0.124489 0.1056 0.078882 0.0749093
0.0644801 0.0573859 0.019783 0.017792 0.0276849 0.0318721 0.0396735 0.00701414 0.0744762 0.0603138
0.074624 0.0837698 0.0874712 0.0694076 0.0794882 0.0544725 0.0548246 0.0170594 0.0172284 0.0269153
0.0279229 0.0280052 -0.00145112 -0.0367038 0.0449787 0.0595382 0.076238 0.0983743 0.0953697 0.123018
0.0987507 0.0678218 0.0287828 0.0432956 0.0589612 0.0441984 0.12884 0.15882 0.0697873 0.12688
0.127049 0.134376 0.153764 0.195785 0.255826 0.280184 0.133551 0.199028 0.231049 0.287188
0.312314 0.196266 0.352458 0.3504 0.205062 0.15326 0.32191 0.329778 0.157225 0.166025
0.304596 0.307492 0.163923 0.178345 0.294186 0.296775 0.176512 0.188588 0.283277 0.286214
0.187022 0.19881 0.220529 0.219049 0.189559 0.184199 0.184415 0.195664 0.233352 0.313531
0.401416 0.335364 0.383904 0.444657 0.400915 0.407857 0.44779 0.405255 0.405574 0.437889
0.397064 0.395759 0.386425 0.38476 0.426841 0.128244 0 0.338854 0.355411 -0.0455079
0.0284955 0.0308015 0 0.173702 0.056314 0 0.354972 0.250004 0.348432 0.349529
0.347348 0.346079 0.0428425 0 0.0953175 0.130113 0.0150748 0.0237074 0.034889 -0.0126602
0.00411963 0.0553834 0.0313365 0.0454165 -0.0030416 0.00437095 0.0415315 0.0349448 0.0289615 0.0300116
0 0 0.0643592 0.0155463 0.180507 0 0.106625 0.0384189 0.178871 0.203264
0.219798 0 0.162947 0 0 0 0.0627416 0 0 0
0.0757622 0.263447 0.293233 0.34613 0.383095 0.395682 0.399615 0.414649 0 0
0 0.080018 0 0 0 0.0697607 0.260849 0 0.251988 0
0 0.202501 0.101242 0 0 0 0.0544076 0 0 0
0.0518816 0 0 0 0.108113 0.219928 0.221283 0.210671 0.200645 0.196454
0.190562 0.189076 0.184677 0.185128 0 0.185396 0.192188 0.190622 0.154698 0.166904
0.264624 0 0 0.350928 0.329247 0 0 0.230918 0.165405 0.162635
0.193416 0.193262 0.2158 0.21424 0.23031 0.227919 0.240116 0.236579 0.322544 0.245457
0.241179 -0.0685956 0.0738263 0.0891551 0.0815258 0.128295 0 0 0 0
0 0 0 0 0 0.34616 0.350019 0 0.35657 0.138456
0.174196 0.109288 0.136743 0.0819265 0 0.111846 0.0783208 0.100016 0.0642175 0.0731047
0.0396364 0 0.0818567 0 0 0.0511195 0.0574543 0.0370254 0.0422723 0.0244881
0 0.0113587 0.0117718 0.0130218 0.0204719 0.0300835 0.0295106 0.0150272 0.0213469 0.013636
0 0.0105015 -0.00668772 0.00486027 0.000143262 0.0065966 -0.0175823 -0.0304779 -0.0156971 -0.00555401
0 -0.0143247 -0.00143157 -0.00884424 -0.0275634 -0.0410352 0 0.0636789 0.125523 0.104376
0.126617 0.150406 0.217551 0.203422 0.23206 0.260909 0.313823 0.309513 0.326914 0.339727
0.347736 0.353669 0.356506 0.357521 0.346259 0.355936 0.354042 0.35178 0.332828 0.336773
0.34672 0.344095 0.341492 0.331865 0.00716679 0.01561 0.0147785 0.0169181 0.0135714 0.0214767
0.0388094 0.0151336 0.0176009 0.043443 0 0.0527608 0.0790345 0.0801552 0.0634299 0
0 -0.0098843 0 0 0.0307309 0 0 0 0.0445267 0
0 0 0.0386773 0.110005 0.268441 0.168191 0.152072 0.183924 0.161476 0.0945195
0 0.153652 0.113031 0.116322 0 0 0.0659577 0.0780733 0 0.109795
0 0.138745 0.103073 0.104853 0 0 0 0.422803 0.416212 0.43169
0.433236 0.433196 0.412597 0.429752 0.426922 0.423634 0.399425 0.416556 0.413118 0.409811
0.101215 0 0.124019 0.0861965 0.0938 0 0 0.0816917 0 0.106057
0.083528 0.0837391 0 0 0.130643 0.0531246 0 0 0 0.00363843
-0.00421163 0.0894684 -0.00747032 0 0 0 -0.00182947 0.00240585 0.0861632 0.00787245
0 0 0 0.0168787 0.0196689 0.0777962 0.0209299 0 0 0
0.019582 0.0178561 0.0162081 0 0.0830792 0 0.105176 0.0835311 0.0824703 0
0 0.0272931 0.0168889 0.0844547 0 0.111185 0.0938287 0.0870406 0 0
0.0111025 0.00608928 0.100123 0 0.131436 0.143281 0.105029 0 0 0.0135689
0.00777282 0.195854 0 0.216113 0 0 0 0 0 0
0 0 0.0253962 0.0154377 0.0331166 0.0213064 0.0269424 0.0171099 0.0328982 0.0215575
0.0939556 0 0 0.0752399 0 0 0.166225 0 0 0
0.159188 0 0 0 0.172483 0 0 0 0.183664 0
0 0 0.369629 0.338554 0.37835 0.377607 0.371427 0.367575 0.311005 0.361298
0.359262 0.353603 0.352726 0.299364 0.34749 0.34695 0.341633 0.341107 0.288936 0.335706
0.335159 0.329549 0.328771 0.32273 0.321329 0.374624 0 0 0 0
0.0192116 0 0 0 0 0 0 0 0 0
0 0 0 0 0 0 0 0 0.397019 0.375704
0 0 0 0 0 0 0 0 0.327304 0
0 0 0 0 0 0 0 0.345844 0 0.084286
0 0.0402057 0.0773346 0 0 0.0265481 0 0.0158854 0 0.00130245
0.295706 0 0.411506 0 0.421266 0 0.432433 0.431068 0 0
0.432148 0 0.425202 0.428223 0 0 0.421805 0 0 0
0.411115 0.414634 0.0422078 0 0.0273287 0 0.0135459 0 0 0.00701588
0 0.0128798 0 0 0.00673403 0 0.0232706 0 0 0.0133309
0 0.0347838 0 0 0.021425 0 0.0282127 0 0 0.0171759
0 0.0302181 0 0 0.0186656 0 0.183563 0.347503 0.156804 0.315715
0.170438 0.301957 0.181988 0.291584 0 0 -0.028561 0 0 0.139156
0.0733965 0 0.0453466 0 0.0125453 0 0 0 0.0253099 0
0.0090537 0 0 0 -0.00360447 0 -0.0120234 0 0 0
0 0.0829893 0 0 0 0 0.175751 0 0 0
0 0.287094 0 0 0 0 0.348311 0 0 0
0 0.35719 0 0 0 0 0.349283 0 0 0
0 0 0.0121646 0 0 0 0 0.0172214 0 0
0 0 0 0 0 0 0 0 0 0
0 0 0.170232 0 0 0 0.108492 0 0.107207 0
0.42755 0.428245 0 0.430636 0.431942 0 0.418231 0.420141 0 0.0984064
0 0.0830982 0.0256051 0 -0.00594367 0 0.0127122 0 0.02084 0
0 0.0825716 0 0 0.0850023 0 0 0.0990273 0 0
0 0 0 0 0 0 0 0.387213 0.346814 0.341228
0.325201 0.293014 0.328092 0.185753 0.272304 0.373283 0.417046 0.327435 0.251025 0.253631
0.247035 0.277074 0.200815 0.187577 0.200254 0.0679103 0.0646694 0.02355 0 0
0.017647 0.192662 0 0 0.195761 0.273376 0.276245 0.313864 0.314478 0
0.327487 0.324536 0.291752 0.407741 0 0.387109 0.381493 0.306632 0.191465 0.2799
0 0.338889 0 0.336538 0 0 0 0 0.404516 0.406784
0.403704 0.0153511 0 0 0.384942 0.404805 0.392697 0.367854 0.410683 0.410281
0.403197 0.401303 0.408297 0.407425 0.405075 0.404821 0.271904 0.295459 0.401369 0.402729
0.384858 0.266281 0.376221 0.261196 0.36768 0.257966 0.361069 0.256943 0.357707 0.259741
0.357262 0.272329 0.360915 0.366291 0.285641 0.153681 0.245218 0.27246 0.210804 0.126033
0.316267 0.281027 0 0 0.260914 0 0 0.268363 0.291816 0
0 0.289007 0.0822816 0.0375929 0.139799 0.0897801 0.094539 0.101833 0.107472 0.106851
0.132633 0.102206 0.170714 0.155745 0.044779 0.0167977 0.0105222 0.0436565 0.084896 0.012482
-0.00601718 -0.0142804 0.0246614 0.035674 0.0502206 0.0577375 0.0710068 0.0590459 0.076822 0.119025
0.131927 0.108394 0.0903905 0.0571775 0.0232064 0.0352011 0.0682772 0.0871441 0.0755975 0.0101161
0.0844496 0.084802 0.0877841 0.0816422 0.052281 0.0643203 0.0549684 0.0384493 0 0
0.0198547 0.0388188 0.185175 0.199766 0.160495 0.131618 0.0334018 0.00228458 0.243075 0.239991
0.179037 -0.0146507 0.00380116 0.192051 0.221956 -0.010696 0.0274616 0.0472913 0.168432 0.175265
0.0260745 0.194763 0.215497 0.165173 0.183415 0.171836 0.159881 0.138287 0.0776117 0.104795
0.04248 0.0518925 0 0 0.016946 0.0162527 0.226193 0.177982 0.172321 0.206709
0.241706 0.25014 0.256951 0.253824 0.250356 0.24334 0.233935 0.245107 0.222819 0.241108
0.23536 0.22533 0.212469 0.192151 0.12733 0.157627 0.071008 0.089932 0 0
0.0338122 0.0306823 0.207731 0.16942 0.228354 0.23297 0.233254 0.246523 0.237406 0.244854
0.248632 0.235132 0.239736 0.225237 0.229543 0.214878 0.221411 0.189272 0.201509 0.116878
0.168944 0 0 0.0841337 0.062312 0.187551 0.163764 0.198844 0.193643 0.2251
0.169785 0.233693 0.246373 0.247655 0.247076 0.236426 0.239467 0.242477 0.22297 0.226297
0.229969 0.20674 0.209098 0.214428 0.122543 0.0892397 0.0864909 0.202691 0.222347 0.184721
0.199029 0.215064 0.224523 0.230016 0.229742 0.184305 0.181661 0.179681 0.156485 0.101167
0.0865858 0.151087 0.0732564 0.0583856 0.0492221 0.0247226 0.0387951 0.141761 0.113683 0.0732289
0.0687914 0.206094 0.207636 0.176354 0.162736 0.200041 0.211474 0.183728 0.15142 0.067894
0.0750759 0.0371658 0.0277162 0.0274658 0.0378851 0.0293964 -0.00319725 0.00196277 0.00863666 0.109786
0.0665588 0.175562 0.167478 0.153755 0.201753 0.207629 0.187715 0.160703 0.074162 0.0914966
0.0309669 0.0334205 0.0378606 -0.0135617 0.0167559 0.000876687 -0.0229168 -0.0187239 0.0137597 0.0437509
0.098131 0.0722184 0.0276284 0.139666 0.132866 0 0 0.201836 0.206081 0.192537
0.176998 0.116413 0.152435 0.0478217 0.0570536 0.0842791 -0.0261887 -0.00727575 0.00363934 -0.00715857
-0.0229211 0.00112264 -0.00226701 -0.00224934 -0.00361227 -0.00523843 0.214709 0.226888 0.203863 0.19379
0.173349 0.186519 0.154002 0.173907 -0.0238099 -0.0429742 0.136946 0.168779 0.0844784 -0.0760112
-0.0695577 0.0602023 0.0946858 -0.0648688 -0.05979 -0.0460172 0.0465578 0.0444879 -0.0624714 -0.0104874
0.0105626 0.0520676 0.0512976 -0.022602 -0.00370519 0.00756648 0.0489415 0.0455983 0.0345174 0.0164017
-1.07631e-05 0.00125181 0.000707457 -0.000859078 0.202574 0.20667 0.197787 0.193923 0.19315 0.194406
0.184754 0.18563 0.187326 0.172519 0.152439 0.166704 0.1237 0.108624 0.128333 0.0903902
0.0790552 0.0921062 0.0587498 0.0208314 0.0725793 0.0015269 0.0056183 0.0117557 0.156086 0.143019
0.164278 0.170873 0.177869 0.184742 0.186433 0.180921 0.167979 0.155877 0.12556 0.162832
0.0570726 0.132765 0.172073 0.0913142 0.0743572 0.066153 0.114907 0.100694 0.133644 0.123258
0.148511 0.161718 0.171912 0.178746 0.184585 0.191974 0.212076 0.243298 0.183908 0.221882
0.237616 0.243561 0.263986 0.0414097 0.0314995 0.0703615 0.0551598 0.10166 0.0866853 0.110841
0.0876071 0.111509 0.128384 0.143422 0.15714 0.172224 0.192202 0.179628 0.215406 0.202484
0.241276 0.228805 0.260624 -0.00760508 -0.0109547 -0.0296066 -0.0245365 0.00307602 0.0102937 -0.0125692
-0.0228939 0.0497843 0.0611228 0.0512316 0.0343405 0.0673681 0.0394631 0.0634666 0.0867479 0.100529
0.104503 0.163691 0.121873 0.103413 0.174284 0.197728 0.186945 0.221868 0.208855 0.186272
0.232376 0.199456 0.176692 0.0259745 -0.00113616 0.0131467 0.0458188 0.0532758 0.0731482 0.0430332
0.0696657 0.13004 0.117265 0.105084 0.163068 0.168319 0.151172 0.143567 0.18499 0.167205
0.16649 0.184393 0.113549 0.0950343 0.157282 0.00307423 -0.0121092 -0.0116648 0.0215052 0.0243662
0.0155776 0.00680408 0.0279874 0.0145263 0.00639274 0 0 0.00504904 0.0180085 0.0432447
0.00595156 -0.018677 -0.0112114 0.00483099 0.0111035 -0.00319349 -0.0112463 0.0266706 0.0318533 0.00624978
0.0265512 -0.00258442 -0.00347767 0.000311408 0 0 -0.00705777 -0.00716251 -0.00797007 0.000944919
-0.0139799 -0.0265769 -0.0274086 0.0343951 0.00829499 0.00302507 0.0519259 0.0654069 0.0511311 0.0745379
0.0230795 0.0564671 0 0 0.064399 0.0212705 0.077339 0.0398911 0.0896853 0.1407
0.126505 0.105551 0.0747479 0.0123426 0.110456 0.118086 0.130765 0.149766 0.0784998 0.102232
0.160058 0.124505 0.137569 0.155021 0.143878 0.147145 0.136667 0.149703 0.132181 0.105879
0.0655809 0.0632995 0.1085 0.254545 0 0 0.248796 0.235318 0.245605 0.169554
0.225776 0.219875 0.219591 0.224166 0.227055 0.225514 0.224104 0.164907 0.233831 0.337105
0.350593 0.28261 0.270428 0.271646 0.324161 0.256429 0.256993 0.314365 0.243706 0.305751
0.296759 0.288426 0.282822 0.280548 0.278805 0.277724 0.280407 0.318736 0 0.30016
0.0737859 0.0978456 0.205969 0.302385 -0.00246554 0.0245981 0.0604555 0.0678796 0.0834102 0
0.141405 0.223288 0 0 0.00814025 0.00547693 0.00127217 0 0 0.00814295
0.204284 0.217632 0.223913 0.186961 0.172405 0.218622 0.0423275 0.0258745 0.0665996 0.000780364
0.00529049 0.0145157 0 0.134273 0.0107943 0.125506 0.15278 0 0 -0.0270663
-0.0269659 0 0 0.0262508 0.00543129 0.0161701 0.208716 0.187002 -0.0293151 -0.00613052
0.0162222 0.0349541 0.0512805 0.0591981 0.0710142 0.00788463 0.0312439 0.000929234 -0.000373256 -0.00541901
-0.00125284 0.136095 0.15349 0.0345728 0 0.1599 0.185463 0 0 0.0277746
-0.00611254 -0.00733819 -0.00524357 -0.00410712 -0.00715777 -0.00581882 -0.00501327 -0.00713568 -0.00151548 -0.0014549
-0.00268428 -0.00338701 0.0855404 0.107359 0.104593 0.0826443 0.0900993 0 0 0.133374
0.144813 0.159555 0.164124 -0.00159053 0.000638352 0.0387686 -0.00264934 0.231571 0.213293 0.205236
0.192979 0.18822 0.175615 0.172354 0.169605 0.112064 0.166275 0.255468 0.285856 0.323704
0.307439 0.3233 0.312792 0.153843 0.190049 0.102321 0.10865 0.111342 0.0837511 0.126615
0.0834619 0.131198 0.0864297 0.128429 0.0863978 0.139751 0.123883 0.183698 0.199894 0.224226
0.23735 0.204439 0.189956 0.203124 0.190746 0.239891 0.250383 0.208093 0.191825 0.125914
0.0967754 0.143177 0.0537498 0.0397374 0.0519937 -0.00064382 0.0289015 0.0304899 -0.0167716 0.0268224
0.0289866 -0.00816577 0.0014489 0 -0.0105543 -0.0141922 0.0219953 0.0259531 -0.00416783 -0.00788328
0 0 -3.73409e-05 -0.00132441 0.0209521 0.0211746 -0.010521 -0.00675498 0 0
0.00117022 0.00117459 0.0244274 0.0235944 -0.00300256 0.0108706 0 0 5.41654e-05 0.000208021
0.0497254 0.0281799 0.0252203 0.0633229 0.0132704 0.0083619 0 0 0.198812 0.109423
0.0950045 0.178874 0.332578 0.260929 0.302828 0.281084 0.261051 0.255916 0.363227 0.376741
0.332723 0.350396 0.270821 0.259368 0.272558 0.2694 0 0 0 0.011973
-0.0123708 -0.0159274 -0.00169273 0 -0.0171814 0 0 0 0.00604841 0
0 0 0 0.0160422 0.0137073 0 0.0191131 0.0217328 0 0.0318273
0.0327513 0 0.148064 0 0.240523 0.2222 0 0 0.230888 0.237299
0.244646 0.226565 0 0 0 0.215905 0.21384 0.233036 0.211693 0
0 0 0.207313 0.205086 0.218475 0.202639 0 0 0 0.196945
0.193813 0 0.190955 0 0.190592 0.231323 0.0255635 -0.00304768 -0.0141564 -0.0103764
-0.00898861 0.155244 0.183742 0.189464 0.165382 0.152899 0.183582 0.190449 0.16409 0.0378058
-0.017861 -0.0250559 -0.0270175 0 0 0 -0.0695575 0 0 0
-0.0726595 0 0 0 -0.0393693 0 0.00188411 -0.000576463 0.0214281 0.103899
0.0823057 0.066566 0.0606427 -0.00766361 0.0243514 0 -0.0315123 0 0.000920093 0
0 0 0.146057 0.188231 0 0 0 0.0710111 0.0177841 0.130738
0 0 0.163104 0.179189 0.164127 0 0 0 0.135658 0.0757772
0 0 0 0.00795052 -9.74915e-05 -0.00742649 -0.00500565 -0.00527561 0 0
0 0 -0.0253167 0.0335848 0.00970524 0 0 0 -0.00771499 0.00769785
0.017128 0.0038602 0.00290661 0 0 0 0.0252042 0.0096611 0.0308086 0
0 0 0 0.0974915 0.11086 0.120004 0 0 0 0.0584335
0 0 0 0 0 0 0 0 0 0
0 0 0 0 0 0 0 0 0 0.214766
0 0 0 0 0 0 0.0117044 0 0 0
0 0 0 0 0 0 0 0 -0.0173503 0
0 0 0 0 0 0 0 0 0 0
0 0 0 0 0 0 0 0 0 0
0 -0.00462476 -0.006652 -0.00432166 0 0.0012186 -0.00373521 -0.00404683 -0.00422546 -0.00582911
0 0.000715293 -0.00578884 -0.00550109 -0.00417791 -0.00441099 0 0 0.00336796 0.000837971
-0.00358091 -0.00218556 0.00203837 0.00910508 0 0 0.0244677 0.0173768 0.0153665 0.0203211
0.0288187 0.0521737 0 0 0.046708 0.0391052 0 0 0.0551461 0.0386913
0.0672793 0.0593885 0.0667496 0.157203 0.228995 0.240731 0.346199 0.342742 0.380718 0.339723
0.341352 0.368477 0.317872 0.326973 0.348092 0.329232 0.333254 0.331024 0.322043 0.332562
0.236549 0.304595 0.248819 0 0 0.261164 0 0 0.26083 0.316659
0 0 0.308988 0.0727441 0.137188 0.00548444 0.0230572 -0.00448059 -0.00957948 0.000148835
-0.00862662 0.00486991 -0.00315706 0.0407984 0.000222039 0.262573 0.166047 0.32447 0.321659 0.291373
0.3168 0.312507 0.289627 0.290969 0.31802 0.297285 0.290287 0.280573 0.286036 0.303643
0.267594 0.272786 0.214856 0.201504 0.282297 0.26466 0.243126 0.234225 0.287631 0.292421
0.291427 0.282498 0.273053 0.289318 0.297375 0.151873 0.245031 0.114297 -0.00205297 0
0 0.118971 0.0419259 0.0303796 0.245432 0 0 0.295389 0.265639 0.380059
0.374582 0.299077 0.367415 0.362525 0.285428 0.292227 0.368264 0.173634 0.161116 0.175457
0.280379 0.353793 0.333046 0.174788 0.0695024 0.0636437 0.193708 0.183409 0.0805269 0.0737133
0.0738338 0.188642 0.101177 0.0923134 0.0888708 0.132404 0.113892 0.0828091 0.0410125 0.0254556
0.0303364 0.0724611 0.0301001 0.0260086 0.0157074 0.0146197 0.0169118 0.0270902 0.029008 0.0204515
0.0184422 0.0176862 0.0296122 0.0286296 0.0214544 0.0207329 0.0213786 0.02704 0.024784 0.0189341
0.0192982 0.0205525 0.02498 0.0244395 0.0173794 0.0182264 0.0183593 0.0241141 0.0246217 0.0152141
0.0155543 0.0155994 0.0214904 0.0387041 0.107474 0.0571557 0.0335565 0.198784 0.271916 0.218232
0.268483 0.269029 0.213213 0.23717 0.246825 0.31023 0.302834 0.272836 0.235119 0.348508
0.308325 0.242291 0.191238 0.408407 0.364668 0.364242 0.400004 0.355316 0.354884 0.389766
0.348085 0.140754 0.255933 0.293543 -0.0356999 0.00397266 0.206904 0.0667984 -0.00739683 0.304718
0.296036 0.289824 0.285189 0.38815 0.385359 0.362451 0.380348 0.376879 0.105939 0.0881292
0.0937825 0 0 0.0708249 0.105577 0.109284 0.0201989 0.0122037 0 0
0.247612 0.155236 0.148162 0.255405 0.252041 0.274793 0.2846 0 0 0
-0.0407733 -0.0405662 -0.0395521 -0.0419003 -0.0340471 -0.0361986 -0.0282687 -0.0301654 -0.0225439 -0.0235867
-0.0181793 -0.0192938 -0.0138109 -0.0144401 -0.00998237 -0.011636 -0.0092004 -0.00635451 -0.0154981 0.332379
0.33441 0.321268 0.327896 0.3252 0.321952 0.309408 0.312189 0 0 0
0.218313 0.239809 0 0.130117 0.226675 -0.0365812 0.0310752 -0.0613222 0 0.033804
-0.060071 0.396975 0.400325 0.373584 0.390944 0.387981 0.390377 0 0 0.38575
0 0.332317 0.223459 0.378132 0.362501 0.0674475 0.0316516 0 0 0
0.0486627 0.0568862 0.081736 0.0651973 0 0 0.0810044 0.0226824 0.00962739 0.011537
0.0192298 0.00854568 0.0103259 0.00962953 0.0163769 0.0112871 0.012606 0.0130287 0.0212032 0.0124907
0.0123883 0.0132165 0.0211738 0.0116582 0.0106277 0.0106209 0.0180256 0.0109473 0.00887014 0.00938712
0.0156349 0.00893342 0.00931149 0.0150729 0 0.207753 0 0 0 0.230635
0 0.269938 0.308898 0.309761 0.304992 0.305423 0.269772 0.300671 0.301411 0.297602
0 0 0 0 0 0 0 0.384472 0.38257 0.0998286
0 0 0 0.0429785 0 0 0 0 0 0
0 0 0 0.142274 0 0 0 0 0.175706 0.157803
0 0 0 -0.00177361 0 -0.00480391 0 0 0 0
0.00082229 0 0.00119903 0 0 0 0 0 0 0.219117
0 0.209499 0 0.199931 0 0 0 0 0 0
-0.00678774 0 0 0 0.175851 0 0 0 0 -0.0216597
0 0 0 0 0 0 0 0 0 0
0 0 0 0 0 0 0 0 0 0
-3.66403e-05 0 -0.00442083 0 0 0 0.139578 0 0 0
0 0 0 0 0 0 0 0 0 0
0 0 0 -0.052151 0 0.398464 0.401426 0 0 0.395622
0 0.203663 0.27097 0.224667 0.26874 0 0 0 0 0
0 0 0 0.330242 0 0 0 0 0.317772 0
0 0 0 0 0 0 0.392926 0.393855 0.0403044 0
0.0733855 0 0 0.0157573 0 0 0 0 0.0089543 0
0 0 0 0.0124825 0 0 0 0 0.0130639 0
0 0 0 0.0112078 0 0 0 0 0.0104559 0
0 0 0 0.00880415 0 0 0 0 0 0.365909
0.288226 0.178056 0.171616 0.0764484 0.0593545 0.210766 0.205456 0.225425 0.213017 0.207429
0.194227 0.189109 0.200824 0.196208 0.174916 0 0.242333 0.247203 0.274318 0.284473
0.249468 0.237841 0.199242 0.119008 0.0659801 0.0170438 0.00683012 0.0047692 0.011362 0.0167074
0.024064 0.0314909 0.0331257 0.04259 0.0808197 0.172265 0.254642 0.351096 0.423675 0.416526
0.0994056 0.0822609 0.163969 0.197711 0.19524 0.219267 0.210114 0.206634 0.1965 0.0585492
0.0792101 0.101164 0.0796006 0.179085 0.109354 0.0131438 0.0366307 0.0148601 0.00390069 0.00350125
0.00561018 0.00355697 0.000502555 0.00025889 0.00126294 0.00684371 0.00303708 0.0289283 0.0149805 0.0138028
0.00578569 0.00561439 0.0180842 0.00866249 0.0532964 0.0540072 0.0360441 0.0204492 0.0491751 0.0897446
0.203459 0.313615 0 0.185109 0 0 0 0 0 0
0 0.156871 0 0.151422 0 0.202273 0.20765 0.194499 0 0
0 0.000385004 0.000499445 0.00447625 0.0107966 0.0126691 0.0254237 0.648333 0.661368 0.681098
0.667287 0.631346 0.648994 0.612506 0.629948 0.587976 0.605815 0.5589 0.577232 0.527466
0.545816 0.495167 0.51271 0.463035 0.479124 0.431973 0.446261 0.40286 0.415263 0.376658
0.38729 0.353858 0.362908 0.334227 0.341884 0.317717 0.324204 0.303617 0.309101 0.293714
0.298268 0.284513 0.2882 0.2807 0.283532 0.268788 0.270902 0.268196 0.269683 0.241832
0.242885 0.261824 0.26251 0.200815 0.201267 0.311377 0.311596 0.019766 0 0.593149
0.610006 0.576599 0.557008 0.531889 0.503504 0.474445 0.446046 0.418802 0.393041 0.369176
0.347816 0.329342 0.313459 0.300082 0.288678 0.281274 0.274392 0.272871 0.262898 0.264013
0.238857 0.259862 0.199554 0.310717 0 0.441558 0.438582 0.443943 0.440799 0.42848
0.411155 0.392205 0.373232 0.354832 0.337375 0.321183 0.306768 0.294498 0.283918 0.274984
0.267396 0.263487 0.259808 0.261464 0.254219 0.257788 0.234399 0.256918 0.197746 0.3098
0 0.235124 0.192234 0.269921 0.294343 0.302143 0.300983 0.295634 0.288566 0.280749
0.272889 0.265425 0.258933 0.253803 0.249386 0.245714 0.242583 0.242695 0.242644 0.247893
0.2438 0.250267 0.229025 0.253404 0.195847 0.308983 0 0.0980768 0.0590215 0.137242
0.170413 0.18729 0.19556 0.200018 0.202907 0.204736 0.206077 0.207194 0.208657 0.210802
0.212809 0.214757 0.216332 0.220677 0.224393 0.233343 0.23257 0.24215 0.223331 0.249785
0.194426 0.308723 0 0.0254787 0.0235167 0.044882 0.0696369 0.0873007 0.099879 0.11086
0.12162 0.13167 0.141306 0.150374 0.159327 0.168383 0.176585 0.184067 0.190269 0.1988
0.206223 0.218778 0.221299 0.234033 0.217898 0.246544 0.19404 0.309471 0 -0.0206637
0.00467791 -0.0215879 -0.0117999 0.000924855 0.0150229 0.0306122 0.047871 0.0648647 0.0817569 0.0980006
0.113725 0.128995 0.142776 0.155337 0.165827 0.178253 0.189151 0.205053 0.210664 0.226452
0.213268 0.244133 0.195117 0.311551 0 -0.0563036 -0.0160186 -0.0721389 -0.0757876 -0.0700856
-0.0560494 -0.0374489 -0.015608 0.0068505 0.0300562 0.0528528 0.0744312 0.0948756 0.113266 0.130101
0.144376 0.160238 0.174177 0.192996 0.201346 0.219956 0.209929 0.24294 0.197871 0.315087
0 -0.0838239 -0.0420155 -0.11037 -0.122299 -0.121589 -0.10837 -0.0881292 -0.0636779 -0.0375922
-0.0102166 0.0177792 0.044261 0.068358 0.0900643 0.110105 0.127516 0.146219 0.162526 0.18354
0.194046 0.215098 0.208287 0.243251 0.202297 0.319997 0 -0.101222 -0.0656095 -0.134166
-0.14928 -0.150334 -0.137097 -0.115449 -0.0892782 -0.0612005 -0.0321908 -0.00187602 0.027128 0.0527915
0.0760309 0.0979008 0.11747 0.138058 0.155628 0.177663 0.189443 0.212372 0.20862 0.245218
0.208217 0.32604 0 -0.105737 -0.0739168 -0.139437 -0.153717 -0.153088 -0.13774 -0.114573
-0.0876865 -0.0593044 -0.0304276 -0.000940218 0.0268849 0.0516243 0.0743466 0.0963026 0.116411 0.137266
0.154528 0.176094 0.188106 0.212163 0.211059 0.248862 0.215368 0.332919 0 -0.0972894
-0.0684471 -0.126143 -0.136077 -0.130514 -0.11149 -0.0875487 -0.0613881 -0.0345597 -0.00767239 0.0183994
0.042345 0.0643697 0.0850216 0.105489 0.124394 0.143823 0.159312 0.179064 0.19035 0.214692
0.215589 0.254083 0.223471 0.340342 0 -0.0796927 -0.0550409 -0.0980033 -0.0994042 -0.0863674
-0.0642689 -0.0412873 -0.0174387 0.00592148 0.0285591 0.0495245 0.0686833 0.087078 0.104721 0.122676
0.139281 0.156309 0.169179 0.186287 0.196137 0.219955 0.222065 0.260692 0.232268 0.348063
0 -0.0546778 -0.0356737 -0.0573629 -0.045772 -0.0240697 -0.00150432 0.0182233 0.0375752 0.0556144
0.0725227 0.0879301 0.102188 0.116243 0.130206 0.144939 0.158677 0.172916 0.182933 0.197117
0.205096 0.227712 0.230243 0.268452 0.241538 0.355887 0 -0.0179701 -0.0118113 -0.00151996
0.0246852 0.0514547 0.0710905 0.0858605 0.0989947 0.110649 0.12144 0.131168 0.140244 0.149553
0.159336 0.170307 0.180833 0.192124 0.199388 0.21073 0.216647 0.237562 0.239827 0.277128
0.251097 0.363667 0 0.0427219 0.0381469 0.0758435 0.111872 0.136241 0.150213 0.158615
0.164623 0.169284 0.173449 0.17718 0.180865 0.185262 0.190622 0.197531 0.20463 0.21288
0.217569 0.226287 0.230122 0.24903 0.250502 0.286489 0.260791 0.371296 0 0.164702
0.18191 0.188117 0.215531 0.229853 0.23483 0.234618 0.232313 0.229309 0.226484 0.22403
0.22227 0.221795 0.222766 0.225623 0.229246 0.234431 0.236687 0.243019 0.244851 0.261613
0.261943 0.296303 0.270469 0.378676 0 0.32376 0.356951 0.324592 0.329675 0.32817
0.320662 0.310058 0.29874 0.287874 0.278131 0.269669 0.262703 0.257644 0.25453 0.25362
0.253908 0.256115 0.256064 0.260227 0.260195 0.274803 0.273799 0.306318 0.279966 0.385706
0 0.446921 0.456879 0.441553 0.432016 0.417045 0.398286 0.378315 0.359023 0.341289
0.325551 0.31188 0.300406 0.291379 0.284727 0.280542 0.277822 0.277272 0.275063 0.277262
0.275539 0.288096 0.285683 0.316246 0.289088 0.392273 0 0.517496 0.495006 0.514686
0.501566 0.481207 0.456927 0.431749 0.407651 0.38554 0.365785 0.348461 0.333707 0.321687
0.312254 0.305425 0.300169 0.297203 0.293046 0.293491 0.290288 0.300984 0.297166 0.325756
0.29761 0.398254 0 0.5439 0.489104 0.546284 0.534989 0.515304 0.491148 0.465649
0.440821 0.417638 0.396514 0.37761 0.361157 0.34736 0.336065 0.327308 0.320086 0.315145
0.309327 0.308262 0.303827 0.312928 0.307774 0.334475 0.305264 0.403504 0 0.540625
0.456183 0.549746 0.542767 0.526581 0.505476 0.482541 0.459698 0.437865 0.417455 0.398703
0.38194 0.367475 0.355221 0.345269 0.336686 0.330277 0.323156 0.320874 0.315476 0.323301
0.316965 0.34198 0.311748 0.407863 0 0.533013 0.429106 0.548028 0.544849 0.53144
0.512684 0.491843 0.470815 0.450442 0.431072 0.412935 0.396394 0.381823 0.369184 0.358599
0.349187 0.341806 0.333775 0.330607 0.32452 0.331412 0.324144 0.347813 0.316733 0.41116
0 0.553657 0.462755 0.564866 0.558982 0.543596 0.523464 0.501768 0.480269 0.459673
0.440209 0.42202 0.4054 0.390686 0.377816 0.366889 0.357019 0.349085 0.340516 0.336807
0.330297 0.336611 0.328741 0.35154 0.319901 0.413228 0 0.575013 0.49864 0.580422
0.570673 0.552615 0.530569 0.507508 0.485055 0.463804 0.443906 0.42544 0.408636 0.393788
0.380797 0.369739 0.359712 0.351594 0.342844 0.338949 0.332294 0.338408 0.33033 0.352824
0.320998 0.413927 0.0207509 0.594606 0.523075 0.543711 0.610072 0.637076 0.653913 0.657308
0.67606 0.568633 0.542026 0.498018 0.596781 0.609427 0.531263 0.491333 0.432513 0.407493
0.443989 0.550945 0.436449 0.408949 0.419973 0.299219 0.30419 0.244607 0.198194 0.344135
0.180914 0.119629 0.266967 0.0438507 0.027072 0.0108379 0.020359 0.0515228 0.0434835 0.0502187
0.0272605 0.0264867 0.013365 0.0135799 0.0309533 0.0391548 0.0392884 0.0287119 0.0294286 0.0154765
0.0153175 0.0222383 0.0389854 0.0398798 0.0305834 0.0307257 0.0162489 0.0165032 0.00967586 0.0351634
0.038598 0.0299478 0.0295729 0.0157138 0.0162007 -0.0093401 0.0278493 0.0331962 0.0278094 0.0269982
0.0144059 0.0151864 -0.0290096 0.0197104 0.0252402 0.0254498 0.0245094 0.0129987 0.0141078 -0.0373245
0.0157667 0.0184263 0.0249767 0.024623 0.0136196 0.0144212 -0.0330349 0.0165941 0.0173353 0.0241159
0.0247439 0.0134941 0.0134477 -0.0221474 0.0213164 0.0204595 0.0258019 0.0265782 0.0144197 0.0143413
-0.00770112 0.0265954 0.0253719 0.0271806 0.0276642 0.0147218 0.0149062 0.00852613 0.029662 0.0298225
0.0256589 0.0242285 0.0121802 0.0136036 0.0572808 0.0511635 0.0299616 0 0 0.135668
0.182035 0.00695294 0.0302139 0.0369595 0.150189 0.172898 0.0583592 0.211604 0.258584 0.130944
0.456691 0.44829 0.41171 0.388708 0.338576 0.423765 0.275916 0.384366 0.477366 0.454437
0.476196 0.465466 0.449516 0.410926 0.471891 0.484513 0.385729 0.327335 0.429339 0.461595
0.308475 0.234122 0.368196 0.414926 0.272638 0.20876 0.331213 0.381191 0.353861 0.328131
0.388042 0.423324 0.431024 0.426041 0.448556 0.471825 0.394509 0.347541 0.336119 0.440499
0 0 0.0722795 0 0.278027 0.376644 0.346641 0.341642 0.314284 0.065786
0 0.280762 0.248675 0.191085 0.439362 0.315547 0 0 0 0.0663795
0 0 0 0.0137096 0.034967 0.0354011 0.0288062 0.0336222 0.0350639 0
0 0 0.0146544 0.0327039 0.031321 0.0282525 0.0339828 0.0328526 0 0
0 0.0161418 0.0352214 0.0339225 0.0305826 0.0356292 0.0350891 0 0 0
0.0161638 0.0353503 0.0349086 0.0306127 0.033996 0.0344329 0 0 0 0.015469
0.0325091 0.0325604 0.0289653 0.0300996 0.0313196 0 0 0 0.0144535 0.0279851
0.0282002 0.026556 0.0259201 0.027128 0 0 0 0.0137026 0.024237 0.0241973
0.0248933 0.0245704 0.0243578 0 0 0 0.012679 0.0234797 0.0239248 0.0237481
0.0239219 0.0230712 0 0 0 0.0136335 0.0250948 0.0244422 0.0252661 0.0266083
0.0253802 0 0 0 0.0145032 0.0281033 0.0273415 0.0269505 0.0291885 0.0281497
0 0 0 0.0141382 0.0298362 0.0295493 0.0267702 0.0284089 0.0288936 0
0 0.0066598 0.0237236 0.0265727 0.0190491 0.0221372 0 0.0890525 0.361906 0.377989
0 0 0 0.333041 0 0.285163 0.360644 0.284324 0.355505 0.285073
0.352455 0.291218 0.354587 0.310597 0.367708 0.353613 0.401922 0.430819 0.465472 0.188139
0.179598 0.201347 0.193699 0.198132 0.200053 0.200149 0.221869 0.270476 0.367329 0.430736
0.158362 0.146006 0.139286 0.178933 0.181165 0.17823 0.115008 0.0938996 0.168132 0.141193
0.172305 0.34944 0.286751 0.198421 0.417424 0.0560244 -0.00733141 0 0 0.0493444
-0.0168005 0.00904096 0.0715653 0.117243 0.0699478 0.138233 0.123537 0.150229 -0.0223565 -0.0194204
0 0 0.0496403 -0.00313109 -0.0197189 0.0490295 0.0321832 0.0166172 0.0670322 0.0237449
0 0 0.0145773 0.0335799 -0.0190764 -0.0204011 0 0 0.0796156 0.0584542
0.0160639 0.0580145 0.00318188 0.00516285 0.00226924 -0.0087648 -0.00792937 -0.00545217 0 0
0.00682637 0.0642131 0 0 0.11979 0.161209 0.118299 0.0821534 0.00395919 0.0157674
-0.0123869 -0.0120137 -0.0105528 -0.0104 0 0 0.189415 0.193956 0.204836 0.208875
0.189343 0.197009 0.18711 0.189917 0.199998 0.201464 0.14493 0.171677 0.176525 0.106291
0.0224092 0.041274 -0.00807537 -0.00123086 -0.00940131 -0.00980403 0 0 0.200955 0.200264
0.206336 0.19973 0.20186 0.204203 0.196918 0.189965 0.195723 0.202106 0.184149 0.183618
0.192988 0.156327 0.179647 0.053193 0.089466 0.009163 0.0220195 -0.00742691 -0.00804794 0
0 0.222367 0.222411 0.220281 0.221411 0.22331 0.222937 0.214601 0.217505 0.218519
0.200997 0.209544 0.110724 0.0881279 0.105998 0.190133 0.189349 0.0535339 0.07604 0.0112562
0.000716417 0 0 0.228455 0 0 0.225245 0.233217 0 0
0.232938 0.22853 0 0 0.230158 0.221676 0 0 0.222721 0.0572199
0.0544822 0.150914 0.0556477 0.0225008 0.0421338 0.00324905 0.00827796 0 0 0.000252234
-0.0149632 -0.0203719 -0.0161548 0.000186146 -0.00248669 -0.0181864 -0.021937 -0.00895099 -0.00693457 0
0 -0.0361408 -0.0372531 -0.0236162 -0.0241878 -0.0346998 -0.0277127 -0.0328836 -0.0409946 -0.012972
-0.0124044 0 0 -0.0362041 -0.0344038 -0.0206666 -0.0220478 -0.0424436 -0.0347173 -0.0330173
-0.0384798 -0.0135195 -0.0135865 0 0 -0.00244385 -0.0148038 -0.0195237 0.0321522 0.0589223
0.0221358 -0.0256814 -0.0257086 -0.00824664 0.00423764 -0.011313 -0.0122646 0 0 0.281439
0.250366 0.253949 0.279942 0.254864 0.254384 0.266864 0.251996 0.243342 0.238431 0.228931
0.204381 0.197521 0.167265 0.123969 0.0848979 0.150037 0.0752209 0.0459115 0.0230189 0.0630447
0.00570205 -0.00213263 0 0 0.305531 0.311635 0.309182 0.30108 0.284907 0.280251
0.287084 0.331081 0.118431 0.12539 0.102135 0.292762 0.27271 0.30815 0.300125 0.326736
0.315709 0.350386 0.340376 0.35828 0.361143 0.355574 0.393718 0.29253 0.287301 0.313476
0.300432 0.354366 0.331821 0.388973 0.37579 0.380759 0.412687 0.391168 0.411122 0.259176
0.261853 0.207815 0.196889 0.283115 0.291227 0.263919 0.248875 0.33162 0.349266 0.338436
0.316278 0.415713 0.43054 0.462688 0.437573 0.312967 0.260799 0.378016 0.357793 0.179671
0.00451324 0.0994532 0.253707 0.0471229 -0.0467299 -0.0343408 0.141743 0.106015 0.0610982 -0.0675479
0.142733 0.350123 0.477222 0.314241 0.320916 0.473574 0.492586 0.533039 0.510948 0.459161
0.529486 0.54003 0.563989 0.551107 0.519728 0.551127 0.551264 0.56587 0.56881 0.550493
0.537312 0.528617 0.547009 0.558101 0.545916 0.473696 0.528702 0.531744 0.440348 0.138921
0 0.0711218 0.140148 0.0846472 0.0640251 0.0511285 0.131065 0.0682763 0.0285292 0.200511
0.195002 0.183208 0 0.217588 0 0 -0.00881816 0 0 0.185496
0.165996 0.129398 0.0758284 0.18736 0.249465 0.436137 0.462505 0.429742 0.0443711 0.233215
0.437305 0.367253 0.382009 0.370224 0.120996 -0.023301 0.523956 0.519952 0.51075 0.126431
0.119937 0.1677 -0.0245731 0.0075491 -0.0255367 0 -0.0306164 -0.0332353 -0.0272238 -0.0277505
-0.0188036 0 -0.0256877 -0.0265839 0 0 -0.00161683 0.00495208 -0.0193317 -0.0255104
-0.0159464 0 -0.00737763 0 0 -0.0100365 -0.009221 0.187923 0.149821 0.153691
0.160249 0.198842 0.187728 0.147956 0 0 0 -0.0102496 -0.0104806 0.213863
0.190678 0 0 -0.00875926 -0.00910973 0 0 -0.00785864 -0.00776509 0.21934
0.216218 0.221368 0.223156 0.225519 0.223746 0.227136 0.232227 0.229014 0.229347 0.220969
0.22897 0.231693 0.226917 0.225483 0.213402 0.223655 0.224567 0.219841 0.218238 0.220546
0 0 0.0119459 0.0130005 0 0 0 0 0 0.000328048
0 0 -0.0043338 -0.000786047 0 0 0 -0.023403 -0.0292551 -0.0159175
-0.0333182 -0.0409368 -0.0371 0 0 -0.0115962 -0.0104607 0 0 0
-0.0227772 -0.0442684 -0.0434543 -0.03729 -0.0434765 -0.0444155 0 0 -0.0135335 -0.013331
0 0 -0.0135571 -0.0377831 -0.041443 -0.0253399 -0.031784 0 0 -0.012932
-0.0132961 0.12317 0.126104 0.144822 0.147217 0.16289 0.165235 0.179702 0.18273 0.194683
0.197262 0.205364 0.203989 0.202889 0.194882 0 0 0 0 0
-0.00705288 -0.00959922 0 0.0445507 0.267973 0.247594 0.214851 0.228166 0.214931 0
0 0.234371 0.273686 0.297034 0.315505 0.397707 0.394516 0.00538592 0.00856289 0.00229261
-0.0059049 -0.00448795 0.00803201 0.00238706 -0.00241933 -0.0462263 -0.0050976 -0.0653731 0.405215 0.504509
0.448725 0.467995 0.484812 0.545592 0.509324 0.516647 0.520951 0.54822 0.523351 0
0 0 0.469629 0.424113 0.512991 0.468435 0.540218 0.559803 0.57226 0.576216
0.571924 0.561158 0.547692 0 0 0 0 0 0 0
0 0 0.38364 0 0 0.0266824 0.0124614 0.027278 0.0143805 0.030025
0.0162058 0.0306719 0.0166005 0.0292595 0.0160236 0.0266549 0.0147946 0.0242844 0.0133735 0.0238215
0.0132013 0.0248386 0.013876 0.0267146 0.0148718 0.0273438 0.0149226 0.0202142 0.00922465 0
0 0 0 0 0 0 0 0 0 0
0 -0.0257744 0 -0.0185509 0 0.0229336 0.0100613 -0.00134362 -0.0068501 -0.0197488
0 -0.0117453 -0.0136617 -0.0153892 -0.0158731 -0.0162914 -0.0161038 -0.0158588 -0.0150059 -0.0143013
-0.0132648 -0.0124157 -0.0102946 -0.00911434 -0.00789186 -0.00641348 0.0106392 0.0252241 0.0285548 0.0247155
0.0190925 0.230567 0 0.232577 0 0.226434 0 0.00929143 0.00289241 -0.00414436
-0.00860844 -0.0280086 -0.0247441 -0.0125037 -0.0154427 -0.0174019 -0.0193968 -0.0374688 -0.0232881 -0.0201183
-0.0214856 -0.0213999 -0.0222638 -0.0310571 -0.0184291 -0.0215999 -0.0218685 -0.0206396 -0.0197743 0
0 0 0 0 0 0 0 0 -0.0175104 -0.0138899
-0.00883966 0.00127435 0.0135089 0.0366788 0.0624462 0 0.0212512 0.268999 0.303442 0.370463
0.220551 0 0 0.279875 0 0 0 0.365194 0 0
0 0 0 0 0 0 0 0 0 0
0 0 0 0 0 0 0 0 0.147851 0
0 0.170349 0 0 0.21632 0.220399 0.228344 0.228171 0.221763 0
0 0 0 0 0 0 0 0 0 0
0 0 0 0 0 0.42767 0 0 0 0
0.498674 0 0 0 0 0.522842 0 0 0.105384 0.190845
0.214346 0.210382 0 0 0.202997 0 0 0 0 0
0 0 0 0.387437 0 0.360239 0.148391 0.147382 0.21276 0.216905
0.102342 0 0 0 0 0 0 0 0 0
0 0 0 
enstrophy 1 6554 float
19.6 21.2484 18.6754 17.4674 15.4013 13.6063 11.4405 10.324 10.4238 9.56475 9.90537
9.20028 9.64812 9.04811 9.5493 9.02697 9.53109 9.06978 9.55207 9.1412 9.60067
9.23295 9.67809 9.34821 9.79043 9.49471 9.9475 9.68458 10.165 9.93689 10.466
10.2814 10.8836 10.7699 11.452 11.481 12.2934 12.6995 13.3105 14.4489 10.2173
7.15468 12.1999 10.3842 13.5731 5.83007 0.590438 1.50953 4.74089 0.457746 0.364386
1.39817 1.5311 0.30279 0.260658 1.0624 1.23207 22.4676 24.2615 17.9224 13.1592
11.8369 11.1306 10.7345 10.527 10.4192 10.3622 10.3402 10.3517 10.3996 10.4887
10.6253 10.8137 11.0435 11.2476 11.2743 10.6646 2.437 2.74059 4.78359 3.98436
2.03526 11.8524 16.0299 177.346 98.5036 15.9735 146.561 144.644 15.9974 10.8931
180.488 169.563 11.4814 24.3882 25.6694 19.7613 14.6576 13.156 12.3301 11.8299
11.5336 11.3481 11.2191 11.1275 11.0691 11.0441 11.054 11.1007 11.1836 11.2875
11.346 11.2086 10.4215 1.8818 2.62438 1.53159 1.90539 1.46682 25.8241 26.7122
21.117 15.7771 14.1423 13.2323 12.6587 12.2986 12.0552 11.8701 11.7211 11.6019
11.5096 11.4432 11.4041 11.3962 11.4264 11.5008 11.6381 11.8071 2.17888 5.61994
2.08174 2.25578 371.372 626.029 88.2426 61.0053 860.904 1002.57 151.637 133.063
1663.14 1951.89 271.088 234.616 455.854 444.202 3352.03 3447.66 26.0989 26.9241
21.3684 16 14.366 13.4636 12.8931 12.5318 12.2822 12.0848 11.9162 11.7682
11.6354 11.5126 11.3964 11.2841 11.1775 11.0871 11.0549 11.1759 11.8629 14.4008
2.80626 4.60588 9.64206 4.18396 6.72522 8.2834 18.9659 7.71047 6.14082 3.86265
1.40355 5.23489 112.516 91.2013 12.2351 14.6853 102.369 26.076 26.9147 21.3137
15.9307 14.3016 13.4086 12.8488 12.4963 12.2516 12.0538 11.8782 11.7141 11.5536
11.3875 11.2057 10.9959 10.7437 10.4312 10.037 9.54818 8.9849 9.28865 3.36584
4.26255 3.30296 27.9167 182.189 1491.73 154.614 13.4881 69.7342 92.4334 25.9988
26.8656 21.2088 15.8138 14.1839 13.2919 12.7366 12.3885 12.146 11.9473 11.7661
11.5898 11.4081 11.2078 10.9726 10.6805 10.3001 9.78553 9.06522 8.04592 6.54963
5.2287 4.80854 5.47975 5.24248 7.00295 108.859 88.4046 13.4261 12.1934 25.953
26.8378 21.1438 15.7373 14.1014 13.2044 12.6473 12.2986 12.0549 11.8533 11.6666
11.4814 11.2851 11.0627 10.7941 10.451 9.99228 9.35567 8.44208 7.10988 5.16073
3.12119 5.94722 5.79558 7.86321 8.17015 44.9683 37.526 12.8175 13.0915 25.9305
26.8251 21.1097 15.6947 14.0529 13.1505 12.5906 12.24 11.9947 11.7913 11.6023
11.414 11.2134 10.9852 10.7089 10.3554 9.88284 9.22737 8.28694 6.91471 4.91035
2.75848 6.31225 5.77436 8.30173 8.40261 26.178 24.5648 11.5516 11.7297 25.9239
26.8228 21.0965 15.6755 14.0293 13.1229 12.561 12.2099 11.9648 11.7626 11.5761
11.3921 11.1986 10.982 10.7241 10.4006 9.97661 9.39937 8.58513 7.42877 5.71786
4.04667 5.88581 5.40081 8.34407 8.1518 23.5847 24.2681 11.8343 11.4866 25.929
26.8284 21.0983 15.6729 14.0239 13.1153 12.5529 12.2028 11.9604 11.7627 11.5835
11.4109 11.2348 11.0449 10.8282 10.5689 10.2464 9.83225 9.28475 8.57504 7.57453
7.02896 4.95402 3.9255 7.92649 7.17401 33.1055 38.9133 13.1803 12.7593 25.943
26.8401 21.1114 15.683 14.0323 13.1231 12.5616 12.2141 11.9763 11.7859 11.6177
11.4615 11.31 11.1565 10.9949 10.8194 10.6268 10.4187 10.2055 10.0369 9.97819
10.7113 2.8513 6.92894 5.41657 3.40117 73.1105 106.393 10.2942 11.7571 25.9633
26.8561 21.1326 15.7023 14.0512 13.1428 12.5834 12.2396 12.0076 11.8261 11.6709
11.5335 11.409 11.2946 11.1896 11.0959 11.0218 10.9846 11.0162 11.175 11.5705
12.5655 7.40543 6.31977 2.90287 4.37294 6.0075 13.6896 17.9399 4.05845 25.9871
26.874 21.1588 15.7281 14.0779 13.1716 12.6151 12.2757 12.0501 11.8778 11.7358
11.6169 11.5185 11.4404 11.3851 11.3585 11.37 11.431 11.5436 11.6834 11.6918
5.50188 2.95066 1.19608 2.62506 0.888662 1.1486 1.04535 1.18489 346.422 367.877
329.644 0.704385 0.668722 26.0124 26.892 21.1886 15.7594 14.1115 13.2087 12.6557
12.3207 12.1013 11.9375 11.8073 11.7046 11.6283 11.5803 11.5648 11.5885 11.6577
11.7694 11.8764 11.8589 11.201 2.17785 2.74005 0.224174 4.89247 19.3407 0.931309
208.639 245.534 911.678 847.478 292.678 335.523 1403.28 1282.96 26.0397 26.9104
21.2234 15.7982 14.1542 13.256 12.7067 12.3756 12.1611 12.0038 11.8823 11.7917
11.7319 11.706 11.7197 11.7812 11.8965 12.0584 12.2006 12.1737 11.3136 2.03249
2.73537 0.285594 0.305751 14.6433 15.491 1.22481 1.08267 26.0738 26.9319 21.2693
15.8513 14.2124 13.3192 12.7728 12.4439 12.2317 12.0775 11.9603 11.8756 11.8244
11.8105 11.8412 11.9272 12.0807 12.3079 12.5793 12.8093 12.6006 2.18369 3.1794
0.293313 0.307958 17.8918 18.8492 0.90857 0.895567 26.122 26.9616 21.3364 15.9292
14.2951 13.4054 12.8587 12.5279 12.3134 12.1568 12.0372 11.9507 11.8981 11.8835
11.9154 12.0074 12.1803 12.4635 12.8909 13.509 14.3159 2.68472 7.40006 0.283857
0.231917 26.0178 45.919 0.803656 0.956255 26.1904 27.0039 21.4316 16.0362 14.4016
13.5084 12.9536 12.613 12.3883 12.2212 12.0908 11.9925 11.9264 11.8956 11.9066
11.9725 12.1148 12.3699 12.8009 13.5327 14.7904 17.4862 3.89465 9.92419 3.91042
6.82635 9.13679 0.477228 11.062 9.91726 0.859005 0.78918 10.6231 26.1926 26.9971
21.4638 16.0833 14.4427 13.5372 12.9669 12.6098 12.3688 12.1858 12.039 11.9225
11.8347 11.7755 11.7475 11.7561 11.8126 11.9383 12.1769 12.6331 13.5987 15.951
9.58197 8.39116 5.87355 5.34937 7.77321 9.44646 7.33637 6.5323 8.7974 9.54856
7.54832 6.78656 8.90297 25.89 26.7631 21.1824 15.8313 14.1885 13.2719 12.6929
12.3284 12.0807 11.891 11.7365 11.6095 11.5056 11.421 11.3515 11.2915 11.2322
11.1581 11.043 10.8773 10.7442 5.61446 5.11471 1.89225 3.22883 4.24931 9.67161
7.4947 24.4274 25.6999 19.7981 14.6843 13.1739 12.3385 11.8282 11.52 11.3183
11.1669 11.0437 10.9404 10.8511 10.7688 10.6842 10.5825 10.437 10.1962 9.75495
8.9732 7.55158 1.63354 1.75881 0.379362 9.92734 50.5603 1.28989 138.765 113.662
221.891 370.167 22.4878 24.2784 17.9384 13.1656 11.8343 11.117 10.7077 10.4823
10.3493 10.2564 10.1835 10.1222 10.0662 10.0075 9.93503 9.83239 9.67047 9.39644
8.9051 8.05176 6.49368 1.10475 1.45079 0.593207 0.656392 20.9742 11.4009 3.40708
3.0857 19.6085 21.2562 15.4045 11.4354 10.4098 9.87967 9.60699 9.48689 9.43857
9.41659 9.4039 9.39357 9.37982 9.35583 9.31209 9.23577 9.10829 8.90244 8.57711
8.10038 7.46242 1.1942 3.67538 0.53118 0.329843 10.4442 17.6686 2.27524 2.76181
17.4713 18.6801 13.6046 10.3154 9.54754 9.17103 9.00284 8.95977 8.97157 8.99834
9.02602 9.04933 9.06356 9.06297 9.03983 8.98448 8.88566 8.73313 8.52324 8.30112
8.23921 9.3223 3.24605 2.69737 2.11107 1.49272 7.43133 107.325 2.63689 152.087
133.799 4.48561 4.04532 155.867 0.457763 0.453339 4.17618 3.84739 12.7192 8.05565
1.52317 17.8838 57.7179 464.52 126.022 14.921 3.586 50.337 153.038 199.119
39.1728 10.7616 162.072 11.0703 100.121 959.789 115.866 35.4892 25.462 127.666
106.159 859.318 214.988 0.943704 14.1676 1152.92 291.422 0.938621 17.0057 3.0577
48.4337 715.939 101.94 10.8379 136.593 137.133 136.907 8.67986 9.91562 140.483
144.59 150.335 8.46068 776.84 230.636 2.63556 35.1362 1.20785 33.6841 210.679
768.647 534.217 3510.25 463.776 16.0985 83.8611 97.9214 58.6269 0.750335 277.565
342.924 17.9102 31.2174 15.9966 77.1698 86.4479 15.6638 7.03981 4.20439 11.6325
15.6913 33.4559 9.33007 7.4548 6.70197 9.04586 7.27809 7.11098 7.96366 3.52352
0.459858 147.78 2.98051 3.23244 142.487 155.054 32.8006 70.7773 710.754 146.793
154.781 138.103 16.5726 29.6466 145.066 29.6833 86.6695 78.1783 19.1696 23.213
82.4388 21.2759 54.3967 86.0649 20.4102 167.277 2.6312 76.4795 14.7862 1.07826
23.0054 16.2883 17.5812 13.9982 13.4862 0.232078 0.915254 9.19897 7.45651 8.75778
0.798707 0.213287 0.201773 0.711092 5.34086 6.09061 6.21226 7.19551 145.403 159.729
215.475 203.776 257.987 248.214 226.859 38.5294 6.76444 1.40123 10.4029 69.8902
753.588 117.689 3.38657 3.11137 3.14789 3.12962 1405.45 202.125 2.9962 2.11057
1.62183 1.19696 378.577 346.06 2552.28 2817.69 0.980297 0.516663 2.07249 0.432388
0.3105 0.3106 0.269371 0.355912 3.02902 2.61038 406.145 3040.81 0.271527 9.01139
70.4874 144.016 13.3001 13.636 54.9027 12.2892 12.2088 28.6063 11.3227 11.4403
23.4866 11.9325 12.483 28.832 12.7689 12.8822 59.977 583.435 813.477 70.2709
80.669 65.5847 49.8513 108.478 57.6848 6.54224 1.58059 94.4463 0.812053 250.095
1.95488 2.24367 0.934292 610.339 26.9326 215.671 1025.07 1508.84 0.967211 87.7966
93.2306 16.2957 100.831 0.905264 113.324 121.261 20.1376 133.246 178.181 331.511
0.809165 0.705583 7.15697 6.71892 5.36984 0.567684 127.925 10.5434 86.6259 67.4415
78.2884 10.5882 9.94669 56.9782 59.9385 59.2076 65.3483 1.73888 94.8703 115.169
72.3549 70.5513 81.6829 3.30549 3.32097 6.90741 1.58014 90.043 145.361 46.437
391.006 449.816 127.24 137.503 397.778 395.185 138.485 421.648 436.454 131.938
399.942 135.612 0.291159 0.405661 4.44593 0.436518 0.445681 128.166 990.084 47.5157
423.875 981.212 1244.53 870.196 624.844 273.926 88.2008 1628.87 1591.03 107.26
883.611 779.843 746.529 137.999 762.136 792.614 834.97 889.316 157.197 953.735
164.93 1025.51 1097.31 171.761 1001.86 75.319 284.026 168.352 628.134 774.961
0.195387 0.647525 4.73452 5.32 0.192464 0.602313 4.30703 4.77997 267.031 3.3212
0.298995 0.399302 469.192 469.684 3557.47 3553.21 0.3272 0.430972 3.51624 16.9598
79.1309 68.9803 41.204 45.553 40.7886 66.7036 45.4126 53.7873 31.3017 27.3961
2.4878 6.38105 7.66167 1548.49 1353.52 16.0818 10.926 4.55349 3.02689 0.406518
8.96385 59.6441 60.5945 64.328 64.9951 6.41222 69.2643 70.4119 74 75.7158
78.7695 114.869 100.969 452.911 143.433 149.214 488.247 506.182 523.85 541.169
160.565 557.915 574.136 152.689 137.032 0.46114 2.76583 0.462574 0.464735 175.933
61.562 81.2558 22.9075 102.721 24.935 713.449 1132.1 169.169 161.296 1139.59
152.114 0.570653 0.192112 0.193898 0.197608 0.534009 0.548769 0.203023 0.209819 0.519768
0.52468 0.217788 0.226907 0.520577 0.518655 3.9048 319.862 314.782 3.77325 3.63179
337.163 333.349 3.47384 3.50783 350.495 347.243 3.32717 3537.32 467.526 454.683
458.113 3455.55 3423.68 3318.41 3279.24 438.169 442.563 3152.23 3111.1 418.267
422.942 3.66133 17.248 3.90847 15.8138 16.7677 3.78912 4.13217 13.8646 14.7968
4.02082 4.33838 12.1772 12.9978 4.2427 65.6946 37.3692 45.6152 26.1912 28.2354
48.4087 32.2426 21.9231 22.5119 34.4136 22.7743 23.6805 22.779 24.6001 23.5035
20.1572 8.06428 9.38124 26.552 14.5637 12.8222 5.52802 6.76405 15.9499 18.1379
16.444 9.52852 11.0669 21.8967 8.68219 9.78791 7.48519 8.30511 20.252 29.0499
12.3197 28.1937 17.941 12.676 48.6036 50.5346 11.3784 31.7474 36.5516 12.5211
49.386 42.1344 16.5287 23.9031 17.3686 26.3479 25.529 31.3216 29.8742 8.76078
7.05967 8.51115 6.87758 5.82036 4.77142 5.29644 6.71082 3.2242 4.11867 92.0153
255.638 237.259 83.7329 109.856 366.237 332.447 98.7647 165.643 157.218 2.58362
174.831 165.639 2.28028 2.42592 161.456 180.503 157.396 1.7102 2.07394 169.656
690.007 694.343 4.00097 4.39487 4.11549 3.60179 3.74709 3.38488 3.55299 3.3028
309.263 303.472 329.134 344.145 0.452345 464.718 461.693 0.360379 0.346726 0.46969
3355.35 446.947 0.373461 0.487098 0.388604 0.507141 3195.49 428.361 0.407518 0.53097
0.430085 0.55797 0.454863 0.585728 57.9741 54.6378 40.8417 38.3384 29.1222 27.1819
20.647 30.7965 34.0083 23.4235 22.1286 23.6885 41.2344 34.7557 20.9628 19.0311
31.4351 17.8246 17.0658 18.23 18.1661 19.7859 21.826 10.5136 11.8495 27.6986
31.6181 36.2199 9.77816 78.6762 80.811 85.9908 89.99 99.9671 102.524 220.404
301.529 589.717 170.274 619.344 633.758 647.854 179.399 676.586 0.4679 0.472249
0.477726 0.483706 0.492321 659.625 150.848 984.875 702.224 151.836 682.725 649.013
739.607 192.043 1004.01 905.616 1106.72 677.621 103.559 1184 174.571 2256.25
309.011 427.721 3218.25 89.1701 99.5018 125.389 132.3 700.604 68.787 553.489
378.407 327.018 32.2906 289.327 247.044 237.375 23.7411 232.145 230.196 233.154
25.9823 244.472 291.242 330.568 47.4196 391.841 10.4625 8.84794 72.9537 151.001
103.48 8.06426 81.3652 3545.01 467.89 75.4386 51.3039 60.2554 11.2408 57.2783
11.2014 144.375 129.471 638.577 815.752 1312.6 1210.46 1676.74 1594.22 237.853
1505.6 1411.41 6.47262 2.06734 224.742 449.796 263.007 231.102 263.949 482.25
91.6749 82.0206 91.8851 110.693 162.361 73.65 70.7863 413.983 409.11 1753.09
275.479 1823.42 283.237 290.504 1947.7 1888.15 40.1514 48.2124 66.9389 35.6095
52.1895 40.2819 30.3699 88.6736 174.272 159.308 470.404 297.175 2002.7 2053.62
324.711 2186.29 2145.08 2224.68 340.816 2323.69 2293.28 2351.75 353.961 2426.74
2402.09 2452.57 3513.88 3390.33 450.771 3238.06 433.218 3071.95 413.478 33.6625
26.7864 24.6784 7.537 12.9939 3.72745 21.8465 2.44369 1.07196 5.80844 24.8565
29.035 19.045 41.3408 10.5184 4.40624 189.303 204.614 276.502 2100.94 2260.32
2377.83 3485.97 19.5706 1.54686 11.3145 21.0222 12.2381 5.32221 1.59129 1.3724
17.2667 5.22221 12.6836 23.7643 38.5781 24.4885 57.18 79.8882 107.145 139.682
41.6207 8.60932 178.26 604.835 661.985 3.42769 6.20474 7.11161 18.796 13.2539
13.5781 17.4334 24.2521 28.346 8.13259 51.6381 222.444 389.285 103.672 147.049
588.042 306.685 70.6631 0.237348 0.524302 3.32334 3.50458 0.480175 0.612004 4.415
11.3579 18.8876 17.0895 27.5635 26.1229 8.00428 47.8663 55.0077 6.95059 2.42602
387.018 1.36915 0.482579 2.65659 357.699 2481.96 3034.45 408.689 72.1897 55.7188
223.399 276.453 0.249633 0.516085 3.49742 366.154 362.478 3001.85 2975.74 400.749
404.29 4.46775 10.5554 15.4735 29.1967 6.30988 5.30086 2.10981 6.2134 2.39151
19.0581 27.685 7.33916 2.43768 20.6848 34.2958 7.89769 14.2207 48.3513 41.9821
27.4501 20.4452 1.72709 3.24595 0.505989 0.631608 14.0349 63.192 13.6545 38.2929
2.99349 25.5666 38.9089 2544.27 2516.06 91.4462 5.46942 14.2164 26.3075 47.5714
20.5783 25.1415 0.868052 6.31625 9.29509 1.34606 0.786002 32.8057 55.7868 9.35876
24.7981 31.3708 0.445004 339.592 73.3063 419.57 23.9004 1.32541 30.767 0.263161
0.268037 0.520315 0.519602 29.5527 28.2213 30.3964 11.757 15.6203 60.0911 40.7242
57.3951 42.7884 58.6409 26.0291 64.6392 21.0429 16.0035 71.7297 22.1158 17.2309
75.6857 22.3839 17.5822 76.4535 22.2938 17.5841 75.9233 22.0788 17.4494 75.278
21.8178 17.2466 74.7298 74.2119 21.5728 17.0285 3.45241 284.357 331.672 2.84872
28.1171 84.8072 16.9439 13.1014 19.3588 10.8639 9.22303 31.0228 7.9483 6.91264
10.968 10.5057 8.92384 10.0549 7.45115 8.02609 6.79211 7.06046 6.44385 6.58833
6.24217 6.33305 21.4747 19.2881 92.6517 24.7212 43.4725 21.4978 21.9321 11.0864
5.56158 9.06563 4.87083 178.928 1267.41 117.421 198.012 207.043 486.4 497.764
250.374 713.676 639.982 222.852 296.229 975.446 916.99 267.788 331.083 1162.14
1121.46 302.55 357.144 1289.7 1263.31 328.849 371.623 1352.49 1342.09 345.204
349.535 371.128 1360.17 1366.55 2735.89 2465.12 315.526 359.124 81.5393 28.6573
24.8201 6.03479 29.1031 26.3402 23.4627 24.3708 9.24269 10.088 13.7092 14.4618
10.6273 344.657 133.942 21.0707 51.1463 4.51587 9.07608 10.0049 4.47679 13.3998
12.8869 13.8665 11.9399 11.9278 20.201 13.5031 8.57325 7.27112 20.3729 17.7952
12.757 213.359 341.785 40.154 29.5577 12.3488 30.4407 33.4199 12.1669 6.5488
6.55826 6.0488 3.3201 6.60248 5.4135 4.9582 15.2517 13.5812 10.8368 604.164
681.192 80.1804 70.9806 2.3944 1.07344 3.02955 2.8589 2.92118 4.6254 1.90496
1.6778 4.68745 6.01605 11.588 11.5043 10.0822 801.541 826.262 97.0291 93.0811
0.806995 0.691935 1.41962 2.31723 2.76295 5.59713 2.26123 1.8919 9.12308 7.16575
10.9338 11.6375 11.6581 803.144 755.377 88.9372 93.5557 0.653357 2.86345 6.76461
2.28372 0.441779 10.5598 9.84174 5.0818 2.07658 8.40979 19.6147 14.9654 10.2023
8.93923 362.866 210.094 38.0992 49.2145 11.6744 23.4355 27.7262 27.4457 23.0259
12.5455 8.44772 20.2564 14.5813 22.0525 27.661 24.797 34.2816 28.867 26.3133
27.2165 33.0543 29.1554 26.9016 18.9564 23.3159 28.8636 21.6399 20.2307 13.924
16.2041 23.0887 15.9951 13.6763 11.1311 12.1072 17.1754 9.4251 8.40347 9.52099
10.3656 10.5386 6.43185 6.03325 8.62868 9.05338 6.98517 5.07498 4.9682 8.11943
8.32632 5.39845 30.8216 31.27 41.9997 31.8041 29.7509 39.3051 55.0785 44.0699
23.8464 24.3248 29.6618 31.1406 27.6726 48.0313 51.748 104.747 80.772 50.8652
32.4693 40.5725 143.921 71.5084 15.6015 16.0685 35.5134 33.6124 27.67 21.4972
16.7022 11.0949 12.5973 412.328 227.798 35.0291 13.695 37.9653 61.6329 52.3777
51.9744 57.6499 93.0628 37.5715 27.6976 89.1784 76.4527 62.4273 21.7817 17.9015
146.283 139.952 118.536 93.7011 23.0502 14.1314 10.6509 21.2255 74.3541 265.688
47.095 50.8922 330.952 320.264 12.9727 15.0536 37.6606 36.968 9.02968 6.88552
2439.52 1728.17 346.532 443.205 3.0948 4.81134 2.10051 1.93145 3.74074 4.26271
4.82113 5.75011 3.02597 6.78866 381.79 53.2411 54.3094 429.284 432.012 12.7776
27.8945 39.0261 38.0057 6.85892 6.18737 238.551 993.668 18.6254 39.4545 17.0061
6.57673 8.81586 9.58031 5.64381 5.95365 8.45434 9.88609 10.1057 467.456 54.0605
52.4074 486.616 512.019 34.9046 38.3738 38.3336 17.718 29.3429 29.4606 17.0154
10.8073 4.17997 8.20829 4.71138 4.70226 8.94491 8.87791 5.01155 4.29548 4.34763
9.82421 9.32536 4.5068 4.07945 4.20055 10.7695 10.3204 4.24121 4.06231 4.25273
11.4424 11.1603 4.20762 12.8913 8.80048 8.29224 10.6576 11.2003 11.2685 478.255
49.1711 45.0135 441.454 495.031 39.6155 18.8283 19.6593 25.197 34.9083 50.4454
29.0705 181.032 205.247 160.743 34.6586 33.9248 94.6795 112.443 130.281 29.2164
24.9484 49.5718 59.2366 69.3872 22.2826 20.7939 32.477 34.9953 38.0148 19.7795
18.8119 25.1772 27.7657 29.2364 12.8934 6.72795 6.5023 9.47099 8.6921 7.93758
382.769 39.9711 34.9279 315.528 372.83 8.4109 15.8712 297.328 337.006 8.70861
15.3895 5.46031 5.94521 7.00576 6.74802 6.18272 256.197 30.3622 26.1632 215.915
247.066 12.8312 6.75784 5.58699 10.1942 191.033 157.168 5.95626 6.43893 21.5075
5.45026 6.53692 5.92692 5.54548 5.39734 199.702 21.5084 15.2742 160.05 200.444
7.6396 4.5936 3.6445 5.23177 89.1458 73.0462 4.38144 4.69321 26.1123 5.03827
11.4975 5.99147 1.65201 0.769803 73.394 7.78204 2.37221 10.2437 36.5186 2.63418
1.56107 1.54253 3.18943 34.7629 24.8513 2.86446 3.20515 11.3092 21.3682 19.8775
5.04894 6.66986 17.6969 5.14501 6.21891 14.3702 4.48091 4.9555 9.818 3.12385
3.23728 1.75311 2.21184 2.07485 1.41216 0.691955 0.493915 4.88435 2.59706 1.41681
1.61505 12.0781 7.72012 5.55625 11.2808 10.4462 9.23868 7.48131 1.84033 2.21864
0.683228 0.874821 12.6534 20.2503 1.46446 1.37282 3.46897 7.09909 10.3394 3.69366
4.22935 5.04455 6.41089 1.74835 2.23434 0.933868 0.800379 51.5479 65.4215 1.54201
1.53906 2.66636 7.47061 2.00606 2.36097 2.63987 3.77758 6.82999 1.79814 6.34234
0.480812 0.623162 133.94 167.636 1.12731 1.27843 12.6721 9.53961 12.7848 11.2066
10.395 10.586 13.1337 22.3025 9.40026 20.2709 4.92124 3.82853 17.3358 306.433
13.0284 256.65 74.2159 62.9107 330.291 156.27 84.2397 90.421 172.801 144.525
57.5034 62.2744 143.46 146.304 42.5556 45.9525 145.315 150.245 30.9999 33.6493
147.896 20.4414 5.65144 5.72489 18.4731 17.3106 17.0814 18.9031 27.4657 50.369
80.1352 16.1505 23.5348 96.9203 22.1497 27.2589 98.2482 22.8296 27.6884 94.2569
22.2946 26.9083 21.6718 26.018 89.6842 113.23 986.788 208.91 11.038 27.3353
91.117 96.962 649.035 236.398 105.236 559.493 33.7784 127.397 0.648344 0.585059
1.68705 2.27278 7.20837 74.3167 25.0044 12.8295 7.16983 5.71324 3.28754 27.4584
28.0097 27.1795 33.5232 43.5809 25.1182 21.9239 58.4759 42.9233 75.7913 55.81
1044.59 858.173 251.879 262.772 261.347 2302.3 90.5532 57.4502 99.2172 116.744
99.0396 619.24 74.2399 1194.24 1445.25 1373.28 378.601 1513.39 1675.31 1630.7
479.359 14.942 189.241 374.113 3.86862 4.61619 4.06342 3.71887 1706.89 1680.24
1712.75 519.201 1622.99 1311.88 1437.11 442.642 91.8495 2206.13 220.493 209.687
959.04 275.743 233.891 1170.13 739.734 877.325 302.071 613.627 351.933 414.976
217.217 310.723 276.614 266.757 122.29 65.2158 166.041 166.317 176.034 154.885
160.648 143.077 149.778 133.685 443.396 135.276 118.379 63.0274 2.69392 150.065
575.971 1767.27 678.49 3.24937 359.783 2087.79 2364.8 290.377 200.123 223.8
246.581 274.653 286.479 314.893 316.713 345.254 338.614 365.984 6.11885 349.137
374.576 16.2521 148.995 132.929 159.516 13.0396 1110.12 880.626 568.964 853.334
1077.21 1233.11 1328.88 1366.4 2908.77 390.05 0.524393 1264.4 153.863 11.9111
15.8555 23.8838 15.9283 14.497 71.8 12.6434 20.3653 14.9675 17.5773 16.1071
58.8456 506.209 32.9157 147.639 153.722 15.6413 11.356 13.2948 12.9469 89.1005
765.053 8.90782 9.3465 10.1491 3.21345 12.6106 10.537 11.5184 11.3008 96.8541
825.635 7.67111 1.11512 3.09029 0.901563 11.5531 12.6525 11.8741 12.7346 63.8692
538.752 2.16889 26.2082 14.5544 13.3704 24.2635 154.123 51.8683 25.0459 75.3755
92.2867 113.375 19.2629 172.484 210.039 253.102 12.1737 334.891 367.41 393.766
7.63507 423.14 428.281 430.64 5.62111 425.706 420.038 414.913 4.68688 4.7002
401.176 391.609 380.04 4.46366 35.5748 43.2764 41.7683 25.7748 32.6616 36.3473
51.1252 43.009 46.3054 58.689 486.414 72.3834 29.3661 134.925 108.262 1020.06
1211.87 39.6386 84.8286 35.9546 45.8561 49.2647 18.4462 156.275 96.5551 8678.2
550.865 7294.92 56.177 108.441 15.0161 172.968 169.744 4.82348 86.9999 153.434
1315.83 5.73466 144.478 152.285 1207.53 1112.98 194.266 95.0658 472.488 136.854
1032.27 7.21439 117.711 124.024 896.196 832.839 2158.83 3.31594 4.48168 2.90108
2.77117 2.6219 4.16188 2.4044 2.31758 2.23629 4.05883 2.11571 2.0571 2.01632
111.459 772.534 11.004 91.5351 99.1999 664.407 617.647 85.0695 582.831 10.8225
73.8177 77.7258 530.557 504.669 168.54 167.435 73.4914 188.446 217.027 96.7746
77.3339 83.5316 64.2371 170.506 105.288 127.362 47.6444 40.8438 43.2707 34.3917
81.9233 37.5312 47.6444 25.8261 23.3156 31.1312 21.341 30.8225 19.4385 22.4984
18.4709 16.9886 15.503 16.8448 70.1365 479.674 7.64427 61.3101 64.1217 436.454
416.178 7.05995 233.429 58.6627 395.731 6.30484 50.3744 53.2477 354.785 328.635
5.10169 107.912 47.3256 297.051 8.31275 35.9861 42.02 224.375 204.268 3.66252
46.0946 16.0926 475.26 3.41747 803.109 811.354 720.797 690.467 666.852 635.967
619.702 615.57 2.03466 9.57576 1.35636 6.81237 1.57726 39.6057 1.40402 103.136
1.87952 1095.23 1419.3 257.733 2204.09 271.781 194.94 88.5807 49.8562 44.4754
144.44 92.4672 125.521 159.677 145.539 230.06 267.071 305.472 147.564 386.069
429.446 476.696 13.1614 89.2626 11.3114 14.1528 15.6459 15.6549 68.0444 15.9902
15.5648 15.8799 15.2281 49.5019 15.4566 14.8134 15.08 14.4133 36.4428 14.6414
14.0058 14.23 13.5084 13.6317 12.9615 20.9284 68.1367 109.857 70.8284 42.6427
26.4868 194.885 261.755 315.589 14.4075 309.93 583.947 1107.17 79.8653 204.357
257.202 131.613 644.486 802.243 1294.61 1575.93 2976.29 3627.52 523.09 439.477
1720.79 1541.5 1022.13 503.87 282.046 763.361 648.95 2675.88 366.415 2551.64
513.148 785.53 1028.83 1199.39 1311.6 1360.24 2954.06 397.445 37.1993 10.6155
419.396 46.8487 31.1117 113.734 727.391 83.9731 832.85 96.804 670.812 78.0186
7.94423 1017.47 572.352 4071.18 603.508 4369.28 638.381 633.912 4683.99 4745.13
637.848 4760.84 618.324 626.948 4702.21 4644.15 608.954 4577.24 4451.35 4414.47
586.699 591.66 7.58917 2632.07 268.553 2135.4 5.46734 1484.33 1222.48 130.044
1014.71 3.98442 700.287 576.262 58.7296 466.664 2.35324 281.171 203.746 16.3352
136.847 1.16484 44.8594 25.7728 3.35792 31.5456 1.46172 110.228 172.983 29.2236
245.052 1.45401 424.959 536.597 81.9713 670.532 219.985 82.2231 147.363 75.7363
144.63 53.4024 146.182 39.4247 2517.33 48.1383 58.9199 108.176 228.219 9.65442
14.7802 137.051 13.2869 85.9427 10.1009 95.5644 87.9969 95.7425 11.5156 72.56
5.43311 51.9572 8.19165 28.0164 11.5548 14.4964 6.6605 55.3894 213.52 125.532
369.625 62.226 450.167 551.473 677.463 835.432 140.122 1034.75 1284.32 1583.72
1924.29 295.004 2277.51 2609.4 2893.26 3115.58 411.114 3273.49 3374.42 3428.44
3446.25 428.495 3437.39 3409.76 3369.21 3320.23 407.684 3265.02 3202.73 3125.77
3022.75 284.748 39.9783 322.671 337.171 337.847 317.76 47.7325 314.533 221.529
130.606 88.5336 42.3446 31.1838 83.0031 138.757 270.012 203.646 336.416 402.718
537.629 470.198 197.326 603.769 525.132 1291.59 156.849 961.361 130.199 4564.44
622.714 3.10129 4743.77 633.631 2.51821 4509.58 599.529 2.16957 717.565 105.457
556.357 81.3642 116.991 168.363 55.4797 150.453 29.6134 62.4677 19.9173 25.9991
457.023 67.0403 1812.94 374.996 55.9525 843.884 270.695 45.3489 368.772 83.0947
60.7002 328.445 842.128 160.535 62.8375 194.34 345.025 72.9992 21.2853 16.9965
5.95589 7.77392 4.50227 195.688 12.7494 25.1334 85.5994 5.82366 341.066 336.749
359.991 11.0383 218.106 219.977 17.7658 17.5812 21.6246 15.7268 17.9973 14.9757
15.2787 156.745 591.041 654.804 159.84 24.0909 26.2433 12.5677 13.1242 1344.29
4.28969 4.3001 7.54368 585.139 4396.2 4.08172 4.31124 11.6075 152.038 28.5207
1327.74 364.048 2899.68 352.378 2804.91 664.824 722.286 4358.09 580.845 1.97495
1.9408 14.881 15.2685 530.154 1.3679 1.36383 10.2681 8.59073 1.39161 1.47654
8.98193 10.351 1.56413 1.64762 6.49778 6.87928 49.6784 30.7727 20.0389 20.3458
75.6812 46.7796 72.3148 44.5122 69.1717 42.613 66.666 41.2342 65.1952 41.2882
64.7369 43.6556 65.7077 67.2953 45.9928 17.8524 15.245 27.9073 88.6717 99.7217
471.481 510.53 1792.73 1988.5 446.765 1453.2 1450.65 418.925 203.613 649.13
1263.11 347.982 13.2536 20.482 36.1468 11.6145 10.8239 10.1632 9.66704 7.0973
11.5889 7.59702 18.4216 14.7977 64.659 104.613 136.083 22.8321 22.7413 3.02671
2.33901 2.85852 2.25076 2.14346 2.19491 2.54273 2.57667 3.33992 5.46798 94.7563
63.1061 17.0982 22.7849 22.7407 231.923 307.01 360.576 9.25868 12.8205 6.18338
7.75104 6.84317 6.10976 5.29695 4.16263 4.82958 6.35768 7.18901 567.76 499.112
94.7358 103.371 35.4312 14.0497 18.5757 21.3249 202.636 66.8182 42.8566 24.8839
285.78 13.9801 15.3495 29.9309 41.3308 19.2213 13.3378 13.6357 15.9789 21.4659
16.4736 21.7513 16.1432 13.7292 19.262 16.8884 14.4572 11.1358 5.13577 5.43706
7.88466 7.97844 371.418 323.079 55.4358 61.0061 36.9094 31.5979 22.0722 16.6327
16.4479 36.0101 13.5028 14.4121 32.8314 12.983 14.7568 30.3824 13.1156 29.0829
27.6268 25.2281 22.3182 18.3714 5.0724 5.90193 7.12458 6.44587 154.342 91.8561
13.5463 22.3261 30.7693 26.35 30.6756 28.5183 13.9566 8.83502 7.35753 8.56528
6.96942 7.93734 6.58224 7.11457 5.9333 11.0615 5.53504 5.24705 11.0487 4.75792
2.61784 67.1498 339.046 72.7155 15.9055 24.9329 22.2196 24.0845 20.432 6.73439
6.58829 3.70994 5.28855 5.47031 4.62213 4.17936 4.7046 4.8381 3.03551 3.41847
3.5624 5.49382 2.44765 2.43961 18.9553 18.0207 20.9448 13.2382 5.69963 9.91413
6.29448 7.97532 9.47804 9.99025 1.67092 21.908 21.5832 19.5855 14.1145 4.36646
5.43722 54.6436 57.7335 12.8588 20.7487 12.9718 17.1777 16.9318 24.561 31.4187
21.2804 4.84965 5.72762 12.8449 14.1317 23.1335 24.7031 20.0655 14.8804 6.69011
9.68749 8.52089 11.792 14.8742 31.4481 43.2092 31.432 24.8543 20.808 28.4593
39.6522 10.4333 10.2211 13.2872 23.4341 23.8491 21.5104 18.4141 12.2504 13.6753
26.4109 36.8364 45.123 41.0722 49.0393 48.0816 46.2982 43.4919 37.233 40.8989
32.8318 77.8448 110.191 117.283 97.1657 489.924 605.14 23.8823 23.6817 23.3066
22.6366 13.0301 12.0486 85.1723 125.013 138.315 49.6789 43.516 37.9217 62.5968
54.4625 106.723 103.239 93.6101 28.3838 32.295 26.8199 28.1926 25.9603 25.9
9.83513 15.0578 11.9521 7.34871 58.9411 26.1722 39.7682 18.0555 126.377 39.9228
42.4664 50.8309 50.5305 38.8342 29.8253 27.7711 47.3452 50.0917 36.0972 25.5909
41.5855 35.9242 42.501 24.2672 24.9195 25.6586 23.6431 29.0398 52.0214 30.1831
25.5149 85.9038 92.4351 96.1232 24.9306 25.1061 24.9667 25.4607 26.6382 26.5104
10.1804 12.2524 23.2657 14.6302 20.4969 18.2297 30.7697 35.1082 14.8609 34.2194
29.2968 16.5078 29.4577 28.6206 29.0907 118.558 141.877 160.477 17.2428 15.3289
18.8602 20.5821 22.4282 23.3072 22.0332 19.6952 18.2296 20.3893 29.6679 26.3828
233.537 154.085 39.1375 6.36956 6.78249 7.0388 5.30017 4.9909 7.61793 4.27718
16.3033 18.1033 18.8083 18.8515 19.4728 21.9658 27.2637 32.0123 25.5678 26.3479
33.4935 33.8306 34.1986 6.53032 6.36175 3.68082 5.26347 1.89858 2.52828 10.1131
3.56756 3.52491 11.9659 13.2667 14.31 7.63178 5.71829 4.01163 6.91033 4.79259
14.1117 6.03807 34.9609 7.40834 9.6031 8.26163 6.96269 8.11134 6.97692 4.93012
6.8277 3.50471 2.60026 4.09901 6.08496 5.10265 4.72336 3.53136 6.29118 7.11283
4.25996 2.78306 3.99686 3.10812 0.588953 0.626395 0.574172 1.00354 0.67954 5.15691
6.6254 29.7219 17.7048 2.04168 2.14841 4.20568 2.53258 2.88386 1.33535 2.14654
1.60604 4.13079 24.0075 7.68195 2.73116 2.67906 77.3638 69.4262 2.17976 79.9089
88.5778 2.13245 18.5986 19.9468 13.5627 0.952114 0.875837 0.693371 1.08634 1.71451
3.42611 4.15601 4.33035 5.74518 6.02346 74.5721 144.167 15.9028 10.2793 23.0635
24.1033 108.367 104.184 66.7532 2.35343 3.67897 1.87005 1.90037 2.72346 5.19807
6.16355 6.59437 7.06984 7.68645 263.274 293.242 33.6136 29.0109 23.3414 24.3867
84.9354 85.9299 92.6974 7.33745 8.80468 6.03423 5.91874 6.24386 7.29563 8.48433
9.68441 10.2838 367.349 377.831 47.7849 59.4582 94.6148 22.5597 18.5525 18.9166
54.8315 16.2025 23.3685 14.3263 13.8791 13.0988 14.4369 16.2078 10.9522 11.4365
16.1922 9.93233 9.99548 14.9253 9.00988 8.78472 14.9389 7.55092 9.68489 16.0943
24.7929 27.544 29.2604 96.2875 643.11 1163.19 251.972 34.1135 26.2741 22.8773
31.4583 29.3736 28.5134 28.5093 28.1869 27.4814 28.4515 29.1372 31.5935 56.2465
60.8523 21.1965 17.4656 21.0309 51.914 17.8976 21.2638 49.0272 20.5405 46.7096
44.0292 41.3717 39.529 38.6765 37.9664 37.4019 38.5252 53.4886 1432.79 230.118
45.9365 47.0894 84.2345 60.4255 26.1487 12.3197 65.6757 77.4223 65.5081 550.083
218.222 161.079 1798.53 880.511 5.77507 4.20973 5.13176 10.5314 10.3075 7.97929
18.8432 87.2852 12.825 135.971 120.416 13.4118 7.101 18.2813 22.7767 38.5978
29.3196 15.5374 741.79 90.5422 108.759 75.1066 77.6931 685.628 329.156 40.7066
45.4259 69.1354 44.1064 55.2114 54.0004 64.5856 152.532 224.882 8.32552 9.14472
4.38989 4.63399 4.31881 1.71499 2.00931 2.14072 5.09635 4.08665 3.22309 2.1491
3.24439 59.2052 3.10761 11.5523 59.7085 31.5228 3.57273 400.439 204.323 31.2311
0.59322 1.28073 0.644257 0.182516 2.97325 1.44252 6.06878 4.70315 9.30314 8.03237
9.15007 10.4335 17.5245 47.7876 69.086 65.6912 71.2163 450.543 261.88 112.132
120.593 117.224 70.0425 10.0062 10.2938 18.5549 5.89932 264.952 273.049 233.313
230.105 195.317 176.706 132.284 36.6461 41.1922 81.0092 34.4434 41.5365 50.8106
45.8772 11.7989 12.6523 19.3859 25.7128 18.6097 19.9347 23.7976 22.3529 25.4501
23.1542 22.9413 21.234 19.7533 19.1535 17.9493 17.6702 20.8445 22.5548 26.3124
28.6464 22.8515 20.9927 22.4469 20.5339 30.0973 32.3546 25.4969 20.0472 13.0091
8.6956 12.25 5.21842 4.37589 5.1571 1.83813 5.10195 4.51085 1.79403 6.85387
6.35078 1.7661 3.20258 22.0166 1.99678 1.86837 8.1992 8.09279 4.28404 5.02067
45.1297 55.1589 6.083 4.8103 7.83823 8.8351 5.02717 4.05885 66.7776 73.5407
8.57046 7.6573 6.13453 7.41902 3.56538 3.44535 92.5843 98.0242 10.4062 9.97589
7.29021 5.22263 4.52252 6.16951 14.5412 13.5826 127.334 136.675 24.4011 13.088
9.58089 17.1862 58.1394 16.9883 29.8018 17.8379 10.1551 10.6391 65.0184 70.0107
6.45779 1.25818 442.222 455.321 414.295 411.066 1472.24 1384.09 161.287 184.883
11.7577 28.2285 6.77766 209.223 20.4012 135.962 137.877 81.1188 13.8341 22.7506
40.9922 62.6465 24.8388 79.8049 74.5576 417.11 43.3691 35.1113 221.65 7.6893
4.09319 29.6979 61.4986 890.793 4.24822 18.2301 1064.58 721.661 72.4392 157.367
5.40752 172.076 1063.28 935.525 956.531 163.343 158.687 4.03772 154.455 918.878
879.718 892.614 146.729 142.997 2.87008 139.147 864.08 730.74 807.793 127.689
112.57 588.612 84.6968 275.455 53.1648 1.70419 19.742 46.496 58.9455 57.114
35.364 14.2822 9.78197 9.90903 14.0847 111.735 12.7533 12.0933 121.738 62.9424
58.3382 50.6575 46.8834 727.54 615.243 63.8752 29.7193 270.859 279.029 274.632
39.6856 217.536 188.505 160.943 22.7336 99.3973 90.5182 110.405 194.219 148.778
99.6632 72.5331 84.8488 9.57238 5.62137 31.9408 8.72973 46.4164 3.97008 22.5997
39.7562 8.37571 3.22047 2.41294 25.9551 15.0886 30.5972 12.584 7.71512 48.8881
177.498 313.678 88.1278 2.34131 63.2391 540.43 598.266 414.448 30.4058 29.8351
8.92816 17.476 3.298 8.58239 6.57013 8.64071 8.61358 25.0449 231.911 550.391
466.933 554.054 110.881 22.4489 16.6847 7.8165 2.8815 16.3207 9.16933 9.08743
13.6413 12.5019 45.7397 345.157 375.439 237.779 101.462 16.4736 19.6455 48.1217
38.6169 52.9957 269.799 86.0093 91.5729 108.795 528.909 564.891 584.164 23.0899
63.0301 57.3256 52.2312 1193.6 965.23 867.354 763.78 545.854 255.54 433.798
183.116 161.934 329.596 129.308 1318.27 1596.29 1996.51 661.315 512.368 161.728
958.66 242.134 51.3949 15.5993 28.0237 82.8462 19.0319 175.422 352.432 272.478
670.019 689.587 729.359 400.738 563.514 733.562 238.476 334.522 41.4996 115.601
46.5891 50.6119 18.9595 4.5186 16.8904 26.4875 25.3152 443.093 373.644 220.21
1.17177 26.9162 57.2576 192.625 233.725 39.7038 42.6576 1080.79 625.716 471.224
28.7436 2.97287 2.19576 2.37301 61.9792 7.00327 2.35761 2.68574 2.63669 3.39213
87.1321 9.58011 3.76499 3.91412 3.77162 4.35612 106.214 117.426 12.228 10.8958
4.9696 5.00707 5.96843 6.64314 147.653 153.504 18.5389 15.9026 7.22347 7.79569
11.542 12.7064 130.398 91.9397 14.5857 18.3948 49.0997 26.9759 30.529 12.9098
11.1879 15.6915 51.2503 53.1982 32.5315 22.9197 20.3985 16.4846 70.5584 18.9997
15.6388 66.1137 25.0301 14.5036 58.9454 5.79219 5.20009 5.65824 4.53706 4.14109
19.1377 11.3988 370.456 1373.77 1336.15 418.62 1603.57 1527.63 377.546 214.417
1317.64 1800.92 392.066 67.5451 43.6573 70.808 78.6588 50.6627 63.573 36.8363
44.1661 25.3924 31.1265 27.9041 19.0107 15.6478 29.8365 4.02913 4.07404 7.2098
3.65179 3.74574 6.59186 6.86813 3.89311 3.1871 6.29072 5.69714 6.26829 3.5729
11.8716 10.023 257.135 252.45 9.64812 337.926 355.765 305.188 8.25544 6.73683
5.68984 5.7482 18.422 28.0619 146.399 19.5168 13.7461 156.301 82.2366 65.955
283.674 26.9971 22.5061 151.34 170.214 1585.27 260.987 18.9553 20.1032 4.14016
4.39968 11.7545 4.36521 4.65782 12.3304 11.8839 4.54398 18.8441 17.9926 17.067
19.0183 6.38539 11.8336 17.6893 10.5368 13.2093 16.5756 14.5315 8.00539 7.12537
7.74591 15.2639 9.69182 10.0379 9.21756 10.6084 9.17724 7.32944 5.14045 5.01079
5.83837 9.45431 5.1617 6.10242 8.57234 7.98364 7.00355 7.17316 8.28333 10.9002
10.5081 9.8547 9.29181 10.2275 13.2835 12.8262 12.0743 10.923 11.0778 14.6374
14.7549 14.2754 10.5394 9.61741 13.1298 13.7137 14.0979 8.487 7.08366 10.5553
11.5449 12.2034 9.2419 8.88776 14.7548 24.0052 8.74962 162.941 21.6956 180.287
12.9314 14.7449 172.527 252.679 126.9 7.28461 8.3365 9.15522 214.129 31.8383
14.7707 44.2465 23.6816 82.2172 20.5306 24.5465 79.2402 20.114 23.6499 75.3896
19.2358 213.481 156.527 40.1315 57.742 119.058 68.0161 67.64 23.8484 209.834
86.1086 21.227 337.584 1.97135 1.98718 5.11436 2.38691 2.69074 9.06975 32.3419
30.691 240.885 257.249 12.5605 11.7563 11.1479 13.7064 25.4693 1184.71 1068.21
54.8777 60.1645 48.4351 356.642 392.971 406.051 430.378 1470.9 1767.19 456.347
53.9962 40.8422 68.1287 58.2206 73.7335 72.4137 74.1561 75.1907 71.8779 75.7878
66.1877 72.2046 57.5197 64.8127 45.7744 54.9872 37.7986 41.2735 35.2792 354.983
350.33 3.81741 355.526 349.567 340.833 3.53084 278.738 124.698 139.562 791.418
300.041 94.9364 987.059 107.656 41.2414 43.024 121.287 30.8653 130.315 124.053
46.9735 1.93278 1.93322 4.23633 1.9365 494.605 515.529 3868 3721.03 438.436
3376.53 57.9897 135.397 196.167 82.48 8.11184 15.7299 29.1037 114.195 78.1349
17.51 20.2504 8.37418 23.8083 155.688 238.972 31.4335 9.05042 23.8954 17.3749
5.84887 27.9011 33.1882 32.1481 9.28951 33.8141 34.1608 34.1427 11.526 34.5498
36.8456 36.2882 13.9312 37.4309 40.6895 39.3891 14.6758 42.1591 44.1136 44.2839
12.8129 42.5115 34.9424 9.75485 716.591 168.192 855.609 942.927 1038.35 189.842
1202.34 16.8474 12.6013 11.807 11.6458 10.7662 9.94431 10.4773 9.6749 9.29124
132.235 100.978 1385.77 1230.42 1507.43 1523.71 2844.69 354.773 1.96933 19.6799
124.284 125.796 218.796 32 88.2937 550.324 1554.11 1449.05 151.75 55.5858
461.817 273.682 54.3771 104.188 536.759 848.413 276.612 94.6425 2.36841 83.5951
504.758 555.744 194.013 20.5673 331.183 39.3486 302.484 378.92 218.353 59.1151
6.6504 80.6106 9.19978 674.352 865.475 1064.14 63.1695 54.9827 52.2054 168.632
993.972 150.442 905.013 134.597 843.199 45.5819 62.4499 81.0582 109.285 416.093
52.9441 463.172 496.278 490.737 13.9228 151.639 211.146 285.335 481.238 55.1331
446.962 398.799 163.784 249.346 129.254 698.241 672.247 627.024 621.042 635.747
673.544 718.221 772.111 844.566 966.503 1045.65 1240.65 54.3925 41.5319 592.169
8.49843 594.157 10.2169 308.268 456.463 109.511 55.103 1421.59 1703.14 155.496
208.83 344.253 310.239 366.037 396.23 392.806 391.065 350.943 370.311 325.13
236.118 272.035 206.354 27.7766 60.5098 552.143 568.241 4268.78 4152.35 538.454
4047.58 163.74 19.1894 185.509 11.4065 1704.53 255.631 380.563 382.437 299.219
179.991 2780.77 2801.13 356.872 2812.9 2793.09 2743.35 2661.05 322.139 2511.34
2193.77 870.786 786.915 974.598 1092.14 3959.68 527.272 1.93123 16.1294 49.5511
27.8577 199.515 38.8458 10.2933 84.9973 211.297 149.985 250.265 30.5642 277.586
308.91 296.043 318.463 34.1215 326.033 334.068 330.977 339.022 35.4179 348.382
362.34 357.638 366.5 38.304 372.436 390.333 380.258 400.141 43.5172 406.218
400.913 407.254 383.685 39.0754 348.869 307.659 780.799 1132.26 1353.5 66.8985
46.0376 13.3932 16.0523 60.051 64.4828 14.9939 14.6318 1.84195 4.94953 6.21904
12.0071 11.9295 9.44064 9.5641 136.635 869.352 29.946 25.3114 36.7266 43.2242
33.8662 32.6104 54.9623 29.9781 20.2228 14.5449 14.5353 16.2878 21.4234 24.458
27.1489 33.2033 37.4746 38.6118 38.4575 37.9171 40.0652 73.7521 25.7032 22.2962
69.2391 66.1724 109.545 15.5778 14.255 2.02784 9.06156 9.07445 11.3806 68.026
66.6215 84.746 76.7508 76.0038 261.772 17.2597 453.318 272.903 17.7782 199.209
18.5656 25.3559 22.2136 137.339 116.528 28.5325 101.302 30.1364 39.679 35.3321
84.3402 84.9611 44.3832 90.4222 40.4466 51.4222 50.9481 130.78 176.144 394.616
303.794 114.841 79.9976 153.062 1032.66 38.2967 48.0923 87.539 110.21 144.473
443.493 102.176 401.516 97.0546 376.587 10.8501 10.4366 171.321 1190.63 74.8737
113.177 162.512 19.5238 89.9307 32.0436 103.418 46.6894 205.505 214.122 226.297
217.175 194.666 205.133 183.374 193.245 169.371 178.948 153.485 162.843 137.089
146.019 121.079 129.196 106.017 113.059 92.3137 98.2021 80.2665 85.0645 70.1016
73.9616 61.7942 64.8866 55.0469 57.5203 49.6622 51.6528 45.2842 46.8923 42.3001
43.5915 39.6579 40.6733 38.552 39.3204 35.4689 36.0241 35.3409 35.7228 29.6188
29.8698 36.088 36.2431 29.2305 29.3081 79.3229 79.308 162.863 162.921 176.465
187.195 166.262 155 141.47 126.923 112.745 99.6093 87.7067 77.1127 67.8849
60.1136 53.7661 48.5903 44.4311 41.0331 38.8622 36.9304 36.4652 33.945 34.2787
28.9162 35.6474 29.0155 79.3508 163.071 112.194 118.002 108.523 103.725 96.3934
87.8428 79.3206 71.3599 64.1117 57.6341 51.9575 47.1646 43.2699 40.0612 37.4541
35.3102 34.1793 33.1581 33.5245 31.7583 32.7296 27.8799 34.9958 28.7027 79.3957
163.29 40.9378 37.5035 46.2462 50.4181 51.1177 49.5838 47.0265 44.1488 41.248
38.5171 36.0604 34.0042 32.4113 31.0948 30.0319 29.1476 29.0625 28.9623 30.1809
29.2236 30.9069 26.6538 34.2331 28.3528 79.4765 163.575 9.96312 6.92008 15.0348
19.7888 22.2448 23.1921 23.3924 23.2887 23.0356 22.7612 22.5323 22.4611 22.6101
22.8039 23.0428 23.2436 24.0763 24.796 26.7852 26.602 28.9991 25.3787 33.4666
28.0333 79.6156 163.921 2.17845 2.62903 3.95387 6.0869 7.5548 8.47104 9.19119
9.90777 10.6655 11.5 12.4046 13.442 14.6417 15.8293 17.0008 18.0188 19.5709
20.9551 23.5849 24.086 27.1539 24.1792 32.7991 27.8107 79.8349 164.326 1.22333
2.46238 1.88752 2.51129 2.83238 2.86612 2.95548 3.24342 3.81273 4.66546 5.77326
7.14494 8.75968 10.4343 12.15 13.6986 15.7496 17.6261 20.7507 21.8187 25.4898
23.1618 32.3211 27.7452 80.1571 164.79 2.25055 2.32462 3.59261 4.34015 4.25237
3.39593 2.42055 1.64082 1.30371 1.46348 2.13504 3.28337 4.84153 6.60155 8.5303
10.3669 12.7226 14.9269 18.4048 19.9162 24.1117 22.4161 32.1054 27.8881 80.6061
165.324 3.92802 2.21902 6.62126 8.18836 8.2484 6.78773 4.78808 2.85813 1.43306
0.661069 0.622887 1.28083 2.53675 4.14961 6.07765 8.04296 10.57 12.9645 16.6549
18.479 23.1128 22.015 32.2057 28.2793 81.2031 165.936 5.38184 2.39273 9.19362
11.3453 11.5417 9.70141 7.00778 4.32482 2.18711 0.787599 0.232257 0.495815 1.46661
2.89293 4.75202 6.77663 9.39495 11.8574 15.6029 17.5951 22.5699 22.0133 32.6561
28.9453 81.9609 166.632 5.80134 2.578 9.81645 11.9075 11.8821 9.75911 6.90129
4.1896 2.08403 0.739557 0.224547 0.477263 1.38955 2.75201 4.58986 6.65137 9.28369
11.6845 15.3207 17.3387 22.5437 22.4461 33.4721 29.8972 82.8848 167.416 5.00145
2.48571 8.23183 9.66011 9.14338 6.99284 4.63477 2.63305 1.25708 0.569831 0.565882
1.14047 2.22175 3.67228 5.56552 7.64666 10.2175 12.4425 15.8345 17.7595 23.0778
23.3316 34.6537 31.1315 83.972 168.293 3.56946 2.45945 5.44149 5.95685 5.15349
3.5662 2.26121 1.38892 1.04541 1.20512 1.80266 2.75302 4.04814 5.61984 7.57448
9.64029 12.0969 14.0691 17.1313 18.8723 24.1914 24.6696 36.1866 32.6325 85.209
169.259 2.13451 2.63589 2.82798 2.91275 2.57514 2.16205 2.07465 2.28725 2.80566
3.59363 4.57351 5.71745 7.0796 8.65467 10.5662 12.5317 14.8129 16.4811 19.1714
20.6571 25.8747 26.4431 38.046 34.3752 86.5742 170.3 1.57372 3.49771 2.19674
3.23032 4.25356 5.10202 5.88339 6.67192 7.50324 8.4149 9.35994 10.359 11.5153
12.8647 14.5382 16.2608 18.2734 19.5937 21.8938 23.0673 28.0925 28.6217 40.2023
36.3295 88.0426 171.398 5.0413 8.39344 7.0178 10.2844 12.7066 14.1343 14.8994
15.3611 15.6986 16.0438 16.4011 16.8236 17.4345 18.2786 19.48 20.7826 22.4047
23.3247 25.2195 26.0341 30.7909 31.1645 42.622 38.4617 89.5877 172.538 23.6434
34.9993 24.6799 28.1703 30.145 30.4435 29.7158 28.6173 27.4711 26.4664 25.6319
25.02 24.7381 24.8059 25.3171 26.0251 27.1265 27.5818 29.0515 29.4694 33.8982
34.0196 45.2614 40.7315 91.1786 173.694 60.9058 77.7439 58.962 58.7186 56.9882
53.695 49.7142 45.778 42.2082 39.1556 36.6109 34.5832 33.1281 32.2128 31.8749
31.8498 32.3196 32.245 33.2677 33.2623 37.3197 37.1154 48.0618 43.088 92.7778
174.837 101.957 110.598 99.1929 94.7682 88.1108 80.1694 72.1388 64.7847 58.3738
52.9661 48.4833 44.872 42.1189 40.1273 38.8699 38.0383 37.8086 37.1555 37.7138
37.2721 40.9354 40.3553 50.943 45.4666 94.343 175.936 131.919 125.469 130.407
124.181 114.549 103.422 92.3902 82.3619 73.6365 66.2383 60.0613 55.0282 51.0795
48.0675 45.9234 44.2928 43.3538 42.1075 42.1979 41.3275 44.5981 43.613 53.7996
47.7862 95.8254 176.958 144.983 121.919 145.895 140.01 130.005 118.209 106.347
95.3846 85.673 77.2643 70.0906 64.1151 59.2948 55.4731 52.5793 50.2406 48.6484
46.8406 46.4857 45.2201 48.1267 46.7313 56.5001 49.9476 97.1695 177.865 143.776
106.947 147.878 143.853 135.245 124.568 113.539 103.108 93.63 85.1867 77.7697
71.4071 66.1186 61.7815 58.3496 55.4604 53.332 51.0441 50.3002 48.6982 51.2945
49.517 58.8862 51.8345 98.3143 178.621 139.484 93.9494 146.598 144.519 137.295
127.704 117.547 107.78 98.753 90.5442 83.1717 76.7022 71.2019 66.5804 62.813
59.5494 57.0348 54.3854 53.3405 51.48 53.8378 51.7458 60.7798 53.3193 99.1957
179.187 149.172 106.504 154.857 151.506 143.221 132.827 122.112 111.976 102.695
94.2934 86.753 80.1185 74.4473 69.6416 65.6726 62.1845 59.4348 56.5598 55.3217
53.2949 55.4987 53.1973 62.0076 54.278 99.7528 179.532 159.826 121 162.88
157.555 147.807 136.336 124.849 114.172 104.514 95.8531 88.1346 81.373 75.605
70.7177 66.672 63.1046 60.2736 57.3208 56.0145 53.9293 56.0781 53.7034 62.4336
54.6124 99.9401 179.645 177.586 142.819 147.81 184.14 200.125 209.465 211.64
222.898 84.6841 45.2726 51.9056 181.282 187.056 27.8302 33.1544 84.1002 75.7427
73.4667 51.6558 119.134 136.15 133.975 440.066 513.634 56.5726 92.4234 106.509
38.3342 32.7684 52.4272 23.7173 13.599 32.8533 24.424 8.4005 10.755 10.6846
16.7028 16.9806 46.8121 44.9454 5.26463 11.673 11.3119 18.7457 19.2414 49.7656
48.9977 5.53623 12.8971 12.7422 21.2519 22.0336 52.175 51.2779 5.26291 14.1597
14.078 24.8365 25.7896 54.2856 53.6779 4.58678 15.326 15.4878 28.8152 29.7964
54.459 54.3621 3.904 16.2143 16.7691 31.8985 32.5183 53.1399 53.3467 3.67043
16.6871 17.6185 32.9351 33.0728 53.6448 53.1118 4.01442 16.6186 17.8266 32.5411
32.1619 57.1088 55.7027 4.81826 16.2339 17.4545 30.7392 30.1415 62.5849 60.8422
5.73591 15.6364 16.7876 28.5028 27.8418 69.0529 67.1763 7.02649 14.6487 15.8363
26.1856 25.6983 73.618 72.947 13.0687 16.3517 13.9556 741.433 435.3 373.548
487.143 40.0035 26.7647 21.2245 34.5702 73.7867 47.0258 45.4522 51.6073 27.4766
132.51 145.316 71.7388 73.0915 69.3134 111.269 53.7235 90.8357 138.599 142.018
128.501 117.769 123.443 118.492 124.39 124.069 91.8527 79.3213 102.597 111.885
59.3322 43.0638 75.6433 90.7973 42.9923 29.9856 58.7652 75.0401 66.7664 61.6351
76.9573 89.5927 92.0971 90.7631 98.7335 108.4 130.262 556.665 207.083 85.5641
171.255 85.2715 34.6393 1831.33 514.169 60.1094 86.7925 161.067 214.433 84.6269
332.145 225.567 187.548 127.904 101.9 366.547 1307.58 1750.51 1150.8 25.6219
271.133 385.352 359.67 42.3966 10.535 9.70194 16.0965 13.0351 12.4343 399.805
425.365 418.645 48.6192 13.9283 13.4208 18.1708 14.8934 14.4952 431.256 451.928
444.526 50.8541 15.7185 15.3526 20.4791 16.7898 16.2949 459.319 479.755 473.605
53.3775 18.0039 17.4968 23.8127 19.4477 18.8065 484.7 491.838 491.072 54.6039
20.9283 20.3732 27.7369 22.5402 21.8704 491.925 487.092 490.466 54.0214 24.0566
23.6476 31.267 25.1821 24.8881 484.505 486.265 485.383 53.1826 26.1626 26.0625
33.0276 26.3054 26.6067 488.594 504.869 497.35 54.8646 26.417 26.7174 32.8974
25.8638 26.4916 513.755 541.872 532.053 59.6979 25.2483 25.8236 31.3222 24.327
25.1242 552.429 586.427 574.743 65.8464 23.4021 24.0784 29.082 22.4522 23.2081
597.571 624.204 617.629 72.1297 21.4191 22.1104 26.6974 20.509 21.209 621.082
502.14 62.5736 19.0453 20.1577 24.5469 18.525 229.031 202.022 427.946 103.269
2635.81 3671.4 524.369 389.547 3803.01 44.6199 64.8088 43.8973 62.7572 43.7095
61.2687 45.0115 61.2839 51.0539 65.2623 68.3451 78.7967 101.573 108.066 9.95162
10.1657 8.51093 7.64589 11.5386 7.17518 22.205 31.5987 55.2091 53.7294 43.6104
127.3 134.36 116.382 11.9094 17.1005 60.2023 12.111 11.5889 7.84207 23.7503
30.1503 39.7289 60.7635 33.032 34.1114 51.8702 28.379 77.5284 84.1696 10.4352
7.04881 9.0319 20.1949 21.6542 21.0743 24.1975 391.471 47.9816 9.00955 8.74784
47.7702 52.9167 11.9581 14.9114 11.827 17.0032 18.9032 17.2968 22.3532 20.3682
3187.39 2688.56 343.849 400.398 9.15149 8.66205 38.7831 44.874 11.601 11.4778
14.8781 12.85 15.3117 13.4826 18.6252 17.0201 164.481 193.371 1546.21 1327.65
34.4837 71.4594 194.426 45.0172 12.1943 9.51045 8.87921 9.74335 11.4813 9.2616
15.6881 14.1205 93.5036 107.108 887.539 781.334 7.28913 5.23259 2.40036 2.23551
8.6712 5.29734 5.21396 9.48139 5.25951 4.10776 14.1947 12.8797 9.66525 9.24784
6.91012 4.39909 12.3376 10.0506 52.6457 61.2359 524.628 454.225 11.3386 11.2145
5.64741 7.0162 10.4834 10.3871 6.5304 10.1748 9.34511 9.36173 11.7221 7.75311
7.98711 6.84103 6.23323 3.10183 4.04029 7.17888 5.05237 26.4236 31.4897 280.879
239.037 7.09747 7.34737 7.80968 5.82008 6.05049 6.48617 4.67904 4.8792 5.24976
4.80366 4.58852 4.91463 5.24426 5.47855 23.2199 5.97179 2.85877 2.39571 8.26319
10.5972 107.243 82.308 203.702 1557.46 1516.04 198.157 209.675 1626.47 1623.82
208.186 200.381 1560.48 1585.83 202.129 251.301 1308.39 1435.99 214.441 9.6462
68.4088 72.5586 3.36964 3.08365 4.18059 56.8529 41.6482 363.955 491.406 22.794
15.9168 13.7137 16.8646 3.33273 2.47095 1.97315 2.48481 98.313 90.8131 764.74
821.642 4.38815 3.6565 17.7126 13.7348 2.16533 1.7683 1.77678 2.11466 118.379
114.032 937.619 968.228 2.55334 2.34336 36.5161 32.1732 2.29513 1.96504 2.36728
2.74657 138.64 132.438 1068.76 1113.45 26.763 1.93936 2.41957 6.77432 6.79976
12.6564 3.90633 3.32683 6.02837 7.31203 186.027 168.615 1336.55 1466.76 38.9869
21.0861 19.1092 39.0039 16.4705 16.9159 37.3801 15.735 15.7929 37.6527 13.5273
16.482 47.6455 18.673 19.3169 24.219 44.644 16.3061 15.9826 11.7238 18.0579
370.084 297.68 2294.93 2838.95 48.402 48.8353 48.3392 51.499 64.4454 94.9918
74.9818 73.8861 38.0817 41.523 514.417 27.1439 27.227 25.2935 24.0576 23.4345
22.0522 20.9168 19.6206 38.6955 16.4795 105.094 134.009 21.2766 23.0532 18.1427
19.7339 14.3012 16.4592 7.98966 11.1061 110.397 34.9989 23.4625 130.201 47.3984
43.1123 221.002 218.398 28.4585 26.0007 282.649 260.199 21.1551 20.513 428.817
380.969 16.3323 14.561 237.951 526.432 95.7782 144.592 76.7284 105.926 58.6601
55.6885 136.299 64.5026 22.4149 9.42225 16.6758 28.697 25.9425 85.9716 14.9187
22.6968 78.2811 51.1011 105.958 64.6636 51.9734 45.248 15.6719 16.1532 55.4876
33.1722 29.2876 14.3975 15.1098 35.9781 23.227 21.2492 12.969 13.6573 24.6773
21.4168 28.5844 12.004 12.3693 18.6037 112.244 35.6821 31.5786 97.4235 38.1902
287.53 44.4352 25.2605 35.4773 479.81 32.839 17.9145 45.0941 48.6144 57.9399
13.8824 10.2197 728.172 116.323 45.3434 81.8186 14.1162 128.503 150.758 202.375
161.697 88.4697 27.2865 212.112 54.5954 291.412 28.6749 13.7279 78.5622 384.846
61.9899 542.03 584.006 217.237 189.468 38.2152 677.506 307.16 83.3394 111.266
91.9822 128.04 9.97924 39.1747 10.035 72.1609 4.55161 2.54298 8.48224 6.12737
8.98574 45.7811 12.4651 10.305 2204.33 1828.9 230.837 280.306 18.3823 13.505
17.4197 45.114 28.6713 1153.54 1009.59 122.904 141.626 10.8492 86.279 88.3756
92.2277 3.67971 102.286 52.3492 562.54 686.928 601.938 70.8148 81.4958 2.13265
11.768 390.31 332.53 37.8314 44.8824 199.782 162.701 16.5976 21.5353 8.03358
8.48307 195.04 9.1221 8.83674 6.66888 8.51008 208.844 7.88177 7.64196 5.42062
7.33659 206.506 6.70718 6.41937 4.35652 6.13249 191.374 5.53732 5.35687 214.12
138.089 237.801 26.8286 14.7139 1468.42 1611.49 1606.14 1493.66 1145.28 9.38925
602.277 692.852 81.6674 70.338 37.7902 56.7607 31.0827 10.3528 4.94176 6.15291
6.19917 2.86479 3.77795 867.195 904.735 109.488 104.339 86.2334 197.622 160.96
27.6787 2.1158 2.41797 2.83732 1.80937 1.91974 998.743 1031.43 127.282 122.646
229.698 228.645 34.5551 1.67048 1.6869 1.7963 1.61654 1169.21 1240.99 155.888
146.169 114.32 138.104 146.14 172.008 178.284 208.109 214.978 252.311 258.561
294.126 280.754 293.044 258.977 252.565 894.256 670.069 367.127 1649.66 1911.47
245.672 210.524 4383.72 572.038 26.1477 53.314 185.522 59.0184 265.176 1223.88
2255.19 242.114 32.6259 341.929 22.3091 519.469 18.5959 193.491 111.86 141.855
207.964 55.3993 89.9309 20.3291 39.4168 23.1847 6.71633 40.0676 635.345 41.5256
738.394 789.572 836.17 27.3683 904.885 923.864 928.458 19.8855 818.066 413.518
360.75 2610.99 16.5067 63.1112 6.83953 7.21736 6.82228 6.93978 7.03549 7.08072
7.07663 7.06711 7.47052 3811.63 253.782 965.817 821.687 440.614 918.133 2946.81
2881.81 3171.13 587.818 3382.59 5058 14.1126 37.6682 17.6066 47.5816 19.8184
50.0207 22.8829 52.5552 26.7454 54.3053 30.607 54.1685 32.9848 53.0222 33.1565
54.0664 31.8184 58.2245 29.6134 63.9305 27.2122 70.1981 25.0211 67.4603 318.719
410.122 437.483 466.592 488.539 491.92 484.556 492.194 522.87 563.332 607.75
565.688 13.907 84.0365 8.85744 47.0905 31.0127 28.1367 26.241 24.264 10.9726
48.743 23.1516 22.1965 21.8679 21.2837 21.2141 20.6206 20.5561 19.8441 19.7126
18.6207 18.1105 16.6217 16.2423 14.2732 12.5116 7.5642 3.14279 1.7876 2.35249
2.72319 205.341 1589.5 207.042 1620.36 194.787 1530.07 2.88901 2.93651 2.81976
2.65283 8.85659 9.3026 2.49703 2.35306 2.25476 2.14462 3.15847 22.4944 2.08923
2.01884 2.00056 1.98007 2.08837 37.5548 2.00551 2.06357 2.16946 2.43816 375.121
453.402 533.264 713.215 814.738 916.926 1084.06 1113.62 1090.83 2.79584 3.91755
5.37166 8.99316 13.302 18.5167 24.4449 3436.27 438.875 36.6338 23.6726 19.5832
228.722 1110.31 1278.16 309.564 1915.36 1681.52 2173.6 484.198 3191.41 2796.19
3650.89 4342.69 990.254 1377.51 542.58 786.397 336.577 25.7731 68.5858 77.5803
451.183 382.167 312.791 512.772 542.978 530.733 389.378 431.992 86.4653 365.059
494.598 94.0037 564.007 683.317 189.356 9.50321 8.19485 7.01329 5.81455 1419.53
16.3897 122.959 242.81 298.826 227.1 618.392 1011.49 1026.08 1468.65 2462.69
4053.43 1084.31 179.702 185.896 3646.5 686.603 4131.31 4622.85 5101.71 5539.83
875.166 5913.88 6208.02 6408.31 6495.26 907.241 6402.64 5911.5 84.3386 13.9258
8.72442 187.138 1370.92 1304.52 181.098 1934.29 1667.29 1042.02 916.44 778.293
802.34 1138.59 1944.88 77.2776 2391.7 351.666 92.649 88.6613 10.2281 9.87574
103.509 1201.76 777.995 1024.33 3348.56 163.681 1406.9 825.569 895.877 189.59
246.388 361.937 356.659 
U 3 6554 float
0.187349 -0.00357996 0.00691394 0.122792 -0.00612475 0.0127786 0.151633 0 0.00647578 0.177361 0
0.0117099 0.161894 -0.000298301 0.0168215 0.153514 -0 0.017931 0.142927 -0.000370592 0.00813036
0.136939 -0 0.00883146 0.140694 -0.000442843 0.00446639 0.135563 -0 0.00491396 0.139146
-0.000493495 0.00242591 0.134709 -0 0.00273085 0.138445 -0.000554251 0.00132721 0.134563 -0
0.0015262 0.138393 -0.000623715 0.000767194 0.134962 0 0.000902093 0.138645 -0.000697371 0.000469745
0.135591 0 0.000565627 0.139036 -0.000782938 0.000305264 0.136304 1.20512e-43 0.000374298 0.139547
-0.000898697 0.000208831 0.137098 1.83878e-41 0.000259064 0.140219 -0.00106574 0.00014962 0.138024 1.04985e-39
0.00018643 0.141111 -0.00131059 0.000111096 0.139152 -2.09235e-38 0.000138646 0.142302 -0.00167165 8.72163e-05
0.140576 -4.45355e-36 0.000109174 0.143903 -0.00221186 8.03256e-05 0.14243 -1.44254e-34 9.81015e-05 0.146069
-0.00304604 0.000106049 0.144918 -1.02826e-33 0.000114916 0.149009 -0.00440099 0.00022079 0.148368 1.42794e-32
0.000207063 0.152937 -0.00676223 0.00057888 0.153282 1.72541e-31 0.000470987 0.158279 -0.0111997 0.00163564
0.161004 2.60694e-31 0.00125315 0.164047 -0.0202666 0.00373711 0.171927 -1.44138e-30 0.00247769 0.197264
-0.0219014 0.00795701 0.179092 -0.0401634 0.00737718 0.197853 -5.11123e-33 0.00787666 0.220205 -0.0269897
0.0100155 0.222619 -1.88262e-33 0.0109584 0.25511 1.78726e-33 0.00880755 0.279132 1.14204e-33 0.00351068
0.276803 -0.0136341 0.000340204 0.25438 -0.0232736 0.0065148 0.292676 3.62805e-36 -0.00133686 0.301685
5.17298e-37 -0.00462385 0.294247 -0.00218532 -0.00786554 0.28749 -0.00637901 -0.00475486 0.310169 2.27552e-37
-0.00663543 0.318504 2.01064e-37 -0.00780861 0.310188 0.00118425 -0.0103563 0.301885 5.05084e-05 -0.00956414
0.200397 9.68179e-05 0.00218886 0.129466 -0.00250502 0.0119319 0.173478 0.00185829 0.0157943 0.152118
0.0012619 0.00748794 0.149058 0.000701939 0.00410527 0.14677 0.000291209 0.0022082 0.145403 -5.19993e-05
0.00121006 0.14476 -0.000351126 0.000710483 0.144483 -0.000624345 0.000446582 0.144389 -0.000900333 0.000301413
0.144447 -0.00121431 0.000216265 0.144682 -0.00160574 0.000163428 0.145132 -0.0021221 0.00012861 0.145843
-0.00282722 0.000107448 0.146866 -0.00381359 0.000106557 0.14823 -0.00522367 0.000154283 0.149879 -0.00729049
0.000337753 0.151421 -0.0104191 0.00091228 0.151772 -0.0153455 0.00257393 0.146939 -0.0234697 0.00634132
0.150035 -0.0563261 0.0102214 0.120538 -0.0413394 0.0137885 0.193304 -0.0625 0.00604398 0.179392
-0.0854045 0.00583767 0.141298 -0.0927428 0.010276 0.229174 -0.0604287 0.000301109 0.24018 -0.0240336
-0.0033494 0.218479 -0.0504653 -0.00142726 0.215893 -0.101568 0.00162805 0.247114 0.00128006 -0.0128901
0.197368 -0.00512341 -0.0130035 0.193691 -0.00905967 -0.011014 0.247227 -0.00150036 -0.011231 0.265588
0.0048966 -0.0144808 0.225043 0.00134639 -0.0151519 0.217037 0.000361659 -0.015316 0.262399 0.00395311
-0.0143303 0.207436 0.00276659 0.00402262 0.134031 0.00109116 0.0137072 0.180906 0.003064 0.0171976
0.159481 0.00234238 0.00850056 0.156255 0.00156935 0.00491712 0.153728 0.000970747 0.00285109 0.152015
0.000468056 0.00172733 0.150992 2.25874e-05 0.00113999 0.150327 -0.000393676 0.000810339 0.14984 -0.000816627
0.000610737 0.149492 -0.00128852 0.000479291 0.149298 -0.00185739 0.000387441 0.149281 -0.00258073 0.000320908
0.149465 -0.0035305 0.00027438 0.14987 -0.00479567 0.000252806 0.150495 -0.00647739 0.000280482 0.151259
-0.00866435 0.0004321 0.151803 -0.0113577 0.000922378 0.151247 -0.0142364 0.00235038 0.146207 -0.0162467
0.00564091 0.106535 -0.0174312 0.0152433 0.134153 -0.00550532 0.0112205 0.0806137 -0.0548421 0.0162639
0.0624874 -0.0318455 0.0167864 0.0715643 -0.0120263 0.0159978 0.212293 0.00282956 0.00617291 0.137408
0.00152292 0.0152617 0.186104 0.00296191 0.0188318 0.164723 0.0024381 0.00971177 0.161408 0.00180928
0.00587883 0.158766 0.00125654 0.0036182 0.156847 0.000754414 0.00235114 0.155579 0.000281353 0.00165736
0.15465 -0.000184052 0.00124512 0.153876 -0.000672826 0.00097913 0.153209 -0.00122555 0.000793458 0.152655
-0.00189165 0.00065737 0.152221 -0.0027334 0.000554758 0.151914 -0.00383 0.000478413 0.151747 -0.00528172
0.000427653 0.151743 -0.00720922 0.000413978 0.151943 -0.00973148 0.000474334 0.152407 -0.0128991 0.000711714
0.153307 -0.0164844 0.00141495 0.154483 -0.0196975 0.00303978 0.155958 -0.00718645 0.00796627 0.157834
-0.019894 0.00661095 0.161346 0.00612254 0.0100079 0.105461 0.0210866 0.0138454 0 0
0 0 0 0 0.179176 0.00711737 0.00862637 0.176518 0.0206593 0.0098491
0 0 0 0 0 0 0.208783 -0.0178819 0.00891553 0.195182
-0.0135278 0.00825373 0 0 0 0 0 0 0.28301 -0.0241022
0.0125276 0.262573 -0.0236343 0.0116379 0.368213 -0.00788227 0.0129355 0.363596 -0.0097322 0.0131442
0 0 0 0 0 0 0.213243 0.00216464 0.0066389 0.138027
0.00120394 0.0154709 0.187074 0.002238 0.0191917 0.165779 0.00194954 0.00998873 0.162608 0.00156338
0.00613443 0.16009 0.00115076 0.0038488 0.158244 0.000733978 0.00255983 0.157003 0.000313665 0.00184615
0.156062 -0.000122581 0.00141407 0.15523 -0.000598484 0.00112921 0.154453 -0.0011488 0.000927132 0.153723
-0.00181998 0.000777662 0.153029 -0.00267391 0.000664231 0.152353 -0.00379409 0.000579077 0.151672 -0.00529514
0.000520529 0.150961 -0.00733843 0.000496729 0.150209 -0.0101505 0.000534331 0.14944 -0.0140525 0.000698391
0.148836 -0.0195146 0.00116218 0.148756 -0.0273516 0.00224125 0.151407 -0.0378933 0.00459181 0.159085
-0.060905 0.00847891 0.164582 -0.0167406 0.00897755 0.18322 -0.0286636 0.0106747 0.169938 -0.106076
0.0127344 0.203231 -0.041072 0.0122041 0.221195 -0.0596012 0.0136039 0.2664 -0.131153 0.0067145
0.223129 -0.181166 -0.0014625 0.178376 -0.141422 0.0116405 0.244576 -0.0725492 0.0151494 0.274848
-0.0897689 0.0141402 0.309587 -0.0848296 0.0125847 0.297536 -0.116797 0.00459831 0.176902 -0.0280089
-0.0150977 0.205856 -0.0384392 -0.0124452 0.315315 -0.0527682 0.00226391 0.305654 -0.0343437 0.00122764
0.167994 -0.0222146 -0.0129926 0.213136 0.00136048 0.0066522 0.13801 0.000731392 0.015454 0.186779
0.0014475 0.0191796 0.165394 0.00132568 0.0099481 0.162257 0.00112191 0.00610139 0.15979 0.000844922
0.003821 0.158006 0.000534786 0.00253971 0.156818 0.000202674 0.00183435 0.155905 -0.000159133 0.00140947
0.155068 -0.000568349 0.00112983 0.154241 -0.00105183 0.000931332 0.153404 -0.00164824 0.00078502 0.152525
-0.00241183 0.0006746 0.151557 -0.00341829 0.000591781 0.150434 -0.00477511 0.000535944 0.149062 -0.00664062
0.000514077 0.147311 -0.0092555 0.00054707 0.144987 -0.0130022 0.000692528 0.141781 -0.0185274 0.00109722
0.137132 -0.0270538 0.00210739 0.130051 -0.0406608 0.00437706 0.120238 -0.064992 0.00934551 0.13557
-0.117832 0.0130767 0.100721 -0.104491 0.0133587 0.136528 -0.147227 0.00903963 0.265441 -0.135471
-0.0068151 0.251948 -0.148457 -0.00760403 0 0 0 0.0987514 -0.237132 -0.0380268
0.124282 -0.205009 -0.0143528 0.0358289 -0.00833497 -0.0115285 0.0501469 -0.0156806 -0.0156128 0.21284
0.00084682 0.00654511 0.137881 0.000443292 0.0153915 0.186285 0.000922528 0.0190842 0.164772 0.000878213
0.00985167 0.161604 0.000775083 0.00601746 0.159121 0.000595492 0.00374337 0.157348 0.0003752 0.00247076
0.156176 0.000127363 0.00177457 0.155269 -0.000151616 0.0013576 0.154417 -0.000473094 0.00108527 0.153547
-0.000855164 0.000893918 0.152623 -0.001325 0.000754183 0.151598 -0.00192175 0.000649433 0.150396 -0.00270067
0.000572183 0.14891 -0.00374199 0.000521959 0.146978 -0.00516673 0.000505988 0.144355 -0.00716133 0.000548084
0.140645 -0.0100242 0.00071293 0.135169 -0.0142508 0.00116595 0.126743 -0.0207014 0.00231772 0.112765
-0.0308352 0.0049635 0.0904836 -0.0476161 0.01164 0.0698753 -0.0890363 0.0133596 0.0541166 -0.0678783
0.0129739 0.0845723 -0.129728 0.004497 0.0511182 -0.102129 0.000515329 0.0346689 -0.166992 -0.0617182
0.0195417 -0.137575 -0.0683646 0.0330959 -0.135722 -0.038689 0.0554598 -0.160288 -0.0304083 0.212658
0.00051946 0.00647456 0.137813 0.000265457 0.0153594 0.185967 0.00057924 0.0190243 0.164352 0.000570372
0.00979426 0.16113 0.000521116 0.00596757 0.1586 0.000410603 0.00369448 0.156806 0.000264691 0.00242487
0.155621 9.5627e-05 0.00173323 0.154699 -9.665e-05 0.00132054 0.153823 -0.000317043 0.00105207 0.152913
-0.000573713 0.000864408 0.151924 -0.000879519 0.000727827 0.150799 -0.00125288 0.000625719 0.149446 -0.0017193
0.000551415 0.147732 -0.00231519 0.000504716 0.145455 -0.00309406 0.000493701 0.142304 -0.00413705 0.000545274
0.137769 -0.00557401 0.000731453 0.130978 -0.00761951 0.00123649 0.120423 -0.0106339 0.00251798 0.103177
-0.0152606 0.00562143 0.0751742 -0.0225386 0.0132078 0.0367914 -0.0491378 0.0122292 0.0306516 -0.02944
0.0120466 0.0313088 -0.0764638 -0.00251052 0.0172973 -0.0530318 -0.00416132 0.00197695 -0.0776604 -0.0741741
-0.00132112 -0.0634258 -0.0745915 0.00135848 -0.065966 -0.0470631 0.00796222 -0.0805 -0.0440849 0.212565
0.00033145 0.00642999 0.137782 0.00016251 0.0153419 0.185793 0.000378523 0.0189882 0.164111 0.000385423
0.00976195 0.160844 0.000366189 0.00594037 0.158271 0.000305455 0.00366744 0.156452 0.0002207 0.002399
0.155252 0.000122586 0.00170938 0.154315 1.46363e-05 0.00129855 0.153424 -0.000101443 0.00103176 0.152496
-0.000223722 0.000845474 0.151485 -0.000349871 0.000710056 0.150329 -0.000476157 0.000609351 0.148935 -0.00059547
0.00053662 0.147169 -0.00069461 0.000491404 0.144824 -0.000749072 0.000482214 0.141585 -0.000716485 0.000536545
0.136936 -0.000526077 0.000726983 0.129993 -5.99146e-05 0.0012372 0.119234 0.0008741 0.00252344 0.10174
0.0026715 0.00564654 0.0731884 0.00557805 0.0132126 0.0218982 -0.0110721 0.0107805 0.027729 0.00854028
0.0117572 0.00871969 -0.0313915 -0.00554428 0.0036271 -0.0113106 -0.00656604 -0.0063351 -0.0287922 -0.0751225
-0.00753263 -0.0193124 -0.0755736 -0.00894927 -0.0203929 -0.0491746 -0.00635663 -0.030796 -0.0466343 0.212534
0.00021578 0.00640479 0.137778 9.9021e-05 0.0153338 0.185719 0.000252883 0.0189687 0.163996 0.000266304
0.00974541 0.1607 0.000265785 0.00592713 0.158098 0.000242574 0.00365416 0.156264 0.00020855 0.00238618
0.155057 0.000173492 0.00169754 0.154121 0.000144336 0.00128759 0.153237 0.000128638 0.0010213 0.152324
0.000137221 0.000835202 0.15134 0.000186013 0.000699949 0.150231 0.000298818 0.000599392 0.148915 0.000512486
0.000526191 0.147274 0.000885293 0.000479176 0.145137 0.00151148 0.000466129 0.142236 0.00254392 0.000512571
0.138144 0.00423482 0.000685483 0.132115 0.00700803 0.00114901 0.122925 0.0115869 0.00231537 0.107752
0.0193585 0.00496099 0.0840891 0.0321851 0.0117782 0.0312061 0.0286906 0.01152 0.0468401 0.0468323
0.0123112 0.00573706 0.00930701 -0.0060896 0.0122649 0.0306589 -0.00509498 -0.00781525 0.0068679 -0.0757286
-0.00649214 0.0164439 -0.0752806 -0.00710076 0.0188372 -0.0486685 -0.00845603 0.00839251 -0.0473956 0.212546
0.000139824 0.0063904 0.137795 5.81006e-05 0.0153318 0.185712 0.000169375 0.0189587 0.163969 0.000185443
0.00973763 0.160659 0.000198243 0.00592194 0.158044 0.000204446 0.00364876 0.156207 0.000212481 0.0023808
0.155008 0.000231557 0.00169252 0.154089 0.000270979 0.00128265 0.153235 0.000342785 0.00101611 0.152371
0.000464654 0.000829595 0.151463 0.000662612 0.000693655 0.150471 0.000975222 0.000591914 0.149336 0.00146066
0.000516492 0.147976 0.00220829 0.000465775 0.14628 0.00335797 0.000446587 0.144083 0.00513214 0.000481058
0.141134 0.00789319 0.000625933 0.137005 0.0122494 0.00101603 0.131073 0.0192608 0.001988 0.12142
0.0308043 0.00408915 0.10816 0.0503581 0.00924477 0.0606733 0.0666418 0.0126856 0.0869257 0.081559
0.0127617 0.0249386 0.0526337 -0.00368139 0.0427893 0.0762542 -0.000859387 -0.000287197 0.0508856 -0.0747447
0.00394126 0.0659131 -0.0735092 0.00956833 0.069075 -0.0453925 0.00410355 0.0543259 -0.0449725 0.212591
8.05029e-05 0.00638328 0.13783 2.7836e-05 0.0153349 0.185755 0.000102549 0.0189546 0.164008 0.000118245
0.0097347 0.160696 0.000140008 0.0059215 0.158082 0.00016878 0.00364819 0.156254 0.000210246 0.00237979
0.155074 0.000272729 0.00169137 0.154187 0.000366869 0.00128139 0.153382 0.000507398 0.00101438 0.152593
0.000715555 0.000827155 0.151797 0.00102243 0.000690218 0.15097 0.00147359 0.000586928 0.150083 0.00213596
0.000509104 0.149099 0.00310907 0.000455177 0.147978 0.00454223 0.000430056 0.146682 0.00666294 0.000451338
0.145176 0.00982632 0.000565543 0.14344 0.0146009 0.000880465 0.141579 0.0219271 0.00165551 0.139504
0.0333133 0.0034008 0.138845 0.0520026 0.00710395 0.116099 0.0937771 0.0125034 0.143654 0.0862029
0.0119917 0.071658 0.101395 0.00313879 0.115422 0.117153 0.00796037 0.0285079 0.129443 -0.0619671
0.0478297 0.167171 -0.0508897 0.0661304 0.153245 -0.0249394 0.0458351 0.125039 -0.0316199 0.212659
2.32799e-05 0.00638219 0.137878 2.05558e-07 0.0153416 0.185833 3.65587e-05 0.0189549 0.164094 4.96219e-05
0.00973509 0.160791 7.66538e-05 0.00592392 0.15819 0.000122315 0.00365047 0.156381 0.000189376 0.00238126
0.155229 0.000284368 0.00169208 0.154383 0.000417759 0.00128152 0.15364 0.00060481 0.00101409 0.152939
0.000867125 0.000826283 0.15227 0.00123594 0.000688415 0.151629 0.00175624 0.000583767 0.151008 0.00249187
0.000504313 0.15041 0.00353292 0.000448376 0.149851 0.00500488 0.000418701 0.149376 0.00708033 0.00043053
0.149084 0.00999128 0.000528928 0.149167 0.0140334 0.000825642 0.150025 0.0195406 0.00159506 0.152403
0.0267779 0.00348855 0.157697 0.0358561 0.00752643 0.182063 0.0475522 0.012553 0.219533 0.111959
0.00619185 0.227761 0.0730891 0.0112362 0.203961 0.0515289 0.0128764 0.149596 0.113916 0.0108799
0.184032 0.146581 -0.00213021 0.216002 0.111229 -0.00686329 0.243303 0.101209 0.00390339 0.212739
-4.51949e-05 0.00638747 0.137931 -3.20121e-05 0.0153508 0.185936 -4.35953e-05 0.0189603 0.164216 -3.4868e-05
0.00973928 0.160933 -5.61631e-06 0.0059293 0.158354 5.24522e-05 0.00365575 0.15657 0.000138362 0.00238571
0.155452 0.000255673 0.00169545 0.154652 0.000413067 0.00128385 0.153973 0.000624138 0.00101579 0.153362
0.00090831 0.000827371 0.15282 0.00129333 0.000688517 0.152356 0.00181835 0.000582777 0.151983 0.00253704
0.000502177 0.151725 0.0035211 0.000444269 0.151627 0.00486219 0.000411775 0.151754 0.00666782 0.000422975
0.152194 0.00903885 0.000536945 0.153023 0.0120005 0.000918446 0.15428 0.015298 0.00202787 0.155337
0.0180868 0.00490024 0.155058 0.0150359 0.0124048 0.185465 0.0240062 0.0171092 0.16711 -0.0102045
0.025784 0.151801 0.00577049 0.0185565 0.206811 0.0350027 0.0182099 0.252294 0.0749281 0.00986507
0.259944 0.053107 0.0172559 0.236066 0.0514401 0.0181008 0.265703 0.0100325 0.0125631 0.258236
0.00976501 0.012541 0.254029 0.0122969 0.0133449 0.285428 0.0352007 0.0143335 0.289002 0.0268538
0.0128634 0.212827 -0.000138997 0.00640201 0.137985 -7.64246e-05 0.0153627 0.186059 -0.000153127 0.0189729
0.16437 -0.000149267 0.00974956 0.161116 -0.000119143 0.00593959 0.158569 -5.04757e-05 0.00366589 0.156816
5.03112e-05 0.002395 0.155732 0.000182305 0.0017036 0.154977 0.000351014 0.00129079 0.154358 0.000566778
0.00102163 0.153828 0.000844875 0.00083226 0.153396 0.00120717 0.000692359 0.153084 0.00168418 0.000585707
0.152916 0.0023169 0.000504118 0.152931 0.00315868 0.000444538 0.153181 0.00427531 0.000411433 0.15372
0.00573868 0.000428756 0.15456 0.00760317 0.000576201 0.155525 0.0098429 0.00108566 0.156105 0.0121605
0.0026721 0.153489 0.0137779 0.00677529 0.147287 0.0090269 0.0162087 0.140796 0.0109641 0.0187315
0.138747 0.000190486 0.0228145 0.175282 -0.0442028 0.0283379 0.138965 -0.0627614 0.0314686 0.143193
-0.0252324 0.0296243 0.197237 -0.00649579 0.0127772 0.197875 0.000116708 0.0112732 0 0
0 0 0 0 0.236225 0.0138755 0.0133153 0.243144 0.0114552 0.0129333
0 0 0 0 0 0 0.212927 -0.000281847 0.00642998 0.138038
-0.000146777 0.0153781 0.186212 -0.000316463 0.0189963 0.164571 -0.00031583 0.00976969 0.161356 -0.000282907
0.0059579 0.158849 -0.000201186 0.00368374 0.157128 -8.55607e-05 0.00241166 0.156075 5.71581e-05 0.0017186
0.155356 0.000228727 0.00130416 0.154784 0.000435316 0.0010335 0.154315 0.000686543 0.000842786 0.153967
0.000996679 0.000701705 0.153766 0.00138593 0.000594016 0.15375 0.00188169 0.000511192 0.153967 0.00252058
0.000450273 0.154478 0.00335112 0.000416674 0.155338 0.00443742 0.000435494 0.156541 0.00586496 0.000592498
0.15781 0.00775108 0.00114466 0.158424 0.0102681 0.00291981 0.154546 0.0136434 0.00747237 0.135437
0.0137904 0.0217325 0.138288 0.017469 0.0208965 0.123375 0.00490029 0.0281945 0.116594 0.0126557
0.0314904 0.050432 -0.00556944 0.0495688 0.042619 0.00432397 0.0536519 0.0688975 0.00413251 0.0515444
0.0793203 -0.00442962 0.0464637 0.213057 -0.000504361 0.00647777 0.138096 -0.000260669 0.0154005 0.186427
-0.000562914 0.0190361 0.164856 -0.000557095 0.00980559 0.161688 -0.000511351 0.00598967 0.159225 -0.000406798
0.00371499 0.157531 -0.000269879 0.00244121 0.156498 -0.000114003 0.00174568 0.1558 5.86259e-05 0.00132915
0.155252 0.000249369 0.00105659 0.154815 0.000461453 0.000863868 0.15451 0.000700848 0.000720915 0.154369
0.00097645 0.000611276 0.154436 0.0013006 0.000526192 0.154769 0.00169113 0.000463578 0.155449 0.00217731
0.000427778 0.156566 0.00281449 0.000438598 0.158193 0.00371996 0.0005671 0.160249 0.00515726 0.00102656
0.162365 0.00776962 0.00248192 0.162211 0.0128173 0.006281 0.140661 0.021497 0.0209282 0.152263
0.0240795 0.0171911 0.117822 0.0196817 0.0316711 0.122299 0.0270259 0.0303839 0.0428511 0.0212185
0.0559563 0.0447159 0.0291131 0.0552578 0.0709852 0.0289464 0.0524913 0.0712101 0.0217298 0.0521763
0.213245 -0.000868049 0.00655085 0.138172 -0.000452025 0.0154344 0.18675 -0.000953193 0.0190984 0.165279
-0.000921838 0.00986554 0.162158 -0.000838566 0.00604283 0.159732 -0.000690807 0.00376713 0.158047 -0.000517891
0.00249033 0.15701 -0.000339101 0.0017906 0.156303 -0.000160294 0.00137031 0.155743 1.56928e-05 0.00109405
0.155294 0.000186464 0.000897737 0.154979 0.000349684 0.000751523 0.154833 0.000501702 0.000638462 0.154898
0.000636497 0.000549922 0.155242 0.000745504 0.000484344 0.155964 0.000820709 0.000444022 0.157206 0.000865685
0.000442337 0.159171 0.000926043 0.000527665 0.162121 0.00116882 0.000833182 0.166417 0.00210424 0.00174543
0.172024 0.00491868 0.00410049 0.167042 0.0255461 0.0132004 0.179965 0.015185 0.00937829 0.136341
0.0362064 0.0260128 0.164348 0.0402894 0.0185448 0.0595147 0.0613908 0.0471267 0.0766038 0.0924466
0.0405014 0.106178 0.0756332 0.0375064 0.0919183 0.055711 0.04355 0.21351 -0.00141473 0.00665753
0.138282 -0.000754349 0.0154941 0.187203 -0.00152004 0.0191932 0.16585 -0.00141916 0.00996216 0.162747
-0.0012489 0.0061274 0.160319 -0.00102505 0.00384595 0.158597 -0.000793481 0.00256105 0.157507 -0.000576123
0.00185228 0.15674 -0.000381211 0.00142393 0.156118 -0.000213297 0.00114071 0.155603 -7.78339e-05 0.00093863
0.155214 1.60432e-05 0.000787702 0.154981 5.25352e-05 0.00067047 0.154942 5.78154e-06 0.000578162 0.155153
-0.000164918 0.000509156 0.155705 -0.000521303 0.000466038 0.156744 -0.00115465 0.00046021 0.158508 -0.00219343
0.000527419 0.1614 -0.00380286 0.000753653 0.166162 -0.00614915 0.00135379 0.173941 -0.00931503 0.00270759
0.188667 -0.0127804 0.00535523 0.223443 0.0129448 0.0116419 0.219454 -0.00684368 0.00832957 0.185421
0.0306959 0.0135824 0.205074 0.053496 0.0170255 0.226385 0.0464463 0.0141683 0.241648 0.0103811
0.0102746 0.22915 0.00498159 0.00316682 0.233787 0.00143708 0.000989846 0.267219 -0.00349537 0.0043294
0.259801 0.00181113 0.00674668 0.230445 0.0113 0.00632723 0.213545 -0.00224019 0.00663992 0.138253
-0.00123575 0.0155022 0.18741 -0.00233824 0.0192005 0.166129 -0.00207605 0.00999857 0.162973 -0.0017328
0.00615487 0.160469 -0.00138753 0.00386864 0.158648 -0.00107003 0.00257771 0.157453 -0.000794539 0.00186211
0.156582 -0.00056813 0.00142764 0.155856 -0.000394542 0.0011403 0.155233 -0.000279211 0.000935879 0.154726
-0.000234286 0.00078405 0.15435 -0.000282911 0.000667882 0.154123 -0.000465191 0.000578336 0.154075 -0.000847808
0.000512716 0.15425 -0.00154062 0.000475368 0.154725 -0.00272504 0.000481658 0.155629 -0.00470682 0.000570303
0.157208 -0.00801401 0.000825566 0.15996 -0.0135799 0.00141732 0.164984 -0.0229755 0.00251309 0.174958
-0.0388905 0.00359226 0.206462 -0.0585392 0.00325605 0.245654 -0.0430651 0.00186114 0.230649 -0.0603828
0.00223618 0.238907 -0.0044199 0.00843695 0.254158 -0.0102582 0.00677431 0.245353 -0.0202538 0.0014677
0.24615 -0.0311656 0.00141897 0.264697 -0.0122199 0.00580271 0.269185 -0.0131911 0.00481759 0.241013
-0.0125016 0.000815701 0.241187 -0.0158303 0.00117177 0.273046 -0.0137657 0.00430904 0.273762 -0.014492
0.00315234 0.212501 -0.00291025 0.00617019 0.137572 -0.00155532 0.0152821 0.186324 -0.00306805 0.0188351
0.164938 -0.00257161 0.00971623 0.161615 -0.00198871 0.00589195 0.158955 -0.00150773 0.00363077 0.15702
-0.00111138 0.0023625 0.155735 -0.000792036 0.00166858 0.154788 -0.000548924 0.00125596 0.153992 -0.000380251
0.000988751 0.153297 -0.000287158 0.000802332 0.152701 -0.000280152 0.000667012 0.152205 -0.000383238 0.000566889
0.151797 -0.000640246 0.000494042 0.151462 -0.00112576 0.000445747 0.151172 -0.00196552 0.000428292 0.150869
-0.00337363 0.000464434 0.150431 -0.00572875 0.000607757 0.149603 -0.00972966 0.00096751 0.147928 -0.016735
0.00175013 0.144552 -0.0290186 0.002832 0.136205 -0.0536456 0.00327147 0.196155 -0.0844238 -0.000107807
0.154658 -0.104442 -0.0017945 0.128849 -0.074065 0.00238453 0.219 -0.06569 -0.00211947 0.233818
-0.0219951 -0.00406672 0.235603 -0.0340025 -0.00375854 0.207557 -0.00283899 0.00401163 0.134138 -0.00111864
0.0137157 0.181019 -0.00315752 0.0171942 0.15957 -0.00246064 0.0084997 0.156316 -0.0017308 0.00492483
0.153743 -0.00119817 0.00285883 0.151974 -0.000791765 0.00173415 0.150876 -0.000485522 0.00114807 0.150108
-0.000270807 0.000820137 0.149473 -0.00013835 0.00062263 0.148914 -8.29101e-05 0.000494091 0.148419 -0.000110093
0.000406674 0.147972 -0.000238721 0.000346688 0.147539 -0.00050411 0.000307939 0.147068 -0.000964457 0.000289912
0.146463 -0.00171276 0.00030183 0.145542 -0.00289701 0.000371257 0.143934 -0.00475784 0.000564021 0.140848
-0.00770662 0.00101198 0.134868 -0.0125233 0.00201734 0.121975 -0.0204918 0.00340488 0.112881 -0.0525996
0.00323151 0.0957846 -0.0341549 0.00392272 0.102699 -0.0690008 0.00190954 0.17032 -0.142844 -0.00875201
0.126324 -0.154372 -0.0134278 0.122787 -0.113969 -0.00418462 0.136631 -0.047548 -0.00827518 0.108616
-0.0304271 -0.00577066 0 0 0 0 0 0 0.200455 -0.000135327
0.00216887 0.12953 0.00249841 0.0119299 0.173512 -0.00191611 0.0157863 0.152114 -0.00134148 0.00748475
0.149009 -0.000818089 0.00410962 0.146654 -0.000459245 0.00221307 0.1452 -0.000190205 0.00121551 0.144434
2.06163e-06 0.000719592 0.143981 0.000122106 0.000459345 0.143637 0.000178692 0.000317957 0.143338 0.000178711
0.00023734 0.143062 0.000120368 0.000189487 0.142786 -7.85634e-06 0.000161494 0.142466 -0.000226479 0.000148687
0.142032 -0.000565256 0.000152848 0.141373 -0.00106136 0.000184554 0.140284 -0.00174631 0.000271319 0.138385
-0.00260845 0.000477671 0.134895 -0.00350667 0.000934604 0.128473 -0.00393114 0.00194044 0.115051 -0.0026944
0.0033275 0.081931 -0.0150452 0.00453544 0.0893117 0.00510105 0.00362389 0.0746376 -0.0445396 0.00188481
0.0613279 -0.0157328 0.00201141 0.0245171 -0.0586074 -0.0336453 0.0169707 -0.0345605 -0.0369355 0.028735
-0.0340844 -0.017806 0.040652 -0.0558876 -0.014363 0.187366 0.00358479 0.00691833 0.122826 0.00614187
0.0127792 0.161879 0.000285774 0.0168319 0.142866 0.000341544 0.00814261 0.140577 0.000391054 0.00448125
0.138948 0.000412766 0.00244029 0.138137 0.00043192 0.00134131 0.13793 0.000440366 0.000781397 0.137963
0.000428509 0.000484844 0.138041 0.000395141 0.000321733 0.138105 0.000342397 0.00022763 0.138139 0.000267912
0.000171914 0.13812 0.000165615 0.000138657 0.138008 2.66869e-05 0.000122516 0.137742 -0.000157729 0.000125189
0.137232 -0.000389021 0.000156322 0.136347 -0.000636937 0.000240968 0.134891 -0.00078029 0.000435103 0.132572
-0.000469431 0.000860265 0.129063 0.00122656 0.00175993 0.12366 0.00648429 0.00308633 0.0995647 0.0224672
0.00313895 0.116904 0.0217132 0.0040485 0.0690962 0.0136517 0.00147493 0.0911942 0.0359727 0.0018807
0.0224612 0.0277195 -0.0327293 0.0355942 0.0550021 -0.0268114 0.0487421 0.0479318 -0.0117346 0.037216
0.0246387 -0.0142673 0.177361 0 0.0117405 0.151649 0 0.00649412 0.15348 0
0.0179598 0.136859 0 0.00885806 0.135424 0 0.0049396 0.134483 0 0.00275505
0.134219 0 0.0015485 0.134454 0 0.000920014 0.134852 0 0.000581637 0.135233
0 0.000390396 0.135552 0 0.000275784 0.1358 0 0.000205805 0.135959 0
0.000162548 0.135994 0 0.00013908 0.135857 0 0.000135874 0.13548 0 0.000161693
0.134782 0 0.000239768 0.133694 0 0.000421406 0.132223 0 0.000823871 0.130755
0 0.0017083 0.130351 0 0.00328454 0.136813 0 0.00498914 0.175989 0.0408521
0.00446195 0.179631 0 0.0072849 0.112815 0.037678 0.00328759 0.140389 0.0643113 0.000151235
0.157103 0.100843 -0.00637393 0.18835 0.0990291 -0.0119546 0.204424 0.0292139 0.00312338 0.143884
0.0207432 -0.0112874 0.146146 0.0104964 -0.0102433 0.236445 0.00607234 0.00217959 0.229924 0.0103045
0.00191463 0.158624 0.030569 -0.011411 0.24283 0 0.00815973 0.243433 0 0.00849946
0.236447 0.00291764 0.00297461 0.23553 0.00248593 0.00307322 0.190424 -0.113585 0.00408695 0.20531
-0.0815836 0.00312372 0.0998408 -0.0838221 0.0144228 0.0528585 -0.0613804 0.00932266 0.0751127 -0.109841
0.0107092 0 0 0 0 0 0 0.0791183 0.0456337 0.00960798
0.178598 0.00548837 0.0112903 0.244262 -0.0649035 -0.00259352 0.165939 -0.0673609 0.0100038 0.223036
-0.102962 0.00387671 0.259757 -0.0907102 -0.00316822 0.078785 -0.193096 -0.0236104 0.0567199 -0.211585
-0.0505035 0.103789 0.163336 -0.0155595 0.0822645 0.188634 -0.038442 0 0 0
0.203972 0.119669 -0.00701394 0.196303 0.0577493 -0.00244458 0.209974 0.0771301 -0.00294216 0.178959
0.0852939 0.0045302 0.130396 0.0578136 0.0103175 0 0 0 0.20434 -0.027904
0.0149126 0.0882744 -0.0149546 0.0425803 0.0635462 -0.0210424 0.0450463 0 0 0
0.221499 0.0105798 0.0121414 0.0674422 0.015991 0.053319 0.041947 0.0160086 0.0559107 0.138456
0.0811519 0.0298844 0.107921 0.109685 0.034456 0 0 0 0.219346 0.063701
0.0117925 0.228728 0.0277814 0.0104604 0.214199 0.0399877 0.00583909 0.198844 0.0203406 0.0007767
0.19466 0.0111537 -0.00246327 0.238995 -0.00311888 -0.00187593 0.233528 -0.00152269 -0.000839202 0.199483
0.00228593 -0.00630888 0.203653 6.69721e-05 -0.0073389 0.208682 -0.00163711 -0.00811933 0.239944 -0.00505772
-0.00304436 0 0 0 0.184585 -0.0837472 -0.0120765 0.0543079 -0.0809425 -0.0120871
0.0388184 -0.0885145 -0.0283242 0.11167 0.0756541 -0.0029495 0.116382 0.114409 -0.0114876 0.18709
0.0587276 -0.0129196 0 0 0 0 0 0 0 0
0 0.371194 -0.00632069 0.0126666 0.29653 -0.0223189 0.000746978 0.145247 -0.0112739 -0.00649964
0.146738 -0.0152391 -0.0104753 0.0306503 -0.00313158 -0.00473523 0.289419 0.0189503 0.011261 0.272993
0.00730315 0.0128747 0.268135 0.00836398 0.012096 -0.0136453 0.0373554 0.00989049 0.102245 -0.0358216
-0.0366181 0.188202 -0.0524634 -0.0273229 0.203042 -0.0525432 -0.0156242 0.0691182 0.00903125 -0.00216884
0.270964 -0.0172043 9.8973e-05 0.277081 -0.0196202 -0.00120627 0.264611 -0.0325072 -0.00956085 0.248343
-0.044277 -0.0142499 0.24096 -0.0369287 -0.01218 0.260138 -0.015829 -0.00257995 0.235759 -0.0108238
-7.52887e-05 0.235855 -0.0114937 0.000369049 0.274803 -0.0172514 0.00217029 0.230315 -0.00956659 -0.000802829
0.230333 -0.010317 -0.000470975 0.20926 -0.00657642 -0.00367694 0.212105 -0.00682802 -0.00374552 0.234684
0.00223691 0.003053 0.242143 0 0.00769974 0.161346 0.00160194 -0.00833437 0.233296 0.00187072
0.0029172 0.23394 0.00204132 0.00299225 0.1578 0.00173422 -0.00838184 0.154755 0.00268063 -0.00887663
0.257112 0.0342114 0.0126796 0.197412 0.0387586 0.0127141 0 0 0 0.272897
0.0231773 0.014851 0 0 0 0 0 0 -0.0088392 -0.0698418
0.0322825 -0.0253589 -0.0513415 0.0383034 0 0 0 -0.0372411 -0.0436324 0.0505788
0 0 0 0 0 0 -0.0253555 0.00513504 0.0539232 -0.01943
0.0177715 0.0491184 0 0 0 -0.0169781 0.0227269 0.0451097 0 0
0 0 0 0 -0.0201056 0.0273736 0.0257301 0 0 0
0.267389 -0.0258454 -0.00786611 0.259606 -0.0326342 -0.0121698 0.258131 -0.0458375 -0.0139372 0.075682
0.043934 0.0495477 0.0478011 0.0475204 0.0519069 0.242812 -0.009753 -0.00646233 0.242536 -0.00381992
-0.00954773 0.253103 0.00204402 -0.0135289 0.254906 0.00370275 -0.0142748 0.326424 1.2315e-37 -0.00825924
0.318376 0.00170492 -0.0104577 0.273445 0.00481269 -0.014121 0.284554 0.00507275 -0.0131814 0.277038
0.00531583 -0.0138277 0.325998 0.00186853 -0.00997757 0.33366 4.1313e-38 -0.00805859 0.34005 9.06416e-41
-0.00752088 0.33282 0.00185672 -0.00918733 0.304035 0.00491051 -0.0101504 0.297948 0.00521512 -0.0109662
0.294878 0.00506022 -0.0117745 0.288017 0.0053495 -0.0125621 0.191839 -0.0155584 -0.00832887 0.209444
-0.000920334 -0.0150643 0.24847 0.00302611 -0.0130026 0.240963 0.00262558 -0.0139213 0.273769 0.00379748
-0.00859637 0.268211 0.00370515 -0.00972329 0.255549 0.00332631 -0.0119653 0 0 0
0.0390545 -0.0340114 0.00778544 0.0770206 0.0117038 0.0153163 0.0556812 0.0258369 0.00849658 0
0 0 0 0 0 0.184955 -0.00899455 0.00788515 0.186161 -0.00525201
0.0110767 0.195183 -0.0177333 0.0113594 0.202937 -0.021851 0.0117677 0.214567 -0.0290072 0.0126707
0 0 0 0.243181 -0.0226159 0.0106722 0.226508 -0.0335324 0.0134612 0.24222
-0.039119 0.0145459 0.257665 -0.0401849 0.0153861 0.276327 -0.0435919 0.016316 0.33599 -0.0174765
0.0135038 0.321046 -0.0202713 0.0134402 0 0 0 0 0 0
0.295283 -0.0426163 0.0169642 0.314201 -0.0413472 0.0172511 0.335829 -0.0617417 0.0111958 0.33112
-0.0352624 0.0172846 0.344184 -0.031665 0.0170204 0.362281 -0.0221469 0.0164372 0.368455 -0.0173751
0.0162349 0.371549 -0.0150672 0.0158208 0.34775 -0.0291207 0.00945906 0.34561 -0.0423662 0.0101028
0.347926 -0.014534 0.0134406 0 0 0 0.355074 -0.0253936 0.0168207 0.319318
-0.0803353 0.00337484 0.221735 -0.0478854 -0.00853705 0.128495 -0.0444482 0.00137897 0.0239434 -0.114936
-0.0402042 0.0138596 -0.0967395 -0.0446496 0.00646726 -0.09432 -0.0732175 -0.000977121 -0.0536615 -0.0455138
-0.00435081 -0.0417712 -0.0478205 -0.00472294 -0.0393658 -0.0746894 -0.00935145 -0.0110287 -0.04777 -0.0101773
-0.00172006 -0.0498368 -0.00851316 -0.00186009 -0.076198 -0.00415165 0.0297528 -0.0464769 -0.00196789 0.0409669
-0.0480349 -0.00338057 0.0380991 -0.0753207 0.0184117 0.0853445 -0.0411476 0.0263878 0.103528 -0.0397811
0.0153416 0.10416 -0.0686058 0 0 0 0 0 0 0.130449
0.0175174 -0.00863836 0.137825 0.0234995 -0.0101814 0.0331742 0.00930388 -0.00986768 0.024381 0.00472903
-0.00896139 0.0920443 0.0360407 0.00236436 0.175931 0.0433161 -0.0074662 0.257798 0.0719142 0.00249039
0.269907 0.0584674 0.00825263 0.196144 -0.0507724 0.023744 0.276673 0.0448878 0.0157972 0.212621
0.0102106 0.0123308 0.274545 0.0427374 0.00678079 0.273506 0.0307649 0.00558567 0.109164 -0.0226766
0.035771 0 0 0 0.0851502 -0.048869 0.0387786 0 0 0
0 0 0 0 0 0 0.0698545 0.010143 0.0517012 0
0 0 0 0 0 0.041695 0.00913826 0.0550176 0 0
0 0.0754047 0.0356872 0.0503426 0 0 0 0 0 0
0.0462113 0.0378263 0.0539408 0 0 0 0 0 0 0
0 0 0.271026 -0.00681 0.0031924 0.274246 -0.00919103 0.00244788 0.246111 -0.00639345
-0.0036186 0.248398 -0.00832684 -0.0046696 0.255145 -0.0103915 -0.00515037 0.276807 -0.0123785 0.00156659
0.200596 -0.136887 -0.0140145 0.228109 -0.0143572 -0.00403699 0.104982 -0.0169019 -0.00452779 0.0929347
-0.00772179 -0.00480106 0.0895935 -0.0118605 -0.00402407 0.22272 -0.0102644 -0.0039245 0.218562 -0.00811483
-0.00385713 0.0842763 -0.000950752 -0.0052164 0.0754742 -0.00184759 -0.00489853 0.0858373 -0.00330157 -0.00520512
0.0798455 -0.0053869 -0.00491086 0.0809994 -0.102206 -0.00775592 0 0 0 0
0 0 0 0 0 0 0 0 0 0
0 0.0278775 -0.0152047 -0.0176406 0.0271097 0.00348023 -0.018013 0.015591 0.00495394 -0.037022
0.0728721 0.0660447 -0.00700165 0 0 0 0 0 0 0.0585778
0.0937709 -0.0197468 0 0 0 0 0 0 0.145411 0.00492503
-0.00924354 0.139332 0.00890128 -0.0101462 0 0 0 0 0 0
0.142885 0.00394092 -0.00899084 0 0 0 0 0 0 0.150352
0.00219587 -0.00847258 0 0 0 0.140105 0.00539788 -0.00933063 0.214329 0
0.00784487 0.238586 0 0.00797394 0.237206 0.00388587 0.00265882 0.243051 0 0.00831686
0.243657 0 0.00855738 0.147235 0.00301555 -0.00867073 0 0 0 0.135232
-0.13673 0.00866385 0 0 0 0 0 0 0 0
0 0 0 0 0 0 0 0 0 0
0 0 0 0 0 0 0 0 0 0
0 0 0 0 0 0 0 0 0 0
0 0.19627 0.00569732 -0.00478767 0 0 0 0 0 0
0 0 0 0 0 0 0.214495 -0.00318384 -0.00879076 0
0 0 0.221039 -0.00480897 -0.00946352 0 0 0 0 0
0 0.228653 -0.0069361 -0.0101804 0 0 0 0.063888 -0.131359 -0.0216178
0 0 0 0 0 0 0 0 0 0
0 0 0.345607 -3.87086e-38 -0.00687611 0.338791 0.00175645 -0.00830068 0.3119 0.00465714
-0.00856174 0.306581 0.00498067 -0.00928393 0.350423 -8.82874e-38 -0.00620825 0.343968 0.00158271 -0.00742609
0.318574 0.00430586 -0.00718762 0.313924 0.00465462 -0.00775612 0.278841 0.00383605 -0.00751977 0.346348
-0.0200472 0.00904324 0.374698 -0.0116149 0.015584 0.375076 -0.0100351 0.0150638 0.373238 -0.00302478
0.0112026 0.373436 -0.00393531 0.0118255 0 0 0 0 0 0
0.376297 -0.00749588 0.0146535 0.375006 -0.00640858 0.0139109 0.342962 -0.0137049 0.00849183 0.288105
-0.0144388 0.000808518 0.126464 -0.00612394 -0.00399977 0.127085 -0.00366464 -0.00262823 0.0246033 0.00280324
0.00261423 0.0269354 0.00202675 0.00263431 0.020162 0.002126 -0.00746592 0.112849 0.0112459 -0.00807119
0.097302 0.000458712 -0.00758886 0.0962885 0.00297188 -0.0075994 0.0170124 -0.0014709 -0.00513346 0.0166004
-0.00235362 -0.00497098 0.270031 0.0221727 0.00458268 0.262581 0.0155539 0.00341814 0.285933 0.0128562
0.00946433 0 0 0 0 0 0 0.127404 -0.0380956 -0.0346808
0.192173 -0.049195 -0.0249875 0.259038 -0.0135352 -0.00622956 0.265843 -0.0179727 -0.00665207 0.27844
-0.0169942 0.000319783 0.21514 -0.00722442 -0.00380722 0.0877562 -0.000382869 -0.00558833 0.0771202 -0.000432459
-0.0051722 0.0934346 -0.000577551 -0.00590208 0.0826452 -0.000299171 -0.00560799 0.206665 -0.00611179 -0.00361776
0.0992483 -0.000905323 -0.00600529 0.0891935 -0.000596448 -0.00586754 0.104572 -0.0010551 -0.00606274 0.0953551
-0.000824198 -0.00595239 0 0 0 0 0 0 0 0
0 0 0 0 0.146679 0.00327454 -0.00891977 0.150783 0.00293327 -0.00890352
0 0 0 0 0 0 0 0 0 0
0 0 0.158451 0.00244131 -0.00883378 0 0 0 0 0
0 0.164604 0.00146863 -0.00827195 0.154056 0.00188373 -0.00841987 0.24152 0 0.0072465
0.232727 0.00171192 0.00282904 0.240968 0 0.006837 0.240444 0 0.00646409 0
0 0 0.0749672 -0.0237052 0.0205139 0 0 0 -0.0330518 -0.0110153
0.0516556 0 0 0 -0.0138165 0.0308646 0.0339278 0 0 0
0 0 0 0.237975 -0.0100928 -0.0108724 0.250688 -0.0155096 -0.01139 0
0 0 0 0 0 0.348466 0.00134838 -0.00664067 0.354609 -6.58038e-38
-0.00558129 0.358296 5.10903e-38 -0.00498028 0.361559 1.25926e-37 -0.00437954 0.355927 0.000761596 -0.00526999
0.352424 0.0010692 -0.00593429 0.364434 9.04471e-38 -0.00377058 0.366934 2.52721e-38 -0.00317644 0.361714
0.000110885 -0.00402428 0.359018 0.000438302 -0.00462808 0.369099 -5.35519e-39 -0.00265029 0.370959 -1.07896e-38
-0.00219583 0.366133 -0.000459822 -0.00310166 0.364067 -0.000201554 -0.00351059 0.33015 0.00327676 -0.00476431
0.306322 0.00302016 -0.00223273 0.303784 0.003172 -0.00261248 0.329207 0.00340661 -0.00524009 0.337739
0.00223591 -0.00366445 0.314709 0.00236639 -0.00116067 0.312854 0.00253679 -0.00137239 0.337273 0.00239191
-0.00400316 0.343457 0.00121853 -0.00312517 0.320812 0.00170635 -0.000741827 0.319438 0.00186564 -0.000779397
0.343347 0.00136108 -0.0032836 0 0 0 0.372491 -0.00226222 0.0104591 0.367268
-0.000519035 0.0076568 0.368731 -0.000786008 0.00819144 0 0 0 0 0
0 0 0 0 0 0 0 0.3605 -0.000165047 0.00713713
0.362368 -0.00018051 0.00708009 0 0 0 0 0 0 0.352235
-0.000309584 0.00704868 0.354306 -0.000248624 0.00722631 0.338689 -0.00933855 0.00771426 0.280163 -0.00925278
0.00101712 0.330039 -0.00499854 0.00665169 0.266058 -0.00430213 0.00136413 0.272791 -0.00599506 0.00117541
0.334303 -0.00654249 0.00699893 0.321274 -0.00431697 0.00700468 0.253949 -0.00403937 0.00207269 0.259849
-0.00381701 0.0016754 0.325749 -0.00438013 0.00672588 0.312402 -0.00469414 0.00694915 0.243187 -0.00496528
0.00269215 0.2483 -0.00449096 0.00244296 0.316704 -0.00446006 0.00713833 0.109911 -0.000489191 -0.00232988
0.0223351 0.00275929 0.00127212 0.0975722 0.00285457 -0.0027688 0.0261095 0.00173212 -0.00132638 0.0233988
0.00183469 -0.00164391 0.10763 0.00197103 -0.00293922 0.0990228 0.00147353 -0.000654191 0.0395263 0.000339842
0.000639626 0.0362144 0.00106677 0.00031087 0.106906 0.00173925 -0.00118641 0.102144 -0.00146742 0.000516533
0.0543816 -0.00209322 -0.000484621 0.0503713 -0.00167469 0.00018738 0.108355 -0.00104454 0.00047007 0.0902343
-0.00771025 -0.00363252 0.0990384 -0.00844398 -0.00274831 0.199607 -0.00482993 -0.00119549 0.205607 0.000982808
-0.00155262 0.0935382 -0.00652276 -0.00457887 0.107121 -0.0104338 -0.000360625 0.116304 -0.0115905 0.000168019
0.195412 -0.0166519 0.000568617 0.196186 -0.0106863 -0.000511157 0.106792 -0.00990364 -0.00116058 0.203177
0.0194762 0.00290035 0.199156 0.0315405 0.00248882 0.250162 0.0103748 0.00195065 0.244986 0.00452556
0.00234304 0.197334 -0.00155862 0.0047982 0.236215 -0.00167141 0.00222011 0.232797 -0.00935654 0.0034892
0.227336 -0.0166529 0.00414178 0.225618 -0.023986 0.00592421 0.19108 -0.0171262 0.00610156 0.134094
0.0354254 -0.00435418 0.130222 -0.000833989 -0.00707207 0.0842224 0.0244516 -0.0110029 0.135961 0.032956
-0.0047744 0.141735 -0.0170205 -0.00390759 0.0533057 0.017597 -0.00138097 0.0163443 0.00589171 0.00529915
0.127255 -0.0188128 -0.0187028 0.070078 -0.00543454 -0.0243348 0.0556451 0.0122389 -0.0132847 0.147256
-0.0254538 -0.0116406 0.0292768 0.00246152 -0.00733096 0.0575803 -0.0107242 -0.0262777 0.171622 -0.0314796
-0.0175044 0.0854354 -0.0215591 -0.0349302 0.182714 -0.0283822 -0.0113275 0.228442 -0.0259516 -0.00899488
0.226942 -0.021062 -0.00644467 0.252451 -0.013514 -0.00273622 0.247049 -0.0102036 -0.00258451 0.225956
-0.00676205 -0.00137923 0.225286 -0.00798733 -0.00110158 0.223055 -0.00268807 -0.00200325 0.221852 -0.00441971
-0.00168249 0.204489 -0.00537879 -0.00358925 0.201851 -0.00272678 -0.00369401 0.202857 -0.00429054 -0.00360955
0.219389 0.00052956 -0.00256857 0.202496 0.00255355 -0.00426164 0.20143 -0.000441349 -0.00388395 0.112179
-0.000232469 -0.00727825 0 0 0 0 0 0 0.11461 -0.000685469
-0.00681477 0.130148 0.00261646 -0.0097593 0 0 0 0 0 0
0.128512 0.00146807 -0.00886488 0.161814 0.00222374 -0.00876882 0.167571 0.00134799 -0.00819933 0.23221
0.00154226 0.00272173 0.167803 0.00184436 -0.00867723 0.173008 0.00107088 -0.00818267 0.231268 0.000933882
0.00238324 0.23173 0.0013162 0.00258133 0.170326 0.00122927 -0.0081465 0.174674 0.00086243 -0.00904878
0.181179 0.000103343 -0.00848243 0.231196 -0.000522289 0.00175998 0.230794 0.000203296 0.00210421 0.176092
0.000699212 -0.00837951 0 0 0 0 0 0 0.324269 0.00387729
-0.00609173 0.320147 0.00423942 -0.00649786 0.325494 0.0037765 -0.00552864 0.333515 0.00290588 -0.00455742
0.334211 0.00276368 -0.00415742 0.340522 0.0018681 -0.00356804 0.340781 0.00171514 -0.00331628 0.345857
0.000899039 -0.00316762 0.301056 0.00331558 -0.0030501 0.298104 0.00344822 -0.00355646 0.310848 0.00270272
-0.00162058 0.317981 0.00202952 -0.000863077 0.373107 -0.00384413 0.0123665 0.371406 -0.00164636 0.00966005
0.37012 -0.0011558 0.00887947 0.372934 -0.00252794 0.0116281 0.375181 -0.00453582 0.0132425 0.370601
-0.00218676 0.0108976 0 0 0 0.364106 -0.000235496 0.0071187 0.370385 -0.00133424
0.0103581 0.367908 -0.0012783 0.00997148 0.367617 -0.000770912 0.00974267 0.364921 -0.000903738 0.00967084
0 0 0 0.356425 -0.00020454 0.00727427 0.364449 -0.000604974 0.0096631 0.361493
-0.000837061 0.00971133 0.360827 -0.000642184 0.00969424 0.35773 -0.000917008 0.00960562 0.357061 -0.000782753
0.00937145 0.354132 -0.00112293 0.00905772 0.113722 0.000311659 -0.0026324 0.100181 0.00207739 -0.00298848
0.106542 0.00234523 -0.00223825 0.0980764 0.0026035 -0.00177094 0.107388 0.000418528 -0.000127735 0.100253
-7.45377e-05 0.00029171 0.110123 -0.00220043 0.000359399 0.0216767 0.00212394 -0.00135384 0.0212454 0.00245623
-0.000295188 0.0327094 0.00148334 -0.00015107 0.0465432 -0.00113191 0.000623019 0.0175917 -0.00272588 -0.00459274
0.0859925 -0.00251988 -0.0075276 0.0917192 -0.00372534 -0.0065688 0.0207086 -0.00313397 -0.00354716 0.0253665
-0.00378941 -0.00234339 0.0854582 -0.00550189 -0.00564248 0.0313264 -0.0046357 -0.00126042 0.0380406 -0.00520886
-0.000276218 0.0977617 -0.00899701 -0.00179439 0.0513686 -0.00551262 0.00157594 0.058293 -0.00588078 0.00217211
0.0654242 -0.00634716 0.00266656 0.127619 -0.013698 0.00164152 0.118073 -0.0120683 0.00099144 0.0802787
-0.00736323 0.00368457 0.0881348 -0.00801214 0.00429186 0.0963575 -0.00877916 0.00500878 0.130861 -0.0144323
0.00262737 0.109549 -0.000992177 -0.00629284 0.100986 -0.000852473 -0.00611271 0.106413 -0.000690671 -0.00652559
0.120396 2.90262e-05 -0.00767638 0.119312 0.000743399 -0.00838522 0.141977 0.00367289 -0.0100943 0
0 0 0 0 0 0 0 0 0.164899 0.0020302
-0.00870053 0 0 0 0 0 0 0 0 0
0.170827 0.00157415 -0.00877404 0 0 0 0.239908 0 0.0061137 0.239313
0 0.00577301 0.238559 0 0.00543294 0.237408 0 0.00508342 0.235619 0
0.00464501 0 0 0 0.196364 -0.0268393 -0.00503823 0 0 0
0 0 0 0.202718 -0.00268978 -0.0143213 0 0 0 0
0 0 0 0 0 0.233091 0.00208176 -0.0146594 0 0
0 0 0 0 0 0 0 0 0 0
0.179266 -0.00378592 0.00791914 0 0 0 0.225145 -0.0208271 0.00974432 0
0 0 0.303011 -0.0227862 0.0131418 0.356959 -0.0119796 0.0133144 0 0
0 0 0 0 0 0 0 0.0847163 -0.0276481 -0.0104492
0 0 0 0 0 0 0.0123072 -0.11426 -0.0714089 0
0 0 0 0 0 0 0 0 -0.00311029 -0.0509852
-0.0745652 0 0 0 0 0 0 0 0 0
-0.00810109 -0.0103887 -0.0759188 0 0 0 0 0 0 0
0 0 -0.00499087 0.0268858 -0.075252 0 0 0 0 0
0 0 0 0 0.00911791 0.0837079 -0.0716323 0 0 0
0.241104 0.0315879 -0.000634814 0.251524 0.0482107 0.000929596 0.161686 0.0339758 -0.00968131 0
0 0 0 0 0 0.0150706 -0.0142493 -0.0383139 0 0
0 0 0 0 0.372844 -0.00502993 0.0123101 0 0 0
0.0287411 0.000172478 0.000331572 0 0 0 0.231225 0.0200995 -0.00153776 0.111319
0.00765853 -0.00743952 0.222118 0.0121187 -0.00174901 0 0 0 0 0
0 0 0 0 0 0 0 0 0 0
0 0 0 0 0 0 0 0 0 0.262128
0.00354771 -0.0108592 0 0 0 0 0 0 0 0
0 0.0466958 -0.0105415 0.00796473 0 0 0 0 0 0
0 0 0 0 0 0 0 0 0 0
0 0 0 0 0 0 0 0 0.0541997 0.0191703
-0.00648368 0 0 0 0 0 0 0 0 0
0 0 0 0 0 0 0 0 0 0
0 0 0.283441 0.00382367 -0.00652255 0 0 0 0.28763 0.00376977
-0.00562526 0.291432 0.00368204 -0.0048356 0 0 0 0 0 0
0 0 0 0 0 0 0 0 0 0.018301
9.14119e-05 -0.00603131 0 0 0 0 0 0 0 0
0 0 0 0 0 0 0 0 0 0
0 0 0 0.294915 0.00357223 -0.0041486 0 0 0 0
0 0 0.308669 0.00286326 -0.00190417 0 0 0 0 0
0 0 0 0 0.316407 0.00219688 -0.000989903 0 0 0
0 0 0 0 0 0 0.322095 0.00155807 -0.000754862 0
0 0 0 0 0 0 0 0 0 0
0 0 0 0 0.365735 -0.000341796 0.00730244 0 0 0
0.358513 -0.000175978 0.00722641 0 0 0 0.35032 -0.000400827 0.00675398 0
0 0 0 0 0 0.029246 0.00163226 -0.000742371 0 0
0 0 0 0 0 0 0 0.0429971 -0.000446208 0.000781559
0 0 0 0 0 0 0 0 0 0.0586226
-0.00238789 -0.00134441 0 0 0 0 0 0 0 0
0 0.213486 0.00646729 -0.00170743 0.19688 -0.0225723 0.00208395 0 0 0
0 0 0 0 0 0 0 0 0 0
0 0 0 0 0 0 0 0 0 0
0 0 0 0 0 0 0 0 0 0
0 0 0 0 0 0 0 0 0 0
0 0 0.0446422 -0.0053367 0.000737826 0 0 0 0 0
0 0 0 0 0 0 0 0.07275 -0.00682998 0.00315718
0 0 0 0 0 0 0 0 0 0
0 0 0.105063 -0.0096614 0.00587723 0.140925 -0.0165327 0.00355383 0 0
0 0 0 0 0 0 0 0.200096 -0.0285958 0.00407473
0.222638 -0.0310609 0.0071043 0.220573 -0.0391596 0.00968941 0.185309 -0.0327766 0.00722047 0.150303
-0.0312379 -0.00200333 0.158887 -0.032464 -0.00692223 0.186517 -0.0281264 -0.00645735 0.222784 -0.0173256
-0.00383207 0.241166 -0.00674226 -0.00214359 0.219586 0.00408432 -0.00324877 0.161161 0.0133035 -0.0113294
0 0 0 0 0 0 0.149542 0.00484466 -0.0108152 0.1832
0.000562543 -0.00848952 0 0 0 0 0 0 0.190745 -0.00710861
-0.00801964 0.372514 -9.88561e-39 -0.00185456 0.367989 -0.000588766 -0.00281659 0.34815 0.000557181 -0.0032767
0.345867 0.000795991 -0.00313349 0.353758 -0.00110161 0.00862549 0.351256 -0.0016304 0.00821002 0.308582
-0.00521402 0.00653781 0.238756 -0.00557171 0.00282933 0.105012 -0.00252394 9.69236e-05 0.11301 -0.00327941
-0.000122742 0.0677789 -0.00296897 -0.00316505 0.0630766 -0.00264304 -0.00226797 0.145663 -0.017502 0.00482038
0.114256 -0.0106906 0.00691244 0.124323 -0.0121224 0.00816573 0.156528 -0.0205696 0.00617268 0.203681
0.00685911 -0.00468796 0 0 0 0.231156 -0.00177036 0.00120872 0.232864 0
0.00390861 0.204423 -0.0357734 0.00673655 0.323322 0.00142895 -0.000831751 0 0 0
0 0 0 0.34864 -0.000535603 0.00637653 0 0 0 0
0 0 0 0 0 0 0 0 0.373679 2.37088e-34
-0.00166169 0.369782 -0.000498834 -0.00266317 0.348156 0.000550477 -0.00343001 0.325758 0.00133764 -0.00125617
0.324496 0.00134646 -0.000987237 0 0 0 0 0 0 0.346304
-0.00108906 0.00553619 0.347277 -0.000750583 0.00596103 0.304958 -0.00653223 0.00603782 0.234454 -0.00673932
0.00289865 0.108915 -0.00382995 -0.000570177 0.0726258 -0.00338169 -0.00416773 0.163305 -0.0224389 0.00788661
0.174986 -0.0269013 0.00996216 0.209321 -0.0449494 0.0104237 0.214941 0.0102082 -0.00427055 0.201125
0.0125006 -0.00515091 0.160387 0.0232387 -0.0129529 0.112247 0.0249597 -0.00734586 -0.0173513 -0.0307281
0.0114544 -0.0222274 -0.0179585 0.0113883 0 0 0 0 0 0
-0.0206489 0.0329073 0.0180241 -0.00180193 0.0372212 0.0162623 0 0 0 0
0 0 0.187807 -0.0162938 -0.00930603 0.184316 -0.0177668 -0.0072075 0.226638 -0.00482771
0.000432967 0.350612 0.000435713 -0.00372959 0.351366 -0.0018827 0.00772202 0.349406 -0.00291951 0.00731155
0.115867 -0.00495872 -0.0010324 0.135377 -0.0138926 0.00968055 0.00181637 -0.0322646 0.00980159 0
0 0 -0.0261015 0.0189576 0.0164433 0 0 0 0.126944 -0.0190294
-0.00236841 0 0 0 0 0 0 0 0 0
0.218215 -0.0486744 0.0123159 0.15913 0.0248389 -0.0112604 0.0428775 -0.00501303 0.00362764 0
0 0 0.108975 0.0312992 -0.00800995 0.0536308 0.0203927 0.000825391 -0.0236141 -0.000558703
0.0148056 0 0 0 -0.0196363 -0.014992 0.0101222 -0.0348231 -0.0142534 0.0105017
-0.0376717 0.00109447 0.0130299 0.0414673 0.0117635 0.0100366 0 0 0 -0.0235228
0.0169109 0.0161964 0.0069477 0.00765665 0.0145346 0.0510276 -0.0143948 0.00730013 0.228919 0
0.00300063 0 0 0 0.147627 -0.0162282 0.0116058 0 0 0
0.0124565 -0.00289383 0.00770147 -0.0383636 0.017132 0.0145821 0.12163 -0.0261994 -0.0029487 0.374329
6.21905e-34 -0.00161698 0.374307 4.27226e-32 -0.00167145 0.372711 0.00115494 -0.00281521 0.371808 -0.000425335
-0.00268078 0.301362 0.0171491 -0.00533121 0.318521 0.0257019 -0.00770024 0.342975 0.0183143 -0.00552994
0.369014 0.000532712 -0.00305029 0.368881 1.07717e-31 -0.00221017 0.34814 -5.20943e-30 -0.00254024 0.277294
-0.000115216 0.000427711 0.340016 -8.5017e-30 -0.000229261 0.284326 -0.0177279 0.00450304 0.343715 -4.94754e-30
0.00286758 0.297513 -0.0341712 0.00427191 0.360408 -5.89868e-30 0.0042066 0.315672 -0.0239625 -0.00209144
0.300598 -0.0362565 0.00053298 0.381065 -6.16484e-30 0.00325437 0.323293 -0.0128184 -0.00277672 0.31235
-0.0194852 -0.00372913 0.39282 -3.42486e-30 0.00329361 0.329044 -0.0110889 -0.00108523 0.319274 -0.014146
-0.00248891 0.395496 -1.06661e-30 0.00468968 0.332729 -0.0110584 -0.000488169 0.32387 -0.013527 -0.00114143
0.39444 -2.32365e-31 0.00577659 0.336747 -0.0109892 -0.000770592 0.328091 -0.0134055 -0.00122847 0.392987
-4.30964e-32 0.00618577 0.340958 -0.0106022 -0.000816663 0.332912 -0.0129943 -0.00156142 0.391818 -7.60504e-33
0.00649395 0.390456 -1.35021e-33 0.00701584 0.344523 -0.00998438 -0.000293007 0.337444 -0.0123137 -0.00133666
0.353855 0.00103152 -0.00484259 0.336119 0.00393966 -0.003769 0.331839 0.00240434 -0.0028743 0.353376
0.00047639 -0.0044352 0.19407 0.0465868 -0.00849541 0.147921 0.0459515 0.00744248 0.17013 -0.01361
0.000343783 0.0927655 0.00121042 -0.00987094 0.200206 0.0435635 -0.00803825 0.165821 -0.0453607 0.00800207
0.255761 -0.0351697 0.00670247 0.202935 -0.139248 0.0133062 0.156699 -0.0802488 0.0132515 0.273401
-0.0271304 0.00244401 0.289301 -0.00892605 -0.00758323 0.286527 -0.0153437 -0.00383743 0.294319 -0.00582427
-0.00887636 0.291409 -0.0061341 -0.0088578 0.300004 -0.00709801 -0.00864844 0.297225 -0.0063822 -0.00860853
0.30617 -0.00817928 -0.00953378 0.302946 -0.00773141 -0.00900719 0.313178 -0.00868799 -0.0102275 0.309652
-0.00851122 -0.00996894 0.319692 -0.00879945 -0.0100593 0.316582 -0.00879801 -0.0102361 0.0351029 0.00486169
-0.00754464 0.0469844 -0.058019 -0.00870363 -0.000171972 -0.0324406 0.0100663 -0.0676161 -0.022582 0.0144164
-0.034208 -0.00596851 0.016012 0.193693 -0.0362884 0.00408018 0.202861 -0.0530695 -0.00517274 0.0844102
-0.0548965 -0.0123974 0.134874 -0.0630086 0.0103671 0.17705 -0.0468117 0.015719 0.124875 -0.0908254
0.0171945 0.233624 -0.137291 0.00792343 0 0 0 0.149684 -0.191519 0.0108008
0.163618 -0.0294235 -0.00461143 0.154112 -0.0210966 -0.008714 0 0 0 0
0 0 0.178635 -0.00643094 -0.0142091 0 0 0 0 0
0 0.178589 -0.00668981 -0.0141414 0.205028 -0.00465123 -0.0097353 0 0 0
0 0 0 0.205915 -0.00397897 -0.0110876 0.221714 -0.00358903 -0.00654195 0
0 0 0 0 0 0.223724 -0.00329321 -0.00776407 0.232924 -0.00234921
-0.00390063 0 0 0 0 0 0 0.235815 -0.00226695 -0.00541022
0.239115 -0.00125893 -0.00133826 0 0 0 0 0 0 0.243198
-0.00133814 -0.00296037 0.247655 -0.000298824 -0.00107579 0.24372 -5.50956e-06 0.000406875 0 0
0 0 0 0 0 0 0 0 0 0
0.352183 -0.00815909 0.00551752 0.347788 -0.00458579 0.00476314 0.231674 -0.0656517 0.0080589 0.197628
-0.060773 -0.00470839 0.310092 -0.0418881 0.00256768 0.336069 -0.0352453 0.00709249 0.347867 -0.048426
0.00862824 0.222944 -0.0139013 0.00785038 0.259939 -0.0250114 0.00303599 0.2965 -0.0389848 0.00245942
0.215295 -0.0248079 0.0206967 0.17918 0.00305564 0.0194323 0.157141 -0.0635179 0.0254391 0.176187
-0.0454951 0.0275546 0.177813 -0.0225187 0.0269687 0 0 0 0 0
0 0.0829169 -0.0624069 0.0156815 0.0725673 -0.102875 0.0141623 0.296849 -0.0155324 0.00463388
0.229104 -0.0127613 0.00285338 0.231327 -0.00942438 0.00300914 0.300979 -0.00979489 0.00546433 0.150935
-0.00893768 -0.0119512 0.137962 -0.0149645 -0.0199348 0.142753 -0.0165078 -0.0145259 0.225462 -0.0161741
0.00253343 0.289221 -0.0226628 0.00375307 0.280811 -0.0280816 0.00260355 0.140795 0.011193 0.0031275
0.135912 0.0283858 0.0193608 0.11137 0.0425399 0.0167186 0.143177 0.0222822 0.0263483 0.105957
0.041246 0.0245662 0.102733 0.0476961 0.0238174 0 0 0 0 0
0 0.0453371 0.095595 0.012523 0.0649717 0.0726696 0.0158427 0.117099 -0.0104834 -0.00549334
0.0911283 -0.00645554 -0.0131554 0.0865581 -0.00527347 -0.00980379 0.118868 -0.00812452 -0.00308796 0.0847977
-0.0123775 -0.0142432 0.0601522 -0.0115173 -0.0228108 0.0733438 0.0177848 0.00269318 0.0553412 -0.0168548
0.0019731 0.0922319 -0.00598518 -0.00998179 0.0808941 0.0574237 0.0144369 0.0638102 0.0587008 0.0148117
0.0871272 0.0739456 0.024798 0.0683689 0.085538 0.0240982 0.0623899 0.0867533 0.0216271 0
0 0 0 0 0 0.0299977 0.142871 0.00992711 0.0360067 0.132559
0.0103436 0.0423312 -0.0250385 -0.000924786 0.0281122 -0.0395764 0.00350248 0.0198741 -0.037504 -0.0145256
0.0178478 -0.0358785 -0.0169685 0.0253243 -0.0315598 -0.0175635 0.0219494 0.00521835 0.0068614 0.0194308
-0.0395133 0.00780989 0.0360179 -0.0328566 0.0049653 0.0455994 0.0625384 0.0173646 0.0247353 0.0556141
0.0166666 0.0504623 0.0966035 0.0214107 0.0404525 0.102334 0.0237449 0.0350297 0.100739 0.0235295
0 0 0 0 0 0 0.0185153 0.160039 0.0101428 0.0217961
0.156696 0.00899177 0.0156631 -0.0453468 0.00877906 -0.00412225 -0.0508962 0.0131562 0.00793327 -0.0348041
0.00339538 0.0130753 -0.0387182 -0.00286736 0.01694 -0.0405745 -0.0071596 -0.0430934 -0.000296503 0.0093876
-0.0341269 -0.051828 0.0175685 -0.00365104 -0.052853 0.0107965 -0.00441552 0.0472985 0.0232379 -0.0539746
0.0335828 0.0328991 0.021234 0.100838 0.0249897 0.0100541 0.101259 0.0282646 -0.00310459 0.0914453
0.0341165 0 0 0 0 0 0 0.00661907 0.153305 0.0182571
0.0105073 0.157915 0.0146981 -0.0314268 -0.0524833 0.0199712 -0.0457482 -0.0575427 0.0290332 -0.0309042
-0.00333514 0.0138806 -0.0296359 -0.013979 0.0146317 -0.0178839 -0.0242907 0.0136384 -0.0493932 0.0203879
0.00572631 -0.0328921 0.0108553 0.0157393 -0.0217499 -0.0667634 0.0365026 -0.0481672 -0.0630986 0.0300456
-0.0903546 0.00861409 0.0312195 -0.0482941 -0.00185442 -9.84095e-06 -0.0471618 0.0196273 -0.00260666 -0.0406071
0.0666537 0.0490541 -0.076618 0.00305624 0.0451698 0 0 0 0 0
0 -0.0329806 0.0715724 0.0650267 -0.0150404 0.108843 0.0437944 -0.0267656 -0.0744698 0.0347419
0.00647414 -0.0936559 0.0363003 0.0085781 0.0484643 -0.00746934 -0.00223694 0.0429794 -0.00356381 -0.0179946
0.02401 0.00624776 -0.00472179 0.00305815 0.0209727 0.00735297 -0.0850326 0.0423591 -0.0112251 0.0144177
-0.00558723 -0.0148612 0.0211786 0.00601567 -0.038465 -0.0378346 0.0118348 0.0153286 -0.0541359 -0.0111204
0.00522733 -0.00552996 -0.0160057 0.0293694 -0.0626616 0.0414738 0.042539 -0.0645407 0.046989 0.0850136
-0.10373 0.00413599 0.0454938 -0.095463 0.00121166 0.0114117 -0.0604892 0.0313531 0.0896245 -0.0709856
0.0581896 0.108843 -0.0774681 0.0593443 0.144861 -0.134529 0.0114957 0.11481 -0.117421 0.00659684
0.073797 -0.0669659 0.0529253 0.168024 -0.0853895 0.0652933 0.193168 -0.0916243 0.0615128 0.212239
-0.163083 0.0146614 0.175038 -0.147757 0.0153606 0.147687 -0.0847965 0.0628154 0.271274 -0.0877839
0.0558368 0.294448 -0.0830668 0.0499582 0.30018 -0.137938 0.007961 0.25816 -0.16609 0.0116139
0.245194 -0.0936423 0.0566214 0.338114 -0.0510557 0.0420946 0.343373 -0.0445534 0.0375771 0.323216
-0.0597023 0.00597187 0.320202 -0.0930638 0.00582509 0.327518 -0.0630018 0.0430321 0.349061 -0.0258791
0.032963 0.346613 -0.023092 0.0298268 0.311983 -0.0294914 0.00666417 0.31854 -0.0408489 0.00629808
0.347919 -0.031594 0.0333032 0.341719 -0.0147601 0.0263548 0.337744 -0.0134537 0.0238423 0.299851
-0.0173518 0.00643123 0.305426 -0.0221818 0.0067718 0.342623 -0.017423 0.0267432 0.036736 -0.110819
0.0405375 0.065243 -0.144301 0.0527658 0.0341916 0.033675 0.00863488 0.0233124 0.0543348 -0.00441523
0.0222297 0.0529564 -0.00766276 0.0252069 -0.0430737 0.035531 0.00456193 -0.0449645 0.0362862 0.0269232
-0.111247 0.0435877 0.027533 -0.107945 0.0453846 0.00647003 0.0195412 0.00842281 0.0103068 0.0183247
0.00455594 0.0179187 0.0138471 0.0105473 0.00659228 0.0152901 0.0131296 0.0420009 -0.0115355 -0.0123901
0.047528 -0.0207543 -0.0201124 0.054322 -0.0157396 -0.00919408 0.0486726 -0.00807115 8.51469e-06 0.052024
-0.143802 0.00431934 0.109278 -0.135606 -0.00896503 0.120758 -0.161329 -0.0171208 0.0574018 -0.178451
0.0140761 0.0443169 -0.168575 0.0129093 0.177708 -0.214435 -0.0122456 0.158681 -0.215196 -0.014803
0.139395 -0.184944 -0.0254905 0.136272 -0.169426 -0.0212493 0.13269 -0.148465 -0.0107802 0.159028
-0.163803 -0.00529842 0.1834 -0.186547 -0.00432814 0.186604 -0.241056 -0.0126373 0.208193 -0.212012
-0.00602833 0.190955 -0.236048 0.0144605 0.262317 -0.314443 -0.0153834 0.230838 -0.304997 -0.023071
0.253318 -0.210468 -0.0102558 0.293329 -0.162426 -0.0178043 0.29756 -0.100253 -0.0238799 0.283866
-0.0542116 -0.023978 0.0263129 0.0197269 -0.0205774 -0.00229519 0.0225194 -0.00637586 0.00758524 0.0165225
0.000548178 0.269936 -0.0303514 -0.0229914 0.265716 -0.0194323 -0.0222887 0.10582 0.016883 -0.0194268
0.0790148 0.0219907 -0.0185671 0.0701463 0.0212447 -0.021433 0.265022 -0.0143677 -0.0215613 0.265958
-0.0119619 -0.0211223 0.150528 0.00961372 -0.0185709 0.132968 0.0121812 -0.0167535 0.130906 0.0123861
-0.0187723 0.0816591 -0.0448348 0.026159 0.100824 -0.173841 0.0633831 0.119375 -0.183744 0.0687065
0.14113 -0.175836 0.069332 0.16305 -0.127877 0.0376312 0.126763 -0.0971781 0.0322646 0.062827
-0.213538 0.0204605 0.124387 -0.178819 -0.0223969 0.129686 -0.191057 -0.0269152 0.0646459 -0.228467
0.0222439 0.0573353 -0.225133 0.0258106 0.150822 -0.202494 -0.0155799 0.173651 -0.189653 -0.0183749
0.152268 -0.203524 -0.0328959 0.13875 -0.193587 -0.0296192 0.146753 -0.239837 -0.0134989 0.12521
-0.20411 -0.0126979 0 0 0 0 0 0 0.0619421 -0.259261
-0.0469764 0.0987166 -0.316881 -0.0414862 0.211324 -0.0487133 0.0194123 0.219291 -0.0689387 0.0236027
0.210797 -0.0810174 0.0240988 0.212891 -0.0588747 0.0159631 0.197379 -0.0394737 0.015848 0.152224
-0.150801 0.0717414 0.145582 -0.140134 0.0737367 0.144635 -0.130053 0.0710831 0.191414 -0.106804
0.0386136 0.202904 -0.119394 0.0387628 0.0715627 -0.239268 0.020579 0.139022 -0.201727 -0.0319698
0.146704 -0.213794 -0.037233 0.0783317 -0.248894 0.0174566 0.0698124 -0.247309 0.0237684 0.211998
-0.187589 -0.0213151 0.234604 -0.208596 -0.0279406 0.167387 -0.230212 -0.0414348 0.159568 -0.21401
-0.0375257 0.16116 -0.16448 -0.0113279 0.224175 -0.15908 -0.0146726 0 0 0
0 0 0 0.191229 0.00267827 -0.0150303 0.112628 -0.0633934 -0.0309162 0.173501
-0.0534228 0.0121543 0.211874 -0.0616943 0.0173526 0.162728 -0.0874477 0.0375834 0.144743 -0.0769209
0.0306044 0.203817 -0.0786594 0.0238151 0.17916 -0.0960816 0.0374374 0.138622 -0.113564 0.0667126
0.133462 -0.106859 0.0651316 0.132005 -0.100225 0.0614464 0.0834203 -0.256647 0.0134971 0.150508
-0.226073 -0.0423334 0.148511 -0.237144 -0.0465032 0.0854268 -0.261355 0.00942851 0.0796801 -0.262099
0.0164124 0.232644 -0.285205 -0.0440694 0.154297 -0.257801 -0.0486647 0.163447 -0.243994 -0.045861
0.337952 -0.139644 -0.0255661 0.319828 -0.159173 -0.0391173 0.283541 -0.252904 -0.0436508 0.266823
-0.176458 -0.0204062 0.32231 -0.132449 -0.0161792 0.379023 -0.081805 -0.0107254 0.357281 -0.0992048
-0.0217644 0.410293 -0.0359382 -0.00141737 0.412574 -0.0288502 -0.000259717 0.366227 -0.0353923 -0.0112664
0.366983 -0.0608392 -0.0163456 0.40422 -0.0483467 -0.00404101 0.416504 -0.0138056 0.00439548 0.413205
-0.0118291 0.00513342 0.353718 -0.0123783 -0.00307205 0.361479 -0.0203076 -0.00680226 0.41541 -0.0178797
0.00271951 0.406389 -0.00751647 0.00788142 0.401055 -0.00704908 0.00804214 0.334137 -0.00705554 0.00187556
0.344133 -0.00866279 -0.000206487 0.40786 -0.00868251 0.00694074 0.392968 -0.00531968 0.00870283 0.388044
-0.00491053 0.00845069 0.31519 -0.00549747 0.00467193 0.324442 -0.00619528 0.00341875 0.394187 -0.00594547
0.00846443 0.147916 -0.0476007 0.00394559 0.126441 -0.0723065 0.025239 0.128999 -0.0679231 0.0207039
0.11485 -0.0894772 0.0546242 0.104119 -0.0881246 0.0511183 0.106977 -0.0872261 0.046213 0.0835535
-0.260653 0.0058123 0.139361 -0.244006 -0.0494934 0.124521 -0.244106 -0.0507922 0.0778738 -0.252533
0.00343805 0.076504 -0.259414 0.00938867 0.212061 -0.338772 -0.0525953 0.101772 -0.334474 -0.0595598
0.0946553 -0.281561 -0.0497728 0.100905 -0.255941 -0.0500455 0.132671 -0.261245 -0.0507719 0.265608
-0.252643 -0.0524958 0.323216 -0.0957756 -0.0333248 0.176771 -0.0562933 -0.0450226 0.205396 -0.0865436
-0.0526167 0.236268 -0.135131 -0.0544984 0.312372 -0.0528991 -0.0252908 0.296701 -0.0241682 -0.0169899
0.10028 0.0142978 -0.00167145 0.0931569 0.0104376 -0.0138129 0.11677 -0.00516571 -0.027587 0.278712
-0.00720399 -0.010531 0.261549 -0.000248852 -0.00581518 0.0946574 0.0196355 0.0140407 0.0879446 0.0224208
0.0148847 0.0972128 0.0208346 0.0115822 0.246163 0.000887564 -0.00223744 0.232749 -0.000389619 0.000633648
0.0863492 0.00771755 0.0147463 0.0828355 0.0111638 0.0156371 0.0912302 0.0140888 0.0144497 0.22086
-0.00218638 0.00301498 0.209757 -0.00386979 0.00492489 0.0728316 -0.00130473 0.0131226 0.0713139 0.00028033
0.0146437 0.079961 0.00224971 0.0145064 0.15578 -0.0417808 0.000890753 0.128186 -0.0644112 0.0202859
0.133835 -0.0551906 0.0192437 0.107538 -0.0832277 0.0422834 0.105468 -0.0809901 0.0425788 0.106865
-0.0765239 0.0411321 0.0693586 -0.235246 0.00234566 0.104758 -0.234674 -0.0505261 0.086616 -0.21374
-0.048919 0.0610255 -0.208121 0.00246084 0.0610922 -0.223457 0.00708496 0.0622642 -0.256098 -0.0472561
0.0728583 -0.23381 -0.0476633 0.085279 -0.363157 -0.0710032 0.0434774 -0.33442 -0.0759154 0.058842
-0.31683 -0.0611295 0.177595 -0.0298996 0.00122506 0.136959 -0.0470186 0.0208048 0.151236 -0.0347002
0.0193901 0.108723 -0.067207 0.0416863 0.108353 -0.0618789 0.0433516 0.111129 -0.0556801 0.0421582
0.0551487 -0.17527 0.00277202 0.0749404 -0.187399 -0.0463382 0.0678389 -0.161881 -0.044211 0.0527567
-0.13885 0.00155238 0.0504782 -0.156546 0.00715189 0.0585276 -0.202943 -0.0431957 0.0433937 -0.218588
-0.0418439 0.0343302 -0.18449 -0.0359151 0.0508849 -0.173265 -0.0382119 0.0118866 -0.227871 -0.0709627
0.0086398 -0.205488 -0.0672754 0.0151615 -0.207282 -0.0529996 0.0211737 -0.228537 -0.055283 0.211716
-0.0135827 0.000899978 0.160942 -0.0199541 0.0199263 0.190639 -0.0056265 0.0129809 0.12176 -0.0412966
0.0419688 0.12751 -0.0314797 0.0423795 0.129759 -0.0187016 0.0402935 0.0585419 -0.100529 -0.00366645
0.0645014 -0.139031 -0.0417238 0.0673901 -0.117801 -0.0344339 0.0868085 -0.0749383 -0.0206844 0.070454
-0.0810078 -0.00789537 0.0494398 -0.145692 -0.0326977 0.0314638 -0.153318 -0.0296313 0.0338544 -0.123956
-0.0225182 0.0553422 -0.119923 -0.0253341 0.00583523 -0.152532 -0.0568729 0.00600696 -0.137182 -0.0534503
0.0108616 -0.138947 -0.0402812 0.0115245 -0.154608 -0.0426402 0.232541 -0.00239427 -0.000800291 0.216947
0.00359162 0.00706574 0.222369 0.00399184 0.0033078 0.166671 0.00573416 0.0285289 0.205075 0.0151265
0.0181888 0.216597 0.0111187 0.0132934 0.130286 -0.0986366 -0.0335 0.0869056 -0.0945237 -0.0189789
0.119057 -0.0602463 -0.00535235 0.166366 -0.0698221 -0.00232596 0.159674 -0.0973741 -0.0155241 0.0419322
-0.0941831 -0.0145294 0.0547042 -0.0610953 -0.00695427 0.0893105 -0.0601625 -0.00553187 0.0697613 -0.0933643
-0.0151482 0.00934024 -0.092128 -0.0419641 0.0111065 -0.0765062 -0.0377646 0.018677 -0.0775466 -0.0252416
0.0170111 -0.0934043 -0.0283679 0.213677 0.010082 -0.00409722 0.204769 0.0109932 -0.00243663 0.198027
0.0133631 -0.00156841 0.217047 0.00771758 0.00856111 0.217413 0.00274936 0.012562 0.1871 0.0117345
-0.00137967 0.218794 -0.00897118 0.0160971 0.214826 -0.0112913 0.0138094 0.168097 0.0104849 -0.000846698
0.208278 -0.0162148 0.0132229 0.197668 -0.0180526 0.00938183 0.135769 0.0156972 1.6417e-05 0.186667
-0.0288369 0.00590288 0.16296 -0.0289865 0.00109603 0.0970105 0.00449354 0.000833214 0.0908933 0.0300419
0.000754043 0.133618 -0.0304203 -0.0009306 0.0998097 -0.0254138 -0.000774602 0.0664384 -0.0238494 -0.00192521
0.0706906 0.00930691 0.000129758 0.0181207 -0.0237142 -0.0251802 0.0208199 -0.00340968 -0.0217652 0.0326054
-0.00399808 -0.0112198 0.0305265 -0.0237682 -0.0132977 0.132171 0.0254953 -0.00467837 0.145 0.0262723
-0.00648718 0.196249 0.0154159 -0.00539774 0.134812 0.0241565 -0.00413844 0.132711 0.0248852 -0.00307343
0.124489 0.0316659 -0.00208632 0.1056 0.0479863 -0.000984083 0.078882 0.0564225 0.000644023 0.0749093
0.0755353 0.000138876 0.0644801 0.0404229 0.000300838 0.0573859 0.0690492 4.5869e-05 0.019783 0.0569554
-0.0184628 0.017792 0.0743444 -0.0187687 0.0276849 0.0699678 -0.00927153 0.0318721 0.0525131 -0.00829377
0.0396735 0.0202881 -0.00132263 0.00701414 0.0140455 0.00469017 0.0744762 0.0376912 -0.0034298 0.0603138
0.0230979 -0.00307821 0.074624 0.0286139 -0.00265254 0.0837698 0.0412517 -0.00237884 0.0874712 0.065324
-0.00218778 0.0694076 0.0969703 -0.000684705 0.0794882 0.10814 -0.00189362 0.0544725 0.0940491 -0.000275341
0.0548246 0.118183 -0.00107845 0.0170594 0.121289 -0.0194016 0.0172284 0.137009 -0.0196141 0.0269153
0.130814 -0.0101763 0.0279229 0.114859 -0.00935131 0.0280052 -0.0101524 0.00238781 -0.00145112 -0.0114531
0.0103022 -0.0367038 0.00123815 0.0100405 0.0449787 -0.00206661 0.000406998 0.0595382 0.00753431 -6.70201e-05
0.076238 0.024347 -0.00122421 0.0983743 0.053908 -0.0024757 0.0953697 0.119176 -0.0031181 0.123018
0.106368 -0.00398534 0.0987507 0.152953 -0.00359161 0.0678218 0.139517 -0.00229303 0.0287828 0.194674
-0.0199891 0.0432956 0.223967 -0.0191333 0.0589612 0.202071 -0.0103356 0.0441984 0.179634 -0.0102481
0.12884 -0.0129243 0.00122721 0.15882 -0.0169704 -0.00142095 0.0697873 -0.0326282 0.00432192 0.12688
-0.00810782 0.00101888 0.127049 -0.00282986 0.000900874 0.134376 0.00587103 0.000407768 0.153764 0.023384
-0.000298095 0.195785 0.0560644 -0.00186517 0.255826 0.154713 -0.00837481 0.280184 0.0965883 -0.00416386
0.133551 0.147178 -0.00466825 0.199028 0.202456 -0.00789917 0.231049 0.271207 -0.0119504 0.287188
0.264354 -0.0147271 0.312314 0.122368 -0.00945779 0.196266 0.0434182 -0.0110137 0.352458 0.0318211
-0.0147644 0.3504 0.0393257 -0.0141123 0.205062 0.0859747 -0.0085094 0.15326 -0.00481821 -0.0148993
0.32191 0.00131016 -0.0192046 0.329778 0.00541049 -0.0200802 0.157225 -0.000681172 -0.0175542 0.166025
-0.00102382 -0.0107141 0.304596 0.00182525 -0.0147121 0.307492 0.000622596 -0.0154154 0.163923 -0.00237845
-0.0108275 0.178345 0.00219694 -0.0121662 0.294186 0.0062542 -0.013825 0.296775 0.00522678 -0.0138881
0.176512 0.0016476 -0.0117525 0.188588 0.00427986 -0.0149392 0.283277 0.00999863 -0.0142787 0.286214
0.00906448 -0.0141044 0.187022 0.00376513 -0.0140648 0.19881 0 -7.48949e-05 0.220529 0
0.00179565 0.219049 -0.00568132 4.83652e-05 0.189559 0 0.000424961 0.184199 0 0.00107806
0.184415 0 0.00180095 0.195664 0 0.00192298 0.233352 0 0.00110865 0.313531
0 0.000633435 0.401416 0 0.00295569 0.335364 0.100522 -0.00525417 0.383904 0.0628959
-0.00431227 0.444657 0 0.00917045 0.400915 0.0372727 -0.00489042 0.407857 0.0210913 -0.00249139
0.44779 0 0.0163018 0.405255 0.0188896 -0.00106361 0.405574 0.0179612 0.00212674 0.437889
0 0.020834 0.397064 0.0203727 0.00234637 0.395759 0.0209804 0.00435512 0.386425 0.0232552
0.00341364 0.38476 0.0236781 0.00502305 0.426841 0 0.0227946 0.128244 0.0295471 0.0206549
0 0 0 0.338854 0.0104565 -0.00429313 0.355411 0.00575265 -0.00465429 -0.0455079
-0.0304527 0.0322164 0.0284955 -0.00322322 0.0319441 0.0308015 0.0379127 0.0178561 0 0
0 0.173702 -0.0538851 -0.00109338 0.056314 -0.144629 0.00941223 0 0 0
0.354972 -0.0405738 0.00872478 0.250004 -0.0537441 0.0150993 0.348432 -0.00658231 0.00659268 0.349529
-0.0101614 0.0066519 0.347348 -0.0181117 0.00719612 0.346079 -0.0281303 0.00806687 0.0428425 -0.011037
-0.0280538 0 0 0 0.0953175 -0.00929508 -0.0171439 0.130113 -0.0128667 -0.00824069
0.0150748 -0.0355824 -0.0325879 0.0237074 -0.0225158 -0.0304582 0.034889 -0.0184389 -0.0210428 -0.0126602
-0.0425914 0.0596771 0.00411963 -0.0457046 0.0701231 0.0553834 -0.0602031 0.0534101 0.0313365 -0.0393823
0.0865019 0.0454165 -0.0425017 0.0881887 -0.0030416 0.0187603 0.0194201 0.00437095 0.018656 0.0148628
0.0415315 -0.00326104 0.00578115 0.0349448 -0.00332629 -0.00437926 0.0289615 -0.121289 -0.0010437 0.0300116
-0.110773 -0.00290711 0 0 0 0 0 0 0.0643592 -0.197123
0.0190853 0.0155463 -0.0860889 0.0198943 0.180507 -0.353707 -0.0320431 0 0 0
0.106625 -0.0371065 0.0204172 0.0384189 0.0398912 0.00263566 0.178871 -0.0258204 0.017104 0.203264
-0.0356503 0.0207031 0.219798 -0.054846 0.0236885 0 0 0 0.162947 -0.10816
0.0299429 0 0 0 0 0 0 0 0 0
0.0627416 -0.237194 0.0259253 0 0 0 0 0 0 0
0 0 0.0757622 -0.255923 0.0204256 0.263447 -0.0496991 -0.00727778 0.293233 -0.00619411
0.00197859 0.34613 -0.0274489 0.00934522 0.383095 -0.0750972 -0.00587576 0.395682 -0.0625315 -0.00621649
0.399615 -0.0616764 -0.00298188 0.414649 -0.0456387 0.000333767 0 0 0 0
0 0 0 0 0 0.080018 -0.264093 0.0125669 0 0
0 0 0 0 0 0 0 0.0697607 -0.24661 0.00768002
0.260849 -0.186915 -0.0527442 0 0 0 0.251988 -0.256655 -0.0527054 0
0 0 0 0 0 0.202501 -0.19744 -0.0522405 0.101242 -0.10897
-0.0483159 0 0 0 0 0 0 0 0 0
0.0544076 -0.192299 0.00749956 0 0 0 0 0 0 0
0 0 0.0518816 -0.117521 0.00420243 0 0 0 0 0
0 0 0 0 0.108113 -0.0748679 -0.0311736 0.219928 0.03701 0.0179658
0.221283 0.0231745 0.010672 0.210671 0.00822458 0.00919509 0.200645 0.00248575 0.00884149 0.196454
-0.00431167 0.0113957 0.190562 -0.00697456 0.0122318 0.189076 -0.011284 0.0137904 0.184677 -0.0133813
0.013747 0.185128 -0.0179264 0.0135354 0 0 0 0.185396 -0.0219087 0.0120953
0.192188 -0.0312554 0.00895601 0.190622 -0.0597026 0.00211877 0.154698 0.224338 -0.0081525 0.166904
0.294059 -0.013702 0.264624 0.181538 -0.0093529 0 0 0 0 0
0 0.350928 0.000631925 -0.00407907 0.329247 0.00177656 -0.00218337 0 0 0
0 0 0 0.230918 -0.0803149 0.00147967 0.165405 -0.0126779 -0.0111949 0.162635
-0.0104121 -0.0133253 0.193416 -0.00454024 -0.0133457 0.193262 -0.00511873 -0.0121181 0.2158 -0.00370423
-0.00916437 0.21424 -0.00416666 -0.00793574 0.23031 -0.00279339 -0.0065933 0.227919 -0.00294308 -0.00524902
0.240116 -0.00179339 -0.00415561 0.236579 -0.00179625 -0.00254494 0.322544 -0.00875381 -0.00970923 0.245457
-0.000857957 -0.00190286 0.241179 -0.000662398 -0.000332329 -0.0685956 -0.00212134 0.0293268 0.0738263 -0.00856906
0.0237015 0.0891551 -0.0631883 0.00786935 0.0815258 -0.174461 0.00901387 0.128295 -0.0733882 0.027145
0 0 0 0 0 0 0 0 0 0
0 0 0 0 0 0 0 0 0 0
0 0 0 0 0 0 0 0.34616 -0.00267319 0.00482023
0.350019 -0.00392965 0.00687705 0 0 0 0.35657 -0.022978 0.00718503 0.138456
-0.0526795 0.0272171 0.174196 -0.000234045 0.0273693 0.109288 0.039622 0.0266095 0.136743 0.0113649
0.027519 0.0819265 0.033512 0.0165026 0 0 0 0.111846 -0.00606777 -0.00216244
0.0783208 0.0581571 0.0236453 0.100016 0.0609886 0.0250066 0.0642175 0.0963105 0.0244616 0.0731047
0.0807289 0.0238946 0.0396364 0.118097 0.0102551 0 0 0 0.0818567 -0.0044871
-0.007389 0 0 0 0 0 0 0.0511195 0.106514 0.0236253
0.0574543 0.0925632 0.020202 0.0370254 0.120993 0.0212072 0.0422723 0.11517 0.0203827 0.0244881
0.15216 0.00840177 0 0 0 0.0113587 -0.0366354 -0.0335174 0.0117718 -0.0397355
-0.0280992 0.0130218 -0.0396505 -0.0320572 0.0204719 -0.0395298 -0.0128944 0.0300835 0.124887 0.0227693
0.0295106 0.103007 0.0237035 0.0150272 0.124973 0.0258512 0.0213469 0.125791 0.0237978 0.013636
0.16021 0.0123992 0 0 0 0.0105015 -0.0369668 -0.0226131 -0.00668772 -0.0149999
0.00324884 0.00486027 -0.0256681 -0.00688553 0.000143262 -0.0291404 0.00855102 0.0065966 0.121844 0.0292599
-0.0175823 0.083119 0.042052 -0.0304779 0.0858594 0.0496758 -0.0156971 0.100016 0.0426146 -0.00555401
0.127741 0.0323285 0 0 0 -0.0143247 0.00366484 0.00660093 -0.00143157 0.0648276
-0.0109177 -0.00884424 0.0451488 -0.00263345 -0.0275634 0.0127145 0.0115131 -0.0410352 0.00599937 0.0750628
0 0 0 0.0636789 -0.0477427 0.0907646 0.125523 -0.0787198 0.0645422 0.104376
-0.0531406 0.0957843 0.126617 -0.0546513 0.096114 0.150406 -0.056233 0.0955984 0.217551 -0.0914413
0.0617856 0.203422 -0.0594373 0.0918269 0.23206 -0.0589763 0.0887265 0.260909 -0.0573248 0.0848956
0.313823 -0.070664 0.0484688 0.309513 -0.047569 0.0753581 0.326914 -0.0416652 0.0703293 0.339727
-0.0355028 0.0655777 0.347736 -0.0359772 0.0370269 0.353669 -0.0257915 0.0569231 0.356506 -0.0221536
0.0530683 0.357521 -0.0191112 0.0496013 0.346259 -0.0192548 0.0295184 0.355936 -0.0145928 0.043384
0.354042 -0.0128857 0.0405562 0.35178 -0.011422 0.0379422 0.332828 -0.0104941 0.0210459 0.336773
-0.0115146 0.0233613 0.34672 -0.00908356 0.0330948 0.344095 -0.00813378 0.0308164 0.341492 -0.00726979
0.0286079 0.331865 -0.00902886 0.020358 0.00716679 0.0798567 -0.0206939 0.01561 0.0938776 -0.0314987
0.0147785 0.0931228 -0.0316299 0.0169181 0.0607843 -0.0120267 0.0135714 -0.000117071 0.0252237 0.0214767
0.00851822 -0.000349044 0.0388094 -0.0471898 -0.0193099 0.0151336 0.0906008 -0.0275274 0.0176009 0.0621401
-0.00794593 0.043443 0.0100496 0.0179584 0 0 0 0.0527608 -0.195882 0.0707062
0.0790345 -0.163323 0.0595474 0.0801552 -0.207545 0.0870457 0.0634299 -0.201511 0.0790172 0
0 0 0 0 0 -0.0098843 0.00972817 0.0285077 0 0
0 0 0 0 0.0307309 0.00501735 0.00850998 0 0 0
0 0 0 0 0 0 0.0445267 -0.0431513 -0.018117 0
0 0 0 0 0 0 0 0 0.0386773 0.0279815
-0.0190861 0.110005 0.01618 -0.0172623 0.268441 -0.0108595 -0.0209323 0.168191 0.00794503 -0.0188888
0.152072 0.00985535 -0.0168847 0.183924 -0.03037 0.0125273 0.161476 -0.0194557 0.0140369 0.0945195
-0.205956 0.0934315 0 0 0 0.153652 -0.166229 0.0715399 0.113031 -0.161711
0.101274 0.116322 -0.178745 0.0993744 0 0 0 0 0 0
0.0659577 -0.198673 -0.0426724 0.0780733 -0.149039 -0.03888 0 0 0 0.109795
-0.149232 0.101264 0 0 0 0.138745 -0.122415 0.0709653 0.103073 -0.123381
0.0933007 0.104853 -0.130893 0.0969889 0 0 0 0 0 0
0 0 0 0.422803 -0.0344899 0.00263193 0.416212 -0.0216903 0.00178493 0.43169
-0.0208991 0.00597372 0.433236 -0.016678 0.00731319 0.433196 -0.0135592 0.00849765 0.412597 -0.00962017
0.00645952 0.429752 -0.00963851 0.0104238 0.426922 -0.00842963 0.011132 0.423634 -0.00752315 0.0116294
0.399425 -0.00631278 0.00858318 0.416556 -0.00618696 0.0119985 0.413118 -0.00563402 0.0119158 0.409811
-0.00513401 0.0117032 0.101215 -0.116483 0.0892731 0 0 0 0.124019 -0.0950301
0.060291 0.0861965 -0.102093 0.0767397 0.0938 -0.105017 0.0817173 0 0 0
0 0 0 0.0816917 -0.102286 0.0714927 0 0 0 0.106057
-0.0870969 0.0447301 0.083528 -0.0974871 0.0628034 0.0837391 -0.100768 0.0642546 0 0
0 0 0 0 0.130643 -0.0250507 -0.0369237 0.0531246 -0.036155 -0.0306038
0 0 0 0 0 0 0 0 0 0.00363843
0.00699397 -0.00452768 -0.00421163 0.0127246 0.00278976 0.0894684 0.021039 0.00829259 -0.00747032 0.0118584
0.0129616 0 0 0 0 0 0 0 0 0
-0.00182947 0.0138861 0.0268168 0.00240585 0.0152146 0.0287187 0.0861632 0.0178115 0.0154891 0.00787245
0.0156063 0.0283421 0 0 0 0 0 0 0 0
0 0.0168787 0.0124318 0.0260211 0.0196689 0.00988236 0.0248279 0.0777962 0.00492208 0.0155268
0.0209299 0.00714463 0.023577 0 0 0 0 0 0 0
0 0 0.019582 0.00251984 0.0205336 0.0178561 0.00088953 0.0187519 0.0162081 -0.000358533
0.0167444 0 0 0 0.0830792 -0.0935964 0.0619288 0 0 0
0.105176 -0.0737219 0.0423822 0.0835311 -0.0791361 0.0623134 0.0824703 -0.0848946 0.0617375 0
0 0 0 0 0 0.0272931 -0.253136 -0.0590399 0.0168889 -0.254509
-0.0744211 0.0844547 -0.0726273 0.0628403 0 0 0 0.111185 -0.0510858 0.043458
0.0938287 -0.0490235 0.0634524 0.0870406 -0.059683 0.0634702 0 0 0 0
0 0 0.0111025 -0.170737 -0.046724 0.00608928 -0.168692 -0.0602892 0.100123 -0.036112
0.0621276 0 0 0 0.131436 -0.00632036 0.0389549 0.143281 0.01753 0.0456938
0.105029 -0.00561065 0.0568291 0 0 0 0 0 0 0.0135689
-0.108771 -0.0332349 0.00777282 -0.107348 -0.0460709 0.195854 0.0368981 0.0275565 0 0
0 0.216113 0.0302518 0.0180447 0 0 0 0 0 0
0 0 0 0 0 0 0 0 0 0
0 0 0 0 0 0 0 0 0.0253962 -0.0430034
-0.017329 0.0154377 -0.042404 -0.0292031 0.0331166 0.0348436 -0.00885802 0.0213064 0.03786 -0.0187012
0.0269424 0.10027 -0.00978494 0.0171099 0.105648 -0.019248 0.0328982 0.162269 -0.0107532 0.0215575
0.17158 -0.020087 0.0939556 0.218159 -0.00911587 0 0 0 0 0
0 0.0752399 0.271208 -0.0171348 0 0 0 0 0 0
0.166225 0.00843766 -0.0153356 0 0 0 0 0 0 0
0 0 0.159188 -0.00392612 -0.0114521 0 0 0 0 0
0 0 0 0 0.172483 0.000922676 -0.0113303 0 0 0
0 0 0 0 0 0 0.183664 0.00321896 -0.0133044 0
0 0 0 0 0 0 0 0 0.369629 0.0555071
-0.00984989 0.338554 0.012543 -0.018898 0.37835 0.0404764 -0.00957816 0.377607 0.0297039 -0.0104602
0.371427 0.0164513 -0.0134266 0.367575 0.0100178 -0.013798 0.311005 -0.000221003 -0.0164471 0.361298
0.00416285 -0.0136017 0.359262 0.00378474 -0.0120395 0.353603 0.00230398 -0.0114562 0.352726 0.00433495
-0.010197 0.299364 0.00415727 -0.0140139 0.34749 0.00434749 -0.0102174 0.34695 0.00683876 -0.00948014
0.341633 0.0071047 -0.00994729 0.341107 0.00946699 -0.00941414 0.288936 0.0081462 -0.0139391 0.335706
0.00976927 -0.0100145 0.335159 0.0119359 -0.00952162 0.329549 0.0121973 -0.0101949 0.328771 0.0141663
-0.0097145 0.32273 0.0144433 -0.0104167 0.321329 0.016237 -0.00988585 0.374624 0.0255708 0.00366691
0 0 0 0 0 0 0 0 0 0
0 0 0.0192116 -0.0457592 0.0825656 0 0 0 0 0
0 0 0 0 0 0 0 0 0 0
0 0 0 0 0 0 0 0 0 0
0 0 0 0 0 0 0 0 0 0
0 0 0 0 0 0 0 0 0 0
0 0 0 0 0 0 0.397019 -0.0266714 0.0151748 0.375704
-0.0330233 0.0122808 0 0 0 0 0 0 0 0
0 0 0 0 0 0 0 0 0 0
0 0 0 0 0 0 0.327304 0.00143723 -0.00165301 0
0 0 0 0 0 0 0 0 0 0
0 0 0 0 0 0 0 0 0 0
0 0 0 0.345844 -0.00167765 0.00513276 0 0 0 0.084286
-0.0145967 0.0155963 0 0 0 0.0402057 0.104601 0.0104802 0.0773346 -0.00393832
-0.00550209 0 0 0 0 0 0 0.0265481 0.147473 0.00913346
0 0 0 0.0158854 0.160535 0.0112633 0 0 0 0.00130245
0.143087 0.0241245 0.295706 -0.0139923 0.0057577 0 0 0 0.411506 -0.0215205
0.0167044 0 0 0 0.421266 -0.0176757 0.0176772 0 0 0
0.432433 -0.010325 0.019474 0.431068 -0.0122024 0.018987 0 0 0 0
0 0 0.432148 -0.0088985 0.0198671 0 0 0 0.425202 -0.00623806
0.0201545 0.428223 -0.0069336 0.0202413 0 0 0 0 0 0
0.421805 -0.0056524 0.0198611 0 0 0 0 0 0 0
0 0 0.411115 -0.00423952 0.017972 0.414634 -0.00465679 0.0187212 0.0422078 -0.281422
-0.0601385 0 0 0 0.0273287 -0.287707 -0.0766129 0 0 0
0.0135459 -0.188333 -0.0489586 0 0 0 0 0 0 0.00701588
-0.186187 -0.0637158 0 0 0 0.0128798 -0.123931 -0.0359473 0 0
0 0 0 0 0.00673403 -0.122222 -0.0498472 0 0 0
0.0232706 -0.0605676 -0.0203189 0 0 0 0 0 0 0.0133309
-0.0597812 -0.0333646 0 0 0 0.0347838 0.015337 -0.00916072 0 0
0 0 0 0 0.021425 0.0175814 -0.0198554 0 0 0
0.0282127 0.0845445 -0.00896203 0 0 0 0 0 0 0.0171759
0.0900063 -0.0190456 0 0 0 0.0302181 0.145178 -0.00992099 0 0
0 0 0 0 0.0186656 0.153392 -0.0198804 0 0 0
0.183563 0.021664 -0.0115926 0.347503 0.0220337 -0.0161886 0.156804 -0.00488687 -0.012635 0.315715
-0.000254696 -0.0178671 0.170438 0.000100521 -0.0110089 0.301957 0.00301509 -0.014279 0.181988 0.00275727
-0.0126911 0.291584 0.00721578 -0.0138597 0 0 0 0 0 0
-0.028561 0.0310902 0.0277147 0 0 0 0 0 0 0.139156
-0.0201426 0.027392 0.0733965 0.0661968 0.0225776 0 0 0 0.0453466 0.110184
0.0218096 0 0 0 0.0125453 -0.0381273 -0.0338148 0 0 0
0 0 0 0 0 0 0.0253099 0.125554 0.0233406 0
0 0 0.0090537 -0.0321593 -0.0156908 0 0 0 0 0
0 0 0 0 -0.00360447 0.113058 0.0353443 0 0 0
-0.0120234 0.0250772 0.00232096 0 0 0 0 0 0 0
0 0 0 0 0 0.0829893 -0.0509558 0.093956 0 0
0 0 0 0 0 0 0 0 0 0
0.175751 -0.0578131 0.0941963 0 0 0 0 0 0 0
0 0 0 0 0 0.287094 -0.0533526 0.0803638 0 0
0 0 0 0 0 0 0 0 0 0
0.348311 -0.0303422 0.0610454 0 0 0 0 0 0 0
0 0 0 0 0 0.35719 -0.0166559 0.0463513 0 0
0 0 0 0 0 0 0 0 0 0
0.349283 -0.0101779 0.03543 0 0 0 0 0 0 0
0 0 0 0 0 0 0 0 0.0121646 0.0888129
-0.0277585 0 0 0 0 0 0 0 0 0
0 0 0 0.0172214 0.0862972 -0.0180234 0 0 0 0
0 0 0 0 0 0 0 0 0 0
0 0 0 0 0 0 0 0 0 0
0 0 0 0 0 0 0 0 0 0
0 0 0 0 0 0 0 0 0.170232 0.00828423
-0.0175529 0 0 0 0 0 0 0 0 0
0.108492 -0.195254 0.0971801 0 0 0 0.107207 -0.139331 0.0995757 0
0 0 0.42755 -0.014609 0.0183996 0.428245 -0.0266792 0.00443207 0 0
0 0.430636 -0.00779137 0.0201336 0.431942 -0.0112971 0.00954122 0 0 0
0.418231 -0.0051289 0.0193694 0.420141 -0.00680079 0.0119201 0 0 0 0.0984064
-0.11054 0.0856423 0 0 0 0.0830982 -0.102673 0.0671112 0.0256051 -0.00779401
-0.0132237 0 0 0 -0.00594367 0.0116062 0.0221623 0 0 0
0.0127122 0.014464 0.0272604 0 0 0 0.02084 0.00465845 0.0221515 0
0 0 0 0 0 0.0825716 -0.0893246 0.0615981 0 0
0 0 0 0 0.0850023 -0.0660397 0.0631098 0 0 0
0 0 0 0.0990273 -0.0181997 0.0607003 0 0 0 0
0 0 0 0 0 0 0 0 0 0
0 0 0 0 0 0 0 0 0 0
0 0 0 0.387213 9.34372e-30 0.0074208 0.346814 -0.00849953 0.000109283 0.341228
-0.0112617 -0.00066586 0.325201 -0.00864044 -0.00933325 0.293014 -0.0113403 0.00495771 0.328092 -0.00813501
0.0181668 0.185753 0.00646361 -0.0197385 0.272304 -0.0103079 -0.0207634 0.373283 0.0261257 0.00560773
0.417046 0 0.0239214 0.327435 -0.0081356 -0.00906935 0.251025 0.000171005 -0.000457202 0.253631
0.00039701 0.000468137 0.247035 0.000321766 0.00120705 0.277074 -0.0094072 -0.0206376 0.200815 0.0055275
-0.019996 0.187577 0.00673724 -0.0184326 0.200254 -0.00542884 0.00638847 0.0679103 -0.00303782 0.00988189
0.0646694 -0.00229424 0.011953 0.02355 -0.00250772 0.00465806 0 0 0 0
0 0 0.017647 -0.00202702 0.0097253 0.192662 0.00568237 -0.0171012 0 0
0 0 0 0 0.195761 0.00648738 -0.0184652 0.273376 0.0130405 -0.0148857
0.276245 0.0119499 -0.0146795 0.313864 0.0183838 -0.00981746 0.314478 0.0165199 -0.0105509 0
0 0 0.327487 -0.00691378 0.0174777 0.324536 -0.0058607 0.0158107 0.291752 -0.00862574
0.00422581 0.407741 -0.00388498 0.0171859 0 0 0 0.387109 -0.0042705 0.00851999
0.381493 -0.00391519 0.00821463 0.306632 -0.00503752 0.00580744 0.191465 0.00497651 -0.015922 0.2799
0.010942 -0.0144897 0 0 0 0.338889 -0.0064699 0.0264198 0 0
0 0.336538 -0.00565868 0.0244581 0 0 0 0 0 0
0 0 0 0 0 0 0.404516 -0.00357788 0.0163694 0.406784
-0.00465533 0.0114381 0.403704 -0.00418821 0.0111071 0.0153511 -0.00125882 0.014029 0 0
0 0 0 0 0.384942 -1.89322e-35 0.00479222 0.404805 4.63733e-36 0.00512309
0.392697 -0.00537532 -0.00307095 0.367854 -0.0179781 -0.00284916 0.410683 3.45129e-38 0.00629716 0.410281
5.54101e-36 0.00739876 0.403197 0.000438263 0.00036621 0.401303 -0.00146396 -0.00134241 0.408297 -1.80571e-35
0.00739912 0.407425 -9.21234e-33 0.00603382 0.405075 -0.000462884 -0.000144324 0.404821 -0.000838194 0.000829152
0.271904 0.012384 -0.00456629 0.295459 0.0205392 -0.00956389 0.401369 0.00182374 -0.00122875 0.402729
-1.7377e-32 0.00303133 0.384858 -9.89026e-30 -0.00164095 0.266281 0.0108359 -0.00336013 0.376221 6.40935e-30
-0.000704606 0.261196 0.00854895 -0.00335162 0.36768 6.9225e-30 -0.000869714 0.257966 0.00649957 -0.00277698
0.361069 -5.21293e-31 -0.00140014 0.256943 0.0031495 -3.68838e-05 0.357707 -2.13119e-31 -0.000854718 0.259741
-0.00579129 0.00537842 0.357262 -3.07007e-31 0.00201473 0.272329 -0.0131348 0.00858538 0.360915 -3.18504e-31
0.00520408 0.366291 -2.06491e-31 0.00702335 0.285641 -0.0109156 0.00840815 0.153681 -0.0300629 -0.0234613
0.245218 -0.0367944 -0.00429786 0.27246 -0.0995298 -0.024994 0.210804 -0.145944 -0.0463363 0.126033
-0.0894427 -0.0679214 0.316267 -0.0723473 -0.0278322 0.281027 -0.0454604 -0.0247479 0 0
0 0 0 0 0.260914 -0.00809288 -0.015021 0 0 0
0 0 0 0.268363 -0.0081897 -0.0165384 0.291816 0.0128314 -0.0141542 0
0 0 0 0 0 0.289007 -0.00210943 -0.0123388 0.0822816 0.0129401
-0.00324923 0.0375929 -0.0254226 -0.000497573 0.139799 0.0159004 -0.00713845 0.0897801 0.0154098 -0.00163211
0.094539 0.0125382 -0.00222451 0.101833 0.00707153 -0.000149662 0.107472 -0.00437933 0.00484396 0.106851
-0.0336483 0.0132412 0.132633 -0.0551504 0.00547844 0.102206 -0.0593188 0.0135939 0.170714 -0.0197638
-0.0175074 0.155745 -0.0354859 -0.00858566 0.044779 0.0512169 -0.105333 0.0167977 0.0978711 -0.124849
0.0105222 0.115284 -0.127649 0.0436565 0.10153 -0.0606382 0.084896 0.035733 -0.043788 0.012482
-0.00844251 0.000997818 -0.00601718 -0.0140005 0.00208593 -0.0142804 -0.0317304 0.00172035 0.0246614 -0.00369428
0.00298377 0.035674 -0.00265065 0.00101153 0.0502206 -0.00916418 0.00256321 0.0577375 -0.0238292 0.00734247
0.0710068 -0.0540434 0.0151657 0.0590459 -0.0606703 0.0126085 0.076822 -0.0789555 0.0115049 0.119025
-0.0806315 -0.00744045 0.131927 -0.117428 -0.0141114 0.108394 -0.117363 -0.00811051 0.0903905 0.208753
-0.053191 0.0571775 0.153902 -0.0565665 0.0232064 0.172418 -0.127758 0.0352011 0.214914 -0.126162
0.0682772 0.266862 -0.108877 0.0871441 -0.0142514 -0.00435825 0.0755975 -0.00190694 -0.00715235 0.0101161
-0.00622509 -0.00124889 0.0844496 -0.0148782 -0.000621172 0.084802 -0.0144904 -0.000701716 0.0877841 -0.0198858
0.000384063 0.0816422 -0.0304873 0.00433354 0.052281 -0.065381 0.0109671 0.0643203 -0.0552692 0.0095657
0.0549684 -0.09097 0.00719388 0.0384493 -0.0885194 0.00498015 0 0 0 0
0 0 0.0198547 -0.13172 -0.0394236 0.0388188 -0.145024 -0.0303368 0.185175 0.264364
-0.0704257 0.199766 0.198648 -0.0429768 0.160495 0.21074 -0.0334815 0.131618 0.216743 -0.0412664
0.0334018 0.101121 -0.0175494 0.00228458 0.000783465 0.00579934 0.243075 0.101832 -0.0402151 0.239991
0.154679 -0.0484027 0.179037 0.210104 -0.0447793 -0.0146507 -0.0247182 0.016756 0.00380116 -0.0205132
0.0128209 0.192051 0.0321055 -0.0170899 0.221956 0.057538 -0.0267735 -0.010696 -0.0151328 0.0141933
0.0274616 -0.00215534 -0.00259701 0.0472913 0.00321064 -0.00318455 0.168432 0.0100752 -0.0149669 0.175265
0.0201377 -0.0137958 0.0260745 -0.0129843 -0.000270646 0.194763 0.00588496 -0.00663562 0.215497 0.0217117
-0.0152509 0.165173 0.0017718 -0.015707 0.183415 -0.00038624 -0.00359525 0.171836 -0.00415825 -0.00187139
0.159881 -0.00836162 7.29649e-07 0.138287 -0.0138141 0.00399071 0.0776117 -0.0465774 0.00922561 0.104795
-0.0260738 0.010352 0.04248 -0.076404 0.00494886 0.0518925 -0.0621152 0.00578083 0 0
0 0 0 0 0.016946 -0.0998367 -0.038428 0.0162527 -0.10698 -0.0368534
0.226193 0.132928 -0.0178048 0.177982 0.150109 -0.0188654 0.172321 0.187804 -0.0266042 0.206709
0.190921 -0.0329103 0.241706 0.155831 -0.0344473 0.25014 0.0926335 -0.0127561 0.256951 0.108253
-0.0316511 0.253824 0.074141 -0.0249414 0.250356 0.0589065 -0.0062414 0.24334 0.0527986 -0.0219189
0.233935 0.0444161 -0.0196253 0.245107 0.0337407 -0.00201181 0.222819 0.0308331 -0.0198423 0.241108
0.0188072 0.000363396 0.23536 0.0127028 0.00198295 0.22533 0.00899286 0.00331039 0.212469 0.00689292
0.00538668 0.192151 0.00842514 0.00924311 0.12733 -0.00380409 0.0130786 0.157627 0.0200241 0.0155396
0.071008 -0.039673 0.00848569 0.089932 -0.00944217 0.0117832 0 0 0 0
0 0 0.0338122 -0.0443468 -0.0312729 0.0306823 -0.064874 -0.0298305 0.207731 0.111895
-0.0109766 0.16942 0.119524 -0.0126431 0.228354 0.0830195 -0.00681913 0.23297 0.0502107 -0.0013949
0.233254 0.0178528 0.0037168 0.246523 -0.00106745 0.00766357 0.237406 0.00256375 0.00641102 0.244854
0.00106821 0.00874657 0.248632 -0.00135823 0.00853495 0.235132 0.00212197 0.010255 0.239736 0.000556854
0.00967462 0.225237 0.000746146 0.0122359 0.229543 0.000910251 0.0112962 0.214878 0.00406697 0.0176887
0.221411 -0.00274246 0.0143603 0.189272 0.0400613 0.018164 0.201509 0.0357712 0.022641 0.116878
0.0297604 0.0151583 0.168944 0.0602887 0.0184888 0 0 0 0 0
0 0.0841337 0.101981 -0.00900012 0.062312 0.0287702 -0.0168561 0.187551 0.0920329 -0.00161593
0.163764 0.0921397 -0.000105453 0.198844 0.0734709 0.000602911 0.193643 0.0437505 0.0072306 0.2251
0.00332865 0.00931794 0.169785 -0.00468315 0.0197627 0.233693 -0.0212505 0.0155251 0.246373 0.00376571
0.019231 0.247655 0.00143966 0.0204489 0.247076 -0.0079191 0.0195993 0.236426 0.00402635 0.0176665
0.239467 0.00500683 0.0184574 0.242477 0.00451285 0.0182165 0.22297 0.00217375 0.0175365 0.226297
0.00320823 0.0178851 0.229969 0.00332891 0.0174778 0.20674 -0.00150396 0.0212484 0.209098 -0.000435631
0.0196076 0.214428 0.00043359 0.0182586 0.122543 0.00354825 0.0263161 0.0892397 -0.00483835 0.033849
0.0864909 -0.00229283 0.0444014 0.202691 0.000605983 0.0242739 0.222347 0.0443279 0.0280988 0.184721
0.0212644 0.0250144 0.199029 0.06114 0.0223292 0.215064 0.0827896 0.0189037 0.224523 0.0669371
0.0148275 0.230016 0.0339184 0.0127067 0.229742 0.0370192 0.0264019 0.184305 0.0769086 0.00859255
0.181661 0.0709934 0.0118414 0.179681 0.0694044 0.00896939 0.156485 0.0512811 0.0161257 0.101167
-0.000493588 0.029592 0.0865858 0.0284228 0.0299453 0.151087 -0.0766708 0.0227959 0.0732564 -0.0726699
0.0206804 0.0583856 -0.0250836 0.0188655 0.0492221 -0.0221866 0.0253625 0.0247226 -0.0352073 0.0447529
0.0387951 -0.0165035 0.0486166 0.141761 -0.0376537 -0.0193467 0.113683 -0.0481175 -0.0236444 0.0732289
-0.0471404 -0.0111918 0.0687914 -0.0203777 0.0158863 0.206094 0.0210894 0.0283088 0.207636 0.00728262
0.0273898 0.176354 -0.0246129 -0.0135181 0.162736 -0.0288669 -0.0176714 0.200041 0.074673 0.00967949
0.211474 0.0677935 0.00936245 0.183728 0.0761751 0.0109189 0.15142 0.0742799 0.0175218 0.067894
0.049394 0.0288394 0.0750759 0.0714184 0.024946 0.0371658 0.0265236 0.0148201 0.0277162 0.0414526
0.00737264 0.0274658 0.0480862 0.00290226 0.0378851 -0.0453041 0.0077156 0.0293964 -0.065043 -0.00757733
-0.00319725 -0.074706 0.0426667 0.00196277 -0.0693294 0.0450251 0.00863666 -0.0590585 0.0423964 0.109786
-0.0608961 -0.049685 0.0665588 -0.0719627 -0.0349486 0.175562 -0.0267644 -0.0405706 0.167478 -0.0310273
-0.0462196 0.153755 -0.0376877 -0.0514031 0.201753 0.0838428 0.00380049 0.207629 0.0764634 3.50332e-05
0.187715 0.0907044 0.00709725 0.160703 0.100168 0.0141194 0.074162 0.0949224 0.0208486 0.0914966
0.118968 0.0177099 0.0309669 0.0636321 -0.00643066 0.0334205 0.0750664 -0.0137878 0.0378606 0.0883675
-0.015473 -0.0135617 -0.0798046 0.0396172 0.0167559 -0.0742472 -0.0228435 0.000876687 -0.0685419 -0.0349707
-0.0229168 -0.0735365 0.034101 -0.0187239 -0.078968 0.0406669 0.0137597 -0.0772181 -0.0694836 0.0437509
-0.0856858 -0.0557655 0.098131 -0.107211 -0.0956052 0.0722184 -0.129933 -0.123904 0.0276284 -0.0944533
-0.142542 0.139666 -0.0448926 -0.0835483 0.132866 -0.0207653 -0.0749005 0 0 0
0 0 0 0.201836 0.088209 0.00311048 0.206081 0.0751012 0.00156926 0.192537
0.100606 0.00512581 0.176998 0.116758 0.00993899 0.116413 0.143282 0.0162648 0.152435 0.145756
0.0143828 0.0478217 0.119664 -0.0200415 0.0570536 0.145263 -0.0217954 0.0842791 0.175623 -0.0130938
-0.0261887 -0.0605328 0.0255797 -0.00727575 -0.0518341 -0.043096 0.00363934 -0.0281731 -0.0505709 -0.00715857
-0.0504921 0.00142021 -0.0229211 -0.0555518 0.0206606 0.00112264 -0.0371415 -0.155616 -0.00226701 -0.0177802
-0.15828 -0.00224934 -0.00514564 -0.150568 -0.00361227 -0.0174556 -0.0729372 -0.00523843 -0.0505195 -0.0742076
0.214709 0.0910132 0.0084914 0.226888 0.0755151 0.0103889 0.203863 0.104961 0.00755296 0.19379
0.120504 0.00851683 0.173349 0.144487 0.011627 0.186519 0.137168 0.0104724 0.154002 0.177386
0.00803695 0.173907 0.147478 0.0103235 -0.0238099 0.0517021 0.0290324 -0.0429742 0.00963027 0.0203704
0.136946 0.097335 0.00927695 0.168779 0.132544 0.00769159 0.0844784 0.136174 0.0314061 -0.0760112
-0.00946184 0.031843 -0.0695577 -0.0108886 0.0306619 0.0602023 0.0272915 0.00633163 0.0946858 0.0577507
0.00937438 -0.0648688 -0.00326006 0.0300178 -0.05979 -0.0132733 0.0304675 -0.0460172 -0.0146403 0.0266529
0.0465578 -0.000708887 -0.00496584 0.0444879 0.00838251 0.00273037 -0.0624714 -0.0130194 0.0295683 -0.0104874
-0.0214721 0.0161445 0.0105626 -0.0224445 0.00284123 0.0520676 0.00373313 -0.0239976 0.0512976 -0.00135048
-0.0144217 -0.022602 -0.0189921 0.0202221 -0.00370519 0.0573345 -0.0623158 0.00756648 0.0883955 -0.0539853
0.0489415 0.0458747 -0.0184078 0.0455983 0.0156774 -0.0301034 0.0345174 -0.0268632 -0.0338895 0.0164017
-0.00137691 -0.0506687 -1.07631e-05 0.0191139 -0.0670323 0.00125181 0.0320064 -0.140267 0.000707457 0.0497927
-0.140897 -0.000859078 0.0638064 -0.135249 0.202574 0.0911432 0.00937363 0.20667 0.074412 0.0106257
0.197787 0.104845 0.00832661 0.193923 0.117103 0.00805489 0.19315 0.126627 0.0082038 0.194406
0.12144 0.00677078 0.184754 0.144048 0.0102322 0.18563 0.132186 0.00820631 0.187326 0.100544
0.00347227 0.172519 0.108595 0.00485357 0.152439 0.0841578 0.00220761 0.166704 0.0785658 0.00464998
0.1237 0.0570691 0.00165445 0.108624 0.0364161 -0.000959753 0.128333 0.0715235 0.00960722 0.0903902
0.0150911 -0.00597455 0.0790552 0.0183922 -0.00889385 0.0921062 0.094963 0.00370272 0.0587498 0.0225079
-0.0143927 0.0208314 0.125376 -0.0509273 0.0725793 0.14765 -0.0348403 0.0015269 0.0920938 -0.132565
0.0056183 0.108708 -0.135453 0.0117557 0.130632 -0.129414 0.156086 0.0802459 0.00641889 0.143019
0.0577309 0.00808947 0.164278 0.0957401 0.00583344 0.170873 0.107194 0.0059548 0.177869 0.114851
0.00630737 0.184742 0.113107 0.00595774 0.186433 0.101186 0.00511453 0.180921 0.089304 0.00648686
0.167979 0.0872188 0.0107538 0.155877 0.104804 0.0114534 0.12556 0.157981 -0.0195619 0.162832
0.137825 -0.00426836 0.0570726 0.192114 -0.106798 0.132765 0.22372 -0.0815647 0.172073 0.18652
-0.0556222 0.0913142 0.0572039 0.00379253 0.0743572 0.0390591 0.00617212 0.066153 0.0246898 0.0101684
0.114907 0.0775193 0.00377461 0.100694 0.0676491 0.00318723 0.133644 0.0909906 0.00400957 0.123258
0.0846542 0.00393415 0.148511 0.0993026 0.00417665 0.161718 0.0996416 0.00443765 0.171912 0.0930851
0.00452982 0.178746 0.0842965 0.00593441 0.184585 0.0803095 0.00953558 0.191974 0.0860116 0.0130265
0.212076 0.0898379 0.0122927 0.243298 0.0643433 0.0109589 0.183908 0.121071 -0.0235004 0.221882
0.0684626 -0.0322515 0.237616 0.0368034 -0.0395188 0.243561 0.0270478 -0.0348896 0.263986 0.0234744
0.0156165 0.0414097 0.0235509 0.00484397 0.0314995 0.00779623 0.00931185 0.0703615 0.0544974 0.00243958
0.0551598 0.0418817 0.00221864 0.10166 0.0737734 0.00324711 0.0866853 0.0642932 0.00299127 0.110841
0.0791781 0.002054 0.0876071 0.0672294 0.00227179 0.111509 0.0801354 0.00323986 0.128384 0.0809208
0.0028989 0.143422 0.0757319 0.00416285 0.15714 0.0646428 0.00681134 0.172224 0.050917 0.0109831
0.192202 0.0476182 0.0148476 0.179628 0.0453472 0.0128343 0.215406 0.0426594 0.0192939 0.202484
0.0447151 0.0172353 0.241276 0.0164206 0.0265233 0.228805 0.0337261 0.0230964 0.260624 -0.0313832
0.029081 -0.00760508 -0.00709936 0.0109999 -0.0109547 -0.00191585 0.00514417 -0.0296066 -0.00423757 0.000224675
-0.0245365 -0.00987514 0.0075072 0.00307602 0.0199121 -0.000962986 0.0102937 0.0247802 -0.000174758 -0.0125692
0.0150622 -0.00493381 -0.0228939 0.0112516 -0.00602221 0.0497843 0.0409117 0.00220281 0.0611228 0.0482649
0.00270954 0.0512316 0.0403341 0.00201323 0.0343405 0.0300303 -0.000730664 0.0673681 0.0561536 -0.000794655
0.0394631 0.0315854 0.00157502 0.0634666 0.0501023 0.00182102 0.0867479 0.0600218 0.00154199 0.100529
0.0553428 0.00481328 0.104503 0.0343714 0.00811774 0.163691 0.0339461 0.0117313 0.121873 0.00229264
0.00775971 0.103413 0.0152061 0.00869598 0.174284 0.0299662 0.0126457 0.197728 0.0250199 0.0164802
0.186945 0.027442 0.014166 0.221868 0.00933007 0.0253596 0.208855 0.0196967 0.0198922 0.186272
-0.035509 0.0324134 0.232376 -0.00642671 0.0311322 0.199456 -0.0891074 0.0274679 0.176692 -0.0581751
0.0378232 0.0259745 0.034492 -0.00376224 -0.00113616 0.00619258 -0.00314723 0.0131467 0.0126766 -7.91943e-06
0.0458188 0.0419208 0.00036401 0.0532758 0.0414737 0.00658818 0.0731482 0.0240846 0.00678568 0.0430332
0.0314973 0.00544315 0.0696657 0.010732 0.00401497 0.13004 0.00277957 0.00542566 0.117265 -0.0131962
-0.00361892 0.105084 -0.0172597 5.53128e-05 0.163068 0.00850523 0.0040414 0.168319 0.00643578 0.00403379
0.151172 0.00163006 -0.00701602 0.143567 0.00177735 -0.00739023 0.18499 -0.00659727 0.0137527 0.167205
-0.00651822 0.00389968 0.16649 -0.00279433 -0.00106699 0.184393 -0.000991449 0.010571 0.113549 -0.0870848
0.0354237 0.0950343 -0.0315792 0.0546017 0.157282 -0.0273338 0.0306761 0.00307423 0.0214478 -0.00753789
-0.0121092 0.0111197 -0.0033029 -0.0116648 0.00436302 -0.00369974 0.0215052 0.0300555 -0.00255349 0.0243662
0.0389465 0.00569046 0.0155776 0.040516 0.00238402 0.00680408 0.0501847 -0.0020354 0.0279874 0.0234458
-0.00598857 0.0145263 0.0305987 -0.0118153 0.00639274 0.0382154 -0.0155165 0 0 0
0 0 0 0.00504904 0.0345673 -0.0518894 0.0180085 0.0209989 -0.0416407 0.0432447
-0.131705 0.0194013 0.00595156 -0.152911 -0.00735005 -0.018677 -0.131458 0.0737048 -0.0112114 -0.125623
0.080716 0.00483099 -0.107034 0.0802007 0.0111035 0.0189104 -0.00992231 -0.00319349 0.0233148 -0.00019867
-0.0112463 0.017307 -0.00232175 0.0266706 0.0253933 -0.00723534 0.0318533 0.0403784 0.000682896 0.00624978
0.0611228 -0.00677415 0.0265512 0.0658063 -0.00663218 -0.00258442 0.0530834 -0.0233129 -0.00347767 0.0606818
-0.0276111 0.000311408 0.0682479 -0.027639 0 0 0 0 0 0
-0.00705777 0.062135 -0.0713144 -0.00716251 0.0567013 -0.0670851 -0.00797007 -0.146712 -0.0214067 0.000944919
-0.129494 -0.0219834 -0.0139799 -0.0782205 0.0632667 -0.0265769 -0.0939349 0.0714632 -0.0274086 -0.114084
0.0686039 0.0343951 0.0170518 -0.00480623 0.00829499 0.0245002 0.0076765 0.00302507 0.026957 0.00467791
0.0519259 0.0223485 -0.00670144 0.0654069 0.0367359 -0.00212196 0.0511311 0.0684293 -0.0054001 0.0745379
0.0599475 -0.00199147 0.0230795 0.0798529 -0.0252037 0.0564671 0.0789758 -0.0170359 0 0
0 0 0 0 0.064399 0.109857 -0.0593181 0.0212705 0.0942858 -0.0704171
0.077339 -0.0875464 0.0117963 0.0398911 -0.0983194 -0.0206502 0.0896853 -0.0420452 -0.0164553 0.1407
-0.0476844 -0.0225853 0.126505 -0.084471 -0.0158444 0.105551 0.00409226 0.00469346 0.0747479 0.0115183
0.00947911 0.0123426 0.0242674 0.011947 0.110456 0.00791877 0.00258195 0.118086 0.0186333 0.00328786
0.130765 0.0321205 0.0039161 0.149766 0.0364293 0.00319536 0.0784998 0.0715806 -0.0101355 0.102232
0.0579722 -0.0199613 0.160058 0.0312505 0.00411821 0.124505 0.0344502 -0.028046 0.137569 0.0244432
-0.0272884 0.155021 0.0313613 0.0085023 0.143878 0.0174502 -0.029111 0.147145 0.0175929 -0.0227857
0.136667 0.0462618 0.0140786 0.149703 0.00958829 -0.0173307 0.132181 0.0117242 -0.00701906 0.105879
0.00645183 -0.0074591 0.0655809 0.0122819 -0.0211786 0.0632995 0.0556756 -0.0136721 0.1085 0.0811978
-0.00369001 0.254545 0.0525408 0.00833558 0 0 0 0 0 0
0.248796 0.0411574 0.00653045 0.235318 0.00671509 0.0113683 0.245605 0.00809923 0.0133397 0.169554
-0.00058573 0.0107842 0.225776 0.00681758 0.0113231 0.219875 0.00968994 0.0116447 0.219591 0.0141336
0.0124533 0.224166 0.0154694 0.0130207 0.227055 0.0148699 0.0139581 0.225514 0.0201815 0.0165224
0.224104 0.0390122 0.0212897 0.164907 0.101334 0.00748855 0.233831 0.0823469 0.0195204 0.337105
0 0.0155536 0.350593 0 0.0196486 0.28261 0.0173963 0.0148935 0.270428 0.00565409
0.0144916 0.271646 0.00546526 0.0143263 0.324161 0 0.0141141 0.256429 0.00395117 0.013812
0.256993 0.00984323 0.0138575 0.314365 0 0.0138274 0.243706 0.00858496 0.0139553 0.305751
0 0.0135152 0.296759 0 0.0136995 0.288426 0 0.0148377 0.282822 0
0.016479 0.280548 0 0.0175367 0.278805 0 0.0182813 0.277724 0 0.0203107
0.280407 0 0.0241929 0.318736 0 0.0257752 0 0 0 0.30016
-0.117383 -0.033773 0.0737859 -0.00861289 -0.0909383 0.0978456 -0.0321083 -0.0140029 0.205969 0.030244
-0.0138328 0.302385 0.0266252 -0.0135362 -0.00246554 -0.0772544 -0.0181338 0.0245981 -0.0880951 -0.0199236
0.0604555 -0.0197726 -0.00814406 0.0678796 -0.0508768 -0.00248163 0.0834102 -0.151295 -0.0201482 0
0 0 0.141405 0.303875 -0.0903471 0.223288 0.263411 -0.0715585 0 0
0 0 0 0 0.00814025 0.0169434 -0.0112493 0.00547693 0.0129708 -0.0303528
0.00127217 0.00443268 -0.0379993 0 0 0 0 0 0 0.00814295
0.0121844 -0.000891575 0.204284 0.116044 0.0112506 0.217632 0.0951234 0.00781833 0.223913 0.0196964
0.0102351 0.186961 0.0296124 0.00588728 0.172405 0.0184069 0.00459722 0.218622 0.0149845 0.00919695
0.0423275 0.0037634 0.0168278 0.0258745 -0.0305672 0.0545028 0.0665996 -0.0106906 0.0495006 0.000780364
-0.0786763 0.06391 0.00529049 -0.0677846 0.0593636 0.0145157 -0.0492769 0.043711 0 0
0 0.134273 -0.0964533 -0.101214 0.0107943 -0.0570127 -0.15706 0.125506 0.196715 -0.0013736
0.15278 0.18679 0.011089 0 0 0 0 0 0 -0.0270663
-0.0481334 0.0692774 -0.0269659 -0.0582394 0.0771884 0 0 0 0 0
0 0.0262508 -0.0315437 -0.0165831 0.00543129 -0.0361973 0.0116142 0.0161701 -0.0439805 -0.0191676
0.208716 0.177232 -0.0625241 0.187002 0.119457 -0.0412823 -0.0293151 0.00672676 -0.00686294 -0.00613052
0.0123161 -0.00184692 0.0162222 0.0229038 -0.00253314 0.0349541 0.0334124 0.00156051 0.0512805 0.0363456
0.00487792 0.0591981 0.0475941 0.00295273 0.0710142 0.0557386 0.00282625 0.00788463 -0.0194302 0.00992151
0.0312439 0.00354912 0.00893276 0.000929234 -0.0248932 0.00716116 -0.000373256 -0.0240957 0.00976705 -0.00541901
-0.0212675 0.00403575 -0.00125284 -0.026816 0.00571111 0.136095 0.000962071 -0.00725015 0.15349 0.00917246
0.00303483 0.0345728 -0.0144027 -0.0308404 0 0 0 0.1599 -0.0204327 0.0228694
0.185463 -0.0283821 0.0260124 0 0 0 0 0 0 0.0277746
-0.0659313 0.0852589 -0.00611254 -0.00627581 0.00311746 -0.00733819 -0.0152437 0.00351785 -0.00524357 0.00596516
0.00708553 -0.00410712 -0.000201216 0.00441064 -0.00715777 0.0201691 0.0126141 -0.00581882 0.0124161 0.0113708
-0.00501327 0.0343044 0.0165644 -0.00713568 0.0283325 0.0149852 -0.00151548 0.0383757 0.0210702 -0.0014549
0.0383773 0.0203458 -0.00268428 0.0400755 0.0231526 -0.00338701 0.0405382 0.022896 0.0855404 0.0912501
-0.0425508 0.107359 0.0820191 -0.0484004 0.104593 0.0506294 -0.0407769 0.0826443 0.0332551 -0.0386908
0.0900993 0.0183996 -0.0438807 0 0 0 0 0 0 0.133374
0.00235597 -0.0579219 0.144813 1.86551e-05 -0.056435 0.159555 -0.00390991 -0.0458099 0.164124 -0.034135
-0.0336918 -0.00159053 0.0346043 0.0248955 0.000638352 0.0417409 0.0244844 0.0387686 0.0287902 0.025076
-0.00264934 0.0429313 0.0260916 0.231571 0.0272503 0.00626453 0.213293 0.0223984 0.00564997 0.205236
0.0166717 0.00653015 0.192979 0.0161667 0.00662767 0.18822 0.0139794 0.00787167 0.175615 0.014788
0.00827603 0.172354 0.0153366 0.00880781 0.169605 -0.000584501 0.00886893 0.112064 -0.000147705 0.0150875
0.166275 0.00629846 0.00788488 0.255468 -0.000582308 0.00166955 0.285856 0.0119159 0.00163534 0.323704
-1.04306e-28 0.00581553 0.307439 -1.44614e-28 0.00662452 0.3233 8.67764e-32 0.00682953 0.312792 -0.0313609
0.00571604 0.153843 0.0516439 -0.0117937 0.190049 0.0578262 -0.0120853 0.102321 0.121862 -0.0242696
0.10865 0.105556 -0.0297656 0.111342 0.155232 -0.0277651 0.0837511 0.120275 -0.0369105 0.126615
0.152489 -0.0262338 0.0834619 0.115573 -0.0331095 0.131198 0.128028 -0.023335 0.0864297 0.0965579
-0.026883 0.128429 0.09909 -0.0162339 0.0863978 0.0715801 -0.0151724 0.139751 0.0710455 0.00225755
0.123883 0.0436514 0.00725218 0.183698 0.0529657 0.0156052 0.199894 0.0331407 0.0167948 0.224226
0.0578068 0.0067573 0.23735 0.050917 0.000785094 0.204439 0.0684165 -0.00596795 0.189956 0.0624157
-0.0153854 0.203124 0.0592348 -0.00036368 0.190746 0.039992 -0.00434614 0.239891 0.057155 0.0124502
0.250383 0.0342467 0.0137783 0.208093 0.0550735 0.0107085 0.191825 0.0245679 0.0100165 0.125914
0.0320926 0.00886042 0.0967754 0.00793188 0.00439805 0.143177 0.0126988 0.000863076 0.0537498 0.000479371
0.0147555 0.0397374 -0.0233407 0.00681188 0.0519937 -0.00947505 0.0106988 -0.00064382 -0.0164325 0.0197147
0.0289015 -0.0268534 -0.000260335 0.0304899 -0.0305088 0.00105476 -0.0167716 -0.0159591 0.0197972 0.0268224
-0.0125856 -0.00532361 0.0289866 -0.0216992 -0.00440168 -0.00816577 -0.0137434 0.0188406 0.0014489 -0.0103466
0.0149682 0 0 0 -0.0105543 -0.024574 0.0211304 -0.0141922 -0.0171232 0.0208226
0.0219953 0.00925836 -0.00747234 0.0259531 -0.00246809 -0.00974318 -0.00416783 -0.00897025 0.0122524 -0.00788328
-0.00188688 0.0096186 0 0 0 0 0 0 -3.73409e-05 -0.0375978
0.0203746 -0.00132441 -0.0347488 0.0212579 0.0209521 0.0318614 -0.00242617 0.0211746 0.0217413 -0.00781225
-0.010521 0.00427872 0.0129291 -0.00675498 0.0118683 0.0182113 0 0 0 0
0 0 0.00117022 -0.0439599 0.0116654 0.00117459 -0.0420416 0.0140245 0.0244274 0.0414203
0.00681301 0.0235944 0.0414351 -0.000462863 -0.00300256 0.0107866 0.0251615 0.0108706 0.00715835 0.0279681
0 0 0 0 0 0 5.41654e-05 -0.0473012 0.0044122 0.000208021
-0.04594 0.00538987 0.0497254 0.023168 0.0200783 0.0281799 0.0416521 0.0125325 0.0252203 -0.00365777
0.0282635 0.0633229 -0.00956027 0.0216728 0.0132704 -0.0578263 0.00770249 0.0083619 -0.0556956 0.00801854
0 0 0 0 0 0 0.198812 0.00690236 -0.00073301 0.109423
-0.000794797 0.00983903 0.0950045 -0.00336638 0.0171274 0.178874 0.0156156 0.0146768 0.332578 0.0261735
0.0161263 0.260929 0.0279554 0.0113185 0.302828 0.0263742 0.0151388 0.281084 0.0261537 0.0136675
0.261051 0.0282249 0.0122405 0.255916 0.0446896 0.0103843 0.363227 0 0.023864 0.376741
0 0.0260403 0.332723 -0.0315795 0.00174868 0.350396 1.6732e-32 0.00581798 0.270821 -0.0217273
-0.0210742 0.259368 -0.0169469 -0.0194368 0.272558 -0.00290348 -0.01321 0.2694 -0.00266253 -0.0129059
0 0 0 0 0 0 0 0 0 0.011973
0.139344 -0.133646 -0.0123708 -0.0300302 -0.0240763 -0.0159274 -0.067989 -0.0212355 -0.00169273 -0.00522159
-0.038433 0 0 0 -0.0171814 -0.0137905 0.0213612 0 0 0
0 0 0 0 0 0 0.00604841 -0.0213911 0.00890181 0
0 0 0 0 0 0 0 0 0 0
0 0.0160422 -0.121481 -0.0381928 0.0137073 -0.115596 -0.0403174 0 0 0
0.0191131 -0.0902163 -0.034434 0.0217328 -0.0825955 -0.0347831 0 0 0 0.0318273
-0.019156 -0.0299047 0.0327513 -0.00426523 -0.029658 0 0 0 0.148064 0.133473
0.00196384 0 0 0 0.240523 -0.021539 0.0189629 0.2222 -0.0480769 0.0205273
0 0 0 0 0 0 0.230888 -0.0454799 0.0229154 0.237299
-0.0259783 0.0249278 0.244646 0.00538706 0.0193796 0.226565 -0.0112533 0.0252012 0 0
0 0 0 0 0 0 0 0.215905 -0.000608197 0.0242857
0.21384 0.00126146 0.0237258 0.233036 0.00430626 0.0180604 0.211693 0.00225457 0.0232345 0
0 0 0 0 0 0 0 0 0.207313 0.00295053
0.0224942 0.205086 0.0029484 0.022197 0.218475 0.00185479 0.0181571 0.202639 0.00282283 0.0219547
0 0 0 0 0 0 0 0 0 0.196945
0.00261229 0.0219424 0.193813 0.00260326 0.0223723 0 0 0 0.190955 0.00282947
0.0233825 0 0 0 0.190592 0.00292993 0.0252229 0.231323 0.0227056 0.0247236
0.0255635 0.0544417 -0.00403901 -0.00304768 -0.0863705 0.0688969 -0.0141564 -0.0918387 0.0789906 -0.0103764
-0.0931451 0.0768523 -0.00898861 -0.0801108 0.0448839 0.155244 -0.0258263 -0.0642822 0.183742 -0.0219695
-0.0404958 0.189464 -0.0208768 -0.0393158 0.165382 -0.0201153 -0.0579897 0.152899 -0.00472417 -0.0701186
0.183582 -0.0126238 -0.0519954 0.190449 -0.0120121 -0.0515614 0.16409 -0.00355847 -0.0698994 0.0378058
0.100967 -0.0214186 -0.017861 -0.0874521 0.080316 -0.0250559 -0.0699278 0.079807 -0.0270175 -0.0680459
0.0347891 0 0 0 0 0 0 0 0 0
-0.0695575 -0.00341295 0.0313899 0 0 0 0 0 0 0
0 0 -0.0726595 -0.0139003 0.0310837 0 0 0 0 0
0 0 0 0 -0.0393693 -0.016997 0.0264401 0 0 0
0.00188411 0.014075 -0.149112 -0.000576463 0.0773977 -0.138747 0.0214281 0.153112 -0.128803 0.103899
0.0756801 -0.0227882 0.0823057 0.035551 -0.0149157 0.066566 0.0061141 -0.0165637 0.0606427 0.0174764
-0.00960928 -0.00766361 0.00671398 0.000404024 0.0243514 0.0298428 0.000669048 0 0 0
-0.0315123 0.002453 -0.00511499 0 0 0 0.000920093 0.0179883 -0.00390521 0
0 0 0 0 0 0 0 0 0.146057 0.00966183
0.00415407 0.188231 -0.0150874 0.0197399 0 0 0 0 0 0
0 0 0 0.0710111 -0.0280505 -0.0145406 0.0177841 0.0224002 -0.0177613 0.130738
-0.00247761 -0.00642809 0 0 0 0 0 0 0.163104 -0.000481763
-0.00414378 0.179189 0.00230033 0.00708124 0.164127 -0.0132022 0.0115908 0 0 0
0 0 0 0 0 0 0.135658 -0.120128 0.0174104 0.0757772
-0.165852 -0.0203807 0 0 0 0 0 0 0 0
0 0.00795052 0.0299696 -0.0240848 -9.74915e-05 0.0454944 -0.0207554 -0.00742649 0.053945 -0.0383167
-0.00500565 0.0462268 -0.0343439 -0.00527561 0.0508144 -0.0632175 0 0 0 0
0 0 0 0 0 0 0 0 -0.0253167 -0.125375
0.0745708 0.0335848 -0.176572 -0.0492022 0.00970524 -0.157814 -0.0567297 0 0 0
0 0 0 0 0 0 -0.00771499 0.0614966 -0.0415163 0.00769785
0.0763959 -0.0284434 0.017128 0.0846976 -0.040175 0.0038602 0.0790847 -0.042931 0.00290661 0.0781481
-0.0749052 0 0 0 0 0 0 0 0 0
0.0252042 -0.064397 0.0469245 0.0096611 -0.129098 -0.0493526 0.0308086 -0.093617 -0.0399817 0
0 0 0 0 0 0 0 0 0 0
0 0.0974915 0.0107699 -0.0516601 0.11086 0.00663267 -0.0557075 0.120004 0.00390386 -0.0596634
0 0 0 0 0 0 0 0 0 0.0584335
-0.0424777 -0.0307619 0 0 0 0 0 0 0 0
0 0 0 0 0 0 0 0 0 0
0 0 0 0 0 0 0 0 0 0
0 0 0 0 0 0 0 0 0 0
0 0 0 0 0 0 0 0 0 0
0 0 0 0 0 0 0 0 0 0.214766
0.0515786 0.00613597 0 0 0 0 0 0 0 0
0 0 0 0 0 0 0 0 0 0
0.0117044 -0.053599 0.05617 0 0 0 0 0 0 0
0 0 0 0 0 0 0 0 0 0
0 0 0 0 0 0 0 0 0 0
0 0 0 0 0 0 -0.0173503 -0.0388609 0.0515334 0
0 0 0 0 0 0 0 0 0 0
0 0 0 0 0 0 0 0 0 0
0 0 0 0 0 0 0 0 0 0
0 0 0 0 0 0 0 0 0 0
0 0 0 0 0 0 0 0 0 0
0 0 0 0 0 0 0 0 0 0
0 0 0 0 0 -0.00462476 -0.0300242 0.0214761 -0.006652 -0.0200035
0.0212022 -0.00432166 -0.0227748 0.0214128 0 0 0 0.0012186 -0.040593 0.0165373
-0.00373521 -0.026139 0.0214223 -0.00404683 -0.0266565 0.0194801 -0.00422546 -0.0288315 0.0174855 -0.00582911
-0.0266521 0.0149194 0 0 0 0.000715293 -0.045719 0.00745603 -0.00578884 -0.0282097
0.0132013 -0.00550109 -0.0258266 0.0131502 -0.00417791 -0.026498 0.0132216 -0.00441099 -0.021792 0.0137281
0 0 0 0 0 0 0.00336796 -0.0530614 0.00684118 0.000837971
-0.0497706 0.0051568 -0.00358091 -0.0236443 0.0136863 -0.00218556 -0.0238531 0.0170744 0.00203837 -0.0296449
0.0191686 0.00910508 -0.0290244 0.0213785 0 0 0 0 0 0
0.0244677 -0.0641567 0.00471742 0.0173768 -0.0607734 0.00639513 0.0153665 -0.0325405 0.0204224 0.0203211
-0.0347156 0.0205058 0.0288187 -0.042025 0.0186552 0.0521737 -0.0371388 0.0149938 0 0
0 0 0 0 0.046708 -0.0450263 -0.00261761 0.0391052 -0.0586879 0.00112337
0 0 0 0 0 0 0.0551461 -0.0327619 -0.00191468 0.0386913
-0.0273135 -0.00519976 0.0672793 -0.0274796 0.00910087 0.0593885 -0.00808571 0.0072114 0.0667496 -0.00257439
0.00887823 0.157203 0.00767875 0.0124171 0.228995 0.0436894 0.00769172 0.240731 0.0260292 0.0115961
0.346199 -0.00465669 -0.000196171 0.342742 -0.00860922 -0.000723873 0.380718 6.36407e-29 0.00745451 0.339723
0.00595856 -0.000933353 0.341352 -0.00163679 -0.0012143 0.368477 1.71874e-28 0.006891 0.317872 0.0172763
-0.00032471 0.326973 0.01496 -0.00168016 0.348092 1.33654e-28 0.00601223 0.329232 -0.00673668 -0.00907466
0.333254 0.0017463 -0.00953913 0.331024 -0.00398382 -0.00922375 0.322043 0.0253523 -0.00988294 0.332562
0.013957 -0.010017 0.236549 0.0747854 -0.0172727 0.304595 0.0275445 -0.00843398 0.248819 0.000665627
0.00212296 0 0 0 0 0 0 0.261164 0.00500523 0.000983719
0 0 0 0 0 0 0.26083 0.00317955 0.000454501 0.316659
0.0598466 -0.0131585 0 0 0 0 0 0 0.308988 0.0208855
-0.00764943 0.0727441 0.11285 -0.0235454 0.137188 0.127667 -0.021177 0.00548444 0.0897278 -0.00372334
0.0230572 0.0904093 -0.0145487 -0.00448059 0.089089 0.00810962 -0.00957948 0.089404 0.00861787 0.000148835
0.0822511 0.0129119 -0.00862662 0.0865466 0.0148812 0.00486991 0.064114 0.0202752 -0.00315706 0.0770409
0.0191069 0.0407984 0.0266591 0.0294892 0.000222039 0.0558024 0.0294129 0.262573 0.0234703 0.0159058
0.166047 0.00266635 0.0256182 0.32447 -0.00467444 0.0153571 0.321659 -0.00335816 0.0140274 0.291373
-0.00531255 0.00366398 0.3168 0.00143322 0.0118534 0.312507 0.00442308 0.011005 0.289627 0.00587541
0.00323048 0.290969 -0.000872454 0.00332954 0.31802 -0.00021947 0.0123333 0.297285 0.0201275 0.0106637
0.290287 0.0233508 0.0124249 0.280573 0.0278497 0.00463165 0.286036 0.0162187 0.00351099 0.303643
0.0131372 0.0103607 0.267594 0.0382156 -0.00931006 0.272786 0.0330077 0.00640157 0.214856 0.00621572
-0.0196744 0.201504 0.00651434 -0.0181589 0.282297 -0.00733648 -0.0205704 0.26466 0.0166585 -0.0229744
0.243126 0.0122291 -0.0203747 0.234225 0.00903176 -0.0205719 0.287631 -0.00314016 -0.0199493 0.292421
0.00556901 -0.0184737 0.291427 0.0199861 -0.0157222 0.282498 0.0311918 -0.0130561 0.273053 0.0714997
-0.0264703 0.289318 0.0722633 -0.0265373 0.297375 0.0472648 -0.0262078 0.151873 0.0827535 -0.0250918
0.245031 0.0668898 -0.0227591 0.114297 0.0317249 0.00714674 -0.00205297 -0.0132661 0.0194507 0
0 0 0 0 0 0.118971 0.00186761 0.00613222 0.0419259 0.0629474
-0.0177484 0.0303796 0.0138181 0.0627022 0.245432 -0.0440796 0.0421369 0 0 0
0 0 0 0.295389 0.011077 0.0139757 0.265639 -0.017572 0.0177555 0.380059
-0.00343982 0.00822539 0.374582 -0.00322556 0.008064 0.299077 -0.00472468 0.006947 0.367415 -0.0030066
0.00844471 0.362525 -0.0034586 0.00863059 0.285428 -0.0028978 0.00981638 0.292227 -0.00421964 0.00820778
0.368264 -0.00294968 0.00820752 0.173634 0.000578896 0.011613 0.161116 -0.00841867 0.0114397 0.175457
-0.0102666 0.0111859 0.280379 -0.00095386 0.0116473 0.353793 -0.00160481 0.00997526 0.333046 0.00574513
0.0123131 0.174788 0.00884179 0.010273 0.0695024 -0.00462017 0.00728325 0.0636437 -0.00337175 0.00846462
0.193708 -0.00687459 0.00758373 0.183409 -0.0102961 0.0101149 0.0805269 -0.0101183 0.00274357 0.0737133
-0.0083485 0.00367896 0.0738338 -0.00741287 0.0051927 0.188642 -0.00840828 0.00871029 0.101177 -0.0123863
-0.000290345 0.0923134 -0.0106051 -0.000424769 0.0888708 -0.0108931 0.000405215 0.132404 0.00265099 1.01734e-05
0.113892 -0.00877518 -0.000478629 0.0828091 -0.00172404 0.00282711 0.0410125 -0.0213057 0.00817838 0.0254556
-0.0383085 -0.00308387 0.0303364 -0.0152216 0.00440727 0.0724611 -0.000839565 -0.00521677 0.0301001 -0.037556
-0.00270315 0.0260086 -0.0394627 -0.0122996 0.0157074 -0.0577849 -0.0394944 0.0146197 -0.0602481 -0.0330554
0.0169118 -0.0578781 -0.0225402 0.0270902 -0.0356622 -0.0182532 0.029008 -0.0278838 -0.0222646 0.0204515
-0.0385928 -0.0595349 0.0184422 -0.0456014 -0.0576263 0.0176862 -0.0504446 -0.0513081 0.0296122 -0.0173682
-0.025124 0.0286296 -0.0043812 -0.0273961 0.0214544 -0.00899019 -0.0683277 0.0207329 -0.0176588 -0.0684629
0.0213786 -0.0249689 -0.064516 0.02704 0.00985872 -0.0270933 0.024784 0.0245257 -0.0256224 0.0189341
0.026673 -0.0674237 0.0192982 0.0173992 -0.0706643 0.0205525 0.00842301 -0.0694338 0.02498 0.0379142
-0.0223541 0.0244395 0.0486307 -0.0183961 0.0173794 0.0596511 -0.0583548 0.0182264 0.0526424 -0.0635623
0.0183593 0.0443647 -0.0639745 0.0241141 0.0540688 -0.0108308 0.0246217 0.0546125 0.000475706 0.0152141
0.0757302 -0.0306335 0.0155543 0.0761465 -0.0416812 0.0155994 0.0719755 -0.0475906 0.0214904 0.0657893
-0.00683679 0.0387041 0.0394905 0.0148251 0.107474 0.00971963 0.0059419 0.0571557 0.0208665 0.0109978
0.0335565 0.0553125 0.00329837 0.198784 0.00718188 -0.0200537 0.271916 0.0141659 -0.0149827 0.218232
0.0107754 -0.0273348 0.268483 0.0184556 -0.015186 0.269029 0.0173414 -0.0150969 0.213213 0.00982948
-0.0252742 0.23717 0.0187742 -0.0399703 0.246825 0.0171497 -0.0400552 0.31023 0.0319417 -0.00366497
0.302834 0.0268966 -0.00576545 0.272836 0.0225434 -0.0142113 0.235119 0.0162468 -0.0339448 0.348508
0.0289598 0.0127181 0.308325 0.0343683 -0.00268868 0.242291 0.00906803 -0.033732 0.191238 0.00467086
-0.00827396 0.408407 0 0.0252369 0.364668 0.028182 0.00484138 0.364242 0.0285427 0.00730104
0.400004 0 0.0266169 0.355316 0.0301098 0.00695498 0.354884 0.0303736 0.00967013 0.389766
0 0.027039 0.348085 0.030138 0.00963338 0.140754 0.0643502 -0.01898 0.255933 0.121535
-0.0182895 0.293543 0.0821291 -0.0168411 -0.0356999 0.0239621 0.0465169 0.00397266 -0.00427438 0.0168142
0.206904 -0.00223295 0.0289774 0.0667984 0.0377812 0.0449839 -0.00739683 0.0675269 0.049924 0.304718
0.007989 0.0140979 0.296036 0.00906227 0.0143394 0.289824 0.00782289 0.0158269 0.285189 0.0238199
-0.0242442 0.38815 -0.00283972 0.00983597 0.385359 -0.0028677 0.00988914 0.362451 -0.00400237 0.00895088
0.380348 -0.00313717 0.0103902 0.376879 -0.00148673 0.0105211 0.105939 -0.0128877 -0.00165566 0.0881292
-0.00849175 -0.0186748 0.0937825 -0.00984982 -0.0186758 0 0 0 0 0
0 0.0708249 -0.000462281 -0.0102683 0.105577 -0.00800449 -0.0144065 0.109284 -0.00494331 -0.012296
0.0201989 0.0682953 -0.0125891 0.0122037 0.0774783 -0.0269532 0 0 0 0
0 0 0.247612 0.0091107 -0.0440586 0.155236 -0.00311675 -0.0181253 0.148162 -0.0053166
-0.0140267 0.255405 0.00108912 0.000982803 0.252041 0.00191186 0.00206594 0.274793 0.00816556 -0.0013621
0.2846 0.0122761 -0.00278684 0 0 0 0 0 0 0
0 0 -0.0407733 0.047724 0.0641799 -0.0405662 0.0213815 0.0560799 -0.0395521 0.0697122
0.0741696 -0.0419003 0.0547574 0.0745066 -0.0340471 0.084089 0.0741681 -0.0361986 0.0767983 0.0789122
-0.0282687 0.0932485 0.0701953 -0.0301654 0.088996 0.0749479 -0.0225439 0.0962071 0.0661477 -0.0235867
0.0956479 0.0709698 -0.0181793 0.0956841 0.0620827 -0.0192938 0.0969551 0.0662013 -0.0138109 0.0900326
0.0581567 -0.0144401 0.0939485 0.0623524 -0.00998237 0.0812749 0.0548513 -0.011636 0.0872419 0.0578717
-0.0092004 0.067079 0.0522234 -0.00635451 0.0736077 0.0551588 -0.0154981 0.0643527 0.0524589 0.332379
-0.00400078 0.0212179 0.33441 -0.0048289 0.0227325 0.321268 -0.00207798 0.0135187 0.327896 -0.00226811
0.0184329 0.3252 -0.00124947 0.0171629 0.321952 -4.12407e-05 0.0160689 0.309408 0.0073777 0.0107342
0.312189 0.00394296 0.0145475 0 0 0 0 0 0 0
0 0 0.218313 0.00798951 -0.0185357 0.239809 0.0846344 -0.0169629 0 0
0 0.130117 0.0873315 -0.00734377 0.226675 0.0928699 -0.0198694 -0.0365812 0.030806 0.00674455
0.0310752 0.0596328 0.00164073 -0.0613222 0.0207441 0.0433443 0 0 0 0.033804
-0.0113157 0.0438519 -0.060071 0.0224243 0.0284801 0.396975 -0.00336125 0.0103628 0.400325 -0.00375058
0.0107218 0.373584 -0.00298046 0.00816806 0.390944 -0.00289516 0.00990399 0.387981 -0.0025409 0.0131976
0.390377 -0.00251963 0.0133085 0 0 0 0 0 0 0.38575
-0.00261825 0.0133797 0 0 0 0.332317 -0.0344278 0.0208096 0.223459 -0.0549531
0.0371268 0.378132 -0.0129006 0.0162299 0.362501 -0.0360855 0.0207133 0.0674475 -0.00573547 0.00611737
0.0316516 -0.00296992 0.000427289 0 0 0 0 0 0 0
0 0 0.0486627 -0.00471596 -0.00597057 0.0568862 -0.00558753 -0.00871247 0.081736 -0.0108884
0.000821054 0.0651973 -0.00632532 -0.0113868 0 0 0 0 0 0
0.0810044 -0.00783127 -0.0166039 0.0226824 -0.020492 -0.00209097 0.00962739 -0.0681783 -0.0402349 0.011537
-0.060844 -0.0277096 0.0192298 -0.0523145 -0.0132592 0.00854568 -0.068975 -0.0513844 0.0103259 -0.0573937
-0.075289 0.00962953 -0.0627453 -0.068601 0.0163769 -0.0556492 -0.0473713 0.0112871 -0.0509508 -0.0809991
0.012606 -0.0294334 -0.0921191 0.0130287 -0.0370791 -0.0891812 0.0212032 -0.0324378 -0.0640948 0.0124907
-0.020793 -0.0948626 0.0123883 0.0063539 -0.0997437 0.0132165 -0.0029985 -0.0993214 0.0211738 -0.000546253
-0.0715443 0.0116582 0.0164681 -0.0992226 0.0106277 0.0473045 -0.0940748 0.0106209 0.0371573 -0.0963684
0.0180256 0.0360262 -0.0679267 0.0109473 0.0564729 -0.0911478 0.00887014 0.0798033 -0.0746586 0.00938712
0.0728775 -0.0818352 0.0156349 0.0673503 -0.0557864 0.00893342 0.084464 -0.0658535 0.00931149 0.0869047
-0.0428963 0.0150729 0.0767893 -0.0214575 0 0 0 0.207753 0.00884058 -0.0234541
0 0 0 0 0 0 0 0 0 0.230635
0.0139846 -0.0308444 0 0 0 0.269938 0.0162709 -0.015017 0.308898 0.0189684
-0.0102142 0.309761 0.0207293 -0.00921494 0.304992 0.0211566 -0.00949262 0.305423 0.0226887 -0.00845411
0.269772 0.0207895 -0.0150656 0.300671 0.0231293 -0.00873759 0.301411 0.0245125 -0.00762321 0.297602
0.0246372 -0.00781681 0 0 0 0 0 0 0 0
0 0 0 0 0 0 0 0 0 0
0 0 0 0.384472 -0.00262555 0.0140297 0.38257 -0.00313964 0.01007 0.0998286
-0.0100159 -0.016598 0 0 0 0 0 0 0 0
0 0.0429785 0.0299051 0.00641353 0 0 0 0 0 0
0 0 0 0 0 0 0 0 0 0
0 0 0 0 0 0 0 0 0 0
0 0.142274 -0.0097768 -0.070997 0 0 0 0 0 0
0 0 0 0 0 0 0.175706 0.0050336 0.00599685 0.157803
0.000835878 -0.00599477 0 0 0 0 0 0 0 0
0 -0.00177361 0.0436609 -0.0582703 0 0 0 -0.00480391 0.0694415 -0.0743896
0 0 0 0 0 0 0 0 0 0
0 0 0.00082229 -0.0393576 0.0187411 0 0 0 0.00119903 -0.045356
0.0095023 0 0 0 0 0 0 0 0 0
0 0 0 0 0 0 0 0 0 0.219117
-0.0040688 0.0248241 0 0 0 0.209499 0.00272112 0.0228279 0 0
0 0.199931 0.00265075 0.0218335 0 0 0 0 0 0
0 0 0 0 0 0 0 0 0 0
0 0 -0.00678774 -0.0912099 0.0732586 0 0 0 0 0
0 0 0 0 0.175851 -0.015302 -0.0532575 0 0 0
0 0 0 0 0 0 0 0 0 -0.0216597
-0.079891 0.0804842 0 0 0 0 0 0 0 0
0 0 0 0 0 0 0 0 0 0
0 0 0 0 0 0 0 0 0 0
0 0 0 0 0 0 0 0 0 0
0 0 0 0 0 0 0 0 0 0
0 0 0 0 0 0 0 0 0 0
0 0 -3.66403e-05 0.0382911 -0.0299267 0 0 0 -0.00442083 0.0698296
-0.0432983 0 0 0 0 0 0 0 0 0
0.139578 -0.00349609 0.00406983 0 0 0 0 0 0 0
0 0 0 0 0 0 0 0 0 0
0 0 0 0 0 0 0 0 0 0
0 0 0 0 0 0 0 0 0 0
0 0 0 0 0 0 0 0 0 0
0 -0.052151 -0.0111382 0.0214608 0 0 0 0.398464 -0.00299066 0.0147837
0.401426 -0.00328076 0.0155416 0 0 0 0 0 0 0.395622
-0.0027492 0.0141431 0 0 0 0.203663 0.00802305 -0.021642 0.27097 0.0152351
-0.0150226 0.224667 0.0120468 -0.0291191 0.26874 0.0196152 -0.0152384 0 0 0
0 0 0 0 0 0 0 0 0 0
0 0 0 0 0 0 0 0 0 0
0 0.330242 -0.00315945 0.0197876 0 0 0 0 0 0
0 0 0 0 0 0 0.317772 0.00156804 0.0151847 0
0 0 0 0 0 0 0 0 0 0
0 0 0 0 0 0 0 0 0 0
0.392926 -0.00258822 0.0136405 0.393855 -0.00307273 0.0100871 0.0403044 -0.00376019 -0.00302099 0
0 0 0.0733855 -0.00703286 -0.0140015 0 0 0 0 0
0 0.0157573 -0.0490533 -0.0159108 0 0 0 0 0 0
0 0 0 0 0 0 0.0089543 -0.0667388 -0.0607529 0
0 0 0 0 0 0 0 0 0 0
0 0.0124825 -0.0440419 -0.0856067 0 0 0 0 0 0
0 0 0 0 0 0 0.0130639 -0.0118101 -0.0974537 0
0 0 0 0 0 0 0 0 0 0
0 0.0112078 0.0267336 -0.098062 0 0 0 0 0 0
0 0 0 0 0 0 0.0104559 0.064836 -0.0872278 0
0 0 0 0 0 0 0 0 0 0
0 0.00880415 0.0860575 -0.0552169 0 0 0 0 0 0
0 0 0 0 0 0 0 0 0 0.365909
3.60491e-30 0.00897786 0.288226 -0.00861855 0.00865358 0.178056 -0.0124753 -0.0249837 0.171616 -0.0121211
-0.0259329 0.0764484 -0.000668167 -0.0236313 0.0593545 -0.00603217 -0.0148355 0.210766 0.0102977 0.00679998
0.205456 0.00853942 0.00628195 0.225425 0.0121258 0.0238895 0.213017 0.00122704 0.0278443 0.207429
-0.00635007 0.0262347 0.194227 -0.0300554 -0.0107804 0.189109 -0.0271625 -0.0145852 0.200824 -0.0206715
-0.0391326 0.196208 -0.0198146 -0.0401754 0.174916 -0.00371479 -0.0704661 0 0 0
0.242333 0.0175945 -0.0357806 0.247203 0.0185547 -0.0288674 0.274318 0.00524085 0.0215781 0.284473
-0.0476359 0.0281787 0.249468 -0.11964 0.00220763 0.237841 -0.151085 -0.0244525 0.199242 -0.220705
-0.0830329 0.119008 -0.206498 -0.0573885 0.0659801 -0.210325 -0.0761519 0.0170438 -0.182125 -0.0824248
0.00683012 -0.163537 -0.0808713 0.0047692 -0.140962 -0.0762993 0.011362 -0.0964387 -0.0694132 0.0167074
-0.0731671 -0.0683139 0.024064 -0.0458011 -0.0647503 0.0314909 0.0104657 -0.0608127 0.0331257 0.0372624
-0.0605187 0.04259 0.0583277 -0.0561816 0.0808197 0.101717 -0.0455851 0.172265 0.138201 -0.020185
0.254642 0.125385 0.000663526 0.351096 0.146631 -0.0343582 0.423675 0.0576403 0.0173626 0.416526
0 0.0261092 0.0994056 0.00263014 -0.0287393 0.0822609 0.00282885 -0.0264819 0.163969 0.0118006
0.00295254 0.197711 0.00579773 0.00436948 0.19524 0.00449352 0.00471448 0.219267 0.00455342 0.0234948
0.210114 -0.0229457 -0.0377659 0.206634 -0.0206735 -0.0399043 0.1965 -0.012623 -0.0513107 0.0585492
-0.00162257 -0.0159033 0.0792101 -0.00215721 -0.0173578 0.101164 -0.00151748 -0.0163195 0.0796006 -0.00354417
-0.0144392 0.179085 -0.269266 -0.107755 0.109354 -0.292243 -0.122473 0.0131438 -0.190355 -0.0990335
0.0366307 -0.274631 -0.139296 0.0148601 -0.215789 -0.136549 0.00390069 -0.171375 -0.0975354 0.00350125
-0.185198 -0.133424 0.00561018 -0.119635 -0.0740979 0.00355697 -0.102335 -0.0902247 0.000502555 -0.125313
-0.0921053 0.00025889 -0.13825 -0.130004 0.00126294 -0.115537 -0.129732 0.00684371 -0.0784127 -0.0889792
0.00303708 -0.0920298 -0.13142 0.0289283 -0.0186726 -0.0649996 0.0149805 0.0027301 -0.0896485 0.0138028
-0.0256809 -0.0890516 0.00578569 -0.0409866 -0.13717 0.00561439 -0.0138267 -0.140994 0.0180842 0.0299242
-0.0897089 0.00866249 0.0124992 -0.144488 0.0532964 0.0795533 -0.0541445 0.0540072 0.105827 -0.0806254
0.0360441 0.0822432 -0.0862252 0.0204492 0.0745169 -0.147801 0.0491751 0.116361 -0.13994 0.0897446
0.217515 -0.131043 0.203459 0.257845 -0.0984352 0.313615 0.220006 -0.0672513 0 0
0 0.185109 -0.00481592 -0.0706435 0 0 0 0 0 0
0 0 0 0 0 0 0 0 0 0
0 0 0 0 0 0.156871 0.00792873 0.0014515 0 0
0 0.151422 0.00531929 9.70132e-05 0 0 0 0.202273 -0.0134744 -0.0513278
0.20765 -0.0147526 -0.0509812 0.194499 -0.00581569 -0.0710464 0 0 0 0
0 0 0 0 0 0.000385004 -0.160864 -0.130773 0.000499445 -0.147934
-0.0948669 0.00447625 -0.0668742 -0.133296 0.0107966 -0.0524498 -0.088716 0.0126691 0.0434605 -0.14697
0.0254237 0.0554923 -0.089425 0.648333 -0.00669731 0.00776723 0.661368 -0.00301817 0.00812575 0.681098
-1.16874e-30 0.0173696 0.667287 1.06307e-30 0.015141 0.631346 -0.00308026 0.00463433 0.648994 -6.62041e-33
0.0100907 0.612506 -0.000111038 0.00271295 0.629948 -6.48485e-35 0.00639445 0.587976 0.00122257 0.00177021
0.605815 1.25633e-35 0.00412093 0.5589 0.00213213 0.00114172 0.577232 7.56248e-37 0.00251739 0.527466
0.00275979 0.00070008 0.545816 1.72732e-38 0.00142854 0.495167 0.00305346 0.00042782 0.51271 1.99395e-40
0.000779449 0.463035 0.00306024 0.000270594 0.479124 1.30181e-42 0.000431313 0.431973 0.00288248 0.000174331
0.446261 5.60519e-45 0.000248862 0.40286 0.00256434 0.000110188 0.415263 0 0.000148945 0.376658
0.00218087 6.35925e-05 0.38729 0 8.94516e-05 0.353858 0.00181032 3.02951e-05 0.362908 0
5.0636e-05 0.334227 0.0014861 1.13837e-05 0.341884 0 2.76261e-05 0.317717 0.0011992 -7.89042e-06
0.324204 0 5.53286e-06 0.303617 0.000947098 -2.50871e-05 0.309101 0 -1.47174e-05 0.293714
0.000720324 -3.83557e-05 0.298268 0 -3.17762e-05 0.284513 0.000568465 -6.45051e-05 0.2882 -0
-6.02241e-05 0.2807 0.000515254 -5.86813e-05 0.283532 -0 -5.50144e-05 0.268788 0.000515975 -0.000102055
0.270902 -0 -9.85529e-05 0.268196 0.000562189 -1.0269e-05 0.269683 -0 -1.055e-06 0.241832
0.000426412 -0.00013825 0.242885 -0 -0.000125113 0.261824 0.000534593 3.44957e-05 0.26251 -0
4.15032e-05 0.200815 0.000166528 -0.000195782 0.201267 -0 -0.000197115 0.311377 -0.000618409 0.00216255
0.311596 -0 0.0021642 0.019766 0 0.000189705 0 0 0 0.593149
-0.00452071 -0.00542925 0.610006 0.000434367 -0.00890481 0.576599 0.000589261 -0.00410981 0.557008 0.00410289
-0.00259908 0.531889 0.00517371 -0.00138391 0.503504 0.00584246 -0.000637699 0.474445 0.00624086 -0.000233358
0.446046 0.00626729 -2.9242e-05 0.418802 0.00597309 5.1701e-05 0.393041 0.00548852 6.34115e-05 0.369176
0.00483031 4.46561e-05 0.347816 0.00409575 1.41244e-05 0.329342 0.00339988 -1.27944e-05 0.313459 0.00279663
-2.75572e-05 0.300082 0.00226093 -4.1202e-05 0.288678 0.00177976 -4.93302e-05 0.281274 0.00133989 -5.43412e-05
0.274392 0.00104512 -7.5097e-05 0.272871 0.00095112 -6.82389e-05 0.262898 0.000971043 -0.000111142 0.264013
0.0010874 -2.49096e-05 0.238857 0.000833412 -0.000155756 0.259862 0.0010538 2.45199e-05 0.199554 0.000315859
-0.000192588 0.310717 -0.00125167 0.00216057 0 0 0 0.441558 0.00271164 -0.00832337
0.438582 0.00812406 -0.0112568 0.443943 0.00677325 -0.00576977 0.440799 0.00918674 -0.00339484 0.42848
0.00933135 -0.00175469 0.411155 0.00931238 -0.000821477 0.392205 0.0091731 -0.000330403 0.373232 0.00880017
-8.91079e-05 0.354832 0.0081908 8.06508e-06 0.337375 0.0074495 3.0348e-05 0.321183 0.00653374 1.77111e-05
0.306768 0.0055401 -1.07315e-05 0.294498 0.00460886 -3.92347e-05 0.283918 0.00381256 -5.81147e-05 0.274984
0.00309446 -6.95377e-05 0.267396 0.00242163 -6.93349e-05 0.263487 0.00179385 -6.89089e-05 0.259808 0.00137318
-8.47414e-05 0.261464 0.00126237 -7.62845e-05 0.254219 0.00132613 -0.000117757 0.257788 0.0015402 -3.16214e-05
0.234399 0.00118918 -0.000160694 0.256918 0.00153314 2.12721e-05 0.197746 0.000427849 -0.000187756 0.3098
-0.00191488 0.00215931 0 0 0 0.235124 0.00125757 -0.000700745 0.192234 -0.00247231
0.00608581 0.269921 0.0064488 -0.00163825 0.294343 0.00967156 -0.00113621 0.302143 0.0104094 -0.000580253
0.300983 0.0106326 -0.000240138 0.295634 0.0105043 -5.68265e-05 0.288566 0.0100772 2.71665e-05 0.280749
0.00938128 5.01735e-05 0.272889 0.00854684 4.21233e-05 0.265425 0.00750731 1.89517e-05 0.258933 0.00637089
-1.18862e-05 0.253803 0.0053166 -4.30671e-05 0.249386 0.00443536 -6.68289e-05 0.245714 0.00362128 -7.98353e-05
0.242583 0.0028134 -7.92608e-05 0.242695 0.00203889 -7.93595e-05 0.242644 0.00151693 -9.22435e-05 0.247893
0.00141637 -8.03805e-05 0.2438 0.00155163 -0.000118206 0.250267 0.00189535 -3.33281e-05 0.229025 0.00147378
-0.000159109 0.253404 0.00195967 1.45908e-05 0.195847 0.000494769 -0.000191829 0.308983 -0.00261563 0.0021588
0 0 0 0.0980768 -0.0108009 0.0033702 0.0590215 -0.0312365 0.0160227 0.137242
-0.00107532 0.000634964 0.170413 0.00534177 0.00022408 0.18729 0.00843115 0.000150631 0.19556 0.00980948
0.000131618 0.200018 0.0102101 0.000117335 0.202907 0.0100555 9.65761e-05 0.204736 0.00950065 7.01699e-05
0.206077 0.00874099 4.02453e-05 0.207194 0.00771151 1.04775e-05 0.208657 0.00654505 -1.68807e-05 0.210802
0.0054775 -4.40322e-05 0.212809 0.00461688 -6.62729e-05 0.214757 0.00380006 -8.08958e-05 0.216332 0.00292824
-8.53028e-05 0.220677 0.00205841 -8.92887e-05 0.224393 0.00146523 -0.000101483 0.233343 0.00140052 -8.60107e-05
0.23257 0.0016322 -0.000118245 0.24215 0.00214068 -3.54234e-05 0.223331 0.00167652 -0.000157556 0.249785
0.00232155 1.12972e-05 0.194426 0.000507989 -0.000178712 0.308723 -0.00335752 0.00217965 0 0
0 0.0254787 -0.0162326 0.00241178 0.0235167 -0.0433312 0.0135006 0.044882 -0.0061106 0.000328437
0.0696369 0.0015117 0.000115619 0.0873007 0.00620739 0.000104628 0.099879 0.00835794 0.000113684 0.11086
0.00907479 0.000103446 0.12162 0.00912351 8.43308e-05 0.13167 0.00873535 6.03797e-05 0.141306 0.00812292
3.0274e-05 0.150374 0.00719622 -1.65716e-06 0.159327 0.00608874 -2.35322e-05 0.168383 0.0050988 -4.17834e-05
0.176585 0.00434873 -5.88894e-05 0.184067 0.00361976 -7.7379e-05 0.190269 0.00276048 -9.08408e-05 0.1988
0.00184993 -9.96055e-05 0.206223 0.00122012 -0.000113196 0.218778 0.00121716 -9.50414e-05 0.221299 0.00156539
-0.00012039 0.234033 0.00226957 -4.11128e-05 0.217898 0.00179058 -0.000162593 0.246544 0.00259908 1.35909e-05
0.19404 0.000451471 -0.000170558 0.309471 -0.00413246 0.00219038 0 0 0 -0.0206637
-0.0167881 0.00189167 0.00467791 -0.0459046 0.0129487 -0.0215879 -0.00853136 0.00016115 -0.0117999 -0.00125656
1.70522e-06 0.000924855 0.00390814 4.47527e-06 0.0150229 0.00641646 2.7922e-05 0.0306122 0.00724291 3.71672e-05
0.047871 0.00741528 3.71654e-05 0.0648647 0.00720606 3.09709e-05 0.0817569 0.00677954 1.77601e-05 0.0980006
0.00601966 -3.26496e-06 0.113725 0.00504705 -1.97365e-05 0.128995 0.00421712 -3.40155e-05 0.142776 0.00365532
-4.862e-05 0.155337 0.00309806 -7.40642e-05 0.165827 0.00232594 -9.9972e-05 0.178253 0.00142633 -0.000113104
0.189151 0.000792529 -0.000129448 0.205053 0.000876493 -0.000110476 0.210664 0.00135935 -0.000126493 0.226452
0.00228265 -4.99322e-05 0.213268 0.00181558 -0.000171684 0.244133 0.00278147 1.02878e-05 0.195117 0.000324566
-0.000188317 0.311551 -0.00491669 0.00218386 0 0 0 -0.0563036 -0.0130327 0.00165691
-0.0160186 -0.0409404 0.0130646 -0.0721389 -0.00760213 9.03552e-05 -0.0757876 -0.00182458 -7.10225e-05 -0.0700856
0.00236085 -9.52689e-05 -0.0560494 0.00435629 -7.13983e-05 -0.0374489 0.0049369 -4.25369e-05 -0.015608 0.00509868
-2.83954e-05 0.0068505 0.00503465 -2.45264e-05 0.0300562 0.00479186 -2.40877e-05 0.0528528 0.00425584 -2.30219e-05
0.0744312 0.00349297 -2.45608e-05 0.0948756 0.00289854 -4.05157e-05 0.113266 0.00259374 -5.92375e-05 0.130101
0.00227513 -8.82207e-05 0.144376 0.00165339 -0.000119655 0.160238 0.000809834 -0.000135689 0.174177 0.000203909
-0.000149561 0.192996 0.000399643 -0.000128838 0.201346 0.00102859 -0.000138461 0.219956 0.0021806 -6.13755e-05
0.209929 0.00174708 -0.000183033 0.24294 0.00285986 4.18567e-06 0.197871 0.00012893 -0.000201418 0.315087
-0.00568447 0.00218927 0 0 0 -0.0838239 -0.00764984 0.00134875 -0.0420155 -0.0292143
0.013919 -0.11037 -0.0050422 0.000118339 -0.122299 -0.00108823 -7.98248e-05 -0.121589 0.00142755 -0.00014375
-0.10837 0.00230867 -0.000143837 -0.0881292 0.00238844 -0.000125181 -0.0636779 0.00241225 -0.000104022 -0.0375922
0.00239539 -8.57457e-05 -0.0102166 0.00228021 -7.43469e-05 0.0177792 0.00199183 -6.6564e-05 0.044261 0.00153327
-6.13958e-05 0.068358 0.00125882 -7.32515e-05 0.0900643 0.00126467 -9.03319e-05 0.110105 0.00122568 -0.00011647
0.127516 0.00079077 -0.000142532 0.146219 4.09922e-05 -0.000156869 0.162526 -0.000514945 -0.000155023 0.18354
-0.000190772 -0.00013207 0.194046 0.000592877 -0.000155663 0.215098 0.0019673 -7.93193e-05 0.208287 0.00158685
-0.000198776 0.243251 0.00283192 -3.28535e-06 0.202297 -0.000129037 -0.000221035 0.319997 -0.00640674 0.00219026
0 0 0 -0.101222 -0.00177357 0.000912936 -0.0656095 -0.0128081 0.0151593 -0.134166
-0.00112284 0.00015323 -0.14928 0.00046626 -7.32598e-05 -0.150334 0.000885319 -0.000159351 -0.137097 0.000320844
-0.000188986 -0.115449 -0.000285994 -0.000184613 -0.0892782 -0.000483731 -0.000163433 -0.0612005 -0.000499393 -0.000134638
-0.0321908 -0.000543126 -0.00010606 -0.00187602 -0.0006374 -9.87873e-05 0.027128 -0.000709353 -0.000104434 0.0527915
-0.000571841 -0.000108636 0.0760309 -0.000237107 -0.000107038 0.0979008 9.50935e-06 -0.000117249 0.11747 -0.000225555
-0.000130103 0.138058 -0.000846365 -0.000137524 0.155628 -0.00132915 -0.000137616 0.177663 -0.000860666 -0.000125956
0.189443 8.67903e-05 -0.000165057 0.212372 0.00166152 -9.75782e-05 0.20862 0.0013448 -0.000212192 0.245218
0.00270408 -7.78469e-06 0.208217 -0.000433876 -0.000249147 0.32604 -0.00705545 0.0021927 0 0
0 -0.105737 0.00396963 0.000709533 -0.0739168 0.00412206 0.0158427 -0.139437 0.00311373 0.000160188
-0.153717 0.00207815 -8.27884e-05 -0.153088 0.000301647 -0.000182127 -0.13774 -0.0017991 -0.000212635 -0.114573
-0.00311152 -0.000191387 -0.0876865 -0.0034978 -0.000158442 -0.0593044 -0.00346802 -0.000126457 -0.0304276 -0.00341182
-9.96357e-05 -0.000940218 -0.00330907 -9.79745e-05 0.0268849 -0.0029685 -0.000109204 0.0516243 -0.00240683 -0.000117869
0.0743466 -0.00177726 -0.000121172 0.0963026 -0.0012902 -0.000120005 0.116411 -0.00133886 -0.000113409 0.137266
-0.00179857 -0.000113219 0.154528 -0.00216574 -0.000127768 0.176094 -0.00154553 -0.000125441 0.188106 -0.000458685
-0.000156389 0.212163 0.00127957 -9.54259e-05 0.211059 0.00103037 -0.000212715 0.248862 0.00248739 -7.54867e-06
0.215368 -0.000766938 -0.000283095 0.332919 -0.00760829 0.00219823 0 0 0 -0.0972894
0.00924613 0.000669923 -0.0684471 0.0200228 0.0157169 -0.126143 0.00698408 8.49126e-05 -0.136077 0.003252
-0.00013724 -0.130514 -0.000757932 -0.000217251 -0.11149 -0.00424302 -0.000199433 -0.0875487 -0.00604166 -0.000138911
-0.0613881 -0.00650003 -9.43827e-05 -0.0345597 -0.00637221 -7.08828e-05 -0.00767239 -0.00612487 -6.35826e-05 0.0183994
-0.00572885 -6.47023e-05 0.042345 -0.00500271 -6.88019e-05 0.0643697 -0.0040914 -9.13793e-05 0.0850216 -0.00320914
-0.00012244 0.105489 -0.00252192 -0.000141406 0.124394 -0.00239954 -0.000145892 0.143823 -0.00268476 -0.00014235
0.159312 -0.00292526 -0.00014162 0.179064 -0.00217634 -0.000130387 0.19035 -0.00100565 -0.000155382 0.214692
0.000839847 -8.94154e-05 0.215589 0.000660823 -0.000212535 0.254083 0.00219747 -2.88834e-06 0.223471 -0.00110993
-0.000310656 0.340342 -0.00804492 0.00219877 0 0 0 -0.0796927 0.0137879 0.000792912
-0.0550409 0.0355222 0.0146701 -0.0980033 0.00978433 -1.21976e-05 -0.0994042 0.00347707 -0.000166446 -0.0863674
-0.00257711 -0.000188293 -0.0642689 -0.00703575 -0.000125896 -0.0412873 -0.00898288 -6.39252e-05 -0.0174387 -0.00935668
-3.46288e-05 0.00592148 -0.00902645 -2.73982e-05 0.0285591 -0.00849432 -3.1816e-05 0.0495245 -0.00775636 -3.84523e-05
0.0686833 -0.00672329 -4.62934e-05 0.087078 -0.00556001 -7.09084e-05 0.104721 -0.00447187 -0.000103155 0.122676
-0.00360328 -0.000138055 0.139281 -0.00330088 -0.000168521 0.156309 -0.00340369 -0.000177829 0.169179 -0.00352907
-0.000177537 0.186287 -0.00269823 -0.000151901 0.196137 -0.00150384 -0.000168189 0.219955 0.000382876 -9.52608e-05
0.222065 0.000265346 -0.000220265 0.260692 0.00186 -1.05079e-05 0.232268 -0.00144257 -0.000347364 0.348063
-0.0083476 0.00219045 0 0 0 -0.0546778 0.0162549 0.000923089 -0.0356737 0.048431
0.0135508 -0.0573629 0.0105489 -7.93275e-05 -0.045772 0.00210717 -0.000151497 -0.0240697 -0.00532889 -9.62877e-05
-0.00150432 -0.00996951 -1.71982e-05 0.0182233 -0.0116584 1.03124e-07 0.0375752 -0.0118051 -9.03929e-07 0.0556144
-0.0111866 -4.44805e-06 0.0725227 -0.010349 -1.83924e-05 0.0879301 -0.0093136 -4.11117e-05 0.102188 -0.00806055
-6.03566e-05 0.116243 -0.00673173 -7.69011e-05 0.130206 -0.00550777 -9.58486e-05 0.144939 -0.0044987 -0.000126423
0.158677 -0.00402701 -0.000158766 0.172916 -0.00394224 -0.0001837 0.182933 -0.00394285 -0.000209396 0.197117
-0.00307229 -0.000185301 0.205096 -0.00191817 -0.000187591 0.227712 -5.46748e-05 -0.000102676 0.230243 -0.000124957
-0.000235255 0.268452 0.00150563 -2.85203e-05 0.241538 -0.00173961 -0.000386042 0.355887 -0.00850248 0.002188
0 0 0 -0.0179701 0.0173963 0.00100799 -0.0118113 0.0587093 0.0136831 -0.00151996
0.00880408 -7.21734e-05 0.0246852 -0.00114596 -0.000101965 0.0514547 -0.00873705 -1.61603e-05 0.0710905 -0.0126247
5.26492e-05 0.0858605 -0.0137933 5.26051e-05 0.0989947 -0.0136409 3.15e-05 0.110649 -0.0127469 4.28232e-06
0.12144 -0.0116514 -2.25333e-05 0.131168 -0.0103882 -4.75894e-05 0.140244 -0.00897928 -6.85043e-05 0.149553
-0.00755067 -8.52753e-05 0.159336 -0.00625595 -0.000100941 0.170307 -0.00515949 -0.000127399 0.180833 -0.00455924
-0.000154587 0.192124 -0.00430536 -0.000181429 0.199388 -0.00418116 -0.000215566 0.21073 -0.00329524 -0.000205092
0.216647 -0.00222409 -0.000216733 0.237562 -0.000439302 -0.000124762 0.239827 -0.000479214 -0.000258662 0.277128
0.00115294 -3.62034e-05 0.251097 -0.00198418 -0.000419984 0.363667 -0.00849946 0.00217988 0 0
0 0.0427219 0.0137944 0.00126131 0.0381469 0.0562311 0.0125339 0.0758435 0.00370843 -0.000176845
0.111872 -0.00584097 -0.000116155 0.136241 -0.0120298 1.52081e-05 0.150213 -0.0147074 7.60806e-05 0.158615
-0.0152694 8.00396e-05 0.164623 -0.014774 5.09963e-05 0.169284 -0.0136452 1.2309e-05 0.173449 -0.0123612
-1.91982e-05 0.17718 -0.0109498 -4.59087e-05 0.180865 -0.00945584 -7.0727e-05 0.185262 -0.00799079 -9.41433e-05
0.190622 -0.00668244 -0.000113718 0.197531 -0.00555605 -0.000136963 0.20463 -0.00487904 -0.000158312 0.21288
-0.00449367 -0.000181215 0.217569 -0.00426417 -0.000210592 0.226287 -0.00338278 -0.000205175 0.230122 -0.00241136
-0.00023761 0.24903 -0.00074355 -0.000153774 0.250502 -0.000772253 -0.000282638 0.286489 0.000818499 -3.87444e-05
0.260791 -0.002164 -0.000458179 0.371296 -0.00833116 0.00215915 0 0 0 0.164702
0.0101521 7.42203e-05 0.18191 0.0639532 0.00553371 0.188117 -0.0023702 -0.000688274 0.215531 -0.0105298
-0.000361376 0.229853 -0.0145999 -7.64707e-05 0.23483 -0.0160061 5.62194e-05 0.234618 -0.0159234 8.62696e-05
0.232313 -0.0151048 6.44871e-05 0.229309 -0.0138183 3.21262e-05 0.226484 -0.0124417 -4.25865e-06 0.22403
-0.0109801 -4.13204e-05 0.22227 -0.00948106 -7.48729e-05 0.221795 -0.0080438 -0.00010399 0.222766 -0.00677471
-0.000127108 0.225623 -0.00567538 -0.00014864 0.229246 -0.00497851 -0.000164694 0.234431 -0.00451027 -0.000182446
0.236687 -0.00420412 -0.000206312 0.243019 -0.00334768 -0.000201171 0.244851 -0.00248437 -0.000245245 0.261613
-0.000958689 -0.000168082 0.261943 -0.000990009 -0.00030036 0.296303 0.000518168 -4.13168e-05 0.270469 -0.00226645
-0.000489764 0.378676 -0.00799303 0.00214144 0 0 0 0.32376 0.0149914 -0.00152431
0.356951 0.0895248 0.00031665 0.324592 -0.00328853 -0.00115344 0.329675 -0.0118815 -0.000628665 0.32817
-0.015108 -0.000211594 0.320662 -0.0158412 3.54143e-06 0.310058 -0.0154316 7.33085e-05 0.29874 -0.014496
6.87931e-05 0.287874 -0.0132148 4.14877e-05 0.278131 -0.0118807 5.16311e-06 0.269669 -0.0104813 -3.60892e-05
0.262703 -0.00906426 -7.74718e-05 0.257644 -0.00772321 -0.000111832 0.25453 -0.00654675 -0.000136391 0.25362
-0.00552514 -0.000157724 0.253908 -0.00485863 -0.000171408 0.256115 -0.00435864 -0.000185133 0.256064 -0.00401112
-0.000207255 0.260227 -0.00320069 -0.000202783 0.260195 -0.00244872 -0.000250626 0.274803 -0.00108596 -0.000170669
0.273799 -0.00112835 -0.000308784 0.306318 0.000262777 -4.22793e-05 0.279966 -0.00228132 -0.000520467 0.385706
-0.00748385 0.0021242 0 0 0 0.446921 0.0199501 -0.00198067 0.456879 0.100809
0.000101037 0.441553 -0.00146427 -0.00113883 0.432016 -0.0104497 -0.000673226 0.417045 -0.0135666 -0.000286334
0.398286 -0.0141842 -5.64725e-05 0.378315 -0.0137985 3.60426e-05 0.359023 -0.0129777 4.87435e-05 0.341289
-0.0118725 2.95059e-05 0.325551 -0.0107193 -1.98047e-07 0.31188 -0.00949557 -3.80165e-05 0.300406 -0.00824589
-8.12016e-05 0.291379 -0.00706602 -0.00011757 0.284727 -0.00603303 -0.000141352 0.280542 -0.00513133 -0.000162581
0.277822 -0.00453386 -0.000176959 0.277272 -0.00404792 -0.000188145 0.275063 -0.00369376 -0.000210435 0.277262
-0.00295015 -0.000208025 0.275539 -0.0023102 -0.000257861 0.288096 -0.00112921 -0.000172361 0.285683 -0.00118593
-0.000315376 0.316246 6.10059e-05 -4.16244e-05 0.289088 -0.00220255 -0.0005478 0.392273 -0.00680705 0.0021091
0 0 0 0.517496 0.0222001 -0.00280377 0.495006 0.0989981 -0.00210886 0.514686
0.000776704 -0.00119955 0.501566 -0.00755573 -0.000703578 0.481207 -0.0105041 -0.000340772 0.456927 -0.0112787
-0.000104653 0.431749 -0.0111856 -2.48212e-06 0.407651 -0.0106908 1.97779e-05 0.38554 -0.00991741 8.09152e-06
0.365785 -0.0090621 -1.67537e-05 0.348461 -0.00810741 -4.92662e-05 0.333707 -0.0070971 -8.7006e-05 0.321687
-0.00613137 -0.000121057 0.312254 -0.00528181 -0.00014414 0.305425 -0.00453132 -0.000164899 0.300169 -0.00402897
-0.000180082 0.297203 -0.00359319 -0.000190129 0.293046 -0.00326279 -0.000212961 0.293491 -0.00260652 -0.000212353
0.290288 -0.00207755 -0.000265559 0.300984 -0.0010905 -0.000177623 0.297166 -0.00115997 -0.000326352 0.325756
-8.195e-05 -4.17108e-05 0.29761 -0.00202909 -0.000571003 0.398254 -0.00597073 0.00209313 0 0
0 0.5439 0.0212977 -0.00433687 0.489104 0.0865442 -0.00641793 0.546284 0.00214354 -0.00184596
0.534989 -0.00494854 -0.00112252 0.515304 -0.00749247 -0.00059862 0.491148 -0.00828402 -0.000265216 0.465649
-0.00839382 -0.000109995 0.440821 -0.00817458 -5.32427e-05 0.417638 -0.00771156 -4.03381e-05 0.396514 -0.0071521
-4.92707e-05 0.37761 -0.00648081 -6.86622e-05 0.361157 -0.0057344 -9.42289e-05 0.34736 -0.00500384 -0.000122748
0.336065 -0.00435371 -0.00014472 0.327308 -0.00376984 -0.000165117 0.320086 -0.00337598 -0.000180304 0.315145
-0.00301504 -0.000189992 0.309327 -0.00273195 -0.000213912 0.308262 -0.00218222 -0.000214109 0.303827 -0.00176261
-0.000273515 0.312928 -0.000975758 -0.000186397 0.307774 -0.00105144 -0.000341813 0.334475 -0.000163526 -4.60488e-05
0.305264 -0.00176338 -0.000594756 0.403504 -0.00498651 0.00207429 0 0 0 0.540625
0.0201802 -0.00646946 0.456183 0.0715661 -0.0110938 0.549746 0.00399515 -0.00298881 0.542767 -0.00205223
-0.00180468 0.526581 -0.00436022 -0.000984343 0.505476 -0.00526014 -0.000481469 0.482541 -0.00560314 -0.000230662
0.459698 -0.00565297 -0.000120875 0.437865 -0.00547432 -7.83737e-05 0.417455 -0.00518133 -7.05738e-05 0.398703
-0.00477098 -7.80456e-05 0.38194 -0.0042764 -9.50071e-05 0.367475 -0.00377212 -0.000119895 0.355221 -0.0033143
-0.00014106 0.345269 -0.00289583 -0.000161852 0.336686 -0.00261216 -0.000178351 0.330277 -0.00233935 -0.000189224
0.323156 -0.00211942 -0.00021442 0.320874 -0.00169261 -0.00021464 0.315476 -0.00137982 -0.000279876 0.323301
-0.000793438 -0.000195333 0.316965 -0.000865645 -0.000357762 0.34198 -0.000185269 -5.30262e-05 0.311748 -0.0014114
-0.000620325 0.407863 -0.00386924 0.00205075 0 0 0 0.533013 0.0149882 -0.00552973
0.429106 0.0461772 -0.0101823 0.548028 0.00449449 -0.00201434 0.544849 -5.63929e-05 -0.0010122 0.53144
-0.00199868 -0.000377919 0.512684 -0.0028873 -5.09819e-05 0.491843 -0.00332805 5.41476e-05 0.470815 -0.00351346
5.65487e-05 0.450442 -0.00349429 2.65266e-05 0.431072 -0.00336413 -9.3146e-06 0.412935 -0.00313538 -4.21508e-05
0.396394 -0.0028356 -7.4062e-05 0.381823 -0.00251866 -0.000106398 0.369184 -0.0022268 -0.00013141 0.358599
-0.00195796 -0.000154779 0.349187 -0.00177572 -0.000174075 0.341806 -0.00159439 -0.000186578 0.333775 -0.00144554
-0.00021317 0.330607 -0.0011542 -0.00021338 0.32452 -0.000946186 -0.000281135 0.331412 -0.000557544 -0.000198793
0.324144 -0.00061386 -0.000367585 0.347813 -0.000154138 -5.6281e-05 0.316733 -0.000985539 -0.000638111 0.41116
-0.00264263 0.00203034 0 0 0 0.553657 0.00844305 0.00189996 0.462755 0.0219504
0.000926099 0.564866 0.00380849 0.00350334 0.558982 0.00111388 0.00282479 0.543596 -0.000257079 0.00220964
0.523464 -0.000985267 0.00162736 0.501768 -0.00139848 0.00108675 0.480269 -0.00161199 0.000657838 0.459673
-0.00167233 0.000359361 0.440209 -0.0016467 0.000167384 0.42202 -0.00155502 4.67384e-05 0.4054 -0.00141713
-3.10411e-05 0.390686 -0.00126449 -8.45894e-05 0.377816 -0.0011216 -0.000119052 0.366889 -0.000989542 -0.000146893
0.357019 -0.000899809 -0.000168614 0.349085 -0.000809092 -0.000182226 0.340516 -0.00073409 -0.000209843 0.336807
-0.000586273 -0.00020982 0.330297 -0.000481305 -0.00027808 0.336611 -0.000287186 -0.000196575 0.328741 -0.000316934
-0.000367038 0.35154 -8.54344e-05 -5.33255e-05 0.319901 -0.000508081 -0.000645977 0.413228 -0.0013424 0.00202615
0 0 0 0.575013 0 0.00717476 0.49864 0 0.00917412 0.580422
0 0.0073832 0.570673 0 0.00554469 0.552615 0 0.00403958 0.530569 0
0.00280945 0.507508 0 0.00181152 0.485055 0 0.00107604 0.463804 0 0.000588004
0.443906 0 0.000285675 0.42544 0 0.000103705 0.408636 0 -4.90612e-06 0.393788
0 -7.25512e-05 0.380797 0 -0.000113145 0.369739 0 -0.000143692 0.359712 0
-0.000166394 0.351594 0 -0.000180441 0.342844 0 -0.000208023 0.338949 0 -0.000207561
0.332294 0 -0.000275947 0.338408 0 -0.000194501 0.33033 0 -0.000363732 0.352824
0 -5.03658e-05 0.320998 0 -0.00064851 0.413927 0 0.00202923 0.0207509 0
0.000219527 0.594606 -0.0376357 -0.00682651 0.523075 -0.0701437 -0.000253985 0.543711 1.19074e-28 0.01681
0.610072 1.30288e-28 0.00929304 0.637076 -0.0151466 -0.00447268 0.653913 -5.99818e-29 0.00847596 0.657308
-0.00456206 0.00328763 0.67606 -6.8442e-29 0.013656 0.568633 -0.0425683 -0.044457 0.542026 -0.0731591
-0.0513362 0.498018 -0.123615 -0.0444205 0.596781 -0.0132817 -0.0283955 0.609427 -0.000396718 -0.0153607
0.531263 -0.0773392 -0.0709389 0.491333 -0.138544 -0.0693999 0.432513 0.0156495 -0.0371308 0.407493
0.0157993 -0.051522 0.443989 -0.00752774 -0.0854216 0.550945 -0.0473261 -0.0657497 0.436449 0.0103632
-0.0152287 0.408949 -0.0934809 -0.104093 0.419973 -0.0463899 -0.110411 0.299219 -0.0464269 -0.098765
0.30419 -0.100377 -0.096627 0.244607 0.00432699 -0.0252006 0.198194 -0.00540949 -0.0570655 0.344135
0.00875175 -0.0808977 0.180914 -0.00612971 0.00763024 0.119629 -0.0269003 0.0110224 0.266967 0.0172989
-0.0152464 0.0438507 -0.060754 -0.0112033 0.027072 -0.0653506 -0.0158523 0.0108379 -0.0753881 -0.0476066
0.020359 -0.0763971 -0.038144 0.0515228 -0.0416895 0.0193304 0.0434835 -0.0546966 0.00567794 0.0502187
-0.0539289 0.0115681 0.0272605 -0.0683471 -0.0429759 0.0264867 -0.0686489 -0.045999 0.013365 -0.0718267
-0.0815456 0.0135799 -0.0731048 -0.0773428 0.0309533 -0.0531111 0.0158431 0.0391548 -0.0604873 -0.000362872
0.0392884 -0.0607572 -0.000288355 0.0287119 -0.0655598 -0.0520366 0.0294286 -0.0643847 -0.0529451 0.0154765
-0.0661298 -0.0907172 0.0153175 -0.0674579 -0.0887841 0.0222383 -0.0569958 0.0155631 0.0389854 -0.0594097
-7.23533e-05 0.0398798 -0.0611667 -0.0021979 0.0305834 -0.0606271 -0.0548403 0.0307257 -0.0591034 -0.0553633
0.0162489 -0.0613246 -0.0963798 0.0165032 -0.0627186 -0.0945346 0.00967586 -0.0525862 0.0168411 0.0351634
-0.0533653 0.00194202 0.038598 -0.0567928 -0.000817666 0.0299478 -0.0533615 -0.0568191 0.0295729 -0.050652
-0.0572618 0.0157138 -0.0529856 -0.102291 0.0162007 -0.0557475 -0.100382 -0.0093401 -0.0403294 0.0197693
0.0278493 -0.0414632 0.00530645 0.0331962 -0.0481787 0.00170467 0.0278094 -0.0405435 -0.0580406 0.0269982
-0.0361283 -0.0582428 0.0144059 -0.0379402 -0.107137 0.0151864 -0.0426574 -0.10554 -0.0290096 -0.0202588
0.0230492 0.0197104 -0.0218611 0.00856215 0.0252402 -0.0325318 0.00533161 0.0254498 -0.0207107 -0.0586054
0.0245094 -0.014779 -0.0585085 0.0129987 -0.015748 -0.109787 0.0141078 -0.0221375 -0.108897 -0.0373245
0.0041698 0.0244128 0.0157667 0.00469763 0.00977915 0.0184263 -0.00925841 0.00775999 0.0249767 0.00420405
-0.0592198 0.024623 0.0106662 -0.0592776 0.0136196 0.0099285 -0.110938 0.0144212 0.00382995 -0.110413
-0.0330349 0.0278371 0.0239026 0.0165941 0.0317662 0.00868857 0.0173353 0.0188012 0.00748664 0.0241159
0.0302645 -0.059272 0.0247439 0.0365108 -0.0593706 0.0134941 0.0368778 -0.110067 0.0134477 0.030541
-0.109807 -0.0221474 0.0489629 0.0219501 0.0213164 0.0552894 0.00701521 0.0204595 0.0439309 0.00603746
0.0258019 0.054112 -0.0590566 0.0265782 0.0593313 -0.0590027 0.0144197 0.0598991 -0.107896 0.0143413
0.054727 -0.107966 -0.00770112 0.0656488 0.0196191 0.0265954 0.0741157 0.00473066 0.0253719 0.0656985
0.00403002 0.0271806 0.0739126 -0.0589686 0.0276642 0.0781595 -0.0588675 0.0147218 0.078579 -0.105675
0.0149062 0.0742516 -0.105826 0.00852613 0.0774818 0.0186992 0.029662 0.085276 0.00390797 0.0298225
0.0813889 0.00221072 0.0256589 0.0900761 -0.0573811 0.0242285 0.0934035 -0.0551925 0.0121802 0.0963704
-0.100015 0.0136036 0.0914214 -0.10223 0.0572808 0.0728024 0.0137583 0.0511635 0.0796137 0.00248623
0.0299616 0.090912 0.00289583 0 0 0 0 0 0 0.135668
0.0841708 -0.0718469 0.182035 0.156264 -0.0481753 0.00695294 0.112269 -0.0721474 0.0302139 0.10197
-0.0397198 0.0369595 0.0910386 -0.0204757 0.150189 0.0901495 -0.0272089 0.172898 0.0965806 -0.066148
0.0583592 0.0872935 -0.0716033 0.211604 0.0894074 0.00349902 0.258584 0.114733 -0.0171908 0.130944
0.0759556 -0.0111276 0.456691 0.225543 -0.0143161 0.44829 0.290829 -0.0192333 0.41171 0.270719
-0.0601335 0.388708 0.205025 -0.0597566 0.338576 0.170619 -0.0437435 0.423765 0.173459 -0.00505788
0.275916 0.129772 -0.0322615 0.384366 0.127433 -0.000103838 0.477366 0.233646 -0.00339653 0.454437
0.28539 -0.00597852 0.476196 0.183773 0.000721351 0.465466 0.139636 0.00149027 0.449516 0.219179
-0.000346411 0.410926 0.262107 -0.00111549 0.471891 0.174552 0.000474168 0.484513 0.134619 -0.000547546
0.385729 0.179001 -0.00422196 0.327335 0.209132 -0.00295524 0.429339 0.145634 -0.00482312 0.461595
0.115079 -0.00580965 0.308475 0.127308 -0.00957118 0.234122 0.137785 -0.00685279 0.368196 0.109797
-0.010752 0.414926 0.0915065 -0.0113806 0.272638 0.0605034 -0.00828623 0.20876 0.0501142 -0.00337447
0.331213 0.0604332 -0.0100638 0.381191 0.0557642 -0.0105934 0.353861 0.0209378 0.00623715 0.328131
0.0120361 0.0110779 0.388042 0.0244947 0.00336843 0.423324 0.0250908 0.00174598 0.431024 0
0.0178003 0.426041 0 0.0210515 0.448556 0 0.0139766 0.471825 0 0.0110244
0.394509 -0.16747 -0.0989701 0.347541 -0.19361 -0.0970619 0.336119 0.000567063 -0.0863365 0.440499
-0.0133779 -0.0970682 0 0 0 0 0 0 0.0722795 -0.050016
-0.0422298 0 0 0 0.278027 0.262259 -0.041655 0.376644 0.361474 -0.0537361
0.346641 0.346489 -0.0649701 0.341642 0.256117 -0.0658292 0.314284 0.183928 -0.080627 0.065786
0.0630754 -0.0767791 0 0 0 0.280762 0.124965 -0.0933381 0.248675 0.100272
-0.0857231 0.191085 0.0848048 -0.0796106 0.439362 -0.0276863 -0.103586 0.315547 -0.0157822 -0.0930589
0 0 0 0 0 0 0 0 0 0.0663795
-0.0488118 0.00136712 0 0 0 0 0 0 0 0
0 0.0137096 -0.0727413 -0.0719802 0.034967 -0.0592299 -0.0104258 0.0354011 -0.0618068 -0.00237355
0.0288062 -0.0655548 -0.0380726 0.0336222 -0.0640926 -0.0235296 0.0350639 -0.0601904 -0.0208163 0
0 0 0 0 0 0 0 0 0.0146544 -0.0687742
-0.0872325 0.0327039 -0.0655015 -0.0286384 0.031321 -0.0666216 -0.0281701 0.0282525 -0.0665336 -0.0506487
0.0339828 -0.0640051 -0.0313659 0.0328526 -0.0647318 -0.032084 0 0 0 0
0 0 0 0 0 0.0161418 -0.0639024 -0.0934908 0.0352214 -0.0620242
-0.0322604 0.0339225 -0.0632808 -0.0337675 0.0305826 -0.061922 -0.0542116 0.0356292 -0.0595789 -0.0325471
0.0350891 -0.0609186 -0.0342143 0 0 0 0 0 0 0
0 0 0.0161638 -0.0579914 -0.0993062 0.0353503 -0.0563806 -0.0326781 0.0349086 -0.0581347
-0.0345565 0.0306127 -0.0555469 -0.0563247 0.033996 -0.0523966 -0.0325598 0.0344329 -0.0546234 -0.0345644
0 0 0 0 0 0 0 0 0 0.015469
-0.0465811 -0.104898 0.0325091 -0.0467535 -0.0324091 0.0325604 -0.0498098 -0.0345769 0.0289653 -0.0442625
-0.0579113 0.0300996 -0.0398597 -0.0316247 0.0313196 -0.0436013 -0.0341919 0 0 0
0 0 0 0 0 0 0.0144535 -0.0276614 -0.109005 0.0279851
-0.030742 -0.0312725 0.0282002 -0.0355743 -0.0335114 0.026556 -0.0261123 -0.0587752 0.0259201 -0.0203615
-0.03055 0.027128 -0.0257823 -0.0332514 0 0 0 0 0 0
0 0 0 0.0137026 -0.00224877 -0.110773 0.024237 -0.00829022 -0.030351 0.0241973
-0.0145138 -0.032533 0.0248933 -0.00218034 -0.0590599 0.0245704 0.00449115 -0.0304592 0.0243578 -0.00203486
-0.0326831 0 0 0 0 0 0 0 0 0
0.012679 0.0237267 -0.110524 0.0234797 0.0175629 -0.030784 0.0239248 0.0110381 -0.0328962 0.0237481
0.0237979 -0.0591941 0.0239219 0.0305195 -0.0310085 0.0230712 0.0240392 -0.0331264 0 0
0 0 0 0 0 0 0 0.0136335 0.0490454 -0.109061
0.0250948 0.0427484 -0.0314766 0.0244422 0.036733 -0.0335433 0.0252661 0.0485188 -0.0591616 0.0266083
0.0541731 -0.0316202 0.0253802 0.0485633 -0.0337437 0 0 0 0 0
0 0 0 0 0.0145032 0.0695749 -0.106851 0.0281033 0.0644599 -0.0322062
0.0273415 0.0594138 -0.034064 0.0269505 0.0692642 -0.0589736 0.0291885 0.0738917 -0.0326883 0.0281497
0.069348 -0.0346133 0 0 0 0 0 0 0 0
0 0.0141382 0.0869608 -0.104034 0.0298362 0.0818889 -0.0329585 0.0295493 0.078026 -0.0349952
0.0267702 0.0863077 -0.0582215 0.0284089 0.0883037 -0.0321232 0.0288936 0.085753 -0.034793 0
0 0 0 0 0 0.0066598 0.113246 -0.0825843 0.0237236 0.0940187
-0.0267156 0.0265727 0.0905193 -0.0323909 0.0190491 0.104015 -0.0428658 0.0221372 0.0994714 -0.0240846
0 0 0 0.0890525 0.0449484 -0.0739141 0.361906 -0.279764 -0.0994816 0.377989
-0.25432 -0.0919452 0 0 0 0 0 0 0 0
0 0.333041 0.349462 -0.0593212 0 0 0 0.285163 -0.0107095 0.00944779
0.360644 1.39117e-29 0.0113785 0.284324 -0.0138471 0.0103264 0.355505 2.73645e-29 0.0136861 0.285073
-0.0193118 0.0112848 0.352455 3.42877e-29 0.0157917 0.291218 -0.0287918 0.0137423 0.354587 2.16429e-29
0.0183414 0.310597 -0.0459561 0.0174786 0.367708 -2.70312e-29 0.022121 0.353613 -0.0740836 0.0179412
0.401922 -1.00762e-28 0.0256804 0.430819 -0.0892668 0.0109522 0.465472 -7.38688e-29 0.0244659 0.188139
-0.0164037 -0.0289006 0.179598 -0.0130778 -0.0307113 0.201347 -0.0227497 -0.0289691 0.193699 -0.0175175
-0.0331878 0.198132 -0.028316 -0.0164681 0.200053 -0.0241215 -0.030028 0.200149 -0.0499257 0.00370812
0.221869 -0.0926776 0.00970453 0.270476 -0.150322 0.00382373 0.367329 -0.191088 -0.0185839 0.430736
-0.182632 -0.0354468 0.158362 0.000614098 -0.032377 0.146006 0.00226381 -0.0298064 0.139286 0.00179505
-0.0299983 0.178933 0.0112201 -0.0404552 0.181165 0.015402 -0.042278 0.17823 0.00590415 -0.0396191
0.115008 -0.0562131 0.00302378 0.0938996 0.0147109 -0.00332505 0.168132 -0.000486388 -0.0287048 0.141193
-0.12763 0.0069457 0.172305 -0.21673 -0.00307217 0.34944 -0.246076 -0.0396168 0.286751 -0.32229
-0.0612609 0.198421 -0.271488 -0.02312 0.417424 -0.215659 -0.0562955 0.0560244 -0.00245442 0.0137611
-0.00733141 -0.0306832 0.0402014 0 0 0 0 0 0 0.0493444
-0.0904326 0.00178952 -0.0168005 -0.037443 0.0224728 0.00904096 -0.00045898 0.0265854 0.0715653 -0.156993
0.00549607 0.117243 -0.244277 -0.00688728 0.0699478 -0.235904 -0.00819503 0.138233 -0.287254 -0.0300048
0.123537 -0.409897 -0.118984 0.150229 -0.3698 -0.0823454 -0.0223565 -0.01836 0.040721 -0.0194204
-0.0145643 0.0379821 0 0 0 0 0 0 0.0496403 -0.111366
-0.00743561 -0.00313109 -0.068907 -0.00662215 -0.0197189 -0.0551401 0.00839639 0.0490295 -0.153181 0.00399111
0.0321832 -0.224435 -0.00962196 0.0166172 -0.200048 -0.00504782 0.0670322 -0.273456 -0.0353972 0.0237449
-0.242185 -0.0349346 0 0 0 0 0 0 0.0145773 -0.28218
-0.138753 0.0335799 -0.325053 -0.139085 -0.0190764 -0.00400003 0.0303052 -0.0204011 -0.00305275 0.0245176
0 0 0 0 0 0 0.0796156 -0.105616 -0.00565614 0.0584542
-0.0985968 -0.0161451 0.0160639 -0.0831119 -0.017094 0.0580145 -0.128397 0.00737931 0.00318188 -0.180099
-0.00253497 0.00516285 -0.155935 0.00375115 0.00226924 -0.210985 -0.0309154 -0.0087648 -0.182823 -0.0254479
-0.00792937 -0.18078 -0.120135 -0.00545217 -0.199692 -0.12467 0 0 0 0
0 0 0.00682637 -0.00420432 0.0126266 0.0642131 -0.048955 0.00816041 0 0
0 0 0 0 0.11979 -0.0806107 0.00581112 0.161209 -0.0674755 0.00326743
0.118299 -0.094182 -0.00950079 0.0821534 -0.0927565 0.0139015 0.00395919 -0.134788 0.0079337 0.0157674
-0.110283 0.0137838 -0.0123869 -0.157455 -0.0191324 -0.0120137 -0.134079 -0.0125982 -0.0105528 -0.122576
-0.105639 -0.0104 -0.13557 -0.108981 0 0 0 0 0 0
0.189415 -0.00546015 0.00356643 0.193956 -0.0100742 0.00542847 0.204836 -0.0155513 0.0212709 0.208875
-0.00768352 0.0223821 0.189343 -0.00282826 0.0043109 0.197009 -0.0461147 0.00321254 0.18711 -0.0540845
0.00331376 0.189917 -0.0392181 0.0154942 0.199998 -0.0264257 0.0191156 0.201464 -0.0302866 0.00658224
0.14493 -0.0632715 0.0103901 0.171677 -0.0516254 0.0108366 0.176525 -0.0462295 0.0133952 0.106291
-0.0622616 0.015043 0.0224092 -0.087924 0.0177196 0.041274 -0.0632062 0.0198815 -0.00807537 -0.111606
-0.00569935 -0.00123086 -0.0894292 0.00120778 -0.00940131 -0.0756086 -0.0902844 -0.00980403 -0.0868566 -0.0945096
0 0 0 0 0 0 0.200955 -0.0386392 -0.00904168 0.200264
-0.0347496 -0.0115976 0.206336 -0.00988771 0.0258284 0.19973 -0.0173988 0.0233518 0.20186 -0.0477313
-0.010006 0.204203 -0.0432495 -0.0109793 0.196918 -0.023037 0.0217668 0.189965 -0.0337897 0.0175207
0.195723 -0.0553874 -0.0117936 0.202106 -0.0521417 -0.0127137 0.184149 -0.0424396 0.0133964 0.183618
-0.0556551 -0.0119585 0.192988 -0.0568124 -0.0139842 0.156327 -0.040189 -0.00521741 0.179647 -0.0504375
-0.01196 0.053193 -0.0394717 0.0196674 0.089466 -0.0135198 0.00746362 0.009163 -0.0650066 0.00782699
0.0220195 -0.0392793 0.0118234 -0.00742691 -0.0338729 -0.069881 -0.00804794 -0.0438147 -0.0749708 0
0 0 0 0 0 0.222367 -0.0330802 -0.0335746 0.222411 -0.030776
-0.0348986 0.220281 -0.029819 -0.034295 0.221411 -0.0390408 -0.0333102 0.22331 -0.0368549 -0.0342555
0.222937 -0.0360589 -0.0333009 0.214601 -0.0420962 -0.033446 0.217505 -0.0408982 -0.0343562 0.218519
-0.0410135 -0.0334163 0.200997 -0.0375894 -0.0277171 0.209544 -0.0415669 -0.0325975 0.110724 0.0160338
-0.00532987 0.0881279 0.0560095 -0.012442 0.105998 0.0560967 -0.023008 0.190133 0.035577 -0.0503097
0.189349 -0.0285537 -0.023087 0.0535339 -0.00552058 0.00632591 0.07604 0.0337302 -0.00298041 0.0112562
0.0259399 -0.0292765 0.000716417 -0.00142527 -0.0431657 0 0 0 0 0
0 0.228455 -0.0128543 -0.0682495 0 0 0 0 0 0
0.225245 -0.012125 -0.0684949 0.233217 -0.0156832 -0.0665885 0 0 0 0
0 0 0.232938 -0.0152141 -0.0667338 0.22853 -0.0174424 -0.065394 0 0
0 0 0 0 0.230158 -0.0173077 -0.065427 0.221676 -0.0133407 -0.0706128
0 0 0 0 0 0 0.222721 -0.0165574 -0.0667005 0.0572199
0.0806271 -0.0189128 0.0544822 0.0179799 -0.0123998 0.150914 0.0703145 -0.0477236 0.0556477 0.0739984
-0.00810678 0.0225008 0.107529 -0.0106394 0.0421338 0.0885051 -0.0135081 0.00324905 0.127343 -0.0267465
0.00827796 0.107944 -0.025241 0 0 0 0 0 0 0.000252234
0.0703621 -0.00593082 -0.0149632 0.0673285 -0.00181189 -0.0203719 0.0169753 0.0126872 -0.0161548 0.0120431
0.0154765 0.000186146 0.104017 -0.0127581 -0.00248669 0.125388 -0.013205 -0.0181864 0.137857 -0.0172824
-0.021937 0.115924 -0.0142864 -0.00895099 0.167142 -0.0351259 -0.00693457 0.160894 -0.0328763 0
0 0 0 0 0 -0.0361408 0.0821956 0.00889359 -0.0372531 0.0897006
0.0106664 -0.0236162 0.0632855 0.0231412 -0.0241878 0.053267 0.0210683 -0.0346998 0.126876 -0.0154101
-0.0277127 0.148196 -0.0213533 -0.0328836 0.158112 -0.0250703 -0.0409946 0.137874 -0.0160289 -0.012972
0.18227 -0.0442479 -0.0124044 0.17925 -0.0419357 0 0 0 0 0
0 -0.0362041 0.111552 0.0143739 -0.0344038 0.117881 0.0146519 -0.0206666 0.0986665 0.0270097
-0.0220478 0.0914016 0.0268147 -0.0424436 0.149445 -0.0165551 -0.0347173 0.168897 -0.0286838 -0.0330173
0.182059 -0.0327979 -0.0384798 0.16189 -0.0178041 -0.0135195 0.19565 -0.0547325 -0.0135865 0.191696
-0.0517648 0 0 0 0 0 0 -0.00244385 0.10255 0.0188707
-0.0148038 0.130702 0.00796842 -0.0195237 0.145174 -0.00149915 0.0321522 0.167404 -0.0149566 0.0589223
0.100312 -0.0257602 0.0221358 0.0833204 -0.00563264 -0.0256814 0.177326 -0.0209199 -0.0257086 0.200136
-0.0382345 -0.00824664 0.227896 -0.0447194 0.00423764 0.202796 -0.0262815 -0.011313 0.223687 -0.0731914
-0.0122646 0.213852 -0.0671233 0 0 0 0 0 0 0.281439
0.0126921 0.0239421 0.250366 0.0192468 -0.0313541 0.253949 0.02584 -0.0259064 0.279942 0.0343786
0.024694 0.254864 0.0309041 -0.0290673 0.254384 0.0390084 -0.0247395 0.266864 0.06662 0.0253375
0.251996 0.0430215 -0.0307225 0.243342 0.0520182 -0.0280772 0.238431 0.122395 0.0240476 0.228931
0.0569817 -0.031059 0.204381 0.0804385 -0.0240469 0.197521 0.209588 0.0166131 0.167265 0.109402
-0.0258894 0.123969 0.158219 -0.0193736 0.0848979 0.297416 -0.0204713 0.150037 0.312925 -0.00960342
0.0752209 0.19673 -0.0175348 0.0459115 0.243526 -0.0260743 0.0230189 0.271085 -0.0469539 0.0630447
0.323561 -0.0428838 0.00570205 0.313809 -0.109615 -0.00213263 0.279962 -0.0996763 0 0
0 0 0 0 0.305531 -0.0304539 0.0262623 0.311635 0.00179972 0.0254119
0.309182 0.0451475 0.02617 0.30108 0.110573 0.0274805 0.284907 0.203393 0.0245976 0.280251
0.30844 0.00621735 0.287084 0.442454 -0.056009 0.331081 0.386886 -0.0327464 0.118431 0.355653
-0.0351867 0.12539 0.431377 -0.0775267 0.102135 0.467943 -0.106549 0.292762 -0.0695668 -0.0011022
0.27271 -0.106197 -0.00450351 0.30815 -0.0256496 0.00135321 0.300125 -0.0473955 -0.00187717 0.326736
0.0171035 0.00356255 0.315709 -0.00884091 9.62429e-05 0.350386 0.087094 0.00999287 0.340376 0.043351
0.00444289 0.35828 0.180309 0.0161195 0.361143 0.131488 0.0132324 0.355574 0.280906 0.00770028
0.393718 0.326291 -0.00872222 0.29253 -0.0535246 -0.0245726 0.287301 -0.0824051 -0.0266274 0.313476
-0.0152089 -0.0231486 0.300432 -0.0328686 -0.023527 0.354366 0.0328011 -0.0185313 0.331821 0.00539464
-0.0218466 0.388973 0.124984 -0.00472233 0.37579 0.07582 -0.0122916 0.380759 0.278201 -0.00319481
0.412687 0.198633 -0.0246332 0.391168 0.164064 0.000607027 0.411122 0.307403 -0.0030957 0.259176
-0.0428065 -0.0854109 0.261853 -0.0276514 -0.0864811 0.207815 -0.019332 -0.108916 0.196889 -0.0334092
-0.106948 0.283115 -0.0142767 -0.0759488 0.291227 -0.00993502 -0.0770662 0.263919 -0.00382594 -0.105256
0.248875 -0.00551552 -0.106052 0.33162 0.00152353 -0.072982 0.349266 0.00845647 -0.0742976 0.338436
0.00673272 -0.104144 0.316278 0.00238919 -0.104596 0.415713 0.0645024 -0.0572709 0.43054 0.105406
-0.0495559 0.462688 0.110319 -0.0734884 0.437573 0.0516124 -0.0882497 0.312967 0.26824 -0.00703921
0.260799 0.176353 -0.031363 0.378016 0.222803 -0.0433679 0.357793 0.283289 -0.00122335 0.179671
0.189375 -0.00234397 0.00451324 -0.0272623 -0.00572553 0.0994532 0.0323615 -0.00974297 0.253707 0.220032
-0.000232883 0.0471229 0.0653528 0.00624275 -0.0467299 -0.0384765 0.00308802 -0.0343408 -0.033491 -0.0106327
0.141743 0.126549 -0.0010617 0.106015 -0.0302702 0.0174542 0.0610982 -0.0175796 0.0130212 -0.0675479
-0.00954179 0.0155561 0.142733 0.0223189 0.00662741 0.350123 -0.0196144 0.0201772 0.477222 -0.0243477
0.00138315 0.314241 -0.0652587 -0.00316408 0.320916 -0.002881 0.0176917 0.473574 0.000718013 -0.0700855
0.492586 0.000350719 -0.064141 0.533039 0.0158549 -0.000197086 0.510948 0.0269492 0.00182381 0.459161
0.00622301 -0.0657915 0.529486 -0.00480511 -0.0504793 0.54003 -0.00376873 -0.04087 0.563989 0.00495626
0.0102749 0.551107 0.00898922 0.0033631 0.519728 -0.00281568 -0.0542281 0.551127 -0.00356612 -0.0230804
0.551264 -0.00220259 -0.016119 0.56587 0.00202648 0.0245966 0.56881 0.00285515 0.0180982 0.550493
-0.00336992 -0.0272015 0.537312 0.000289101 -0.00799499 0.528617 -0.00652815 -0.0065118 0.547009 0.00163155
0.0273521 0.558101 0.00151763 0.0280234 0.545916 -0.000206368 -0.00848566 0.473696 0 0.0191047
0.528702 0 0.0360712 0.531744 0.00377631 0.0245311 0.440348 0 0.0211256 0.138921
0.0243095 -0.0242063 0 0 0 0.0711218 0.0236683 0.00356228 0.140148 0.0283924
-0.027604 0.0846472 -0.359374 -0.0921072 0.0640251 -0.382465 -0.132536 0.0511285 -0.316412 -0.0945871
0.131065 -0.0916881 -0.00510552 0.0682763 -0.0934042 -0.00105019 0.0285292 -0.0721193 -0.0010064 0.200511
-0.0361174 -0.000335473 0.195002 -0.0591842 -0.00271077 0.183208 -0.068232 -0.0045708 0 0
0 0.217588 0.0127326 -0.0613304 0 0 0 0 0 0
-0.00881816 -0.0258842 0.0183446 0 0 0 0 0 0 0.185496
0.019947 -0.0456907 0.165996 0.0246354 -0.0471905 0.129398 0.0414662 -0.0503319 0.0758284 0.0628105
-0.0414515 0.18736 -0.0601233 -0.100159 0.249465 -0.0583441 -0.0873222 0.436137 0.167934 -0.0698824
0.462505 0.157187 -0.0636971 0.429742 0.140648 -0.0404654 0.0443711 -0.122652 -0.00533681 0.233215
0.00289676 -0.0355864 0.437305 0.0101265 -0.0659979 0.367253 0.0325025 -0.0921102 0.382009 0.0162461
-0.0966683 0.370224 -0.040261 -0.0163405 0.120996 0.0692093 0.0102944 -0.023301 0.127306 0.0176168
0.523956 -0.0026135 -0.0295899 0.519952 -0.0148984 -0.0249264 0.51075 -0.0316213 -0.0237515 0.126431
0.00296963 -0.0288708 0.119937 0.00223744 -0.0295532 0.1677 0.000348845 -0.0350934 -0.0245731 -0.0185078
0.0421105 0.0075491 0.00111887 0.0316732 -0.0255367 -0.0261336 0.0442031 0 0 0
-0.0306164 -0.0270833 0.0364507 -0.0332353 -0.0261607 0.0424458 -0.0272238 -0.0295795 0.0263827 -0.0277505
-0.0287806 0.0316547 -0.0188036 -0.00749945 0.0339847 0 0 0 -0.0256877 -0.0320354
0.0152984 -0.0265839 -0.028713 0.0222811 0 0 0 0 0 0
-0.00161683 -0.221865 -0.129659 0.00495208 -0.249003 -0.134597 -0.0193317 -0.0408795 0.00265036 -0.0255104
-0.0331244 0.00989746 -0.0159464 -0.00311235 0.0134191 0 0 0 -0.00737763 -0.0510719
0.00011749 0 0 0 0 0 0 -0.0100365 -0.149351 -0.112421
-0.009221 -0.1643 -0.116067 0.187923 -0.000633583 0.0032341 0.149821 -0.000825325 -0.00349096 0.153691
-0.00235739 -0.00401979 0.160249 -0.00445194 -0.00424248 0.198842 -0.0164085 0.00604227 0.187728 -0.0144935
-0.00118913 0.147956 -0.0841652 -0.00105314 0 0 0 0 0 0
0 0 0 -0.0102496 -0.0983542 -0.0984788 -0.0104806 -0.110214 -0.102161 0.213863
-0.00141653 0.0231695 0.190678 0.00108341 0.00432869 0 0 0 0 0
0 -0.00875926 -0.0541801 -0.0804773 -0.00910973 -0.0646558 -0.085604 0 0 0
0 0 0 -0.00785864 -0.014519 -0.0574929 -0.00776509 -0.0229027 -0.0641967 0.21934
-0.0273684 -0.0358939 0.216218 -0.0265359 -0.0355485 0.221368 -0.0109478 -0.0692066 0.223156 -0.0214386
-0.0473138 0.225519 -0.0228253 -0.0467808 0.223746 -0.0336291 -0.0344156 0.227136 -0.024309 -0.046231
0.232227 -0.0143316 -0.0673646 0.229014 -0.0266031 -0.0454898 0.229347 -0.0277443 -0.0452674 0.220969
-0.0392037 -0.0343471 0.22897 -0.0290333 -0.0450127 0.231693 -0.0167051 -0.0659368 0.226917 -0.030776
-0.044769 0.225483 -0.0314104 -0.0447174 0.213402 -0.0411826 -0.0343359 0.223655 -0.0320615 -0.0445718
0.224567 -0.0176969 -0.0651195 0.219841 -0.0323611 -0.0445139 0.218238 -0.0321102 -0.0440069 0.220546
-0.0131299 -0.0653936 0 0 0 0 0 0 0.0119459 0.0839567
-0.0248189 0.0130005 0.0567488 -0.0257444 0 0 0 0 0 0
0 0 0 0 0 0 0 0 0 0.000328048
0.0836912 -0.0103291 0 0 0 0 0 0 -0.0043338 0.152722
-0.0306961 -0.000786047 0.141754 -0.0286093 0 0 0 0 0 0
0 0 0 -0.023403 0.0400236 0.0190068 -0.0292551 0.0885629 -0.00416302 -0.0159175
0.0828824 -0.00753888 -0.0333182 0.0747428 0.00656049 -0.0409368 0.0990847 -0.000140031 -0.0371 0.0921153
-0.00119408 0 0 0 0 0 0 -0.0115962 0.175923 -0.039658
-0.0104607 0.171998 -0.0373817 0 0 0 0 0 0 0
0 0 -0.0227772 0.0828681 0.0261241 -0.0442684 0.111767 0.00244636 -0.0434543 0.104179
0.00194283 -0.03729 0.104688 0.0135003 -0.0434765 0.124369 0.00434896 -0.0444155 0.117169 0.0044183
0 0 0 0 0 0 -0.0135335 0.188288 -0.0490961 -0.013331
0.185211 -0.0466121 0 0 0 0 0 0 -0.0135571 0.108634
0.0227932 -0.0377831 0.135265 0.00413453 -0.041443 0.129274 0.00558867 -0.0253399 0.127472 0.0118264
-0.031784 0.138684 0.00341644 0 0 0 0 0 0 -0.012932
0.206303 -0.0621741 -0.0132961 0.200415 -0.0581385 0.12317 0.00177597 -0.0176406 0.126104 0.00248187
-0.0168961 0.144822 0.00588908 -0.0196441 0.147217 0.00734727 -0.0186939 0.16289 0.0108051 -0.0206474
0.165235 0.0116771 -0.0191583 0.179702 0.0151639 -0.0212569 0.18273 0.0159055 -0.021484 0.194683
0.018268 -0.0259858 0.197262 0.0169181 -0.0290699 0.205364 0.0184015 -0.0350761 0.203989 0.0163218
-0.0396799 0.202889 0.0174573 -0.0434735 0.194882 0.0143679 -0.0449592 0 0 0
0 0 0 0 0 0 0 0 0 0
0 0 -0.00705288 0.254992 -0.089678 -0.00959922 0.236991 -0.0807406 0 0
0 0.0445507 0.425874 -0.116586 0.267973 -0.12366 -0.0276216 0.247594 -0.0908197 -0.084312
0.214851 -0.208851 -0.108157 0.228166 -0.169947 -0.0909146 0.214931 -0.105376 -0.0990669 0
0 0 0 0 0 0.234371 -0.00790563 -0.107291 0.273686 -0.0161289
-0.0806387 0.297034 -0.000486143 -0.104727 0.315505 -0.00382397 -0.0759538 0.397707 0.0266282 -0.0980216
0.394516 0.0352707 -0.0673123 0.00538592 -0.181097 -0.00486876 0.00856289 -0.146905 -0.00328153 0.00229261
-0.153124 -0.0110842 -0.0059049 -0.18463 -0.00566304 -0.00448795 -0.103406 -0.00726898 0.00803201 -0.132654
-0.0133086 0.00238706 -0.0500291 0.0133355 -0.00241933 -0.0748293 0.00257251 -0.0462263 0.00190597 0.0198297
-0.0050976 -0.0468359 0.0205363 -0.0653731 0.0811635 0.0199427 0.405215 0.00734675 -0.0980163 0.504509
-0.00329936 -0.0630645 0.448725 -0.000276432 -0.0910218 0.467995 -0.00188022 -0.0846538 0.484812 -0.00281728
-0.0773224 0.545592 -0.00464418 -0.0361498 0.509324 -0.00326416 -0.0613783 0.516647 -0.00312497 -0.053602
0.520951 -0.00290343 -0.0466175 0.54822 -0.00193818 -0.01342 0.523351 -0.00261757 -0.035178 0
0 0 0 0 0 0 0 0 0.469629 0.0445582
0.00992633 0.424113 0.029857 -0.0565508 0.512991 0 0.0191387 0.468435 0 0.0234446
0.540218 0 0.0183588 0.559803 0 0.0218336 0.57226 0 0.0279672 0.576216
0 0.0348764 0.571924 0 0.040732 0.561158 0 0.0439643 0.547692 0
0.0436634 0 0 0 0 0 0 0 0 0
0 0 0 0 0 0 0 0 0 0
0 0 0 0 0 0 0 0 0.38364 0.0677819
-0.0874935 0 0 0 0 0 0 0.0266824 -0.0633284 -0.0276083
0.0124614 -0.0720208 -0.0608809 0.027278 -0.0675005 -0.0486574 0.0143805 -0.0701239 -0.0843813 0.030025
-0.0631121 -0.0536887 0.0162058 -0.0649532 -0.0917537 0.0306719 -0.057382 -0.0559393 0.0166005 -0.05974
-0.0974515 0.0292595 -0.047541 -0.0577549 0.0160236 -0.0498612 -0.103265 0.0266549 -0.0311887 -0.05871
0.0147946 -0.0327612 -0.107807 0.0242844 -0.00848475 -0.0588668 0.0133735 -0.00882861 -0.109915 0.0238215
0.0171902 -0.0593475 0.0132013 0.0166293 -0.110348 0.0248386 0.0425836 -0.0594231 0.013876 0.0429912
-0.109221 0.0267146 0.064331 -0.0590869 0.0148718 0.0647546 -0.106963 0.0273438 0.0822001 -0.0587535
0.0149226 0.0827078 -0.104541 0.0202142 0.0972973 -0.0497084 0.00922465 0.101551 -0.0929899 0
0 0 0 0 0 0 0 0 0 0
0 0 0 0 0 0 0 0 0 0
0 0 0 0 0 0 0 0 0 0
0 0 0 0 0 -0.0257744 -0.031059 0.0462787 0 0
0 -0.0185509 -0.0101494 0.0365571 0 0 0 0.0229336 -0.282757 -0.0989934
0.0100613 -0.253519 -0.093946 -0.00134362 -0.228225 -0.09356 -0.0068501 -0.207421 -0.0869834 -0.0197488
0.0017513 0.0173739 0 0 0 -0.0117453 -0.188092 -0.0857267 -0.0136617 -0.172554
-0.0794141 -0.0153892 -0.156872 -0.078345 -0.0158731 -0.144116 -0.0723303 -0.0162914 -0.130446 -0.0713414
-0.0161038 -0.119379 -0.065189 -0.0158588 -0.107022 -0.0638681 -0.0150059 -0.0970457 -0.0572667 -0.0143013
-0.0854143 -0.0555409 -0.0132648 -0.0759422 -0.048376 -0.0124157 -0.0647211 -0.045992 -0.0102946 -0.0548333
-0.0383041 -0.00911434 -0.0432943 -0.035954 -0.00789186 -0.0321628 -0.0288077 -0.00641348 -0.0208188 -0.0256912
0.0106392 -0.00248807 -0.0158595 0.0252241 0.0245875 -0.0102166 0.0285548 0.0518035 -0.0093333 0.0247155
0.0776936 -0.0109828 0.0190925 0.0990674 -0.0120086 0.230567 -0.0138282 -0.0675648 0 0
0 0.232577 -0.0164422 -0.0660203 0 0 0 0.226434 -0.0178447 -0.0649877
0 0 0 0.00929143 0.118912 -0.0143168 0.00289241 0.131509 -0.0159186 -0.00414436
0.14359 -0.0186601 -0.00860844 0.150757 -0.0207025 -0.0280086 0.069527 0.00331701 -0.0247441 0.0312309
0.0163249 -0.0125037 0.158503 -0.0238231 -0.0154427 0.162735 -0.0258932 -0.0174019 0.168237 -0.0290593
-0.0193968 0.171184 -0.0310548 -0.0374688 0.0973342 0.0122287 -0.0232881 0.0736828 0.0247248 -0.0201183
0.175751 -0.0341937 -0.0214856 0.17854 -0.0361758 -0.0213999 0.183066 -0.0393999 -0.0222638 0.186561
-0.0415715 -0.0310571 0.123085 0.0139076 -0.0184291 0.104302 0.0258578 -0.0215999 0.191832 -0.0451716
-0.0218685 0.196978 -0.0479114 -0.0206396 0.204034 -0.0524135 -0.0197743 0.212421 -0.0563875 0
0 0 0 0 0 0 0 0 0 0
0 0 0 0 0 0 0 0 0 0
0 0 0 0 0 0 -0.0175104 0.223333 -0.0625929 -0.0138899
0.23814 -0.0681592 -0.00883966 0.257161 -0.0762147 0.00127435 0.283142 -0.0813217 0.0135089 0.31587
-0.088138 0.0366788 0.356321 -0.0875801 0.0624462 0.406854 -0.0869978 0 0 0
0.0212512 0.359667 -0.116205 0.268999 -0.023234 -0.080671 0.303442 -0.0077459 -0.0739681 0.370463
0.0203514 -0.0693552 0.220551 -0.0120715 -0.108576 0 0 0 0 0
0 0.279875 -0.00229666 -0.104843 0 0 0 0 0 0
0 0 0 0.365194 0.0141479 -0.102452 0 0 0 0
0 0 0 0 0 0 0 0 0 0
0 0 0 0 0 0 0 0 0 0
0 0 0 0 0 0 0 0 0 0
0 0 0 0 0 0 0 0 0 0
0 0 0 0 0 0 0 0 0 0
0 0 0 0 0 0 0.147851 0.000450554 -0.00284306 0
0 0 0 0 0 0.170349 -0.00816078 -0.00356129 0 0
0 0 0 0 0.21632 -0.0100263 -0.0694743 0.220399 -0.0199392 -0.0480845
0.228344 -0.0254667 -0.0458755 0.228171 -0.0299509 -0.0449234 0.221763 -0.0322864 -0.0445763 0
0 0 0 0 0 0 0 0 0 0
0 0 0 0 0 0 0 0 0 0
0 0 0 0 0 0 0 0 0 0
0 0 0 0 0 0 0 0 0 0
0 0 0 0 0 0 0 0.42767 0.00263724 -0.0957747
0 0 0 0 0 0 0 0 0 0
0 0 0.498674 -0.00319707 -0.0694417 0 0 0 0 0
0 0 0 0 0 0 0 0.522842 -0.00269856 -0.040609
0 0 0 0 0 0 0.105384 0.00322252 -0.0284982 0.190845
0.00253482 0.00346084 0.214346 -0.0240906 -0.0376095 0.210382 -0.00858966 -0.0702502 0 0
0 0 0 0 0.202997 -0.00734956 -0.0705582 0 0 0
0 0 0 0 0 0 0 0 0 0
0 0 0 0 0 0 0 0 0 0
0 0.387437 0.0992408 -0.0504738 0 0 0 0.360239 0.1641 -0.0791457
0.148391 0.00342914 -0.00108391 0.147382 0.00181712 -0.00207045 0.21276 -0.0164197 -0.0501556 0.216905
-0.0183519 -0.0489811 0.102342 -0.000957304 -0.0145488 0 0 0 0 0
0 0 0 0 0 0 0 0 0 0
0 0 0 0 0 0 0 0 0 0
0 0 0 0 0 0 0 0 0 0
0 
vorticity 3 6554 float
-0.232545 3.29178 -0.215133 -0.258479 4.70459 -0.315932 -0.236682 -0 -0.256862 -0.207344 -0
-0.184518 -0.157638 2.6268 -0.209444 -0.134164 0 -0.163535 -0.0835537 2.49117 -0.191547
-0.0696342 0 -0.144265 -0.0450704 2.60181 -0.170219 -0.0381629 0 -0.124239 -0.023348
2.65777 -0.152158 -0.0207757 0 -0.108085 -0.00978501 2.6935 -0.137134 -0.0102164 0
-0.095329 -0.00115041 2.72167 -0.124264 -0.00379227 -0 -0.0848488 0.0047981 2.74546 -0.113138
0.00040538 -0 -0.0759409 0.00949779 2.76614 -0.103574 0.00351257 -8.96831e-44 -0.0684012 0.0138905
2.78576 -0.095389 0.00620577 -1.255e-41 -0.0620792 0.0187229 2.80648 -0.0883653 0.00897889 -6.66076e-40
-0.0567647 0.024715 2.83022 -0.0823159 0.0122589 1.07046e-38 -0.0522887 0.0327389 2.85894 -0.0771012
0.0165251 2.33682e-36 -0.04854 0.0441551 2.89508 -0.072626 0.0225387 7.36231e-35 -0.0454634 0.0614082
2.94166 -0.0688054 0.0317037 5.90428e-34 -0.0430807 0.0890659 3.00236 -0.0655233 0.0466616 -4.97998e-33
-0.0415996 0.137261 3.07979 -0.0624339 0.0741514 -7.86011e-32 -0.0417943 0.226558 3.18696 -0.056094
0.128129 -2.18225e-31 -0.0436148 0.401647 3.32031 -0.0300442 0.242564 5.67099e-32 -0.0141919 -0.124393
1.65213 0.215236 0.0411027 1.49063 0.164557 -0.0866423 9.45813e-33 0.137927 -0.260942 1.67012
0.559841 -0.247092 -3.60545e-33 0.293229 -0.584672 -1.58596e-32 0.426883 -0.725359 -5.96148e-33 0.506107
-0.613291 0.534981 1.26131 -0.507081 1.09606 1.02467 -0.59126 -2.01223e-35 0.519235 -0.469906
-4.34618e-36 0.492338 -0.459824 0.518272 1.26183 -0.539321 0.516381 1.31587 -0.366822 -2.13095e-36
0.462151 -0.280881 -1.14591e-36 0.431579 -0.304401 0.516396 1.08739 -0.381027 0.518547 1.18039
-0.140096 3.44071 -0.196558 -0.141501 5.23201 -0.211494 -0.106496 2.65882 -0.223092 -0.0543145
2.52485 -0.221376 -0.0236185 2.65276 -0.206654 -0.00617846 2.71531 -0.191704 0.00511521 2.75388
-0.177651 0.0130767 2.78298 -0.164635 0.0193483 2.80611 -0.152888 0.0250889 2.82495 -0.142427
0.0312964 2.84178 -0.133125 0.0389335 2.85883 -0.124832 0.0490537 2.8779 -0.117395 0.0629776
2.90045 -0.110676 0.082586 2.9278 -0.104549 0.110773 2.96064 -0.0988479 0.152154 2.99734
-0.0932915 0.214755 3.02872 -0.0872276 0.31232 3.03848 -0.0771951 0.469289 2.99511 -0.034132
-0.00336772 0.931056 0.162675 0.0875611 1.2433 0.234315 -1.67252 0.28118 0.58215 -1.80931
0.0616295 -0.121453 -0.815643 0.541966 -0.716386 -1.24001 1.09238 4.00344 -0.648167 1.09673
5.25401 0.447396 1.36508 15.9071 -0.191651 0.986436 10.447 -0.396101 0.983039 5.33827
0.809738 1.75345 14.6965 0.861324 1.68327 14.6921 -0.364684 0.940518 5.28551 -0.403704
1.16563 4.3311 0.537692 2.01978 15.6432 0.596124 1.9769 15.3335 -0.43686 1.1057
4.4204 -0.00412209 3.48226 -0.124043 0.0146842 5.2456 -0.0861901 -0.0170056 2.71893 -0.163132
-0.0032112 2.58763 -0.17624 0.00894009 2.7218 -0.171514 0.0160978 2.78783 -0.16371 0.0214471
2.82654 -0.154897 0.0263142 2.85444 -0.146005 0.031268 2.87564 -0.137578 0.0368867 2.89182
-0.129772 0.0439395 2.90507 -0.122541 0.0533535 2.91747 -0.115823 0.0662446 2.93055 -0.109533
0.0840139 2.94547 -0.103579 0.108374 2.96304 -0.0978714 0.141262 2.98339 -0.0923236 0.184258
3.00461 -0.0869301 0.236788 3.01837 -0.0822083 0.291187 3.00965 -0.0803452 0.327739 2.95318
-0.0789748 0.12781 1.21774 -0.0615168 0.162569 1.096 -0.146879 -0.130615 1.42563 0.744372
0.0108235 1.77845 0.158972 0.132692 1.56613 -0.324261 -0.000122812 3.49907 -0.0546073 0.0132844
5.21155 -0.0203093 -0.0122377 2.76132 -0.0819894 -0.00621275 2.63288 -0.0931272 0.00206279 2.77124
-0.0941719 0.00865748 2.84047 -0.0927075 0.0146688 2.87998 -0.090041 0.020618 2.90762 -0.0868748
0.0268743 2.92778 -0.0836092 0.0340425 2.94198 -0.0803943 0.0429217 2.95226 -0.0772512 0.0544784
2.96046 -0.0741588 0.0699075 2.96782 -0.0710793 0.0907542 2.97525 -0.0679708 0.118942 2.9835
-0.0647977 0.156742 2.99328 -0.0615235 0.206269 3.00528 -0.0581375 0.26781 3.01969 -0.0550506
0.335326 3.03925 -0.0546484 0.395205 3.07133 -0.0770733 0.205028 0.719493 -0.0335129 0.354336
1.51702 -0.121529 0.372009 0.247828 -1.1122 0.274384 1.16413 -0.549124 1.2005 0.793085
-25.6601 1.51375 0.511658 -35.3409 0.839183 0.389281 -10.6766 0.795038 0.350972 -8.45618
1.2388 0.591448 -41.4422 1.3369 0.553507 -44.7169 0.96491 0.405372 -13.6114 0.929182
0.428094 -12.8973 1.84683 0.433759 -57.591 2.03618 0.404622 -62.397 1.00446 0.344412
-17.283 1.01818 0.3504 -16.2567 0.859689 0.334208 -21.6379 0.879214 0.334442 -21.4003
2.31722 0.378106 -81.8407 2.28477 0.37923 -83.0034 -0.0152128 3.50132 0.00237855 -0.00809496
5.20052 0.0274688 -0.0220072 2.7683 -0.0111271 -0.0187057 2.64104 -0.0168171 -0.0122874 2.78333
-0.0205967 -0.00535417 2.85626 -0.0231701 0.00166432 2.89837 -0.0249485 0.00880984 2.92778 -0.0262013
0.0163384 2.94879 -0.0270958 0.0247683 2.96275 -0.0277305 0.034849 2.97154 -0.0281674 0.0475394
2.97684 -0.0284171 0.0640686 2.97958 -0.0284723 0.0860926 2.98009 -0.0283144 0.115887 2.97851
-0.0279267 0.156587 2.97469 -0.0272648 0.212506 2.96847 -0.0262099 0.289589 2.96003 -0.0246321
0.395861 2.95219 -0.0224978 0.546805 2.95242 -0.0118117 0.759658 3.0009 -0.0422906 1.21737
3.18329 -0.0212437 0.416123 0.808374 -0.298987 0.601024 1.03214 -0.633165 0.523408 2.19109
0.218344 0.630253 0.838545 -0.772915 0.676197 1.2232 -0.601357 -0.727194 1.81962 1.31614
-1.23418 2.21667 3.15916 -0.218924 2.34095 0.0538048 0.517446 1.16683 -0.330197 -0.17494
1.03299 0.517015 -0.703038 0.70849 1.11521 -1.20827 1.11497 2.39123 -0.459222 3.12812
14.2023 -0.446902 3.29626 12.4617 -0.675642 1.29156 4.29947 -0.540745 1.33329 4.76675
-0.0100457 2.50917 13.5741 -0.01456 3.49893 0.0139909 -0.0103275 5.19918 0.0277922 -0.0192728
2.76247 0.0094331 -0.0185947 2.63377 0.00851486 -0.0150816 2.7774 0.00654075 -0.00988114 2.85189
0.00477802 -0.00395178 2.89565 0.00316597 0.00246157 2.92639 0.00166677 0.00949569 2.94819 0.0002812
0.0175005 2.96221 -0.000991801 0.0270373 2.9701 -0.00217122 0.038902 2.97324 -0.00325588 0.0541842
2.97217 -0.00423351 0.0744065 2.96671 -0.00508438 0.101715 2.95608 -0.00578373 0.13924 2.93875
-0.006292 0.191716 2.91229 -0.00652638 0.266663 2.87261 -0.00632717 0.376497 2.81264 -0.00545441
0.545126 2.72087 -0.00244256 0.812165 2.57593 0.0070636 1.28844 2.45022 0.09776 -0.0298594
1.57907 0.271148 0.0316695 2.0317 0.314548 -0.745506 2.10192 0.275793 -1.17546 0.890628
6.78033 -0.943552 0.471056 16.1542 -1.44515 -5.94624 53.9735 -1.58447 0.941432 12.378
-1.09968 3.29888 2.201 1.49237 2.12482 9.76067 1.67327 4.69697 10.9475 -0.0106757
3.49577 0.0119763 -0.00810889 5.20114 0.0197721 -0.0138266 2.75438 0.010552 -0.0141597 2.62375
0.0111893 -0.0124961 2.76731 0.0105507 -0.00907637 2.84176 0.00988179 -0.00473087 2.8859 0.00915703
0.000225716 2.91706 0.00837875 0.00582525 2.93901 0.00757699 0.0122953 2.95275 0.00677026 0.020007
2.95973 0.0059628 0.0295064 2.96104 0.00516252 0.0415792 2.95692 0.00438187 0.0573461 2.94662
0.00363397 0.0783944 2.92849 0.00292962 0.107127 2.89968 0.00228769 0.147286 2.85532 0.00173622
0.204843 2.78723 0.00130958 0.289648 2.68063 0.000980451 0.418712 2.51109 0.000470243 0.62117
2.22155 -0.00266301 0.950201 1.91555 0.0896566 -0.144165 2.4997 0.403587 -0.0536239 2.7363
0.337752 -0.762344 2.77948 0.572644 -0.687811 3.38465 0.562509 -1.38307 -0.683361 10.2755
-1.09949 -1.18411 8.82341 -1.14771 4.89714 0.959518 -1.26648 4.56703 1.01664 -0.00686492
3.49358 0.00736087 -0.00522336 5.20267 0.0119205 -0.00903402 2.74869 0.00677793 -0.00966439 2.61638
0.00754463 -0.00898919 2.75924 0.00750028 -0.00692702 2.83294 0.00741796 -0.0040673 2.87674 0.00726377
-0.000688206 2.90772 0.00704085 0.00317836 2.92943 0.00676366 0.00762115 2.94271 0.00644896 0.012801
2.94887 0.00610856 0.0189803 2.9489 0.00574487 0.0265369 2.9427 0.00536584 0.0359783 2.92928
0.00497845 0.0480219 2.90648 0.00457313 0.0637349 2.87053 0.00412589 0.0847578 2.81524 0.00355467
0.113701 2.73007 0.00266326 0.154792 2.59631 0.00111773 0.214963 2.38206 -0.0022636 0.307009
2.02428 -0.0121466 0.444549 1.6743 0.0305161 -0.108998 3.06073 0.334848 -0.0327305 3.04461
0.225367 -0.53763 3.71658 0.470216 -0.361777 3.88015 0.408371 -0.516062 -1.56194 5.10786
-0.384108 -1.63727 4.12577 -0.455267 4.98928 0.622463 -0.592308 4.98761 0.788176 -0.0046948
3.49237 0.00424926 -0.0036144 5.20383 0.00726024 -0.00618766 2.7453 0.00377324 -0.00679762 2.61182
0.00429158 -0.0066146 2.75398 0.00437714 -0.00550391 2.82691 0.00445248 -0.00386036 2.87026 0.0044847
-0.00192039 2.90093 0.00447354 0.000224169 2.92239 0.00442627 0.00252804 2.9354 0.00434908 0.00494759
2.94123 0.00425343 0.00744413 2.9408 0.00414133 0.00994943 2.93399 0.00402056 0.0123 2.91974
0.00390299 0.014206 2.89584 0.00379411 0.0151566 2.85846 0.0036979 0.014294 2.80133 0.00360889
0.0102038 2.71379 0.00349031 0.000464321 2.57688 0.00328265 -0.0188511 2.35839 0.00300514 -0.0564034
1.99572 0.0021743 -0.11464 1.64235 -0.033345 0.00468928 3.296 0.0536268 0.064212 3.07234
-0.163838 -0.22584 3.96924 0.28735 -0.0447471 4.02779 0.0716022 -0.210595 -1.77118 1.94868
-0.143291 -1.82892 1.28584 -0.164684 4.79151 0.234935 -0.230497 4.80679 0.398751 -0.00339295
3.49176 0.00215838 -0.00267314 5.20463 0.00429717 -0.00441376 2.74349 0.00164852 -0.00492536 2.60931
0.00192794 -0.00503506 2.751 0.00202068 -0.00464985 2.82342 0.00212024 -0.00402428 2.8665 0.00219688
-0.00336997 2.89707 0.00224442 -0.00284311 2.91856 0.00227061 -0.00260346 2.93175 0.00227981 -0.00287109
2.93792 0.00228231 -0.00396611 2.93808 0.00228439 -0.00637043 2.93226 0.00229348 -0.0108459 2.91964
0.00231996 -0.0185848 2.89834 0.00238845 -0.031501 2.86524 0.00253436 -0.0526823 2.81514 0.00282551
-0.0871933 2.73919 0.00341014 -0.143542 2.62149 0.00452507 -0.235981 2.43701 0.00723527 -0.391857
2.12411 0.0137759 -0.642371 1.80377 -0.0813095 0.117559 3.09993 -0.34535 0.108946 2.78328
-0.385324 0.140899 3.99394 -0.206607 0.28944 3.89805 -0.422725 0.153895 -1.83723 -0.588097
0.199524 -1.78812 -1.25058 0.211161 4.82971 -0.468447 0.156738 4.76669 -0.285917 -0.00255495
3.49154 0.000672293 -0.00207633 5.20528 0.00221345 -0.00323522 2.74264 0.00011514 -0.00364102 2.60812
0.000211885 -0.00395479 2.74964 0.00029088 -0.00414248 2.8219 0.000381202 -0.00436682 2.86498 0.000463105
-0.00481612 2.89575 0.000524816 -0.00569106 2.91765 0.000569206 -0.00724467 2.93151 0.000604593 -0.00983218
2.93873 0.000639303 -0.0139829 2.94051 0.000680189 -0.020481 2.93714 0.000735054 -0.0305053 2.92825
0.000809451 -0.0458467 2.91273 0.000909864 -0.0693362 2.88867 0.00103704 -0.105465 2.85296 0.00116545
-0.161515 2.80049 0.00121181 -0.249645 2.72201 0.000961201 -0.390792 2.60499 -6.20967e-05 -0.620005
2.40936 -0.00490604 -1.00574 2.22399 -0.0782327 0.19926 2.59878 -0.440355 0.0680204 2.08684
-0.327414 0.481234 3.74634 -0.526827 0.649944 3.44368 -0.606636 0.516722 -1.64222 -3.54166
0.664704 -1.54462 -4.50012 0.708865 4.97134 -0.921595 0.563504 4.92177 -0.825847 -0.00183219
3.49159 -0.000474866 -0.00154014 5.20589 0.000541753 -0.00223324 2.74244 -0.00104565 -0.00253273 2.60783
-0.0010917 -0.00299193 2.74947 -0.00102657 -0.00362815 2.82187 -0.000947374 -0.00453816 2.86523 -0.000870073
-0.00588161 2.89648 -0.000804901 -0.00787366 2.91912 -0.000752897 -0.0108217 2.93407 -0.000707908 -0.0151605
2.94288 -0.000664305 -0.0215238 2.947 -0.00061502 -0.0308335 2.94708 -0.000550965 -0.044431 2.9433
-0.000460631 -0.0643063 2.93547 -0.000344091 -0.0935031 2.92314 -0.000204129 -0.136618 2.90574 -5.59421e-05
-0.200728 2.88263 -7.99505e-07 -0.297 2.85287 -0.000358263 -0.44371 2.81753 -0.00201191 -0.667257
2.77528 -0.00873905 -1.02937 2.80116 0.0171698 0.11242 1.60327 -0.268994 -0.375382 1.99352
-0.167971 0.756266 2.85325 -0.593003 0.758322 2.15841 -0.30981 1.38246 -0.755794 -8.19079
1.51274 0.0518248 -10.3561 1.06122 4.13783 -1.22164 1.24295 4.47791 -1.05981 -0.00102973
3.4918 -0.00139798 -0.000922896 5.20638 -0.00092797 -0.00114934 2.7427 -0.00192868 -0.00132252 2.60821
-0.00209743 -0.00186346 2.75021 -0.00205599 -0.00283302 2.82302 -0.00199176 -0.00426283 2.86689 -0.0019273
-0.00627529 2.89884 -0.00186701 -0.00907199 2.92243 -0.00181578 -0.0129584 2.93871 -0.00177224 -0.0183862
2.94942 -0.00173172 -0.025996 2.95621 -0.0016834 -0.036687 2.96012 -0.00162063 -0.0517389 2.96182
-0.00153496 -0.0729777 2.96191 -0.0014137 -0.102961 2.9611 -0.00125243 -0.145142 2.96048 -0.00103227
-0.204045 2.96197 -0.000704119 -0.285129 2.96875 -0.000162612 -0.393786 2.98683 0.00101077 -0.532573
3.03252 0.00665159 -0.700609 3.17555 0.0897313 -0.521692 1.83164 0.251178 0.846895 1.70215
-1.07527 0.25938 1.02782 -0.379648 -0.371448 1.15652 0.13519 0.297625 2.23129 -0.0834489
1.29298 2.11227 -2.59014 1.17641 0.888763 -5.37693 1.26585 1.13594 -1.9315 1.748e-05
3.49209 -0.00225342 -0.000108823 5.20662 -0.00242662 0.000241668 2.74335 -0.002685 0.000240397 2.60921
-0.0029738 -0.00030959 2.75175 -0.00297114 -0.00150992 2.82518 -0.00293847 -0.00330879 2.86972 -0.00289768
-0.00576691 2.90248 -0.00285522 -0.0090497 2.92713 -0.00281652 -0.0134229 2.94483 -0.00278235 -0.019287
2.95747 -0.00274613 -0.0272117 2.96692 -0.00270051 -0.037975 2.97452 -0.00263995 -0.0526605 2.98133
-0.00256062 -0.0727395 2.98841 -0.00244581 -0.100047 2.99705 -0.00228493 -0.136673 3.00865 -0.00206443
-0.184438 3.02465 -0.00172231 -0.243289 3.0453 -0.00111 -0.306323 3.06923 6.64728e-05 -0.355848
3.09424 0.00919404 -0.266865 1.66629 0.0353304 -0.298987 0.947692 0.746458 -0.537794 0.788836
-0.338971 -0.273676 1.06214 -0.0323052 -0.202409 0.41894 0.939718 0.771028 0.766033 -0.824897
0.152868 0.466143 0.633207 -0.0200856 0.450587 0.922416 -1.75673 1.19886 23.3154 -1.98314
1.31812 24.8582 -1.93259 1.29985 22.7886 0.235319 0.5264 -0.0528119 0.222838 0.576195
-0.304752 0.00147105 3.49252 -0.00330863 0.00101917 5.20652 -0.00432173 0.00215428 2.74453 -0.0035841
0.00238075 2.61095 -0.00401773 0.00187372 2.75419 -0.00405816 0.00049389 2.82839 -0.00406898 -0.0015814
2.87369 -0.00405685 -0.00431578 2.9073 -0.00403211 -0.00781072 2.93297 -0.00399804 -0.0122695 2.95198
-0.00395629 -0.0179974 2.96637 -0.00390497 -0.0254392 2.97816 -0.00384037 -0.0352063 2.98891 -0.00376218
-0.0481317 2.99997 -0.00366198 -0.0653041 3.01267 -0.0035379 -0.0880245 3.02841 -0.00338109 -0.117694
3.04827 -0.00318954 -0.155277 3.07201 -0.0029839 -0.199852 3.09398 -0.00279796 -0.24392 3.10209
-0.00268479 -0.271619 3.06078 0.00583174 -0.153854 0.931851 -0.0228357 -0.0961212 1.1087 0.0162525
-0.193625 0.57321 0.0268446 -0.821423 1.06447 1.47049 -0.754234 1.78001 3.00982 -0.497476
0.837761 -0.845487 -1.9541 1.45994 18.3466 -2.08449 1.61522 20.4363 -2.87669 1.84737
42.5301 -2.92461 1.74211 41.0181 -1.99743 1.39282 21.5352 -2.11239 1.41527 23.7638
-3.45295 1.61352 52.8162 -3.3735 1.67426 50.4867 0.0035464 3.49323 -0.00499136 0.0026176
5.20596 -0.00726019 0.0048743 2.74656 -0.00503362 0.00537544 2.61382 -0.00566106 0.00490591 2.75788
-0.00571444 0.00332062 2.83297 -0.00573265 0.000984649 2.87902 -0.00571044 -0.00193668 2.91336 -0.00565228
-0.00545755 2.93986 -0.00556332 -0.00969949 2.95989 -0.00545294 -0.0148538 2.97559 -0.00532363 -0.0212063
2.98913 -0.00517396 -0.0291712 3.00222 -0.00500847 -0.0393105 3.01641 -0.0048181 -0.052351 3.03324
-0.00460929 -0.0692718 3.05432 -0.00438273 -0.0914135 3.08074 -0.00413952 -0.120561 3.11175 -0.00394256
-0.159091 3.13925 -0.00390599 -0.210305 3.14719 -0.00433082 -0.27736 3.08367 -0.0195071 -0.0658821
0.987568 0.0208142 -0.0920798 1.14309 -0.0216515 -0.0773095 0.677979 0.135806 -0.0209501 0.739548
0.0430959 -0.0343047 4.21203 1.20633 -0.0416527 4.57258 0.139625 -0.0427668 1.41811 0.360187
-0.0584464 1.27284 0.628839 0.00652502 3.49447 -0.00775609 0.00490135 5.20485 -0.0120556 0.00873401
2.75002 -0.00738049 0.00946335 2.61848 -0.00819927 0.00887492 2.76337 -0.00814094 0.00692243 2.83935
-0.00802445 0.00422204 2.88597 -0.0078391 0.00108814 2.92075 -0.00758782 -0.00239731 2.9477 -0.00728645
-0.00626104 2.96826 -0.00695559 -0.0105695 2.98463 -0.00660081 -0.0154407 2.99906 -0.00622581 -0.0210658
3.01339 -0.005833 -0.0276977 3.0293 -0.00542087 -0.035673 3.04855 -0.00499106 -0.0455959 3.07313
-0.00454193 -0.0586555 3.10498 -0.00405993 -0.0773706 3.14508 -0.00355263 -0.107468 3.18976 -0.0031118
-0.163156 3.22989 -0.00353579 -0.268334 3.23907 -0.0335093 -0.0802025 1.01448 -0.0680967 -0.0904351
1.1705 -0.0708598 -0.00608378 0.727624 -0.0177242 0.0202899 0.739415 -0.0777182 -0.0217451 4.63889
-1.38157 0.036801 4.59094 -1.81348 0.0595095 1.31738 -0.110739 -0.00863098 1.30512 -0.165968
0.0110629 3.49656 -0.0119276 0.00837861 5.20316 -0.0199473 0.0144594 2.75558 -0.0103742 0.0150934
2.62564 -0.0109827 0.0138782 2.77114 -0.0103464 0.0111386 2.8477 -0.00967 0.00778483 2.89443
-0.00892926 0.00426104 2.92905 -0.00813524 0.000729198 2.95576 -0.00731728 -0.00274817 2.97606 -0.00649404
-0.0061212 2.99219 -0.00567699 -0.00934429 3.00644 -0.00486921 -0.0123578 3.02066 -0.00406916 -0.0150483
3.03653 -0.00327918 -0.0172344 3.05601 -0.002492 -0.018751 3.08146 -0.00170184 -0.0196975 3.11598
-0.000914383 -0.0211357 3.16343 -0.000148242 -0.0269451 3.22784 0.000438462 -0.0490257 3.31496 -2.8267e-05
-0.112313 3.43402 -0.0169229 -0.00471451 0.989465 -0.0467683 -0.00316163 1.88127 -0.0537401 0.0685811
0.673375 -0.163767 0.1695 0.512744 0.0319667 0.163152 3.97858 -4.106 0.3311 3.34297
-6.12539 0.288468 1.13333 -0.330217 0.124694 1.23517 -0.513009 0.0154896 3.49947 -0.0133191
0.0110175 5.20089 -0.0277436 0.0206266 2.76328 -0.00830346 0.0204029 2.63509 -0.00724743 0.0176169
2.78036 -0.00527122 0.0135588 2.85654 -0.00351575 0.00930453 2.90232 -0.00189811 0.0053041 2.93574
-0.000380173 0.00174073 2.96116 0.00103994 -0.00127729 2.98013 0.00237576 -0.00363904 2.99487 0.00362645
-0.00516326 3.00761 0.0047989 -0.00553291 3.02013 0.00590991 -0.00423775 3.03393 0.00696955 -0.00048104
3.05073 0.00800753 0.00698641 3.0728 0.00905089 0.0200208 3.10332 0.0101005 0.041133 3.14712
0.0111187 0.0733098 3.21174 0.0118937 0.118339 3.31176 0.0118362 0.173362 3.47507 0.00593283
0.209912 3.7978 0.100018 0.264569 1.06663 -0.327199 0.223499 2.07238 0.0169137 0.155608
1.11631 0.186813 0.422327 1.11994 -1.54719 0.658163 1.08283 -3.62138 0.354056 0.391479
-0.560986 0.650267 1.56628 -4.18591 0.685056 1.54994 -3.871 0.327557 0.406071 -0.831786
0.34626 0.401926 -0.793071 0.627182 1.40805 -4.08089 0.0165326 3.50147 -0.00116376 0.00909159
5.2018 -0.0271097 0.0238529 2.76848 0.0130411 0.0210809 2.64145 0.0189599 0.0155616 2.78489
0.0227541 0.0100564 2.85887 0.0253338 0.00514729 2.90218 0.0271267 0.00106325 2.93313 0.0284218
-0.00207986 2.95614 0.0294037 -0.00425417 2.97276 0.0301887 -0.00536646 2.98512 0.0308311 -0.00515584
2.99531 0.0313632 -0.00312136 3.00481 0.0318206 0.00156358 3.01478 0.0322449 0.0102147 3.02637
0.0326828 0.0250493 3.04088 0.0331807 0.049778 3.06009 0.0338234 0.0905748 3.08674 0.0347453
0.157862 3.12571 0.0362506 0.268982 3.18826 0.040216 0.446524 3.30786 0.049663 0.700289
3.56792 0.220352 -0.0346798 1.98603 0.727016 -0.45549 1.47506 1.07591 -0.479914 1.16198
0.961954 0.257875 1.15735 0.00258695 0.164683 1.48163 0.122073 -0.450051 1.66178 1.1725
-0.499239 1.29024 1.2481 0.0729204 1.26358 0.0927984 -0.00846953 1.60942 0.207659 -0.418537
1.80766 1.1759 -0.468886 1.4444 1.23786 -0.0556264 1.33613 0.177127 -0.0954918 1.67463
0.259996 0.00158315 3.49876 0.0559537 -0.0121969 5.2122 0.0206517 0.0142685 2.76077 0.0841214
0.00881196 2.63222 0.0954787 0.00154043 2.77114 0.0965118 -0.0035272 2.84065 0.0950429 -0.00731893
2.88036 0.092376 -0.0100293 2.90819 0.0892388 -0.0116386 2.92847 0.0860727 -0.0121731 2.94265
0.0830582 -0.0115695 2.95266 0.0802436 -0.00955366 2.96028 0.0776323 -0.00556965 2.96665 0.0752201
0.00132093 2.9724 0.0730154 0.0126445 2.97774 0.0710185 0.0309716 2.98248 0.0692269 0.0606597
2.98568 0.0676937 0.109329 2.98508 0.066569 0.190697 2.97601 0.0664184 0.330888 2.95427
0.0710417 0.565116 2.9243 0.107516 0.289695 1.61326 0.183853 -0.385692 1.03177 1.62154
-0.551346 1.09662 0.208361 -0.00243269 1.1481 0.204591 -0.758194 0.434858 2.37237 -0.540502
0.502057 3.6835 -0.673627 0.430661 3.22438 0.00544589 3.48154 0.125088 -0.0137466 5.24598
0.086225 0.0189043 2.71763 0.16488 0.00567157 2.58589 0.178134 -0.00551555 2.72007 0.173356
-0.0112674 2.78569 0.1655 -0.0146051 2.82363 0.156654 -0.0165416 2.85033 0.147773 -0.0172853
2.86971 0.139421 -0.0168893 2.88316 0.131777 -0.0153658 2.89242 0.124838 -0.0125526 2.89902
0.118541 -0.00801388 2.90374 0.112812 -0.000982954 2.90669 0.107574 0.00977549 2.90726 0.102761
0.0261845 2.9039 0.0983189 0.0512338 2.89312 0.0941938 0.089715 2.86778 0.0903078 0.149666
2.81232 0.0863874 0.24612 2.70488 0.0823867 0.397976 2.50065 0.115357 0.0129376 0.834591
0.199109 0.0770217 0.975709 0.223901 -0.238809 0.667778 0.335504 -0.942697 0.998647 2.77758
-0.879815 0.725255 5.70528 -0.574484 1.36656 -0.399785 0.188041 0.307732 15.6544 0.136059
0.562321 14.5137 0.759722 0.56836 20.9051 1.36651 0.255599 26.912 0.141556 3.43975
0.19722 0.142695 5.23243 0.21165 0.108324 2.65699 0.224169 0.0565124 2.52235 0.222522
0.0264961 2.64984 0.207764 0.0100949 2.71143 0.19278 0.000309099 2.74844 0.178721 -0.00549757
2.77522 0.165732 -0.00865937 2.79498 0.154021 -0.00994315 2.80894 0.143611 -0.00976784 2.81879
0.134383 -0.00825061 2.8258 0.126167 -0.00526258 2.83048 0.118807 -0.000425507 2.83259 0.112169
0.00686999 2.83119 0.10613 0.0173788 2.8243 0.100603 0.0317407 2.80798 0.0955645 0.0497077
2.77471 0.0909805 0.0687125 2.70889 0.0868237 0.0792947 2.58943 0.082687 0.0601954 2.36862
0.0655446 0.0164943 0.909426 0.108419 0.036597 0.928907 -0.0100878 -0.130265 0.881132 0.416236
-0.0353426 1.03434 0.122356 -0.572274 -0.704953 4.2423 -0.324521 -0.825276 2.42814 -0.256628
2.49227 0.46812 -0.40674 2.2205 0.773401 0.233918 3.29053 0.2155 0.259776 4.7037
0.316501 0.15908 2.62491 0.209873 0.0850995 2.4885 0.191997 0.0469106 2.59837 0.170695
0.0256992 2.65297 0.152648 0.012899 2.68669 0.137603 0.00532489 2.7119 0.124701 0.000978898
2.73138 0.113554 -0.00138554 2.74586 0.103976 -0.00242932 2.75657 0.0957301 -0.00239732 2.76452
0.0885719 -0.00137533 2.76997 0.0823238 0.000697529 2.77256 0.0768482 0.00394166 2.77132 0.0719999
0.00835981 2.76459 0.0676688 0.01337 2.74976 0.0638801 0.0166293 2.72276 0.0607273 0.0116366
2.67721 0.0585845 -0.0187112 2.60954 0.0589814 -0.108925 2.52383 0.0407888 0.114627 0.777181
-0.062592 -0.00170766 1.40202 -0.0654481 0.125985 0.859875 -0.208038 0.293325 0.6305 -0.192247
0.668352 -0.708608 -2.35035 0.838812 -0.460175 -4.1522 0.601603 1.82924 -0.774361 0.449968
2.1309 -0.56732 0.208387 0 0.18474 0.237726 0 0.257365 0.135168 0
0.16367 0.0706397 0 0.144413 0.0392814 0 0.124448 0.0221195 0 0.108315
0.0119106 0 0.0954893 0.00597437 0 0.0849134 0.00258544 0 0.0759658 0.000671286
0 0.0684213 -0.000336203 0 0.0620349 -0.000629231 0 0.0565812 -0.000316233 0
0.0519141 0.000570579 0 0.0479175 0.00199943 0 0.0444603 0.00379982 0 0.0414368
0.00529492 0 0.0388546 0.00445089 0 0.0367642 -0.00406559 0 0.0350322 -0.0327694
0 0.0336952 -0.107374 0 0.0398237 -0.281855 0 -0.0319564 0.482842 0.850592
-1.05118 0.276346 0 -0.223186 0.180871 1.01261 -0.0557185 0.645188 0.962421 -0.0221816
1.015 0.901319 -2.27755 0.589326 0.443663 -11.1658 0.737475 0.314973 -1.64668 -0.536899
0.343262 -16.5145 -0.419802 0.425524 -15.2303 0.728163 0.30264 -2.28184 0.764745 0.263932
-2.16068 -0.419075 0.254825 -16.349 0.737489 0 -0.475762 0.748478 0 -0.485899
0.665403 0.414883 -2.18655 0.637682 0.466538 -2.09085 -1.39778 0.367795 2.67228 -2.08334
0.815395 1.96431 -0.365346 1.22439 -0.0576213 -0.230352 1.73923 4.39894 -0.0636717 1.77519
7.10131 0.216562 2.45683 28.699 -0.314852 1.42424 15.3231 0.508185 1.44436 -3.63366
0.557084 0.253569 -2.35027 -0.348728 2.12857 9.40023 -0.899258 3.58677 15.9056 -1.08104
1.09442 17.7931 -0.667092 1.09912 8.45468 -1.06608 4.22773 1.2422 -1.50865 0.121042
12.8541 1.10487 3.22742 -1.9005 1.58332 0.898363 -9.89441 1.56599 -5.96138 -43.0109
0.986956 0.458861 -12.8297 0.271514 2.24799 -7.73566 0.628506 1.16327 -6.73571 1.03974
1.26479 -14.1621 0.602892 4.10466 -12.8212 -3.49426 1.51879 41.2694 -2.2007 1.33578
19.07 -0.208752 1.19383 0.59831 -0.263224 3.76119 2.24489 -3.20144 1.74845 47.8437
-2.11714 1.52888 22.1953 -0.0337123 1.35146 -0.0558241 -0.0184053 4.64022 -0.97767 0.414437
1.09559 -0.8379 0.492577 2.65166 -6.48871 1.08585 5.18398 -36.605 1.0231 1.54763
-11.3084 0.681047 1.30698 -4.20538 0.954559 1.92108 -13.7943 0.579393 2.43073 -13.8538
0.347117 2.68653 -13.7547 0.687627 1.62334 -3.53718 0.695334 1.67792 -3.87036 0.128658
2.86764 -13.7359 0.0790595 2.887 -13.8306 0.0330161 2.86034 -13.9947 0.675329 1.70449
-3.49455 2.09314 0.0336597 38.5166 0.371767 0.0985263 20.0539 -0.523498 1.97281 0.893457
-0.756498 -0.44987 6.08659 0.663697 1.22577 0.533283 0.952056 0.6568 -4.5538 -0.413442
0.139073 -19.1573 -2.53078 0.105982 -38.8589 -2.55904 0.233735 -32.5289 2.23592 0.381254
-83.7563 0.838772 0.334688 -21.8173 -0.390267 1.31005 5.03617 0.759588 2.18937 12.3958
0.541122 2.23788 13.4768 1.11182 1.14633 8.94212 0.184388 0.644771 -0.531436 -1.45366
0.999592 20.7439 -1.72786 1.16106 23.949 -2.57779 1.54505 -2.17 -1.95747 5.54351
-4.21903 -0.62985 2.82046 -4.11995 -0.871115 3.12669 -10.4921 -1.62447 3.1122 -10.4764
-0.0231235 2.73145 0.307094 0.124772 1.4643 -0.26112 0.2634 1.31049 -1.96915 0.0926525
2.23276 -2.51315 0.174141 3.12607 -1.64984 0.265532 5.41248 0.134218 -0.362055 1.92778
1.17089 -0.425135 1.58936 1.22158 -0.133358 1.41031 0.289869 -0.304806 2.02524 1.16726
-0.360165 1.71493 1.21134 -0.360299 0.935405 3.13299 -0.382392 0.867897 3.31035 0.611678
0.516257 -1.99201 0.719401 0 -0.467122 -0.311765 1.38458 -15.775 0.562935 0.610057
-1.81126 0.586695 0.564141 -1.89804 -0.295841 1.30393 -15.5355 -0.359097 1.39314 -16.539
-0.220956 1.58719 6.41741 0.0982445 1.40756 10.9206 -1.01996 -0.0385822 34.2388 -0.67342
1.13343 13.989 0.800765 -9.66155 -14.198 0.851522 -8.4324 -13.9001 0.975481 -1.00166
0.616133 0.881826 -1.09526 -2.03779 0.293976 -11.4929 -11.0621 0.361224 -2.71224 -3.20564
-1.66526 -12.1047 4.36159 -1.008 -12.2029 0.376699 -1.25342 -2.53995 -0.0236343 -2.04166
-1.2528 1.01376 -2.33127 -10.9653 5.86647 -2.6426 -1.19725 1.67951 -2.61335 -4.29736
7.45903 -3.02539 -7.62397 8.30509 -3.06375 0.361481 1.95989 -1.63621 0.47942 -5.45084
0.334773 1.19739 -1.8036 -0.114131 1.64802 -8.37597 0.000409053 1.5812 -4.52606 0.115595
1.40067 -0.203196 0.142173 4.42391 -3.05213 -0.358486 1.02376 5.29638 -0.296213 0.982313
5.6073 -0.44317 1.01083 4.92157 -0.442778 1.09619 4.86537 -0.210987 -4.42862e-37 0.402853
-0.231498 0.510955 0.997904 -0.365085 1.14175 3.92294 -0.265187 1.14288 3.50342 -0.313908
1.18466 3.84873 -0.165277 0.504372 0.918745 -0.156031 -1.09464e-37 0.376834 -0.113701 -3.23071e-38
0.353894 -0.107283 0.499043 0.851709 -0.0508616 1.08808 2.9286 -0.0973693 1.14376 3.16574
-0.156 1.12151 3.17595 -0.206848 1.17359 3.46176 0.871536 1.62791 14.778 0.665371
1.91326 15.0482 0.380933 2.02548 16.6267 0.431139 2.04041 16.3005 0.218697 1.88667
17.7822 0.253381 1.92746 17.5205 0.335731 1.99932 16.9401 -0.0178907 0.646265 8.01383
-0.00756907 1.76964 2.09214 0.242088 1.55444 -0.118346 0.464824 1.63743 -2.36914 0.637685
1.16028 -8.96149 1.21876 0.615266 -38.7779 0.889081 0.444456 -12.1744 0.560781 0.245998
-2.44993 0.604626 0.239234 -2.29233 0.667287 0.236233 -2.30122 0.65734 0.236812 -2.27464
1.65595 0.470265 -52.9391 1.01712 0.363598 -15.2281 0.655568 0.247009 -2.2495 0.580848
0.260558 -1.79989 0.556917 0.274578 -1.49553 0.407456 0.304391 -1.19026 0.941942 0.34035
-19.9113 0.96367 0.341997 -19.1776 2.28561 0.380914 -71.3793 2.33176 0.378841 -75.0129
0.323993 0.318715 -1.00278 0.187665 0.345403 -0.554851 -0.673458 0.734961 1.60096 0.166542
0.338437 -0.428278 0.0868911 0.351419 -0.0843236 0.0491513 0.349168 0.192456 0.0776767 0.334213
0.179997 0.037254 0.351722 0.343934 -0.51522 0.83214 2.11075 -0.587763 0.785855 1.90771
0.919506 0.337418 -20.5643 2.34402 0.377992 -77.9368 0.101714 0.335154 -0.0361365 -0.882388
1.15913 3.61751 -0.14518 3.06699 11.0204 0.533682 6.58704 14.4537 -0.92514 4.94884
0.842811 -0.749386 5.05738 0.883462 -0.668187 -1.47032 6.16527 -0.347697 4.90072 0.528724
-0.279608 4.89697 0.50303 -0.253324 -1.70725 2.62182 -0.0660819 4.74653 0.117126 0.0598013
4.77725 -0.0366865 0.0466278 -1.8772 0.0927903 0.288086 4.83338 -0.531262 0.416395 4.92447
-0.644977 0.361829 -1.72556 -2.63361 0.875074 4.85525 -0.86381 1.11597 4.80136 -0.965229
1.0917 -1.25991 -6.84825 1.4306 -17.3017 -29.233 1.90209 -13.3678 -37.5059 0.119059
3.27855 -10.9607 0.302688 3.48772 -11.8148 -1.18395 5.13272 -8.4405 -0.942488 3.81827
-7.40819 -0.864822 6.94004 -11.677 0.0520738 3.14727 -9.72617 0.9199 1.19804 -2.94346
0.742056 0.803383 -1.23498 -1.51623 1.2392 9.86876 0.224341 0.488041 0.24728 -1.97243
1.50925 19.9975 0.649345 0.87888 -1.49707 0.564719 0.949098 -1.6636 -0.328454 0.998584
-0.11698 -2.39875 4.4494 33.3284 -0.49235 3.06732 4.03076 -0.629373 8.90957 16.6153
-3.00452 1.81883 45.1067 -3.43871 1.55356 54.7871 -0.071117 1.36353 -0.0351329 -0.0269077
12.2637 2.20951 -0.0308805 13.3241 -0.775697 -0.0884382 4.62212 -0.55609 -0.0922151 13.6695
-1.92383 0.12076 1.31806 0.0367702 -0.0298565 13.9607 -4.71824 0.0170407 13.7884 -6.59873
0.115609 4.5216 -2.18219 0.0939591 13.4508 -8.69456 0.200087 11.4902 -14.5993 0.353738
9.54588 -22.8768 0.289962 0.421188 -0.754845 0.239212 0.439063 -0.68052 0.642993 1.58685
-3.15186 0.617755 1.60634 -3.06513 0.566334 1.43525 -2.69679 0.173119 0.46176 -0.560661
-0.529483 0.439524 12.4423 -0.485002 0.584334 3.80774 0.03051 0.914598 12.6079 0.162484
1.5715 11.1576 0.111145 1.31518 12.1261 -0.455373 0.662458 3.81003 -0.426978 0.73153
3.68587 0.305709 2.38739 10.1137 0.33656 2.27873 10.4845 0.275424 1.98663 10.4103
0.290239 1.87575 11.0288 -0.549266 1.60758 0.173815 0.560617 1.81858 13.5557 0.365849
1.44785 15.0323 0.823677 2.80434 11.5036 0.784226 2.55828 11.4278 0.731749 2.0963
12.479 -0.00920257 2.47024 0.173508 0.261803 2.48759 -0.1929 0.378032 -0.835387 -0.530871
0.631046 1.47165 -0.0734685 0.810128 -10.3202 -7.43235 1.01945 -8.23384 -14.541 0.87221
-0.0537789 -6.4485 1.0474 -5.74305 -25.9407 -2.51622 0.343094 -29.8724 -0.347637 0.573364
-14.8648 -0.455878 0.507197 -15.7425 -2.26581 0.522914 -28.1044 -2.15782 0.603843 -28.0189
-0.35154 0.909034 -15.753 -1.99775 0.974603 -28.9449 -1.99049 1.10608 -29.4459 -0.284248
0.995828 -15.0546 -2.07467 0.714893 -28.1908 -0.387226 0.680596 -15.6227 0.60062 0
-0.382583 0.710785 0 -0.516441 0.695969 0.359929 -2.26339 0.74087 0 -0.519127
0.750152 0 -0.498812 -0.30162 0.772505 -14.8874 0.791769 2.13103 44.0954 -0.0471315
0.912129 5.44046 -5.38418 4.70903 27.1907 -3.65655 1.14748 42.6719 -1.89212 -13.519
47.4349 -1.41269 -17.4186 37.713 3.69316 1.42152 -33.7909 4.88948 5.58358 -20.8597
-0.318497 10.8859 7.04285 -3.19723 1.41611 56.9624 -3.34195 1.49427 56.279 -0.00814959
13.8979 -3.60716 0.823404 2.37485 -41.909 -0.495449 3.13491 -39.322 -1.34967 3.52789
-38.4071 0.212111 2.80601 -13.7137 -1.89383 3.69197 -38.7624 -2.16726 3.75313 -39.5143
-2.31016 3.75516 -40.5608 -2.40704 3.70543 -41.8784 -0.0162131 2.7842 -14.1988 -2.49777
3.59527 -43.3969 -0.0750024 2.6596 -14.4336 -2.60671 3.42328 -45.0337 -2.72991 3.17134
-46.6214 -0.145818 2.4734 -14.6172 0.752079 -2.53521 44.5339 -0.804626 -0.0411873 8.4513
-0.931724 -8.72696 21.8585 -0.675191 -10.6523 14.3439 -0.995296 -6.23863 33.7672 -0.724432
-2.25306 -38.9396 -0.0808003 -9.82518e-38 0.333801 -0.057547 0.495909 0.796346 0.0431134 1.05086
2.7451 0.00373277 1.10613 2.94496 -0.05479 -3.04871e-37 0.31612 -0.0162307 0.495311 0.751056
0.122669 1.01377 2.609 0.0918567 1.06674 2.7815 0.190195 1.84446 18.0231 -0.456906
0.864749 2.24249 0.0711213 0.33654 0.294173 0.0364032 0.356918 0.421566 0.739768 0.341639
-21.9193 0.781151 0.338555 -21.9361 2.05963 0.38831 -84.3232 1.92232 0.393163 -84.276
0.0713838 0.3414 0.345914 0.0384587 0.364338 0.448899 -0.411095 0.889578 2.32566 -0.282676
1.28546 5.19408 0.887616 2.39455 12.1067 0.695095 2.44161 11.2518 0.1733 1.93958
7.20263 0.369239 1.55573 7.71419 -0.728154 3.05202 -6.75825 -0.11155 3.33195 -10.7865
-0.378659 2.93433 -8.87447 -0.41302 3.28862 -9.64642 -0.482739 2.62446 -5.87436 -0.44554
2.42749 -5.52548 0.500795 0.9937 -1.8074 0.39793 1.57646 -1.64978 0.0887069 1.64535
-0.35457 -3.03295 1.29978 55.5279 -2.89397 1.15046 51.8831 -1.23068 4.31156 -2.43638
-0.355117 2.84871 -2.71397 0.519513 1.37954 -2.48942 0.428517 1.19042 -1.9499 0.0892703
0.4907 -0.363144 -0.403002 0.799377 3.50606 0.342961 2.67963 10.2307 0.372525 2.67038
10.422 0.369744 2.78284 10.5539 0.403702 2.87336 10.7109 -0.338333 0.997339 2.9762
0.385732 2.77627 10.9115 0.424978 2.90791 11.1164 0.402773 2.74267 11.2458 0.438298
2.88022 11.513 0.891408 3.01023 11.9625 1.09439 3.27827 14.553 1.03438 3.24275
13.5871 -1.99353 1.22155 -29.992 -0.342464 1.12559 -15.9877 -0.346926 1.28669 -16.2625
-2.01098 1.40363 -31.1348 -2.02099 1.47062 -31.7005 -2.03154 1.52151 -32.2484 -2.04226
1.56133 -32.7776 -0.376757 1.45639 -16.7969 -2.0526 1.58886 -33.2817 -2.06149 1.60794
-33.7637 -0.331106 1.42968 -15.9946 -0.285627 1.17718 -15.2866 0.696633 0 -0.459557
0.540556 0.653832 -1.73187 0.671049 0 -0.452446 0.643887 0 -0.445349 0.768988
-4.88497 1.24572 0.685832 0.428425 7.95595 -0.407673 -12.0963 -3.52952 -0.520308 -1.94843
-1.00031 -2.53048 -9.7217 9.26622 -2.79699 0.159934 2.1165 -2.09865 3.08758 -35.2765
-2.78388 2.81654 -47.3967 -0.205046 2.21997 -14.4097 -0.235332 1.90627 -13.8278 -2.68888
2.386 -47.5918 0.152453 12.8624 -11.3525 0.0169197 0.497225 0.714077 -0.0343323 -5.44222e-37
0.300625 -0.0187827 -5.74054e-37 0.28713 -0.0073176 -3.50096e-37 0.275457 0.0617514 0.507051 0.658508
0.0425654 0.501237 0.683686 0.00103687 -9.07471e-38 0.265311 0.00707818 3.93089e-38 0.256369 0.0855269
0.522684 0.620316 0.075727 0.514265 0.637585 0.0116359 5.93949e-38 0.248516 0.0151213 4.13189e-38
0.241961 0.0965338 0.542246 0.595223 0.0921797 0.532136 0.606357 0.267491 0.963471 2.49769
0.111328 1.5516 19.402 0.113102 1.58113 19.2714 0.23753 0.948331 2.42949 0.326967
0.91605 2.40373 0.116756 1.44637 19.8481 0.114106 1.47092 19.7502 0.305403 0.899318
2.32348 0.35934 0.890358 2.35954 0.142652 1.36276 20.1963 0.133816 1.38138 20.1122
0.342628 0.869871 2.26959 1.7571 0.398692 -84.0907 0.693089 0.345292 -21.8901 0.523554
0.364872 -21.6321 0.555084 0.359555 -21.6967 1.2583 0.418203 -83.1217 1.14799 0.425444
-82.7388 1.06096 0.451276 -81.4574 1.09052 0.461395 -80.9745 0.499167 0.389776 -21.2854
0.494712 0.382402 -21.3759 1.15473 0.49585 -79.3891 1.12564 0.508252 -78.8698 0.495208
0.428391 -20.8423 0.504889 0.417501 -20.9443 -0.374815 0.911522 2.38221 -0.231757 1.28033
5.25765 -0.317387 0.949135 2.46903 -0.179577 1.2892 5.09527 -0.204642 1.28668 5.21129
-0.344317 0.931528 2.42787 -0.272725 0.976647 2.54719 -0.141019 1.26304 4.83943 -0.156732
1.28134 4.96394 -0.293229 0.964148 2.50798 -0.247803 1.00125 2.6164 -0.149086 1.23267
4.59302 -0.137419 1.24244 4.71828 -0.257621 0.988131 2.58539 0.58374 2.51252 11.0381
0.111896 2.07633 6.77393 0.271695 1.49264 9.37078 0.264115 1.13598 6.17807 0.230633
1.39666 6.20398 0.255759 1.73294 9.59327 0.275252 1.05318 7.92388 0.254929 1.13141
6.18006 0.268136 0.988285 6.17856 0.264189 1.1187 8.16941 0.116917 1.41306 6.57477
0.198594 2.26564 6.37756 0.200968 1.96648 6.31525 0.167347 1.28133 6.86595 -0.448428
1.51156 -6.61971 -0.431856 1.4181 -6.11289 0.115874 1.48554 -3.50095 0.182328 1.51756
-3.74963 -0.413732 1.6807 -6.99599 -0.443211 1.17749 -5.20937 -0.411654 1.14564 -4.8694
-0.000471492 1.32131 -2.90939 0.0585634 1.41574 -3.21932 -0.430353 1.26421 -5.43588 -0.528171
4.06026 1.96536 -0.60669 3.51517 2.83685 0.333335 2.06693 -1.6184 0.295413 2.29649
-1.47496 -0.271563 5.09561 0.841854 0.294412 1.98398 -1.70562 0.229943 2.19515 -1.44734
0.174527 1.90055 -1.52283 0.10153 2.13488 -1.16118 -0.0706381 5.02983 0.630512 -0.0376465
4.93752 4.59409 -0.644614 4.66468 0.429316 -0.198671 6.80693 1.96507 -0.320498 4.77706
2.84591 -0.376022 4.63072 0.162197 0.247947 7.75475 4.43506 -1.31636 8.75359 1.22268
-0.323407 4.34697 -0.687705 -2.23193 7.03738 -1.03911 -1.31429 7.90989 0.449645 -0.1328
4.3478 -0.678655 -2.94139 8.63118 -1.44356 -3.01851 7.62465 -2.75044 0.228024 4.53755
-1.14613 -2.26357 5.81394 -1.86667 0.201674 4.55735 -0.948581 0.414027 5.05041 -0.854179
0.295426 4.96801 -0.691338 0.206539 5.25652 0.102352 0.124695 5.14123 0.141827 -0.264193
2.09148 1.15687 -0.312624 1.81018 1.20535 -0.227463 2.13195 1.11875 -0.268629 1.87454
1.18365 -0.318294 1.05092 2.83212 -0.292292 1.13376 2.54805 -0.302985 1.09577 2.69636
-0.222726 1.92119 1.1236 -0.261805 1.19655 2.03934 -0.282029 1.17031 2.34867 0.60902
2.69088 12.659 1.68956 2.99748 22.2385 1.54868 3.05449 21.3934 0.506108 2.63091
11.9027 0.895068 2.26285 13.8201 2.44963 2.47529 26.7753 2.25801 2.68402 25.4647
0.751937 2.35078 12.8604 -0.39687 1.48663 -17.0329 -0.351887 1.44844 -16.1961 0.519476
0.695064 -1.6594 -0.443731 1.49075 -17.4551 -0.403191 1.4465 -16.5668 0.481976 0.766137
-1.52675 0.499909 0.732997 -1.59215 -0.374462 1.45101 -16.383 -0.5218 1.45736 -17.6881
-0.442353 1.35592 -16.0792 0.43608 0.805092 -1.27413 0.463489 0.790243 -1.4359 -0.442095
1.44301 -16.7309 -2.17795 1.59701 -37.0311 -2.20076 1.56738 -37.1492 0.187028 0.979255
2.5075 0.164372 1.02868 2.6599 0.222637 0.994053 2.56849 0.276469 0.921714 2.36918
0.301923 0.937372 2.44366 0.327022 0.881993 2.29113 0.345505 0.900073 2.37611 0.354984
0.865426 2.25867 0.115869 1.61269 19.1283 0.120468 1.64658 18.9786 0.112332 1.49672
19.6408 0.126284 1.40157 20.0303 0.0436927 0.373487 0.440688 0.642769 0.349583 -21.8286
0.594787 0.354465 -21.7721 0.0767477 0.357278 0.331287 0.0719214 0.348244 0.353587 0.0546553
0.384224 0.413235 1.05376 0.441942 -81.9098 0.494957 0.376057 -21.4734 0.0873592 0.366935
0.294309 0.066931 0.394558 0.379267 0.098088 0.375829 0.254827 0.0767186 0.404849 0.346705
1.15286 0.483745 -79.9324 0.509023 0.407336 -21.0692 0.106187 0.386224 0.218423 0.082531
0.417846 0.316004 0.110277 0.40028 0.184894 0.0841213 0.434316 0.285311 0.109759 0.418459
0.151652 0.0844519 0.455021 0.255281 0.392802 2.29042 10.3779 0.325389 2.05442 10.1593
0.259738 1.31612 8.87352 0.285636 1.17087 8.62926 0.242014 1.10227 7.51285 0.225866
1.16186 7.25146 0.0391642 1.54051 6.2125 0.178184 1.70899 6.28984 0.126984 1.97743
6.47807 0.272149 0.931824 6.18 0.209648 1.66531 6.25705 -0.460972 2.01858 -5.31615
-0.409396 2.5911 -8.58593 -0.3869 2.1722 -7.92615 -0.465153 1.6383 -5.27492 -0.447649
1.35357 -5.32922 -0.434386 1.88931 -7.61518 -0.421578 1.15522 -5.42919 -0.380368 0.991782
-5.53831 -0.458952 1.30812 -5.83367 -0.25008 0.851043 -5.92596 -0.202559 0.831058 -6.18955
-0.164601 0.812269 -6.45515 -0.394073 1.03436 -4.40467 -0.421686 1.06705 -4.69481 -0.0879278
0.770038 -7.0764 -0.0440115 0.747011 -7.43718 0.0024105 0.721078 -7.81584 -0.405807 0.959073
-4.25988 0.439432 2.69603 11.5656 0.464197 2.83562 11.8822 0.517416 2.77587 12.2463
0.611083 2.53613 12.31 0.742651 2.55801 13.1869 0.839153 1.97855 13.0708 1.43444
3.10164 20.5867 2.04997 2.83374 24.2148 -2.06941 1.61765 -34.2207 -0.418183 1.49422
-17.2461 -2.08397 1.62024 -35.0747 -2.09269 1.61673 -35.4831 -2.10527 1.61059 -35.8779
-0.477485 1.4831 -17.6621 -2.14615 1.59743 -36.6685 0.616071 0 -0.438033 0.588794
0 -0.430606 0.563667 0 -0.42328 0.542437 0 -0.416259 0.518943 0
-0.4137 -2.10988 1.48865 -36.203 0.77331 1.53794 15.0142 1.0509 1.56535 44.0205
1.74554 1.93214 37.3191 0.734444 1.8344 14.832 3.28764 2.415 36.6801 2.94941
2.30467 35.7933 3.46006 2.51062 38.1697 0.481948 2.04012 15.9723 3.22093 2.71903
44.5509 3.3985 2.66686 42.2783 2.98005 2.74073 46.8125 1.29535 0.593701 -36.7749
0.84922 0.437953 -11.5283 1.48178 0.511399 -48.5893 0.992876 0.381523 -14.38 2.18878
0.387788 -67.0979 0.982711 0.343351 -18.2353 0.899209 0.335649 -21.0247 2.33732 0.377716
-80.186 3.10694 1.5288 -12.4943 4.93469 5.88204 -9.69085 1.46287 7.25363 12.6533
3.23746 10.4892 0.959455 -1.01749 -19.7188 31.6393 -0.839021 -1.35122 7.3342 -0.734729
-20.5416 26.0103 -0.453946 -21.1515 17.4503 -0.329585 -21.1945 14.1759 -0.291398 -1.66742
3.32076 -0.255807 -21.1395 11.3157 -0.196443 -21.2211 6.36399 -0.128519 -21.2962 4.27924
-0.0668389 -1.85807 0.696947 -0.0643562 -21.3511 2.32201 0.149879 -21.3391 -1.39033 0.190799
-21.2427 -3.46457 0.24585 -1.75644 -1.89483 0.218745 -21.2673 -5.75931 0.470547 -21.2637
-11.2193 0.614998 -20.9705 -14.7047 0.824688 -1.42755 -5.52633 0.751333 -20.4998 -18.8744
0.518984 1.45193 -3.89742 0.676315 1.3685 -3.52964 0.283704 3.37279 -10.9851 0.38052
1.00688 17.2609 -0.363017 -11.623 8.18101 0.00069835 -0.876756 0.955461 0.00242546 -12.0025
3.16177 2.16376 0.384283 -84.1726 0.812735 0.336179 -21.8908 0.481112 0.000370497 -12.1263
0.70105 1.15043 8.29478 -1.32122 -0.00365925 -10.8238 0.399401 1.47137 -4.08021 -0.25341
3.22207 -9.91172 0.313572 1.49043 -4.05299 1.16953 3.25936 16.4521 1.13805 3.27563
15.5178 2.42316 2.17202 35.5534 3.48837 2.59448 40.1001 2.38715 2.70663 51.0563
2.69624 2.73444 48.9957 1.14001 2.49561 57.8071 1.43359 2.5556 56.3493 0.292374
1.96584 17.2403 1.74554 2.61263 54.7396 2.06652 2.66421 52.9741 0.362462 0.835256
1.49733 0.259798 1.65271 0.100614 -1.52757 9.60241 15.4163 -0.588983 -20.9445 21.3312
-0.232919 -21.1375 8.71025 0.0386228 -21.4302 0.480998 0.315869 -21.3427 -8.29987 1.02849
-19.6386 -23.8624 -3.28759 6.34811 10.2307 -2.66709 3.91547 11.3605 -1.37126 6.97384
-9.97948 -2.4337 9.87318 4.28158 0.970486 10.207 -8.45162 0.777128 2.31961 11.7589
0.446645 -11.6312 -1.53194 -2.39743 0.436572 -28.6629 -2.02519 0.838155 -28.5134 0.87314
2.43445 59.1227 0.167419 1.80241 18.2461 0.636428 2.37378 60.3082 0.149537 1.76088
18.4502 0.136771 1.72076 18.6405 0.258259 2.25752 62.3459 0.431505 2.31459 61.3783
-1.92159 1.20234 -8.61375 -2.04711 0.595307 -9.54012 -1.82164 2.49428 10.8989 -0.585849
2.7474 -6.3019 -1.00805 1.89861 9.80432 -0.398056 1.7054 8.65597 -0.216992 1.63451
7.47061 0.965693 3.15875 12.6957 1.23218 3.20789 18.1901 1.19738 3.23563 17.341
-2.00115 1.32244 -30.563 0.126947 1.68238 18.8144 0.111895 2.20359 63.2258 -0.0113721
2.15333 64.0293 0.11132 1.52376 19.5275 -0.270802 2.02165 66.0755 -0.199292 2.06242
65.4471 -0.329178 1.98264 66.6558 0.120961 1.42331 19.9439 -0.44459 1.87066 68.1295
-0.414591 1.90695 67.6801 -0.465345 1.83567 68.5415 0.154265 1.34671 20.2889 -0.468318
1.73816 69.631 -0.477146 1.76945 69.2749 -0.449046 1.7085 70.0024 1.57879 0.404736
-83.815 1.08052 0.43336 -82.3356 0.505093 0.370226 -21.5484 1.12675 0.472211 -80.4637
0.504942 0.398095 -21.1725 1.06746 0.52057 -78.3726 0.476313 0.440093 -20.7325 -1.3477
1.46628 -7.8776 -0.730345 1.46283 -7.02447 0.275826 0.977566 6.17841 -0.0150313 0.805035
-3.65485 -0.0427322 1.02003 -4.86411 -0.0832902 0.712624 -2.44632 0.228764 1.36879 6.21325
-0.162232 1.28399 1.22508 -0.175547 0.966218 0.0320075 -0.109156 1.7117 2.47485 0.202176
2.53657 6.4487 0.534101 3.05592 6.53128 0.258053 2.63874 5.13103 0.850183 3.41799
7.96732 0.244819 1.51352 -3.93318 -0.0643681 1.23556 -2.56824 1.27992 3.17691 19.0047
1.34655 3.14177 19.7998 1.85765 2.92827 23.158 -0.113773 2.10631 64.7668 -0.376235
1.94435 67.1898 -0.476227 1.80194 68.9224 1.40658 0.41129 -83.4844 -0.270922 1.27905
-5.99688 -0.1552 0.770607 -1.19552 0.0360632 2.18627 3.77446 -0.196455 1.332 6.19981
-0.0614941 1.04307 4.65162 0.105372 0.840118 2.92403 0.250251 0.700687 0.963618 0.411157
0.559478 -1.0647 -0.314786 0.882209 -5.7089 0.64134 0.471664 -2.94356 0.829224 0.497766
-4.83759 0.930959 0.525446 -6.72951 1.0061 0.541911 -8.6481 -0.126239 0.791081 -6.75736
1.08421 0.548966 -10.5723 1.17726 0.553506 -12.5283 1.29028 0.554538 -14.5295 1.43023
0.550605 -16.6049 0.0579867 0.695014 -8.227 -0.385909 0.926877 -3.97905 1.6028 0.544998
-18.768 -2.07667 1.62203 -34.659 -2.12328 1.60395 -36.269 -0.132376 1.17313 -2.21661
0.00554078 1.90024 -1.11666 -0.0432192 2.20531 -0.771239 0.136506 4.9151 0.400034 -0.0994337
4.55041 -0.0503578 0.0779079 4.32124 -0.653086 0.231759 4.47997 -0.815111 0.210265 4.82865
-0.587482 0.0402326 5.00715 0.153117 -0.171298 2.13962 1.02467 0.546274 1.52456 8.54156
1.88296 0.970815 19.0033 2.42197 1.933 27.7063 0.826184 1.79721 13.3826 -0.395827
1.31726 -15.8878 -1.83711 1.40988 -34.1843 -1.53138 0.180031 -21.9172 -0.338681 1.15922
-9.94467 0.017053 1.91014e-38 0.235668 0.0990348 0.553414 0.585275 0.364684 0.864533 2.26436
0.370884 0.888329 2.35647 0.107449 0.441864 0.122565 0.0830433 0.479936 0.233438 -0.241558
1.0179 2.63876 -0.172796 1.23902 4.45287 -0.0340986 1.69198 5.88202 -0.110385 1.79187
5.53048 0.216704 2.9781 6.57223 0.2091 2.77318 6.50991 -0.400061 0.859944 -3.84662
0.118912 0.669583 -8.66066 0.189462 0.645905 -9.11651 -0.389728 0.839638 -3.55918 -0.220733
1.18846 1.7214 2.53085 2.20414 27.5779 0.395964 0.795989 -1.11284 0.462227 0
-0.398285 -0.215528 1.16431 -1.84586 0.168144 1.33201 20.3895 -0.41689 1.68145 70.422
0.988795 0.532566 -77.8937 0.453197 0.452236 -20.6248 1.47392 3.96529 10.8597 1.16906
3.71903 9.40965 1.80958 0.538213 -21.0171 2.05324 0.529149 -23.3813 0.0176448 2.72025e-34
0.227231 0.0985463 0.566628 0.56013 0.377865 0.880943 2.35441 0.208821 1.30061 20.6279
0.186052 1.31855 20.5249 0.900175 0.543957 -77.4751 0.808972 0.553923 -77.1383 0.398469
0.476525 -20.4364 0.426412 0.464506 -20.5202 -0.238845 1.04132 2.6503 -0.207375 1.27009
4.29644 -0.202283 1.97132 5.15934 0.227472 3.16875 6.6337 -0.412264 0.787121 -3.39171
-0.416596 0.78387 -3.0783 -0.318599 1.20698 -1.49701 -0.104767 1.87925 0.998658 -0.107449
1.15722 1.71208 0.436898 1.37865 5.73249 0.91705 1.01938 7.20488 0.3194 -0.518094
0.323622 0.382832 -0.57841 -0.542488 0.294878 -2.69023 -4.60154 0.211503 -2.55602 -7.85982
-0.135551 -0.655566 -0.227842 -0.669181 -0.666116 -2.70464 -0.478439 -3.42441 9.09972 -0.062272
-3.83581 8.30207 -0.362227 1.05739 -6.88714 -0.20949 0.971811 -5.73931 0.282635 0.794495
-1.2499 0.366434 0.843198 2.23685 0.10231 0.469365 0.110578 0.0757182 0.509083 0.235321
-0.288299 2.08601 4.80699 0.265138 0.621354 -9.58345 0.741086 -0.402951 2.82351 0.550541
-2.20235 -8.38157 0.0876785 -0.550691 0.836996 0.0468339 -3.67629 4.59333 -0.883505 0.792699
-8.66004 -0.288959 1.62863 71.3041 -0.366601 1.65604 70.9058 1.8033 4.16937 12.3705
-0.173164 2.07429 -0.686607 0.296521 1.23247 4.8186 1.21598 0.100453 6.26223 1.15826
-0.770805 0.471705 0.746778 1.08561 6.17717 1.11327 0.496819 6.82564 0.303844 -0.596133
0.232048 0.230808 -3.406 -0.248882 0.538171 0.289932 3.8217 0.547161 0.150322 1.15246
0.398082 0.344623 0.277502 -1.16184 -0.0924023 -6.8843 -1.10993 -1.92232 -0.13616 -0.235834
0.510352 -3.82952 -0.840376 0.311797 -6.84252 -1.03534 0.606588 -7.69269 0.361252 0
-0.297366 2.34523 0.515197 -25.912 0.362666 0.599559 -10.1142 2.72317 0.498232 -28.787
0.944368 0.279841 6.70815 0.112111 0.507235 -0.861504 -0.713588 1.02973 -7.62558 0.0225342
1.04315e-33 0.213832 0.0531072 1.5252e-32 0.0762575 0.108517 0.583089 0.483299 0.0938589 0.577971
0.549944 0.166987 3.47487 3.46251 0.267351 2.39207 5.0874 0.588712 1.77625 5.38966
0.130193 1.79245 0.461904 0.0951152 1.36121e-31 0.138829 0.195812 3.77307e-28 1.02424 0.111852
6.06816 1.69026 0.320695 3.56573e-28 1.41945 0.371302 6.29502 1.80827 0.387197 2.82561e-28
1.54825 -0.0634716 4.09307 2.07596 0.16175 2.24751e-28 1.79471 -0.333064 3.48519 1.96639
-0.349267 2.98066 2.02267 -0.204281 1.17574e-28 1.76777 -0.355591 3.73009 1.8059 -0.352637
3.24462 1.93115 -0.322011 3.85547e-29 1.57459 -0.384367 3.86954 1.65928 -0.380899 3.43558
1.75174 -0.315254 9.13333e-30 1.44438 -0.402128 3.94352 1.53786 -0.407771 3.54642 1.61935
-0.286577 1.7176e-30 1.33984 -0.414367 3.97253 1.41082 -0.426509 3.6036 1.49296 -0.26433
2.88357e-31 1.24313 -0.41721 3.96899 1.2846 -0.436195 3.61926 1.3615 -0.24885 4.64923e-32
1.15354 -0.239189 7.13196e-33 1.07543 -0.417567 3.95203 1.17621 -0.436937 3.60815 1.23854
0.336162 0.756181 2.36525 0.388014 1.08822 18.1295 0.328064 1.18554 19.5961 0.349604
0.793248 2.09845 0.366857 1.63966 7.06026 0.530217 1.76982 12.3852 0.32842 4.49215
0.618221 0.161222 2.79632 2.1904 0.255139 2.14058 5.07212 -0.0406671 3.23954 0.586032
-0.195433 2.59026 2.24997 -1.0419 2.21922 5.71491 -0.415956 2.66759 -0.141451 -0.416054
1.88089 2.85488 -0.438121 2.13925 3.65877 -0.438583 2.01411 3.66863 -0.398373 2.31762
3.09067 -0.433337 2.24018 3.38335 -0.28049 2.43525 2.6581 -0.341604 2.38255 2.83984
-0.157818 2.50143 2.40552 -0.218584 2.47546 2.51551 -0.0384522 2.51504 2.24851 -0.0977849
2.5143 2.31577 0.0634811 2.49515 2.15341 0.0152493 2.50768 2.19523 0.174733 2.60877
3.36829 0.113953 3.01577 -4.12611 0.618778 3.26689 -12.0239 -0.146179 2.98324 -4.02166
-1.35206 2.87218 6.14796 0.63606 4.7522 -0.625082 0.471735 3.22138 -3.49974 0.17313
2.74631 -2.56757 -0.203147 2.0947 -1.51394 -0.0566037 2.41527 -2.22009 -0.542912 1.96006
-1.93997 -1.05994 1.87555 15.347 -1.05484 2.25206 50.1658 -1.30409 2.51017 12.1482
0.406687 4.6024 18.0656 1.02412 5.87825 18.4527 2.44791 6.61293 30.0412 1.34557
5.32798 30.8619 1.59536 7.52922 19.6691 3.70659 8.54158 36.0349 3.81002 8.52149
33.9483 1.47848 7.15538 18.198 1.12278 7.18935 21.6382 2.24066 8.11393 42.898
2.59508 8.22162 41.459 1.11901 6.94545 20.0645 0.920293 6.93177 23.0171 1.26996
7.79054 47.1683 1.46666 7.8607 46.2749 0.878272 6.68367 21.4351 0.833728 6.71002
24.007 0.552935 7.52126 49.8687 0.729559 7.59026 49.3201 0.810601 6.48109 22.4223
0.752077 6.34249 24.62 -0.0584997 7.08313 51.2089 0.0724161 7.23832 50.9705 0.748403
6.20628 23.0702 0.710746 5.55924 23.3953 0.706547 5.51548 24.8215 -0.393596 6.09676
51.5639 -0.341578 6.41376 51.6235 0.657049 0.550778 -73.9418 0.837245 0.704296 -70.174
0.308483 0.620974 -17.7547 0.312439 0.511578 -19.277 0.396413 2.71524 -11.7554 0.402115
2.88143 -5.82089 0.206524 3.27796 -1.58768 -0.622987 1.12311 -0.398516 -0.29487 1.13922
-5.5535 0.180596 5.07171 1.03402 0.0187031 4.02331 1.34073 0.284538 3.59109 -1.16064
-0.0406259 2.48749 0.0497226 0.134766 2.71983 2.32951 -0.463722 3.1524 -3.60421 -0.796222
3.89 -2.32511 -0.116912 3.71364 0.307133 -0.500423 3.74999 25.3767 -0.637772 3.6151
14.8958 -0.612863 3.51464 2.93797 -0.354183 3.42304 6.22923 -0.281703 1.14956 2.627
-0.415212 1.46715 3.89653 -0.268775 1.34051 4.16257 -0.243153 1.0776 2.64454 -0.0763913
2.84797 3.25303 -0.195972 2.7964 3.54083 -0.666823 2.87325 3.91046 -0.456787 2.20287
3.56174 -0.228552 2.23839 2.29282 -0.164688 3.38223 1.6877 -0.248411 3.40765 2.51969
0.303745 2.69727 2.73212 0.332947 2.27008 2.62889 0.764157 3.6898 4.64846 1.35615
3.78818 3.82092 1.6007 3.67712 2.52866 0.464171 3.58576 -19.6756 0.90913 2.64839
-25.8382 0.724464 3.25063 -2.86943 0.209516 3.52587 -1.05178 -0.593782 2.82785 3.93412
0.440685 3.72193 6.19913 0.373486 3.6095 6.66178 -0.507 2.42859 4.17644 0.294109
0.89561 3.04228 -0.133742 0.385678 2.94255 -0.0889202 1.57548 2.40945 0.494711 0.222846
2.06303 0.303698 1.23318 3.01204 0.563894 1.64465 2.58864 0.682855 1.20564 2.55339
1.62697 3.34307 3.74865 1.90479 2.89447 3.6228 1.98023 2.52708 3.12711 1.8285
1.43295 -34.5765 1.91409 1.28712 -36.7595 1.49726 2.95319 -6.55447 1.37945 3.17465
-5.84913 0.623672 -0.724077 1.67942 0.390696 -0.807956 0.887426 0.3602 -2.34649 0.0266792
0.342069 -2.2928 0.24279 0.456631 -1.84865 1.19609 0.41506 0.302401 2.58671 0.337668
0.261412 1.67914 0.353184 -0.0962899 1.55386 0.879438 0.610036 2.7028 1.05479 0.209495
3.09585 2.28348 2.16625 3.42852 2.46122 1.92809 3.46436 2.35944 1.57257 3.32599
2.21086 0.929753 -39.9066 2.25604 1.07338 -40.5198 1.84587 2.31985 -7.82811 1.79493
2.39453 -7.50318 0.244325 -0.353117 0.837729 0.099805 0.221749 0.830391 0.44514 -1.33153
0.275811 0.537784 -1.9157 0.112536 0.50857 -2.13683 0.189361 0.456895 -0.344422 1.73739
0.386665 0.706792 1.37308 0.338777 0.56566 1.67294 1.53904 -0.098245 3.83949 0.75702
-0.228533 2.91852 2.42527 1.1734 3.70929 2.61559 0.931794 3.86392 2.40358 0.809404
4.02073 2.35546 1.93598 -39.9155 2.38461 2.69481 -38.6497 1.88749 2.36102 -7.41526
1.84998 2.219 -7.64261 -0.0459519 0.507821 0.413304 -0.430767 0.274642 -1.32623 -1.09817
-0.455437 -3.27806 -0.68921 0.0202003 -1.55109 -0.135921 -0.137161 0.142647 0.616904 2.52119
-1.02529 1.44838 2.56225 0.887444 0.423085 1.27252 0.354879 0.1642 0.710976 0.131506
-1.67206 0.131074 -0.374269 -1.85332 2.74281 -3.59882 0.128748 3.16544 -2.23352 1.75045
0.279368 3.76798 -2.31165 0.588438 -0.185145 2.81556 9.24274 -24.6327 1.50554 13.2003
-14.0727 1.12687 5.87443 -4.59576 2.23355 3.9842 -4.65182 -1.16908 -0.42018 -3.44382
-1.86749 -1.10777 -4.88216 -1.94409 -2.36903 -6.62514 -2.25736 -1.92681 -6.74243 -2.07745
-1.41758 -6.18241 2.34454 3.09051 1.2414 0.636543 1.62235 0.946555 1.40835 4.52198
-2.80399 1.73296 3.76359 -1.43126 -3.94671 2.38229 -3.84303 -2.45857 4.4523 -4.36727
0.297048 4.67117 -4.15615 -7.23196 2.16064 -3.14213 -6.66859 2.2352 -2.65253 -5.06687
4.44952 -2.1069 -4.65524 4.43736 -2.90676 -6.73475 2.20194 -3.48995 -6.50995 1.65655
-3.51602 -6.35358 1.67104 -3.11919 -4.84796 3.00802 -1.90447 -5.03356 3.73397 -2.20842
-6.34253 2.07725 -3.4686 -5.8563 1.66407 -2.32888 -5.70389 1.73659 -2.01923 -4.32595
2.70307 -0.7088 -4.55767 2.86727 -1.41451 -5.99372 1.73659 -2.53006 -5.34874 1.39707
-0.640208 -4.9746 1.34935 0.126546 -3.51392 2.09356 1.85537 -4.08497 2.40348 0.524375
-5.46017 1.59621 -1.07646 -3.94774 1.17174 1.17009 -3.57429 1.24631 1.39458 -2.43362
2.27358 2.55399 -2.83878 2.09078 2.56853 -4.23442 1.22649 0.99918 -2.87034 1.35803
1.55477 -2.63632 1.47387 1.59827 -2.00646 2.69341 2.18517 -2.17399 2.49957 2.40978
-3.04967 1.34679 1.55048 -2.19882 1.61745 1.55235 -2.06025 1.73227 1.54297 -1.81915
2.97756 1.72637 -1.89349 2.85298 1.95038 -2.31362 1.60509 1.58876 -2.11447 -1.02345
-5.56907 -2.30745 -0.208445 -6.6558 -0.542273 -3.07065 -8.39532 -0.773524 -3.22801 -7.01298
-1.20175 -3.01924 -6.67061 3.06994 2.96418 7.25069 1.43095 3.39998 8.13124 0.448514
3.57423 6.78686 0.924862 2.49897 4.01576 3.71263 4.1813 -0.345973 4.0736 4.60959
-1.75633 3.23042 3.83447 -0.306228 2.85629 3.58395 -0.119741 5.43245 6.724 -2.31908
5.01025 7.2993 -2.89714 7.07185 8.99393 0.0935587 6.57795 7.64866 1.14587 -5.24353
7.25103 -2.99139 -4.47955 6.29554 -1.23359 -4.09639 7.8005 -0.341152 -6.15294 9.63655
-7.69403 -5.61007 8.12285 -3.94673 -2.04283 3.80982 -0.638529 -1.34298 3.81357 -0.560146
-2.14402 6.72641 -0.551003 -2.76114 6.53608 -0.844271 -3.79193 5.15619 -1.59758 -3.2206
3.84519 -1.42363 -3.24266 3.59299 -0.909119 -2.77016 3.51659 -0.205595 -3.57668 3.24928
0.175516 0.171257 4.05407 26.2309 -2.43332 0.804446 17.416 -2.76555 2.30849 5.73643
-3.47001 2.87945 2.15194 -2.5584 2.75331 6.05478 -1.5845 3.2019 8.93245 -1.49676
3.87393 7.90242 2.00535 5.7452 7.03 1.08096 7.31581 5.78306 -0.13008 5.80752
10.6979 -1.33149 4.34892 6.26985 -1.22142 4.46204 4.95483 1.50111 4.89096 11.9331
1.81941 4.85468 10.9618 1.84092 5.16862 9.42302 -1.19488 4.38664 4.04662 -1.19355
4.2427 3.38721 1.43831 4.7576 15.3545 1.57642 4.80952 15.2748 1.42105 4.86572
13.8254 -1.60753 -2.63672 -12.6432 -1.75509 0.455528 -6.30112 -1.51672 0.992214 -4.91053
-1.30656 1.48953 -3.95215 -1.15226 0.281459 -6.13324 -1.17095 -0.97506 -10.9734 -6.96041
11.8486 -14.467 -3.91809 8.66688 0.0648191 -3.83852 9.09221 0.139993 -7.17009 12.9138
-16.7639 -7.18326 12.2407 -17.3468 -1.38597 3.47885 -0.486069 -0.941126 3.47484 -0.35599
-1.99414 6.95562 -0.478401 -2.48736 7.11152 -0.529594 -2.15808 3.48423 -0.617497 -1.83493
3.11747 -0.380318 -1.52825 -8.02871 69.0803 -0.937794 -10.5822 57.5637 -1.02356 -2.62945
23.8706 -1.59142 -0.950384 25.9743 -0.548977 0.853823 -2.22224 -0.656552 0.961723 -2.44982
-0.6623 1.65187 -0.773522 -0.446684 1.37827 -1.12314 -0.493231 0.823537 -2.49934 -1.00562
2.32698 -1.11291 -1.03429 2.72825 -0.782933 -1.0842 3.02136 -0.724651 -0.881142 2.11729
-0.636956 -0.844884 1.51874 -2.50391 -7.53864 14.5122 -17.7169 -3.8549 9.2956 0.138943
-3.83713 9.37512 0.266824 -7.85331 16.0066 -18.4523 -7.94661 15.4807 -19.6836 -1.19826
3.18399 -0.433831 0.264997 4.07071 0.0231806 -1.67945 6.94455 -0.14325 -2.36994 7.20112
-0.301374 -1.8296 2.81195 0.280853 -1.95641 2.48567 0.270008 0.452444 -5.80272 4.62886
0.846165 -1.93291 -39.1198 -0.466549 0.347437 -4.64973 -0.0298438 -0.368229 2.60155 0.453708
4.68728 0.199701 -0.194216 2.47746 -0.390716 -0.804439 3.59713 0.0585258 -0.939733 3.77802
0.120163 -0.397757 2.53036 -0.305005 -0.784458 2.89864 -0.356601 -1.27654 3.64418 -0.777047
-1.34964 3.92601 -0.796701 -1.36343 4.02299 -0.529656 -7.99954 17.2102 -18.996 -3.74388
9.35491 0.32096 -3.54371 9.24133 0.390754 -7.84099 17.91 -19.2751 -8.23522 17.9988
-20.8615 0.463789 4.08596 2.50424 -0.988027 6.66437 0.128379 -1.88163 7.06659 -0.00928253
-0.36512 2.59361 2.9238 -0.316315 1.95935 6.03057 -0.696486 3.07346 4.77146 -1.0267
3.17297 -0.0994891 -1.12086 2.26157 0.667792 -1.19054 1.48273 1.71019 -0.881794 1.45979
3.55138 -0.955973 1.17481 2.62336 -0.895525 1.12967 2.667 -0.372123 0.900882 4.00054
-0.569047 1.11336 3.91057 -1.01018 1.23777 2.67348 -0.777338 1.01934 2.60533 -0.736053
0.99036 2.64477 -0.180792 0.64619 4.22925 -0.252364 0.751118 4.11195 -0.806587 1.05024
2.66104 -0.660049 0.919613 2.58818 -0.629103 0.895092 2.64246 -0.104452 0.456644 4.4437
-0.135637 0.555091 4.34127 -0.677404 0.939907 2.63544 -0.580244 0.840666 2.61632 -0.553667
0.820069 2.6878 -0.0678796 0.274277 4.60923 -0.081868 0.356236 4.53604 -0.589384 0.85439
2.66045 0.238693 4.31976 -0.216622 -1.26517 3.68729 -0.386065 -1.00651 3.50265 -0.664969
-1.77653 4.02589 -0.339531 -1.99282 3.90684 -1.15132 -1.94678 3.84638 -1.49312 -7.32141
17.9995 -19.1207 -3.23036 9.01177 0.419762 -2.83768 8.70329 0.340165 -6.47876 17.4941
-18.4432 -7.17812 18.2366 -20.5174 -0.830199 2.98386 5.85672 -0.963796 3.56965 3.10004
0.0620581 4.19421 0.599542 -1.08124 5.83469 0.310134 -1.08171 6.61155 0.0678722 -1.08771
1.85684 9.37207 -0.305928 0.944599 6.97618 3.15851 -0.596211 18.0839 2.21023 -0.0701537
19.4676 0.434685 0.90364 17.0213 0.215883 0.403646 7.68701 0.668345 0.0813041 7.6041
2.8072 -3.27038 12.8553 3.09509 -3.34437 14.0933 3.11813 -2.28433 15.2917 0.874478
-0.143427 7.15106 0.858043 -0.336677 6.71554 1.97871 -2.31133 9.40149 2.17338 -2.5067
10.2966 2.34711 -2.65529 11.1015 0.794961 -0.509173 6.41365 0.736329 -0.651272 6.23254
1.49494 -2.38816 7.51189 1.63342 -2.44085 7.79954 1.72348 -2.32377 8.17295 0.667643
-0.736963 6.11215 0.566695 -0.736815 6.00061 0.760525 -1.43007 6.88362 1.00118 -1.91913
7.11477 1.19999 -2.1839 7.20551 0.316947 4.11737 -0.640339 -0.938169 3.15391 -0.723203
-0.639157 3.04763 -0.748233 -1.72217 3.56411 -1.36465 -1.5962 3.42141 -1.3273 -1.43637
3.32137 -1.23691 -5.43605 16.6017 -17.1579 -2.39776 8.27316 0.278085 -1.97689 7.78699
0.0779852 -4.39718 15.6728 -15.2757 -5.06671 16.4936 -17.7038 -0.929832 3.876 0.406526
-1.38667 5.26812 0.150866 -1.23579 0.155611 17.1544 -0.907496 -1.13411 18.6529 -0.822218
3.83384 1.26583 0.286447 4.23236 -0.756533 -0.561963 2.78396 -0.848482 -0.323986 2.76405
-0.843294 -1.16067 3.13259 -1.28583 -1.0464 3.09635 -1.25813 -0.917468 3.00631 -1.16906
-3.42571 15.087 -13.059 -1.64339 7.27536 -0.181182 -1.36706 6.72068 -0.469756 -2.46434
15.1684 -10.7571 -3.00681 15.3894 -12.8553 -1.01261 4.79893 -0.161214 -0.593077 3.55929
0.0826439 -0.366183 3.26602 -0.0630009 -0.713847 4.3126 -0.292351 -0.187078 -1.98883 13.6501
-0.0783151 -1.8931 12.3209 -0.163154 3.40527 0.424411 -0.302262 3.52221 0.485162 0.11859
4.58613 -0.575899 -0.234879 2.63032 -0.916318 -0.12188 2.25895 -0.923963 -0.633534 2.85116
-1.43801 -0.434127 2.90033 -0.878467 -0.198661 3.01016 -0.325565 -1.37844 15.9119 -8.92933
-1.03008 6.00452 -0.852339 -0.47469 4.82923 -1.4065 0.464075 14.7147 -7.98253 -0.635471
16.533 -8.9646 -0.432849 3.75218 -0.447047 -0.191578 2.9689 -0.201926 -0.0501627 2.62407
-0.364901 -0.167804 3.07014 -0.670918 0.0865679 -1.52959 9.05593 0.120699 -1.41347 8.11206
0.0957459 2.94048 0.100059 0.0397124 3.03747 0.168602 -0.0653848 4.81771 0.13984 -0.0172036
1.50702 -0.500042 -0.0855622 2.5561 0.126131 -0.32163 1.94344 -2.25722 0.0726364 0.828327
-0.538169 0.259733 0.754148 0.214639 1.09784 6.64864 -8.6838 0.0203606 3.13137 -1.60499
0.153657 1.45404 -1.15847 0.986566 1.61921 -3.06995 1.3665 3.1772 -6.75585 0.0379842
2.16098 -0.544449 0.063043 1.531 -0.657282 0.0600978 1.33409 -0.938679 0.000466871 2.26604
-0.892058 0.18779 -1.02085 5.31261 0.195176 -0.890059 4.36143 0.183454 2.34486 -0.179048
0.170417 2.48834 -0.142916 -0.122666 2.64474 1.08347 -0.299052 4.35255 1.20011 -0.342436
4.18371 1.03141 0.0387429 1.53202 -0.114694 -0.0208637 1.81305 -0.300181 -0.28299 3.92566
0.927651 -0.0520947 1.56176 -0.557439 -0.0317927 1.73127 -0.519508 -0.216288 3.50439 0.880669
-0.0102473 1.41801 -0.650527 -0.00520688 1.52767 -0.441098 -0.279534 2.83717 0.817021 -0.0555724
1.23719 -0.104128 0.0394105 1.29206 -0.100722 0.0516978 0.915258 0.352093 -0.0413168 1.02882
0.880232 0.141934 1.07126 -0.549859 0.089497 0.957249 -0.563404 0.0894457 0.961311 -0.479049
0.0690091 0.698758 0.298391 0.197213 -0.52936 1.13217 0.144824 -0.428255 0.0706772 0.133451
1.54662 -0.150525 0.163376 1.68044 -0.336194 -0.42863 3.01082 2.01676 0.0392498 1.55518
2.99236 -0.0717329 1.68454 1.85351 -0.426548 2.97779 1.69103 -0.441152 2.87435 1.46939
-0.576535 2.65802 1.30625 -0.896787 2.24653 1.09403 -0.0343382 0.949187 1.04084 -0.149488
0.949509 1.07715 0.09117 0.730043 0.858492 0.163432 0.820763 0.969151 0.0701307 -0.27772
-2.92856 0.0886897 -0.273709 -3.98127 0.131127 1.48485 0.732155 0.0995699 1.40348 0.759935
-0.178276 1.16994 1.33293 0.586293 0.510103 3.08676 0.39554 1.03519 4.16813 -0.253951
1.45506 1.21115 -0.389349 1.66512 1.12393 -0.674714 1.81407 1.0432 -1.18134 1.8582
0.85705 -0.0772844 0.781544 0.97972 -0.151233 0.820559 0.857586 0.210355 0.79558 1.03773
0.282007 0.741747 0.928813 0.190685 -0.284887 -6.7595 0.225888 -0.306043 -7.71934 0.291646
1.49081 0.769504 0.252136 1.46986 0.808877 0.325076 1.02036 -0.948057 -0.121718 0.745881
-3.03871 0.381602 0.243638 0.203603 0.197252 1.27908 -0.613516 0.0120065 1.5263 -0.328634
-0.310584 1.80686 -0.058735 -0.883219 2.16981 0.121883 0.00715553 0.701927 0.50606 -0.422899
1.52333 0.0227799 0.4343 0.556102 0.539171 0.355964 0.654129 0.733794 0.447454 -0.37241
-11.3287 0.56835 -0.307654 -12.8439 0.57737 1.2532 0.45225 0.500564 1.32301 0.605353
0.245301 2.97616 -2.00058 -0.0218054 1.50362 -3.33888 -0.276105 1.17989 -4.71991 0.188822
2.91964 -1.67702 0.11532 2.91144 -1.38181 -0.0141236 3.01233 -1.02771 -0.313799 3.33858
-0.599034 -0.893198 4.12879 -0.523787 0.499505 1.18036 -2.70499 0.201738 2.76076 -1.68267
0.00955539 1.1658 0.261982 0.677341 0.919874 0.638847 0.891309 0.819817 -3.19808 0.533469
0.433038 -18.9526 1.07317 0.658328 -4.3608 0.772643 1.87741 -21.7593 0.758518 1.26595
-10.3124 0.679578 1.07712 -9.58642 0.940401 0.903595 -24.2798 -0.879136 2.24418 -17.2498
0.645388 1.4329 -11.2513 0.804327 1.45182 -11.5807 -0.962406 2.79324 -18.0266 -0.48625
2.6831 -16.3261 0.457067 1.40157 -9.53393 0.485516 1.3969 -9.8716 -0.519599 2.53681
-16.3627 -0.496022 2.61143 -16.1159 0.394265 1.4479 -8.34369 0.41219 1.44155 -8.63005
-0.48108 2.65251 -16.1368 -0.649942 2.39908 -15.8799 0.373418 1.37891 -7.24663 0.371457
1.41406 -7.51283 -0.588702 2.43105 -15.8746 0.0108189 0 -1.67891 0.219132 0
-0.653327 0.154367 1.44644 -1.49936 0.000161456 0 -1.54175 0.00202901 0 -1.41567
0.00655936 0 -1.18653 -0.0630037 0 -0.786115 -0.311567 0 -0.675717 -0.292719
0 -0.976196 0.139233 0 -1.10569 0.842066 1.86134 -2.35145 0.840407 2.43773
-2.47309 0.369983 0 -1.03455 0.935315 2.24617 -2.59696 0.876223 2.80843 -2.27048
0.33438 0 -0.998746 0.910016 2.48435 -2.3809 0.823517 3.00551 -2.2418 0.274778
0 -1.00603 0.83331 2.64461 -2.36455 0.754551 3.1194 -2.26398 0.774613 2.75026
-2.40566 0.706802 3.17496 -2.32178 0.229379 0 -1.0327 0.822658 0.497761 14.7273
0.82026 -2.24477 37.3528 0.609494 1.03807 15.3766 0.458024 0.736649 3.40626 -1.13
-0.328596 4.00795 -0.382476 -0.0345761 12.0972 -0.805989 2.57064 13.3782 0.164189 3.79519
35.5292 -0.199001 3.47893 20.3242 -0.737378 3.19447 12.4203 -0.796219 3.30156 33.1465
-0.895841 0.731568 -5.63252 0.14205 1.96943 -15.035 0.0453807 0.56284 0.357785 0.0281522
0.592961 0.424945 -0.484062 0.657294 0.589964 -0.941397 0.648395 0.331732 -0.518539 1.31094
2.77196 1.60968 5.29593 7.6124 0.120277 3.70122 5.46277 -0.672867 2.81825 4.01897
0.162799 0.669293 -1.21226 -0.139028 0.847104 0.890178 0.299757 -1.2084 2.14629 -6.16243
0.477314 -3.52033 -4.08131 0.975112 -3.0721 -6.31291 2.18606 -2.95766 1.08496 1.38312
-3.11589 1.46922 1.28368 -4.58726 2.27765 3.33353 0.373685 3.63273 3.83022 1.38634
5.44531 6.10177 0.77324 5.42725 6.12186 -2.19414 -2.38222 7.5366 -6.1546 -3.18767
6.89382 -5.24197 -8.01198 7.90274 -42.0069 -8.03534 8.23544 -37.4074 -7.2913 11.7001
-14.1322 1.56593 6.09359 20.4367 -2.21387 0.91516 17.2544 -2.09723 -3.5181 67.258
-0.154043 -1.65735 -11.6836 -0.0246883 -1.79796 -6.61969 0.564188 0.607241 -11.308 0.586938
0.628244 -11.8975 0.232934 0.653163 -10.4242 1.62884 -2.6141 -33.9589 -0.887509 -0.935818
-10.7959 -8.11476 7.78682 -45.3168 -8.77934 10.0831 -49.5388 -8.54073 9.13736 -48.474
-7.55908 13.8052 -18.7799 -9.00099 11.0682 -50.4893 -9.38831 13.8381 -52.5465 -9.3244
12.977 -52.0117 -8.21347 16.9446 -20.3947 -1.2693 0.952147 -3.33338 -0.971892 0.178578
-14.4481 -1.17536 0.422368 -21.6358 -1.63489 1.39553 0.107821 -1.07891 1.34991 2.36689
-1.61213 1.26194 0.634177 -1.51073 1.09905 1.05357 -9.36094 14.5611 -52.9095 -8.60159
15.6859 -52.3614 -8.96831 15.4965 -52.8763 -7.88857 18.4407 -20.9623 -8.14767 15.6571
-51.4799 -6.31719 14.5926 -46.3307 -6.97853 15.0619 -48.5096 -6.17325 17.4723 -19.4593
-0.42223 1.49582 12.9114 4.03371 -5.68397 64.4996 0.740538 1.72164 18.3393 9.09994
-1.74014 10.5929 9.71666 1.2088 39.8382 2.21586 1.35437 21.8403 3.23142 -0.527694
20.7246 -5.68123 14.0845 -43.655 -3.81734 13.0319 -33.7949 -4.42556 13.2214 -37.3216
-4.00865 15.6592 -15.3911 -3.20937 13.11 -30.0635 -1.21657 15.5896 -18.6433 -1.89899
14.329 -22.2931 -1.93639 15.965 -10.4267 -0.39222 17.0766 -15.8003 1.41468 11.3852
-19.5767 1.66226 15.9493 -15.381 1.37677 11.6842 -8.70551 1.84687 2.21326 -7.48982
3.3589 2.39588 -16.2106 3.05008 2.45355 -15.7432 3.28095 2.71661 -16.7309 3.06361
2.65824 -15.1046 3.32174 2.8365 -15.8778 3.05141 2.66777 -14.48 3.16926 2.72696
-15.3661 2.72264 2.37017 -14.0655 1.92163 5.42856 -28.0561 2.58122 2.15214 -14.7289
1.8189 1.57191 -13.3552 1.52917 1.49651 -8.65172 0.676391 1.00076 1.88207 0.777249
0.506729 -8.79476 0.0998801 0.299885 -31.9492 -0.800527 0.191919 -57.9391 1.1965 0.990384
-35.4999 0.372556 0.840362 2.26348 0.27824 1.23921 20.4145 0.513478 1.36852 64.5455
0.224339 1.48056 68.726 -0.634087 2.08108 21.8071 1.22432 6.47058 17.5186 1.55268
7.29554 18.6346 1.35353 7.11664 19.1744 1.35178 7.37098 20.7263 0.958547 6.79844
20.8157 0.988246 7.04818 22.3895 0.839695 6.58191 21.9687 0.87677 6.82214 23.556
0.777999 6.36818 22.7948 0.788947 6.56905 24.3569 0.0967548 2.48358 2.10273 0.724662
5.94449 23.2825 0.724775 6.0053 24.8182 -0.0404318 -0.0366538 -2.19409 0.736092 1.86405
-15.7537 0.73719 3.66335 -15.5166 -1.07007 2.91871 14.8069 -0.324015 3.44018 -3.31141
-0.497879 2.22006 46.4874 -1.1983 3.0121 41.4255 3.61729 8.27297 31.9352 2.99114
8.34105 39.8288 1.686 7.93597 45.2815 0.906891 7.65621 48.6872 0.218205 7.35308
50.685 -0.266234 6.68028 51.5649 0.655598 0.55942 -76.2653 0.339334 0.498691 -20.1495
0.0844276 0.508458 0.147053 1.19684 -0.774703 -45.2179 -0.531612 0.699847 -10.6555 -0.757108
3.74926 -1.87548 0.60165 3.81442 2.99052 0.436485 3.76075 5.51358 0.44155 3.70312
3.30158 0.420846 3.54821 -0.0611677 0.68046 3.78297 -9.76928 -0.405367 2.30839 4.38469
1.04269 3.74725 4.67103 1.71932 3.8224 3.00874 1.41401 3.72145 4.22126 1.50884
3.86465 3.55697 1.41318 3.16725 -5.27316 1.75701 1.61098 -31.6041 0.320741 3.49793
6.73195 4.01662 4.33476 15.9216 3.41838 4.44855 16.37 1.59776 3.29844 4.0635
2.26257 2.43423 3.19541 2.00052 2.60455 3.84385 1.91252 2.73341 3.68703 1.74167
2.46677 -7.32374 2.14674 0.923909 -38.9813 0.172651 0.599937 -1.98417 0.491492 0.296506
-2.26691 0.374714 0.46504 -2.29217 0.459861 -2.40737 0.12117 2.06997 2.37603 3.78266
2.52137 1.3913 3.44723 2.02097 1.79083 3.84121 2.09011 1.87441 3.71191 1.87669
2.1417 -7.89976 2.32774 1.50899 -40.4929 0.582764 0.132542 -2.17684 0.256172 0.220404
-0.467874 0.783707 0.00196327 -0.992444 0.295735 -0.803266 0.645301 2.08745 1.59794 3.8789
2.4568 0.620788 4.26725 1.83856 0.95456 4.09829 1.88285 1.42003 4.27899 1.92597
3.1481 -5.32601 2.54503 6.00641 -32.0025 -0.792887 0.473402 -0.58155 -1.70856 0.256473
0.655269 -1.50977 0.220835 0.122875 -1.52751 -0.943782 -4.75742 -2.74378 2.31046 -3.14518
8.26881 8.65654 -4.06375 1.58009 0.953627 -5.65041 -6.21631 1.64989 -2.79683 2.09189
0.921947 -7.54353 2.22431 0.96805 -8.71629 2.31354 0.9887 -10.0027 -5.6666 1.65485
-1.62832 2.18646 1.03114 -12.7888 2.06836 0.988562 -14.1742 1.94565 0.899171 -15.5965
-4.67344 1.21734 0.522943 1.76328 0.774966 -17.7841 1.67492 0.745486 -18.5353 1.6077
0.736819 -19.2192 -3.34782 1.24121 1.44856 1.44556 0.784754 -19.9307 1.35751 0.826966
-20.038 1.28917 0.874416 -20.1328 -2.49361 1.48793 1.57783 1.137 0.97833 -20.0481
1.05323 1.03192 -19.912 0.98327 1.08504 -19.8298 -1.85966 1.86162 1.47256 -1.96501
1.74424 1.49386 0.827224 1.1931 -19.5446 0.737829 1.25191 -19.3198 0.647105 1.31028
-19.0731 -1.77799 1.87726 1.41445 -1.57409 0.353491 1.49845 -0.42771 0.146966 2.84609
-0.802421 0.383987 2.8513 -1.52391 -2.6905 -6.22513 3.74789 3.43844 4.6352 4.68548
5.32246 -2.33768 1.3206 6.82666 -4.93156 -0.0849262 -0.197979 2.3621 -0.175139 -1.42405
-1.15901 -1.24504 -3.44523 -10.0286 -0.346521 11.0774 23.3776 -1.97767 3.94061 2.73048
-2.22779 0.0967425 -7.15985 -1.66895 6.83694 6.27715 -1.88054 5.55965 4.65252 -1.48589
21.4786 39.0212 -1.57597 25.3736 41.5058 1.98854 3.22272 3.88081 -2.41733 1.2496
3.49769 -5.48169 -0.618466 -3.60115 4.43266 4.93651 -0.0410137 -0.250396 4.36046 3.3441
-1.2458 2.54418 0.124522 2.163 6.90465 5.72657 3.63308 8.31123 -4.37902 24.1039
40.152 7.65662 7.45059 13.8963 8.52828 21.6307 34.2861 0.277963 2.07069 5.72098
8.30274 1.59858 4.85991 13.3605 -1.20769 4.06741 2.8544 1.49902 4.58846 16.6763
1.62791 4.68774 16.8669 -0.452737 0.750059 -2.9311 0.475923 0.583537 -10.8144 -1.4169
7.95527 7.29306 -1.31593 28.5554 41.889 -1.07809 2.0363 -2.14186 -0.923741 9.82666
7.68527 -0.991833 9.43244 7.80585 -0.898757 31.806 36.5451 -0.845711 32.4571 33.2469
-0.577667 -2.37634 16.6278 -0.108695 -2.04827 12.0273 0.156328 -8.86732 29.0736 -0.968017
10.1191 7.09285 -0.897618 32.5668 30.6267 -1.15549 3.41675 -0.727067 -1.2893 10.4358
5.72326 -1.14012 10.4222 6.15228 -1.10328 31.7212 26.8681 -1.25146 30.9065 25.4394
2.49223 -0.177879 -65.2912 -1.40793 1.02943 1.14704 -0.85569 1.08573 2.62164 -1.24491
0.935545 1.27478 -1.17964 0.89932 1.31029 -1.11369 0.867503 1.32049 -0.713375 0.966112
2.59173 -0.998802 0.815824 1.32979 -0.948657 0.794202 1.32843 -0.897629 0.774829 1.32543
-0.616354 0.876297 2.60142 -0.810775 0.740233 1.31551 -0.774207 0.725463 1.29795 -0.739444
0.709603 1.28348 -1.38009 10.3737 5.39924 -1.36688 29.9596 24.2028 -1.50927 4.20365
-0.22049 -1.92588 9.52308 4.96773 -1.64619 9.99749 5.21504 -1.72057 27.7415 22.3511
-1.98105 26.3137 21.9951 -2.09031 9.06804 4.38415 -2.1139 24.9738 21.9943 -1.87
3.78498 -1.49899 -1.80552 8.35473 4.07948 -1.93898 8.57782 4.1644 -1.937 23.2739
21.5681 -1.80794 22.8176 20.8976 3.54362 -1.35987 17.5414 3.44818 -2.13685 16.5797
2.67599 -3.8784 -8.95147 -6.75853 -2.86224 -17.8631 -5.59898 -2.84018 -19.7669 2.47139
-2.26991 9.01024 1.80414 -2.89179 7.07049 2.61981 -3.12839 12.1422 1.09288 -3.45499
6.16062 -7.97889 -2.94887 -16.2526 -8.43884 -2.11555 -11.4531 -8.71713 -2.32392 -13.0288
-0.00112421 -2.97906 6.02684 -0.239645 -2.65561 5.79806 1.86465 -2.37773 8.75414 -0.353065
-2.40439 5.58684 -7.97476 -1.97042 -9.63771 -6.55189 -1.80462 -5.14342 -7.0097 -1.85297
-6.31339 -0.393281 -2.24222 5.21151 -0.391576 -2.21946 5.072 1.36994 -2.40784 7.36342
-0.379523 -2.19161 4.93063 -6.05791 -1.72215 -4.44168 -4.18875 -0.79563 -4.41273 -4.86689
-1.27858 -4.23796 -0.341263 -1.93262 4.67449 -0.310994 -1.58389 4.53167 -0.281446 -1.01493
4.38611 -3.46102 -0.0486855 -4.55775 -1.6688 8.17759 3.93939 -1.67975 22.5167 20.0647
-1.30921 3.27099 -1.26817 -1.28179 7.96844 3.17004 -1.40288 8.01666 3.50559 -1.44542
22.3134 18.1337 -1.33922 22.3692 16.9423 -0.465735 3.66901 0.557138 -0.360225 -2.04151
15.1845 -1.16519 7.94351 2.89368 -1.22768 22.4454 15.6244 -0.812704 2.97037 -1.3884
-0.712971 7.87003 1.34867 -0.899234 7.88249 2.02421 -0.955766 22.5947 12.5556 -0.75302
22.6667 10.0648 -0.00328877 3.16847 0.257119 0.0454318 -1.65615 10.0556 -0.459097 7.83187
1.24674 -0.45788 22.3385 7.47504 -0.240539 3.12575 -1.64228 -0.363168 5.44583 -4.56238
-0.329232 7.46975 -1.92331 -0.466311 20.2651 -1.59162 -0.391376 15.6842 -9.62618 0.163027
2.67875 -0.0482478 0.1739 -1.15579 6.26061 0.371357 2.65059 -2.80924 2.49241 8.25501
-26.3579 0.615498 1.45995 -0.687424 4.53708 2.71267 -39.6748 3.97492 2.92592 -39.9284
4.41946 3.21863 -37.5165 4.7974 3.25788 -36.6483 5.0286 3.24412 -35.9655 4.83534
2.85816 -35.1462 4.324 2.42602 -34.7759 3.25009 1.82637 -34.8178 0.160785 1.93577
-0.282719 0.18919 -0.638034 2.29491 0.102187 1.4334 0.557138 0.0897412 -0.293933 -1.95823
0.209925 1.52002 0.764092 0.158498 -0.274253 -5.8661 0.422189 1.42212 0.667073 0.347984
-0.363363 -9.88565 0.633234 1.09241 1.16795 0.384761 -5.92708 -46.2995 0.544822 -5.42507
-52.9026 0.66012 -0.113865 -15.2705 0.656673 -4.40098 -65.5248 1.21671 2.73597 -22.6262
-0.803813 3.54797 -18.9674 -2.0236 5.80165 -10.4123 -2.8929 4.57783 -7.27649 -1.8751
3.66425 -7.51884 -0.587757 2.3867 -16.5219 -0.761148 4.01289 -12.3737 -0.686268 4.33533
-14.6679 -0.798241 4.61681 -16.7156 -0.475951 2.69907 -16.2348 -1.28477 4.61724 -20.505
-1.51868 4.51161 -22.2707 -1.74527 4.39128 -23.962 -0.546805 2.49925 -15.9852 -2.25857
4.16223 -27.1502 -2.58516 4.06455 -28.7032 -2.9719 3.9993 -30.2865 0.907548 1.11809
-4.32676 0.690637 1.48325 -11.5061 0.953826 1.54032 -3.96978 1.01586 1.73704 -4.396
1.05836 1.82094 -4.70578 1.20227 1.77059 -4.68886 0.516769 1.40721 -10.2651 1.19769
1.9329 -4.80478 1.17983 1.8596 -4.72834 1.12007 1.9926 -4.82261 1.07012 1.92898
-4.70014 0.426359 1.42416 -8.92246 1.02162 2.0453 -4.76307 0.959158 1.99336 -4.64852
0.897801 2.08925 -4.72924 0.852795 2.02921 -4.60251 0.37176 1.43299 -7.78827 0.795782
2.11108 -4.66435 0.755533 2.04243 -4.55579 0.698206 2.09986 -4.63101 0.678816 2.01991
-4.5013 0.63177 2.05316 -4.5529 0.623924 1.9653 -4.44512 0.730532 2.78483 -2.47789
-0.537744 -8.98058 -5.81519 0.294982 -7.70956 1.69456 -0.0675611 9.06094 -7.65507 -0.479348
7.39759 -3.2922 -0.11651 1.37084 -2.31913 19.4819 0.895464 -0.762664 22.5336 0.884362
-2.82041 24.0723 0.815778 -6.26495 -3.6757 1.2015 -2.46579 4.89995 10.6121 7.83168
2.39662 10.624 -19.5024 -3.55674 4.44029 42.3713 -2.98413 6.23526 -8.96316 -3.40087
6.583 7.97284 0.853084 -2.41512 -4.59816 1.48483 2.7674 15.6342 3.66841 0.4919
-35.6685 4.02041 0.486754 -39.7621 -8.31296 8.31433 -47.1969 -9.18715 12.0416 -51.32
4.49291 -0.100983 -76.8598 5.43914 0.00111209 -84.943 -0.465132 0.470957 -23.3914 -0.892876
0.513271 -21.6912 -9.21529 15.1203 -53.0434 -7.58626 15.4356 -50.2115 -5.03994 13.5917
-40.6163 -2.58153 13.5123 -26.1998 0.899569 17.8125 -14.1919 4.0644 3.10548 -38.6823
5.05845 3.13061 -35.4665 -0.771107 -1.76315 -73.0615 0.239126 1.27457 20.6283 -0.174984
1.59656 71.4093 3.15837 7.66397 30.4638 3.39477 8.45672 38.0216 1.94011 8.01905
44.1666 1.08598 7.72278 47.9714 0.380199 7.44463 50.3227 -0.175181 6.9043 51.3983
0.722415 0.560362 -76.8576 0.369485 0.487715 -20.3534 0.0889025 3.31266 2.60045 -0.0410919
3.50401 1.18837 1.46681 1.9944 -28.7267 1.25832 3.08559 -4.24969 0.25628 3.34587
6.70037 2.22277 4.32695 13.9362 2.03845 1.09433 -38.0015 1.61785 2.67319 -6.89551
2.29546 1.25297 -40.6782 1.84536 2.22122 -7.81753 2.43206 3.94904 -36.2595 1.80361
2.71745 -6.58752 -1.77224 3.06504 1.5165 -0.326192 -10.6615 42.8443 -0.19911 0.47481
-24.3314 5.79973 0.0857151 -90.0241 -0.0134663 0.482397 -24.896 5.93801 0.154771 -93.2803
0.355557 0.501498 -25.4809 0.251344 0.495738 -25.4181 6.02439 0.26063 -96.597 6.03656
0.30371 -97.2279 0.446018 0.507431 -25.4568 6.03109 0.342429 -97.3896 0.626009 0.527544
-25.0436 0.582915 0.520524 -25.2218 5.93796 0.410611 -96.7907 5.83174 0.441113 -96.1951
0.651681 0.53476 -24.8543 5.68026 0.46953 -95.5059 5.2701 0.520766 -94.2027 5.04286
0.545689 -93.823 0.644222 0.554264 -24.4104 0.656894 0.54869 -24.5061 -0.686079 3.77691
0.555395 -0.989147 -16.023 70.5197 -0.601215 -1.78637 16.3714 -0.534068 -17.9936 62.7663
-0.0846496 3.26803 0.328541 -0.113947 -17.8101 51.4069 -0.028076 -17.0088 46.3586 -0.0063379
-1.7685 11.1234 0.0256231 -16.2075 41.9687 0.121263 2.79587 0.00693672 0.0925425 -14.6672
34.3728 0.118467 -13.901 30.914 0.148607 -1.27746 7.17429 0.141146 -13.1023 27.5343
0.173655 2.09334 -0.262188 0.174591 -11.3658 20.7255 0.187326 -10.4336 17.173 0.19534
-0.764468 3.33862 0.188438 -9.45812 13.4153 0.105951 1.42409 0.239221 0.207456 -7.54087
5.25825 0.149911 -6.69889 0.570829 0.103001 -0.351748 -0.934066 0.0957745 -6.19124 -4.34021
0.171725 1.47109 0.727202 0.0485676 -5.77607 -13.501 0.0554576 -5.81082 -17.569 0.123968
-0.271905 -4.95499 0.0867428 -5.85167 -21.2721 0.349198 1.42211 0.755378 0.139258 -5.90414
-28.4901 0.169262 -5.94508 -32.1617 0.276143 -0.333121 -8.71219 0.211969 -5.98917 -36.0673
-0.207198 3.16221 -20.151 0.704085 1.53793 -10.965 -0.675252 2.28257 -16.735 0.584508
1.39026 -10.7443 -0.472535 2.70835 -16.2464 0.443663 1.41236 -9.22296 -0.513459 2.54619
-16.0032 0.38141 1.44886 -8.06225 -0.011085 1.55418 70.9278 0.11226 -8.47222 2.58315
0.584278 0.384563 -8.05874 0.502426 -8.01445 11.3144 0.679982 -4.89117 -3.61799 -0.145623
3.80043 0.49251 1.50236 3.70957 3.2844 2.79819 4.43262 15.4028 1.74336 2.93685
3.6895 0.0480832 10.0332 -8.36955 0.236316 0.570859 -2.30244 0.135852 10.521 -8.91072
0.397874 9.68859 -8.97171 0.268908 10.3785 -9.08278 2.04073 2.10625 3.67117 0.544892
8.52918 -8.38076 0.67558 0.0388862 -1.79022 0.757664 6.92043 -7.282 0.561469 2.18721
-1.72709 1.14464 4.7549 -5.2891 1.84649 1.61218 3.95843 -0.860306 1.57174 3.72174
-1.3014 0.383201 -0.38328 -1.44514 2.8227 9.5917 -1.26117 5.74105 19.6589 -1.44667
4.08349 14.9502 24.8675 0.481167 -10.5629 1.84196 0.881291 -6.52981 25.6331 0.403971
-15.1468 26.0046 0.42268 -20.3599 26.0807 0.470518 -25.6868 25.9277 0.508044 -31.3727
2.27915 1.03091 -11.3939 25.5972 0.556638 -37.3814 25.0311 0.577973 -43.8737 24.2904
0.5711 -50.591 23.3389 0.532428 -57.3338 1.83651 0.836778 -16.6933 22.194 0.49237
-63.6256 20.9031 0.457759 -69.0715 19.5505 0.438243 -73.459 18.2236 0.434287 -76.7674
1.51723 0.754088 -19.604 16.9418 0.44724 -79.0927 15.7377 0.471106 -80.6091 14.6167
0.503275 -81.4892 13.5838 0.540571 -81.8878 1.20535 0.925842 -20.075 12.6282 0.580767
-81.9341 11.7434 0.622887 -81.7293 10.9183 0.665746 -81.3474 10.1501 0.709354 -80.8437
0.899876 1.1385 -19.6584 9.42855 0.753542 -80.2464 8.74481 0.799711 -79.5445 8.07673
0.848948 -78.6419 7.40089 0.899631 -77.3864 -0.905467 7.47532 22.5924 -1.1995 0.410783
2.3492 -0.585366 8.83809 23.7763 -0.00040039 9.93001 23.965 -0.291697 9.70154 24.0841
0.276282 9.38539 23.3593 0.225637 -0.690464 1.52986 0.551838 7.86741 23.7508 0.711913
6.05353 19.4421 -0.0438739 7.7726 -12.4529 3.44273 5.92325 -8.35059 3.37545 5.07083
4.92659 3.32635 5.76641 0.00771058 2.86229 4.71998 10.8927 2.51469 4.73669 15.3296
2.30767 4.79398 22.3506 2.37372 4.77526 19.1068 2.29221 4.78606 25.1455 2.33077
4.76225 27.6751 2.50887 4.65275 32.1967 2.40824 4.7142 30.0124 1.69726 4.50739
18.2087 2.63759 4.57139 34.1928 3.20005 0.484409 -32.1875 -1.09668 30.5811 39.7714
-1.20728 8.82612 7.43588 -0.983886 32.2772 28.5569 -1.04221 10.2949 6.60348 5.99602
0.211763 -95.3512 0.130673 0.489489 -25.2281 -1.32324 0.978835 1.23031 6.00171 0.377806
-97.2156 0.522125 0.513794 -25.3599 -1.05722 0.840072 1.33104 5.48847 0.495965 -94.8061
0.660548 0.541865 -24.6614 -0.854036 0.757245 1.31967 -1.49468 28.9418 23.1691 -1.45361
10.2226 5.25733 -2.06027 23.9676 21.9479 -2.05266 8.81522 4.13237 3.04399 -2.08884
11.8943 -3.37409 -3.19439 -17.293 0.44916 -3.356 6.05277 -8.7384 -2.65082 -14.6041
-0.38926 -2.28774 5.38272 -7.48532 -1.89044 -7.8856 -0.364385 -2.11378 4.81276 -5.49299
-1.56445 -4.1635 -1.5587 22.358 19.1375 -1.53066 8.09237 3.7542 -0.277233 -18.4054
57.2388 -1.10339 22.5023 14.1767 -1.03635 7.91867 2.58176 0.0626905 -15.4295 38.0163
-0.0107123 21.9927 3.13843 -0.0805316 7.90273 0.670388 0.161773 -12.2605 24.1616 0.198047
-8.50917 9.45794 0.0732414 -5.87991 -9.03515 0.114566 -5.87837 -24.8823 0.276594 -6.01892
-40.523 -0.232863 5.02188 -16.2167 -1.01052 3.8173 -9.71575 -1.0394 4.67359 -18.6518
-1.98308 4.27398 -25.5809 -0.240233 2.52463e-29 1.00221 -0.408518 3.92946 1.08963 -0.439582
3.60562 1.14777 0.117698 2.47016 2.0456 -1.7454 3.11903 1.32567 -1.69881 1.98495
1.38604 1.55936 4.35171 17.7054 -1.23385 3.87652 2.40483 0.678067 3.1937 -2.4003
0.191597 0 -1.0667 0.146707 2.44683 1.99877 0.695983 5.02896 23.2041 0.641573
4.61188 23.1213 0.661702 4.95942 24.5339 -1.2375 3.675 2.06506 1.59623 4.02694
18.6834 1.74871 4.22724 19.234 0.426477 -0.644142 5.87147 0.0701802 -0.414295 5.79945
0.391897 -0.887736 6.44894 -0.0793729 2.18302 4.12126 0.701773 4.45796 0.181478 -1.06673
3.24932 -2.75942 -0.182871 1.26905 4.12511 -0.797792 2.41948 -15.8881 -3.96872 4.04984
-33.7413 -4.58347 4.16018 -35.4914 -0.87098 2.47118 -15.8379 0.459265 1.30256 -6.46695
0.410458 1.31624 -6.72547 0.594186 1.92088 -4.41346 0.581077 1.98607 -4.51373 -0.454574
5.74907 51.3233 -1.63114 1.98401 1.32467 -1.57256 2.05335 1.28724 -1.72585 3.13202
1.15719 0.627931 0.560735 -24.4053 4.8118 0.571768 -93.6403 -0.544756 0.812225 2.63375
-0.514601 0.792967 2.71904 -0.0632439 0.224218 4.65831 -0.714952 2.37362 -15.8064 0.388301
1.34906 -6.97793 -0.561531 5.44592 51.0562 0.537289 1.36264 -18.6534 6.73135 0.943599
-75.8409 0.449159 1.40244 -18.3544 6.15757 0.975924 -74.6339 2.77372 4.45355 35.9553
2.86832 4.30679 37.5331 4.55857 0.596038 -93.2444 0.603585 0.57056 -24.3362 -0.708904
0.694559 1.26044 -0.6781 0.685952 1.25009 -0.243961 -0.0101582 4.23169 -2.54247 1.37303
-4.32984 -3.42744 3.99066 -31.96 -0.737535 4.21327e-35 0.600861 -0.783174 -2.38407e-35 0.655746
-1.04332 1.38992 3.24606 -1.17427 1.51755 2.81792 -0.806743 1.08308e-37 0.6379 -0.840932
6.13589e-36 0.64756 -0.884709 1.4114 3.02669 -0.960208 1.39105 3.26602 -0.859288 4.0442e-35
0.671472 -0.818132 -1.12977e-32 0.694972 -0.749445 1.40249 2.56374 -0.8239 1.42012 2.61874
-0.34735 5.7646 3.78201 -0.298894 2.44847 5.86537 -0.60493 2.63317 2.76672 -0.633314
-1.86619e-31 1.33037 -0.230415 -1.43175e-28 2.83378 -0.265793 5.59745 3.52365 -0.202503 -2.42297e-28
2.73657 -0.198115 5.43531 3.35035 -0.177356 -5.2117e-29 2.64622 -0.110907 5.2966 3.16012
-0.139035 3.90466e-29 2.55339 0.0189514 5.21184 2.95542 -0.0693892 2.8142e-29 2.47576 0.163714
5.33394 2.8565 0.0171625 1.9909e-29 2.40079 0.115823 5.71184 2.69278 -0.00326854 1.0324e-29
2.21506 -0.119898 3.51047e-30 2.00567 -0.137039 6.03635 2.42442 -1.45596 4.75962 2.00852
-0.929718 3.67819 1.92865 -1.84789 2.24728 5.84193 -2.11245 0.592331 10.8628 -2.18929
-2.60905 10.9361 1.42419 0.854884 28.083 1.86 0.879778 30.0651 5.86741 0.780576
59.5059 6.26829 0.644479 62.7313 1.14975 1.08333 28.2014 3.68713 1.03262 53.7644
4.22077 0.957124 53.6788 1.1911 1.043 26.725 0.0865215 1.25658 17.7422 1.16017
1.53858 32.027 2.64636 1.29242 50.1462 0.579431 1.29998 24.1644 -0.0812021 1.86288
3.47905 0.635279 0.205916 5.37064 0.430739 0.997582 7.96188 -0.0434397 2.02904 3.00731
0.0134929 2.13928 2.70724 0.120377 2.26076 2.37765 0.302619 2.42193 2.00713 -0.18583
2.22686 1.57509 -1.6208 2.62545 2.65026 -1.10913 2.41941 1.7405 -1.09074 2.63862
4.55132 -1.61815 2.32964 3.8289 -1.98115 -6.98673 -1.58661 -1.46285 -9.28915 -7.35199
-0.561377 -8.64602 -9.68645 -0.598937 6.20109 1.22466 -1.3167 5.56707 2.53503 0.366512
0.735346 0.129195 0.292683 -0.0246331 -0.900134 0.541981 -0.359453 1.53917 0.347081 1.0784
0.141748 0.360604 1.34603 0.056265 0.413122 1.56032 -0.0860574 0.554224 1.75182 -0.273486
-0.636897 1.85256 -0.0400029 -0.61287 2.07495 -0.852142 -1.50402 2.41679 0.0886108 -0.936526
1.63365 12.6896 -1.80367 1.15572 9.50173 -2.35484 2.05981 3.85476 0.715641 5.84901
0.397992 -0.053897 6.04397 0.113887 0.8427 -8.33302 -15.9416 1.51109 -8.16572 -20.6486
1.95256 -4.65564 -22.4334 0.441283 2.53334 -2.37134 0.202167 2.74358 -3.81969 0.460364
1.50068 -2.75235 0.465428 2.55052 -1.9734 0.501097 2.58163 -1.75032 0.535018 2.55569
-1.55879 0.622639 2.42572 -1.42698 -0.641213 2.29634 -1.30734 -0.316432 2.4724 -1.57028
-1.4094 2.91768 -0.974025 -1.15548 3.21997 -1.15173 -2.0843 -6.27907 32.9252 -1.6544
-8.90894 30.2388 -1.62681 -1.49189 12.2037 -1.99533 -0.100921 12.2355 2.8046 3.11566
-5.48171 2.93137 3.6016 -2.0804 1.7969 4.44261 -1.31022 1.08397 5.0349 -0.133813
-3.07873 -0.852813 -18.5016 -0.630666 -0.640574 -10.0125 0.139607 1.7376 -7.70045 1.91674
2.29736 -4.84519 -2.95774 0.579802 -21.983 0.696886 2.03494 -3.13333 0.583208 2.25786
-3.52219 -0.600143 2.12482 -6.5448 -0.530653 1.80527 -7.53332 0.146759 1.84846 -3.77736
0.691679 2.96512 -3.57087 0.786446 2.78061 -3.80934 -0.309907 2.46754 -4.81687 -0.452589
2.39722 -5.61356 0.0681071 3.27038 -4.12503 0.384176 4.58676 -2.15622 0.26935 3.32862
-2.75387 -0.145733 2.71834 -4.10025 0.452236 4.36219 -1.99895 0.48762 4.138 -1.83818
0.509648 3.88183 -1.66178 0.528326 3.48173 -1.56038 -0.135238 2.56065 -1.74683 0.206994
2.48428 -1.75104 -0.830534 3.36934 -1.58991 -0.492389 3.36255 -1.78259 -0.665618 -9.66344
25.4463 -0.532875 -9.4502 23.5648 -0.574074 -1.62595 8.91055 -0.726577 -1.32435 8.95693
-1.25797 5.46555 -0.452998 -1.4759 4.86718 0.0902268 0.625548 4.39634 -0.570639 1.97217
3.82129 -1.23585 1.35889 3.21689 -1.90642 -0.70104 5.68217 -0.65106 0.889056 2.66427
-2.62774 0.376512 2.86682 -2.47557 -0.19235 5.60172 -0.712409 0.210388 2.70409 -2.89694
0.130282 3.00033 -2.87743 0.203851 5.47179 -0.78696 0.208563 2.72823 -3.13993 0.409354
5.3699 -0.864063 0.452602 5.23576 -0.873198 0.440896 5.0154 -0.852498 0.402376 4.73719
-0.81734 0.313215 4.36104 -0.778485 0.485556 2.38778 -1.49614 0.608634 2.442 -0.900528
-0.0880409 3.12666 -1.79085 0.372115 3.01607 -1.52666 -0.0680015 -8.08009 15.3644 -0.176621
-7.92118 10.7987 -0.149985 -1.03582 3.91244 -0.102663 -0.810592 4.88796 -0.673127 5.06609
0.0321404 -0.653961 4.68422 0.331334 -0.349968 5.22049 -0.12078 0.104531 5.18193 -0.0839048
1.21802 2.99088 -0.154651 1.38874 2.06733 -0.0224599 1.56127 1.87471 -0.193749 1.21999
2.04536 0.0925051 1.37005 1.75994 0.116746 1.06092 2.01451 0.149464 1.19275 1.75611
0.170193 0.882378 1.95645 0.217941 1.02827 1.72221 0.206581 0.566159 2.58927 1.09241
0.822056 1.63382 0.596122 0.714985 2.14129 -0.0602738 0.389096 2.90652 1.11477 0.691064
2.59976 -1.0688 0.889534 1.94288 -0.24378 1.2453 -4.51357 -7.82715 1.2456 -1.81057
-24.0449 1.17042 0.956188 -10.3659 1.12602 0.330028 -4.22132 -0.268319 4.86001 0.0643386
-0.190138 4.7972 0.105323 -0.11945 4.77199 0.013887 0.229695 4.48379 0.118731 1.68328
1.58074 0.416497 1.34964 1.9028 0.804554 1.94741 0.664587 1.3583 1.8093 0.251732
2.40224 1.85485 0.298502 2.50792 1.85285 0.455734 2.07633 1.51097 0.198236 2.19735
1.59134 0.132273 2.40615 1.66493 0.185219 2.33376 1.24497 0.256593 1.90008 1.30898
0.185417 2.07854 1.3759 0.222703 2.04081 1.11225 0.356171 2.45862 1.04503 0.232197
1.79998 1.11457 0.318228 1.70972 -1.94342 4.41412 2.30727 -1.99312 4.14902 3.01728
-0.108931 1.94352 5.78119 0.95446 1.45513 3.57153 0.151126 2.11159 0.688905 -0.943106
2.96819 1.26432 0.631755 2.35923 0.560106 1.53087 2.02999 -2.08831 1.63203 1.76442
-3.27012 1.20109 1.55075 -3.63752 0.287158 1.42295 0.213875 -0.456172 5.02708 -0.176217
-0.492816 5.23407 -0.301766 -0.375916 4.65878 -0.127142 -0.224172 4.04044 -0.00505739 1.01158
2.16588 0.618752 0.602715 2.70915 0.455663 0.771315 1.64615 8.88534 0.191546 3.28701
8.75496 0.420447 3.19067 3.16982 -3.39129 4.73616 1.99185 -1.88997 3.45701 2.98103
-1.00201 2.42346 4.88348 -3.91333 3.81072 0.398574 -4.38935 4.97381 0.63557 -4.68933
6.10803 0.554158 -3.66271 4.7984 1.5127 -0.622689 2.02593 1.06631 -0.823185 2.21638
0.776566 -3.2208 3.31261 -0.192798 -3.66088 3.39999 0.102748 -1.05435 5.28496 -0.115582
-1.16107 5.52286 -0.117245 -0.999013 4.86787 -0.104637 -1.02378 4.21049 -0.101056 0.377595
3.38503 0.181723 0.154993 4.06141 -0.313237 0.459698 3.17087 -1.65931 0.272986 2.85098
-3.45071 0.357628 2.48884 -4.12929 -4.28027 6.42789 0.762197 -4.19734 8.16884 0.507909
-2.32285 7.13665 2.05997 -2.1553 6.1778 2.35038 -2.18593 5.37038 2.45469 -4.82305
5.30949 1.1806 -4.70139 7.3847 0.889975 -3.23227 3.09804 0.291439 -3.31881 2.85422
0.480467 -3.89585 3.00896 0.72741 -1.38826 5.05988 0.153682 -1.31364 5.10263 0.257837
-1.46843 4.8213 0.0941324 -1.65244 4.38943 0.0160739 0.206602 4.63793 -0.537847 0.14983
4.67867 -0.639008 0.331027 1.95215 -6.0967 0.196918 1.42039 -7.73935 0.275173 1.25924
-8.23518 -2.26194 8.52334 1.59428 -3.64771 9.1118 0.521958 -2.87441 9.2697 0.491098
-1.97337 9.30835 0.990462 -2.05972 8.93052 1.36772 -2.47146 8.17821 0.665272 -3.67222
8.11306 0.823024 -4.2663 4.72292 3.81975 -3.39564 -0.201318 8.12041 -2.37505 -6.32438
8.94604 2.76381 1.9333 12.0859 2.1228 2.54998 10.6585 17.2489 2.1962 25.9069
17.1428 1.35228 29.8349 -1.27674 4.96348 0.153303 -0.959248 5.01749 0.113313 -1.55682
4.81655 0.155276 -1.9045 4.60527 0.0994125 0.412308 4.53525 -0.325106 0.357837 4.00627
-0.305824 0.6579 0.863881 -11.4377 1.00051 0.851232 -14.5423 1.36412 2.17275 -14.5767
-1.60499 9.79666 -0.264086 -2.12635 8.96594 0.127424 -1.26433 8.47428 -0.048018 -1.90297
10.6586 -2.29453 -1.52446 10.1803 -1.3285 -1.0114 -10.0432 4.08445 -0.506913 -11.4091
2.17246 -0.00115969 -9.97351 0.523865 -0.501623 7.44361 0.35761 -1.46031 7.81045 0.716666
-1.40205 5.11794 0.355273 -1.12054 5.30802 0.409355 -1.6657 4.94872 0.302349 -1.96482
4.82172 0.188951 0.644645 3.47544 -0.593497 -0.284414 3.80093 -0.229266 1.68339 3.15973
-2.49434 1.36114 3.24599 -1.25747 -0.512764 4.65216 -8.47358 1.00988 2.37747 -2.03679
-0.902054 4.26501 -6.56045 0.824179 3.15268 -3.81475 0.686427 3.93222 -13.8649 2.12149
3.08407 4.27053 1.72797 3.69065 3.92417 -3.03939 7.02888 -5.85655 -2.39588 6.02387
-6.73434 1.61897 3.18121 2.68022 1.63356 3.87838 4.04171 1.0249 4.63248 2.47988
-3.19952 8.20098 -3.52877 -3.33794 7.78352 -4.70412 1.42556 3.94585 4.00354 0.24356
6.55458 -0.815753 -2.33861 7.97546 -2.25269 -1.34161 8.03992 -0.654365 -2.54215 8.26663
-2.22919 0.537415 5.71954 0.327292 0.487479 6.72676 0.181949 0.586205 6.67641 -0.205931
-0.201104 6.18345 0.0453124 -0.58412 7.12924 0.0987656 -2.36626 9.48437 -1.62146 -0.658783
7.29337 0.0933639 0.110069 6.92604 0.241781 0.277907 -9.14189 -2.68125 0.276698 -9.99348
-4.54756 0.394353 -8.77397 -5.55105 -1.70673 4.67669 1.10817 -1.4966 4.72675 1.49786
-1.87584 4.63302 0.814853 -2.03301 4.62796 0.554087 -2.13321 4.72416 0.158532 -2.0376
4.89026 -0.381261 0.685813 3.41757 -0.6899 0.221317 3.5825 -1.53805 -1.76684 4.87687
-0.949274 -0.357666 3.78643 -2.83483 -1.16612 4.51239 -3.48692 -1.45906 4.61793 -1.22669
-2.05861 5.69112 -4.19589 -2.5556 6.53065 -3.62361 -1.24714 4.47773 -0.953858 -2.42772
7.05247 -2.70208 -1.46557 6.98769 -1.22644 -1.34264 4.55593 -0.520541 -0.437974 7.34865
-0.0665763 1.09044 6.99755 -0.946797 1.38465 6.81798 -0.559691 0.851818 -8.45509 -8.47107
1.02897 -9.29342 -10.875 1.41165 -7.9323 -12.2714 -1.71157 3.67771 1.82766 -1.41929
3.50252 2.34363 -1.88741 3.81738 1.34321 -1.99505 3.97261 0.976642 -2.04052 4.1724
0.620884 -1.96085 4.39037 0.227781 -1.76515 4.50638 -0.1079 -1.62147 4.48476 -0.317466
-1.62794 4.52689 -0.4871 -1.7184 4.86871 -0.600345 1.95937 6.43491 -1.45068 0.855508
5.54223 -2.1951 2.94939 -3.88756 -17.5644 3.29261 1.03065 -13.1834 3.39478 4.2229
-5.68194 -0.766102 1.56437 2.50332 -0.94445 1.59493 2.86768 -0.98965 1.74355 2.77812
-0.461102 1.36934 1.81716 -0.481323 1.23455 2.17467 -0.735394 1.94044 1.24759 -0.250672
1.26542 1.52702 -1.83894 3.37898 0.932705 -1.78214 3.68217 0.616449 -1.64633 3.93181
0.339048 -1.51021 4.11537 0.137877 -1.47257 4.34633 -0.0302112 -1.48164 4.77465 -0.317203
-1.20361 5.38319 -0.860969 -0.475537 5.8976 -1.18414 2.42244 4.91172 -3.11817 1.76725
3.89786 -4.23185 0.941538 3.44736 -6.35558 0.642893 3.71372 -5.98833 0.18639 6.1602
-0.970266 -0.985315 1.59487 3.03257 -1.03648 1.60437 2.86852 -0.323436 0.979523 2.44561
-0.606008 1.26669 2.86715 0.0113637 0.761932 1.75994 -0.14914 0.821939 2.05072 -1.52889
2.48341 1.16837 -0.438781 1.11147 1.6172 -0.253966 1.13576 1.50487 -1.47778 2.82775
0.887077 -1.33834 3.13808 0.685317 -1.15946 3.43512 0.606669 -0.43063 2.16528 0.469285
-0.185024 1.86333 0.197245 -0.135563 1.47941 0.316662 -0.00405468 2.18568 -0.0857028 -0.0390227
1.78528 0.0872055 0.144298 3.23135 -0.648932 0.181228 1.98519 -0.502856 0.055596 6.0664
-0.0475567 -1.22414 2.34494 2.50189 -1.5363 2.64251 3.12105 -1.05713 2.83715 0.588384
-1.00873 2.69109 1.04664 -1.09854 1.73611 3.43152 -1.00784 1.55073 3.21108 -0.563237
1.65349 0.938222 -0.532733 1.85889 0.488643 -0.592122 0.98377 2.36203 -0.381915 0.862023
2.04687 -0.348292 0.77492 2.46534 -0.518747 0.925302 3.16681 -1.12327 1.52498 1.3492
-0.776803 1.03336 2.50594 -0.480333 0.91836 2.04453 -1.09802 1.86423 1.01785 -0.956255
2.16968 0.877252 -0.404831 1.45331 0.893853 -0.202885 1.14395 0.821183 -1.02535 0.985895
2.13751 -0.483691 1.25061 1.04119 -0.104857 0.681714 0.67913 -0.145622 0.837016 0.433722
-0.154335 0.736901 0.561162 -0.130812 1.01601 0.134106 -0.120826 0.933238 0.308714 -0.954825
1.75125 2.06594 -0.0955018 1.94453 0.0546487 -2.27389 5.51894 1.02742 -2.18394 4.31761
1.41451 -0.672563 0.688203 1.1617 -0.657253 0.7977 1.57792 -0.943903 1.06774 2.41315
-0.730241 0.988666 0.899315 -0.692021 1.29981 0.847759 -0.27476 0.880295 0.910553 -0.364147
1.45071 0.977608 -0.613383 1.09087 1.03313 -1.17449 0.853871 2.35845 -1.28069 0.876122
5.30181 -1.65084 1.04379 3.15022 -1.08397 0.686425 1.8409 -1.1557 0.721728 1.78021
-0.199655 0.88558 9.77589 -0.193285 0.838598 9.36291 -1.12795 0.991186 1.34755 -0.828381
1.16709 9.72445 -0.556567 1.06015 10.2493 -1.13133 0.862949 1.37603 -3.40427 4.39227
1.6156 0.924517 -0.381249 3.76654 0.382051 1.79377 3.97226 -0.265925 0.482139 0.416553
0.280771 0.917002 0.266848 -0.131206 0.642157 0.799219 -0.432896 0.645364 0.452737 -0.593169
0.97023 0.503128 -0.314827 2.2545 0.868951 -0.101747 2.54613 0.409649 -0.619227 2.48013
0.96759 -0.649042 3.11123 0.927715 -0.537966 3.27498 0.739463 -2.1673 -10.8615 -3.05287
-1.62193 -14.9406 -7.59214 -1.44314 -0.917045 -0.785535 -1.86077 -0.952396 0.152437 -3.85446
5.23285 1.03525 -3.15127 5.98627 0.0821355 -1.82038 -4.3322 -11.3708 -1.86397 -5.49298
-11.1776 -1.97257 -4.75425 -7.46537 0.129157 1.33663 -0.313441 0.869194 2.12416 -0.586
0.646756 1.52035 -0.274638 -0.115631 1.28272 -0.118037 -0.414986 1.49112 -0.052098 0.412901
2.89409 -0.0951432 0.858729 2.98332 -0.380953 -0.0888496 3.56725 0.302113 0.26603 3.7281
0.00699322 0.744923 3.77331 -0.310149 -0.201252 -18.652 -13.2986 0.123301 -19.5151 -14.2765
0.133403 -1.78143 -3.86881 -0.222604 -1.62185 -3.20537 -1.91621 6.24364 -0.922168 -0.883219
6.1644 -2.26661 -2.92459 -2.93636 -10.5473 -1.83069 -3.93776 -10.8182 -1.676 -3.52196
-10.8195 0.492396 2.83147 -1.1528 0.981376 3.36932 -0.980035 1.08373 2.85808 -0.684539
0.308769 2.73484 -0.803093 0.0108479 2.79871 -0.636564 1.44379 3.15109 -0.668427 1.12275
3.28209 -0.885816 1.29256 4.02442 -0.932083 2.13276 3.72341 -1.12063 2.53419 -14.7514
-22.1248 -1.99996 -6.23536 -25.4206 2.67644 0.508076 -7.56963 2.20586 -0.937054 -8.08296
-3.90524 2.14235 -11.923 -0.190207 5.63392 -2.75212 0.652168 5.17233 -1.78507 -0.0575835
2.46477 -4.29911 -1.89425 2.39379 -8.94544 0.595639 4.5013 -2.51276 0.615857 4.83744
-3.99613 0.822812 3.90118 -2.21378 0.565484 4.42704 -1.9887 0.412516 4.41047 -1.62143
0.334786 4.55652 -1.5578 0.461086 4.73516 -1.46105 2.0016 3.5793 -1.49495 2.1164
3.29295 -1.85372 0.613123 4.74537 -1.15479 2.04649 2.73994 -2.14505 1.8169 2.96549
-1.96919 0.572642 4.60428 -0.799486 2.1421 2.9623 -1.40911 2.17914 3.03426 -0.672158
0.277815 4.57436 -0.758847 2.1239 2.87485 0.0131876 1.45648 3.57364 -0.341031 1.04927
4.86226 -0.980042 1.23925 6.40538 -0.920297 1.83998 6.64183 -1.04376 2.17625 6.61893
-1.1061 1.02467 3.53095 -9.49245 1.29715 3.56395 -32.7121 1.2909 3.66104 -48.0032
0.9409 3.57717 -20.6984 0.25186 6.10303 -2.54128 0.198187 4.65053 -3.367 0.363663
4.52632 -4.66941 0.282457 5.9887 -2.28326 0.279106 5.914 -2.02038 0.288711 5.91762
-1.80183 0.340744 5.96278 -1.58602 0.359153 5.95911 -1.37249 0.24894 5.9061 -1.17416
-0.0595587 6.00285 -1.02925 2.57991 6.45686 -1.36656 1.61652 6.21614 -1.61741 -0.102295
0 -1.42246 -0.0195331 0 -1.43963 0.412228 4.15244 -2.29357 0.304144 3.76166
-2.56539 0.266038 4.03728 -2.65442 -0.109983 0 -1.52536 0.293445 3.74052 -2.92944
0.301371 4.04493 -3.01639 -0.0769022 0 -1.70013 0.260588 3.84785 -3.65474 -0.0402108
0 -1.82125 -0.0183319 0 -1.82638 0.0202663 0 -1.74872 0.0659383 0
-1.58606 0.104484 0 -1.37755 0.10645 0 -1.19637 0.0483578 0 -1.04564
-0.143509 0 -0.892749 -0.202434 0 -1.48381 2.17436 -4.78156 51.4557 -0.620869
1.36416 17.0882 -2.28829 -5.8592 4.61776 0.161767 1.16534 6.58007 -0.106518 1.16116
12.7448 -0.287009 1.17186 9.98204 0.514336 1.43487 -3.84078 0.502315 1.38608 -1.13325
2.10603 5.13388 9.29094 0.492758 3.89104 11.1878 -2.28338 1.25007 8.80454 -0.64699
-2.25927 32.8867 2.47487 -0.0906335 -15.5728 0.627116 1.06537 -14.7228 -3.77506 -9.12878
-57.8118 -7.78188 0.22808 -39.162 1.76861 1.59911 0.577812 1.15356 2.18805 0.048996
0.134205 2.5347 -0.303436 0.689996 3.46078 1.87435 1.15744 1.99382 2.56643 1.90237
2.05402 -0.99148 1.86965 2.04766 -4.64897 1.68588 1.71449 -9.64563 1.00871 1.60413
-4.41353 0.961375 1.81325 -13.9585 0.810623 2.09001 -13.303 0.903209 1.69684 -4.45321
0.580211 3.36082 0.592901 -0.398872 -1.00164 3.14177 0.41704 -0.313927 6.22936 -1.12682
-0.738241 -3.15566 -1.09687 -0.943591 -2.35845 -2.01159 4.34716 2.66558 8.2393 -11.2315
31.8788 -0.436454 2.43273 9.64819 -1.78866 -10.1049 6.37367 1.70278 2.80774 -8.65835
2.1198 2.0563 -9.31198 3.16275 0.416062 -36.6548 5.30467 4.1927 -19.0933 -1.37711
2.26561 -3.42545 -1.1225 1.11092 -3.30454 6.16781 4.83557 7.86566 4.52352 6.14088
3.79986 -3.42971 9.37494 -2.56611 -3.20101 8.17547 -3.58324 -2.52432 10.6383 -2.53113
1.14009 1.94463 -14.1261 -1.61085 1.17887 -19.3613 -0.6099 2.18271 0.154513 -1.33921
2.08235 3.46121 -0.562022 1.19591 2.51406 -0.796468 1.11194 2.68649 -0.259198 0.577667
2.59141 -0.199193 0.770269 1.65449 -0.208547 0.811558 1.80529 -0.582032 -0.137607 0.596945
-0.460046 0.175815 2.7771 -0.769048 -0.104421 -1.42598 -0.725366 -0.377816 -1.14809 -0.519684
0.0232371 -1.12133 -0.650961 -0.0470719 -1.58711 -0.245714 0.775391 8.77394 -1.09605 0.676243
2.04196 -1.97084 -1.33889 2.87584 -2.10321 -6.48364 5.81365 -0.120794 1.48428 5.90926
-0.975734 1.31545 2.00103 -1.75189 -18.7078 -20.6343 -0.371984 -16.3479 -7.42245 -0.71999
-4.69375 -1.71318 -0.092998 -0.0463123 -0.474263 -0.344967 -0.0525489 -1.12547 0.353469 -0.00854241
0.667944 0.134659 -0.103563 0.099943 0.4596 -0.0645193 1.7683 0.441119 -0.151904 1.28162
0.578379 -0.155942 2.56948 0.507549 -0.229589 2.45867 0.477637 -0.307501 3.22974 0.516585
-0.483238 3.20678 0.301635 -0.513228 3.04986 0.362175 -0.640936 3.66332 2.7388 2.69135
-3.8317 0.899405 1.56624 -8.01571 -1.6448 1.7826 -10.3827 -2.47624 3.02458 -10.046
-2.95313 3.55113 -9.87713 -5.41664 2.05998 -29.0124 -4.77691 -1.41749 -21.6156 -3.9867
2.88597 -12.297 -3.84803 2.44088 -13.4045 -2.21297 2.07969 -13.047 -1.06902 1.71
-9.4682 0.132151 -0.72512 2.63645 0.120513 -0.896671 3.49979 -0.637085 1.0351 -3.67716
-0.207035 -0.958069 1.32764 0.765979 3.84552 -20.6641 0.726091 4.23583 -21.5033 0.685402
4.3943 -19.2771 0.758332 4.71191 -19.6024 0.801697 4.82296 -17.5422 0.903037 5.22536
-16.9749 0.895136 5.38598 -14.1895 -0.505047 4.7051 -6.68531 -0.974458 3.97185 -7.70761
-0.179743 5.2877 -10.5223 -0.250132 5.97053 1.39653 -0.439686 6.43284 1.46022 -0.169332
1.43546e-27 0.740676 0.0177047 7.23652e-28 0.908604 -0.190428 -3.77172e-31 0.438204 -0.457822 2.60001
1.81133 -1.1926 4.83276 1.6221 -1.2287 5.39247 1.98269 -2.11595 4.19936 1.0946
-1.65508 4.61106 1.54212 -2.26899 4.20515 0.745866 -1.36968 4.53481 1.09759 -1.81189
4.35031 0.620555 -0.912493 4.66278 0.75831 -1.05233 4.35287 0.62261 -0.370658 4.69111
0.560437 -0.24507 4.40273 0.480695 0.209589 4.75678 -0.0177511 0.0763964 4.78051 -0.0935174
0.230179 5.01267 -0.902501 -0.520539 5.39439 -0.586668 -0.625941 5.57848 -1.00575 -1.28229
5.67293 -0.0498419 -1.4017 5.78877 0.222382 -1.17823 4.97953 0.436901 -1.00258 4.77269
0.646767 -0.558191 4.95782 -0.0222128 -0.0668894 4.80414 -0.336203 -0.80891 5.50311 0.446151
-0.425919 5.64149 0.567641 -1.26133 4.75965 1.9658 -0.931981 3.97652 2.7097 -1.10188
3.22602 2.60382 -1.15657 2.12439 2.68201 -0.862084 3.24414 3.1186 -0.677418 1.47731
2.02819 -1.7545 -0.746165 1.28307 -1.77651 0.42208 2.04711 -0.567928 0.185906 0.669336
-1.06859 -2.44859 0.495687 -1.53075 -1.9632 0.677405 -0.585482 1.03018 0.653364 -0.489675
-3.29729 0.274633 -0.818424 -3.15433 0.346223 -0.498237 -0.842542 -0.236649 -0.183835 -2.06685
-0.427182 -0.411168 3.32411 -0.727535 -0.0519182 0.417197 -0.163162 -0.0870767 -0.588633 -0.925409
0.14746 -3.72465 0.0115759 -0.191058 -3.77508 0.165411 0.0958391 -2.63225 -0.404349 0.460009
-2.67174 -0.690653 -0.433692 3.81279 8.645 -0.560363 3.712 9.7853 -0.232553 0.348068
1.37883 -0.132022 0.344583 1.03885 0.623734 -3.53268 -0.427022 0.457201 -3.94375 -0.187126
0.929307 -2.48653 -1.17702 0.853975 -1.74398 -1.44365 -0.886928 2.42806 11.2002 -0.945098
1.85398 11.8778 -0.692482 -0.0992971 1.56351 -0.638837 0.010465 1.59904 1.07865 -2.63716
-0.943572 0.90684 -3.41203 -0.535377 0.7359 -0.989833 -1.97368 0.410598 -0.321597 -2.20449
-1.07704 -0.448235 13.5127 -0.974773 -0.819429 13.9156 -0.84226 0.282388 1.29344 -0.892848
0.102679 1.40665 0.980603 -0.341308 -2.76128 1.3812 -2.04726 -1.34759 0.108678 0.510905
-2.77926 0.169274 1.70512 -2.70767 -0.848926 1.57845 1.45611 -0.777821 1.2749 1.33483
-0.973428 0.00491552 15.8756 -1.06115 0.129249 16.4229 0.199323 4.08329 -4.19196 0.420111
1.7113 -4.33139 0.577507 2.73563 -3.1528 0.478398 3.54525 -4.00914 0.180008 7.43837
-2.29636 0.371797 3.8727 -3.23369 0.363954 5.00235 -2.02898 0.555423 3.92169 -2.14624
0.450678 3.65729 -1.5697 0.775559 3.78004 -1.62863 0.074262 0 -1.33633 0.105895
0 -1.17163 -0.923392 1.68259 2.24433 -0.49917 -5.79073e-32 0.365347 1.5527 0.987523
27.3986 1.5695 0.990913 28.4719 0.875486 1.17245 26.5115 0.856791 1.21475 26.9709
4.80964 0.923155 54.0292 2.96529 1.19264 52.4981 -0.0130768 3.44917 -1.04466 0.229815
-9.76667 -13.4669 -0.64655 1.68549 -3.17964 -0.0137441 1.74414 -5.95143 -0.909666 2.48523
-1.27992 -3.25825 -1.26706 -11.3856 0.308395 1.58132 -4.55701 6.84179 1.58234 14.1428
5.37059 1.86912 15.2379 5.09577 2.04648 11.3815 0.570565 2.93999 -3.43625 2.75233
3.03719 4.55836 1.43287 7.81319 3.94053 0.106593 10.7614 1.85369 2.1387 3.62636
4.57522 -1.16554 -1.45901 10.5365 -0.872199 -1.83666 10.5266 -0.828113 -9.90112 27.1011
-0.404114 -1.15944 7.32121 -0.179417 -1.38159 6.86932 -0.129387 -8.69352 19.1277 0.115509
-0.747482 1.44326 0.746084 -0.782871 -1.14542 0.776371 -7.51818 -0.064391 1.47091 1.69749
-8.89501 0.950022 0.120951 -41.5941 1.87876 0.512434 1.9032 1.5697 0.428447 4.6045
-4.32878 0.200998 45.9268 -2.03862 2.64759 36.6273 0.97497 0.356223 8.61919 0.168829
0.245592 13.93 1.75796 0.142201 2.55434 -0.0752912 0.167095 14.6554 -5.10104 0.170115
45.8193 -5.44181 -0.0406631 42.9103 -5.47574 0.071711 43.3926 -0.227402 0.0276888 14.2727
-0.26343 -0.0393293 14.0471 1.44683 0.154476 2.25801 -0.300679 -0.0936232 13.8354 -5.38952
-0.151289 42.5267 -5.23949 -0.318279 41.6131 -5.28881 -0.290993 41.916 -0.377665 -0.151366
13.4314 -0.41402 -0.157024 13.2276 1.1853 0.232745 1.92581 -0.452514 -0.150634 13.0237
-5.19377 -0.323994 41.2411 -4.99892 -0.189755 37.8738 -5.13417 -0.273629 39.8579 -0.53177
-0.0967121 12.4384 -0.529958 -0.0329162 11.684 -4.67576 -0.0933797 33.8924 -0.421162 -0.0013946
10.1878 -2.03269 -4.47766 16.9856 0.175163 0.0750227 8.01293 0.120137 1.3937 -0.20458
0.390713 2.09788 -5.35596 -1.17762 -0.556088 -3.7266 -1.27498 0.105561 -4.36144 -1.26915
-0.13653 -4.36426 -2.22348 7.79622 1.8464 -3.50468 2.71617 2.25022 -3.03771 3.12156
0.12603 -3.11763 3.10407 -0.0676747 -3.30192 2.83791 2.27776 2.35285 3.03724 10.9826
-3.19119 3.14933 1.66835 -3.23524 3.16974 1.28698 2.34639 3.10926 11.2202 0.411483
0.654172 -10.1602 -1.25817 0.306001 -4.25387 -1.12694 0.686021 -3.65385 -1.69639 9.48361
0.473156 18.1013 3.05283 33.281 17.6963 2.93143 29.9917 3.79529 5.03175 3.68382
2.10855 2.57947 2.5127 6.99409 1.756 22.0385 7.22041 1.89822 22.3388 7.97283
2.01548 21.8647 2.05094 3.48013 5.18889 7.88188 2.52827 19.0148 7.68872 2.65206
17.4801 7.50722 2.94793 15.8272 1.17731 4.8025 1.84873 6.97962 3.95825 11.1541
0.272532 -10.7251 -1.29523 0.602868 -9.81221 -7.3549 2.33001 -7.86624 -15.3472 -2.0256
2.07617 -16.29 -2.39755 3.34392 -12.9485 -2.93606 4.76168 -10.1986 -2.90902 4.82272
-11.37 -1.50227 2.39255 3.30422 -0.888057 1.29284 2.92702 0.116349 2.9416 -7.16004
-0.843941 2.53354 0.199203 1.24384 2.55566 -9.03896 -0.589688 1.43395 1.66938 1.39047
1.68568 -6.05319 1.66449 1.89647 -8.34351 1.07759 1.51092 -2.67703 -1.03838 0.698482
2.08941 -1.05444 1.11976 1.4536 -0.663464 -2.11232 -6.74876 -0.535439 -1.98625 -4.99573
-0.681931 -1.71753 -7.57492 -1.86228 0.288039 4.05457 -1.03897 3.37337 1.32113 -0.414646
0.704438 8.08214 -0.0296021 -2.49235 17.2925 2.57301 0.683145 24.8796 -0.366963 0.987974
10.2708 -1.17937 0.799515 1.53134 -1.16843 1.32738 8.68319 0.730575 1.28689 32.7709
2.10724 1.19982 34.4817 -1.20189 1.44427 28.5351 -3.85716 5.46985 1.34203 -4.12434
5.69962 1.13187 -0.324797 -1.04184 -3.9587 -0.447528 -1.19341 -5.70376 -0.0918766 -1.1109
-2.092 -0.99162 3.74461 1.25591 -0.4072 3.53234 0.530241 -0.196373 4.09161 0.323144
-0.522886 4.03608 0.63787 -0.552744 -1.4721 -2.6072 -0.527678 -17.7438 -12.1271 -1.69039
-19.5884 -26.6035 -1.58315 -18.9471 -23.8032 -1.55073 -19.1705 -27.0895 -1.68542 -4.55836
-12.2164 -3.24295 5.64766 0.373689 -1.50798 5.39215 -0.304859 0.399296 -2.45048 2.94026
0.323897 -1.77565 1.20888 0.355601 -2.96118 4.76457 0.193513 4.2461 -0.063489 1.11025
3.97453 -0.859071 1.42073 4.68239 -1.57803 1.24793 4.57843 -1.28792 1.55634 -1.32776
-5.90916 1.74781 -19.0642 -17.8712 -1.86857 -18.6043 -19.882 -5.36177 -10.869 -17.1482
-4.73672 -1.33318 -12.1905 -0.275663 5.47525 -0.817678 0.358007 5.85596 -1.24219 0.39913
-4.14241 8.87312 0.442882 -3.68643 7.92317 0.292175 -4.48421 9.25431 -7.22236 1.64578
-21.5394 -3.97778 3.69988 -10.8938 -3.95655 3.46885 -10.9338 -4.57242 3.25372 -12.3141
-14.1225 2.95186 -29.009 -12.7296 2.41319 -30.9031 -9.56063 1.95111 -32.6133 0.826472
6.24163 -1.17502 0.00743278 -4.93625 10.0442 0.125811 -4.90415 9.50775 0.0118501 -5.30513
8.34186 1.03125 4.04521 -48.5985 1.01251 4.756 -43.5223 1.18454 5.01264 -41.1608
1.40236 5.28765 -38.4898 -2.35458 -14.106 25.9538 -2.39458 -20.7531 5.38519 -2.15397
-25.9452 -10.0169 0.368439 5.42813 -18.0823 0.31383 5.27002 -17.0746 -0.391019 1.63444
24.6901 -0.0788657 4.25555 14.6339 0.889673 -31.016 -40.6169 1.60616 -28.0505 -48.8381
2.10184 -21.8259 -58.765 1.05201 1.98062 -36.1531 0.840588 2.39508 -31.8368 1.14373
1.4982 -14.7753 0.907079 1.46931 -43.5042 -0.0196822 5.00524 20.0198 0.200652 4.6035
7.82984 0.473146 4.4648 0.304226 0.342886 3.69968 -5.62147 0.0137806 -10.2891 -3.92065
-1.03563 -1.09734 -1.03576 -0.483767 -12.8065 -13.3061 -0.543938 -16.5992 -20.6415 -0.521364
-14.8567 -17.8632 -2.42501 -28.6141 21.0435 -1.81177 -34.5725 12.9836 -0.965054 -37.0337
8.09549 0.610793 -5.20427 -27.6364 1.02756 -4.37825 -33.1474 1.46888 -1.75287 -38.11
-1.39141 -19.8428 -8.57435 -0.930907 -22.901 -11.7334 -2.10607 4.60242 -3.99653 -2.32687
-12.8292 -6.08215 0.273574 -1.29032 -1.53448 1.78907 2.20643 -9.50779 0.211031 0.847899
5.58962 0.751375 1.25065 1.38783 -0.470076 -1.18283 1.30972 -0.345902 0.0513928 7.1885
-0.561743 -1.37914 -6.93196 3.43332 0.94642 29.5247 3.11832 0.841551 27.1067 -0.582549
-7.09301 12.7585 0.110938 -1.23831 -0.407478 0.412856 -3.3049 6.48671 0.211223 -4.7318
9.58956 -7.67033 3.13708 -17.5768 -9.76025 3.83458 -18.6483 -0.912602 -3.26019 0.256931
-0.326232 -5.23005 7.41655 0.952 4.44935 -46.1474 1.57833 5.59876 -34.6168 1.54042
5.97251 -29.7768 -0.321264 3.63786 6.50728 -0.060523 0.294913 0.306193 0.120852 -1.33804
-1.48557 0.142048 -1.57952 -1.30144 -0.812319 2.91916 10.664 -0.547637 0.132342 1.62985
0.148729 -1.55518 -1.3026 0.0222645 -1.71496 -1.24462 -0.149074 -1.64253 -1.29304 -0.0810294
-1.73203 -1.54212 -1.07973 0.313106 13.0884 -0.836283 -0.00522229 1.55272 -0.118455 -1.53605
-1.9555 -0.0429565 -1.34023 -2.06613 -0.235463 -0.750698 -2.29112 -0.225244 -0.40311 -2.52553
-0.867155 -0.716205 14.504 -0.866264 -0.343918 15.2591 -0.711544 0.934925 1.36476 -0.747496
0.565914 1.34356 -0.369954 0.0994885 -2.87784 -0.228136 0.27219 -2.88825 -0.295225 0.724547
-3.1739 -0.278904 0.951379 -3.30861 -1.05175 0.0618613 17.0548 -0.97028 0.0132111 17.374
-0.757784 2.30859 1.42365 -0.821445 1.90597 1.61678 -0.44145 1.43434 -3.34747 -0.396378
1.80186 -3.34071 -0.446146 2.46239 -3.94701 -0.273664 3.00233 -3.76909 -0.961633 -0.116269
15.8737 -1.08768 -0.285296 13.1764 -0.640663 3.05827 1.72264 -0.691298 2.72152 1.17448
-1.10503 -0.824353 8.69362 -0.448043 -0.210647 6.60998 0.101894 3.10785 -4.91924 -0.398764
3.31043 0.238399 -0.0730658 3.81366 -1.95186 0.436166 4.57285 -2.0823 0.745169 4.35623
-7.54576 0.439537 3.8114 -8.77873 0.737726 4.10331 -5.27621 0.30142 4.1092 -3.79745
-0.386708 3.85345 0.995767 -0.413477 3.5534 1.05862 -0.265473 1.9547e-28 0.901347 -0.321381
3.71548 0.924895 -0.37932 3.46153 0.978518 -0.292864 6.65869e-28 0.794805 -0.278544 4.39768
1.18695 -0.24589 3.35485 0.927785 -0.26934 1.30434e-27 0.731647 0.190541 2.41299 1.99846
0.221338 2.33449 1.83935 0.217364 2.38252 1.95894 0.194524 2.30052 1.52502 0.235955
2.30013 1.34955 0.339696 3.6439 3.8145 -0.023288 3.0356 2.15126 0.606685 4.639
24.9815 -0.776632 5.07049 52.0073 -0.683406 5.23347 51.2564 0.80729 3.74595 26.7167
-0.382263 4.03029 56.3912 -0.599951 4.33932 54.9877 0.730465 3.89504 24.6575 1.3264
2.71036 16.7513 1.93528 4.23267 50.0895 1.84234 3.06139 59.8807 1.52259 2.85574
24.9934 2.45174 8.11594 5.72366 1.23664 5.52633 6.19004 3.59676 9.28725 1.93089
3.97654 9.70192 3.79112 2.88488 7.96278 0.191529 3.58994 8.91395 0.880863 2.44317
6.80111 -0.382802 2.85481 7.47428 -0.25952 2.04998 5.52401 -0.758664 2.40946 6.18909
-0.54997 0.630362 4.08491 -4.33955 1.72955 4.62361 -1.36769 -0.842072 3.24248 -2.42531
-0.447283 3.15013 -6.24789 -1.51144 2.01437 1.21867 -1.46852 2.07805 1.18842 -1.69578
3.10288 1.0114 -1.29522 2.08985 1.01565 -1.24173 2.16853 0.999524 -1.5631 3.03954
0.825413 -1.64565 3.06264 0.897972 -1.36319 2.11664 1.09086 -0.934659 2.17193 0.335313
-0.92226 2.23958 -0.955794 -1.26309 2.95729 0.572483 -1.4291 3.01192 0.776388 -1.05858
2.23365 0.892158 -1.12916 3.58845 0.979572 -1.20002 3.51299 0.147294 1.68021 3.74813
20.3203 1.7964 3.90714 20.6714 -1.20939 3.45741 1.81485 1.9163 3.02413 23.2246
2.09136 3.25684 24.6061 1.8218 3.41531 22.1232 -1.1956 3.23245 1.54183 -1.19728
3.03298 1.09656 -1.16069 2.93274 0.626321 -1.06593 2.88761 0.838428 0.350214 2.56676
4.82243 0.793176 2.48615 6.39812 1.15346 2.4985 13.0941 0.369503 3.23343 4.20711
-0.43052 3.13296 3.04552 2.16064 0.940148 16.3906 0.903704 -0.365814 11.037 0.743922
-6.78714 -7.53946 2.81548 -2.66617 9.82252 2.21539 3.80043 -3.80619 2.42685 3.69469
1.55765 1.39589 -0.0964776 -14.332 -1.35891 0.5877 -17.7067 1.26901 -4.60357 -50.6408
0.270801 -12.1523 -6.29083 -0.243482 3.15373 0.118094 0.44347 2.62075 -4.06746 -0.503841
0.787674 2.66744 -0.474644 0.774268 2.75851 -0.0665689 0.208271 4.70166 -0.428445 0.769461
2.7627 -0.401227 0.746959 2.85288 -0.0799603 0.260085 4.84549 -0.0740051 0.220642 4.74054
-0.437899 0.765413 2.81641 -0.772874 3.16659 3.52052 -0.622541 2.3359 4.25546 -0.282427
1.13572 4.93819 -0.127232 1.2783 4.86322 -0.356134 0.826378 3.11994 -0.297452 2.00098
0.948386 -0.884467 3.63604 2.98211 -0.308642 0.455664 4.27445 -0.20473 0.0773605 4.95805
0.272182 -0.474432 5.6994 -0.0547857 0.063851 5.31077 -1.06786 2.3804 2.07291 -0.921555
2.0483 2.35152 -0.65179 1.42249 3.04996 0.118963 -0.244034 5.47245 -1.44966 3.28446
1.2757 -1.52332 3.46864 1.03702 -1.38313 3.01908 1.43053 -0.707232 2.98553 3.14593
-1.06862 3.08247 2.16111 -1.25329 1.35589 2.69542 -1.98947 -0.540906 1.94465 -1.9215
-1.65486 1.72786 -1.57519 -0.536639 2.61524 -0.797808 1.84766 3.21048 -2.12121 -1.88096
1.16765 -1.80035 -2.81594 0.735192 -1.66951 -3.64454 0.96024 -1.82781 -3.33692 1.14755
-1.9365 -2.87511 1.33067 -1.36218 -3.45913 0.492165 -0.969276 -3.9131 0.367013 -0.931185
-4.53888 0.494071 -1.12836 -4.39911 0.551008 -1.31602 -4.17002 0.689327 -0.616283 -4.23843
0.307367 -0.236149 -4.49433 0.220726 -0.292865 -5.12932 0.297449 -0.444715 -5.0232 0.37152
-0.577728 -4.84728 0.489948 0.156598 -4.65691 0.108568 0.4787 -4.66606 -0.0897029 0.385681
-5.38925 0.0258995 0.276045 -5.41505 0.155078 0.120225 -5.32702 0.277166 0.751155 -4.50206
-0.297139 1.0616 -4.20564 -0.443116 0.930539 -5.00528 -0.48564 0.737638 -5.15887 -0.431764
0.598963 -5.25743 -0.326191 1.41616 -3.75277 -0.725923 1.66346 -3.03497 -1.21584 1.5902
-4.10431 -1.24078 1.46985 -4.4352 -1.05463 1.30638 -4.66662 -0.879782 1.48462 -3.07507
-2.31825 1.1572 -1.74551 -2.98879 0.426606 1.14485 -4.71211 -0.0963487 0.676936 -5.69253
1.23962 -2.27392 -3.05162 -0.937234 2.58281 -15.7908 0.518561 1.33857 -6.13931 -1.10563
3.20703 -15.4807 0.901127 1.71269 -4.5343 0.787114 1.57212 -4.94975 -1.06243 3.00951
-15.4103 -2.31344 4.76668 -20.1839 -1.27004 4.22005 -12.839 1.35765 2.19972 -2.63132
0.980138 2.26229 -3.15462 1.27824 2.16114 -3.3062 -1.55586 3.95827 -16.9368 0.616298
4.47556 -2.08024 1.22849 3.11713 -2.69403 -0.527982 3.25025 -7.85881 0.269485 3.85137
-4.6657 0.160557 0 -1.09377 0.717091 2.84831 -2.53192 0.681204 3.25041 -2.39871
0.12265 0 -1.13058 0.740326 2.93362 -2.47146 0.71344 3.35617 -2.23541 0.107924
0 -1.15752 0.805218 3.12625 -2.11877 4.42752 0.565833 17.698 1.267 3.30725
15.4636 0.992032 2.72511 7.33163 3.72589 -1.87223 6.20764 5.8221 -3.69684 12.2139
-1.34271 0.442313 -10.8631 -0.841438 -2.22833 -9.21823 0.26396 -3.08577 0.561423 0.0377636
1.73272 -14.2246 -0.753571 1.74156 -7.85814 -1.2221 1.76877 -4.70134 1.93289 2.78247
23.8936 -0.538243 0.685527 1.35998 -0.514423 0.690413 1.39376 -0.397685 0.71817 3.03349
-0.462517 0.695186 1.69186 -0.40958 0.725119 1.89866 -1.38391 3.3428 1.38574 0.20847
4.00312 4.99074 -0.0736335 4.02873 4.69616 6.6606 4.06264 20.3049 7.34568 4.29236
20.8035 -0.598703 2.29442 3.8009 -0.764689 3.76761 2.27527 -0.704129 3.63614 2.45718
1.32685 -0.62134 1.70875 1.45056 -0.254651 3.34118 -9.44714 5.22346 -47.3082 -9.03458
5.27192 -44.862 -1.03747 3.64558 -9.1169 -1.73232 2.9077 -10.2596 -1.31638 3.20103
-8.90706 0.634196 4.33354 23.8953 0.653692 4.27067 25.8186 0.957435 3.3965 25.5995
1.21189 3.22803 27.1267 -0.731933 4.64178 53.9029 0.770815 3.42757 59.3004 5.18812
1.16292 21.1253 3.53338 -2.78451 5.26978 3.69812 -2.73614 3.68809 3.09885 -3.74067
6.49234 3.2153 -4.31672 5.8272 2.53779 -4.04167 7.38825 2.61273 -5.02827 7.35988
2.13955 -3.91125 7.96343 2.13687 -4.91449 8.28113 1.80654 -3.68477 8.18432 1.79209
-4.65528 8.71499 1.57724 -3.4418 8.06456 1.54801 -4.27737 8.86963 1.34657 -3.26278
7.60637 1.3182 -4.03261 8.48477 1.16819 -3.17311 6.69829 1.16266 -3.73538 7.92437
0.877477 -3.18943 5.92609 0.918328 -3.71675 6.59295 0.781241 -3.67778 5.87908 0.363035
1.43807 -18.5331 0.396491 1.42291 -18.3401 -1.40643 2.04466 1.1159 0.273982 1.48367
-18.6012 0.227156 1.51256 -18.446 0.193829 1.5436 -18.2545 -1.15375 2.15774 0.92649
0.129049 1.65453 -16.5342 -1.0321 -8.25334 -2.44078 0.0674704 -11.0793 12.3423 0.671125
-2.31624 -34.4053 1.92418 3.62898 22.5796 1.75892 2.16965 12.0069 3.80899 2.31464
42.3484 1.30106 2.51239 13.2475 1.13341 2.40278 8.27789 2.32237 1.90696 7.29027
1.12818 2.0943 14.48 2.70367 -0.516649 -2.42926 1.49325 -10.2226 -0.0925435 2.62715
4.08907 -13.3231 4.21497 3.33732 -2.56307 -0.615649 0.680026 1.2986 -0.646216 0.681381
1.27191 -0.465767 0.775809 2.70843 -0.562479 0.682502 1.33039 0.479241 0.655127 -22.4392
0.481079 0.634942 -22.8993 3.47997 0.693228 -87.8789 3.38602 0.720479 -86.1883 0.463486
0.678894 -21.1146 3.28512 0.753068 -82.0527 -0.800879 1.14171 -8.58489 -0.433852 2.46336
-15.4768 -0.705464 0.622931 -13.2273 -1.78627 0.716627 -11.0015 -0.517608 1.02091 3.49021
0.0418842 2.63895 4.14943 2.17333 4.87499 3.62122 5.09704 4.73734 12.8967 4.25407
4.77457 10.0736 0.202391 3.10935 4.32557 0.244284 3.37521 4.48905 -1.30928 2.90267
1.47686 0.269882 3.61804 4.6797 5.89152 4.67088 15.5459 7.18413 4.46069 19.8825
0.303809 3.9615 5.02006 -1.50708 0.235631 1.50631 -1.6766 0.662781 -3.28453 -1.74161
0.219527 -2.76669 -1.98199 -2.37585 1.3631 -1.57656 1.07468 -3.4831 -1.15879 2.01447
-3.06677 -1.30018 1.76165 -3.31806 -1.49158 -3.94716 0.812733 -1.00903 2.25681 -2.77541
-0.502569 2.65698 -1.4603 -0.638618 2.59296 -1.91295 -0.733089 -4.70976 0.518602 -0.412588
2.72851 -1.0598 0.0960573 2.83316 0.560701 -0.104026 2.8705 -7.97129e-05 -0.0911964 -5.26179
0.32139 0.229271 2.76973 1.07543 0.487814 2.52651 2.606 0.40428 2.60822 2.14694
0.477644 -5.38512 -0.126102 0.61433 2.44328 3.10334 1.11424 1.69145 4.27616 0.965605
2.02321 4.02803 1.11922 -4.88549 -0.618472 1.24837 1.33402 4.45895 1.47094 0.351399
4.31486 1.6857 -3.75492 -1.51814 -5.22322 4.29603 -37.0903 -1.03131 2.85665 -15.5235
-6.55382 4.62005 -40.4221 -7.27324 4.78387 -42.3806 -7.99697 4.92291 -44.4264 -1.09307
3.51328 -15.2945 -9.22971 5.13411 -47.7302 0.679041 1.46562 -5.3635 0.571828 1.9779
-4.42384 0.599758 1.94183 -4.25837 0.596001 2.00257 -4.2237 0.648858 1.99245 -4.01477
1.18257 2.0408 -3.6179 0.67656 2.09516 -3.90952 0.757394 2.12089 -3.68016 0.821421
2.30552 -3.46122 3.60013 -14.3438 1.39639 6.44711 -9.27853 3.77931 3.84754 3.33239
52.3287 3.50499 3.52583 49.276 4.19662 3.11231 54.6201 4.29085 2.82937 54.9403
3.1994 0.732427 -75.2537 0.406082 0.681282 -18.7669 -0.490181 0.694921 1.43686 -0.563179
3.85222 3.15524 2.56498 2.31502 12.5966 1.2375 4.96818 14.9089 1.29571 8.83845
18.5626 -0.249572 0.469764 -4.60096 -0.261997 1.45729 1.71583 -5.38666 2.41011 -28.1187
5.36935 0.879272 55.4592 3.28836 1.12577 53.7109 -0.132281 5.87734 -15.337 -1.01296
7.08607 -7.2092 -1.12902 -9.85988 28.698 -0.345834 -9.15585 21.4826 0.0686293 -8.27481
4.85901 2.26585 2.87431 10.7659 17.5568 2.65141 27.3972 -6.47766 0.659061 -39.1667
-3.62108 1.9388 -22.0232 -2.32083 3.50722 -12.4069 -1.12728 0.746369 1.59127 -0.261343
0.93372 10.074 3.49077 1.0118 31.5406 3.32181 1.07322 33.1354 -0.934975 -16.6123
-10.418 -0.889361 -1.20536 -1.84467 0.64625 -20.1539 -15.8915 0.647172 -1.75808 -4.67209
-11.9025 3.90806 -20.9291 -13.4467 3.68919 -23.5384 0.193404 2.12384 -17.498 -0.699911
3.36479 10.2811 -0.398507 0.259089 1.53029 -1.01059 1.15738 12.5339 -0.750641 -0.0880046
1.58582 -1.55654 -29.7801 -21.2521 -0.628434 -31.5272 -26.8829 0.209674 -31.9308 -33.1544
-1.23118 10.3086 -1.89025 4.02619 -1.26745 7.30698 4.33594 2.2723 8.5961 -0.181115
0.0993355 14.4984 -5.41742 0.149265 44.2509 -0.340007 -0.131152 13.6281 -5.33923 -0.236928
42.2051 -0.49383 -0.132708 12.7874 -5.16238 -0.312854 40.7353 0.206422 2.14407 -9.13951
0.277093 0.526519 -10.9828 0.335583 -0.716377 -12.6189 0.255347 -1.80808 -14.5251 -0.577949
-18.228 -22.2988 -1.23048 -0.34072 -4.11023 -0.623905 -19.7055 -23.1448 -0.717593 -22.0123
-22.4829 -0.6748 -20.988 -23.2088 -3.2805 3.10295 2.0238 0.132781 -3.02525 -17.0595
0.168379 -4.1769 -19.9845 0.341501 -5.03945 -23.2628 -0.751575 -22.8051 -20.9604 -1.19281
0.484791 -3.9534 -0.768946 -23.3071 -18.621 -0.79885 -23.4707 -15.5549 4.34527 1.69254
16.2599 8.08808 2.33443 20.5737 7.2379 3.41847 13.6155 -0.461654 -37.1405 3.59336
0.0690804 -36.5075 0.48248 0.28567 -35.1306 -3.77534 0.25371 -34.2744 -7.67528 0.229192
-33.6905 -11.4652 0.301641 -33.5119 -14.7651 0.539008 -33.3492 -17.8807 0.788326 -32.9842
-21.1918 0.989682 -32.5196 -25.0013 1.34547 -31.7923 -30.1157 2.38038 -28.9699 -35.1599
3.11744 -22.0942 -43.73 -1.89615 5.21934 -7.63267 -3.10329 5.2403 -5.37261 2.90074
1.13629 34.2537 -0.737767 3.8943 0.927337 -1.60796 -19.4477 -28.3621 0.709465 4.36328
-0.509764 -3.32273 -17.5607 -17.0962 -14.2066 3.3583 -26.285 0.646239 2.30551 -6.26923
0.551163 3.56232 -9.03798 -0.795935 4.88355 52.9456 0.0258284 3.72339 58.1694 3.31193
-15.8407 1.20222 2.83777 -18.6257 7.57498 2.00753 -20.1961 16.3699 2.27717 -20.2385
14.0356 1.76255 -19.6658 18.2831 1.32924 -17.6509 21.757 1.47058 -18.2675 21.0566
1.20554 -16.9491 22.0931 0.941614 -15.0642 21.677 1.03962 -15.6368 22.1494 0.86483
-14.4062 20.9273 0.61972 -12.8306 17.4164 0.747858 -13.2719 19.0718 0.547652 -12.1436
16.1931 1.12882 -0.603691 4.3543 0.226353 -6.45878 -7.23556 0.533655 0.593572 -23.6781
0.568413 0.58187 -24.0443 4.28203 0.616323 -92.2933 4.01609 0.634545 -91.0351 0.507137
0.606035 -23.3842 3.79055 0.652867 -89.8874 -0.978944 2.6864 -15.5644 0.594019 1.39163
-5.75762 -1.10287 3.36634 -15.3787 1.04446 1.88243 -4.09913 3.05224 1.39659 -58.0979
2.61037 -19.5937 10.3609 1.60308 -18.9054 19.8482 1.12209 -16.2414 22.2491 0.829138
-13.7655 20.1157 0.61264 -11.657 14.8515 5.73226 1.00006 -74.3447 5.39057 1.02365
-74.6432 0.318174 1.45885 -18.599 5.05753 1.05078 -74.824 4.7175 1.08061 -74.5801
4.38803 1.11215 -73.9292 4.08997 1.14848 -72.8219 0.167668 1.58979 -17.7534 3.82122
1.20219 -70.7396 3.4978 1.29433 -66.0494 2.94006 3.98294 41.3289 2.90917 4.13212
39.2405 3.04671 3.85991 43.7777 3.23452 3.71019 46.3842 3.61225 0.672028 -88.9116
0.489416 0.61951 -23.1472 -0.587545 0.680456 1.31519 0.140961 2.89387 4.21408 3.31776
4.87977 7.01574 0.294636 3.82533 4.87657 6.60575 4.57687 17.9458 -1.47646 2.31324
-2.86639 -1.77583 -0.072768 -1.71182 -1.64616 5.25685 -11.6205 -1.4603 11.5933 -16.8307
-1.54416 8.3619 -14.8903 -1.36413 14.3472 -17.0374 -1.44249 1.44037 -3.47251 -1.25187
16.7023 -16.4906 -1.02027 20.3582 -14.1067 -1.13297 18.6779 -15.4589 -0.899777 21.8012
-12.5379 -0.82724 2.44945 -2.37561 -0.736943 23.0041 -10.8871 -0.438545 24.6881 -7.35307
-0.557375 23.9368 -9.20343 -0.37985 25.4006 -5.29505 -0.299165 2.81342 -0.575789 -0.290917
26.1129 -3.15845 0.0763189 26.7979 1.17325 -0.108519 26.6349 -1.0697 0.19263 26.7328
3.62839 0.325591 2.69331 1.61876 0.28136 26.4948 6.13219 0.408525 25.4927 11.2152
0.348337 26.0671 8.70208 0.517111 24.7612 13.5105 0.78915 2.26977 3.60601 0.679355
23.7608 15.5983 0.954393 20.6157 19.2991 0.835448 22.3867 17.5719 1.05996 18.4623
20.5512 1.36457 0.866704 4.4613 1.16302 15.8603 21.0195 1.26907 12.8007 21.134
-5.87171 4.45137 -38.6673 -8.67559 5.03351 -46.3536 -2.97155 -8.63972 -50.0961 -0.206121
3.10396e-29 1.90092 -0.310819 6.1327 2.22346 -1.01612 2.88489 3.23862 -1.13616 2.62618
4.20634 2.53511 4.78804 8.82534 2.78629 5.53871 8.91777 0.841833 1.81798 -4.81782
0.773726 1.89008 -4.66571 -0.0569308 1.44726 -0.446618 -0.871501 2.10527 0.514404 -1.07326
2.38004 0.373258 -2.97669 3.06825 -0.625096 -3.18715 3.08475 -0.483608 -3.12923 2.94092
-0.299324 -3.06933 3.05426 -0.158052 2.45577 3.08635 11.7594 18.6388 3.04573 37.0218
0.716635 3.62908 -5.79754 0.683528 3.84164 -4.61215 0.350844 6.33073 -0.600169 -0.244976
6.61913 0.31798 -3.38915 4.76344 1.74037 -5.19043 4.02669 2.15146 -6.04012 3.82428
6.30166 -3.61531 5.67613 1.11542 -3.01848 5.33111 0.518527 -0.686993 5.25455 -0.104597
-0.517234 5.29837 -0.247061 -0.292413 5.56389 -0.701996 0.27015 6.36802 -1.08712 0.413669
6.81907 -1.12276 0.611621 7.13859 -1.19552 1.21195 7.84684 -1.07551 1.59905 8.2992
-1.34363 2.09552 8.29433 -1.23184 2.41751 8.11674 -1.3722 3.74576 7.38041 -1.56947
3.2879 7.05261 -1.76795 6.30359 5.36371 -7.39087 2.98935 4.47686 -1.88662 1.65824
0 -1.21808 2.51978 4.04515 9.91265 2.8215 4.48333 9.61394 0.651265 2.33053
-12.7765 0.749633 2.00561 -4.89412 0.698973 1.99593 -4.5756 -0.245582 1.51649 -0.522693
-3.16597 2.74623 -0.531002 -3.09967 2.84803 -0.386225 -3.25056 3.1222 0.975602 -3.19138
3.90282 -10.1164 -2.55 3.4302 -10.3203 -2.15813 3.88575 -11.6917 -2.50905 3.47583
-11.2508 -5.16 3.42831 9.56313 -3.20254 -1.184 17.1808 -0.448041 5.75044 0.0187928
-1.90621 -8.87387 25.3764 -1.03698 -6.44588 16.0224 -0.48617 5.84061 -0.318993 -0.479954
-4.82475 11.6076 0.0517431 5.97091 -0.937225 0.335981 6.89808 -1.34715 0.144277 6.49074
-1.17488 0.250746 -4.33768 7.97893 0.386367 -4.03916 6.39715 0.459423 7.33764 -1.37864
0.477785 -3.976 4.93976 0.816866 7.52505 -1.12516 1.19196 8.57001 -1.52468 0.782353
8.15886 -1.42903 0.633343 -3.86861 1.76411 0.926228 -3.80929 -0.0919795 1.66013 9.00303
-1.86 1.32355 -3.89505 -1.97291 2.37497 8.40971 -1.31774 2.66641 9.22788 -2.5044
2.63872 9.34158 -2.08473 2.82615 -3.85749 -6.94814 3.73422 -4.84479 -11.6841 3.84716
-7.04446 -22.9987 4.97457 0.807943 -18.8163 6.62482 5.68297 -11.21 2.48056 5.97926
10.0116 2.50098 3.00795 12.2722 19.2305 2.96895 40.9264 -3.51595 4.03507 -5.92239
-2.96393 3.48007 -8.047 4.01657 6.19244 10.0396 5.31191 5.51927 12.1078 5.85723
4.91306 14.739 0.462622 2.74361 -29.5746 0.518303 2.56703 -12.3829 0.0799347 3.08718
-28.0769 0.394554 2.77489 -12.0647 -0.318238 3.39433 -27.1222 -3.29662 3.02928 0.703525
-3.33642 2.9384 0.462179 2.60164 2.91625 12.9502 19.63 2.86755 44.4691 -2.62187
3.51008 -10.9649 -2.46401 4.05403 -13.8445 0.0196156 -4.53792 9.51001 -0.153697 6.07251
-0.918364 0.562401 -3.78905 3.31173 0.611413 7.74884 -1.48374 1.63754 -3.88916 -3.87012
2.07611 9.17899 -1.65557 -0.685348 13.4647 0.922134 -1.24261 13.6938 0.917167 -0.840235
-2.08941e-29 0.519402 -0.47589 -9.95834e-30 0.47879 -0.489852 13.1015 0.917628 -0.347205 6.52361e-32
0.453697 -0.351109 12.644 0.919654 -0.252543 3.47252e-34 0.444498 -0.239315 12.0462 0.927742
-0.171997 -1.73544e-34 0.45042 -0.16586 11.3569 0.923943 -0.114766 -1.08063e-35 0.460893 -0.121262
10.637 0.893424 -0.0782875 -2.60751e-37 0.46016 -0.0939183 9.92391 0.83364 -0.0561558 -3.10946e-39
0.439165 -0.0764516 9.24045 0.753702 -0.0429947 -2.05262e-41 0.402223 -0.0644469 8.60044 0.664566
-0.0348743 -8.12753e-44 0.356882 -0.0544545 8.01492 0.575217 -0.0288852 -0 0.309581 -0.0455662
7.49845 0.492573 -0.0239396 -0 0.265319 -0.0379248 7.05586 0.418842 -0.0198378 -0
0.225824 -0.0314697 6.68101 0.354721 -0.0164012 -0 0.191096 -0.0257298 6.36999 0.301035
-0.0133866 -0 0.161888 -0.0204821 6.10742 0.25489 -0.0106756 -0 0.136887 -0.0155592
5.92864 0.212132 -0.00813365 -0 0.113698 -0.0121206 5.76011 0.172435 -0.00638595 0
0.0920646 -0.0108029 5.69485 0.133228 -0.00570967 0 0.0707684 -0.0106677 5.44709 0.100061
-0.00554183 0 0.0528283 -0.0121727 5.42584 0.0708498 -0.00634175 0 0.0371828 -0.00972124
4.88284 0.0502978 -0.005206 0 0.0262476 -0.0112958 5.2115 0.0330451 -0.00584239 0
0.0171882 -0.00432748 3.90523 0.0208324 -0.00216835 0 0.0108928 0.0106813 6.97355 0.0110024
0.0052117 0 0.00568563 0.00558828 -0 -0.00203693 0.0118779 13.3984 -0.00355179 -0.679439
12.1595 2.58021 -1.31497 12.5193 2.80533 -0.503361 11.7764 2.35978 -0.380167 11.3144
2.15492 -0.275946 10.7404 1.99652 -0.212372 10.1157 1.84844 -0.174966 9.49641 1.69137
-0.150033 8.9061 1.52379 -0.130861 8.35083 1.35149 -0.114806 7.83336 1.18107 -0.0989623
7.35928 1.01935 -0.0835317 6.93885 0.872082 -0.0697815 6.5785 0.740702 -0.0581758 6.27359
0.627803 -0.0476948 6.01982 0.53329 -0.0378707 5.80775 0.452024 -0.0285795 5.67737 0.377289
-0.0220378 5.55498 0.308544 -0.0196676 5.53606 0.240403 -0.019791 5.32701 0.182189 -0.0227988
5.34041 0.130043 -0.0177997 4.82338 0.0928762 -0.0216231 5.17316 0.0611159 -0.00846607 3.88054
0.0373791 0.0219641 6.96011 0.01949 0.0250141 13.4031 -0.00605632 -0.161927 8.9342 4.47128
-0.251186 8.66452 5.18931 -0.217062 8.98962 3.8479 -0.235442 8.88743 3.28867 -0.216812
8.60229 2.87201 -0.203316 8.22931 2.53119 -0.192363 7.83601 2.23432 -0.179959 7.45198
1.96709 -0.165025 7.08488 1.72386 -0.148858 6.73892 1.49984 -0.130121 6.41941 1.29468
-0.110435 6.13537 1.10896 -0.0924581 5.89482 0.942508 -0.0774042 5.69006 0.799507 -0.0636508
5.51907 0.678401 -0.0503959 5.37978 0.575148 -0.0375947 5.31728 0.481452 -0.0285283 5.25809
0.396477 -0.0256583 5.30305 0.312179 -0.0264868 5.14869 0.238885 -0.0314566 5.21224 0.171774
-0.0243178 4.73374 0.122869 -0.0310297 5.11547 0.0804146 -0.0122052 3.84512 0.0448698 0.0339773
6.94162 0.0213775 0.0389645 13.4103 -0.00794466 0.191559 4.86365 4.31881 0.540042 3.51537
4.83207 -0.0102881 5.56448 3.85413 -0.128195 6.00522 3.3889 -0.17452 6.11638 3.01704
-0.19508 6.06093 2.69527 -0.200344 5.9348 2.40154 -0.195507 5.78472 2.12748 -0.183421
5.6267 1.87417 -0.167799 5.47096 1.63891 -0.147802 5.32367 1.42235 -0.125715 5.19493
1.22403 -0.105387 5.09364 1.04426 -0.0886087 5.00721 0.887283 -0.0731306 4.93683 0.751434
-0.0576734 4.88325 0.637035 -0.0422419 4.89822 0.534146 -0.0312375 4.90926 0.44224 -0.0285144
5.02533 0.351526 -0.0306042 4.93438 0.270885 -0.0382261 5.05735 0.195459 -0.0295883 4.62548
0.138351 -0.0393281 5.04653 0.0887627 -0.0147947 3.80797 0.0395431 0.0471611 6.92509 0.0130856
0.0537573 13.4199 -0.00964413 0.233177 2.12796 2.69749 0.590898 0.733426 2.32087 0.0507779
2.8891 2.84983 -0.0823926 3.50705 2.82906 -0.153178 3.81818 2.69438 -0.186016 3.96673
2.51713 -0.197011 4.04444 2.31021 -0.195514 4.09517 2.08586 -0.185422 4.12877 1.86174
-0.171097 4.15491 1.64259 -0.151447 4.17655 1.43561 -0.128816 4.20397 1.24267 -0.10809
4.24519 1.06581 -0.0914905 4.2841 0.908463 -0.0760121 4.32347 0.769142 -0.0596092 4.36077
0.652537 -0.0424287 4.45688 0.547591 -0.0300912 4.5397 0.454782 -0.0281526 4.7279 0.364032
-0.0320742 4.70425 0.281692 -0.042986 4.8912 0.202993 -0.0335277 4.51101 0.139138 -0.046096
4.9756 0.085285 -0.0164764 3.78007 0.0201554 0.0607114 6.91931 -0.00653596 0.0693336 13.4315
-0.0111448 0.262722 0.611602 1.5773 0.647003 -0.167145 0.871589 0.105415 1.04082 2.02454
-0.0341155 1.50208 2.30304 -0.123401 1.82865 2.34277 -0.164924 2.07042 2.26193 -0.178639
2.28396 2.11894 -0.179162 2.49427 1.93754 -0.171233 2.6911 1.74708 -0.158975 2.87977
1.55211 -0.140935 3.05726 1.36258 -0.119485 3.23169 1.18438 -0.10036 3.40846 1.02083
-0.0858833 3.56907 0.874049 -0.0721833 3.71742 0.741396 -0.0561633 3.84409 0.6299 -0.0381776
4.02028 0.529141 -0.0251138 4.17317 0.440057 -0.0245435 4.43094 0.353825 -0.030803 4.47466
0.274437 -0.0455399 4.72663 0.196405 -0.0358398 4.40221 0.125904 -0.0514664 4.91222 0.0701243
-0.0180336 3.77213 -0.0115132 0.0738452 6.93275 -0.035794 0.085105 13.4451 -0.0126273 0.290711
-0.373566 1.11591 0.707235 -0.61316 0.709007 0.153304 -0.311292 1.4963 0.0145251 -0.110449
1.84292 -0.0835545 0.131412 1.98189 -0.130519 0.406951 1.95507 -0.145292 0.713825 1.85556
-0.14766 1.05073 1.71537 -0.142806 1.38184 1.55942 -0.133568 1.7112 1.38917 -0.118112
2.02855 1.21703 -0.0991255 2.33569 1.05924 -0.0833781 2.63395 0.917433 -0.0727538 2.90403
0.79045 -0.0622791 3.15223 0.673441 -0.0476849 3.36129 0.57234 -0.0297707 3.61167 0.48087
-0.0164655 3.83017 0.40016 -0.017756 4.15226 0.322617 -0.0269038 4.25935 0.250222 -0.0457975
4.57423 0.176262 -0.0362167 4.30985 0.0998007 -0.0551705 4.86534 0.0444558 -0.0181393 3.79252
-0.0511744 0.0876259 6.97164 -0.0706388 0.100542 13.4605 -0.0143754 0.241626 -1.08968 0.873939
0.632583 -0.969374 0.807044 0.145215 -1.33425 1.1336 0.030023 -1.37636 1.40115 -0.0527497
-1.2529 1.54305 -0.091199 -0.973383 1.54699 -0.10184 -0.603981 1.4855 -0.10413 -0.17611
1.39454 -0.10186 0.26101 1.28032 -0.0959567 0.70832 1.14872 -0.0846139 1.14821 1.00128
-0.0697597 1.56911 0.86683 -0.0587015 1.96737 0.757046 -0.0530686 2.32676 0.658317 -0.0468628
2.65803 0.564614 -0.0344616 2.93937 0.477736 -0.0173675 3.25505 0.39934 -0.00414195 3.53129
0.332486 -0.00769493 3.90923 0.26942 -0.0205004 4.07182 0.208758 -0.0437979 4.44447 0.142379
-0.0346619 4.2434 0.0625478 -0.0567734 4.84253 0.0104018 -0.0164281 3.84573 -0.0933979 0.101554
7.03861 -0.105973 0.115009 13.4777 -0.0165879 0.147262 -1.62245 0.623473 0.471537 -1.24382
0.832517 0.0993917 -2.09214 0.788999 0.0197397 -2.29745 0.931548 -0.0316697 -2.2646 1.0095
-0.0498662 -1.9915 1.01481 -0.0515499 -1.58244 0.975168 -0.051629 -1.09664 0.92089 -0.0505085
-0.585254 0.85047 -0.0471123 -0.0556763 0.7776 -0.0407862 0.479776 0.68326 -0.03228 0.988375
0.590487 -0.0272566 1.45472 0.525762 -0.027039 1.87632 0.465406 -0.0256278 2.26851 0.402124
-0.016207 2.60978 0.335399 -0.000667866 2.97968 0.276269 0.0113685 3.30115 0.231654 0.0048575
3.72077 0.192356 -0.0116129 3.92602 0.150043 -0.0394418 4.34813 0.0954247 -0.0311234 4.21078
0.0167436 -0.0561687 4.84943 -0.0291393 -0.0136354 3.93205 -0.133268 0.114553 7.1323 -0.137247
0.128339 13.497 -0.0192113 0.0353106 -1.95946 0.304269 0.225866 -1.42727 0.541759 0.0246034
-2.55752 0.36789 -0.008243 -2.83265 0.396803 -0.0182663 -2.83311 0.393596 -0.00780207 -2.5532
0.365144 0.00426246 -2.11303 0.329241 0.00813404 -1.59078 0.299777 0.00843113 -1.03843 0.271326
0.00948873 -0.471292 0.252469 0.0112267 0.111447 0.233799 0.0121761 0.662797 0.217256 0.00945242
1.15567 0.209628 0.00326471 1.60548 0.197016 -0.000589762 2.0319 0.172569 0.00524058 2.41444
0.138157 0.018271 2.82061 0.111095 0.0278257 3.16639 0.0999097 0.0180901 3.60512 0.0939587
-0.000766488 3.83513 0.0757179 -0.0325335 4.29488 0.0374617 -0.0255894 4.21751 -0.0341813 -0.0534575
4.88924 -0.0708282 -0.00969181 4.04849 -0.16757 0.126381 7.24846 -0.161767 0.140068 13.5184
-0.0221699 -0.0761209 -2.05243 -0.051147 -0.0751056 -1.49555 0.0340246 -0.0599718 -2.66672 -0.104111
-0.0398025 -2.92879 -0.17032 -0.00486236 -2.89733 -0.254652 0.0375485 -2.57838 -0.325873 0.0641337
-2.11242 -0.351487 0.0715109 -1.57764 -0.349176 0.0701478 -1.01906 -0.332892 0.0678699 -0.45377
-0.306283 0.0650716 0.116301 -0.252948 0.0585403 0.649629 -0.189261 0.0475337 1.12772 -0.143543
0.0344463 1.56919 -0.111339 0.0247613 1.99809 -0.0944365 0.0261153 2.39188 -0.0869327 0.0356645
2.80438 -0.0726804 0.0430608 3.14508 -0.0459197 0.0308862 3.57482 -0.0164459 0.0102734 3.80972
-0.00970056 -0.0241978 4.29204 -0.0281058 -0.0189035 4.26626 -0.0865579 -0.0491084 4.96247 -0.111492
-0.00458493 4.19023 -0.194998 0.136313 7.38151 -0.178902 0.148999 13.542 -0.0254914 -0.178138
-1.89829 -0.357974 -0.374344 -1.42807 -0.386958 -0.135968 -2.41532 -0.529709 -0.0608614 -2.58828
-0.693529 0.0197964 -2.46406 -0.847354 0.0895686 -2.08351 -0.92731 0.124531 -1.60961 -0.919661
0.132355 -1.09284 -0.878602 0.128326 -0.565538 -0.814814 0.121901 -0.0410253 -0.736537 0.113469
0.465463 -0.629535 0.0997274 0.933153 -0.520735 0.0821567 1.36511 -0.441379 0.0642478 1.76949
-0.378216 0.0497172 2.17179 -0.328937 0.046244 2.54441 -0.285991 0.051532 2.93142 -0.23844
0.0564512 3.23889 -0.182839 0.0422339 3.63404 -0.126213 0.0201407 3.85542 -0.0986352 -0.0159042
4.34359 -0.0964011 -0.0119697 4.35681 -0.136945 -0.0439033 5.06732 -0.148537 0.000979714 4.35199
-0.215622 0.143847 7.52594 -0.189306 0.154645 13.568 -0.0289679 -0.260803 -1.54929 -0.596607
-0.633675 -1.27398 -0.667468 -0.18483 -1.85838 -0.879687 -0.0593303 -1.86088 -1.15197 0.0607665
-1.60003 -1.34919 0.14668 -1.1731 -1.38558 0.18183 -0.7231 -1.32581 0.187054 -0.256767
-1.23712 0.179173 0.201119 -1.12601 0.167731 0.644514 -1.00086 0.152773 1.05706 -0.867103
0.132734 1.43735 -0.745682 0.110738 1.80106 -0.646164 0.0899697 2.14954 -0.562974 0.0724998
2.5053 -0.492082 0.0655761 2.83534 -0.428355 0.0665038 3.17723 -0.363823 0.0677902 3.43412
-0.294829 0.0514602 3.77816 -0.224395 0.0289327 3.97146 -0.182528 -0.00772866 4.44927 -0.161687
-0.0049978 4.4864 -0.182482 -0.0380929 5.20031 -0.180252 0.00651272 4.52872 -0.230192 0.149067
7.67695 -0.194177 0.157493 13.5962 -0.0322089 -0.300788 -1.02335 -0.865008 -0.781219 -1.04581
-0.867771 -0.190135 -1.03052 -1.23296 -0.02675 -0.793021 -1.58064 0.115617 -0.387171 -1.74412
0.20225 0.0410024 -1.70257 0.232395 0.428251 -1.5922 0.233492 0.807207 -1.45474 0.220453
1.1629 -1.30713 0.203525 1.49867 -1.15868 0.183081 1.80559 -1.01791 0.158661 2.08974
-0.891738 0.133332 2.36942 -0.778377 0.110068 2.64773 -0.680606 0.090417 2.94243 -0.594074
0.0810619 3.21847 -0.518932 0.0785003 3.5072 -0.447617 0.0769516 3.70865 -0.377053 0.0588888
3.99574 -0.304259 0.0363202 4.15121 -0.254627 -0.000129306 4.60473 -0.219033 0.00179283 4.65038
-0.221294 -0.0312671 5.35695 -0.206041 0.0120699 4.71599 -0.239643 0.151579 7.83065 -0.194806
0.157659 13.6263 -0.0349647 -0.290876 -0.223385 -1.33941 -0.910948 -0.641596 -1.27783 -0.147241
0.118934 -1.70094 0.0370442 0.604206 -2.00335 0.178127 1.08689 -2.02428 0.250696 1.45985
-1.9049 0.272704 1.75063 -1.75646 0.268845 2.01153 -1.58658 0.250839 2.24503 -1.41819
0.229298 2.46128 -1.25865 0.204832 2.65644 -1.11254 0.177437 2.83825 -0.980415 0.149681
3.02473 -0.860014 0.124554 3.22182 -0.752973 0.103205 3.44372 -0.65592 0.0916703 3.65857
-0.573711 0.0863549 3.89091 -0.499269 0.0831605 4.03956 -0.432291 0.0644719 4.27128 -0.363391
0.0421838 4.38399 -0.311172 0.00648202 4.80268 -0.265445 0.00817709 4.84303 -0.25249 -0.0239617
5.53255 -0.225997 0.0170301 4.91013 -0.244788 0.15085 7.98416 -0.192263 0.154612 13.6579
-0.0371587 -0.208664 1.11426 -2.41237 -0.946374 0.339448 -2.7363 -0.0551408 1.71189 -2.41027
0.119881 2.3319 -2.41584 0.236824 2.76327 -2.24604 0.288874 3.02318 -2.05224 0.300492
3.18544 -1.85961 0.291019 3.30679 -1.66415 0.269312 3.40355 -1.48 0.244449 3.48997
-1.30969 0.216958 3.56709 -1.15741 0.187609 3.64242 -1.02213 0.158797 3.73204 -0.900255
0.13306 3.84223 -0.790603 0.111014 3.98455 -0.689882 0.0980358 4.13348 -0.604295 0.0904215
4.30747 -0.528369 0.085684 4.40733 -0.465513 0.0673294 4.58809 -0.402436 0.0465802 4.65696
-0.351018 0.0125527 5.03409 -0.299656 0.0139571 5.0583 -0.275717 -0.0171019 5.72245 -0.240188
0.0211521 5.10786 -0.246059 0.147317 8.13524 -0.187168 0.148549 13.6903 -0.0386346 -0.138913
3.63506 -3.68144 -1.1284 3.58778 -4.4714 0.0572547 3.96345 -3.15514 0.203497 4.38894
-2.74768 0.283061 4.61848 -2.40963 0.312756 4.69506 -2.13311 0.31317 4.68676 -1.89174
0.298404 4.64537 -1.67349 0.274078 4.59225 -1.4788 0.247482 4.54207 -1.30499 0.218773
4.498 -1.15269 0.18901 4.46623 -1.01981 0.160542 4.45981 -0.902062 0.135431 4.48364
-0.796652 0.113735 4.54616 -0.699534 0.10022 4.62766 -0.615037 0.0910336 4.74236 -0.53985
0.0848283 4.79611 -0.48042 0.0670426 4.93044 -0.423148 0.0487113 4.9567 -0.374524 0.0176294
5.28909 -0.321282 0.0187369 5.28987 -0.290523 -0.0109461 5.92185 -0.24832 0.0242567 5.30592
-0.24333 0.141071 8.28184 -0.179614 0.140097 13.7229 -0.0391408 -0.202361 6.90703 -3.76638
-1.51001 7.69714 -4.1741 0.101003 6.70333 -3.23034 0.245182 6.66738 -2.73189 0.300776
6.56946 -2.34823 0.313772 6.39519 -2.04422 0.306329 6.18184 -1.79431 0.288694 5.96353
-1.58075 0.263877 5.7564 -1.39626 0.237863 5.57103 -1.23494 0.210267 5.40938 -1.09487
0.181947 5.2754 -0.973733 0.155194 5.1786 -0.867275 0.131792 5.12222 -0.772468 0.111431
5.11063 -0.685009 0.0982333 5.12681 -0.606264 0.0883317 5.18328 -0.534878 0.0811568 5.19255
-0.47892 0.0641752 5.28428 -0.427038 0.04828 5.27043 -0.382378 0.0207608 5.55763 -0.330256
0.021903 5.5308 -0.29612 -0.00569363 6.12556 -0.249693 0.025964 5.50077 -0.236058 0.131835
8.42184 -0.169421 0.129308 13.7548 -0.0385365 -0.305778 9.44995 -2.683 -1.71065 9.86014
-2.48493 0.0773604 9.10799 -2.44651 0.232248 8.75874 -2.17523 0.281745 8.37474 -1.921
0.289055 7.9644 -1.70422 0.279688 7.55779 -1.51946 0.262677 7.17757 -1.35868 0.240124
6.83241 -1.21782 0.216764 6.52707 -1.09273 0.192193 6.26156 -0.982043 0.167094 6.03804
-0.884927 0.143383 5.86235 -0.798318 0.122599 5.73603 -0.71975 0.104407 5.65992 -0.646256
0.0923103 5.61638 -0.577389 0.0825217 5.61802 -0.512973 0.0750688 5.58461 -0.461544 0.0592981
5.63697 -0.414918 0.04564 5.58648 -0.375115 0.0217813 5.8302 -0.326598 0.0230654 5.77343
-0.29153 -0.00161764 6.32772 -0.243333 0.0262051 5.68832 -0.223487 0.119601 8.5529 -0.156303
0.115955 13.7851 -0.0367467 -0.380782 10.7514 -1.45949 -1.74823 10.4269 -1.09746 0.0257025
10.5766 -1.37634 0.180189 10.211 -1.31128 0.231318 9.73302 -1.23591 0.241764 9.20703
-1.16231 0.236183 8.68555 -1.09092 0.223359 8.19869 -1.02073 0.205537 7.75683 -0.952206
0.186605 7.36378 -0.884798 0.166484 7.01969 -0.819359 0.145835 6.72723 -0.757266 0.126106
6.48951 -0.697935 0.108637 6.30601 -0.640235 0.0932099 6.17637 -0.583487 0.0828089 6.08118
-0.527543 0.0738365 6.03336 -0.472844 0.066747 5.95998 -0.427644 0.0526821 5.97611 -0.386742
0.0411159 5.89353 -0.352716 0.0209939 6.09739 -0.309857 0.0223554 6.00937 -0.275663 0.00112009
6.52166 -0.228175 0.0247854 5.86369 -0.204718 0.104421 8.6724 -0.139855 0.100226 13.813
-0.0336459 -0.355565 11.0545 -0.498752 -1.51408 9.97033 -0.069441 0.0130936 11.1199 -0.49617
0.143736 10.8918 -0.534965 0.185355 10.4878 -0.57371 0.193598 9.99092 -0.608597 0.189297
9.4664 -0.63484 0.179539 8.95531 -0.649655 0.166 8.47745 -0.652712 0.151567 8.04233
-0.644346 0.136133 7.65415 -0.626389 0.12012 7.31838 -0.601322 0.104661 7.03853 -0.570963
0.0908804 6.81279 -0.535939 0.0785628 6.6412 -0.497198 0.0701557 6.50379 -0.455857 0.0625173
6.41368 -0.412939 0.0563083 6.30448 -0.37582 0.0444283 6.28813 -0.341657 0.0349981 6.17874
-0.314147 0.0187535 6.34798 -0.278528 0.0200999 6.22888 -0.247113 0.00262506 6.69969 -0.20305
0.0217209 6.02126 -0.178792 0.0865775 8.77734 -0.119644 0.0824943 13.8374 -0.02916 -0.194332
10.7971 -0.0303087 -1.01163 9.00424 0.362909 0.0817897 11.1115 -0.0702457 0.163963 11.0594
-0.140183 0.17806 10.7854 -0.207756 0.170271 10.3833 -0.271396 0.157089 9.92132 -0.328102
0.143382 9.44498 -0.374773 0.129538 8.9802 -0.409433 0.116861 8.54265 -0.431108 0.104499
8.14207 -0.440526 0.0921901 7.78745 -0.439382 0.0805933 7.48494 -0.429826 0.0703792 7.23306
-0.413168 0.0612287 7.03235 -0.390517 0.05491 6.86335 -0.363315 0.0489592 6.73992 -0.332894
0.0440212 6.60101 -0.305161 0.0347194 6.55729 -0.278836 0.0276068 6.42674 -0.258142 0.0153841
6.56781 -0.230734 0.0166143 6.42021 -0.204348 0.00320527 6.85299 -0.166915 0.0174935 6.15459
-0.144935 0.0666876 8.86441 -0.0953273 0.0630721 13.8575 -0.0232787 0.228804 10.7896 -0.2654
-0.0228183 8.71006 -0.268716 0.290763 11.225 -0.221673 0.271763 11.2501 -0.215805 0.227195
11.0245 -0.21799 0.182554 10.6577 -0.227167 0.146389 10.2238 -0.241347 0.119388 9.76842
-0.257412 0.0993169 9.31694 -0.272421 0.0847638 8.88508 -0.283993 0.0732749 8.48378 -0.290856
0.0634732 8.12313 -0.292586 0.0550937 7.81078 -0.289529 0.0480739 7.54543 -0.28191 0.0419429
7.32756 -0.269856 0.0377227 7.13783 -0.253875 0.0336866 6.99129 -0.234861 0.0302701 6.8306
-0.216701 0.0238837 6.76636 -0.198842 0.0191949 6.62062 -0.184919 0.0110852 6.74092 -0.166182
0.012089 6.57032 -0.147016 0.0029611 6.9721 -0.11963 0.0123976 6.25692 -0.102985 0.0456191
8.93017 -0.0667971 0.0430651 13.8723 -0.0160429 0.432472 11.6525 -0.570087 0.498554 10.1159
-0.975834 0.350114 11.88 -0.420823 0.274221 11.7614 -0.330948 0.204969 11.4318 -0.268535
0.149207 10.9904 -0.22546 0.108228 10.5057 -0.196742 0.0797224 10.0179 -0.178354 0.0605125
9.54702 -0.167024 0.0479781 9.10383 -0.160248 0.0393895 8.6952 -0.156009 0.0330832 8.3286
-0.152687 0.0282723 8.01027 -0.149243 0.0245084 7.73787 -0.144898 0.0213613 7.51106 -0.13905
0.0192325 7.30984 -0.131417 0.0171982 7.15005 -0.122215 0.0154753 6.97636 -0.113212 0.0122617
6.89956 -0.10411 0.00991648 6.74473 -0.0969989 0.00588323 6.85227 -0.0873689 0.00649624 6.66664
-0.0772154 0.00180583 7.04808 -0.0627299 0.00643478 6.32172 -0.0538008 0.0234631 8.97126 -0.0345349
0.0224349 13.8812 -0.00801895 0.313484 0 -0.564325 0.330817 0 -1.05926 0.244795
0 -0.400681 0.188808 0 -0.299646 0.139289 0 -0.229685 0.0993002 0
-0.180001 0.0697063 0 -0.1448 0.0490259 0 -0.120261 0.03531 0 -0.103481
0.0266097 0 -0.0924319 0.0209797 0 -0.0853696 0.017165 0 -0.0807347 0.0144594
0 -0.0773625 0.0124452 0 -0.0743803 0.01082 0 -0.0711412 0.0097386 0
-0.0672382 0.00871199 0 -0.0626364 0.0078777 0 -0.058113 0.00629383 0 -0.0534681
0.00507097 0 -0.0498224 0.00304807 0 -0.0448913 0.00341366 0 -0.0396373 0.000994154
0 -0.0321903 0.0032533 0 -0.0275825 0.0120296 0 -0.0175837 0.011736 0
-0.00394784 -1.14685 12.5444 1.27958 -0.604669 11.3954 1.39145 -0.502804 -8.36331e-28 0.712339
-0.760494 -2.38413e-28 0.706784 -1.36756 13.1985 1.13195 -0.891899 4.00753e-28 0.647016 -1.38857
13.5715 0.98913 -0.912571 2.04473e-28 0.568317 -3.24571 6.69192 2.56363 -4.12009 4.41326
2.75107 -4.0545 5.10042 3.01385 -1.56063 12.1854 3.18755 -1.50378 12.4543 2.9374
-4.31651 2.95297 4.81079 -4.7401 3.41108 5.26066 0.454283 4.76007 7.26779 0.985546
3.36277 9.04745 -0.796627 3.17138 10.8596 -3.64713 4.31054 4.43159 -0.30744 8.44044
5.42048 -2.54666 4.80514 14.9153 -1.73761 5.1224 14.9094 4.27091 6.13826 26.4467
3.29899 5.65171 28.7785 2.5303 -0.745041 9.83309 2.92263 1.80862 12.4745 1.22011
3.43046 13.8535 0.709371 2.75333 4.99318 1.29927 -1.61653 5.81225 2.19392 0.408902
8.74605 0.417603 -3.90684 4.72593 -0.784854 -4.35431 2.08601 -0.879023 0.110952 -3.28066
-0.0427577 0.275311 -0.85606 0.799511 -0.23859 2.18149 -0.258127 -3.63416 1.02999 -0.183621
-3.21123 2.20644 -0.588516 -5.67453 0.610643 -0.654316 -5.74755 0.287049 -0.546032 1.47006
-4.28425 -0.539179 1.22024 -4.19188 0.829415 -0.897941 0.567068 -0.0668003 -4.17414 0.213011
-0.351944 -4.23046 0.390444 -0.393961 -6.07551 0.134717 -0.336922 -6.16044 0.0940516 -0.311894
1.79445 -4.00604 -0.351311 1.68721 -4.04154 0.957955 -1.15413 0.414612 0.173171 -4.43585
0.0581665 0.00852226 -4.5487 0.0422468 -0.192399 -6.47924 0.161573 -0.160082 -6.59891 0.166534
-0.19068 1.89308 -3.64988 -0.212921 1.80792 -3.70928 0.916104 -1.38798 0.526243 0.285549
-4.71425 0.0939447 0.173688 -4.82162 0.0508284 -0.0542859 -7.00601 0.228053 -0.0404157 -7.14133
0.199906 -0.102064 1.94489 -3.12068 -0.114779 1.86063 -3.24467 0.736533 -1.60767 0.614293
0.300169 -4.99878 0.136061 0.264203 -5.12046 0.0813105 0.0471193 -7.54904 0.241505 0.0269437
-7.67985 0.177432 -0.0353421 1.94857 -2.21456 -0.0267166 1.87639 -2.43382 0.388981 -1.78489
0.448419 0.184913 -5.23932 0.112938 0.236602 -5.4091 0.104974 0.0809344 -7.94876 0.191078
0.0297126 -8.0275 0.120751 0.00746009 1.9246 -0.880399 0.0377847 1.87154 -1.2038 -0.0716065
-1.86648 0.0438154 -0.0126852 -5.35831 0.0338228 0.0876961 -5.61163 0.0471349 0.00354062 -8.08244
0.0496631 -0.00291314 -8.09915 0.121722 0.0151929 1.9668 0.702736 0.00374493 1.89657 0.254086
-0.518703 -1.82128 -0.323637 -0.163297 -5.3164 -0.057902 -0.0943618 -5.64471 0.0259305 -0.0257589
-8.03249 -0.0457181 -0.024058 -7.98553 -0.0343678 0.00770742 1.97601 2.21633 -0.00376618 1.88426
1.79872 -0.891918 -1.69466 -0.540091 -0.24345 -5.17222 -0.130815 -0.165505 -5.53653 -0.090982
0.018666 -7.80472 -0.0898709 0.0334117 -7.72879 -0.0627865 0.0640993 1.98416 3.60898 0.0490681
1.89642 3.24967 -1.12097 -1.51353 -0.667883 -0.231588 -4.9773 -0.166748 -0.198977 -5.35497
-0.0983782 0.120339 -7.51299 -0.0535164 0.173581 -7.42471 -0.03763 0.174496 2.00203 4.78055
0.135082 1.91803 4.47336 -1.32923 -1.21033 -1.11701 -0.119096 -4.6701 -0.304666 -0.0643496
-5.1195 -0.134952 0.435685 -7.18799 -0.0588704 0.628887 -7.10464 -0.087355 0.600433 1.6645
5.83731 0.405284 1.8245 5.53359 -1.34477 -0.155953 -2.81979 -0.260109 -3.40272 -2.86918
0.0829518 -4.60775 -0.661027 -8.92689 17.9507 -28.6242 -16.7214 15.3785 -11.8773 -8.43404
11.98 -21.1041 -6.43509 13.6575 -25.3363 0.676022 -1.23958 0.845489 0.34525 -5.87177
-3.74703 0.190131 -4.99844 -3.48829 -0.336102 -1.9606 -7.50476 -0.112764 0.633377 -11.6705
0.210799 -0.721354 -7.90772 -1.59874 3.75028 -4.70926 -1.22684 1.98775 -6.75332 -0.618862
-1.82187 -6.22708 -3.37197 10.0057 -3.18561 -4.38247 10.2281 -2.13611 0.584961 5.65583
-7.1211 0.298318 4.81179 -8.70997 -0.528189 3.81913 -8.40296 -2.7288 9.09252 -3.91422
-0.849694 1.68949 -8.11998 -2.13323 8.22606 -4.16463 -3.89603 10.3405 -1.18047 -4.84292
10.0147 -0.454439 -3.07257 10.264 -1.7834 -2.36118 10.0454 -2.23605 -3.85784 9.52891
0.0611579 -4.67251 8.7852 0.799535 -3.06778 9.97169 -0.469075 -2.37117 10.2323 -0.841322
-3.0984 7.93917 0.979101 -3.6089 6.79952 1.70621 -2.53118 8.79598 0.502084 -2.00724
9.43285 0.180243 -1.74961 6.12389 1.06867 -1.76097 4.71754 1.49446 -1.55441 7.27413
0.782438 -1.30789 8.18285 0.565853 0.0345424 6.03656 -0.440666 0.277982 5.06077 -0.704646
-0.063324 6.98213 -0.308091 -0.0808336 7.83249 -0.261288 0.659357 8.51623 -1.82918 0.727679
8.21573 -2.42808 0.583427 8.97487 -1.41766 0.527347 9.49053 -1.15647 0.2858 0
-1.97909 0.229103 0 -2.49287 0.308095 0 -1.55203 0.320614 0 -1.25666
-2.9822 3.79701 14.9478 2.04551 3.89538 30.0309 2.23797 4.31106 18.0038 -0.99528
3.8091 12.0639 -0.328962 10.1962 -14.8319 1.83568 8.08295 -1.6979 2.17525 0.804467
5.43184 -3.00504 9.05971 -55.3312 -1.48448 7.37693 -28.0779 1.96103 5.64494 -5.65901
3.183 3.67537 -11.606 0.95483 5.52084 -15.8632 -0.905377 7.96355 -18.031 -2.01979
2.06897 -9.82811 -5.4514 10.6258 19.7853 -1.7362 7.66993 -18.9649 -1.67608 5.81733
-17.6615 -0.881697 3.13617 -15.1379 -1.42637 4.5167 12.8622 4.18931 5.47003 23.9904
16.5699 6.77937 47.5649 15.8319 6.10172 56.1078 14.8645 6.02174 44.971 0.983572
-3.22931 5.18498 -0.910303 14.4648 -18.0919 -0.556629 21.5662 -17.4026 -0.683902 20.126
-17.6396 -0.694063 0.994022 -4.15928 -1.04456 -4.28414 0.743372 -0.654337 -3.58087 1.93195
-0.797883 -5.51903 0.695705 -0.667941 -5.00149 0.680965 -0.837375 -4.83559 0.733388 -0.497263
22.568 -16.9581 -0.33351 24.4577 -15.8046 -0.377724 23.9592 -16.1413 -0.407576 1.68711
-4.14673 -0.618082 -5.23214 0.201966 -0.712746 -5.1166 0.310741 -0.476839 -5.97416 0.164947
-0.410672 -5.43643 0.138526 -0.505998 -5.35433 0.190444 -0.302043 24.8931 -15.4931 -0.23397
26.1374 -14.7532 -0.251567 25.7092 -15.0049 -0.240695 1.85398 -3.829 -0.274721 -5.5962
0.0579511 -0.339536 -5.52803 0.0636652 -0.234372 -6.36002 0.135423 -0.177246 -5.78713 0.0992879
-0.225793 -5.70091 0.0840352 -0.218401 26.5837 -14.4506 -0.163571 27.9653 -13.1912 -0.178909
27.4974 -13.7037 -0.138344 1.92331 -3.41051 -0.0975709 -5.99424 0.105267 -0.143466 -5.90992
0.102714 -0.0889698 -6.86039 0.21369 -0.0273224 -6.22877 0.153387 -0.0670076 -6.12704 0.136744
-0.149341 28.4311 -12.5505 -0.0787806 29.6216 -10.1153 -0.0940114 29.2641 -11.0457 -0.0452008
1.96334 -2.69694 0.0292462 -6.46149 0.113798 -0.0122224 -6.37698 0.137017 0.0248671 -7.40667
0.223238 0.0772177 -6.7024 0.175678 0.0581389 -6.60533 0.139761 -0.0783036 29.9791 -9.00198
0.00425325 30.6954 -5.25822 -0.0184595 30.5536 -6.57737 0.0194302 1.97022 -1.58431 0.0751476
-6.92513 0.0797809 0.0551713 -6.86684 0.142239 0.075072 -7.86995 0.152152 0.0877954 -7.08368
0.141541 0.100664 -7.04463 0.085794 -0.00942519 30.8309 -3.73926 -0.000689723 31.1046 0.840873
-0.0201768 31.0819 -0.566657 -0.0121463 1.95614 -0.186481 0.0252965 -7.22212 0.00847967 0.0336481
-7.20779 0.114002 0.00548207 -8.09397 -0.0241966 0.000523761 -7.24134 0.0487062 0.0282227 -7.28466
-0.038605 0.0143622 31.1091 2.24873 0.00740213 30.9089 7.06969 0.0109931 30.9894 5.46503
0.00891135 1.94678 1.44156 -0.0186966 -7.25665 0.0833238 -0.0314966 -7.29868 0.131202 -0.00334284
-8.07649 0.00670148 -0.0330907 -7.18072 -0.0230936 -0.00987556 -7.26798 -0.00342416 0.0232268 30.8205
8.56321 0.0677743 30.304 12.7016 0.0634109 30.499 11.3901 0.0478543 1.96797 2.95051
-0.0143866 -7.09478 -0.0228964 -0.0422105 -7.17636 0.00362187 0.0212838 -7.87935 -0.0667621 0.00709557
-6.96454 -0.0708239 0.0128205 -7.07858 -0.0709171 0.0795275 30.13 13.895 0.140676 29.5613
17.1803 0.122547 29.7657 16.112 0.114277 1.98714 4.23695 0.0413502 -6.83173 -0.0199909
0.0135562 -6.93092 -0.026688 0.0929935 -7.59055 -0.0292423 0.110843 -6.69117 -0.0627062 0.0779886
-6.80481 -0.0392655 0.170683 29.3435 18.1762 0.396919 28.2513 21.1326 0.295401 28.7618
20.1083 0.318806 1.9679 5.32902 0.254229 -6.53121 -0.0133764 0.165122 -6.64106 -0.036711
0.353727 -7.26406 0.0107952 0.437494 -6.3789 -0.0991527 0.354959 -6.49669 -0.00986412 0.606684
27.2371 22.2742 0.989944 20.3686 24.0533 0.931854 -0.021815 5.21665 0.884278 -6.07317
-0.223106 0.617825 -6.30922 -0.113843 0.852659 -6.56693 -1.57598 0.790902 -5.7487 -1.31326
-14.3882 8.3112 4.94368 -6.37899 7.22542 -14.9175 -0.289182 3.22988 25.38 -4.05041
3.69678 12.2858 14.9731 3.93968 70.3377 4.93956 -12.0023 82.7956 7.47151 7.05453
24.0851 1.76904 2.30325 -24.0634 -0.795487 -10.3325 -84.7749 -0.371053 6.13766 1.99269
-0.265292 1.60526e-28 1.81379 -0.389293 6.17731 1.80801 -0.311947 4.18628e-28 1.70122 -0.233862
6.24269 1.7298 -0.321535 7.07408e-28 1.55897 0.0131486 6.44573 1.5792 -0.26152 8.14104e-28
1.354 0.198601 6.99115 1.24846 -0.160619 5.61178e-28 1.04625 0.304557 8.10113 1.10517
-0.120179 1.1577e-28 0.779764 0.0402825 9.74206 1.28711 -0.237753 -4.00806e-28 0.694175 -0.81773
2.84255 2.17041 -0.953174 2.71436 2.66802 -0.880956 2.69138 1.36448 -0.81697 2.57885
1.68962 -0.512524 3.04139 1.74492 -0.913549 2.33917 1.46808 0.334197 4.87614 1.34132
0.788075 5.62565 0.868884 1.29203 7.05679 1.00507 -2.60497 6.11039 2.28173 -4.53505
4.90939 2.91043 2.94079 3.02409 13.8406 3.12856 3.29104 14.6009 2.76235 3.37286
13.2425 1.21374 1.88401 3.70643 1.76428 1.95466 4.71806 2.14698 2.26256 8.34158
0.492833 3.4395 0.365448 1.7201 2.22966 3.03735 0.587096 2.26513 2.24303 1.40215
4.14714 -0.00203582 -0.947166 5.19363 0.638643 -4.34365 5.00403 2.89806 -4.24759 5.57823
5.12928 -2.59558 6.15463 0.634275 -5.46942 4.00403 4.28013 3.56596 0.26833 8.68863
1.70741 -1.48617 4.2893 1.47237 -9.51593 -7.62836 3.77079 -3.6074 2.74814 0.732827
2.3767 -0.7149 -1.94095 1.74824 0.0191208 0.247068 1.67339 2.67588 1.95817 2.74712
-0.517699 -2.11124 5.00732 0.453603 -1.28263 4.91623 0.160187 -3.23614 5.98428 0.659856
-3.27096 1.3847 19.8513 -2.89355 6.70573 4.53435 -1.5823 -1.91193 -1.81888 -1.7591
-1.60737 -1.84743 -1.09035 -9.50982 -1.0375 -0.996783 -9.77121 -2.75064 1.11648 2.12023
-1.38175 -2.6753 2.6431 -2.40347 -3.0146 2.10844 -1.74147 2.13484 2.1511 -0.857789
-0.951234 5.01596 0.220453 -0.244912 4.6867 -0.0125592 -2.36053 6.07949 0.852411 -1.51788
6.05614 0.783021 -2.05287 -34.7184 71.7015 -1.22186 -36.3144 63.515 -1.43323 -3.71316
17.6939 -2.14791 -3.04448 19.5832 -2.11421 -0.607632 -1.69352 -1.87528 -0.287922 -1.92508
-1.25173 -7.50431 4.23009 -1.37398 -8.62099 3.28502 1.47225 2.48632 -1.36431 -0.887493
2.27572 -3.16968 -2.13837 2.72933 -3.17098 1.96536 2.18111 -0.980484 -0.153076 4.73696
-0.0556054 0.11952 4.31325 -0.275335 -0.884866 5.94003 0.571005 -0.478454 5.73832 0.462779
-0.180947 -3.28525 11.2425 -0.326748 -3.44559 12.4535 -0.271322 -33.2285 44.4687 -0.163526
-32.1566 40.1538 -0.281791 -0.441525 -7.13492 -0.905314 0.403379 -10.7483 -1.3489 -2.78083
-7.03965 -0.364995 -5.18124 7.24863 1.07549 3.16289 -1.07558 -0.185513 2.7337 -1.74013
-0.360336 2.11606 -2.9927 1.28878 2.45328 -0.936255 -0.0474776 4.24111 -0.385283 -0.112637
3.66443 -0.639479 -0.283981 5.52682 0.323318 -0.223834 5.23939 0.198763 0.0625955 -2.5871
7.69372 0.0282063 -2.75484 8.46795 -0.00749429 -29.6565 29.8153 0.0203415 -28.9352 26.8177
0.42333 1.6836 -3.20691 0.239687 1.59903 -2.59265 -0.928361 1.6936 -0.416541 -0.681468
1.62645 -0.473434 0.485981 1.77003 -3.47674 -0.916897 2.2603 -1.54393 -0.790911 2.10861
-1.79103 -0.830537 2.93559 -0.395102 -0.993098 2.24237 -0.37043 -0.543673 1.95864 -1.45032
0.171539 3.4837 -0.848756 -0.730038 3.28417 -0.604782 -0.589456 2.91627 -0.583143 0.266557
2.597 -0.837016 -0.444211 3.22813 -0.850243 -0.61363 2.20867 -0.918333 -0.289644 4.85914
0.00997194 -0.402214 4.30219 -0.210984 0.0598756 -1.82067 5.00585 0.084131 -2.02318 5.62865
0.0340533 -26.5334 18.4322 0.00730432 -25.5848 15.7684 -2.78576 2.78566 -0.87997 -3.00943
2.82305 -0.82969 -1.183 2.31287 0.256667 -1.33983 2.53296 0.109633 -2.56503 2.45175
-1.02892 -2.80817 2.49764 -1.00681 -1.49066 2.42063 0.00179682 -1.28733 2.98658 -0.201208
-2.35661 2.06819 -1.08066 -2.58388 2.14233 -1.08222 -1.09487 3.15835 -0.344953 -2.19225
1.54416 -1.02203 -2.40308 1.69668 -1.08935 -1.69753 1.30906 -0.457883 -2.23064 1.04754
-0.884309 -1.10189 1.26873 -1.18789 -1.43452 0.640558 -0.728588 -0.560188 3.43045 -0.410957
-0.911636 2.40331 -0.966535 -0.19742 -0.9541 2.52043 -0.108547 -1.17754 3.10483 -0.157704
-22.0844 8.33256 -0.235532 -20.887 6.16511 -3.03896 1.98973 -0.900691 -3.05755 2.10484
-0.864252 -3.11305 2.23975 -0.840674 -2.86048 1.53456 -0.963984 -2.88713 1.6374 -0.963469
-2.95796 1.76331 -0.968056 -2.69074 1.04485 -0.925171 -2.70827 1.16663 -0.949479 -2.7748
1.30066 -0.967139 -2.89634 0.459663 -0.742954 -2.76778 0.852202 -0.746704 -1.49641 0.148592
0.964615 -0.655158 -0.0954674 2.5966 -0.277004 -0.0788603 2.22963 -0.78066 -0.906268 5.26316
-2.53617 0.623929 -0.31425 -1.27056 0.818769 -1.00396 -1.24362 -0.203881 0.825377 0.113694
-0.636026 -2.06608 0.398874 -0.560091 -0.825714 0.55257 -14.0645 -0.450627 0.332256 -10.1909
-6.53526 2.15195 2.12758 13.8019 18.3246 1.96258 52.6356 18.4625 2.11908 51.783
2.14357 2.27642 13.5654 2.07544 1.60546 13.979 17.8695 1.39183 54.1133 17.9741
1.52528 54.0235 2.04853 1.74038 13.8624 2.0687 1.12656 13.6865 17.4853 0.910587
53.0247 17.5757 1.0244 53.4679 2.03037 1.25245 13.6708 4.82431 0.3715 19.5062
16.0978 0.331371 48.5032 17.0203 0.562711 50.7859 3.04693 0.613855 15.4546 0.267595
-0.049489 3.81896 3.32267 0.61827 8.15563 1.54689 0.0433453 10.2269 -0.732893 -0.0831942
2.40811 -0.340904 0.189824 2.39508 -0.102287 -0.166696 2.84422 -0.445487 -0.722492 -6.52686
-0.430884 -0.658802 -5.41553 -0.389039 -8.09761 -25.58 -0.44802 -8.32317 -30.1391 0.654023
1.23473 6.19735 0.561383 0.871337 5.11716 0.689601 -0.177235 3.98836 0.297156 -0.451404
4.40707 -0.072921 0.349708 2.49479 -0.299099 0.556025 2.07677 -0.299502 0.879572 1.70891
-0.131318 0.80843 2.01093 -0.446463 -1.11232 -9.11034 -0.452406 -0.999804 -8.65201 -0.488689
-9.42714 -37.9278 -0.489175 -9.82824 -39.3039 0.109865 0.938936 2.64928 0.0481795 1.10352
2.3037 0.308761 -0.706694 5.04818 0.367892 -0.676552 4.59647 -0.0870751 1.19256 1.62594
-0.258717 1.17732 1.39616 -0.175059 1.45586 1.12412 0.0268426 1.51456 1.29257 -0.372422
-1.56339 -10.2404 -0.400666 -1.44671 -9.999 -0.450204 -11.089 -41.8386 -0.421552 -11.5393
-42.4436 0.122364 1.37886 1.61754 0.189979 1.4507 1.41998 0.312352 -0.72141 6.69412
0.274531 -0.752492 6.35314 0.197219 1.80433 1.00369 -0.0476462 1.72797 0.876131 0.138899
2.02156 0.61516 0.446212 2.10383 0.714531 -0.190281 -2.08949 -11.2523 -0.245897 -1.94058
-10.9631 -0.291271 -13.0903 -44.318 -0.235231 -13.7338 -45.1223 0.283481 -0.0116065 5.53659
0.399591 1.7792 -0.0653632 0.562787 1.91286 -0.152787 1.42904 3.18513 -0.200902 0.57166
2.96428 -0.874014 0.0146139 1.09848 2.14346 0.822288 2.53843 0.276325 0.442406 2.43355
0.254676 0.956422 3.17618 -0.280232 1.42465 3.37514 -0.333308 0.0998591 -2.96508 -13.2207
0.0146076 -2.69383 -12.5507 -0.0383196 -16.5479 -48.9428 0.0373651 -17.9849 -51.0374 0.169534
6.45168 -0.298202 0.760177 3.59505 -4.27738 0.811202 3.7442 -3.34941 -0.156944 6.42805
-0.0712953 0.91929 3.57917 -3.11877 0.932179 3.88579 -2.45133 -0.614726 6.276 0.18611
1.06729 3.81969 -2.34137 1.13707 3.99255 -1.55477 -1.46059 6.088 0.387532 1.41688
3.95584 -0.954826 1.26806 4.4772 -0.116376 -2.90141 5.92993 0.215164 1.39947 4.90329
-0.322581 0.807497 4.54821 -0.424659 1.25208 5.4771 -0.86469 -0.502294 6.11157 -0.730209
0.848571 4.05865 -0.346631 1.35638 4.49416 -0.680899 1.53842 4.38786 -0.793413 2.17552
5.42903 -1.1359 0.983379 -3.63995 -19.1279 0.578898 -3.66576 -17.0423 0.396447 -24.6273
-62.9728 0.743128 -27.1148 -70.126 -0.684895 6.92438 0.542415 -1.14279 6.96095 0.624386
-1.6895 6.89176 0.660762 -2.4967 6.91203 0.65712 -3.66929 7.17317 0.519602 -4.95147
7.90869 -0.233357 2.58093 5.26829 -7.26683 0.108148 6.75822 -3.1467 1.05131 6.18755
-1.22748 2.57665 5.85305 -4.53356 3.16744 0.400468 -22.5306 -4.20439 3.8194 1.72997
-4.68871 3.68119 1.96699 -4.0259 3.88092 1.30496 -4.29613 3.60567 1.55634 -3.96981
3.56713 1.02729 -4.16945 3.50241 1.15591 -3.46054 3.13624 0.894161 -3.96364 3.00094
0.962794 -3.16971 4.56317 0.852526 -2.93238 2.79495 0.752406 -5.28105 8.58366 0.489228
-5.29702 9.53153 -0.8817 -5.18335 3.20522 2.02796 -5.38554 3.07054 2.50484 -4.98463
2.9566 1.29479 -5.06026 3.18705 1.5966 -4.75207 2.06404 0.992384 -4.93427 2.54999
1.08876 -3.53935 1.42291 0.698927 -4.23689 1.65048 0.832575 -5.65916 8.24741 1.85035
-3.70036 2.22791 3.06394 -3.52776 2.66683 0.926631 -5.56073 9.21027 0.525777 -5.09288
3.99861 6.89401 -5.31221 4.17615 6.10924 3.47781 4.51509 15.9949 3.43841 4.60061
16.4123 -5.55749 3.60808 3.42567 -5.5828 3.33849 2.95752 2.99787 3.16779 17.1215
3.07236 3.50638 16.5757 -5.70084 2.34803 1.9432 -5.79339 1.92201 1.81372 2.74139
1.7373 20.9271 2.83842 2.14479 19.7026 -5.52669 0.856511 0.991065 -5.23556 0.7429
0.900718 -2.1737 0.0159334 12.6334 0.598868 0.349422 23.3855 -5.09675 6.44625 4.15748
-0.501967 2.07856 14.6714 -2.11198 1.76689 9.17006 -5.21277 7.66182 1.89232 -2.82818
3.37798 5.67072 0.304695 0.670528 9.03353 0.526724 1.1029 15.1626 -3.75086 5.27403
2.93888 -0.00274189 0.944198 2.67184 1.2009 0.537931 1.76395 1.02875 0.247809 5.01609
-1.30651 3.01342 2.28247 1.29545 3.22096 -2.98777 -0.79038 1.34298 -10.8984 0.459971
0.570979 -3.81564 0.736681 4.05626 -1.25306 0.749477 8.41483 -4.28015 1.96265 4.9191
-5.59092 -0.268259 3.09101 -12.8846 0.732412 8.13365 -3.34244 5.62153 3.78109 -7.28514
5.63654 3.86593 -6.25373 3.69011 3.39415 -1.61487 3.7031 3.30517 -1.94673 5.53642
3.67295 -7.73298 5.36796 3.86498 -4.51026 5.20962 3.85588 -3.80913 3.53096 3.51184
-1.0041 3.64151 3.46449 -1.28863 5.48186 3.88979 -4.8764 4.75276 3.77338 -2.89012
4.5589 3.77976 -2.4807 3.16992 3.61344 -0.622435 3.36768 3.55887 -0.780445 4.8978
3.8133 -3.04154 3.95957 4.12031 -2.76332 3.48418 4.00173 -4.20397 2.80494 3.68705
-0.488383 2.97367 3.66091 -0.504859 4.12832 3.93794 -1.92428 0.217196 0 -2.9029
1.40553 0 -0.659824 2.27559 5.02833 -0.973999 0.136054 0 -2.9326 3.13196
1.7615 7.5196 5.6011 1.92813 21.2774 3.08513 1.68626 8.28385 2.69257 2.00675
5.94778 -2.29766 7.55211 2.63487 -2.80801 -1.40441 22.4794 -2.26043 7.55142 1.69941
-0.755653 1.84873 -5.43419 -0.562515 1.43181 -8.64879 -0.504763 1.41708 -9.06552 -0.686491
2.34675 -7.20386 -0.913171 2.30588 -3.93007 -0.640491 2.10741 -3.61921 8.54156 2.93353
35.6772 0.967659 -0.572205 11.7865 -0.177527 -5.98196 -4.05359 1.69636 -5.31726 -6.71448
1.56709 -1.07923 3.50565 -5.25858 0.0633315 -0.362484 0.144451 -4.12246 16.2354 -3.75424
5.63756 -16.4624 -3.94397 5.46805 -14.8214 -3.374 4.76645 -9.75092 -1.54196 3.46224
-3.95127 2.8004 4.21583 17.002 -4.69596 3.63328 8.24454 0.268084 1.6058 19.6264
-3.33444 -0.172779 5.23771 -4.43325 0.644556 1.7376 2.4702 1.43257 5.49995 3.47849
3.55236 23.9825 5.41611 3.48805 -8.6965 -2.09099 3.68703 -27.041 -2.61471 3.96728
-27.5462 -1.54137 2.09862 -19.8517 -2.73909 0.288785 -15.0798 -1.31865 -0.622907 0.151502
1.19724 3.75794 -27.2029 1.7888 3.748 -16.5941 1.78138 3.60653 -10.5161 2.94703
3.63635 13.2051 2.6119 3.70283 11.6738 3.11602 2.80231 14.1977 -0.184961 1.06531
3.36741 2.07562 1.2715 7.95166 -1.21826 -2.16782 -1.61925 -0.779525 -10.1667 -5.76046
-2.35917 0.978771 -0.86654 -1.7479 0.766861 0.390569 -3.01659 1.64798 -2.0819 -2.679
1.2425 -1.7687 -2.10477 -0.930715 -1.66928 -1.35568 -9.20451 1.71674 -3.15674 2.24117
-3.00109 -3.14837 1.9906 -2.48051 -0.708493 -35.6122 55.8741 -0.44284 -34.4279 49.5881
-0.561136 -3.60851 13.88 -0.895374 -3.71056 15.5904 -1.96948 1.89509 -5.04202 -2.7351
2.30166 -3.66608 -0.232386 -0.286467 -4.04858 0.227873 -5.16584 7.32223 -0.98732 1.51086
-7.10043 -0.0918366 -31.2233 36.3911 -0.043866 -30.4049 32.9791 -0.0189337 -2.93033 9.29537
-0.083339 -3.10111 10.2147 0.596338 1.87967 -3.99499 0.0301559 2.8806 -11.0714 -0.050993
2.75868 -11.0656 -0.130925 2.56131 -11.1294 0.0921594 1.57555 -2.03639 -0.179697 2.1899
-11.0857 -0.973751 1.88046 -8.81134 -1.18491 1.30448 -32.7336 0.0397369 -28.1918 23.9397
0.0470324 -27.3989 21.1542 0.096593 -2.22634 6.28262 0.0867703 -2.40792 6.97302 -0.452075
1.58118 -0.517655 0.612604 1.9176 -4.11342 -0.0279467 -24.532 13.182 -0.0678429 -23.3528
10.7256 -0.0160389 -1.40585 3.76479 0.0273155 -1.61083 4.389 -0.27043 -19.48 3.88509
0.0681771 -17.8132 2.17238 0.0634327 -0.531228 0.793382 -0.214397 -0.732842 1.86274 -3.11905
2.36143 -0.754432 -3.15847 2.50199 -0.701472 2.2289 2.4103 13.5446 -3.39762 2.4756
-0.31929 -3.38698 2.35298 -0.443424 -2.9821 1.85854 -0.910391 -3.37239 2.21999 -0.52763
2.10928 1.85775 13.9587 -3.31929 1.97475 -0.639646 -3.29526 1.86728 -0.691785 -2.79991
1.40324 -0.937021 -3.26372 1.74588 -0.711987 2.06962 1.36312 13.8796 -3.18408 1.50996
-0.719561 -3.14696 1.39046 -0.721934 -2.64449 0.95564 -0.800133 -3.1102 1.26762 -0.70617
2.04714 0.81307 13.3544 -3.04326 0.956065 -0.640327 -3.05182 0.796115 -0.587501 3.42466
0.14097 17.4149 -0.115291 -8.82777 -13.6338 -0.284515 -8.21252 -19.9359 -0.388094 -0.623438
-4.30935 -0.293207 -0.626469 -3.09722 18.6411 2.28083 50.7782 18.0843 1.66499 53.7509
17.6712 1.14191 53.8112 17.2818 0.691224 51.8227 14.0545 0.107709 45.697 0.217107
0.641913 3.96425 -0.470283 -8.66784 -33.5556 -0.484011 -9.04275 -36.0747 -0.455377 -0.892821
-8.11128 -0.450878 -0.797113 -7.38497 0.287568 -4.92059 -4.10166 0.143495 -6.13299 8.55995
0.243386 -5.74225 4.527 0.495995 -0.598827 4.03018 -0.103674 0.532496 2.99662 -0.00688383
0.500862 3.39226 0.208101 0.854961 3.22058 -0.294365 0.806979 2.12072 -0.299511 0.682047
2.53755 -0.484097 -10.237 -40.3459 -0.471081 -10.6557 -41.16 -0.422191 -1.3347 -9.74789
-0.437116 -1.2218 -9.44781 0.126827 -6.57812 11.2269 0.108019 -7.34637 18.4123 0.102474
-7.2122 16.3539 0.266928 -0.755932 6.0097 -0.235077 1.0471 1.61699 -0.326326 0.9173
1.84763 0.0738796 1.31356 1.81971 -0.0881688 1.24909 1.25588 -0.207234 1.12623 1.44001
-0.385144 -12.0141 -43.0263 -0.341468 -12.5251 -43.6352 -0.294896 -1.80641 -10.7058 -0.337062
-1.68071 -10.4677 0.135303 -7.28208 20.1122 0.299953 -5.61483 20.5677 0.444554 -0.269132
6.23453 0.166871 1.41968 0.876572 -0.0278866 1.30896 1.09372 0.403477 1.53635 0.510621
0.304695 1.48897 0.26648 -0.17414 -14.4905 -46.1074 -0.108354 -15.4067 -47.3453 -0.0602962
-2.45663 -12.0099 -0.128313 -2.26024 -11.599 -2.08737 4.8911 -13.3136 -2.25549 5.38592
-14.759 -1.97797 5.55156 -14.8822 -2.06426 6.07697 -16.3452 -1.75162 6.27697 -16.2259
-1.79178 7.01747 -17.7449 -1.50396 7.35465 -17.4408 -1.70571 8.32319 -19.0857 -1.77807
8.51259 -18.6309 -2.4726 9.05458 -20.2684 -2.73211 8.23715 -19.3307 -3.55798 7.68535
-20.5048 -3.5103 6.62227 -18.8714 -4.0557 6.2122 -19.2049 -10.8876 6.1325 -40.0837
-10.8729 5.72009 -34.0596 -10.8815 4.88078 -22.7043 0.120323 -19.8017 -53.8476 0.231127
-22.0401 -57.6694 0.355347 -3.53394 -15.3701 0.199003 -3.25231 -14.1611 2.55958 -25.6147
-89.601 2.34609 -1.75983 -24.3646 -5.8863 3.18528 2.49553 -4.8859 2.82739 8.04702
-2.38878 2.32976 15.6138 -5.78934 2.78086 8.20909 1.84563 2.66476 19.3835 18.2801
2.73965 44.3329 7.20595 -13.4181 62.7847 3.18702 3.85362 16.1558 -5.53635 3.8905
4.21985 2.91092 2.50163 18.6674 -5.64468 2.70374 2.20159 1.88105 0.719618 23.2858
-5.78228 1.08958 1.46894 0.733974 1.06953 -11.9829 0.957475 1.29832 -7.24442 0.777369
1.6125 -11.8844 0.657308 0.955668 -15.6119 1.29966 2.74799 -7.54889 1.05423 2.54997
-10.7652 0.215458 2.6123 -4.21683 1.07349 2.96747 -6.78373 -0.210188 0.529046 1.94661
-0.272838 2.1611 -2.40669 -0.568006 -0.919525 6.17237 -2.71662 4.08507 -28.2569 5.59405
3.88273 -5.77409 -2.24 4.13536 -29.7284 -1.85874 4.09462 -30.448 -1.46869 4.03854
-31.0983 5.07559 3.82015 -3.57125 -0.64645 3.90625 -31.9835 -0.266157 3.84416 -32.1726
0.0760745 3.78485 -32.1652 4.36749 3.79367 -2.30356 0.72257 3.66788 -30.1032 -2.67551
-1.21404 2.2582 -1.17309 -3.31246 26.281 -5.07431 2.35379 -63.2284 3.70252 3.39475
-1.95327 5.59228 3.50591 -8.53777 2.28068 0 -0.90714 2.25409 0 -0.918243
2.29169 0 -0.752456 2.28557 0 -0.602279 2.24162 0 -0.478884 2.16027
0 -0.390992 2.05278 0 -0.333277 1.94503 0 -0.288706 1.82228 0
-0.0584274 -3.31855 -29.2747 81.866 4.18464 0.996383 4.39769 25.2104 5.00097 35.3744
21.2692 4.68233 33.8189 2.89701 -0.041882 -29.4073 4.16452 6.61597 12.9583 10.3007
6.26411 72.2751 -22.2579 3.94764 -72.3907 -24.5941 4.31449 -75.4821 -1.00244 3.21107
-28.172 -19.5119 3.11027 -79.4393 -7.52227 3.63544 -100.082 -1.16268 -5.06378 0.631346
-0.9763 0.54071 -4.05792 -0.578372 -5.86925 0.170635 -0.484882 1.54372 -4.19148 -0.28154
-6.25454 0.102369 -0.274798 1.76919 -3.88447 -0.121112 -6.72474 0.183939 -0.163548 1.84645
-3.50612 -0.00631607 -7.27292 0.192426 -0.0746319 1.89073 -2.90047 0.0418061 -7.7857 0.126727
-0.0190511 1.88895 -1.9132 0.00484506 -8.08753 0.0101515 -0.016699 1.85016 -0.552618 0.00376457
-8.10891 0.0947117 0.0207206 1.86992 1.0805 0.000340828 -7.94216 -0.0350121 0.0319273 1.89623
2.57964 0.0603695 -7.65993 -0.0307772 0.0886816 1.91413 3.90083 0.257897 -7.33671 -0.0038035
0.238122 1.92782 5.00872 0.952805 -6.95631 -0.157932 0.892581 0.941046 5.79404 -0.870895
17.7533 -17.8174 -0.437619 23.3468 -16.5066 -0.275025 25.2994 -15.2325 -0.199201 27.0371
-14.1053 -0.124811 28.8697 -11.8305 -0.0606923 30.3144 -7.79359 -0.0281125 30.9858 -2.11108
0.0204128 31.0708 3.80382 0.0493249 30.6861 9.99204 0.101978 29.9559 15.0124 0.222495
29.0868 19.125 0.892651 24.6085 22.7768 -0.327796 -2.05207 -0.079937 -0.372483 -10.3396
-7.73008 -1.95298 -1.28569 -1.67737 -1.23104 -9.49896 0.650476 -1.68358 7.46369 1.74511
-1.15743 7.22447 1.51578 -0.734119 7.05116 1.41011 -0.458349 6.81661 1.26087 -1.16948
-0.197463 -2.39305 -0.698614 -5.84334 7.18146 -0.24109 6.69376 1.14254 -0.125343 6.56518
1.05658 -0.0194179 6.52669 1.01048 0.0287914 6.43969 0.975383 0.0818261 6.42924 0.974622
0.0987508 6.33341 0.970331 0.121195 6.31672 1.00716 0.0949356 6.19814 1.00195 0.0822798
6.16317 1.07307 0.0398018 5.97824 1.04542 0.00663475 5.88941 1.07186 -0.107048 5.63749
0.91023 -0.199281 5.56686 0.912163 -0.254875 5.16606 0.6074 -0.0838771 4.85154 -0.200212
-0.0295141 3.22187 -1.22046 -0.279633 1.82024 -0.699925 -0.589 1.36197 0.561928 -0.556064
1.3341 1.32407 -0.512695 1.23788 1.78996 2.08907 2.00025 13.7804 18.2011 1.8111
53.2926 2.03425 1.49277 13.8245 17.7695 1.26434 54.0382 2.03151 1.01032 13.438
17.3914 0.799366 52.4822 -0.442865 1.36144 1.8366 -0.421275 1.37328 1.8613 -0.410389
1.50715 1.72633 -0.396712 1.49335 1.63578 0.455983 0.702035 3.94713 0.698464 -0.537825
3.84221 -0.390241 1.58726 1.47423 -0.373879 1.58151 1.37839 -0.361686 1.65676 1.23653
-0.336489 1.66275 1.13759 0.0537334 1.2064 2.04317 0.271629 -0.733948 5.52725 -0.312541
1.72735 1.00998 -0.274493 1.74601 0.908005 -0.237094 1.80576 0.789468 -0.184172 1.84011
0.679664 0.321106 1.46516 1.18366 0.377604 -0.622842 6.69429 -0.131981 1.90303 0.562595
-0.0605786 1.96246 0.429572 0.00739002 2.04615 0.297537 0.108071 2.16925 0.0974854 -3.18739
6.23457 -26.0011 -3.25007 6.66364 -28.6929 -3.23464 7.15984 -31.172 -3.07097 8.51096
-35.9986 -3.38482 9.31425 -38.3786 -4.19078 10.0011 -40.6094 -7.03485 9.68498 -44.3085
-8.625 8.58394 -45.0928 -9.82847 7.53995 -44.6618 0.203064 2.33042 -0.0908469 0.368865
2.66962 -0.420835 0.56734 3.09403 -0.736299 0.881723 3.88514 -1.13587 1.29687 4.72255
-1.45368 1.83429 5.55662 -1.499 2.17421 6.12862 -2.41107 1.32922 -27.8687 -77.9335
1.53694 -3.02746 -20.957 -5.46996 4.05445 4.92612 -5.59803 3.03555 2.4668 -5.81786
1.52466 1.59607 3.34124 4.20513 15.9472 26.8795 4.70927 38.1587 27.5004 4.20784
42.0015 2.94388 2.83909 17.8233 27.5886 3.00212 55.2027 27.6033 3.36363 50.7446
27.5872 2.66427 59.7227 2.48791 1.26006 22.2942 27.4493 1.61431 74.9272 27.5878
1.99935 69.393 26.7741 1.11029 81.0535 19.6196 0.016252 91.0219 0.783421 0.490962
-42.8014 0.543056 1.53599 -52.3806 1.06249 4.41217 -32.4073 0.718996 3.81083 -39.2833
1.28579 3.87078 -25.326 -0.545516 -0.732242 -6.90559 -0.110902 0.549684 -10.6631 -0.298835
-2.2501 3.76866 6.20159 3.71168 29.0087 6.1403 3.90927 26.4806 6.09867 4.10779
23.6764 6.36048 3.52397 31.0756 6.63758 3.30432 32.0365 6.83858 2.99103 31.6622
-1.71716 3.73707 -27.4751 -1.97998 3.60074 -28.9813 0.106723 2.94766 -11.1984 -1.4313
3.78922 -26.5876 -2.17051 3.34321 -31.0843 -0.191028 2.30561 -11.0513 -2.09228 2.95302
-33.3033 -1.54009 2.79785 -36.6886 2.24756 2.5664 13.3169 -3.40255 2.61818 -0.178134
-3.34448 2.10028 -0.588627 -3.22082 1.63136 -0.71924 -3.06945 1.12764 -0.681351 18.8997
2.44659 49.696 0.383246 -5.39361 1.69513 0.100501 -6.94345 13.955 0.176901 -6.89213
20.8947 -3.02907 5.8249 -23.0639 -2.79081 5.36222 -19.9452 -3.11065 7.77429 -33.5643
-5.45838 10.2149 -42.6508 -10.5042 6.75125 -43.2355 27.6081 3.75748 46.3077 27.598
2.3361 64.3944 24.4351 0.458788 86.5945 0.595293 2.57324 -46.3178 0.957822 2.4258
-18.436 -0.493027 -3.46471 18.6634 -25.4503 4.41455 -81.2573 -2.5344 4.13753 -28.9928
-25.1422 4.43992 -87.0993 -24.074 4.41087 -92.8562 -22.5659 4.33559 -98.2475 -20.8273
4.23961 -102.993 -1.05598 3.97155 -31.6009 -18.9473 4.13445 -106.929 -17.0027 4.03184
-109.978 -15.1057 3.93775 -112.069 -13.3595 3.84881 -113.073 0.367355 3.71891 -31.7311
-11.7236 3.74066 -112.44 -9.82917 3.60974 -108.132 2.81967 3.98554 11.277 0.687406
2.00565 -4.5805 -3.14775 2.63626 -0.608128 2.38906 2.69917 13.3534 19.2626 2.60878
48.551 19.6044 2.75181 47.0014 2.48243 2.82777 13.1675 -1.27604 -33.3176 52.3136
-0.493897 -35.0983 45.694 0.337554 -35.0593 29.0358 0.406685 -35.6006 23.5161 0.629999
-38.8693 5.46403 0.944759 -39.8636 -0.757131 4.03657 -35.6987 -29.8495 3.93257 -28.2684
-53.1106 6.55291 4.30124 -9.05985 -1.96531 -28.8488 62.382 3.84731 4.26988 -20.0446
0.291668 2.91332 -11.7537 0.194835 2.9661 -11.4285 -3.38949 2.85826 0.210162 -3.4109
2.74097 -0.00324586 -2.29939 4.54034 -12.8928 0.230075 -34.8244 34.3446 0.441136 -37.4817
11.7055 2.73976 -41.3001 -17.678 -7.10442 -11.6135 -78.1659 -2.54368 4.78978 -16.7645
0.0208235 -34.9163 39.7742 0.433808 -36.3828 17.7148 1.25418 -41.0173 -8.74803 5.99778
4.54908 17.6258 6.04165 4.31386 20.6301 -0.724749 3.63186 -26.5267 -1.106 3.76682
-26.2907 
