# vtk DataFile Version 2.0
sampleSurface
ASCII
DATASET POLYDATA
POINTS 3615 float
0.0400319 0.04 0.0242 -0 0.04 0.0242 -0 0 0.0242 0.0400319 -0
0.0242 0.0800638 0.04 0.0242 0.0800638 -0 0.0242 0.120095 0.0399999 0.0242
0.120095 0 0.0242 0.160127 0.0399999 0.0242 0.160127 0 0.0242 0.200157
0.0399996 0.0242 0.200157 8.40779e-45 0.0242 0.240186 0.039999 0.0242 0.240185 1.16308e-42
0.0242 0.28021 0.0399974 0.0242 0.280209 -1.03933e-40 0.0242 0.320227 0.0399937 0.0242
0.320225 -3.26677e-38 0.0242 0.360232 0.039985 0.0242 0.360228 -1.51465e-36 0.0242 0.400214
0.0399662 0.0242 0.400208 3.14499e-35 0.0242 0.440161 0.0399265 0.0242 0.440155 2.01522e-33
0.0242 0.480058 0.0398474 0.0242 0.480054 2.18105e-33 0.0242 0.519889 0.0397017 0.0242
0.519896 -3.15557e-31 0.0242 0.559643 0.0394609 0.0242 0.559676 -1.43307e-31 0.0242 0.599328
0.0391341 0.0242 0.599402 4.61294e-30 0.0242 0.638945 0.0387779 0.0242 0.639114 -8.60561e-31
0.0242 0.678551 0.0188156 0.0242 0.678268 0.0380775 0.0242 0.658666 0.038424 0.0242
0.678838 -2.20963e-32 0.0242 0.698491 0.0185564 0.0242 0.698885 -2.26036e-32 0.0242 0.719221
-2.93087e-34 0.0242 0.739713 -3.00323e-35 0.0242 0.739714 0.0190619 0.0242 0.718982 0.0187173
0.0242 0.760106 4.61617e-36 0.0242 0.780338 4.16659e-36 0.0242 0.780393 0.0192252 0.0242
0.760183 0.0192082 0.0242 0.800455 1.37261e-36 0.0242 0.820527 2.58166e-37 0.0242 0.820494
0.0190172 0.0242 0.800454 0.0191502 0.0242 0.0400319 0.08 0.0242 -0 0.08
0.0242 0.0800638 0.08 0.0242 0.120096 0.0799999 0.0242 0.160127 0.0799997 0.0242
0.200158 0.0799993 0.0242 0.240186 0.0799982 0.0242 0.280212 0.0799956 0.0242 0.320231
0.0799892 0.0242 0.360237 0.0799748 0.0242 0.400224 0.0799432 0.0242 0.440176 0.0798772
0.0242 0.480077 0.0797452 0.0242 0.519903 0.0794961 0.0242 0.559626 0.0790611 0.0242
0.599187 0.0783056 0.0242 0.638902 0.0583388 0.0242 0.638909 0.0778669 0.0242 0.618991
0.0779111 0.0242 0.658757 0.0583142 0.0242 0.697484 0.0369734 0.0242 0.696974 0.0463849
0.0242 0.696759 0.0561834 0.0242 0.687742 0.057331 0.0242 0.67824 0.0579282 0.0242
0.718508 0.0376953 0.0242 0.729284 0.0382727 0.0242 0.72941 0.0484267 0.0242 0.718476
0.0476384 0.0242 0.770487 0.0388039 0.0242 0.770541 0.0487915 0.0242 0.76047 0.048787
0.0242 0.760385 0.0388032 0.0242 0.810362 0.0383824 0.0242 0.810283 0.0484669 0.0242
0.800413 0.0486942 0.0242 0.800428 0.0386401 0.0242 0.040032 0.12 0.0242 -0
0.12 0.0242 0.0800639 0.12 0.0242 0.120096 0.12 0.0242 0.160127 0.12
0.0242 0.200158 0.119999 0.0242 0.240188 0.119998 0.0242 0.280214 0.119995 0.0242
0.320236 0.119987 0.0242 0.360247 0.119971 0.0242 0.400243 0.119937 0.0242 0.440213
0.119866 0.0242 0.480144 0.119727 0.0242 0.520014 0.119462 0.0242 0.559786 0.118972
0.0242 0.599133 0.0979718 0.0242 0.599362 0.118041 0.0242 0.618871 0.0974824 0.0242
0.659163 0.0783257 0.0242 0.65959 0.0982585 0.0242 0.64911 0.0976042 0.0242 0.638508
0.0968852 0.0242 0.689074 0.0787774 0.0242 0.689489 0.0892216 0.0242 0.679537 0.0890123
0.0242 0.679097 0.078721 0.0242 0.040032 0.16 0.0242 -0 0.16 0.0242
0.0800639 0.16 0.0242 0.120096 0.16 0.0242 0.160127 0.16 0.0242 0.200159
0.159999 0.0242 0.240189 0.159998 0.0242 0.280217 0.159995 0.0242 0.320242 0.159989
0.0242 0.360262 0.159975 0.0242 0.400272 0.159947 0.0242 0.440271 0.159893 0.0242
0.480259 0.159799 0.0242 0.520249 0.159655 0.0242 0.560287 0.159483 0.0242 0.600067
0.138733 0.0242 0.600511 0.15941 0.0242 0.618812 0.117009 0.0242 0.619624 0.127806
0.0242 0.620285 0.138595 0.0242 0.040032 0.2 0.0242 -0 0.2 0.0242
0.080064 0.2 0.0242 0.120096 0.2 0.0242 0.160128 0.2 0.0242 0.200159
0.199999 0.0242 0.24019 0.199998 0.0242 0.280221 0.199996 0.0242 0.32025 0.199991
0.0242 0.360277 0.199982 0.0242 0.400302 0.199963 0.0242 0.440328 0.199931 0.0242
0.480363 0.199884 0.0242 0.520425 0.19983 0.0242 0.560548 0.19981 0.0242 0.60072
0.179765 0.0242 0.600782 0.199906 0.0242 0.620777 0.159551 0.0242 0.62085 0.169779
0.0242 0.620872 0.179892 0.0242 0.040032 0.24 0.0242 -0 0.24 0.0242
0.080064 0.24 0.0242 0.120096 0.24 0.0242 0.160128 0.24 0.0242 0.20016
0.24 0.0242 0.240192 0.239999 0.0242 0.280224 0.239997 0.0242 0.320256 0.239994
0.0242 0.36029 0.239988 0.0242 0.400326 0.239978 0.0242 0.44037 0.239962 0.0242
0.480431 0.239942 0.0242 0.52052 0.239926 0.0242 0.560652 0.239935 0.0242 0.600824
0.219967 0.0242 0.600827 0.239984 0.0242 0.62089 0.199976 0.0242 0.620897 0.20999
0.0242 0.620897 0.219995 0.0242 0.040032 0.28 0.0242 -0 0.28 0.0242
0.080064 0.28 0.0242 0.120096 0.28 0.0242 0.160128 0.28 0.0242 0.20016
0.28 0.0242 0.240193 0.279999 0.0242 0.280226 0.279999 0.0242 0.320261 0.279997
0.0242 0.360299 0.279994 0.0242 0.400341 0.279989 0.0242 0.440396 0.279982 0.0242
0.480469 0.279974 0.0242 0.520566 0.279971 0.0242 0.560691 0.279978 0.0242 0.600842
0.259994 0.0242 0.600837 0.279996 0.0242 0.620899 0.239998 0.0242 0.620901 0.249999
0.0242 0.6209 0.259999 0.0242 0.040032 0.32 0.0242 -0 0.32 0.0242
0.080064 0.32 0.0242 0.120096 0.32 0.0242 0.160128 0.32 0.0242 0.200161
0.32 0.0242 0.240193 0.32 0.0242 0.280227 0.32 0.0242 0.320263 0.319999
0.0242 0.360303 0.319998 0.0242 0.400349 0.319996 0.0242 0.440408 0.319994 0.0242
0.480484 0.319991 0.0242 0.520584 0.31999 0.0242 0.560704 0.319993 0.0242 0.600846
0.299999 0.0242 0.60084 0.319999 0.0242 0.6209 0.28 0.0242 0.620902 0.29
0.0242 0.6209 0.3 0.0242 0.040032 0.36 0.0242 -0 0.36 0.0242
0.080064 0.36 0.0242 0.120096 0.36 0.0242 0.160128 0.36 0.0242 0.200161
0.36 0.0242 0.240193 0.36 0.0242 0.280227 0.360001 0.0242 0.320263 0.360001
0.0242 0.360302 0.360002 0.0242 0.400348 0.360002 0.0242 0.440406 0.360002 0.0242
0.480483 0.360002 0.0242 0.520582 0.360001 0.0242 0.560704 0.360001 0.0242 0.600847
0.34 0.0242 0.60084 0.36 0.0242 0.6209 0.32 0.0242 0.620902 0.33
0.0242 0.6209 0.34 0.0242 0.040032 0.4 0.0242 0 0.4 0.0242
0.080064 0.4 0.0242 0.120096 0.4 0.0242 0.160128 0.4 0.0242 0.20016
0.4 0.0242 0.240193 0.400001 0.0242 0.280226 0.400002 0.0242 0.32026 0.400004
0.0242 0.360296 0.400006 0.0242 0.400337 0.400009 0.0242 0.440389 0.400012 0.0242
0.48046 0.400014 0.0242 0.520557 0.400013 0.0242 0.560686 0.400008 0.0242 0.600846
0.38 0.0242 0.600837 0.400001 0.0242 0.6209 0.36 0.0242 0.620902 0.37
0.0242 0.6209 0.38 0.0242 0.040032 0.44 0.0242 -0 0.44 0.0242
0.080064 0.44 0.0242 0.120096 0.44 0.0242 0.160128 0.44 0.0242 0.20016
0.440001 0.0242 0.240191 0.440002 0.0242 0.280223 0.440004 0.0242 0.320253 0.440007
0.0242 0.360283 0.440013 0.0242 0.400314 0.44002 0.0242 0.44035 0.440029 0.0242
0.480402 0.440035 0.0242 0.52049 0.440035 0.0242 0.560633 0.440024 0.0242 0.600842
0.420002 0.0242 0.600828 0.440004 0.0242 0.6209 0.4 0.0242 0.620902 0.41
0.0242 0.6209 0.42 0.0242 0.040032 0.48 0.0242 0 0.48 0.0242
0.0800639 0.48 0.0242 0.120096 0.48 0.0242 0.160128 0.480001 0.0242 0.200159
0.480002 0.0242 0.240189 0.480003 0.0242 0.280218 0.480007 0.0242 0.320243 0.480013
0.0242 0.360262 0.480023 0.0242 0.400272 0.480039 0.0242 0.440275 0.480058 0.0242
0.480283 0.480076 0.0242 0.520328 0.480084 0.0242 0.560478 0.480065 0.0242 0.600829
0.460006 0.0242 0.600791 0.480015 0.0242 0.620899 0.44 0.0242 0.620901 0.45
0.0242 0.620899 0.460001 0.0242 0.040032 0.52 0.0242 -0 0.52 0.0242
0.0800639 0.52 0.0242 0.120096 0.52 0.0242 0.160127 0.520001 0.0242 0.200158
0.520002 0.0242 0.240187 0.520005 0.0242 0.280212 0.52001 0.0242 0.32023 0.520021
0.0242 0.360234 0.520038 0.0242 0.400215 0.520066 0.0242 0.440162 0.520106 0.0242
0.480073 0.520153 0.0242 0.519985 0.520187 0.0242 0.560035 0.520173 0.0242 0.600755
0.500029 0.0242 0.600579 0.520081 0.0242 0.620895 0.480001 0.0242 0.620896 0.490002
0.0242 0.62089 0.500004 0.0242 0.0400319 0.56 0.0242 -0 0.56 0.0242
0.0800638 0.56 0.0242 0.120096 0.560001 0.0242 0.160127 0.560001 0.0242 0.200157
0.560003 0.0242 0.240185 0.560007 0.0242 0.280207 0.560014 0.0242 0.320218 0.560029
0.0242 0.360207 0.560056 0.0242 0.400155 0.560101 0.0242 0.440036 0.56017 0.0242
0.479816 0.560263 0.0242 0.519464 0.560361 0.0242 0.558881 0.560427 0.0242 0.600207
0.540194 0.0242 0.598979 0.560424 0.0242 0.578605 0.560449 0.0242 0.620874 0.520021
0.0242 0.620876 0.530047 0.0242 0.62085 0.540123 0.0242 0.0400319 0.6 0.0242
-0 0.6 0.0242 0.0800638 0.6 0.0242 0.120095 0.600001 0.0242 0.160127
0.600002 0.0242 0.200156 0.600004 0.0242 0.240183 0.600008 0.0242 0.280203 0.600018
0.0242 0.320209 0.600036 0.0242 0.360188 0.600071 0.0242 0.400115 0.600133 0.0242
0.439951 0.600237 0.0242 0.479642 0.600396 0.0242 0.519127 0.600609 0.0242 0.558385
0.58058 0.0242 0.558353 0.600839 0.0242 0.577894 0.580545 0.0242 0.620816 0.56067
0.0242 0.620853 0.571416 0.0242 0.620387 0.582277 0.0242 0.606688 0.58055 0.0242
0.596657 0.580376 0.0242 0.0400319 0.64 0.0242 -0 0.64 0.0242 0.0800638
0.64 0.0242 0.120095 0.640001 0.0242 0.160126 0.640002 0.0242 0.200156 0.640004
0.0242 0.240183 0.640009 0.0242 0.280202 0.640019 0.0242 0.320208 0.640039 0.0242
0.360185 0.640078 0.0242 0.400109 0.640149 0.0242 0.439943 0.640275 0.0242 0.479634
0.640491 0.0242 0.519126 0.640862 0.0242 0.558289 0.621253 0.0242 0.558357 0.641546
0.0242 0.577996 0.600933 0.0242 0.578066 0.61115 0.0242 0.578039 0.621467 0.0242
0.607498 0.601656 0.0242 0.6075 0.611016 0.0242 0.598311 0.611039 0.0242 0.597604
0.600838 0.0242 0.0400319 0.68 0.0242 -0 0.68 0.0242 0.0800638 0.68
0.0242 0.120095 0.680001 0.0242 0.160127 0.680002 0.0242 0.200156 0.680004 0.0242
0.240183 0.680008 0.0242 0.280204 0.680018 0.0242 0.320212 0.680036 0.0242 0.360196
0.680072 0.0242 0.400135 0.680134 0.0242 0.440002 0.680241 0.0242 0.47977 0.680412
0.0242 0.519437 0.680669 0.0242 0.55863 0.661484 0.0242 0.559052 0.681088 0.0242
0.57767 0.642206 0.0242 0.578359 0.661796 0.0242 0.607501 0.6425 0.0242 0.606992
0.653385 0.0242 0.596952 0.653257 0.0242 0.59617 0.643779 0.0242 0.0400319 0.72
0.0242 0 0.72 0.0242 0.0800638 0.72 0.0242 0.120096 0.720001 0.0242
0.160127 0.720001 0.0242 0.200157 0.720003 0.0242 0.240185 0.720007 0.0242 0.280208
0.720014 0.0242 0.32022 0.720029 0.0242 0.360214 0.720054 0.0242 0.400174 0.720096
0.0242 0.440083 0.720159 0.0242 0.479923 0.720237 0.0242 0.519696 0.720295 0.0242
0.559447 0.72023 0.0242 0.599692 0.700032 0.0242 0.599261 0.71983 0.0242 0.578986
0.681196 0.0242 0.599402 0.680686 0.0242 0.620705 0.679311 0.0242 0.620584 0.689499
0.0242 0.620218 0.699633 0.0242 0.040032 0.76 0.0242 0 0.76 0.0242
0.0800639 0.76 0.0242 0.120096 0.76 0.0242 0.160127 0.760001 0.0242 0.200158
0.760002 0.0242 0.240187 0.760005 0.0242 0.280212 0.76001 0.0242 0.320229 0.760019
0.0242 0.360234 0.760034 0.0242 0.400214 0.760054 0.0242 0.440158 0.760076 0.0242
0.480054 0.760078 0.0242 0.519893 0.760022 0.0242 0.55968 0.759828 0.0242 0.599197
0.739506 0.0242 0.599372 0.759375 0.0242 0.618792 0.719821 0.0242 0.618917 0.739252
0.0242 0.639643 0.7175 0.0242 0.649578 0.7175 0.0242 0.64881 0.727497 0.0242
0.637677 0.729212 0.0242 0.680317 0.7175 0.0242 0.690471 0.7175 0.0242 0.690421
0.72626 0.0242 0.680245 0.726291 0.0242 0.720576 0.7175 0.0242 0.730584 0.7175
0.0242 0.730582 0.726241 0.0242 0.720569 0.726244 0.0242 0.760608 0.7175 0.0242
0.770616 0.7175 0.0242 0.770616 0.726243 0.0242 0.760608 0.726243 0.0242 0.80064
0.7175 0.0242 0.810648 0.7175 0.0242 0.810648 0.726289 0.0242 0.80064 0.726264
0.0242 0.040032 0.8 0.0242 -0 0.8 0.0242 0.0800639 0.8 0.0242
0.120096 0.8 0.0242 0.160127 0.800001 0.0242 0.200158 0.800001 0.0242 0.240188
0.800003 0.0242 0.280215 0.800006 0.0242 0.320237 0.800011 0.0242 0.36025 0.800017
0.0242 0.400248 0.800021 0.0242 0.440221 0.800018 0.0242 0.480162 0.799985 0.0242
0.520064 0.799891 0.0242 0.559936 0.799682 0.0242 0.599808 0.799299 0.0242 0.639789
0.798671 0.0242 0.619171 0.759044 0.0242 0.639159 0.758447 0.0242 0.680167 0.797886
0.0242 0.659603 0.757445 0.0242 0.680096 0.75695 0.0242 0.720435 0.797556 0.0242
0.700377 0.756645 0.0242 0.720503 0.756622 0.0242 0.760559 0.797566 0.0242 0.740567
0.756533 0.0242 0.760595 0.756616 0.0242 0.78062 0.756623 0.0242 0.800637 0.75689
0.0242 0.800624 0.797863 0.0242 0.040032 0.84 0.0242 -0 0.84 0.0242
0.0800639 0.84 0.0242 0.120096 0.84 0.0242 0.160128 0.84 0.0242 0.200159
0.840001 0.0242 0.240189 0.840002 0.0242 0.280218 0.840003 0.0242 0.320244 0.840005
0.0242 0.360264 0.840005 0.0242 0.400274 0.840002 0.0242 0.440269 0.839988 0.0242
0.480245 0.839947 0.0242 0.520199 0.839857 0.0242 0.56014 0.839687 0.0242 0.600096
0.839407 0.0242 0.640124 0.839015 0.0242 0.680292 0.838591 0.0242 0.720451 0.838373
0.0242 0.760553 0.838398 0.0242 0.800618 0.83863 0.0242 0.040032 0.88 0.0242
0 0.88 0.0242 0.080064 0.88 0.0242 0.120096 0.88 0.0242 0.160128
0.88 0.0242 0.200159 0.88 0.0242 0.24019 0.880001 0.0242 0.28022 0.880001
0.0242 0.320249 0.880001 0.0242 0.360273 0.88 0.0242 0.400292 0.879994 0.0242
0.440303 0.879979 0.0242 0.480303 0.879944 0.0242 0.520292 0.879875 0.0242 0.560277
0.879756 0.0242 0.600274 0.879576 0.0242 0.640308 0.879347 0.0242 0.680396 0.87912
0.0242 0.72049 0.878997 0.0242 0.760565 0.879024 0.0242 0.800621 0.879178 0.0242
0.040032 0.92 0.0242 0 0.92 0.0242 0.080064 0.92 0.0242 0.120096
0.92 0.0242 0.160128 0.92 0.0242 0.20016 0.92 0.0242 0.240191 0.92
0.0242 0.280222 0.92 0.0242 0.320252 0.92 0.0242 0.360279 0.919998 0.0242
0.400304 0.919993 0.0242 0.440324 0.919982 0.0242 0.480339 0.919958 0.0242 0.520349
0.919912 0.0242 0.560358 0.91984 0.0242 0.600374 0.919737 0.0242 0.640408 0.919614
0.0242 0.680463 0.919498 0.0242 0.720524 0.919437 0.0242 0.760579 0.919457 0.0242
0.800626 0.919546 0.0242 0.040032 0.96 0.0242 -0 0.96 0.0242 0.080064
0.96 0.0242 0.120096 0.96 0.0242 0.160128 0.96 0.0242 0.20016 0.96
0.0242 0.240191 0.96 0.0242 0.280223 0.96 0.0242 0.320253 0.96 0.0242
0.360283 0.959999 0.0242 0.400311 0.959996 0.0242 0.440336 0.959989 0.0242 0.480359
0.959977 0.0242 0.52038 0.959956 0.0242 0.560401 0.959921 0.0242 0.600425 0.959875
0.0242 0.640458 0.95982 0.0242 0.6805 0.959771 0.0242 0.720546 0.959746 0.0242
0.76059 0.959756 0.0242 0.80063 0.959797 0.0242 0.040032 1 0.0242 0
1 0.0242 0.080064 1 0.0242 0.120096 1 0.0242 0.160128 1
0.0242 0.20016 1 0.0242 0.240192 1 0.0242 0.280223 1 0.0242
0.320254 1 0.0242 0.360284 1 0.0242 0.400313 1 0.0242 0.440341
1 0.0242 0.480367 1 0.0242 0.520392 1 0.0242 0.560417 1
0.0242 0.600445 1 0.0242 0.640478 1 0.0242 0.680515 1 0.0242
0.720555 1 0.0242 0.760595 1 0.0242 0.800632 1 0.0242 0.706779
0.0460482 0.0242 0.707584 0.0368997 0.0242 0.678613 0.0683026 0.0242 0.688453 0.0681025
0.0242 0.639643 0.1175 0.0242 0.628003 0.115969 0.0242 0.637808 0.105914 0.0242
0.639643 0.560203 0.0242 0.63965 0.570539 0.0242 0.631333 0.571169 0.0242 0.630994
0.560452 0.0242 0.595953 0.590178 0.0242 0.607502 0.5925 0.0242 0.630532 0.642471
0.0242 0.657266 0.64255 0.0242 0.635478 0.647755 0.0242 0.597896 0.662382 0.0242
0.608402 0.661925 0.0242 0.620495 0.659756 0.0242 0.6208 0.669082 0.0242 0.630901
0.679097 0.0242 0.631101 0.668355 0.0242 0.63965 0.668194 0.0242 0.639644 0.67915
0.0242 0.639643 0.689573 0.0242 0.630787 0.689482 0.0242 0.61958 0.709686 0.0242
0.627995 0.720044 0.0242 0.629676 0.709616 0.0242 0.639643 0.70876 0.0242 0.739837
0.0386058 0.0242 0.750195 0.0387306 0.0242 0.780509 0.0388053 0.0242 0.790489 0.0387387
0.0242 0.82038 0.0380136 0.0242 0.750304 0.0487593 0.0242 0.790507 0.0487611 0.0242
0.810158 0.0575 0.0242 0.800419 0.0575 0.0242 0.679922 0.0989691 0.0242 0.669893
0.0986574 0.0242 0.649157 0.107592 0.0242 0.650099 0.1175 0.0242 0.680337 0.1175
0.0242 0.670224 0.1175 0.0242 0.670083 0.108713 0.0242 0.6802 0.108874 0.0242
0.690196 0.10915 0.0242 0.690211 0.1175 0.0242 0.639643 0.12853 0.0242 0.629697
0.127682 0.0242 0.620637 0.149175 0.0242 0.630875 0.159646 0.0242 0.630797 0.149268
0.0242 0.639643 0.149386 0.0242 0.639643 0.159742 0.0242 0.639643 0.169907 0.0242
0.630902 0.169845 0.0242 0.620888 0.189953 0.0242 0.630917 0.199991 0.0242 0.630916
0.189976 0.0242 0.639643 0.189993 0.0242 0.639643 0.199999 0.0242 0.639643 0.21
0.0242 0.630919 0.209997 0.0242 0.6209 0.229998 0.0242 0.630919 0.24 0.0242
0.63092 0.229999 0.0242 0.639643 0.23 0.0242 0.639643 0.24 0.0242 0.639643
0.25 0.0242 0.63092 0.25 0.0242 0.620902 0.27 0.0242 0.63092 0.28
0.0242 0.63092 0.27 0.0242 0.639643 0.27 0.0242 0.639643 0.28 0.0242
0.639643 0.29 0.0242 0.63092 0.29 0.0242 0.620902 0.31 0.0242 0.63092
0.32 0.0242 0.63092 0.31 0.0242 0.639643 0.31 0.0242 0.639643 0.32
0.0242 0.639643 0.33 0.0242 0.63092 0.33 0.0242 0.620902 0.35 0.0242
0.63092 0.36 0.0242 0.63092 0.35 0.0242 0.639643 0.35 0.0242 0.639643
0.36 0.0242 0.639643 0.37 0.0242 0.63092 0.37 0.0242 0.620902 0.39
0.0242 0.63092 0.4 0.0242 0.63092 0.39 0.0242 0.639643 0.39 0.0242
0.639643 0.4 0.0242 0.639643 0.41 0.0242 0.63092 0.41 0.0242 0.620902
0.43 0.0242 0.63092 0.44 0.0242 0.63092 0.43 0.0242 0.639643 0.43
0.0242 0.639643 0.44 0.0242 0.639643 0.45 0.0242 0.63092 0.45 0.0242
0.620899 0.470001 0.0242 0.630919 0.48 0.0242 0.63092 0.47 0.0242 0.639643
0.47 0.0242 0.639643 0.48 0.0242 0.639643 0.49 0.0242 0.630919 0.49
0.0242 0.62089 0.510008 0.0242 0.630914 0.520003 0.0242 0.630917 0.510001 0.0242
0.639643 0.509998 0.0242 0.639643 0.519994 0.0242 0.639643 0.52999 0.0242 0.630915
0.530013 0.0242 0.620866 0.550295 0.0242 0.639643 0.550035 0.0242 0.630932 0.550158
0.0242 0.58786 0.600942 0.0242 0.588095 0.611136 0.0242 0.577832 0.631899 0.0242
0.58711 0.642759 0.0242 0.587666 0.632088 0.0242 0.597626 0.63219 0.0242 0.607499
0.631281 0.0242 0.619678 0.642487 0.0242 0.620385 0.650963 0.0242 0.638407 0.738592
0.0242 0.670006 0.7175 0.0242 0.669934 0.726373 0.0242 0.648921 0.737671 0.0242
0.659459 0.736972 0.0242 0.669882 0.736585 0.0242 0.680179 0.736445 0.0242 0.710563
0.7175 0.0242 0.710549 0.726245 0.0242 0.690369 0.736354 0.0242 0.70047 0.736334
0.0242 0.710529 0.73631 0.0242 0.720557 0.736317 0.0242 0.7506 0.7175 0.0242
0.7506 0.726241 0.0242 0.730576 0.7363 0.0242 0.740588 0.736307 0.0242 0.750598
0.736299 0.0242 0.760607 0.736314 0.0242 0.790632 0.7175 0.0242 0.790632 0.72625
0.0242 0.770615 0.736304 0.0242 0.780624 0.736322 0.0242 0.790632 0.736328 0.0242
0.80064 0.736385 0.0242 0.810648 0.736445 0.0242 0.820656 0.736647 0.0242 0.820655
0.757223 0.0242 0.719377 0.0575 0.0242 0.708214 0.0575 0.0242 0.698363 0.067915
0.0242 0.699174 0.0788814 0.0242 0.708214 0.0687419 0.0242 0.708214 0.0790892 0.0242
0.639735 0.581357 0.0242 0.632748 0.582926 0.0242 0.621237 0.592509 0.0242 0.657158
0.592405 0.0242 0.634665 0.5925 0.0242 0.639697 0.655947 0.0242 0.631923 0.657348
0.0242 0.639643 0.699568 0.0242 0.630505 0.699605 0.0242 0.729655 0.0575 0.0242
0.739977 0.0486844 0.0242 0.740117 0.0575 0.0242 0.780549 0.0487873 0.0242 0.770583
0.0575 0.0242 0.760536 0.0575 0.0242 0.780581 0.0575 0.0242 0.699479 0.0895144
0.0242 0.689856 0.0993418 0.0242 0.699719 0.0998549 0.0242 0.6075 0.621158 0.0242
0.598314 0.621409 0.0242 0.659578 0.7175 0.0242 0.65946 0.72665 0.0242 0.700536
0.7175 0.0242 0.700507 0.72625 0.0242 0.740592 0.7175 0.0242 0.740591 0.726242
0.0242 0.780624 0.7175 0.0242 0.780624 0.726246 0.0242 0.820656 0.7175 0.0242
0.820656 0.726356 0.0242 0.750404 0.0575 0.0242 0.790532 0.0575 0.0242 0.659768
0.108419 0.0242 0.660011 0.1175 0.0242 0.708214 0.0897156 0.0242 0.708214 0.100058
0.0242 0.700164 0.109849 0.0242 0.699154 0.1175 0.0242 0.708214 0.109378 0.0242
0.706986 0.1175 0.0242 0.639643 0.138829 0.0242 0.630529 0.138641 0.0242 0.639643
0.179972 0.0242 0.630911 0.179937 0.0242 0.639643 0.22 0.0242 0.630919 0.219998
0.0242 0.639643 0.26 0.0242 0.63092 0.26 0.0242 0.639643 0.3 0.0242
0.63092 0.3 0.0242 0.639643 0.34 0.0242 0.63092 0.34 0.0242 0.639643
0.38 0.0242 0.63092 0.38 0.0242 0.639643 0.42 0.0242 0.63092 0.42
0.0242 0.639643 0.46 0.0242 0.630919 0.46 0.0242 0.639643 0.499999 0.0242
0.630917 0.500001 0.0242 0.639643 0.539993 0.0242 0.630914 0.540048 0.0242 0.588059
0.621504 0.0242 0.840672 0.726656 0.0242 0.840672 0.7175 0.0242 0.85068 0.7175
0.0242 0.85068 0.726711 0.0242 0.840606 0.0380974 0.0242 0.840589 0.0472999 0.0242
0.830683 0.0464706 0.0242 0.830575 0.0376209 0.0242 0.828214 0.0786355 0.0242 0.828214
0.0682298 0.0242 0.838544 0.0678161 0.0242 0.837799 0.0787296 0.0242 0.840585 0
0.0242 0.840585 0.0191618 0.0242 0.828214 0.0893795 0.0242 0.837595 0.0894045 0.0242
0.838538 0.110037 0.0242 0.841123 0.1175 0.0242 0.832922 0.1175 0.0242 0.828214
0.109999 0.0242 0.840328 0.0564768 0.0242 0.828214 0.0575 0.0242 0.85068 0.737407
0.0242 0.840672 0.737339 0.0242 0.820217 0.0477822 0.0242 0.819275 0.0575 0.0242
0.828214 0.0998793 0.0242 0.837888 0.0998245 0.0242 0.840671 0.757769 0.0242 0.840667
0.79828 0.0242 0.840664 0.838844 0.0242 0.840664 0.879292 0.0242 0.840665 0.919605
0.0242 0.840667 0.959823 0.0242 0.840667 1 0.0242 0.830664 0.7175 0.0242
0.830664 0.726483 0.0242 0.830664 0.736943 0.0242 1.04083 0.0393276 0.0242 1.00079
0.0393251 0.0242 1.00078 1.04081e-32 0.0242 1.04082 9.49564e-33 0.0242 1.08086 0.0393301
0.0242 1.08086 7.28386e-33 0.0242 1.1209 0.0393383 0.0242 1.12089 4.39983e-33 0.0242
1.16093 0.0393657 0.0242 1.16093 1.88809e-33 0.0242 1.20096 4.96412e-34 0.0242 1.20096
0.0394419 0.0242 1.04083 0.0788989 0.0242 1.02081 0.0788688 0.0242 1.0008 0.0788987
0.0242 1.08086 0.0788994 0.0242 1.06085 0.0788689 0.0242 1.1209 0.0789017 0.0242
1.10088 0.0788698 0.0242 1.16093 0.0789142 0.0242 1.14091 0.0788743 0.0242 1.20096
0.0789932 0.0242 1.18094 0.0789047 0.0242 1.02082 0.0988126 0.0242 1.01081 0.0988105
0.0242 1.0008 0.0988146 0.0242 1.06085 0.0988126 0.0242 1.05084 0.0988106 0.0242
1.04083 0.0988146 0.0242 1.10088 0.0988127 0.0242 1.09087 0.0988106 0.0242 1.08086
0.0988147 0.0242 1.14091 0.0988132 0.0242 1.1309 0.0988109 0.0242 1.1209 0.0988149
0.0242 1.18094 0.098818 0.0242 1.17094 0.0988131 0.0242 1.16093 0.0988166 0.0242
1.04083 0.7175 0.0242 1.05084 0.7175 0.0242 1.05084 0.726239 0.0242 1.04083
0.726241 0.0242 1.08086 0.7175 0.0242 1.09087 0.7175 0.0242 1.09087 0.726239
0.0242 1.08086 0.726241 0.0242 1.1209 0.7175 0.0242 1.1309 0.7175 0.0242
1.1309 0.72624 0.0242 1.1209 0.726241 0.0242 1.16093 0.7175 0.0242 1.17094
0.7175 0.0242 1.17094 0.726242 0.0242 1.16093 0.726242 0.0242 1.04082 0.79723
0.0242 1.00079 0.797241 0.0242 1.0008 0.756529 0.0242 1.02082 0.756477 0.0242
1.04083 0.756527 0.0242 1.08083 0.797262 0.0242 1.06085 0.756477 0.0242 1.08086
0.756532 0.0242 1.12083 0.797353 0.0242 1.10088 0.756483 0.0242 1.12089 0.756548
0.0242 1.16081 0.797569 0.0242 1.1409 0.756504 0.0242 1.16091 0.756602 0.0242
1.18093 0.756602 0.0242 1.20093 0.756843 0.0242 1.20074 0.798026 0.0242 1.0408
0.837999 0.0242 1.00078 0.838006 0.0242 1.08079 0.838058 0.0242 1.12076 0.83821
0.0242 1.16067 0.838524 0.0242 1.20047 0.839066 0.0242 1.04077 0.878699 0.0242
1.00077 0.878694 0.0242 1.08074 0.878778 0.0242 1.12066 0.878969 0.0242 1.1605
0.879296 0.0242 1.20017 0.879686 0.0242 1.04075 0.919254 0.0242 1.00076 0.919237
0.0242 1.0807 0.91934 0.0242 1.12059 0.919506 0.0242 1.1604 0.919737 0.0242
1.20004 0.920064 0.0242 1.04074 0.959669 0.0242 1.00075 0.95965 0.0242 1.08068
0.959725 0.0242 1.12058 0.95981 0.0242 1.16043 0.95994 0.0242 1.20013 0.960177
0.0242 1.04073 1 0.0242 1.00075 1 0.0242 1.08068 1 0.0242
1.12059 1 0.0242 1.16046 1 0.0242 1.20021 1 0.0242 0.960737
0.0393173 0.0242 0.920656 0.0392861 0.0242 0.920664 5.98083e-33 0.0242 0.960732 9.74928e-33
0.0242 0.960759 0.0788981 0.0242 0.940733 0.0788688 0.0242 0.920685 0.0788983 0.0242
0.98078 0.0788686 0.0242 0.940749 0.0988129 0.0242 0.93074 0.0988111 0.0242 0.920727
0.0988158 0.0242 0.990792 0.0988105 0.0242 0.980784 0.0988126 0.0242 0.960764 0.797307
0.0242 0.960767 0.756544 0.0242 0.980784 0.756482 0.0242 0.96076 0.838086 0.0242
0.960755 0.878758 0.0242 0.96075 0.919277 0.0242 0.960747 0.959667 0.0242 0.960744
1 0.0242 1.0008 0.108798 0.0242 1.01081 0.108797 0.0242 1.01081 0.1175
0.0242 1.0008 0.1175 0.0242 1.03082 0.0988105 0.0242 1.04083 0.1175 0.0242
1.03082 0.1175 0.0242 1.03082 0.108797 0.0242 1.04083 0.108798 0.0242 1.07086
0.0988106 0.0242 1.05084 0.108797 0.0242 1.05084 0.1175 0.0242 1.08086 0.1175
0.0242 1.07086 0.1175 0.0242 1.07086 0.108797 0.0242 1.08086 0.108798 0.0242
1.11089 0.0988107 0.0242 1.09087 0.108797 0.0242 1.09087 0.1175 0.0242 1.1209
0.1175 0.0242 1.11089 0.1175 0.0242 1.11089 0.108797 0.0242 1.1209 0.108798
0.0242 1.15092 0.0988115 0.0242 1.1309 0.108797 0.0242 1.1309 0.1175 0.0242
1.16093 0.1175 0.0242 1.15092 0.1175 0.0242 1.15092 0.108798 0.0242 1.16093
0.108798 0.0242 1.17094 0.108798 0.0242 1.17094 0.1175 0.0242 1.0008 0.7175
0.0242 1.01081 0.7175 0.0242 1.01081 0.726239 0.0242 1.0008 0.726241 0.0242
1.0008 0.736303 0.0242 1.01081 0.736292 0.0242 1.02082 0.736299 0.0242 1.03082
0.7175 0.0242 1.03082 0.726239 0.0242 1.03082 0.736292 0.0242 1.04083 0.736302
0.0242 1.07086 0.7175 0.0242 1.07086 0.726239 0.0242 1.05084 0.736292 0.0242
1.06085 0.736299 0.0242 1.07086 0.736292 0.0242 1.08086 0.736303 0.0242 1.11089
0.7175 0.0242 1.11089 0.72624 0.0242 1.09087 0.736292 0.0242 1.10088 0.736299
0.0242 1.11089 0.736293 0.0242 1.1209 0.736305 0.0242 1.15092 0.7175 0.0242
1.15092 0.72624 0.0242 1.1309 0.736294 0.0242 1.14091 0.736303 0.0242 1.15092
0.736296 0.0242 1.16093 0.736311 0.0242 1.17093 0.736301 0.0242 1.18094 0.736316
0.0242 0.960767 0.0988147 0.0242 0.950759 0.0988107 0.0242 0.960768 0.1175 0.0242
0.95076 0.1175 0.0242 0.95076 0.108797 0.0242 0.960768 0.108798 0.0242 0.990792
0.1175 0.0242 0.990792 0.108797 0.0242 0.970775 0.0988106 0.0242 0.970776 0.1175
0.0242 0.970776 0.108797 0.0242 0.990792 0.7175 0.0242 0.990792 0.726239 0.0242
0.980784 0.736299 0.0242 0.990792 0.736292 0.0242 0.960768 0.7175 0.0242 0.970776
0.7175 0.0242 0.970776 0.72624 0.0242 0.960768 0.726241 0.0242 0.960768 0.736305
0.0242 0.970776 0.736293 0.0242 0.880508 0.0390842 0.0242 0.860494 0.038718 0.0242
0.880597 -8.24264e-34 0.0242 0.86028 0.0582604 0.0242 0.880346 0.0789002 0.0242 0.880406
0.0588171 0.0242 0.900592 0.0788774 0.0242 0.859566 0.0788777 0.0242 0.860165 0.099071
0.0242 0.849434 0.0994087 0.0242 0.900691 0.0988199 0.0242 0.89066 0.0988282 0.0242
0.880587 0.0988574 0.0242 0.880704 0.7175 0.0242 0.890712 0.7175 0.0242 0.890712
0.726266 0.0242 0.880704 0.726306 0.0242 0.930744 0.7175 0.0242 0.940752 0.7175
0.0242 0.940752 0.726241 0.0242 0.930744 0.726241 0.0242 0.880702 0.79788 0.0242
0.860688 0.757496 0.0242 0.880704 0.757023 0.0242 0.920734 0.797488 0.0242 0.90072
0.756669 0.0242 0.920736 0.756615 0.0242 0.940752 0.756508 0.0242 0.8807 0.838599
0.0242 0.920732 0.838278 0.0242 0.880699 0.879136 0.0242 0.92073 0.878909 0.0242
0.880699 0.919512 0.0242 0.920728 0.919373 0.0242 0.880699 0.959779 0.0242 0.920726
0.959712 0.0242 0.880698 1 0.0242 0.920725 1 0.0242 0.870466 0.0989193
0.0242 0.849918 0.109217 0.0242 0.850489 0.1175 0.0242 0.880694 0.1175 0.0242
0.870656 0.1175 0.0242 0.870579 0.108843 0.0242 0.880655 0.108815 0.0242 0.910715
0.0988135 0.0242 0.890692 0.108804 0.0242 0.890711 0.1175 0.0242 0.870696 0.7175
0.0242 0.870696 0.726396 0.0242 0.860688 0.737097 0.0242 0.870696 0.736697 0.0242
0.880704 0.736495 0.0242 0.920736 0.726244 0.0242 0.910728 0.726245 0.0242 0.910728
0.7175 0.0242 0.920736 0.7175 0.0242 0.890712 0.736371 0.0242 0.90072 0.736342
0.0242 0.910728 0.736311 0.0242 0.920736 0.736316 0.0242 0.95076 0.72624 0.0242
0.95076 0.7175 0.0242 0.930744 0.736298 0.0242 0.940752 0.736303 0.0242 0.95076
0.736294 0.0242 1.06085 0.7175 0.0242 1.06085 0.72624 0.0242 1.10088 0.7175
0.0242 1.10088 0.72624 0.0242 1.14091 0.7175 0.0242 1.14091 0.726241 0.0242
1.18094 0.7175 0.0242 1.18094 0.726244 0.0242 1.02082 0.108798 0.0242 1.02082
0.1175 0.0242 1.06085 0.108798 0.0242 1.06085 0.1175 0.0242 1.10088 0.108798
0.0242 1.10088 0.1175 0.0242 1.14091 0.108798 0.0242 1.14091 0.1175 0.0242
1.18094 0.108799 0.0242 1.18094 0.1175 0.0242 1.02082 0.7175 0.0242 1.02082
0.72624 0.0242 1.19095 0.7175 0.0242 1.19095 0.726246 0.0242 1.19095 0.736315
0.0242 0.920734 0.108798 0.0242 0.930743 0.108798 0.0242 0.930744 0.1175 0.0242
0.920736 0.1175 0.0242 0.940751 0.108798 0.0242 0.940752 0.1175 0.0242 0.980784
0.1175 0.0242 0.980784 0.108798 0.0242 0.980784 0.72624 0.0242 0.980784 0.7175
0.0242 0.860688 0.7175 0.0242 0.860688 0.726566 0.0242 0.90072 0.7175 0.0242
0.90072 0.726252 0.0242 0.860399 0.108929 0.0242 0.860564 0.1175 0.0242 0.900711
0.1088 0.0242 0.90072 0.1175 0.0242 0.910724 0.108798 0.0242 0.910728 0.1175
0.0242 1.241 0 0.0242 1.24099 0.0395719 0.0242 1.24099 0.0792953 0.0242
1.22098 0.079082 0.0242 1.22098 0.0988868 0.0242 1.21097 0.0988425 0.0242 1.20096
0.0988332 0.0242 1.26101 0.0793245 0.0242 1.26101 0.0991576 0.0242 1.251 0.099183
0.0242 1.24099 0.0990919 0.0242 1.20096 0.7175 0.0242 1.21097 0.7175 0.0242
1.21097 0.726259 0.0242 1.20096 0.726252 0.0242 1.24099 0.7175 0.0242 1.251
0.7175 0.0242 1.251 0.726544 0.0242 1.24099 0.726411 0.0242 1.22094 0.757066
0.0242 1.24087 0.75763 0.0242 1.24049 0.798793 0.0242 1.24004 0.839593 0.0242
1.23926 0.880107 0.0242 1.23912 0.900363 0.0242 1.23918 0.920599 0.0242 1.25775
0.880269 0.0242 1.2579 0.900587 0.0242 1.23904 0.940964 0.0242 1.23935 0.960835
0.0242 1.25807 0.921021 0.0242 1.25754 0.941935 0.0242 1.23968 1 0.0242
1.19095 0.0988188 0.0242 1.20096 0.1175 0.0242 1.19095 0.1175 0.0242 1.19095
0.1088 0.0242 1.20096 0.108803 0.0242 1.23098 0.0989555 0.0242 1.21097 0.108808
0.0242 1.21097 0.1175 0.0242 1.24099 0.1175 0.0242 1.23098 0.1175 0.0242
1.23098 0.108852 0.0242 1.24099 0.108908 0.0242 1.251 0.108953 0.0242 1.251
0.1175 0.0242 1.20096 0.736351 0.0242 1.23098 0.7175 0.0242 1.23098 0.726317
0.0242 1.21097 0.736358 0.0242 1.22097 0.736437 0.0242 1.23098 0.73652 0.0242
1.24098 0.736774 0.0242 1.25099 0.737028 0.0242 1.26097 0.737242 0.0242 1.26069
0.757874 0.0242 1.25815 0.961758 0.0242 1.22098 0.7175 0.0242 1.22098 0.72628
0.0242 1.26101 0.7175 0.0242 1.261 0.726643 0.0242 1.22098 0.108822 0.0242
1.22098 0.1175 0.0242 1.36112 0.0392859 0.0242 1.32107 0.0393773 0.0242 1.32108
8.57837e-34 0.0242 1.36112 1.23368e-33 0.0242 1.40117 0.0391366 0.0242 1.40117 1.3115e-33
0.0242 1.44121 1.48685e-33 0.0242 1.44124 0.0389042 0.0242 1.3611 0.0788656 0.0242
1.34108 0.0788704 0.0242 1.32106 0.0789368 0.0242 1.40115 0.0786229 0.0242 1.38112
0.0787648 0.0242 1.44132 0.0777638 0.0242 1.42122 0.0782037 0.0242 1.34107 0.0988128
0.0242 1.33106 0.0988128 0.0242 1.32106 0.0988211 0.0242 1.3811 0.0987811 0.0242
1.37109 0.0987974 0.0242 1.36109 0.0988079 0.0242 1.42116 0.0981802 0.0242 1.41111
0.0985176 0.0242 1.4011 0.0986744 0.0242 1.36109 0.7175 0.0242 1.3711 0.7175
0.0242 1.37108 0.726522 0.0242 1.36104 0.726512 0.0242 1.40121 0.7175 0.0242
1.41133 0.7175 0.0242 1.41129 0.726571 0.0242 1.4012 0.726534 0.0242 1.36077
0.8775 0.0242 1.3711 0.8775 0.0242 1.37052 0.886596 0.0242 1.35943 0.887115
0.0242 1.4012 0.8775 0.0242 1.41124 0.8775 0.0242 1.41121 0.886406 0.0242
1.40115 0.886344 0.0242 1.35622 0.921566 0.0242 1.37885 0.919341 0.0242 1.37869
0.94096 0.0242 1.3576 0.943071 0.0242 1.35665 0.932469 0.0242 1.39948 0.960338
0.0242 1.39948 0.939776 0.0242 1.40014 0.91825 0.0242 1.42079 0.917965 0.0242
1.4409 0.918758 0.0242 1.44043 0.959633 0.0242 1.39976 1 0.0242 1.35937
1 0.0242 1.35909 0.981367 0.0242 1.35868 0.962196 0.0242 1.37895 0.961242
0.0242 1.4403 1 0.0242 1.44157 0.0968453 0.0242 1.4313 0.0975553 0.0242
1.40109 0.108743 0.0242 1.41107 0.108658 0.0242 1.41105 0.1175 0.0242 1.40108
0.1175 0.0242 1.43088 0.7175 0.0242 1.43964 0.7175 0.0242 1.44206 0.729
0.0242 1.43157 0.727453 0.0242 1.40104 0.748473 0.0242 1.41099 0.74843 0.0242
1.41094 0.7575 0.0242 1.40103 0.7575 0.0242 1.44149 0.746039 0.0242 1.43893
0.7575 0.0242 1.4299 0.7575 0.0242 1.43091 0.747556 0.0242 1.35024 0.8775
0.0242 1.34697 0.888478 0.0242 1.34542 0.921986 0.0242 1.34532 0.911339 0.0242
1.35631 0.910667 0.0242 1.3462 0.932856 0.0242 1.33893 0.963076 0.0242 1.33891
0.954069 0.0242 1.33607 0.9425 0.0242 1.34791 0.944196 0.0242 1.35108 0.0988085
0.0242 1.33106 0.108798 0.0242 1.33106 0.1175 0.0242 1.32106 0.1175 0.0242
1.32106 0.1088 0.0242 1.36109 0.1175 0.0242 1.35108 0.1175 0.0242 1.35108
0.108797 0.0242 1.36109 0.108796 0.0242 1.3911 0.098748 0.0242 1.37109 0.108793
0.0242 1.37109 0.1175 0.0242 1.3911 0.1175 0.0242 1.3911 0.108774 0.0242
1.35108 0.7175 0.0242 1.351 0.72649 0.0242 1.3609 0.7575 0.0242 1.35063
0.7575 0.0242 1.3506 0.7484 0.0242 1.36087 0.748463 0.0242 1.39114 0.7175
0.0242 1.39114 0.726527 0.0242 1.371 0.748481 0.0242 1.37103 0.7575 0.0242
1.39107 0.7575 0.0242 1.39107 0.748484 0.0242 1.42142 0.7175 0.0242 1.42142
0.726755 0.0242 1.41114 0.737508 0.0242 1.40112 0.737515 0.0242 1.42118 0.737505
0.0242 1.39119 0.8775 0.0242 1.39108 0.88634 0.0242 1.35777 0.898874 0.0242
1.36969 0.897358 0.0242 1.38044 0.896906 0.0242 1.39086 0.896618 0.0242 1.40101
0.896641 0.0242 1.43054 0.8775 0.0242 1.43893 0.8775 0.0242 1.44155 0.88923
0.0242 1.43128 0.88752 0.0242 1.41114 0.896693 0.0242 1.42119 0.897067 0.0242
1.4413 0.898661 0.0242 1.43125 0.897738 0.0242 1.33911 0.981562 0.0242 1.33928
1 0.0242 1.42108 0.108389 0.0242 1.42093 0.1175 0.0242 1.43121 0.107573
0.0242 1.43028 0.1175 0.0242 1.44155 0.737575 0.0242 1.43129 0.737518 0.0242
1.42091 0.748241 0.0242 1.42072 0.7575 0.0242 1.33607 0.8925 0.0242 1.33741
0.8775 0.0242 1.3457 0.900563 0.0242 1.33607 0.901714 0.0242 1.33607 0.922006
0.0242 1.33607 0.911638 0.0242 1.33607 0.932204 0.0242 1.32886 0.962476 0.0242
1.3288 0.952453 0.0242 1.32801 0.9425 0.0242 1.38111 0.7175 0.0242 1.38111
0.726525 0.0242 1.37102 0.737511 0.0242 1.36093 0.737485 0.0242 1.38107 0.737519
0.0242 1.38119 0.8775 0.0242 1.38093 0.886417 0.0242 1.42123 0.8775 0.0242
1.42126 0.886679 0.0242 1.34107 0.108798 0.0242 1.34107 0.1175 0.0242 1.3811
0.108787 0.0242 1.3811 0.1175 0.0242 1.34093 0.72644 0.0242 1.34107 0.7175
0.0242 1.35076 0.737412 0.0242 1.34049 0.737222 0.0242 1.3402 0.7575 0.0242
1.34012 0.748165 0.0242 1.3911 0.73752 0.0242 1.38106 0.748486 0.0242 1.38107
0.7575 0.0242 1.28103 0.0395056 0.0242 1.28103 3.27481e-34 0.0242 1.28103 0.0791551
0.0242 1.30104 0.0789774 0.0242 1.30104 0.0988384 0.0242 1.29103 0.0988604 0.0242
1.28102 0.0989298 0.0242 1.28102 0.7175 0.0242 1.29103 0.7175 0.0242 1.29098
0.726306 0.0242 1.28099 0.726397 0.0242 1.32106 0.7175 0.0242 1.33106 0.7175
0.0242 1.33085 0.726351 0.0242 1.32081 0.726256 0.0242 1.27994 0.778583 0.0242
1.28007 0.79931 0.0242 1.28007 0.757561 0.0242 1.29859 0.756851 0.0242 1.29915
0.767778 0.0242 1.29971 0.778608 0.0242 1.27995 0.819721 0.0242 1.27953 0.839876
0.0242 1.30012 0.79956 0.0242 1.30017 0.809774 0.0242 1.30017 0.819865 0.0242
1.27808 0.860073 0.0242 1.27532 0.880258 0.0242 1.30008 0.839884 0.0242 1.29999
0.84988 0.0242 1.29966 0.860009 0.0242 1.2849 0.880398 0.0242 1.28607 0.8925
0.0242 1.2746 0.890164 0.0242 1.28607 0.921077 0.0242 1.28607 0.931125 0.0242
1.27624 0.932123 0.0242 1.27702 0.921315 0.0242 1.27795 0.981588 0.0242 1.27875
1 0.0242 1.2764 0.963063 0.0242 1.28634 0.963166 0.0242 1.29746 0.962423
0.0242 1.29833 0.981457 0.0242 1.31891 0.981349 0.0242 1.31875 0.961977 0.0242
1.31105 0.7175 0.0242 1.3109 0.726249 0.0242 1.28088 0.736725 0.0242 1.29084
0.73648 0.0242 1.30065 0.736391 0.0242 1.31893 0.7575 0.0242 1.30742 0.755951
0.0242 1.31051 0.736308 0.0242 1.31984 0.736256 0.0242 1.31773 0.745721 0.0242
1.31893 0.839886 0.0242 1.31893 0.849736 0.0242 1.31015 0.849775 0.0242 1.31018
0.839873 0.0242 1.29904 0.870559 0.0242 1.29747 0.881757 0.0242 1.30974 0.881164
0.0242 1.30996 0.869851 0.0242 1.31893 0.868939 0.0242 1.31893 0.8775 0.0242
1.32105 0.8925 0.0242 1.30814 0.8925 0.0242 1.27698 0.911039 0.0242 1.28607
0.911073 0.0242 1.2754 0.953673 0.0242 1.2851 0.953983 0.0242 1.30829 0.961981
0.0242 1.3084 0.951696 0.0242 1.31884 0.951709 0.0242 1.27102 0.0990254 0.0242
1.28102 0.1175 0.0242 1.27102 0.1175 0.0242 1.27102 0.108877 0.0242 1.28102
0.108836 0.0242 1.31105 0.0988215 0.0242 1.29103 0.108813 0.0242 1.29103 0.1175
0.0242 1.31105 0.1175 0.0242 1.31105 0.108801 0.0242 1.27102 0.7175 0.0242
1.271 0.726537 0.0242 1.27096 0.737004 0.0242 1.30104 0.7175 0.0242 1.30094
0.726269 0.0242 1.32931 0.747379 0.0242 1.32998 0.7575 0.0242 1.31893 0.768657
0.0242 1.30905 0.767747 0.0242 1.3 0.789199 0.0242 1.31018 0.79967 0.0242
1.31011 0.789318 0.0242 1.31893 0.789448 0.0242 1.31893 0.799769 0.0242 1.31893
0.809914 0.0242 1.3102 0.809849 0.0242 1.30016 0.829897 0.0242 1.31893 0.829952
0.0242 1.3102 0.829923 0.0242 1.27627 0.900874 0.0242 1.29758 0.8925 0.0242
1.28607 0.901791 0.0242 1.27471 0.943924 0.0242 1.28607 0.9425 0.0242 1.29883
1 0.0242 1.31911 1 0.0242 1.31893 0.859462 0.0242 1.31007 0.859686
0.0242 1.29729 0.95241 0.0242 1.29823 0.9425 0.0242 1.30873 0.9425 0.0242
1.31897 0.9425 0.0242 1.33012 0.736805 0.0242 1.26101 0.108934 0.0242 1.26101
0.1175 0.0242 1.30104 0.108805 0.0242 1.30104 0.1175 0.0242 1.31893 0.778934
0.0242 1.30986 0.778712 0.0242 1.31893 0.819962 0.0242 1.3102 0.819919 0.0242
1.48117 0.0391427 0.0242 1.4812 1.68052e-33 0.0242 1.5212 0 0.0242 1.52115
0.0395157 0.0242 1.48106 0.0782562 0.0242 1.46117 0.0778261 0.0242 1.52099 0.0791169
0.0242 1.56119 0.0397841 0.0242 1.5611 0.0796071 0.0242 1.46108 0.0974083 0.0242
1.5206 0.119008 0.0242 1.48041 0.117976 0.0242 1.48087 0.0979066 0.0242 1.56091
0.119555 0.0242 1.45133 0.115902 0.0242 1.44962 0.127509 0.0242 1.43964 0.128295
0.0242 1.43964 0.1175 0.0242 1.52002 0.159503 0.0242 1.47905 0.159367 0.0242
1.4795 0.138653 0.0242 1.5607 0.159697 0.0242 1.44843 0.159589 0.0242 1.4484
0.16982 0.0242 1.43964 0.169889 0.0242 1.43964 0.159693 0.0242 1.51993 0.199827
0.0242 1.47884 0.199916 0.0242 1.47879 0.179749 0.0242 1.56071 0.199792 0.0242
1.44839 0.19999 0.0242 1.44838 0.209997 0.0242 1.43964 0.209999 0.0242 1.43964
0.199999 0.0242 1.52046 0.239962 0.0242 1.47934 0.240114 0.0242 1.47887 0.220013
0.0242 1.561 0.239753 0.0242 1.44839 0.240015 0.0242 1.44838 0.25008 0.0242
1.43964 0.249971 0.0242 1.43964 0.239972 0.0242 1.52157 0.280032 0.0242 1.50203
0.280246 0.0242 1.48279 0.280299 0.0242 1.48045 0.260321 0.0242 1.56139 0.27954
0.0242 1.44682 0.28272 0.0242 1.44526 0.292488 0.0242 1.42216 0.292397 0.0242
1.43951 0.280877 0.0242 1.50169 0.300376 0.0242 1.48173 0.300653 0.0242 1.4834
0.290103 0.0242 1.52125 0.319321 0.0242 1.52153 0.299951 0.0242 1.56132 0.31915
0.0242 1.54124 0.319198 0.0242 1.48094 0.321414 0.0242 1.5014 0.320484 0.0242
1.50187 0.340153 0.0242 1.48331 0.343808 0.0242 1.48171 0.332299 0.0242 1.54118
0.338722 0.0242 1.53103 0.338116 0.0242 1.5208 0.337568 0.0242 1.44755 0.357709
0.0242 1.44826 0.368624 0.0242 1.43963 0.368496 0.0242 1.43959 0.356508 0.0242
1.50157 0.357658 0.0242 1.50236 0.368017 0.0242 1.50292 0.378678 0.0242 1.48111
0.379836 0.0242 1.48188 0.361832 0.0242 1.44844 0.39986 0.0242 1.44843 0.409945
0.0242 1.43964 0.409977 0.0242 1.43964 0.399918 0.0242 1.50334 0.399555 0.0242
1.50346 0.409775 0.0242 1.50339 0.419897 0.0242 1.48102 0.419909 0.0242 1.48104
0.39978 0.0242 1.44844 0.439997 0.0242 1.44843 0.449999 0.0242 1.43964 0.45
0.0242 1.43964 0.44 0.0242 1.50329 0.439975 0.0242 1.50321 0.449973 0.0242
1.50277 0.459953 0.0242 1.48057 0.459972 0.0242 1.48091 0.439967 0.0242 1.44841
0.479999 0.0242 1.4484 0.489999 0.0242 1.43964 0.49 0.0242 1.43964 0.48
0.0242 1.50114 0.480009 0.0242 1.5003 0.499664 0.0242 1.47942 0.499885 0.0242
1.47987 0.47996 0.0242 1.5225 0.4775 0.0242 1.53137 0.4775 0.0242 1.53063
0.487793 0.0242 1.52006 0.489421 0.0242 1.44839 0.519998 0.0242 1.44839 0.529998
0.0242 1.43964 0.53 0.0242 1.43964 0.52 0.0242 1.51991 0.559618 0.0242
1.47877 0.559948 0.0242 1.47879 0.539952 0.0242 1.47912 0.519893 0.0242 1.5
0.519651 0.0242 1.5204 0.519315 0.0242 1.54088 0.518622 0.0242 1.56115 0.51789
0.0242 1.56087 0.558982 0.0242 1.44838 0.559999 0.0242 1.44838 0.569999 0.0242
1.43964 0.57 0.0242 1.43964 0.56 0.0242 1.51966 0.599829 0.0242 1.4787
0.599976 0.0242 1.47866 0.579978 0.0242 1.5606 0.599569 0.0242 1.44838 0.6
0.0242 1.44838 0.61 0.0242 1.43964 0.61 0.0242 1.43964 0.6 0.0242
1.51964 0.639897 0.0242 1.47873 0.639981 0.0242 1.47864 0.619988 0.0242 1.56048
0.639806 0.0242 1.44838 0.639999 0.0242 1.44838 0.649999 0.0242 1.43964 0.649999
0.0242 1.43964 0.639999 0.0242 1.51983 0.679842 0.0242 1.47902 0.679922 0.0242
1.47875 0.659972 0.0242 1.56053 0.679847 0.0242 1.44843 0.68 0.0242 1.44852
0.689991 0.0242 1.43964 0.69001 0.0242 1.43964 0.680007 0.0242 1.52023 0.719592
0.0242 1.48016 0.719436 0.0242 1.47944 0.699787 0.0242 1.56066 0.719772 0.0242
1.45132 0.720109 0.0242 1.46059 0.71979 0.0242 1.46063 0.738286 0.0242 1.52011
0.759248 0.0242 1.47981 0.758297 0.0242 1.48025 0.738692 0.0242 1.56061 0.759681
0.0242 1.45064 0.755916 0.0242 1.44892 0.767473 0.0242 1.43893 0.768223 0.0242
1.51965 0.799582 0.0242 1.47848 0.799397 0.0242 1.47889 0.778751 0.0242 1.56047
0.799784 0.0242 1.44773 0.799573 0.0242 1.4477 0.809813 0.0242 1.43893 0.809883
0.0242 1.43893 0.799677 0.0242 1.51969 0.839833 0.0242 1.47851 0.839904 0.0242
1.47826 0.819755 0.0242 1.5605 0.839888 0.0242 1.44773 0.840014 0.0242 1.44782
0.850034 0.0242 1.43893 0.850052 0.0242 1.43893 0.840024 0.0242 1.52027 0.879865
0.0242 1.4799 0.879845 0.0242 1.47895 0.859934 0.0242 1.56073 0.87992 0.0242
1.45065 0.88018 0.0242 1.46004 0.880003 0.0242 1.46063 0.899379 0.0242 1.52069
0.919801 0.0242 1.48064 0.919525 0.0242 1.48042 0.899597 0.0242 1.56093 0.919915
0.0242 1.48065 0.959753 0.0242 1.46074 0.919232 0.0242 1.52083 0.959874 0.0242
1.56102 0.959946 0.0242 1.48064 1 0.0242 1.52087 1 0.0242 1.56105
1 0.0242 1.44195 0.105908 0.0242 1.47179 0.2925 0.0242 1.47273 0.280511
0.0242 1.47179 0.321264 0.0242 1.47179 0.310933 0.0242 1.48094 0.310936 0.0242
1.47179 0.331463 0.0242 1.44426 0.347984 0.0242 1.42217 0.342612 0.0242 1.47123
0.361744 0.0242 1.4725 0.353316 0.0242 1.48265 0.35306 0.0242 1.52028 0.346131
0.0242 1.53106 0.347786 0.0242 1.53196 0.3575 0.0242 1.5225 0.3575 0.0242
1.46065 0.116915 0.0242 1.45908 0.138467 0.0242 1.45977 0.127671 0.0242 1.44851
0.149163 0.0242 1.43964 0.149278 0.0242 1.45857 0.159492 0.0242 1.4587 0.149077
0.0242 1.45847 0.179877 0.0242 1.45848 0.169747 0.0242 1.44839 0.189973 0.0242
1.43964 0.189992 0.0242 1.45846 0.199976 0.0242 1.45845 0.189948 0.0242 1.45847
0.220005 0.0242 1.45845 0.209994 0.0242 1.44839 0.23 0.0242 1.43964 0.229987
0.0242 1.45851 0.240077 0.0242 1.45846 0.230024 0.0242 1.4586 0.260546 0.0242
1.4585 0.250213 0.0242 1.44807 0.270953 0.0242 1.43963 0.270271 0.0242 1.45929
0.282206 0.0242 1.45867 0.27128 0.0242 1.45866 0.292502 0.0242 1.51082 0.356087
0.0242 1.4587 0.37942 0.0242 1.45868 0.369263 0.0242 1.45912 0.359926 0.0242
1.44842 0.389667 0.0242 1.43964 0.389748 0.0242 1.4587 0.399813 0.0242 1.45862
0.389646 0.0242 1.51251 0.36762 0.0242 1.5225 0.368317 0.0242 1.50329 0.389173
0.0242 1.51366 0.399609 0.0242 1.5136 0.389197 0.0242 1.5225 0.389288 0.0242
1.5225 0.399697 0.0242 1.45871 0.419957 0.0242 1.45863 0.409911 0.0242 1.44843
0.429992 0.0242 1.43964 0.429998 0.0242 1.4587 0.439991 0.0242 1.45863 0.429981
0.0242 1.51369 0.409828 0.0242 1.5225 0.40989 0.0242 1.50345 0.429954 0.0242
1.51364 0.439988 0.0242 1.51368 0.429975 0.0242 1.5225 0.429992 0.0242 1.5225
0.44 0.0242 1.45866 0.459997 0.0242 1.45861 0.449996 0.0242 1.44842 0.469999
0.0242 1.43964 0.47 0.0242 1.45859 0.479996 0.0242 1.45857 0.469997 0.0242
1.51357 0.449981 0.0242 1.5225 0.449996 0.0242 1.50212 0.46994 0.0242 1.51072
0.480156 0.0242 1.51244 0.469884 0.0242 1.5225 0.469072 0.0242 1.45853 0.499989
0.0242 1.45852 0.489995 0.0242 1.44839 0.509998 0.0242 1.43964 0.51 0.0242
1.45849 0.519989 0.0242 1.45848 0.509992 0.0242 1.52035 0.499105 0.0242 1.53066
0.498355 0.0242 1.5409 0.497802 0.0242 1.45846 0.539994 0.0242 1.45846 0.529994
0.0242 1.44838 0.549999 0.0242 1.43964 0.55 0.0242 1.45846 0.559995 0.0242
1.45844 0.549996 0.0242 1.45844 0.579998 0.0242 1.45843 0.569997 0.0242 1.44838
0.59 0.0242 1.43964 0.59 0.0242 1.45845 0.599998 0.0242 1.45843 0.589998
0.0242 1.45844 0.619999 0.0242 1.45843 0.609999 0.0242 1.44838 0.629999 0.0242
1.43964 0.63 0.0242 1.45845 0.639998 0.0242 1.45843 0.629999 0.0242 1.45847
0.659998 0.0242 1.45844 0.649999 0.0242 1.4484 0.670001 0.0242 1.43964 0.670002
0.0242 1.45859 0.679988 0.0242 1.45849 0.669997 0.0242 1.4591 0.699925 0.0242
1.45873 0.689973 0.0242 1.44963 0.709879 0.0242 1.43964 0.709105 0.0242 1.45977
0.709859 0.0242 1.46001 0.757033 0.0242 1.4584 0.778457 0.0242 1.45909 0.767691
0.0242 1.4478 0.789134 0.0242 1.43893 0.789246 0.0242 1.45789 0.799482 0.0242
1.45802 0.789061 0.0242 1.45781 0.819879 0.0242 1.45781 0.809743 0.0242 1.4477
0.829983 0.0242 1.43893 0.83 0.0242 1.45791 0.839994 0.0242 1.45782 0.829957
0.0242 1.45844 0.860008 0.0242 1.45805 0.850015 0.0242 1.44894 0.869976 0.0242
1.43893 0.869212 0.0242 1.45913 0.86999 0.0242 1.47179 0.301436 0.0242 1.47179
0.342499 0.0242 1.44962 0.342523 0.0242 1.45945 0.351021 0.0242 1.46037 0.342516
0.0242 1.54123 0.348608 0.0242 1.54137 0.3575 0.0242 1.44878 0.138483 0.0242
1.43964 0.138643 0.0242 1.44839 0.179927 0.0242 1.43964 0.179967 0.0242 1.44839
0.219998 0.0242 1.43964 0.219996 0.0242 1.44835 0.260307 0.0242 1.43964 0.260054
0.0242 1.44841 0.379282 0.0242 1.43964 0.379336 0.0242 1.44844 0.419979 0.0242
1.43964 0.419994 0.0242 1.44843 0.459999 0.0242 1.43964 0.46 0.0242 1.4484
0.499998 0.0242 1.43964 0.5 0.0242 1.54089 0.4775 0.0242 1.54085 0.487012
0.0242 1.44839 0.539999 0.0242 1.43964 0.54 0.0242 1.44838 0.579999 0.0242
1.43964 0.58 0.0242 1.44838 0.62 0.0242 1.43964 0.62 0.0242 1.44839
0.66 0.0242 1.43964 0.66 0.0242 1.44879 0.699951 0.0242 1.43964 0.699905
0.0242 1.44808 0.778444 0.0242 1.43893 0.778588 0.0242 1.4477 0.819928 0.0242
1.43893 0.819967 0.0242 1.4481 0.860025 0.0242 1.43893 0.859981 0.0242 1.5225
0.378661 0.0242 1.51333 0.37855 0.0242 1.5225 0.419967 0.0242 1.51368 0.419932
0.0242 1.5225 0.459881 0.0242 1.51328 0.459943 0.0242 7.58321 0.04 0.0242
7.28423 0.04 0.0242 7.28423 -0 0.0242 7.58321 -0 0.0242 7.89076
0.04 0.0242 7.89076 -0 0.0242 8.20715 0.04 0.0242 8.20715 -0
0.0242 8.53261 0.04 0.0242 8.53261 -0 0.0242 8.86741 0.04 0.0242
8.86741 -0 0.0242 9.21182 0.04 0.0242 9.21182 -0 0.0242 9.56611
0.04 0.0242 9.56611 -0 0.0242 9.93057 0.04 0.0242 9.93057 -0
0.0242 10.3055 0.04 0.0242 10.3055 -0 0.0242 10.6912 0.04 0.0242
10.6912 -0 0.0242 11.0879 0.04 0.0242 11.0879 -0 0.0242 11.496
0.04 0.0242 11.496 -0 0.0242 11.9159 0.04 0.0242 11.9159 -0
0.0242 12.3478 0.04 0.0242 12.3478 -0 0.0242 12.792 0.04 0.0242
12.792 -0 0.0242 13.2491 0.04 0.0242 13.2491 -0 0.0242 13.7192
0.04 0.0242 13.7192 0 0.0242 14.2028 0.04 0.0242 14.2028 0
0.0242 14.7004 0.04 0.0242 14.7004 0 0.0242 15.2121 0.04 0.0242
15.2121 0 0.0242 15.7386 0.04 0.0242 15.7386 0 0.0242 16.2802
0.04 0.0242 16.2802 0 0.0242 16.8373 0.04 0.0242 16.8373 0
0.0242 17.4104 0.04 0.0242 17.4104 0 0.0242 18 0 0.0242
18 0.04 0.0242 7.58321 0.08 0.0242 7.28423 0.08 0.0242 7.89076
0.08 0.0242 8.20715 0.08 0.0242 8.53261 0.08 0.0242 8.86741 0.08
0.0242 9.21182 0.08 0.0242 9.56611 0.08 0.0242 9.93057 0.08 0.0242
10.3055 0.08 0.0242 10.6912 0.08 0.0242 11.0879 0.08 0.0242 11.496
0.08 0.0242 11.9159 0.08 0.0242 12.3478 0.08 0.0242 12.792 0.08
0.0242 13.2491 0.08 0.0242 13.7192 0.08 0.0242 14.2028 0.08 0.0242
14.7004 0.08 0.0242 15.2121 0.08 0.0242 15.7386 0.08 0.0242 16.2802
0.08 0.0242 16.8373 0.08 0.0242 17.4104 0.08 0.0242 18 0.08
0.0242 7.58321 0.12 0.0242 7.28423 0.12 0.0242 7.89076 0.12 0.0242
8.20715 0.12 0.0242 8.53261 0.12 0.0242 8.86741 0.12 0.0242 9.21182
0.12 0.0242 9.56611 0.12 0.0242 9.93057 0.12 0.0242 10.3055 0.12
0.0242 10.6912 0.12 0.0242 11.0879 0.12 0.0242 11.496 0.12 0.0242
11.9159 0.12 0.0242 12.3478 0.12 0.0242 12.792 0.12 0.0242 13.2491
0.12 0.0242 13.7192 0.12 0.0242 14.2028 0.12 0.0242 14.7004 0.12
0.0242 15.2121 0.12 0.0242 15.7386 0.12 0.0242 16.2802 0.12 0.0242
16.8373 0.12 0.0242 17.4104 0.12 0.0242 18 0.12 0.0242 7.58321
0.16 0.0242 7.28423 0.16 0.0242 7.89076 0.16 0.0242 8.20715 0.16
0.0242 8.53261 0.16 0.0242 8.86741 0.16 0.0242 9.21182 0.16 0.0242
9.56611 0.16 0.0242 9.93057 0.16 0.0242 10.3055 0.16 0.0242 10.6912
0.16 0.0242 11.0879 0.16 0.0242 11.496 0.16 0.0242 11.9159 0.16
0.0242 12.3478 0.16 0.0242 12.792 0.16 0.0242 13.2491 0.16 0.0242
13.7192 0.16 0.0242 14.2028 0.16 0.0242 14.7004 0.16 0.0242 15.2121
0.16 0.0242 15.7386 0.16 0.0242 16.2802 0.16 0.0242 16.8373 0.16
0.0242 17.4104 0.16 0.0242 18 0.16 0.0242 7.58321 0.2 0.0242
7.28423 0.2 0.0242 7.89076 0.2 0.0242 8.20715 0.2 0.0242 8.53261
0.2 0.0242 8.86741 0.2 0.0242 9.21182 0.2 0.0242 9.56611 0.2
0.0242 9.93057 0.2 0.0242 10.3055 0.2 0.0242 10.6912 0.2 0.0242
11.0879 0.2 0.0242 11.496 0.2 0.0242 11.9159 0.2 0.0242 12.3478
0.2 0.0242 12.792 0.2 0.0242 13.2491 0.2 0.0242 13.7192 0.2
0.0242 14.2028 0.2 0.0242 14.7004 0.2 0.0242 15.2121 0.2 0.0242
15.7386 0.2 0.0242 16.2802 0.2 0.0242 16.8373 0.2 0.0242 17.4104
0.2 0.0242 18 0.2 0.0242 7.58321 0.24 0.0242 7.28423 0.24
0.0242 7.89076 0.24 0.0242 8.20715 0.24 0.0242 8.53261 0.24 0.0242
8.86741 0.24 0.0242 9.21182 0.24 0.0242 9.56611 0.24 0.0242 9.93057
0.24 0.0242 10.3055 0.24 0.0242 10.6912 0.24 0.0242 11.0879 0.24
0.0242 11.496 0.24 0.0242 11.9159 0.24 0.0242 12.3478 0.24 0.0242
12.792 0.24 0.0242 13.2491 0.24 0.0242 13.7192 0.24 0.0242 14.2028
0.24 0.0242 14.7004 0.24 0.0242 15.2121 0.24 0.0242 15.7386 0.24
0.0242 16.2802 0.24 0.0242 16.8373 0.24 0.0242 17.4104 0.24 0.0242
18 0.24 0.0242 7.58321 0.28 0.0242 7.28423 0.28 0.0242 7.89076
0.28 0.0242 8.20715 0.28 0.0242 8.53261 0.28 0.0242 8.86741 0.28
0.0242 9.21182 0.28 0.0242 9.56611 0.28 0.0242 9.93057 0.28 0.0242
10.3055 0.28 0.0242 10.6912 0.28 0.0242 11.0879 0.28 0.0242 11.496
0.28 0.0242 11.9159 0.28 0.0242 12.3478 0.28 0.0242 12.792 0.28
0.0242 13.2491 0.28 0.0242 13.7192 0.28 0.0242 14.2028 0.28 0.0242
14.7004 0.28 0.0242 15.2121 0.28 0.0242 15.7386 0.28 0.0242 16.2802
0.28 0.0242 16.8373 0.28 0.0242 17.4104 0.28 0.0242 18 0.28
0.0242 7.58321 0.32 0.0242 7.28423 0.32 0.0242 7.89076 0.32 0.0242
8.20715 0.32 0.0242 8.53261 0.32 0.0242 8.86741 0.32 0.0242 9.21182
0.32 0.0242 9.56611 0.32 0.0242 9.93057 0.32 0.0242 10.3055 0.32
0.0242 10.6912 0.32 0.0242 11.0879 0.32 0.0242 11.496 0.32 0.0242
11.9159 0.32 0.0242 12.3478 0.32 0.0242 12.792 0.32 0.0242 13.2491
0.32 0.0242 13.7192 0.32 0.0242 14.2028 0.32 0.0242 14.7004 0.32
0.0242 15.2121 0.32 0.0242 15.7386 0.32 0.0242 16.2802 0.32 0.0242
16.8373 0.32 0.0242 17.4104 0.32 0.0242 18 0.32 0.0242 7.58321
0.36 0.0242 7.28423 0.36 0.0242 7.89076 0.36 0.0242 8.20715 0.36
0.0242 8.53261 0.36 0.0242 8.86741 0.36 0.0242 9.21182 0.36 0.0242
9.56611 0.36 0.0242 9.93057 0.36 0.0242 10.3055 0.36 0.0242 10.6912
0.36 0.0242 11.0879 0.36 0.0242 11.496 0.36 0.0242 11.9159 0.36
0.0242 12.3478 0.36 0.0242 12.792 0.36 0.0242 13.2491 0.36 0.0242
13.7192 0.36 0.0242 14.2028 0.36 0.0242 14.7004 0.36 0.0242 15.2121
0.36 0.0242 15.7386 0.36 0.0242 16.2802 0.36 0.0242 16.8373 0.36
0.0242 17.4104 0.36 0.0242 18 0.36 0.0242 7.58321 0.4 0.0242
7.28423 0.4 0.0242 7.89076 0.4 0.0242 8.20715 0.4 0.0242 8.53261
0.4 0.0242 8.86741 0.4 0.0242 9.21182 0.4 0.0242 9.56611 0.4
0.0242 9.93057 0.4 0.0242 10.3055 0.4 0.0242 10.6912 0.4 0.0242
11.0879 0.4 0.0242 11.496 0.4 0.0242 11.9159 0.4 0.0242 12.3478
0.4 0.0242 12.792 0.4 0.0242 13.2491 0.4 0.0242 13.7192 0.4
0.0242 14.2028 0.4 0.0242 14.7004 0.4 0.0242 15.2121 0.4 0.0242
15.7386 0.4 0.0242 16.2802 0.4 0.0242 16.8373 0.4 0.0242 17.4104
0.4 0.0242 18 0.4 0.0242 7.58321 0.44 0.0242 7.28423 0.44
0.0242 7.89076 0.44 0.0242 8.20715 0.44 0.0242 8.53261 0.44 0.0242
8.86741 0.44 0.0242 9.21182 0.44 0.0242 9.56611 0.44 0.0242 9.93057
0.44 0.0242 10.3055 0.44 0.0242 10.6912 0.44 0.0242 11.0879 0.44
0.0242 11.496 0.44 0.0242 11.9159 0.44 0.0242 12.3478 0.44 0.0242
12.792 0.44 0.0242 13.2491 0.44 0.0242 13.7192 0.44 0.0242 14.2028
0.44 0.0242 14.7004 0.44 0.0242 15.2121 0.44 0.0242 15.7386 0.44
0.0242 16.2802 0.44 0.0242 16.8373 0.44 0.0242 17.4104 0.44 0.0242
18 0.44 0.0242 7.58321 0.48 0.0242 7.28423 0.48 0.0242 7.89076
0.48 0.0242 8.20715 0.48 0.0242 8.53261 0.48 0.0242 8.86741 0.48
0.0242 9.21182 0.48 0.0242 9.56611 0.48 0.0242 9.93057 0.48 0.0242
10.3055 0.48 0.0242 10.6912 0.48 0.0242 11.0879 0.48 0.0242 11.496
0.48 0.0242 11.9159 0.48 0.0242 12.3478 0.48 0.0242 12.792 0.48
0.0242 13.2491 0.48 0.0242 13.7192 0.48 0.0242 14.2028 0.48 0.0242
14.7004 0.48 0.0242 15.2121 0.48 0.0242 15.7386 0.48 0.0242 16.2802
0.48 0.0242 16.8373 0.48 0.0242 17.4104 0.48 0.0242 18 0.48
0.0242 7.58321 0.52 0.0242 7.28423 0.52 0.0242 7.89076 0.52 0.0242
8.20715 0.52 0.0242 8.53261 0.52 0.0242 8.86741 0.52 0.0242 9.21182
0.52 0.0242 9.56611 0.52 0.0242 9.93057 0.52 0.0242 10.3055 0.52
0.0242 10.6912 0.52 0.0242 11.0879 0.52 0.0242 11.496 0.52 0.0242
11.9159 0.52 0.0242 12.3478 0.52 0.0242 12.792 0.52 0.0242 13.2491
0.52 0.0242 13.7192 0.52 0.0242 14.2028 0.52 0.0242 14.7004 0.52
0.0242 15.2121 0.52 0.0242 15.7386 0.52 0.0242 16.2802 0.52 0.0242
16.8373 0.52 0.0242 17.4104 0.52 0.0242 18 0.52 0.0242 7.58321
0.56 0.0242 7.28423 0.56 0.0242 7.89076 0.56 0.0242 8.20715 0.56
0.0242 8.53261 0.56 0.0242 8.86741 0.56 0.0242 9.21182 0.56 0.0242
9.56611 0.56 0.0242 9.93057 0.56 0.0242 10.3055 0.56 0.0242 10.6912
0.56 0.0242 11.0879 0.56 0.0242 11.496 0.56 0.0242 11.9159 0.56
0.0242 12.3478 0.56 0.0242 12.792 0.56 0.0242 13.2491 0.56 0.0242
13.7192 0.56 0.0242 14.2028 0.56 0.0242 14.7004 0.56 0.0242 15.2121
0.56 0.0242 15.7386 0.56 0.0242 16.2802 0.56 0.0242 16.8373 0.56
0.0242 17.4104 0.56 0.0242 18 0.56 0.0242 7.58321 0.6 0.0242
7.28423 0.6 0.0242 7.89076 0.6 0.0242 8.20715 0.6 0.0242 8.53261
0.6 0.0242 8.86741 0.6 0.0242 9.21182 0.6 0.0242 9.56611 0.6
0.0242 9.93057 0.6 0.0242 10.3055 0.6 0.0242 10.6912 0.6 0.0242
11.0879 0.6 0.0242 11.496 0.6 0.0242 11.9159 0.6 0.0242 12.3478
0.6 0.0242 12.792 0.6 0.0242 13.2491 0.6 0.0242 13.7192 0.6
0.0242 14.2028 0.6 0.0242 14.7004 0.6 0.0242 15.2121 0.6 0.0242
15.7386 0.6 0.0242 16.2802 0.6 0.0242 16.8373 0.6 0.0242 17.4104
0.6 0.0242 18 0.6 0.0242 7.58321 0.64 0.0242 7.28423 0.64
0.0242 7.89076 0.64 0.0242 8.20715 0.64 0.0242 8.53261 0.64 0.0242
8.86741 0.64 0.0242 9.21182 0.64 0.0242 9.56611 0.64 0.0242 9.93057
0.64 0.0242 10.3055 0.64 0.0242 10.6912 0.64 0.0242 11.0879 0.64
0.0242 11.496 0.64 0.0242 11.9159 0.64 0.0242 12.3478 0.64 0.0242
12.792 0.64 0.0242 13.2491 0.64 0.0242 13.7192 0.64 0.0242 14.2028
0.64 0.0242 14.7004 0.64 0.0242 15.2121 0.64 0.0242 15.7386 0.64
0.0242 16.2802 0.64 0.0242 16.8373 0.64 0.0242 17.4104 0.64 0.0242
18 0.64 0.0242 7.58321 0.68 0.0242 7.28423 0.68 0.0242 7.89076
0.68 0.0242 8.20715 0.68 0.0242 8.53261 0.68 0.0242 8.86741 0.68
0.0242 9.21182 0.68 0.0242 9.56611 0.68 0.0242 9.93057 0.68 0.0242
10.3055 0.68 0.0242 10.6912 0.68 0.0242 11.0879 0.68 0.0242 11.496
0.68 0.0242 11.9159 0.68 0.0242 12.3478 0.68 0.0242 12.792 0.68
0.0242 13.2491 0.68 0.0242 13.7192 0.68 0.0242 14.2028 0.68 0.0242
14.7004 0.68 0.0242 15.2121 0.68 0.0242 15.7386 0.68 0.0242 16.2802
0.68 0.0242 16.8373 0.68 0.0242 17.4104 0.68 0.0242 18 0.68
0.0242 7.58321 0.72 0.0242 7.28423 0.72 0.0242 7.89076 0.72 0.0242
8.20715 0.72 0.0242 8.53261 0.72 0.0242 8.86741 0.72 0.0242 9.21182
0.72 0.0242 9.56611 0.72 0.0242 9.93057 0.72 0.0242 10.3055 0.72
0.0242 10.6912 0.72 0.0242 11.0879 0.72 0.0242 11.496 0.72 0.0242
11.9159 0.72 0.0242 12.3478 0.72 0.0242 12.792 0.72 0.0242 13.2491
0.72 0.0242 13.7192 0.72 0.0242 14.2028 0.72 0.0242 14.7004 0.72
0.0242 15.2121 0.72 0.0242 15.7386 0.72 0.0242 16.2802 0.72 0.0242
16.8373 0.72 0.0242 17.4104 0.72 0.0242 18 0.72 0.0242 7.58321
0.76 0.0242 7.28423 0.76 0.0242 7.89076 0.76 0.0242 8.20715 0.76
0.0242 8.53261 0.76 0.0242 8.86741 0.76 0.0242 9.21182 0.76 0.0242
9.56611 0.76 0.0242 9.93057 0.76 0.0242 10.3055 0.76 0.0242 10.6912
0.76 0.0242 11.0879 0.76 0.0242 11.496 0.76 0.0242 11.9159 0.76
0.0242 12.3478 0.76 0.0242 12.792 0.76 0.0242 13.2491 0.76 0.0242
13.7192 0.76 0.0242 14.2028 0.76 0.0242 14.7004 0.76 0.0242 15.2121
0.76 0.0242 15.7386 0.76 0.0242 16.2802 0.76 0.0242 16.8373 0.76
0.0242 17.4104 0.76 0.0242 18 0.76 0.0242 7.58321 0.8 0.0242
7.28423 0.8 0.0242 7.89076 0.8 0.0242 8.20715 0.8 0.0242 8.53261
0.8 0.0242 8.86741 0.8 0.0242 9.21182 0.8 0.0242 9.56611 0.8
0.0242 9.93057 0.8 0.0242 10.3055 0.8 0.0242 10.6912 0.8 0.0242
11.0879 0.8 0.0242 11.496 0.8 0.0242 11.9159 0.8 0.0242 12.3478
0.8 0.0242 12.792 0.8 0.0242 13.2491 0.8 0.0242 13.7192 0.8
0.0242 14.2028 0.8 0.0242 14.7004 0.8 0.0242 15.2121 0.8 0.0242
15.7386 0.8 0.0242 16.2802 0.8 0.0242 16.8373 0.8 0.0242 17.4104
0.8 0.0242 18 0.8 0.0242 7.58321 0.84 0.0242 7.28423 0.84
0.0242 7.89076 0.84 0.0242 8.20715 0.84 0.0242 8.53261 0.84 0.0242
8.86741 0.84 0.0242 9.21182 0.84 0.0242 9.56611 0.84 0.0242 9.93057
0.84 0.0242 10.3055 0.84 0.0242 10.6912 0.84 0.0242 11.0879 0.84
0.0242 11.496 0.84 0.0242 11.9159 0.84 0.0242 12.3478 0.84 0.0242
12.792 0.84 0.0242 13.2491 0.84 0.0242 13.7192 0.84 0.0242 14.2028
0.84 0.0242 14.7004 0.84 0.0242 15.2121 0.84 0.0242 15.7386 0.84
0.0242 16.2802 0.84 0.0242 16.8373 0.84 0.0242 17.4104 0.84 0.0242
18 0.84 0.0242 7.58321 0.88 0.0242 7.28423 0.88 0.0242 7.89076
0.88 0.0242 8.20715 0.88 0.0242 8.53261 0.88 0.0242 8.86741 0.88
0.0242 9.21182 0.88 0.0242 9.56611 0.88 0.0242 9.93057 0.88 0.0242
10.3055 0.88 0.0242 10.6912 0.88 0.0242 11.0879 0.88 0.0242 11.496
0.88 0.0242 11.9159 0.88 0.0242 12.3478 0.88 0.0242 12.792 0.88
0.0242 13.2491 0.88 0.0242 13.7192 0.88 0.0242 14.2028 0.88 0.0242
14.7004 0.88 0.0242 15.2121 0.88 0.0242 15.7386 0.88 0.0242 16.2802
0.88 0.0242 16.8373 0.88 0.0242 17.4104 0.88 0.0242 18 0.88
0.0242 7.58321 0.92 0.0242 7.28423 0.92 0.0242 7.89076 0.92 0.0242
8.20715 0.92 0.0242 8.53261 0.92 0.0242 8.86741 0.92 0.0242 9.21182
0.92 0.0242 9.56611 0.92 0.0242 9.93057 0.92 0.0242 10.3055 0.92
0.0242 10.6912 0.92 0.0242 11.0879 0.92 0.0242 11.496 0.92 0.0242
11.9159 0.92 0.0242 12.3478 0.92 0.0242 12.792 0.92 0.0242 13.2491
0.92 0.0242 13.7192 0.92 0.0242 14.2028 0.92 0.0242 14.7004 0.92
0.0242 15.2121 0.92 0.0242 15.7386 0.92 0.0242 16.2802 0.92 0.0242
16.8373 0.92 0.0242 17.4104 0.92 0.0242 18 0.92 0.0242 7.58321
0.96 0.0242 7.28423 0.96 0.0242 7.89076 0.96 0.0242 8.20715 0.96
0.0242 8.53261 0.96 0.0242 8.86741 0.96 0.0242 9.21182 0.96 0.0242
9.56611 0.96 0.0242 9.93057 0.96 0.0242 10.3055 0.96 0.0242 10.6912
0.96 0.0242 11.0879 0.96 0.0242 11.496 0.96 0.0242 11.9159 0.96
0.0242 12.3478 0.96 0.0242 12.792 0.96 0.0242 13.2491 0.96 0.0242
13.7192 0.96 0.0242 14.2028 0.96 0.0242 14.7004 0.96 0.0242 15.2121
0.96 0.0242 15.7386 0.96 0.0242 16.2802 0.96 0.0242 16.8373 0.96
0.0242 17.4104 0.96 0.0242 18 0.96 0.0242 7.58321 1 0.0242
7.28423 1 0.0242 7.89076 1 0.0242 8.20715 1 0.0242 8.53261
1 0.0242 8.86741 1 0.0242 9.21182 1 0.0242 9.56611 1
0.0242 9.93057 1 0.0242 10.3055 1 0.0242 10.6912 1 0.0242
11.0879 1 0.0242 11.496 1 0.0242 11.9159 1 0.0242 12.3478
1 0.0242 12.792 1 0.0242 13.2491 1 0.0242 13.7192 1
0.0242 14.2028 1 0.0242 14.7004 1 0.0242 15.2121 1 0.0242
15.7386 1 0.0242 16.2802 1 0.0242 16.8373 1 0.0242 17.4104
1 0.0242 18 1 0.0242 6.71106 0.04 0.0242 6.43641 0.04
0.0242 6.43641 0 0.0242 6.71106 0 0.0242 6.99359 0.04 0.0242
6.99359 -0 0.0242 6.71106 0.08 0.0242 6.43641 0.08 0.0242 6.99359
0.08 0.0242 6.71106 0.12 0.0242 6.43641 0.12 0.0242 6.99359 0.12
0.0242 6.71106 0.16 0.0242 6.43641 0.16 0.0242 6.99359 0.16 0.0242
6.71106 0.2 0.0242 6.43641 0.2 0.0242 6.99359 0.2 0.0242 6.71106
0.24 0.0242 6.43641 0.24 0.0242 6.99359 0.24 0.0242 6.71106 0.28
0.0242 6.43641 0.28 0.0242 6.99359 0.28 0.0242 6.71106 0.32 0.0242
6.43641 0.32 0.0242 6.99359 0.32 0.0242 6.71106 0.36 0.0242 6.43641
0.36 0.0242 6.99359 0.36 0.0242 6.71106 0.4 0.0242 6.43641 0.4
0.0242 6.99359 0.4 0.0242 6.71106 0.44 0.0242 6.43641 0.44 0.0242
6.99359 0.44 0.0242 6.71106 0.48 0.0242 6.43641 0.48 0.0242 6.99359
0.48 0.0242 6.71106 0.52 0.0242 6.43641 0.52 0.0242 6.99359 0.52
0.0242 6.71106 0.56 0.0242 6.43641 0.56 0.0242 6.99359 0.56 0.0242
6.71106 0.6 0.0242 6.43641 0.6 0.0242 6.99359 0.6 0.0242 6.99359
0.64 0.0242 6.71106 0.64 0.0242 6.99359 0.68 0.0242 6.71106 0.68
0.0242 6.99359 0.72 0.0242 6.71106 0.72 0.0242 6.99359 0.76 0.0242
6.71106 0.76 0.0242 6.99359 0.8 0.0242 6.71106 0.8 0.0242 6.99359
0.84 0.0242 6.71106 0.84 0.0242 6.99359 0.88 0.0242 6.71106 0.88
0.0242 6.99359 0.92 0.0242 6.71106 0.92 0.0242 6.99359 0.96 0.0242
6.71106 0.96 0.0242 6.99359 1 0.0242 6.71106 1 0.0242 2.14899
0.0399998 0.0242 2.0016 0.0399997 0.0242 2.0016 -0 0.0242 2.14899 0
0.0242 2.30061 0.0399999 0.0242 2.30061 0 0.0242 2.45658 0.04 0.0242
2.45658 0 0.0242 2.61702 0.04 0.0242 2.61702 -0 0.0242 2.78207
0.04 0.0242 2.78207 -0 0.0242 2.95186 0.04 0.0242 2.95186 0
0.0242 3.12652 0.04 0.0242 3.12652 0 0.0242 3.30619 0.04 0.0242
3.30619 0 0.0242 3.49101 0.04 0.0242 3.49101 0 0.0242 3.68114
0.04 0.0242 3.68114 0 0.0242 3.87672 0.04 0.0242 3.87672 0
0.0242 4.07792 0.04 0.0242 4.07792 0 0.0242 4.28489 0.04 0.0242
4.28489 0 0.0242 4.4978 0.04 0.0242 4.4978 0 0.0242 4.71682
0.04 0.0242 4.71682 0 0.0242 4.94213 0.04 0.0242 4.94213 0
0.0242 5.1739 0.04 0.0242 5.1739 0 0.0242 5.41232 0.04 0.0242
5.41232 0 0.0242 5.65758 0.04 0.0242 5.65758 0 0.0242 5.90988
0.04 0.0242 5.90988 0 0.0242 6.16942 0.04 0.0242 6.16942 0
0.0242 2.14899 0.0799997 0.0242 2.0016 0.0799993 0.0242 2.30061 0.0799998 0.0242
2.45658 0.0799999 0.0242 2.61702 0.08 0.0242 2.78207 0.08 0.0242 2.95186
0.08 0.0242 3.12652 0.08 0.0242 3.30619 0.08 0.0242 3.49101 0.08
0.0242 3.68114 0.08 0.0242 3.87672 0.08 0.0242 4.07792 0.08 0.0242
4.28489 0.08 0.0242 4.4978 0.08 0.0242 4.71682 0.08 0.0242 4.94213
0.08 0.0242 5.1739 0.08 0.0242 5.41232 0.08 0.0242 5.65758 0.08
0.0242 5.90988 0.08 0.0242 6.16942 0.08 0.0242 2.14899 0.119999 0.0242
2.0016 0.119999 0.0242 2.30061 0.12 0.0242 2.45658 0.12 0.0242 2.61702
0.12 0.0242 2.78207 0.12 0.0242 2.95186 0.12 0.0242 3.12652 0.12
0.0242 3.30619 0.12 0.0242 3.49101 0.12 0.0242 3.68114 0.12 0.0242
3.87672 0.12 0.0242 4.07792 0.12 0.0242 4.28489 0.12 0.0242 4.4978
0.12 0.0242 4.71682 0.12 0.0242 4.94213 0.12 0.0242 5.1739 0.12
0.0242 5.41232 0.12 0.0242 5.65758 0.12 0.0242 5.90988 0.12 0.0242
6.16942 0.12 0.0242 2.14899 0.159999 0.0242 2.0016 0.159998 0.0242 2.30061
0.16 0.0242 2.45658 0.16 0.0242 2.61702 0.16 0.0242 2.78207 0.16
0.0242 2.95186 0.16 0.0242 3.12652 0.16 0.0242 3.30619 0.16 0.0242
3.49101 0.16 0.0242 3.68114 0.16 0.0242 3.87672 0.16 0.0242 4.07792
0.16 0.0242 4.28489 0.16 0.0242 4.4978 0.16 0.0242 4.71682 0.16
0.0242 4.94213 0.16 0.0242 5.1739 0.16 0.0242 5.41232 0.16 0.0242
5.65758 0.16 0.0242 5.90988 0.16 0.0242 6.16942 0.16 0.0242 2.14899
0.199998 0.0242 2.00161 0.199997 0.0242 2.30061 0.199999 0.0242 2.45658 0.2
0.0242 2.61702 0.2 0.0242 2.78207 0.2 0.0242 2.95186 0.2 0.0242
3.12652 0.2 0.0242 3.30619 0.2 0.0242 3.49101 0.2 0.0242 3.68114
0.2 0.0242 3.87672 0.2 0.0242 4.07792 0.2 0.0242 4.28489 0.2
0.0242 4.4978 0.2 0.0242 4.71682 0.2 0.0242 4.94213 0.2 0.0242
5.1739 0.2 0.0242 5.41232 0.2 0.0242 5.65758 0.2 0.0242 5.90988
0.2 0.0242 6.16942 0.2 0.0242 2.14899 0.239998 0.0242 2.00161 0.239995
0.0242 2.30061 0.239999 0.0242 2.45658 0.24 0.0242 2.61702 0.24 0.0242
2.78207 0.24 0.0242 2.95186 0.24 0.0242 3.12652 0.24 0.0242 3.30619
0.24 0.0242 3.49101 0.24 0.0242 3.68114 0.24 0.0242 3.87672 0.24
0.0242 4.07792 0.24 0.0242 4.28489 0.24 0.0242 4.4978 0.24 0.0242
4.71682 0.24 0.0242 4.94213 0.24 0.0242 5.1739 0.24 0.0242 5.41232
0.24 0.0242 5.65758 0.24 0.0242 5.90988 0.24 0.0242 6.16942 0.24
0.0242 2.14899 0.279997 0.0242 2.00161 0.279994 0.0242 2.30061 0.279999 0.0242
2.45658 0.28 0.0242 2.61702 0.28 0.0242 2.78207 0.28 0.0242 2.95186
0.28 0.0242 3.12652 0.28 0.0242 3.30619 0.28 0.0242 3.49101 0.28
0.0242 3.68114 0.28 0.0242 3.87672 0.28 0.0242 4.07792 0.28 0.0242
4.28489 0.28 0.0242 4.4978 0.28 0.0242 4.71682 0.28 0.0242 4.94213
0.28 0.0242 5.1739 0.28 0.0242 5.41232 0.28 0.0242 5.65758 0.28
0.0242 5.90988 0.28 0.0242 6.16942 0.28 0.0242 2.149 0.319997 0.0242
2.00161 0.319993 0.0242 2.30061 0.319999 0.0242 2.45658 0.32 0.0242 2.61702
0.32 0.0242 2.78207 0.32 0.0242 2.95186 0.32 0.0242 3.12652 0.32
0.0242 3.30619 0.32 0.0242 3.49101 0.32 0.0242 3.68114 0.32 0.0242
3.87672 0.32 0.0242 4.07792 0.32 0.0242 4.28489 0.32 0.0242 4.4978
0.32 0.0242 4.71682 0.32 0.0242 4.94213 0.32 0.0242 5.1739 0.32
0.0242 5.41232 0.32 0.0242 5.65758 0.32 0.0242 5.90988 0.32 0.0242
6.16942 0.32 0.0242 2.149 0.359997 0.0242 2.00161 0.359993 0.0242 2.30061
0.359999 0.0242 2.45658 0.36 0.0242 2.61702 0.36 0.0242 2.78207 0.36
0.0242 2.95186 0.36 0.0242 3.12652 0.36 0.0242 3.30619 0.36 0.0242
3.49101 0.36 0.0242 3.68114 0.36 0.0242 3.87672 0.36 0.0242 4.07792
0.36 0.0242 4.28489 0.36 0.0242 4.4978 0.36 0.0242 4.71682 0.36
0.0242 4.94213 0.36 0.0242 5.1739 0.36 0.0242 5.41232 0.36 0.0242
5.65758 0.36 0.0242 5.90988 0.36 0.0242 6.16942 0.36 0.0242 2.149
0.399997 0.0242 2.00161 0.399994 0.0242 2.30061 0.399999 0.0242 2.45658 0.4
0.0242 2.61702 0.4 0.0242 2.78207 0.4 0.0242 2.95186 0.4 0.0242
3.12652 0.4 0.0242 3.30619 0.4 0.0242 3.49101 0.4 0.0242 3.68114
0.4 0.0242 3.87672 0.4 0.0242 4.07792 0.4 0.0242 4.28489 0.4
0.0242 4.4978 0.4 0.0242 4.71682 0.4 0.0242 4.94213 0.4 0.0242
5.1739 0.4 0.0242 5.41232 0.4 0.0242 5.65758 0.4 0.0242 5.90988
0.4 0.0242 6.16942 0.4 0.0242 2.149 0.439998 0.0242 2.00161 0.439995
0.0242 2.30061 0.439999 0.0242 2.45658 0.44 0.0242 2.61702 0.44 0.0242
2.78207 0.44 0.0242 2.95186 0.44 0.0242 3.12652 0.44 0.0242 3.30619
0.44 0.0242 3.49101 0.44 0.0242 3.68114 0.44 0.0242 3.87672 0.44
0.0242 4.07792 0.44 0.0242 4.28489 0.44 0.0242 4.4978 0.44 0.0242
4.71682 0.44 0.0242 4.94213 0.44 0.0242 5.1739 0.44 0.0242 5.41232
0.44 0.0242 5.65758 0.44 0.0242 5.90988 0.44 0.0242 6.16942 0.44
0.0242 2.14899 0.479998 0.0242 2.00161 0.479996 0.0242 2.30061 0.479999 0.0242
2.45658 0.48 0.0242 2.61702 0.48 0.0242 2.78207 0.48 0.0242 2.95186
0.48 0.0242 3.12652 0.48 0.0242 3.30619 0.48 0.0242 3.49101 0.48
0.0242 3.68114 0.48 0.0242 3.87672 0.48 0.0242 4.07792 0.48 0.0242
4.28489 0.48 0.0242 4.4978 0.48 0.0242 4.71682 0.48 0.0242 4.94213
0.48 0.0242 5.1739 0.48 0.0242 5.41232 0.48 0.0242 5.65758 0.48
0.0242 5.90988 0.48 0.0242 6.16942 0.48 0.0242 2.14899 0.519999 0.0242
2.00161 0.519997 0.0242 2.30061 0.519999 0.0242 2.45658 0.52 0.0242 2.61702
0.52 0.0242 2.78207 0.52 0.0242 2.95186 0.52 0.0242 3.12652 0.52
0.0242 3.30619 0.52 0.0242 3.49101 0.52 0.0242 3.68114 0.52 0.0242
3.87672 0.52 0.0242 4.07792 0.52 0.0242 4.28489 0.52 0.0242 4.4978
0.52 0.0242 4.71682 0.52 0.0242 4.94213 0.52 0.0242 5.1739 0.52
0.0242 5.41232 0.52 0.0242 5.65758 0.52 0.0242 5.90988 0.52 0.0242
6.16942 0.52 0.0242 2.14899 0.559999 0.0242 2.00161 0.559997 0.0242 2.30061
0.56 0.0242 2.45658 0.56 0.0242 2.61702 0.56 0.0242 2.78207 0.56
0.0242 2.95186 0.56 0.0242 3.12652 0.56 0.0242 3.30619 0.56 0.0242
3.49101 0.56 0.0242 3.68114 0.56 0.0242 3.87672 0.56 0.0242 4.07792
0.56 0.0242 4.28489 0.56 0.0242 4.4978 0.56 0.0242 4.71682 0.56
0.0242 4.94213 0.56 0.0242 5.1739 0.56 0.0242 5.41232 0.56 0.0242
5.65758 0.56 0.0242 5.90988 0.56 0.0242 6.16942 0.56 0.0242 2.14899
0.599999 0.0242 2.0016 0.599998 0.0242 2.30061 0.6 0.0242 2.45658 0.6
0.0242 2.61702 0.6 0.0242 2.78207 0.6 0.0242 2.95186 0.6 0.0242
3.12652 0.6 0.0242 3.30619 0.6 0.0242 3.49101 0.6 0.0242 3.68114
0.6 0.0242 3.87672 0.6 0.0242 4.07792 0.6 0.0242 4.28489 0.6
0.0242 4.4978 0.6 0.0242 4.71682 0.6 0.0242 4.94213 0.6 0.0242
5.1739 0.6 0.0242 5.41232 0.6 0.0242 5.65758 0.6 0.0242 5.90988
0.6 0.0242 6.16942 0.6 0.0242 2.14899 0.639999 0.0242 2.0016 0.639998
0.0242 2.30061 0.64 0.0242 2.45658 0.64 0.0242 2.61702 0.64 0.0242
2.78207 0.64 0.0242 2.95186 0.64 0.0242 3.12652 0.64 0.0242 3.30619
0.64 0.0242 3.49101 0.64 0.0242 3.68114 0.64 0.0242 3.87672 0.64
0.0242 4.07792 0.64 0.0242 4.28489 0.64 0.0242 4.4978 0.64 0.0242
4.71682 0.64 0.0242 4.94213 0.64 0.0242 5.1739 0.64 0.0242 5.41232
0.64 0.0242 5.65758 0.64 0.0242 5.90988 0.64 0.0242 6.16942 0.64
0.0242 6.43641 0.64 0.0242 2.14899 0.68 0.0242 2.0016 0.679999 0.0242
2.30061 0.68 0.0242 2.45658 0.68 0.0242 2.61702 0.68 0.0242 2.78207
0.68 0.0242 2.95186 0.68 0.0242 3.12652 0.68 0.0242 3.30619 0.68
0.0242 3.49101 0.68 0.0242 3.68114 0.68 0.0242 3.87672 0.68 0.0242
4.07792 0.68 0.0242 4.28489 0.68 0.0242 4.4978 0.68 0.0242 4.71682
0.68 0.0242 4.94213 0.68 0.0242 5.1739 0.68 0.0242 5.41232 0.68
0.0242 5.65758 0.68 0.0242 5.90988 0.68 0.0242 6.16942 0.68 0.0242
6.43641 0.68 0.0242 2.14899 0.72 0.0242 2.0016 0.719999 0.0242 2.30061
0.72 0.0242 2.45658 0.72 0.0242 2.61702 0.72 0.0242 2.78207 0.72
0.0242 2.95186 0.72 0.0242 3.12652 0.72 0.0242 3.30619 0.72 0.0242
3.49101 0.72 0.0242 3.68114 0.72 0.0242 3.87672 0.72 0.0242 4.07792
0.72 0.0242 4.28489 0.72 0.0242 4.4978 0.72 0.0242 4.71682 0.72
0.0242 4.94213 0.72 0.0242 5.1739 0.72 0.0242 5.41232 0.72 0.0242
5.65758 0.72 0.0242 5.90988 0.72 0.0242 6.16942 0.72 0.0242 6.43641
0.72 0.0242 2.14899 0.76 0.0242 2.0016 0.76 0.0242 2.30061 0.76
0.0242 2.45658 0.76 0.0242 2.61702 0.76 0.0242 2.78207 0.76 0.0242
2.95186 0.76 0.0242 3.12652 0.76 0.0242 3.30619 0.76 0.0242 3.49101
0.76 0.0242 3.68114 0.76 0.0242 3.87672 0.76 0.0242 4.07792 0.76
0.0242 4.28489 0.76 0.0242 4.4978 0.76 0.0242 4.71682 0.76 0.0242
4.94213 0.76 0.0242 5.1739 0.76 0.0242 5.41232 0.76 0.0242 5.65758
0.76 0.0242 5.90988 0.76 0.0242 6.16942 0.76 0.0242 6.43641 0.76
0.0242 2.14899 0.8 0.0242 2.0016 0.8 0.0242 2.30061 0.8 0.0242
2.45658 0.8 0.0242 2.61702 0.8 0.0242 2.78207 0.8 0.0242 2.95186
0.8 0.0242 3.12652 0.8 0.0242 3.30619 0.8 0.0242 3.49101 0.8
0.0242 3.68114 0.8 0.0242 3.87672 0.8 0.0242 4.07792 0.8 0.0242
4.28489 0.8 0.0242 4.4978 0.8 0.0242 4.71682 0.8 0.0242 4.94213
0.8 0.0242 5.1739 0.8 0.0242 5.41232 0.8 0.0242 5.65758 0.8
0.0242 5.90988 0.8 0.0242 6.16942 0.8 0.0242 6.43641 0.8 0.0242
2.14899 0.84 0.0242 2.0016 0.84 0.0242 2.30061 0.84 0.0242 2.45658
0.84 0.0242 2.61702 0.84 0.0242 2.78207 0.84 0.0242 2.95186 0.84
0.0242 3.12652 0.84 0.0242 3.30619 0.84 0.0242 3.49101 0.84 0.0242
3.68114 0.84 0.0242 3.87672 0.84 0.0242 4.07792 0.84 0.0242 4.28489
0.84 0.0242 4.4978 0.84 0.0242 4.71682 0.84 0.0242 4.94213 0.84
0.0242 5.1739 0.84 0.0242 5.41232 0.84 0.0242 5.65758 0.84 0.0242
5.90988 0.84 0.0242 6.16942 0.84 0.0242 6.43641 0.84 0.0242 2.14899
0.88 0.0242 2.0016 0.88 0.0242 2.30061 0.88 0.0242 2.45658 0.88
0.0242 2.61702 0.88 0.0242 2.78207 0.88 0.0242 2.95186 0.88 0.0242
3.12652 0.88 0.0242 3.30619 0.88 0.0242 3.49101 0.88 0.0242 3.68114
0.88 0.0242 3.87672 0.88 0.0242 4.07792 0.88 0.0242 4.28489 0.88
0.0242 4.4978 0.88 0.0242 4.71682 0.88 0.0242 4.94213 0.88 0.0242
5.1739 0.88 0.0242 5.41232 0.88 0.0242 5.65758 0.88 0.0242 5.90988
0.88 0.0242 6.16942 0.88 0.0242 6.43641 0.88 0.0242 2.14899 0.92
0.0242 2.0016 0.92 0.0242 2.30061 0.92 0.0242 2.45658 0.92 0.0242
2.61702 0.92 0.0242 2.78207 0.92 0.0242 2.95186 0.92 0.0242 3.12652
0.92 0.0242 3.30619 0.92 0.0242 3.49101 0.92 0.0242 3.68114 0.92
0.0242 3.87672 0.92 0.0242 4.07792 0.92 0.0242 4.28489 0.92 0.0242
4.4978 0.92 0.0242 4.71682 0.92 0.0242 4.94213 0.92 0.0242 5.1739
0.92 0.0242 5.41232 0.92 0.0242 5.65758 0.92 0.0242 5.90988 0.92
0.0242 6.16942 0.92 0.0242 6.43641 0.92 0.0242 2.14899 0.96 0.0242
2.0016 0.96 0.0242 2.30061 0.96 0.0242 2.45658 0.96 0.0242 2.61702
0.96 0.0242 2.78207 0.96 0.0242 2.95186 0.96 0.0242 3.12652 0.96
0.0242 3.30619 0.96 0.0242 3.49101 0.96 0.0242 3.68114 0.96 0.0242
3.87672 0.96 0.0242 4.07792 0.96 0.0242 4.28489 0.96 0.0242 4.4978
0.96 0.0242 4.71682 0.96 0.0242 4.94213 0.96 0.0242 5.1739 0.96
0.0242 5.41232 0.96 0.0242 5.65758 0.96 0.0242 5.90988 0.96 0.0242
6.16942 0.96 0.0242 6.43641 0.96 0.0242 2.14899 1 0.0242 2.0016
1 0.0242 2.30061 1 0.0242 2.45658 1 0.0242 2.61702 1
0.0242 2.78207 1 0.0242 2.95186 1 0.0242 3.12652 1 0.0242
3.30619 1 0.0242 3.49101 1 0.0242 3.68114 1 0.0242 3.87672
1 0.0242 4.07792 1 0.0242 4.28489 1 0.0242 4.4978 1
0.0242 4.71682 1 0.0242 4.94213 1 0.0242 5.1739 1 0.0242
5.41232 1 0.0242 5.65758 1 0.0242 5.90988 1 0.0242 6.16942
1 0.0242 6.43641 1 0.0242 1.84148 0.0399954 0.0242 1.80145 0.0399921
0.0242 1.80144 1.4013e-45 0.0242 1.84148 0 0.0242 1.88151 0.0399975 0.0242
1.88151 -0 0.0242 1.92154 0.0399986 0.0242 1.92154 -0 0.0242 1.96157
0.0399993 0.0242 1.96157 0 0.0242 1.84149 0.0799891 0.0242 1.80146 0.0799813
0.0242 1.88151 0.079994 0.0242 1.92154 0.0799969 0.0242 1.96157 0.0799985 0.0242
1.8415 0.119979 0.0242 1.80148 0.119964 0.0242 1.88152 0.119988 0.0242 1.92155
0.119994 0.0242 1.96157 0.119997 0.0242 1.84152 0.159963 0.0242 1.80151 0.159934
0.0242 1.88153 0.15998 0.0242 1.92155 0.15999 0.0242 1.96158 0.159995 0.0242
1.84155 0.199938 0.0242 1.80156 0.199889 0.0242 1.88155 0.199969 0.0242 1.92156
0.199984 0.0242 1.96158 0.199993 0.0242 1.84159 0.239907 0.0242 1.80163 0.239826
0.0242 1.88157 0.239953 0.0242 1.92157 0.239978 0.0242 1.96159 0.23999 0.0242
1.88159 0.279938 0.0242 1.84163 0.279874 0.0242 1.92158 0.279972 0.0242 1.96159
0.279987 0.0242 1.88161 0.319928 0.0242 1.84166 0.319851 0.0242 1.92159 0.319968
0.0242 1.96159 0.319985 0.0242 1.88161 0.359929 0.0242 1.84167 0.359854 0.0242
1.92159 0.359968 0.0242 1.9616 0.359985 0.0242 1.88161 0.399941 0.0242 1.84166
0.399883 0.0242 1.92159 0.399972 0.0242 1.9616 0.399987 0.0242 1.8816 0.439955
0.0242 1.84164 0.439915 0.0242 1.92159 0.439978 0.0242 1.96159 0.439989 0.0242
1.88159 0.479965 0.0242 1.84163 0.479934 0.0242 1.92158 0.479983 0.0242 1.96159
0.479992 0.0242 1.88158 0.519971 0.0242 1.84161 0.519943 0.0242 1.92157 0.519986
0.0242 1.96159 0.519993 0.0242 1.88156 0.559975 0.0242 1.84157 0.55995 0.0242
1.92156 0.559988 0.0242 1.96158 0.559994 0.0242 1.88154 0.59998 0.0242 1.84154
0.599958 0.0242 1.92155 0.59999 0.0242 1.96158 0.599995 0.0242 1.88153 0.639985
0.0242 1.84151 0.639969 0.0242 1.92155 0.639992 0.0242 1.96157 0.639997 0.0242
1.88152 0.679989 0.0242 1.84149 0.67998 0.0242 1.92154 0.679995 0.0242 1.96157
0.679998 0.0242 1.88151 0.719993 0.0242 1.84148 0.719987 0.0242 1.92154 0.719997
0.0242 1.96157 0.719998 0.0242 1.8815 0.759996 0.0242 1.84147 0.759992 0.0242
1.92154 0.759998 0.0242 1.96157 0.759999 0.0242 1.8815 0.799998 0.0242 1.84147
0.799995 0.0242 1.92154 0.799999 0.0242 1.96157 0.799999 0.0242 1.8815 0.839999
0.0242 1.84147 0.839997 0.0242 1.92154 0.839999 0.0242 1.96157 0.84 0.0242
1.8815 0.879999 0.0242 1.84147 0.879999 0.0242 1.92154 0.88 0.0242 1.96157
0.88 0.0242 1.8815 0.92 0.0242 1.84147 0.919999 0.0242 1.92154 0.92
0.0242 1.96157 0.92 0.0242 1.8815 0.96 0.0242 1.84147 0.96 0.0242
1.92154 0.96 0.0242 1.96157 0.96 0.0242 1.8815 1 0.0242 1.84147
1 0.0242 1.92154 1 0.0242 1.96157 1 0.0242 1.76142 0.0399875
0.0242 1.76141 -1.41531e-43 0.0242 1.76143 0.0799704 0.0242 1.76146 0.119942 0.0242
1.76151 0.159894 0.0242 1.76159 0.199815 0.0242 1.7617 0.239698 0.0242 1.80171
0.279755 0.0242 1.76183 0.279555 0.0242 1.80176 0.319703 0.0242 1.76194 0.319434
0.0242 1.80178 0.359708 0.0242 1.80174 0.399783 0.0242 1.80172 0.439853 0.0242
1.80172 0.479885 0.0242 1.80169 0.519893 0.0242 1.80162 0.559903 0.0242 1.80156
0.599921 0.0242 1.8015 0.639942 0.0242 1.80147 0.679962 0.0242 1.80145 0.719977
0.0242 1.80144 0.759986 0.0242 1.80143 0.799992 0.0242 1.80143 0.839995 0.0242
1.80143 0.879997 0.0242 1.80143 0.919999 0.0242 1.80143 0.959999 0.0242 1.80143
1 0.0242 1.56123 -3.62202e-40 0.0242 1.60125 0.0399099 0.0242 1.60126 1.90211e-40
0.0242 1.6413 0.0399543 0.0242 1.6413 3.50646e-40 0.0242 1.68134 0.0399713 0.0242
1.68134 8.16943e-41 0.0242 1.72138 0.0399809 0.0242 1.72138 2.30654e-42 0.0242 1.60121
0.0798311 0.0242 1.64129 0.0799086 0.0242 1.68135 0.0799381 0.0242 1.72139 0.0799563
0.0242 1.60115 0.119787 0.0242 1.64129 0.11986 0.0242 1.68137 0.11989 0.0242
1.72143 0.119916 0.0242 1.60111 0.159776 0.0242 1.64134 0.159783 0.0242 1.68145
0.159803 0.0242 1.72149 0.159846 0.0242 1.60121 0.199696 0.0242 1.64148 0.199615
0.0242 1.68159 0.199638 0.0242 1.72161 0.199722 0.0242 1.60143 0.239473 0.0242
1.64174 0.239287 0.0242 1.68182 0.239349 0.0242 1.72178 0.239525 0.0242 1.60167
0.279095 0.0242 1.64213 0.278712 0.0242 1.68217 0.278899 0.0242 1.722 0.279256
0.0242 1.60172 0.318688 0.0242 1.58144 0.318923 0.0242 1.64279 0.317765 0.0242
1.62223 0.318234 0.0242 1.68267 0.318226 0.0242 1.66287 0.317837 0.0242 1.72222
0.318982 0.0242 1.58134 0.338812 0.0242 1.5713 0.338843 0.0242 1.56127 0.338899
0.0242 1.62223 0.338196 0.0242 1.61182 0.338532 0.0242 1.60157 0.33869 0.0242
1.66311 0.337448 0.0242 1.64347 0.336853 0.0242 1.72223 0.358949 0.0242 1.6827
0.35803 0.0242 1.68284 0.337934 0.0242 1.76195 0.359438 0.0242 1.65413 0.355975
0.0242 1.65244 0.367704 0.0242 1.6425 0.368561 0.0242 1.6425 0.3575 0.0242
1.72188 0.39946 0.0242 1.68166 0.399401 0.0242 1.68205 0.378734 0.0242 1.76184
0.399632 0.0242 1.65127 0.399651 0.0242 1.65124 0.409843 0.0242 1.6425 0.409907
0.0242 1.6425 0.399748 0.0242 1.72187 0.439733 0.0242 1.68166 0.439817 0.0242
1.68153 0.419731 0.0242 1.76182 0.439778 0.0242 1.65128 0.439911 0.0242 1.65136
0.449839 0.0242 1.6425 0.449851 0.0242 1.6425 0.439934 0.0242 1.72216 0.479753
0.0242 1.68266 0.479711 0.0242 1.68206 0.459785 0.0242 1.76188 0.47982 0.0242
1.56115 0.4775 0.0242 1.57123 0.4775 0.0242 1.57123 0.486331 0.0242 1.56114
0.486441 0.0242 1.60153 0.4775 0.0242 1.61187 0.4775 0.0242 1.61195 0.486379
0.0242 1.6016 0.486305 0.0242 1.65414 0.480055 0.0242 1.6633 0.479837 0.0242
1.66309 0.499257 0.0242 1.64361 0.498602 0.0242 1.6444 0.489214 0.0242 1.6425
0.4775 0.0242 1.72209 0.519664 0.0242 1.68255 0.519369 0.0242 1.68276 0.49947
0.0242 1.76184 0.519808 0.0242 1.60149 0.558609 0.0242 1.5814 0.517276 0.0242
1.60173 0.51727 0.0242 1.64201 0.558993 0.0242 1.62229 0.517577 0.0242 1.64278
0.518526 0.0242 1.68202 0.559423 0.0242 1.66279 0.519072 0.0242 1.72186 0.559673
0.0242 1.76172 0.559819 0.0242 1.60123 0.599334 0.0242 1.64158 0.599406 0.0242
1.68168 0.599591 0.0242 1.72165 0.599747 0.0242 1.7616 0.599854 0.0242 1.60104
0.639691 0.0242 1.64134 0.639677 0.0242 1.68146 0.639747 0.0242 1.7215 0.639831
0.0242 1.7615 0.639897 0.0242 1.60098 0.679833 0.0242 1.64122 0.679827 0.0242
1.68135 0.679854 0.0242 1.72141 0.679896 0.0242 1.76144 0.679934 0.0242 1.60098
0.719861 0.0242 1.64117 0.719894 0.0242 1.68128 0.719915 0.0242 1.72136 0.719939
0.0242 1.76141 0.71996 0.0242 1.60097 0.75986 0.0242 1.64114 0.759922 0.0242
1.68126 0.759947 0.0242 1.72133 0.759964 0.0242 1.76139 0.759977 0.0242 1.60093
0.799899 0.0242 1.64113 0.799946 0.0242 1.68125 0.799966 0.0242 1.72132 0.799979
0.0242 1.76138 0.799986 0.0242 1.60095 0.839941 0.0242 1.64114 0.839966 0.0242
1.68125 0.839979 0.0242 1.72133 0.839987 0.0242 1.76138 0.839992 0.0242 1.60103
0.879959 0.0242 1.64117 0.879978 0.0242 1.68127 0.879986 0.0242 1.72133 0.879992
0.0242 1.76139 0.879995 0.0242 1.60111 0.919965 0.0242 1.64121 0.919984 0.0242
1.68128 0.919991 0.0242 1.72134 0.919995 0.0242 1.76139 0.919997 0.0242 1.60116
0.959979 0.0242 1.64124 0.95999 0.0242 1.6813 0.959995 0.0242 1.72135 0.959998
0.0242 1.76139 0.959999 0.0242 1.60117 1 0.0242 1.64125 1 0.0242
1.6813 1 0.0242 1.72135 1 0.0242 1.76139 1 0.0242 1.55125
0.338896 0.0242 1.56128 0.3575 0.0242 1.55129 0.3575 0.0242 1.55127 0.348811
0.0242 1.56128 0.348823 0.0242 1.6633 0.357014 0.0242 1.64425 0.345902 0.0242
1.66189 0.459772 0.0242 1.66154 0.44984 0.0242 1.66139 0.43989 0.0242 1.65246
0.469647 0.0242 1.6425 0.468749 0.0242 1.66254 0.469742 0.0242 1.59142 0.338765
0.0242 1.57128 0.348807 0.0242 1.57127 0.3575 0.0242 1.60141 0.3575 0.0242
1.59132 0.3575 0.0242 1.59136 0.348779 0.0242 1.60148 0.348747 0.0242 1.63281
0.337568 0.0242 1.61171 0.348664 0.0242 1.6116 0.3575 0.0242 1.63189 0.3575
0.0242 1.63282 0.347579 0.0242 1.66184 0.37861 0.0242 1.6625 0.367821 0.0242
1.65134 0.389282 0.0242 1.6425 0.3894 0.0242 1.66136 0.399555 0.0242 1.6615
0.389185 0.0242 1.66129 0.419873 0.0242 1.6613 0.409774 0.0242 1.65125 0.429941
0.0242 1.6425 0.429969 0.0242 1.66131 0.429909 0.0242 1.65164 0.459728 0.0242
1.6425 0.459629 0.0242 1.55101 0.4775 0.0242 1.55102 0.48664 0.0242 1.55105
0.497224 0.0242 1.56115 0.496853 0.0242 1.59136 0.4775 0.0242 1.59141 0.486281
0.0242 1.57124 0.496562 0.0242 1.58133 0.496483 0.0242 1.59146 0.496423 0.0242
1.60167 0.496494 0.0242 1.63241 0.4775 0.0242 1.63318 0.487499 0.0242 1.612
0.496608 0.0242 1.62246 0.496988 0.0242 1.63305 0.49768 0.0242 1.65161 0.378661
0.0242 1.6425 0.378854 0.0242 1.65124 0.419924 0.0242 1.6425 0.419964 0.0242
1.58128 0.4775 0.0242 1.5813 0.486294 0.0242 1.62234 0.4775 0.0242 1.62247
0.486654 0.0242 1.58131 0.348795 0.0242 1.58128 0.3575 0.0242 1.62211 0.348397
0.0242 1.62189 0.3575 0.0242 
POLYGONS 3121 15925
4 0 1 2 3 4 4 0 3 5 4
6 4 5 7 4 8 6 7 9 4
10 8 9 11 4 12 10 11 13 4
14 12 13 15 4 16 14 15 17 4
18 16 17 19 4 20 18 19 21 4
22 20 21 23 4 24 22 23 25 4
26 24 25 27 4 28 26 27 29 4
30 28 29 31 4 32 30 31 33 6
34 35 36 32 33 37 4 38 34 37
39 4 40 41 42 43 4 44 45 46
47 4 48 49 50 51 4 52 53 1
0 4 54 52 0 4 4 55 54 4
6 4 56 55 6 8 4 57 56 8
10 4 58 57 10 12 4 59 58 12
14 4 60 59 14 16 4 61 60 16
18 4 62 61 18 20 4 63 62 20
22 4 64 63 22 24 4 65 64 24
26 4 66 65 26 28 4 67 66 28
30 6 68 69 70 67 30 32 4 71
68 32 36 6 72 73 74 75 76 35
4 77 78 79 80 4 81 82 83 84
4 85 86 87 88 4 89 90 53 52
4 91 89 52 54 4 92 91 54 55
4 93 92 55 56 4 94 93 56 57
4 95 94 57 58 4 96 95 58 59
4 97 96 59 60 4 98 97 60 61
4 99 98 61 62 4 100 99 62 63
4 101 100 63 64 4 102 101 64 65
4 103 102 65 66 5 104 105 103 66
67 4 106 104 67 70 5 69 107 108
109 110 4 111 112 113 114 4 115 116
90 89 4 117 115 89 91 4 118 117
91 92 4 119 118 92 93 4 120 119
93 94 4 121 120 94 95 4 122 121
95 96 4 123 122 96 97 4 124 123
97 98 4 125 124 98 99 4 126 125
99 100 4 127 126 100 101 4 128 127
101 102 4 129 128 102 103 5 130 131
129 103 105 5 132 133 134 130 105 4
135 136 116 115 4 137 135 115 117 4
138 137 117 118 4 139 138 118 119 4
140 139 119 120 4 141 140 120 121 4
142 141 121 122 4 143 142 122 123 4
144 143 123 124 4 145 144 124 125 4
146 145 125 126 4 147 146 126 127 4
148 147 127 128 4 149 148 128 129 5
150 151 149 129 131 5 152 153 154 150
131 4 155 156 136 135 4 157 155 135
137 4 158 157 137 138 4 159 158 138
139 4 160 159 139 140 4 161 160 140
141 4 162 161 141 142 4 163 162 142
143 4 164 163 143 144 4 165 164 144
145 4 166 165 145 146 4 167 166 146
147 4 168 167 147 148 4 169 168 148
149 5 170 171 169 149 151 5 172 173
174 170 151 4 175 176 156 155 4 177
175 155 157 4 178 177 157 158 4 179
178 158 159 4 180 179 159 160 4 181
180 160 161 4 182 181 161 162 4 183
182 162 163 4 184 183 163 164 4 185
184 164 165 4 186 185 165 166 4 187
186 166 167 4 188 187 167 168 4 189
188 168 169 5 190 191 189 169 171 5
192 193 194 190 171 4 195 196 176 175
4 197 195 175 177 4 198 197 177 178
4 199 198 178 179 4 200 199 179 180
4 201 200 180 181 4 202 201 181 182
4 203 202 182 183 4 204 203 183 184
4 205 204 184 185 4 206 205 185 186
4 207 206 186 187 4 208 207 187 188
4 209 208 188 189 5 210 211 209 189
191 5 212 213 214 210 191 4 215 216
196 195 4 217 215 195 197 4 218 217
197 198 4 219 218 198 199 4 220 219
199 200 4 221 220 200 201 4 222 221
201 202 4 223 222 202 203 4 224 223
203 204 4 225 224 204 205 4 226 225
205 206 4 227 226 206 207 4 228 227
207 208 4 229 228 208 209 5 230 231
229 209 211 5 232 233 234 230 211 4
235 236 216 215 4 237 235 215 217 4
238 237 217 218 4 239 238 218 219 4
240 239 219 220 4 241 240 220 221 4
242 241 221 222 4 243 242 222 223 4
244 243 223 224 4 245 244 224 225 4
246 245 225 226 4 247 246 226 227 4
248 247 227 228 4 249 248 228 229 5
250 251 249 229 231 5 252 253 254 250
231 4 255 256 236 235 4 257 255 235
237 4 258 257 237 238 4 259 258 238
239 4 260 259 239 240 4 261 260 240
241 4 262 261 241 242 4 263 262 242
243 4 264 263 243 244 4 265 264 244
245 4 266 265 245 246 4 267 266 246
247 4 268 267 247 248 4 269 268 248
249 5 270 271 269 249 251 5 272 273
274 270 251 4 275 276 256 255 4 277
275 255 257 4 278 277 257 258 4 279
278 258 259 4 280 279 259 260 4 281
280 260 261 4 282 281 261 262 4 283
282 262 263 4 284 283 263 264 4 285
284 264 265 4 286 285 265 266 4 287
286 266 267 4 288 287 267 268 4 289
288 268 269 5 290 291 289 269 271 5
292 293 294 290 271 4 295 296 276 275
4 297 295 275 277 4 298 297 277 278
4 299 298 278 279 4 300 299 279 280
4 301 300 280 281 4 302 301 281 282
4 303 302 282 283 4 304 303 283 284
4 305 304 284 285 4 306 305 285 286
4 307 306 286 287 4 308 307 287 288
4 309 308 288 289 5 310 311 309 289
291 5 312 313 314 310 291 4 315 316
296 295 4 317 315 295 297 4 318 317
297 298 4 319 318 298 299 4 320 319
299 300 4 321 320 300 301 4 322 321
301 302 4 323 322 302 303 4 324 323
303 304 4 325 324 304 305 4 326 325
305 306 4 327 326 306 307 4 328 327
307 308 4 329 328 308 309 6 330 331
332 329 309 311 5 333 334 335 330 311
4 336 337 316 315 4 338 336 315 317
4 339 338 317 318 4 340 339 318 319
4 341 340 319 320 4 342 341 320 321
4 343 342 321 322 4 344 343 322 323
4 345 344 323 324 4 346 345 324 325
4 347 346 325 326 4 348 347 326 327
4 349 348 327 328 5 350 351 349 328
329 4 352 350 329 332 6 353 354 355
356 357 331 4 358 359 337 336 4 360
358 336 338 4 361 360 338 339 4 362
361 339 340 4 363 362 340 341 4 364
363 341 342 4 365 364 342 343 4 366
365 343 344 4 367 366 344 345 4 368
367 345 346 4 369 368 346 347 4 370
369 347 348 4 371 370 348 349 5 372
373 371 349 351 5 374 375 376 372 351
4 377 378 379 380 4 381 382 359 358
4 383 381 358 360 4 384 383 360 361
4 385 384 361 362 4 386 385 362 363
4 387 386 363 364 4 388 387 364 365
4 389 388 365 366 4 390 389 366 367
4 391 390 367 368 4 392 391 368 369
4 393 392 369 370 4 394 393 370 371
5 395 396 394 371 373 4 397 398 395
373 4 399 400 401 402 4 403 404 382
381 4 405 403 381 383 4 406 405 383
384 4 407 406 384 385 4 408 407 385
386 4 409 408 386 387 4 410 409 387
388 4 411 410 388 389 4 412 411 389
390 4 413 412 390 391 4 414 413 391
392 4 415 414 392 393 4 416 415 393
394 4 417 416 394 396 6 418 419 417
396 420 421 5 422 423 424 418 421 4
425 426 404 403 4 427 425 403 405 4
428 427 405 406 4 429 428 406 407 4
430 429 407 408 4 431 430 408 409 4
432 431 409 410 4 433 432 410 411 4
434 433 411 412 4 435 434 412 413 4
436 435 413 414 4 437 436 414 415 4
438 437 415 416 4 439 438 416 417 5
440 441 439 417 419 4 442 443 440 419
4 444 445 446 447 4 448 449 450 451
4 452 453 454 455 4 456 457 458 459
4 460 461 462 463 4 464 465 426 425
4 466 464 425 427 4 467 466 427 428
4 468 467 428 429 4 469 468 429 430
4 470 469 430 431 4 471 470 431 432
4 472 471 432 433 4 473 472 433 434
4 474 473 434 435 4 475 474 435 436
4 476 475 436 437 4 477 476 437 438
4 478 477 438 439 4 479 478 439 441
5 480 479 441 481 482 5 483 480 482
484 485 5 486 483 485 487 488 5 489
486 488 490 491 5 489 491 492 493 494
4 495 496 465 464 4 497 495 464 466
4 498 497 466 467 4 499 498 467 468
4 500 499 468 469 4 501 500 469 470
4 502 501 470 471 4 503 502 471 472
4 504 503 472 473 4 505 504 473 474
4 506 505 474 475 4 507 506 475 476
4 508 507 476 477 4 509 508 477 478
4 510 509 478 479 4 511 510 479 480
4 512 511 480 483 4 513 512 483 486
4 514 513 486 489 4 514 489 494 515
4 516 517 496 495 4 518 516 495 497
4 519 518 497 498 4 520 519 498 499
4 521 520 499 500 4 522 521 500 501
4 523 522 501 502 4 524 523 502 503
4 525 524 503 504 4 526 525 504 505
4 527 526 505 506 4 528 527 506 507
4 529 528 507 508 4 530 529 508 509
4 531 530 509 510 4 532 531 510 511
4 533 532 511 512 4 534 533 512 513
4 535 534 513 514 4 535 514 515 536
4 537 538 517 516 4 539 537 516 518
4 540 539 518 519 4 541 540 519 520
4 542 541 520 521 4 543 542 521 522
4 544 543 522 523 4 545 544 523 524
4 546 545 524 525 4 547 546 525 526
4 548 547 526 527 4 549 548 527 528
4 550 549 528 529 4 551 550 529 530
4 552 551 530 531 4 553 552 531 532
4 554 553 532 533 4 555 554 533 534
4 556 555 534 535 4 556 535 536 557
4 558 559 538 537 4 560 558 537 539
4 561 560 539 540 4 562 561 540 541
4 563 562 541 542 4 564 563 542 543
4 565 564 543 544 4 566 565 544 545
4 567 566 545 546 4 568 567 546 547
4 569 568 547 548 4 570 569 548 549
4 571 570 549 550 4 572 571 550 551
4 573 572 551 552 4 574 573 552 553
4 575 574 553 554 4 576 575 554 555
4 577 576 555 556 4 577 556 557 578
4 579 580 559 558 4 581 579 558 560
4 582 581 560 561 4 583 582 561 562
4 584 583 562 563 4 585 584 563 564
4 586 585 564 565 4 587 586 565 566
4 588 587 566 567 4 589 588 567 568
4 590 589 568 569 4 591 590 569 570
4 592 591 570 571 4 593 592 571 572
4 594 593 572 573 4 595 594 573 574
4 596 595 574 575 4 597 596 575 576
4 598 597 576 577 4 599 598 577 578
4 77 80 600 601 4 602 603 111 114
4 106 70 69 110 4 132 105 104 106
6 604 605 132 106 110 606 4 607 608
609 610 4 611 612 377 380 3 613 614
615 6 616 617 618 619 422 421 4 620
621 622 623 4 620 623 624 625 5 442
419 418 424 626 4 627 628 629 444 4
38 39 40 43 4 72 35 34 38 5
77 601 72 38 43 4 42 41 44 47
5 630 78 77 43 42 5 84 631 630
42 47 4 46 45 48 51 5 632 81
84 47 46 5 88 633 632 46 51 5
634 85 88 51 50 4 71 36 35 76
4 107 69 68 71 5 107 71 76 602
114 4 631 84 83 635 4 636 633 88
87 4 87 86 637 638 6 639 640 108
107 114 113 4 641 642 604 606 4 643
644 645 646 4 647 648 643 646 4 605
604 649 650 5 152 131 130 134 651 4
652 653 654 655 4 652 655 656 657 5
172 151 150 154 658 4 659 660 661 662
4 659 662 663 664 5 192 171 170 174
665 4 666 667 668 669 4 666 669 670
671 5 212 191 190 194 672 4 673 674
675 676 4 673 676 677 678 5 232 211
210 214 679 4 680 681 682 683 4 680
683 684 685 5 252 231 230 234 686 4
687 688 689 690 4 687 690 691 692 5
272 251 250 254 693 4 694 695 696 697
4 694 697 698 699 5 292 271 270 274
700 4 701 702 703 704 4 701 704 705
706 5 312 291 290 294 707 4 708 709
710 711 4 708 711 712 713 5 333 311
310 314 714 4 715 716 717 718 4 715
718 719 720 5 353 331 330 335 721 4
722 607 610 723 4 352 332 331 357 4
374 351 350 352 6 724 374 352 357 611
380 4 725 724 380 379 5 397 373 372
376 726 4 402 727 728 729 4 730 399
402 729 6 398 397 727 402 401 616 4
420 396 395 398 4 420 398 616 421 4
400 399 731 732 4 617 616 401 400 4
618 617 400 732 6 443 442 627 444 447
733 4 481 441 440 443 4 482 481 443
733 4 734 448 451 735 5 484 482 733
736 737 5 485 484 737 738 739 4 740
452 455 741 5 487 485 739 742 743 5
488 487 743 744 745 4 746 456 459 747
5 490 488 745 748 749 5 491 490 749
750 751 4 752 460 463 753 5 492 491
751 754 755 5 493 492 755 756 757 5
758 759 760 493 757 4 73 72 601 600
4 600 80 761 762 4 74 73 600 762
4 603 602 76 75 4 763 764 111 603
4 763 603 75 74 4 765 766 764 763
4 765 763 74 762 4 354 353 610 609
4 609 608 767 768 4 355 354 609 768
4 612 611 357 356 4 769 612 356 355
4 768 767 770 771 4 769 355 768 771
4 732 731 613 615 4 615 614 772 773
4 618 732 615 773 4 773 772 622 621
4 621 620 422 619 4 618 773 621 619
4 423 422 620 625 4 625 624 774 775
4 424 423 625 775 4 775 774 629 628
4 628 627 442 626 4 424 775 628 626
4 776 761 80 79 4 79 78 630 777
4 778 776 79 777 4 82 81 632 779
4 780 781 83 82 4 782 780 82 779
4 112 111 764 783 4 784 639 113 112
4 785 784 112 783 4 379 378 786 787
4 446 445 788 789 4 736 733 447 446
4 737 736 446 789 4 450 449 790 791
4 742 739 451 450 4 743 742 450 791
4 454 453 792 793 4 748 745 455 454
4 749 748 454 793 4 458 457 794 795
4 754 751 459 458 4 755 754 458 795
4 462 461 796 797 4 758 757 463 462
4 759 758 462 797 4 777 630 631 635
4 635 83 781 798 4 778 777 635 798
4 636 87 638 799 4 779 632 633 636
4 782 779 636 799 4 641 606 110 109
4 800 801 642 641 4 800 641 109 108
4 640 639 646 645 4 645 644 801 800
4 640 645 800 108 4 783 764 766 802
4 785 783 802 803 4 647 646 639 784
4 804 805 648 647 4 804 647 784 785
4 806 807 805 804 4 806 804 785 803
4 133 132 605 650 4 650 649 808 809
4 134 133 650 809 4 809 808 654 653
4 653 652 152 651 4 134 809 653 651
4 153 152 652 657 4 657 656 810 811
4 154 153 657 811 4 811 810 661 660
4 660 659 172 658 4 154 811 660 658
4 173 172 659 664 4 664 663 812 813
4 174 173 664 813 4 813 812 668 667
4 667 666 192 665 4 174 813 667 665
4 193 192 666 671 4 671 670 814 815
4 194 193 671 815 4 815 814 675 674
4 674 673 212 672 4 194 815 674 672
4 213 212 673 678 4 678 677 816 817
4 214 213 678 817 4 817 816 682 681
4 681 680 232 679 4 214 817 681 679
4 233 232 680 685 4 685 684 818 819
4 234 233 685 819 4 819 818 689 688
4 688 687 252 686 4 234 819 688 686
4 253 252 687 692 4 692 691 820 821
4 254 253 692 821 4 821 820 696 695
4 695 694 272 693 4 254 821 695 693
4 273 272 694 699 4 699 698 822 823
4 274 273 699 823 4 823 822 703 702
4 702 701 292 700 4 274 823 702 700
4 293 292 701 706 4 706 705 824 825
4 294 293 706 825 4 825 824 710 709
4 709 708 312 707 4 294 825 709 707
4 313 312 708 713 4 713 712 826 827
4 314 313 713 827 4 827 826 717 716
4 716 715 333 714 4 314 827 716 714
4 334 333 715 720 4 720 719 828 829
4 335 334 720 829 4 829 828 722 723
4 723 610 353 721 4 335 829 723 721
4 725 379 787 830 4 375 374 724 725
4 376 375 725 830 4 830 787 729 728
4 728 727 397 726 4 376 830 728 726
4 730 729 787 786 4 789 788 734 735
4 735 451 739 738 4 737 789 735 738
4 791 790 740 741 4 741 455 745 744
4 743 791 741 744 4 793 792 746 747
4 747 459 751 750 4 749 793 747 750
4 795 794 752 753 4 753 463 757 756
4 755 795 753 756 4 831 832 833 834
4 835 836 837 838 4 839 840 841 842
4 50 49 843 844 5 634 50 844 835
838 4 845 839 842 846 4 847 848 849
850 4 851 841 840 852 4 831 834 853
854 4 855 634 838 837 4 837 836 851
852 4 855 837 852 856 4 857 845 846
858 4 847 850 857 858 5 494 493 760
859 860 4 515 494 860 861 4 536 515
861 862 4 557 536 862 863 4 578 557
863 864 4 865 599 578 864 4 86 85
634 855 4 637 86 855 856 4 866 832
831 867 5 854 859 760 759 868 4 797
796 866 867 4 867 831 854 868 4 797
867 868 759 4 869 870 871 872 4 873
869 872 874 4 875 873 874 876 4 877
875 876 878 4 877 878 879 880 5 881
882 883 870 869 5 884 885 881 869 873
5 886 887 884 873 875 5 888 889 886
875 877 5 888 877 880 890 891 5 883
882 892 893 894 5 881 885 895 896 897
5 884 887 898 899 900 5 886 889 901
902 903 5 888 891 904 905 906 4 907
908 909 910 4 911 912 913 914 4 915
916 917 918 4 919 920 921 922 5 923
924 925 926 927 5 928 923 927 929 930
5 931 928 930 932 933 5 934 931 933
935 936 5 934 936 937 938 939 4 940
941 924 923 4 942 940 923 928 4 943
942 928 931 4 944 943 931 934 4 944
934 939 945 4 946 947 941 940 4 948
946 940 942 4 949 948 942 943 4 950
949 943 944 4 950 944 945 951 4 952
953 947 946 4 954 952 946 948 4 955
954 948 949 4 956 955 949 950 4 956
950 951 957 4 958 959 953 952 4 960
958 952 954 4 961 960 954 955 4 962
961 955 956 4 962 956 957 963 4 964
965 959 958 4 966 964 958 960 4 967
966 960 961 4 968 967 961 962 4 969
968 962 963 4 970 971 972 973 4 970
973 871 870 5 974 975 976 971 970 5
977 974 970 870 883 5 978 979 980 976
975 5 977 883 894 981 982 5 983 984
985 925 924 4 986 983 924 941 4 987
986 941 947 4 988 987 947 953 4 989
988 953 959 4 989 959 965 990 4 991
992 993 994 5 995 892 882 881 897 4
996 997 998 999 5 1000 895 885 884 900
4 1001 1002 996 999 4 1003 1004 1005 1006
5 1007 898 887 886 903 4 1008 1009 1003
1006 4 1010 1011 1012 1013 5 1014 901 889
888 906 4 1015 1016 1010 1013 4 1017 1018
1019 1020 4 1021 1022 1017 1020 4 1023 1024
1025 1026 5 926 925 1027 1028 1029 4 1030
907 910 1031 5 927 926 1029 1032 1033 4
1034 911 914 1035 5 929 927 1033 1036 1037
5 930 929 1037 1038 1039 4 1040 915 918
1041 5 932 930 1039 1042 1043 5 933 932
1043 1044 1045 4 1046 919 922 1047 5 935
933 1045 1048 1049 5 936 935 1049 1050 1051
5 1052 1053 937 936 1051 5 1054 1055 978
975 974 4 1056 1057 1058 1059 4 991 994
1060 1061 5 1054 974 977 982 1062 4 1063
1056 1059 1064 4 1065 1023 1026 1066 5 1067
1068 1027 925 985 4 1069 1070 1071 1072 5
1073 1074 1067 985 984 6 1075 1076 835 844
843 1077 4 1075 1077 972 971 5 1078 851
836 835 1076 6 1079 1080 1075 971 976 1081
6 1082 1083 1084 858 846 842 5 1079 1081
1085 1086 1087 4 1088 1089 1090 1091 4 1092
1093 1094 1095 5 1096 860 859 1097 1098 5
1099 1096 1098 1100 1101 5 1099 1101 1102 984
983 4 1103 861 860 1096 4 1104 1103 1096
1099 4 1104 1099 983 986 4 1105 862 861
1103 4 1106 1105 1103 1104 4 1106 1104 986
987 4 1107 863 862 1105 4 1108 1107 1105
1106 4 1108 1106 987 988 4 1109 864 863
1107 4 1110 1109 1107 1108 4 1110 1108 988
989 4 1111 865 864 1109 4 1112 1111 1109
1110 4 1112 1110 989 990 4 1078 1076 1075
1080 5 1082 842 841 851 1078 4 1082 1078
1080 1079 5 1113 1083 1082 1079 1087 4 1114
1115 848 847 4 1116 1117 1118 1119 5 1120
1085 1081 976 980 4 1121 1122 1116 1119 4
1123 1088 1091 1124 5 1097 859 854 853 1125
5 1098 1097 1125 1126 1127 4 1128 1129 1130
1131 5 1100 1098 1127 1132 1133 5 1101 1100
1133 1134 1135 4 1136 1137 1069 1072 5 1102
1101 1135 1138 1139 5 1073 984 1102 1139 1140
4 909 908 1141 1142 4 1036 1033 910 909
4 1037 1036 909 1142 4 913 912 1143 1144
4 1042 1039 914 913 4 1043 1042 913 1144
4 917 916 1145 1146 4 1048 1045 918 917
4 1049 1048 917 1146 4 921 920 1147 1148
4 1052 1051 922 921 4 1053 1052 921 1148
4 992 991 894 893 4 1149 1150 993 992
4 1149 992 893 892 4 998 997 1150 1149
4 995 897 999 998 4 995 998 1149 892
4 1001 999 897 896 4 1151 1152 1002 1001
4 1151 1001 896 895 4 1000 900 1006 1005
4 1005 1004 1152 1151 4 1000 1005 1151 895
4 1008 1006 900 899 4 1153 1154 1009 1008
4 1153 1008 899 898 4 1007 903 1013 1012
4 1012 1011 1154 1153 4 1007 1012 1153 898
4 1015 1013 903 902 4 1155 1156 1016 1015
4 1155 1015 902 901 4 1014 906 1020 1019
4 1019 1018 1156 1155 4 1014 1019 1155 901
4 1021 1020 906 905 4 1157 1158 1022 1021
4 1157 1021 905 904 4 1025 1024 1159 1160
4 1028 1027 1026 1025 4 1029 1028 1025 1160
4 1160 1159 1030 1031 4 1031 910 1033 1032
4 1029 1160 1031 1032 4 1142 1141 1034 1035
4 1035 914 1039 1038 4 1037 1142 1035 1038
4 1144 1143 1040 1041 4 1041 918 1045 1044
4 1043 1144 1041 1044 4 1146 1145 1046 1047
4 1047 922 1051 1050 4 1049 1146 1047 1050
4 1148 1147 1161 1162 4 1053 1148 1162 1163
4 1164 980 979 1165 4 1166 1167 1164 1165
4 1168 1169 1166 1165 4 1168 1165 979 978
4 1055 1054 1059 1058 4 1058 1057 1169 1168
4 1055 1058 1168 978 4 981 894 991 1061
4 1061 1060 1170 1171 4 982 981 1061 1171
4 1171 1170 1063 1064 4 1064 1059 1054 1062
4 982 1171 1064 1062 4 1172 1173 1065 1066
4 1066 1026 1027 1068 4 1172 1066 1068 1067
4 1074 1073 1072 1071 4 1071 1070 1173 1172
4 1074 1071 1172 1067 4 834 833 1174 1175
4 1125 853 834 1175 4 1090 1089 1176 1177
4 1132 1127 1091 1090 4 1133 1132 1090 1177
4 1128 1131 1092 1095 4 1138 1135 1128 1095
4 1139 1138 1095 1094 4 1114 847 858 1084
4 1178 1179 1115 1114 4 1178 1114 1084 1083
4 1113 1087 1119 1118 4 1118 1117 1179 1178
4 1113 1118 1178 1083 4 1121 1119 1087 1086
4 1180 1181 1122 1121 4 1180 1121 1086 1085
4 1182 1120 980 1164 4 1182 1164 1167 1183
4 1182 1183 1181 1180 4 1120 1182 1180 1085
4 1175 1174 1123 1124 4 1124 1091 1127 1126
4 1125 1175 1124 1126 4 1177 1176 1130 1129
4 1129 1128 1135 1134 4 1133 1177 1129 1134
4 1136 1072 1073 1140 4 1094 1093 1137 1136
4 1139 1094 1136 1140 4 880 879 1184 1185
5 890 880 1185 1186 1187 5 890 1187 1188
1189 1190 5 1186 1191 1192 1193 1194 4 1195
1196 1197 1198 4 1199 1200 1201 1202 5 939
938 1203 1204 1205 4 945 939 1205 1206 4
951 945 1206 1207 5 1208 1209 957 951 1207
4 1208 1207 1210 1211 5 1212 1213 963 957
1209 4 1214 1215 1212 1209 4 1216 969 963
1213 5 1217 904 891 890 1190 4 1218 1219
1220 1221 5 1222 1188 1187 1186 1194 4 1223
1224 1218 1221 4 1225 1226 1227 1228 4 1229
1230 1225 1228 4 1162 1161 1195 1198 5 938
937 1053 1163 1231 4 1232 1199 1202 1233 5
1203 938 1231 1234 1235 5 1204 1203 1235 1236
1237 5 1238 1239 1240 1204 1237 4 1214 1209
1208 1211 4 1213 1212 1215 1241 4 1197 1196
1242 1243 4 1234 1231 1198 1197 4 1235 1234
1197 1243 4 1201 1200 1244 1245 4 1238 1237
1202 1201 4 1239 1238 1201 1245 4 1217 1190
1221 1220 4 1220 1219 1158 1157 4 904 1217
1220 1157 4 1223 1221 1190 1189 4 1246 1247
1224 1223 4 1246 1223 1189 1188 4 1222 1194
1228 1227 4 1227 1226 1247 1246 4 1222 1227
1246 1188 4 1229 1228 1194 1193 4 1162 1198
1231 1163 4 1243 1242 1232 1233 4 1233 1202
1237 1236 4 1235 1243 1233 1236 4 1248 1249
1250 1251 4 1252 1248 1251 1253 4 1252 1253
1254 1255 5 1256 1257 1258 1249 1248 5 1259
1260 1256 1248 1252 5 1259 1252 1255 1261 1262
5 1263 1264 1265 1258 1257 5 1256 1260 1266
1267 1268 5 1269 1270 1271 1259 1262 4 1272
1273 1274 1275 4 1276 1277 1278 1279 4 1280
1281 1282 1283 4 1284 1285 1286 1287 5 1288
1289 1290 1291 1292 6 1293 1294 1295 1296 1297
1298 6 1299 1300 1301 1302 1303 1293 4 1304
1299 1293 1298 5 1269 1262 1261 1305 1306 4
1307 1308 1309 1310 4 1311 1312 1313 1314 4
1315 1316 1317 1318 4 1319 1320 1321 1322 4
1323 1280 1283 1324 4 1325 1326 1327 1288 4
1325 1288 1292 1328 6 1302 1329 1330 1331 1332
1291 5 1333 1263 1257 1256 1268 4 1334 1335
1336 1337 4 1338 1339 1340 1341 5 1342 1266
1260 1259 1271 4 1343 1344 1338 1341 4 1307
1310 1345 1346 4 1347 1272 1275 1348 4 1349
1350 1351 1352 4 1353 1276 1279 1354 4 1355
1356 1349 1352 4 1315 1318 1357 1358 4 1278
1277 1359 1360 4 1361 1362 1279 1278 4 1363
1361 1278 1360 4 1364 1284 1287 1365 6 1289
1288 1327 1366 1367 1368 5 1295 1289 1368 1369
1370 4 1371 1372 1373 1374 5 1296 1295 1370
1375 1376 5 1377 1297 1296 1376 1378 4 1290
1289 1295 1294 4 1303 1302 1291 1290 4 1293
1303 1290 1294 4 1379 1329 1302 1301 4 1379
1301 1300 1380 4 1308 1307 1271 1270 4 1381
1382 1309 1308 4 1381 1308 1270 1269 4 1383
1384 1382 1381 4 1383 1381 1269 1306 4 1360
1359 1311 1314 4 1314 1313 1385 1386 4 1363
1360 1314 1386 4 1316 1315 1362 1361 4 1387
1388 1317 1316 4 1387 1316 1361 1363 4 1386
1385 1319 1322 4 1322 1321 1388 1387 4 1386
1322 1387 1363 4 1389 1390 1323 1324 4 1324
1283 1366 1391 4 1392 1389 1324 1391 4 1391
1366 1327 1326 4 1326 1325 1393 1394 4 1392
1391 1326 1394 4 1395 1393 1325 1328 4 1328
1292 1291 1332 4 1395 1328 1332 1331 4 1330
1329 1396 1397 4 1398 1331 1330 1397 4 1274
1273 1399 1400 4 1401 1402 1275 1274 4 1403
1401 1274 1400 4 1367 1366 1283 1282 4 1282
1281 1404 1405 4 1368 1367 1282 1405 4 1286
1285 1406 1407 4 1375 1370 1287 1286 4 1376
1375 1286 1407 4 1334 1337 1265 1264 4 1408
1409 1335 1334 4 1408 1334 1264 1263 4 1333
1268 1341 1340 4 1340 1339 1409 1408 4 1333
1340 1408 1263 4 1343 1341 1268 1267 4 1410
1411 1344 1343 4 1410 1343 1267 1266 4 1342
1271 1307 1346 4 1346 1345 1411 1410 4 1342
1346 1410 1266 4 1412 1413 1347 1348 4 1348
1275 1402 1414 4 1415 1412 1348 1414 4 1414
1402 1352 1351 4 1351 1350 1416 1417 4 1415
1414 1351 1417 4 1400 1399 1353 1354 4 1354
1279 1362 1418 4 1403 1400 1354 1418 4 1355
1352 1402 1401 4 1419 1420 1356 1355 4 1419
1355 1401 1403 4 1418 1362 1315 1358 4 1358
1357 1420 1419 4 1418 1358 1419 1403 4 1405
1404 1364 1365 4 1365 1287 1370 1369 4 1368
1405 1365 1369 4 1407 1406 1371 1374 4 1374
1373 1377 1378 4 1376 1407 1374 1378 4 1421
1185 1184 1422 4 1421 1422 1250 1249 5 1423
1191 1186 1185 1421 5 1423 1421 1249 1258 1424
5 1423 1424 1425 1426 1427 4 1428 1429 1430
1431 4 1432 1433 1434 1435 6 1436 1437 1205
1204 1240 1438 5 1439 1440 1441 1436 1438 5
1442 1443 1206 1205 1437 5 1444 1445 1446 1442
1437 6 1447 1448 1210 1207 1206 1443 5 1447
1443 1449 1450 1451 4 1452 1453 1454 1448 4
1455 1456 1457 1458 6 1459 1460 1216 1213 1241
1461 5 1462 1463 1464 1459 1461 5 1396 1329
1379 1465 1466 4 1467 1432 1435 1468 5 1439
1438 1469 1470 1471 7 1472 1473 1439 1471 1474
1475 1476 4 1477 1478 1479 1480 6 1452 1448
1447 1451 1481 1482 4 1483 1484 1485 1486 4
1483 1486 1487 1488 4 1489 1490 1455 1458 4
1491 1492 1462 1461 4 1466 1493 1494 1495 4
1397 1396 1466 1495 5 1496 1192 1191 1423 1427
4 1497 1498 1499 1500 5 1501 1425 1424 1258
1265 4 1502 1503 1497 1500 4 1337 1336 1504
1505 4 1506 1428 1431 1507 5 1469 1438 1240
1239 1508 4 1430 1429 1509 1510 4 1470 1469
1431 1430 4 1471 1470 1430 1510 4 1511 1512
1472 1476 4 1473 1472 1513 1514 5 1444 1437
1436 1441 1515 4 1516 1517 1518 1519 4 1516
1519 1520 1521 5 1449 1443 1442 1446 1522 4
1523 1477 1480 1524 5 1211 1210 1448 1454 1525
5 1214 1211 1525 1489 1458 4 1526 1453 1452
1482 4 1525 1454 1453 1527 5 1215 1214 1458
1457 1528 5 1491 1461 1241 1215 1528 4 1528
1457 1456 1529 5 1464 1463 1493 1466 1465 4
1530 1460 1459 1464 4 1531 1530 1464 1465 4
1531 1465 1379 1380 4 1510 1509 1467 1468 4
1468 1435 1475 1474 4 1471 1510 1468 1474 4
1450 1449 1480 1479 4 1479 1478 1532 1533 4
1451 1450 1479 1533 4 1533 1532 1485 1484 4
1484 1483 1482 1481 4 1451 1533 1484 1481 4
1526 1482 1483 1488 4 1490 1489 1525 1527 4
1492 1491 1528 1529 4 1534 1463 1462 1492 4
1534 1492 1529 1535 4 1536 1537 1495 1494 4
1494 1493 1463 1534 4 1536 1494 1534 1535 4
1398 1397 1495 1537 4 1434 1433 1413 1412 4
1538 1475 1435 1434 4 1538 1434 1412 1415 4
1539 1540 1230 1229 4 1539 1229 1193 1192 4
1496 1427 1500 1499 4 1499 1498 1540 1539 4
1496 1499 1539 1192 4 1502 1500 1427 1426 4
1541 1542 1503 1502 4 1541 1502 1426 1425 4
1501 1265 1337 1505 4 1505 1504 1542 1541 4
1501 1505 1541 1425 4 1245 1244 1506 1507 4
1507 1431 1469 1508 4 1245 1507 1508 1239 4
1511 1476 1475 1538 4 1417 1416 1512 1511 4
1417 1511 1538 1415 4 1440 1439 1473 1514 4
1514 1513 1543 1544 4 1441 1440 1514 1544 4
1544 1543 1518 1517 4 1517 1516 1444 1515 4
1441 1544 1517 1515 4 1445 1444 1516 1521 4
1521 1520 1545 1546 4 1446 1445 1521 1546 4
1546 1545 1523 1524 4 1524 1480 1449 1522 4
1446 1546 1524 1522 4 1547 1255 1254 1548 4
1547 1548 1549 1550 5 1551 1552 1261 1255 1547
4 1553 1551 1547 1550 4 1553 1550 1554 1555
4 1556 1305 1261 1552 5 1557 1558 1559 1551
1553 4 1557 1553 1555 1560 4 1561 1562 1563
1564 5 1565 1566 1567 1558 1557 4 1565 1557
1560 1568 4 1569 1570 1571 1572 5 1573 1574
1575 1566 1565 4 1573 1565 1568 1576 4 1577
1578 1579 1580 5 1581 1582 1583 1574 1573 4
1581 1573 1576 1584 4 1585 1586 1587 1588 6
1589 1590 1591 1592 1582 1581 4 1589 1581 1584
1593 4 1594 1595 1596 1597 5 1591 1590 1598
1599 1600 6 1601 1602 1589 1593 1603 1604 5
1605 1606 1607 1608 1609 5 1601 1604 1610 1611
1612 4 1613 1614 1615 1616 5 1617 1618 1619
1620 1621 4 1622 1623 1624 1625 5 1626 1627
1628 1629 1630 4 1631 1632 1633 1634 5 1635
1636 1637 1638 1639 4 1640 1641 1642 1643 4
1644 1645 1646 1647 4 1648 1649 1650 1651 4
1652 1653 1654 1655 6 1656 1657 1658 1659 1660
1661 5 1656 1661 1662 1663 1664 4 1665 1666
1667 1668 5 1669 1670 1671 1657 1656 4 1669
1656 1664 1672 4 1673 1674 1675 1676 5 1677
1678 1679 1670 1669 4 1677 1669 1672 1680 4
1681 1682 1683 1684 5 1685 1686 1687 1678 1677
4 1685 1677 1680 1688 4 1689 1690 1691 1692
5 1693 1694 1695 1686 1685 4 1693 1685 1688
1696 6 1697 1698 1699 1385 1313 1312 5 1700
1701 1702 1694 1693 4 1700 1693 1696 1703 4
1704 1705 1706 1320 5 1707 1708 1709 1701 1700
4 1707 1700 1703 1710 4 1711 1712 1713 1714
5 1715 1716 1717 1708 1707 4 1715 1707 1710
1718 4 1719 1720 1721 1722 5 1723 1724 1725
1716 1715 4 1723 1715 1718 1726 6 1727 1728
1729 1377 1373 1372 5 1730 1731 1732 1724 1723
4 1730 1723 1726 1733 5 1734 1298 1297 1735
1731 4 1736 1734 1731 1730 4 1736 1730 1733
1737 4 1738 1304 1298 1734 4 1739 1738 1734
1736 4 1740 1739 1736 1737 4 1564 1384 1383
1741 4 1591 1600 1742 1743 4 1744 1745 1746
1605 4 1747 1744 1605 1609 4 1748 1613 1616
1749 4 1621 1750 1751 1752 4 1753 1754 1755
1756 4 1556 1552 1551 1559 6 1757 1561 1564
1741 1305 1556 4 1757 1556 1559 1558 5 1758
1759 1757 1558 1567 4 1760 1569 1572 1761 5
1762 1763 1758 1567 1566 5 1764 1765 1762 1566
1575 4 1766 1577 1580 1767 5 1768 1769 1764
1575 1574 5 1770 1771 1768 1574 1583 4 1772
1585 1588 1773 5 1774 1775 1770 1583 1582 5
1776 1777 1774 1582 1592 4 1778 1594 1597 1779
6 1780 1781 1776 1592 1591 1743 4 1782 1595
1594 1780 4 1598 1590 1589 1602 5 1606 1605
1746 1599 1598 4 1606 1598 1602 1601 4 1607
1606 1601 1612 5 1617 1621 1752 1608 1607 6
1783 1617 1607 1612 1753 1756 6 1784 1785 1786
1750 1621 1620 4 1787 1622 1625 1788 5 1630
1789 1790 1784 1620 4 1791 1783 1756 1792 5
1626 1630 1620 1619 1793 4 1794 1795 1796 1797
5 1798 1799 1789 1630 1629 4 1800 1631 1634
1801 5 1639 1802 1803 1798 1629 4 1804 1794
1797 1805 5 1635 1639 1629 1628 1806 4 1807
1808 1809 1810 5 1811 1812 1802 1639 1638 4
1813 1640 1643 1814 5 1647 1815 1816 1811 1638
4 1817 1807 1810 1818 5 1644 1647 1638 1637
1819 4 1820 1821 1822 1648 5 1823 1824 1815
1647 1646 4 1825 1652 1655 1826 5 1827 1828
1823 1646 1659 5 1829 1830 1831 1662 1661 5
1832 1833 1827 1659 1658 4 1834 1665 1668 1835
5 1836 1837 1832 1658 1657 5 1838 1839 1836
1657 1671 4 1840 1673 1676 1841 5 1842 1843
1838 1671 1670 5 1844 1845 1842 1670 1679 4
1846 1681 1684 1847 5 1848 1849 1844 1679 1678
5 1850 1851 1848 1678 1687 4 1852 1689 1692
1853 5 1854 1855 1850 1687 1686 5 1856 1857
1854 1686 1695 4 1858 1697 1312 1859 5 1698
1860 1856 1695 1694 4 1699 1698 1694 1702 6
1861 1704 1320 1319 1385 1699 4 1861 1699 1702
1701 5 1862 1863 1861 1701 1709 4 1864 1711
1714 1865 5 1866 1867 1862 1709 1708 5 1868
1869 1866 1708 1717 4 1870 1719 1722 1871 5
1872 1873 1868 1717 1716 5 1874 1875 1872 1716
1725 4 1876 1727 1372 1877 5 1728 1878 1874
1725 1724 4 1305 1741 1383 1306 4 1782 1780
1743 1742 4 1879 1742 1600 1599 4 1879 1599
1746 1745 4 1880 1747 1609 1608 3 1748 1749
1881 4 1882 1786 1613 1748 4 1882 1748 1881
1883 4 1880 1608 1752 1751 4 1751 1750 1786
1882 4 1880 1751 1882 1883 4 1754 1753 1612
1611 4 1884 1885 1755 1754 4 1884 1754 1611
1610 4 1886 1887 1563 1562 4 1562 1561 1757
1759 4 1886 1562 1759 1758 4 1888 1889 1571
1570 4 1570 1569 1762 1765 4 1888 1570 1765
1764 4 1890 1891 1579 1578 4 1578 1577 1768
1771 4 1890 1578 1771 1770 4 1892 1893 1587
1586 4 1586 1585 1774 1777 4 1892 1586 1777
1776 4 1614 1613 1786 1785 4 1894 1895 1615
1614 4 1894 1614 1785 1784 4 1896 1897 1624
1623 4 1623 1622 1789 1799 4 1896 1623 1799
1798 4 1898 1899 1633 1632 4 1632 1631 1802
1812 4 1898 1632 1812 1811 4 1900 1901 1642
1641 4 1641 1640 1815 1824 4 1900 1641 1824
1823 6 1645 1644 1820 1648 1651 1829 4 1660
1659 1646 1645 4 1660 1645 1829 1661 4 1650
1649 1902 1903 4 1830 1829 1651 1650 4 1831
1830 1650 1903 4 1904 1905 1654 1653 4 1653
1652 1827 1833 4 1904 1653 1833 1832 4 1906
1907 1667 1666 4 1666 1665 1836 1839 4 1906
1666 1839 1838 4 1908 1909 1675 1674 4 1674
1673 1842 1845 4 1908 1674 1845 1844 4 1910
1911 1683 1682 4 1682 1681 1848 1851 4 1910
1682 1851 1850 4 1912 1913 1691 1690 4 1690
1689 1854 1857 4 1912 1690 1857 1856 4 1914
1915 1706 1705 4 1705 1704 1861 1863 4 1914
1705 1863 1862 4 1916 1917 1713 1712 4 1712
1711 1866 1869 4 1916 1712 1869 1868 4 1918
1919 1721 1720 4 1720 1719 1872 1875 4 1918
1720 1875 1874 4 1729 1728 1724 1732 4 1735
1297 1377 1729 4 1731 1735 1729 1732 4 1760
1761 1887 1886 4 1763 1762 1569 1760 4 1763
1760 1886 1758 4 1766 1767 1889 1888 4 1769
1768 1577 1766 4 1769 1766 1888 1764 4 1772
1773 1891 1890 4 1775 1774 1585 1772 4 1775
1772 1890 1770 4 1778 1779 1893 1892 4 1781
1780 1594 1778 4 1781 1778 1892 1776 4 1787
1788 1895 1894 4 1790 1789 1622 1787 4 1790
1787 1894 1784 4 1791 1792 1920 1921 4 1618
1617 1783 1791 4 1619 1618 1791 1921 4 1921
1920 1796 1795 4 1795 1794 1626 1793 4 1619
1921 1795 1793 4 1800 1801 1897 1896 4 1803
1802 1631 1800 4 1803 1800 1896 1798 4 1804
1805 1922 1923 4 1627 1626 1794 1804 4 1628
1627 1804 1923 4 1923 1922 1809 1808 4 1808
1807 1635 1806 4 1628 1923 1808 1806 4 1813
1814 1899 1898 4 1816 1815 1640 1813 4 1816
1813 1898 1811 4 1817 1818 1924 1925 4 1636
1635 1807 1817 4 1637 1636 1817 1925 4 1925
1924 1822 1821 4 1821 1820 1644 1819 4 1637
1925 1821 1819 4 1825 1826 1901 1900 4 1828
1827 1652 1825 4 1828 1825 1900 1823 4 1834
1835 1905 1904 4 1837 1836 1665 1834 4 1837
1834 1904 1832 4 1840 1841 1907 1906 4 1843
1842 1673 1840 4 1843 1840 1906 1838 4 1846
1847 1909 1908 4 1849 1848 1681 1846 4 1849
1846 1908 1844 4 1852 1853 1911 1910 4 1855
1854 1689 1852 4 1855 1852 1910 1850 4 1858
1859 1913 1912 4 1860 1698 1697 1858 4 1860
1858 1912 1856 4 1864 1865 1915 1914 4 1867
1866 1711 1864 4 1867 1864 1914 1862 4 1870
1871 1917 1916 4 1873 1872 1719 1870 4 1873
1870 1916 1868 4 1876 1877 1919 1918 4 1878
1728 1727 1876 4 1878 1876 1918 1874 4 1926
1927 1928 1929 4 1930 1926 1929 1931 4 1932
1930 1931 1933 4 1934 1932 1933 1935 4 1936
1934 1935 1937 4 1938 1936 1937 1939 4 1940
1938 1939 1941 4 1942 1940 1941 1943 4 1944
1942 1943 1945 4 1946 1944 1945 1947 4 1948
1946 1947 1949 4 1950 1948 1949 1951 4 1952
1950 1951 1953 4 1954 1952 1953 1955 4 1956
1954 1955 1957 4 1958 1956 1957 1959 4 1960
1958 1959 1961 4 1962 1960 1961 1963 4 1964
1962 1963 1965 4 1966 1964 1965 1967 4 1968
1966 1967 1969 4 1970 1968 1969 1971 4 1972
1970 1971 1973 4 1974 1972 1973 1975 4 1974
1975 1976 1977 4 1978 1979 1927 1926 4 1980
1978 1926 1930 4 1981 1980 1930 1932 4 1982
1981 1932 1934 4 1983 1982 1934 1936 4 1984
1983 1936 1938 4 1985 1984 1938 1940 4 1986
1985 1940 1942 4 1987 1986 1942 1944 4 1988
1987 1944 1946 4 1989 1988 1946 1948 4 1990
1989 1948 1950 4 1991 1990 1950 1952 4 1992
1991 1952 1954 4 1993 1992 1954 1956 4 1994
1993 1956 1958 4 1995 1994 1958 1960 4 1996
1995 1960 1962 4 1997 1996 1962 1964 4 1998
1997 1964 1966 4 1999 1998 1966 1968 4 2000
1999 1968 1970 4 2001 2000 1970 1972 4 2002
2001 1972 1974 4 2002 1974 1977 2003 4 2004
2005 1979 1978 4 2006 2004 1978 1980 4 2007
2006 1980 1981 4 2008 2007 1981 1982 4 2009
2008 1982 1983 4 2010 2009 1983 1984 4 2011
2010 1984 1985 4 2012 2011 1985 1986 4 2013
2012 1986 1987 4 2014 2013 1987 1988 4 2015
2014 1988 1989 4 2016 2015 1989 1990 4 2017
2016 1990 1991 4 2018 2017 1991 1992 4 2019
2018 1992 1993 4 2020 2019 1993 1994 4 2021
2020 1994 1995 4 2022 2021 1995 1996 4 2023
2022 1996 1997 4 2024 2023 1997 1998 4 2025
2024 1998 1999 4 2026 2025 1999 2000 4 2027
2026 2000 2001 4 2028 2027 2001 2002 4 2028
2002 2003 2029 4 2030 2031 2005 2004 4 2032
2030 2004 2006 4 2033 2032 2006 2007 4 2034
2033 2007 2008 4 2035 2034 2008 2009 4 2036
2035 2009 2010 4 2037 2036 2010 2011 4 2038
2037 2011 2012 4 2039 2038 2012 2013 4 2040
2039 2013 2014 4 2041 2040 2014 2015 4 2042
2041 2015 2016 4 2043 2042 2016 2017 4 2044
2043 2017 2018 4 2045 2044 2018 2019 4 2046
2045 2019 2020 4 2047 2046 2020 2021 4 2048
2047 2021 2022 4 2049 2048 2022 2023 4 2050
2049 2023 2024 4 2051 2050 2024 2025 4 2052
2051 2025 2026 4 2053 2052 2026 2027 4 2054
2053 2027 2028 4 2054 2028 2029 2055 4 2056
2057 2031 2030 4 2058 2056 2030 2032 4 2059
2058 2032 2033 4 2060 2059 2033 2034 4 2061
2060 2034 2035 4 2062 2061 2035 2036 4 2063
2062 2036 2037 4 2064 2063 2037 2038 4 2065
2064 2038 2039 4 2066 2065 2039 2040 4 2067
2066 2040 2041 4 2068 2067 2041 2042 4 2069
2068 2042 2043 4 2070 2069 2043 2044 4 2071
2070 2044 2045 4 2072 2071 2045 2046 4 2073
2072 2046 2047 4 2074 2073 2047 2048 4 2075
2074 2048 2049 4 2076 2075 2049 2050 4 2077
2076 2050 2051 4 2078 2077 2051 2052 4 2079
2078 2052 2053 4 2080 2079 2053 2054 4 2080
2054 2055 2081 4 2082 2083 2057 2056 4 2084
2082 2056 2058 4 2085 2084 2058 2059 4 2086
2085 2059 2060 4 2087 2086 2060 2061 4 2088
2087 2061 2062 4 2089 2088 2062 2063 4 2090
2089 2063 2064 4 2091 2090 2064 2065 4 2092
2091 2065 2066 4 2093 2092 2066 2067 4 2094
2093 2067 2068 4 2095 2094 2068 2069 4 2096
2095 2069 2070 4 2097 2096 2070 2071 4 2098
2097 2071 2072 4 2099 2098 2072 2073 4 2100
2099 2073 2074 4 2101 2100 2074 2075 4 2102
2101 2075 2076 4 2103 2102 2076 2077 4 2104
2103 2077 2078 4 2105 2104 2078 2079 4 2106
2105 2079 2080 4 2106 2080 2081 2107 4 2108
2109 2083 2082 4 2110 2108 2082 2084 4 2111
2110 2084 2085 4 2112 2111 2085 2086 4 2113
2112 2086 2087 4 2114 2113 2087 2088 4 2115
2114 2088 2089 4 2116 2115 2089 2090 4 2117
2116 2090 2091 4 2118 2117 2091 2092 4 2119
2118 2092 2093 4 2120 2119 2093 2094 4 2121
2120 2094 2095 4 2122 2121 2095 2096 4 2123
2122 2096 2097 4 2124 2123 2097 2098 4 2125
2124 2098 2099 4 2126 2125 2099 2100 4 2127
2126 2100 2101 4 2128 2127 2101 2102 4 2129
2128 2102 2103 4 2130 2129 2103 2104 4 2131
2130 2104 2105 4 2132 2131 2105 2106 4 2132
2106 2107 2133 4 2134 2135 2109 2108 4 2136
2134 2108 2110 4 2137 2136 2110 2111 4 2138
2137 2111 2112 4 2139 2138 2112 2113 4 2140
2139 2113 2114 4 2141 2140 2114 2115 4 2142
2141 2115 2116 4 2143 2142 2116 2117 4 2144
2143 2117 2118 4 2145 2144 2118 2119 4 2146
2145 2119 2120 4 2147 2146 2120 2121 4 2148
2147 2121 2122 4 2149 2148 2122 2123 4 2150
2149 2123 2124 4 2151 2150 2124 2125 4 2152
2151 2125 2126 4 2153 2152 2126 2127 4 2154
2153 2127 2128 4 2155 2154 2128 2129 4 2156
2155 2129 2130 4 2157 2156 2130 2131 4 2158
2157 2131 2132 4 2158 2132 2133 2159 4 2160
2161 2135 2134 4 2162 2160 2134 2136 4 2163
2162 2136 2137 4 2164 2163 2137 2138 4 2165
2164 2138 2139 4 2166 2165 2139 2140 4 2167
2166 2140 2141 4 2168 2167 2141 2142 4 2169
2168 2142 2143 4 2170 2169 2143 2144 4 2171
2170 2144 2145 4 2172 2171 2145 2146 4 2173
2172 2146 2147 4 2174 2173 2147 2148 4 2175
2174 2148 2149 4 2176 2175 2149 2150 4 2177
2176 2150 2151 4 2178 2177 2151 2152 4 2179
2178 2152 2153 4 2180 2179 2153 2154 4 2181
2180 2154 2155 4 2182 2181 2155 2156 4 2183
2182 2156 2157 4 2184 2183 2157 2158 4 2184
2158 2159 2185 4 2186 2187 2161 2160 4 2188
2186 2160 2162 4 2189 2188 2162 2163 4 2190
2189 2163 2164 4 2191 2190 2164 2165 4 2192
2191 2165 2166 4 2193 2192 2166 2167 4 2194
2193 2167 2168 4 2195 2194 2168 2169 4 2196
2195 2169 2170 4 2197 2196 2170 2171 4 2198
2197 2171 2172 4 2199 2198 2172 2173 4 2200
2199 2173 2174 4 2201 2200 2174 2175 4 2202
2201 2175 2176 4 2203 2202 2176 2177 4 2204
2203 2177 2178 4 2205 2204 2178 2179 4 2206
2205 2179 2180 4 2207 2206 2180 2181 4 2208
2207 2181 2182 4 2209 2208 2182 2183 4 2210
2209 2183 2184 4 2210 2184 2185 2211 4 2212
2213 2187 2186 4 2214 2212 2186 2188 4 2215
2214 2188 2189 4 2216 2215 2189 2190 4 2217
2216 2190 2191 4 2218 2217 2191 2192 4 2219
2218 2192 2193 4 2220 2219 2193 2194 4 2221
2220 2194 2195 4 2222 2221 2195 2196 4 2223
2222 2196 2197 4 2224 2223 2197 2198 4 2225
2224 2198 2199 4 2226 2225 2199 2200 4 2227
2226 2200 2201 4 2228 2227 2201 2202 4 2229
2228 2202 2203 4 2230 2229 2203 2204 4 2231
2230 2204 2205 4 2232 2231 2205 2206 4 2233
2232 2206 2207 4 2234 2233 2207 2208 4 2235
2234 2208 2209 4 2236 2235 2209 2210 4 2236
2210 2211 2237 4 2238 2239 2213 2212 4 2240
2238 2212 2214 4 2241 2240 2214 2215 4 2242
2241 2215 2216 4 2243 2242 2216 2217 4 2244
2243 2217 2218 4 2245 2244 2218 2219 4 2246
2245 2219 2220 4 2247 2246 2220 2221 4 2248
2247 2221 2222 4 2249 2248 2222 2223 4 2250
2249 2223 2224 4 2251 2250 2224 2225 4 2252
2251 2225 2226 4 2253 2252 2226 2227 4 2254
2253 2227 2228 4 2255 2254 2228 2229 4 2256
2255 2229 2230 4 2257 2256 2230 2231 4 2258
2257 2231 2232 4 2259 2258 2232 2233 4 2260
2259 2233 2234 4 2261 2260 2234 2235 4 2262
2261 2235 2236 4 2262 2236 2237 2263 4 2264
2265 2239 2238 4 2266 2264 2238 2240 4 2267
2266 2240 2241 4 2268 2267 2241 2242 4 2269
2268 2242 2243 4 2270 2269 2243 2244 4 2271
2270 2244 2245 4 2272 2271 2245 2246 4 2273
2272 2246 2247 4 2274 2273 2247 2248 4 2275
2274 2248 2249 4 2276 2275 2249 2250 4 2277
2276 2250 2251 4 2278 2277 2251 2252 4 2279
2278 2252 2253 4 2280 2279 2253 2254 4 2281
2280 2254 2255 4 2282 2281 2255 2256 4 2283
2282 2256 2257 4 2284 2283 2257 2258 4 2285
2284 2258 2259 4 2286 2285 2259 2260 4 2287
2286 2260 2261 4 2288 2287 2261 2262 4 2288
2262 2263 2289 4 2290 2291 2265 2264 4 2292
2290 2264 2266 4 2293 2292 2266 2267 4 2294
2293 2267 2268 4 2295 2294 2268 2269 4 2296
2295 2269 2270 4 2297 2296 2270 2271 4 2298
2297 2271 2272 4 2299 2298 2272 2273 4 2300
2299 2273 2274 4 2301 2300 2274 2275 4 2302
2301 2275 2276 4 2303 2302 2276 2277 4 2304
2303 2277 2278 4 2305 2304 2278 2279 4 2306
2305 2279 2280 4 2307 2306 2280 2281 4 2308
2307 2281 2282 4 2309 2308 2282 2283 4 2310
2309 2283 2284 4 2311 2310 2284 2285 4 2312
2311 2285 2286 4 2313 2312 2286 2287 4 2314
2313 2287 2288 4 2314 2288 2289 2315 4 2316
2317 2291 2290 4 2318 2316 2290 2292 4 2319
2318 2292 2293 4 2320 2319 2293 2294 4 2321
2320 2294 2295 4 2322 2321 2295 2296 4 2323
2322 2296 2297 4 2324 2323 2297 2298 4 2325
2324 2298 2299 4 2326 2325 2299 2300 4 2327
2326 2300 2301 4 2328 2327 2301 2302 4 2329
2328 2302 2303 4 2330 2329 2303 2304 4 2331
2330 2304 2305 4 2332 2331 2305 2306 4 2333
2332 2306 2307 4 2334 2333 2307 2308 4 2335
2334 2308 2309 4 2336 2335 2309 2310 4 2337
2336 2310 2311 4 2338 2337 2311 2312 4 2339
2338 2312 2313 4 2340 2339 2313 2314 4 2340
2314 2315 2341 4 2342 2343 2317 2316 4 2344
2342 2316 2318 4 2345 2344 2318 2319 4 2346
2345 2319 2320 4 2347 2346 2320 2321 4 2348
2347 2321 2322 4 2349 2348 2322 2323 4 2350
2349 2323 2324 4 2351 2350 2324 2325 4 2352
2351 2325 2326 4 2353 2352 2326 2327 4 2354
2353 2327 2328 4 2355 2354 2328 2329 4 2356
2355 2329 2330 4 2357 2356 2330 2331 4 2358
2357 2331 2332 4 2359 2358 2332 2333 4 2360
2359 2333 2334 4 2361 2360 2334 2335 4 2362
2361 2335 2336 4 2363 2362 2336 2337 4 2364
2363 2337 2338 4 2365 2364 2338 2339 4 2366
2365 2339 2340 4 2366 2340 2341 2367 4 2368
2369 2343 2342 4 2370 2368 2342 2344 4 2371
2370 2344 2345 4 2372 2371 2345 2346 4 2373
2372 2346 2347 4 2374 2373 2347 2348 4 2375
2374 2348 2349 4 2376 2375 2349 2350 4 2377
2376 2350 2351 4 2378 2377 2351 2352 4 2379
2378 2352 2353 4 2380 2379 2353 2354 4 2381
2380 2354 2355 4 2382 2381 2355 2356 4 2383
2382 2356 2357 4 2384 2383 2357 2358 4 2385
2384 2358 2359 4 2386 2385 2359 2360 4 2387
2386 2360 2361 4 2388 2387 2361 2362 4 2389
2388 2362 2363 4 2390 2389 2363 2364 4 2391
2390 2364 2365 4 2392 2391 2365 2366 4 2392
2366 2367 2393 4 2394 2395 2369 2368 4 2396
2394 2368 2370 4 2397 2396 2370 2371 4 2398
2397 2371 2372 4 2399 2398 2372 2373 4 2400
2399 2373 2374 4 2401 2400 2374 2375 4 2402
2401 2375 2376 4 2403 2402 2376 2377 4 2404
2403 2377 2378 4 2405 2404 2378 2379 4 2406
2405 2379 2380 4 2407 2406 2380 2381 4 2408
2407 2381 2382 4 2409 2408 2382 2383 4 2410
2409 2383 2384 4 2411 2410 2384 2385 4 2412
2411 2385 2386 4 2413 2412 2386 2387 4 2414
2413 2387 2388 4 2415 2414 2388 2389 4 2416
2415 2389 2390 4 2417 2416 2390 2391 4 2418
2417 2391 2392 4 2418 2392 2393 2419 4 2420
2421 2395 2394 4 2422 2420 2394 2396 4 2423
2422 2396 2397 4 2424 2423 2397 2398 4 2425
2424 2398 2399 4 2426 2425 2399 2400 4 2427
2426 2400 2401 4 2428 2427 2401 2402 4 2429
2428 2402 2403 4 2430 2429 2403 2404 4 2431
2430 2404 2405 4 2432 2431 2405 2406 4 2433
2432 2406 2407 4 2434 2433 2407 2408 4 2435
2434 2408 2409 4 2436 2435 2409 2410 4 2437
2436 2410 2411 4 2438 2437 2411 2412 4 2439
2438 2412 2413 4 2440 2439 2413 2414 4 2441
2440 2414 2415 4 2442 2441 2415 2416 4 2443
2442 2416 2417 4 2444 2443 2417 2418 4 2444
2418 2419 2445 4 2446 2447 2421 2420 4 2448
2446 2420 2422 4 2449 2448 2422 2423 4 2450
2449 2423 2424 4 2451 2450 2424 2425 4 2452
2451 2425 2426 4 2453 2452 2426 2427 4 2454
2453 2427 2428 4 2455 2454 2428 2429 4 2456
2455 2429 2430 4 2457 2456 2430 2431 4 2458
2457 2431 2432 4 2459 2458 2432 2433 4 2460
2459 2433 2434 4 2461 2460 2434 2435 4 2462
2461 2435 2436 4 2463 2462 2436 2437 4 2464
2463 2437 2438 4 2465 2464 2438 2439 4 2466
2465 2439 2440 4 2467 2466 2440 2441 4 2468
2467 2441 2442 4 2469 2468 2442 2443 4 2470
2469 2443 2444 4 2470 2444 2445 2471 4 2472
2473 2447 2446 4 2474 2472 2446 2448 4 2475
2474 2448 2449 4 2476 2475 2449 2450 4 2477
2476 2450 2451 4 2478 2477 2451 2452 4 2479
2478 2452 2453 4 2480 2479 2453 2454 4 2481
2480 2454 2455 4 2482 2481 2455 2456 4 2483
2482 2456 2457 4 2484 2483 2457 2458 4 2485
2484 2458 2459 4 2486 2485 2459 2460 4 2487
2486 2460 2461 4 2488 2487 2461 2462 4 2489
2488 2462 2463 4 2490 2489 2463 2464 4 2491
2490 2464 2465 4 2492 2491 2465 2466 4 2493
2492 2466 2467 4 2494 2493 2467 2468 4 2495
2494 2468 2469 4 2496 2495 2469 2470 4 2496
2470 2471 2497 4 2498 2499 2473 2472 4 2500
2498 2472 2474 4 2501 2500 2474 2475 4 2502
2501 2475 2476 4 2503 2502 2476 2477 4 2504
2503 2477 2478 4 2505 2504 2478 2479 4 2506
2505 2479 2480 4 2507 2506 2480 2481 4 2508
2507 2481 2482 4 2509 2508 2482 2483 4 2510
2509 2483 2484 4 2511 2510 2484 2485 4 2512
2511 2485 2486 4 2513 2512 2486 2487 4 2514
2513 2487 2488 4 2515 2514 2488 2489 4 2516
2515 2489 2490 4 2517 2516 2490 2491 4 2518
2517 2491 2492 4 2519 2518 2492 2493 4 2520
2519 2493 2494 4 2521 2520 2494 2495 4 2522
2521 2495 2496 4 2522 2496 2497 2523 4 2524
2525 2499 2498 4 2526 2524 2498 2500 4 2527
2526 2500 2501 4 2528 2527 2501 2502 4 2529
2528 2502 2503 4 2530 2529 2503 2504 4 2531
2530 2504 2505 4 2532 2531 2505 2506 4 2533
2532 2506 2507 4 2534 2533 2507 2508 4 2535
2534 2508 2509 4 2536 2535 2509 2510 4 2537
2536 2510 2511 4 2538 2537 2511 2512 4 2539
2538 2512 2513 4 2540 2539 2513 2514 4 2541
2540 2514 2515 4 2542 2541 2515 2516 4 2543
2542 2516 2517 4 2544 2543 2517 2518 4 2545
2544 2518 2519 4 2546 2545 2519 2520 4 2547
2546 2520 2521 4 2548 2547 2521 2522 4 2548
2522 2523 2549 4 2550 2551 2525 2524 4 2552
2550 2524 2526 4 2553 2552 2526 2527 4 2554
2553 2527 2528 4 2555 2554 2528 2529 4 2556
2555 2529 2530 4 2557 2556 2530 2531 4 2558
2557 2531 2532 4 2559 2558 2532 2533 4 2560
2559 2533 2534 4 2561 2560 2534 2535 4 2562
2561 2535 2536 4 2563 2562 2536 2537 4 2564
2563 2537 2538 4 2565 2564 2538 2539 4 2566
2565 2539 2540 4 2567 2566 2540 2541 4 2568
2567 2541 2542 4 2569 2568 2542 2543 4 2570
2569 2543 2544 4 2571 2570 2544 2545 4 2572
2571 2545 2546 4 2573 2572 2546 2547 4 2574
2573 2547 2548 4 2574 2548 2549 2575 4 2576
2577 2551 2550 4 2578 2576 2550 2552 4 2579
2578 2552 2553 4 2580 2579 2553 2554 4 2581
2580 2554 2555 4 2582 2581 2555 2556 4 2583
2582 2556 2557 4 2584 2583 2557 2558 4 2585
2584 2558 2559 4 2586 2585 2559 2560 4 2587
2586 2560 2561 4 2588 2587 2561 2562 4 2589
2588 2562 2563 4 2590 2589 2563 2564 4 2591
2590 2564 2565 4 2592 2591 2565 2566 4 2593
2592 2566 2567 4 2594 2593 2567 2568 4 2595
2594 2568 2569 4 2596 2595 2569 2570 4 2597
2596 2570 2571 4 2598 2597 2571 2572 4 2599
2598 2572 2573 4 2600 2599 2573 2574 4 2600
2574 2575 2601 4 2602 2603 2604 2605 4 2606
2602 2605 2607 4 2606 2607 1928 1927 4 2608
2609 2603 2602 4 2610 2608 2602 2606 4 2610
2606 1927 1979 4 2611 2612 2609 2608 4 2613
2611 2608 2610 4 2613 2610 1979 2005 4 2614
2615 2612 2611 4 2616 2614 2611 2613 4 2616
2613 2005 2031 4 2617 2618 2615 2614 4 2619
2617 2614 2616 4 2619 2616 2031 2057 4 2620
2621 2618 2617 4 2622 2620 2617 2619 4 2622
2619 2057 2083 4 2623 2624 2621 2620 4 2625
2623 2620 2622 4 2625 2622 2083 2109 4 2626
2627 2624 2623 4 2628 2626 2623 2625 4 2628
2625 2109 2135 4 2629 2630 2627 2626 4 2631
2629 2626 2628 4 2631 2628 2135 2161 4 2632
2633 2630 2629 4 2634 2632 2629 2631 4 2634
2631 2161 2187 4 2635 2636 2633 2632 4 2637
2635 2632 2634 4 2637 2634 2187 2213 4 2638
2639 2636 2635 4 2640 2638 2635 2637 4 2640
2637 2213 2239 4 2641 2642 2639 2638 4 2643
2641 2638 2640 4 2643 2640 2239 2265 4 2644
2645 2642 2641 4 2646 2644 2641 2643 4 2646
2643 2265 2291 4 2647 2648 2645 2644 4 2649
2647 2644 2646 4 2649 2646 2291 2317 4 2650
2651 2647 2649 4 2650 2649 2317 2343 4 2652
2653 2651 2650 4 2652 2650 2343 2369 4 2654
2655 2653 2652 4 2654 2652 2369 2395 4 2656
2657 2655 2654 4 2656 2654 2395 2421 4 2658
2659 2657 2656 4 2658 2656 2421 2447 4 2660
2661 2659 2658 4 2660 2658 2447 2473 4 2662
2663 2661 2660 4 2662 2660 2473 2499 4 2664
2665 2663 2662 4 2664 2662 2499 2525 4 2666
2667 2665 2664 4 2666 2664 2525 2551 4 2668
2669 2667 2666 4 2668 2666 2551 2577 4 2670
2671 2672 2673 4 2674 2670 2673 2675 4 2676
2674 2675 2677 4 2678 2676 2677 2679 4 2680
2678 2679 2681 4 2682 2680 2681 2683 4 2684
2682 2683 2685 4 2686 2684 2685 2687 4 2688
2686 2687 2689 4 2690 2688 2689 2691 4 2692
2690 2691 2693 4 2694 2692 2693 2695 4 2696
2694 2695 2697 4 2698 2696 2697 2699 4 2700
2698 2699 2701 4 2702 2700 2701 2703 4 2704
2702 2703 2705 4 2706 2704 2705 2707 4 2708
2706 2707 2709 4 2710 2708 2709 2711 4 2712
2710 2711 2713 4 2712 2713 2604 2603 4 2714
2715 2671 2670 4 2716 2714 2670 2674 4 2717
2716 2674 2676 4 2718 2717 2676 2678 4 2719
2718 2678 2680 4 2720 2719 2680 2682 4 2721
2720 2682 2684 4 2722 2721 2684 2686 4 2723
2722 2686 2688 4 2724 2723 2688 2690 4 2725
2724 2690 2692 4 2726 2725 2692 2694 4 2727
2726 2694 2696 4 2728 2727 2696 2698 4 2729
2728 2698 2700 4 2730 2729 2700 2702 4 2731
2730 2702 2704 4 2732 2731 2704 2706 4 2733
2732 2706 2708 4 2734 2733 2708 2710 4 2735
2734 2710 2712 4 2735 2712 2603 2609 4 2736
2737 2715 2714 4 2738 2736 2714 2716 4 2739
2738 2716 2717 4 2740 2739 2717 2718 4 2741
2740 2718 2719 4 2742 2741 2719 2720 4 2743
2742 2720 2721 4 2744 2743 2721 2722 4 2745
2744 2722 2723 4 2746 2745 2723 2724 4 2747
2746 2724 2725 4 2748 2747 2725 2726 4 2749
2748 2726 2727 4 2750 2749 2727 2728 4 2751
2750 2728 2729 4 2752 2751 2729 2730 4 2753
2752 2730 2731 4 2754 2753 2731 2732 4 2755
2754 2732 2733 4 2756 2755 2733 2734 4 2757
2756 2734 2735 4 2757 2735 2609 2612 4 2758
2759 2737 2736 4 2760 2758 2736 2738 4 2761
2760 2738 2739 4 2762 2761 2739 2740 4 2763
2762 2740 2741 4 2764 2763 2741 2742 4 2765
2764 2742 2743 4 2766 2765 2743 2744 4 2767
2766 2744 2745 4 2768 2767 2745 2746 4 2769
2768 2746 2747 4 2770 2769 2747 2748 4 2771
2770 2748 2749 4 2772 2771 2749 2750 4 2773
2772 2750 2751 4 2774 2773 2751 2752 4 2775
2774 2752 2753 4 2776 2775 2753 2754 4 2777
2776 2754 2755 4 2778 2777 2755 2756 4 2779
2778 2756 2757 4 2779 2757 2612 2615 4 2780
2781 2759 2758 4 2782 2780 2758 2760 4 2783
2782 2760 2761 4 2784 2783 2761 2762 4 2785
2784 2762 2763 4 2786 2785 2763 2764 4 2787
2786 2764 2765 4 2788 2787 2765 2766 4 2789
2788 2766 2767 4 2790 2789 2767 2768 4 2791
2790 2768 2769 4 2792 2791 2769 2770 4 2793
2792 2770 2771 4 2794 2793 2771 2772 4 2795
2794 2772 2773 4 2796 2795 2773 2774 4 2797
2796 2774 2775 4 2798 2797 2775 2776 4 2799
2798 2776 2777 4 2800 2799 2777 2778 4 2801
2800 2778 2779 4 2801 2779 2615 2618 4 2802
2803 2781 2780 4 2804 2802 2780 2782 4 2805
2804 2782 2783 4 2806 2805 2783 2784 4 2807
2806 2784 2785 4 2808 2807 2785 2786 4 2809
2808 2786 2787 4 2810 2809 2787 2788 4 2811
2810 2788 2789 4 2812 2811 2789 2790 4 2813
2812 2790 2791 4 2814 2813 2791 2792 4 2815
2814 2792 2793 4 2816 2815 2793 2794 4 2817
2816 2794 2795 4 2818 2817 2795 2796 4 2819
2818 2796 2797 4 2820 2819 2797 2798 4 2821
2820 2798 2799 4 2822 2821 2799 2800 4 2823
2822 2800 2801 4 2823 2801 2618 2621 4 2824
2825 2803 2802 4 2826 2824 2802 2804 4 2827
2826 2804 2805 4 2828 2827 2805 2806 4 2829
2828 2806 2807 4 2830 2829 2807 2808 4 2831
2830 2808 2809 4 2832 2831 2809 2810 4 2833
2832 2810 2811 4 2834 2833 2811 2812 4 2835
2834 2812 2813 4 2836 2835 2813 2814 4 2837
2836 2814 2815 4 2838 2837 2815 2816 4 2839
2838 2816 2817 4 2840 2839 2817 2818 4 2841
2840 2818 2819 4 2842 2841 2819 2820 4 2843
2842 2820 2821 4 2844 2843 2821 2822 4 2845
2844 2822 2823 4 2845 2823 2621 2624 4 2846
2847 2825 2824 4 2848 2846 2824 2826 4 2849
2848 2826 2827 4 2850 2849 2827 2828 4 2851
2850 2828 2829 4 2852 2851 2829 2830 4 2853
2852 2830 2831 4 2854 2853 2831 2832 4 2855
2854 2832 2833 4 2856 2855 2833 2834 4 2857
2856 2834 2835 4 2858 2857 2835 2836 4 2859
2858 2836 2837 4 2860 2859 2837 2838 4 2861
2860 2838 2839 4 2862 2861 2839 2840 4 2863
2862 2840 2841 4 2864 2863 2841 2842 4 2865
2864 2842 2843 4 2866 2865 2843 2844 4 2867
2866 2844 2845 4 2867 2845 2624 2627 4 2868
2869 2847 2846 4 2870 2868 2846 2848 4 2871
2870 2848 2849 4 2872 2871 2849 2850 4 2873
2872 2850 2851 4 2874 2873 2851 2852 4 2875
2874 2852 2853 4 2876 2875 2853 2854 4 2877
2876 2854 2855 4 2878 2877 2855 2856 4 2879
2878 2856 2857 4 2880 2879 2857 2858 4 2881
2880 2858 2859 4 2882 2881 2859 2860 4 2883
2882 2860 2861 4 2884 2883 2861 2862 4 2885
2884 2862 2863 4 2886 2885 2863 2864 4 2887
2886 2864 2865 4 2888 2887 2865 2866 4 2889
2888 2866 2867 4 2889 2867 2627 2630 4 2890
2891 2869 2868 4 2892 2890 2868 2870 4 2893
2892 2870 2871 4 2894 2893 2871 2872 4 2895
2894 2872 2873 4 2896 2895 2873 2874 4 2897
2896 2874 2875 4 2898 2897 2875 2876 4 2899
2898 2876 2877 4 2900 2899 2877 2878 4 2901
2900 2878 2879 4 2902 2901 2879 2880 4 2903
2902 2880 2881 4 2904 2903 2881 2882 4 2905
2904 2882 2883 4 2906 2905 2883 2884 4 2907
2906 2884 2885 4 2908 2907 2885 2886 4 2909
2908 2886 2887 4 2910 2909 2887 2888 4 2911
2910 2888 2889 4 2911 2889 2630 2633 4 2912
2913 2891 2890 4 2914 2912 2890 2892 4 2915
2914 2892 2893 4 2916 2915 2893 2894 4 2917
2916 2894 2895 4 2918 2917 2895 2896 4 2919
2918 2896 2897 4 2920 2919 2897 2898 4 2921
2920 2898 2899 4 2922 2921 2899 2900 4 2923
2922 2900 2901 4 2924 2923 2901 2902 4 2925
2924 2902 2903 4 2926 2925 2903 2904 4 2927
2926 2904 2905 4 2928 2927 2905 2906 4 2929
2928 2906 2907 4 2930 2929 2907 2908 4 2931
2930 2908 2909 4 2932 2931 2909 2910 4 2933
2932 2910 2911 4 2933 2911 2633 2636 4 2934
2935 2913 2912 4 2936 2934 2912 2914 4 2937
2936 2914 2915 4 2938 2937 2915 2916 4 2939
2938 2916 2917 4 2940 2939 2917 2918 4 2941
2940 2918 2919 4 2942 2941 2919 2920 4 2943
2942 2920 2921 4 2944 2943 2921 2922 4 2945
2944 2922 2923 4 2946 2945 2923 2924 4 2947
2946 2924 2925 4 2948 2947 2925 2926 4 2949
2948 2926 2927 4 2950 2949 2927 2928 4 2951
2950 2928 2929 4 2952 2951 2929 2930 4 2953
2952 2930 2931 4 2954 2953 2931 2932 4 2955
2954 2932 2933 4 2955 2933 2636 2639 4 2956
2957 2935 2934 4 2958 2956 2934 2936 4 2959
2958 2936 2937 4 2960 2959 2937 2938 4 2961
2960 2938 2939 4 2962 2961 2939 2940 4 2963
2962 2940 2941 4 2964 2963 2941 2942 4 2965
2964 2942 2943 4 2966 2965 2943 2944 4 2967
2966 2944 2945 4 2968 2967 2945 2946 4 2969
2968 2946 2947 4 2970 2969 2947 2948 4 2971
2970 2948 2949 4 2972 2971 2949 2950 4 2973
2972 2950 2951 4 2974 2973 2951 2952 4 2975
2974 2952 2953 4 2976 2975 2953 2954 4 2977
2976 2954 2955 4 2977 2955 2639 2642 4 2978
2979 2957 2956 4 2980 2978 2956 2958 4 2981
2980 2958 2959 4 2982 2981 2959 2960 4 2983
2982 2960 2961 4 2984 2983 2961 2962 4 2985
2984 2962 2963 4 2986 2985 2963 2964 4 2987
2986 2964 2965 4 2988 2987 2965 2966 4 2989
2988 2966 2967 4 2990 2989 2967 2968 4 2991
2990 2968 2969 4 2992 2991 2969 2970 4 2993
2992 2970 2971 4 2994 2993 2971 2972 4 2995
2994 2972 2973 4 2996 2995 2973 2974 4 2997
2996 2974 2975 4 2998 2997 2975 2976 4 2999
2998 2976 2977 4 2999 2977 2642 2645 4 3000
3001 2979 2978 4 3002 3000 2978 2980 4 3003
3002 2980 2981 4 3004 3003 2981 2982 4 3005
3004 2982 2983 4 3006 3005 2983 2984 4 3007
3006 2984 2985 4 3008 3007 2985 2986 4 3009
3008 2986 2987 4 3010 3009 2987 2988 4 3011
3010 2988 2989 4 3012 3011 2989 2990 4 3013
3012 2990 2991 4 3014 3013 2991 2992 4 3015
3014 2992 2993 4 3016 3015 2993 2994 4 3017
3016 2994 2995 4 3018 3017 2995 2996 4 3019
3018 2996 2997 4 3020 3019 2997 2998 4 3021
3020 2998 2999 4 3021 2999 2645 2648 4 3022
3023 3001 3000 4 3024 3022 3000 3002 4 3025
3024 3002 3003 4 3026 3025 3003 3004 4 3027
3026 3004 3005 4 3028 3027 3005 3006 4 3029
3028 3006 3007 4 3030 3029 3007 3008 4 3031
3030 3008 3009 4 3032 3031 3009 3010 4 3033
3032 3010 3011 4 3034 3033 3011 3012 4 3035
3034 3012 3013 4 3036 3035 3013 3014 4 3037
3036 3014 3015 4 3038 3037 3015 3016 4 3039
3038 3016 3017 4 3040 3039 3017 3018 4 3041
3040 3018 3019 4 3042 3041 3019 3020 4 3043
3042 3020 3021 4 3044 3043 3021 2648 4 3044
2648 2647 2651 4 3045 3046 3023 3022 4 3047
3045 3022 3024 4 3048 3047 3024 3025 4 3049
3048 3025 3026 4 3050 3049 3026 3027 4 3051
3050 3027 3028 4 3052 3051 3028 3029 4 3053
3052 3029 3030 4 3054 3053 3030 3031 4 3055
3054 3031 3032 4 3056 3055 3032 3033 4 3057
3056 3033 3034 4 3058 3057 3034 3035 4 3059
3058 3035 3036 4 3060 3059 3036 3037 4 3061
3060 3037 3038 4 3062 3061 3038 3039 4 3063
3062 3039 3040 4 3064 3063 3040 3041 4 3065
3064 3041 3042 4 3066 3065 3042 3043 4 3067
3066 3043 3044 4 3067 3044 2651 2653 4 3068
3069 3046 3045 4 3070 3068 3045 3047 4 3071
3070 3047 3048 4 3072 3071 3048 3049 4 3073
3072 3049 3050 4 3074 3073 3050 3051 4 3075
3074 3051 3052 4 3076 3075 3052 3053 4 3077
3076 3053 3054 4 3078 3077 3054 3055 4 3079
3078 3055 3056 4 3080 3079 3056 3057 4 3081
3080 3057 3058 4 3082 3081 3058 3059 4 3083
3082 3059 3060 4 3084 3083 3060 3061 4 3085
3084 3061 3062 4 3086 3085 3062 3063 4 3087
3086 3063 3064 4 3088 3087 3064 3065 4 3089
3088 3065 3066 4 3090 3089 3066 3067 4 3090
3067 2653 2655 4 3091 3092 3069 3068 4 3093
3091 3068 3070 4 3094 3093 3070 3071 4 3095
3094 3071 3072 4 3096 3095 3072 3073 4 3097
3096 3073 3074 4 3098 3097 3074 3075 4 3099
3098 3075 3076 4 3100 3099 3076 3077 4 3101
3100 3077 3078 4 3102 3101 3078 3079 4 3103
3102 3079 3080 4 3104 3103 3080 3081 4 3105
3104 3081 3082 4 3106 3105 3082 3083 4 3107
3106 3083 3084 4 3108 3107 3084 3085 4 3109
3108 3085 3086 4 3110 3109 3086 3087 4 3111
3110 3087 3088 4 3112 3111 3088 3089 4 3113
3112 3089 3090 4 3113 3090 2655 2657 4 3114
3115 3092 3091 4 3116 3114 3091 3093 4 3117
3116 3093 3094 4 3118 3117 3094 3095 4 3119
3118 3095 3096 4 3120 3119 3096 3097 4 3121
3120 3097 3098 4 3122 3121 3098 3099 4 3123
3122 3099 3100 4 3124 3123 3100 3101 4 3125
3124 3101 3102 4 3126 3125 3102 3103 4 3127
3126 3103 3104 4 3128 3127 3104 3105 4 3129
3128 3105 3106 4 3130 3129 3106 3107 4 3131
3130 3107 3108 4 3132 3131 3108 3109 4 3133
3132 3109 3110 4 3134 3133 3110 3111 4 3135
3134 3111 3112 4 3136 3135 3112 3113 4 3136
3113 2657 2659 4 3137 3138 3115 3114 4 3139
3137 3114 3116 4 3140 3139 3116 3117 4 3141
3140 3117 3118 4 3142 3141 3118 3119 4 3143
3142 3119 3120 4 3144 3143 3120 3121 4 3145
3144 3121 3122 4 3146 3145 3122 3123 4 3147
3146 3123 3124 4 3148 3147 3124 3125 4 3149
3148 3125 3126 4 3150 3149 3126 3127 4 3151
3150 3127 3128 4 3152 3151 3128 3129 4 3153
3152 3129 3130 4 3154 3153 3130 3131 4 3155
3154 3131 3132 4 3156 3155 3132 3133 4 3157
3156 3133 3134 4 3158 3157 3134 3135 4 3159
3158 3135 3136 4 3159 3136 2659 2661 4 3160
3161 3138 3137 4 3162 3160 3137 3139 4 3163
3162 3139 3140 4 3164 3163 3140 3141 4 3165
3164 3141 3142 4 3166 3165 3142 3143 4 3167
3166 3143 3144 4 3168 3167 3144 3145 4 3169
3168 3145 3146 4 3170 3169 3146 3147 4 3171
3170 3147 3148 4 3172 3171 3148 3149 4 3173
3172 3149 3150 4 3174 3173 3150 3151 4 3175
3174 3151 3152 4 3176 3175 3152 3153 4 3177
3176 3153 3154 4 3178 3177 3154 3155 4 3179
3178 3155 3156 4 3180 3179 3156 3157 4 3181
3180 3157 3158 4 3182 3181 3158 3159 4 3182
3159 2661 2663 4 3183 3184 3161 3160 4 3185
3183 3160 3162 4 3186 3185 3162 3163 4 3187
3186 3163 3164 4 3188 3187 3164 3165 4 3189
3188 3165 3166 4 3190 3189 3166 3167 4 3191
3190 3167 3168 4 3192 3191 3168 3169 4 3193
3192 3169 3170 4 3194 3193 3170 3171 4 3195
3194 3171 3172 4 3196 3195 3172 3173 4 3197
3196 3173 3174 4 3198 3197 3174 3175 4 3199
3198 3175 3176 4 3200 3199 3176 3177 4 3201
3200 3177 3178 4 3202 3201 3178 3179 4 3203
3202 3179 3180 4 3204 3203 3180 3181 4 3205
3204 3181 3182 4 3205 3182 2663 2665 4 3206
3207 3184 3183 4 3208 3206 3183 3185 4 3209
3208 3185 3186 4 3210 3209 3186 3187 4 3211
3210 3187 3188 4 3212 3211 3188 3189 4 3213
3212 3189 3190 4 3214 3213 3190 3191 4 3215
3214 3191 3192 4 3216 3215 3192 3193 4 3217
3216 3193 3194 4 3218 3217 3194 3195 4 3219
3218 3195 3196 4 3220 3219 3196 3197 4 3221
3220 3197 3198 4 3222 3221 3198 3199 4 3223
3222 3199 3200 4 3224 3223 3200 3201 4 3225
3224 3201 3202 4 3226 3225 3202 3203 4 3227
3226 3203 3204 4 3228 3227 3204 3205 4 3228
3205 2665 2667 4 3229 3230 3207 3206 4 3231
3229 3206 3208 4 3232 3231 3208 3209 4 3233
3232 3209 3210 4 3234 3233 3210 3211 4 3235
3234 3211 3212 4 3236 3235 3212 3213 4 3237
3236 3213 3214 4 3238 3237 3214 3215 4 3239
3238 3215 3216 4 3240 3239 3216 3217 4 3241
3240 3217 3218 4 3242 3241 3218 3219 4 3243
3242 3219 3220 4 3244 3243 3220 3221 4 3245
3244 3221 3222 4 3246 3245 3222 3223 4 3247
3246 3223 3224 4 3248 3247 3224 3225 4 3249
3248 3225 3226 4 3250 3249 3226 3227 4 3251
3250 3227 3228 4 3251 3228 2667 2669 4 3252
3253 3254 3255 4 3256 3252 3255 3257 4 3258
3256 3257 3259 4 3260 3258 3259 3261 4 3260
3261 2672 2671 4 3262 3263 3253 3252 4 3264
3262 3252 3256 4 3265 3264 3256 3258 4 3266
3265 3258 3260 4 3266 3260 2671 2715 4 3267
3268 3263 3262 4 3269 3267 3262 3264 4 3270
3269 3264 3265 4 3271 3270 3265 3266 4 3271
3266 2715 2737 4 3272 3273 3268 3267 4 3274
3272 3267 3269 4 3275 3274 3269 3270 4 3276
3275 3270 3271 4 3276 3271 2737 2759 4 3277
3278 3273 3272 4 3279 3277 3272 3274 4 3280
3279 3274 3275 4 3281 3280 3275 3276 4 3281
3276 2759 2781 4 3282 3283 3278 3277 4 3284
3282 3277 3279 4 3285 3284 3279 3280 4 3286
3285 3280 3281 4 3286 3281 2781 2803 4 3287
3288 3282 3284 4 3289 3287 3284 3285 4 3290
3289 3285 3286 4 3290 3286 2803 2825 4 3291
3292 3288 3287 4 3293 3291 3287 3289 4 3294
3293 3289 3290 4 3294 3290 2825 2847 4 3295
3296 3292 3291 4 3297 3295 3291 3293 4 3298
3297 3293 3294 4 3298 3294 2847 2869 4 3299
3300 3296 3295 4 3301 3299 3295 3297 4 3302
3301 3297 3298 4 3302 3298 2869 2891 4 3303
3304 3300 3299 4 3305 3303 3299 3301 4 3306
3305 3301 3302 4 3306 3302 2891 2913 4 3307
3308 3304 3303 4 3309 3307 3303 3305 4 3310
3309 3305 3306 4 3310 3306 2913 2935 4 3311
3312 3308 3307 4 3313 3311 3307 3309 4 3314
3313 3309 3310 4 3314 3310 2935 2957 4 3315
3316 3312 3311 4 3317 3315 3311 3313 4 3318
3317 3313 3314 4 3318 3314 2957 2979 4 3319
3320 3316 3315 4 3321 3319 3315 3317 4 3322
3321 3317 3318 4 3322 3318 2979 3001 4 3323
3324 3320 3319 4 3325 3323 3319 3321 4 3326
3325 3321 3322 4 3326 3322 3001 3023 4 3327
3328 3324 3323 4 3329 3327 3323 3325 4 3330
3329 3325 3326 4 3330 3326 3023 3046 4 3331
3332 3328 3327 4 3333 3331 3327 3329 4 3334
3333 3329 3330 4 3334 3330 3046 3069 4 3335
3336 3332 3331 4 3337 3335 3331 3333 4 3338
3337 3333 3334 4 3338 3334 3069 3092 4 3339
3340 3336 3335 4 3341 3339 3335 3337 4 3342
3341 3337 3338 4 3342 3338 3092 3115 4 3343
3344 3340 3339 4 3345 3343 3339 3341 4 3346
3345 3341 3342 4 3346 3342 3115 3138 4 3347
3348 3344 3343 4 3349 3347 3343 3345 4 3350
3349 3345 3346 4 3350 3346 3138 3161 4 3351
3352 3348 3347 4 3353 3351 3347 3349 4 3354
3353 3349 3350 4 3354 3350 3161 3184 4 3355
3356 3352 3351 4 3357 3355 3351 3353 4 3358
3357 3353 3354 4 3358 3354 3184 3207 4 3359
3360 3356 3355 4 3361 3359 3355 3357 4 3362
3361 3357 3358 4 3362 3358 3207 3230 4 3363
3364 3254 3253 4 3365 3363 3253 3263 4 3366
3365 3263 3268 4 3367 3366 3268 3273 4 3368
3367 3273 3278 4 3369 3368 3278 3283 4 3370
3371 3369 3283 4 3370 3283 3282 3288 4 3372
3373 3371 3370 4 3372 3370 3288 3292 4 3374
3372 3292 3296 4 3375 3374 3296 3300 4 3376
3375 3300 3304 4 3377 3376 3304 3308 4 3378
3377 3308 3312 4 3379 3378 3312 3316 4 3380
3379 3316 3320 4 3381 3380 3320 3324 4 3382
3381 3324 3328 4 3383 3382 3328 3332 4 3384
3383 3332 3336 4 3385 3384 3336 3340 4 3386
3385 3340 3344 4 3387 3386 3344 3348 4 3388
3387 3348 3352 4 3389 3388 3352 3356 4 3389
3356 3360 3390 4 1554 1550 1549 3391 4 3392
1554 3391 3393 4 3394 3392 3393 3395 4 3396
3394 3395 3397 4 3398 3396 3397 3399 4 3398
3399 3364 3363 4 3400 1555 1554 3392 4 3401
3400 3392 3394 4 3402 3401 3394 3396 4 3403
3402 3396 3398 4 3403 3398 3363 3365 4 3404
1560 1555 3400 4 3405 3404 3400 3401 4 3406
3405 3401 3402 4 3407 3406 3402 3403 4 3407
3403 3365 3366 4 3408 1568 1560 3404 4 3409
3408 3404 3405 4 3410 3409 3405 3406 4 3411
3410 3406 3407 4 3411 3407 3366 3367 4 3412
1576 1568 3408 4 3413 3412 3408 3409 4 3414
3413 3409 3410 4 3415 3414 3410 3411 4 3415
3411 3367 3368 4 3416 1584 1576 3412 4 3417
3416 3412 3413 4 3418 3417 3413 3414 4 3419
3418 3414 3415 4 3419 3415 3368 3369 4 3420
1593 1584 3416 4 3421 3420 3416 3417 4 3422
3421 3417 3418 4 3423 3422 3418 3419 4 3423
3419 3369 3371 5 3424 3425 1603 1593 3420 5
3426 3427 3424 3420 3421 5 3428 3429 3426 3421
3422 4 3430 3428 3422 3423 4 3430 3423 3371
3373 5 1603 3425 3431 3432 3433 5 3424 3427
3434 3435 3436 4 3437 3438 3426 3429 5 3439
3440 3441 3428 3430 4 3442 3439 3430 3373 4
3442 3373 3372 3374 4 3443 3444 3445 3446 5
3447 3448 3449 3440 3439 4 3450 3447 3439 3442
4 3450 3442 3374 3375 4 3451 3452 3453 3454
5 3455 3456 3457 3448 3447 4 3458 3455 3447
3450 4 3458 3450 3375 3376 4 3459 3460 3461
3462 5 3463 3464 3465 3456 3455 4 3466 3463
3455 3458 4 3466 3458 3376 3377 4 3467 3468
3469 3470 4 3471 3472 3473 3474 6 3475 3476
3477 3478 3479 3480 5 3481 3482 3483 3464 3463
4 3484 3481 3463 3466 4 3484 3466 3377 3378
5 3485 1664 1663 3486 3487 5 3488 3485 3487
3489 3490 5 3491 3488 3490 3492 3482 4 3493
3491 3482 3481 4 3494 3493 3481 3484 4 3494
3484 3378 3379 4 3495 1672 1664 3485 4 3496
3495 3485 3488 4 3497 3496 3488 3491 4 3498
3497 3491 3493 4 3499 3498 3493 3494 4 3499
3494 3379 3380 4 3500 1680 1672 3495 4 3501
3500 3495 3496 4 3502 3501 3496 3497 4 3503
3502 3497 3498 4 3504 3503 3498 3499 4 3504
3499 3380 3381 4 3505 1688 1680 3500 4 3506
3505 3500 3501 4 3507 3506 3501 3502 4 3508
3507 3502 3503 4 3509 3508 3503 3504 4 3509
3504 3381 3382 4 3510 1696 1688 3505 4 3511
3510 3505 3506 4 3512 3511 3506 3507 4 3513
3512 3507 3508 4 3514 3513 3508 3509 4 3514
3509 3382 3383 4 3515 1703 1696 3510 4 3516
3515 3510 3511 4 3517 3516 3511 3512 4 3518
3517 3512 3513 4 3519 3518 3513 3514 4 3519
3514 3383 3384 4 3520 1710 1703 3515 4 3521
3520 3515 3516 4 3522 3521 3516 3517 4 3523
3522 3517 3518 4 3524 3523 3518 3519 4 3524
3519 3384 3385 4 3525 1718 1710 3520 4 3526
3525 3520 3521 4 3527 3526 3521 3522 4 3528
3527 3522 3523 4 3529 3528 3523 3524 4 3529
3524 3385 3386 4 3530 1726 1718 3525 4 3531
3530 3525 3526 4 3532 3531 3526 3527 4 3533
3532 3527 3528 4 3534 3533 3528 3529 4 3534
3529 3386 3387 4 3535 1733 1726 3530 4 3536
3535 3530 3531 4 3537 3536 3531 3532 4 3538
3537 3532 3533 4 3539 3538 3533 3534 4 3539
3534 3387 3388 4 3540 1737 1733 3535 4 3541
3540 3535 3536 4 3542 3541 3536 3537 4 3543
3542 3537 3538 4 3544 3543 3538 3539 4 3544
3539 3388 3389 4 3545 1740 1737 3540 4 3546
3545 3540 3541 4 3547 3546 3541 3542 4 3548
3547 3542 3543 4 3549 3548 3543 3544 4 3549
3544 3389 3390 5 3550 1610 1604 1603 3433 4
3551 3552 3553 3554 4 3437 3429 3428 3441 6
3555 3443 3446 3556 3438 3437 4 3555 3437 3441
3440 5 3557 3558 3559 3456 3465 4 3560 3475
3480 3561 5 3476 3562 3557 3465 3464 5 3563
3431 3425 3424 3436 4 3564 3565 3551 3554 4
3566 3567 3568 3569 5 3570 3434 3427 3426 3438
4 3571 3572 3566 3569 4 3556 3446 3573 3574
5 3575 3576 3555 3440 3449 4 3577 3451 3454
3578 5 3579 3580 3575 3449 3448 5 3581 3582
3579 3448 3457 4 3583 3459 3462 3584 5 3585
3581 3457 3456 3559 4 3460 3459 3559 3558 4
3586 3587 3461 3460 4 3586 3460 3558 3557 4
3588 3467 3470 3589 5 1663 1662 1831 3590 3591
4 3592 3471 3474 3593 5 3486 1663 3591 3594
3595 5 3487 3486 3595 3596 3597 4 3598 3480
3479 3599 5 3489 3487 3597 3600 3601 5 3490
3489 3601 3602 3478 4 3477 3476 3464 3483 4
3492 3490 3478 3477 4 3482 3492 3477 3483 4
3550 3433 3554 3553 4 3553 3552 1885 1884 4
1610 3550 3553 1884 4 3560 3561 3587 3586 4
3562 3476 3475 3560 4 3562 3560 3586 3557 4
3444 3443 3555 3576 4 3603 3604 3445 3444 4
3603 3444 3576 3575 4 3452 3451 3579 3582 4
3605 3606 3453 3452 4 3605 3452 3582 3581 4
3469 3468 3607 3608 4 3594 3591 3470 3469 4
3595 3594 3469 3608 4 3473 3472 3609 3610 4
3600 3597 3474 3473 4 3601 3600 3473 3610 4
3564 3554 3433 3432 4 3611 3612 3565 3564 4
3611 3564 3432 3431 4 3563 3436 3569 3568 4
3568 3567 3612 3611 4 3563 3568 3611 3431 4
3571 3569 3436 3435 4 3613 3614 3572 3571 4
3613 3571 3435 3434 4 3570 3438 3556 3574 4
3574 3573 3614 3613 4 3570 3574 3613 3434 4
3577 3578 3604 3603 4 3580 3579 3451 3577 4
3580 3577 3603 3575 4 3583 3584 3606 3605 4
3585 3559 3459 3583 4 3585 3583 3605 3581 4
1903 1902 3588 3589 4 3589 3470 3591 3590 4
1903 3589 3590 1831 4 3608 3607 3592 3593 4
3593 3474 3597 3596 4 3595 3608 3593 3596 4
3610 3609 3598 3599 4 3599 3479 3478 3602 4
3601 3610 3599 3602 
POINT_DATA 3615
FIELD attributes 6
p 1 3615 float
627.546 623.899 623.991 627.644 635.912 635.749 641.45 641.354 644.175 644.258 646.15
646.114 646.375 646.358 646.507 646.47 646.344 646.301 645.983 645.924 645.405
645.326 644.488 644.385 642.978 642.853 640.382 640.229 635.553 635.428 626.517
625.882 607.039 607.291 560.479 568.31 593.121 566.661 523.961 529.434 472.722
414.396 397.779 460.291 360.872 308.713 300.814 348.786 256.207 205.082 199.075
250.289 627.385 623.623 636.121 641.524 644.07 646.214 646.433 646.614 646.489
646.188 645.701 644.92 643.617 641.357 637.128 628.684 608.594 613.82 623.743
598.821 521.633 506.368 551.053 586.464 587.44 439.361 409.968 382.896 379.28
311.828 309.114 329.02 333.948 212.876 210.66 240.153 240.783 627.349 623.492
636.22 641.531 644.059 646.3 646.541 646.786 646.729 646.533 646.206 645.686
644.833 643.421 640.996 630.794 636.225 624.589 605.094 604.477 608.024 612.669
603.435 604.593 603.904 602.756 627.316 623.502 636.198 641.521 644.083 646.404
646.685 647 647.023 646.944 646.791 646.543 646.135 645.569 644.763 641.023
643.832 631.338 636.387 640.468 627.154 623.431 635.947 641.376 644.093 646.49
646.838 647.224 647.326 647.356 647.351 647.315 647.188 647.072 646.779 645.415
646.469 644.332 645.269 646.016 627.015 623.384 635.714 641.243 644.101 646.569
646.982 647.432 647.602 647.725 647.835 647.949 647.98 648.104 647.939 647.147
647.61 647.026 647.387 647.656 626.926 623.301 635.629 641.213 644.134 646.643
647.105 647.605 647.833 648.026 648.22 648.431 648.556 648.785 648.581 647.952
648.194 648.092 648.294 648.422 626.835 623.18 635.584 641.207 644.165 646.704
647.199 647.734 648.004 648.247 648.499 648.771 648.965 649.212 648.917 648.388
648.513 648.65 648.781 648.842 626.752 623.066 635.546 641.195 644.177 646.739
647.255 647.815 648.111 648.386 648.67 648.973 649.203 649.437 649.061 648.627
648.67 648.96 649.045 649.066 626.659 622.949 635.494 641.166 644.164 646.741
647.27 647.843 648.155 648.448 648.752 649.066 649.314 649.53 649.094 648.713
648.698 649.106 649.158 649.148 626.55 622.819 635.42 641.11 644.119 646.703
647.233 647.81 648.128 648.428 648.743 649.071 649.339 649.556 649.092 648.724
648.698 649.128 649.165 649.151 626.424 622.675 635.328 641.028 644.039 646.624
647.144 647.712 648.019 648.31 648.619 648.947 649.227 649.465 649.023 648.691
648.622 649.116 649.13 649.094 626.283 622.515 635.218 640.921 643.926 646.505
647.003 647.547 647.827 648.088 648.366 648.669 648.932 649.22 648.903 648.582
648.551 649.019 649.008 648.974 626.128 622.341 635.095 640.791 643.782 646.349
646.812 647.318 647.552 647.754 647.964 648.186 648.338 648.564 648.124 648.674
648.72 647.883 648.932 648.939 648.99 625.962 622.157 634.961 640.644 643.614
646.163 646.579 647.033 647.201 647.316 647.412 647.486 647.445 647.429 647.362
646.686 647.504 649.039 649.152 649.66 649.119 648.078 625.791 621.968 634.818
640.484 643.428 645.956 646.316 646.705 646.792 646.799 646.749 646.624 646.325
645.886 645.847 644.825 646.718 645.481 645.629 646.413 646.555 646.072 646.649
625.618 621.781 634.672 640.318 643.236 645.74 646.038 646.358 646.357 646.243
646.035 645.695 645.11 644.242 643.558 642.689 644.272 642.793 641.084 640.484
642.059 643.738 625.448 621.596 634.527 640.154 643.047 645.527 645.762 646.012
645.923 645.691 645.329 644.78 643.913 642.582 640.512 640.08 637.034 641.954
641.611 641.745 641.591 640.191 625.287 621.417 634.393 640.001 642.869 645.325
645.501 645.686 645.518 645.183 644.691 643.97 642.882 641.211 638.529 634.118
634.105 633.899 630.074 620.002 607.572 613.36 614.118 615.804 616.437 616.74
616.137 619.25 620.265 620.001 618.986 622.433 622.959 622.773 622.227 624.215
624.586 624.4 624.034 625.128 621.227 634.276 639.867 642.708 645.142 645.265
645.393 645.162 644.749 644.169 643.353 642.187 640.508 638.021 634.622 629.45
631.167 626.097 624.712 620.424 619.107 623.268 619.264 620.899 623.819 622.001
622.688 623.192 623.707 624.765 624.974 621.028 634.181 639.75 642.552 644.969
645.055 645.139 644.866 644.403 643.772 642.919 641.757 640.179 638.017 635.166
631.418 628.018 626.392 625.912 625.827 624.74 620.709 634.015 639.613 642.412
644.794 644.875 644.933 644.637 644.146 643.494 642.634 641.507 640.041 638.155
635.82 633.019 630.328 628.468 627.403 626.835 624.412 620.455 633.633 639.351
642.215 644.609 644.736 644.789 644.483 643.981 643.32 642.467 641.376 639.997
638.288 636.242 633.907 631.603 629.756 628.464 627.606 624.993 621.036 633.542
638.794 641.88 644.392 644.652 644.724 644.416 643.912 643.25 642.407 641.344
640.023 638.414 636.523 634.417 632.314 630.496 629.093 628.074 625.742 621.64
633.708 638.416 641.683 644.271 644.627 644.715 644.407 643.902 643.243 642.405
641.355 640.056 638.483 636.643 634.604 632.555 630.744 629.307 628.24 441.556
482.66 597.62 596.866 608.765 630.828 601.938 649.393 649.388 649.337 649.309
647.354 648.556 640.75 641.812 640.168 642.095 641.156 640.619 641.462 642.629
641.863 642.292 643.374 643.485 642.621 637.413 634.106 638.375 639.364 383.8
357.75 289.393 265.58 182.529 349.763 265.383 209.415 240.634 601.873 601.451
600.125 593.079 602.307 601.555 601.384 601.466 602.812 604.207 637.576 636.804
642.969 644.82 643.401 643.761 645.112 645.963 645.696 646.671 647.363 646.977
647.17 647.54 647.842 647.675 647.945 648.371 648.192 648.336 648.511 648.668
648.534 648.583 648.901 648.805 648.93 649.026 649.117 648.997 648.939 649.194
649.145 649.261 649.311 649.361 649.248 649.12 649.325 649.315 649.424 649.435
649.451 649.346 649.168 649.333 649.35 649.45 649.433 649.437 649.342 649.164
649.32 649.341 649.441 649.423 649.407 649.307 649.089 649.211 649.26 649.36
649.31 649.261 649.173 648.971 649.09 649.117 649.191 649.157 649.158 649.102
649.043 649.316 649.237 646.147 645.52 644.287 643.567 644.214 644.845 645.411
638.334 639.154 622.704 615.52 615.621 620.05 617.837 616.046 616.767 618.252
618.069 617.212 617.642 618.192 619.187 621.818 621.592 620.094 620.963 621.577
622.208 623.819 623.635 622.668 623.076 623.43 623.795 624.153 624.434 624.208
325.141 444.469 597.828 606.348 599.134 608.705 651.601 650.086 650.149 651.217
650.979 643.19 641.221 642.071 641.244 356.951 370.706 357.621 288.136 307.56
325.142 288.067 607.407 602.889 605.196 646.182 646.009 615.143 616.181 617.288
617.29 621.097 620.845 623.413 623.228 624.924 624.731 342.155 266.06 602.942
601.787 609.706 606.975 605.498 607.044 606.845 608.484 641.364 640.94 646.658
646.436 648.116 647.965 648.813 648.686 649.199 649.084 649.403 649.294 649.461
649.361 649.448 649.354 649.391 649.294 649.224 649.145 649.218 649.16 644.579
625.298 625.513 625.769 625.55 121.201 88.2125 122.067 148.258 -1.37454 -4.52856
-3.80291 -1.12232 166.491 164.893 -0.682628 -0.673259 -0.393325 -0.365749 -0.326118 -0.371998
29.7737 74.8693 625.227 624.955 173.997 169.021 -0.491995 -0.489386 624.615 625.262
625.882 626.509 627.033 627.346 627.469 625.232 625.028 624.737 49.1313 43.9963
38.5918 35.6186 52.4528 35.9872 53.7448 39.8244 53.3717 44.7732 53.0755 54.7998
65.4778 65.7058 57.3689 61.8977 65.7608 53.226 58.2256 41.6324 47.0039 31.0355
34.5156 65.4122 66.1788 63.9595 52.5774 55.8969 59.9126 39.9667 42.2889 45.8921
27.5728 30.6458 34.2734 15.886 18.3877 21.2975 627.413 627.452 627.251 627.212
627.567 627.598 627.396 627.365 627.655 627.646 627.444 627.454 627.451 627.293
627.096 627.255 626.016 625.913 625.799 625.923 625.918 626.172 626.044 626.052
626.455 626.174 626.188 626.946 626.244 626.204 625.986 625.808 627.955 626.416
626.325 626.574 626.908 627.564 629.206 625.997 626.038 626.005 626.159 626.651
628.035 625.518 625.849 625.085 624.496 623.662 622.146 624.937 625.546 624
622.391 619.455 612.571 624.761 625.492 623.586 621.472 617.505 607.496 46.5645
64.2973 72.8916 47.6952 32.6183 23.034 21.1788 47.1074 34.1284 28.201 20.1049
60.8004 52.6508 625.813 625.671 625.801 626.241 626.097 626.112 625.994 626.007
71.824 72.1607 76.4753 76.5564 63.5968 66.2533 71.1781 67.5675 63.0243 48.8009
58.091 60.7904 47.5051 51.3751 49.4192 45.7661 36.8026 42.4461 43.98 34.8791
37.7444 36.5598 33.7362 23.8858 30.7457 31.9715 21.3502 24.8496 23.839 20.7466
18.1541 18.5386 627.245 627.287 627.088 627.046 626.69 626.766 626.77 627.373
627.173 626.851 626.847 627.53 627.329 626.922 626.92 627 626.993 627.645
627.443 627.063 627.047 627.11 627.081 627.549 627.348 627.117 627.039 627.02
626.899 626.797 626.505 40.8225 40.4076 52.1512 48.1007 47.4292 49.6682 73.8826
68.6979 46.5067 59.8386 55.0618 627.2 627.001 626.602 626.688 627.049 627.101
626.902 626.85 626.503 626.587 79.0813 89.6405 117.878 42.4713 10.5179 42.8959
14.5655 3.20221 -0.0658942 -0.421038 7.54684 4.30348 1.98589 626.327 626.461 626.258
626.123 626.856 626.928 626.728 626.654 625.48 624.927 625.175 625.672 625.389
625.489 625.643 625.992 626.129 626.302 626.176 626.641 626.357 626.811 626.387
626.901 626.444 0.603323 -0.377455 -0.382119 3.37454 0.588432 0.692785 2.98271 14.3131
7.53821 9.83225 626.173 625.967 625.422 625.655 625.779 626.576 626.485 626.686
626.776 625.949 626.037 626.18 626.232 626.793 626.992 626.344 626.382 626.485
627.492 627.291 627.625 627.424 627.613 627.411 627.052 626.854 70.7952 74.682
53.5277 55.7776 39.4003 40.7338 27.3925 28.6853 15.4668 15.7823 627.331 627.131
626.712 626.512 626.207 31.2995 39.0818 45.1132 37.3279 45.1131 48.2841 67.9069
62.3931 626.953 627.152 625.99 625.778 626.581 626.38 -0.0974991 -0.231174 13.4013
17.0651 22.0794 26.8142 64.7648 59.5297 24.8964 25.2821 5.41283 7.46419 10.2914
22.1003 2.76503 2.6269 3.05575 626.261 625.603 625.423 626.082 621.617 619.067
619.06 621.578 624.791 623.685 628.82 630.976 631.395 629.633 623.323 633.58
631.059 606.477 592.487 623.397 596.548 588.451 12.8874 9.99939 12.8992 12.6361
9.77651 3.52014 7.08087 7.26585 2.64726 3.25805 3.10735 2.47381 2.35862 2.57113
625.803 623.32 623.144 625.238 624.247 622.977 621.694 619.434 615.068 617.989
574.544 624.642 624.46 615.178 615.079 4.73111 4.88734 64.0396 64.4887 72.9913
70.7946 65.9126 69.407 73.4172 74.8198 28.8936 24.2268 25.1249 39.1097 31.5243
59.7474 46.7838 3.70678 3.1885 3.20821 10.5198 7.71038 5.88304 29.4685 20.9495
16.833 351.106 320.922 318.905 347.685 231.981 204.573 206.531 233.201 -0.235873
0.246924 0.169874 -0.260126 13.8414 21.7254 18.2437 11.9086 -0.081004 6.12503 41.2521
27.2987 0.724289 77.0904 39.2829 12.7953 16.3107 19.5975 60.2924 127.785 219.507
210.629 130.786 88.485 70.7159 54.7503 43.8492 15.7059 20.3469 20.5433 15.8545
156.778 81.0529 141.053 158.274 239.601 214.698 216.11 240.942 125.107 68.7715
155.348 156.676 -0.27982 -0.306007 -0.818124 -0.464615 -0.410421 -2.44692 206.112 184.091
99.8925 17.0526 4.08615 2.90746 3.13508 2.96796 2.74857 5.19574 3.85411 3.63841
5.00521 13.1255 7.01549 7.13545 12.394 12.2928 381.659 376.097 325.147 341.547
353.586 331.8 260.934 261.19 308.813 305.434 263.781 263.339 179.324 181.601
210.842 236.33 185.401 6.39023 6.11251 -0.317282 -0.00577277 1.53829 4.83611 7.75663
28.474 13.5693 21.9714 24.6704 12.3072 14.9595 14.5648 17.6256 263.698 284.557
29.0761 29.2909 43.7421 42.5618 131.956 158.904 187.822 188.183 -0.305759 -0.27464
-0.365649 -0.362984 -1.06705 -0.47983 -4.83074 252.721 230.258 213.237 290.782 289.922
314.598 341.49 288.248 1.68675 1.88083 27.9457 23.5142 3.089 3.29824 9.4027
9.50939 407.17 414.65 368.36 395.262 342.344 365.815 262.171 286.264 285.142
63.396 72.0067 24.3778 22.6038 2.98174 2.74139 2.8286 603.157 592.935 592.877
603.301 505.827 455.628 448.132 500.809 622.365 627.394 609.846 587.62 604.877
615.544 630.538 633.434 626.148 628.867 631.376 635.683 631.791 635.275 637.022
638.218 638.068 639.062 637.095 627.344 604.227 605.152 626.287 496.577 511.08
504.861 456.376 395.761 423.367 335.651 303.851 550.401 548.479 603.209 593.388
572.25 455.324 582.129 543.423 479.404 408.122 637.355 638.933 638.098 636.482
639.415 640.069 641.517 640.58 641.227 642.125 643.007 641.886 632.637 633.507
491.09 405.356 349.432 312.169 278.406 2.59683 2.48275 2.48429 2.29638 2.31048
2.89945 2.35766 2.51552 2.79523 2.5944 609.832 609.73 609.639 577.257 576.782
370.211 325.74 604.021 603.132 621.885 626.665 621.966 622.567 627.34 630.622
629.784 633.486 635.486 634.609 636.219 640.386 637.444 531.123 404.65 440.436
358.825 640.226 639.474 319.22 249.731 276.844 256.248 428.708 2.31746 2.51796
2.45182 2.62524 614.761 614.447 633.323 632.477 88.4863 84.0668 98.0584 101.158
85.208 73.4589 109.475 110.656 111.132 77.6953 109.728 82.6194 85.7785 109.487
64.7882 63.0095 64.0675 55.9499 106.851 79.9896 77.7555 108.564 72.9638 73.9002
78.1622 76.7996 108.202 79.6477 79.1455 109.162 70.6498 69.9355 73.1204 74.2235
106.999 79.3088 78.1484 109.062 69.4357 70.4605 73.3387 72.4154 83.4726 78.4541
66.2636 79.8911 106.139 73.4583 74.0417 74.397 75.6889 79.7702 74.6754 70.1869
83.7708 79.6578 81.3854 82.5629 76.0265 85.0925 87.3644 76.2188 75.413 73.0397
74.6418 75.3849 77.4959 76.9568 76.8956 79.0702 76.8093 76.6554 76.6337 88.2834
76.7265 76.6959 76.6146 76.5819 76.6844 76.4273 76.2755 76.0966 87.6105 87.9619
76.7063 76.8715 77.0111 76.7772 75.5842 75.3247 75.1805 87.2554 87.4116 78.2192
78.8262 79.4775 78.8176 76.0071 84.7688 86.9537 87.6947 74.8761 76.9981 75.7433
75.8453 78.4776 77.9803 79.9334 79.9691 108.887 83.1487 83.7637 85.9868 84.2464
83.4164 82.1824 82.4766 107.758 73.928 73.9916 76.3779 76.2344 109.874 82.9451
82.2254 109.725 74.6005 74.6772 77.7209 77.5546 109.145 81.7792 80.6488 108.892
73.9103 73.3708 76.7324 77.1733 108.081 81.2291 80.5285 107.413 67.0739 62.4405
63.2351 70.1132 105.486 88.1262 80.6713 104.191 67.4099 86.6725 86.663 80.5794
41.9402 78.715 94.7747 10.7616 -2.44246 -5.30469 70.4767 16.8221 10.7385 100.178
0.539348 0.769949 0.941437 0.6123 71.3504 17.4249 18.7105 100.352 1.05339 1.0156
1.11161 1.2285 49.5473 16.9983 11.9971 70.3101 3.81774 4.30315 14.2106 38.4095
22.0074 15.4988 43.1673 41.8076 16.4615 34.8778 30.7888 43.0178 33.799 28.5616
56.9436 72.0835 67.4164 76.0292 76.3315 76.3536 75.3735 76.2817 80.7804 76.9709
77.2789 76.7274 76.3689 75.4765 75.8415 76.2651 65.769 63.4528 62.2754 70.0317
73.1769 67.7859 66.0985 67.3143 68.574 71.8489 75.8639 65.9087 66.7441 65.6834
65.8882 69.3961 72.3646 65.4397 65.5933 68.0321 66.608 72.5545 74.4939 70.1761
70.0486 70.1112 76.7249 76.7433 76.8433 77.1069 76.7999 76.8339 76.6371 76.688
76.6291 76.5777 76.5499 76.5319 76.6436 76.7402 76.6267 76.5296 76.568 76.6104
76.6405 76.5314 76.5074 76.3699 76.4439 75.8687 75.6362 75.9564 76.0366 75.7233
76.8218 76.6409 77.6051 78.009 77.4413 77.0511 75.2829 75.2989 75.307 74.9688
74.6164 74.0236 77.8088 78.0303 78.4971 79.4706 76.428 77.3073 72.9171 73.3011
72.9701 73.5075 75.4479 75.1021 77.2833 70.3871 71.8206 70.5672 70.5792 74.5643
77.3287 70.3317 70.8724 69.9878 70.4877 74.3258 77.4967 69.1659 69.9527 67.9498
68.9158 70.8595 74.2169 63.839 66.8871 57.5498 61.7908 52.5346 40.2439 67.7269
18.666 0.629334 1.21016 0.381268 0.353776 0.726856 0.298428 1.23472 1.07669 1.04323
1.248 1.05637 1.14923 0.97378 0.871449 0.562896 0.357907 1.13967 75.3551 77.2658
76.1308 76.9309 77.3359 74.6465 75.3034 66.045 68.3715 72.9479 77.2413 69.7627
72.7625 71.711 74.2912 76.9048 76.9576 76.5928 76.5702 77.2076 77.4283 78.8137
79.5409 77.3188 75.9668 76.7356 78.843 74.3779 76.9017 74.6234 77.7203 72.5401
75.9731 58.8028 61.8339 -0.0479035 -0.419392 0.911427 1.12261 0.791071 0.811669 76.806
76.7336 76.2728 76.1964 75.0962 75.1039 143.128 143.826 143.828 143.124 142.722
142.715 142.83 142.82 143.359 143.351 143.945 143.943 144.067 144.072 143.318
143.33 141.74 141.757 139.836 139.854 138.466 138.483 138.477 138.494 139.999
140.015 142.127 142.142 143.12 143.128 141.581 141.562 138.222 138.166 135.515
135.443 135.093 135.043 136.555 136.543 138.032 138.032 137.987 137.971 137.905
137.902 140.838 140.879 145.66 145.694 147.963 147.96 143.137 143.819 142.743
142.855 143.379 143.949 144.05 143.282 141.691 139.784 138.416 138.43 139.955
142.086 143.101 141.639 138.386 135.726 135.24 136.589 138.033 138.032 137.916
140.72 145.556 147.941 143.149 143.808 142.775 142.894 143.407 143.952 144.021
143.224 141.615 139.703 138.341 138.362 139.89 142.025 143.073 141.733 138.648
136.063 135.477 136.649 138.037 138.107 137.943 140.541 145.376 147.875 143.162
143.79 142.812 142.937 143.434 143.95 143.982 143.15 141.519 139.604 138.254
138.286 139.819 141.952 143.041 141.857 138.99 136.504 135.791 136.734 138.05
138.211 137.993 140.325 145.111 147.721 143.171 143.764 142.847 142.976 143.456
143.941 143.932 143.063 141.411 139.499 138.167 138.216 139.751 141.879 143.01
142.002 139.386 137.02 136.165 136.844 138.075 138.34 138.075 140.094 144.75
147.434 143.171 143.728 142.873 143.004 143.467 143.921 143.873 142.97 141.301
139.398 138.095 138.166 139.7 141.812 142.981 142.153 139.806 137.575 136.578
136.982 138.119 138.495 138.198 139.872 144.291 146.978 143.159 143.681 142.883
143.016 143.463 143.886 143.806 142.878 141.201 139.314 138.047 138.145 139.673
141.758 142.955 142.297 140.216 138.129 137.006 137.148 138.186 138.673 138.367
139.68 143.737 146.339 143.129 143.621 142.873 143.007 143.438 143.838 143.735
142.794 141.117 139.253 138.028 138.157 139.672 141.717 142.927 142.416 140.576
138.637 137.424 137.343 138.282 138.869 138.582 139.53 143.107 145.529 143.08
143.547 142.84 142.975 143.392 143.778 143.665 142.723 141.054 139.217 138.039
138.2 139.696 141.686 142.891 142.492 140.851 139.055 137.806 137.564 138.409
139.076 138.837 139.436 142.429 144.584 143.013 143.46 142.786 142.919 143.329
143.71 143.601 142.667 141.012 139.205 138.075 138.268 139.738 141.66 142.838
142.51 141.017 139.351 138.126 137.802 138.563 139.284 139.122 139.406 141.747
143.564 142.929 143.363 142.71 142.843 143.251 143.638 143.543 142.626 140.989
139.213 138.129 138.349 139.786 141.629 142.759 142.459 141.058 139.506 138.367
138.045 138.736 139.482 139.42 139.448 141.12 142.553 142.829 143.257 142.615
142.751 143.164 143.566 143.493 142.597 140.98 139.233 138.191 138.432 139.829
141.585 142.648 142.336 140.971 139.511 138.518 138.281 138.916 139.656 139.715
139.571 140.603 141.634 142.718 143.148 142.505 142.646 143.072 143.497 143.449
142.575 140.976 139.255 138.248 138.503 139.856 141.52 142.5 142.143 140.765
139.381 138.582 138.495 139.09 139.798 139.999 139.781 140.241 140.873 142.6
143.038 142.385 142.533 142.978 143.429 143.408 142.553 140.968 139.268 138.289
138.552 139.858 141.429 142.313 141.888 140.47 139.147 138.568 138.675 139.239
139.895 140.261 140.082 140.073 140.326 142.477 142.931 142.257 142.415 142.884
143.365 143.367 142.524 140.949 139.263 138.306 138.571 139.83 141.309 142.09
141.579 140.109 138.846 138.495 138.808 139.341 139.931 140.492 140.473 140.111
140.019 142.351 142.825 142.123 142.295 142.792 143.303 143.323 142.485 140.911
139.236 138.294 138.558 139.774 141.165 141.837 141.228 139.705 138.513 138.388
138.891 139.38 139.899 140.689 140.946 140.351 139.955 142.223 142.724 141.988
142.175 142.703 143.243 143.273 142.429 140.851 139.183 138.255 138.518 139.696
141.004 141.564 140.852 139.285 138.179 138.267 138.925 139.35 139.802 140.856
141.486 140.775 140.126 142.097 142.632 141.853 142.056 142.616 143.182 143.216
142.357 140.768 139.106 138.19 138.454 139.602 140.836 141.286 140.467 138.869
137.869 138.154 138.92 139.258 139.652 141 142.072 141.344 140.492 141.978
142.551 141.723 141.943 142.534 143.121 143.151 142.269 140.666 139.01 138.106
138.374 139.5 140.671 141.014 140.09 138.474 137.598 138.063 138.889 139.116
139.466 141.125 142.676 142.012 141.004 141.87 142.482 141.601 141.838 142.459
143.062 143.081 142.17 140.552 138.902 138.011 138.286 139.401 140.518 140.762
139.737 138.114 137.372 138.001 138.845 138.944 139.264 141.234 143.268 142.721
141.602 141.774 142.423 141.492 141.744 142.392 143.008 143.012 142.071 140.436
138.791 137.915 138.201 139.311 140.386 140.54 139.423 137.803 137.195 137.968
138.801 138.764 139.066 141.329 143.812 143.407 142.214 141.693 142.373 141.401
141.666 142.335 142.96 142.949 141.981 140.329 138.689 137.828 138.126 139.236
140.279 140.358 139.163 137.549 137.062 137.957 138.762 138.598 138.89 141.408
144.277 144.011 142.77 141.631 142.334 141.332 141.607 142.293 142.923 142.898
141.908 140.243 138.607 137.758 138.068 139.181 140.201 140.223 138.968 137.36
136.97 137.96 138.734 138.464 138.754 141.47 144.631 144.479 143.21 141.591
142.309 141.288 141.57 142.266 142.899 142.866 141.86 140.187 138.553 137.711
138.032 139.147 140.154 140.14 138.846 137.241 136.915 137.966 138.718 138.377
138.667 141.509 144.854 144.775 143.491 141.578 142.301 141.272 141.556 142.256
142.89 142.854 141.844 140.168 138.534 137.695 138.019 139.136 140.138 140.112
138.805 137.201 136.896 137.969 138.712 138.347 138.637 141.523 144.931 144.877
143.587 144.613 144.126 144.137 144.624 144.435 144.443 144.58 144.092 144.414
144.528 144.038 144.379 144.46 143.967 144.331 144.379 143.884 144.273 144.289
143.791 144.203 144.191 143.692 144.124 144.087 143.59 144.037 143.979 143.488
143.94 143.873 143.391 143.838 143.773 143.305 143.733 143.679 143.227 143.628
143.595 143.158 143.528 143.523 143.103 143.436 143.468 143.065 143.353 143.28
143.429 143.217 143.404 143.169 143.393 143.134 143.391 143.107 143.393 143.086
143.399 143.071 143.407 143.06 143.417 143.054 143.424 143.051 143.427 98.3492
97.9716 97.449 98.4255 98.3279 98.3998 98.7506 98.7564 100.134 100.111 102.493
102.473 105.482 105.479 108.772 108.78 112.143 112.154 115.398 115.408 118.382
118.388 121.043 121.044 123.412 123.408 125.554 125.547 127.565 127.556 129.57
129.559 131.669 131.658 133.929 133.92 136.339 136.334 138.773 138.772 141.034
141.038 142.895 142.903 98.1723 98.7245 98.1537 98.6798 100.128 102.491 105.451
108.722 112.095 115.36 118.359 121.035 123.418 125.57 127.588 129.595 131.695
133.951 136.351 138.771 141.021 142.87 98.0041 99.0056 98.0044 98.5711 100.093
102.472 105.402 108.652 112.028 115.31 118.331 121.03 123.429 125.595 127.622
129.634 131.734 133.984 136.369 138.769 141 142.83 97.9308 99.0369 97.8699
98.4468 100.038 102.441 105.361 108.595 111.97 115.265 118.313 121.037 123.454
125.631 127.666 129.684 131.784 134.026 136.392 138.767 140.971 142.776 97.8993
98.9783 97.7606 98.3373 99.974 102.407 105.338 108.569 111.934 115.232 118.305
121.057 123.491 125.678 127.72 129.743 131.841 134.072 136.418 138.763 140.935
142.71 97.9033 98.8764 97.7603 98.3052 99.9407 102.396 105.349 108.586 111.932
115.217 118.304 121.085 123.534 125.724 127.77 129.8 131.9 134.121 136.445
138.758 140.893 142.636 97.9745 98.9826 97.807 98.3177 99.9285 102.386 105.365
108.621 111.949 115.203 118.286 121.096 123.572 125.767 127.816 129.85 131.95
134.161 136.467 138.75 140.847 142.556 98.0833 99.307 97.8906 98.3589 99.9194
102.353 105.357 108.644 111.968 115.182 118.237 121.07 123.578 125.783 127.837
129.881 131.986 134.194 136.486 138.739 140.798 142.474 98.2256 99.712 97.9999
98.3985 99.8725 102.267 105.295 108.629 111.976 115.157 118.153 120.983 123.536
125.763 127.827 129.888 132.008 134.22 136.499 138.725 140.75 142.393 98.3587
100.038 98.0878 98.4067 99.7815 102.13 105.182 108.57 111.964 115.143 118.071
120.86 123.46 125.734 127.809 129.882 132.015 134.231 136.5 138.706 140.702
142.317 98.4411 100.238 98.1285 98.3685 99.645 101.959 105.047 108.483 111.929
115.146 118.035 120.745 123.358 125.689 127.78 129.863 132.006 134.226 136.488
138.679 140.654 142.247 98.4613 100.288 98.12 98.2933 99.4779 101.776 104.918
108.405 111.888 115.149 118.043 120.671 123.247 125.626 127.747 129.838 131.983
134.205 136.463 138.643 140.606 142.185 98.4181 100.147 98.0636 98.1622 99.2838
101.607 104.826 108.37 111.868 115.147 118.07 120.653 123.142 125.536 127.707
129.805 131.951 134.171 136.423 138.598 140.558 142.13 98.343 99.9912 97.9879
98.0864 99.1439 101.494 104.795 108.385 111.889 115.155 118.094 120.673 123.056
125.43 127.664 129.764 131.913 134.129 136.376 138.549 140.51 142.084 98.2543
99.5712 97.9878 97.9941 99.0594 101.499 104.857 108.458 111.957 115.198 118.121
120.68 122.977 125.324 127.604 129.717 131.866 134.08 136.327 138.503 140.468
142.049 98.2549 99.5636 97.9501 98.0618 99.1577 101.645 105.023 108.604 112.072
115.281 118.166 120.716 122.968 125.233 127.523 129.665 131.808 134.021 136.274
138.462 140.437 142.025 143.044 98.2283 98.9881 97.986 98.0922 99.2794 101.885
105.294 108.825 112.225 115.388 118.234 120.78 123.033 125.214 127.454 129.608
131.742 133.953 136.213 138.419 140.412 142.01 143.034 98.4557 99.6353 97.8254
97.7746 99.3377 102.241 105.686 109.119 112.407 115.503 118.318 120.819 123.073
125.241 127.414 129.544 131.672 133.881 136.149 138.374 140.389 142.003 143.034
99.3913 103.534 96.9936 97.0206 99.2914 102.661 106.163 109.455 112.598 115.616
118.401 120.869 123.094 125.249 127.384 129.48 131.602 133.809 136.086 138.33
140.37 142.004 143.044 101.151 111.147 95.9652 96.0212 99.2142 103.155 106.7
109.809 112.784 115.721 118.479 120.929 123.119 125.241 127.353 129.426 131.535
133.741 136.027 138.29 140.354 142.011 143.061 102.39 119.158 94.6274 94.9042
99.1082 103.641 107.23 110.142 112.946 115.807 118.542 120.978 123.139 125.225
127.318 129.379 131.475 133.68 135.976 138.257 140.345 142.024 143.08 103.053
127.229 93.1456 93.8145 98.9997 104.102 107.722 110.441 113.082 115.877 118.596
121.022 123.165 125.219 127.285 129.333 131.424 133.629 135.934 138.233 140.343
142.039 143.099 103.221 134.035 91.7323 92.8938 98.9312 104.505 108.14 110.684
113.184 115.927 118.638 121.056 123.19 125.23 127.269 129.3 131.386 133.59
135.903 138.216 140.343 142.052 143.115 102.372 136.237 90.5673 92.2194 98.8386
104.752 108.416 110.84 113.241 115.951 118.661 121.07 123.202 125.243 127.266
129.282 131.361 133.564 135.882 138.205 140.343 142.06 143.127 101.917 138.715
90.2092 92.0705 98.8627 104.864 108.525 110.903 113.264 115.96 118.669 121.074
123.207 125.248 127.264 129.277 131.352 133.553 135.873 138.201 140.342 142.062
143.131 101.649 104.982 105.398 101.203 99.358 98.4647 98.1066 97.1172 97.7703
96.9635 102.747 104.722 101.116 99.9165 99.1683 103.263 104.483 102.027 100.854
99.8346 103.137 104.213 102.017 100.917 99.908 102.852 103.964 101.726 100.68
99.7629 102.556 103.617 101.471 100.478 99.6056 101.532 102.61 100.575 99.7251
101.982 103.058 101.06 100.18 102.709 103.855 101.755 100.77 103.301 104.494
102.309 101.231 103.593 104.733 102.612 101.5 103.567 104.59 102.636 101.547
103.236 104.147 102.358 101.332 102.863 103.711 102.024 101.073 102.393 103.227
101.551 100.588 102.297 103.13 101.485 100.539 101.991 102.79 101.26 100.099
102.669 103.295 102.105 100.941 104.642 104.054 105.284 104.99 108.627 104.687
112.512 113.771 115.439 107.022 122.373 124.026 126.884 111.93 136.09 135.902
142.063 120.83 150.67 146.831 171.209 153.807 167.105 153.43 193.054 181.423
178.229 157.095 109.081 110.754 106.838 105.654 105.285 105.087 104.715 103.659
104.766 104.098 105.377 105.024 105.79 106.012 105.725 105.089 104.554 104.034
103.946 103.508 103.946 104.395 103.252 102.15 99.8452 96.2934 107.158 119.94
110.831 116.237 119.172 117.927 122.177 116.566 120.715 113.265 116.355 111.505
111.226 110.312 108.796 108.116 107.598 107.234 106.637 107.572 107.209 106.837
106.248 107.825 107.318 106.837 106.138 107.729 106.948 106.409 105.791 104.885
104.18 105.183 105.691 80.6629 80.1372 82.487 80.6831 84.0371 80.3547 105.879
70.8156 71.1775 70.9877 72.6 72.2705 71.2317 78.63 72.8272 107.261 80.6534
79.025 106.811 75.0741 76.6739 81.6201 72.352 108.591 81.475 79.7449 107.923
78.2125 78.7624 83.7669 83.2272 108.774 81.6808 80.2944 107.956 79.0764 79.9709
86.5207 85.0318 107.95 81.3931 80.2986 107.103 77.9438 77.9987 76.5388 76.4169
74.9522 71.9893 72.9367 74.8073 74.2721 67.7727 77.6767 70.0118 66.1391 72.2395
106.669 85.2169 79.9336 105.994 105.274 81.1857 82.1202 104.857 81.9747 82.7362
105.73 80.4443 105.997 105.332 107.812 106.731 106.028 105.504 104.779 107.389
106.738 106.091 105.447 104.717 106.185 105.659 105.189 104.72 104.16 105.902
107.038 106.623 105.637 104.713 108.169 113.588 112.584 109.213 106.141 118.613
122.165 117.566 110.8 105.438 120.398 123.028 116.758 108.793 103.116 93.0974
103.083 103.028 99.4253 96.6549 55.7194 70.4983 79.9765 84.013 85.4238 31.4514
38.8366 47.9089 60.4429 72.7174 24.8376 23.7471 27.7387 45.0086 66.4469 71.9294
74.657 74.8073 73.8678 73.4631 69.166 70.2405 70.8 71.6808 71.0111 77.9658
85.0633 69.442 71.1587 73.5992 74.9293 75.4083 75.4608 73.8996 74.0604 73.2957
73.9986 74.589 66.8662 70.328 70.7323 70.2596 78.0226 82.8969 71.0728 71.4026
71.8543 72.0369 78.8775 84.1816 71.8141 79.8906 86.7272 77.6341 76.1661 73.438
73.1994 76.5528 75.7655 73.7896 73.4067 73.7841 73.3066 61.5437 65.9842 73.1582
71.7552 70.6832 77.7326 82.4949 79.2031 84.2434 77.5448 76.3079 66.7261 69.4276
73.7536 75.2325 72.7602 71.7529 
alpha.water 1 3615 float
0.998844 1 0.999999 0.999999 0.99958 0.999994 0.999996 0.999995 1 1 0.999997
0.999994 0.999967 0.999934 0.99997 0.999941 1 1 1 1 1
1 1 1 1 1 1 1 1 1 1
1 1 1 1 1 1 1 1 1 1
1 1 1 1 1 1 1 1 0.994984 0.991777
1 0.997657 1 0.999152 0.999999 1 1 1 1 1
1 1 1 1 1 1 1 1 1 1
1 1 1 1 1 1 1 1 1 1
1 1 1 1 1 1 1 1 0.99762 1
0.99913 0.999999 1 1 1 1 1 1 1 1
1 1 1 1 1 1 1 1 1 1
1 1 1 1 0.997617 1 0.999128 0.999999 1 1
1 1 1 1 1 1 1 1 1 1
1 1 1 1 0.997692 1 0.999174 0.999999 1 1
1 1 1 1 1 1 1 1 1 1
1 1 1 1 0.997752 1 0.999214 0.999999 1 1
1 1 1 1 1 1 1 1 1 1
1 1 1 1 0.997697 1 0.999193 1 1 1
1 1 1 1 1 1 1 1 1 1
1 1 1 1 0.997639 1 0.999167 0.999999 1 1
1 1 1 1 1 1 1 1 1 1
1 1 1 1 0.997616 1 0.999157 0.999999 1 1
1 0.999999 0.999999 1 1 1 1 1 1 1
1 1 1 1 0.997597 1 0.99915 0.999999 1 1
1 0.999999 0.999999 1 1 1 1 1 1 1
1 1 1 1 0.997579 1 0.999143 0.999999 1 1
1 1 1 1 1 1 1 1 1 1
1 1 1 1 0.99756 1 0.999137 0.999999 1 1
1 1 1 1 1 1 1 1 1 1
1 1 1 1 0.997539 1 0.99913 0.999999 1 1
1 1 1 1 1 1 1 1 1 1
1 1 1 1 0.997518 1 0.999123 0.999999 1 1
1 1 1 1 1 1 1 1 1 1
1 1 1 1 1 0.997496 1 0.999116 0.999999 1
1 1 1 1 1 1 1 1 1 1
1 1 1 1 1 1 1 0.997473 1 0.999109
0.999999 1 1 1 1 1 1 1 1 1
1 1 1 1 1 1 1 1 1 1
0.99745 1 0.999101 0.999999 1 1 1 1 1 1
1 1 1 1 1 1 1 1 1 1
1 1 0.997429 1 0.999095 0.999999 1 1 1 1
1 1 1 1 1 1 1 1 1 1
1 1 1 1 0.997407 1 0.999089 1 1 1
1 1 1 1 1 1 1 1 1 1
1 1 1 1 1 1 1 1 1 1
1 1 1 1 1 1 1 1 1 1
1 1 1 0.997377 1 0.999077 1 1 1 1
1 1 1 1 1 1 1 1 1 1
1 1 1 1 1 1 1 1 1 1
1 1 1 1 0.997331 1 0.999056 1 1 1
1 1 1 1 1 1 1 1 1 1
1 1 1 1 1 0.997219 1 0.999005 0.999999 1
1 1 1 1 1 1 1 1 1 1
1 1 1 1 1 1 0.997121 1 0.998962 0.999998
1 1 1 1 1 1 1 1 1 1
1 1 1 1 1 1 1 0.989124 0.99468 0.98875
0.993978 0.998675 0.999991 0.99999 0.999998 1 1 1 1 1
1 1 1 1 1 1 1 1 0.98114 0.987882
0.978544 0.987958 0.99735 0.999983 0.999981 0.999996 1 1 1 1
1 1 1 1 1 1 1 1 1 1
1 1 1 1 1 1 1 0.999999 0.999999 1
1 1 1 1 1 1 1 1 1 1
1 1 1 1 1 1 1 1 1 1
1 1 1 1 1 1 1 1 1 1
1 1 1 1 1 1 1 1 1 1
1 1 1 1 1 1 1 1 1 1
1 1 1 1 1 1 1 1 1 1
1 1 1 1 1 1 1 1 1 1
1 1 1 1 1 1 1 1 1 1
1 1 1 1 1 1 1 1 1 1
1 1 1 1 1 1 1 1 1 1
1 1 1 1 1 1 1 1 1 1
1 1 1 1 1 1 1 1 1 1
1 1 1 1 1 1 1 1 1 1
1 1 1 1 1 1 1 1 1 1
1 1 1 1 1 1 1 1 1 1
1 1 1 1 1 1 0.999991 0.999996 1 0.999982
0.999993 1 1 1 1 1 1 1 1 1
1 1 1 1 1 1 1 1 1 1
1 1 1 1 1 1 1 1 1 1
1 1 1 1 1 1 1 1 1 1
1 1 1 1 1 1 1 1 1 1
1 1 1 1 1 1 1 1 1 1
1 1 1 1 0.978448 0.999548 1 1 1.60131e-07 0.141532
0.147685 0.0163561 0.938162 0.947041 1.62171e-07 5.48733e-06 1.65613e-07 1.66363e-07 1.70205e-07 1.70206e-07
0.656826 0.669098 1 1 1 1 1.67111e-07 3.30373e-06 1 1
1 1 1 1 1 1 1 1 0.354076 0.342259
0.322391 0.293441 0.36618 0.290089 0.377111 0.308452 0.386906 0.341688 0.391241 0.402432
0.630603 0.651772 0.570268 0.590272 0.640767 0.519058 0.575341 0.429772 0.485981 0.348595
0.390135 0.98017 0.980717 0.959439 0.856699 0.899109 0.943026 0.720746 0.751219 0.783304
0.589469 0.633096 0.66119 0.376785 0.448087 0.498266 1 1 1 1
1 1 1 1 1 1 1 1 1 1
1 1 1 1 1 1 1 1 1 1
1 1 1 1 1 1 1 1 1 1
1 1 1 1 1 1 1 1 1 1
1 1 1 1 1 1 1 1 1 1
1 1 1 1 1 1 1 1 1 0.365524
0.440744 0.484352 0.381355 0.305775 0.234142 0.208338 0.480792 0.496522 0.581057 0.587359
0.940877 0.846546 1 1 1 1 1 1 1 1
0.99976 1 1 1 0.979262 0.99208 0.999816 0.993228 0.97213 0.819488
0.930507 0.957457 0.823714 0.861477 0.840113 0.804573 0.696484 0.773789 0.791186 0.712717
0.737297 0.722033 0.697244 0.556972 0.668829 0.683877 0.564353 0.611603 0.597319 0.549157
0.488533 0.50283 1 1 1 1 1 1 1 1
1 1 1 1 1 1 1 1 1 1
1 1 1 1 1 1 1 1 1 1
1 1 1 0.664016 0.574841 0.833194 0.730485 0.695767 0.801512 1
0.989754 0.771705 0.933998 0.886249 1 1 1 1 1 1
1 1 1 1 0.619576 0.794044 0.650946 0.498594 0.111444 0.439898
0.112988 0.095444 0.00729532 0.00144827 0.215662 0.0884757 0.0436401 1 1 1
1 1 1 1 1 1 1 1 1 1
1 1 1 1 1 1 1 1 1 1
1 1 0.0198369 0.000950327 3.83379e-05 0.123072 0.0311157 0.028364 0.092033 0.486107
0.214874 0.314724 1 1 1 1 1 1 1 1
1 1 1 1 1 1 1 1 1 1
1 1 1 1 1 1 1 1 0.999396 1
0.882086 0.906114 0.746609 0.76277 0.634854 0.648985 0.419385 0.433102 1 1
1 1 1 0.744921 0.68574 0.698187 0.748866 0.631219 0.665921 0.991751
0.95493 1 1 1 1 1 1 0.00661312 0.00296204 0.415127
0.541899 0.644385 0.69914 0.44325 0.424261 0.299685 0.318368 0.132349 0.186421 0.246021
0.288619 0.0691472 0.0710949 0.0783912 1 1 1 1 1 1
1 1 1 1 1 1 1 1 1 1
1 1 1 1 1 0.999937 0.315405 0.283041 0.358504 0.345478
0.271857 0.0931218 0.201506 0.210613 0.0742166 0.0957474 0.0933872 0.0741239 0.0683222 0.0680868
1 1 1 1 1 1 1 1 1 1
1 1 1 1 1 0.138818 0.14474 0.444848 0.447096 0.482018
0.474968 0.450393 0.467214 0.47594 0.479188 0.323862 0.30163 0.29376 0.396432 0.356828
0.543418 0.463233 0.0796934 0.0726526 0.0707856 0.231653 0.174651 0.126069 0.567506 0.46817
0.372854 1 1 1 1 1 1 1 1 0.000470688
0.0160222 0.0129617 0.000665418 0.392275 0.556764 0.450326 0.320106 0.0112554 0.111572 0.443195
0.459426 0.127818 0.560016 0.383391 0.144344 0.159746 0.20201 0.417539 0.664958 0.963446
0.973567 0.901165 0.710873 0.4595 0.789585 0.708497 0.404084 0.504104 0.516064 0.41406
1 0.906393 1 1 1 1 1 1 0.999411 0.731011
1 1 1.35169e-07 1.35817e-07 4.58715e-05 4.84036e-05 0.000133766 0.198468 0.999733 0.999689
0.775382 0.504964 0.0912553 0.0697965 0.0701567 0.0658034 0.0657203 0.133964 0.0932162 0.0904813
0.128363 0.300982 0.182847 0.189387 0.327818 0.319427 1 1 1 1
1 1 1 1 1 1 1 1 1 1
1 1 1 0.197643 0.182032 0.000470752 0.00712198 0.0537238 0.138576 0.192704
0.650351 0.343409 0.494501 0.552181 0.286122 0.33048 0.315808 0.383557 0.999789 1
0.616691 0.628836 0.747741 0.751651 0.999637 1 1 1 1.3548e-07 1.34939e-07
1.38181e-07 1.36636e-07 1.49941e-07 1.389e-07 0.251387 1 1 1 1 1
1 1 1 0.0624211 0.0671364 0.649087 0.53521 0.0746986 0.0752651 0.245895
0.253705 1 1 1 1 1 1 1 1 1
0.441141 0.473943 0.290242 0.287908 0.0671645 0.0650312 0.0666196 1 1 1
1 1 1 1 1 1 1 1 1 1
1 1 1 1 1 1 1 1 1 1
1 1 1 1 1 1 1 1 1 1
1 1 1 1 1 1 1 1 1 1
1 1 1 1 1 1 1 1 1 1
1 1 1 1 1 1 1 1 1 1
1 1 1 1 1 0.0659 0.0577439 0.0600094 0.0608501 0.0589595
0.0670592 0.0581113 0.0564535 0.0617606 0.0622386 1 1 1 1 1
1 1 1 1 1 1 1 1 1 1
1 1 1 1 1 1 1 1 1 1
1 1 1 1 1 1 1 1 0.0638902 0.0632877
0.0592893 0.0579846 1 1 1 1 0.52546 0.508473 0.557001 0.571232
0.648068 0.660323 0.605422 0.606509 0.608849 0.756665 0.607379 0.711902 0.753108 0.602952
0.925462 0.925165 0.941025 0.865115 0.597156 0.69815 0.695564 0.601242 0.979913 0.984478
0.996947 0.992781 0.602454 0.697274 0.716627 0.603801 0.972554 0.972751 0.988261 0.987999
0.598941 0.695752 0.711645 0.604077 0.976095 0.983371 0.995448 0.991862 0.641173 0.706678
0.914865 0.717063 0.595405 0.98933 0.98441 0.981659 0.992494 0.766994 0.992675 0.973546
0.758099 0.710725 0.711503 0.732299 0.997418 0.790485 0.800738 0.999827 0.999732 0.991582
0.99372 0.995321 0.999991 1 1 0.99999 0.99999 0.999999 0.999999 0.800622
1 1 1 1 1 1 1 1 0.804211 0.803406
1 1 1 1 0.999999 1 1 0.803568 0.804053 0.999999
0.999995 0.999991 0.999999 0.999498 0.794433 0.801073 0.803425 0.999997 0.999999 0.998874
0.9991 0.99806 0.995432 1 0.999914 0.605475 0.722608 0.739786 0.768057 0.737879
0.716956 0.731233 0.710977 0.599587 0.996737 0.997354 0.999921 0.999745 0.608641 0.721501
0.74147 0.605919 0.994818 0.99365 0.999804 0.999933 0.606085 0.711594 0.728836 0.602905
0.988489 0.98519 0.995583 0.997384 0.601186 0.703898 0.726267 0.597234 0.946016 0.918527
0.927305 0.961075 0.575072 0.711509 0.707094 0.576857 0.830757 0.862202 0.820164 0.469473
0.401884 0.696792 0.535595 0.410953 0.137622 0.208628 0.438689 0.148671 0.112962 0.559987
0.000165729 0.000166736 0.000322371 0.000325359 0.439752 0.143256 0.17862 0.559574 1.34551e-07 1.34551e-07
1.34551e-07 1.34551e-07 0.355884 0.189379 0.117393 0.435021 0.0854619 0.0752494 0.232755 0.313238
0.218911 0.201139 0.315996 0.343715 0.202618 0.294039 0.256219 0.351869 0.288296 0.242653
0.849383 0.992149 0.971943 1 1 0.996373 0.999999 0.99997 0.999981 1
0.999989 1 0.998637 0.9974 0.999339 0.999941 0.929135 0.918151 0.904188 0.963632
0.978076 0.960602 0.944479 0.95952 0.968456 0.975434 0.990517 0.950528 0.954286 0.95301
0.952435 0.974715 0.990789 0.954882 0.954108 0.975817 0.966051 0.991315 0.998462 0.985173
0.983895 0.983474 0.999986 0.999999 0.999999 0.999996 1 1 1 1
1 1 1 1 1 1 1 1 1 1
1 1 1 1 1 1 1 1 1 1
0.999999 1 0.999999 0.999999 0.999997 0.999999 1 1 1 0.999886
0.999999 0.999998 0.999978 0.999996 0.999693 0.999859 0.995536 0.999567 0.991891 0.994338
0.992326 0.990954 0.99004 0.99752 0.9998 0.991917 0.993026 0.993415 0.993861 0.996109
0.999992 0.988055 0.992049 0.981656 0.985013 0.990822 0.998671 0.974982 0.979209 0.965156
0.971583 0.969333 0.982937 0.932271 0.955457 0.878385 0.911337 0.842309 0.879409 0.817401
0.353348 0.00747951 0.0559048 1.34551e-07 1.34551e-07 0.00685957 0.000627008 0.0109584 0.00956894 1.34551e-07
1.34551e-07 0.00555841 0.00684657 0.00613759 0.00140749 0.0173614 0.0283377 0.0118373 0.999754 0.999976
0.999941 0.999963 0.999934 0.996925 0.999102 0.946116 0.966891 0.979551 0.993549 0.974729
0.990323 0.988929 0.998037 1 1 1 1 1 1 0.999967
0.999936 1 0.998744 0.996446 1 0.997096 0.999972 0.992657 0.999515 0.980217
0.992673 0.900879 0.928338 1.34921e-07 1.35266e-07 1.34551e-07 1.34551e-07 1.34551e-07 1.34551e-07 1
1 1 1 1 1 0.713593 0.715928 0.715936 0.713582 0.71223
0.712205 0.712573 0.71254 0.714322 0.714295 0.716269 0.716261 0.716686 0.716704 0.714216
0.714258 0.70899 0.709047 0.702677 0.70274 0.698126 0.698187 0.698157 0.698215 0.703198
0.703252 0.710251 0.710301 0.713531 0.713556 0.708392 0.708328 0.697206 0.697018 0.68821
0.687968 0.686847 0.686679 0.691747 0.691709 0.696655 0.696656 0.696482 0.696431 0.696222
0.696212 0.705997 0.706137 0.721955 0.722065 0.729523 0.729522 0.713622 0.715905 0.712302
0.712661 0.714393 0.716287 0.716631 0.714095 0.708826 0.702499 0.697955 0.697995 0.703044
0.71011 0.713465 0.708588 0.697759 0.68892 0.687341 0.691861 0.696655 0.696634 0.696255
0.705594 0.721616 0.729481 0.713665 0.715867 0.71241 0.712792 0.71449 0.716301 0.71654
0.713904 0.70857 0.702226 0.6977 0.69776 0.702823 0.709899 0.71337 0.708906 0.698643
0.690052 0.688135 0.692057 0.696669 0.696885 0.696337 0.704988 0.721028 0.729295 0.713711
0.71581 0.712537 0.712941 0.714588 0.716301 0.716412 0.713655 0.708245 0.70189 0.697401
0.697498 0.702575 0.709652 0.713262 0.709325 0.699797 0.691537 0.689188 0.692337 0.696709
0.697229 0.696497 0.704254 0.720158 0.728821 0.713744 0.715726 0.712659 0.713078 0.714668
0.716277 0.716249 0.713364 0.70788 0.701532 0.697104 0.697257 0.702344 0.709402 0.713156
0.709813 0.701134 0.693277 0.690443 0.692704 0.696789 0.697661 0.696763 0.70347 0.718967
0.7279 0.71375 0.71561 0.71275 0.713181 0.714715 0.716215 0.716052 0.713052 0.707512
0.701193 0.696858 0.697084 0.702169 0.709178 0.713062 0.710327 0.70255 0.695147 0.691828
0.693159 0.696929 0.698176 0.697166 0.702719 0.717441 0.726404 0.713713 0.715456 0.712791
0.713228 0.714705 0.716104 0.715829 0.712743 0.707174 0.700909 0.696695 0.697013 0.702077
0.708996 0.712977 0.710817 0.703931 0.697012 0.693266 0.693707 0.697149 0.698771 0.697727
0.702069 0.715596 0.724282 0.713618 0.715258 0.712763 0.713203 0.714625 0.715944 0.715592
0.712461 0.706894 0.700704 0.696633 0.697055 0.702078 0.708863 0.712889 0.711223 0.70515
0.698725 0.69467 0.694354 0.697467 0.699428 0.698445 0.701566 0.713486 0.721573 0.713457
0.715013 0.712659 0.713099 0.714475 0.715742 0.715358 0.712224 0.706684 0.700587 0.696672
0.697202 0.702163 0.708767 0.712775 0.711485 0.706085 0.700139 0.695952 0.695091 0.697891
0.70012 0.6993 0.701246 0.711208 0.7184 0.713237 0.714725 0.71248 0.712916 0.714262
0.715511 0.715141 0.712039 0.706546 0.700552 0.6968 0.697435 0.702309 0.708685 0.712602
0.711548 0.706644 0.701135 0.697026 0.695889 0.698406 0.700819 0.700255 0.701139 0.708911
0.714967 0.712959 0.714402 0.71223 0.712663 0.714002 0.715268 0.714947 0.711904 0.706473
0.700584 0.696988 0.697716 0.702477 0.708588 0.712344 0.711379 0.70678 0.701649 0.697829
0.696705 0.698986 0.701481 0.701253 0.701275 0.70679 0.711555 0.712625 0.714048 0.711912
0.712354 0.713712 0.71503 0.714782 0.711811 0.706449 0.700657 0.6972 0.698001 0.70263
0.708449 0.711979 0.710968 0.706478 0.701653 0.698328 0.697494 0.69959 0.702064 0.702242
0.701678 0.705042 0.70846 0.712244 0.713673 0.711539 0.712004 0.713407 0.714802 0.714634
0.711737 0.706444 0.700736 0.697397 0.698247 0.702728 0.708241 0.71149 0.710325 0.705779
0.701193 0.698527 0.698212 0.700176 0.702539 0.703188 0.702374 0.703824 0.705902 0.711836
0.713293 0.711121 0.711626 0.713093 0.714577 0.714492 0.711662 0.706423 0.700785 0.69754
0.698413 0.702739 0.707941 0.710874 0.709475 0.704777 0.700387 0.698464 0.698815 0.700683
0.702868 0.704062 0.703376 0.703248 0.704051 0.711428 0.712938 0.710693 0.711231 0.712781
0.714362 0.714355 0.711573 0.706361 0.700775 0.697601 0.698478 0.702648 0.707544 0.710134
0.708444 0.703561 0.699363 0.698208 0.699262 0.701034 0.702994 0.704829 0.704679 0.703368
0.703013 0.711017 0.712598 0.710258 0.710831 0.712475 0.714162 0.714218 0.711447 0.70624
0.700685 0.697563 0.698436 0.702461 0.707061 0.709287 0.70727 0.702207 0.698241 0.697837
0.699534 0.701168 0.702886 0.705479 0.706258 0.70418 0.702813 0.710585 0.712244 0.709808
0.71043 0.712178 0.713967 0.714065 0.711271 0.706039 0.700504 0.697426 0.698298 0.702195
0.706522 0.708375 0.706009 0.7008 0.697121 0.697426 0.699642 0.701067 0.702554 0.706029
0.708063 0.705615 0.70341 0.710168 0.711931 0.709361 0.710035 0.71189 0.713765 0.713879
0.711034 0.705758 0.700241 0.697208 0.698081 0.701877 0.705958 0.707444 0.704724 0.699415
0.696087 0.697043 0.699617 0.700749 0.70204 0.706499 0.710023 0.707541 0.704667 0.709785
0.711672 0.708932 0.709657 0.711613 0.713562 0.713661 0.710729 0.705404 0.699915 0.696926
0.697809 0.701535 0.705405 0.706537 0.703466 0.6981 0.695185 0.69674 0.699504 0.70026
0.701403 0.706905 0.71205 0.709795 0.70641 0.709424 0.711446 0.708528 0.709308 0.711359
0.713364 0.713428 0.710393 0.705008 0.699545 0.696605 0.697512 0.701199 0.704895 0.705694
0.702286 0.696898 0.694435 0.696537 0.699351 0.699672 0.700715 0.707262 0.714033 0.712189
0.708443 0.709101 0.711265 0.708158 0.708994 0.711138 0.713183 0.713199 0.710063 0.704614
0.699168 0.696278 0.697223 0.700896 0.704453 0.704952 0.701238 0.695859 0.69385 0.696433
0.699196 0.699059 0.700043 0.707572 0.715859 0.714511 0.710522 0.708818 0.711097 0.707851
0.708731 0.710952 0.713024 0.712985 0.70976 0.704258 0.698823 0.695981 0.69697 0.700645
0.704095 0.704344 0.700367 0.695013 0.693417 0.696404 0.699064 0.698493 0.699449 0.707834
0.717417 0.71655 0.712408 0.7086 0.710953 0.707623 0.708535 0.710809 0.712899 0.712814
0.709517 0.703975 0.698548 0.695743 0.696773 0.700459 0.703835 0.703894 0.699713 0.694382
0.693116 0.696419 0.698969 0.698037 0.698985 0.708036 0.718607 0.71813 0.713898 0.708467
0.710862 0.707476 0.708413 0.710721 0.712819 0.712704 0.709358 0.703795 0.698369 0.695583
0.696649 0.700346 0.703678 0.703616 0.699307 0.69399 0.692938 0.696445 0.698914 0.697742
0.698691 0.708167 0.719355 0.719129 0.714848 0.708421 0.710831 0.707424 0.70837 0.71069
0.712792 0.712666 0.709303 0.703733 0.698305 0.695525 0.696605 0.700308 0.703626 0.703523
0.699168 0.693855 0.692877 0.696456 0.698896 0.69764 0.69859 0.708213 0.719612 0.719471
0.715173 0.71858 0.716978 0.717018 0.718618 0.717972 0.717997 0.718465 0.71686 0.717896
0.718287 0.716677 0.717778 0.718061 0.716443 0.717622 0.717794 0.716167 0.717428 0.717496
0.715861 0.7172 0.717172 0.715534 0.716939 0.716827 0.715193 0.716648 0.716468 0.71485
0.716329 0.716114 0.714528 0.715987 0.71578 0.714242 0.715637 0.715465 0.713982 0.715283
0.715167 0.713745 0.714932 0.714907 0.713558 0.714593 0.714732 0.713437 0.714326 0.714104
0.714618 0.713859 0.714511 0.713694 0.714477 0.713606 0.714501 0.713533 0.71452 0.713482
0.714543 0.713442 0.714577 0.713408 0.714616 0.713382 0.714645 0.713373 0.714656 0.566059
0.564353 0.562373 0.566354 0.565944 0.566243 0.567222 0.567268 0.571728 0.571668 0.579501
0.57945 0.589381 0.589384 0.600254 0.600295 0.611394 0.611443 0.622145 0.622189 0.631993
0.632025 0.64077 0.640785 0.648581 0.64858 0.655639 0.655625 0.662264 0.662242 0.668868
0.668842 0.67579 0.675763 0.683248 0.683225 0.691214 0.691204 0.699263 0.699267 0.706747
0.706763 0.712906 0.712935 0.56537 0.567123 0.565258 0.566942 0.571684 0.579476 0.58926
0.600069 0.611214 0.621997 0.631892 0.640721 0.648578 0.655672 0.662322 0.668939 0.675864
0.683312 0.691244 0.699251 0.706697 0.712818 0.5647 0.568083 0.564691 0.56656 0.571568
0.579422 0.589109 0.599845 0.610998 0.62183 0.631798 0.640699 0.648613 0.655751 0.662431
0.669065 0.675994 0.683424 0.691305 0.699244 0.706626 0.712683 0.564451 0.568161 0.564252
0.566165 0.571418 0.579358 0.588998 0.599678 0.610822 0.621703 0.631758 0.64074 0.648707
0.655882 0.662591 0.669242 0.67617 0.683572 0.691389 0.699243 0.706536 0.712506 0.564398
0.567988 0.563928 0.565828 0.571234 0.579269 0.58894 0.599604 0.610714 0.621611 0.631754
0.640828 0.648847 0.656053 0.662785 0.66945 0.676371 0.683736 0.691484 0.699238 0.706422
0.712291 0.564421 0.567656 0.563936 0.565729 0.571131 0.579243 0.588993 0.599674 0.610718
0.62157 0.631767 0.640935 0.649 0.656213 0.662957 0.669649 0.676575 0.683906 0.691581
0.699226 0.706286 0.712046 0.564661 0.568008 0.564097 0.565777 0.571098 0.57922 0.589064
0.599804 0.610779 0.621519 0.631706 0.640975 0.649123 0.656354 0.663108 0.669816 0.676742
0.684043 0.69166 0.699203 0.706133 0.711781 0.565034 0.569078 0.564379 0.565917 0.571071
0.579117 0.589047 0.599891 0.610842 0.621433 0.631525 0.640881 0.649142 0.656401 0.663176
0.669917 0.676861 0.684153 0.691724 0.699167 0.70597 0.711508 0.565515 0.570399 0.564744
0.566049 0.570897 0.578808 0.588832 0.599839 0.610869 0.62134 0.631226 0.640591 0.649011
0.65634 0.663142 0.66994 0.676939 0.684244 0.691769 0.699117 0.705804 0.711238 0.565956
0.571446 0.565039 0.566078 0.570575 0.578307 0.588429 0.599636 0.610835 0.621298 0.630942
0.640177 0.64877 0.656255 0.663082 0.669916 0.67696 0.68428 0.691774 0.699051 0.705639
0.71098 0.566226 0.572088 0.565176 0.565952 0.57012 0.577718 0.587934 0.599322 0.610722
0.621326 0.630831 0.639784 0.648435 0.656116 0.662976 0.669828 0.676915 0.68426 0.691732
0.698958 0.705476 0.710749 0.566286 0.572253 0.565142 0.56569 0.569558 0.577129 0.587517
0.599057 0.610584 0.621358 0.630885 0.639533 0.64806 0.655911 0.662863 0.669687 0.676765
0.684163 0.691632 0.698832 0.705319 0.710543 0.566136 0.571807 0.564941 0.56525 0.56893
0.576605 0.587255 0.598968 0.610525 0.621359 0.631001 0.639481 0.647691 0.655599 0.662741
0.669605 0.676656 0.684004 0.691448 0.698651 0.705147 0.710349 0.565863 0.571305 0.564658
0.564989 0.568492 0.576256 0.587172 0.599034 0.610599 0.621377 0.631078 0.639519 0.647263
0.655119 0.662575 0.669519 0.676593 0.683885 0.691282 0.698457 0.70496 0.710187 0.565547
0.569934 0.564626 0.564664 0.568204 0.576279 0.587382 0.599277 0.610824 0.621505 0.631151
0.639438 0.646743 0.654476 0.662232 0.669348 0.676445 0.68376 0.69117 0.698318 0.704813
0.710078 0.565522 0.569901 0.564491 0.564875 0.568513 0.576754 0.587925 0.599747 0.611194
0.621773 0.631282 0.639601 0.646778 0.654053 0.661784 0.669127 0.676255 0.683562 0.691007
0.698215 0.704736 0.710006 0.713367 0.565396 0.568057 0.564593 0.564971 0.568914 0.57754
0.588809 0.600467 0.611684 0.622117 0.631499 0.639911 0.647251 0.654152 0.661551 0.668921
0.676039 0.68334 0.690805 0.698092 0.704672 0.709954 0.713338 0.566191 0.570375 0.564052
0.563923 0.569105 0.578716 0.590102 0.601436 0.612282 0.622498 0.631781 0.640014 0.647442
0.654462 0.661577 0.668739 0.675809 0.683102 0.690593 0.697944 0.704592 0.709914 0.713333
0.569435 0.583781 0.561336 0.561428 0.568952 0.58012 0.591696 0.602556 0.61292 0.622879
0.632064 0.640188 0.647513 0.654599 0.661592 0.668524 0.675573 0.682862 0.690382 0.6978
0.704512 0.709897 0.713366 0.575531 0.610191 0.557947 0.558088 0.5687 0.581789 0.593507
0.603749 0.613549 0.623233 0.632331 0.640399 0.647596 0.654567 0.661503 0.668359 0.675352
0.682636 0.690187 0.697658 0.704441 0.709919 0.713427 0.579773 0.63817 0.553404 0.554291
0.568319 0.583416 0.595285 0.604867 0.614092 0.62352 0.63254 0.640561 0.647661 0.654449
0.661337 0.668217 0.675153 0.682431 0.690016 0.697542 0.704406 0.709964 0.713491 0.5819
0.666586 0.54824 0.550527 0.567905 0.584949 0.596929 0.605857 0.614546 0.623754 0.632717
0.640713 0.647718 0.654336 0.661139 0.668034 0.67498 0.682258 0.689875 0.697468 0.704414
0.710026 0.713564 0.582435 0.690063 0.543344 0.547339 0.567624 0.586276 0.5983 0.60665
0.614887 0.623928 0.632869 0.640839 0.6478 0.654358 0.66108 0.667925 0.674856 0.68213
0.689772 0.697421 0.704443 0.710095 0.713627 0.579165 0.695491 0.539304 0.545009 0.567248
0.587046 0.599178 0.607151 0.615073 0.624008 0.632949 0.640886 0.647877 0.654487 0.661143
0.667898 0.674777 0.682041 0.689701 0.69739 0.70446 0.71014 0.713672 0.577196 0.70209
0.537994 0.544467 0.567283 0.587384 0.599522 0.607351 0.615142 0.624034 0.632973 0.640894
0.647902 0.654567 0.66119 0.66788 0.674744 0.682002 0.68967 0.697377 0.704461 0.710152
0.713688 0.576588 0.588369 0.589968 0.574933 0.568603 0.565261 0.564411 0.560733 0.563439
0.560439 0.580522 0.587278 0.574996 0.570989 0.568536 0.582281 0.58642 0.578146 0.574232
0.570844 0.581796 0.585416 0.578062 0.574404 0.571059 0.580867 0.58456 0.577121 0.573643
0.570594 0.579889 0.583404 0.576283 0.572978 0.570078 0.576467 0.580038 0.573291 0.570473
0.577965 0.581501 0.574924 0.57199 0.580399 0.584149 0.577261 0.573939 0.582373 0.586277
0.579103 0.575444 0.58334 0.587071 0.5801 0.576318 0.583244 0.586602 0.580167 0.57647
0.582138 0.585138 0.579236 0.57577 0.580889 0.583689 0.578117 0.574921 0.579325 0.58209
0.576539 0.573322 0.579024 0.581791 0.576322 0.573157 0.578079 0.580742 0.575629 0.571769
0.580296 0.5823 0.578489 0.574712 0.5864 0.584266 0.589 0.588545 0.598726 0.585362
0.612943 0.618649 0.620946 0.59197 0.646723 0.654462 0.658746 0.605434 0.694729 0.696669
0.711359 0.632805 0.746721 0.735168 0.811885 0.744866 0.8049 0.756585 0.885597 0.838981
0.843279 0.76769 0.60303 0.609358 0.594617 0.590416 0.589027 0.588318 0.587132 0.583515
0.587435 0.585003 0.589516 0.588101 0.590624 0.591354 0.590409 0.588289 0.586485 0.584766
0.584503 0.583127 0.584411 0.585573 0.581356 0.577168 0.565536 0.533104 0.529726 0.549571
0.604756 0.628259 0.637732 0.63548 0.650873 0.630709 0.646213 0.618353 0.629983 0.610797
0.610217 0.607037 0.601559 0.598188 0.59663 0.595622 0.593709 0.597054 0.595504 0.594214
0.59223 0.598169 0.596052 0.594262 0.591829 0.598519 0.595101 0.592963 0.590794 0.589557
0.586789 0.589708 0.590786 0.705604 0.725783 0.708388 0.721627 0.645894 0.716742 0.592671
0.988264 0.990968 0.989783 0.987592 0.985761 0.983564 0.764767 0.975124 0.598176 0.698639
0.709115 0.59415 0.983877 0.991181 0.999989 0.968757 0.602561 0.708148 0.718124 0.597736
0.99279 0.993987 1 1 0.602987 0.709883 0.72316 0.597795 0.992143 0.994443
1 0.999987 0.599889 0.705153 0.724381 0.594979 1 1 0.998845 0.99876
1 0.994551 0.996883 0.999717 0.978458 0.961152 0.766065 0.967691 0.937922 0.95462
0.59484 0.651289 0.715675 0.5914 0.590485 0.724141 0.707449 0.589112 0.729536 0.714635
0.591621 0.72203 0.59169 0.589193 0.598469 0.594221 0.591572 0.589733 0.587267 0.596662
0.594061 0.591704 0.589476 0.587059 0.592551 0.590484 0.588771 0.587146 0.58528 0.588461
0.594928 0.594137 0.590494 0.587059 0.594071 0.617846 0.615818 0.603471 0.592014 0.633098
0.649179 0.634125 0.609674 0.589948 0.638653 0.652355 0.632508 0.604166 0.582786 0.521875
0.564455 0.572222 0.565511 0.557094 0.353876 0.407969 0.448487 0.477106 0.487432 0.239694
0.255992 0.281976 0.333808 0.373353 0.2053 0.186692 0.186701 0.24606 0.308143 0.990924
0.999904 0.999616 0.996773 0.996689 0.963546 0.959859 0.980989 0.984025 0.977775 0.990177
0.99994 0.975022 0.986716 0.996859 0.999974 0.999951 0.999921 0.994867 0.993798 0.982669
0.994761 0.999967 0.962245 0.972552 0.976713 0.975526 0.992576 1 0.978431 0.979065
0.980071 0.982745 0.991555 0.99996 0.977523 0.994052 1 1 0.99869 0.993188
0.991313 1 0.9995 0.992677 0.991114 0.993488 0.992725 0.918247 0.945871 0.994968
0.990979 0.977258 0.992714 1 0.993727 0.999972 1 0.999072 0.960314 0.976408
0.996015 0.999925 0.992134 0.992328 
Ux 1 3615 float
0.0722319 0.0444643 0.0689968 0.0611663 0.0244501 0.0193832 0.0285797 0.0287105 0.0464706 0.0457735 0.0537315
0.0535542 0.0608094 0.060571 0.0649795 0.0649282 0.0694263 0.0696103 0.0745776 0.0751358 0.0812087
0.082318 0.0903818 0.0923345 0.103452 0.106803 0.122435 0.128069 0.149775 0.159936 0.190453
0.207367 0.245231 0.281905 0.391655 0.335373 0.267033 0.389113 0.45964 0.4632 0.556275
0.633171 0.629267 0.554363 0.696321 0.752 0.74146 0.687765 0.801842 0.842973 0.834979
0.792006 0.0850819 0.0495148 0.0307993 0.0288939 0.0476223 0.0541369 0.0611142 0.0647592 0.0685117
0.0725957 0.0776313 0.0843603 0.0935201 0.106151 0.123365 0.145433 0.215908 0.180325 0.156812
0.225834 0.417581 0.384706 0.240332 0.208003 0.227103 0.509858 0.538437 0.470254 0.472946
0.674665 0.609053 0.574296 0.64684 0.792998 0.753292 0.713366 0.764188 0.0880411 0.0503824
0.0330006 0.0298347 0.0484632 0.054403 0.060954 0.0638239 0.0665515 0.0691275 0.0719245 0.07527
0.0791043 0.0832953 0.0883264 0.124694 0.0929414 0.13478 0.178152 0.10739 0.134027 0.149312
0.126038 0.0920086 0.115281 0.15067 0.0884673 0.050615 0.0330344 0.0296663 0.0481431 0.0537194
0.0598448 0.0619595 0.0636585 0.064741 0.065395 0.0657096 0.0650441 0.0631199 0.0596974 0.0606111
0.0470339 0.0777419 0.051572 0.0429377 0.0860693 0.050107 0.0301843 0.0275316 0.0461632 0.0518966
0.0578078 0.0593734 0.0602491 0.0601263 0.0591318 0.0574008 0.0541061 0.0499624 0.0452035 0.0367462
0.0336658 0.0282134 0.0226262 0.0221971 0.0840637 0.0497374 0.0276262 0.0254126 0.0441547 0.0500242
0.0557244 0.0568167 0.0570102 0.0559426 0.0537467 0.0507292 0.0459791 0.0414115 0.0380728 0.0296984
0.0290834 0.0191761 0.0171153 0.0175861 0.0843218 0.0498945 0.0275172 0.0248343 0.0433208 0.0489733
0.0542842 0.0548685 0.0544371 0.0526027 0.0495251 0.0456454 0.0401497 0.035977 0.0345427 0.0271059
0.0271593 0.0164928 0.015301 0.0159007 0.0852869 0.0501721 0.0283204 0.0250009 0.0432185 0.0485568
0.0534642 0.0535856 0.0526244 0.0501814 0.0464528 0.0419326 0.0361208 0.0325966 0.0326173 0.025771
0.0261135 0.0153122 0.0144027 0.015028 0.0858059 0.0503159 0.0287921 0.0251533 0.0432236 0.048352
0.0529835 0.0527801 0.0514434 0.0485753 0.0444176 0.0394731 0.0335759 0.0306175 0.0314824 0.0249646
0.0253048 0.0146703 0.0139278 0.0145701 0.0860333 0.0503923 0.0289957 0.0252343 0.0432459 0.0482697
0.0527502 0.0523577 0.0507949 0.0476639 0.0432343 0.0379798 0.0319944 0.0293303 0.0306287 0.024091
0.0244788 0.0141488 0.0133631 0.0139159 0.0861418 0.0504424 0.0290977 0.0253113 0.0433356 0.0483437
0.0527856 0.0523335 0.0506817 0.0474165 0.0428022 0.0372617 0.0310387 0.0283 0.0297841 0.0234563
0.024113 0.0133689 0.0125779 0.0134418 0.0862728 0.0504976 0.0292445 0.0254774 0.0435875 0.0486571
0.0531695 0.0527899 0.0511958 0.0479514 0.043286 0.0375429 0.0309204 0.0275114 0.0281782 0.0231307
0.0227325 0.0134589 0.0127953 0.0134446 0.0864784 0.0505666 0.0294935 0.0257792 0.0440556 0.0492621
0.0539582 0.0537941 0.0524315 0.0494147 0.0449071 0.039142 0.0319396 0.0271061 0.02507 0.0205532
0.0187825 0.012803 0.0115237 0.0116491 0.0867572 0.0506467 0.0298454 0.0262214 0.0447491 0.0501725
0.0551722 0.0553807 0.0544567 0.0519514 0.0479848 0.042745 0.0355592 0.0302732 0.0268996 0.0152246
0.012452 0.0217113 0.0100178 0.00808554 0.00762006 0.0870887 0.0507344 0.0302732 0.0267807 0.0456418
0.0513603 0.0567802 0.0575188 0.0572514 0.0555769 0.0526304 0.0485913 0.0426667 0.0383135 0.0285548
0.0336391 0.0231257 0.00458684 0.00219185 -0.000952739 -0.00939474 0.00246413 0.0874537 0.050829 0.0307456
0.0274212 0.0466856 0.0527691 0.0587082 0.0601071 0.060674 0.0600874 0.0585422 0.0562342 0.0525789
0.0500911 0.0398115 0.0488708 0.0272593 0.0293129 0.0332079 0 0 0.0147761 0.0103398
0.0878076 0.0509203 0.0312113 0.0280981 0.047825 0.0543298 0.0608565 0.0629979 0.0645042 0.0651533
0.0652254 0.06499 0.0641145 0.0639738 0.0577678 0.0644615 0.0428171 0.055559 0 0.0473645
0.049631 0.034797 0.0881188 0.0509967 0.0316448 0.0287978 0.0490343 0.0559944 0.0631333 0.066037
0.0685012 0.0704131 0.0721548 0.0741253 0.0763896 0.0796514 0.0843707 0.0670784 0.0894999 0.0619729
0.05852 0.0390413 0.041145 0.0487977 0.088503 0.0510812 0.0321652 0.0295929 0.0503701 0.05777
0.0654803 0.0690879 0.0724248 0.0754839 0.0787393 0.0827274 0.0878789 0.0950145 0.104855 0.110988
0.119812 0.0771166 0.119186 0 0 0.0954157 0.121932 0 0 0.00361379
0.0117085 0 0 0.0147981 0.00731351 0 0 0.0468477 0.0395297 0
0 0.0684229 0.064044 0.0893346 0.0512606 0.0331354 0.030654 0.0519477 0.05969 0.0678408
0.0720077 0.0760329 0.0799887 0.0843842 0.0897917 0.0967318 0.105961 0.117905 0.135299 0.154858
0.129668 0.143796 0.163231 0.145888 0.135686 0.157973 0.116378 0.103616 0.14727 0.085539
0.0821841 0.0728075 0.0764365 0.136763 0.0911066 0.0516643 0.0350883 0.0321846 0.0538083 0.0616463
0.0700049 0.0745353 0.0790297 0.0836078 0.0887559 0.0950018 0.102807 0.112719 0.125097 0.140916
0.157416 0.16732 0.16922 0.167387 0.164529 0.093175 0.0520713 0.0379158 0.0341655 0.0554472
0.0631284 0.0714059 0.0761486 0.0809624 0.0859744 0.091611 0.0983172 0.106442 0.116294 0.128008
0.14168 0.155472 0.165611 0.170874 0.17287 0.173241 0.0925715 0.0519386 0.0379107 0.0337382
0.054456 0.062289 0.0707709 0.0759435 0.0812062 0.0866747 0.0927354 0.0997652 0.108017 0.117641
0.1286 0.140634 0.152515 0.162162 0.168587 0.172329 0.174318 0.0773491 0.0474303 0.0260275
0.0270815 0.0482405 0.058087 0.0677452 0.0738746 0.0798679 0.0858944 0.0923852 0.0997059 0.108067
0.117541 0.128012 0.139102 0.149906 0.159133 0.166006 0.170624 0.173521 0.0636197 0.0718768
0.0156844 0.0219256 0.0436586 0.05525 0.0657661 0.0725044 0.0789178 0.0852327 0.0919286 0.0993825
0.1078 0.117232 0.127547 0.138348 0.148831 0.157928 0.16493 0.169816 0.172994 0.435686
0.461505 0.182985 0.164452 0 0.0597331 0.139869 0 0 0.000818156 0.00202247
0.000824586 0 0 0 -0.0170131 0.0533618 0.0513454 0.0300916 0.031923 0.0245319
0.0190884 0 0 0 0.0267757 0.055982 0.0606902 0.0413822 0 0.577949
0.611296 0.706151 0.733346 0.822243 0.537653 0.677499 0 0 0.0641553 0.0776007
0.0998559 0 0 0 0.00490857 -0.0179621 -0.0336736 0 0 0.0369445
0.0333681 0.0165709 0.0208374 0 0 0 0.0139028 0.020057 0.0110973 0.0121934
0 0 0 0.0104266 0.0164804 0.00953036 0.00998753 0 0 0
0.00929802 0.0150517 0.00882172 0.00909128 0 0 0 0.00873888 0.0142914 0.00843932
0.00861443 0 0 0 0.00847835 0.0138724 0.00807563 0.00836858 0 0
0 0.00811493 0.0131557 0.00736533 0.00789664 0 0 0 0.00739353 0.0130699
0.0077473 0.00801594 0 0 0 0.00769253 0.0129301 0.00752086 0.00797512 0
0 0 0.00699045 0.0107856 0.00572809 0.00655188 0 0 0 0.00468279
0.00649382 0 0.00355025 0.0235997 0.0251415 0.0365243 0.0367324 0.0316406 0.0226384 0
0 0.00817035 0.128961 0 0.0255353 0.119606 0.104875 0.086588 0.0698733 0
0.00195327 0.0463993 0.0371423 0.0243184 0.0275856 0 0.031643 0.0254141 0.0329424 0.0350363
0.0423117 0 0.0591517 0.0463085 0.0524179 0.0566594 0.0610068 0.0650567 0.0685388 0.0736663
0 0 0.12849 0.088583 0 0 0 0.00429055 0 0
0 0 0.00764838 0 0.032357 0 0.499376 0 0.643216 0
0 0 0.0572302 0.0412931 0.0159225 0 0.0180363 0 0.049743 0
0.000231487 0 0.0234484 0 0.0534823 0 0.072391 0 0 0.0373248
0 0 0 -0.0302885 0 0 0 0 0.0276278 0
0.0130875 0 0.0102913 0 0.00927424 0 0.00875976 0 0.00855781 0
0.00823871 0 0.00790376 0 0.0078978 0 0.00678026 0 0.00404376 0.0278955
0.079217 0 0 0.0822865 0.856876 0.85198 0.840323 0.845514 0 0
0.688568 0.192432 0.872651 0.863771 0 -0.229314 -0.316035 0 0 0
0.822744 0 0.0787972 0.0751717 0.801709 0 0 -0.272071 0.0797779 0.128757
0.161195 0.172855 0.175254 0.175271 0.174983 0 0.0759684 0.0724256 0.846293 0.921774
1.10903 0.968612 0.802583 0.890674 0.780072 0.832548 0.78986 0.829058 0.821284 0.794451
0.622765 0.610034 0.60984 0.63048 0.61708 0.659457 0.636015 0.702317 0.675367 0.742688
0.718588 0.490907 0.475383 0.461622 0.511261 0.5032 0.503209 0.546194 0.531454 0.525195
0.603932 0.584282 0.572071 0.64712 0.633847 0.629496 0 0 0.111981 0.111552
0 0 0.113159 0.112922 0 0 0.114166 0.113837 0 0
0.117157 0.115969 0.110829 0.112686 0.101169 0.103466 0.104211 0.108721 0.106201 0.106298
0.105854 0.108058 0.107824 0.100874 0.10987 0.10985 0.113474 0.115431 0.0934048 0.142643
0.146465 0.138069 0.131981 0.121869 0.106316 0.166632 0.168391 0.163988 0.159475 0.150535
0.132959 0.176357 0.175866 0.177087 0.177742 0.177579 0.173465 0.181686 0.179323 0.185905
0.1932 0.206831 0.228561 0.183485 0.180267 0.189382 0.199957 0.221235 0.256056 0.951338
0.911157 0.967328 1.10572 0.60457 0.594781 0.641 0.585104 0.282338 0.265679 0.283486
0.431435 0.404778 0.11483 0.0971061 0.0996062 0.150029 0.169769 0.175647 0.177977 0.178433
0.438036 0.457933 0 0 0.494694 0 0 0.479978 0.48616 0.513381
0.491139 0 0 0 0.502508 0.510336 0.555162 0.519662 0 0
0 0.54176 0.554661 0.616858 0.569295 0 0 0 0.600972 0.611434
0.615616 0 0 0 0.109832 0.109101 0.108529 0.109818 0.110271 0
0.111047 0.111358 0.111685 0 0.112653 0.112579 0.112779 0.11351 0.113635 0
0.11359 0.114254 0.114345 0.1149 0.115055 0 0.115172 0.115701 0.116074 0.116912
0.11772 0.119184 0.120826 0.338508 0.301974 0 0 0.253132 0.291953 0
0.409561 0.365158 0 0.332597 0 0.108274 0.106383 0.107912 0 0
0.106349 0.105225 0.103814 0.105599 0.892656 0.869664 0.934807 0.768317 0.466759 0.750679
0.620078 0.359693 -0.168637 -0.268137 0.19321 0.0822789 -0.0261882 0 0 0.0933324
0.0908884 0 0 0.102598 0.101093 0.122398 0.0805624 0.0859327 0.117859 0.0880634
0.0919942 0.0944997 0.157415 0.153632 0.172037 0.170976 0.175574 0.175613 0.176341 0.17712
0.176263 0.177268 -0.111966 -0.355844 0 0 0 -0.217023 -0.169893 0.242894
-0.0656682 0 0 0.0881967 0.0814592 0.085133 0.0874982 0.0994259 0.0975764 0
0 0.090727 0.0926464 0.0954753 0.0970377 0.103973 0 0.0994638 0.100712 0.102809
0 0.112343 0 0.113377 0 0.114608 0 0.118802 0.471149 0
0.496245 0 0.530194 0 0.585503 0 0.619684 0 0 0.110475
0 0.120897 0.123102 0.179892 0.195669 0 0 0.217548 0 0
0.373173 0.107358 0 0 0.0852983 0 0.0955488 -0.287803 0 0.0423391
0 0.133586 0 0.81413 0.792548 0.766837 0.758294 0.691533 0.677404 0.670538
0.759174 0.701053 0.703626 0.711309 0 0 0.128108 0.123814 0 0
0.164756 0.150475 0.123978 0.128709 0.0737254 0.0661093 0.0961802 0.111891 0.153681 0.0693773
0.0847128 0.209833 0.272227 0.127312 0.225939 0.344364 0.654343 0 0 0.626957
0.635288 0.700575 0.641952 0 0 0 0.632432 0.622354 0.620725 0
0.126176 0 0.140868 0.130711 0.136225 0.142967 0.151934 0.165651 0.182545 0.14991
0.317492 0 0.133908 0 0.183666 0.64155 0 0.783743 0.786997 0.815984
0.819385 0.771805 0.815393 0.796831 0.74557 0.721963 0.729723 0.741742 0.687448 0.702731
0.625821 0.655877 0.686758 0.688588 0.69197 0.642694 0.657175 0.67574 0.572983 0.594898
0.619497 0 0 0.704972 0.673357 0 0 0.810744 0.788188 0
0 -0.192189 -0.257025 0 0 0.0750276 -0.018038 0.157318 0.409304 0.683001
0.753233 0.543966 0.838221 0.679248 0.471743 0.583082 0.682546 0.884225 0.886356 0.803916
0.795885 0.792822 0.811518 0.944957 0.534571 0.549106 0.564968 0.538258 0 0
0 0 0.862338 0.848693 0.687756 0.719062 0 0 0.82119 0
0 0.791971 0 -0.263055 0.0498204 -0.283118 -0.144812 0.543512 0.763282 0.743144
0 0.750147 0.681431 0.641136 0 0 0.633172 0 0 0.665269
0.656312 0.628756 0.626233 0 0 0.583722 0 0.640367 0 0
0.510206 0.548945 0 0.762813 0.586926 0 0 0.655842 0 0.830678
0.790841 0.765264 0.814653 0 -0.110302 -0.218237 -0.125055 -0.0742689 -0.0496495 0.0644363
0 0 0.263454 0.219493 0.124167 0.203361 0.343353 0.240659 0.754844 0.756616
0.51146 0 0.491379 0 0.852869 0.838336 0.75202 0 0 0
-0.29889 0 0 0 0 0.733793 0.69075 0 0 0.734933
0.67508 0.640185 0.707446 0 -0.164304 0 0.158495 0.652932 0 0.601313
0 0.603964 0 0.603013 0.565224 0 0.481628 0.737494 0.622386 0
0.788967 0.812656 0.751891 0.744501 0.69267 0.687729 0.691381 0 0 0.272634
0.233817 0 0 0.556912 0.489041 0.0764122 0.0413827 0.165628 0.163185 0.0851999
0.0610493 0.0162193 0.0151904 0.0189043 0.00430549 0.00119418 0.0134544 0.0377496 -0.000802906 -0.000842354
5.58697e-05 0.0217274 0 0.0419207 0 0 0.114497 0.0789084 0.51634 0.504392
0.437116 0.495381 0.564574 0.599329 0.692013 0.678316 0 0.407262 0.232484 0.27165
0.329689 0 0.132715 0.404562 0.475031 0.453991 0 0 -0.00184751 -0.00327334
-0.000874004 0.00324233 -0.0051873 -0.00146129 0 0 0 0 0.0463785 0
0.396335 0.465137 0.617169 0.548163 0.611536 0.690571 0 0 0.62391 0.622674
0.69008 0.623902 0 0 0.629497 0 0.205187 0.203151 0 0.32967
0.474701 0 0 0.0632506 0.0349659 0.00769511 0.0194333 0 0 0
-9.37178e-05 -0.0018678 0 -0.0038752 0.0455669 0 0 0.258347 0 0.595281
0.689187 0 -0.000947927 0.527421 0 0 0 0.525091 0.623698 0
0.62693 0 0 0.0391449 0 -0.00270396 0.71173 0.766276 0.734778 0.683053
0.545802 0.571533 0.525734 0.664033 0.518085 0.472817 0.202824 0.146985 0.437124 0.23001
0.115274 -0.00204424 0 0 -0.0309877 -0.168282 -0.125198 0.0250169 -0.0700505 -0.0746023
0 0 -0.0414131 -0.171558 -0.194791 0.00143116 -0.0569935 -0.0514953 0 0
-0.0469031 -0.15151 -0.160238 -0.020595 -0.049981 -0.0509362 0 0 -0.14035 -0.125774
-0.0816312 -0.140186 -0.0462765 -0.0149803 0 0 0 -0.102224 -0.0455626 -0.0613817
-0.0628317 -0.142699 -0.0610178 -0.0577533 -0.0138972 -0.0438025 -0.0144285 0.0110651 0.00561581 -0.0547587
-0.0480041 -0.0415852 0.0107004 0.00931211 0 0 -0.00662801 -0.000770158 0.00355232 0.0124186
0.0132406 0.00670337 0.00639349 0 0 0.00399728 0.00271794 0.00203447 0.00830653 0.0113605
0.00226622 -0.00048655 0 0 -0.00214629 -0.00597724 -0.0185981 -0.0193845 -0.000339781 -0.014691
-0.0183673 0 0 -0.0588495 -0.075877 -0.0585951 -0.0467699 0 0 -0.095216
-0.0919576 -0.0352774 -0.0479763 0 0 -0.0703108 -0.129918 -0.117072 -0.0758343 -0.0756421
-0.0801402 -0.0834854 -0.0934934 -0.0686972 -0.0396388 -0.0455671 0 0 -0.0664221 -0.148328
-0.139987 -0.053324 -0.0540738 -0.0549796 0 0 -0.0556153 -0.159013 -0.164494 -0.031679
-0.05562 -0.0577034 0 0 0.0313519 -0.108849 -0.163454 0.0378774 -0.0621614 -0.0541482
0 0 0.4205 0.561744 0.104429 0.36294 0.623139 0.618389 0.855691 0.614951
0.624839 0.842209 0.553715 0.780629 0.500266 0 0.254457 -0.350301 0.175142 0.337456
-0.219918 -0.297789 0 0 0.102497 -0.731814 -0.807992 0.264672 -0.518746 -0.523495
0 0 0.321901 0.161957 -0.333408 0.378504 0.243915 0.308599 0.518988 0.652529
0.703927 0.468557 0.574641 0.910572 0.723535 0.9014 0.816998 0.970477 0.945252 0.913301
0.476246 0 -0.0664926 0 0 -0.0320808 0 0.0112652 0 0.0188445
0.0192089 0.0143691 -0.0414899 -0.048055 0 0 0.145128 -0.0676315 -0.0124038 -0.0611451
0 -0.101118 -0.0857283 -0.105485 -0.105884 -0.0645108 0 -0.0904527 -0.096275 -0.0808998
-0.0784338 -0.0510924 0 -0.0787894 -0.076413 -0.0779848 -0.0754623 -0.0462971 0 -0.0332308
-0.0670714 0 -0.0106998 0.012635 0.0144068 0.0169139 0.00672535 0 0.0113303 0.0111147
-0.00248593 0 0.00437584 0.00182681 0.00250396 0 0 0.00901394 0.0104004 0.00433792
0 0.00322772 0.00679017 0.00125555 0 0.00062054 -0.00140943 -9.70235e-07 0 0
-0.00787774 -0.000865495 -0.00880667 0 -0.0241055 -0.0142054 -0.00338255 0 -0.0384474 -0.0553833
-0.0330379 0 -0.0303503 -0.0294645 -0.0197173 0 -0.0513854 -0.0307818 -0.0876046 -0.0891548
-0.0933415 -0.0693602 -0.0662818 -0.0402297 0 -0.0687054 -0.0632914 -0.0798933 -0.0713345 -0.0532748
0 -0.0853024 -0.0794261 -0.0877635 -0.0833765 -0.0549315 0 -0.0890558 -0.0838583 -0.0957278
-0.0872962 -0.0675037 0 -0.0862109 -0.0962035 0.0247477 -0.0660757 0.297303 0 0.305102
0.775178 -0.00419617 0.433459 -0.180444 0 -0.306091 -0.127804 -0.690985 -0.530955 -0.476791
0 -0.828166 -0.806301 -0.284328 -0.739431 0.0883976 0 0.176406 0 0
0 0.0180575 0 -0.0558045 0 -0.0470101 0 -0.0697419 0 -0.0517874
0 -0.0516479 0 0.00736525 0 0.00560865 0 -0.00438413 0 -0.0172662
0 0 -0.0996632 -0.0461443 0 -0.0508062 0 -0.0551199 0 -0.0622854
0 -0.0142655 0 0.00875823 0 -0.3712 0 -0.283204 0 0
0.00181249 0 0.000595523 0 -0.0113078 0.153128 0.166304 0.170888 0.157035 0.140386
0.143712 0.127832 0.130656 0.115689 0.118074 0.10463 0.106623 0.0955688 0.0972097 0.0890295
0.0903602 0.084599 0.0856632 0.0809808 0.0818236 0.076523 0.0771889 0.070237 0.0707683 0.0622902
0.062722 0.0540187 0.054372 0.04734 0.0476227 0.0437026 0.0439227 0.0431787 0.0433509 0.0437391
0.0438796 0.0419383 0.0420703 0.036432 0.0365539 0.0292841 0.0293717 0.0238853 0.0239415 0.0220719
0.0221084 0.021897 0.0218714 0.017833 0.0178997 0.00243876 0.00153394 0.142787 0.154236 0.131535
0.120275 0.10928 0.0992584 0.0911378 0.085431 0.0817152 0.0786926 0.0747145 0.0687978 0.0611285
0.0530796 0.0466038 0.0431477 0.0427589 0.0433959 0.0416091 0.0361305 0.0290796 0.0237689 0.021996
0.0219173 0.0176225 0.0014711 0.128378 0.137527 0.119126 0.109624 0.10021 0.091638 0.0848399
0.0803073 0.0776001 0.0754204 0.072128 0.0667479 0.0594897 0.0517771 0.0456134 0.0424375 0.0422472
0.0429742 0.0411892 0.0357493 0.0288456 0.023666 0.0219283 0.0218786 0.0172656 0.00138933 0.111639
0.11821 0.10466 0.0971883 0.0896187 0.0827394 0.0774768 0.074307 0.0727735 0.0715797 0.0690974
0.0643607 0.0576029 0.0503059 0.0445336 0.0417041 0.0417437 0.0425502 0.0407456 0.0353468 0.0286279
0.0236099 0.0218911 0.0217879 0.0167837 0.00129401 0.0939279 0.0978354 0.0893359 0.0840283 0.0784407
0.0733665 0.069721 0.0679776 0.067678 0.0675321 0.0659208 0.0618831 0.0556745 0.0488392 0.0435054
0.0410548 0.0413249 0.0421797 0.0403277 0.0349664 0.0284537 0.0236153 0.0218941 0.0216569 0.0162042
0.00118924 0.0764194 0.0777015 0.0742093 0.0710804 0.0674831 0.064194 0.0621315 0.06178 0.0626944
0.0635969 0.0628672 0.0595394 0.0538904 0.0475294 0.0426471 0.0405764 0.0410503 0.0419062 0.0399787
0.0346489 0.0283462 0.0236888 0.0219374 0.0214987 0.015557 0.00107794 0.0602607 0.0590532 0.060321
0.0592541 0.0574932 0.055822 0.0551936 0.0561166 0.0581623 0.0600596 0.0601756 0.0575282 0.0524116
0.0465007 0.0420501 0.0403347 0.0409667 0.0417694 0.0397397 0.0344336 0.0283279 0.0238344 0.022015
0.0213186 0.0148672 0.000963198 0.0466765 0.0432398 0.0487422 0.0494234 0.0491577 0.0487976 0.0493535
0.0513607 0.0543954 0.0571781 0.0580528 0.056013 0.0513616 0.0458424 0.0417755 0.0403727 0.0411096
0.0418037 0.0396444 0.0343504 0.0284159 0.0240533 0.0221184 0.0211084 0.0141511 0.000848898 0.0369211
0.0317414 0.0404674 0.04235 0.0430811 0.0436156 0.0450241 0.0478537 0.0516706 0.0551698 0.0566609
0.0551061 0.0508141 0.0455988 0.0418464 0.0407028 0.0414921 0.0420273 0.0397106 0.0344146 0.0286193
0.0243443 0.0222376 0.020848 0.013417 0.000741339 0.0319291 0.0258151 0.0361903 0.0385932 0.0397383
0.0406778 0.042536 0.0458578 0.0501862 0.0541765 0.0560909 0.0548565 0.0507854 0.0457635 0.0422472
0.0413088 0.0421048 0.0424419 0.0399427 0.0346302 0.0289392 0.0247023 0.0223617 0.0205181 0.0126748
0.000647408 0.0318444 0.0257057 0.0360487 0.0383219 0.0393185 0.0401648 0.0420393 0.0454859 0.0500159
0.0542354 0.0563496 0.0552469 0.0512445 0.0463052 0.0429448 0.0421523 0.04292 0.0430356 0.0403353
0.0349925 0.0293704 0.0251188 0.0224826 0.0201138 0.0119408 0.000570669 0.0358975 0.0304134 0.0394819
0.0411499 0.0415783 0.0419318 0.0434395 0.0466666 0.0510973 0.0552839 0.0573743 0.0562204 0.0521501
0.0471907 0.0438988 0.0431879 0.0439018 0.0437887 0.0408772 0.0354887 0.0299002 0.0255875 0.0226003
0.0196366 0.0112297 0.000512002 0.0428665 0.0384251 0.0455223 0.0463257 0.045947 0.045563 0.0464442
0.0491953 0.0532779 0.0572012 0.0590724 0.0577131 0.0534619 0.0483855 0.0450735 0.0443808 0.0450177
0.0446805 0.0415549 0.0361048 0.0305194 0.0261018 0.0227162 0.0191031 0.0105625 0.000470441 0.0517127
0.0485073 0.0532928 0.0531221 0.0518195 0.0505772 0.0506997 0.0528169 0.0563746 0.0598604 0.0613578
0.0596672 0.0551341 0.0498577 0.0464495 0.0457111 0.0462433 0.0456907 0.0423624 0.0368421 0.0312227
0.0266495 0.0228255 0.0185376 0.00996787 0.000451142 0.0618154 0.059923 0.0622438 0.0610377 0.0587609
0.0566117 0.0559161 0.0573076 0.0602266 0.0631574 0.0641658 0.062038 0.0571287 0.0515727 0.0480046
0.0471705 0.0475705 0.046814 0.0433073 0.0377073 0.032003 0.0272204 0.0229289 0.0179527 0.00944681
0.000453404 0.0728453 0.0722916 0.0720797 0.0697881 0.0665145 0.0634472 0.0619027 0.0625145 0.0647254
0.067019 0.06745 0.0647943 0.0594242 0.0535114 0.0497237 0.0487568 0.049003 0.0480551 0.0443906
0.0386945 0.0328532 0.0278117 0.0230338 0.0173505 0.00897267 0.000470798 0.0846182 0.085406 0.0826315
0.0792136 0.0749199 0.0709309 0.0685293 0.0683291 0.0697862 0.0713897 0.071176 0.0679145 0.0620103
0.0556796 0.0516163 0.0504705 0.0505417 0.0494105 0.0455976 0.0397837 0.033759 0.028421 0.0231466
0.0167331 0.0085185 0.000500042 0.0970087 0.0991367 0.0937757 0.0891996 0.0838587 0.0789329 0.0756672
0.0746411 0.0753278 0.0762129 0.075302 0.071372 0.0648782 0.0580834 0.0536915 0.0523088 0.0521727
0.0508627 0.0469061 0.0409476 0.0346969 0.02904 0.0232738 0.0161176 0.00806876 0.000534126 0.109901
0.113376 0.105385 0.0996207 0.0932068 0.0873152 0.0831579 0.0813088 0.0812421 0.0813963 0.0797542
0.0751177 0.0679972 0.0606998 0.0559282 0.0542521 0.0538745 0.0523851 0.0482885 0.0421598 0.0356434
0.0296542 0.0234155 0.015528 0.00762306 0.000567637 0.123104 0.127932 0.117276 0.110295 0.10278
0.0958903 0.0908214 0.088159 0.0873547 0.0867784 0.0843999 0.0790487 0.0712862 0.0634596 0.0582667
0.0562546 0.0556122 0.0539409 0.0497072 0.0433895 0.0365781 0.0302493 0.0235681 0.0149869 0.00719335
0.000597918 0.136269 0.142447 0.12914 0.120943 0.112313 0.104409 0.0984298 0.0949592 0.0934164
0.0921236 0.0890322 0.0829897 0.0746015 0.0662447 0.0606139 0.0582467 0.0573291 0.0554724 0.0511056
0.0445934 0.0374762 0.0308134 0.0237309 0.0145147 0.0068029 0.000624926 0.148838 0.156305 0.140466
0.131093 0.121379 0.112485 0.10562 0.101356 0.0990895 0.0971215 0.0933729 0.086697 0.0777367
0.0688888 0.0628436 0.0601328 0.0589446 0.0568992 0.0524008 0.0457069 0.0383041 0.0313341 0.0239008
0.0141261 0.00647951 0.000650203 0.159889 0.168512 0.150396 0.139961 0.129265 0.119478 0.111815
0.106836 0.103917 0.101357 0.0970543 0.0898537 0.0804221 0.0711708 0.0647821 0.0617765 0.0603453
0.05812 0.0534948 0.0466452 0.0390107 0.0317898 0.0240668 0.0138252 0.00624839 0.000676695 0.167977
0.177507 0.157625 0.146381 0.134939 0.124478 0.116216 0.110702 0.107296 0.104304 0.0996211
0.092067 0.0823185 0.0728003 0.0661819 0.062972 0.0613655 0.0590022 0.0542733 0.0473096 0.0395249
0.0321401 0.0242091 0.013617 0.00613401 0.00070642 0.171065 0.180963 0.160373 0.148811 0.137076
0.126351 0.117856 0.112133 0.108538 0.105384 0.100565 0.0928846 0.0830232 0.0734116 0.0667113
0.0634266 0.0617554 0.0593394 0.0545677 0.0475604 0.0397242 0.0322829 0.0242717 0.0135376 0.00610922
0.00102147 0.195984 0.213167 0.22043 0.202243 0.180435 0.185802 0.179641 0.194254 0.166372
0.157273 0.168485 0.14702 0.131706 0.139192 0.124772 0.105022 0.108806 0.101416 0.078831
0.0791531 0.078394 0.0545544 0.0517513 0.0570356 0.0337152 0.0281566 0.0387936 0.0182285 0.0105254
0.0253616 0.0101529 0.00147279 0.0183613 0.0101326 0.0019725 0.0182169 0.0166412 0.0100179 0.0236938
0.0273536 0.0225579 0.0329266 0.0404766 0.0375254 0.0444212 0.055045 0.0539004 0.0573217 0.0711967
0.0705789 0.0857897 0.0867703 0.100964 0.103468 0.116607 0.120552 0.132531 0.137847 0.148399
0.155038 0.163569 0.171492 0.176976 0.186118 0.186923 0.197066 0.190771 0.201331 0.659254
0.675071 0.718313 0.699115 0.645082 0.683631 0.627875 0.665174 0.607132 0.64316 0.583661
0.618354 0.558718 0.59195 0.533191 0.564811 0.507637 0.537509 0.482542 0.510551 0.458274
0.484349 0.435046 0.459169 0.412945 0.435142 0.391901 0.412233 0.371648 0.390194 0.351825
0.368672 0.332113 0.347347 0.31227 0.32597 0.292172 0.304415 0.271877 0.282743 0.251626
0.2612 0.231866 0.240236 0.550824 0.559185 0.540964 0.527939 0.511248 0.491869 0.471291
0.450442 0.429815 0.409818 0.390715 0.372601 0.355475 0.339221 0.323553 0.308107 0.292573
0.276711 0.260393 0.243667 0.226763 0.210107 0.38059 0.373308 0.38172 0.379109 0.371513
0.360434 0.34792 0.335043 0.322251 0.309916 0.298246 0.287282 0.277008 0.267332 0.257992
0.248609 0.238853 0.228476 0.21733 0.205455 0.19306 0.180556 0.201651 0.187171 0.211597
0.219464 0.22081 0.217719 0.212922 0.20774 0.202606 0.197956 0.19398 0.190645 0.187885
0.185611 0.183539 0.181196 0.178161 0.17412 0.168871 0.162443 0.155053 0.147118 0.0817197
0.0780083 0.0860476 0.0917306 0.0926639 0.0904902 0.0881125 0.0866805 0.0861486 0.0869714 0.0892717
0.0927722 0.0971686 0.102211 0.107526 0.112469 0.116385 0.118818 0.119515 0.118514 0.116075
0.112643 0.00424783 0.0127803 -0.00513453 -0.0116571 -0.016973 -0.0214823 -0.023699 -0.0231599 -0.0205288
-0.0155878 -0.00832934 0.000824135 0.011377 0.0229017 0.0352624 0.0474103 0.0578847 0.0662988 0.072476
0.0764429 0.0785243 0.0792144 -0.0689424 -0.0512817 -0.0877461 -0.101637 -0.111236 -0.116719 -0.118119
-0.115584 -0.110003 -0.101612 -0.0905713 -0.0772912 -0.0623755 -0.0464662 -0.0295397 -0.0122755 0.00370949
0.0179145 0.0295048 0.038014 0.0441437 0.0484684 -0.137105 -0.115658 -0.157639 -0.172142 -0.18284
-0.188071 -0.188054 -0.183328 -0.174919 -0.163469 -0.149397 -0.133181 -0.115398 -0.0967299 -0.0776856
-0.05859 -0.0401327 -0.0228551 -0.00778629 0.00450848 0.0143335 0.0219214 -0.185108 -0.164035 -0.205216
-0.21941 -0.229174 -0.232597 -0.229908 -0.221935 -0.209817 -0.194447 -0.176634 -0.157279 -0.137198
-0.117086 -0.0976535 -0.0793318 -0.0622312 -0.0464388 -0.0320861 -0.0191564 -0.00779803 0.00197513 -0.211556
-0.190732 -0.23085 -0.243011 -0.249974 -0.249786 -0.242782 -0.230118 -0.213015 -0.193027 -0.171825
-0.150384 -0.129466 -0.109804 -0.0918535 -0.0757596 -0.0614674 -0.0487922 -0.0374608 -0.0271332 -0.0173813
-0.0077862 -0.219338 -0.199468 -0.236252 -0.244859 -0.247587 -0.242545 -0.230212 -0.212071 -0.190477
-0.168017 -0.146102 -0.125089 -0.105245 -0.0871845 -0.0713171 -0.0576202 -0.0459694 -0.0361632 -0.0278483
-0.0205324 -0.013481 -0.00600077 -0.211219 -0.193617 -0.224191 -0.227967 -0.225485 -0.214811 -0.196438
-0.173731 -0.150593 -0.128597 -0.108099 -0.0890251 -0.0714159 -0.0558012 -0.0426096 -0.0316782 -0.0226994
-0.0155194 -0.00984231 -0.00511319 -0.000620689 0.00428064 -0.189716 -0.175862 -0.196767 -0.194221 -0.185386
-0.167585 -0.143734 -0.119814 -0.0980239 -0.078284 -0.0606577 -0.0448201 -0.0306277 -0.0184355 -0.00864484
-0.00108863 0.00472524 0.00903724 0.0120637 0.0143171 0.0164263 0.0189894 -0.155797 -0.147548 -0.154054
-0.142379 -0.124593 -0.0994463 -0.0746091 -0.0536676 -0.0348572 -0.0190363 -0.00576474 0.00556268 0.0151755
0.0229399 0.0285691 0.0322463 0.0344985 0.0356155 0.0358287 0.0356005 0.0354552 0.0359274 -0.108355
-0.109844 -0.0899405 -0.0626324 -0.0356876 -0.0119327 0.00610384 0.0214388 0.0350293 0.045364 0.0532066
0.0591332 0.0634815 0.0663366 0.0674783 0.0670669 0.065652 0.0635222 0.0608742 0.0581336 0.0557609
0.0542034 -0.0301987 -0.0614477 0.019526 0.0515068 0.0717176 0.0836162 0.0921431 0.100673 0.107336
0.111267 0.113121 0.11329 0.112159 0.110062 0.106852 0.102484 0.0974606 0.0921569 0.0867364
0.0815249 0.0769293 0.0733611 0.0711994 0.0991611 0.0221606 0.154438 0.173398 0.177281 0.177435
0.178175 0.179221 0.178636 0.175872 0.171497 0.165928 0.159485 0.152593 0.145276 0.137299
0.128997 0.120781 0.112798 0.10529 0.0985924 0.0930873 0.0891068 0.251967 0.177504 0.279511
0.282939 0.275384 0.266314 0.258854 0.252075 0.244312 0.235134 0.22499 0.214306 0.203336
0.192367 0.181465 0.170417 0.159396 0.148717 0.138507 0.128964 0.120376 0.11309 0.107413
0.374547 0.33814 0.383117 0.374153 0.357141 0.340036 0.325342 0.312016 0.298528 0.284447
0.270107 0.255821 0.24172 0.227938 0.214461 0.201164 0.188121 0.175514 0.163488 0.152221
0.141999 0.133157 0.125971 0.443897 0.411714 0.448163 0.433769 0.411642 0.390275 0.371933
0.355272 0.338774 0.322131 0.305718 0.289754 0.27421 0.25906 0.244209 0.229547 0.215135
0.201116 0.187642 0.174934 0.163326 0.15314 0.144617 0.479127 0.429619 0.486484 0.470528
0.446346 0.423906 0.405011 0.387677 0.370263 0.352683 0.33552 0.319002 0.302968 0.287292
0.271836 0.256381 0.240986 0.22585 0.211139 0.197144 0.184261 0.172833 0.163076 0.513873
0.451495 0.522994 0.505208 0.479237 0.456185 0.437118 0.419445 0.401343 0.382915 0.364955
0.347727 0.331037 0.314785 0.298758 0.282553 0.266188 0.249928 0.233986 0.218697 0.204499
0.191784 0.180778 0.552304 0.486225 0.561044 0.54142 0.51411 0.490465 0.470937 0.452592
0.433506 0.413928 0.394816 0.37648 0.35876 0.341588 0.324662 0.307467 0.289983 0.272479
0.255211 0.238558 0.222984 0.208919 0.196633 0.581951 0.514959 0.590909 0.571231 0.544186
0.520813 0.501224 0.482283 0.462162 0.441334 0.420937 0.401393 0.382543 0.364252 0.346218
0.327933 0.309315 0.290601 0.272071 0.254144 0.237317 0.22205 0.208636 0.593681 0.521382
0.603198 0.584067 0.557643 0.534645 0.515059 0.495746 0.475023 0.453496 0.432401 0.412221
0.392799 0.373925 0.355297 0.336472 0.317325 0.298044 0.278938 0.260435 0.243048 0.227256
0.213353 0.681272 0.676371 0.722343 0.72713 0.6835 0.728925 0.683019 0.727699 0.680425
0.724145 0.553294 0.546069 0.558186 0.560641 0.561028 0.341919 0.32695 0.353794 0.362575
0.368555 0.146677 0.130184 0.160549 0.171577 0.179783 0.0537812 0.0436226 0.0627441 0.0698069
0.0747932 0.00598717 0.000569657 0.0104397 0.0131502 0.0140871 -0.0387515 -0.0376241 -0.041409 -0.0457469
-0.0893219 -0.0816299 -0.097731 -0.10706 -0.131291 -0.118531 -0.143186 -0.15466 -0.15767 -0.143309
-0.170012 -0.181492 -0.167913 -0.154325 -0.179448 -0.19044 -0.164881 -0.153114 -0.175169 -0.18526
-0.1517 -0.142521 -0.160113 -0.168677 -0.129442 -0.122874 -0.135617 -0.142075 -0.0988556 -0.0950932
-0.102275 -0.106218 -0.0600286 -0.0585523 -0.060491 -0.0611564 -0.00182411 -0.00122414 0.00151076 0.00633103
0.160243 0.173224 0.15475 0.155857 0.349217 0.373077 0.333151 0.327721 0.415839 0.436134
0.40196 0.399994 0.41597 0.436308 0.404848 0.408788 0.420518 0.446146 0.412021 0.422787
0.438938 0.464017 0.436924 0.453858 0.430612 0.430203 0.452571 0.480955 0.41136 0.389384
0.452196 0.489579 0.669424 0.715145 0.537152 0.309162 0.110929 0.0316149 -0.00715424 -0.0373969
-0.040781 -0.0738632 -0.0724149 -0.103175 -0.124365 -0.136786 -0.139632 -0.133199 -0.116572 -0.0915953
-0.0572454 -0.000459294 0.188762 0.398889 0.453203 0.453161 0.474269 0.498345 0.449332 0.394285
0.711641 0.653973 0.699436 0.651542 0.696379 0.654964 0.699806 0.661717 0.70695 0.514515
0.514798 0.519627 0.527726 0.246579 0.258659 0.273114 0.290294 0.0499779 0.0606324 0.0731778
0.0904282 0.0116263 0.00666064 0.00773194 0.0174486 -0.0172875 -0.0253261 -0.0270305 -0.0191281 -0.0459142
-0.0577798 -0.0632748 -0.0529491 -0.078806 -0.0646728 -0.112703 -0.0977009 -0.192206 -0.180726 -0.0874105
-0.076623 -0.0700621 -0.0659836 -0.111572 -0.103179 -0.0938105 -0.199406 -0.131916 -0.10323 -0.230412
-0.24642 -0.0941381 -0.099321 -0.0814242 0 0 -0.107997 -0.21915 -0.223796 -0.109252
-0.0706839 -0.0721132 0 0 -0.12186 -0.23804 -0.230511 -0.121995 -0.0786083 -0.0890667
0 0 -0.139411 -0.28584 -0.264331 -0.129324 0 0 -0.110619 -0.107412
0 0 -0.13234 -0.123927 -0.136093 -0.178179 -0.260271 -0.186494 -0.188452 0
-0.137075 -0.250142 -0.312353 -0.126661 -0.0865233 -0.109868 -0.127413 -0.107987 -0.149941 -0.165911
-0.116985 -0.241596 -0.11412 -0.111657 -0.0627915 -0.0787193 -0.0869116 -0.0887752 -0.0888209 -0.0405562
-0.0537435 -0.058014 -0.0577665 -0.0566537 0.0224275 0.00682962 0.00071827 -0.000238993 0.000154277 0.30732
0.266079 0.240139 0.221731 0.205333 0.504074 0.472229 0.45377 0.439181 0.421666 0.37242
0.403826 0.431373 0.451035 0.459052 0.325983 0.372239 0.410763 0.439732 0.455166 0.412318
0.441656 0.466057 0.483495 0.488325 0.49924 0.493056 0.507512 0.522233 0.521986 0.708469
0.62548 0.550437 0.519623 0.491985 0.870242 0.745842 0.588662 0.510356 0.454226 -0.0617109
0 0 -0.0644992 -0.071657 -0.139059 -0.134181 -0.142722 -0.129773 -0.123654 -0.111712
0 -0.150317 -0.0851472 -0.0768809 0 0 0 -0.0862521 -0.0898528 -0.122648
-0.0925442 0 0 -0.119522 -0.115165 -0.11729 -0.0702424 0 -0.112584 -0.10782
-0.114296 -0.109798 -0.0709515 0 -0.110189 -0.0982262 0 0 -0.103622 -0.0992254
-0.105236 0 -0.118555 -0.112367 -0.119735 -0.128481 -0.138546 0 -0.17421 -0.148677
-0.159794 -0.174267 -0.0736715 0 -0.0718605 0 0 -0.114243 0 -0.149034
-0.0819291 0 -0.0996735 0 
enstrophy 1 3615 float
4.82627 6.89296 5.39098 4.61474 3.58962 3.67441 2.60858 2.41097 1.26304 1.1993 1.34234
1.3209 1.71402 1.69564 1.99667 1.99077 2.32625 2.33225 2.72341 2.74913 3.27172
3.32803 4.11284 4.21828 5.49217 5.68855 7.90082 8.26436 12.2705 13.0756 20.8678
22.5622 16.8003 43.0462 11.2218 8.77251 11.5492 14.3247 2.73569 0.791579 1.51105
1.93099 7.00332 5.67591 2.00021 1.87296 5.55089 6.48299 1.76007 1.72792 3.49477
4.64454 5.08053 8.4921 3.535 2.86567 1.36434 1.38329 1.73923 1.98983 2.28089
2.61607 3.06801 3.75428 4.86717 6.79572 10.2591 7.26112 5.34507 5.06658 5.00605
1.53282 36.368 90.1605 221.226 6.85261 5.99029 51.4579 54.9554 829.527 800.773
30.7726 1306.59 1183.54 35.1649 13.4031 1736.38 1707.65 16.251 5.18836 8.69561
3.60862 2.96668 1.42289 1.40544 1.733 1.93781 2.16716 2.40776 2.71423 3.16792
3.88509 5.10779 7.31705 2.1224 2.21217 3.33693 6.54576 41.0282 23.5528 9.19695
15.2638 35.8382 24.3267 11.2825 5.22993 8.74486 3.65379 3.0087 1.42279 1.37508
1.66917 1.82612 1.9893 2.13233 2.29386 2.52696 2.87541 3.46227 4.41646 1.28494
1.29462 1.99708 0.0915802 0.075977 5.12802 8.48678 3.68389 3.04188 1.37235 1.29548
1.55458 1.67234 1.77881 1.84037 1.88748 1.96353 2.07575 2.30211 2.66708 0.745187
0.804478 0.208786 0.125967 0.13011 5.03664 8.2666 3.71026 3.07199 1.32295 1.21554
1.44051 1.52369 1.58205 1.57839 1.54039 1.51132 1.48542 1.53422 1.75364 0.5397
0.59139 0.173247 0.12866 0.138947 5.05519 8.33153 3.7214 3.07844 1.3017 1.16823
1.3618 1.41145 1.42753 1.37181 1.27149 1.17136 1.06775 1.03622 1.24894 0.444135
0.481905 0.155422 0.129522 0.14003 5.10371 8.44311 3.74388 3.09427 1.30227 1.14785
1.3169 1.33816 1.32009 1.22483 1.0805 0.932217 0.785156 0.729214 0.965453 0.388287
0.420451 0.145603 0.125643 0.135491 5.12953 8.49347 3.75826 3.10549 1.30598 1.13947
1.29332 1.29583 1.25499 1.13379 0.962606 0.786095 0.616303 0.562829 0.823887 0.356929
0.389384 0.138069 0.122232 0.132718 5.1422 8.51917 3.76608 3.11329 1.3109 1.14021
1.28784 1.2814 1.22933 1.09534 0.91146 0.721355 0.54134 0.496952 0.776739 0.344227
0.382497 0.135858 0.120177 0.131894 5.14907 8.53425 3.77172 3.12145 1.31998 1.15203
1.30226 1.29675 1.24482 1.10996 0.924545 0.731241 0.548426 0.508144 0.797836 0.34683
0.392817 0.13762 0.126471 0.136843 5.15606 8.55011 3.77906 3.1339 1.33656 1.17774
1.34 1.3459 1.30635 1.18431 1.01168 0.829814 0.654655 0.604663 0.876492 0.367732
0.437022 0.140699 0.137401 0.149185 5.16522 8.57017 3.7897 3.15236 1.36213 1.21867
1.40257 1.43064 1.41718 1.32493 1.18491 1.03798 0.895789 0.841412 1.07109 0.429479
0.53737 0.161648 0.161956 0.183738 5.17635 8.5933 3.80341 3.17657 1.39636 1.2743
1.48927 1.55054 1.57808 1.53597 1.45624 1.38486 1.32906 1.36951 0.771898 0.556012
0.614821 0.662833 0.205266 0.210868 0.249631 5.18838 8.61755 3.81923 3.20508 1.43723
1.34179 1.59634 1.70087 1.78344 1.81165 1.82167 1.86774 1.95943 2.21436 0.546839
0.709622 0.457771 0.251877 0.608608 1.63017 1.91314 1.19992 5.20033 8.64271 3.83546
3.23532 1.4814 1.41669 1.71728 1.87254 2.02045 2.13351 2.25396 2.4438 2.72903
3.26506 0.630651 0.922759 0.311358 0.219046 0.156024 62.1536 81.6014 13.3869 11.6818
5.21031 8.6656 3.85054 3.26507 1.52577 1.49438 1.84476 2.05456 2.27264 2.47658
2.71562 3.0589 3.55551 4.3799 0.806194 2.44578 0.0705425 0.099915 126.099 12.0297
3.69093 14.3414 5.21713 8.68284 3.86383 3.29366 1.56935 1.57217 1.97322 2.23728
2.52419 2.81641 3.17055 3.66469 4.37919 5.50449 7.20482 1.52614 2.09257 1.39814
1.3389 2.81929 1.72475 0.773511 5.22731 8.70452 3.87923 3.3247 1.61571 1.65137
2.10075 2.41416 2.76183 3.13005 3.58041 4.19698 5.07893 6.41398 8.41626 1.772
4.85273 1.8242 2.5598 368.257 192.024 46.9357 41.0211 21.5226 22.8826 18.5497
19.9368 38.2242 53.5046 9.2998 10.3021 117.422 140.117 16.4292 14.0271 199.136
214.026 25.0737 23.2353 5.26039 8.76627 3.90631 3.36453 1.67245 1.73655 2.22754
2.58017 2.97427 3.39807 3.91256 4.59791 5.54597 6.90392 8.79956 11.567 13.9936
2.80563 5.07195 14.4008 6.57203 9.15564 13.3281 10.827 9.96787 11.7118 7.8523
6.8414 5.98831 5.87707 10.158 5.34282 8.90726 3.95953 3.41692 1.74209 1.82359
2.34351 2.72172 3.14581 3.60452 4.15378 4.86484 5.81464 7.1061 8.82534 11.1273
13.3633 14.4433 14.4255 13.9832 13.4794 5.4514 9.11021 3.98507 3.41147 1.7901
1.88084 2.41124 2.80396 3.24549 3.72454 4.29047 5.00443 5.92801 7.12764 8.65077
10.5352 12.4651 13.865 14.5814 14.8321 14.8485 5.48132 9.18529 3.9945 3.35913
1.73666 1.82628 2.35284 2.76319 3.22427 3.72252 4.30179 5.01471 5.9106 7.03387
8.40906 10.0272 11.7121 13.1368 14.1203 14.7057 15.0171 4.78052 7.28769 4.0304
3.43907 1.66627 1.64886 2.14647 2.59345 3.0879 3.6121 4.20834 4.92494 5.80475
6.88121 8.16748 9.63795 11.1717 12.5589 13.6399 14.3871 14.8612 4.10153 5.28525
4.04699 3.53632 1.65974 1.54097 2.01353 2.48488 2.99961 3.5382 4.14357 4.86323
5.73836 6.79947 8.05694 9.482 10.969 12.3405 13.4461 14.2403 14.7635 410.067
50.4967 7.46913 8.99075 566.656 65.8537 59.8917 11.2592 8.54495 1.76049 1.77856
6.74618 37.9461 67.0812 3.80955 8.42696 1.7975 4.06795 12.3685 6.47793 8.70125
6.38329 7.9621 29.0534 86.3923 16.2155 0.488715 39.9084 43.7872 322.468 47.9936
44.3503 24.0745 21.1118 8.35613 1063.81 1576.46 12553.9 11748 67.082 59.1556
71.1992 258.198 230.498 130.635 45.5292 51.1857 55.5669 284.424 547.125 70.4646
0.205458 29.1457 38.5869 285.645 213.673 167.489 22.8086 0.176038 12.6317 15.2672
109.932 91.004 76.7786 10.5751 0.156398 6.53614 7.69168 55.296 47.2386 40.6825
5.57884 0.145459 3.53948 4.15217 30.0254 25.8437 22.3424 3.02186 0.135705 1.92276
2.25805 16.5867 14.3637 12.522 1.64457 0.132917 1.12714 1.27638 9.5999 8.65614
8.01777 1.01364 0.131891 0.902876 0.914625 7.19354 7.11607 7.20437 0.910758 0.129461
1.05329 0.972595 7.75834 8.29087 9.00538 1.16715 0.14585 1.58121 1.42123 11.0485
12.335 13.4583 1.74745 0.184589 2.06494 1.98474 15.1215 15.6165 15.3516 2.09775
0.252836 12.8273 1.91129 0.571585 0.46129 0.119221 0.101671 0.208016 20.4162 147.057
85.4789 17.2859 6.85924 13.7563 26.7166 12.8922 22.1811 30.2372 28.4591 27.0412
12.991 28.2448 23.3472 17.7095 12.2551 94.88 11.8962 9.24427 8.10496 7.68506
7.25542 181.64 21.1538 7.16775 6.93885 6.94048 6.67869 6.58699 6.35781 5.45454
4822.21 3954.3 204.55 64.365 1630.68 436.253 5.28947 1.34697 9.56361 3.07637
4.87811 3.26212 10.7586 178.782 26.7109 4739.87 942.803 5431.75 1438.22 8320.11
7304.09 9411.35 49.4276 68.6747 53.8945 108.281 16.1042 36.9481 35.4363 21.9194
16.7012 73.1623 10.1588 161.756 18.8367 225.249 26.5456 6347.88 10574.3 54.0709
64.9071 236.031 251.439 96.7507 406.037 418.06 510.818 376.425 48.3546 135.213
18.5714 65.2063 9.0217 35.0182 4.82455 19.2742 2.61887 10.9285 1.44505 7.54757
0.954102 7.42787 0.937599 9.89828 1.28909 14.3266 1.88089 14.2951 2.04624 0.330882
28.1786 236.982 246.769 29.3724 16.5993 22.9472 673.726 6.94874 15635.3 9133.53
1002.91 1394.53 107.232 80.4316 9694.92 1252.38 1052.58 3491.83 3631.86 3007.15
440.321 8122.83 5.89192 6.02753 1619.03 12812.5 3072.5 747.944 5.26968 9.01498
12.9455 14.756 15.1569 15.1456 15.0896 231.993 27.5169 6.28282 448.151 564.819
783.105 598.745 409.285 528.484 364.185 426.028 354.474 388.088 359.129 345.491
144.58 134.516 160.384 165.313 133.67 257.652 197.694 465.7 351.197 686.262
628.231 114.379 135.004 149.611 97.6888 101.201 104.048 95.236 82.4097 91.6816
154.952 102.247 113.749 449.575 254.175 259.657 405.463 407.728 51.1145 50.7575
412.692 414.039 52.1226 51.895 418.196 420.371 53.1093 52.7758 432.77 440.746
55.9568 54.8434 6.70283 6.9149 4.46006 4.38738 4.45741 6.47648 4.38484 4.47024
6.15498 4.38826 4.47363 5.51017 4.38873 4.44932 4.39119 4.52598 4.58087 10.2136
10.7519 9.58813 8.78615 7.43955 5.8582 13.6514 13.9451 13.2332 12.5764 11.3393
9.68827 15.2738 15.1959 15.4175 15.6476 16.0396 17.2517 16.2059 15.7926 16.9845
18.4423 21.5665 28.1374 16.5214 15.9555 17.6065 19.6739 24.3506 33.7085 652.842
564.032 554.284 792.106 326.512 520.418 829.535 183.334 241.925 398.332 635.848
166.671 153.114 7.17961 4.51396 4.42593 11.2688 14.1863 15.1727 15.5694 15.6452
777.647 817 5572.66 5122.61 107.206 6275.42 6114.35 857.458 869.681 88.8223
879.018 6406.94 6898.35 6700.16 907.071 930.34 86.6291 959.752 7135.92 8048.49
7709.38 1035.86 1080.36 172.442 1129.3 8432.61 9742.62 9345.29 1269.98 1331.7
1354.85 9823.81 392.99 396.71 49.4478 48.891 4.66821 4.67037 4.63384 402.897
50.3772 4.64855 4.61345 411.265 51.6742 4.6328 4.60644 4.63328 4.60537 416.613
52.5354 4.63529 4.61471 4.65235 4.63613 427.264 54.0855 4.68535 4.68178 4.74851
4.78118 4.89442 4.95515 126.831 134.178 2106.24 1491.23 307.039 382.744 4512.36
714.83 131.808 2915.88 503.31 388.906 48.3017 4.72722 4.72081 374.034 379.474
46.9283 46.1414 4.80829 4.78589 277.847 137.093 472.382 629.394 1844.86 614.481
1369.15 2037.79 2127.17 1129.01 2595.83 4389.89 3827.71 303.587 317.632 38.3087
36.4936 354.685 361.714 44.3802 43.3893 8.15486 4.95177 4.8423 7.56496 4.69167
4.64172 4.52739 12.3658 11.7996 14.5984 14.403 15.1932 15.1825 15.3146 15.4339
15.295 15.4542 2749.64 740.258 3699.24 2052.9 2548.69 1942.36 2674.65 1165.32
3018.16 1428.44 285.46 34.2225 5.65331 5.55781 5.4214 42.2963 41.1172 338.414
346.948 5.36565 5.23958 5.18511 5.06411 45.3021 368.128 5.01487 4.92286 4.88979
409.653 51.4069 415.321 52.322 423.325 53.5231 451.853 57.4552 840.777 5891.46
890.573 6540.27 995.085 7407.09 1189.46 8870.59 1435.24 9815.26 400.009 49.9326
466.646 59.4552 5.12496 471.409 475.427 1359.93 1085.44 363.628 1341.41 3753.16
621.828 47.6412 384.428 264.525 31.5963 328.854 39.8002 1440.18 3305.84 1718.84
983.816 648.062 678.249 341.446 336.712 1148.63 917.266 1741.96 1019.86 854.761
1347.15 4210.24 4362.62 3851.26 487.054 516.119 66.2499 62.2535 669.468 764.416
100.281 87.607 4.66026 4.70003 4.74096 4.97146 4.89954 3.73224 5.19956 6.51169
5.79047 5.39059 23.4985 3.08162 1.27833 67.2797 623.994 10127.4 9953.65 1574.35
1715.65 2928.8 1888.73 10313.3 9341.12 10083.7 3216.29 3746.17 3885.39 9026.67
5.38284 605.1 78.3826 5.76851 6.19316 6.95706 8.26576 9.80647 10.0728 4.16173
17.9409 555.564 71.5816 917.362 119.532 2400.33 10418.3 341.203 338.844 342.536
346.504 326.748 343.218 326.832 297.266 929.872 1340.27 1316.78 372.335 581.964
216.371 281.71 4266.09 4442.22 4222.93 1059.79 1610.31 2664.56 147.528 249.833
473.027 11458.1 12544.4 1623.48 1478.92 15489.1 16046.4 2103.01 2027.03 1482.2
1536.34 1525.97 1231.65 775.883 715.169 1493 1219.87 4620.59 1028.22 599.021
1796.94 3923.22 303.939 728.443 915.332 810.976 744.301 528.002 431.811 98.2325
73.1535 68.5641 180.424 522.965 157.114 92.6923 1350.14 1058.68 6318.25 7377.54
13611 7242.58 1029.97 1639.41 1518.85 1627.96 11017.4 10073.8 983.767 7176.24
11262.8 1474.01 1258.11 634.793 3311.2 2100.4 3168.48 2901.53 15.5769 849.613
6827.93 1767.16 3857.34 4028.69 10316.1 9712.85 3845.65 11371.2 11994.7 3870.01
3138.89 674.747 2398.46 10064.3 8284.58 1627.72 10354.6 1333.24 6236.09 5382.64
902.923 1023.87 14609.4 1904.5 1146.39 7159.12 9080.09 1394.02 15594.9 2005.34
13.6902 15.1316 12.1935 918.488 584.028 1671.57 2099.23 1323.83 738.113 1684.12
1248.39 4036.44 637.589 541.113 2421.63 1347.15 912.115 875.342 4.60689 2.30355
805.836 5222.34 594.131 3981.59 19.9387 11.1728 1628.41 11517.3 1332.8 1107.99
908.401 1452.34 8288.94 4940.34 6045.6 25.2019 1259.07 8878.92 13606.6 1767.14
23.0663 27.6757 19.5342 1338.71 969.546 845.743 782.84 4106.72 11289.9 1962.9
9090.13 1182.92 9210.68 32.9389 37.9909 4767.95 793.234 16.9639 1269.1 8105.7
334.513 338.259 1255.12 1381.96 4090.58 4152.66 4035.47 1509.05 2053.67 270.001
198 6234.25 7894.05 1012.47 798.952 10.7545 12.4855 5.06861 24.6293 20.6595
23.4423 12.9683 12.0487 25.0676 22.8289 20.4938 12.5155 14.6899 17.2805 16.0013
14.7177 17.1739 64.0544 15.7366 966.51 2578.67 521.122 181.861 19.9455 23.9282
54.1981 67.8619 64.9453 4.67935 5.66377 39.5596 4417.49 575.484 11.874 12.0213
17.6944 3436.25 264.972 20.1329 33.0322 507.908 366.006 312.41 35.3685 41.9861
13.2575 17.3425 30.3642 23.102 220.361 204.912 188.269 119.137 89.0132 427.018
111.698 526.894 61.2863 1126.34 1280.22 4106.71 9338.38 9297.58 3730.23 3730.74
4175.68 3754.77 9362.81 9458.88 3740.46 1152.5 149.981 11.6645 2956.84 391.376
696.521 4491.83 1759.84 240.457 26.9686 86.1984 108.957 862.173 693.789 583.898
70.5823 19.1326 426.73 49.9515 33.6918 63.4318 180.168 395.106 5167.82 1.0704
1.46588 264.872 29.6748 1035.56 6184.46 6556.68 7916.52 39.449 3837.06 9187.99
3733.55 9382.11 1046.23 128.976 497.621 59.1161 267.688 299.615 273.383 243.847
135.655 161.799 170.446 228.115 159.267 147.593 73.8833 153.256 120.447 65.8669
171.348 101.616 62.0755 1751.84 15.2036 280.216 233.248 8.3597 27.7825 27.7443
90.6946 119.385 8.3576 293.259 324.49 2.98503 21.0901 17.5163 35.8107 39.8243
11.4162 283.098 306.223 4.93058 14.0503 13.5687 26.4071 26.2667 271.028 284.316
48.7752 200.571 12.4264 8.71209 5.31507 3.62886 21.1748 204.31 24.3124 37.1401
61.7666 273.237 196.567 130.287 7.37031 30.7059 3.63985 4.04811 6.99142 31.1992
18.7283 15.8737 2.50083 1.87994 8.20944 6.83583 2.47883 2.51091 0.930173 1.29092
1.75994 3.30375 4.21986 31.5727 23.5268 0.678625 0.870217 1.06473 0.905702 0.745283
6.57124 7.03355 60.4499 56.5461 2.05766 3.33497 7.13581 2.26403 1.72256 4.51744
2.8327 18.8589 36.3578 7.33118 56.5425 21.1877 2.99581 94.4342 186.641 26.8534
19.027 5.24738 8.03504 16.1267 10.8522 11.3551 178.132 122.744 44.2999 86.2727
122.864 158.858 161.752 9.71137 14.4694 16.94 40.1258 33.9749 9.34482 172.087
174.524 4.29272 22.9598 26.1931 97.9573 79.4626 11.2845 193.502 214.581 4.90473
33.9028 37.844 189.537 159.252 33.6294 225.621 207.265 23.738 57.6352 58.9385
448.136 423.28 192.105 195.883 255.56 141.823 1062.68 661.675 134.866 277.196
805.261 219.111 197.52 4122.55 5330.57 7550 147.023 932.5 1127.28 101.589
3243.95 2849 9033.26 13681.2 101.868 1527.16 1257.29 82.4483 996.937 1323.16
5532.59 4095.91 180.787 1600.55 1797.55 162.331 5393.96 4237.86 1260.19 389.662
935.856 1591.46 316.497 613.824 1026.29 611.969 535.243 621.321 671.775 647.701
385.837 38.5164 42.0165 7.50915 16.7655 8.42529 8.01036 8.00767 23.1893 2.15404
2.92951 2.24905 5.16526 8.25806 49.9054 23.5273 214.732 93.3386 174.24 28.2282
141.105 81.4476 60.203 105.467 77.5195 24.5592 49.5872 111.781 93.8819 105.185
86.1572 15.0162 29.5351 93.9642 82.7927 57.0622 66.7897 11.0641 29.7493 28.7165
27.4374 27.4323 4.38358 1.2908 1.65159 1.75323 2.55301 17.1149 0.967868 1.01467
3.53791 10.5898 0.612898 0.502593 0.66895 2.33641 0.731782 0.903863 0.936064 5.89281
49.4322 1.06824 0.907179 0.558644 0.646523 1.35038 1.87169 1.1108 5.00038 10.0592
1.2545 1.22308 5.98434 51.0091 0.913661 1.14755 2.5892 12.6437 9.49164 15.1066
13.1325 23.4886 1.43934 0.566338 2.37432 7.93598 16.0907 3.31178 60.3195 36.0878
44.4461 40.6712 23.9619 12.6839 31.4126 54.7483 42.9772 52.5049 47.345 19.849
63.223 56.1551 38.8351 65.3604 53.1824 30.9286 136.612 62.2308 53.3573 55.6828
48.3168 49.2939 307.064 62.4928 44.0702 423.11 67.3194 963.289 1322.53 892.895
5218.56 5957.07 8326.67 3230.11 20800 2635.31 2864.54 1758.17 2708.91 1373.52
4224.82 879.512 1020.79 4004.99 1713.05 5573.05 5540.62 5569.23 27.3664 13.3053
23.0864 2.84376 13.3899 13.7911 88.7475 31.4719 124.123 26.2423 63.8693 16.1035
33.6621 11.4902 28.3572 1.98437 11.8815 5.11919 40.6165 6.86997 58.9518 1.831
8.83018 242.614 34.6063 10.6345 25.3991 18.304 50.069 28.5058 117.002 43.2281
235.536 296.25 302.639 4628.39 18953.2 1842.57 5305.65 3087.02 5695.63 6.24556
1.15946 2.17947 0.786923 12.8509 4.77508 11.6187 13.7017 14.436 12.196 9.76433
10.2155 8.09152 8.44076 6.62105 6.88816 5.40939 5.61134 4.5092 4.66116 3.91505
4.02992 3.54164 3.62898 3.25129 3.31752 2.90515 2.95481 2.445 2.48158 1.91817
1.94453 1.43616 1.45473 1.09782 1.11066 0.934021 0.943202 0.914776 0.921924 0.940964
0.946904 0.863829 0.869025 0.650855 0.655008 0.419665 0.42216 0.27615 0.277141 0.237508
0.236919 0.239106 0.23725 0.169128 0.167368 0.0972455 0.0988346 10.1518 11.8511 8.6085
7.18994 5.92689 4.88166 4.1102 3.61197 3.30994 3.0747 2.77237 2.3472 1.84807
1.38738 1.06476 0.911097 0.897453 0.926579 0.850822 0.640422 0.413776 0.274242 0.239559
0.242999 0.173296 0.104192 8.26541 9.50075 7.10467 6.0048 5.00655 4.1767 3.57297
3.20017 2.99196 2.8302 2.58767 2.21123 1.75127 1.32116 1.02122 0.882231 0.876532
0.909076 0.834162 0.627024 0.406954 0.273012 0.243408 0.24693 0.178679 0.114458 6.31072
7.09949 5.5279 4.75082 4.02581 3.41989 2.9904 2.74804 2.63825 2.55549 2.37929
2.05794 1.64292 1.24839 0.975004 0.853025 0.85618 0.891704 0.816736 0.612938 0.400545
0.273236 0.249028 0.250335 0.185058 0.12975 4.52403 4.94041 4.06785 3.5789 3.10272
2.70152 2.4307 2.30697 2.2879 2.28052 2.17009 1.90451 1.53557 1.17808 0.932338
0.827782 0.839488 0.876855 0.800755 0.599887 0.395416 0.275306 0.256222 0.252942 0.192133
0.149316 3.04395 3.18601 2.84021 2.58268 2.31056 2.07761 1.93712 1.9111 1.96803
2.02569 1.97535 1.76378 1.4395 1.11731 0.897967 0.809805 0.828783 0.86625 0.787825
0.589284 0.392395 0.279593 0.264879 0.254828 0.199316 0.171235 1.93029 1.89666 1.89988
1.80901 1.68638 1.57705 1.53301 1.58068 1.69686 1.80749 1.80905 1.64648 1.36234
1.07108 0.875147 0.801517 0.825858 0.861246 0.779224 0.582332 0.392334 0.286585 0.275191
0.256469 0.205647 0.192508 1.18027 1.05405 1.25219 1.26546 1.23812 1.2088 1.22818
1.32656 1.48647 1.63926 1.68367 1.561 1.30904 1.04259 0.865915 0.804479 0.832045
0.862924 0.77593 0.579953 0.39606 0.296899 0.287467 0.258483 0.210073 0.209765 0.74482
0.583137 0.865381 0.931813 0.955531 0.969469 1.02349 1.153 1.34331 1.52766 1.60474
1.51149 1.28245 1.03405 0.871716 0.819364 0.847958 0.8719 0.778492 0.582724 0.404367
0.311223 0.301054 0.261456 0.212485 0.219608 0.554921 0.385873 0.692049 0.776682 0.819365
0.849241 0.915506 1.06016 1.26926 1.4749 1.57391 1.49923 1.28364 1.04586 0.892247
0.845804 0.873511 0.88845 0.787222 0.591047 0.418037 0.329949 0.314406 0.261632 0.21007
0.221097 0.550982 0.382119 0.688282 0.769706 0.807734 0.833715 0.896777 1.04417 1.26236
1.47973 1.58998 1.52298 1.31154 1.07561 0.925011 0.882973 0.908373 0.912612 0.802242
0.605203 0.438455 0.353308 0.325418 0.252546 0.198116 0.215774 0.700833 0.5338 0.825769
0.887392 0.901767 0.907986 0.959263 1.10079 1.31836 1.53839 1.64921 1.57863 1.36163
1.1208 0.96908 0.929475 0.951854 0.944339 0.823553 0.625329 0.463606 0.37836 0.333859
0.238528 0.181053 0.20463 0.995367 0.836391 1.09161 1.11693 1.09311 1.06779 1.0998
1.22515 1.43184 1.6463 1.74753 1.6624 1.429 1.17893 1.02505 0.984719 1.00313
0.983556 0.851044 0.649006 0.48774 0.401616 0.342101 0.227381 0.164722 0.188162 1.4287
1.28942 1.48285 1.45615 1.38184 1.31519 1.31335 1.40991 1.59922 1.79998 1.88274
1.77362 1.51429 1.24688 1.08804 1.04729 1.06165 1.02996 0.884542 0.67493 0.511214
0.424219 0.350229 0.217446 0.148635 0.170066 2.00609 1.90657 2.00359 1.90668 1.76606
1.64446 1.59497 1.65407 1.82013 1.9988 2.05484 1.9132 1.62046 1.32613 1.15618
1.11583 1.12685 1.08345 0.924559 0.705899 0.537817 0.446215 0.355972 0.207281 0.13388
0.153512 2.74421 2.71809 2.66071 2.47363 2.24568 2.05009 1.94561 1.96301 2.0973
2.24579 2.26562 2.08268 1.74888 1.42167 1.23592 1.19227 1.19851 1.14413 0.971555
0.742663 0.566458 0.465073 0.358402 0.196053 0.119506 0.138261 3.65818 3.74299 3.46373
3.16557 2.82855 2.53735 2.36556 2.33914 2.43547 2.54413 2.51767 2.28408 1.90103
1.53549 1.3295 1.27788 1.27698 1.21167 1.02531 0.784158 0.595767 0.480352 0.357561
0.183676 0.105614 0.125002 4.76285 4.98896 4.42849 3.992 3.52342 3.11848 2.86265
2.78486 2.8351 2.89211 2.81244 2.51937 2.07809 1.66691 1.43439 1.37097 1.36144
1.28506 1.08515 0.829657 0.625585 0.4923 0.353298 0.172114 0.0941897 0.113659 6.06517
6.46642 5.56356 4.96018 4.33401 3.79759 3.4447 3.30182 3.29206 3.28788 3.14884
2.78793 2.27979 1.81551 1.54871 1.46796 1.44879 1.36237 1.14966 0.87811 0.653876
0.499294 0.345424 0.160752 0.0838864 0.10258 7.56325 8.17921 6.85934 6.06058 5.25307
4.56536 4.10264 3.87663 3.79353 3.72578 3.52046 3.08414 2.50262 1.97952 1.67288
1.56982 1.53843 1.44171 1.21693 0.92837 0.680126 0.501647 0.334248 0.149087 0.0733366
0.0897949 9.2294 10.0918 8.28454 7.26074 6.25259 5.39763 4.80871 4.48527 4.3233
4.18911 3.91188 3.39569 2.73764 2.15287 1.80425 1.6764 1.62989 1.52136 1.28518
0.979271 0.705318 0.502045 0.321575 0.137711 0.0618302 0.0739049 10.9707 12.1069 9.76426
8.50028 7.27841 6.2457 5.51681 5.09234 4.85406 4.64855 4.29677 3.70181 2.9694
2.32446 1.93417 1.78056 1.71832 1.5982 1.35096 1.02792 0.729161 0.502591 0.309875
0.127585 0.0497754 0.0556942 12.6139 14.0284 11.1551 9.65945 8.23136 7.02612 6.15928
5.6372 5.33006 5.05914 4.63802 3.97227 3.17507 2.47777 2.05044 1.87263 1.79535
1.66551 1.40775 1.06911 0.75037 0.504469 0.301049 0.119447 0.0383876 0.0377872 13.8849
15.5233 12.2228 10.5416 8.9514 7.61072 6.63516 6.03206 5.67268 5.35848 4.88515
4.16675 3.32415 2.59005 2.13633 1.94028 1.85112 1.71447 1.44863 1.09832 0.766454
0.507506 0.296192 0.113953 0.0295259 0.0238637 14.3855 16.1135 12.6406 10.8846 9.22956
7.83522 6.81659 6.17939 5.79961 5.47127 4.9779 4.2394 3.3803 2.63274 2.16929
1.96633 1.87257 1.73331 1.46431 1.10952 0.772842 0.509223 0.294839 0.11195 0.0260178
0.0184922 19.0218 22.5065 23.9897 20.199 16.1251 17.056 16.0962 18.8412 13.7964
12.4708 14.3481 10.8759 8.88205 9.96958 7.93827 5.78129 6.26645 5.34685 3.38503
3.48621 3.29007 1.73633 1.6508 1.82296 0.755007 0.62858 0.9021 0.27903 0.190656
0.416128 0.116477 0.0723345 0.227226 0.11794 0.0798264 0.224717 0.236465 0.170099 0.364717
0.501863 0.407449 0.654135 0.96041 0.870804 1.11187 1.65581 1.61852 1.76677 2.65372
2.62578 3.79124 3.89411 5.18911 5.47123 6.85912 7.35485 8.79905 9.53305 10.9652
11.9725 13.2588 14.5711 15.4716 17.0979 17.2136 19.1161 17.9063 19.9284 217.829
229.287 257.16 242.682 208.129 231.551 196.87 218.815 183.924 204.295 169.959
188.718 155.797 172.954 141.957 157.537 128.733 142.776 116.349 128.905 104.937
116.077 94.5366 104.353 85.1234 93.7236 76.6068 84.1026 68.8302 75.3297 61.6241
67.226 54.8591 59.6512 48.4539 52.5144 42.3804 45.7827 36.6684 39.484 31.3886
33.6888 26.638 28.4943 157.874 163.98 151.677 144.091 135.002 124.978 114.756
104.789 95.3162 86.5159 78.4748 71.1912 64.6195 58.6728 53.2182 48.116 43.2636
38.5969 34.0956 29.7913 25.7521 22.0719 85.1422 84.7449 83.9779 81.5621 77.6697
72.7835 67.5605 62.3662 57.3791 52.7341 48.4921 44.6508 41.1838 38.0422 35.1393
32.3718 29.6617 26.961 24.2537 21.568 18.9639 16.5276 29.8255 26.8705 31.6226
32.7488 32.6019 31.5226 30.0123 28.3498 26.6712 25.0799 23.627 22.3246 21.1737
20.1634 19.2464 18.3441 17.3904 16.3384 15.1623 13.878 12.5336 11.2034 7.44696
6.31956 8.6649 9.89546 10.418 10.4061 10.1412 9.76816 9.35597 8.96897 8.64558
8.40349 8.25604 8.21196 8.24666 8.31311 8.35745 8.30986 8.12038 7.78281 7.32351
6.79577 2.53866 2.10176 3.3848 4.32047 4.89551 5.14269 5.15928 4.98158 4.66205
4.25326 3.80956 3.39012 3.05537 2.85739 2.81542 2.92136 3.1303 3.35853 3.54244
3.64566 3.65337 3.58654 4.82592 3.50359 6.55586 8.06405 9.25342 9.89929 9.99338
9.57449 8.77323 7.69444 6.4398 5.12935 3.89265 2.84225 2.04026 1.50169 1.21784
1.14657 1.21668 1.34473 1.46644 1.56529 10.9525 8.3317 13.8657 16.2263 18.0865
18.988 18.8959 17.9304 16.3328 14.3078 12.0327 9.68396 7.42498 5.39767 3.70823
2.39406 1.45502 0.871871 0.574765 0.468111 0.470592 0.531384 17.6132 14.0668 21.3898
24.3055 26.3741 27.0622 26.3682 24.5368 21.9246 18.8424 15.5768 12.3942 9.48709
6.9715 4.91626 3.31925 2.12823 1.28975 0.73832 0.406375 0.231923 0.168307 22.265
18.1764 26.3604 29.1304 30.7428 30.655 28.9632 26.0702 22.4274 18.5136 14.763
11.3993 8.53606 6.21803 4.41698 3.05542 2.04776 1.32533 0.823854 0.483459 0.253595
0.114489 23.8015 19.7393 27.4967 29.513 30.1772 29.0265 26.2934 22.5149 18.3651
14.462 11.089 8.27969 6.01232 4.26687 2.9788 2.04847 1.37789 0.90472 0.58877
0.378998 0.228975 0.121639 22.2427 18.7727 24.9862 25.8963 25.4661 23.3609 19.8949
15.9027 12.2317 9.17933 6.72833 4.80473 3.34383 2.28906 1.57174 1.08694 0.7444
0.508313 0.354956 0.261008 0.203629 0.167658 18.3276 15.8502 19.7649 19.4933 18.153
15.4534 11.9876 8.8254 6.39041 4.54096 3.1772 2.2113 1.58718 1.15246 0.869031
0.738333 0.637621 0.541452 0.461369 0.408405 0.376773 0.37037 13.0494 11.7555 13.2023
12.0979 10.3506 7.82795 5.45329 3.84345 2.79274 2.11516 1.70228 1.52759 1.53937
1.47181 1.34377 1.33124 1.3023 1.21569 1.10546 0.991946 0.900823 0.851179 8.03728
7.37973 7.71812 6.52843 5.39097 4.16412 3.36997 3.14523 3.11781 3.16891 3.25896
3.37555 3.46767 3.41982 3.2234 3.0439 2.85918 2.61489 2.35361 2.07959 1.84081
1.67833 6.73795 4.62714 8.09231 8.26396 7.97328 7.73122 7.79161 8.08188 8.28251
8.30342 8.20522 7.99799 7.60094 7.08416 6.51535 5.9443 5.38396 4.79123 4.22053
3.6877 3.2276 2.88751 2.69178 16.0734 8.42515 19.8886 21.1268 20.4595 19.6
19.12 18.7572 18.1655 17.286 16.2504 15.1374 13.8891 12.5215 11.1808 9.96769
8.8364 7.74203 6.7323 5.83528 5.08206 4.5035 4.11659 41.839 31.2023 45.2763
44.5638 41.5236 38.3959 35.8951 33.6952 31.3825 28.8964 26.3827 23.9305 21.5308
19.1836 16.9294 14.8943 13.0728 11.38 9.85853 8.52922 7.41576 6.5341 5.89811
75.6347 67.0421 76.5517 72.1415 65.4484 59.1522 53.997 49.5202 45.2175 40.9897
36.9525 33.1812 29.6364 26.3149 23.2242 20.4115 17.8891 15.5843 13.522 11.7251
10.2005 8.95588 8.02287 100.73 88.297 101.147 94.2003 84.7282 76.1229 69.1095
63.0295 57.2899 51.7916 46.6618 41.9497 37.5889 33.5282 29.768 26.3175 23.1561
20.2583 17.6514 15.3657 13.3906 11.7458 10.4784 116.264 95.0253 118.22 110.022
98.8778 89.1436 81.3561 74.5364 67.992 61.6912 55.8406 50.4966 45.5764 40.9901
36.667 32.6272 28.8756 25.3862 22.2112 19.4009 16.9478 14.8753 13.2349 133.957
106.017 136.694 126.875 113.981 103.177 94.6517 87.0898 79.7058 72.5442 65.8923
59.8433 54.2899 49.0789 44.1252 39.4642 35.0834 30.9529 27.1458 23.7436 20.7719
18.24 16.1867 154.778 123.731 157.331 145.725 131.159 119.218 109.758 101.226
92.8033 84.592 76.9462 69.9998 63.6327 57.6378 51.9453 46.5887 41.5079 36.6747
32.1737 28.1186 24.5778 21.5604 19.081 171.514 138.407 174.35 162.057 146.798
134.26 124.103 114.683 105.227 95.9266 87.2369 79.3353 72.113 65.3449 58.9198
52.8636 47.118 41.6289 36.4717 31.8036 27.7286 24.2687 21.4204 178.175 141.529
181.492 169.264 153.983 141.303 130.84 120.973 110.984 101.119 91.8971 83.5169
75.8661 68.726 61.9638 55.5802 49.5313 43.7481 38.2924 33.3477 29.0349 25.3787
22.3704 235.296 232.589 262.369 265.307 236.254 266.071 235.438 264.678 233.303
261.71 163.733 161.038 165.416 165.988 165.636 78.054 74.8412 80.7132 82.6793
83.969 20.1577 17.8154 22.2702 24.0511 25.4592 3.97078 3.28061 4.66578 5.30435
5.82432 1.55979 1.49987 1.6795 1.84271 1.99055 2.59036 2.47014 2.84338 3.17539
5.60424 4.92381 6.46077 7.43818 9.49248 7.98497 11.0613 12.6841 12.6608 10.6128
14.5988 16.5384 14.1348 12.0434 16.0788 18.0513 13.8301 12.0683 15.5169 17.2676
12.138 10.9027 13.3754 14.6978 9.48976 8.75621 10.239 11.0496 6.39121 6.0867
6.6935 7.04607 3.94489 3.93707 3.95877 4.08652 6.7014 7.37347 6.23068 6.23026
33.5937 39.0056 29.8836 28.3316 74.953 85.0903 67.8342 64.8819 92.6014 102.95
85.3905 83.789 90.988 102.445 84.8357 86.0591 94.5206 110.556 89.1893 93.3699
105.871 123.494 102.243 109.001 105.048 112.59 109.873 121.466 97.6067 96.5776
109.427 124.706 228.494 257.648 157.687 71.3679 15.3841 2.64796 1.58245 2.46316
2.85157 4.31986 5.22057 6.29758 8.10124 9.48404 10.0854 9.68913 8.11464 5.82393
3.95321 8.15068 45.6537 96.0486 111.511 112.404 130.128 156.161 145.05 122.436
255.879 220.583 247.224 218.437 245.177 220.09 247.465 223.918 252.179 153.309
151.209 151.81 154.304 63.9404 64.0989 65.5246 68.0646 8.86481 9.91734 11.3451
13.1462 2.04757 1.61331 1.66974 2.08601 2.59799 2.18614 1.91677 1.62689 10.4377
11.6165 9.07272 4.55769 246.438 248.474 151.319 227.357 259.667 276.739 11.3148
50.7762 38.3862 43.9853 44.1765 38.6388 50.863 268.067 62.1712 13.4139 299.861
351.363 6.76247 36.7359 37.9226 121.365 270.404 10.8234 395.402 401.425 7.36973
32.5643 31.8329 77.7991 85.6875 11.8182 410.906 428.215 8.70193 34.7857 36.9225
76.7058 71.1355 16.4588 380.592 443.488 10.356 312.063 325.276 50.6577 46.7187
357.447 401.062 76.4643 66.2284 46.6837 276.84 381.198 87.1438 83.2431 423.087
16.0891 346.688 494.053 10.0012 11.4002 180.478 162.89 15.1204 172.91 167.724
14.57 382.552 9.5797 7.77582 4.1158 5.19537 5.81652 5.71562 5.67131 3.91881
4.08309 4.2252 4.18926 4.02127 19.6178 15.9627 12.8078 10.6035 9.14206 106.589
85.673 71.7023 61.6186 53.1983 152.626 132.368 121.414 113.958 105.916 87.0258
93.6499 102.889 110.969 114.435 69.3284 81.4294 95.3703 107.687 114.364 141.129
140.536 142.685 143.981 142.021 255.934 227.462 214.844 203.531 187.111 456.059
419.062 348.315 257.486 200.653 591.042 567.556 446.225 280.247 190.987 32.3056
167.417 132.582 19.9976 25.0156 196.151 47.8802 185.524 146.993 173.999 45.7373
129.405 158.019 43.3951 29.0437 191.676 211.817 212.569 34.677 37.658 33.0019
41.9509 207.474 321.674 57.0156 143.263 121.68 33.409 96.5112 151.047 115.684
161.225 128.454 31.682 69.8973 132.058 36.6914 86.6066 286.667 41.7874 34.6785
43.1517 343.819 59.393 33.614 40.4156 30.3144 37.945 659.594 104.255 30.6699
39.637 37.4948 33.0003 100.368 31.5069 73.4997 334.311 54.6301 523.181 91.6538
32.192 206.859 48.6696 229.29 
U 3 3615 float
0.0722319 -0.000739368 0.0246609 0.0444643 -0.00148591 0.0129703 0.0689968 0 0.0166252 0.0611663 0
0.0250621 0.0244501 -0.00140275 0.0142399 0.0193832 0 0.0103413 0.0285797 -0.00134681 -0.0117243
0.0287105 -1.4013e-45 -0.0133183 0.0464706 -0.00036207 -0.0125177 0.0457735 -1.26818e-42 -0.0126516 0.0537315
-0.00143572 -0.00660653 0.0535542 -3.51266e-40 -0.00665804 0.0608094 -0.00201371 -0.00394362 0.060571 -2.5584e-38
-0.00380999 0.0649795 -0.00290639 -0.0020583 0.0649282 1.26227e-36 -0.00193006 0.0694263 -0.00406541 -0.00111162
0.0696103 2.11548e-34 -0.00104647 0.0745776 -0.00576157 -0.000571325 0.0751358 5.59118e-33 -0.000526422 0.0812087
-0.00829195 -0.000235656 0.082318 -7.41605e-32 -0.000188172 0.0903818 -0.0121168 5.09371e-05 0.0923345 -3.10275e-30
0.000123824 0.103452 -0.0179432 0.000406903 0.106803 -2.53026e-30 0.000543195 0.122435 -0.0269806 0.00100301
0.128069 2.933e-28 0.00129405 0.149775 -0.0413172 0.00208176 0.159936 2.11432e-28 0.00279054 0.190453
-0.0639691 0.00403117 0.207367 -3.87007e-27 0.00558254 0.245231 -0.0929399 0.00309265 0.281905 -1.36967e-27
0.0074479 0.391655 -0.0799447 -0.00123741 0.335373 -0.13638 -0.00893119 0.267033 -0.113013 -0.00066584
0.389113 2.37448e-29 0.00264382 0.45964 -0.0766214 -0.013758 0.4632 3.63111e-29 -0.00688293 0.556275
8.00891e-31 -0.0233438 0.633171 1.25828e-31 -0.0395396 0.629267 -0.0257339 -0.0540888 0.554363 -0.054598
-0.0352024 0.696321 -4.01241e-32 -0.0523838 0.752 -5.01055e-32 -0.0628542 0.74146 0.0140252 -0.072298
0.687765 -0.00296086 -0.0658005 0.801842 -2.15107e-32 -0.0729375 0.842973 -5.25121e-33 -0.0843541 0.834979
0.04073 -0.089145 0.792006 0.0272278 -0.0784568 0.0850819 0.000570377 0.0245111 0.0495148 -9.27282e-05
0.0127798 0.0307993 -0.000959507 0.0186949 0.0288939 -0.00135323 -0.00978881 0.0476223 -0.0010898 -0.0123481
0.0541369 -0.00250308 -0.00658092 0.0611142 -0.0036017 -0.00414305 0.0647592 -0.00521015 -0.00224027 0.0685117
-0.00736844 -0.00122701 0.0725957 -0.0104663 -0.000656767 0.0776313 -0.0149855 -0.000319786 0.0843603 -0.0216592
-7.70443e-05 0.0935201 -0.0315601 0.000162664 0.106151 -0.0464772 0.000337579 0.123365 -0.0691438 0.00020284
0.145433 -0.103602 -0.000392582 0.215908 -0.113343 0.00178825 0.180325 -0.124947 0.00402747 0.156812
-0.126573 0.000337308 0.225834 -0.125349 -0.000432816 0.417581 -0.172927 -0.0305277 0.384706 -0.249842
-0.041291 0.240332 -0.264168 -0.0449806 0.208003 -0.177732 -0.0192319 0.227103 -0.158213 -0.00872864
0.509858 -0.0507626 -0.0656877 0.538437 -0.0145684 -0.0800168 0.470254 -0.0410292 -0.0930743 0.472946
-0.0897843 -0.0792836 0.674665 0.0334267 -0.0797522 0.609053 0.0213117 -0.080136 0.574296 0.0138924
-0.0854372 0.64684 0.024114 -0.0822656 0.792998 0.0492617 -0.0873063 0.753292 0.0378496 -0.0945669
0.713366 0.0322139 -0.0828466 0.764188 0.0432695 -0.0799781 0.0880411 0.000738024 0.0247574 0.0503824
0.000445981 0.0130072 0.0330006 -0.000277616 0.0193583 0.0298347 -0.000951096 -0.00952456 0.0484632 -0.00159365
-0.0125182 0.054403 -0.00304252 -0.00672179 0.060954 -0.00453178 -0.00429786 0.0638239 -0.00662879 -0.00234392
0.0665515 -0.00946497 -0.00131437 0.0691275 -0.0134449 -0.000730184 0.0719245 -0.019087 -0.000401212 0.07527
-0.0271596 -0.000227301 0.0791043 -0.0386787 -0.000186866 0.0832953 -0.0554681 -0.000799523 0.0883264 -0.0793988
-0.0025165 0.124694 -0.117639 -0.00187993 0.0929414 -0.115682 -0.00290591 0.13478 -0.142674 -0.000215653
0.178152 -0.117188 0.0050342 0.10739 -0.0766453 0.0157178 0.134027 -0.0938672 0.0170682 0.149312
-0.12147 0.0102793 0.126038 -0.106858 -0.0206145 0.0920086 -0.0665778 -0.023326 0.115281 -0.0816328
-0.00545842 0.15067 -0.112371 -0.00495782 0.0884673 0.000589006 0.0248784 0.050615 0.000425642 0.0130955
0.0330344 0.000862035 0.0194428 0.0296663 7.96861e-05 -0.00966529 0.0481431 -0.00133249 -0.0127832 0.0537194
-0.00285828 -0.00689462 0.0598448 -0.00464095 -0.00442216 0.0619595 -0.00701424 -0.00241256 0.0636585 -0.0101479
-0.00136899 0.064741 -0.0144079 -0.000783576 0.065395 -0.0202114 -0.000488104 0.0657096 -0.0281247 -0.000422006
0.0650441 -0.038654 -0.000663436 0.0631199 -0.0529389 -0.00225041 0.0596974 -0.0705597 -0.00460038 0.0606111
-0.107044 -0.00271379 0.0470339 -0.0880423 -0.0010651 0.0777419 -0.148545 -0.000692459 0.051572 -0.140542
-0.000270888 0.0429377 -0.121034 0.00119336 0.0860693 0.000903881 0.0258621 0.050107 0.000657395 0.0132801
0.0301843 0.00188714 0.0199445 0.0275316 0.00102181 -0.00953005 0.0461632 -0.00084554 -0.0128589 0.0518966
-0.00234672 -0.00699782 0.0578078 -0.00420514 -0.00447567 0.0593734 -0.00658296 -0.00243528 0.0602491 -0.00965587
-0.00139456 0.0601263 -0.0137184 -0.000819644 0.0591318 -0.0190464 -0.000565284 0.0574008 -0.0259565 -0.000601602
0.0541061 -0.0344392 -0.00106893 0.0499624 -0.044866 -0.00343262 0.0452035 -0.0550725 -0.00524475 0.0367462
-0.0738805 0.0011719 0.0336658 -0.061855 0.00203505 0.0282134 -0.0927097 0.00492055 0.0226262 -0.0828057
0.00689725 0.0221971 -0.0753325 0.00761787 0.0840637 0.00100049 0.026756 0.0497374 0.000577138 0.013441
0.0276262 0.00168122 0.0204867 0.0254126 0.000911204 -0.00933386 0.0441547 -0.000568137 -0.0129027 0.0500242
-0.00183454 -0.00708079 0.0557244 -0.00346587 -0.00450965 0.0568167 -0.00556129 -0.00244434 0.0570102 -0.00827023
-0.0014108 0.0559426 -0.011802 -0.000852418 0.0537467 -0.0163145 -0.000635029 0.0507292 -0.0219402 -0.000740068
0.0459791 -0.0284703 -0.00136234 0.0414115 -0.0356749 -0.00440579 0.0380728 -0.041169 -0.00550458 0.0296984
-0.0520092 0.00394375 0.0290834 -0.0436598 0.00412627 0.0191761 -0.0618096 0.00961796 0.0171153 -0.056161
0.010839 0.0175861 -0.0518182 0.0109313 0.0843218 0.00151848 0.0265795 0.0498945 0.000744701 0.0134007
0.0275172 0.00158999 0.0204319 0.0248343 0.000885339 -0.00943055 0.0433208 -6.93319e-05 -0.0130465 0.0489733
-0.00103283 -0.00719587 0.0542842 -0.00229647 -0.00456456 0.0548685 -0.00395385 -0.00246682 0.0544371 -0.00612247
-0.00142514 0.0526027 -0.00894011 -0.000873535 0.0495251 -0.0124932 -0.000681168 0.0456454 -0.0168034 -0.000838573
0.0401497 -0.0217208 -0.00174701 0.035977 -0.0263794 -0.00527201 0.0345427 -0.0289461 -0.00551082 0.0271059
-0.0363247 0.00569997 0.0271593 -0.029967 0.00549102 0.0164928 -0.043176 0.0119283 0.015301 -0.0392205
0.012753 0.0159007 -0.0361255 0.0126148 0.0852869 0.00230849 0.0263193 0.0501721 0.00109952 0.0133629
0.0283204 0.00218558 0.0203612 0.0250009 0.00159623 -0.00954951 0.0432185 0.000965029 -0.0132156 0.0485568
0.000287599 -0.00731185 0.0534642 -0.000589369 -0.00462639 0.0535856 -0.00176608 -0.00249778 0.0526244 -0.00333057
-0.00143725 0.0501814 -0.00536814 -0.000875056 0.0464528 -0.0079276 -0.00068798 0.0419326 -0.0109809 -0.000898259
0.0361208 -0.0145001 -0.00221192 0.0325966 -0.0173352 -0.00588409 0.0326173 -0.0183436 -0.00521794 0.025771
-0.0241604 0.00676807 0.0261135 -0.018811 0.00632878 0.0153122 -0.0296237 0.0131023 0.0144027 -0.0264704
0.013693 0.015028 -0.0239918 0.0134494 0.0858059 0.00300862 0.0262445 0.0503159 0.00138754 0.0133738
0.0287921 0.00302932 0.0203632 0.0251533 0.00268274 -0.00959359 0.0432236 0.00233883 -0.0133026 0.048352
0.00198997 -0.00737059 0.0529835 0.00153222 -0.00465857 0.0527801 0.000882128 -0.00251395 0.0514434 -2.37054e-05
-0.00144426 0.0485753 -0.00124938 -0.000874268 0.0444176 -0.00283932 -0.000688006 0.0394731 -0.00476503 -0.000950733
0.0335759 -0.00707799 -0.00258325 0.0306175 -0.00875296 -0.00626885 0.0314824 -0.00908649 -0.00491867 0.0249646
-0.0138575 0.00739405 0.0253048 -0.00919426 0.00684508 0.0146703 -0.0185497 0.0136761 0.0139278 -0.0157977
0.0141645 0.0145701 -0.0136995 0.0138843 0.0860333 0.00367593 0.0262085 0.0503923 0.00165119 0.013386
0.0289957 0.00396718 0.0203674 0.0252343 0.00391729 -0.00962256 0.0432459 0.00386877 -0.013354 0.0482697
0.00388613 -0.00739869 0.0527502 0.00388845 -0.00467296 0.0523577 0.00380789 -0.00252068 0.0507949 0.00360236
-0.0014466 0.0476639 0.00321939 -0.000873391 0.0432343 0.00260895 -0.000692497 0.0379798 0.00177162 -0.00100577
0.0319944 0.000600106 -0.0028798 0.0293303 -0.000230273 -0.00658147 0.0306287 -0.000294647 -0.00476388 0.024091
-0.00490668 0.00773874 0.0244788 -0.000398424 0.00705862 0.0141488 -0.0088744 0.0139658 0.0133631 -0.00637238
0.0144258 0.0139159 -0.00465735 0.0141199 0.0861418 0.00437329 0.026196 0.0504424 0.00192835 0.0133989
0.0290977 0.00495205 0.0203843 0.0253113 0.00521275 -0.00963322 0.0433356 0.00546772 -0.0133789 0.0483437
0.0058677 -0.00740522 0.0527856 0.00635479 -0.00467669 0.0523335 0.00686825 -0.00252666 0.0506817 0.00738703
-0.00145217 0.0474165 0.00788124 -0.000877172 0.0428022 0.00829899 -0.000698221 0.0372617 0.00858838 -0.00103641
0.0310387 0.00855846 -0.00307153 0.0283 0.00834199 -0.00683998 0.0297841 0.00813026 -0.00477294 0.0234563
0.0039817 0.00789352 0.024113 0.00775658 0.00715651 0.0133689 -0.000368733 0.0139832 0.0125779 0.00212968
0.014444 0.0134418 0.00368192 0.0141999 0.0862728 0.00506563 0.026192 0.0504976 0.00220567 0.0134109
0.0292445 0.00591159 0.0204228 0.0254774 0.0064772 -0.0096292 0.0435875 0.0070346 -0.0133921 0.0486571
0.00781553 -0.00739473 0.0531695 0.00880068 -0.00466726 0.0527899 0.00993456 -0.0025256 0.0511958 0.0112199
-0.0014583 0.0479514 0.0126521 -0.000890124 0.043286 0.0141789 -0.000716124 0.0375429 0.0156871 -0.00106398
0.0309204 0.0168907 -0.0032097 0.0275114 0.0171208 -0.00715558 0.0281782 0.0161415 -0.00524289 0.0231307
0.0116582 0.00782691 0.0227325 0.0152314 0.00686773 0.0134589 0.007475 0.0140578 0.0127953 0.00971336
0.0143839 0.0134446 0.0114413 0.0140819 0.0864784 0.00572276 0.0261948 0.0505666 0.00247106 0.0134204
0.0294935 0.00680538 0.0204894 0.0257792 0.00765411 -0.00961119 0.0440556 0.00849364 -0.0134 0.0492621
0.00963283 -0.00736962 0.0539582 0.0111021 -0.00464377 0.0537941 0.0128524 -0.00251038 0.0524315 0.0149221
-0.00144873 0.0494147 0.0173567 -0.000887386 0.0449071 0.0201477 -0.000718939 0.039142 0.0231997 -0.0010446
0.0319396 0.0262671 -0.00314945 0.0271061 0.0279214 -0.00747046 0.02507 0.0266816 -0.00642397 0.0205532
0.0185902 0.00726162 0.0187825 0.0226627 0.00598941 0.012803 0.0151441 0.0139671 0.0115237 0.0168999
0.0142893 0.0116491 0.0181681 0.0138607 0.0867572 0.00628652 0.0262036 0.0506467 0.00269826 0.013428
0.0298454 0.00757367 0.020583 0.0262214 0.00867293 -0.00957691 0.0447491 0.00975778 -0.0134038 0.0501725
0.0112115 -0.00733591 0.0551722 0.0131207 -0.00461402 0.0553807 0.0154475 -0.00248715 0.0544567 0.0182746
-0.0014246 0.0519514 0.0217193 -0.000858314 0.0479848 0.025863 -0.000669374 0.042745 0.0307253 -0.000879056
0.0355592 0.0361733 -0.00264233 0.0302732 0.0408799 -0.00695758 0.0268996 0.043277 -0.00606542 0.0152246
0.0258262 0.00665801 0.012452 0.0308667 0.00666588 0.0217113 0.0417968 -0.00129167 0.0100178 0.0208002
0.0135719 0.00808554 0.0216626 0.0139207 0.00762006 0.021973 0.0137008 0.0870887 0.00670942 0.0262194
0.0507344 0.00286505 0.0134347 0.0302732 0.00816192 0.0206986 0.0267807 0.00946366 -0.00953133 0.0456418
0.0107414 -0.0134078 0.0513603 0.0124455 -0.00730118 0.0567802 0.0147161 -0.00458881 0.0575188 0.0175285
-0.0024718 0.0572514 0.0210081 -0.0014043 0.0555769 0.0253455 -0.000818827 0.0526304 0.0307188 -0.00057358
0.0485913 0.0372915 -0.000607839 0.0426667 0.0450416 -0.00189803 0.0383135 0.0533988 -0.00546958 0.0285548
0.0517311 -0.00399988 0.0336391 0.0598303 -0.00330875 0.0231257 0.0500727 0.000822753 0.00458684 0.0216491
0.0143467 0.00219185 0.0191524 0.0152378 -0.000952739 0.015219 0.0144605 -0.00939474 0.029179 0.0138491
0.00246413 0.0413795 0.0104812 0.0874537 0.00695971 0.0262357 0.050829 0.00295902 0.0134385 0.0307456
0.00852692 0.0208263 0.0274212 0.00996519 -0.00948314 0.0466856 0.0113668 -0.0134129 0.0527691 0.0132383
-0.00726372 0.0587082 0.0157601 -0.00456388 0.0601071 0.0189184 -0.00245942 0.060674 0.0228676 -0.00138805
0.0600874 0.0278507 -0.000785362 0.0585422 0.0341165 -0.00048433 0.0562342 0.041942 -0.000374577 0.0525789
0.0514637 -0.00113546 0.0500911 0.0627149 -0.00376522 0.0398115 0.0681299 -0.00267622 0.0488708 0.0744501
-0.00282713 0.0272593 0.0618194 0.00312349 0.0293129 0.0667616 0.00379149 0.0332079 0.0718542 0.00287269
0 0 0 0 0 0 0.0147761 0.0608522 0.0123304 0.0103398
0.055043 0.0135087 0.0878076 0.00703316 0.0262528 0.0509203 0.00298465 0.0134398 0.0312113 0.00864405
0.020957 0.0280981 0.0101301 -0.00943781 0.047825 0.0115703 -0.0134189 0.0543298 0.0135121 -0.00722238
0.0608565 0.016154 -0.00453537 0.0629979 0.019487 -0.00244387 0.0645042 0.0236737 -0.00137306 0.0651533
0.0289806 -0.000765515 0.0652254 0.035694 -0.000435589 0.06499 0.0441641 -0.00024498 0.0641145 0.0546965
-0.000496799 0.0639738 0.0678122 -0.00205376 0.0577678 0.0797174 -0.00271867 0.0644615 0.0818959 -0.0027565
0.0428171 0.0807471 0.00159045 0.055559 0.085494 5.97582e-05 0 0 0 0.0473645
0.0723586 0.00616089 0.049631 0.0936779 0.00602428 0.034797 0.0911041 0.007298 0.0881188 0.00692978
0.0262763 0.0509967 0.00294616 0.0134416 0.0316448 0.00848015 0.0210856 0.0287978 0.00990869 -0.00940048
0.0490343 0.0113044 -0.0134315 0.0559944 0.0132196 -0.00718321 0.0631333 0.0158487 -0.00450942 0.066037
0.0191769 -0.00243149 0.0685012 0.0233516 -0.00136419 0.0704131 0.0286316 -0.00075971 0.0721548 0.0353014
-0.000417855 0.0741253 0.0437272 -0.00019041 0.0763896 0.0543043 -0.000122308 0.0796514 0.0678501 -0.000577433
0.0843707 0.0839719 -0.00105683 0.0670784 0.0975218 -0.000625728 0.0894999 0.104023 -0.00091492 0.0619729
0.0876602 -0.000902228 0.05852 0.0854978 0.00118387 0.0390413 0.06252 0.00124435 0.041145 0.0780678
0.000379803 0.0487977 0.0966839 -0.000360986 0.088503 0.00666779 0.026295 0.0510812 0.00285848 0.0134467
0.0321652 0.00801471 0.0212163 0.0295929 0.00925893 -0.00937086 0.0503701 0.0105454 -0.0134643 0.05777
0.0123576 -0.00715953 0.0654803 0.0148569 -0.00449673 0.0690879 0.0180149 -0.00243108 0.0724248 0.0219401
-0.00136708 0.0754839 0.0268518 -0.000770181 0.0787393 0.0329806 -0.00042861 0.0827274 0.0406108 -0.0001971
0.0878789 0.0500281 -2.98201e-06 0.0950145 0.0617505 0.000135223 0.104855 0.0758226 0.000189924 0.110988
0.102247 -0.000584418 0.119812 0.0909229 -0.000173882 0.0771166 0.123416 -0.000870535 0.119186 0.115552
-0.000429035 0 0 0 0 0 0 0.0954157 0.0687917 0.00890913
0.121932 0.0911006 0.00367109 0 0 0 0 0 0 0.00361379
-0.00250494 0.00617588 0.0117085 0.00162405 0.0123867 0 0 0 0 0
0 0.0147981 -0.00127326 -0.0270544 0.00731351 -0.00150714 -0.0229464 0 0 0
0 0 0 0.0468477 0.00406464 -0.0381552 0.0395297 0.00285191 -0.0360034 0
0 0 0 0 0 0.0684229 0.00775394 -0.0439864 0.064044 0.00717202
-0.0429966 0.0893346 0.00612812 0.0262127 0.0512606 0.00265468 0.0134322 0.0331354 0.0072045 0.0213216
0.030654 0.00819134 -0.00936319 0.0519477 0.00935676 -0.013538 0.05969 0.0110281 -0.00717485 0.0678408
0.0132969 -0.00451443 0.0720077 0.0161412 -0.00245297 0.0760329 0.0196159 -0.00138101 0.0799887 0.0238844
-0.000785569 0.0843842 0.0290955 -0.000449397 0.0897917 0.0353972 -0.000234011 0.0967318 0.0428622 -4.08299e-05
0.105961 0.051529 0.000231773 0.117905 0.0609442 0.000595991 0.135299 0.0683231 0.000976736 0.154858
0.0605005 0.00224128 0.129668 0.100435 -0.000146081 0.143796 0.0881595 0.00129138 0.163231 0.0403125
0.00449685 0.145888 0.0649395 0.00285249 0.135686 0.0459726 0.00301358 0.157973 0.0248529 0.00640414
0.116378 0.0313295 0.00337943 0.103616 0.0200236 0.00577321 0.14727 0.0150997 0.00816278 0.085539
0.0113301 0.00712034 0.0821841 0.00844257 0.00660956 0.0728075 0.00668045 0.00392627 0.0764365 0.00822007
0.00249492 0.136763 0.00891978 0.00986996 0.0911066 0.00531668 0.0259074 0.0516643 0.00242015 0.0133667
0.0350883 0.00630763 0.0213546 0.0321846 0.0069192 -0.00943099 0.0538083 0.00780893 -0.0137268 0.0616463
0.00939366 -0.00727787 0.0700049 0.0113459 -0.00458559 0.0745353 0.013756 -0.00250406 0.0790297 0.0166284
-0.00140386 0.0836078 0.0200778 -0.000797804 0.0887559 0.0241852 -0.000462346 0.0950018 0.0289913 -0.000261224
0.102807 0.0344249 -0.000103526 0.112719 0.0402643 0.000114129 0.125097 0.0457982 0.000459327 0.140916
0.0493939 0.000960609 0.157416 0.0445517 0.00188021 0.16732 0.031711 0.00303492 0.16922 0.0194796
0.00387996 0.167387 0.0110443 0.00439415 0.164529 0.0060753 0.00480698 0.093175 0.00377644 0.0245438
0.0520713 0.00183922 0.0129165 0.0379158 0.00552863 0.0202692 0.0341655 0.00602481 -0.0102618 0.0554472
0.0064817 -0.0142673 0.0631284 0.00789458 -0.00758665 0.0714059 0.0093335 -0.00472553 0.0761486 0.0111195
-0.00257375 0.0809624 0.0132371 -0.00142722 0.0859744 0.0157527 -0.000807818 0.091611 0.018701 -0.000474553
0.0983172 0.0220625 -0.000288111 0.106442 0.0257094 -0.000170344 0.116294 0.0293544 -4.92406e-05 0.128008
0.0323417 0.000136689 0.14168 0.0335283 0.000433767 0.155472 0.0301095 0.00085925 0.165611 0.022454
0.00126249 0.170874 0.0147447 0.00147811 0.17287 0.00885339 0.00154484 0.173241 0.00480877 0.00157489
0.0925715 0.00218328 0.0229219 0.0519386 0.00260904 0.0122698 0.0379107 0.00570336 0.0188964 0.0337382
0.00686293 -0.0109434 0.054456 0.00601385 -0.0144029 0.062289 0.00684449 -0.00763634 0.0707709 0.00738923
-0.00468732 0.0759435 0.00829317 -0.00252871 0.0812062 0.00951259 -0.00139053 0.0866747 0.0110304 -0.000792209
0.0927354 0.0128376 -0.00048256 0.0997652 0.0148854 -0.000322438 0.108017 0.0170491 -0.000243902 0.117641
0.0190924 -0.000200119 0.1286 0.0205779 -0.000144967 0.140634 0.0208535 -3.52503e-05 0.152515 0.0187957
0.000125004 0.162162 0.0145866 0.000266177 0.168587 0.0100136 0.000331355 0.172329 0.00622335 0.000332732
0.174318 0.00350839 0.000310782 0.0773491 0.00267531 0.0278348 0.0474303 0.00425943 0.013426 0.0260275
0.00645212 0.0216163 0.0270815 0.00737136 -0.00763983 0.0482405 0.00486712 -0.0127955 0.058087 0.004835
-0.00725758 0.0677452 0.00459646 -0.00441933 0.0738746 0.00475029 -0.00234593 0.0798679 0.00518891 -0.00127442
0.0858944 0.00583255 -0.000725117 0.0923852 0.00664797 -0.000454392 0.0997059 0.00758959 -0.00032807 0.108067
0.00857805 -0.000287519 0.117541 0.00948108 -0.000299762 0.128012 0.0100821 -0.000331116 0.139102 0.0100874
-0.000346427 0.149906 0.00909292 -0.000336378 0.159133 0.0071775 -0.000321723 0.166006 0.00503547 -0.000320585
0.170624 0.00320378 -0.000329133 0.173521 0.00186058 -0.000335928 0.0636197 0 0.0332233 0.0718768
0 0.0187939 0.0156844 0 0.0246283 0.0219256 0 -0.0044234 0.0436586 0
-0.0114538 0.05525 0 -0.00705564 0.0657661 0 -0.00427703 0.0725044 0 -0.00224426
0.0789178 0 -0.00120399 0.0852327 0 -0.000676764 0.0919286 0 -0.000424673 0.0993825
0 -0.000315147 0.1078 0 -0.000292782 0.117232 0 -0.000328295 0.127547 0
-0.000393003 0.138348 0 -0.000456631 0.148831 0 -0.000499835 0.157928 0 -0.000524742
0.16493 0 -0.000539665 0.169816 0 -0.000542908 0.172994 0 -0.000532422 0.435686
-0.195031 -0.0565789 0.461505 -0.13243 -0.0477371 0.182985 -0.144656 -0.00717239 0.164452 -0.152832
-0.0193303 0 0 0 0.0597331 -0.168651 0.000456545 0.139869 -0.118768 0.0152815
0 0 0 0 0 0 0.000818156 0.0127723 0.0151437 0.00202247
0.017069 0.015457 0.000824586 0.0474937 0.0137031 0 0 0 0 0
0 0 0 0 -0.0170131 4.15189e-05 -0.000652818 0.0533618 0.0883298 0.00430643
0.0513454 0.0692806 0.00504187 0.0300916 0.0341569 0.00173352 0.031923 0.0443841 0.00125204 0.0245319
0.0432527 4.64639e-05 0.0190884 0.020059 -0.000475607 0 0 0 0 0
0 0 0 0 0.0267757 0.0652223 -0.000866229 0.055982 0.115843 -0.000971306
0.0606902 0.134756 -0.00193766 0.0413822 0.11912 -0.00234757 0 0 0 0.577949
0.00112749 -0.0840584 0.611296 0.0172645 -0.0853315 0.706151 0.0359711 -0.0774036 0.733346 0.0407976
-0.0765409 0.822243 0.0599533 -0.100886 0.537653 0.00267277 -0.0916136 0.677499 0.0289226 -0.0774546
0 0 0 0 0 0 0.0641553 -0.0491855 -0.0120311 0.0776007
-0.0582194 0.00614337 0.0998559 -0.0895703 0.0229333 0 0 0 0 0
0 0 0 0 0.00490857 -0.0268602 -0.021777 -0.0179621 -0.0148787 -0.0435274
-0.0336736 0.00339214 -0.0670771 0 0 0 0 0 0 0.0369445
-0.151775 0.000980723 0.0333681 -0.105775 0.00328982 0.0165709 -0.0912159 0.00714619 0.0208374 -0.10545
0.00510783 0 0 0 0 0 0 0 0 0
0.0139028 -0.0809661 0.00883666 0.020057 -0.0682773 0.00893929 0.0110973 -0.059237 0.0120837 0.0121934
-0.0655299 0.0110977 0 0 0 0 0 0 0 0
0 0.0104266 -0.0540705 0.0128423 0.0164804 -0.0474678 0.0117154 0.00953036 -0.041139 0.0142455
0.00998753 -0.0451569 0.0137667 0 0 0 0 0 0 0
0 0 0.00929802 -0.0376124 0.0146155 0.0150517 -0.0329674 0.0131341 0.00882172 -0.0281185
0.0152124 0.00909128 -0.0311803 0.0149872 0 0 0 0 0 0
0 0 0 0.00873888 -0.0253288 0.0153961 0.0142914 -0.0214421 0.0138193 0.00843932
-0.0175002 0.0156336 0.00861443 -0.0200919 0.0155156 0 0 0 0 0
0 0 0 0 0.00847835 -0.0150816 0.0157567 0.0138724 -0.0115334 0.0141632
0.00807563 -0.00810792 0.0158054 0.00836858 -0.01043 0.0157486 0 0 0 0
0 0 0 0 0 0.00811493 -0.00603916 0.0159282 0.0131557 -0.0029436
0.014283 0.00736533 -0.000117817 0.015764 0.00789664 -0.00207588 0.0158113 0 0 0
0 0 0 0 0 0 0.00739353 0.00153571 0.0159145 0.0130699
0.00528121 0.0144022 0.0077473 0.00701073 0.0158631 0.00801594 0.00507009 0.015918 0 0
0 0 0 0 0 0 0 0.00769253 0.0089154 0.0159092
0.0129301 0.0131863 0.0142878 0.00752086 0.0146335 0.0158838 0.00797512 0.0126997 0.0158927 0
0 0 0 0 0 0 0 0 0.00699045 0.0161565
0.0159205 0.0107856 0.0193996 0.0139564 0.00572809 0.0194807 0.0156251 0.00655188 0.018516 0.0157237
0 0 0 0 0 0 0 0 0 0.00468279
0.0197053 0.0156007 0.00649382 0.0218342 0.0140978 0 0 0 0.00355025 0.0184125
0.0155255 0.0235997 0.0625203 0.0067981 0.0251415 0.0669686 0.00706279 0.0365243 0.0772716 0.00253874
0.0367324 0.0838821 0.00469314 0.0316406 0.0796001 0.00552721 0.0226384 0.0813322 0.00929369 0
0 0 0 0 0 0.00817035 0.027648 0.00237653 0.128961 0.0903622
0.00238884 0 0 0 0.0255353 0.0139643 0.012547 0.119606 0.0661549 0.00533736
0.104875 0.0515659 0.0064509 0.086588 0.0366507 0.00971758 0.0698733 0.0255881 0.014845 0
0 0 0.00195327 -0.00268633 -0.0158374 0.0463993 0.0122319 0.013578 0.0371423 0.00519397
0.00509468 0.0243184 -0.0012445 -0.00188308 0.0275856 -0.00118315 -0.00523889 0 0 0
0.031643 0.00149897 -0.0335057 0.0254141 -0.00352348 -0.00800088 0.0329424 -0.00157732 -0.00895486 0.0350363
-0.000370658 -0.0124063 0.0423117 0.0018757 -0.0132817 0 0 0 0.0591517 0.00638453
-0.0417006 0.0463085 0.00370435 -0.0169412 0.0524179 0.00576602 -0.0175628 0.0566594 0.00792561 -0.0211834
0.0610068 0.00917224 -0.0212532 0.0650567 0.01051 -0.0241296 0.0685388 0.0112121 -0.0233202 0.0736663
0.00893984 0.000158728 0 0 0 0 0 0 0.12849 -0.193843
-0.0485973 0.088583 -0.098273 -0.0546911 0 0 0 0 0 0
0 0 0 0.00429055 0.00847302 0.0135991 0 0 0 0
0 0 0 0 0 0 0 0 0.00764838 0.00567434
-0.00140487 0 0 0 0.032357 0.0900587 -0.00173464 0 0 0
0.499376 -0.0146582 -0.0957724 0 0 0 0.643216 0.0258551 -0.0770012 0
0 0 0 0 0 0 0 0 0.0572302 -0.0346909
-0.0610271 0.0412931 -0.0271524 -0.037833 0.0159225 0.0144516 -0.0747517 0 0 0
0.0180363 0.0694421 0.0112752 0 0 0 0.049743 0.0403286 0.0130439 0
0 0 0.000231487 -0.0033787 -0.00558664 0 0 0 0.0234484 7.0969e-07
-0.0305616 0 0 0 0.0534823 0.00526121 -0.0400221 0 0 0
0.072391 0.00822914 -0.0445745 0 0 0 0 0 0 0.0373248
-0.0524654 0.00873844 0 0 0 0 0 0 0 0
0 -0.0302885 0.0272279 -0.0929815 0 0 0 0 0 0
0 0 0 0 0 0 0.0276278 -0.124367 0.00300965 0
0 0 0.0130875 -0.0729062 0.0100436 0 0 0 0.0102913 -0.0495352
0.0133219 0 0 0 0.00927424 -0.0343733 0.01481 0 0 0
0.00875976 -0.0227034 0.0154645 0 0 0 0.00855781 -0.0127528 0.0157787 0
0 0 0.00823871 -0.00403226 0.0159415 0 0 0 0.00790376 0.00311705
0.0159951 0 0 0 0.0078978 0.010696 0.0159416 0 0 0
0.00678026 0.0173149 0.0158725 0 0 0 0.00404376 0.0191806 0.0155809 0.0278955
0.0731163 0.0065706 0.079217 0.0090354 -0.0450432 0 0 0 0 0
0 0.0822865 0.00930765 -0.0454472 0.856876 0.103451 -0.14848 0.85198 0.111205 -0.183899
0.840323 0.0838999 -0.150795 0.845514 0.0843319 -0.122053 0 0 0 0
0 0 0.688568 -0.315139 -0.371199 0.192432 -0.758155 -0.204777 0.872651 -1.04398e-32
-0.0998202 0.863771 0.0553466 -0.101509 0 0 0 -0.229314 -0.552504 -0.0080661
-0.316035 -0.11748 0.0678884 0 0 0 0 0 0 0
0 0 0.822744 0.150008 -0.279902 0 0 0 0.0787972 0.0136036
-0.0264316 0.0751717 0.0128462 -0.0241631 0.801709 0.0503506 -0.114853 0 0 0
0 0 0 -0.272071 -0.234309 0.0397777 0.0797779 0.0104407 0.000268752 0.128757
0.0059395 0.0106759 0.161195 0.0030849 0.00530107 0.172855 0.00224784 0.00162729 0.175254 0.00174675
0.000290107 0.175271 0.000984142 -0.00034182 0.174983 0 -0.000515371 0 0 0
0.0759684 0.0086509 -0.0448653 0.0724256 0.0122369 -0.0252787 0.846293 -0.143856 -0.00346159 0.921774
-0.0124204 -0.0114097 1.10903 1.93498e-28 -0.0218645 0.968612 3.66418e-28 0.0300604 0.802583 -0.190756
0.00841713 0.890674 2.97407e-28 0.0678243 0.780072 -0.154323 0.0075126 0.832548 9.05461e-29 0.0663042
0.78986 -0.134878 0.00567201 0.829058 5.61842e-30 0.0701209 0.821284 -1.50971e-29 0.0635395 0.794451
-0.103296 0.00184283 0.622765 0.0105814 0.0200656 0.610034 0.00517219 0.0270135 0.60984 0.0140991
0.0327235 0.63048 0.0191686 -0.0012455 0.61708 0.0193566 0.008887 0.659457 0.047074 -0.0175685
0.636015 0.0374708 -0.0139213 0.702317 0.106422 -0.0269462 0.675367 0.0866952 -0.0259724 0.742688
0.161613 -0.0278276 0.718588 0.154306 -0.031788 0.490907 -0.0674945 0.0158689 0.475383 -0.0712166
0.0134917 0.461622 -0.0714254 0.0133874 0.511261 -0.0544621 0.000704568 0.5032 -0.0589787 0.00708198
0.503209 -0.0612855 0.0121413 0.546194 -0.042403 -0.0287985 0.531454 -0.0471769 -0.0226139 0.525195
-0.0485208 -0.0148323 0.603932 -0.0106661 -0.0386972 0.584282 -0.0267772 -0.0390033 0.572071 -0.0327607
-0.0370285 0.64712 0.0601561 -0.0403556 0.633847 0.0571848 -0.0401767 0.629496 0.0451828 -0.0396344
0 0 0 0 0 0 0.111981 0.0125329 -0.0479121 0.111552
0.0124238 -0.0478175 0 0 0 0 0 0 0.113159 0.0128136
-0.0483087 0.112922 0.0127604 -0.0481957 0 0 0 0 0 0
0.114166 0.0127751 -0.0488839 0.113837 0.0128355 -0.0487047 0 0 0 0
0 0 0.117157 0.0119998 -0.0500096 0.115969 0.0123394 -0.0496427 0.110829 0.0101655
0.0105671 0.112686 0.00838564 0.0106921 0.101169 0.0221206 -0.00395792 0.103466 0.0237889 -0.00552596
0.104211 0.0240579 -0.0042374 0.108721 0.0119206 0.0104004 0.106201 0.0254357 -0.00575213 0.106298
0.0254354 -0.00446432 0.105854 0.0128661 0.0103234 0.108058 0.0263688 -0.00597682 0.107824 0.0256942
-0.00466942 0.100874 0.0110972 0.0108126 0.10987 0.0257165 -0.00617732 0.10985 0.0232878 -0.00463803
0.113474 0.0211621 -0.00592669 0.115431 0.0132719 -0.00271865 0.0934048 0.00013156 0.0146074 0.142643
0.0031315 0.00767131 0.146465 0.00156256 0.00732065 0.138069 0.00535426 0.00796789 0.131981 0.00798153
0.00833031 0.121869 0.0101368 0.0089422 0.106316 0.00917645 0.0128821 0.166632 0.00434986 0.00249284
0.168391 0.00211303 0.0021804 0.163988 0.00797383 0.00288342 0.159475 0.0136712 0.00341825 0.150535
0.0223759 0.00410728 0.132959 0.03665 0.006987 0.176357 0.00469433 0.000166095 0.175866 0.00215522
0.000163911 0.177087 0.00925893 0.000243248 0.177742 0.0174069 0.00045105 0.177579 0.031885 0.000772476
0.173465 0.0594603 0.00155872 0.181686 0.00353672 -0.000561866 0.179323 0.00173422 -0.000500864 0.185905
0.0069457 -0.000607179 0.1932 0.0135517 -0.000646193 0.206831 0.026328 -0.000696417 0.228561 0.0536453
-0.00101321 0.183485 0 -0.000726063 0.180267 0 -0.000631647 0.189382 0 -0.000827823
0.199957 0 -0.000978814 0.221235 0 -0.00110998 0.256056 0 -0.00178386 0.951338
0.111213 -0.0656276 0.911157 0.179993 -0.157347 0.967328 -2.07633e-28 -0.150553 1.10572 -1.73823e-28
-0.0992266 0.60457 0.105932 0.0854336 0.594781 0.184084 0.113517 0.641 0.324542 0.0850878
0.585104 0.0377895 0.0485423 0.282338 -0.080883 0.157457 0.265679 -0.0590422 0.15897 0.283486
-0.00228873 0.119729 0.431435 -0.0769629 0.00842875 0.404778 -0.0788375 0.0159901 0.11483 0.00686042
0.01077 0.0971061 0.0197597 -0.00354768 0.0996062 0.0216768 -0.00520637 0.150029 0.000697274 0.00690397
0.169769 0.000874347 0.00194879 0.175647 0.000866891 0.000198309 0.177977 0.000813586 -0.000442109 0.178433
0 -0.00056157 0.438036 -0.0461315 0.0294096 0.457933 -0.0444493 0.033505 0 0
0 0 0 0 0.494694 -0.06618 0.0142392 0 0 0
0 0 0 0.479978 -0.0425319 0.0342119 0.48616 -0.0416323 0.0306434 0.513381
-0.0526082 -0.00682582 0.491139 -0.0410445 0.0246591 0 0 0 0 0
0 0 0 0 0.502508 -0.0412363 0.0083323 0.510336 -0.0418293 -0.000969813
0.555162 -0.0400842 -0.0339591 0.519662 -0.042272 -0.00997583 0 0 0 0
0 0 0 0 0 0.54176 -0.0414009 -0.0239584 0.554661 -0.0399309
-0.0281345 0.616858 0.0171173 -0.0390857 0.569295 -0.0370976 -0.0301742 0 0 0
0 0 0 0 0 0 0.600972 -0.0159025 -0.031656 0.611434
0.000135816 -0.032296 0.615616 0.00674818 -0.0330292 0 0 0 0 0
0 0 0 0 0.109832 0.0120759 -0.0475747 0.109101 0.01193 -0.0474946
0.108529 0.0188768 -0.0291346 0.109818 0.0187194 -0.0306572 0.110271 0.0194014 -0.0292964 0
0 0 0.111047 0.0123106 -0.0477351 0.111358 0.0191519 -0.0307998 0.111685 0.0198429
-0.0294328 0 0 0 0.112653 0.0126954 -0.048098 0.112579 0.0195655 -0.030958
0.112779 0.0202407 -0.0295878 0.11351 0.0198834 -0.031108 0.113635 0.020526 -0.0297386 0
0 0 0.11359 0.0128618 -0.048556 0.114254 0.0201142 -0.0312871 0.114345 0.0207147
-0.0299253 0.1149 0.020233 -0.0314857 0.115055 0.0207011 -0.0301325 0 0 0
0.115172 0.0125804 -0.0493442 0.115701 0.0200835 -0.031735 0.116074 0.0204449 -0.0304076 0.116912
0.019771 -0.032061 0.11772 0.0197356 -0.0307338 0.119184 0.0186962 -0.03244 0.120826 0.0183851
-0.0311375 0.338508 -0.083248 0.0597615 0.301974 -0.084941 0.108524 0 0 0
0 0 0 0.253132 -0.0533719 0.0731886 0.291953 -0.0576901 0.0358581 0
0 0 0.409561 -0.0496332 0.0236271 0.365158 -0.0838631 0.0234025 0 0
0 0.332597 -0.0573325 0.0214071 0 0 0 0.108274 0.0117829 -0.0474343
0.106383 0.0183213 -0.0289983 0.107912 0.0181901 -0.0304916 0 0 0 0
0 0 0.106349 0.0114901 -0.0473422 0.105225 0.0113141 -0.0473031 0.103814 0.0176896
-0.0288424 0.105599 0.0176648 -0.030366 0.892656 0.165421 -0.172165 0.869664 0.144031 -0.195468
0.934807 2.21511e-29 -0.134671 0.768317 0.242502 -0.279304 0.466759 0.705467 0.0587877 0.750679
0.271641 -0.246512 0.620078 0.726667 0.196462 0.359693 0.404284 -0.164808 -0.168637 0.283682
0.069754 -0.268137 0.0416275 0.0130914 0.19321 0.208358 0.103995 0.0822789 0.343429 0.166891
-0.0261882 0.414351 0.216475 0 0 0 0 0 0 0.0933324
0.00997422 -0.0470673 0.0908884 0.009764 -0.0468477 0 0 0 0 0
0 0.102598 0.0109713 -0.0472821 0.101093 0.010787 -0.0472768 0.122398 0.00523187 0.0108345
0.0805624 0.0125121 -0.00230385 0.0859327 0.0137916 -0.00186651 0.117859 0.00573842 0.0108193 0.0880634
0.0160782 -0.00393976 0.0919942 0.0169898 -0.00291735 0.0944997 0.0191246 -0.00472382 0.157415 0.00131836
0.00587955 0.153632 0.000580616 0.00642492 0.172037 0.000863804 0.00170161 0.170976 0.000454274 0.00179747
0.175574 0.00075304 0.000269849 0.175613 0.000450048 0.000238564 0.176341 0.000520339 -0.000358771 0.17712
0.000451847 -0.000393653 0.176263 0 -0.000506489 0.177268 0 -0.000519969 -0.111966 0.375922
0.202904 -0.355844 0.0537635 0.0180323 0 0 0 0 0 0
0 0 0 -0.217023 0.198723 0.0349868 -0.169893 0.115654 0.0236518 0.242894
0.0331412 0.0593464 -0.0656682 0.0558421 0.0194469 0 0 0 0 0
0 0.0881967 0.00958086 -0.0465197 0.0814592 0.0139498 -0.0259242 0.085133 0.0143154 -0.0282921
0.0874982 0.0147526 -0.0274291 0.0994259 0.0105788 -0.0472513 0.0975764 0.0103719 -0.047227 0
0 0 0 0 0 0.090727 0.0150755 -0.0293655 0.0926464 0.0155639
-0.0281536 0.0954753 0.0157356 -0.0297985 0.0970377 0.0163115 -0.028488 0.103973 0.0111384 -0.0472874
0 0 0 0.0994638 0.0164444 -0.0300789 0.100712 0.0170379 -0.0287085 0.102809
0.0170405 -0.030209 0 0 0 0.112343 0.0126231 -0.0480025 0 0
0 0.113377 0.0128483 -0.0484249 0 0 0 0.114608 0.0126946 -0.0490907
0 0 0 0.118802 0.0116435 -0.0504534 0.471149 -0.0434627 0.0350662 0
0 0 0.496245 -0.0409585 0.0170434 0 0 0 0.530194 -0.042155
-0.0177415 0 0 0 0.585503 -0.030994 -0.0305809 0 0 0
0.619684 0.00861253 -0.0359639 0 0 0 0 0 0 0.110475
0.0122015 -0.047653 0 0 0 0.120897 0.0112179 -0.0509974 0.123102 0.017317
-0.0329426 0.179892 -0.0144816 0.127545 0.195669 -0.0328404 0.151227 0 0 0
0 0 0 0.217548 -0.04539 0.127939 0 0 0 0
0 0 0.373173 -0.0541402 0.0190896 0.107358 0.0116441 -0.0473838 0 0
0 0 0 0 0.0852983 0.00945052 -0.0460247 0 0 0
0.0955488 0.0101774 -0.0471755 -0.287803 0.183804 0.00361446 0 0 0 0.0423391
0.00879761 0.0440815 0 0 0 0.133586 -0.00770383 0.0786098 0 0
0 0.81413 -6.17074e-31 0.0364216 0.792548 -0.0503051 -0.0113819 0.766837 0.22176 -0.0331182
0.758294 0.207422 -0.0375817 0.691533 0.124448 -0.0311446 0.677404 0.086307 -0.0366772 0.670538
0.0706257 -0.03868 0.759174 0.248064 -0.0294069 0.701053 0.169842 -0.0405715 0.703626 0.200434
-0.0479379 0.711309 0.20634 -0.0347708 0 0 0 0 0 0
0.128108 0.00909559 -0.0522555 0.123814 0.0103299 -0.0516074 0 0 0 0
0 0 0.164756 -0.00300844 -0.0511182 0.150475 0.00236735 -0.0527946 0.123978 0.00477322
-0.00148139 0.128709 -0.0210953 0.0079715 0.0737254 -0.0350481 0.0222813 0.0661093 -0.012028 0.0160799
0.0961802 0.0416245 0.00678192 0.111891 0.0721462 0.00202252 0.153681 0.104735 -0.0020622 0.0693773
0.0437864 0.000791186 0.0847128 0.079404 -0.00521355 0.209833 0.129963 -0.00734314 0.272227 0.107077
-0.00895 0.127312 0.137297 -0.0115208 0.225939 0.17493 -0.016961 0.344364 0 -0.0072794
0.654343 0.0657905 -0.041202 0 0 0 0 0 0 0.626957
0.0119353 -0.0391907 0.635288 0.0150162 -0.0412985 0.700575 0.193919 -0.0250749 0.641952 0.022386
-0.0431199 0 0 0 0 0 0 0 0 0
0.632432 0.102473 -0.0368793 0.622354 0.13776 -0.0451829 0.620725 0.129676 -0.060863 0
0 0 0.126176 0.0156816 -0.0313865 0 0 0 0.140868 0.00625171
-0.0534064 0.130711 0.0133139 -0.0329925 0.136225 0.0107011 -0.0307569 0.142967 0.00808418 -0.0318185
0.151934 -0.000654694 -0.0263636 0.165651 -0.00935933 -0.0239471 0.182545 -0.018031 -0.0174294 0.14991
-0.0476052 0.0160095 0.317492 0.15997 -0.0192692 0 0 0 0.133908 0.00781437
-0.0528803 0 0 0 0.183666 -0.00701919 -0.0495752 0.64155 0.0493334 -0.0434464
0 0 0 0.783743 0.0629048 -0.0250083 0.786997 0.0400204 -0.0304002 0.815984
2.10554e-29 0.000618884 0.819385 5.72287e-30 -0.00704532 0.771805 0.0624017 -0.0064522 0.815393 -6.64759e-30
-0.00248826 0.796831 -9.97045e-30 0.0131298 0.74557 0.038121 0.0137492 0.721963 0.278826 0.00561444
0.729723 0.323709 -0.00217275 0.741742 0.303262 -0.00623255 0.687448 0.189243 0.0332174 0.702731
0.23078 0.0181693 0.625821 0.102447 0.0551808 0.655877 0.151116 0.0506943 0.686758 0.221582
0.0226325 0.688588 0.213269 0.00720355 0.69197 0.191692 0.000523847 0.642694 0.0941074 0.0386088
0.657175 0.117536 0.038691 0.67574 0.167804 0.0417007 0.572983 0.0289173 0.0578296 0.594898
0.0604546 0.0506096 0.619497 0.0815887 0.0435533 0 0 0 0 0
0 0.704972 0.0171821 -0.103263 0.673357 0.0129725 -0.0994768 0 0 0
0 0 0 0.810744 0.011707 -0.0929296 0.788188 0.0157377 -0.0977261 0
0 0 0 0 0 -0.192189 -0.167921 -0.0377415 -0.257025 -0.163334
0.0467526 0 0 0 0 0 0 0.0750276 0.0415564 0.0253832
-0.018038 0.0254846 0.0106535 0.157318 -0.439826 -0.220125 0.409304 -0.505284 -0.110223 0.683001
-0.356096 -0.255596 0.753233 -0.258374 -0.340957 0.543966 -0.36816 -0.368404 0.838221 -0.231277
-0.18955 0.679248 -0.337869 -0.192427 0.471743 -0.400368 0.025659 0.583082 -0.425921 0.100422
0.682546 -0.367771 0.0247772 0.884225 -0.217785 -0.163451 0.886356 0 -0.187079 0.803916
0 -0.158726 0.795885 -0.0710256 -0.171033 0.792822 -0.157412 -0.219784 0.811518 -0.217026
-0.224674 0.944957 0 -0.169388 0.534571 0.00557163 0.0590307 0.549106 0.0109877 0.0632602
0.564968 0.0357146 0.0425152 0.538258 0.0223894 0.049622 0 0 0 0
0 0 0 0 0 0 0 0 0.862338 -0.00114646
-0.0915623 0.848693 0.00432585 -0.0891802 0.687756 0.024479 -0.0528775 0.719062 0.0216169 -0.0582719
0 0 0 0 0 0 0.82119 0.0350824 -0.117081 0
0 0 0 0 0 0.791971 0.0222535 -0.0886992 0 0
0 -0.263055 0.0126357 0.135608 0.0498204 0.201726 -0.177013 -0.283118 0.0488159 0.118896
-0.144812 -0.410316 0.0142635 0.543512 -0.0543475 -0.390862 0.763282 -0.0973591 -0.177618 0.743144
-0.0950748 -0.180018 0 0 0 0.750147 -0.235484 -0.363542 0.681431 0.229634
0.040846 0.641136 0.127607 -0.000427287 0 0 0 0 0 0
0.633172 0.117704 -0.0080842 0 0 0 0 0 0 0.665269
0.146762 0.0334149 0.656312 0.0998179 0.0338067 0.628756 0.0895022 0.0407466 0.626233 0.0579757
0.0334829 0 0 0 0 0 0 0.583722 0.0399317 0.0386339
0 0 0 0.640367 0.00653623 -0.0927003 0 0 0 0
0 0 0.510206 0.000226487 -0.0695336 0.548945 0.0144805 -0.0642565 0 0
0 0.762813 0.018392 -0.101972 0.586926 0.0228186 -0.0583382 0 0 0
0 0 0 0.655842 0.0266075 -0.0517255 0 0 0 0.830678
0.00745686 -0.0894708 0.790841 0.0247995 -0.070708 0.765264 0.0301381 -0.0701422 0.814653 0.0199336
-0.0748725 0 0 0 -0.110302 0.0109941 -0.0392559 -0.218237 -0.278301 0.109053
-0.125055 -0.276275 0.0255545 -0.0742689 -0.126112 0.00848337 -0.0496495 0.00892317 0.0089398 0.0644363
0.0130622 0.0581588 0 0 0 0 0 0 0.263454 0.0286342
-0.0213979 0.219493 0.0455912 0.00782584 0.124167 0.0527713 0.0492572 0.203361 0.0550355 0.049079
0.343353 0.018753 0.0116874 0.240659 0.0687992 0.029897 0.754844 -0.0382231 -0.145592 0.756616
0 -0.126352 0.51146 0.00399847 0.056533 0 0 0 0.491379 -0.00177515
0.0600676 0 0 0 0.852869 0.0204461 -0.103195 0.838336 0.0182409 -0.0843893
0.75202 0.01994 -0.0692954 0 0 0 0 0 0 0
0 0 -0.29889 -0.0516086 0.19259 0 0 0 0 0
0 0 0 0 0 0 0 0.733793 -0.0726651 -0.154137
0.69075 -0.0569154 -0.158172 0 0 0 0 0 0 0.734933
0.0189874 -0.10409 0.67508 0.0330385 -0.0741705 0.640185 0.0263702 -0.0740203 0.707446 0.035421
-0.0730892 0 0 0 -0.164304 -0.0465904 -0.0610158 0 0 0
0.158495 0.0483177 0.0229504 0.652932 0.149598 0.0180587 0 0 0 0.601313
0.0438207 0.0354835 0 0 0 0.603964 -0.0028704 -0.0828773 0 0
0 0.603013 0.0152854 -0.0717442 0.565224 -0.00143016 -0.0655158 0 0 0
0.481628 -0.0234704 -0.0691902 0.737494 0.0341261 -0.0714011 0.622386 0.026471 -0.0538476 0
0 0 0.788967 0.000780481 -0.0229601 0.812656 2.01771e-29 0.0152387 0.751891 0.256814
-0.0222341 0.744501 0.295006 -0.0167909 0.69267 0.18506 -0.00907999 0.687729 0.195151 -0.0145343
0.691381 0.171029 -0.0228112 0 0 0 0 0 0 0.272634
-0.0273563 -0.0430488 0.233817 -0.0175275 -0.0462844 0 0 0 0 0
0 0.556912 -0.0180174 -0.0703713 0.489041 -0.0411271 -0.0571756 0.0764122 -0.12155 0.0152531
0.0413827 -0.0941966 0.00594069 0.165628 -0.101378 0.0191607 0.163185 -0.199821 -0.00814925 0.0851999
-0.199677 -0.0167801 0.0610493 -0.162421 -0.0254635 0.0162193 -0.0796898 -0.00413104 0.0151904 -0.0554904
-0.0076885 0.0189043 -0.118954 -0.0415418 0.00430549 -0.105222 -0.0487634 0.00119418 -0.0928084 -0.0467933
0.0134544 -0.0361845 -0.0177067 0.0377496 0.0165847 -0.0213024 -0.000802906 -0.0690095 -0.0481666 -0.000842354
-0.0573733 -0.0520566 5.58697e-05 -0.0463409 -0.0523402 0.0217274 0.000772872 -0.0368557 0 0
0 0.0419207 0.0359339 -0.0342531 0 0 0 0 0 0
0.114497 0.292786 -0.0482483 0.0789084 0.173354 -0.0506083 0.51634 0.0726041 -0.0381337 0.504392
0 -0.030482 0.437116 0.197675 -0.0446995 0.495381 0.135991 -0.0668204 0.564574 0.0310998
-0.0975919 0.599329 0.048779 -0.064558 0.692013 0.00729819 -0.105351 0.678316 -0.0430352 -0.136388
0 0 0 0.407262 -0.0528712 -0.0479358 0.232484 -0.0395023 -0.00962928 0.27165
-0.053686 -0.0071193 0.329689 -0.0891342 -0.0123121 0 0 0 0.132715 -0.259717
-0.0443088 0.404562 -0.107588 -0.0236443 0.475031 -0.0821176 -0.0383056 0.453991 -0.129026 -0.0449774
0 0 0 0 0 0 -0.00184751 -0.0538371 -0.0808984 -0.00327334
-0.0657335 -0.0816609 -0.000874004 -0.0354405 -0.0567966 0.00324233 -0.018555 -0.057143 -0.0051873 -0.0149572
-0.0837504 -0.00146129 -0.029221 -0.0812301 0 0 0 0 0 0
0 0 0 0 0 0 0.0463785 0.111361 -0.0558161 0
0 0 0.396335 0.288709 -0.0484995 0.465137 0.218458 -0.0719102 0.617169 -0.0147711
-0.121491 0.548163 0.0220191 -0.134142 0.611536 -0.0194239 -0.145447 0.690571 0.175421 -0.0332881
0 0 0 0 0 0 0.62391 0.105237 -0.0489234 0.622674
0.109058 -0.0379519 0.69008 0.196324 -0.00567001 0.623902 0.117385 -0.0268626 0 0
0 0 0 0 0.629497 0.115064 -0.0143791 0 0 0
0.205187 -0.0100693 -0.0486423 0.203151 -0.0214512 -0.0163652 0 0 0 0.32967
-0.0409258 -0.0434669 0.474701 -0.0701648 -0.0581882 0 0 0 0 0
0 0.0632506 -0.231276 -0.0577048 0.0349659 -0.138922 -0.0376779 0.00769511 -0.119389 -0.0853792
0.0194333 -0.143058 -0.0813411 0 0 0 0 0 0 0
0 0 -9.37178e-05 -0.102893 -0.0865436 -0.0018678 -0.081475 -0.0496136 0 0
0 -0.0038752 -0.0774591 -0.0832316 0.0455669 0.0705047 -0.0491549 0 0 0
0 0 0 0.258347 0.336603 -0.0473736 0 0 0 0.595281
0 -0.0532776 0.689187 0 -0.0880815 0 0 0 -0.000947927 -0.0415253
-0.0807624 0.527421 0.0821345 -0.111284 0 0 0 0 0 0
0 0 0 0.525091 -0.0344771 -0.0533554 0.623698 0.113723 -0.0578749 0
0 0 0.62693 0.117796 -0.0199398 0 0 0 0 0
0 0.0391449 -0.174439 -0.0720989 0 0 0 -0.00270396 -0.0897874 -0.0850184
0.71173 0.00537581 0.0271962 0.766276 -2.51922e-29 0.028506 0.734778 -1.92184e-29 0.0339651 0.683053
-0.0158734 0.0288782 0.545802 0.0102285 0.0304468 0.571533 0.0469579 0.0462584 0.525734 -0.0135684
0.00720657 0.664033 -0.0190442 0.0226332 0.518085 -0.014284 0.00613142 0.472817 0.0161786 0.0320177
0.202824 -0.00242007 -0.00421815 0.146985 0.0123865 -0.00671469 0.437124 -0.00120693 0.00962894 0.23001
-0.0088336 0.00117841 0.115274 -0.0250583 0.00176801 -0.00204424 -0.0409237 -0.013262 0 0
0 0 0 0 -0.0309877 -0.0283194 0.00125894 -0.168282 -0.0252543 -0.00288534
-0.125198 0.0166099 -0.00666197 0.0250169 -0.0337246 0.00702152 -0.0700505 -0.0476939 -0.0311448 -0.0746023
-0.0412088 -0.0312721 0 0 0 0 0 0 -0.0414131 -0.0526843
0.00336337 -0.171558 -0.0374324 0.00671507 -0.194791 -0.0491048 -0.000101378 0.00143116 -0.0493164 0.0085874
-0.0569935 -0.0175717 -0.0271538 -0.0514953 -0.0155817 -0.0267182 0 0 0 0
0 0 -0.0469031 -0.0322498 0.00436428 -0.15151 -0.00969048 0.0109085 -0.160238 -0.0267301
0.00921763 -0.020595 -0.0337874 0.012394 -0.049981 -0.00999693 -0.0228499 -0.0509362 -0.00462523 -0.0235368
0 0 0 0 0 0 -0.14035 0.0755059 0.0175206 -0.125774
0.0833395 0.00221947 -0.0816312 0.0078361 -0.0139879 -0.140186 0.00479375 0.00265383 -0.0462765 0.00241776
0.00613396 -0.0149803 0.00190972 -0.0140514 0 0 0 0 0 0
0 0 0 -0.102224 0.0434865 -0.00968214 -0.0455626 -0.00742275 -0.0228262 -0.0613817
-0.000209684 -0.0192997 -0.0628317 0.018582 -0.00722339 -0.142699 0.0655207 0.00424515 -0.0610178 0.0979461
0.00113749 -0.0577533 0.0746108 -0.00182998 -0.0138972 -0.00543483 -0.00803843 -0.0438025 -0.017463 -0.0134622
-0.0144285 -0.0205768 -0.00915087 0.0110651 -0.0177076 -0.00090882 0.00561581 -0.0120821 0.000682991 -0.0547587
0.0348984 -0.0178338 -0.0480041 0.0259261 -0.0168625 -0.0415852 0.0140243 -0.0166186 0.0107004 -0.00825236
0.00339436 0.00931211 -0.0148945 0.00271246 0 0 0 0 0 0
-0.00662801 -0.0154878 -0.00462512 -0.000770158 -0.0157313 9.1059e-05 0.00355232 -0.0136935 0.00142781 0.0124186
-0.0140176 -0.0012789 0.0132406 -0.00762888 -0.00264179 0.00670337 -0.0289534 0.00378529 0.00639349 -0.0332161
0.00335513 0 0 0 0 0 0 0.00399728 -0.0059079 0.00124584
0.00271794 -0.00145771 0.00146711 0.00203447 0.00163523 0.00125539 0.00830653 -0.0149282 -0.00069507 0.0113605
-0.0140549 -0.000564855 0.00226622 -0.043685 0.00140951 -0.00048655 -0.0449129 0.000922128 0 0
0 0 0 0 -0.00214629 0.0068899 0.0014879 -0.00597724 0.00838401 0.00194132
-0.0185981 0.0027395 0.000646101 -0.0193845 -0.0234477 -0.00388718 -0.000339781 -0.0172845 -0.00134403 -0.014691
-0.0349256 -0.0017917 -0.0183673 -0.0240869 -0.00273385 0 0 0 0 0
0 -0.0588495 -0.0248272 -0.0110457 -0.075877 -0.0611464 -0.00826032 -0.0585951 -0.0346687 -0.00681184
-0.0467699 -0.0285974 -0.00766847 0 0 0 0 0 0 -0.095216
-0.0308543 -0.0205174 -0.0919576 -0.031834 -0.0198192 -0.0352774 -0.00746679 -0.0151199 -0.0479763 0.00146316
-0.0199307 0 0 0 0 0 0 -0.0703108 0.0116152 0.0104929
-0.129918 0.0167814 0.00912721 -0.117072 -0.00846182 0.00508859 -0.0758343 -0.0279826 -0.000701715 -0.0756421
-0.0792719 0.00325554 -0.0801402 -0.0954454 0.00373113 -0.0834854 -0.106827 -0.000189895 -0.0934934 -0.11024
-0.00109329 -0.0686972 -0.00565191 0.0098121 -0.0396388 0.0176593 -0.0204563 -0.0455671 0.0247607 -0.0217784
0 0 0 0 0 0 -0.0664221 0.0547036 0.00956594 -0.148328
0.0546092 0.00320424 -0.139987 0.0455193 0.00485344 -0.053324 0.0418128 0.0117512 -0.0540738 0.0439431
-0.0251778 -0.0549796 0.0506477 -0.0258687 0 0 0 0 0 0
-0.0556153 0.0716316 0.00519909 -0.159013 0.0704673 0.00145797 -0.164494 0.0624363 0.000224473 -0.031679
0.0645833 0.00850047 -0.05562 0.0679328 -0.0262601 -0.0577034 0.0748532 -0.0263008 0 0
0 0 0 0 0.0313519 0.0661013 -0.000556234 -0.108849 0.0670558 -0.00352541
-0.163454 0.0784563 -0.00077295 0.0378774 0.0791128 0.00546905 -0.0621614 0.111681 -0.0240354 -0.0541482
0.122539 -0.0161811 0 0 0 0 0 0 0.4205 0.089604
-0.0238755 0.561744 -0.00873637 -0.0470698 0.104429 0.00375311 -0.0027702 0.36294 0.110153 0.000895713
0.623139 -0.0318733 -0.0742463 0.618389 -0.0423458 -0.0430464 0.855691 0.0409736 -0.145497 0.614951
0.196207 -0.0177195 0.624839 0.228725 -0.147016 0.842209 0.059995 -0.137032 0.553715 0.170201
0.0233304 0.780629 0.145806 -0.327964 0.500266 -0.0904299 -0.222533 0 0 0
0.254457 0.126981 -0.0123446 -0.350301 -0.00650723 -0.00232982 0.175142 0.231609 -0.0795815 0.337456
0.126361 0.0421345 -0.219918 -0.470232 0.132181 -0.297789 -0.379081 0.12649 0 0
0 0 0 0 0.102497 -0.0242073 -0.0214768 -0.731814 -0.0163191 0.0260249
-0.807992 -0.0722435 0.0179883 0.264672 0.0219848 0.0370246 -0.518746 0.0338856 0.300031 -0.523495
0.141851 0.292899 0 0 0 0 0 0 0.321901 -0.0437185
0.00456105 0.161957 -0.197221 -0.0145282 -0.333408 -0.111404 0.0142389 0.378504 0.0255849 0.0262933
0.243915 -0.585255 -0.106951 0.308599 -0.600525 -0.040453 0.518988 -0.300499 -0.0534018 0.652529
-0.120781 -0.00152706 0.703927 -0.338624 -0.0164863 0.468557 -0.306627 -0.0099663 0.574641 0.0609169
0.0260364 0.910572 -0.20232 -0.110703 0.723535 -0.391594 -0.00690498 0.9014 -0.152844 -0.066134
0.816998 -0.00724975 -0.0194763 0.970477 0 -0.134851 0.945252 0 -0.107929 0.913301
0 -0.0753892 0.476246 -0.0041471 0.0583578 0 0 0 -0.0664926 -0.0104991
-0.0140519 0 0 0 0 0 0 -0.0320808 -0.0105903 -0.0177728
0 0 0 0.0112652 -0.00222945 0.00480195 0 0 0 0.0188445
-0.002752 -0.000825937 0.0192089 -0.00567303 0.000993986 0.0143691 -0.0117823 -0.00144914 -0.0414899 0.00760823
-0.0148288 -0.048055 0.0150107 -0.0152846 0 0 0 0 0 0
0.145128 0.00130638 -0.00260243 -0.0676315 -0.0179329 -0.0207732 -0.0124038 -0.00450615 -0.0143138 -0.0611451
-0.0508889 -0.0281706 0 0 0 -0.101118 -0.036905 -0.0271148 -0.0857283 -0.0280687
-0.0257253 -0.105485 -0.0395348 -0.0237024 -0.105884 -0.0443636 -0.0267606 -0.0645108 -0.0238552 -0.0284353
0 0 0 -0.0904527 -0.0278852 -0.019572 -0.096275 -0.0345741 -0.0218445 -0.0808998
-0.0206523 -0.017612 -0.0784338 -0.0216751 -0.0193355 -0.0510924 -0.0146809 -0.0243941 0 0
0 -0.0787894 -0.00822493 -0.014588 -0.076413 -0.0184522 -0.016357 -0.0779848 0.00138495 -0.0202054
-0.0754623 0.00109614 -0.0168753 -0.0462971 0.00186617 -0.0249064 0 0 0 -0.0332308
-0.00956841 -0.0139868 -0.0670714 -0.000591195 -0.0232426 0 0 0 -0.0106998 -0.0168871
-0.00236886 0.012635 -0.0176152 0.00066031 0.0144068 -0.0122357 0.000604392 0.0169139 -0.00451536 0.00122991
0.00672535 -0.0248745 0.00378242 0 0 0 0.0113303 -0.0260511 0.00132459 0.0111147
-0.0230874 0.00152112 -0.00248593 -0.0185361 0.00326817 0 0 0 0.00437584 -0.0100081
0.00170949 0.00182681 -0.00396941 0.004134 0.00250396 -0.00920127 0.00412099 0 0 0
0 0 0 0.00901394 -0.0325178 0.000768892 0.0104004 -0.0299548 0.00138347 0.00433792
-0.0410242 0.00184156 0 0 0 0.00322772 -0.0371717 -0.000117214 0.00679017 -0.0360231
0.000615228 0.00125555 0.00114523 0.00441526 0 0 0 0.00062054 0.00560499 0.00165483
-0.00140943 0.0153047 0.00546514 -9.70235e-07 0.0107369 0.00479393 0 0 0 0
0 0 -0.00787774 -0.0375764 -0.00211322 -0.000865495 -0.0386512 -0.000642747 -0.00880667 -0.0412676
-0.000907625 0 0 0 -0.0241055 -0.0312128 -0.0042228 -0.0142054 -0.0361377 -0.00309027
-0.00338255 0.0175026 0.00601102 0 0 0 -0.0384474 -0.00947228 -0.00298645 -0.0553833
-0.0161481 -0.00721635 -0.0330379 0.00408257 0.00176258 0 0 0 -0.0303503 -0.0150691
-0.00650999 -0.0294645 -0.0234151 -0.00458262 -0.0197173 -0.0105826 -0.00934326 0 0 0
-0.0513854 -0.0069836 -0.0114097 -0.0307818 -0.00883423 -0.00827403 -0.0876046 -0.0547811 -0.0171516 -0.0891548
-0.0497513 -0.0190677 -0.0933415 -0.0547555 -0.020565 -0.0693602 -0.000826911 -0.0152695 -0.0662818 -0.00269834
-0.0145666 -0.0402297 0.0124916 -0.0215501 0 0 0 -0.0687054 0.0155773 -0.014844
-0.0632914 0.00214039 -0.0159644 -0.0798933 0.0370047 -0.0184602 -0.0713345 0.0310075 -0.0169616 -0.0532748
0.0370857 -0.0244574 0 0 0 -0.0853024 0.0490174 -0.0210795 -0.0794261 0.0423061
-0.0204088 -0.0877635 0.0594217 -0.0222885 -0.0833765 0.0549755 -0.0224523 -0.0549315 0.0619229 -0.0263789
0 0 0 -0.0890558 0.0691076 -0.0219418 -0.0838583 0.0634505 -0.0225787 -0.0957278
0.0814938 -0.0220126 -0.0872962 0.0754566 -0.0220933 -0.0675037 0.0963101 -0.0265471 0 0
0 -0.0862109 0.0930846 -0.0201365 -0.0962035 0.0899089 -0.0223493 0.0247477 0.0711942 -0.00554966
-0.0660757 0.0994102 -0.0134028 0.297303 0.0599989 -0.04389 0 0 0 0.305102
-0.00603887 -0.00816137 0.775178 0.180392 -0.281352 -0.00419617 0.102416 0.150853 0.433459 0.228213
-0.129137 -0.180444 -0.541035 0.222725 0 0 0 -0.306091 -0.23597 0.140223
-0.127804 -0.130085 0.231599 -0.690985 -0.150133 0.136719 -0.530955 -0.248434 0.111677 -0.476791
-0.0718421 0.275909 0 0 0 -0.828166 -0.0228883 0.222846 -0.806301 -0.0539335
0.232622 -0.284328 -0.282473 0.162377 -0.739431 -0.0123616 0.2212 0.0883976 -0.36411 -0.0382267
0 0 0 0.176406 -0.743448 0.0573188 0 0 0 0
0 0 0 0 0 0.0180575 -0.00160194 0.00296336 0 0
0 -0.0558045 0.0199706 -0.0174912 0 0 0 -0.0470101 -0.0530562 -0.0221141
0 0 0 -0.0697419 -0.0306594 -0.0297937 0 0 0 -0.0517874
-0.0159197 -0.0261501 0 0 0 -0.0516479 -0.00224811 -0.0246444 0 0
0 0.00736525 -0.020384 0.00313949 0 0 0 0.00560865 -0.0373279 0.00255974
0 0 0 -0.00438413 -0.044195 0.000124309 0 0 0 -0.0172662
-0.0141038 -0.00558232 0 0 0 0 0 0 -0.0996632 -0.0327896
-0.0230901 -0.0461443 0.00987038 -0.0216734 0 0 0 -0.0508062 0.0303943 -0.0235153
0 0 0 -0.0551199 0.0564689 -0.0262454 0 0 0 -0.0622854
0.0834306 -0.0266424 0 0 0 -0.0142655 0.142681 -0.00960622 0 0
0 0.00875823 -0.481872 0.0936854 0 0 0 -0.3712 -0.232493 0.196859
0 0 0 -0.283204 0.0968458 0.176737 0 0 0 0
0 0 0.00181249 -0.0156003 0.00466946 0 0 0 0.000595523 0.00604797
0.00456732 0 0 0 -0.0113078 0.0189885 0.00637157 0.153128 0.000819798 0.000569552
0.166304 0.00110251 0.000495148 0.170888 -0 0.000500965 0.157035 -0 0.000575003 0.140386
0.000496391 0.000701957 0.143712 -0 0.00070786 0.127832 0.00017296 0.000838122 0.130656 -0
0.000845755 0.115689 -9.2641e-05 0.000908999 0.118074 -0 0.000918956 0.10463 -0.000246974 0.000865541
0.106623 -0 0.000877573 0.0955688 -0.000267235 0.000698691 0.0972097 -0 0.000710936 0.0890295
-0.000195723 0.000483813 0.0903602 -0 0.000494357 0.084599 -0.000105202 0.000328634 0.0856632 -0
0.000336787 0.0809808 -4.75155e-05 0.000294188 0.0818236 -0 0.000299432 0.076523 -3.80364e-05 0.000373507
0.0771889 -0 0.000375685 0.070237 -9.52565e-05 0.000503223 0.0707683 -0 0.000502567 0.0622902
-0.000259235 0.000636085 0.062722 -0 0.000633828 0.0540187 -0.000517941 0.000727768 0.054372 -0
0.000727275 0.04734 -0.000690855 0.000670056 0.0476227 -0 0.000673814 0.0437026 -0.000533774 0.000382213
0.0439227 -0 0.000388119 0.0431787 -6.53725e-05 -2.63601e-05 0.0433509 -0 -2.53358e-05 0.0437391
0.00036436 -0.000244326 0.0438796 0 -0.000249892 0.0419383 0.000418458 -0.000108496 0.0420703 0
-0.000115507 0.036432 0.000146868 0.000152867 0.0365539 0 0.000149018 0.0292841 -3.57986e-05 0.000188334
0.0293717 0 0.000186722 0.0238853 0.000365942 -0.00027071 0.0239415 0 -0.000281187 0.0220719
0.00116885 -0.000969894 0.0221084 -0 -0.000998319 0.021897 0.00110344 -0.000887698 0.0218714 -0
-0.000932611 0.017833 -0.00107994 0.000756118 0.0178997 0 0.000701917 0.00243876 0 0.000557996
0.00153394 -0.000358397 0.000443531 0.142787 0.00147357 0.000555582 0.154236 0.00200191 0.000480866 0.131535
0.000862262 0.000685629 0.120275 0.000248576 0.000816342 0.10928 -0.000253261 0.00088014 0.0992584 -0.000539695
0.000830792 0.0911378 -0.000568145 0.000663617 0.085431 -0.00041982 0.00045362 0.0817152 -0.000235466 0.000305518
0.0786926 -0.000118875 0.000279745 0.0747145 -0.000102139 0.000367665 0.0687978 -0.000218571 0.00050513 0.0611285
-0.00054349 0.000642166 0.0530796 -0.00104921 0.000728551 0.0466038 -0.00137555 0.00065885 0.0431477 -0.00104258
0.000364894 0.0427589 -0.00010287 -3.11231e-05 0.0433959 0.00073934 -0.000230858 0.0416091 0.000844372 -9.25965e-05
0.0361305 0.000323932 0.000156455 0.0290796 -1.83574e-05 0.000183311 0.0237689 0.000777903 -0.000254009 0.021996
0.00234766 -0.000907504 0.0219173 0.0022206 -0.000782206 0.0176225 -0.00206897 0.00086419 0.0014711 -0.000671227
0.000430571 0.128378 0.00189213 0.000538212 0.137527 0.0026163 0.000464641 0.119126 0.0010407 0.000662091
0.109624 0.000183223 0.000782324 0.10021 -0.000511951 0.000834364 0.091638 -0.000898551 0.000777066 0.0848399
-0.000918374 0.000609929 0.0803073 -0.000685275 0.000407198 0.0776001 -0.000403 0.000270377 0.0754204 -0.000228035
0.000257639 0.072128 -0.000210791 0.000358518 0.0667479 -0.000391675 0.000506761 0.0594897 -0.000872366 0.000648684
0.0517771 -0.00160473 0.000727299 0.0456134 -0.00205072 0.000639825 0.0424375 -0.00151243 0.000338332 0.0422472
-9.87859e-05 -3.90837e-05 0.0429742 0.00112909 -0.000212347 0.0411892 0.00126741 -7.27305e-05 0.0357493 0.000527747
0.000152362 0.0288456 6.94842e-05 0.000161774 0.023666 0.00124014 -0.000246757 0.0219283 0.00350085 -0.000835894
0.0218786 0.0032919 -0.00064846 0.0172656 -0.00303168 0.000969462 0.00138933 -0.000956436 0.000418231 0.111639
0.00203283 0.000516483 0.11821 0.00289457 0.00044491 0.10466 0.000999984 0.000631727 0.0971883 -4.19465e-05
0.000737489 0.0896187 -0.000879322 0.000774926 0.0827394 -0.0013315 0.000708793 0.0774768 -0.00132245 0.000541672
0.074307 -0.000995707 0.00034881 0.0727735 -0.000615087 0.000227625 0.0715797 -0.000388933 0.00023208 0.0690974
-0.000379183 0.000350774 0.0643607 -0.000627369 0.000510801 0.0576029 -0.0012558 0.00065234 0.0503059 -0.00218645
0.000719656 0.0445336 -0.00271048 0.000614131 0.0417041 -0.00193746 0.000308543 0.0417437 -5.32923e-05 -4.36442e-05
0.0425502 0.00152453 -0.000185815 0.0407456 0.00166877 -4.61664e-05 0.0353468 0.000750642 0.000144132 0.0286279
0.000242648 0.00012422 0.0236099 0.00176088 -0.000251811 0.0218911 0.00460853 -0.000758205 0.0217879 0.00427215
-0.000494287 0.0167837 -0.00397954 0.00105826 0.00129401 -0.00121541 0.000401327 0.0939279 0.00189282 0.000486505
0.0978354 0.00283652 0.000416928 0.0893359 0.000739169 0.000592368 0.0840283 -0.000425941 0.00068244 0.0784407
-0.00135425 0.000704496 0.0733665 -0.00183461 0.000628519 0.069721 -0.00177428 0.00046289 0.0679776 -0.00134833
0.000284229 0.067678 -0.000873868 0.000182526 0.0675321 -0.000602047 0.000207509 0.0659208 -0.000601277 0.000345178
0.0618831 -0.000922074 0.000514847 0.0556745 -0.00169339 0.000651639 0.0488392 -0.00279037 0.000704412 0.0435054
-0.00335184 0.000584219 0.0410548 -0.00232356 0.000283036 0.0413249 1.42986e-05 -3.58751e-05 0.0421797 0.00190095
-0.000145176 0.0403277 0.00203486 -9.2494e-06 0.0349664 0.000996425 0.000135331 0.0284537 0.000519598 7.03251e-05
0.0236153 0.00235763 -0.00027428 0.0218941 0.00566882 -0.000679556 0.0216569 0.00512152 -0.000331987 0.0162042
-0.00492208 0.00111109 0.00118924 -0.00144969 0.000375309 0.0764194 0.00147554 0.000448159 0.0777015 0.00245019
0.000381622 0.0742093 0.000261698 0.000543766 0.0710804 -0.000966048 0.000617574 0.0674831 -0.00193381 0.000623753
0.064194 -0.00240042 0.000538925 0.0621315 -0.00226818 0.00037953 0.06178 -0.00174371 0.00021984 0.0626944
-0.00118503 0.000139353 0.0635969 -0.000872066 0.000181392 0.0628672 -0.000881061 0.000331046 0.0595394 -0.00127652
0.000508257 0.0538904 -0.00217792 0.000642748 0.0475294 -0.0034073 0.000680836 0.0426471 -0.00397492 0.000551135
0.0405764 -0.00268896 0.000266789 0.0410503 6.59246e-05 -1.17281e-05 0.0419062 0.00221641 -8.8271e-05 0.0399787
0.00234428 3.96658e-05 0.0346489 0.00126517 0.000127259 0.0283462 0.000916871 -5.76089e-07 0.0236888 0.0030543
-0.000318002 0.0219374 0.00668719 -0.000606645 0.0214987 0.00581282 -0.000181337 0.015557 -0.00584043 0.00111133
0.00107794 -0.00165509 0.000335862 0.0602607 0.000799347 0.000404162 0.0590532 0.00175838 0.000341532 0.060321
-0.000414783 0.00048861 0.0592541 -0.00164523 0.000545507 0.0574932 -0.00259776 0.000535099 0.055822 -0.00301123
0.000444261 0.0551936 -0.00279538 0.000297122 0.0561166 -0.00218205 0.000160765 0.0581623 -0.00155539 0.000101968
0.0600596 -0.0012133 0.000155052 0.0601756 -0.00123659 0.000308116 0.0575282 -0.00169144 0.000489758 0.0524116
-0.00269127 0.000621544 0.0465007 -0.00402042 0.00064538 0.0420501 -0.00457742 0.00051432 0.0403347 -0.00305954
0.00026293 0.0409667 5.31896e-05 3.15487e-05 0.0417694 0.00242436 -1.49442e-05 0.0397397 0.0025703 0.000100222
0.0344336 0.00155233 0.000118556 0.0283279 0.00144581 -8.60776e-05 0.0238344 0.00386956 -0.000378692 0.022015
0.00766981 -0.000541908 0.0213186 0.00633747 -5.46403e-05 0.0148672 -0.00668854 0.00105498 0.000963198 -0.00182159
0.000283046 0.0466765 -0.000101842 0.00035969 0.0432398 0.000796889 0.000300206 0.0487422 -0.00125952 0.000430478
0.0494234 -0.00243085 0.000470071 0.0491577 -0.00331823 0.000444777 0.0487976 -0.00365556 0.000351753 0.0493535
-0.00335362 0.000221431 0.0513607 -0.00266451 0.000110738 0.0543954 -0.00198623 7.17836e-05 0.0571781 -0.00161803
0.000132049 0.0580528 -0.00164694 0.000283525 0.056013 -0.00213902 0.000461985 0.0513616 -0.00320763 0.000585524
0.0458424 -0.00461013 0.000595512 0.0417755 -0.00515556 0.000471718 0.0403727 -0.0034643 0.000270739 0.0411096
-7.86683e-05 9.95314e-05 0.0418037 0.00247493 8.15482e-05 0.0396444 0.00268467 0.000173827 0.0343504 0.00184964
0.00011031 0.0284159 0.00210813 -0.000178109 0.0240533 0.00481305 -0.000444744 0.0221184 0.00862274 -0.00048136
0.0211084 0.00670074 4.47662e-05 0.0141511 -0.00740985 0.000945852 0.000848898 -0.00193719 0.000219777 0.0369211
-0.0011594 0.000311802 0.0317414 -0.000375862 0.000254488 0.0404674 -0.00221146 0.000370175 0.04235 -0.00326837
0.000394872 0.0430811 -0.00405244 0.000363415 0.0436156 -0.00430609 0.000275497 0.0450241 -0.00392909 0.000160651
0.0478537 -0.00318469 7.15444e-05 0.0516706 -0.00246765 4.76774e-05 0.0551698 -0.00206444 0.000109841 0.0566609
-0.00207505 0.000254604 0.0551061 -0.00258031 0.000423215 0.0508141 -0.00369546 0.000533773 0.0455988 -0.00516482
0.00053353 0.0418464 -0.00572553 0.000428261 0.0407028 -0.00393315 0.000290339 0.0414921 -0.000371542 0.000190895
0.0420273 0.00232425 0.000202208 0.0397106 0.00266102 0.000259725 0.0344146 0.00214227 0.000107087 0.0286193
0.00288804 -0.000264688 0.0243443 0.00587597 -0.000508604 0.0222376 0.00954899 -0.000422119 0.020848 0.00691301
0.000115807 0.013417 -0.00795729 0.000789125 0.000741339 -0.00199211 0.000150595 0.0319291 -0.00230448 0.000253125
0.0258151 -0.00168554 0.000201375 0.0361903 -0.00319551 0.000306147 0.0385932 -0.00409067 0.000324435 0.0397383
-0.00473542 0.000298305 0.0406778 -0.00490455 0.000224724 0.042536 -0.00449 0.000119321 0.0458578 -0.00372529
4.19571e-05 0.0501862 -0.0029811 2.76568e-05 0.0541765 -0.00253162 8.58593e-05 0.0560909 -0.00249473 0.00021817
0.0548565 -0.00298251 0.000373887 0.0507854 -0.00412739 0.000474834 0.0457635 -0.00565412 0.000475865 0.0422472
-0.00624824 0.0003964 0.0413088 -0.00445285 0.00032027 0.0421048 -0.000837479 0.000294726 0.0424419 0.00195512
0.000337134 0.0399427 0.00248488 0.000352189 0.0346302 0.00241287 0.000111462 0.0289392 0.0037546 -0.000333825
0.0247023 0.0070319 -0.000558697 0.0223617 0.0104406 -0.000356906 0.0205181 0.00701918 0.000170554 0.0126748
-0.00827433 0.000614014 0.000647408 -0.00198269 8.79825e-05 0.0318444 -0.00346211 0.000193438 0.0257057 -0.00302668
0.000151082 0.0360487 -0.00413672 0.000243117 0.0383219 -0.00482587 0.000262208 0.0393185 -0.00529803 0.0002411
0.0401648 -0.00537599 0.000183292 0.0420393 -0.00498126 8.69023e-05 0.0454859 -0.00425436 1.64346e-05 0.0500159
-0.00349917 8.7211e-06 0.0542354 -0.00298962 5.84954e-05 0.0563496 -0.00287184 0.000175273 0.0552469 -0.00330699
0.000318929 0.0512445 -0.00444783 0.000420063 0.0463052 -0.00599432 0.00042979 0.0429448 -0.00664582 0.000364348
0.0421523 -0.00499008 0.000340912 0.04292 -0.00147865 0.00040057 0.0430356 0.0013596 0.000478295 0.0403353
0.00215479 0.000444008 0.0349925 0.00264552 0.000124153 0.0293704 0.00464916 -0.000371623 0.0251188 0.00822538
-0.00057345 0.0224826 0.011293 -0.000277287 0.0201138 0.00711012 0.000217972 0.0119408 -0.00830308 0.000450596
0.000570669 -0.00191218 3.4386e-05 0.0358975 -0.00453627 0.000152467 0.0304134 -0.00426915 0.000119025 0.0394819
-0.00497003 0.000191285 0.0411499 -0.00542175 0.000210323 0.0415783 -0.00573144 0.000181775 0.0419318 -0.00573844
0.000121957 0.0434395 -0.00541896 4.16249e-05 0.0466666 -0.0047674 -1.07885e-05 0.0510973 -0.003991 -1.38257e-05
0.0552839 -0.00340443 2.60889e-05 0.0573743 -0.00317164 0.000128034 0.0562204 -0.00352055 0.000259687 0.0521501
-0.00460991 0.000355136 0.0471907 -0.00615382 0.000366119 0.0438988 -0.00693597 0.000312436 0.0431879 -0.00555043
0.000340919 0.0439018 -0.0022826 0.000489664 0.0437887 0.000551367 0.000605654 0.0408772 0.00168819 0.000525911
0.0354887 0.0028143 0.000150456 0.0299002 0.00552742 -0.000358062 0.0255875 0.00941795 -0.000536947 0.0226003
0.012091 -0.000185881 0.0196366 0.007243 0.000246923 0.0112297 -0.00804944 0.000302956 0.000512002 -0.00179138
-1.05912e-05 0.0428665 -0.00540152 0.000145928 0.0384251 -0.00528299 0.000113454 0.0455223 -0.00563923 0.000167304
0.0463257 -0.00585886 0.000172934 0.045947 -0.00605362 0.000137134 0.045563 -0.00606664 7.10809e-05 0.0464442
-0.00583098 8.03692e-06 0.0491953 -0.00523317 -3.06779e-05 0.0532779 -0.00442983 -4.13158e-05 0.0572012 -0.00374379
-1.13347e-05 0.0590724 -0.00336981 7.75782e-05 0.0577131 -0.00360923 0.00019587 0.0534619 -0.00464514 0.000272565
0.0483855 -0.00619195 0.000269223 0.0450735 -0.00712582 0.000235753 0.0443808 -0.00609114 0.000319888 0.0450177
-0.00318861 0.00054179 0.0446805 -0.000415342 0.000698455 0.0415549 0.00111652 0.000592674 0.0361048 0.00294863
0.00019574 0.0305194 0.00640947 -0.000288376 0.0261018 0.0105777 -0.000446678 0.0227162 0.0127749 -8.03311e-05
0.0191031 0.00733549 0.000258156 0.0105625 -0.00764069 0.000175776 0.000470441 -0.00164259 -3.6117e-05 0.0517127
-0.00597257 0.000143884 0.0485073 -0.0059903 0.000103003 0.0532928 -0.00605981 0.00016794 0.0531221 -0.00612757
0.000152312 0.0518195 -0.0062278 0.000119785 0.0505772 -0.0062689 6.95437e-05 0.0506997 -0.0060845 1.383e-05
0.0528169 -0.00554678 -4.05184e-05 0.0563746 -0.0047726 -7.08726e-05 0.0598604 -0.00398354 -5.17919e-05 0.0613578
-0.00345384 2.764e-05 0.0596672 -0.00357243 0.000135059 0.0551341 -0.00457063 0.000196178 0.0498577 -0.00614789
0.000168227 0.0464495 -0.00723282 0.000137628 0.0457111 -0.00657512 0.000267732 0.0462433 -0.00411721 0.000548609
0.0456907 -0.00146161 0.000739234 0.0423624 0.000484981 0.000629037 0.0368421 0.00308011 0.000250198 0.0312227
0.00723545 -0.000174032 0.0266495 0.011588 -0.000299006 0.0228255 0.0132891 5.07924e-05 0.0185376 0.00735206
0.000284684 0.00996787 -0.0071609 9.42553e-05 0.000451142 -0.0014859 -4.39136e-05 0.0618154 -0.00632494 0.000109717
0.059923 -0.00646329 5.2751e-05 0.0622438 -0.00625082 0.000154368 0.0610377 -0.00622452 0.000142325 0.0587609
-0.0062341 0.00011363 0.0566117 -0.00623593 7.44711e-05 0.0559161 -0.00609535 1.31434e-05 0.0573076 -0.00569051
-6.39734e-05 0.0602266 -0.00498495 -0.000110232 0.0631574 -0.00410992 -9.63585e-05 0.0641658 -0.00342216 -1.62889e-05
0.062038 -0.00341843 8.76974e-05 0.0571287 -0.00437501 0.000140399 0.0515727 -0.00600674 9.19374e-05 0.0480046
-0.00728069 4.57419e-05 0.0471705 -0.00699864 0.000191979 0.0475705 -0.00499674 0.000508183 0.046814 -0.00249192
0.000719988 0.0433073 -0.000149257 0.000623775 0.0377073 0.00313876 0.000298717 0.032003 0.0078538 -2.33365e-05
0.0272204 0.012322 -8.77267e-05 0.0229289 0.0135839 0.000213127 0.0179527 0.00737277 0.00033472 0.00944681
-0.00658458 5.847e-05 0.000453404 -0.00133183 -4.09814e-05 0.0728453 -0.00655844 7.06315e-05 0.0722916 -0.006841
3.29797e-06 0.0720797 -0.00630614 0.000127627 0.0697881 -0.00616809 0.000134532 0.0665145 -0.00610623 0.000106856
0.0634472 -0.00607038 4.95901e-05 0.0619027 -0.00598088 -3.10545e-05 0.0625145 -0.00571982 -0.000115163 0.0647254
-0.00508872 -0.000161586 0.067019 -0.00413943 -0.000136303 0.06745 -0.00329269 -4.51285e-05 0.0647943 -0.00316577
6.09872e-05 0.0594242 -0.00407569 0.000106746 0.0535114 -0.00573964 4.26528e-05 0.0497237 -0.00718255 -2.49064e-05
0.0487568 -0.00727397 0.000106094 0.049003 -0.00574406 0.000425461 0.0480551 -0.00341948 0.000650678 0.0443906
-0.000739364 0.000583812 0.0386945 0.00309036 0.000340141 0.0328532 0.0081983 0.000158709 0.0278117 0.012712
0.00017347 0.0230338 0.0136085 0.00040048 0.0173505 0.00734846 0.000398324 0.00897267 -0.0059881 4.38283e-05
0.000470798 -0.00119019 -3.3691e-05 0.0846182 -0.00658508 5.40876e-05 0.085406 -0.00697595 4.5313e-06 0.0826315
-0.00621571 0.000105183 0.0792136 -0.00597822 0.000126395 0.0749199 -0.00586764 0.000102029 0.0709309 -0.00586507
2.37211e-05 0.0685293 -0.00584623 -8.86631e-05 0.0683291 -0.00565852 -0.000181525 0.0697862 -0.0050742 -0.000206641
0.0713897 -0.00404402 -0.000155137 0.071176 -0.00305614 -5.09247e-05 0.0679145 -0.00283503 5.83877e-05 0.0620103
-0.00369519 9.5381e-05 0.0556796 -0.00534407 9.52152e-06 0.0516163 -0.00687499 -9.43912e-05 0.0504705 -0.00729743
-3.75122e-06 0.0505417 -0.00626116 0.000297823 0.0494105 -0.00416391 0.000535099 0.0455976 -0.00123876 0.0005162
0.0397837 0.00295968 0.000382918 0.033759 0.00823956 0.000357164 0.028421 0.0126874 0.000451265 0.0231466
0.013328 0.000602551 0.0167331 0.00721442 0.000485038 0.0085185 -0.00543361 4.01776e-05 0.000500042 -0.00106516
-3.13892e-05 0.0970087 -0.00635234 3.86648e-05 0.0991367 -0.00675216 5.77396e-06 0.0937757 -0.00596889 9.03403e-05
0.0891996 -0.00567394 0.000126164 0.0838587 -0.00553197 0.000104291 0.0789329 -0.0055599 1.57318e-05 0.0756672
-0.00563059 -0.000125362 0.0746411 -0.00551226 -0.000234867 0.0753278 -0.004912 -0.000239602 0.0762129 -0.00378966
-0.000164837 0.075302 -0.00272171 -4.29613e-05 0.071372 -0.00245006 7.71732e-05 0.0648782 -0.00325613 0.000102484
0.0580834 -0.00485025 -1.81577e-05 0.0536915 -0.00640582 -0.0001807 0.0523088 -0.00708884 -0.000149417 0.0521727
-0.00650293 0.000125926 0.0508627 -0.00465422 0.000378583 0.0469061 -0.00159737 0.000428131 0.0409476 0.00276692
0.000429146 0.0346969 0.00796168 0.000555122 0.02904 0.0122105 0.000720096 0.0232738 0.0127128 0.00080916
0.0161176 0.00696137 0.00059421 0.00806876 -0.00488867 3.47739e-05 0.000534126 -0.000950456 -4.00926e-05 0.109901
-0.0059783 1.19706e-05 0.113376 -0.0063479 -2.32612e-05 0.105385 -0.00558127 8.78054e-05 0.0996207 -0.00524319
0.000142225 0.0932068 -0.00508285 0.000119986 0.0873152 -0.00511735 1.6224e-05 0.0831579 -0.00524688 -0.000140171
0.0813088 -0.00519658 -0.000252846 0.0812421 -0.0045816 -0.00025917 0.0813963 -0.00342966 -0.000176567 0.0797542
-0.00235266 -2.49512e-05 0.0751177 -0.00204086 0.000113549 0.0679972 -0.00278248 0.000123449 0.0606998 -0.00429224
-4.03917e-05 0.0559282 -0.00583179 -0.000268591 0.0542521 -0.00669848 -0.000306469 0.0538745 -0.00646363 -7.116e-05
0.0523851 -0.00484688 0.000194294 0.0482885 -0.00178604 0.000327268 0.0421598 0.00252394 0.000472658 0.0356434
0.00740548 0.000739953 0.0296542 0.0113195 0.000969937 0.0234155 0.0117491 0.00101479 0.015528 0.00654494
0.000713711 0.00762306 -0.00433739 1.00776e-05 0.000567637 -0.0008342 -6.16751e-05 0.123104 -0.00547165 -1.04616e-05
0.127932 -0.00576828 -6.06067e-05 0.117276 -0.00505298 9.00073e-05 0.110295 -0.0046639 0.000159399 0.10278
-0.00448626 0.000138482 0.0958903 -0.00453582 1.95244e-05 0.0908214 -0.00467924 -0.000141394 0.088159 -0.00462353
-0.000255444 0.0873547 -0.00404692 -0.000278615 0.0867784 -0.00298792 -0.000184338 0.0843999 -0.00196578 7.07041e-06
0.0790487 -0.00163454 0.000162284 0.0712862 -0.00229667 0.000153861 0.0634596 -0.0036784 -5.2833e-05 0.0582667
-0.00513093 -0.000338436 0.0562546 -0.0060773 -0.000448683 0.0556122 -0.00609695 -0.000276625 0.0539409 -0.00471681
-5.57688e-06 0.0497072 -0.00180469 0.000223156 0.0433895 0.0022278 0.000507502 0.0365781 0.00660112 0.000894011
0.0302493 0.0100542 0.00118807 0.0235681 0.0104402 0.0012137 0.0149869 0.00592821 0.000830855 0.00719335
-0.00376141 -5.10954e-05 0.000597918 -0.000706997 -9.69271e-05 0.136269 -0.00478562 -1.99403e-05 0.142447 -0.00503055
-0.000102249 0.12914 -0.004346 9.87988e-05 0.120943 -0.00395867 0.000167308 0.112313 -0.00377526 0.000143228
0.104409 -0.00382496 1.57945e-05 0.0984298 -0.00394613 -0.000154869 0.0949592 -0.00385738 -0.000280634 0.0934164
-0.00336639 -0.000307201 0.0921236 -0.0024763 -0.000184064 0.0890322 -0.00156541 4.77978e-05 0.0829897 -0.00125024
0.000216522 0.0746015 -0.00181439 0.000189631 0.0662447 -0.0030098 -5.74065e-05 0.0606139 -0.00428569 -0.000394052
0.0582467 -0.00519825 -0.000572462 0.0573291 -0.00537135 -0.000473337 0.0554724 -0.00425091 -0.000203894 0.0511056
-0.00167524 0.000125838 0.0445934 0.00186509 0.000537622 0.0374762 0.00556716 0.00101217 0.0308134 0.00845096
0.00136204 0.0237309 0.00880747 0.00139172 0.0145147 0.00509743 0.000935075 0.0068029 -0.00313084 -0.000149273
0.000624926 -0.000566894 -0.000143012 0.148838 -0.00387482 -1.37423e-05 0.156305 -0.00414805 -0.000109301 0.140466
-0.00344409 0.000103244 0.131093 -0.00313153 0.000173765 0.121379 -0.00297996 0.000143846 0.112485 -0.00301332
6.0851e-06 0.10562 -0.00309474 -0.000192113 0.101356 -0.00299328 -0.000331663 0.0990895 -0.00259214 -0.000332295
0.0971215 -0.0019005 -0.000174309 0.0933729 -0.00116946 8.78167e-05 0.086697 -0.00089896 0.000269861 0.0777367
-0.00134442 0.000226387 0.0688888 -0.00229784 -5.72949e-05 0.0628436 -0.0033215 -0.000440272 0.0601328 -0.00409181
-0.000679076 0.0589446 -0.00430694 -0.000646453 0.0568992 -0.00347024 -0.00037889 0.0524008 -0.00140831 4.9331e-05
0.0457069 0.0014434 0.000570628 0.0383041 0.00433994 0.00109821 0.0313341 0.00657173 0.00148741 0.0239008
0.00688694 0.00153621 0.0141261 0.00405686 0.00101996 0.00647951 -0.00242648 -0.000274566 0.000650203 -0.000417441
-0.000191385 0.159889 -0.00271834 -3.79654e-06 0.168512 -0.00296253 -8.01234e-05 0.150396 -0.00240823 0.000102461
0.139961 -0.00217738 0.000179334 0.129265 -0.00207572 0.000149274 0.119478 -0.00209664 4.50087e-07 0.111815
-0.0021488 -0.000223997 0.106836 -0.00205375 -0.000381827 0.103917 -0.0017398 -0.000362383 0.101357 -0.00128483
-0.000166202 0.0970543 -0.000793033 0.000123885 0.0898537 -0.000580264 0.000315258 0.0804221 -0.000887114 0.000257701
0.0711708 -0.00155061 -5.58977e-05 0.0647821 -0.00226462 -0.000476633 0.0617765 -0.00280979 -0.000767441 0.0603453
-0.00298946 -0.000791467 0.05812 -0.00244973 -0.000517848 0.0534948 -0.00100884 -3.11175e-06 0.0466452 0.000994243
0.000600149 0.0390107 0.00297039 0.0011552 0.0317898 0.00449102 0.00156667 0.0240668 0.00473648 0.00163866
0.0138252 0.00283398 0.00107686 0.00624839 -0.00164581 -0.000411107 0.000676695 -0.000264768 -0.000234009 0.167977
-0.0014069 1.76424e-07 0.177507 -0.00152713 -6.80766e-05 0.157625 -0.00126003 0.000108492 0.146381 -0.00112834
0.000184872 0.134939 -0.00107346 0.000155574 0.124478 -0.00108343 -2.5469e-07 0.116216 -0.00111042 -0.000235034
0.110702 -0.00105161 -0.000413347 0.107296 -0.000878377 -0.000392704 0.104304 -0.000669171 -0.000156337 0.0996211
-0.000420509 0.000158056 0.092067 -0.000286079 0.000347505 0.0823185 -0.000440923 0.00027841 0.0728003 -0.00078218
-5.49567e-05 0.0661819 -0.00115072 -0.000500106 0.062972 -0.00143479 -0.000826308 0.0613655 -0.00154005 -0.000887245
0.0590022 -0.00127585 -0.000605811 0.0542733 -0.000523581 -3.76273e-05 0.0473096 0.000513286 0.000615686 0.0395249
0.00151101 0.00118582 0.0321401 0.00228488 0.00160487 0.0242091 0.00242607 0.00168985 0.013617 0.00147138
0.00109772 0.00613401 -0.000812647 -0.000537033 0.00070642 -0.000118068 -0.000260771 0.171065 0 1.04317e-06
0.180963 0 -7.26921e-05 0.160373 0 0.000112753 0.148811 0 0.000188329 0.137076
0 0.000158481 0.126351 0 7.81387e-08 0.117856 0 -0.000236255 0.112133 0
-0.000424304 0.108538 0 -0.000404282 0.105384 0 -0.000148119 0.100565 0 0.0001745
0.0928846 0 0.000359769 0.0830232 0 0.000285649 0.0734116 0 -5.46694e-05 0.0667113
0 -0.000508127 0.0634266 0 -0.000845916 0.0617554 0 -0.000918219 0.0593394 0
-0.000634306 0.0545677 0 -5.04314e-05 0.0475604 0 0.000619433 0.0397242 0 0.00119467
0.0322829 0 0.00161415 0.0242717 0 0.00170131 0.0135376 0 0.00109868 0.00610922
0 -0.000595381 0.00102147 0 -0.000375939 0.195984 0.00151008 0.000560983 0.213167 0.00163866
0.000675155 0.22043 0 0.000687661 0.202243 -0 0.000570269 0.180435 0.00133337 0.000493995
0.185802 -0 0.000500801 0.179641 0.00274539 0.000536981 0.194254 0.00296921 0.000642728 0.166372
0.00242664 0.000476704 0.157273 0.00359455 0.000510036 0.168485 0.00386408 0.000605577 0.14702 0.00318389
0.000457082 0.131706 0.00399063 0.000481902 0.139192 0.00424797 0.000567 0.124772 0.00354668 0.000434833
0.105022 0.00393997 0.000445904 0.108806 0.00412966 0.00052057 0.101416 0.00351876 0.000404594 0.078831
0.00346499 0.000403315 0.0791531 0.00354054 0.000468803 0.078394 0.00311408 0.000367994 0.0545544 0.0026133
0.000356868 0.0517513 0.00253954 0.000415058 0.0570356 0.00236736 0.000326848 0.0337152 0.00143408 0.000306999
0.0281566 0.00118355 0.000358661 0.0387936 0.00131876 0.000282079 0.0182285 -2.68154e-05 0.000255086 0.0105254
-0.000484268 0.000299859 0.0253616 1.37944e-05 0.000233724 0.0101529 -0.00167311 0.000207799 0.00147279 -0.00236808
0.000253375 0.0183613 -0.00145602 0.000184092 0.0101326 -0.00331231 0.00017007 0.0019725 -0.0041739 0.000229561
0.0182169 -0.002949 0.000138824 0.0166412 -0.00476231 0.000135439 0.0100179 -0.00564558 0.000200833 0.0236938
-0.00432225 0.000104772 0.0273536 -0.00593899 0.000112774 0.0225579 -0.0067785 0.000165015 0.0329266 -0.00546985
9.39234e-05 0.0404766 -0.00674915 0.000104708 0.0375254 -0.00757598 0.000146257 0.0444212 -0.00625221 9.35978e-05
0.055045 -0.00725664 6.31648e-05 0.0539004 -0.00806888 0.000123413 0.0573217 -0.00673027 4.07534e-05 0.0711967
-0.00716934 -1.99533e-05 0.0705789 -0.00765038 1.91762e-05 0.0857897 -0.00735467 -1.1427e-06 0.0867703 -0.00776522
3.87299e-05 0.100964 -0.00709214 1.84499e-05 0.103468 -0.00746456 6.44486e-05 0.116607 -0.00662057 -3.10687e-06
0.120552 -0.00691845 5.44752e-05 0.132531 -0.00597536 -4.42119e-05 0.137847 -0.00620958 1.76485e-05 0.148399
-0.0051621 -9.63164e-05 0.155038 -0.00535016 -1.91088e-05 0.163569 -0.0042202 -0.00011698 0.171492 -0.00431328
-2.74171e-05 0.176976 -0.00302879 -9.61007e-05 0.186118 -0.00305155 -1.81293e-05 0.186923 -0.00157913 -7.73317e-05
0.197066 -0.00159634 -4.91746e-06 0.190771 0 -7.72619e-05 0.201331 0 7.35274e-07 0.659254
0.00484741 0.000957761 0.675071 0.00443632 0.00181347 0.718313 -0 0.00260927 0.699115 0
0.00128889 0.645082 0.00525383 0.000481807 0.683631 0 0.00050915 0.627875 0.00496529 0.000641286
0.665174 0 0.000677833 0.607132 0.00436877 0.000959331 0.64316 -0 0.0010502 0.583661
0.00390607 0.00115977 0.618354 -0 0.00126389 0.558718 0.00377764 0.0011881 0.59195 0
0.00127743 0.533191 0.00383327 0.00110961 0.564811 0 0.00118083 0.507637 0.00389005 0.000993544
0.537509 0 0.00105088 0.482542 0.00390979 0.000863811 0.510551 0 0.000910793 0.458274
0.00387805 0.000738119 0.484349 0 0.000776471 0.435046 0.00376804 0.000635652 0.459169 0
0.000668295 0.412945 0.00357768 0.000568769 0.435142 0 0.000599081 0.391901 0.0033354 0.000544402
0.412233 0 0.00057515 0.371648 0.00307012 0.000566493 0.390194 0 0.000598179 0.351825
0.00280006 0.000625557 0.368672 0 0.000657225 0.332113 0.00254757 0.000703081 0.347347 0
0.000734235 0.31227 0.00232517 0.00078406 0.32597 0 0.000813224 0.292172 0.00213593 0.000848563
0.304415 0 0.000874493 0.271877 0.00198378 0.000877454 0.282743 0 0.000900248 0.251626
0.00185957 0.00085884 0.2612 0 0.000878097 0.231866 0.0017477 0.000788272 0.240236 0
0.000803898 0.550824 0.00848073 0.000331607 0.559185 0.00841817 0.000367098 0.540964 0.00867544 0.000334979
0.527939 0.00838865 0.000476984 0.511248 0.00760375 0.00074239 0.491869 0.00697651 0.000929532 0.471291
0.00687557 0.000977556 0.450442 0.00703885 0.000931509 0.429815 0.00714851 0.000843445 0.409818 0.00715412
0.000737489 0.390715 0.007051 0.000633672 0.372601 0.00681166 0.000547911 0.355475 0.00643817 0.000492129
0.339221 0.00598115 0.00047441 0.323553 0.00549351 0.000500013 0.308107 0.00500348 0.00056066 0.292573
0.00454901 0.000638929 0.276711 0.00415262 0.00072096 0.260393 0.00381843 0.000789008 0.243667 0.00355385
0.000824045 0.226763 0.00334134 0.000812414 0.210107 0.0031527 0.000748515 0.38059 0.00835299 -8.65863e-05
0.373308 0.00796097 -0.000533214 0.38172 0.00920634 0.000146151 0.379109 0.00977695 0.00027748 0.371513
0.00942264 0.000528943 0.360434 0.00902821 0.000696795 0.34792 0.00910289 0.000745157 0.335043 0.00937149
0.000716916 0.322251 0.00948543 0.000650915 0.309916 0.00941912 0.000574552 0.298246 0.00919689 0.000505631
0.287282 0.00881585 0.000447096 0.277008 0.00828455 0.000408341 0.267332 0.00765965 0.000403139 0.257992
0.00700766 0.000435469 0.248609 0.00635906 0.000498636 0.238853 0.00576523 0.000577263 0.228476 0.00525927
0.00065755 0.21733 0.00484335 0.00072607 0.205455 0.00452565 0.000765466 0.19306 0.00428007 0.000760002
0.180556 0.00406939 0.000702671 0.201651 0.0010295 1.17886e-05 0.187171 -0.00209666 -0.000311621 0.211597
0.00457052 0.000138423 0.219464 0.00723531 0.000209288 0.22081 0.00827228 0.000383544 0.217719 0.00878071
0.00049229 0.212922 0.00938603 0.000523225 0.20774 0.00995519 0.000496834 0.202606 0.0102146 0.000440319
0.197956 0.0101808 0.000390644 0.19398 0.00991412 0.000362453 0.190645 0.00945689 0.000340419 0.187885
0.00883384 0.000323965 0.185611 0.00810335 0.000332188 0.183539 0.00735352 0.00037231 0.181196 0.00662943
0.0004395 0.178161 0.00599264 0.000518402 0.17412 0.00547371 0.000596671 0.168871 0.00506423 0.000664118
0.162443 0.00477482 0.000704807 0.155053 0.00457262 0.000704358 0.147118 0.00441142 0.000654151 0.0817197
-0.00380868 0.000308946 0.0780083 -0.00871688 0.000269033 0.0860476 0.00036796 0.000237751 0.0917306 0.00428942
0.000206456 0.0926639 0.00688875 0.000258977 0.0904902 0.0082885 0.00029572 0.0881125 0.00920571 0.000306554
0.0866805 0.00986446 0.000284204 0.0861486 0.0101113 0.000233658 0.0869714 0.00995804 0.000198905 0.0892717
0.00951041 0.000202062 0.0927722 0.0088879 0.000222173 0.0971686 0.00813633 0.000238583 0.102211 0.00731337
0.000263395 0.107526 0.00651474 0.000311484 0.112469 0.00577319 0.000381189 0.116385 0.00516933 0.000458759
0.118818 0.0047437 0.000534007 0.119515 0.0044589 0.000598849 0.118514 0.0043025 0.000638811 0.116075
0.00422869 0.000641231 0.112643 0.00418964 0.000597373 0.00424783 -0.0044265 0.000435776 0.0127803 -0.0106043
0.000501069 -0.00513453 -0.000451756 0.000299611 -0.0116571 0.00372689 0.000174506 -0.016973 0.0069302 0.000112466
-0.0214823 0.00853014 9.29012e-05 -0.023699 0.00918355 9.64809e-05 -0.0231599 0.00953169 9.50573e-05 -0.0205288
0.0095047 6.16596e-05 -0.0155878 0.00900575 3.10826e-05 -0.00832934 0.00817592 4.59577e-05 0.000824135 0.00722094
9.9684e-05 0.011377 0.00622743 0.000149204 0.0229017 0.00524414 0.000188912 0.0352624 0.00439408 0.000241656
0.0474103 0.00374435 0.000312637 0.0578847 0.00334106 0.000391269 0.0662988 0.00314591 0.000466829 0.072476
0.0030744 0.000532243 0.0764429 0.00313438 0.000573088 0.0785243 0.00328242 0.000576612 0.0792144 0.00344228
0.000537253 -0.0689424 -0.00173997 0.000518865 -0.0512817 -0.00930461 0.000706618 -0.0877461 0.0026056 0.00033701
-0.101637 0.00615314 0.000135738 -0.111236 0.00854778 -1.55946e-05 -0.116719 0.00945146 -8.80066e-05 -0.118119
0.00932632 -9.02647e-05 -0.115584 0.00899607 -6.73771e-05 -0.110003 0.00844609 -7.55096e-05 -0.101612 0.00746278
-0.000109506 -0.0905713 0.00613602 -0.000108025 -0.0772912 0.00472848 -3.83428e-05 -0.0623755 0.00342418 4.41128e-05
-0.0464662 0.00220571 0.00010165 -0.0295397 0.00119643 0.000159623 -0.0122755 0.000647249 0.000232524 0.00370949
0.000552913 0.000313117 0.0179145 0.000703801 0.000390926 0.0295048 0.000989751 0.000459433 0.038014 0.00138984
0.000501805 0.0441437 0.001828 0.000507225 0.0484684 0.00223849 0.000475406 -0.137105 0.00274217 0.000583177
-0.115658 -0.00409438 0.000967637 -0.157639 0.00647698 0.000374086 -0.172142 0.00915675 0.000125134 -0.18284
0.0106076 -8.66935e-05 -0.188071 0.0104916 -0.000206657 -0.188054 0.00940026 -0.000232087 -0.183328 0.00818002
-0.000201871 -0.174919 0.00693162 -0.000179813 -0.163469 0.00543722 -0.000212242 -0.149397 0.00365136 -0.000239647
-0.133181 0.00174529 -0.000174414 -0.115398 4.87079e-05 -5.78112e-05 -0.0967299 -0.00137824 2.55891e-05 -0.0776856
-0.00252395 8.56275e-05 -0.05859 -0.0030962 0.000155114 -0.0401327 -0.00304548 0.000236413 -0.0228551 -0.00258209
0.000316826 -0.00778629 -0.00182593 0.000387592 0.00450848 -0.000959839 0.000430178 0.0143335 -0.000117472 0.000434209
0.0219214 0.000638293 0.000409233 -0.185108 0.00702185 0.000629494 -0.164035 0.00192188 0.00118962 -0.205216
0.0101635 0.000406988 -0.21941 0.0122637 0.000135038 -0.229174 0.0128232 -0.000111917 -0.232597 0.0114622
-0.000261072 -0.229908 0.00916727 -0.000318775 -0.221935 0.00693707 -0.000299752 -0.209817 0.00487211 -0.000241144
-0.194447 0.00280389 -0.0002403 -0.176634 0.000630041 -0.000288164 -0.157279 -0.00165982 -0.000256717 -0.137198
-0.00371531 -0.000120936 -0.117086 -0.00526745 -9.84239e-06 -0.0976535 -0.00635483 4.67918e-05 -0.0793318 -0.00683268
0.00010347 -0.0622312 -0.00664784 0.000179232 -0.0464388 -0.0059749 0.000258838 -0.0320861 -0.00493468 0.000329757
-0.0191564 -0.00374533 0.000381579 -0.00779803 -0.00250854 0.000380508 0.00197513 -0.00133759 0.000344214 -0.211556
0.0112456 0.000639142 -0.190732 0.00770575 0.00131084 -0.23085 0.0136855 0.000418714 -0.243011 0.0149319
0.000154674 -0.249974 0.0144624 -9.46399e-05 -0.249786 0.0117993 -0.00025454 -0.242782 0.00813193 -0.000322369
-0.230118 0.00481734 -0.000322304 -0.213015 0.0018629 -0.000257163 -0.193027 -0.000829928 -0.000195592 -0.171825
-0.0031867 -0.000222793 -0.150384 -0.00548304 -0.000248814 -0.129466 -0.00758658 -0.00013826 -0.109804 -0.00907306
-5.9168e-06 -0.0918535 -0.00993669 5.52737e-05 -0.0757596 -0.0101552 9.07048e-05 -0.0614674 -0.00968195 0.000143309
-0.0487922 -0.00878004 0.000217303 -0.0374608 -0.00759527 0.000284463 -0.0271332 -0.00625064 0.000346589 -0.0173813
-0.00486226 0.00035649 -0.0077862 -0.00349288 0.000307602 -0.219338 0.015152 0.000619781 -0.199468 0.013142
0.0013393 -0.236252 0.0164516 0.000414238 -0.244859 0.0166136 0.000171296 -0.247587 0.0150823 -5.54803e-05
-0.242545 0.0112039 -0.000209124 -0.230212 0.00618477 -0.000274138 -0.212071 0.00161792 -0.000289452 -0.190477
-0.00218391 -0.000249899 -0.168017 -0.00519809 -0.00014576 -0.146102 -0.00738983 -0.000109436 -0.125089 -0.00933616
-0.000172975 -0.105245 -0.01123 -0.000135059 -0.0871845 -0.0125027 3.23679e-07 -0.0713171 -0.0130211 9.29335e-05
-0.0576202 -0.0130305 0.000135322 -0.0459694 -0.012329 0.000153034 -0.0361632 -0.0110949 0.000191955 -0.0278483
-0.00969329 0.000246496 -0.0205324 -0.00819492 0.000298046 -0.013481 -0.00675777 0.000326251 -0.00600077 -0.00539875
0.000296194 -0.211219 0.0185067 0.000585039 -0.193617 0.0183788 0.00127972 -0.224191 0.0183335 0.000397342
-0.227967 0.0172855 0.000176377 -0.225485 0.0145038 -3.97842e-05 -0.214811 0.00918935 -0.000190455 -0.196438
0.00284844 -0.000246809 -0.173731 -0.00265035 -0.000245218 -0.150593 -0.00674452 -0.000212428 -0.128597 -0.00961751
-0.000117069 -0.108099 -0.0115115 -2.45433e-05 -0.0890251 -0.0129869 -6.9725e-05 -0.0714159 -0.0144921 -0.000122895
-0.0558012 -0.0154698 -1.7645e-05 -0.0426096 -0.0155569 0.000120326 -0.0316782 -0.0151883 0.000202586 -0.0226994
-0.0143614 0.000239876 -0.0155194 -0.0130422 0.000237978 -0.00984231 -0.0114587 0.0002381 -0.00511319 -0.00979077
0.000253762 -0.000620689 -0.00824931 0.000272716 0.00428064 -0.00686584 0.000262519 -0.189716 0.0207519 0.000543637
-0.175862 0.0224443 0.00113412 -0.196767 0.0186593 0.000385144 -0.194221 0.0160035 0.000181988 -0.185386
0.0120943 -3.04083e-05 -0.167585 0.00526136 -0.000169173 -0.143734 -0.00218811 -0.000195897 -0.119814 -0.00764629
-0.00015865 -0.0980239 -0.0112347 -0.000118269 -0.078284 -0.0137034 -7.29251e-05 -0.0606577 -0.0152892 1.73686e-05
-0.0448201 -0.0163856 1.52235e-05 -0.0306277 -0.0174665 -0.000113388 -0.0184355 -0.0180422 -6.28637e-05 -0.00864484
-0.0176535 0.000101286 -0.00108863 -0.0166849 0.000207654 0.00472524 -0.0155407 0.000307657 0.00903724 -0.0142533
0.000347065 0.0120637 -0.0126962 0.000325845 0.0143171 -0.0110437 0.000282901 0.0164263 -0.00945482 0.000252116
0.0189894 -0.0079992 0.000222521 -0.155797 0.0214966 0.000494248 -0.147548 0.0264262 0.00098029 -0.154054
0.0170235 0.000373306 -0.142379 0.0133482 0.000229887 -0.124593 0.00779556 5.09753e-05 -0.0994463 -0.000527146
-5.37128e-05 -0.0746091 -0.00790967 -5.41534e-05 -0.0536676 -0.0125046 -1.85883e-05 -0.0348572 -0.0153375 7.14258e-06
-0.0190363 -0.0171947 7.90933e-06 -0.00576474 -0.0183842 4.60293e-05 0.00556268 -0.0193298 5.69737e-05 0.0151755
-0.0200748 -7.98181e-05 0.0229399 -0.0202095 -7.95488e-05 0.0285691 -0.0193586 7.12755e-05 0.0322463 -0.0178629
0.000172673 0.0344985 -0.0163274 0.000267765 0.0356155 -0.0147602 0.000353006 0.0358287 -0.0131832 0.000403706
0.0356005 -0.0116829 0.000377295 0.0354552 -0.0101863 0.000308804 0.0359274 -0.00875246 0.00022492 -0.108355
0.0197791 0.000447842 -0.109844 0.0269544 0.000760074 -0.0899405 0.0128526 0.000402392 -0.0626324 0.00703589
0.000281059 -0.0356876 0.00083944 0.00017993 -0.0119327 -0.00690142 0.000137765 0.00610384 -0.0128686 0.000136533
0.0214388 -0.0165586 0.0001357 0.0350293 -0.0186994 0.000129464 0.045364 -0.0198148 0.000110396 0.0532066
-0.0205442 9.42558e-05 0.0591332 -0.0211243 0.000151136 0.0634815 -0.0213231 0.000135701 0.0663366 -0.0212374
2.48738e-05 0.0674783 -0.0203184 5.69671e-05 0.0670669 -0.0185557 0.000156924 0.065652 -0.0168323 0.000212443
0.0635222 -0.0150851 0.000277968 0.0608742 -0.0133299 0.000356934 0.0581336 -0.0117523 0.000390937 0.0557609
-0.0103535 0.000328388 0.0542034 -0.00910614 0.000216387 -0.0301987 0.0136249 0.000366218 -0.0614477 0.0288568
0.000653566 0.019526 0.00282082 0.000387464 0.0515068 -0.00208071 0.00037217 0.0717176 -0.00573227 0.000345827
0.0836162 -0.0111778 0.000347515 0.0921431 -0.0161707 0.000324616 0.100673 -0.0194123 0.000284232 0.107336
-0.0209145 0.00024453 0.111267 -0.0213851 0.000206102 0.113121 -0.0216384 0.000166013 0.11329 -0.0215127
0.00025673 0.112159 -0.0209284 0.000359737 0.110062 -0.0206584 0.000236969 0.106852 -0.0200309 0.000143747
0.102484 -0.0184691 0.000178523 0.0974606 -0.0167653 0.000219513 0.0921569 -0.0150627 0.000265523 0.0867364
-0.0133001 0.000304418 0.0815249 -0.0116415 0.000320032 0.0769293 -0.0102878 0.000267518 0.0733611 -0.00921441
0.000179728 0.0711994 -0.00832094 9.85344e-05 0.0991611 -0.00482376 0.000258522 0.0221606 0.0205008 0.00024199
0.154438 -0.0107467 0.000352302 0.173398 -0.00766731 0.00042475 0.177281 -0.00828415 0.000506483 0.177435
-0.0130881 0.000547632 0.178175 -0.0180865 0.000504342 0.179221 -0.0209947 0.000424186 0.178636 -0.0218812
0.000349151 0.175872 -0.0218126 0.000286052 0.171497 -0.0216029 0.000248387 0.165928 -0.0210991 0.000270816
0.159485 -0.0201206 0.000351824 0.152593 -0.0192777 0.00033691 0.145276 -0.0186494 0.000236182 0.137299
-0.0175972 0.000211428 0.128997 -0.0161059 0.000249194 0.120781 -0.0144925 0.000291914 0.112798 -0.0128794
0.000307307 0.10529 -0.0113648 0.000286639 0.0985924 -0.0101091 0.000231727 0.0930873 -0.00911579 0.000166188
0.0891068 -0.00831148 9.99924e-05 0.251967 -0.0275826 -1.1361e-05 0.177504 -0.00229245 -0.000334968 0.279511
-0.0197176 0.000307293 0.282939 -0.0092655 0.000483402 0.275384 -0.00812311 0.000705134 0.266314 -0.0132101
0.000763307 0.258854 -0.0183919 0.00067776 0.252075 -0.0210171 0.000550868 0.244312 -0.0214178 0.000446379
0.235134 -0.0209289 0.000364807 0.22499 -0.020395 0.000316455 0.214306 -0.0198234 0.000268511 0.203336
-0.0189816 0.000263396 0.192367 -0.0177744 0.000264096 0.181465 -0.0169526 0.000219804 0.170417 -0.0162448
0.000227333 0.159396 -0.0149428 0.000272932 0.148717 -0.0135026 0.000316163 0.138507 -0.0120691 0.00033088
0.128964 -0.010751 0.000302308 0.120376 -0.0096598 0.000251124 0.11309 -0.00873213 0.000194542 0.107413
-0.00798184 0.0001244 0.374547 -0.0377231 -0.00078741 0.33814 -0.012971 -0.000715391 0.383117 -0.0225719
0.000112075 0.374153 -0.00877431 0.000773727 0.357141 -0.00679441 0.00110831 0.340036 -0.0119624 0.00105619
0.325342 -0.0171949 0.000835702 0.312016 -0.0196024 0.000646971 0.298528 -0.0196921 0.00052646 0.284447
-0.0189496 0.000434949 0.270107 -0.0182521 0.000357595 0.255821 -0.0176423 0.000277855 0.24172 -0.0169706
0.000217515 0.227938 -0.0160149 0.000196898 0.214461 -0.0152057 0.000208408 0.201164 -0.014497 0.0002469
0.188121 -0.0133903 0.00029258 0.175514 -0.0121674 0.000336799 0.163488 -0.0109417 0.000358702 0.152221
-0.00982508 0.000340468 0.141999 -0.00887067 0.00030592 0.133157 -0.00800654 0.000236355 0.125971 -0.00734761
0.000133186 0.443897 -0.0357104 -0.00225858 0.411714 -0.012361 -0.00110216 0.448163 -0.0195557 -0.000238238
0.433769 -0.0053687 0.0012183 0.411642 -0.00369653 0.00164697 0.390275 -0.00916091 0.00137087 0.371933
-0.0145131 0.000955183 0.355272 -0.0168899 0.000700463 0.338774 -0.0169227 0.000578786 0.322131 -0.0161663
0.000486556 0.305718 -0.0154924 0.000390662 0.289754 -0.014966 0.00029746 0.27421 -0.0144298 0.00020976
0.25906 -0.0139289 0.000144743 0.244209 -0.0132516 0.00016936 0.229547 -0.0124139 0.000249058 0.215135
-0.0115675 0.000307588 0.201116 -0.0105777 0.000355184 0.187642 -0.00956379 0.000383586 0.174934 -0.00862902
0.000395074 0.163326 -0.00778833 0.000368982 0.15314 -0.00705109 0.000260947 0.144617 -0.0065358 0.000120523
0.479127 -0.0325755 -0.00411961 0.429619 -0.0187398 -0.00296383 0.486484 -0.0155466 -0.000538023 0.470528
-0.00236227 0.00172431 0.446346 -0.00123385 0.00218896 0.423906 -0.00661814 0.0016453 0.405011 -0.011754
0.00101729 0.387677 -0.0139728 0.00070219 0.370263 -0.0139552 0.000595758 0.352683 -0.0132547 0.000515196
0.33552 -0.0126703 0.000417088 0.319002 -0.0122667 0.000323579 0.302968 -0.011985 0.000215573 0.287292
-0.0117727 0.000154983 0.271836 -0.0111653 0.000185512 0.256381 -0.0103076 0.000250538 0.240986 -0.00958742
0.000319139 0.22585 -0.008811 0.000369716 0.211139 -0.00799359 0.000399884 0.197144 -0.00717678 0.000422289
0.184261 -0.00646218 0.000398581 0.172833 -0.00592477 0.000278105 0.163076 -0.00557096 0.000114853 0.513873
-0.0262894 -0.00657429 0.451495 -0.0205994 -0.00746684 0.522994 -0.0102474 -0.000849173 0.505208 0.000521874
0.00225461 0.479237 0.000799167 0.00270607 0.456185 -0.00422864 0.00188758 0.437118 -0.00884673 0.00106031
0.419445 -0.0107772 0.000692456 0.401343 -0.0107271 0.000601633 0.382915 -0.0101582 0.000538039 0.364955
-0.00972901 0.000441051 0.347727 -0.00947487 0.000354175 0.331037 -0.00935697 0.000294221 0.314785 -0.00914866
0.000289392 0.298758 -0.00863114 0.000299258 0.282553 -0.00802155 0.000298201 0.266188 -0.00746531 0.000334327
0.249928 -0.00689447 0.000381476 0.233986 -0.00627447 0.000410214 0.218697 -0.00560895 0.000409973 0.204499
-0.00500672 0.000373403 0.191784 -0.0046279 0.000269816 0.180778 -0.00443592 0.000114091 0.552304 -0.0196304
-0.00853817 0.486225 -0.0233305 -0.011318 0.561044 -0.00614954 -0.00104883 0.54142 0.0017524 0.00276958
0.51411 0.00162862 0.00318459 0.490465 -0.00239165 0.00213957 0.470937 -0.00600862 0.00114748 0.452592
-0.00747312 0.000712079 0.433506 -0.00742576 0.000618986 0.413928 -0.00700945 0.000571231 0.394816 -0.00671571
0.000473875 0.37648 -0.00652152 0.000386182 0.35876 -0.00624612 0.000369881 0.341588 -0.00591155 0.000377926
0.324662 -0.00565038 0.000352717 0.307467 -0.0054491 0.000333376 0.289983 -0.00518316 0.000358408 0.272479
-0.004822 0.000406008 0.255211 -0.00440326 0.000435035 0.238558 -0.00394805 0.000420221 0.222984 -0.00350488
0.000354939 0.208919 -0.0032347 0.000253134 0.196633 -0.00313385 0.000119525 0.581951 -0.00856211 -0.0094985
0.514959 -0.0152298 -0.0166693 0.590909 -0.00131164 -0.000856782 0.571231 0.00223225 0.00318448 0.544186
0.00166838 0.00351401 0.520813 -0.000797487 0.00233558 0.501224 -0.00286959 0.00121067 0.482283 -0.00372884
0.000704114 0.462162 -0.0037739 0.000622833 0.441334 -0.00358486 0.000594922 0.420937 -0.00344164 0.000495837
0.401393 -0.0033164 0.000386558 0.382543 -0.00302529 0.000320913 0.364252 -0.00271045 0.000287576 0.346218
-0.00269905 0.000287708 0.327933 -0.00278324 0.000325323 0.309315 -0.00270227 0.000385965 0.290601 -0.00254033
0.000447585 0.272071 -0.00232519 0.000478304 0.254144 -0.00208254 0.000458578 0.237317 -0.00186042 0.000376863
0.22205 -0.00171432 0.000261333 0.208636 -0.001647 0.000131128 0.593681 0 -0.0100149 0.521382
0 -0.0212653 0.603198 0 -0.000697653 0.584067 0 0.0033516 0.557643 0
0.00361902 0.534645 0 0.00239015 0.515059 0 0.00121431 0.495746 0 0.00068269
0.475023 0 0.000619244 0.453496 0 0.000602865 0.432401 0 0.000501256 0.412221
0 0.000375885 0.392799 0 0.000266346 0.373925 0 0.000193099 0.355297 0
0.000223155 0.336472 0 0.000314808 0.317325 0 0.000398996 0.298044 0 0.000470623
0.278938 0 0.00050201 0.260435 0 0.000478483 0.243048 0 0.000393639 0.227256
0 0.000271381 0.213353 0 0.000136798 0.681272 0.0162739 -0.00393084 0.676371 0.0188529
-0.00540561 0.722343 7.54099e-40 -0.00787148 0.72713 3.10766e-41 -0.00575089 0.6835 0.01251 -0.00191848
0.728925 -5.8294e-43 -0.00284325 0.683019 0.00868268 -5.19971e-05 0.727699 -2.8026e-45 -0.00015479 0.680425
0.00565534 0.00136476 0.724145 0 0.00190222 0.553294 0.022764 -0.00158413 0.546069 0.0263064
-0.00197744 0.558186 0.0180207 -0.000976863 0.560641 0.0133743 -0.000353376 0.561028 0.00983571 0.000156951
0.341919 0.0155882 -0.000811822 0.32695 0.0169195 -0.000715463 0.353794 0.0132381 -0.000821422 0.362575
0.0106902 -0.000751559 0.368555 0.00868628 -0.000657644 0.146677 -0.00528444 -0.00021988 0.130184 -0.00700693
-8.43033e-05 0.160549 -0.00404972 -0.000310677 0.171577 -0.00332226 -0.000345236 0.179783 -0.0028661 -0.000365102
0.0537812 -0.0202145 0.000356557 0.0436226 -0.0233859 0.000462985 0.0627441 -0.0169516 0.000285092 0.0698069
-0.0139969 0.000257042 0.0747932 -0.0112302 0.000245521 0.00598717 -0.0287517 0.000670142 0.000569657 -0.0329734
0.000784033 0.0104397 -0.0243277 0.000583262 0.0131502 -0.0199361 0.000526859 0.0140871 -0.0150058 0.00049953
-0.0387515 -0.0282825 0.000726065 -0.0376241 -0.0341491 0.000822477 -0.041409 -0.0221975 0.000688746 -0.0457469
-0.0151885 0.000714162 -0.0893219 -0.0246921 0.000932561 -0.0816299 -0.031718 0.00106022 -0.097731 -0.0175307
0.000929226 -0.10706 -0.00987332 0.00101932 -0.131291 -0.0152582 0.00115899 -0.118531 -0.022007 0.00134727
-0.143186 -0.0087174 0.0011594 -0.15466 -0.00240018 0.00128746 -0.15767 -0.00317918 0.00126506 -0.143309
-0.00744222 0.00150037 -0.170012 0.00106855 0.00126579 -0.181492 0.00504526 0.00142971 -0.167913 0.00835272
0.00126051 -0.154325 0.00718489 0.00149151 -0.179448 0.0100791 0.00127051 -0.19044 0.0118661 0.00146229
-0.164881 0.0189642 0.00117897 -0.153114 0.0200476 0.00136887 -0.175169 0.0186385 0.00119265 -0.18526
0.0184725 0.0013892 -0.1517 0.0273636 0.00104004 -0.142521 0.0295589 0.00117671 -0.160113 0.0255798
0.00105054 -0.168677 0.0237753 0.00122118 -0.129442 0.0343352 0.000917279 -0.122874 0.0368046 0.00100524
-0.135617 0.0318121 0.000920051 -0.142075 0.0289206 0.00104861 -0.0988556 0.0372927 0.000789846 -0.0950932
0.0397848 0.000853688 -0.102275 0.034199 0.000781659 -0.106218 0.0304614 0.000844164 -0.0600286 0.0394655
0.000778356 -0.0585523 0.0418939 0.000854321 -0.060491 0.0361248 0.000746191 -0.0611564 0.0330804 0.000758583
-0.00182411 0.0365546 0.000637288 -0.00122414 0.0396976 0.000703973 0.00151076 0.0317734 0.000587948 0.00633103
0.0281867 0.000435675 0.160243 0.0354196 0.000729364 0.173224 0.0416764 0.000673744 0.15475 0.0252265
0.000580016 0.155857 0.0136069 6.37532e-05 0.349217 0.0535747 0.00271185 0.373077 0.0658799 0.00173482
0.333151 0.0341049 0.00227837 0.327721 0.0108551 0.00058923 0.415839 0.06929 0.00808211 0.436134
0.088108 0.00568837 0.40196 0.0421689 0.00679766 0.399994 0.0131232 0.00249014 0.41597 0.0675988
0.0145966 0.436308 0.0961637 0.0121313 0.404848 0.0337219 0.0105255 0.408788 0.00305961 0.00262778
0.420518 0.0645269 0.0207324 0.446146 0.105661 0.0208066 0.412021 0.0260872 0.0112365 0.422787
-0.00337176 -0.000866333 0.438938 0.0346451 0.0244787 0.464017 0.093737 0.0324184 0.436924 0.00231437
0.00903274 0.453858 -0.0154391 -0.0050092 0.430612 0.0177072 0.0164963 0.430203 0.0790516 0.0459045
0.452571 -0.00650955 -0.00491044 0.480955 -0.0141874 -0.0146625 0.41136 0 0.00808356 0.389384
0 0.0531163 0.452196 0 -0.0166411 0.489579 0 -0.0224248 0.669424 0.0190318
-0.00568356 0.715145 -1.19753e-37 -0.00819326 0.537152 0.0272614 -0.00197422 0.309162 0.0164226 -0.000392061
0.110929 -0.0093129 0.000242662 0.0316149 -0.0266871 0.000735289 -0.00715424 -0.037781 0.00119966 -0.0373969
-0.0398225 0.000996904 -0.040781 -0.0467896 0.00189751 -0.0738632 -0.0389284 0.00136394 -0.0724149 -0.0488196
0.00380237 -0.103175 -0.0294084 0.00177649 -0.124365 -0.012042 0.00200114 -0.136786 0.0067712 0.00201782
-0.139632 0.0225445 0.00185008 -0.133199 0.032818 0.00149331 -0.116572 0.0397178 0.00116687 -0.0915953
0.0420839 0.000952993 -0.0572454 0.0439815 0.000928326 -0.000459294 0.0410606 0.000682289 0.188762 0.0435669
0.000389036 0.398889 0.0708528 3.57257e-05 0.453203 0.0959725 0.00137385 0.453161 0.111042 0.00509111
0.474269 0.13599 0.0101083 0.498345 0.165051 0.0257659 0.449332 0.179888 0.0877902 0.394285
0 0.137211 0.711641 4.17031e-35 0.0294404 0.653973 -0.0118588 0.0141381 0.699436 1.64115e-35
0.0197542 0.651542 -0.00119673 0.00583562 0.696379 -2.99185e-35 0.00863427 0.654964 0.00882095 -0.000500921
0.699806 -1.83229e-35 -0.000441102 0.661717 0.0158217 -0.00421593 0.70695 -2.97835e-36 -0.0059019 0.514515
-0.004877 0.0038055 0.514798 0.0071249 0.00164872 0.519627 0.0176469 -0.000173359 0.527726 0.0245301
-0.00141465 0.246579 -0.00424932 0.0006692 0.258659 0.00252932 0.00096008 0.273114 0.00913135 0.000764643
0.290294 0.0137985 0.000210775 0.0499779 -0.0253532 0.00273754 0.0606324 -0.0176786 0.00187392 0.0731778
-0.01337 0.00135401 0.0904282 -0.0115016 0.000786026 0.0116263 -0.0299524 0.00381925 0.00666064 -0.0185271
0.00256517 0.00773194 -0.0212085 0.00169078 0.0174486 -0.0270171 0.00106751 -0.0172875 -0.0130432 0.00803835
-0.0253261 -0.00615553 0.00603772 -0.0270305 -0.0218776 0.00338929 -0.0191281 -0.0370812 0.00166797 -0.0459142
0.0250422 0.00446781 -0.0577798 0.0257204 -0.00105592 -0.0632748 -0.0125293 -0.000763652 -0.0529491 -0.0455711
0.00279289 -0.078806 0.127529 -0.00505962 -0.0646728 0.120124 -0.00171725 -0.112703 0.105652 -0.0161555
-0.0977009 0.126914 -0.013786 -0.192206 0.0548292 0.00147047 -0.180726 0.10083 -0.0120698 -0.0874105
-0.0515452 9.48387e-05 -0.076623 0.0599358 -0.0224518 -0.0700621 0.0527765 -0.0218788 -0.0659836 0.0482122
-0.020475 -0.111572 0.0523482 -0.0290031 -0.103179 0.0609527 -0.0277331 -0.0938105 0.06607 -0.0254423
-0.199406 0.0253465 -0.0165812 -0.131916 0.0135565 -0.0329775 -0.10323 -0.048228 -0.00190503 -0.230412
-0.0475763 0.000302861 -0.24642 0.0140397 -0.00240223 -0.0941381 -0.0395609 0.00573218 -0.099321 -0.0577701
-0.032427 -0.0814242 -0.0528401 -0.0317183 0 0 0 0 0 0
-0.107997 -0.0235021 -0.000414534 -0.21915 -0.0291597 0.00451678 -0.223796 -0.0436207 0.00186944 -0.109252
-0.0168376 0.00628353 -0.0706839 -0.0283714 -0.0331224 -0.0721132 -0.0192184 -0.034002 0 0
0 0 0 0 -0.12186 0.0124303 -0.00107615 -0.23804 0.0102635 0.00582229
-0.230511 -0.0110036 0.00325735 -0.121995 0.00953006 0.00595711 -0.0786083 0.00346194 -0.0346411 -0.0890667
0.0178495 -0.035781 0 0 0 0 0 0 -0.139411 0.0372853
-0.00363842 -0.28584 0.0334021 0.00643893 -0.264331 0.0277807 0.00514938 -0.129324 0.0291467 0.00503413
0 0 0 0 0 0 -0.110619 -0.0376627 -0.0265367 -0.107412
-0.036773 -0.0259448 0 0 0 0 0 0 -0.13234 -0.0145567
-0.0188616 -0.123927 -0.0258666 -0.0246034 -0.136093 0.0561617 -0.0315469 -0.178179 0.0456455 -0.022073
-0.260271 -0.0298736 -0.0113834 -0.186494 0.00752249 -0.0269602 -0.188452 0.0411978 -0.0213305 0
0 0 -0.137075 0.0434755 -0.00095913 -0.250142 -0.0584352 0.00812616 -0.312353 -0.0254949
0.00653338 -0.126661 0.038417 0.00329632 -0.0865233 -0.0142788 0.00426848 -0.109868 -0.118353 -0.00635011
-0.127413 -0.113568 -0.00913694 -0.107987 -0.00410572 -0.00196841 -0.149941 -0.108903 -0.0159287 -0.165911
-0.0998628 -0.0165854 -0.116985 0.0265467 -0.00157148 -0.241596 -0.104952 -0.00774694 -0.11412 0.0456714
0.00270862 -0.111657 0.0433229 0.00175694 -0.0627915 0.0329449 0.00731331 -0.0787193 0.0342407 0.00542996
-0.0869116 0.0423472 0.00297641 -0.0887752 0.0463594 0.00149548 -0.0888209 0.0444086 0.0011759 -0.0405562
0.0542775 0.00346993 -0.0537435 0.0496232 0.00219483 -0.058014 0.0491428 0.00142457 -0.0577665 0.0483723
0.00109934 -0.0566537 0.0459786 0.00102054 0.0224275 0.0689395 0.00254964 0.00682962 0.0545065 0.0014971
0.00071827 0.0449775 0.00084035 -0.000238993 0.0416186 0.000607353 0.000154277 0.0410682 0.000636928 0.30732
0.0979512 0.00451799 0.266079 0.0736807 0.00258953 0.240139 0.0544011 0.000408808 0.221731 0.0454233
-0.000346505 0.205333 0.043449 -5.52583e-05 0.504074 0.140318 0.017644 0.472229 0.111654 0.00802597
0.45377 0.0900042 0.000694484 0.439181 0.0776212 -0.00200555 0.421666 0.0728266 -0.00158608 0.37242
0.114366 0.0264093 0.403826 0.103671 0.0107991 0.431373 0.0971604 0.000573159 0.451035 0.0951889
-0.00315716 0.459052 0.096256 -0.00219286 0.325983 0.0519649 0.0256893 0.372239 0.0740914 0.0123369
0.410763 0.0906059 0.00222379 0.439732 0.102745 -0.00223867 0.455166 0.111012 -0.000880098 0.412318
0.0719826 0.0126488 0.441656 0.103644 0.00798395 0.466057 0.12445 0.000986891 0.483495 0.136349
-0.00353682 0.488325 0.143488 -0.00110372 0.49924 0.177972 0.018979 0.493056 0.19336 -0.00691299
0.507512 0.207089 -0.0131674 0.522233 0.209689 -0.00759065 0.521986 0.203403 0.00541089 0.708469
0.166686 0.018165 0.62548 0.322622 0.0375093 0.550437 0.366437 0.0615867 0.519623 0.301953
0.0694121 0.491985 0.258987 0.0901858 0.870242 0 -0.00279123 0.745842 0 0.0898022
0.588662 0 0.147207 0.510356 0 0.148313 0.454226 0 0.167592 -0.0617109
0.0380334 -0.0194064 0 0 0 0 0 0 -0.0644992 0.0233947
-0.0196638 -0.071657 0.0285209 -0.021217 -0.139059 -0.0522444 -0.026032 -0.134181 -0.0242278 -0.0278743
-0.142722 0.031618 -0.0244949 -0.129773 0.0241253 -0.0257378 -0.123654 0.00948799 -0.0239916 -0.111712
0.0472997 -0.0335914 0 0 0 -0.150317 0.0399259 -0.0244587 -0.0851472 0.0601502
-0.0234409 -0.0768809 0.0341272 -0.0226358 0 0 0 0 0 0
0 0 0 -0.0862521 0.040616 -0.0242619 -0.0898528 0.0419468 -0.0251821 -0.122648
0.0256059 -0.0294561 -0.0925442 0.0372266 -0.025068 0 0 0 0 0
0 -0.119522 -0.0020544 -0.0223917 -0.115165 -0.0439585 -0.0245121 -0.11729 -0.0490669 -0.0253748
-0.0702424 -0.0376317 -0.0327715 0 0 0 -0.112584 -0.0276668 -0.0241733 -0.10782
-0.0388519 -0.0250866 -0.114296 -0.0103451 -0.0248873 -0.109798 -0.0167366 -0.0255543 -0.0709515 -0.00595639
-0.0343374 0 0 0 -0.110189 -0.00407486 -0.0252865 -0.0982262 0.0307993 -0.035543
0 0 0 0 0 0 -0.103622 -0.0347223 -0.024735 -0.0992254
-0.0537766 -0.0226523 -0.105236 -0.0595132 -0.0238674 0 0 0 -0.118555 -0.0327419
-0.0263529 -0.112367 -0.0580336 -0.0256493 -0.119735 -0.0601302 -0.0266147 -0.128481 -0.054095 -0.0282343
-0.138546 -0.0513312 -0.0294708 0 0 0 -0.17421 0.023867 -0.0132702 -0.148677
-0.0369397 -0.02865 -0.159794 -0.0243536 -0.0252778 -0.174267 0.00180005 -0.0225331 -0.0736715 -0.0438984
-0.0324308 0 0 0 -0.0718605 -0.0115548 -0.0345823 0 0 0
0 0 0 -0.114243 -0.0362677 -0.0266325 0 0 0 -0.149034
0.00189757 -0.0108396 -0.0819291 0.0376068 -0.0235384 0 0 0 -0.0996735 0.0224277
-0.021839 0 0 0 
vorticity 3 3615 float
-0.0154398 2.7608 -0.297906 -0.131499 3.29853 -0.29555 -0.116749 -0 -0.275071 -0.00912588 -0
-0.268211 0.11035 2.38001 -0.150285 0.101872 -0 -0.123524 0.0759721 1.99855 0.010714
0.0638279 -1.4013e-45 0.0191947 0.0343652 1.51861 -0.0242188 0.0235955 2.41023e-43 -0.0132558 0.0341307
1.36978 -0.0279132 0.0211108 2.33545e-40 -0.0171285 0.034977 1.37689 -0.0251601 0.0181514 1.76468e-38
-0.0154191 0.0478154 1.39304 -0.0235209 0.0241063 -7.86631e-37 -0.0147272 0.0697721 1.44344 -0.0219526
0.0361453 -1.16801e-34 -0.0141616 0.100795 1.51858 -0.0211058 0.0526502 -3.04498e-33 -0.0145471 0.14582
1.62958 -0.0209767 0.0766182 4.0268e-32 -0.0163273 0.212088 1.79269 -0.0213451 0.112406 2.08792e-30
-0.0202408 0.309668 2.03249 -0.0207689 0.166085 3.34665e-30 -0.027015 0.452001 2.38671 -0.0205087
0.247108 -3.30718e-28 -0.0419649 0.665009 2.9091 -0.00948392 0.373026 -6.72606e-28 -0.0716435 0.993028
3.74241 0.200605 0.610339 6.86711e-27 -0.0194219 0.181096 2.40037 1.02378 0.786873 -2.89051e-26
0.470768 -0.536781 1.6807 0.917045 -0.766595 1.64871 1.59021 -0.343004 1.7064 1.07232
-0.247637 -3.25823e-28 0.623981 -1.10437 0.737276 1.51211 -0.785395 -1.90907e-28 0.77421 -1.09896
-4.54204e-30 1.146 -1.34633 -3.3319e-31 1.22432 -2.08888 0.758204 2.49353 -1.63403 0.857794
2.35812 -1.46 4.06889e-31 1.13005 -1.37994 2.45455e-31 1.00929 -2.17227 0.144552 1.91615
-2.26753 0.493882 2.20957 -1.20242 6.90788e-32 0.88732 -1.01573 1.66506e-32 1.10127 -1.68021
-0.194 1.4597 -1.96617 -0.1571 1.64916 -0.016202 2.8172 -0.208443 -0.087215 3.72705
-0.144845 0.0732392 2.39939 -0.130905 0.0630711 2.09067 -0.0173094 0.0410691 1.58631 -0.0392673
0.0501787 1.40686 -0.0397677 0.0631013 1.39884 -0.0356223 0.0897733 1.39574 -0.0326131 0.129113
1.42881 -0.0297532 0.185444 1.48327 -0.0271222 0.266665 1.5649 -0.024044 0.384478 1.68409
-0.0188846 0.554874 1.85623 -0.00749846 0.798591 2.10745 0.0155675 1.15848 2.45869 0.0903849
0.396939 1.44197 0.339388 -0.062114 1.02767 1.18157 -0.0923564 0.769899 1.84255 -0.0625084
0.872559 0.823429 -0.50036 0.657586 1.37044 -1.6738 1.32796 7.02102 -1.75098 1.6522
12.0949 -1.302 0.471632 14.8885 -0.729717 2.19134 1.51454 -0.580337 1.45366 2.82435
-2.25289 1.46277 9.22965 -2.5442 1.61518 9.63987 3.53667 2.25332 33.4917 2.53409
1.86882 33.0313 -2.46249 1.30411 7.00492 2.42737 2.27731 40.0092 2.71048 2.34929
38.5165 -2.72128 1.44985 7.41829 -1.99965 0.301724 4.51279 3.65551 1.18013 44.4868
3.00705 1.60965 44.4468 -2.10022 0.519109 4.99466 0.000519102 2.84261 -0.0513568 -0.00688589
3.76917 -0.0113297 0.0214925 2.4323 -0.0490363 0.0289805 2.13645 -0.026094 0.0335238 1.62389
-0.0326307 0.0532152 1.42802 -0.0314768 0.0785192 1.40573 -0.0289275 0.116136 1.38458 -0.0266307
0.167532 1.39636 -0.0245068 0.239773 1.42171 -0.0221021 0.341372 1.46196 -0.0186303 0.484722
1.51956 -0.0123063 0.684669 1.59826 0.000495467 0.963322 1.70002 0.0245668 1.37006 1.77379
0.118747 0.00581771 0.540571 0.129908 0.232354 0.448407 0.13885 -0.364437 0.0949577 1.62258
-0.311975 1.02068 2.99577 -0.712572 2.57455 8.20741 0.0164537 0.874062 6.28827 -0.362092
0.0134797 4.06031 -0.864429 3.5228 3.95438 -1.55717 4.5267 6.47608 -1.03249 3.54149
5.61637 -0.616466 2.53761 3.74516 0.037769 2.85028 0.0300983 0.0460844 3.77414 -0.0037477
0.0251613 2.44234 0.0288407 0.0198139 2.1482 0.00137898 0.0288936 1.62868 -0.00794436 0.0509573
1.42236 -0.00999159 0.0814255 1.38957 -0.0125819 0.123924 1.35342 -0.0131592 0.180666 1.34533
-0.0135937 0.257964 1.34255 -0.0132531 0.362631 1.34317 -0.0116083 0.503847 1.34473 -0.00746064
0.688367 1.34304 0.00141703 0.929211 1.31703 0.0156095 1.2578 1.11494 0.0887235 0.228257
0.104607 0.325906 0.363885 0.00218269 0.234175 -0.277009 -0.0423782 1.0227 -0.181706 -0.100523
0.318578 -0.0624905 -0.166525 0.298844 0.0615603 2.82484 0.0704044 0.0748609 3.69959 0.00618696
0.0330485 2.43075 0.069074 0.0173101 2.13398 0.0190393 0.0243025 1.60903 0.0077825 0.0440503
1.39536 0.00422867 0.0746191 1.35464 -0.00140561 0.116569 1.30772 -0.00379864 0.171884 1.28378
-0.00603062 0.245451 1.25827 -0.00734857 0.341785 1.22804 -0.00735031 0.465928 1.19034 -0.00523316
0.617065 1.13992 0.00165056 0.793931 1.04521 0.0127076 1.00627 0.706017 0.0535762 0.274982
-0.226943 0.171409 0.312644 -0.264749 0.11796 0.0354579 -0.267183 0.513385 0.0482782 -0.301098
0.355543 0.0434798 -0.35459 0.321351 0.0283808 2.80121 0.0356344 0.0365435 3.63516 0.0024944
0.0118987 2.4193 0.0322233 0.00505353 2.11905 0.00562058 0.0132818 1.5872 0.00123614 0.0313666
1.36525 0.000349587 0.0590976 1.31683 -0.00249974 0.0966711 1.26081 -0.00369579 0.145842 1.22401
-0.00529959 0.210021 1.18072 -0.00644076 0.291969 1.12773 -0.0065745 0.393614 1.06416 -0.00496223
0.509446 0.988303 0.00276891 0.629396 0.858146 0.015962 0.75872 0.462144 0.0324844 0.216093
-0.400089 0.0867289 0.231996 -0.398673 0.0617948 0.0602284 -0.411391 0.342365 0.0498324 -0.413802
0.235038 0.035819 -0.443727 0.229822 -0.013604 2.80595 -0.0047327 -0.0110692 3.65299 0.0143076
-0.0157712 2.41969 -0.0165853 -0.0125061 2.11583 -0.0155787 -0.00335616 1.5766 -0.0122551 0.0124262
1.34572 -0.00947292 0.0352206 1.28862 -0.00822929 0.0657502 1.2233 -0.0073957 0.10577 1.17508
-0.00745372 0.157503 1.11768 -0.0075526 0.222422 1.0482 -0.00703272 0.300261 0.969282 -0.00528991
0.382909 0.880829 0.00363354 0.460912 0.72196 0.0199245 0.537437 0.311787 0.0235988 0.155975
-0.484721 0.0419071 0.16413 -0.459648 0.0341404 0.0448156 -0.467492 0.224874 0.0384612 -0.457396
0.151803 0.0258841 -0.477797 0.161737 -0.0305117 2.81727 -0.00498731 -0.0273136 3.68091 0.0416531
-0.032305 2.42973 -0.0248323 -0.0294105 2.12401 -0.0192322 -0.0234524 1.57668 -0.0151284 -0.0123629
1.33686 -0.0116454 0.00354323 1.27158 -0.00939079 0.0251931 1.1976 -0.00813045 0.0540708 1.13953
-0.00756436 0.0916485 1.07097 -0.00706337 0.13856 0.989766 -0.00623753 0.193342 0.902429 -0.00489302
0.249162 0.805582 0.00286434 0.299093 0.618252 0.0190222 0.343328 0.216556 0.0197631 0.10658
-0.516006 0.0253508 0.105175 -0.484171 0.0218878 0.0343986 -0.483569 0.155126 0.0310831 -0.46761
0.0981548 0.0167658 -0.484871 0.115039 -0.0408268 2.82235 0.0111768 -0.0341557 3.69156 0.0660276
-0.0479337 2.43586 -0.0125107 -0.0486178 2.12946 -0.0115414 -0.0470351 1.57744 -0.00899623 -0.0422252
1.33211 -0.00648717 -0.034548 1.26134 -0.00491298 -0.0230937 1.18124 -0.00408418 -0.00684161 1.11608
-0.00375001 0.0153207 1.03953 -0.00368544 0.0438916 0.950622 -0.003647 0.0773747 0.858213 -0.0034645
0.112254 0.755864 0.00184911 0.142294 0.547637 0.015784 0.167191 0.154756 0.0181236 0.0615842
-0.529916 0.0210672 0.0510627 -0.497048 0.026228 0.024878 -0.48643 0.104183 0.0242916 -0.470622
0.0525278 0.00643315 -0.48769 0.084383 -0.0503257 2.82378 0.0247282 -0.0404165 3.69613 0.0837188
-0.0633278 2.43824 -0.000804907 -0.0690192 2.1318 -0.00320374 -0.072922 1.57722 -0.00178995 -0.0753447
1.3293 0.000346714 -0.0768337 1.25588 0.00149425 -0.0765514 1.17239 0.00200941 -0.0737801 1.10308
0.00217515 -0.0677203 1.02171 0.00209414 -0.0577473 0.928135 0.00215677 -0.0444988 0.832184 0.00265128
-0.029048 0.725149 0.00682172 -0.0152566 0.499119 0.0178405 -0.001693 0.109846 0.0183948 0.0162677
-0.539921 0.026706 0.00190123 -0.509826 0.0129744 0.0155443 -0.486671 0.0886475 0.018177 -0.470486
0.0275918 -0.00812442 -0.489401 0.066725 -0.0604368 2.82341 0.0347715 -0.0477915 3.69781 0.0998682
-0.078666 2.43909 0.0073756 -0.089589 2.13322 0.00340182 -0.0995704 1.57758 0.0039093 -0.109626
1.32933 0.0062353 -0.120791 1.25577 0.00725337 -0.132311 1.17151 0.00748993 -0.143696 1.10076
0.00764874 -0.154548 1.01717 0.00782873 -0.164067 0.920682 0.00826868 -0.171539 0.821338 0.00888555
-0.175458 0.709123 0.0105403 -0.173607 0.466611 0.0174524 -0.162795 0.0749909 0.0231164 -0.0126834
-0.552189 -0.00527451 -0.0407858 -0.52424 -9.56353e-05 0.00404692 -0.492418 0.0449316 0.0242135 -0.478205
-0.0775971 -0.00241055 -0.498717 -0.0709177 -0.0707874 2.82273 0.0420799 -0.0559475 3.69937 0.115039
-0.0933627 2.44053 0.0126835 -0.10943 2.1363 0.00817841 -0.12563 1.58055 0.00771351 -0.143156
1.33368 0.010575 -0.16399 1.26229 0.0118063 -0.187527 1.17994 0.0119595 -0.213688 1.11073
0.0120861 -0.242554 1.02796 0.0120405 -0.273255 0.931085 0.011754 -0.303649 0.829559 0.010728
-0.328587 0.712028 0.00706024 -0.336073 0.451617 0.00580657 -0.319511 0.0271047 0.0319058 -0.0432524
-0.571623 0.0204359 -0.0749173 -0.574117 0.0489567 -0.00786747 -0.507962 -0.0305551 0.00595794 -0.50087
-0.0883312 -0.0068653 -0.523547 -0.0645189 -0.0808461 2.82234 0.0480823 -0.064144 3.70167 0.129508
-0.107031 2.44351 0.0166111 -0.127745 2.14232 0.0117866 -0.14985 1.58738 0.0101922 -0.174432
1.34347 0.0136341 -0.20453 1.27651 0.0151795 -0.23974 1.19867 0.0153359 -0.280615 1.13431
0.0155323 -0.328112 1.05642 0.0153766 -0.382074 0.963161 0.0145236 -0.439856 0.862011 0.0120698
-0.493049 0.741913 0.00190547 -0.522524 0.47249 -0.0278789 -0.47726 -0.0408936 -0.0245166 -0.0620607
-0.649874 0.0645209 -0.065509 -0.676734 0.0132815 -0.00458914 -0.550461 0.0207648 0.00326303 -0.553777
-0.0247697 -0.00550157 -0.587233 -0.0302331 -0.0896381 2.82234 0.0532668 -0.0713454 3.70464 0.142095
-0.118852 2.4481 0.0200576 -0.143542 2.15152 0.0147538 -0.170864 1.59854 0.0118762 -0.201787
1.35924 0.0157747 -0.240339 1.29893 0.0176373 -0.286419 1.22833 0.0178337 -0.341274 1.17247
0.0181481 -0.407054 1.10447 0.0179247 -0.485014 1.02131 0.0163728 -0.573713 0.928338 0.0116896
-0.6642 0.820315 -0.00563545 -0.73558 0.568763 -0.0618182 -0.241334 -0.32205 -0.200121 0.0294688
-0.767686 -0.0304734 0.17347 -0.855915 -0.0708366 0.0685832 -0.78041 -0.33478 0.0255644 -0.619909
-0.0104975 0.0544417 -0.618756 -0.119054 0.0764077 -0.646262 -0.19527 -0.0965148 2.82266 0.0574523
-0.0770734 3.70807 0.151567 -0.128081 2.45405 0.0231447 -0.155914 2.1635 0.017214 -0.187269
1.61367 0.0130353 -0.223244 1.38059 0.0171898 -0.268754 1.32911 0.019298 -0.324021 1.26846
0.0195399 -0.390949 1.22483 0.0200058 -0.472953 1.17209 0.0198148 -0.572875 1.10722 0.0177845
-0.691549 1.035 0.0115013 -0.822103 0.956325 -0.00924485 -0.950382 0.753487 -0.0674875 -0.0941109
-0.4154 -0.216303 -0.179071 -0.208557 -0.187633 0.153368 -0.791193 -0.380222 0.145177 -0.580424
-0.238151 0.125739 -0.429235 -0.74405 -0.752703 -0.290137 -0.956595 -0.219624 -0.571216 -1.47326
0.289183 -0.761561 -1.05304 -0.100916 2.8231 0.0605567 -0.0808072 3.7122 0.15733 -0.133977
2.4608 0.0258136 -0.163813 2.1774 0.0190047 -0.197641 1.63175 0.0135942 -0.236885 1.40639
0.017759 -0.287145 1.36567 0.0200052 -0.348905 1.31733 0.0203254 -0.424662 1.28913 0.0210086
-0.518816 1.25623 0.0210445 -0.635436 1.21658 0.0191242 -0.777381 1.17469 0.0127986 -0.939145
1.13588 -0.0066459 -1.11473 1.02346 -0.0535099 -0.136447 -0.12991 -0.179554 -0.212389 0.0752656
-0.118009 0.190252 -0.625199 -0.37231 0.150774 -0.526115 -0.296978 0.178335 -0.426767 -0.198741
0.0602448 3.32679 -10.6199 -0.0404957 3.37615 -12.2636 0.105379 0.35764 -3.99237 0.178458
0.4202 -3.94701 -0.102402 2.82337 0.0623718 -0.0820729 3.71639 0.159585 -0.135857 2.46773
0.0274434 -0.166239 2.1923 0.0193489 -0.200874 1.65176 0.0128866 -0.241397 1.43534 0.0169432
-0.293866 1.40673 0.0193303 -0.358884 1.37224 0.0198403 -0.43924 1.36151 0.0208399 -0.539799
1.35127 0.0212987 -0.665357 1.34093 0.0199715 -0.820386 1.33396 0.0145313 -1.00177 1.33682
-0.00122177 -1.20775 1.31767 -0.032797 -0.116945 0.119742 -0.0788594 -0.528298 0.546091 -0.0928625
0.148643 -0.218533 -0.164935 0.100394 -0.144139 -0.285308 0.800777 1.02059 -15.4351 0.282127
0.0689969 -4.30767 0.0586639 -0.0778461 -2.468 0.00841413 0.0502142 -3.78778 -0.101231 2.82348
0.0604255 -0.0816066 3.71991 0.157745 -0.133054 2.47484 0.025284 -0.162195 2.20812 0.0165958
-0.196174 1.67357 0.00954458 -0.236091 1.46675 0.0137665 -0.288228 1.45072 0.0166279 -0.35312
1.4304 0.0176268 -0.433385 1.43754 0.0191743 -0.53383 1.45051 0.0203194 -0.659287 1.4706
0.0200123 -0.815094 1.50169 0.0162588 -1.00195 1.5502 0.00487427 -1.22213 1.61369 -0.0182742
-1.51362 1.67557 -0.14036 -0.245367 0.296417 -0.671174 -0.274632 0.509641 -0.301798 -0.207584
0.180604 -0.349534 -0.159553 0.121372 -0.995428 -0.0164882 0.124712 -2.29193 -0.00259466 0.154235
-1.76669 0.0621382 0.178658 -1.18147 -0.0986979 2.82503 0.0492035 -0.0817612 3.72515 0.149599
-0.125377 2.48387 0.0137327 -0.150952 2.22684 0.00840721 -0.183047 1.69871 0.0022884 -0.220977
1.50098 0.00766085 -0.270503 1.49661 0.0118302 -0.332024 1.48923 0.0138677 -0.407552 1.51263
0.0162997 -0.501377 1.54675 0.0183514 -0.617474 1.59456 0.0192763 -0.760206 1.66144 0.0175827
-0.930924 1.7555 0.0103839 -1.12967 1.89067 -0.00646119 -1.36576 2.08429 -0.0783759 -0.0877904
0.493927 -0.154686 -0.471907 1.13688 -0.274579 0.218281 0.193203 -1.27035 0.296885 0.126523
-1.42888 0.792951 -0.506214 -27.0564 2.77021 0.187591 -17.8861 0.692966 0.198112 -8.86647
0.508694 -0.198984 -7.74224 1.4294 2.329 5.78741 -0.249508 2.88803 5.71655 0.416188
3.52848 -3.12954 0.514994 2.30731 -4.5723 -7.87321 2.94459 -0.932749 -9.19337 2.56657
-3.36158 -0.482363 2.94861 -1.78592 -0.417563 3.41546 -1.70684 -11.5233 1.93108 -9.75709
-11.9747 1.78226 -11.4394 -0.641007 2.09067 -2.74202 -0.589202 2.26392 -2.46632 -12.7599
1.43307 -15.2077 -12.8533 1.33441 -16.0964 -0.858866 1.56471 -3.76818 -0.816872 1.68266
-3.54889 -0.0934049 2.83223 0.024283 -0.0812317 3.74183 0.128631 -0.111822 2.49846 -0.0107679
-0.13263 2.25198 -0.00551408 -0.16265 1.72944 -0.00754366 -0.19774 1.53842 0.000763423 -0.242607
1.54274 0.00731545 -0.297824 1.54519 0.0108542 -0.364604 1.58131 0.0142013 -0.446462 1.63218
0.0169527 -0.546019 1.70123 0.0187819 -0.665552 1.79419 0.0188455 -0.804667 1.91847 0.015343
-0.958803 2.08809 0.00487866 -1.11507 2.31676 -0.0434256 -1.20411 2.64672 -0.259054 -1.00153
3.0163 -0.574767 0.0232198 0.63108 -0.665884 -0.0513179 0.862302 -1.59489 -0.594983 3.2066
-0.848434 -0.06989 0.868501 -2.62951 -0.15221 1.25497 -3.10985 -0.300404 3.16796 -1.08293
0.0413764 1.37879 -3.77751 0.235436 1.80916 -3.31729 -0.101285 3.04403 -1.20588 0.512087
2.1212 -2.79129 0.808388 2.4425 -1.99281 1.3104 2.52296 -1.3897 1.53673 2.4332
-1.02687 0.0593628 2.94331 -1.17 -0.0863053 2.84817 0.00054834 -0.0770519 3.77823 0.0967807
-0.100669 2.52207 -0.0397412 -0.115035 2.28578 -0.0251441 -0.138893 1.76425 -0.0128351 -0.169708
1.57461 0.00120023 -0.207303 1.58312 0.00992944 -0.253653 1.59171 0.0142326 -0.308862 1.63673
0.0173707 -0.375525 1.69973 0.0196252 -0.454973 1.78338 0.0211093 -0.547813 1.89267 0.0215087
-0.652275 2.03353 0.0196731 -0.762224 2.21519 0.0130748 -0.859979 2.4468 -0.0124399 -0.90546
2.74313 -0.09664 -0.798855 3.05252 -0.229599 -0.572248 3.25176 -0.342306 -0.370913 3.31624
-0.415509 -0.242931 3.31588 -0.480387 -0.1748 3.29423 -0.546555 -0.054285 2.87245 0.0277692
-0.0396634 3.84266 0.0519148 -0.0785532 2.54361 -0.00719912 -0.0897606 2.30786 -0.00751771 -0.106317
1.7829 0.0152587 -0.13441 1.59254 0.0275881 -0.16455 1.60295 0.0307093 -0.201024 1.61717
0.0311631 -0.243483 1.66976 0.0306813 -0.293669 1.7423 0.0299417 -0.352232 1.83625 0.0291225
-0.41896 1.95544 0.0280781 -0.491639 2.10405 0.0260423 -0.564554 2.28665 0.0213424 -0.623524
2.50579 0.00812489 -0.643172 2.76204 -0.0251973 -0.580359 3.02206 -0.0783359 -0.450934 3.22024
-0.128342 -0.325311 3.33383 -0.161651 -0.231655 3.3886 -0.184482 -0.168932 3.41255 -0.202914
0.137334 2.85468 0.236472 0.17896 3.86656 0.102198 0.0771891 2.51207 0.207053 0.0302422
2.27348 0.0924275 -0.0341806 1.75331 0.0898544 -0.0843849 1.57046 0.080199 -0.111986 1.58727
0.063855 -0.139343 1.61129 0.0549518 -0.168896 1.67355 0.047879 -0.202357 1.75563 0.0425445
-0.240522 1.85828 0.038493 -0.283106 1.9844 0.035271 -0.328281 2.13672 0.0322412 -0.371936
2.31683 0.0284374 -0.405477 2.5233 0.0217523 -0.415524 2.75065 0.00948736 -0.383246 2.97666
-0.00944948 -0.313807 3.16442 -0.0294791 -0.237862 3.29565 -0.0440477 -0.174443 3.37896 -0.0532236
-0.128468 3.43027 -0.0592193 0.282254 2.62512 0.389284 0.338968 3.27238 0.208771 0.206909
2.40577 0.336482 0.133598 2.22672 0.127861 0.0284657 1.74097 0.103288 -0.0343431 1.53843
0.0846065 -0.0550009 1.54842 0.0615038 -0.0709662 1.58364 0.0503907 -0.0865486 1.65631 0.0421256
-0.103331 1.74729 0.0362532 -0.122159 1.85719 0.0320369 -0.142909 1.98846 0.0288969 -0.164605
2.14298 0.0263491 -0.185161 2.32074 0.0238675 -0.200668 2.51869 0.0206594 -0.205417 2.72952
0.0160258 -0.19187 2.93674 0.0093742 -0.161398 3.11689 0.00186449 -0.126018 3.25547 -0.00421598
-0.0948712 3.35362 -0.00838852 -0.0711771 3.42069 -0.0112204 0.264399 0 0.368204 0.314716
0 0.246974 0.200395 0 0.297673 0.135486 0 0.0924663 0.0394836 0
0.070395 -0.0137768 0 0.0592391 -0.0270163 0 0.0425092 -0.0358522 0 0.034745
-0.0439406 0 0.0288526 -0.0524219 0 0.0247447 -0.0619269 0 0.0218858 -0.0723925
0 0.0198253 -0.0833186 0 0.0182199 -0.0936496 0 0.0167247 -0.101511 0
0.0149051 -0.104227 0 0.0124551 -0.0982928 0 0.0091467 -0.0840991 0 0.00540657
-0.0669146 0 0.00225931 -0.0511638 0 6.17232e-05 -0.0386778 0 -0.00142765 -0.34913
1.67464 22.0721 -2.08926 1.45659 9.24163 -0.507865 1.85134 3.25263 -0.723665 2.64721
2.30837 -2.49282 -0.130623 33.3056 -0.214156 0.0129962 7.9635 -1.18387 -0.273673 9.16382
-0.0778051 3.55031 -3.11199 -0.148993 3.47152 -1.99599 -0.0355402 0.74918 -1.25173 0.0172236
0.650979 -1.13629 0.217702 -0.0465759 -2.8953 -0.960589 1.70418 -7.71578 -0.281674 0.141118
10.3727 -0.104173 -0.242336 0.550006 -0.262067 0.0335785 -0.292639 0.065561 -0.0855402 -1.6952
0.108193 0.0501716 -2.73437 0.0533693 0.229101 -4.70831 -0.0309341 0.19443 -3.39881 -0.0454308
0.0949148 -3.89606 -0.0507476 0.0867329 -3.35211 -0.0683739 -0.402518 -1.30402 -0.0645039 -0.173877
-7.25677 -0.0889837 -0.407345 -12.7502 -0.051939 0.061647 -4.84092 0.143141 0.228958 -0.921677
0.211411 0.108824 -6.44874 0.123086 0.0744362 -7.11251 0.107635 -0.590029 -25.1189 -2.85443
1.6746 8.77598 -2.83123 1.68493 8.45602 -2.35703 1.00682 6.11592 -2.18089 0.835688
5.77175 -1.83238 0.0677963 3.43476 3.16541 2.37079 36.9417 2.49565 1.92618 43.0806
20.7663 1.84469 157.054 17.7883 2.41104 152.173 -2.68328 5.38339 9.39701 -2.49674
4.35327 9.23652 -0.99074 2.079 10.3737 -5.10453 3.35625 17.987 15.0177 2.15607
-15.0345 10.7496 4.55214 -9.53706 -0.123835 4.72914 6.08844 0.420161 4.2691 4.59367
1.73792 3.72424 3.63173 18.5188 1.65472 -14.714 -0.037516 0.451964 32.845 -0.106873
0.0629257 8.51375 0.00238331 -0.213869 0.53915 0.0743591 0.347956 5.71837 0.0482865 0.251211
6.55218 0.079834 1.44095 23.7829 0.0986365 1.91702 20.5302 0.104978 2.29464 18.125
0.0785239 0.423466 4.99386 0.0556365 -0.383265 0.399676 0.0867747 0.552668 3.70769 0.0866014
0.510288 4.09979 0.110087 2.82258 14.5295 0.106116 3.0253 13.1234 0.0984943 3.17799
11.9567 0.0745422 0.588506 3.32678 0.0387702 -0.450266 0.283342 0.0694436 0.644528 2.56206
0.0689119 0.622668 2.82252 0.0933396 3.3865 9.93398 0.0886739 3.4768 9.05426 0.080666
3.54233 8.27362 0.0597547 0.663359 2.30627 0.0264254 -0.472356 0.208021 0.0536476 0.688966
1.75087 0.0519881 0.677021 1.95612 0.073095 3.62189 6.82525 0.0688842 3.65973 6.16034
0.0607489 3.68565 5.54831 0.0457679 0.698837 1.54931 0.0139168 -0.47548 0.156031 0.0381875
0.708796 1.09137 0.0343858 0.701776 1.27374 0.0512231 3.71065 4.36978 0.0483166 3.72909
3.80836 0.0400521 3.74214 3.27814 0.0317113 0.713963 0.914979 -0.000550585 -0.477027 0.137268
0.0239046 0.717069 0.529756 0.0153148 0.710329 0.700267 0.0284666 3.73967 2.2198 0.0291801
3.74913 1.71869 0.0211428 3.76156 1.27372 0.0192941 0.721647 0.36066 -0.0253237 -0.479551
0.123194 0.00499025 0.713061 0.0445363 -0.0114299 0.710444 0.21571 0.000404416 3.74024 0.38433
0.0044997 3.73587 -0.000579322 0.00184329 3.753 -0.304419 0.0121228 0.717148 -0.153564 -0.0212674
-0.490009 -0.00998472 -0.0157816 0.702649 -0.420792 -0.0206112 0.70548 -0.297968 -0.0205141 3.75323
-1.08369 -0.0220811 3.74806 -1.50114 -0.0217245 3.75327 -1.91612 -0.00934451 0.699273 -0.578202
-0.0164922 -0.520518 -0.00164688 -0.0210274 0.676278 -0.838148 -0.0253737 0.683343 -0.750517 -0.0339339
3.75387 -2.78161 -0.0354493 3.75448 -3.21217 -0.0384221 3.75759 -3.54571 -0.0194645 0.668539
-0.956313 -0.00628813 -0.590566 0.000920859 -0.0193498 0.623492 -1.12307 -0.0307878 0.633391 -1.08246
-0.0518657 3.72049 -4.02415 -0.0536538 3.69579 -4.16983 -0.0570024 3.67448 -4.12514 -0.00802366
0.616568 -1.19031 0.103794 -0.635216 -0.233894 -0.0630244 3.59627 -3.5368 0.00900903 0.597601
-1.18034 0.308735 -0.777481 -0.592947 0.219076 -0.690341 -0.521962 0.232687 -0.300956 -0.161567
0.06366 -0.298885 -0.211679 0.190462 -0.434834 -0.262875 0.0742246 0.199318 -4.71514 0.0279566
2.21403 -16.9166 0.6619 0.191908 1.53751 0.233144 0.190138 -4.63281 0.299513 -0.00897976
-3.49356 2.04936 2.5443 2.57291 0.109729 1.72409 -6.6115 0.125304 0.20596 -4.8507
-0.0928698 0.515105 -6.34298 -0.109035 0.777926 -7.49426 -0.240128 1.88105 -6.94698 -5.87669
3.29972 1.53488 -0.30925 3.9867 -1.75113 -0.273344 3.60282 -6.29771 0.188861 4.11389
-5.05646 0.75129 4.10685 -3.93773 1.23961 3.3428 -3.10255 -10.9564 2.0997 -7.86532
-0.530844 2.46679 -2.17047 1.68984 3.06395 -2.22299 1.95047 2.82355 -1.64159 2.35965
2.74745 -0.989089 2.44973 2.56391 -0.710413 -12.5743 1.53831 -14.1595 -0.765313 1.80779
-3.29414 2.72418 2.43976 -0.242871 2.74051 2.31407 -0.128289 2.91474 2.17214 0.129557
2.90056 2.06423 0.14023 3.00844 1.90353 0.309377 2.98107 1.81896 0.27739 1.88268
2.27527 -0.675049 16.7665 2.16677 96.568 6.14684 -5.20104 86.878 -1.17489 -0.765222
13.6805 -1.3543 -0.933311 8.69261 -1.43187 -13.4127 51.3676 -1.62343 -16.1086 23.3674
0.396884 2.81954 -0.946404 -0.535067 0.532967 -0.698082 -2.63758 -0.193734 -1.12513 -0.317379
1.24814 -0.429384 -2.58034 0.22876 1.23198 -0.0313995 -0.717877 1.04583 -0.087536 0.0227811
-3.96398 -0.00807609 -0.563391 -18.6999 0.0193108 0.0516808 -5.82955 21.1373 2.7283 94.9027
3.5775 2.38389 35.2096 21.8636 2.8357 101.699 2.32709 2.13331 41.5419 16.2129
3.0017 127.837 17.9029 2.94889 119.372 15.4756 2.94601 136.203 -2.05716 -0.926821
6.87853 -2.86488 5.4924 9.68958 -2.88817 -1.6884 5.44898 -0.0183725 2.9374 -14.3764
0.0880521 0.302757 -4.31205 3.30446 1.82788 -5.44212 0.317108 1.2215 -8.08337 -3.19953
3.39223 4.0111 0.0011506 4.1985 -2.21921 -10.2031 2.29081 -5.75267 -0.510469 2.67707
-1.9454 -12.3114 1.65175 -12.9098 -0.702088 1.93932 -3.03031 -12.8226 1.2455 -16.8146
-0.862325 1.45971 -3.96284 20.098 2.84013 110.685 15.9628 2.76776 144.448 -0.352165
4.90286 8.53624 1.15014 6.68333 0.844805 -2.1323 -18.508 6.13014 -2.62364 -21.2721
-5.6031 4.71835 -4.63801 -0.757591 23.5648 -5.9507 -12.5146 7.08108 -24.5116 -9.64609
21.2279 -19.2743 -11.3713 0.034483 0.921225 27.367 -0.00334158 0.147491 7.1917 0.107905
2.58218 16.2085 0.0783515 0.468783 4.48817 0.0946025 3.28827 10.9135 0.0661028 0.605984
3.05525 0.0753982 3.58395 7.53764 0.0512317 0.670024 2.12362 0.0540468 3.69792 4.954
0.0356249 0.699824 1.40858 0.0315249 3.7421 2.74504 0.0187415 0.711439 0.804523 0.00801599
3.75761 0.817145 -0.000287261 0.715787 0.280302 -0.011977 3.76105 -0.64284 -0.00811617 0.711436
-0.243707 -0.0285212 3.75775 -2.32375 -0.0189275 0.692472 -0.681924 -0.0463632 3.74671 -3.79432
-0.0287538 0.652543 -1.04174 -0.0626036 3.64001 -3.89162 -0.00540038 0.607158 -1.22203 0.206723
-0.594862 -0.389787 -0.802659 1.30136 -4.22249 -12.4681 1.10175 -17.7701 -12.434 1.02996
-18.3394 -0.811484 1.21446 -4.37426 -2.02364 0.913162 2.70033 -3.58889 -0.176781 4.67948
-0.239091 0.34299 20.1323 -1.8547 0.42824 2.88334 28.4195 23.482 -169.297 17.6661
48.8628 -61.8691 14.7369 11.8657 13.8333 23.758 5.27433 -4.76995 -1.59378 -1.5213e-32
1.46109 -1.87904 3.51272 1.45604 15.3416 4.15417 -127.938 14.8176 10.7034 -8.97723
-6.44868 -7.44485 -23.1213 -23.9538 -7.21271 -78.4818 -31.6024 -14.1907 -77.1393 -8.87133
-16.7934 -69.9974 -1.90254 8.68271 18.9122 15.2076 27.3827 105.082 3.03826 1.49185
0.378947 2.9986 1.63124 0.319762 4.33521 0.831171 42.2056 24.8859 1.36861 158.079
10.7436 -5.81929 -73.8626 10.4305 -2.25476 2.46075 1.87573 2.12607 -0.535673 0.173471
2.87832 -1.03708 -0.129336 3.26426 -0.602675 -0.13142 3.42182 -0.222867 -0.0985051 3.46187
-0.0643126 -0.0550882 3.46683 -0.0133631 -0.0295956 0 -0.00255377 -12.6599 1.17022 -17.3409
-0.840548 1.37535 -4.11061 3.0448 1.69116 0.365781 3.34011 13.1091 1.86992 1.49386
11.8011 2.81887 2.01209 -1.20185e-27 0.347182 6.19488 -1.15371e-27 -0.23019 3.40985 12.7607
2.77737 6.74954 5.16336e-27 2.79742 1.87182 12.4629 2.56998 3.86118 4.40117e-27 3.13341
0.821543 13.179 2.04467 1.86567 2.12395e-27 2.25302 0.716463 8.20986e-28 2.08452 0.120143
13.9529 1.97144 -1.34261 -4.2511 4.71684 0.726133 -6.75644 5.09897 0.942164 -5.44294
5.4612 -4.0793 -1.45149 3.86835 -3.16766 -3.53236 4.12372 -7.93115 -0.585755 3.95706
-6.42557 -2.05098 3.8682 -12.8125 1.27301 4.18446 -11.489 -0.565352 4.35878 -17.8878
2.7358 3.61793 -16.9934 1.18369 3.95339 5.76324 -11.8 3.26709 6.81392 -13.3745
3.41541 6.21782 -14.2842 3.94432 3.65506 -8.51485 2.70948 5.252 -9.19911 2.74957
5.08132 -9.56761 2.99793 -0.257887 -6.03955 2.72573 2.28197 -6.5088 2.57974 2.0938
-7.08613 2.61098 -6.62881 -3.8723 4.458 -2.41967 -4.62338 3.50607 -2.57764 -5.29951
3.0781 -25.3375 -0.998951 3.73931 -16.7139 -2.02462 3.53724 -13.5661 -2.80468 4.27369
-13.1748 0.44313 -25.2158 -13.1956 0.429592 -25.2948 -1.12962 0.472682 -6.57138 -1.12501
0.488562 -6.53418 -13.2625 0.391919 -25.456 -13.2889 0.379879 -25.4953 -1.14462 0.414807
-6.67732 -1.13964 0.428884 -6.65275 -13.3869 0.344093 -25.6074 -13.4329 0.331648 -25.6683
-1.16425 0.357845 -6.77563 -1.15795 0.372801 -6.74559 -13.6405 0.290166 -26.0395 -13.747
0.273525 -26.2885 -1.19154 0.284375 -7.00888 -1.18334 0.306031 -6.92534 0.357689 2.60391
-0.452878 0.352201 2.6528 -0.537486 2.18741 1.23463 0.191066 2.32797 1.08362 0.255932
2.19385 1.1331 0.227261 0.358245 2.54439 -0.382784 2.33449 0.990276 0.271497 2.20092
1.0497 0.240028 0.366088 2.46048 -0.333289 2.34441 0.90882 0.267038 2.21664 0.967553
0.23184 0.406448 2.30488 -0.33364 2.3697 0.817721 0.242711 2.26504 0.850274 0.20288
2.44537 0.655016 0.193925 2.41735 0.605976 0.0882644 0.566434 2.08758 -0.495274 -0.0727195
3.07738 -0.637487 -0.0646564 3.12207 -0.65343 -0.0896665 3.01465 -0.617198 -0.114873 2.91815
-0.597164 -0.143913 2.72157 -0.594135 -0.158013 2.45298 -0.765139 -0.203405 3.38364 -0.34109
-0.15882 3.39878 -0.317963 -0.269976 3.35525 -0.362898 -0.370684 3.2969 -0.382308 -0.523406
3.15136 -0.397914 -0.792683 2.89964 -0.628657 -0.168844 3.54247 -0.0968538 -0.118057 3.52346
-0.0870253 -0.255998 3.56556 -0.111317 -0.407066 3.58958 -0.133125 -0.669204 3.60369 -0.167637
-1.17549 3.60069 -0.358159 -0.103017 3.64522 -0.0229569 -0.068893 3.59184 -0.020383 -0.166791
3.73134 -0.0267405 -0.288514 3.87294 -0.0322552 -0.519659 4.13324 -0.0373326 -1.01525 4.60121
-0.118886 -0.0515694 0 -0.00534514 -0.0318445 0 -0.00547999 -0.091619 0 -0.00321506
-0.173703 0 0.00573919 -0.339576 0 0.0375136 -0.734819 0 0.0056815 0.945751
9.62322 3.29838 0.458237 10.9952 2.61077 -3.10541 1.17608e-27 1.10613 -0.608906 2.32677e-27
1.73341 -3.50709 -2.41941 6.51908 -8.34364 -3.68394 5.57984 -15.909 1.07236 -1.49857
-1.19046 -4.63261 5.88223 -4.90322 -10.2767 6.86649 0.536726 -18.9076 5.56541 -3.28215
-19.9626 5.14246 6.62367 -15.1354 4.5357 4.68238 -13.9788 5.16823 0.336382 2.70043
-0.635529 2.17817 1.36806 0.121391 2.3219 1.2043 0.214209 -0.0650016 3.15912 -0.662146
-0.130126 3.40932 -0.294232 -0.0903627 3.50841 -0.0799901 -0.0514474 3.55584 -0.0184422 -0.0230896
0 -0.00497628 5.22757 -13.1587 27.6774 4.67483 -12.0099 28.5996 -8.19219 -10.1812
104.309 -6.89442 -11.1406 99.8228 6.35639 -10.569 3.11703 -7.45494 -7.05444 111.142
-8.48246 -8.22589 109.555 4.3212 -9.52744 29.6725 4.5122 -8.47671 29.9347 4.31378
-7.85163 2.53493 4.71788 -8.1104 30.1165 -5.67563 -6.73199 112.444 1.94314 -7.00868
116.874 -0.696773 -7.25015 115.162 5.67427 -7.65178 30.6375 6.02514 -7.13994 31.1121
0.251073 -5.74892 2.77134 6.09038 -6.65636 31.7007 4.1717 -6.71628 118.874 8.24801
-6.12644 126.261 7.3404 -6.56929 123.546 5.87881 -6.18905 33.1837 5.57719 -5.74721
34.083 -7.8786 -3.2549 5.17135 4.96253 -4.92137 35.1799 8.48925 -5.2217 129.329
7.80318 -3.42508 139.274 8.26707 -3.74313 136.358 2.1137 -3.4793 38.1533 -0.0571124
-3.09519 38.3598 -2.41219 -2.46956 38.1155 8.22881 -2.96942 139.848 -13.1072 0.504128
-24.751 -13.1219 0.487623 -24.8934 -1.11487 0.541 -6.40397 -1.10945 0.560807 -6.3474
2.97019 0.659567 0.181302 2.98116 0.624233 0.152055 2.97053 0.609676 0.147593 -13.1563
0.457342 -25.1233 -1.12218 0.505174 -6.49787 2.98387 0.579512 0.116018 2.97294 0.566185
0.118062 -13.2393 0.404198 -25.4119 -1.13653 0.44315 -6.63032 2.98677 0.538785 0.0846255
2.97815 0.52699 0.0867953 2.99332 0.502862 0.0521272 2.98397 0.490969 0.0581993 -13.3493
0.35626 -25.565 -1.1532 0.387301 -6.72078 2.99956 0.467738 0.0225637 2.99248 0.456253
0.0281092 3.00992 0.434553 -0.0102157 3.00425 0.420681 -0.00531504 -13.556 0.305292 -25.8716
-1.17787 0.325544 -6.8578 3.02503 0.39754 -0.0435025 3.02391 0.381567 -0.0382813 3.04983
0.356784 -0.083905 3.0596 0.332668 -0.0896478 3.09974 0.301294 -0.132961 3.12006 0.267118
-0.129678 -1.82303 -9.28456 6.68836 -5.61938 -6.80553 7.04668 -1.73224 -10.49 62.1428
-8.67382 -7.61981 50.4748 -4.10036 -7.05367 17.3207 1.56332 -10.0796 19.7669 -4.64258
-12.0861 93.3903 5.87593 -13.9794 26.3992 3.20065 -12.2378 5.71004 -0.661247 -12.411
74.0411 4.86404 -12.8115 22.2785 -13.097 0.52168 -24.5904 -1.10577 0.581916 -6.29093
2.97486 0.717277 0.212674 2.98501 0.676867 0.185956 -13.0859 0.583064 -23.9824 -13.0859
0.560695 -24.2088 -1.09774 0.629489 -6.15156 -1.09271 0.656932 -6.07047 2.98188 0.786437
0.247012 2.98984 0.737707 0.22585 -0.834046 6.17524 6.71866 -1.21128 3.84432 6.34535
-4.1612 5.36716e-28 1.7384 4.72969 -9.06006 19.4349 -1.26493 -24.9895 22.8819 4.87298
-11.6804 12.5848 -24.8484 -0.365407 2.16154 14.4566 -26.3284 43.4082 -28.4136 -16.6189
35.7024 0.730498 -10.1835 39.6147 -51.1881 -0.907262 7.67855 -79.2485 6.77886 12.0975
-68.5421 -2.92556 14.9861 -13.0363 0.879159 -20.854 -13.1168 0.832461 -21.4713 -1.04711
0.956899 -5.26561 -1.01897 1.01335 -5.08891 -13.1133 0.6667 -23.143 -13.102 0.635512
-23.4522 -1.08478 0.720988 -5.89024 -1.08201 0.758945 -5.78778 0.255587 2.81346 -0.886409
2.13294 1.89122 -0.287705 2.07094 1.77972 -0.215317 0.306705 2.7529 -0.749706 2.26764
1.58394 -0.0209128 2.1526 1.54609 -0.00205647 2.3104 1.3666 0.130966 -0.0948871 3.22947
-0.641837 -0.0742051 3.19393 -0.659908 -0.114589 3.42254 -0.246307 -0.115081 3.41756 -0.270324
-0.0823411 3.48162 -0.0694622 -0.0793484 3.4955 -0.0744826 -0.0462479 3.50021 -0.0152042 -0.0447334
3.52764 -0.0168335 -0.0236378 0 -0.00351596 -0.0210762 0 -0.00431982 -53.7032 -13.6553
21.7455 -11.1236 -7.75654 -1.17027 -12.3153 -7.57254 -83.7926 -1.54299 -13.3999 -56.8768
-5.41831 -3.64568 -67.859 -50.5574 -3.67594 -9.07007 -54.831 -4.012 -8.28607 -17.6967
-12.7908 6.25023 -55.9092 -4.94428 1.20014 -15.4996 -18.5738 -34.2949 -12.8635 0.922282
-20.0738 -0.972696 1.06799 -4.87846 3.00486 1.40549 0.335829 3.03248 1.28975 0.367717
3.01167 1.23771 0.344842 -1.07546 0.801705 -5.67271 -1.06924 0.848931 -5.55322 -13.1373
0.741541 -22.4113 -13.1255 0.70194 -22.7976 3.03448 1.14513 0.368045 3.01396 1.09629
0.332891 3.02882 1.0142 0.331078 3.00401 0.972739 0.309411 -1.0892 0.687173 -5.98721
-13.092 0.607827 -23.7307 3.01317 0.902344 0.3028 2.99353 0.869832 0.278233 3.00214
0.812211 0.259795 -13.2175 0.416694 -25.3596 -1.13222 0.457629 -6.60122 -13.3177 0.368105
-25.5307 -1.1481 0.401119 -6.69793 -13.4884 0.318859 -25.7543 -1.16964 0.342392 -6.8103
-13.8792 0.255361 -26.639 -1.19867 0.260067 -7.11617 4.30885 -10.7609 29.219 -8.69242
-9.21917 107.402 5.14587 -8.04177 30.3409 -3.35118 -7.19953 113.714 5.96279 -6.36436
32.4175 5.91222 -6.61243 121.11 3.74608 -4.0052 36.7557 8.37565 -4.19726 132.768
-6.2762 -1.8736 38.5148 8.73399 -2.95708 139.779 -13.1389 0.472104 -25.0169 -1.11785
0.522545 -6.45209 -14.0445 0.233681 -27.103 -1.20807 0.229353 -7.26516 3.17595 0.224008
-0.197581 -5.62226 -17.2384 15.074 -8.28276 -13.4212 14.182 -36.5013 -6.14935 34.6052
-35.006 -9.58708 27.0395 -8.58339 -7.88585 15.4222 -24.8794 -5.03065 41.4183 -1.9327
-12.8598 84.6531 5.97006 -14.0787 24.4745 -1.10094 0.604632 -6.22321 -13.0903 0.540398
-24.4108 -12.6148 0.967807 -19.1657 -0.888102 1.13045 -4.61777 -13.1406 0.78556 -21.9762
-1.05921 0.901336 -5.41519 -34.7076 -6.06056 -3.25164 -12.6767 -3.09385 -77.5062 -34.1242
-8.42407 8.17619 -25.0456 -15.3112 -8.08316 -11.3617 -13.3096 13.8221 -28.6266 -10.1932
16.2317 -0.294962 1.53341e-28 1.78406 -0.70836 14.1009 2.03008 -25.9943 2.41848 3.17943
-22.9492 2.30299 3.94035 -52.2102 -3.47104 10.3591 -40.0597 -1.68454 7.56986 -36.8663
-0.393453 4.96228 -30.8442 1.12974 2.936 -84.6869 -1.31411 6.35434 -86.5811 0.511313
6.97498 -81.3397 0.050984 8.94542 -14.2499 0.204659 -27.74 -14.4867 0.166748 -28.6477
-1.18733 0.129706 -7.76192 -1.20053 0.186398 -7.49138 -15.0611 -0.115967 -33.31 -14.9636
-0.228948 -36.0702 -0.456597 -0.481784 -9.80788 -0.795448 -0.324945 -9.19757 2.65248 0.225556
-0.0625366 2.51562 0.244064 -0.041689 0.895527 2.15171 -0.478232 -0.0890733 2.37473 -0.986675
-0.397344 2.11049 -1.25366 -0.177787 1.76667 -1.14456 -0.225334 1.70849 -0.69884 -0.260017
2.81288 -1.55877 0.0252538 2.6322 -1.46254 -0.157377 1.40606 -0.822198 -0.495123 2.95561
-1.06127 0.280299 1.88981 -0.936434 0.40947 1.10768 -0.651151 -1.18224 0 -0.945085
-31.3268 -0.285353 4.24272 5.98245 -4.38427 142.003 7.50989 -3.33957 140.805 -11.3322
-1.73548 39.2171 -15.1937 -2.38563 40.1576 -69.2709 -2.8958 12.139 -18.6027 -4.91467
42.0392 5.19724 -7.68559 143.014 -14.2642 -21.3924 130.887 -6.54196 -20.7825 137.931
-40.9692 -12.2833 46.0724 -51.8776 -10.916 43.3676 -55.2718 -8.86431 40.7754 -14.8355
-17.7861 129.062 3.24819 0.149224 -0.253417 -14.9733 0.0240576 -31.3684 -1.06182 -0.106836
-8.55698 3.36488 0.0676151 -0.316377 3.48113 -0.0755513 -0.320346 3.66717 -0.289626 -0.474352
3.9179 -0.546699 -0.609243 4.2754 -0.720715 -0.458023 4.31542 -0.747268 -0.18227 2.44267
0.178755 0.130533 0.162302 2.18603 -0.945697 -14.738 0.116857 -29.8674 -1.13546 0.0510307
-8.08831 -15.0216 -0.292351 -40.0307 -0.207193 -0.562709 -10.6166 -26.8286 -9.25476 44.9053
2.71555 -13.9317 142.865 -2.28527 12.3397 1.72771 -2.11281 13.0834 1.96326 -1.74416
2.82242e-28 1.33054 -1.91638 5.57566e-28 1.26184 -1.8777 12.0434 1.49879 -1.70094 6.0962e-28
1.1355 -1.41452 4.60649e-28 1.0045 -1.34677 12.1001 1.62286 -24.8404 0.67987 -0.661595
-32.2504 -0.34648 1.05703 -30.5671 -0.0462521 2.77896 -14.8545 0.708188 0.758915 -19.9759
-0.167296 -0.416469 -11.8357 1.89792 2.60381 -13.5769 0.296092 2.02269 -85.8516 -0.405641
4.14503 -86.9567 -2.28735 6.50713 -84.8128 -3.02427 6.48363 -40.5778 4.39933 2.77557
-49.6979 6.62938 -0.699515 -65.2003 6.43193 -3.20759 -10.7249 -2.61644 3.8449 -18.5717
-1.18778 3.34746 -27.9005 1.26988 3.97249 -25.8996 0.0336065 -149.066 -26.8333 -0.180594
-156.027 -4.86769 -0.0115882 -39.1669 -4.71635 0.215927 -37.0235 -24.6088 -1.24759 -174.23
-22.4936 -1.59635 -177.698 -3.51159 -1.39351 -45.8778 -4.06354 -1.06241 -44.8041 19.6911
16.0147 43.6708 2.59831 20.6541 44.2748 36.1278 24.9983 9.52673 33.5116 20.996
0.767398 9.53345 -25.4419 4.75408 14.5042 -14.1715 -17.1804 30.6506 -6.15469 -7.94959
26.8539 -14.4373 -2.9876 4.12998 -4.95046 -78.2435 -8.0224 -28.6047 -14.6206 -0.860555
-17.9882 -9.23029 27.7485 -13.7294 -17.6089 34.8679 -23.4267 -53.4678 2.05513 1.5231
-6.82785 -4.0208 -17.5747 -8.29257 -0.110123 -21.6698 -11.1508 18.1271 -2.79006 -11.2565
18.0588 0.0278853 -8.83227 1.18493 10.8236 -2.93819 2.40141 0 -1.96274 0.964534
0 -1.9582 1.19699 1.61299 -1.91876 1.76892 0.0408836 -4.65241 1.87194 -1.99671
-7.27019 2.8551 0 -1.69133 -9.25032 -0.948048 7.21239 -5.77101 -1.63722 5.28324
-17.4801 5.49973 35.1041 -11.3171 1.21743 32.724 -12.5857 3.36504 111.024 -14.5484
8.82085 119.332 -16.8535 -2.0573 -163.894 -5.63082 25.6014 -98.4209 -0.975347 -1.9965
-29.3832 -2.04628 -1.865 -40.5637 3.58668 0.807421 42.7781 4.20652 0.461688 43.9286
11.6193 1.0273 147.941 9.59148 1.37868 141.561 3.83182 0.0790834 29.5064 12.1681
30.3941 95.5113 18.846 0.0785883 148.822 5.67193 -0.00720352 40.9749 24.9229 -2.55545
39.1789 20.7309 -1.85167 7.37159 -16.4656 5.94749 -56.8323 -15.5451 13.2479 -37.4957
-14.9541 22.3204 -60.5453 9.33654 1.25452 -48.7379 2.09076 0.176755 -4.70784 -2.68235
0.896299 -27.8088 -15.0775 31.8706 -98.4415 19.7973 4.54437 -25.969 -80.9476 3.65636
-1.04887 -57.0288 -4.43499 42.079 -25.6239 -6.44747 140.165 -21.9871 -10.108 135.842
-54.724 -6.75529 41.1519 -27.0544 17.9951 145.211 -33.8869 13.1962 148.671 -56.8665
8.94484 37.7145 -45.323 13.27 35.3097 -32.8544 3.09597 4.22968 -33.9844 12.4709
35.8392 -22.073 16.7584 137.241 -16.9451 12.3626 125.73 -22.105 8.24628 36.4936
-24.2965 0.155162 -141.753 -4.36764 0.355856 -34.7695 12.3845 1.96938 110.857 14.3932
2.08573 102.615 3.60011 1.76026 34.8847 3.38687 1.61141 36.6544 -26.1904 -0.86655
-168.856 -4.5237 -0.690759 -43.1372 3.1548 1.46148 38.3045 10.3359 1.87247 119.108
8.75293 1.61245 134.408 3.21587 1.07818 41.3504 -19.8517 -1.86662 -175.431 -2.86512
-1.64926 -44.9346 2.36844 -0.66489 3.74275 2.16269 -0.337844 4.20672 2.47175 -0.966004
3.3257 -14.2338 -19.3337 25.7372 11.5182 -10.7795 4.01745 21.9417 22.1748 -26.3146
45.8406 20.8155 -10.4025 31.7052 6.80349 -5.13502 24.5549 -7.3869 -7.94424 38.0005
-7.25503 -9.87853 -3.47982 -7.67159 -46.0653 -5.97687 -8.9949 -67.2748 9.72172 -6.08131
-15.5054 7.60894 -6.40807 -14.7936 49.9162 0.747956 -9.11813 34.4436 -3.97816 -7.91204
25.6539 -4.47188 -12.0386 24.3419 -4.87541 -9.17582 1.43454 -0.511978 -2.10874 0.958593
0 -1.62153 -5.64588 -1.90563 30.2488 -11.6402 -1.0069 101.181 -3.6437 -1.4751
26.8463 -10.9244 -1.35326 88.1335 1.41134 -0.8238 1.0978 2.4092 -0.84893 2.77932
4.98714 0.0401055 43.6151 14.7493 0.544782 151.026 17.0528 -30.7789 34.09 21.6114
-20.4875 34.9102 8.21054 4.17421 -14.9765 9.41642 -40.7102 24.2924 -33.1818 18.5359
112.985 -14.1448 -36.4484 67.5951 -16.5398 65.5161 23.4867 1.65104 0.563669 -6.50301
-5.56207 1.06866 -38.8164 -28.9613 1.45368 -130.017 -26.9674 -0.491546 -162.674 -4.80646
-0.323608 -41.226 1.26577 0.593416 5.9496 0.955835 0.818157 6.64868 1.58734 0.316659
5.30573 -16.0463 5.98259 41.2109 19.5161 11.5776 11.7837 2.80403 -8.81965 -37.1158
15.0835 -6.14342 -11.8161 -59.5026 0.912926 41.2998 -32.5053 1.92077 145.335 -27.2947
10.3775 36.7476 -19.2776 14.7567 130.945 -3.83817 0.417952 -32.3327 -22.1244 0.187927
-133.808 0.685749 0.98984 7.35263 0.508342 1.09956 7.97955 14.4257 2.14457 96.4947
3.35283 1.85165 33.1828 1.89441 -0.0012686 4.72501 3.08054 1.29171 39.8523 9.04402
1.76756 126.92 -1.50177 13.7273 2.05386 -1.06974 7.13418e-29 1.43814 -28.6729 0.970227
3.32687 -32.0956 -0.75113 3.3897 -83.6112 -3.76374 6.63534 -84.0636 -4.13286 7.53386
-82.8013 -3.69681 7.62953 -15.7595 -0.605232 -52.4498 -15.763 -0.745584 -61.8749 0.0318899
-0.666073 -17.0413 -0.0213153 -0.817312 -14.3447 -17.3715 -0.17516 -109.962 -19.6448 0.0989909
-123.942 -3.1254 0.406101 -29.4629 -2.23063 0.24134 -26.1426 -1.0494 3.82874 0.526722
-1.12887 4.28956 -0.0194035 0.681767 1.8016 0.117939 -1.07365 4.11076 3.44872 -1.73846
5.63855 1.67059 -2.33293 6.23583 0.651682 -1.21834 4.61969 -0.289061 -1.08838 4.42273
-0.732878 -2.01989 6.63506 0.898925 -1.59074 6.48628 0.669751 -1.22836 6.23118 0.338117
-1.27546 4.54406 -0.913949 -0.707577 4.26201 -2.64831 -1.05475 5.74635 0.00325149 -1.06686
5.52219 0.0150528 -1.08165 5.26879 0.188648 0.688359 4.57345 -2.14439 3.59891 -3.15778
-4.03208 -0.441519 1.79549 -3.76251 1.06072 -12.7915 -40.8469 1.0357 -11.0151 -68.458
0.912312 -3.2128 -27.9268 0.913164 -3.28583 -16.1879 0.412895 2.05752 -1.97951 0.00993503
0 -1.26125 1.11322 1.49694 -8.30292 1.68894 1.69484 -10.7189 1.96615 1.6339
-10.3578 1.23004 0.684432 -2.26861 1.66264 0.447712 -2.41936 2.00016 0.7729 -8.17409
-15.9772 -0.549911 -92.1121 -1.50779 -0.0427093 -23.7883 4.27057 -0.605829 -1.01477 4.22189
-0.172704 -1.55446 2.64946 0.54677 -0.275957 2.6966 -6.53608 80.9663 -2.17281 1.35724
16.8379 1.63384 0.774181 2.14239 0.764651 1.04609 7.0425 0.688192 1.67819 25.6019
-0.400633 -23.1041 13.9218 -0.380366 -22.3401 11.0221 -0.655754 -1.66131 3.16024 -0.644629
-1.59256 3.89272 -1.00708 4.98718 0.43893 2.21918 4.66328 -0.00296521 2.4954 -1.5652
1.16567 -0.805387 -1.45619 2.24895 -0.713983 -20.2079 5.34882 1.32969 -19.6722 2.4894
10.9496 -13.7978 -0.843787 13.7018 -1.43103 -0.617786 0.462673 -3.49429 -11.3931 0.489121
-13.4096 -25.361 1.10456 1.80362 -13.009 -0.61898 2.15647 -25.0584 2.17384 1.36023
-10.2538 -5.80486 2.03454 -38.4271 -6.09851 1.39841 -40.0564 -83.3294 -2.8345 7.22655
-15.5172 -15.7895 132.43 -13.7676 -15.5562 132.159 -52.741 -9.56507 40.6918 -52.7722
-10.2236 41.2324 -84.1935 -3.65507 6.80357 -53.7212 -10.0398 40.9612 -18.2622 -15.2335
132.494 -20.1511 -12.3188 133.699 -53.6174 -8.21411 40.6226 -15.4474 -0.416482 -45.3433
-0.0790804 -0.696154 -12.0204 4.62903 -0.868238 -0.253675 -15.6706 -0.763494 -74.872 -0.631462
-0.343206 -20.7114 2.28447 1.69747 31.2692 11.2262 1.89332 94.0391 -2.92058 -17.327
55.1797 -2.38548 0.600934 15.2579 -2.34154 6.79309 0.938596 -1.61323 -1.15303 7.81401
-2.09532 -0.804934 9.30964 -1.80039 -24.7034 33.099 -1.23319 -25.4192 27.0474 -0.81006
-25.2495 22.898 -1.14436 -1.41539 6.57602 -1.00926 6.07369 0.261136 -0.462564 -23.8593
16.7263 -0.67929 -1.51646 4.75025 -0.0892858 -1.82813 -6.37591 10.0428 4.51065 0.208657
-0.113497 -11.1751 -13.9713 0.830232 -0.159116 -22.3743 -8.43377 -4.12002 -99.813 0.674342
0 -1.14344 0.962893 0 -1.25161 -0.428278 -21.4741 8.00899 -0.671423 -1.67972
2.62846 -4.2955 2.30645 -37.3363 -23.2 2.76038 -108.513 -29.1823 2.56536 -110.496
-30.1093 1.87192 -121.969 0.446119 1.1212 8.20632 -54.4647 -9.03993 40.3155 -14.1633
-16.0828 130.863 -53.7587 -9.13534 40.4666 -19.5477 -13.8224 132.801 -2.34667 -21.909
39.8801 -2.42222 -0.212446 10.5495 -0.561802 -24.5732 19.6531 -0.809129 -1.45564 5.57423
-1.19556 12.1464 2.03688 -0.856305 3.57077e-28 1.02493 -0.412051 1.46671e-28 1.16047 -0.978381
12.2757 2.33614 -3.77063 4.82502 4.32747 -9.19214 2.13402 3.0229 -1.38238 9.23
5.67765 -0.643629 12.367 2.48181 -0.868327 9.43887 5.54463 -7.1594 0.364354 9.49113
-0.648976 2.63566 6.63076 -2.81133 -3.43523 12.4011 -3.86395 0.817963 9.49184 -0.264515
4.02317 6.12875 -2.97288 0.35739 17.8833 -2.33088 0.159992 10.9039 -1.19876 2.78811
-3.4105 -6.54664 0.441762 45.5882 0.494219 -2.32414 2.76741 -0.375799 -5.71069 2.4448
-2.64117 -6.27291 8.18908 0.527942 0.294436 2.87766 -0.108151 2.24307 -1.53653 0.400051
2.04944 -2.63271 0.20389 9.70255 -9.11508 0.174198 9.59429 -12.0109 0.652153 -2.52595
0.0333554 0.273796 -8.92478 -1.15524 1.01506 -8.62275 -0.517876 0.591794 -0.289528 0.85428
-0.0593541 0.919965 -2.21944 -0.201262 0.726204 -1.49646 -0.613511 7.95229 -2.53044 -0.642801
8.32369 -2.73708 -0.222056 -2.83196 0.396582 -2.47321 -7.21378 -0.397414 -0.683133 -9.25449
-0.894491 -0.367704 -1.00312 0.848033 -0.647085 0.131707 -0.477311 -1.07756 0.505119 0.227598
-0.547905 6.96878 -1.54217 -0.344489 6.72677 -2.39377 -10.6365 -11.3211 0.0912077 -10.3598
-11.4837 1.13667 -3.62283 -4.01956 -0.0745002 -2.51831 -6.0741 -0.618202 -2.35966 -1.58069
0.597148 1.05095 1.11814 -2.15019 0.972294 0.869838 2.27166 0.183263 1.12285 1.18001
0.430073 5.21761 1.09115 -8.79425 -8.69437 -0.504768 -2.22299 1.73167 -1.02653 -3.4143
-0.0243557 0.0473808 -5.44144 -2.765 -0.478797 -11.7189 -11.1984 -1.49297 -4.25595 -0.927796
1.07817 -5.10837 -1.05893 1.10313 -0.52934 2.16555 -2.19238 -3.38732 -2.38213 -1.31669
-1.30366 -0.181313 -0.189296 -0.853462 1.55008 -1.43492 -0.847904 2.30184 -2.35177 -5.12689
-0.150997 0.590912 -4.01143 -0.632299 0.96766 -3.51449 -0.715897 0.797616 -1.02708 0.0685088
0.0287051 -0.375906 0.131284 -0.520356 -0.332785 -1.03986 -3.74372 -1.41483 -1.31677 -1.97225
0.916063 -0.620355 -0.974057 1.13184 -0.949998 -1.13396 0.470455 -0.512921 -0.469194 0.519245
-0.23664 0.134493 -0.395624 0.422447 -0.521294 -0.263227 0.508744 -1.50957 -0.37206 0.571446
-1.67513 -0.486291 -0.41257 -7.8895 -0.303262 -0.607252 -6.79939 0.0367454 -0.53108 0.316894
-0.0946518 -0.806802 0.466029 -0.226025 -0.79074 0.703279 0.00610872 -0.0624229 0.994482 0.213649
0.0434312 0.525172 0.146729 0.479305 -1.96301 0.285899 0.61596 -1.92922 0.511853 0.252926
-10.9683 0.281371 -0.000682229 -10.6208 -0.314326 -1.06611 1.38003 -0.3932 -1.29838 1.97756
-0.557807 -1.3815 3.15861 0.0698164 -0.392262 1.76348 -0.0727063 -0.174555 1.58713 0.441737
0.88848 -1.3886 0.483828 0.882947 -1.28647 0.470607 1.4831 -5.72329 0.524908 1.17811
-8.3431 0.0900164 -0.587872 2.57853 5.8547 -0.321397 -0.217234 3.4626 -0.982163 -0.386326
1.21487 -0.227439 0.995734 -4.16135 -0.633034 10.6685 -4.56865 -0.810484 18.6327 0.451933
-0.476712 3.86005 1.40727 -0.621798 2.71647 0.837921 -0.4025 0.917557 0.752241 -0.935933
0.286291 0.373979 5.26818 1.02189 0.558512 4.17182 -1.18949 1.28271 -3.032 -0.447998
1.56257 -5.70209 0.306587 2.75623 -5.99415 0.482035 3.94216 -3.77022 -0.301108 7.11502
-1.47584 -1.36448 6.75898 -0.504763 -0.597863 5.72983 -0.155936 -0.604664 4.97818 -0.726378
-0.89194 1.83379 -2.00843 -0.805031 0.395313 0.798286 1.1515 0.102184 1.02213 2.37612
0.307623 7.25348 5.17176 0.382387 6.93711 4.29951 -0.710035 -3.16249 -0.324101 0.0547521
-6.34198 0.724113 0.408925 -6.46407 0.835059 -0.444615 -1.60562 -0.7167 -0.0286033 1.77406
2.93437 -0.0217215 1.98031 3.28024 0.125407 8.74417 10.8774 0.184718 8.50756 9.22383
-1.41708 -2.95725 -1.29966 -0.533481 -6.44596 -0.357944 -0.126686 -7.17195 0.389635 -1.2754
-1.14395 -1.34856 0.00573562 2.00913 4.19166 -0.0192574 1.96985 4.75714 -0.106555 8.99841
17.2234 -0.0303281 8.9969 15.3746 -1.94617 -1.17148 -5.57807 -0.68359 -3.39413 -7.58714
-0.81385 -5.79182 -1.28016 -1.81025 6.32998e-05 -4.90629 0.398501 1.75937 4.84351 0.0985658
1.13168 3.19921 -1.01163 5.39197 29.2591 -0.163542 7.91027 27.8016 -2.30543 4.68968
-6.62573 -2.08932 1.1 -13.7688 0.240566 0.794992 -16.4265 -1.93958 5.05388 -6.35872
4.9638 20.4239 -36.0699 4.41348 9.49336 -28.771 -1.89379 -2.99769 -1.33616 -4.02892
7.22082 1.82104 -0.643214 -15.989 11.7598 -1.29149 -3.45922 -0.393963 -2.54694 8.21912
-0.399783 -25.7404 -5.37243 30.632 -11.785 -18.0771 47.6915 18.2629 46.1882 -54.6865
-3.41588 1.39222 6.65963 4.11126 -17.3375 24.5084 1.47377 -21.1001 23.6887 -2.69168
4.17187 3.45626 13.3865 -33.5103 -9.51447 20.3316 -46.9544 -7.57603 32.4263 -49.7752
-110.459 29.4774 -40.9366 -149.546 -0.0932792 -2.06681 0.757516 -3.7713 -28.091 -8.86285
2.56083 -27.7747 11.2701 -2.35469 1.26755 0.433995 2.64386 -32.4966 1.76303 -1.6013
-20.6721 -11.0596 -1.69042 -78.2906 64.0416 4.56078 -81.5176 29.1209 1.0939 0.8981
-3.31063 4.87333 -39.1089 -11.6927 -6.79331 -38.217 -16.5737 -3.37733 1.97577 -2.42963
5.53576 -51.8103 -44.6471 10.4741 -63.1669 -18.4846 18.3301 -22.1001 -14.0558 1.17011
5.31419 -2.4972 16.1173 -11.7821 -6.63955 19.5128 -31.9355 -10.4234 -4.741 4.94704
-1.76524 2.00974 8.18652 -2.77972 22.1694 -10.5272 -9.43336 0.988507 7.40047 -1.22791
-3.41317 6.91378 -0.258087 2.39035 0 -1.27957 0.968437 0 -0.452251 -1.41292
0 0.150052 -3.20178 -0.426218 21.7493 1.76148 3.15355 -5.1591 0.893091 -2.96259
-2.56486 -0.467095 2.81899 -2.17012 -0.312019 4.1346 -3.54424 -0.533235 2.20359 -2.29532
-1.06069 1.75892 -3.00599 -0.274067 0.256427 -1.07176 -0.0507726 -0.675982 -2.21244 -0.755934
0.354444 -0.253677 -1.07487 1.10798 -1.01241 -0.996238 1.056 -0.711614 -0.573044 -0.905728
-0.587498 -0.198034 -0.722862 -1.53742 3.03119 -0.903996 -9.14138 2.77726 -0.92093 -2.81554
-3.60366 -3.91301 18.6019 -2.81441 -5.34946 7.92406 -3.68099 -3.98914 15.5679 -0.51904
2.07611 -0.470994 0.466658 8.54773 -14.2344 -0.364305 -6.01194 2.0984 -1.61416 -4.24581
4.20796 1.01978 -7.43973 -1.32519 0.733388 -5.50086 -0.236556 0.262961 1.21266 -2.64457
-0.327656 8.90516 -4.13965 0.559534 -8.12801 -1.7866 0.951458 -6.67402 -1.93201 -0.0454754
-8.20143 -0.599174 0.175391 -6.70735 -1.05187 -0.222369 0.184888 -1.17739 -0.339196 7.0754
-2.81857 -1.43891 -7.79905 0.208847 -0.284271 -6.88367 -0.540449 -1.98969 -5.68183 0.0662959
-2.18694 -5.8958 0.875214 -0.246338 1.31947 -1.50303 -0.388018 7.48633 0.605212 2.29481
-1.74262 -4.05399 -0.631344 -3.7446 -2.25961 3.85549 0.175468 -2.39533 1.67299 -0.709169
-0.477852 0.105323 0.286761 0.477782 -0.087361 0.433408 0.60231 -0.748436 0.541754 0.327594
-0.0908743 0.402036 -1.29751 -0.0508005 -0.736191 -5.77747 -0.186888 0.491209 0.452658 -0.0952553
0.507504 0.345904 1.64664 -0.751803 -0.0939529 1.94872 0.52428 3.14531 0.198056 -0.49742
0.0622034 0.188186 -0.574979 0.38883 0.303008 -0.439694 0.558381 0.371775 0.673203 1.89799
0.290726 0.603358 0.664876 -0.206849 0.442099 0.798356 -0.249579 0.635992 0.594323 -0.148871
0.426313 -1.93149 -0.19203 -0.144986 -9.92066 -0.0225946 0.352829 1.17257 -0.100727 0.434047
0.9513 -0.0488454 -0.719465 0.154368 -0.0341346 0.589921 -0.571135 -0.26107 -0.971962 0.940025
-0.352881 -0.844168 -0.24926 -0.262713 -0.758081 -0.185819 -0.277705 0.715364 -2.97009 -0.402028
0.855981 -4.26269 0.0592053 0.379832 1.38433 0.0151955 0.455751 1.33028 0.339317 0.862807
-1.63443 0.512102 0.901384 -10.0196 0.4093 0.263354 1.00799 0.151144 0.418082 1.32675
-0.536184 -0.825114 0.0606353 -0.668027 1.10439 -4.79603 -1.14625 -1.39591 3.66925 -1.89788
-0.464764 3.31674 -2.344 -0.83034 3.04491 -3.20316 0.582165 -0.0125536 0.937272 -0.433131
-0.10274 0.590773 0.214974 0.230811 0.715765 0.437318 0.265887 0.506873 3.04317 -2.32682
1.50663 -3.76476 1.13871 1.2224 -1.14317 0.755535 8.09254 -0.22256 -0.501735 6.01032
-0.0873919 -1.13588 6.78338 0.226126 -1.03774 1.40468 -6.53613 -1.38379 1.4493 -5.50906
0.011921 0.597443 0.320037 -0.309688 0.295403 6.90488 3.70927 0.648874 -6.25365 -0.0171733
1.22307 -5.86449 -1.63274 -0.0593663 -5.93133 1.05846 -0.0576675 -5.21004 1.26836 0.0105741
1.46265 2.62468 0.208741 8.20172 7.61525 -0.142439 -5.67403 0.659206 -0.122495 -4.68636
0.779081 -0.00364182 -5.91815 0.327839 -0.108327 -4.7976 0.583764 0.024366 2.01838 3.74205
0.0278476 8.9915 13.8367 0.000898017 -5.77084 0.260396 0.0238974 -4.8391 0.187927 0.0531783
-5.52352 -0.00753548 0.00476263 -4.609 0.383072 0.275438 1.83218 5.24516 0.0670224 8.83081
23.0537 0.755705 -4.68688 -4.5015 0.330758 -4.42489 -1.19492 -0.155805 -1.86277 -23.9573
1.12227 -3.165 -7.8908 -0.419325 14.4205 -36.3306 -3.48936 29.6179 -14.7507 3.02817
8.97107 -38.4375 -33.6998 -31.5674 28.8736 -12.4063 -10.4235 71.8202 -38.0966 -43.9535
65.9848 14.2524 -6.64015 0.0252186 33.6516 -45.0426 -187.291 -1.86721 -29.2181 41.1575
-4.32452 16.4553 50.7402 11.8773 -47.5198 22.1972 6.73592 -55.1467 31.6633 13.4642
-44.8362 4.50979 15.2842 -81.425 -9.85683 -1.6044 -23.6541 -9.68716 9.81473 -38.6769
9.3882 0.517559 -33.2539 -63.9456 -4.26794 -6.53886 -38.8098 -4.88747 -53.6101 -60.0844
-19.6354 -18.1779 -10.0273 7.51521 -64.3391 -46.1332 -0.773507 5.15823 -4.0035 -0.460969
1.43385 -4.70563 1.14921 1.08479 -4.78957 -0.675315 1.04898 -1.03744 0.399597 1.42656
-4.62384 0.255376 0.0373139 -2.67533 4.42832 0.0290068 -12.4283 -1.16273 0.900217 1.80153
0.237955 5.83125 -14.2262 0.466289 1.66404 -2.7733 0.0216356 9.36878 -6.09939 -0.155205
0.476257 -1.20191 -0.429376 7.62394 -2.81107 -1.09389 1.05791 -0.0681177 -0.838097 7.3509
-0.62794 0.0271543 0.260687 -0.908441 0.153818 -0.816357 -4.75595 -0.386524 0.51305 -1.81585
-0.545253 -0.249389 -8.96584 0.317994 0.772833 -1.82546 0.544665 0.580455 -10.8134 0.533088
0.731014 -0.860905 0.403817 2.16259 -3.37595 -6.02416 -0.150876 21.1391 -0.0953029 0.042964
4.65452 0.594845 -0.402584 -0.449619 0.215853 6.27589 2.99245 0.0425199 1.20785 2.51792
0.224602 7.77785 6.19409 0.0137712 2.01544 3.47367 0.0692036 8.90816 12.3925 0.0570051
1.91356 5.27258 -0.0669951 9.01367 19.675 -3.65988 0.769926 -13.7288 -6.57789 4.36982
21.3773 13.1567 -15.112 33.3274 38.5965 -11.3307 -176.998 20.9187 -44.152 -0.248338
26.837 -66.004 -60.9597 -8.62352 -34.3464 -41.6168 -20.4682 -52.5456 79.0288 0.573405
0.892951 3.24116 0.559903 -0.426973 0.492584 -0.341845 0.621602 -1.77931 -0.276163 -0.757656
-0.0415479 -1.23853 1.20383 -4.61235 -0.973377 -0.899785 1.28294 -0.0180471 2.95352 0.177086
-0.0234152 3.21261 0.207264 -0.0124995 0 0.114102 -0.00964422 0 0.097118 -0.0121824
2.70816 0.151157 -0.00653469 0 0.0825606 -0.00649368 2.47098 0.128819 -0.00351534 0
0.0700849 -0.00179731 2.24344 0.10927 -0.000993643 0 0.0592507 0.00120689 2.03451 0.0917764
0.000682437 0 0.0496506 0.00220214 1.8582 0.0759597 0.00132205 0 0.0410366 0.00177464
1.72326 0.0618335 0.00110747 0 0.033365 0.00113936 1.62535 0.0495477 0.000643332 0
0.0266977 0.00137358 1.54673 0.039225 0.000522316 0 0.0211077 0.00174231 1.46123 0.0308663
0.000629499 0 0.0166073 0.00207295 1.35079 0.024354 0.000932012 0 0.0131341 0.00437825
1.21453 0.0194042 0.00217812 0 0.0105248 0.00861601 1.07063 0.0156383 0.00433942 0
0.00856021 0.0112575 0.947441 0.012704 0.0057086 0 0.00704036 0.00903955 0.872092 0.0103705
0.00475087 0 0.00584007 0.00267826 0.850727 0.00837085 0.00169991 0 0.00479344 -0.00456865
0.853552 0.00656469 -0.00220572 -0 0.00377568 -0.00414801 0.827922 0.00555006 -0.00127379 -0
0.00318361 0.00301472 0.743629 0.00483585 0.00305128 -0 0.0028046 0.00746986 0.626504 0.00384201
0.0051129 -0 0.00227391 0.00490526 0.532876 0.00327255 0.00411228 -0 0.00196156 -0.00128214
0.476941 0.00209806 0.00127534 0 0.00125856 0.00477484 0.424465 -0.00251038 0.00472355 -0
-0.00163367 0.0413718 0.349436 0.00213371 0.0243085 0 0.000991371 0.0396776 0 0.00949659
0.0700712 0.30786 0.0178142 -0.0328491 2.75041 0.307496 -0.042712 2.97601 0.358095 -0.0220267
2.53401 0.263793 -0.0115197 2.32212 0.225849 -0.00293272 2.11709 0.192289 0.00233733 1.92848
0.161924 0.00381335 1.77045 0.134275 0.00277285 1.65154 0.10949 0.00155155 1.56721 0.0878961
0.00212704 1.49997 0.0696847 0.00365977 1.42447 0.0548152 0.00473682 1.32211 0.0430728 0.00889664
1.19153 0.0340079 0.0172128 1.05205 0.0270359 0.0222083 0.932754 0.0215682 0.0170347 0.860697
0.0172069 0.00363246 0.841945 0.0135701 -0.00996572 0.846804 0.0105768 -0.0121437 0.821012 0.00895799
-0.000810776 0.736634 0.00767423 0.00905111 0.621638 0.00588732 0.00360241 0.529619 0.00493684 -0.00910055
0.475177 0.00315205 0.00126968 0.427244 -0.00357538 0.0703936 0.348917 0.00446601 0.125133 0.300446
0.0321266 -0.0429906 2.46472 0.386757 -0.0562805 2.64502 0.448141 -0.0283036 2.28788 0.333193
-0.0140022 2.11084 0.286161 -0.00236142 1.93716 0.244112 0.00453474 1.77719 0.205873 0.00604457
1.6451 0.171057 0.00395068 1.549 0.139766 0.00153702 1.48404 0.112395 0.00182923 1.43288
0.0891688 0.00520487 1.37146 0.0700114 0.00801682 1.2809 0.0546523 0.0138768 1.15893 0.0426124
0.0259434 1.02613 0.0332783 0.0328616 0.912889 0.0259511 0.0241187 0.846114 0.0201839 0.00305783
0.831317 0.0155452 -0.016577 0.838653 0.012037 -0.0214931 0.813263 0.0102064 -0.00754149 0.729066
0.00860135 0.00657051 0.61636 0.00628839 -0.00164407 0.526402 0.00517293 -0.0205374 0.473281 0.00324278
-0.00801454 0.429067 -0.00401176 0.0905323 0.345668 0.00662519 0.170269 0.289082 0.0439063 -0.0477867
2.13178 0.427513 -0.0635518 2.26092 0.493588 -0.0302477 2.00038 0.369047 -0.0131731 1.86395
0.317015 0.000758724 1.72698 0.270144 0.00873994 1.60044 0.227721 0.0097197 1.49841 0.189455
0.0061644 1.42894 0.155103 0.00241266 1.38676 0.124853 0.00271172 1.35415 0.0989214 0.00775254
1.30882 0.0772938 0.0118568 1.23253 0.0597329 0.0193887 1.1214 0.0458165 0.0347867 0.996874
0.0350018 0.0430895 0.891259 0.0265929 0.0304834 0.831097 0.0201972 0.00163579 0.820965 0.0152727
-0.0235282 0.830689 0.0117796 -0.0281278 0.805563 0.0100103 -0.0117829 0.721674 0.00836076 0.0026763
0.611565 0.00581658 -0.00899747 0.523845 0.00468826 -0.033734 0.471737 0.00279553 -0.0209878 0.429807
-0.00463253 0.104163 0.339398 0.00827765 0.207942 0.273911 0.0542752 -0.0468244 1.77934 0.436796
-0.0642378 1.85554 0.503604 -0.0275285 1.69587 0.376921 -0.0087455 1.6029 0.323075 0.00664609
1.50547 0.274541 0.0150972 1.41466 0.231176 0.0149315 1.34422 0.192498 0.00963249 1.30256
0.157838 0.00429498 1.28436 0.127006 0.0029572 1.27144 0.100154 0.00662088 1.24306 0.0774801
0.0129703 1.1823 0.0589247 0.0251717 1.08332 0.0441603 0.0438711 0.967892 0.0327406 0.0530384
0.870809 0.0240634 0.0363976 0.817843 0.0177908 -3.82015e-05 0.812344 0.0132399 -0.0298146 0.823724
0.010221 -0.0324434 0.797999 0.00869809 -0.0144964 0.714456 0.00720622 -0.00273296 0.60751 0.00476852
-0.0187365 0.52213 0.00379738 -0.0485136 0.470771 0.00203796 -0.0359412 0.429661 -0.00552187 0.113634
0.330423 0.00935062 0.239966 0.255356 0.0633079 -0.0396285 1.43114 0.417242 -0.0581269 1.45527
0.482011 -0.0197903 1.39547 0.358772 -0.000566882 1.34622 0.306244 0.0158906 1.28855 0.259649
0.0247029 1.23329 0.218789 0.0225361 1.19384 0.182517 0.0146928 1.17924 0.149769 0.00732103
1.18515 0.120135 0.00234754 1.19382 0.0938183 0.00190747 1.1834 0.0713122 0.0121868 1.13631
0.0528417 0.0318361 1.04828 0.0382241 0.0536683 0.942341 0.0270991 0.0633479 0.85395 0.0189521
0.0425437 0.808029 0.0134402 -0.00098047 0.806483 0.00978876 -0.0347323 0.818342 0.00757911 -0.0358073
0.791377 0.00641593 -0.0176726 0.708271 0.00522521 -0.0102238 0.604601 0.00322881 -0.0307968 0.521465
0.00262625 -0.0640614 0.470435 0.00111619 -0.0503886 0.42896 -0.00658955 0.121198 0.319656 0.00990104
0.267188 0.234527 0.0708788 -0.0258633 1.10975 0.368214 -0.0445918 1.08492 0.428128 -0.00755915
1.11971 0.31442 0.0113503 1.11176 0.267297 0.0288844 1.09055 0.226975 0.0381898 1.06775
0.192138 0.0332044 1.0568 0.160897 0.0219247 1.06699 0.131967 0.0129394 1.09568 0.105059
0.00660527 1.12597 0.0806684 0.00535494 1.13309 0.0595837 0.0174829 1.09777 0.0422911 0.040208
1.01949 0.0288081 0.0648855 0.922879 0.018847 0.0749282 0.842583 0.0119249 0.0496269 0.802845
0.00763576 -0.000138107 0.804189 0.00519821 -0.037379 0.815378 0.00398816 -0.0382558 0.78677 0.0033226
-0.0217772 0.704143 0.0025921 -0.0196878 0.603434 0.00129275 -0.0444548 0.522085 0.00123651 -0.0787433
0.470759 0.000115944 -0.0609656 0.428038 -0.00753777 0.128523 0.308283 0.0101172 0.288671 0.213081
0.0766104 -0.00659796 0.83929 0.288365 -0.0255606 0.771054 0.339006 0.00931532 0.889721 0.244436
0.0265963 0.91646 0.20808 0.0478923 0.924208 0.178272 0.0611794 0.92799 0.152501 0.0506852
0.941449 0.128521 0.0320427 0.972796 0.10519 0.0215419 1.02113 0.0825733 0.0155787 1.06977
0.0615842 0.0161112 1.092 0.0432842 0.0278554 1.06828 0.0283571 0.0502012 0.999599 0.0169936
0.0787911 0.911205 0.00895753 0.0893466 0.837967 0.00378325 0.0585322 0.803244 0.000980307 0.00334372
0.806284 -0.000134424 -0.0367797 0.815809 -0.000255541 -0.0391024 0.785189 -0.000243323 -0.026224 0.702841
-0.000364814 -0.0301698 0.604442 -0.000854326 -0.0588517 0.524157 -0.000301882 -0.0914579 0.471873 -0.000916535
-0.0643463 0.427005 -0.00800348 0.137002 0.297013 0.0102193 0.302153 0.192428 0.0800226 0.00917594
0.646232 0.181328 -0.00608861 0.54348 0.215837 0.0264317 0.725695 0.153518 0.0438694 0.77448
0.132496 0.0684244 0.799457 0.116147 0.0859715 0.822291 0.101653 0.0707754 0.855977 0.0868091
0.0446602 0.903612 0.0708207 0.0319732 0.966797 0.0541429 0.0257413 1.0298 0.0380513 0.0267649
1.06431 0.0238815 0.0380252 1.05044 0.0124625 0.0617129 0.989079 0.00409195 0.0982006 0.906668
-0.00142794 0.112069 0.83971 -0.00456458 0.0726393 0.809579 -0.00581519 0.0100484 0.813186 -0.00566346
-0.0321883 0.820128 -0.00472706 -0.0371634 0.787103 -0.00388894 -0.0294048 0.704685 -0.00330721 -0.039838
0.607815 -0.00300451 -0.0728329 0.527755 -0.00189088 -0.103744 0.473864 -0.00193524 -0.0580339 0.425894
-0.00781087 0.150503 0.286292 0.0102849 0.306513 0.173564 0.0807438 0.0265543 0.549349 0.0609807
0.0196565 0.427662 0.074025 0.0435154 0.640467 0.0523708 0.0613004 0.696831 0.04794 0.0813476
0.726426 0.0457785 0.0997302 0.758189 0.0434718 0.0884595 0.806002 0.0389841 0.059292 0.864384
0.0316995 0.04291 0.936934 0.0223109 0.0358593 1.00964 0.0123346 0.0364314 1.05251 0.00333268
0.0470585 1.04471 -0.00376617 0.0747422 0.986168 -0.00859444 0.117946 0.905897 -0.0113514 0.130027
0.845438 -0.0124351 0.084327 0.821572 -0.0121713 0.0195443 0.825058 -0.0109102 -0.0234483 0.828365
-0.00905214 -0.0317287 0.792422 -0.00732515 -0.0299479 0.709501 -0.00600423 -0.0469253 0.613458 -0.00499146
-0.0856016 0.532864 -0.00342217 -0.117686 0.476457 -0.00289805 -0.051832 0.424628 -0.00709018 0.160699
0.277263 0.0101811 0.301107 0.158385 0.0787541 0.0609592 0.550123 -0.0514251 0.0588442 0.426305
-0.0583311 0.0679179 0.637943 -0.0433316 0.0768337 0.689535 -0.0337772 0.0830923 0.714748 -0.0238501
0.0947895 0.743399 -0.0152289 0.0961632 0.794958 -0.0097008 0.0732324 0.858294 -0.00804842 0.0536194
0.93359 -0.00966746 0.0453222 1.01042 -0.0130026 0.0442785 1.05685 -0.0164274 0.0528379 1.05023
-0.0189825 0.079712 0.989033 -0.020292 0.117649 0.908736 -0.020451 0.124824 0.856106 -0.0195726
0.0872214 0.838222 -0.0178121 0.0314787 0.840685 -0.0155911 -0.0107897 0.840022 -0.0129631 -0.0231301
0.800509 -0.0103614 -0.02749 0.716546 -0.00830108 -0.0473881 0.620826 -0.00667932 -0.0954186 0.539264
-0.0048288 -0.137338 0.479518 -0.0038111 -0.0651879 0.422952 -0.00604557 0.149531 0.269995 0.00976899
0.285181 0.147456 0.0744032 0.104525 0.631205 -0.138924 0.0957063 0.515205 -0.15934 0.0991906
0.708614 -0.119839 0.0905345 0.747635 -0.10124 0.0838656 0.764048 -0.0833493 0.0850571 0.781688
-0.0670308 0.105005 0.824157 -0.0536841 0.0931736 0.883711 -0.0443859 0.0639941 0.955717 -0.0389241
0.0537627 1.03117 -0.035982 0.0496052 1.07678 -0.0341616 0.0547997 1.06815 -0.03259 0.0706512
1.00339 -0.0308828 0.0942691 0.922707 -0.0287613 0.109499 0.87419 -0.0259889 0.0921355 0.858326
-0.022751 0.0458873 0.859002 -0.0196246 0.00466499 0.854321 -0.0163451 -0.0127673 0.81043 -0.0129368
-0.0211519 0.724362 -0.0101417 -0.0462508 0.628903 -0.00803208 -0.109253 0.547469 -0.00610728 -0.16348
0.483484 -0.00470682 -0.102647 0.419127 -0.00493273 0.114016 0.261823 0.00893052 0.260955 0.138691
0.0682914 0.125659 0.762251 -0.198272 0.108525 0.663168 -0.226044 0.122842 0.829879 -0.17337
0.103951 0.855047 -0.1503 0.0973781 0.856247 -0.128337 0.1028 0.856621 -0.107749 0.13085
0.882604 -0.0895739 0.116763 0.935215 -0.0749365 0.0756586 1.00157 -0.0639468 0.0608797 1.07
-0.0558004 0.0533613 1.11131 -0.0496006 0.0556405 1.09943 -0.0446425 0.0635856 1.03375 -0.0404022
0.0732813 0.951522 -0.036272 0.0924529 0.899252 -0.0318319 0.095541 0.881123 -0.0272287 0.0608826
0.879751 -0.0231406 0.0208196 0.870633 -0.019222 -0.00335849 0.821356 -0.0151442 -0.0213223 0.732117
-0.0117166 -0.0619004 0.637919 -0.00919952 -0.134308 0.557641 -0.00726089 -0.187062 0.487953 -0.00557188
-0.131238 0.412484 -0.00409454 0.0839347 0.251203 0.00753709 0.234082 0.130246 0.0610706 0.120501
0.929612 -0.236971 0.105278 0.859172 -0.268237 0.129353 0.981832 -0.209268 0.114409 0.993251
-0.184161 0.110272 0.972573 -0.16039 0.119333 0.948662 -0.137906 0.13269 0.957667 -0.117379
0.115847 1.00683 -0.099586 0.0852512 1.06737 -0.084744 0.0675204 1.12503 -0.0727078 0.0565925
1.15882 -0.0631191 0.0561954 1.1419 -0.0554178 0.0647012 1.07438 -0.0489272 0.0707141 0.989851
-0.0429825 0.0864992 0.930322 -0.037183 0.0996958 0.906079 -0.0314705 0.0751873 0.902219 -0.0263982
0.0354642 0.889009 -0.0218199 0.00298681 0.834776 -0.0172936 -0.035776 0.742595 -0.013384 -0.0924193
0.648919 -0.0103513 -0.160098 0.56834 -0.00824332 -0.203209 0.491452 -0.00631944 -0.134575 0.404471
-0.0035058 0.074226 0.242043 0.00584978 0.207736 0.125888 0.0535573 0.119292 1.12837 -0.263803
0.114557 1.09138 -0.296609 0.126584 1.1567 -0.234672 0.117684 1.152 -0.208298 0.110698
1.10917 -0.183706 0.101543 1.06253 -0.160676 0.0958158 1.05669 -0.139268 0.0956531 1.09804
-0.119686 0.0899749 1.14814 -0.102253 0.0748705 1.19393 -0.087421 0.0590045 1.21774 -0.0752436
0.0554879 1.19332 -0.0652388 0.0655042 1.12031 -0.056731 0.0802397 1.03044 -0.0490956 0.103235
0.963198 -0.0421098 0.115121 0.93335 -0.0355906 0.0888039 0.927245 -0.0296492 0.0478585 0.910418
-0.0244652 0.00760548 0.852596 -0.0196385 -0.0488819 0.758421 -0.0152619 -0.115959 0.662712 -0.0115261
-0.178511 0.579003 -0.00907626 -0.21422 0.494306 -0.00691744 -0.139024 0.395725 -0.00281907 0.0607711
0.234779 0.00448241 0.181746 0.125718 0.0467319 0.128997 1.35015 -0.284151 0.14987 1.34294
-0.317499 0.116671 1.35282 -0.254215 0.114523 1.32785 -0.226884 0.107216 1.26646 -0.201839
0.0811628 1.20412 -0.178808 0.0624498 1.18196 -0.15717 0.0831637 1.20608 -0.136542 0.101976
1.24069 -0.11737 0.0882902 1.27399 -0.100539 0.0627224 1.28667 -0.0863571 0.0539363 1.25221
-0.0743927 0.0647883 1.17026 -0.0641041 0.0874672 1.07068 -0.0549929 0.116642 0.994679 -0.0469412
0.127009 0.962377 -0.0397045 0.100234 0.955563 -0.0330055 0.0588794 0.935348 -0.027217 0.0126582
0.874797 -0.0220254 -0.0520979 0.778809 -0.0171312 -0.128571 0.679211 -0.0126625 -0.192508 0.590298
-0.00984395 -0.219777 0.497436 -0.00742185 -0.140804 0.386488 -0.00192467 0.0488827 0.227904 0.00381524
0.15911 0.127788 0.0412049 0.125669 1.59039 -0.300788 0.162407 1.60542 -0.33426 0.105336
1.56905 -0.270222 0.110391 1.51851 -0.242096 0.105201 1.43937 -0.216625 0.0839305 1.36361
-0.193541 0.0625696 1.32232 -0.171767 0.0877469 1.32272 -0.150524 0.118089 1.34004 -0.130363
0.0946442 1.36212 -0.112268 0.0598798 1.36428 -0.0965769 0.0512231 1.31783 -0.0829783 0.0623392
1.22413 -0.0711786 0.0841562 1.11388 -0.0608881 0.105082 1.03032 -0.0518631 0.114011 0.995598
-0.0437649 0.101047 0.987016 -0.036272 0.0670437 0.963358 -0.0298503 0.0176927 0.900053 -0.0242174
-0.0494408 0.801605 -0.0187997 -0.130938 0.697304 -0.0136489 -0.197139 0.602281 -0.0104866 -0.218125
0.500578 -0.00781086 -0.131825 0.377185 -0.00103163 0.0465446 0.223201 0.00376044 0.140665 0.134338
0.0371465 0.103439 1.84427 -0.314736 0.130389 1.88268 -0.348377 0.0991808 1.79706 -0.283323
0.110035 1.72054 -0.254401 0.10633 1.62262 -0.228406 0.0924055 1.5315 -0.204947 0.084528
1.46995 -0.182797 0.115212 1.44639 -0.161265 0.129698 1.44875 -0.140888 0.083635 1.46098
-0.1222 0.0483293 1.45014 -0.105486 0.0464836 1.38908 -0.090667 0.0572719 1.28317 -0.0777091
0.0745881 1.16396 -0.0664518 0.0845383 1.07537 -0.0564837 0.0912986 1.03518 -0.0474182 0.0946146
1.02052 -0.0390713 0.0712105 0.993394 -0.0320737 0.0206356 0.927061 -0.0261078 -0.0452477 0.824912
-0.0202505 -0.121717 0.715559 -0.0144298 -0.187015 0.614746 -0.0108664 -0.208593 0.504403 -0.00797994
-0.123601 0.368381 -0.000363318 0.040247 0.220287 0.00400089 0.123019 0.144116 0.0342549 0.0940166
2.11108 -0.324924 0.104516 2.17784 -0.358859 0.0962416 2.03029 -0.292574 0.10556 1.92761
-0.262905 0.103237 1.81224 -0.236318 0.0920327 1.70384 -0.212206 0.0982892 1.61824 -0.189549
0.137888 1.57299 -0.16807 0.132536 1.56752 -0.147966 0.0728238 1.57053 -0.129134 0.0420099
1.54268 -0.111919 0.0407389 1.46555 -0.0964555 0.0503252 1.34779 -0.0827945 0.0662138 1.22009
-0.0707822 0.0772361 1.12511 -0.0599596 0.0876876 1.07696 -0.05006 0.0958752 1.05533 -0.0410384
0.073299 1.02515 -0.0336139 0.0215497 0.955672 -0.0275353 -0.0417012 0.848633 -0.021429 -0.111534
0.733432 -0.0150133 -0.171814 0.627324 -0.010956 -0.192422 0.509108 -0.00788052 -0.11653 0.360323
3.74971e-05 0.0287515 0.217924 0.00424298 0.103389 0.154511 0.0317278 0.102888 2.38375 -0.328426
0.0892757 2.47867 -0.362536 0.0980848 2.26958 -0.295648 0.0899346 2.13882 -0.265641 0.0854604
2.00372 -0.238625 0.0815632 1.87575 -0.213956 0.0911393 1.76351 -0.191032 0.117851 1.69758
-0.169771 0.106601 1.68877 -0.149984 0.0611907 1.68405 -0.131352 0.0382737 1.63841 -0.11422
0.0343164 1.54609 -0.0987759 0.0422927 1.4162 -0.0849979 0.0579417 1.27882 -0.0726379 0.0736466
1.17457 -0.0613261 0.088539 1.11731 -0.0510335 0.0971929 1.09012 -0.0417572 0.0737205 1.05775
-0.0341337 0.0234846 0.985288 -0.0281655 -0.0363518 0.87299 -0.0220969 -0.102489 0.75132 -0.015343
-0.155771 0.63953 -0.0108124 -0.17218 0.514017 -0.00757288 -0.10857 0.353015 0.000225433 0.0152557
0.214923 0.0042325 0.0808237 0.162923 0.0286371 0.111813 2.65072 -0.320557 0.094111 2.77439
-0.35402 0.0889731 2.51014 -0.288545 0.0730141 2.35516 -0.259085 0.064463 2.19664 -0.232272
0.0646904 2.04612 -0.207682 0.0644497 1.91128 -0.185041 0.0650492 1.82732 -0.164169 0.0625781
1.8099 -0.144832 0.0477641 1.79495 -0.12692 0.0327849 1.73314 -0.110574 0.0273144 1.62692
-0.0958827 0.0338813 1.48514 -0.0827356 0.0478413 1.33732 -0.0707649 0.0629413 1.22256 -0.0597218
0.0777348 1.15551 -0.0497056 0.0860998 1.12243 -0.0406714 0.0681795 1.0881 -0.0331454 0.0308121
1.01397 -0.027462 -0.024138 0.897286 -0.0217926 -0.0888818 0.768964 -0.0152065 -0.134566 0.651139
-0.0104584 -0.148126 0.518881 -0.00710809 -0.0978173 0.346514 0.000305949 0.00248094 0.210992 0.00378646
0.0569244 0.168318 0.0242143 0.101536 2.90543 -0.294104 0.113967 3.05055 -0.325235 0.0627552
2.74263 -0.264503 0.0550954 2.56399 -0.236989 0.0496704 2.38326 -0.211716 0.0494994 2.21146
-0.188526 0.0378653 2.06116 -0.167298 0.0200156 1.96047 -0.147766 0.0244949 1.92438 -0.129796
0.0347342 1.89594 -0.113547 0.0278454 1.82186 -0.0989786 0.0203677 1.70307 -0.0859927 0.025346
1.55009 -0.0744302 0.0367236 1.39224 -0.0638958 0.0481679 1.2681 -0.0541588 0.0575905 1.19265
-0.045234 0.0586949 1.15307 -0.0370631 0.0509423 1.11434 -0.0300913 0.0363998 1.03813 -0.0248783
-0.00970061 0.919571 -0.0199511 -0.0692466 0.785896 -0.0142207 -0.107054 0.661891 -0.00976861 -0.119023
0.523499 -0.00640835 -0.0825479 0.340891 0.000466925 -0.00749162 0.20662 0.00287473 0.0338192 0.171298
0.0180526 0.0700061 3.13067 -0.238332 0.0966017 3.28976 -0.264508 0.0410744 2.9477 -0.213618
0.0340269 2.74572 -0.190577 0.0342078 2.54485 -0.16938 0.0346067 2.35598 -0.150017 0.0235998
2.19416 -0.132393 -0.0032119 2.07988 -0.116266 -0.00794554 2.0225 -0.101545 0.0221403 1.97846
-0.0885357 0.0278334 1.89612 -0.0771916 0.0138778 1.76779 -0.067223 0.0164845 1.6055 -0.0584324
0.0243427 1.43969 -0.0505107 0.0317333 1.30918 -0.0431715 0.0338094 1.22847 -0.0363062 0.0282617
1.1822 -0.0298946 0.0311947 1.13566 -0.0242363 0.0293547 1.05614 -0.0199114 -0.00461478 0.937485
-0.0160898 -0.0456606 0.800385 -0.0118775 -0.0737748 0.671393 -0.00838729 -0.0847601 0.527664 -0.0053068
-0.062412 0.335949 0.000778992 -0.0136633 0.202087 0.00150977 0.0132484 0.1726 0.0101932 0.0346326
3.29266 -0.139249 0.0479954 3.46598 -0.155326 0.0231179 3.09439 -0.124243 0.017071 2.87609
-0.110313 0.0177143 2.65938 -0.0975488 0.0180884 2.45818 -0.0859575 0.0126643 2.28857 -0.0754585
-0.0108128 2.16614 -0.0658963 -0.0197705 2.08994 -0.0572355 0.014981 2.02962 -0.0497366 0.0247293
1.94497 -0.0433865 0.00752764 1.81358 -0.0378934 0.00786826 1.64446 -0.0330983 0.011882 1.47361
-0.028836 0.0157181 1.33945 -0.02486 0.0157173 1.25571 -0.0210625 0.0128754 1.2036 -0.0174654
0.0176617 1.14996 -0.0141882 0.0153423 1.0686 -0.0115916 -0.00347416 0.949948 -0.00941822 -0.0221604
0.81042 -0.0072018 -0.0375472 0.6787 -0.00528712 -0.0452469 0.53101 -0.00326918 -0.035453 0.331873
0.000766471 -0.0126329 0.19807 0.000300411 -0.000451164 0.173053 0.00322406 0.017046 0 -0.076974
0.0219788 0 -0.0862357 0.0120483 0 -0.0684329 0.0100845 0 -0.0605426 0.00983346
0 -0.0533436 0.00949478 0 -0.0468336 0.00664376 0 -0.0409549 -0.0101863 0
-0.0356103 -0.0161825 0 -0.030801 0.0120936 0 -0.0267057 0.0188715 0 -0.0233123
0.00419738 0 -0.0204111 0.00378756 0 -0.0179008 0.00583896 0 -0.0156941 0.00784967
0 -0.0136175 0.00866726 0 -0.0115974 0.00930974 0 -0.0096707 0.0118173 0
-0.00788164 0.00834294 0 -0.00641884 -0.0018362 0 -0.00523584 -0.0108159 0 -0.00410636
-0.0190812 0 -0.00311035 -0.024079 0 -0.00190573 -0.0198126 0 0.00057048 -0.00960572
0 -0.000109399 -0.00470357 0 0.000351182 -0.031675 3.80363 0.281959 -0.0345834 4.1429
0.32672 -0.0185254 -0 0.181254 -0.0169274 0 0.156123 -0.0279837 3.494 0.242134
-0.0149373 0 0.133727 -0.0575643 3.48456 0.482922 -0.0625417 3.77434 0.557771 -0.0510182
3.21886 0.416395 -0.0754395 3.04301 0.597963 -0.081289 3.26658 0.687406 -0.0672223 2.83611
0.518306 -0.08485 2.53618 0.651891 -0.0903561 2.68687 0.745213 -0.0760996 2.3943 0.56815
-0.0859591 2.00672 0.659857 -0.0900025 2.08495 0.750028 -0.0776453 1.93017 0.577809 -0.078829
1.48758 0.63009 -0.0804301 1.498 0.71324 -0.0718164 1.47312 0.553001 -0.0640966 1.00752
0.563654 -0.0625823 0.956872 0.638161 -0.0589456 1.05006 0.49353 -0.0424566 0.597139 0.454335
-0.0369052 0.493284 0.516809 -0.0397815 0.689857 0.394833 -0.0141866 0.291963 0.295445 -0.00369797
0.147031 0.335989 -0.014496 0.424578 0.254816 0.0203188 0.12929 0.102861 0.0377757 -0.0343854
0.110295 0.0175041 0.285042 0.0893098 0.0565856 0.123157 -0.0788795 0.0738693 -0.0341168 -0.102942
0.0564673 0.279701 -0.0661363 0.0881394 0.24546 -0.212865 0.0966866 0.116354 -0.253414 0.0906978
0.381803 -0.182992 0.111831 0.454343 -0.295573 0.1194 0.36442 -0.340019 0.108371 0.557492
-0.257933 0.125739 0.717744 -0.343748 0.138598 0.6677 -0.388063 0.113853 0.785906 -0.303601
0.141445 1.01497 -0.373861 0.154838 1.00167 -0.417497 0.126176 1.04887 -0.333296 0.166745
1.33126 -0.354431 0.173703 1.33007 -0.394489 0.181716 1.62046 -0.370711 0.184548 1.64565
-0.409389 0.144684 1.92019 -0.38397 0.155679 1.96614 -0.420668 0.107557 2.23674 -0.393586
0.117952 2.30553 -0.428427 0.074527 2.56303 -0.396634 0.0852898 2.66312 -0.430058 0.0621728
2.88934 -0.387422 0.0733597 3.02184 -0.419819 0.078593 3.19561 -0.356912 0.0713982 3.35864
-0.388119 0.0773532 3.45827 -0.291766 0.0580018 3.6505 -0.319489 0.0431489 3.65122 -0.172305
0.0331813 3.86326 -0.190009 0.0200937 0 -0.0960812 0.0178385 0 -0.106481 -0.182729
12.655 1.85631 -0.246412 12.8369 1.95831 -0.181552 0 1.04796 -0.138902 -0
0.996769 -0.149674 12.4393 1.7837 -0.112774 -0 0.962031 -0.124341 12.1479 1.71256
-0.0900889 -0 0.928525 -0.101195 11.772 1.64552 -0.0714074 0 0.896766 -0.085153
11.3236 1.57915 -0.0577504 0 0.864614 -0.0793718 10.8317 1.50789 -0.0506456 -0
0.829284 -0.0792457 10.3213 1.4298 -0.0476905 -0 0.78961 -0.0797131 9.80952 1.34627
-0.0460613 -0 0.746119 -0.0794126 9.30982 1.25904 -0.0447518 -0 0.69966 -0.0780151
8.83134 1.16998 -0.0433248 -0 0.65128 -0.0752341 8.37865 1.08127 -0.0414465 -0
0.60237 -0.0712055 7.95267 0.994706 -0.0390955 -0 0.554144 -0.0665595 7.55068 0.91137
-0.0365235 -0 0.507458 -0.0617543 7.16607 0.831703 -0.0338757 -0 0.462806 -0.0569638
6.79095 0.755827 -0.0312124 -0 0.420401 -0.0525274 6.41862 0.683579 -0.0287286 -0
0.380159 -0.0485834 6.04369 0.6148 -0.0264891 -0 0.341906 -0.0450996 5.66305 0.549527
-0.0245096 -0 0.305592 -0.0421359 5.27696 0.487845 -0.0228351 -0 0.271258 -0.0395524
4.88926 0.429958 -0.0213569 -0 0.239002 -0.037096 4.50779 0.376153 -0.0199424 -0
0.208947 -0.282809 10.7851 3.48415 -0.377913 10.9404 3.74684 -0.236102 10.5751 3.29178
-0.203587 10.2916 3.10623 -0.170524 9.92872 2.94089 -0.148399 9.51217 2.78812 -0.142351
9.08048 2.63513 -0.143949 8.65583 2.47762 -0.144969 8.24664 2.31766 -0.143683 7.85751
2.15757 -0.140059 7.49078 1.99947 -0.134121 7.14669 1.84552 -0.126219 6.82409 1.69718
-0.117396 6.51971 1.55487 -0.108618 6.22715 1.41844 -0.100109 5.93893 1.28807 -0.0923704
5.6489 1.16389 -0.0856484 5.35195 1.04587 -0.0797784 5.04505 0.934288 -0.0748473 4.72844
0.829319 -0.0706367 4.40571 0.731289 -0.0666739 4.08432 0.640662 -0.26377 7.78338 4.36888
-0.331211 7.82069 4.63779 -0.241868 7.66747 4.12175 -0.227573 7.49589 3.8567 -0.203772
7.24511 3.62818 -0.187622 6.95056 3.42588 -0.18573 6.65709 3.2306 -0.18927 6.38234
3.03487 -0.189897 6.12708 2.84026 -0.186534 5.891 2.64751 -0.179865 5.67314 2.45763
-0.170633 5.47154 2.27216 -0.159432 5.28446 2.09205 -0.147447 5.10945 1.91709 -0.13587
4.94097 1.74716 -0.124843 4.77168 1.58359 -0.1151 4.59511 1.42774 -0.107001 4.40568
1.28043 -0.100161 4.19992 1.14249 -0.0946188 3.97801 1.01417 -0.0900413 3.74332 0.895481
-0.0858134 3.5029 0.786571 -0.103372 4.30316 3.75866 -0.0812562 4.1764 3.70891 -0.148265
4.36411 3.71619 -0.179613 4.38481 3.60409 -0.186428 4.30205 3.49041 -0.188999 4.16398
3.37762 -0.196444 4.02527 3.25101 -0.204178 3.90403 3.1069 -0.206024 3.79884 2.95192
-0.201976 3.71132 2.78603 -0.193396 3.64147 2.61032 -0.181732 3.58645 2.42866 -0.168053
3.54393 2.24468 -0.153925 3.51156 2.06048 -0.140767 3.48342 1.87741 -0.128768 3.45028
1.69868 -0.118813 3.4038 1.52832 -0.111091 3.33718 1.36873 -0.104914 3.24602 1.22124
-0.100298 3.13028 1.08576 -0.0968882 2.99335 0.961608 -0.0939154 2.84223 0.8483 0.00883507
1.69201 2.49899 0.0925528 1.63199 2.23001 -0.063657 1.73802 2.73553 -0.127256 1.77907
2.90976 -0.16615 1.73166 2.98468 -0.184637 1.64475 2.99698 -0.196055 1.57572 2.96235
-0.203944 1.54069 2.88884 -0.204261 1.53195 2.78947 -0.197341 1.55304 2.66772 -0.185038
1.60406 2.52611 -0.16979 1.67937 2.3693 -0.153143 1.77356 2.2025 -0.137059 1.88189
2.02999 -0.123212 1.99681 1.84989 -0.111479 2.10457 1.66928 -0.10288 2.19162 1.50118
-0.0974248 2.24959 1.34624 -0.0938337 2.27355 1.20402 -0.0918137 2.26347 1.07453 -0.0911793
2.22328 0.956388 -0.091157 2.16028 0.848607 0.0313167 0.0109319 1.91887 0.150621 0.178035
1.70054 -0.0437415 -0.168804 2.19893 -0.117302 -0.308323 2.44053 -0.168991 -0.441947 2.56365
-0.189647 -0.551677 2.59692 -0.195093 -0.603876 2.58083 -0.196976 -0.593478 2.52924 -0.191738
-0.537315 2.45049 -0.178427 -0.435187 2.35376 -0.15943 -0.288939 2.24342 -0.138079 -0.106213
2.12088 -0.116505 0.104507 1.98945 -0.0970497 0.335511 1.85409 -0.0820138 0.582947 1.70983
-0.0720077 0.826728 1.55692 -0.0676268 1.04036 1.40712 -0.0670437 1.21528 1.26073 -0.0676158
1.34619 1.12509 -0.069315 1.43295 1.00667 -0.0731063 1.48142 0.89974 -0.0778738 1.49938
0.802672 -0.0120222 -1.46327 1.80872 0.142535 -1.13158 1.71783 -0.0958086 -1.81231 1.93206
-0.160489 -2.08209 2.02496 -0.196585 -2.28771 2.08361 -0.200541 -2.41119 2.08477 -0.192673
-2.44476 2.05313 -0.185352 -2.39401 1.99963 -0.171022 -2.28015 1.9257 -0.1485 -2.11022
1.84237 -0.120372 -1.88943 1.75627 -0.0904642 -1.62549 1.66822 -0.062129 -1.32889 1.5785
-0.0376211 -1.01189 1.49007 -0.0192316 -0.676561 1.40821 -0.0106456 -0.335585 1.32353 -0.0124852
-0.0169283 1.22533 -0.019388 0.2677 1.11534 -0.0270445 0.50086 1.00469 -0.0341592 0.67497
0.900864 -0.0433598 0.802951 0.804045 -0.0548502 0.892745 0.71752 -0.0927697 -2.8028 1.4892
0.0562852 -2.39231 1.51932 -0.170164 -3.19648 1.48934 -0.22032 -3.48973 1.48533 -0.228921
-3.7183 1.47846 -0.206845 -3.83411 1.44495 -0.186473 -3.83581 1.39067 -0.166686 -3.73918
1.32242 -0.140141 -3.56752 1.24016 -0.106393 -3.33359 1.15171 -0.0681413 -3.04837 1.06622
-0.0287242 -2.7221 0.990755 0.0074951 -2.3657 0.927601 0.0364753 -1.99216 0.876602 0.0579946
-1.61194 0.847407 0.0674477 -1.23168 0.83699 0.0612474 -0.864971 0.825358 0.0463862 -0.523292
0.806993 0.0309369 -0.225892 0.773235 0.0203256 0.0182703 0.718066 0.00293361 0.216762 0.6524
-0.0216918 0.371173 0.58365 -0.177214 -3.77987 0.959431 -0.059404 -3.3614 1.02093 -0.246247
-4.17478 0.932277 -0.284294 -4.46548 0.894402 -0.267262 -4.67643 0.836871 -0.212529 -4.74862
0.760596 -0.170144 -4.69074 0.670954 -0.136912 -4.5273 0.572732 -0.0968877 -4.27945 0.464852
-0.0488898 -3.96469 0.35817 -0.000203786 -3.60266 0.268774 0.0464243 -3.21302 0.204059 0.0889639
-2.8112 0.16697 0.120608 -2.40912 0.157101 0.144873 -2.01863 0.173434 0.155055 -1.64736
0.213918 0.142279 -1.30221 0.268531 0.118931 -0.987156 0.327837 0.0954266 -0.703205 0.375534
0.0841103 -0.447173 0.400396 0.0655325 -0.216982 0.401144 0.0256065 -0.0189912 0.375209 -0.261602
-4.34312 0.448623 -0.177057 -3.92845 0.494448 -0.318283 -4.72719 0.400047 -0.338388 -4.98273
0.320733 -0.306171 -5.13724 0.220727 -0.224217 -5.12677 0.105528 -0.138751 -4.97115 -0.0165116
-0.0855516 -4.70955 -0.141022 -0.0367425 -4.36241 -0.257267 0.0249848 -3.95662 -0.34387 0.080151
-3.52734 -0.393723 0.129489 -3.09698 -0.413483 0.174361 -2.67972 -0.408244 0.20647 -2.2876
-0.379414 0.234867 -1.92485 -0.331754 0.251651 -1.59003 -0.270865 0.228413 -1.2944 -0.200289
0.187828 -1.0409 -0.124022 0.151237 -0.819131 -0.0477493 0.127335 -0.616498 0.0226933 0.115199
-0.414157 0.0764283 0.0790302 -0.214469 0.104451 -0.338571 -4.52809 0.00727246 -0.286918 -4.13459
0.0612732 -0.373804 -4.86869 -0.0783748 -0.371769 -5.05438 -0.192219 -0.3325 -5.11909 -0.322532
-0.251377 -5.00356 -0.463681 -0.134349 -4.73035 -0.607179 -0.0334929 -4.35127 -0.72852 0.0412501
-3.91493 -0.79904 0.109116 -3.46217 -0.819324 0.16212 -3.0184 -0.807327 0.211082 -2.59603
-0.776668 0.257659 -2.20118 -0.733424 0.283447 -1.84709 -0.679348 0.298875 -1.53402 -0.616805
0.334566 -1.24391 -0.549503 0.328063 -0.990137 -0.480396 0.266896 -0.790132 -0.410312 0.209755
-0.632253 -0.339239 0.158597 -0.496451 -0.269344 0.134266 -0.355281 -0.204038 0.110886 -0.196139
-0.145919 -0.398952 -4.38131 -0.370399 -0.389775 -4.03802 -0.296458 -0.40239 -4.64077 -0.497448
-0.383693 -4.72464 -0.64493 -0.342695 -4.67438 -0.802173 -0.256023 -4.44103 -0.971742 -0.119606
-4.05175 -1.11544 0.02485 -3.58266 -1.18041 0.132054 -3.11226 -1.17488 0.197696 -2.66814
-1.13446 0.244235 -2.25319 -1.07682 0.293462 -1.86849 -1.01088 0.345109 -1.5171 -0.938844
0.355143 -1.22005 -0.861959 0.328843 -0.981204 -0.782781 0.343691 -0.760966 -0.703982 0.370486
-0.5525 -0.629017 0.345235 -0.387578 -0.558845 0.289018 -0.272499 -0.49218 0.213665 -0.187784
-0.429159 0.154107 -0.105565 -0.368115 0.122408 -0.0034652 -0.307422 -0.426427 -3.94742 -0.70573
-0.463831 -3.68449 -0.60142 -0.384082 -4.07962 -0.892096 -0.34422 -4.02679 -1.0905 -0.294272
-3.8468 -1.29392 -0.170975 -3.48301 -1.48467 -0.00770692 -2.99815 -1.56051 0.130521 -2.5085
-1.52649 0.226241 -2.06333 -1.46341 0.284243 -1.66241 -1.3804 0.326785 -1.30239 -1.28617
0.395163 -0.973919 -1.18784 0.488099 -0.679004 -1.08649 0.473648 -0.456085 -0.984775 0.372097
-0.3077 -0.886628 0.314744 -0.184426 -0.794311 0.31557 -0.0593147 -0.709661 0.333984 0.0572554
-0.63315 0.32716 0.145204 -0.564255 0.280995 0.199566 -0.5024 0.208259 0.241443 -0.444991
0.149725 0.294751 -0.390487 -0.41269 -3.24526 -1.04927 -0.527244 -3.10027 -0.875766 -0.318542
-3.19265 -1.3619 -0.266687 -2.95567 -1.67387 -0.180705 -2.61635 -1.91364 -0.0213193 -2.13588
-1.99265 0.139523 -1.63643 -1.90798 0.245262 -1.20156 -1.78677 0.311247 -0.818372 -1.67611
0.358605 -0.494042 -1.55378 0.401591 -0.217555 -1.42886 0.520498 0.0322751 -1.30369 0.671353
0.255449 -1.17856 0.647748 0.406903 -1.05801 0.469638 0.461984 -0.946146 0.325142 0.475376
-0.845122 0.268113 0.5089 -0.754795 0.254175 0.545134 -0.674373 0.26803 0.574124 -0.603763
0.27773 0.597353 -0.54168 0.234006 0.614888 -0.485951 0.169518 0.637734 -0.435201 -0.350847
-2.25613 -1.61841 -0.513423 -2.31205 -1.14707 -0.221389 -1.8764 -2.21129 -0.133852 -1.37449
-2.46152 -0.0286292 -0.895938 -2.49658 0.118874 -0.439663 -2.32939 0.245851 -0.0586885 -2.11264
0.3298 0.270658 -1.94584 0.379131 0.553141 -1.78643 0.412515 0.769502 -1.63374 0.453922
0.925111 -1.48948 0.551942 1.05407 -1.34858 0.665549 1.18876 -1.21259 0.692938 1.29431
-1.08669 0.553386 1.28449 -0.972377 0.362169 1.1935 -0.870122 0.278651 1.13928 -0.779432
0.238549 1.09751 -0.699316 0.208202 1.05079 -0.629442 0.200215 1.02361 -0.56806 0.187837
1.01123 -0.513245 0.165299 1.00437 -0.463569 -0.24735 -0.680446 -2.68408 -0.533581 -1.27783
-1.74249 -0.0735386 0.213423 -3.10635 0.0123035 0.79036 -2.97754 0.088079 1.16536 -2.68991
0.204148 1.42748 -2.39832 0.31523 1.63276 -2.17495 0.389944 1.8273 -1.98582 0.426372
1.97742 -1.80058 0.444691 2.06518 -1.6333 0.471648 2.0881 -1.479 0.447042 2.07102
-1.33318 0.429753 2.08557 -1.19793 0.513922 2.13154 -1.0761 0.502476 2.09182 -0.967459
0.374601 1.93767 -0.870558 0.298895 1.79041 -0.784357 0.260709 1.68063 -0.708371 0.21082
1.58062 -0.64196 0.16123 1.50202 -0.583379 0.154853 1.44115 -0.530634 0.17174 1.39002
-0.482302 0.173271 1.35032 -0.43718 0.0371529 1.81965 -3.63902 -0.391205 0.440736 -3.14664
0.104253 2.77231 -3.25988 0.0586969 3.12629 -2.88478 0.107227 3.23755 -2.56213 0.237281
3.28585 -2.31299 0.359468 3.33283 -2.10702 0.426378 3.37637 -1.9034 0.450326 3.38275
-1.71452 0.454818 3.33542 -1.54761 0.456294 3.23277 -1.39653 0.380286 3.09339 -1.259
0.271867 2.98021 -1.13523 0.284788 2.92219 -1.02528 0.345838 2.84326 -0.928804 0.34392
2.65362 -0.843468 0.303156 2.43629 -0.767409 0.264105 2.26921 -0.700133 0.225083 2.12226
-0.640652 0.184429 1.99621 -0.587406 0.181461 1.88525 -0.538676 0.195082 1.78626 -0.493185
0.185757 1.701 -0.450167 0.448927 4.67566 -3.5119 0.033633 3.24401 -4.245 0.255812
5.1982 -2.79916 0.0702642 5.27866 -2.47194 0.10014 5.17293 -2.25984 0.247778 5.0386
-2.06318 0.373714 4.92311 -1.86246 0.432532 4.81285 -1.66865 0.445443 4.67659 -1.49848
0.437454 4.50076 -1.35445 0.417348 4.28654 -1.22976 0.356796 4.05706 -1.12011 0.25856
3.8532 -1.02294 0.177604 3.69488 -0.936948 0.232686 3.54099 -0.861265 0.313856 3.30985
-0.793821 0.291082 3.05322 -0.733059 0.258349 2.8426 -0.67804 0.226503 2.6517 -0.627927
0.208105 2.47749 -0.581783 0.218538 2.32149 -0.538628 0.209385 2.18211 -0.497675 0.175451
2.05497 -0.458451 0.665838 6.92486 -2.44448 0.251648 6.0407 -3.35819 0.355195 7.18649
-2.01388 0.102711 7.07335 -1.83444 0.104018 6.7942 -1.71239 0.240903 6.50376 -1.58059
0.357159 6.24592 -1.43591 0.407723 6.00527 -1.2972 0.411555 5.75345 -1.17905 0.393908
5.48073 -1.08361 0.363625 5.1933 -1.0057 0.310329 4.90335 -0.939874 0.250136 4.63784
-0.881963 0.187166 4.41191 -0.829456 0.213968 4.18729 -0.78078 0.279591 3.91977 -0.735053
0.264953 3.64019 -0.691642 0.239547 3.3893 -0.649785 0.215932 3.1575 -0.609344 0.21147
2.93882 -0.570455 0.217888 2.74496 -0.533315 0.185027 2.58007 -0.497717 0.140848 2.42516
-0.463025 0.588016 8.22013 -1.34423 0.146087 7.46397 -1.60259 0.320934 8.44797 -1.19322
0.0737855 8.27429 -1.15342 0.0687797 7.90991 -1.12609 0.198192 7.53513 -1.08069 0.311236
7.20235 -1.01855 0.355913 6.89018 -0.95276 0.351591 6.57325 -0.89477 0.330075 6.25037
-0.849135 0.30204 5.92972 -0.814527 0.269046 5.61562 -0.787079 0.234873 5.32109 -0.763051
0.24915 5.05682 -0.739125 0.25403 4.78961 -0.713693 0.233294 4.49263 -0.686426 0.231745
4.19239 -0.656796 0.212752 3.91108 -0.624944 0.192369 3.64191 -0.591609 0.187622 3.38277
-0.557957 0.178492 3.16254 -0.525188 0.144242 2.98244 -0.493552 0.111487 2.80959 -0.462246
0.414173 8.86694 -0.873527 0.03026 7.87387 -0.884233 0.205032 9.18425 -0.836767 0.00705398
9.0184 -0.84666 0.0221654 8.63307 -0.857449 0.153136 8.24178 -0.855329 0.267791 7.89784
-0.83641 0.303324 7.5684 -0.808559 0.283949 7.22896 -0.780187 0.261965 6.88757 -0.756361
0.243034 6.55506 -0.737897 0.231565 6.23314 -0.722925 0.255738 5.92264 -0.709117 0.325548
5.63657 -0.694638 0.301232 5.36027 -0.678475 0.218059 5.0471 -0.659017 0.197233 4.7207
-0.63489 0.181533 4.41623 -0.606756 0.161011 4.11755 -0.575921 0.133611 3.82542 -0.543948
0.111291 3.57833 -0.512197 0.100427 3.37958 -0.481345 0.091292 3.19124 -0.450943 0.209175
9.40955 -0.886313 -0.0988502 8.17189 -1.00827 0.0563815 9.82624 -0.844308 -0.0658818 9.67214
-0.850289 -0.0155414 9.27398 -0.861186 0.122587 8.88235 -0.860851 0.238496 8.54289 -0.843317
0.256695 8.21515 -0.8169 0.218203 7.86567 -0.788873 0.196579 7.50762 -0.762885 0.185845
7.15903 -0.739422 0.186988 6.81235 -0.71753 0.23418 6.47159 -0.696609 0.280964 6.17533
-0.67699 0.247817 5.90927 -0.657713 0.188112 5.58918 -0.63595 0.160899 5.23486 -0.609998
0.150535 4.90555 -0.58033 0.130127 4.58603 -0.548243 0.0871654 4.27143 -0.515124 0.045656
3.99153 -0.482101 0.0485482 3.76071 -0.449991 0.0714497 3.55084 -0.418885 0.109044 9.98246
-0.795486 -0.0402945 8.56851 -0.923093 -0.0178197 10.4716 -0.778875 -0.0884365 10.3259 -0.799974
-0.0237847 9.91866 -0.824267 0.104733 9.52443 -0.830699 0.19316 9.19006 -0.816264 0.189594
8.87065 -0.789594 0.152081 8.51253 -0.759 0.133654 8.1318 -0.728346 0.126364 7.75901
-0.698497 0.121573 7.38144 -0.669643 0.108301 7.00901 -0.642342 0.102269 6.69953 -0.616906
0.110888 6.42723 -0.59218 0.11756 6.0884 -0.566196 0.122156 5.70675 -0.537727 0.124043
5.3513 -0.506762 0.106044 5.01318 -0.474255 0.0656907 4.68182 -0.441284 0.0172466 4.37381
-0.408821 0.0170537 4.10487 -0.377615 0.0530854 3.86549 -0.347885 -0.0188612 10.4334 -0.470091
-0.114886 8.83859 -0.495319 -0.0672858 10.991 -0.491421 -0.0823509 10.8638 -0.52316 -0.0237573
10.4627 -0.553179 0.0621371 10.0767 -0.565743 0.100134 9.75986 -0.560057 0.0900204 9.44725
-0.54196 0.0760799 9.07532 -0.5185 0.0672994 8.67239 -0.493638 0.0623222 8.27657 -0.469034
0.0526249 7.88158 -0.445653 0.00925227 7.48927 -0.423939 -0.0262178 7.14889 -0.403363 0.0118896
6.84561 -0.383055 0.05857 6.48031 -0.362525 0.0730731 6.06904 -0.341196 0.082535 5.68529
-0.318715 0.070267 5.33317 -0.295599 0.0412482 4.9919 -0.272493 0.013164 4.66387 -0.250039
0.0110806 4.36572 -0.228771 0.0300677 4.09884 -0.208753 -0.187774 0 -0.282676 -0.386971
0 -0.27703 -0.143404 0 -0.301323 -0.105501 0 -0.324566 -0.043422 0
-0.346176 0.0168351 0 -0.355572 0.0337931 0 -0.352005 0.0298104 0 -0.339214
0.0311825 0 -0.322198 0.0299748 0 -0.304096 0.0276844 0 -0.286481 0.020652
0 -0.270213 -0.0115674 0 -0.255388 -0.0541843 0 -0.241344 -0.0183946 0
-0.227454 0.03628 0 -0.213723 0.0434202 0 -0.199919 0.0525714 0 -0.185614
0.044544 0 -0.171088 0.0243219 0 -0.15671 0.011983 0 -0.142851 0.0112673
0 -0.129861 0.01671 0 -0.117733 -0.462637 12.7047 2.09405 -0.510002 12.5895
2.16957 -0.319982 -2.48368e-39 1.14112 -0.301233 -8.95051e-41 1.10283 -0.40451 12.7955 2.03959
-0.273243 1.76003e-42 1.07658 -0.343389 12.8492 2.00269 -0.240018 7.00649e-45 1.06034 -0.287945
12.8685 1.98595 -0.206156 -0 1.05609 -0.696643 10.7541 4.13946 -0.776724 10.5988
4.31344 -0.604881 10.8671 4.00457 -0.51319 10.9336 3.90356 -0.435782 10.961 3.83666
-0.55533 7.33806 5.0388 -0.599028 7.05744 5.19185 -0.495509 7.55279 4.91034 -0.430787
7.69923 4.8069 -0.374577 7.78522 4.73153 -0.0851919 3.51346 3.64083 -0.0742811 3.20564
3.59572 -0.089719 3.76593 3.66376 -0.0879598 3.95537 3.67491 -0.0833445 4.08465 3.68586
0.261588 1.16255 1.84071 0.288357 0.957651 1.70402 0.221466 1.34281 1.95493 0.178013
1.47893 2.05224 0.133478 1.5729 2.13386 0.450544 0.0312536 1.25201 0.487668 -0.0894812
1.12824 0.389598 0.130141 1.37956 0.317416 0.18499 1.50697 0.230948 0.203281 1.61838
0.484026 -0.920481 1.39685 0.570059 -0.922807 1.24044 0.381298 -0.958569 1.54983 0.255345
-1.03173 1.6694 0.440028 -1.93907 1.33414 0.551587 -1.83183 1.18942 0.314479 -2.07721
1.45743 0.172041 -2.23637 1.52386 0.271429 -2.7722 1.02021 0.384361 -2.56423 0.947312
0.152279 -2.98352 1.06409 0.0305622 -3.18671 1.05948 0.0347662 -3.31571 0.563856 0.102924
-3.06273 0.557554 -0.0427029 -3.54562 0.555942 -0.12037 -3.75522 0.527797 -0.196344 -3.54794
0.12614 -0.189944 -3.30416 0.14192 -0.224579 -3.76522 0.108317 -0.259028 -3.96703 0.0841507
-0.40584 -3.51873 -0.220332 -0.444732 -3.31592 -0.192521 -0.39302 -3.707 -0.247828 -0.389687
-3.88641 -0.275228 -0.562191 -3.27044 -0.492704 -0.618551 -3.13162 -0.446229 -0.522308 -3.41142
-0.539214 -0.488496 -3.55708 -0.577721 -0.679617 -2.81048 -0.722868 -0.736939 -2.72376 -0.660019
-0.628246 -2.90241 -0.790577 -0.575042 -3.00611 -0.845157 -0.71869 -2.17445 -0.937339 -0.775496
-2.13952 -0.863686 -0.657571 -2.20889 -1.02435 -0.586272 -2.25692 -1.0974 -0.742266 -1.36172
-1.28481 -0.800577 -1.37563 -1.22947 -0.674012 -1.33388 -1.37703 -0.618408 -1.30873 -1.48797
-0.705258 -0.141386 -2.85215 -0.787444 -0.177204 -2.95296 -0.601255 -0.0360447 -2.79494 -0.530933
0.107238 -2.83279 -0.681093 2.63466 -4.59304 -0.830853 2.78405 -4.77972 -0.473207 2.63223
-4.41776 -0.254466 2.7636 -4.33102 -0.919814 5.83639 -3.59148 -1.18638 6.13786 -3.50162
-0.556076 5.69845 -3.62352 -0.158058 5.73482 -3.60484 -1.19797 7.207 -1.40809 -1.58219
7.40092 -1.12356 -0.734157 7.14069 -1.59766 -0.276118 7.20379 -1.66066 -1.31536 7.38484
-0.838321 -1.85888 7.45922 -0.667734 -0.798598 7.41881 -0.931806 -0.349038 7.53586 -0.91591
-1.45674 7.4525 -1.28091 -2.19687 7.35 -1.23886 -0.888348 7.59579 -1.24893 -0.439975
7.75549 -1.1311 -0.464225 7.64012 -1.26798 -1.43071 7.35071 -1.42931 -0.434024 7.86969
-1.13236 -0.273654 8.07438 -1.04348 -0.114176 7.47723 -0.723918 -1.02178 7.11875 -1.09248
-0.27903 8.00392 -0.589207 -0.261319 8.34777 -0.558278 -0.87915 0 -0.435802 -1.584
0 -0.855054 -0.689967 0 -0.355804 -0.531941 0 -0.322086 -0.539186 12.471
2.26374 -0.327791 3.97397e-37 1.18756 -0.831576 10.4175 4.52854 -0.614024 6.70966 5.37272
-0.0558037 2.83721 3.53138 0.301816 0.7213 1.5262 0.507979 -0.262925 0.961086 0.624561
-0.952705 1.09053 0.682712 -1.0999 0.892209 0.640883 -1.7262 1.03658 0.780574 -2.01735
0.826215 0.493742 -2.29075 0.849677 0.164858 -2.6936 0.536053 -0.212792 -2.95816 0.160434
-0.522958 -3.07244 -0.159381 -0.699499 -3.00189 -0.399345 -0.805073 -2.65894 -0.60143 -0.836003
-2.11884 -0.798976 -0.858857 -1.39307 -1.18963 -0.839036 -0.198342 -3.09112 -0.896576 2.99951
-5.01241 -1.32013 6.51916 -3.39125 -1.81415 7.61988 -0.780021 -2.31311 7.58007 -0.448761
-2.98589 7.35434 -1.03716 -2.60447 6.88728 -1.05777 -2.35133 6.12765 -0.946326 -2.84998
0 -1.04882 -0.335856 6.37162e-35 1.26245 -0.560322 12.3437 2.53949 -0.338075 3.08183e-34
1.30506 -0.534936 12.3082 2.53078 -0.33397 3.16438e-34 1.31123 -0.540149 12.3154 2.46671
-0.329854 1.03295e-34 1.28333 -0.548784 12.3742 2.36923 -0.330935 1.21416e-35 1.23723 -0.778957
9.69669 5.36697 -0.78083 9.83998 5.19877 -0.822127 10.0252 4.99625 -0.847112 10.2248
4.76742 -0.321239 4.9073 5.95077 -0.410287 5.37692 5.85202 -0.518565 5.84538 5.73089
-0.58862 6.2961 5.56565 0.269394 1.36016 3.13505 0.0896197 1.68647 3.30499 -0.0124005
2.02934 3.40264 -0.038856 2.41621 3.46911 0.196236 0.409227 1.22567 -0.00746729 0.291644
1.18825 0.0668341 0.272021 1.1532 0.237535 0.435195 1.30749 -0.606089 -0.344946 1.07191
-0.780878 -0.55885 0.704175 -0.25826 -0.677983 0.509195 0.376397 -0.547531 0.688217 -2.66088
-1.24427 1.21003 -2.19278 -1.61854 0.968958 -0.758978 -2.08618 0.4931 0.342194 -1.67851
0.434143 -4.14193 -1.5802 0.95178 -4.40576 -0.990436 1.44212 -6.15095 -4.69196 0.774544
-4.21225 -2.76057 0.707542 -9.10194 -11.901 0.212525 -11.7429 -11.8946 0.575611 0.339205
-2.73741 -0.0935246 -5.24385 0.313206 1.07781 -4.2599 0.401078 1.40728 -5.15485 0.318084
1.15951 -4.99351 -0.936285 -2.44174 -4.56035 -0.368749 -1.41033 -5.49105 -0.0226446 -0.0786222
-7.70311 -13.9247 -0.673176 -5.91427 -2.24205 -2.356 0.573732 -3.37779 -0.14022 -2.11912
-14.1207 -1.01156 -8.24186 -18.275 -0.213471 0.649866 -2.56604 0.693162 1.31024 -0.221531
-3.78616 1.05636 1.0635 -3.56013 1.01325 8.70989 -12.5325 2.92922 3.79197 -21.1027
0.286054 -3.71915 0.304948 0.135458 -10.3004 0.133706 -0.995866 -11.1114 -0.88137 0.21759
-2.76928 0.487825 0.168395 1.78766 -1.50147 0.14059 1.79651 -0.9066 0.186905 11.4714
-4.74428 0.169933 11.2375 -6.52322 -0.560655 -3.90994 0.449233 0.282439 -11.813 0.83335
0.28067 -12.1684 0.474737 -0.306908 -3.04561 0.178674 0.219502 1.73154 1.3777 0.111115
1.62934 2.28063 0.376344 11.6195 3.79093 0.517882 11.7058 0.376891 -0.863271 -3.96385
0.598847 2.218 -17.9766 1.29619 1.4104 -14.1909 1.59666 -0.703873 -3.34375 -0.127247
-7.36023 -0.0304955 23.8638 -7.43507 -0.0678088 24.3815 -0.740264 -0.0290457 6.47398 -0.642628
0.0612115 5.86079 -5.6104 -1.3304 25.8932 -2.89411 -2.08231 27.6296 -1.00762 -1.92817
9.81689 -1.07752 -1.25299 8.82115 -1.55928 -0.704082 3.9768 -0.53055 -14.3314 0.886148
8.94388 -17.675 0.632018 4.91151 -2.82589 1.95844 -2.15462 -1.75565 8.19283 -2.74904
3.73387 25.798 -0.641272 -3.72827 0.269763 9.4256 -14.4414 -0.433695 8.94257 -22.6184
0.15345 -0.856793 -3.2104 -0.355197 1.8934 -2.16963 -0.825636 4.85321 -1.06221 -0.74901
4.2695 -1.97597 -0.373221 1.0341 -2.88129 -0.928994 4.34224 -3.92972 -0.769679 7.73991
-6.49053 -1.19135 -0.146611 -3.3603 -0.681569 14.1004 -15.0561 -0.884215 -0.749984 -3.02769
-0.392305 -0.901426 -2.66231 -0.547589 -0.334881 -1.58772 -0.656411 -0.321645 -1.94711 -0.556637
-0.643595 -2.14824 -0.583656 -0.952044 -2.18218 -0.676945 -0.906392 -2.12589 -0.740305 -1.12568
-1.02988 -1.24317 -1.04266 -1.34068 -1.12765 -1.023 -1.47467 -1.10754 -0.99201 -1.47321
-1.14419 -0.923419 -1.4195 -1.16597 -1.46264 0.110197 -4.64977 -1.13907 -0.117128 -4.2887
-0.966942 -0.209288 -3.88178 -0.899194 -0.230922 -3.53891 -0.86552 -0.211875 -3.27974 -1.74333
4.8658 -6.47144 -1.35715 4.29426 -6.3521 -1.09152 3.86429 -6.00851 -0.956328 3.52213
-5.62474 -0.914337 3.24897 -5.28913 -2.23369 8.60755 -1.54429 -1.87286 8.06605 -2.34659
-1.61771 7.62265 -2.81207 -1.44919 7.23342 -3.07836 -1.37411 6.89078 -3.25431 -2.28438
6.69365 1.9455 -2.02705 7.20376 1.03569 -1.93691 7.51066 0.431688 -1.89912 7.65838
-0.0181491 -1.89014 7.72235 -0.408865 -2.55366 5.02273 0.148762 -2.43841 6.16841 0.00863845
-2.45786 6.92732 -0.0760616 -2.51227 7.35395 -0.151072 -2.52339 7.58837 -0.262351 -4.2171
4.26016 -1.19431 -4.70275 5.40905 -0.8559 -4.54589 6.51412 -0.801149 -4.05438 7.15243
-0.793582 -3.64015 7.39668 -0.839783 -6.92827 4.80947 -2.05675 -6.45353 5.18293 -1.93495
-5.34769 5.31538 -0.851156 -4.33593 5.93929 -0.497719 -3.48061 6.4978 -0.6032 -6.60215
6.52562 -0.525166 -8.19507 5.76364 -0.668328 -7.56029 4.6024 -1.27314 -5.19879 4.63074
-1.19325 -3.61634 5.12044 -0.677326 -4.65045 0 1.93181 -9.92907 0 1.80435
-10.5892 0 -1.60969 -6.86689 0 -2.23962 -4.60472 0 -1.11678 -4.54526
0.180613 0.642371 6.33177 -0.109476 -17.1426 5.64024 0.0430133 -15.2188 0.857476 0.172279
-3.27369 1.30761 0.138948 -3.41851 0.400964 -12.1366 -0.717456 0.622514 -1.38214 -7.07158
0.0938081 -10.5108 0.830506 -0.221237 -8.65341 1.47185 -0.112685 -10.2638 1.35074 -0.868315
0.757932 3.78474 -0.766407 8.89032 12.6951 -0.566296 -8.6204 0.492405 -4.40224 0.162072
0.701089 1.50167 0.093281 -3.66858 6.7899 -0.175441 -18.349 6.65467 0.027041 -19.4352
6.98364 0.00106493 -19.3869 1.52559 0.0317216 -4.71467 1.2656 -0.0678663 -5.57777 -3.42601
-1.30218 -2.89261 0.921517 -0.268107 -6.77766 5.63482 -0.039771 -19.4321 2.87866 -0.0864203
-24.5782 0.551548 -0.719139 -8.57843 0.253255 -9.41129 -0.207745 0.732369 -7.74997 -0.240954
0.24711 1.72996 -2.32929 0.175603 10.9442 -8.46481 0.216455 -9.62291 0.185023 0.380672
-7.85141 -0.201774 0.161954 -10.0538 0.17846 0.0946396 -8.24762 0.403947 0.269238 1.77007
0.0382332 0.396391 11.6429 -1.68443 0.137536 -8.34879 0.522548 -0.0186651 1.30331 2.58836
0.0190894 10.6863 7.34217 -6.94942 -0.0406763 22.8976 -0.483055 0.109756 5.29593 5.79057
0.254721 -0.9452 6.57078 0.159048 -0.651671 -6.80689 -0.663816 25.2213 -1.00475 -0.638092
7.88973 5.64311 0.0333612 -0.133362 6.15268 -0.12776 0.384781 4.94894 -0.468394 1.08907
5.1755 -0.913395 1.87158 -1.83177 -1.53426 35.4342 -1.97981 -1.67552 10.566 3.29869
-1.51309 2.81177 2.72924 -1.95044 2.72524 0.830987 -1.8465 2.33241 0.329139 1.462
-2.6999 0.286791 10.1139 -9.8311 0.20609 1.77783 -0.678882 0.24072 11.6369 -3.04017
-7.27382 -0.248497 24.7715 -0.890691 -0.234251 7.15008 -0.159911 -2.32023 31.6094 -1.15069
-2.25103 10.5776 1.59245 0.0539801 -4.19507 7.00612 -0.118922 -19.086 0.414852 -0.54579
-7.96285 3.24597 -0.0473288 -20.7427 
