# vtk DataFile Version 2.0
sampleSurface
ASCII
DATASET POLYDATA
POINTS 7164 float
0.040032 0.04 0.0242 -0 0.04 0.0242 -0 0 0.0242 0.040032 0
0.0242 0.080064 0.04 0.0242 0.080064 0 0.0242 0.120096 0.04 0.0242
0.120096 0 0.0242 0.160128 0.04 0.0242 0.160128 -0 0.0242 0.20016
0.04 0.0242 0.20016 -0 0.0242 0.240191 0.04 0.0242 0.240191 -0
0.0242 0.280223 0.04 0.0242 0.280222 -0 0.0242 0.320253 0.0400001 0.0242
0.320252 0 0.0242 0.360281 0.0400002 0.0242 0.36028 2.10195e-44 0.0242 0.400304
0.0400005 0.0242 0.400303 2.76897e-42 0.0242 0.440321 0.0400012 0.0242 0.440317 -2.77906e-41
0.0242 0.480322 0.0400031 0.0242 0.480316 -2.00624e-38 0.0242 0.520299 0.040007 0.0242
0.52029 -7.38124e-37 0.0242 0.560243 0.0400139 0.0242 0.560226 -3.96714e-37 0.0242 0.60014
0.0400199 0.0242 0.600111 1.89669e-34 0.0242 0.639992 0.0399993 0.0242 0.639936 -1.07617e-33
0.0242 0.679832 0.0398266 0.0242 0.679692 4.17315e-34 0.0242 0.719184 0.0190441 0.0242
0.719492 0.0388395 0.0242 0.699736 0.0395125 0.0242 0.719328 1.1583e-36 0.0242 0.738722
0.0182233 0.0242 0.739328 3.39998e-37 0.0242 0.759938 1.08443e-38 0.0242 0.78107 8.33204e-38
0.0242 0.781107 0.0198086 0.0242 0.770306 0.0196109 0.0242 0.759557 0.0190551 0.0242
0.824221 0.0181998 0.0242 0.814159 0.0182172 0.0242 0.803053 0.0190665 0.0242 0.802324
5.26664e-38 0.0242 0.822946 -1.81053e-37 0.0242 0.842549 -1.06364e-37 0.0242 0.861749 1.24802e-38
0.0242 0.861883 0.0188783 0.0242 0.84303 0.0189354 0.0242 0.900848 0.0190511 0.0242
0.890776 0.0181976 0.0242 0.880944 0.0181562 0.0242 0.881146 4.32975e-39 0.0242 0.900863
4.40181e-40 0.0242 0.920648 9.19812e-42 0.0242 0.940316 0 0.0242 0.940283 0.0197101
0.0242 0.930513 0.0199496 0.0242 0.920679 0.0199255 0.0242 0.040032 0.08 0.0242
-0 0.08 0.0242 0.080064 0.08 0.0242 0.120096 0.08 0.0242 0.160128
0.08 0.0242 0.20016 0.08 0.0242 0.240192 0.08 0.0242 0.280223 0.08
0.0242 0.320253 0.0800001 0.0242 0.360282 0.0800003 0.0242 0.400306 0.0800009 0.0242
0.440324 0.0800023 0.0242 0.480328 0.080006 0.0242 0.520311 0.0800152 0.0242 0.560261
0.0800367 0.0242 0.60017 0.080085 0.0242 0.640044 0.0801885 0.0242 0.679921 0.0600462
0.0242 0.679938 0.0804168 0.0242 0.699973 0.059953 0.0242 0.72919 0.0383038 0.0242
0.729902 0.0489306 0.0242 0.71987 0.0491755 0.0242 0.862237 0.0384883 0.0242 0.863196
0.0596725 0.0242 0.843275 0.0597255 0.0242 0.843497 0.049133 0.0242 0.843627 0.038708
0.0242 0.893 0.039 0.0242 0.893 0.0491449 0.0242 0.883021 0.0484258 0.0242
0.881183 0.0371827 0.0242 0.040032 0.12 0.0242 -0 0.12 0.0242 0.080064
0.12 0.0242 0.120096 0.12 0.0242 0.160128 0.12 0.0242 0.20016 0.12
0.0242 0.240192 0.12 0.0242 0.280223 0.12 0.0242 0.320254 0.12 0.0242
0.360283 0.12 0.0242 0.400308 0.120001 0.0242 0.440328 0.120003 0.0242 0.480335
0.120007 0.0242 0.520323 0.120018 0.0242 0.560279 0.120047 0.0242 0.60019 0.120116
0.0242 0.640042 0.120289 0.0242 0.679825 0.100764 0.0242 0.679798 0.120786 0.0242
0.699723 0.10119 0.0242 0.699979 0.080616 0.0242 0.730452 0.0811376 0.0242 0.729924
0.0920284 0.0242 0.719899 0.0916669 0.0242 0.720236 0.0809823 0.0242 0.843273 0.081144
0.0242 0.863203 0.081279 0.0242 0.862275 0.102944 0.0242 0.843653 0.102499 0.0242
0.843501 0.0918887 0.0242 0.893 0.0813265 0.0242 0.893 0.0919581 0.0242 0.883025
0.0927335 0.0242 0.883879 0.0814377 0.0242 0.040032 0.16 0.0242 -0 0.16
0.0242 0.080064 0.16 0.0242 0.120096 0.16 0.0242 0.160128 0.16 0.0242
0.20016 0.16 0.0242 0.240192 0.16 0.0242 0.280223 0.16 0.0242 0.320254
0.16 0.0242 0.360283 0.16 0.0242 0.40031 0.160001 0.0242 0.440331 0.160002
0.0242 0.480342 0.160006 0.0242 0.520334 0.160013 0.0242 0.560299 0.160031 0.0242
0.600223 0.160066 0.0242 0.640095 0.160129 0.0242 0.679891 0.160192 0.0242 0.719301
0.141408 0.0242 0.719345 0.160512 0.0242 0.699697 0.160227 0.0242 0.699597 0.121332
0.0242 0.719299 0.122037 0.0242 0.738772 0.12344 0.0242 0.739198 0.141844 0.0242
0.770391 0.122352 0.0242 0.781135 0.122181 0.0242 0.781153 0.142308 0.0242 0.759846
0.1422 0.0242 0.759653 0.122867 0.0242 0.814163 0.123656 0.0242 0.82429 0.123585
0.0242 0.823525 0.142011 0.0242 0.802688 0.14225 0.0242 0.803025 0.122882 0.0242
0.88092 0.142045 0.0242 0.880872 0.160548 0.0242 0.861984 0.160358 0.0242 0.843267
0.160653 0.0242 0.843238 0.14173 0.0242 0.843241 0.122651 0.0242 0.861998 0.122989
0.0242 0.880967 0.123662 0.0242 0.890827 0.123672 0.0242 0.900936 0.122864 0.0242
0.900785 0.142142 0.0242 0.930498 0.121667 0.0242 0.940226 0.121774 0.0242 0.940369
0.141578 0.0242 0.920644 0.141948 0.0242 0.920719 0.12187 0.0242 0.040032 0.2
0.0242 -0 0.2 0.0242 0.080064 0.2 0.0242 0.120096 0.2 0.0242
0.160128 0.2 0.0242 0.20016 0.2 0.0242 0.240192 0.2 0.0242 0.280223
0.2 0.0242 0.320254 0.2 0.0242 0.360284 0.2 0.0242 0.400311 0.200001
0.0242 0.440333 0.200002 0.0242 0.480347 0.200004 0.0242 0.520343 0.200008 0.0242
0.560315 0.200013 0.0242 0.600257 0.200015 0.0242 0.640175 0.199998 0.0242 0.679973
0.180023 0.0242 0.680131 0.199913 0.0242 0.699852 0.180015 0.0242 0.738748 0.160566
0.0242 0.738433 0.17012 0.0242 0.738417 0.179671 0.0242 0.729244 0.179825 0.0242
0.719589 0.179934 0.0242 0.759483 0.161825 0.0242 0.770256 0.162481 0.0242 0.770166
0.172822 0.0242 0.759319 0.171998 0.0242 0.814296 0.160895 0.0242 0.815292 0.1703
0.0242 0.803469 0.172011 0.0242 0.803225 0.161855 0.0242 0.862289 0.179895 0.0242
0.843676 0.180007 0.0242 0.890666 0.160827 0.0242 0.890512 0.170268 0.0242 0.880851
0.170079 0.0242 0.920606 0.162517 0.0242 0.930543 0.16232 0.0242 0.930542 0.17287
0.0242 0.920605 0.172971 0.0242 0.040032 0.24 0.0242 -0 0.24 0.0242
0.080064 0.24 0.0242 0.120096 0.24 0.0242 0.160128 0.24 0.0242 0.20016
0.24 0.0242 0.240192 0.24 0.0242 0.280223 0.24 0.0242 0.320255 0.24
0.0242 0.360285 0.24 0.0242 0.400312 0.240001 0.0242 0.440335 0.240002 0.0242
0.48035 0.240005 0.0242 0.520348 0.240008 0.0242 0.560321 0.240011 0.0242 0.600262
0.240006 0.0242 0.640173 0.23997 0.0242 0.680187 0.219822 0.0242 0.680122 0.239812
0.0242 0.700157 0.19988 0.0242 0.70027 0.219743 0.0242 0.730499 0.199904 0.0242
0.730751 0.209798 0.0242 0.720545 0.209773 0.0242 0.720327 0.199864 0.0242 0.86326
0.199804 0.0242 0.863431 0.219635 0.0242 0.843119 0.219601 0.0242 0.843117 0.209798
0.0242 0.843265 0.199928 0.0242 0.893 0.199854 0.0242 0.893 0.209812 0.0242
0.88415 0.209785 0.0242 0.883886 0.199789 0.0242 0.040032 0.28 0.0242 -0
0.28 0.0242 0.080064 0.28 0.0242 0.120096 0.28 0.0242 0.160128 0.28
0.0242 0.20016 0.28 0.0242 0.240192 0.28 0.0242 0.280223 0.28 0.0242
0.320255 0.28 0.0242 0.360285 0.280001 0.0242 0.400313 0.280002 0.0242 0.440336
0.280004 0.0242 0.480351 0.280008 0.0242 0.520349 0.280015 0.0242 0.56032 0.280028
0.0242 0.600248 0.280049 0.0242 0.640106 0.280075 0.0242 0.679832 0.280095 0.0242
0.719153 0.259321 0.0242 0.719175 0.28006 0.0242 0.700137 0.239628 0.0242 0.720164
0.239353 0.0242 0.730228 0.239184 0.0242 0.740051 0.238901 0.0242 0.738242 0.248787
0.0242 0.738265 0.258596 0.0242 0.843319 0.239221 0.0242 0.86292 0.23931 0.0242
0.862099 0.259239 0.0242 0.843365 0.259167 0.0242 0.893 0.238386 0.0242 0.893
0.246 0.0242 0.881146 0.24885 0.0242 0.883009 0.239123 0.0242 0.040032 0.32
0.0242 0 0.32 0.0242 0.080064 0.32 0.0242 0.120096 0.32 0.0242
0.160128 0.32 0.0242 0.20016 0.32 0.0242 0.240192 0.32 0.0242 0.280223
0.32 0.0242 0.320255 0.32 0.0242 0.360285 0.320001 0.0242 0.400313 0.320002
0.0242 0.440336 0.320005 0.0242 0.480351 0.320011 0.0242 0.520349 0.320022 0.0242
0.560322 0.320048 0.0242 0.600257 0.320098 0.0242 0.640146 0.320207 0.0242 0.680005
0.320493 0.0242 0.71914 0.301158 0.0242 0.719552 0.321269 0.0242 0.699877 0.320797
0.0242 0.738915 0.279881 0.0242 0.738591 0.30228 0.0242 0.780776 0.278963 0.0242
0.780164 0.304768 0.0242 0.769641 0.304804 0.0242 0.759099 0.303929 0.0242 0.759475
0.279275 0.0242 0.822878 0.27958 0.0242 0.821129 0.301561 0.0242 0.810798 0.302575
0.0242 0.800769 0.303696 0.0242 0.80219 0.279151 0.0242 0.861712 0.279874 0.0242
0.861479 0.300827 0.0242 0.841762 0.300355 0.0242 0.842482 0.279706 0.0242 0.90066
0.27927 0.0242 0.90054 0.303894 0.0242 0.890581 0.30297 0.0242 0.880788 0.302219
0.0242 0.881023 0.279832 0.0242 0.94038 0.278975 0.0242 0.940482 0.303672 0.0242
0.93057 0.304409 0.0242 0.920556 0.304592 0.0242 0.920561 0.278938 0.0242 0.040032
0.36 0.0242 0 0.36 0.0242 0.080064 0.36 0.0242 0.120096 0.36
0.0242 0.160128 0.36 0.0242 0.20016 0.36 0.0242 0.240192 0.36 0.0242
0.280223 0.36 0.0242 0.320255 0.36 0.0242 0.360285 0.360001 0.0242 0.400312
0.360002 0.0242 0.440335 0.360005 0.0242 0.48035 0.360012 0.0242 0.520348 0.360023
0.0242 0.560321 0.360048 0.0242 0.600263 0.360096 0.0242 0.640185 0.360193 0.0242
0.680119 0.340497 0.0242 0.680164 0.360391 0.0242 0.700148 0.340653 0.0242 0.729225
0.321558 0.0242 0.72993 0.33135 0.0242 0.71993 0.331154 0.0242 0.841961 0.31936
0.0242 0.861822 0.320814 0.0242 0.863011 0.340314 0.0242 0.842554 0.338722 0.0242
0.842291 0.328738 0.0242 0.893 0.325 0.0242 0.893 0.332166 0.0242 0.883006
0.331436 0.0242 0.881151 0.321968 0.0242 0.040032 0.4 0.0242 -0 0.4
0.0242 0.080064 0.4 0.0242 0.120096 0.4 0.0242 0.160128 0.4 0.0242
0.20016 0.4 0.0242 0.240192 0.4 0.0242 0.280223 0.4 0.0242 0.320255
0.4 0.0242 0.360284 0.400001 0.0242 0.400312 0.400002 0.0242 0.440334 0.400004
0.0242 0.480348 0.400009 0.0242 0.520343 0.400017 0.0242 0.560311 0.400029 0.0242
0.600239 0.400049 0.0242 0.640117 0.400081 0.0242 0.68006 0.38032 0.0242 0.679936
0.400195 0.0242 0.700244 0.360473 0.0242 0.700042 0.380383 0.0242 0.730773 0.360487
0.0242 0.730598 0.370427 0.0242 0.720439 0.370452 0.0242 0.720561 0.360521 0.0242
0.8429 0.359339 0.0242 0.863344 0.360219 0.0242 0.862943 0.38042 0.0242 0.843277
0.379895 0.0242 0.843083 0.369642 0.0242 0.893 0.360384 0.0242 0.893 0.370441
0.0242 0.883905 0.37054 0.0242 0.88413 0.36044 0.0242 0.040032 0.44 0.0242
0 0.44 0.0242 0.080064 0.44 0.0242 0.120096 0.44 0.0242 0.160128
0.44 0.0242 0.20016 0.44 0.0242 0.240192 0.44 0.0242 0.280223 0.44
0.0242 0.320254 0.44 0.0242 0.360284 0.440001 0.0242 0.400311 0.440001 0.0242
0.440333 0.440003 0.0242 0.480345 0.440005 0.0242 0.520338 0.440007 0.0242 0.560301
0.440004 0.0242 0.600217 0.439982 0.0242 0.64007 0.439897 0.0242 0.679811 0.439573
0.0242 0.719278 0.419715 0.0242 0.719341 0.438891 0.0242 0.699602 0.439213 0.0242
0.699747 0.400324 0.0242 0.719322 0.400357 0.0242 0.738323 0.400849 0.0242 0.739139
0.419599 0.0242 0.77018 0.39809 0.0242 0.781085 0.397907 0.0242 0.781125 0.41851
0.0242 0.759792 0.418917 0.0242 0.759327 0.398959 0.0242 0.815523 0.400766 0.0242
0.82524 0.400743 0.0242 0.823652 0.419429 0.0242 0.80273 0.418854 0.0242 0.80348
0.398946 0.0242 0.880977 0.419518 0.0242 0.881175 0.43808 0.0242 0.861954 0.438086
0.0242 0.842973 0.438356 0.0242 0.843361 0.419444 0.0242 0.843614 0.400187 0.0242
0.862281 0.400507 0.0242 0.880957 0.400888 0.0242 0.890541 0.400803 0.0242 0.900786
0.398971 0.0242 0.900811 0.418976 0.0242 0.930503 0.397916 0.0242 0.940262 0.398213
0.0242 0.940318 0.419001 0.0242 0.920631 0.418667 0.0242 0.920634 0.397897 0.0242
0.040032 0.48 0.0242 0 0.48 0.0242 0.080064 0.48 0.0242 0.120096
0.48 0.0242 0.160128 0.48 0.0242 0.20016 0.48 0.0242 0.240192 0.48
0.0242 0.280223 0.48 0.0242 0.320254 0.48 0.0242 0.360284 0.48 0.0242
0.400311 0.48 0.0242 0.440333 0.480001 0.0242 0.480344 0.480001 0.0242 0.520335
0.480001 0.0242 0.560296 0.479996 0.0242 0.600212 0.479977 0.0242 0.640079 0.479906
0.0242 0.679802 0.459474 0.0242 0.679919 0.479667 0.0242 0.699639 0.459114 0.0242
0.739135 0.438151 0.0242 0.738899 0.447606 0.0242 0.738609 0.457081 0.0242 0.728983
0.457688 0.0242 0.71926 0.458243 0.0242 0.759774 0.438345 0.0242 0.770369 0.438575
0.0242 0.770355 0.448644 0.0242 0.759671 0.448186 0.0242 0.813174 0.437903 0.0242
0.813784 0.447463 0.0242 0.80282 0.448136 0.0242 0.802537 0.438262 0.0242 0.862152
0.45776 0.0242 0.843558 0.45782 0.0242 0.900885 0.438585 0.0242 0.900925 0.448449
0.0242 0.901029 0.458123 0.0242 0.890617 0.456332 0.0242 0.880994 0.456561 0.0242
0.9207 0.439029 0.0242 0.930588 0.439232 0.0242 0.930543 0.449234 0.0242 0.920706
0.44908 0.0242 0.040032 0.52 0.0242 0 0.52 0.0242 0.080064 0.52
0.0242 0.120096 0.52 0.0242 0.160128 0.52 0.0242 0.20016 0.52 0.0242
0.240192 0.52 0.0242 0.280223 0.52 0.0242 0.320254 0.52 0.0242 0.360284
0.52 0.0242 0.400311 0.52 0.0242 0.440333 0.519999 0.0242 0.480344 0.519999
0.0242 0.520335 0.519999 0.0242 0.560296 0.520004 0.0242 0.600212 0.520024 0.0242
0.640079 0.520094 0.0242 0.679972 0.5 0.0242 0.679919 0.520333 0.0242 0.699869
0.479394 0.0242 0.700036 0.5 0.0242 0.729898 0.478479 0.0242 0.730447 0.489249
0.0242 0.720237 0.489368 0.0242 0.719863 0.478794 0.0242 0.862929 0.478501 0.0242
0.863346 0.5 0.0242 0.84317 0.5 0.0242 0.843242 0.489285 0.0242 0.843441
0.478585 0.0242 0.893 0.478599 0.0242 0.893 0.489036 0.0242 0.883897 0.488961
0.0242 0.883017 0.477854 0.0242 0.040032 0.56 0.0242 0 0.56 0.0242
0.080064 0.56 0.0242 0.120096 0.56 0.0242 0.160128 0.56 0.0242 0.20016
0.56 0.0242 0.240192 0.56 0.0242 0.280223 0.56 0.0242 0.320254 0.56
0.0242 0.360284 0.559999 0.0242 0.400311 0.559999 0.0242 0.440333 0.559997 0.0242
0.480345 0.559995 0.0242 0.520338 0.559994 0.0242 0.560301 0.559996 0.0242 0.600217
0.560018 0.0242 0.64007 0.560103 0.0242 0.679802 0.540526 0.0242 0.679811 0.560427
0.0242 0.699639 0.540886 0.0242 0.699869 0.520606 0.0242 0.729898 0.521521 0.0242
0.72914 0.532271 0.0242 0.719419 0.5317 0.0242 0.719863 0.521206 0.0242 0.843441
0.521415 0.0242 0.862929 0.521499 0.0242 0.862151 0.542241 0.0242 0.843558 0.54218
0.0242 0.843675 0.531984 0.0242 0.893 0.521401 0.0242 0.893 0.532 0.0242
0.881158 0.533748 0.0242 0.883017 0.522146 0.0242 0.040032 0.6 0.0242 -0
0.6 0.0242 0.080064 0.6 0.0242 0.120096 0.6 0.0242 0.160128 0.6
0.0242 0.20016 0.6 0.0242 0.240192 0.6 0.0242 0.280223 0.6 0.0242
0.320255 0.6 0.0242 0.360284 0.599999 0.0242 0.400312 0.599998 0.0242 0.440334
0.599996 0.0242 0.480348 0.599991 0.0242 0.520343 0.599983 0.0242 0.560312 0.599971
0.0242 0.60024 0.599951 0.0242 0.640117 0.599919 0.0242 0.679936 0.599806 0.0242
0.719278 0.580284 0.0242 0.719322 0.599643 0.0242 0.699747 0.599676 0.0242 0.699602
0.560787 0.0242 0.719341 0.561109 0.0242 0.739135 0.561849 0.0242 0.739139 0.580401
0.0242 0.770369 0.561425 0.0242 0.781038 0.561348 0.0242 0.781125 0.58149 0.0242
0.759792 0.581083 0.0242 0.759774 0.561655 0.0242 0.813174 0.562097 0.0242 0.823408
0.562081 0.0242 0.823652 0.580571 0.0242 0.80273 0.581146 0.0242 0.802537 0.561738
0.0242 0.880976 0.580485 0.0242 0.880956 0.599112 0.0242 0.862281 0.599493 0.0242
0.843614 0.599813 0.0242 0.843361 0.580557 0.0242 0.842972 0.561645 0.0242 0.861953
0.561917 0.0242 0.881172 0.561925 0.0242 0.900876 0.561431 0.0242 0.900811 0.581026
0.0242 0.930564 0.560805 0.0242 0.940455 0.560712 0.0242 0.940354 0.580949 0.0242
0.920637 0.581328 0.0242 0.920677 0.56101 0.0242 0.040032 0.64 0.0242 0
0.64 0.0242 0.080064 0.64 0.0242 0.120096 0.64 0.0242 0.160128 0.64
0.0242 0.20016 0.64 0.0242 0.240192 0.64 0.0242 0.280223 0.64 0.0242
0.320255 0.64 0.0242 0.360285 0.639999 0.0242 0.400312 0.639998 0.0242 0.440335
0.639995 0.0242 0.48035 0.639988 0.0242 0.520348 0.639977 0.0242 0.560321 0.639952
0.0242 0.600264 0.639904 0.0242 0.640185 0.639808 0.0242 0.68006 0.61968 0.0242
0.680164 0.639609 0.0242 0.700042 0.619617 0.0242 0.738323 0.599151 0.0242 0.738247
0.608789 0.0242 0.740059 0.619495 0.0242 0.730245 0.619541 0.0242 0.720192 0.619563
0.0242 0.759327 0.601041 0.0242 0.77018 0.60191 0.0242 0.770214 0.611 0.0242
0.760077 0.611 0.0242 0.815523 0.599234 0.0242 0.814 0.611 0.0242 0.802671
0.611 0.0242 0.80348 0.601054 0.0242 0.862943 0.61958 0.0242 0.843277 0.620105
0.0242 0.890541 0.599198 0.0242 0.893 0.611 0.0242 0.881152 0.608712 0.0242
0.920637 0.602099 0.0242 0.930515 0.602072 0.0242 0.930529 0.611 0.0242 0.920644
0.611 0.0242 0.040032 0.68 0.0242 0 0.68 0.0242 0.080064 0.68
0.0242 0.120096 0.68 0.0242 0.160128 0.68 0.0242 0.20016 0.68 0.0242
0.240192 0.68 0.0242 0.280223 0.68 0.0242 0.320255 0.68 0.0242 0.360285
0.679999 0.0242 0.400313 0.679998 0.0242 0.440336 0.679995 0.0242 0.480351 0.679989
0.0242 0.520349 0.679977 0.0242 0.560322 0.679952 0.0242 0.600257 0.679902 0.0242
0.640147 0.679793 0.0242 0.680119 0.659503 0.0242 0.680006 0.679507 0.0242 0.700244
0.639527 0.0242 0.700148 0.659347 0.0242 0.730773 0.639513 0.0242 0.730747 0.649326
0.0242 0.720539 0.649321 0.0242 0.720561 0.639479 0.0242 0.8429 0.640661 0.0242
0.863344 0.639781 0.0242 0.863011 0.659686 0.0242 0.842554 0.661278 0.0242 0.842709
0.651077 0.0242 0.893 0.639616 0.0242 0.893 0.649574 0.0242 0.884145 0.649482
0.0242 0.88413 0.63956 0.0242 0.040032 0.72 0.0242 -0 0.72 0.0242
0.080064 0.72 0.0242 0.120096 0.72 0.0242 0.160128 0.72 0.0242 0.20016
0.72 0.0242 0.240192 0.72 0.0242 0.280223 0.72 0.0242 0.320255 0.72
0.0242 0.360285 0.719999 0.0242 0.400313 0.719998 0.0242 0.440336 0.719996 0.0242
0.480351 0.719992 0.0242 0.520349 0.719985 0.0242 0.560321 0.719972 0.0242 0.600249
0.719951 0.0242 0.640107 0.719925 0.0242 0.679832 0.719905 0.0242 0.71914 0.698842
0.0242 0.719175 0.719939 0.0242 0.699877 0.679203 0.0242 0.719552 0.678731 0.0242
0.729225 0.678442 0.0242 0.738404 0.678002 0.0242 0.738342 0.687611 0.0242 0.738591
0.69772 0.0242 0.759608 0.675 0.0242 0.769648 0.675 0.0242 0.76959 0.684386
0.0242 0.758947 0.685256 0.0242 0.800142 0.675 0.0242 0.807356 0.675 0.0242
0.810519 0.687337 0.0242 0.800688 0.685373 0.0242 0.861821 0.679185 0.0242 0.861479
0.699171 0.0242 0.841761 0.699644 0.0242 0.841961 0.680639 0.0242 0.893 0.675
0.0242 0.890448 0.68706 0.0242 0.880798 0.687645 0.0242 0.881151 0.678031 0.0242
0.920545 0.675 0.0242 0.930641 0.675 0.0242 0.930602 0.68436 0.0242 0.920549
0.684234 0.0242 0.040032 0.76 0.0242 -0 0.76 0.0242 0.080064 0.76
0.0242 0.120096 0.76 0.0242 0.160128 0.76 0.0242 0.20016 0.76 0.0242
0.240192 0.76 0.0242 0.280223 0.76 0.0242 0.320255 0.76 0.0242 0.360285
0.759999 0.0242 0.400312 0.759999 0.0242 0.440335 0.759998 0.0242 0.48035 0.759995
0.0242 0.520348 0.759991 0.0242 0.560322 0.759989 0.0242 0.600263 0.759993 0.0242
0.640174 0.760029 0.0242 0.680123 0.760187 0.0242 0.719153 0.740678 0.0242 0.720165
0.760646 0.0242 0.700138 0.760372 0.0242 0.738265 0.741404 0.0242 0.738915 0.720119
0.0242 0.759475 0.720725 0.0242 0.780776 0.721037 0.0242 0.781079 0.744918 0.0242
0.770051 0.744807 0.0242 0.759139 0.743831 0.0242 0.825177 0.741476 0.0242 0.815551
0.741986 0.0242 0.803654 0.743845 0.0242 0.80219 0.720849 0.0242 0.822877 0.720419
0.0242 0.842482 0.720293 0.0242 0.861711 0.720123 0.0242 0.862099 0.740761 0.0242
0.843365 0.740833 0.0242 0.900552 0.74382 0.0242 0.890465 0.741961 0.0242 0.880913
0.741381 0.0242 0.881024 0.720162 0.0242 0.900663 0.720711 0.0242 0.920571 0.721002
0.0242 0.940419 0.720943 0.0242 0.940475 0.744387 0.0242 0.930582 0.744854 0.0242
0.920564 0.744883 0.0242 0.040032 0.8 0.0242 -0 0.8 0.0242 0.080064
0.8 0.0242 0.120096 0.8 0.0242 0.160128 0.8 0.0242 0.20016 0.8
0.0242 0.240192 0.8 0.0242 0.280223 0.8 0.0242 0.320254 0.8 0.0242
0.360284 0.8 0.0242 0.400311 0.799999 0.0242 0.440333 0.799998 0.0242 0.480347
0.799996 0.0242 0.520343 0.799991 0.0242 0.560316 0.799987 0.0242 0.600258 0.799984
0.0242 0.640177 0.800001 0.0242 0.680187 0.780177 0.0242 0.680133 0.800085 0.0242
0.700272 0.780256 0.0242 0.730228 0.760816 0.0242 0.730585 0.770606 0.0242 0.720422
0.770529 0.0242 0.86292 0.760689 0.0242 0.863431 0.780365 0.0242 0.843119 0.780399
0.0242 0.8432 0.77062 0.0242 0.843319 0.760779 0.0242 0.893 0.761614 0.0242
0.893 0.770488 0.0242 0.883901 0.770492 0.0242 0.883009 0.760877 0.0242 0.040032
0.84 0.0242 -0 0.84 0.0242 0.080064 0.84 0.0242 0.120096 0.84
0.0242 0.160128 0.84 0.0242 0.20016 0.84 0.0242 0.240192 0.84 0.0242
0.280223 0.84 0.0242 0.320254 0.84 0.0242 0.360283 0.84 0.0242 0.40031
0.839999 0.0242 0.440331 0.839998 0.0242 0.480342 0.839994 0.0242 0.520334 0.839986
0.0242 0.560299 0.839969 0.0242 0.600224 0.839934 0.0242 0.640096 0.83987 0.0242
0.679975 0.819975 0.0242 0.679892 0.839807 0.0242 0.699854 0.819983 0.0242 0.700158
0.800119 0.0242 0.730499 0.800095 0.0242 0.729947 0.810073 0.0242 0.719957 0.810092
0.0242 0.720328 0.800136 0.0242 0.843264 0.800072 0.0242 0.86326 0.800195 0.0242
0.862288 0.820104 0.0242 0.843675 0.819993 0.0242 0.843517 0.810005 0.0242 0.893
0.800146 0.0242 0.893 0.809476 0.0242 0.883018 0.810212 0.0242 0.883886 0.800211
0.0242 0.040032 0.88 0.0242 -0 0.88 0.0242 0.080064 0.88 0.0242
0.120096 0.88 0.0242 0.160128 0.88 0.0242 0.20016 0.88 0.0242 0.240192
0.88 0.0242 0.280223 0.88 0.0242 0.320254 0.88 0.0242 0.360283 0.88
0.0242 0.400308 0.879999 0.0242 0.440328 0.879997 0.0242 0.480335 0.879992 0.0242
0.520323 0.879982 0.0242 0.560279 0.879952 0.0242 0.600191 0.879883 0.0242 0.640043
0.879709 0.0242 0.679798 0.879211 0.0242 0.719301 0.85859 0.0242 0.719298 0.877962
0.0242 0.699596 0.878665 0.0242 0.699699 0.839772 0.0242 0.719347 0.839486 0.0242
0.738749 0.839434 0.0242 0.739197 0.858155 0.0242 0.770256 0.837519 0.0242 0.78114
0.837323 0.0242 0.781151 0.857694 0.0242 0.759845 0.8578 0.0242 0.759484 0.838175
0.0242 0.814295 0.839105 0.0242 0.824376 0.839361 0.0242 0.823518 0.857994 0.0242
0.802684 0.857754 0.0242 0.803224 0.838146 0.0242 0.880917 0.857948 0.0242 0.880964
0.876335 0.0242 0.861991 0.877013 0.0242 0.843233 0.877354 0.0242 0.843229 0.858276
0.0242 0.843262 0.839349 0.0242 0.861982 0.839641 0.0242 0.880872 0.839449 0.0242
0.890666 0.839168 0.0242 0.900667 0.838214 0.0242 0.900783 0.857848 0.0242 0.930561
0.837594 0.0242 0.940457 0.838124 0.0242 0.940422 0.858536 0.0242 0.920645 0.858046
0.0242 0.920609 0.837427 0.0242 0.040032 0.92 0.0242 -0 0.92 0.0242
0.080064 0.92 0.0242 0.120096 0.92 0.0242 0.160128 0.92 0.0242 0.20016
0.92 0.0242 0.240192 0.92 0.0242 0.280223 0.92 0.0242 0.320253 0.92
0.0242 0.360282 0.92 0.0242 0.400306 0.919999 0.0242 0.440324 0.919998 0.0242
0.480328 0.919994 0.0242 0.520311 0.919984 0.0242 0.560262 0.919962 0.0242 0.600171
0.919914 0.0242 0.640045 0.91981 0.0242 0.679825 0.899233 0.0242 0.679938 0.919581
0.0242 0.699723 0.898808 0.0242 0.738771 0.876559 0.0242 0.73846 0.88595 0.0242
0.738411 0.89578 0.0242 0.729216 0.897108 0.0242 0.71953 0.897872 0.0242 0.759653
0.877133 0.0242 0.770391 0.877648 0.0242 0.770412 0.88788 0.0242 0.759637 0.88712
0.0242 0.814162 0.876345 0.0242 0.815188 0.885539 0.0242 0.803158 0.887119 0.0242
0.803024 0.877118 0.0242 0.862271 0.897058 0.0242 0.84365 0.897502 0.0242 0.890823
0.876325 0.0242 0.890647 0.88552 0.0242 0.880928 0.885763 0.0242 0.920694 0.878122
0.0242 0.93047 0.878369 0.0242 0.930389 0.888288 0.0242 0.920718 0.888188 0.0242
0.040032 0.96 0.0242 -0 0.96 0.0242 0.080064 0.96 0.0242 0.120096
0.96 0.0242 0.160128 0.96 0.0242 0.20016 0.96 0.0242 0.240191 0.96
0.0242 0.280223 0.96 0.0242 0.320253 0.96 0.0242 0.360281 0.96 0.0242
0.400305 0.959999 0.0242 0.440321 0.959999 0.0242 0.480322 0.959997 0.0242 0.520301
0.959993 0.0242 0.560244 0.959986 0.0242 0.600142 0.95998 0.0242 0.639995 0.96
0.0242 0.679922 0.939952 0.0242 0.679834 0.960172 0.0242 0.699979 0.919382 0.0242
0.699974 0.940046 0.0242 0.730452 0.918862 0.0242 0.730619 0.929659 0.0242 0.72037
0.929669 0.0242 0.720236 0.919017 0.0242 0.863201 0.918722 0.0242 0.863194 0.940328
0.0242 0.843274 0.940275 0.0242 0.843186 0.929597 0.0242 0.843272 0.918857 0.0242
0.893 0.918673 0.0242 0.893 0.929707 0.0242 0.884093 0.929659 0.0242 0.883879
0.918563 0.0242 0.040032 1 0.0242 -0 1 0.0242 0.080064 1
0.0242 0.120096 1 0.0242 0.160128 1 0.0242 0.20016 1 0.0242
0.240191 1 0.0242 0.280222 1 0.0242 0.320252 1 0.0242 0.36028
1 0.0242 0.400303 1 0.0242 0.440317 1 0.0242 0.480317 1
0.0242 0.520291 1 0.0242 0.560227 1 0.0242 0.600115 1 0.0242
0.63994 1 0.0242 0.679697 1 0.0242 0.719185 0.980955 0.0242 0.719332
1 0.0242 0.699737 0.960486 0.0242 0.719493 0.96116 0.0242 0.729191 0.961696
0.0242 0.738397 0.962616 0.0242 0.73842 0.972345 0.0242 0.738723 0.981776 0.0242
0.760269 0.961 0.0242 0.770361 0.961 0.0242 0.770292 0.970137 0.0242 0.759484
0.97092 0.0242 0.802486 0.961 0.0242 0.814 0.961 0.0242 0.815211 0.972537
0.0242 0.803268 0.970911 0.0242 0.843626 0.961292 0.0242 0.862236 0.961513 0.0242
0.861882 0.981123 0.0242 0.843029 0.981065 0.0242 0.893 0.961 0.0242 0.8906
0.972553 0.0242 0.880903 0.97244 0.0242 0.881183 0.962817 0.0242 0.920711 0.961
0.0242 0.930471 0.961 0.0242 0.93048 0.96985 0.0242 0.920691 0.969876 0.0242
0.74881 0.0182243 0.0242 0.73842 0.0276547 0.0242 0.738397 0.0373845 0.0242 0.760269
0.039 0.0242 0.75 0.039 0.0242 0.748222 0.0274614 0.0242 0.759484 0.0290804
0.0242 0.803268 0.0290889 0.0242 0.815211 0.0274633 0.0242 0.814 0.039 0.0242
0.802486 0.039 0.0242 0.834303 0.0383119 0.0242 0.825372 0.0374428 0.0242 0.824959
0.0276603 0.0242 0.910799 0.0196418 0.0242 0.880904 0.0275605 0.0242 0.890601 0.0274463
0.0242 0.920712 0.039 0.0242 0.910979 0.039 0.0242 0.910858 0.0298751 0.0242
0.920693 0.0301176 0.0242 0.930478 0.0301279 0.0242 0.930472 0.039 0.0242 0.71953
0.102127 0.0242 0.729217 0.102891 0.0242 0.738411 0.10422 0.0242 0.73846 0.114049
0.0242 0.748882 0.123588 0.0242 0.748281 0.114438 0.0242 0.759637 0.11288 0.0242
0.833719 0.0920782 0.0242 0.833271 0.0811698 0.0242 0.803158 0.112881 0.0242 0.815188
0.114462 0.0242 0.824967 0.114104 0.0242 0.825376 0.104196 0.0242 0.834308 0.102993
0.0242 0.88093 0.114235 0.0242 0.890649 0.114478 0.0242 0.910888 0.122249 0.0242
0.910987 0.112084 0.0242 0.920747 0.1118 0.0242 0.930442 0.111709 0.0242 0.74818
0.17028 0.0242 0.748788 0.160851 0.0242 0.719956 0.189907 0.0242 0.729946 0.189926
0.0242 0.834324 0.179915 0.0242 0.825381 0.179746 0.0242 0.825036 0.170177 0.0242
0.824377 0.160639 0.0242 0.833257 0.200016 0.0242 0.833731 0.190056 0.0242 0.843518
0.189994 0.0242 0.910635 0.172788 0.0242 0.910637 0.16239 0.0242 0.883018 0.189788
0.0242 0.893 0.190524 0.0242 0.747985 0.258033 0.0242 0.759139 0.256169 0.0242
0.825177 0.258524 0.0242 0.825595 0.24872 0.0242 0.823862 0.238717 0.0242 0.833515
0.239043 0.0242 0.803654 0.256155 0.0242 0.815551 0.258014 0.0242 0.880912 0.258618
0.0242 0.890465 0.258038 0.0242 0.900552 0.256178 0.0242 0.910524 0.25521 0.0242
0.920561 0.255098 0.0242 0.930573 0.255093 0.0242 0.940453 0.255492 0.0242 0.720539
0.350679 0.0242 0.730747 0.350674 0.0242 0.832382 0.328116 0.0242 0.831781 0.319358
0.0242 0.832868 0.359154 0.0242 0.832718 0.348611 0.0242 0.842709 0.348923 0.0242
0.884145 0.350518 0.0242 0.893 0.350426 0.0242 0.720192 0.380437 0.0242 0.730245
0.380459 0.0242 0.740059 0.380505 0.0242 0.738247 0.391211 0.0242 0.748049 0.400792
0.0242 0.75 0.389 0.0242 0.760077 0.389 0.0242 0.83311 0.369576 0.0242
0.802671 0.389 0.0242 0.814 0.389 0.0242 0.825617 0.39105 0.0242 0.823845
0.380021 0.0242 0.833463 0.379871 0.0242 0.881152 0.391288 0.0242 0.893 0.389
0.0242 0.910719 0.3981 0.0242 0.910792 0.389 0.0242 0.920644 0.389 0.0242
0.930529 0.389 0.0242 0.749009 0.447576 0.0242 0.749304 0.438063 0.0242 0.719419
0.4683 0.0242 0.72914 0.467729 0.0242 0.834112 0.457445 0.0242 0.824649 0.456964
0.0242 0.823923 0.447434 0.0242 0.823408 0.43792 0.0242 0.833666 0.478433 0.0242
0.834215 0.467599 0.0242 0.843675 0.468016 0.0242 0.910845 0.448815 0.0242 0.910805
0.438805 0.0242 0.881158 0.466252 0.0242 0.893 0.468 0.0242 0.71926 0.541757
0.0242 0.728983 0.542312 0.0242 0.738609 0.542919 0.0242 0.738899 0.552394 0.0242
0.749304 0.561937 0.0242 0.749009 0.552424 0.0242 0.759671 0.551814 0.0242 0.834215
0.532401 0.0242 0.833666 0.521567 0.0242 0.80282 0.551864 0.0242 0.813784 0.552537
0.0242 0.823923 0.552567 0.0242 0.824649 0.543037 0.0242 0.834112 0.542555 0.0242
0.880993 0.54344 0.0242 0.890616 0.543669 0.0242 0.901026 0.541881 0.0242 0.900917
0.551563 0.0242 0.910791 0.561221 0.0242 0.91083 0.551208 0.0242 0.920677 0.550965
0.0242 0.9305 0.550829 0.0242 0.75 0.611 0.0242 0.748049 0.599208 0.0242
0.720439 0.629548 0.0242 0.730598 0.629573 0.0242 0.833463 0.620129 0.0242 0.823845
0.619979 0.0242 0.825617 0.60895 0.0242 0.82524 0.599257 0.0242 0.832868 0.640846
0.0242 0.833109 0.630424 0.0242 0.843083 0.630358 0.0242 0.910792 0.611 0.0242
0.910719 0.601899 0.0242 0.883905 0.62946 0.0242 0.893 0.629559 0.0242 0.71993
0.668846 0.0242 0.72993 0.66865 0.0242 0.832718 0.651389 0.0242 0.831781 0.680642
0.0242 0.832382 0.671884 0.0242 0.842291 0.671262 0.0242 0.883006 0.668564 0.0242
0.893 0.667834 0.0242 0.747985 0.741966 0.0242 0.738242 0.751213 0.0242 0.740051
0.761099 0.0242 0.833515 0.760957 0.0242 0.823862 0.761283 0.0242 0.825595 0.75128
0.0242 0.910525 0.744786 0.0242 0.881146 0.75115 0.0242 0.893 0.754 0.0242
0.719589 0.820066 0.0242 0.729244 0.820175 0.0242 0.738417 0.820329 0.0242 0.738433
0.82988 0.0242 0.748788 0.839149 0.0242 0.74818 0.82972 0.0242 0.759319 0.828002
0.0242 0.833731 0.809944 0.0242 0.833257 0.799984 0.0242 0.803469 0.827989 0.0242
0.815291 0.829699 0.0242 0.825035 0.829823 0.0242 0.825381 0.820254 0.0242 0.834324
0.820085 0.0242 0.88085 0.829919 0.0242 0.890512 0.82973 0.0242 0.910637 0.837584
0.0242 0.910634 0.827199 0.0242 0.920605 0.826995 0.0242 0.930546 0.827069 0.0242
0.748281 0.885561 0.0242 0.748882 0.876411 0.0242 0.719899 0.908332 0.0242 0.729924
0.907971 0.0242 0.834307 0.897008 0.0242 0.825375 0.895805 0.0242 0.824966 0.885897
0.0242 0.824288 0.876416 0.0242 0.83327 0.918831 0.0242 0.833718 0.907923 0.0242
0.8435 0.908112 0.0242 0.910976 0.88791 0.0242 0.910873 0.877742 0.0242 0.883025
0.907266 0.0242 0.893 0.908042 0.0242 0.75 0.961 0.0242 0.748222 0.972539
0.0242 0.73933 1 0.0242 0.759939 1 0.0242 0.748811 0.981776 0.0242
0.759557 0.980945 0.0242 0.824221 0.9818 0.0242 0.824958 0.97234 0.0242 0.825371
0.962557 0.0242 0.834302 0.961688 0.0242 0.822945 1 0.0242 0.802323 1
0.0242 0.803053 0.980934 0.0242 0.814159 0.981782 0.0242 0.842549 1 0.0242
0.910979 0.961 0.0242 0.910857 0.970123 0.0242 0.900867 1 0.0242 0.881147
1 0.0242 0.880944 0.981844 0.0242 0.890775 0.981802 0.0242 0.900847 0.980947
0.0242 0.920663 1 0.0242 0.910799 0.980353 0.0242 0.920679 0.980057 0.0242
0.93053 0.979995 0.0242 0.940354 0.980164 0.0242 0.940376 1 0.0242 0.792021
0.0196266 0.0242 0.770292 0.0298633 0.0242 0.770361 0.039 0.0242 0.791904 0.039
0.0242 0.792041 0.0298727 0.0242 0.720369 0.07033 0.0242 0.730618 0.0703401 0.0242
0.833723 0.0489861 0.0242 0.83313 0.0703858 0.0242 0.843187 0.0704036 0.0242 0.883876
0.0593707 0.0242 0.884093 0.0703406 0.0242 0.893 0.0702924 0.0242 0.740828 0.0812502
0.0242 0.740043 0.0924038 0.0242 0.770412 0.11212 0.0242 0.791991 0.122343 0.0242
0.791967 0.112113 0.0242 0.814 0.0914132 0.0242 0.814 0.0809433 0.0242 0.823097
0.0811394 0.0242 0.823839 0.0922673 0.0242 0.814 0.103 0.0242 0.88119 0.104527
0.0242 0.893 0.103 0.0242 0.78114 0.162677 0.0242 0.792143 0.162496 0.0242
0.900667 0.161775 0.0242 0.940394 0.161859 0.0242 0.792177 0.172829 0.0242 0.814
0.182 0.0242 0.802772 0.182 0.0242 0.881176 0.179579 0.0242 0.930565 0.182
0.0242 0.920612 0.182 0.0242 0.720421 0.22947 0.0242 0.730585 0.229394 0.0242
0.833045 0.209845 0.0242 0.833202 0.229287 0.0242 0.8432 0.22938 0.0242 0.884132
0.219714 0.0242 0.883901 0.229508 0.0242 0.893 0.229512 0.0242 0.770052 0.255193
0.0242 0.781079 0.255082 0.0242 0.792289 0.255188 0.0242 0.814 0.246 0.0242
0.814 0.237734 0.0242 0.802969 0.246 0.0242 0.901241 0.246 0.0242 0.920565
0.246 0.0242 0.930615 0.246 0.0242 0.940461 0.246 0.0242 0.748577 0.303003
0.0242 0.738342 0.312389 0.0242 0.738404 0.321998 0.0242 0.759608 0.325 0.0242
0.75 0.325 0.0242 0.748049 0.312948 0.0242 0.758947 0.314743 0.0242 0.790521
0.304694 0.0242 0.769648 0.325 0.0242 0.76959 0.315614 0.0242 0.800142 0.325
0.0242 0.790605 0.325 0.0242 0.790553 0.315564 0.0242 0.800688 0.314627 0.0242
0.807356 0.325 0.0242 0.810519 0.312663 0.0242 0.821206 0.320318 0.0242 0.820947
0.311438 0.0242 0.910525 0.304726 0.0242 0.880798 0.312352 0.0242 0.890448 0.312936
0.0242 0.920545 0.325 0.0242 0.9105 0.325 0.0242 0.910484 0.315583 0.0242
0.920548 0.315704 0.0242 0.930641 0.325 0.0242 0.930596 0.315537 0.0242 0.720311
0.340902 0.0242 0.740035 0.331643 0.0242 0.730486 0.340985 0.0242 0.740831 0.341041
0.0242 0.814 0.325 0.0242 0.822746 0.32678 0.0242 0.822742 0.337367 0.0242
0.814 0.337015 0.0242 0.883871 0.340824 0.0242 0.893 0.340804 0.0242 0.741077
0.360398 0.0242 0.740856 0.370359 0.0242 0.770214 0.389 0.0242 0.792155 0.398084
0.0242 0.792013 0.389 0.0242 0.814 0.369499 0.0242 0.814 0.359094 0.0242
0.822807 0.35905 0.0242 0.823055 0.369562 0.0242 0.814 0.379189 0.0242 0.883015
0.380735 0.0242 0.893 0.379973 0.0242 0.781038 0.438652 0.0242 0.791767 0.438544
0.0242 0.940436 0.439234 0.0242 0.79188 0.448631 0.0242 0.815066 0.456566 0.0242
0.803151 0.458122 0.0242 0.940338 0.449165 0.0242 0.930456 0.459245 0.0242 0.920716
0.459178 0.0242 0.940118 0.459092 0.0242 0.720237 0.510632 0.0242 0.730447 0.510751
0.0242 0.833244 0.489251 0.0242 0.833244 0.510749 0.0242 0.843242 0.510715 0.0242
0.884077 0.5 0.0242 0.883897 0.511039 0.0242 0.893 0.510965 0.0242 0.740042
0.52184 0.0242 0.738426 0.533355 0.0242 0.770355 0.551356 0.0242 0.791767 0.561456
0.0242 0.79188 0.551369 0.0242 0.814 0.532 0.0242 0.814 0.520857 0.0242
0.823814 0.521701 0.0242 0.825292 0.533351 0.0242 0.815066 0.543434 0.0242 0.803151
0.541878 0.0242 0.802397 0.532 0.0242 0.901943 0.532 0.0242 0.930419 0.540793
0.0242 0.920696 0.540844 0.0242 0.920727 0.532 0.0242 0.930404 0.532 0.0242
0.939891 0.532 0.0242 0.940082 0.540932 0.0242 0.781085 0.602093 0.0242 0.792155
0.601916 0.0242 0.900787 0.601029 0.0242 0.940291 0.601757 0.0242 0.792013 0.611
0.0242 0.814 0.620811 0.0242 0.883015 0.619265 0.0242 0.940216 0.611 0.0242
0.720311 0.659098 0.0242 0.741077 0.639602 0.0242 0.741069 0.649384 0.0242 0.730486
0.659015 0.0242 0.740831 0.658959 0.0242 0.814 0.651757 0.0242 0.814 0.640906
0.0242 0.822807 0.64095 0.0242 0.822734 0.651701 0.0242 0.822742 0.662633 0.0242
0.814 0.662985 0.0242 0.883871 0.659176 0.0242 0.893 0.659196 0.0242 0.75
0.675 0.0242 0.748049 0.687052 0.0242 0.748577 0.696997 0.0242 0.759099 0.69607
0.0242 0.790605 0.675 0.0242 0.790553 0.684436 0.0242 0.769641 0.695195 0.0242
0.780164 0.695232 0.0242 0.790521 0.695306 0.0242 0.800769 0.696304 0.0242 0.821129
0.698439 0.0242 0.820947 0.688562 0.0242 0.821206 0.679682 0.0242 0.810798 0.697425
0.0242 0.9105 0.675 0.0242 0.910485 0.684393 0.0242 0.880789 0.697776 0.0242
0.890581 0.69702 0.0242 0.90054 0.696086 0.0242 0.910527 0.695227 0.0242 0.920561
0.695307 0.0242 0.930589 0.695458 0.0242 0.940538 0.696377 0.0242 0.792289 0.744812
0.0242 0.720545 0.790227 0.0242 0.730751 0.790202 0.0242 0.833202 0.770713 0.0242
0.833045 0.790155 0.0242 0.843117 0.790202 0.0242 0.884132 0.780286 0.0242 0.88415
0.790215 0.0242 0.893 0.790188 0.0242 0.740837 0.800009 0.0242 0.740043 0.809962
0.0242 0.770166 0.827178 0.0242 0.792143 0.837504 0.0242 0.792177 0.827171 0.0242
0.814 0.808795 0.0242 0.814 0.799638 0.0242 0.823092 0.79983 0.0242 0.823848
0.809757 0.0242 0.814 0.818 0.0242 0.881176 0.820421 0.0242 0.893 0.818
0.0242 0.781135 0.87782 0.0242 0.79199 0.877658 0.0242 0.900929 0.877131 0.0242
0.940246 0.878434 0.0242 0.791967 0.887887 0.0242 0.814 0.897 0.0242 0.802301
0.897 0.0242 0.881189 0.895473 0.0242 0.940007 0.888197 0.0242 0.93036 0.897
0.0242 0.920754 0.897 0.0242 0.939777 0.897 0.0242 0.71987 0.950825 0.0242
0.729902 0.95107 0.0242 0.833129 0.929614 0.0242 0.833722 0.951014 0.0242 0.843496
0.950867 0.0242 0.883876 0.940629 0.0242 0.883021 0.951574 0.0242 0.893 0.950855
0.0242 0.791904 0.961 0.0242 0.792041 0.970128 0.0242 0.78107 1 0.0242
0.770306 0.980389 0.0242 0.781107 0.980191 0.0242 0.792021 0.980373 0.0242 0.861749
1 0.0242 0.901832 0.961 0.0242 0.90095 0.970924 0.0242 0.940045 0.961
0.0242 0.940203 0.970045 0.0242 0.90095 0.0290759 0.0242 0.901832 0.039 0.0242
0.75 0.0811547 0.0242 0.75 0.0916832 0.0242 0.75 0.103 0.0242 0.760495
0.103 0.0242 0.802301 0.103 0.0242 0.911149 0.103 0.0242 0.920774 0.103
0.0242 0.901094 0.112884 0.0242 0.902045 0.103 0.0242 0.930416 0.103 0.0242
0.759991 0.182 0.0242 0.75 0.182 0.0242 0.740043 0.190038 0.0242 0.740837
0.199991 0.0242 0.75 0.190907 0.0242 0.75 0.200125 0.0242 0.823848 0.190242
0.0242 0.823092 0.20017 0.0242 0.814 0.200362 0.0242 0.814 0.191205 0.0242
0.900679 0.171977 0.0242 0.910694 0.182 0.0242 0.901428 0.182 0.0242 0.893
0.182 0.0242 0.910559 0.246 0.0242 0.75 0.332541 0.0242 0.75 0.341065
0.0242 0.741069 0.350616 0.0242 0.75 0.350518 0.0242 0.75 0.3603 0.0242
0.832603 0.33813 0.0242 0.822734 0.348299 0.0242 0.814 0.348243 0.0242 0.75
0.370194 0.0242 0.75 0.379642 0.0242 0.901574 0.389 0.0242 0.940216 0.389
0.0242 0.759586 0.458135 0.0242 0.748313 0.456614 0.0242 0.738426 0.466645 0.0242
0.740042 0.47816 0.0242 0.760387 0.468 0.0242 0.75 0.468 0.0242 0.75
0.478861 0.0242 0.814 0.468 0.0242 0.802397 0.468 0.0242 0.825292 0.466649
0.0242 0.823814 0.478299 0.0242 0.814 0.479143 0.0242 0.910924 0.458921 0.0242
0.901944 0.468 0.0242 0.920735 0.468 0.0242 0.911064 0.468 0.0242 0.93042
0.468 0.0242 0.939917 0.468 0.0242 0.75 0.521139 0.0242 0.75 0.532
0.0242 0.760387 0.532 0.0242 0.759586 0.541865 0.0242 0.748313 0.543386 0.0242
0.911061 0.532 0.0242 0.910916 0.541088 0.0242 0.940319 0.55084 0.0242 0.75
0.620358 0.0242 0.740856 0.629641 0.0242 0.75 0.629806 0.0242 0.75 0.6397
0.0242 0.823055 0.630438 0.0242 0.814 0.630501 0.0242 0.901574 0.611 0.0242
0.893 0.620027 0.0242 0.75 0.649482 0.0242 0.75 0.658935 0.0242 0.740035
0.668357 0.0242 0.75 0.667459 0.0242 0.832603 0.66187 0.0242 0.822746 0.67322
0.0242 0.814 0.675 0.0242 0.814 0.754 0.0242 0.802969 0.754 0.0242
0.814 0.762266 0.0242 0.901241 0.754 0.0242 0.920565 0.754 0.0242 0.910559
0.754 0.0242 0.930615 0.754 0.0242 0.940461 0.754 0.0242 0.75 0.799875
0.0242 0.75 0.809093 0.0242 0.75 0.818 0.0242 0.759991 0.818 0.0242
0.802772 0.818 0.0242 0.910694 0.818 0.0242 0.920612 0.818 0.0242 0.900678
0.828019 0.0242 0.901428 0.818 0.0242 0.930565 0.818 0.0242 0.940395 0.827418
0.0242 0.940319 0.818 0.0242 0.760495 0.897 0.0242 0.75 0.897 0.0242
0.740044 0.907596 0.0242 0.740828 0.91875 0.0242 0.75 0.908317 0.0242 0.75
0.918845 0.0242 0.823839 0.907733 0.0242 0.823097 0.918861 0.0242 0.814 0.919057
0.0242 0.814 0.908587 0.0242 0.901091 0.887113 0.0242 0.911145 0.897 0.0242
0.902045 0.897 0.0242 0.893 0.897 0.0242 0.72022 0.0597232 0.0242 0.740034
0.0486817 0.0242 0.730439 0.0596177 0.0242 0.740822 0.059515 0.0242 0.814 0.0497014
0.0242 0.823843 0.0488642 0.0242 0.8231 0.0596621 0.0242 0.814 0.0597711 0.0242
0.893 0.0593923 0.0242 0.781093 0.173015 0.0242 0.770161 0.182 0.0242 0.781026
0.182 0.0242 0.720557 0.219638 0.0242 0.741071 0.209855 0.0242 0.730768 0.219623
0.0242 0.741074 0.219638 0.0242 0.814 0.209996 0.0242 0.822871 0.209929 0.0242
0.822872 0.219585 0.0242 0.814 0.219614 0.0242 0.893 0.219776 0.0242 0.759817
0.246 0.0242 0.770056 0.246 0.0242 0.781032 0.246 0.0242 0.781069 0.448787
0.0242 0.770357 0.458882 0.0242 0.781091 0.459057 0.0242 0.720359 0.5 0.0242
0.740826 0.489139 0.0242 0.730619 0.5 0.0242 0.741009 0.5 0.0242 0.814
0.489413 0.0242 0.823087 0.48926 0.0242 0.822919 0.5 0.0242 0.814 0.5
0.0242 0.893 0.5 0.0242 0.770357 0.541118 0.0242 0.770445 0.532 0.0242
0.781091 0.540943 0.0242 0.781057 0.532 0.0242 0.781022 0.611 0.0242 0.780205
0.675 0.0242 0.780154 0.684232 0.0242 0.901159 0.675 0.0242 0.900498 0.685263
0.0242 0.94053 0.675 0.0242 0.940543 0.684847 0.0242 0.720557 0.780362 0.0242
0.740849 0.770689 0.0242 0.730768 0.780377 0.0242 0.741074 0.780362 0.0242 0.814
0.770965 0.0242 0.823091 0.770845 0.0242 0.822872 0.780415 0.0242 0.814 0.780385
0.0242 0.893 0.780224 0.0242 0.781114 0.888062 0.0242 0.770523 0.897 0.0242
0.781065 0.897 0.0242 0.72022 0.940276 0.0242 0.741008 0.929673 0.0242 0.73044
0.940382 0.0242 0.740822 0.940485 0.0242 0.814 0.92971 0.0242 0.822927 0.929657
0.0242 0.8231 0.940338 0.0242 0.814 0.940229 0.0242 0.893 0.940608 0.0242
0.78104 0.961 0.0242 0.781091 0.969948 0.0242 0.75 0.238001 0.0242 0.75
0.246 0.0242 0.759817 0.754 0.0242 0.75 0.754 0.0242 0.75 0.761999
0.0242 0.781091 0.0300522 0.0242 0.78104 0.039 0.0242 0.75 0.0493961 0.0242
0.75 0.0595488 0.0242 0.741008 0.0703268 0.0242 0.75 0.0702865 0.0242 0.833275
0.059682 0.0242 0.822927 0.0703434 0.0242 0.814 0.0702899 0.0242 0.770523 0.103
0.0242 0.781114 0.111939 0.0242 0.781065 0.103 0.0242 0.791794 0.103 0.0242
0.792074 0.182 0.0242 0.75 0.209905 0.0242 0.75 0.219684 0.0242 0.740849
0.229311 0.0242 0.75 0.229245 0.0242 0.833038 0.219586 0.0242 0.823091 0.229155
0.0242 0.814 0.229035 0.0242 0.792194 0.246 0.0242 0.780154 0.315768 0.0242
0.780205 0.325 0.0242 0.900497 0.314729 0.0242 0.901159 0.325 0.0242 0.940521
0.315122 0.0242 0.94053 0.325 0.0242 0.781022 0.389 0.0242 0.791973 0.458883
0.0242 0.770445 0.468 0.0242 0.781057 0.468 0.0242 0.791854 0.468 0.0242
0.75 0.4892 0.0242 0.75 0.5 0.0242 0.740826 0.510861 0.0242 0.75
0.5108 0.0242 0.833109 0.5 0.0242 0.823087 0.51074 0.0242 0.814 0.510587
0.0242 0.791854 0.532 0.0242 0.791973 0.541117 0.0242 0.781069 0.551213 0.0242
0.770056 0.754 0.0242 0.781032 0.754 0.0242 0.792194 0.754 0.0242 0.75
0.770755 0.0242 0.75 0.780316 0.0242 0.741071 0.790145 0.0242 0.75 0.790094
0.0242 0.833038 0.780414 0.0242 0.822871 0.790071 0.0242 0.814 0.790004 0.0242
0.770161 0.818 0.0242 0.781093 0.826986 0.0242 0.781026 0.818 0.0242 0.792074
0.818 0.0242 0.791794 0.897 0.0242 0.75 0.929713 0.0242 0.75 0.940451
0.0242 0.740034 0.951319 0.0242 0.75 0.950604 0.0242 0.833275 0.940318 0.0242
0.823843 0.951135 0.0242 0.814 0.950298 0.0242 0.940371 0.172543 0.0242 0.940319
0.182 0.0242 0.940176 0.0298983 0.0242 0.940046 0.039 0.0242 0.940067 0.111876
0.0242 0.939885 0.103 0.0242 0.950149 0.743561 0.0242 0.949446 0.754 0.0242
0.950107 0.82829 0.0242 0.950258 0.838837 0.0242 0.949244 0.818 0.0242 0.950019
0.878021 0.0242 0.949651 0.887495 0.0242 0.948518 0.897 0.0242 0.948855 0.961
0.0242 0.949873 0.970814 0.0242 0.950141 0.980694 0.0242 0.949721 0.45833 0.0242
0.948678 0.468 0.0242 0.948645 0.532 0.0242 0.949717 0.541632 0.0242 0.950141
0.551187 0.0242 0.950316 0.560835 0.0242 0.949091 0.611 0.0242 0.949915 0.600913
0.0242 0.94954 0.675 0.0242 0.950288 0.68581 0.0242 0.950357 0.697168 0.0242
1.01693 0.0188954 0.0242 0.997835 0.0190878 0.0242 0.998301 -6.33702e-39 0.0242 1.01773
-5.74276e-40 0.0242 1.0378 1.39962e-38 0.0242 1.05904 -5.44935e-37 0.0242 1.05881 0.0196517
0.0242 1.04758 0.0190774 0.0242 1.03642 0.018399 0.0242 1.10151 0.0183552 0.0242
1.09106 0.0190301 0.0242 1.08049 0.0196201 0.0242 1.08023 6.38804e-38 0.0242 1.10087
1.65864e-36 0.0242 1.12069 2.72385e-36 0.0242 1.14004 -6.03849e-36 0.0242 1.13988 0.0189694
0.0242 1.12081 0.0188035 0.0242 1.17843 0.0182951 0.0242 1.16838 0.0181352 0.0242
1.15868 0.018389 0.0242 1.15942 -1.4239e-35 0.0242 1.17938 1.86375e-36 0.0242 1.20032
3.2075e-36 0.0242 1.22141 -1.36877e-37 0.0242 1.22178 0.0196664 0.0242 1.21097 0.0198312
0.0242 1.20013 0.0196467 0.0242 1.24334 0.0184559 0.0242 1.24211 1.04798e-39 0.0242
1.26179 0 0.0242 1.26225 0.0191332 0.0242 1.13967 0.0386709 0.0242 1.13958
0.0597002 0.0242 1.11948 0.0595133 0.0242 1.12008 0.048706 0.0242 1.12084 0.0380452
0.0242 1.16753 0.0373707 0.0242 1.16908 0.0487333 0.0242 1.15903 0.0488013 0.0242
1.15836 0.0380814 0.0242 1.25434 0.0374369 0.0242 1.2527 0.0488412 0.0242 1.243
0.0495433 0.0242 1.243 0.039 0.0242 0.997021 0.1026 0.0242 0.996788 0.0812094
0.0242 1.01666 0.0811924 0.0242 1.01618 0.0921842 0.0242 1.01565 0.103247 0.0242
1.11946 0.0813278 0.0242 1.13958 0.0811603 0.0242 1.13965 0.102545 0.0242 1.12082
0.103317 0.0242 1.12006 0.0923772 0.0242 1.16986 0.0812493 0.0242 1.16907 0.0924175
0.0242 1.15903 0.0922582 0.0242 1.15959 0.0812474 0.0242 1.25193 0.0810899 0.0242
1.25266 0.0921411 0.0242 1.243 0.0915583 0.0242 1.243 0.0810873 0.0242 1.01637
0.123227 0.0242 1.017 0.141927 0.0242 0.997413 0.141681 0.0242 0.99748 0.122595
0.0242 1.04762 0.122897 0.0242 1.05884 0.122348 0.0242 1.05885 0.142335 0.0242
1.03717 0.142229 0.0242 1.03634 0.123574 0.0242 1.09097 0.122929 0.0242 1.10145
0.123565 0.0242 1.10109 0.142161 0.0242 1.08031 0.142322 0.0242 1.08042 0.122377
0.0242 1.15893 0.141856 0.0242 1.15884 0.160766 0.0242 1.1398 0.160492 0.0242
1.12084 0.160739 0.0242 1.12092 0.141851 0.0242 1.12079 0.122812 0.0242 1.13979
0.122644 0.0242 1.15887 0.122794 0.0242 1.17844 0.12357 0.0242 1.17899 0.142161
0.0242 1.21096 0.122201 0.0242 1.22175 0.122344 0.0242 1.22166 0.142264 0.0242
1.20022 0.142314 0.0242 1.20016 0.122389 0.0242 1.25322 0.122899 0.0242 1.26273
0.122229 0.0242 1.26243 0.141265 0.0242 1.24276 0.141947 0.0242 1.24336 0.12328
0.0242 1.01554 0.179962 0.0242 0.997015 0.180019 0.0242 0.997488 0.160597 0.0242
1.01661 0.160804 0.0242 1.03622 0.161112 0.0242 1.04739 0.161911 0.0242 1.04711
0.172027 0.0242 1.03487 0.170337 0.0242 1.0912 0.161874 0.0242 1.09137 0.172011
0.0242 1.08074 0.172826 0.0242 1.08058 0.162493 0.0242 1.13966 0.180022 0.0242
1.12085 0.179776 0.0242 1.17829 0.161084 0.0242 1.17733 0.170328 0.0242 1.179
0.182 0.0242 1.16739 0.179565 0.0242 1.15833 0.179879 0.0242 1.20003 0.162498
0.0242 1.21097 0.162704 0.0242 1.21098 0.173021 0.0242 1.19996 0.17283 0.0242
1.26284 0.160549 0.0242 1.26356 0.17985 0.0242 1.25457 0.179559 0.0242 1.243
0.182 0.0242 1.24463 0.170316 0.0242 1.24362 0.161033 0.0242 1.01666 0.200078
0.0242 1.0169 0.209866 0.0242 1.0169 0.219536 0.0242 0.996745 0.219598 0.0242
0.996768 0.199859 0.0242 1.13958 0.199856 0.0242 1.13957 0.219587 0.0242 1.1192
0.219613 0.0242 1.11919 0.209758 0.0242 1.11947 0.19983 0.0242 1.16985 0.20007
0.0242 1.17009 0.209884 0.0242 1.15985 0.209817 0.0242 1.15959 0.199966 0.0242
1.25213 0.200076 0.0242 1.25189 0.209889 0.0242 1.243 0.209947 0.0242 1.243
0.200242 0.0242 0.997465 0.259254 0.0242 0.996926 0.239261 0.0242 1.01617 0.238882
0.0242 1.0155 0.248824 0.0242 1.01573 0.258815 0.0242 1.12012 0.239132 0.0242
1.13961 0.239248 0.0242 1.13974 0.25926 0.0242 1.12123 0.258945 0.0242 1.12104
0.248985 0.0242 1.16906 0.238783 0.0242 1.16746 0.248769 0.0242 1.1582 0.248904
0.0242 1.15901 0.238992 0.0242 1.25291 0.238788 0.0242 1.25451 0.248779 0.0242
1.243 0.246 0.0242 1.243 0.237849 0.0242 1.01761 0.279654 0.0242 1.01878
0.300515 0.0242 0.99864 0.300396 0.0242 0.998217 0.279779 0.0242 1.05931 0.279052
0.0242 1.06053 0.304551 0.0242 1.0503 0.304015 0.0242 1.04001 0.302812 0.0242
1.03763 0.279612 0.0242 1.1015 0.279784 0.0242 1.10191 0.303052 0.0242 1.09165
0.304169 0.0242 1.08129 0.304626 0.0242 1.08075 0.279101 0.0242 1.15845 0.301588
0.0242 1.15828 0.321661 0.0242 1.1396 0.321385 0.0242 1.12089 0.321586 0.0242
1.12124 0.30156 0.0242 1.12099 0.279984 0.0242 1.13986 0.279752 0.0242 1.15876
0.279981 0.0242 1.17849 0.279798 0.0242 1.17811 0.303081 0.0242 1.22188 0.279141
0.0242 1.22202 0.304688 0.0242 1.21098 0.305109 0.0242 1.19992 0.304692 0.0242
1.20005 0.279144 0.0242 1.26292 0.279997 0.0242 1.263 0.301379 0.0242 1.24378
0.303048 0.0242 1.24338 0.279788 0.0242 0.99733 0.339628 0.0242 0.998262 0.320146
0.0242 1.01855 0.319258 0.0242 1.01774 0.327867 0.0242 1.01742 0.337981 0.0242
1.13956 0.340985 0.0242 1.11948 0.340985 0.0242 1.12011 0.331364 0.0242 1.16739
0.321908 0.0242 1.16904 0.331716 0.0242 1.15897 0.331491 0.0242 1.25457 0.321881
0.0242 1.25293 0.3317 0.0242 1.243 0.332667 0.0242 1.243 0.325 0.0242
1.01708 0.359091 0.0242 1.01677 0.369557 0.0242 1.01622 0.380037 0.0242 0.996971
0.38025 0.0242 0.996941 0.359859 0.0242 1.1192 0.360552 0.0242 1.13956 0.360622
0.0242 1.1396 0.380618 0.0242 1.12011 0.380699 0.0242 1.11947 0.370564 0.0242
1.17009 0.360363 0.0242 1.16986 0.370275 0.0242 1.15959 0.370412 0.0242 1.15984
0.360484 0.0242 1.25189 0.36035 0.0242 1.25212 0.37026 0.0242 1.243 0.370063
0.0242 1.243 0.360247 0.0242 1.01568 0.400538 0.0242 1.01697 0.419612 0.0242
0.997883 0.419659 0.0242 0.997383 0.400297 0.0242 1.04712 0.398942 0.0242 1.05873
0.398099 0.0242 1.05883 0.418654 0.0242 1.03688 0.419495 0.0242 1.03479 0.400722
0.0242 1.09132 0.398958 0.0242 1.10211 0.400762 0.0242 1.10131 0.419542 0.0242
1.0804 0.418667 0.0242 1.08072 0.398108 0.0242 1.15864 0.419687 0.0242 1.15893
0.438365 0.0242 1.13986 0.438298 0.0242 1.12086 0.438363 0.0242 1.12113 0.419706
0.0242 1.12123 0.400796 0.0242 1.1397 0.40065 0.0242 1.15815 0.400736 0.0242
1.16762 0.400883 0.0242 1.17733 0.400752 0.0242 1.17865 0.419534 0.0242 1.21098
0.397893 0.0242 1.22196 0.398104 0.0242 1.22169 0.418662 0.0242 1.20013 0.418664
0.0242 1.19999 0.398105 0.0242 1.25429 0.400856 0.0242 1.26366 0.400679 0.0242
1.26273 0.419722 0.0242 1.24307 0.419536 0.0242 1.24463 0.400745 0.0242 1.01579
0.457302 0.0242 0.997428 0.458037 0.0242 0.997938 0.438651 0.0242 1.01713 0.438397
0.0242 1.03743 0.438103 0.0242 1.04819 0.438302 0.0242 1.04787 0.44816 0.0242
1.03671 0.447525 0.0242 1.09091 0.438302 0.0242 1.09099 0.448149 0.0242 1.08048
0.448628 0.0242 1.08045 0.438563 0.0242 1.13972 0.457957 0.0242 1.12117 0.457275
0.0242 1.17895 0.438121 0.0242 1.17853 0.44753 0.0242 1.17755 0.456541 0.0242
1.1677 0.456779 0.0242 1.1582 0.457312 0.0242 1.20015 0.438562 0.0242 1.21086
0.438657 0.0242 1.21091 0.448781 0.0242 1.20013 0.448628 0.0242 1.26264 0.438542
0.0242 1.26359 0.457363 0.0242 1.25418 0.456784 0.0242 1.2444 0.456541 0.0242
1.2433 0.44752 0.0242 1.24276 0.438118 0.0242 1.0162 0.478374 0.0242 1.01667
0.489244 0.0242 1.01682 0.5 0.0242 0.996806 0.499998 0.0242 0.996948 0.478626
0.0242 1.13961 0.478612 0.0242 1.13958 0.5 0.0242 1.11929 0.5 0.0242
1.11948 0.489098 0.0242 1.12009 0.478193 0.0242 1.16908 0.47817 0.0242 1.16987
0.489164 0.0242 1.1596 0.489173 0.0242 1.15903 0.478291 0.0242 1.2529 0.478183
0.0242 1.25213 0.489181 0.0242 1.243 0.489314 0.0242 1.243 0.478995 0.0242
0.997439 0.541936 0.0242 0.996951 0.521365 0.0242 1.0162 0.521624 0.0242 1.01554
0.532582 0.0242 1.01579 0.542693 0.0242 1.12009 0.521808 0.0242 1.13961 0.521388
0.0242 1.13973 0.542044 0.0242 1.12117 0.542725 0.0242 1.12101 0.53269 0.0242
1.16908 0.52183 0.0242 1.16747 0.533465 0.0242 1.15821 0.532628 0.0242 1.15903
0.521709 0.0242 1.2529 0.521817 0.0242 1.25449 0.533444 0.0242 1.243 0.532
0.0242 1.243 0.521005 0.0242 1.01714 0.561588 0.0242 1.01698 0.580376 0.0242
0.997902 0.580308 0.0242 0.99796 0.561304 0.0242 1.04819 0.561697 0.0242 1.05906
0.561431 0.0242 1.05883 0.581345 0.0242 1.03688 0.580502 0.0242 1.03743 0.561895
0.0242 1.09091 0.561698 0.0242 1.1012 0.561883 0.0242 1.10131 0.580458 0.0242
1.0804 0.581333 0.0242 1.08045 0.561437 0.0242 1.15864 0.580313 0.0242 1.15815
0.599264 0.0242 1.1397 0.59935 0.0242 1.12123 0.599204 0.0242 1.12113 0.580293
0.0242 1.12086 0.561637 0.0242 1.13986 0.561702 0.0242 1.15893 0.561635 0.0242
1.17895 0.561879 0.0242 1.17865 0.580466 0.0242 1.21086 0.561343 0.0242 1.22158
0.561445 0.0242 1.22169 0.581338 0.0242 1.20013 0.581336 0.0242 1.20015 0.561438
0.0242 1.26264 0.561458 0.0242 1.26273 0.580278 0.0242 1.24307 0.580464 0.0242
1.24276 0.561882 0.0242 0.996975 0.619746 0.0242 0.997395 0.599685 0.0242 1.01568
0.599459 0.0242 1.01551 0.609457 0.0242 1.01622 0.619963 0.0242 1.03479 0.599278
0.0242 1.04712 0.601058 0.0242 1.04797 0.611 0.0242 1.036 0.611 0.0242
1.09132 0.601042 0.0242 1.09063 0.611 0.0242 1.08076 0.611 0.0242 1.08072
0.601891 0.0242 1.1396 0.619382 0.0242 1.12011 0.619301 0.0242 1.12105 0.609078
0.0242 1.16762 0.599117 0.0242 1.16745 0.608859 0.0242 1.15819 0.609179 0.0242
1.19999 0.601895 0.0242 1.21098 0.602107 0.0242 1.21098 0.611 0.0242 1.20008
0.611 0.0242 1.25429 0.599144 0.0242 1.25451 0.608876 0.0242 1.243 0.611
0.0242 1.24463 0.599255 0.0242 1.01708 0.640909 0.0242 1.01727 0.651524 0.0242
1.01742 0.662022 0.0242 0.997333 0.660384 0.0242 0.996943 0.640143 0.0242 1.1192
0.639448 0.0242 1.13956 0.639378 0.0242 1.13956 0.659014 0.0242 1.11948 0.659015
0.0242 1.11919 0.649312 0.0242 1.17009 0.639637 0.0242 1.17009 0.649359 0.0242
1.15985 0.649286 0.0242 1.15984 0.639516 0.0242 1.25189 0.63965 0.0242 1.25189
0.64937 0.0242 1.243 0.649454 0.0242 1.243 0.639753 0.0242 1.01855 0.680749
0.0242 1.01878 0.699512 0.0242 0.998659 0.699701 0.0242 0.998271 0.679896 0.0242
1.04345 0.675 0.0242 1.05097 0.675 0.0242 1.05039 0.685263 0.0242 1.0404
0.687032 0.0242 1.08139 0.675 0.0242 1.09111 0.675 0.0242 1.09178 0.685203
0.0242 1.0814 0.684402 0.0242 1.15845 0.698412 0.0242 1.15876 0.720019 0.0242
1.13986 0.720248 0.0242 1.12099 0.720016 0.0242 1.12124 0.69844 0.0242 1.12089
0.678414 0.0242 1.1396 0.678615 0.0242 1.15828 0.678339 0.0242 1.16739 0.678092
0.0242 1.179 0.675 0.0242 1.17724 0.68694 0.0242 1.17811 0.696919 0.0242
1.19985 0.675 0.0242 1.21098 0.675 0.0242 1.21098 0.684153 0.0242 1.19983
0.684375 0.0242 1.25457 0.678119 0.0242 1.26357 0.678437 0.0242 1.263 0.698621
0.0242 1.24378 0.696952 0.0242 1.24472 0.686949 0.0242 1.243 0.675 0.0242
1.01573 0.741186 0.0242 0.997475 0.740735 0.0242 0.998235 0.72026 0.0242 1.01761
0.720361 0.0242 1.03763 0.720393 0.0242 1.05931 0.720949 0.0242 1.05859 0.74472
0.0242 1.04692 0.743925 0.0242 1.03477 0.741956 0.0242 1.10217 0.741928 0.0242
1.0915 0.743911 0.0242 1.08084 0.744711 0.0242 1.08075 0.720899 0.0242 1.1015
0.720216 0.0242 1.13974 0.74074 0.0242 1.12123 0.741055 0.0242 1.17727 0.741935
0.0242 1.16761 0.741438 0.0242 1.15816 0.741103 0.0242 1.17849 0.720202 0.0242
1.20005 0.720856 0.0242 1.22188 0.720859 0.0242 1.2221 0.744712 0.0242 1.21098
0.745007 0.0242 1.19986 0.744712 0.0242 1.26292 0.720003 0.0242 1.26371 0.741062
0.0242 1.25433 0.74142 0.0242 1.2447 0.741931 0.0242 1.24338 0.720212 0.0242
1.13961 0.760752 0.0242 1.13957 0.780413 0.0242 1.1192 0.780387 0.0242 1.11948
0.77061 0.0242 1.12012 0.760868 0.0242 1.16906 0.761217 0.0242 1.16985 0.77079
0.0242 1.15959 0.770737 0.0242 1.15901 0.761008 0.0242 1.25291 0.761212 0.0242
1.25213 0.770787 0.0242 1.243 0.770872 0.0242 1.243 0.762151 0.0242 0.997027
0.820007 0.0242 0.996772 0.800147 0.0242 1.01666 0.799923 0.0242 1.01612 0.809873
0.0242 1.01554 0.820044 0.0242 1.11947 0.80017 0.0242 1.13958 0.800144 0.0242
1.13966 0.819978 0.0242 1.12085 0.820224 0.0242 1.12009 0.810163 0.0242 1.16985
0.799929 0.0242 1.16905 0.809889 0.0242 1.159 0.809999 0.0242 1.15959 0.800034
0.0242 1.25213 0.799923 0.0242 1.25293 0.809885 0.0242 1.243 0.808944 0.0242
1.243 0.799758 0.0242 1.01662 0.839218 0.0242 1.01701 0.8581 0.0242 0.99744
0.858384 0.0242 0.997517 0.839468 0.0242 1.04739 0.83809 0.0242 1.05868 0.837484
0.0242 1.05885 0.857662 0.0242 1.03718 0.857777 0.0242 1.03622 0.838892 0.0242
1.0912 0.838125 0.0242 1.10161 0.838926 0.0242 1.10109 0.857834 0.0242 1.08031
0.857672 0.0242 1.08058 0.837507 0.0242 1.15893 0.858137 0.0242 1.15887 0.8772
0.0242 1.13979 0.877349 0.0242 1.12079 0.877183 0.0242 1.12092 0.858144 0.0242
1.12084 0.83926 0.0242 1.1398 0.839507 0.0242 1.15884 0.839231 0.0242 1.17829
0.838915 0.0242 1.17899 0.857831 0.0242 1.21098 0.837293 0.0242 1.22192 0.837504
0.0242 1.2217 0.857686 0.0242 1.20023 0.857667 0.0242 1.20003 0.837499 0.0242
1.26294 0.839366 0.0242 1.26273 0.858428 0.0242 1.2429 0.857907 0.0242 1.24365
0.838943 0.0242 0.997038 0.897449 0.0242 0.997517 0.877517 0.0242 1.01638 0.876794
0.0242 1.01588 0.886545 0.0242 1.01566 0.896762 0.0242 1.03634 0.876429 0.0242
1.04763 0.877104 0.0242 1.04748 0.887118 0.0242 1.0351 0.885566 0.0242 1.09097
0.877069 0.0242 1.09101 0.887075 0.0242 1.08047 0.887864 0.0242 1.08042 0.877621
0.0242 1.13965 0.897452 0.0242 1.12082 0.896682 0.0242 1.17844 0.876426 0.0242
1.17748 0.885413 0.0242 1.179 0.897 0.0242 1.1674 0.895629 0.0242 1.15835
0.896762 0.0242 1.20016 0.877604 0.0242 1.21097 0.877787 0.0242 1.21097 0.888044
0.0242 1.20019 0.887858 0.0242 1.25366 0.876658 0.0242 1.25411 0.886165 0.0242
1.24441 0.885605 0.0242 1.24356 0.876523 0.0242 1.01666 0.91881 0.0242 1.01681
0.929608 0.0242 1.01664 0.940308 0.0242 0.996814 0.940244 0.0242 0.996796 0.918804
0.0242 1.13958 0.918839 0.0242 1.13958 0.940301 0.0242 1.11947 0.940487 0.0242
1.11927 0.929625 0.0242 1.11946 0.918672 0.0242 1.16986 0.918751 0.0242 1.17004
0.929642 0.0242 1.15977 0.929628 0.0242 1.15959 0.918754 0.0242 1.25212 0.918783
0.0242 1.25194 0.929654 0.0242 1.243 0.929683 0.0242 1.243 0.918912 0.0242
1.01694 0.981098 0.0242 0.997867 0.980886 0.0242 0.997155 0.961208 0.0242 1.01559
0.96175 0.0242 1.036 0.961 0.0242 1.04815 0.961 0.0242 1.04733 0.970917
0.0242 1.03497 0.97258 0.0242 1.08059 0.961 0.0242 1.09039 0.961 0.0242
1.09116 0.970941 0.0242 1.08058 0.970141 0.0242 1.12084 0.961956 0.0242 1.13966
0.961331 0.0242 1.13987 0.98103 0.0242 1.12082 0.981198 0.0242 1.16752 0.96263
0.0242 1.1679 0.972297 0.0242 1.15834 0.971948 0.0242 1.15836 0.961921 0.0242
1.20019 0.961 0.0242 1.21098 0.961 0.0242 1.21098 0.969939 0.0242 1.2001
0.970124 0.0242 1.24349 0.981598 0.0242 1.24456 0.972581 0.0242 1.243 0.961
0.0242 1.25458 0.962705 0.0242 1.26355 0.961803 0.0242 1.26275 0.981062 0.0242
1.01558 0.0382475 0.0242 0.997141 0.0387805 0.0242 1.036 0.039 0.0242 1.02446
0.0373663 0.0242 1.03497 0.027419 0.0242 1.08058 0.0298591 0.0242 1.09116 0.0290587
0.0242 1.09039 0.039 0.0242 1.08059 0.039 0.0242 1.11166 0.0371891 0.0242
1.1 0.039 0.0242 1.10211 0.0273984 0.0242 1.18925 0.0190389 0.0242 1.15835
0.0280537 0.0242 1.16791 0.0277044 0.0242 1.20019 0.039 0.0242 1.18987 0.039
0.0242 1.1891 0.0290831 0.0242 1.2001 0.0298765 0.0242 1.24452 0.0274357 0.0242
1.26294 0.0385358 0.0242 1.036 0.0808432 0.0242 1.036 0.0912718 0.0242 1.02615
0.0922132 0.0242 1.02688 0.0810873 0.0242 1.01588 0.113466 0.0242 1.02612 0.123572
0.0242 1.02541 0.113972 0.0242 1.0351 0.114436 0.0242 1.10997 0.09259 0.0242
1.10916 0.0813599 0.0242 1.08047 0.112136 0.0242 1.09101 0.112924 0.0242 1.10206
0.114574 0.0242 1.1 0.103 0.0242 1.11165 0.104436 0.0242 1.15835 0.103238
0.0242 1.1674 0.104371 0.0242 1.179 0.103 0.0242 1.17748 0.114586 0.0242
1.18929 0.122934 0.0242 1.1892 0.112926 0.0242 1.20019 0.11214 0.0242 1.24429
0.114274 0.0242 1.25371 0.11342 0.0242 1.036 0.182 0.0242 1.02446 0.179637
0.0242 1.01612 0.19013 0.0242 1.02687 0.200239 0.0242 1.02609 0.190296 0.0242
1.036 0.191311 0.0242 1.036 0.200461 0.0242 1.11166 0.179475 0.0242 1.1
0.182 0.0242 1.1022 0.170326 0.0242 1.10161 0.161074 0.0242 1.10916 0.199871
0.0242 1.10998 0.189872 0.0242 1.12009 0.189837 0.0242 1.18888 0.172017 0.0242
1.18909 0.161886 0.0242 1.159 0.190001 0.0242 1.16905 0.190111 0.0242 1.25293
0.190114 0.0242 1.243 0.191057 0.0242 1.036 0.237619 0.0242 1.036 0.246
0.0242 1.02461 0.248708 0.0242 1.02613 0.238618 0.0242 1.02503 0.258509 0.0242
1.03477 0.258044 0.0242 1.11167 0.248838 0.0242 1.10999 0.239003 0.0242 1.08084
0.255289 0.0242 1.0915 0.256089 0.0242 1.10217 0.258072 0.0242 1.11174 0.258602
0.0242 1.15816 0.258897 0.0242 1.16761 0.258562 0.0242 1.17727 0.258065 0.0242
1.18871 0.256085 0.0242 1.19986 0.255288 0.0242 1.2447 0.258069 0.0242 1.25433
0.25858 0.0242 1.26371 0.258938 0.0242 1.04345 0.325 0.0242 1.036 0.325
0.0242 1.02735 0.326681 0.0242 1.02917 0.319977 0.0242 1.01727 0.348477 0.0242
1.02718 0.359015 0.0242 1.02727 0.348305 0.0242 1.036 0.348302 0.0242 1.036
0.359063 0.0242 1.10999 0.331514 0.0242 1.11166 0.321842 0.0242 1.10892 0.360452
0.0242 1.10892 0.350591 0.0242 1.11919 0.350688 0.0242 1.15985 0.350715 0.0242
1.17009 0.350641 0.0242 1.25189 0.35063 0.0242 1.243 0.350546 0.0242 1.036
0.36939 0.0242 1.02692 0.369491 0.0242 1.01551 0.390541 0.0242 1.02502 0.400758
0.0242 1.0246 0.390965 0.0242 1.036 0.389 0.0242 1.10916 0.370484 0.0242
1.08076 0.389 0.0242 1.09063 0.389 0.0242 1.11172 0.400933 0.0242 1.11167
0.391225 0.0242 1.12105 0.390922 0.0242 1.15819 0.390821 0.0242 1.16745 0.391141
0.0242 1.1889 0.398953 0.0242 1.18969 0.389 0.0242 1.20008 0.389 0.0242
1.243 0.389 0.0242 1.25451 0.391124 0.0242 1.03512 0.456543 0.0242 1.02518
0.456779 0.0242 1.01554 0.467416 0.0242 1.02615 0.478353 0.0242 1.02463 0.466604
0.0242 1.036 0.468 0.0242 1.036 0.479281 0.0242 1.11164 0.45675 0.0242
1.10196 0.45654 0.0242 1.10144 0.447528 0.0242 1.1012 0.438117 0.0242 1.10997
0.478007 0.0242 1.11165 0.466484 0.0242 1.12101 0.46731 0.0242 1.18931 0.448153
0.0242 1.18947 0.438306 0.0242 1.15821 0.467372 0.0242 1.16747 0.466535 0.0242
1.25449 0.466556 0.0242 1.243 0.468 0.0242 1.036 0.52072 0.0242 1.036
0.532 0.0242 1.02463 0.533396 0.0242 1.02615 0.521647 0.0242 1.02519 0.54322
0.0242 1.03512 0.543457 0.0242 1.03671 0.552474 0.0242 1.11165 0.533516 0.0242
1.10997 0.521993 0.0242 1.08048 0.551372 0.0242 1.09099 0.551851 0.0242 1.10144
0.552472 0.0242 1.10196 0.54346 0.0242 1.11164 0.54325 0.0242 1.1582 0.542688
0.0242 1.1677 0.543221 0.0242 1.17755 0.543459 0.0242 1.17853 0.55247 0.0242
1.18947 0.561694 0.0242 1.18931 0.551847 0.0242 1.20013 0.551372 0.0242 1.2433
0.55248 0.0242 1.2444 0.543459 0.0242 1.25418 0.543216 0.0242 1.26359 0.542637
0.0242 1.02461 0.609035 0.0242 1.02502 0.599241 0.0242 1.01677 0.630443 0.0242
1.02718 0.640985 0.0242 1.02692 0.630509 0.0242 1.036 0.63061 0.0242 1.036
0.640937 0.0242 1.11167 0.608775 0.0242 1.11172 0.599067 0.0242 1.10892 0.639548
0.0242 1.10916 0.629516 0.0242 1.11947 0.629436 0.0242 1.18969 0.611 0.0242
1.1889 0.601047 0.0242 1.15959 0.629588 0.0242 1.16986 0.629725 0.0242 1.25212
0.62974 0.0242 1.243 0.629937 0.0242 1.036 0.651698 0.0242 1.02727 0.651695
0.0242 1.01774 0.672137 0.0242 1.02917 0.680025 0.0242 1.02735 0.67332 0.0242
1.036 0.675 0.0242 1.10892 0.649409 0.0242 1.11166 0.678158 0.0242 1.10999
0.668486 0.0242 1.12011 0.668636 0.0242 1.15897 0.66851 0.0242 1.16904 0.668284
0.0242 1.25293 0.6683 0.0242 1.243 0.667333 0.0242 1.02503 0.741491 0.0242
0.99693 0.760732 0.0242 1.0155 0.751176 0.0242 1.01617 0.761117 0.0242 1.02613
0.761382 0.0242 1.02461 0.751292 0.0242 1.036 0.754 0.0242 1.036 0.762381
0.0242 1.11174 0.741398 0.0242 1.10999 0.760997 0.0242 1.11167 0.751162 0.0242
1.12104 0.751016 0.0242 1.18871 0.743915 0.0242 1.1582 0.751096 0.0242 1.16746
0.751231 0.0242 1.25451 0.751221 0.0242 1.243 0.754 0.0242 1.036 0.799538
0.0242 1.036 0.808689 0.0242 1.02609 0.809705 0.0242 1.02687 0.799762 0.0242
1.02446 0.820364 0.0242 1.036 0.818 0.0242 1.03487 0.829664 0.0242 1.10998
0.810128 0.0242 1.10916 0.800129 0.0242 1.08074 0.827174 0.0242 1.09137 0.827988
0.0242 1.1022 0.829674 0.0242 1.1 0.818 0.0242 1.11166 0.820525 0.0242
1.15833 0.820121 0.0242 1.16739 0.820435 0.0242 1.179 0.818 0.0242 1.17733
0.829672 0.0242 1.18909 0.838113 0.0242 1.18888 0.827982 0.0242 1.19996 0.82717
0.0242 1.24464 0.829678 0.0242 1.243 0.818 0.0242 1.25458 0.820438 0.0242
1.26357 0.820139 0.0242 1.02541 0.886034 0.0242 1.02613 0.876438 0.0242 1.01618
0.907819 0.0242 1.02688 0.918913 0.0242 1.02615 0.907788 0.0242 1.036 0.908728
0.0242 1.036 0.919157 0.0242 1.11165 0.895564 0.0242 1.1 0.897 0.0242
1.10206 0.885425 0.0242 1.10145 0.876433 0.0242 1.10916 0.91864 0.0242 1.10997
0.90741 0.0242 1.12006 0.907623 0.0242 1.1892 0.887073 0.0242 1.18929 0.877062
0.0242 1.15903 0.907742 0.0242 1.16907 0.907583 0.0242 1.2529 0.907642 0.0242
1.243 0.908441 0.0242 1.02446 0.962633 0.0242 1.03642 0.9816 0.0242 1.01773
1 0.0242 0.998336 1 0.0242 1.0378 1 0.0242 1.10151 0.981645
0.0242 1.10211 0.972602 0.0242 1.1 0.961 0.0242 1.11166 0.962811 0.0242
1.10088 1 0.0242 1.08023 1 0.0242 1.08049 0.98038 0.0242 1.09107
0.98097 0.0242 1.1207 1 0.0242 1.18987 0.961 0.0242 1.1891 0.970918
0.0242 1.17938 1 0.0242 1.1594 1 0.0242 1.15867 0.981611 0.0242
1.16837 0.981866 0.0242 1.17843 0.981706 0.0242 1.20036 1 0.0242 1.18925
0.980963 0.0242 1.20014 0.980355 0.0242 1.26225 1 0.0242 1.24241 1
0.0242 0.978581 0.122989 0.0242 0.978025 0.103436 0.0242 0.978612 0.160285 0.0242
0.959903 0.160665 0.0242 0.959962 0.141705 0.0242 0.959772 0.12325 0.0242 0.978034
0.179639 0.0242 0.976271 0.219671 0.0242 0.976241 0.20972 0.0242 0.976537 0.199715
0.0242 0.978703 0.259014 0.0242 0.978309 0.249083 0.0242 0.977272 0.239288 0.0242
0.979003 0.279865 0.0242 0.979023 0.301021 0.0242 0.960005 0.302464 0.0242 0.959806
0.279678 0.0242 0.976618 0.340692 0.0242 0.97729 0.331066 0.0242 0.978216 0.321272
0.0242 0.978675 0.400784 0.0242 0.978299 0.390939 0.0242 0.977269 0.380742 0.0242
0.969117 0.400962 0.0242 0.978917 0.419807 0.0242 0.959754 0.419793 0.0242 0.95968
0.400811 0.0242 0.9787 0.457316 0.0242 0.978961 0.438597 0.0242 0.976392 0.499999
0.0242 0.976588 0.489021 0.0242 0.977272 0.478096 0.0242 0.979016 0.56129 0.0242
0.978719 0.542643 0.0242 0.978959 0.580124 0.0242 0.959818 0.580106 0.0242 0.960102
0.56112 0.0242 0.977275 0.619252 0.0242 0.978313 0.609046 0.0242 0.978703 0.599184
0.0242 0.978224 0.678767 0.0242 0.977293 0.668949 0.0242 0.97662 0.659315 0.0242
0.968752 0.678305 0.0242 0.979069 0.699228 0.0242 0.960104 0.698095 0.0242 0.960052
0.687495 0.0242 0.957 0.675 0.0242 0.978723 0.740904 0.0242 0.97904 0.720199
0.0242 1.06978 0.0198089 0.0242 1.04733 0.0290828 0.0242 1.04815 0.039 0.0242
1.07 0.039 0.0242 1.06986 0.030052 0.0242 1.23264 0.0191029 0.0242 1.21098
0.0300625 0.0242 1.21098 0.039 0.0242 1.23211 0.039 0.0242 1.23287 0.0290888
0.0242 0.996809 0.0597555 0.0242 1.01614 0.0489601 0.0242 1.01664 0.0596916 0.0242
1.01681 0.0703924 0.0242 1.036 0.0498182 0.0242 1.02609 0.0489095 0.0242 1.036
0.0702846 0.0242 1.02705 0.0703414 0.0242 1.10998 0.0485304 0.0242 1.10897 0.0703388
0.0242 1.11927 0.0703748 0.0242 1.15959 0.0595839 0.0242 1.15977 0.0703727 0.0242
1.17004 0.0703588 0.0242 1.25177 0.0703079 0.0242 1.243 0.0703166 0.0242 1.04748
0.112882 0.0242 1.06976 0.122184 0.0242 1.06985 0.111942 0.0242 1.179 0.0811022
0.0242 1.179 0.0915813 0.0242 1.21097 0.111952 0.0242 1.2326 0.12281 0.0242
1.23271 0.112847 0.0242 1.243 0.103 0.0242 1.25419 0.103917 0.0242 1.05868
0.162516 0.0242 1.06976 0.162712 0.0242 1.22191 0.162489 0.0242 1.23285 0.161865
0.0242 1.06987 0.173023 0.0242 1.09073 0.182 0.0242 1.08081 0.182 0.0242
1.23308 0.172012 0.0242 1.01667 0.229161 0.0242 1.036 0.21003 0.0242 1.02711
0.209952 0.0242 1.02688 0.229058 0.0242 1.036 0.228927 0.0242 1.10892 0.209806
0.0242 1.10917 0.229395 0.0242 1.11948 0.22939 0.0242 1.15984 0.219569 0.0242
1.15959 0.229263 0.0242 1.16985 0.22921 0.0242 1.25213 0.229213 0.0242 1.243
0.229128 0.0242 1.04692 0.256076 0.0242 1.05859 0.255281 0.0242 1.06988 0.254991
0.0242 1.0809 0.246 0.0242 1.09087 0.246 0.0242 1.1 0.246 0.0242
1.179 0.237856 0.0242 1.179 0.246 0.0242 1.21098 0.254993 0.0242 1.2221
0.255288 0.0242 1.23326 0.256086 0.0242 1.0404 0.312969 0.0242 1.07093 0.305012
0.0242 1.05097 0.325 0.0242 1.05039 0.314738 0.0242 1.08139 0.325 0.0242
1.071 0.325 0.0242 1.07099 0.315807 0.0242 1.0814 0.315598 0.0242 1.09111
0.325 0.0242 1.09178 0.314797 0.0242 1.1 0.325 0.0242 1.10237 0.31305
0.0242 1.18892 0.304213 0.0242 1.17724 0.31306 0.0242 1.179 0.325 0.0242
1.19985 0.325 0.0242 1.18932 0.325 0.0242 1.18869 0.314815 0.0242 1.19983
0.315625 0.0242 1.23301 0.3042 0.0242 1.21098 0.325 0.0242 1.21098 0.315847
0.0242 1.23266 0.325 0.0242 1.23328 0.314811 0.0242 1.24472 0.313051 0.0242
1.26357 0.321563 0.0242 1.15957 0.341086 0.0242 1.179 0.332661 0.0242 1.16985
0.341116 0.0242 1.179 0.341156 0.0242 1.243 0.34116 0.0242 1.25213 0.341103
0.0242 1.04797 0.389 0.0242 1.06989 0.397892 0.0242 1.07003 0.389 0.0242
1.15901 0.380537 0.0242 1.179 0.36025 0.0242 1.179 0.370069 0.0242 1.16907
0.380413 0.0242 1.179 0.37948 0.0242 1.21098 0.389 0.0242 1.23306 0.398951
0.0242 1.23228 0.389 0.0242 1.243 0.379473 0.0242 1.25291 0.380396 0.0242
1.05906 0.438569 0.0242 1.06984 0.438666 0.0242 1.22158 0.438555 0.0242 1.23225
0.438293 0.0242 1.06984 0.448788 0.0242 1.09105 0.458112 0.0242 1.08052 0.458874
0.0242 1.2325 0.448146 0.0242 1.01667 0.510755 0.0242 1.036 0.489511 0.0242
1.02688 0.489313 0.0242 1.036 0.510489 0.0242 1.02688 0.510687 0.0242 1.10916
0.489049 0.0242 1.10916 0.510951 0.0242 1.11948 0.510902 0.0242 1.15978 0.5
0.0242 1.1596 0.510827 0.0242 1.16987 0.510836 0.0242 1.25213 0.510819 0.0242
1.243 0.510686 0.0242 1.04787 0.55184 0.0242 1.06984 0.561334 0.0242 1.06984
0.551212 0.0242 1.09105 0.541888 0.0242 1.08052 0.541126 0.0242 1.0805 0.532
0.0242 1.09026 0.532 0.0242 1.1 0.532 0.0242 1.179 0.52102 0.0242
1.179 0.532 0.0242 1.21091 0.551219 0.0242 1.23225 0.561707 0.0242 1.2325
0.551854 0.0242 1.05873 0.601901 0.0242 1.06989 0.602108 0.0242 1.10211 0.599238
0.0242 1.17733 0.599248 0.0242 1.22196 0.601895 0.0242 1.23306 0.601049 0.0242
1.26366 0.599321 0.0242 1.07003 0.611 0.0242 1.1 0.611 0.0242 1.15901
0.619463 0.0242 1.23228 0.611 0.0242 1.243 0.620528 0.0242 1.2529 0.619604
0.0242 1.15957 0.658914 0.0242 1.179 0.63975 0.0242 1.179 0.649455 0.0242
1.16985 0.658884 0.0242 1.179 0.658844 0.0242 1.243 0.65884 0.0242 1.25213
0.658897 0.0242 1.04001 0.697192 0.0242 1.071 0.675 0.0242 1.07099 0.684193
0.0242 1.0503 0.695987 0.0242 1.06053 0.695449 0.0242 1.07093 0.694988 0.0242
1.08129 0.695374 0.0242 1.10191 0.696948 0.0242 1.10237 0.68695 0.0242 1.1
0.675 0.0242 1.09165 0.695831 0.0242 1.18932 0.675 0.0242 1.18869 0.685185
0.0242 1.18892 0.695787 0.0242 1.19992 0.695308 0.0242 1.23266 0.675 0.0242
1.23328 0.685189 0.0242 1.21098 0.694891 0.0242 1.22202 0.695312 0.0242 1.23301
0.6958 0.0242 1.06988 0.745009 0.0242 1.23326 0.743914 0.0242 0.996747 0.780402
0.0242 1.01667 0.770839 0.0242 1.0169 0.780464 0.0242 1.036 0.771073 0.0242
1.02688 0.770942 0.0242 1.0169 0.790134 0.0242 1.036 0.78997 0.0242 1.02711
0.790048 0.0242 1.10917 0.770605 0.0242 1.10892 0.790194 0.0242 1.11919 0.790242
0.0242 1.15984 0.780431 0.0242 1.15985 0.790183 0.0242 1.17009 0.790116 0.0242
1.25189 0.790111 0.0242 1.243 0.790053 0.0242 1.04712 0.827973 0.0242 1.06976
0.837288 0.0242 1.06987 0.826977 0.0242 1.179 0.799763 0.0242 1.179 0.80895
0.0242 1.21098 0.826979 0.0242 1.23286 0.838124 0.0242 1.23308 0.827985 0.0242
1.26234 0.800024 0.0242 1.26292 0.809999 0.0242 1.05884 0.877652 0.0242 1.06976
0.877814 0.0242 1.22178 0.877625 0.0242 1.23267 0.877114 0.0242 1.26334 0.877136
0.0242 1.06985 0.888057 0.0242 1.09018 0.897 0.0242 1.08044 0.897 0.0242
1.23275 0.887118 0.0242 1.26367 0.886792 0.0242 1.25447 0.895793 0.0242 1.243
0.897 0.0242 1.26361 0.896878 0.0242 1.036 0.929716 0.0242 1.02705 0.929659
0.0242 1.01614 0.951039 0.0242 1.036 0.950182 0.0242 1.02609 0.95109 0.0242
1.10897 0.929661 0.0242 1.10998 0.95147 0.0242 1.12008 0.951295 0.0242 1.15958
0.940418 0.0242 1.15903 0.951201 0.0242 1.16908 0.951268 0.0242 1.25293 0.95127
0.0242 1.243 0.950456 0.0242 1.06986 0.969948 0.0242 1.07 0.961 0.0242
1.05904 1 0.0242 1.04758 0.980923 0.0242 1.05881 0.980348 0.0242 1.06978
0.980192 0.0242 1.14003 1 0.0242 1.179 0.961 0.0242 1.17754 0.972525
0.0242 1.23289 0.97092 0.0242 1.23211 0.961 0.0242 1.22153 1 0.0242
1.21098 0.980173 0.0242 1.22181 0.980345 0.0242 1.23271 0.980925 0.0242 1.17755
0.0274764 0.0242 1.179 0.039 0.0242 1.036 0.103 0.0242 1.02468 0.1042
0.0242 1.1 0.0918365 0.0242 1.1 0.08125 0.0242 1.08043 0.103 0.0242
1.09018 0.103 0.0242 1.19007 0.103 0.0242 1.20035 0.103 0.0242 1.1
0.199977 0.0242 1.1 0.190701 0.0242 1.20002 0.182 0.0242 1.18959 0.182
0.0242 1.179 0.19105 0.0242 1.179 0.200237 0.0242 1.18942 0.246 0.0242
1.19991 0.246 0.0242 1.036 0.337159 0.0242 1.02728 0.337396 0.0242 1.1
0.332351 0.0242 1.10917 0.340951 0.0242 1.1 0.340929 0.0242 1.1 0.360351
0.0242 1.1 0.350473 0.0242 1.179 0.350545 0.0242 1.036 0.379064 0.0242
1.02615 0.37996 0.0242 1.1 0.370336 0.0242 1.10998 0.380659 0.0242 1.1
0.37984 0.0242 1.1 0.389 0.0242 1.179 0.389 0.0242 1.09026 0.468
0.0242 1.0805 0.468 0.0242 1.1 0.468 0.0242 1.1 0.478728 0.0242
1.20016 0.458875 0.0242 1.18916 0.458116 0.0242 1.179 0.468 0.0242 1.179
0.47898 0.0242 1.2003 0.468 0.0242 1.18997 0.468 0.0242 1.1 0.521272
0.0242 1.18997 0.532 0.0242 1.2003 0.532 0.0242 1.20016 0.541125 0.0242
1.18916 0.541884 0.0242 1.036 0.620936 0.0242 1.02615 0.620039 0.0242 1.10998
0.619341 0.0242 1.1 0.639649 0.0242 1.1 0.629664 0.0242 1.1 0.62016
0.0242 1.179 0.611 0.0242 1.16907 0.619587 0.0242 1.179 0.629931 0.0242
1.179 0.62052 0.0242 1.036 0.662841 0.0242 1.02728 0.662605 0.0242 1.1
0.649527 0.0242 1.10917 0.659049 0.0242 1.1 0.659071 0.0242 1.1 0.667649
0.0242 1.179 0.667339 0.0242 1.09087 0.754 0.0242 1.0809 0.754 0.0242
1.1 0.754 0.0242 1.179 0.754 0.0242 1.179 0.762144 0.0242 1.19991
0.754 0.0242 1.18942 0.754 0.0242 1.1 0.809299 0.0242 1.1 0.800023
0.0242 1.08081 0.818 0.0242 1.09073 0.818 0.0242 1.18959 0.818 0.0242
1.20002 0.818 0.0242 1.036 0.897 0.0242 1.02468 0.895803 0.0242 1.1
0.91875 0.0242 1.1 0.908163 0.0242 1.20035 0.897 0.0242 1.19007 0.897
0.0242 1.179 0.908419 0.0242 1.179 0.918898 0.0242 1.26292 0.907831 0.0242
1.26234 0.918818 0.0242 0.978785 0.0188409 0.0242 0.979075 -8.19451e-41 0.0242 0.978069
0.0379965 0.0242 0.959826 0.0184078 0.0242 0.959784 3.22558e-40 0.0242 0.959852 0.0274301
0.0242 0.968721 0.0371343 0.0242 0.957 0.039 0.0242 0.976569 0.0594563 0.0242
0.977209 0.048611 0.0242 0.976557 0.0814296 0.0242 0.976348 0.0703947 0.0242 0.977185
0.092522 0.0242 0.957 0.103 0.0242 0.957 0.0921156 0.0242 0.96701 0.0927832
0.0242 0.96871 0.104515 0.0242 0.959805 0.114419 0.0242 0.977194 0.18968 0.0242
0.957 0.182 0.0242 0.959932 0.170158 0.0242 0.96871 0.179386 0.0242 0.957
0.190389 0.0242 0.967015 0.189657 0.0242 0.976561 0.22953 0.0242 0.966184 0.199701
0.0242 0.965938 0.209747 0.0242 0.957 0.209777 0.0242 0.957 0.199754 0.0242
0.966195 0.229586 0.0242 0.967046 0.239239 0.0242 0.957 0.238538 0.0242 0.957
0.229619 0.0242 0.959751 0.258168 0.0242 0.957 0.246 0.0242 0.968807 0.248925
0.0242 0.969152 0.258696 0.0242 0.976293 0.360478 0.0242 0.976279 0.35053 0.0242
0.96875 0.321704 0.0242 0.967043 0.331241 0.0242 0.957 0.332003 0.0242 0.957
0.325 0.0242 0.966206 0.340723 0.0242 0.965949 0.350486 0.0242 0.957 0.350382
0.0242 0.957 0.340688 0.0242 0.976563 0.370596 0.0242 0.966193 0.370611 0.0242
0.967042 0.380814 0.0242 0.957 0.3801 0.0242 0.957 0.370533 0.0242 0.957
0.389 0.0242 0.968802 0.391269 0.0242 0.978308 0.467277 0.0242 0.959705 0.456715
0.0242 0.959952 0.44796 0.0242 0.959978 0.438623 0.0242 0.969144 0.456826 0.0242
0.96881 0.466457 0.0242 0.957 0.468 0.0242 0.977275 0.521894 0.0242 0.97659
0.510975 0.0242 0.967044 0.477842 0.0242 0.966205 0.488932 0.0242 0.957 0.488953
0.0242 0.957 0.478464 0.0242 0.966012 0.499999 0.0242 0.966206 0.511066 0.0242
0.957 0.511046 0.0242 0.957 0.5 0.0242 0.978317 0.532703 0.0242 0.959729
0.543222 0.0242 0.957 0.532 0.0242 0.968816 0.53353 0.0242 0.969164 0.543129
0.0242 0.960041 0.551846 0.0242 0.976294 0.639522 0.0242 0.976565 0.629402 0.0242
0.95972 0.599145 0.0242 0.969154 0.598998 0.0242 0.968812 0.60872 0.0242 0.957
0.611 0.0242 0.967045 0.619183 0.0242 0.966194 0.629388 0.0242 0.957 0.629467
0.0242 0.957 0.6199 0.0242 0.97628 0.649472 0.0242 0.96595 0.649515 0.0242
0.966206 0.659279 0.0242 0.957 0.659312 0.0242 0.957 0.649618 0.0242 0.967044
0.668764 0.0242 0.957 0.667997 0.0242 0.977276 0.760695 0.0242 0.978319 0.750873
0.0242 0.959863 0.720378 0.0242 0.969178 0.741168 0.0242 0.95978 0.741678 0.0242
0.976562 0.770464 0.0242 0.966196 0.770411 0.0242 0.967049 0.76075 0.0242 0.966184
0.8003 0.0242 0.967016 0.810345 0.0242 0.957 0.809611 0.0242 0.957 0.800246
0.0242 0.959919 0.877266 0.0242 0.96009 0.858641 0.0242 0.960035 0.839574 0.0242
0.978681 0.839858 0.0242 0.978666 0.877294 0.0242 0.978039 0.896611 0.0242 0.968713
0.895498 0.0242 0.957 0.897 0.0242 0.959858 0.885824 0.0242 0.966192 0.918513
0.0242 0.966 0.929653 0.0242 0.957 0.929706 0.0242 0.957 0.918582 0.0242
0.957 0.961 0.0242 0.968724 0.962863 0.0242 0.97808 0.961992 0.0242 0.978865
0.981082 0.0242 0.959985 0.981397 0.0242 0.959929 0.97247 0.0242 0.949991 0.0190974
0.0242 0.948856 0.039 0.0242 0.949804 0.0290865 0.0242 0.949912 0.122455 0.0242
0.949674 0.112719 0.0242 0.95005 0.17177 0.0242 0.950133 0.161327 0.0242 0.950118
0.256263 0.0242 0.949873 0.399042 0.0242 0.949091 0.389 0.0242 0.950085 0.448673
0.0242 0.950215 0.438945 0.0242 0.959994 0.829946 0.0242 0.95989 1 0.0242
0.950258 0.303304 0.0242 0.960004 0.312778 0.0242 0.950242 0.314387 0.0242 0.976272
0.780327 0.0242 0.965938 0.790253 0.0242 0.957 0.790223 0.0242 0.976538 0.800289
0.0242 0.976242 0.79028 0.0242 0.978044 0.820384 0.0242 0.977198 0.810328 0.0242
0.957 0.818 0.0242 0.968713 0.820619 0.0242 0.967011 0.907226 0.0242 0.957
0.907892 0.0242 0.97656 0.918579 0.0242 0.97719 0.907499 0.0242 0.976572 0.940544
0.0242 0.97635 0.929609 0.0242 0.967019 0.951631 0.0242 0.957 0.950999 0.0242
0.977214 0.951384 0.0242 0.979149 1 0.0242 0.948657 0.103 0.0242 0.949244
0.182 0.0242 0.949446 0.246 0.0242 0.957 0.754 0.0242 1.179 0.0495474
0.0242 1.16986 0.0595821 0.0242 1.179 0.0596812 0.0242 1.243 0.0596799 0.0242
1.25194 0.0596258 0.0242 1.05869 0.172838 0.0242 1.04785 0.182 0.0242 1.05885
0.182 0.0242 1.22199 0.172827 0.0242 1.21098 0.182 0.0242 1.22194 0.182
0.0242 1.179 0.209945 0.0242 1.17009 0.219597 0.0242 1.179 0.219645 0.0242
1.243 0.219643 0.0242 1.25189 0.219602 0.0242 1.04765 0.246 0.0242 1.05873
0.246 0.0242 1.21098 0.246 0.0242 1.22205 0.246 0.0242 1.05897 0.448642
0.0242 1.04748 0.458123 0.0242 1.05891 0.458886 0.0242 1.22169 0.448628 0.0242
1.21098 0.459053 0.0242 1.2218 0.458878 0.0242 1.179 0.489276 0.0242 1.17005
0.5 0.0242 1.179 0.5 0.0242 1.243 0.5 0.0242 1.25195 0.5
0.0242 1.04748 0.541877 0.0242 1.04826 0.532 0.0242 1.05891 0.541114 0.0242
1.05909 0.532 0.0242 1.21098 0.540947 0.0242 1.21101 0.532 0.0242 1.2218
0.541122 0.0242 1.22172 0.532 0.0242 1.05892 0.611 0.0242 1.22188 0.611
0.0242 1.06062 0.675 0.0242 1.0606 0.684433 0.0242 1.22211 0.675 0.0242
1.22212 0.684376 0.0242 1.179 0.770867 0.0242 1.17009 0.780403 0.0242 1.179
0.780355 0.0242 1.243 0.780357 0.0242 1.25189 0.780398 0.0242 1.05891 0.887886
0.0242 1.04835 0.897 0.0242 1.05915 0.897 0.0242 1.22175 0.88787 0.0242
1.21097 0.897 0.0242 1.2216 0.897 0.0242 1.179 0.929677 0.0242 1.16986
0.940419 0.0242 1.179 0.94032 0.0242 1.26218 0.929651 0.0242 1.25213 0.940418
0.0242 1.243 0.94032 0.0242 1.26236 0.940405 0.0242 1.05903 0.961 0.0242
1.05883 0.970124 0.0242 1.22177 0.961 0.0242 1.22187 0.970123 0.0242 1.1
0.238185 0.0242 1.1 0.761815 0.0242 1.05883 0.0298767 0.0242 1.05903 0.039
0.0242 1.22186 0.0298806 0.0242 1.22177 0.039 0.0242 1.036 0.0598571 0.0242
1.02687 0.0597115 0.0242 1.1 0.0492555 0.0242 1.10917 0.0594331 0.0242 1.1
0.0594614 0.0242 1.1 0.0702895 0.0242 1.179 0.070323 0.0242 1.04835 0.103
0.0242 1.05891 0.112114 0.0242 1.05915 0.103 0.0242 1.06998 0.103 0.0242
1.21097 0.103 0.0242 1.22174 0.112118 0.0242 1.2216 0.103 0.0242 1.23189
0.103 0.0242 1.07002 0.182 0.0242 1.23238 0.182 0.0242 1.036 0.219572
0.0242 1.02711 0.219542 0.0242 1.1 0.209852 0.0242 1.10892 0.219662 0.0242
1.1 0.219727 0.0242 1.1 0.229376 0.0242 1.179 0.229133 0.0242 1.07001
0.246 0.0242 1.23255 0.246 0.0242 1.0606 0.315567 0.0242 1.06062 0.325
0.0242 1.22212 0.315624 0.0242 1.22211 0.325 0.0242 1.05892 0.389 0.0242
1.22188 0.389 0.0242 1.06987 0.459056 0.0242 1.04826 0.468 0.0242 1.05909
0.468 0.0242 1.06999 0.468 0.0242 1.23277 0.458115 0.0242 1.21101 0.468
0.0242 1.22172 0.468 0.0242 1.23201 0.468 0.0242 1.036 0.5 0.0242
1.02706 0.5 0.0242 1.1 0.489116 0.0242 1.10898 0.5 0.0242 1.1
0.5 0.0242 1.1 0.510884 0.0242 1.179 0.510724 0.0242 1.06999 0.532
0.0242 1.06987 0.540944 0.0242 1.05897 0.551357 0.0242 1.23201 0.532 0.0242
1.23277 0.541885 0.0242 1.22169 0.551372 0.0242 1.04765 0.754 0.0242 1.05873
0.754 0.0242 1.07001 0.754 0.0242 1.21098 0.754 0.0242 1.22205 0.754
0.0242 1.23255 0.754 0.0242 1.036 0.780428 0.0242 1.02711 0.780458 0.0242
1.1 0.770624 0.0242 1.10892 0.780338 0.0242 1.1 0.780273 0.0242 1.1
0.790148 0.0242 1.179 0.790055 0.0242 1.04785 0.818 0.0242 1.05869 0.827162
0.0242 1.05885 0.818 0.0242 1.07002 0.818 0.0242 1.21098 0.818 0.0242
1.222 0.827171 0.0242 1.22194 0.818 0.0242 1.23238 0.818 0.0242 1.06998
0.897 0.0242 1.23189 0.897 0.0242 1.036 0.940143 0.0242 1.02687 0.940288
0.0242 1.1 0.92971 0.0242 1.10917 0.940567 0.0242 1.1 0.940538 0.0242
1.1 0.950745 0.0242 1.179 0.950453 0.0242 1.26291 0.951151 0.0242 0.957
0.0490013 0.0242 0.967018 0.0483675 0.0242 0.966196 0.0593252 0.0242 0.957 0.0593056
0.0242 0.957 0.0702956 0.0242 0.966 0.0703499 0.0242 0.966191 0.081493 0.0242
0.957 0.0814215 0.0242 0.965945 0.219736 0.0242 0.957 0.219814 0.0242 0.965949
0.360472 0.0242 0.957 0.360414 0.0242 0.967045 0.522153 0.0242 0.957 0.521535
0.0242 0.965949 0.639528 0.0242 0.957 0.639586 0.0242 0.968814 0.751036 0.0242
0.957 0.761462 0.0242 0.957 0.770381 0.0242 0.965945 0.780263 0.0242 0.957
0.780186 0.0242 0.966197 0.940675 0.0242 0.957 0.940695 0.0242 0.94954 0.325
0.0242 1.26292 0.239021 0.0242 1.26372 0.248934 0.0242 1.26372 0.751066 0.0242
1.26292 0.760979 0.0242 1.26297 0.11248 0.0242 1.26293 0.102432 0.0242 1.28173
0.101821 0.0242 1.28163 0.121722 0.0242 1.28183 0.160363 0.0242 1.28205 0.179962
0.0242 1.26234 0.199974 0.0242 1.26292 0.189997 0.0242 1.28217 0.199875 0.0242
1.28214 0.239348 0.0242 1.28197 0.259395 0.0242 1.28181 0.280047 0.0242 1.26235
0.341031 0.0242 1.26293 0.331429 0.0242 1.28206 0.321115 0.0242 1.28218 0.340802
0.0242 1.26209 0.360442 0.0242 1.26209 0.350676 0.0242 1.28219 0.36048 0.0242
1.2629 0.380492 0.0242 1.26234 0.370375 0.0242 1.28213 0.380469 0.0242 1.2637
0.390777 0.0242 1.28195 0.400385 0.0242 1.28172 0.438854 0.0242 1.28193 0.458253
0.0242 1.2629 0.478313 0.0242 1.26367 0.467406 0.0242 1.28213 0.478761 0.0242
1.26367 0.532594 0.0242 1.2629 0.521687 0.0242 1.28213 0.521239 0.0242 1.28193
0.541747 0.0242 1.28172 0.561146 0.0242 1.2629 0.619508 0.0242 1.2637 0.609223
0.0242 1.28195 0.599615 0.0242 1.28213 0.619531 0.0242 1.26209 0.639558 0.0242
1.26234 0.629625 0.0242 1.28219 0.63952 0.0242 1.26235 0.658969 0.0242 1.26209
0.649324 0.0242 1.28218 0.659198 0.0242 1.26293 0.668571 0.0242 1.28206 0.678885
0.0242 1.28181 0.719953 0.0242 1.28197 0.740605 0.0242 1.28214 0.760652 0.0242
1.28218 0.800122 0.0242 1.28207 0.820022 0.0242 1.28191 0.839568 0.0242 1.28198
0.877918 0.0242 1.28212 0.897793 0.0242 1.28218 0.919004 0.0242 1.28204 0.961137
0.0242 1.28178 0.980811 0.0242 1.28162 1 0.0242 1.26181 0.0808371 0.0242
1.26229 0.0915977 0.0242 1.28183 0.140943 0.0242 1.26209 0.219589 0.0242 1.26209
0.209829 0.0242 1.28219 0.219654 0.0242 1.26235 0.229282 0.0242 1.28185 0.300954
0.0242 1.28174 0.419768 0.0242 1.2622 0.5 0.0242 1.26238 0.489179 0.0242
1.28219 0.5 0.0242 1.26238 0.510821 0.0242 1.28174 0.580232 0.0242 1.28185
0.699046 0.0242 1.26209 0.780411 0.0242 1.26235 0.770718 0.0242 1.28219 0.780346
0.0242 1.26209 0.79017 0.0242 1.28208 0.858803 0.0242 1.28217 0.940276 0.0242
1.26232 0.0491384 0.0242 1.26183 0.0597092 0.0242 1.26168 0.0702409 0.0242 1.57908
0.0189537 0.0242 1.56012 0.0188764 0.0242 1.56029 -8.10634e-38 0.0242 1.57963 -1.05363e-36
0.0242 1.57834 0.0386803 0.0242 1.57846 0.0491012 0.0242 1.57868 0.0596769 0.0242
1.55877 0.0596675 0.0242 1.55974 0.0384773 0.0242 1.57875 0.080893 0.0242 1.57818
0.102872 0.0242 1.55965 0.102957 0.0242 1.55875 0.081285 0.0242 1.56004 0.160554
0.0242 1.56036 0.141714 0.0242 1.56003 0.122744 0.0242 1.5787 0.122816 0.0242
1.59798 0.123167 0.0242 1.59881 0.141503 0.0242 1.59793 0.160227 0.0242 1.57869
0.160196 0.0242 1.57818 0.17988 0.0242 1.55964 0.179904 0.0242 1.59639 0.608913
0.0242 1.59686 0.599151 0.0242 1.6066 0.599161 0.0242 1.608 0.611 0.0242
1.608 0.640904 0.0242 1.608 0.651759 0.0242 1.59925 0.651798 0.0242 1.59919
0.640975 0.0242 1.61461 0.675 0.0242 1.61148 0.687709 0.0242 1.60109 0.688865
0.0242 1.60084 0.679675 0.0242 1.608 0.762261 0.0242 1.608 0.770962 0.0242
1.59891 0.77084 0.0242 1.59814 0.761271 0.0242 1.59811 0.809743 0.0242 1.59892
0.799833 0.0242 1.608 0.799643 0.0242 1.608 0.808801 0.0242 1.59716 0.886102
0.0242 1.59799 0.876834 0.0242 1.60826 0.876955 0.0242 1.607 0.885819 0.0242
1.608 0.919052 0.0242 1.608 0.92971 0.0242 1.59907 0.929684 0.0242 1.59891
0.918904 0.0242 1.608 0.961 0.0242 1.607 0.97245 0.0242 1.59723 0.972266
0.0242 1.59665 0.962553 0.0242 1.60865 0.552069 0.0242 1.60939 0.5615 0.0242
1.59897 0.561673 0.0242 1.59834 0.552248 0.0242 1.608 0.630496 0.0242 1.59894
0.630439 0.0242 1.608 0.675 0.0242 1.59919 0.673482 0.0242 1.608 0.754
0.0242 1.59644 0.751235 0.0242 1.60692 0.82992 0.0242 1.60818 0.839583 0.0242
1.59793 0.839773 0.0242 1.59711 0.830058 0.0242 1.608 0.90858 0.0242 1.59811
0.907682 0.0242 1.59945 1.81688e-37 0.0242 1.59811 0.0183213 0.0242 1.58767 0.0382962
0.0242 1.59723 0.027734 0.0242 1.59665 0.0374467 0.0242 1.58825 0.0489616 0.0242
1.59815 0.0488536 0.0242 1.57878 0.0702946 0.0242 1.58885 0.0807993 0.0242 1.58887
0.0702661 0.0242 1.59907 0.0703159 0.0242 1.59891 0.0810953 0.0242 1.59811 0.0923186
0.0242 1.59651 0.104321 0.0242 1.59716 0.113898 0.0242 1.59711 0.169942 0.0242
1.59651 0.179676 0.0242 1.57879 0.199884 0.0242 1.5587 0.199799 0.0242 1.58889
0.19999 0.0242 1.5981 0.190258 0.0242 1.59892 0.200168 0.0242 1.5981 0.619943
0.0242 1.608 0.620805 0.0242 1.59921 0.662781 0.0242 1.608 0.662991 0.0242
1.59913 0.780415 0.0242 1.608 0.780384 0.0242 1.608 0.790006 0.0242 1.59914
0.790074 0.0242 1.59651 0.820324 0.0242 1.608 0.818 0.0242 1.59651 0.895679
0.0242 1.608 0.897 0.0242 1.59815 0.951146 0.0242 1.608 0.950305 0.0242
1.6083 0.981605 0.0242 1.59811 0.981679 0.0242 1.59735 0.542988 0.0242 1.6071
0.543254 0.0242 1.59696 0.741316 0.0242 1.60658 0.74181 0.0242 1.34147 0.0196217
0.0242 1.33089 0.0190361 0.0242 1.32044 0.0183705 0.0242 1.321 6.86757e-38 0.0242
1.34171 8.34889e-36 0.0242 1.36294 5.36548e-35 0.0242 1.38425 1.24471e-33 0.0242 1.3856
0.0183145 0.0242 1.37439 0.0190497 0.0242 1.36315 0.0196437 0.0242 1.40438 1.35764e-33
0.0242 1.42378 -1.70943e-34 0.0242 1.42425 0.0189884 0.0242 1.40549 0.0184307 0.0242
1.46224 0.0183607 0.0242 1.44322 0.0187936 0.0242 1.44294 -4.66757e-34 0.0242 1.46229
-2.05064e-34 0.0242 1.48181 3.11044e-37 0.0242 1.50142 -2.56833e-39 0.0242 1.50134 0.0198958
0.0242 1.49155 0.0198925 0.0242 1.48183 0.0196383 0.0242 1.54104 0.0181544 0.0242
1.53121 0.0181948 0.0242 1.52114 0.0190456 0.0242 1.52115 3.78832e-39 0.0242 1.54086
5.80896e-38 0.0242 1.42492 0.0387019 0.0242 1.4252 0.0597294 0.0242 1.40534 0.059683
0.0242 1.40582 0.048937 0.0242 1.40632 0.038176 0.0242 1.45328 0.0371292 0.0242
1.45498 0.0483617 0.0242 1.44479 0.0486016 0.0242 1.44393 0.0379801 0.0242 1.40536
0.0811794 0.0242 1.42522 0.081193 0.0242 1.42496 0.102568 0.0242 1.40646 0.103142
0.0242 1.40587 0.0921491 0.0242 1.45581 0.0814943 0.0242 1.45499 0.092785 0.0242
1.44481 0.0925167 0.0242 1.44545 0.0814277 0.0242 1.33098 0.122926 0.0242 1.34154
0.122379 0.0242 1.34163 0.142337 0.0242 1.32079 0.142224 0.0242 1.32048 0.12355
0.0242 1.37436 0.122888 0.0242 1.38561 0.123542 0.0242 1.38482 0.142178 0.0242
1.36311 0.142326 0.0242 1.36313 0.122347 0.0242 1.44293 0.141881 0.0242 1.44329
0.160738 0.0242 1.42446 0.160516 0.0242 1.40538 0.160817 0.0242 1.40507 0.141896
0.0242 1.40533 0.122799 0.0242 1.42446 0.122688 0.0242 1.44333 0.122869 0.0242
1.46231 0.123575 0.0242 1.46231 0.142179 0.0242 1.49158 0.122111 0.0242 1.5013
0.122116 0.0242 1.5014 0.14235 0.0242 1.48179 0.142333 0.0242 1.4819 0.122369
0.0242 1.53115 0.123677 0.0242 1.541 0.123634 0.0242 1.5409 0.141995 0.0242
1.52117 0.142256 0.0242 1.52104 0.122908 0.0242 1.33076 0.161861 0.0242 1.33059
0.172008 0.0242 1.31978 0.170318 0.0242 1.32034 0.161038 0.0242 1.36328 0.162516
0.0242 1.37458 0.161911 0.0242 1.37486 0.172028 0.0242 1.36328 0.172838 0.0242
1.42497 0.180036 0.0242 1.40646 0.179968 0.0242 1.46215 0.161075 0.0242 1.46208
0.17033 0.0242 1.465 0.182 0.0242 1.45328 0.179399 0.0242 1.44395 0.179695
0.0242 1.48168 0.162511 0.0242 1.4915 0.162801 0.0242 1.49145 0.173078 0.0242
1.48164 0.172833 0.0242 1.53131 0.160854 0.0242 1.53148 0.170278 0.0242 1.52129
0.171994 0.0242 1.52131 0.161828 0.0242 1.42523 0.199866 0.0242 1.42525 0.219595
0.0242 1.4051 0.219534 0.0242 1.4051 0.209867 0.0242 1.40534 0.200082 0.0242
1.45582 0.199701 0.0242 1.45606 0.209747 0.0242 1.44576 0.209722 0.0242 1.44546
0.199721 0.0242 1.57886 0.209774 0.0242 1.57884 0.219585 0.0242 1.55854 0.219629
0.0242 1.40583 0.238876 0.0242 1.42508 0.239244 0.0242 1.42457 0.259199 0.0242
1.40627 0.258799 0.0242 1.4065 0.248814 0.0242 1.45495 0.239239 0.0242 1.45319
0.248912 0.0242 1.44369 0.249068 0.0242 1.44473 0.239282 0.0242 1.55906 0.239309
0.0242 1.57865 0.239216 0.0242 1.57869 0.259234 0.0242 1.5599 0.259256 0.0242
1.34121 0.279097 0.0242 1.34067 0.304621 0.0242 1.33032 0.304154 0.0242 1.32007
0.303019 0.0242 1.32045 0.279774 0.0242 1.38436 0.2796 0.0242 1.38196 0.302811
0.0242 1.37166 0.304014 0.0242 1.36142 0.30455 0.0242 1.36265 0.279048 0.0242
1.4429 0.301416 0.0242 1.44379 0.321317 0.0242 1.42386 0.320104 0.0242 1.40346
0.319254 0.0242 1.4032 0.300532 0.0242 1.40442 0.279608 0.0242 1.42394 0.279585
0.0242 1.44302 0.279922 0.0242 1.46222 0.279772 0.0242 1.46201 0.303053 0.0242
1.50143 0.278994 0.0242 1.50143 0.304987 0.0242 1.49144 0.305211 0.0242 1.48155
0.304705 0.0242 1.48165 0.279107 0.0242 1.54097 0.279845 0.0242 1.5412 0.30224
0.0242 1.53141 0.303 0.0242 1.52144 0.303957 0.0242 1.52132 0.279285 0.0242
1.42471 0.339622 0.0242 1.40458 0.337981 0.0242 1.40426 0.327865 0.0242 1.45325
0.321714 0.0242 1.45496 0.331243 0.0242 1.44472 0.331083 0.0242 1.56021 0.320947
0.0242 1.58024 0.320135 0.0242 1.57937 0.33904 0.0242 1.55898 0.340374 0.0242
1.40492 0.359092 0.0242 1.42508 0.359868 0.0242 1.42509 0.380293 0.0242 1.40579
0.380041 0.0242 1.40524 0.369559 0.0242 1.45605 0.360473 0.0242 1.45581 0.370614
0.0242 1.44544 0.370599 0.0242 1.44571 0.36048 0.0242 1.55863 0.360233 0.0242
1.57899 0.359511 0.0242 1.57859 0.380042 0.0242 1.55903 0.38038 0.0242 1.33065
0.398958 0.0242 1.34125 0.398109 0.0242 1.34157 0.418671 0.0242 1.32068 0.419565
0.0242 1.31987 0.400759 0.0242 1.37485 0.398941 0.0242 1.38721 0.400721 0.0242
1.38521 0.419475 0.0242 1.36316 0.418648 0.0242 1.36324 0.398099 0.0242 1.44284
0.419643 0.0242 1.44305 0.438286 0.0242 1.4241 0.438193 0.0242 1.40496 0.438267
0.0242 1.40538 0.419566 0.0242 1.40639 0.400552 0.0242 1.42481 0.400475 0.0242
1.44332 0.400768 0.0242 1.45289 0.400929 0.0242 1.46233 0.400753 0.0242 1.46225
0.4195 0.0242 1.49147 0.397842 0.0242 1.50133 0.397857 0.0242 1.50138 0.418458
0.0242 1.48175 0.418616 0.0242 1.48173 0.398103 0.0242 1.53145 0.400796 0.0242
1.54102 0.400867 0.0242 1.54077 0.419521 0.0242 1.52112 0.41891 0.0242 1.52118
0.398964 0.0242 1.33104 0.438317 0.0242 1.33097 0.448156 0.0242 1.32052 0.447544
0.0242 1.32075 0.438156 0.0242 1.36292 0.438563 0.0242 1.37379 0.438289 0.0242
1.37411 0.448153 0.0242 1.363 0.448639 0.0242 1.42459 0.457883 0.0242 1.40622
0.457267 0.0242 1.46219 0.438088 0.0242 1.4622 0.447514 0.0242 1.46235 0.456536
0.0242 1.45289 0.456699 0.0242 1.44332 0.457196 0.0242 1.48179 0.438578 0.0242
1.49156 0.438749 0.0242 1.49156 0.448872 0.0242 1.48184 0.448642 0.0242 1.54099
0.456582 0.0242 1.53137 0.456334 0.0242 1.52094 0.458111 0.0242 1.52105 0.448404
0.0242 1.52108 0.438523 0.0242 1.54075 0.438174 0.0242 1.56005 0.438531 0.0242
1.57921 0.438661 0.0242 1.57865 0.458067 0.0242 1.55982 0.457918 0.0242 1.42506
0.478584 0.0242 1.4252 0.5 0.0242 1.40518 0.5 0.0242 1.40533 0.489243
0.0242 1.4058 0.478368 0.0242 1.45496 0.477827 0.0242 1.4558 0.488926 0.0242
1.44541 0.489012 0.0242 1.44473 0.47807 0.0242 1.57865 0.478921 0.0242 1.57875
0.489416 0.0242 1.57879 0.500005 0.0242 1.55863 0.500006 0.0242 1.55906 0.478578
0.0242 1.4058 0.521632 0.0242 1.42506 0.521416 0.0242 1.42459 0.542117 0.0242
1.40622 0.542733 0.0242 1.40646 0.532599 0.0242 1.45496 0.522173 0.0242 1.4532
0.533581 0.0242 1.4437 0.53278 0.0242 1.44473 0.52193 0.0242 1.55907 0.521444
0.0242 1.57865 0.521101 0.0242 1.57866 0.542034 0.0242 1.55984 0.542135 0.0242
1.33104 0.561683 0.0242 1.34151 0.561434 0.0242 1.34157 0.581329 0.0242 1.32068
0.580435 0.0242 1.32075 0.561844 0.0242 1.37379 0.561711 0.0242 1.38457 0.561922
0.0242 1.38521 0.580525 0.0242 1.36316 0.581352 0.0242 1.36292 0.561437 0.0242
1.44284 0.580357 0.0242 1.44332 0.599232 0.0242 1.42481 0.599525 0.0242 1.40639
0.599448 0.0242 1.40538 0.580434 0.0242 1.40496 0.561733 0.0242 1.4241 0.561807
0.0242 1.44305 0.561714 0.0242 1.46219 0.561912 0.0242 1.46225 0.580501 0.0242
1.49156 0.561252 0.0242 1.50135 0.561243 0.0242 1.50138 0.581544 0.0242 1.48176
0.581384 0.0242 1.48179 0.561422 0.0242 1.54079 0.561859 0.0242 1.54085 0.580495
0.0242 1.52114 0.581096 0.0242 1.5211 0.561483 0.0242 1.55981 0.599665 0.0242
1.56032 0.580464 0.0242 1.56013 0.561579 0.0242 1.57924 0.561698 0.0242 1.5986
0.580271 0.0242 1.57829 0.599563 0.0242 1.33065 0.601043 0.0242 1.33134 0.611
0.0242 1.322 0.611 0.0242 1.31987 0.599241 0.0242 1.36324 0.601901 0.0242
1.37485 0.601058 0.0242 1.37401 0.611 0.0242 1.36304 0.611 0.0242 1.42509
0.619707 0.0242 1.40579 0.619959 0.0242 1.40652 0.609453 0.0242 1.45289 0.599071
0.0242 1.4532 0.608738 0.0242 1.4437 0.609066 0.0242 1.48173 0.601898 0.0242
1.49147 0.602158 0.0242 1.49142 0.611 0.0242 1.48174 0.611 0.0242 1.53145
0.599204 0.0242 1.529 0.611 0.0242 1.5204 0.611 0.0242 1.52119 0.601037
0.0242 1.57853 0.619904 0.0242 1.55902 0.619599 0.0242 1.40492 0.640908 0.0242
1.42508 0.640132 0.0242 1.4247 0.660378 0.0242 1.40458 0.662019 0.0242 1.40474
0.651522 0.0242 1.45605 0.639527 0.0242 1.45605 0.649514 0.0242 1.44573 0.649468
0.0242 1.44571 0.63952 0.0242 1.55862 0.639759 0.0242 1.57898 0.640474 0.0242
1.57937 0.660956 0.0242 1.55898 0.659623 0.0242 1.33019 0.685208 0.0242 1.31962
0.686959 0.0242 1.322 0.675 0.0242 1.33085 0.675 0.0242 1.36133 0.675
0.0242 1.37098 0.675 0.0242 1.37156 0.685263 0.0242 1.36135 0.684434 0.0242
1.4429 0.698584 0.0242 1.44302 0.720078 0.0242 1.42394 0.720415 0.0242 1.40442
0.720392 0.0242 1.4032 0.699468 0.0242 1.40346 0.680746 0.0242 1.42386 0.679896
0.0242 1.44379 0.678683 0.0242 1.45325 0.678286 0.0242 1.465 0.675 0.0242
1.46199 0.686943 0.0242 1.46201 0.696947 0.0242 1.48143 0.675 0.0242 1.49131
0.675 0.0242 1.49138 0.684093 0.0242 1.48147 0.684369 0.0242 1.52081 0.675
0.0242 1.529 0.675 0.0242 1.53154 0.687052 0.0242 1.52148 0.685247 0.0242
1.60093 0.698921 0.0242 1.58034 0.699594 0.0242 1.58024 0.679863 0.0242 1.34112
0.744711 0.0242 1.33047 0.74391 0.0242 1.31981 0.741924 0.0242 1.32045 0.720226
0.0242 1.34121 0.720903 0.0242 1.36265 0.720952 0.0242 1.38436 0.720401 0.0242
1.38723 0.741959 0.0242 1.37506 0.743925 0.0242 1.36337 0.74472 0.0242 1.42457
0.740801 0.0242 1.40627 0.741201 0.0242 1.46225 0.741924 0.0242 1.45285 0.74136
0.0242 1.4433 0.741017 0.0242 1.46222 0.720228 0.0242 1.48165 0.720893 0.0242
1.50143 0.721006 0.0242 1.5014 0.74497 0.0242 1.49139 0.745063 0.0242 1.48153
0.744719 0.0242 1.54108 0.741381 0.0242 1.53153 0.741963 0.0242 1.52142 0.743828
0.0242 1.52132 0.720715 0.0242 1.54097 0.720154 0.0242 1.56032 0.720093 0.0242
1.57963 0.720246 0.0242 1.57871 0.740758 0.0242 1.55992 0.740739 0.0242 1.42508
0.760756 0.0242 1.42525 0.780405 0.0242 1.4051 0.780466 0.0242 1.40533 0.770843
0.0242 1.40583 0.761124 0.0242 1.45495 0.760761 0.0242 1.4558 0.770412 0.0242
1.44544 0.770471 0.0242 1.44473 0.760718 0.0242 1.57869 0.760767 0.0242 1.57879
0.770618 0.0242 1.57888 0.780404 0.0242 1.55856 0.780367 0.0242 1.55908 0.760685
0.0242 1.40534 0.799918 0.0242 1.42523 0.800134 0.0242 1.42497 0.819964 0.0242
1.40646 0.820032 0.0242 1.40587 0.809866 0.0242 1.45582 0.800299 0.0242 1.45498
0.810339 0.0242 1.4448 0.810299 0.0242 1.44546 0.800279 0.0242 1.55872 0.800199
0.0242 1.57883 0.800112 0.0242 1.5782 0.820119 0.0242 1.55965 0.820094 0.0242
1.33076 0.838136 0.0242 1.34138 0.837508 0.0242 1.34163 0.857654 0.0242 1.3208
0.857761 0.0242 1.32034 0.838959 0.0242 1.37458 0.838089 0.0242 1.38576 0.838889
0.0242 1.38481 0.857818 0.0242 1.36311 0.857668 0.0242 1.36328 0.837483 0.0242
1.44293 0.858113 0.0242 1.44332 0.877127 0.0242 1.42446 0.877308 0.0242 1.40533
0.877198 0.0242 1.40507 0.858102 0.0242 1.40538 0.839181 0.0242 1.42446 0.839483
0.0242 1.44329 0.83926 0.0242 1.46215 0.838924 0.0242 1.46231 0.857815 0.0242
1.4915 0.837199 0.0242 1.5014 0.83722 0.0242 1.5014 0.857644 0.0242 1.48179
0.85766 0.0242 1.48168 0.837489 0.0242 1.53131 0.839145 0.0242 1.5411 0.839425
0.0242 1.54091 0.858003 0.0242 1.52117 0.85774 0.0242 1.52131 0.838172 0.0242
1.56003 0.877261 0.0242 1.56037 0.858286 0.0242 1.56005 0.839444 0.0242 1.5787
0.839803 0.0242 1.59881 0.858498 0.0242 1.57872 0.877193 0.0242 1.36313 0.877652
0.0242 1.37436 0.87711 0.0242 1.37452 0.887098 0.0242 1.36306 0.887882 0.0242
1.42495 0.89743 0.0242 1.40645 0.896858 0.0242 1.4623 0.876422 0.0242 1.46222
0.885435 0.0242 1.465 0.897 0.0242 1.45328 0.895489 0.0242 1.44396 0.896581
0.0242 1.4819 0.877629 0.0242 1.49158 0.877887 0.0242 1.49156 0.888104 0.0242
1.48197 0.887866 0.0242 1.53115 0.876322 0.0242 1.53134 0.885518 0.0242 1.52088
0.8871 0.0242 1.52104 0.877091 0.0242 1.57819 0.897135 0.0242 1.55965 0.897047
0.0242 1.42521 0.918806 0.0242 1.42519 0.940269 0.0242 1.40533 0.940316 0.0242
1.40519 0.929613 0.0242 1.40536 0.91882 0.0242 1.45581 0.918506 0.0242 1.456
0.929651 0.0242 1.44565 0.929608 0.0242 1.44544 0.918572 0.0242 1.57875 0.919109
0.0242 1.57878 0.929707 0.0242 1.57868 0.940324 0.0242 1.55877 0.940334 0.0242
1.55875 0.918718 0.0242 1.36293 0.961 0.0242 1.37381 0.961 0.0242 1.37461
0.97091 0.0242 1.36312 0.970123 0.0242 1.40631 0.961823 0.0242 1.4249 0.961297
0.0242 1.42422 0.981012 0.0242 1.40546 0.981569 0.0242 1.40604 0.971883 0.0242
1.44322 0.981205 0.0242 1.44393 0.962019 0.0242 1.45328 0.96287 0.0242 1.465
0.961 0.0242 1.46217 0.97259 0.0242 1.46223 0.981639 0.0242 1.48191 0.961
0.0242 1.49148 0.961 0.0242 1.49152 0.969896 0.0242 1.48185 0.970133 0.0242
1.52014 0.961 0.0242 1.529 0.961 0.0242 1.53139 0.972555 0.0242 1.52103
0.970927 0.0242 1.55974 0.961523 0.0242 1.57834 0.96132 0.0242 1.57908 0.981046
0.0242 1.56012 0.981124 0.0242 1.35218 0.0198073 0.0242 1.33081 0.0290605 0.0242
1.33158 0.039 0.0242 1.322 0.039 0.0242 1.31987 0.0274024 0.0242 1.36293
0.039 0.0242 1.35196 0.039 0.0242 1.35209 0.0300519 0.0242 1.36313 0.0298767
0.0242 1.3958 0.0181719 0.0242 1.37461 0.0290894 0.0242 1.37381 0.039 0.0242
1.39731 0.037449 0.0242 1.39656 0.0277518 0.0242 1.40606 0.0281152 0.0242 1.4721
0.0190324 0.0242 1.46217 0.0274097 0.0242 1.465 0.039 0.0242 1.48191 0.039
0.0242 1.47311 0.039 0.0242 1.47222 0.0290587 0.0242 1.48185 0.0298663 0.0242
1.52103 0.0290738 0.0242 1.53139 0.027445 0.0242 1.529 0.039 0.0242 1.52014
0.039 0.0242 1.54082 0.0371829 0.0242 1.54109 0.0275595 0.0242 1.33096 0.112924
0.0242 1.31992 0.114571 0.0242 1.3522 0.122186 0.0242 1.35211 0.111944 0.0242
1.36306 0.112117 0.0242 1.39591 0.0922157 0.0242 1.39513 0.0810845 0.0242 1.37452
0.112901 0.0242 1.387 0.114558 0.0242 1.386 0.103 0.0242 1.39756 0.104255
0.0242 1.44396 0.103418 0.0242 1.45328 0.104511 0.0242 1.465 0.103 0.0242
1.46222 0.114565 0.0242 1.47219 0.122938 0.0242 1.47236 0.112929 0.0242 1.48197
0.112133 0.0242 1.5408 0.104525 0.0242 1.53897 0.0927294 0.0242 1.53812 0.0814355
0.0242 1.52088 0.112899 0.0242 1.53134 0.114481 0.0242 1.54106 0.114228 0.0242
1.35209 0.173023 0.0242 1.3522 0.162711 0.0242 1.39753 0.179641 0.0242 1.386
0.182 0.0242 1.38712 0.170336 0.0242 1.38576 0.16111 0.0242 1.39513 0.200242
0.0242 1.39591 0.1903 0.0242 1.40587 0.190134 0.0242 1.47196 0.172008 0.0242
1.47193 0.161872 0.0242 1.4448 0.189701 0.0242 1.45498 0.189661 0.0242 1.54082
0.179582 0.0242 1.54114 0.170091 0.0242 1.5411 0.160574 0.0242 1.53811 0.199792
0.0242 1.53898 0.189792 0.0242 1.31981 0.258076 0.0242 1.33047 0.25609 0.0242
1.34112 0.255289 0.0242 1.35207 0.254991 0.0242 1.36337 0.25528 0.0242 1.39739
0.248704 0.0242 1.39587 0.238613 0.0242 1.37506 0.256075 0.0242 1.38723 0.258041
0.0242 1.39697 0.258503 0.0242 1.4433 0.258983 0.0242 1.45285 0.25864 0.0242
1.46225 0.258076 0.0242 1.47187 0.256091 0.0242 1.48153 0.255281 0.0242 1.54108
0.258618 0.0242 1.54085 0.248849 0.0242 1.53899 0.239117 0.0242 1.52142 0.256172
0.0242 1.53153 0.258037 0.0242 1.56031 0.279904 0.0242 1.39465 0.326681 0.0242
1.39282 0.319975 0.0242 1.39482 0.359014 0.0242 1.39474 0.348307 0.0242 1.40474
0.348478 0.0242 1.44573 0.350532 0.0242 1.45605 0.350486 0.0242 1.53813 0.340832
0.0242 1.53899 0.331445 0.0242 1.54085 0.321978 0.0242 1.53787 0.360439 0.0242
1.53785 0.35052 0.0242 1.322 0.389 0.0242 1.33134 0.389 0.0242 1.35207
0.397892 0.0242 1.35193 0.389 0.0242 1.36304 0.389 0.0242 1.39508 0.369489
0.0242 1.37401 0.389 0.0242 1.397 0.400763 0.0242 1.39741 0.390966 0.0242
1.40652 0.390547 0.0242 1.4437 0.390934 0.0242 1.4532 0.391262 0.0242 1.47212
0.39896 0.0242 1.47288 0.389 0.0242 1.48174 0.389 0.0242 1.53898 0.380729
0.0242 1.53809 0.370536 0.0242 1.5204 0.389 0.0242 1.529 0.389 0.0242
1.55979 0.400299 0.0242 1.54084 0.391281 0.0242 1.35213 0.448787 0.0242 1.35212
0.438663 0.0242 1.39682 0.456767 0.0242 1.38688 0.456538 0.0242 1.38529 0.447514
0.0242 1.38457 0.438078 0.0242 1.39585 0.478354 0.0242 1.39737 0.4666 0.0242
1.40646 0.467401 0.0242 1.4721 0.448141 0.0242 1.47201 0.438289 0.0242 1.4437
0.46722 0.0242 1.4532 0.466419 0.0242 1.53898 0.477862 0.0242 1.54084 0.466259
0.0242 1.33097 0.551844 0.0242 1.32052 0.552456 0.0242 1.35212 0.561337 0.0242
1.35213 0.551213 0.0242 1.363 0.551361 0.0242 1.39737 0.5334 0.0242 1.39585
0.521646 0.0242 1.37411 0.551847 0.0242 1.38529 0.552486 0.0242 1.38688 0.543462
0.0242 1.39682 0.543233 0.0242 1.44332 0.542804 0.0242 1.45289 0.543301 0.0242
1.46235 0.543464 0.0242 1.4622 0.552486 0.0242 1.47201 0.561711 0.0242 1.4721
0.551859 0.0242 1.48184 0.551358 0.0242 1.54099 0.543426 0.0242 1.54084 0.533743
0.0242 1.53898 0.522139 0.0242 1.52105 0.551599 0.0242 1.52094 0.54189 0.0242
1.53137 0.543669 0.0242 1.35193 0.611 0.0242 1.35207 0.602108 0.0242 1.39741
0.609034 0.0242 1.397 0.599237 0.0242 1.39482 0.640986 0.0242 1.39508 0.630511
0.0242 1.40524 0.630442 0.0242 1.47288 0.611 0.0242 1.47212 0.60104 0.0242
1.44544 0.629401 0.0242 1.45581 0.629386 0.0242 1.53898 0.619271 0.0242 1.54084
0.608718 0.0242 1.54103 0.599131 0.0242 1.53787 0.63956 0.0242 1.53809 0.629464
0.0242 1.39474 0.651693 0.0242 1.39282 0.680025 0.0242 1.39465 0.673319 0.0242
1.40426 0.672135 0.0242 1.44472 0.668917 0.0242 1.45496 0.668757 0.0242 1.53813
0.659168 0.0242 1.53785 0.649479 0.0242 1.56021 0.679052 0.0242 1.54085 0.678022
0.0242 1.53899 0.668555 0.0242 1.35207 0.745009 0.0242 1.39697 0.741497 0.0242
1.39587 0.761387 0.0242 1.39739 0.751296 0.0242 1.4065 0.751186 0.0242 1.47187
0.743909 0.0242 1.44369 0.750932 0.0242 1.45319 0.751088 0.0242 1.53899 0.760883
0.0242 1.54085 0.751151 0.0242 1.33059 0.827991 0.0242 1.31978 0.829681 0.0242
1.3522 0.837288 0.0242 1.35209 0.826976 0.0242 1.36328 0.827162 0.0242 1.39591
0.8097 0.0242 1.39513 0.799758 0.0242 1.37486 0.827972 0.0242 1.38712 0.829663
0.0242 1.386 0.818 0.0242 1.39753 0.820359 0.0242 1.44395 0.820305 0.0242
1.45328 0.820601 0.0242 1.465 0.818 0.0242 1.46208 0.82967 0.0242 1.47193
0.838128 0.0242 1.47196 0.827991 0.0242 1.48164 0.827167 0.0242 1.54082 0.820417
0.0242 1.53898 0.810208 0.0242 1.53811 0.800208 0.0242 1.52129 0.828005 0.0242
1.53148 0.829722 0.0242 1.54114 0.829909 0.0242 1.35211 0.888056 0.0242 1.3522
0.877813 0.0242 1.39756 0.895745 0.0242 1.386 0.897 0.0242 1.387 0.885442
0.0242 1.38561 0.876456 0.0242 1.39513 0.918915 0.0242 1.39591 0.907784 0.0242
1.40587 0.907851 0.0242 1.47236 0.88707 0.0242 1.47219 0.87706 0.0242 1.44481
0.907483 0.0242 1.45499 0.907214 0.0242 1.5408 0.895475 0.0242 1.54106 0.885772
0.0242 1.541 0.876365 0.0242 1.53812 0.918564 0.0242 1.53897 0.90727 0.0242
1.35196 0.961 0.0242 1.35209 0.969948 0.0242 1.34171 1 0.0242 1.32103
1 0.0242 1.32045 0.981625 0.0242 1.3309 0.980962 0.0242 1.34147 0.980377
0.0242 1.36293 1 0.0242 1.35218 0.980192 0.0242 1.36315 0.980356 0.0242
1.39655 0.972247 0.0242 1.39731 0.96255 0.0242 1.38424 1 0.0242 1.37438
0.980949 0.0242 1.3856 0.981685 0.0242 1.40435 1 0.0242 1.39578 0.981827
0.0242 1.47311 0.961 0.0242 1.47222 0.970941 0.0242 1.46229 1 0.0242
1.44293 1 0.0242 1.48181 1 0.0242 1.4721 0.980967 0.0242 1.48183
0.980362 0.0242 1.54104 0.981846 0.0242 1.54109 0.972441 0.0242 1.54082 0.962817
0.0242 1.54086 1 0.0242 1.52115 1 0.0242 1.52114 0.980954 0.0242
1.53121 0.981806 0.0242 1.56029 1 0.0242 1.51119 0.0196284 0.0242 1.49152
0.030104 0.0242 1.49148 0.039 0.0242 1.51098 0.039 0.0242 1.51111 0.02987
0.0242 1.39585 0.0489245 0.0242 1.39495 0.0703412 0.0242 1.40519 0.0703864 0.0242
1.44544 0.0594503 0.0242 1.44565 0.0703917 0.0242 1.456 0.070349 0.0242 1.53812
0.0593732 0.0242 1.53898 0.0484293 0.0242 1.5379 0.0703404 0.0242 1.465 0.0814247
0.0242 1.465 0.0921215 0.0242 1.49156 0.111896 0.0242 1.5111 0.122355 0.0242
1.51098 0.112122 0.0242 1.529 0.091952 0.0242 1.529 0.0813227 0.0242 1.529
0.103 0.0242 1.34138 0.162491 0.0242 1.5014 0.162779 0.0242 1.51134 0.162503
0.0242 1.34122 0.172825 0.0242 1.33124 0.182 0.0242 1.322 0.182 0.0242
1.34114 0.182 0.0242 1.37413 0.182 0.0242 1.36311 0.182 0.0242 1.51133
0.17283 0.0242 1.39489 0.209953 0.0242 1.39512 0.229055 0.0242 1.40533 0.229157
0.0242 1.44573 0.219671 0.0242 1.44544 0.229529 0.0242 1.4558 0.229588 0.0242
1.53787 0.219711 0.0242 1.53785 0.209786 0.0242 1.5381 0.229502 0.0242 1.57876
0.229362 0.0242 1.322 0.246 0.0242 1.3311 0.246 0.0242 1.34105 0.246
0.0242 1.36323 0.246 0.0242 1.37433 0.246 0.0242 1.386 0.246 0.0242
1.49139 0.254938 0.0242 1.5014 0.25503 0.0242 1.51144 0.255187 0.0242 1.58846
0.239031 0.0242 1.59813 0.238721 0.0242 1.59644 0.248762 0.0242 1.59695 0.25868
0.0242 1.57962 0.27975 0.0242 1.59931 0.279571 0.0242 1.35103 0.305009 0.0242
1.33085 0.325 0.0242 1.322 0.325 0.0242 1.31962 0.313041 0.0242 1.33019
0.314792 0.0242 1.36133 0.325 0.0242 1.35095 0.325 0.0242 1.35097 0.315807
0.0242 1.36135 0.315566 0.0242 1.37098 0.325 0.0242 1.37156 0.314737 0.0242
1.37852 0.325 0.0242 1.38156 0.312969 0.0242 1.47177 0.304195 0.0242 1.46199
0.313057 0.0242 1.465 0.325 0.0242 1.48143 0.325 0.0242 1.47243 0.325
0.0242 1.47175 0.314808 0.0242 1.48147 0.315631 0.0242 1.51145 0.304891 0.0242
1.49131 0.325 0.0242 1.49138 0.315908 0.0242 1.52081 0.325 0.0242 1.51146
0.325 0.0242 1.51148 0.31565 0.0242 1.52148 0.314753 0.0242 1.56054 0.300881
0.0242 1.529 0.325 0.0242 1.53154 0.312948 0.0242 1.5412 0.312366 0.0242
1.44539 0.340696 0.0242 1.465 0.331998 0.0242 1.4558 0.340723 0.0242 1.465
0.340684 0.0242 1.529 0.332175 0.0242 1.529 0.34081 0.0242 1.60084 0.320325
0.0242 1.59919 0.326518 0.0242 1.59921 0.337218 0.0242 1.59925 0.348202 0.0242
1.59919 0.359024 0.0242 1.44473 0.380745 0.0242 1.465 0.360415 0.0242 1.465
0.370537 0.0242 1.45496 0.380817 0.0242 1.465 0.380106 0.0242 1.49142 0.389
0.0242 1.51124 0.398086 0.0242 1.51116 0.389 0.0242 1.529 0.370437 0.0242
1.529 0.360383 0.0242 1.529 0.379967 0.0242 1.59894 0.36956 0.0242 1.5981
0.380054 0.0242 1.57851 0.400237 0.0242 1.5964 0.391081 0.0242 1.5969 0.400827
0.0242 1.34151 0.438566 0.0242 1.50135 0.438758 0.0242 1.51119 0.438671 0.0242
1.56003 0.419578 0.0242 1.34148 0.448629 0.0242 1.33092 0.458115 0.0242 1.32002
0.456551 0.0242 1.34144 0.458874 0.0242 1.3745 0.458121 0.0242 1.36305 0.458885
0.0242 1.51114 0.448726 0.0242 1.59898 0.438382 0.0242 1.59835 0.447779 0.0242
1.59735 0.457028 0.0242 1.58848 0.4788 0.0242 1.5965 0.466501 0.0242 1.59816
0.478322 0.0242 1.39512 0.489315 0.0242 1.39512 0.510685 0.0242 1.40533 0.510757
0.0242 1.44561 0.5 0.0242 1.44541 0.510988 0.0242 1.4558 0.511074 0.0242
1.53792 0.5 0.0242 1.5381 0.488965 0.0242 1.5381 0.511035 0.0242 1.57875
0.510597 0.0242 1.33092 0.541885 0.0242 1.32002 0.543449 0.0242 1.322 0.532
0.0242 1.33171 0.532 0.0242 1.34144 0.541126 0.0242 1.34146 0.532 0.0242
1.3745 0.541879 0.0242 1.36305 0.541115 0.0242 1.36287 0.532 0.0242 1.37371
0.532 0.0242 1.386 0.532 0.0242 1.465 0.521544 0.0242 1.465 0.532
0.0242 1.49156 0.551128 0.0242 1.5112 0.561331 0.0242 1.51114 0.551275 0.0242
1.529 0.532 0.0242 1.529 0.521395 0.0242 1.52003 0.532 0.0242 1.58848
0.52121 0.0242 1.59816 0.521681 0.0242 1.5965 0.533504 0.0242 1.34125 0.601891
0.0242 1.38721 0.599279 0.0242 1.46233 0.599247 0.0242 1.50133 0.602143 0.0242
1.51124 0.601914 0.0242 1.3412 0.611 0.0242 1.386 0.611 0.0242 1.44473
0.619255 0.0242 1.51116 0.611 0.0242 1.529 0.620033 0.0242 1.44539 0.659304
0.0242 1.465 0.639585 0.0242 1.465 0.649619 0.0242 1.4558 0.659277 0.0242
1.465 0.659316 0.0242 1.529 0.649571 0.0242 1.529 0.639617 0.0242 1.529
0.65919 0.0242 1.35095 0.675 0.0242 1.35097 0.684193 0.0242 1.32007 0.696981
0.0242 1.33032 0.695846 0.0242 1.34067 0.695379 0.0242 1.35103 0.694991 0.0242
1.36142 0.69545 0.0242 1.38196 0.697189 0.0242 1.38156 0.687031 0.0242 1.37852
0.675 0.0242 1.37166 0.695986 0.0242 1.47243 0.675 0.0242 1.47175 0.685192
0.0242 1.47177 0.695806 0.0242 1.48155 0.695295 0.0242 1.51146 0.675 0.0242
1.51148 0.68435 0.0242 1.49144 0.69479 0.0242 1.50143 0.695013 0.0242 1.51145
0.695109 0.0242 1.52144 0.696043 0.0242 1.5412 0.69776 0.0242 1.5412 0.687634
0.0242 1.56055 0.699117 0.0242 1.53141 0.697 0.0242 1.51144 0.744813 0.0242
1.59933 0.720426 0.0242 1.58848 0.760949 0.0242 1.39512 0.770945 0.0242 1.39489
0.790047 0.0242 1.4051 0.790133 0.0242 1.44573 0.780329 0.0242 1.44576 0.790278
0.0242 1.45606 0.790253 0.0242 1.53787 0.780288 0.0242 1.5381 0.770498 0.0242
1.53785 0.790214 0.0242 1.58879 0.770711 0.0242 1.57891 0.790217 0.0242 1.589
0.790164 0.0242 1.58897 0.780416 0.0242 1.465 0.80025 0.0242 1.465 0.809616
0.0242 1.49145 0.826922 0.0242 1.51134 0.837496 0.0242 1.51133 0.82717 0.0242
1.529 0.809471 0.0242 1.529 0.800143 0.0242 1.529 0.818 0.0242 1.58892
0.800007 0.0242 1.34154 0.877617 0.0242 1.33099 0.877068 0.0242 1.3205 0.876435
0.0242 1.5013 0.877882 0.0242 1.5111 0.877644 0.0242 1.33096 0.887074 0.0242
1.34149 0.887862 0.0242 1.34152 0.897 0.0242 1.33179 0.897 0.0242 1.37363
0.897 0.0242 1.36281 0.897 0.0242 1.51098 0.887877 0.0242 1.529 0.897
0.0242 1.51992 0.897 0.0242 1.58885 0.919201 0.0242 1.39495 0.929658 0.0242
1.39585 0.951074 0.0242 1.40581 0.951061 0.0242 1.44543 0.94055 0.0242 1.44479
0.951398 0.0242 1.45498 0.951638 0.0242 1.53812 0.940627 0.0242 1.5379 0.929659
0.0242 1.53898 0.95157 0.0242 1.58888 0.929735 0.0242 1.57846 0.950899 0.0242
1.58767 0.961704 0.0242 1.58825 0.951038 0.0242 1.33081 0.970939 0.0242 1.33158
0.961 0.0242 1.34137 0.961 0.0242 1.34138 0.97014 0.0242 1.386 0.961
0.0242 1.3869 0.972511 0.0242 1.42374 1 0.0242 1.51098 0.961 0.0242
1.51111 0.97013 0.0242 1.50142 1 0.0242 1.49155 0.980108 0.0242 1.50134
0.980104 0.0242 1.51119 0.980372 0.0242 1.57963 1 0.0242 1.59945 1
0.0242 1.34138 0.0298597 0.0242 1.34137 0.039 0.0242 1.38691 0.0274887 0.0242
1.386 0.039 0.0242 1.322 0.103 0.0242 1.33179 0.103 0.0242 1.34149
0.112137 0.0242 1.34152 0.103 0.0242 1.35198 0.103 0.0242 1.36281 0.103
0.0242 1.386 0.0912769 0.0242 1.386 0.0808423 0.0242 1.37363 0.103 0.0242
1.47331 0.103 0.0242 1.48207 0.103 0.0242 1.51992 0.103 0.0242 1.35193
0.182 0.0242 1.386 0.200466 0.0242 1.386 0.191316 0.0242 1.48164 0.182
0.0242 1.47272 0.182 0.0242 1.465 0.190384 0.0242 1.465 0.19975 0.0242
1.529 0.199857 0.0242 1.529 0.190529 0.0242 1.529 0.182 0.0242 1.35195
0.246 0.0242 1.386 0.237615 0.0242 1.47253 0.246 0.0242 1.4815 0.246
0.0242 1.465 0.246 0.0242 1.386 0.325 0.0242 1.39472 0.337399 0.0242
1.386 0.337166 0.0242 1.386 0.359061 0.0242 1.386 0.348305 0.0242 1.465
0.350381 0.0242 1.529 0.350429 0.0242 1.3412 0.389 0.0242 1.386 0.369385
0.0242 1.39585 0.379959 0.0242 1.386 0.379059 0.0242 1.386 0.389 0.0242
1.465 0.389 0.0242 1.35209 0.459056 0.0242 1.33171 0.468 0.0242 1.322
0.468 0.0242 1.34146 0.468 0.0242 1.36287 0.468 0.0242 1.35197 0.468
0.0242 1.37371 0.468 0.0242 1.386 0.468 0.0242 1.386 0.479286 0.0242
1.48192 0.458879 0.0242 1.47232 0.458106 0.0242 1.465 0.468 0.0242 1.465
0.478456 0.0242 1.482 0.468 0.0242 1.47324 0.468 0.0242 1.529 0.468
0.0242 1.52003 0.468 0.0242 1.529 0.478605 0.0242 1.35197 0.532 0.0242
1.35209 0.540944 0.0242 1.34148 0.551371 0.0242 1.386 0.520714 0.0242 1.47324
0.532 0.0242 1.482 0.532 0.0242 1.48192 0.541121 0.0242 1.47232 0.541894
0.0242 1.39585 0.620041 0.0242 1.386 0.640939 0.0242 1.386 0.630615 0.0242
1.386 0.620941 0.0242 1.465 0.611 0.0242 1.45496 0.619183 0.0242 1.465
0.629463 0.0242 1.465 0.619894 0.0242 1.529 0.629563 0.0242 1.386 0.651695
0.0242 1.39472 0.6626 0.0242 1.386 0.662834 0.0242 1.386 0.675 0.0242
1.465 0.668002 0.0242 1.529 0.667825 0.0242 1.3311 0.754 0.0242 1.322
0.754 0.0242 1.34105 0.754 0.0242 1.36323 0.754 0.0242 1.35195 0.754
0.0242 1.37433 0.754 0.0242 1.386 0.754 0.0242 1.386 0.762385 0.0242
1.4815 0.754 0.0242 1.47253 0.754 0.0242 1.465 0.754 0.0242 1.322
0.818 0.0242 1.33124 0.818 0.0242 1.34122 0.827175 0.0242 1.34114 0.818
0.0242 1.35193 0.818 0.0242 1.36311 0.818 0.0242 1.386 0.808684 0.0242
1.386 0.799534 0.0242 1.37413 0.818 0.0242 1.47272 0.818 0.0242 1.48164
0.818 0.0242 1.35198 0.897 0.0242 1.386 0.919157 0.0242 1.386 0.908723
0.0242 1.48207 0.897 0.0242 1.47331 0.897 0.0242 1.465 0.907879 0.0242
1.465 0.918575 0.0242 1.529 0.918677 0.0242 1.529 0.908048 0.0242 1.61124
0.698155 0.0242 1.59889 0.940353 0.0242 1.608 0.940234 0.0242 1.59889 0.0596466
0.0242 1.5887 0.0596363 0.0242 1.465 0.0489956 0.0242 1.4558 0.0593214 0.0242
1.465 0.0593019 0.0242 1.529 0.0491506 0.0242 1.529 0.0593957 0.0242 1.50137
0.173074 0.0242 1.49139 0.182 0.0242 1.50134 0.182 0.0242 1.52054 0.182
0.0242 1.465 0.209776 0.0242 1.45606 0.219737 0.0242 1.465 0.219816 0.0242
1.529 0.209813 0.0242 1.529 0.219774 0.0242 1.465 0.238543 0.0242 1.49133
0.246 0.0242 1.50138 0.246 0.0242 1.60093 0.301079 0.0242 1.60108 0.311135
0.0242 1.58033 0.300403 0.0242 1.50132 0.448889 0.0242 1.49155 0.459107 0.0242
1.50126 0.459111 0.0242 1.465 0.488949 0.0242 1.45599 0.5 0.0242 1.465
0.5 0.0242 1.529 0.489039 0.0242 1.529 0.5 0.0242 1.49155 0.540894
0.0242 1.49151 0.532 0.0242 1.50126 0.540889 0.0242 1.50121 0.532 0.0242
1.50131 0.611 0.0242 1.34057 0.675 0.0242 1.34056 0.684404 0.0242 1.5014
0.675 0.0242 1.50142 0.684121 0.0242 1.465 0.761457 0.0242 1.465 0.770378
0.0242 1.45606 0.780263 0.0242 1.465 0.780184 0.0242 1.529 0.770494 0.0242
1.529 0.761623 0.0242 1.529 0.780226 0.0242 1.49153 0.897 0.0242 1.50123
0.888106 0.0242 1.50117 0.897 0.0242 1.465 0.929704 0.0242 1.4558 0.940678
0.0242 1.465 0.940698 0.0242 1.529 0.929708 0.0242 1.529 0.940604 0.0242
1.50124 0.961 0.0242 1.50128 0.969895 0.0242 1.52054 0.818 0.0242 1.50128
0.0301057 0.0242 1.50124 0.039 0.0242 1.386 0.0498341 0.0242 1.39512 0.0597153
0.0242 1.386 0.0598643 0.0242 1.386 0.0702861 0.0242 1.465 0.0702954 0.0242
1.529 0.0702923 0.0242 1.49153 0.103 0.0242 1.50123 0.111895 0.0242 1.50117
0.103 0.0242 1.51081 0.103 0.0242 1.51126 0.182 0.0242 1.386 0.210032
0.0242 1.39489 0.219541 0.0242 1.386 0.219571 0.0242 1.386 0.228923 0.0242
1.465 0.229622 0.0242 1.529 0.238377 0.0242 1.529 0.229506 0.0242 1.59913
0.209925 0.0242 1.59912 0.219582 0.0242 1.58894 0.219572 0.0242 1.58897 0.20983
0.0242 1.5989 0.229153 0.0242 1.58877 0.229272 0.0242 1.5114 0.246 0.0242
1.52073 0.246 0.0242 1.34056 0.315596 0.0242 1.34057 0.325 0.0242 1.50142
0.315879 0.0242 1.5014 0.325 0.0242 1.50131 0.389 0.0242 1.51104 0.458892
0.0242 1.49151 0.468 0.0242 1.50121 0.468 0.0242 1.51089 0.468 0.0242
1.386 0.489515 0.0242 1.39494 0.5 0.0242 1.386 0.5 0.0242 1.386
0.510485 0.0242 1.465 0.511051 0.0242 1.529 0.510961 0.0242 1.58876 0.489362
0.0242 1.5989 0.489277 0.0242 1.59907 0.500001 0.0242 1.58887 0.500003 0.0242
1.58876 0.510644 0.0242 1.5989 0.510725 0.0242 1.51089 0.532 0.0242 1.51104
0.541108 0.0242 1.50132 0.551112 0.0242 1.49133 0.754 0.0242 1.50138 0.754
0.0242 1.52073 0.754 0.0242 1.5114 0.754 0.0242 1.386 0.771077 0.0242
1.39489 0.780459 0.0242 1.386 0.780429 0.0242 1.386 0.789968 0.0242 1.465
0.790224 0.0242 1.529 0.790187 0.0242 1.49139 0.818 0.0242 1.50137 0.826926
0.0242 1.50134 0.818 0.0242 1.51126 0.818 0.0242 1.51081 0.897 0.0242
1.386 0.929713 0.0242 1.39512 0.940284 0.0242 1.386 0.940135 0.0242 1.386
0.950166 0.0242 1.465 0.951004 0.0242 1.529 0.950849 0.0242 1.5887 0.940364
0.0242 1.28133 7.21991e-40 0.0242 1.30103 4.61918e-39 0.0242 1.30094 0.0189138 0.0242
1.28146 0.0192773 0.0242 1.30105 0.0381047 0.0242 1.30185 0.0487308 0.0242 1.30244
0.0595201 0.0242 1.28188 0.0597472 0.0242 1.2817 0.0389963 0.0242 1.28187 0.0807929
0.0242 1.30244 0.0812683 0.0242 1.30185 0.0922976 0.0242 1.30104 0.103168 0.0242
1.30096 0.122678 0.0242 1.30098 0.160387 0.0242 1.30105 0.179727 0.0242 1.30246
0.19983 0.0242 1.30276 0.209768 0.0242 1.30272 0.219635 0.0242 1.3018 0.239167
0.0242 1.30088 0.249018 0.0242 1.30066 0.258987 0.0242 1.30088 0.280001 0.0242
1.30089 0.301358 0.0242 1.30105 0.321489 0.0242 1.30183 0.331298 0.0242 1.30246
0.340927 0.0242 1.30272 0.360515 0.0242 1.30247 0.370535 0.0242 1.30181 0.380663
0.0242 1.30067 0.400749 0.0242 1.30094 0.419764 0.0242 1.3007 0.457386 0.0242
1.30096 0.438583 0.0242 1.30182 0.478239 0.0242 1.30246 0.489116 0.0242 1.30263
0.5 0.0242 1.30182 0.521761 0.0242 1.3009 0.532625 0.0242 1.3007 0.542614
0.0242 1.30096 0.561417 0.0242 1.30094 0.580236 0.0242 1.30067 0.599251 0.0242
1.30089 0.609114 0.0242 1.30181 0.619337 0.0242 1.30272 0.639486 0.0242 1.30275
0.649351 0.0242 1.30246 0.659073 0.0242 1.30105 0.678511 0.0242 1.30089 0.698642
0.0242 1.30066 0.741013 0.0242 1.30088 0.719999 0.0242 1.3018 0.760833 0.0242
1.30246 0.770585 0.0242 1.30272 0.780365 0.0242 1.30246 0.80017 0.0242 1.30184
0.81018 0.0242 1.30105 0.820271 0.0242 1.301 0.839599 0.0242 1.30107 0.877204
0.0242 1.30109 0.896782 0.0242 1.31992 0.885426 0.0242 1.30246 0.918716 0.0242
1.30267 0.929637 0.0242 1.30246 0.940476 0.0242 1.30107 0.961891 0.0242 1.30103
0.981088 0.0242 1.322 0.961 0.0242 1.31987 0.972597 0.0242 1.31031 0.0372033
0.0242 1.312 0.0485346 0.0242 1.322 0.0492499 0.0242 1.30267 0.0703573 0.0242
1.31282 0.0813479 0.0242 1.31301 0.0703345 0.0242 1.322 0.0702897 0.0242 1.322
0.0812538 0.0242 1.31201 0.0925707 0.0242 1.322 0.0918426 0.0242 1.31031 0.104397
0.0242 1.31031 0.179463 0.0242 1.30184 0.189819 0.0242 1.31282 0.199867 0.0242
1.312 0.189862 0.0242 1.322 0.190692 0.0242 1.322 0.199971 0.0242 1.31306
0.209807 0.0242 1.322 0.20985 0.0242 1.30246 0.229415 0.0242 1.31199 0.239017
0.0242 1.31282 0.229406 0.0242 1.322 0.229382 0.0242 1.322 0.238194 0.0242
1.31031 0.248851 0.0242 1.31021 0.258622 0.0242 1.322 0.332343 0.0242 1.31199
0.33149 0.0242 1.31032 0.321813 0.0242 1.30275 0.350649 0.0242 1.31306 0.360443
0.0242 1.31306 0.350579 0.0242 1.322 0.350471 0.0242 1.322 0.360353 0.0242
1.31282 0.37048 0.0242 1.322 0.370342 0.0242 1.30089 0.390886 0.0242 1.31024
0.400913 0.0242 1.31031 0.391214 0.0242 1.3103 0.456794 0.0242 1.3009 0.467375
0.0242 1.312 0.478018 0.0242 1.31032 0.466505 0.0242 1.322 0.478723 0.0242
1.31282 0.489053 0.0242 1.322 0.489112 0.0242 1.30246 0.510884 0.0242 1.312
0.521982 0.0242 1.31282 0.510947 0.0242 1.322 0.510888 0.0242 1.322 0.521277
0.0242 1.31032 0.533494 0.0242 1.3103 0.543206 0.0242 1.31031 0.608786 0.0242
1.31024 0.599087 0.0242 1.30247 0.629465 0.0242 1.31306 0.639557 0.0242 1.31282
0.629521 0.0242 1.322 0.629658 0.0242 1.322 0.639647 0.0242 1.31306 0.649421
0.0242 1.322 0.649529 0.0242 1.30183 0.668702 0.0242 1.31032 0.678187 0.0242
1.31199 0.66851 0.0242 1.322 0.667657 0.0242 1.31021 0.741379 0.0242 1.30088
0.750982 0.0242 1.31199 0.760983 0.0242 1.31031 0.751149 0.0242 1.322 0.761806
0.0242 1.31282 0.770594 0.0242 1.322 0.770618 0.0242 1.30276 0.790232 0.0242
1.31282 0.800133 0.0242 1.31306 0.790193 0.0242 1.322 0.79015 0.0242 1.322
0.800029 0.0242 1.312 0.810138 0.0242 1.322 0.809308 0.0242 1.31031 0.820537
0.0242 1.322 0.897 0.0242 1.31032 0.895593 0.0242 1.30187 0.907683 0.0242
1.31282 0.918649 0.0242 1.31201 0.907424 0.0242 1.322 0.908157 0.0242 1.322
0.918746 0.0242 1.31301 0.929665 0.0242 1.322 0.92971 0.0242 1.30186 0.951263
0.0242 1.31032 0.962793 0.0242 1.31201 0.951463 0.0242 1.322 0.95075 0.0242
1.30113 1 0.0242 1.322 0.0594579 0.0242 1.31282 0.059433 0.0242 1.322
0.219729 0.0242 1.31306 0.21967 0.0242 1.322 0.340924 0.0242 1.31281 0.340931
0.0242 1.322 0.379849 0.0242 1.31199 0.380653 0.0242 1.322 0.5 0.0242
1.313 0.5 0.0242 1.322 0.620151 0.0242 1.31199 0.619347 0.0242 1.322
0.659076 0.0242 1.31281 0.659069 0.0242 1.322 0.780271 0.0242 1.31306 0.78033
0.0242 1.322 0.940542 0.0242 1.31282 0.940566 0.0242 1.529 0.246 0.0242
1.529 0.754 0.0242 1.57913 0.419637 0.0242 1.59875 0.419711 0.0242 1.62024
0 0.0242 1.61948 0.0192583 0.0242 1.6083 0.0183952 0.0242 1.608 0.039
0.0242 1.608 0.0496951 0.0242 1.608 0.0809481 0.0242 1.608 0.0914201 0.0242
1.60826 0.123045 0.0242 1.61949 0.12217 0.0242 1.61994 0.141497 0.0242 1.60818
0.160416 0.0242 1.60692 0.17008 0.0242 1.608 0.237739 0.0242 1.608 0.246
0.0242 1.62006 0.279089 0.0242 1.62128 0.302888 0.0242 1.61124 0.301845 0.0242
1.61461 0.325 0.0242 1.608 0.325 0.0242 1.608 0.359096 0.0242 1.608
0.369504 0.0242 1.60661 0.400834 0.0242 1.61866 0.399026 0.0242 1.61975 0.419206
0.0242 1.6094 0.438525 0.0242 1.60866 0.447946 0.0242 1.608 0.520864 0.0242
1.608 0.532 0.0242 1.62015 0.561054 0.0242 1.61971 0.58079 0.0242 1.62006
0.72091 0.0242 1.61848 0.743656 0.0242 1.61935 0.838681 0.0242 1.61994 0.858502
0.0242 1.607 0.0275499 0.0242 1.607 0.114181 0.0242 1.608 0.191199 0.0242
1.608 0.200357 0.0242 1.60658 0.25819 0.0242 1.61848 0.256344 0.0242 1.608
0.348241 0.0242 1.608 0.389 0.0242 1.608 0.468 0.0242 1.608 0.479136
0.0242 1.61948 0.980742 0.0242 1.62024 1 0.0242 1.608 0.0702901 0.0242
1.608 0.103 0.0242 1.61935 0.161318 0.0242 1.61877 0.171776 0.0242 1.608
0.182 0.0242 1.6192 0.182 0.0242 1.619 0.246 0.0242 1.608 0.337009
0.0242 1.608 0.379195 0.0242 1.62015 0.438955 0.0242 1.61973 0.448689 0.0242
1.6071 0.456753 0.0242 1.61906 0.458344 0.0242 1.61957 0.532 0.0242 1.61906
0.541658 0.0242 1.61866 0.600972 0.0242 1.6193 0.611 0.0242 1.62128 0.697112
0.0242 1.61949 0.87783 0.0242 1.61906 0.887439 0.0242 1.61966 0.897 0.0242
1.61948 0.961 0.0242 1.61896 0.970818 0.0242 1.61896 0.0291821 0.0242 1.61948
0.039 0.0242 1.61906 0.112561 0.0242 1.61966 0.103 0.0242 1.6193 0.389
0.0242 1.61957 0.468 0.0242 1.61972 0.551316 0.0242 1.619 0.754 0.0242
1.61877 0.828224 0.0242 1.6192 0.818 0.0242 1.608 0.0597667 0.0242 1.608
0.209994 0.0242 1.608 0.219616 0.0242 1.608 0.489408 0.0242 1.608 0.5
0.0242 1.62181 0.675 0.0242 1.6213 0.685784 0.0242 1.608 0.229038 0.0242
1.61148 0.312291 0.0242 1.6213 0.314216 0.0242 1.62181 0.325 0.0242 1.608
0.510592 0.0242 7.58321 0.04 0.0242 7.28423 0.04 0.0242 7.28423 0
0.0242 7.58321 0 0.0242 7.89076 0.04 0.0242 7.89076 0 0.0242
8.20715 0.04 0.0242 8.20715 0 0.0242 8.53261 0.04 0.0242 8.53261
0 0.0242 8.86741 0.04 0.0242 8.86741 0 0.0242 9.21182 0.04
0.0242 9.21182 0 0.0242 9.56611 0.04 0.0242 9.56611 0 0.0242
9.93057 0.04 0.0242 9.93057 0 0.0242 10.3055 0.04 0.0242 10.3055
0 0.0242 10.6912 0.04 0.0242 10.6912 0 0.0242 11.0879 0.04
0.0242 11.0879 0 0.0242 11.496 0.04 0.0242 11.496 0 0.0242
11.9159 0.04 0.0242 11.9159 0 0.0242 12.3478 0.04 0.0242 12.3478
0 0.0242 12.792 0.04 0.0242 12.792 0 0.0242 13.2491 0.04
0.0242 13.2491 0 0.0242 13.7192 0.04 0.0242 13.7192 0 0.0242
14.2028 0.04 0.0242 14.2028 0 0.0242 14.7004 0.04 0.0242 14.7004
0 0.0242 15.2121 0.04 0.0242 15.2121 -0 0.0242 15.7386 0.04
0.0242 15.7386 -0 0.0242 16.2802 0.04 0.0242 16.2802 -0 0.0242
16.8373 0.04 0.0242 16.8373 -0 0.0242 17.4104 0.04 0.0242 17.4104
-0 0.0242 18 0 0.0242 18 0.04 0.0242 7.58321 0.08
0.0242 7.28423 0.08 0.0242 7.89076 0.08 0.0242 8.20715 0.08 0.0242
8.53261 0.08 0.0242 8.86741 0.08 0.0242 9.21182 0.08 0.0242 9.56611
0.08 0.0242 9.93057 0.08 0.0242 10.3055 0.08 0.0242 10.6912 0.08
0.0242 11.0879 0.08 0.0242 11.496 0.08 0.0242 11.9159 0.08 0.0242
12.3478 0.08 0.0242 12.792 0.08 0.0242 13.2491 0.08 0.0242 13.7192
0.08 0.0242 14.2028 0.08 0.0242 14.7004 0.08 0.0242 15.2121 0.08
0.0242 15.7386 0.08 0.0242 16.2802 0.08 0.0242 16.8373 0.08 0.0242
17.4104 0.08 0.0242 18 0.08 0.0242 7.58321 0.12 0.0242 7.28423
0.12 0.0242 7.89076 0.12 0.0242 8.20715 0.12 0.0242 8.53261 0.12
0.0242 8.86741 0.12 0.0242 9.21182 0.12 0.0242 9.56611 0.12 0.0242
9.93057 0.12 0.0242 10.3055 0.12 0.0242 10.6912 0.12 0.0242 11.0879
0.12 0.0242 11.496 0.12 0.0242 11.9159 0.12 0.0242 12.3478 0.12
0.0242 12.792 0.12 0.0242 13.2491 0.12 0.0242 13.7192 0.12 0.0242
14.2028 0.12 0.0242 14.7004 0.12 0.0242 15.2121 0.12 0.0242 15.7386
0.12 0.0242 16.2802 0.12 0.0242 16.8373 0.12 0.0242 17.4104 0.12
0.0242 18 0.12 0.0242 7.58321 0.16 0.0242 7.28423 0.16 0.0242
7.89076 0.16 0.0242 8.20715 0.16 0.0242 8.53261 0.16 0.0242 8.86741
0.16 0.0242 9.21182 0.16 0.0242 9.56611 0.16 0.0242 9.93057 0.16
0.0242 10.3055 0.16 0.0242 10.6912 0.16 0.0242 11.0879 0.16 0.0242
11.496 0.16 0.0242 11.9159 0.16 0.0242 12.3478 0.16 0.0242 12.792
0.16 0.0242 13.2491 0.16 0.0242 13.7192 0.16 0.0242 14.2028 0.16
0.0242 14.7004 0.16 0.0242 15.2121 0.16 0.0242 15.7386 0.16 0.0242
16.2802 0.16 0.0242 16.8373 0.16 0.0242 17.4104 0.16 0.0242 18
0.16 0.0242 7.58321 0.2 0.0242 7.28423 0.2 0.0242 7.89076 0.2
0.0242 8.20715 0.2 0.0242 8.53261 0.2 0.0242 8.86741 0.2 0.0242
9.21182 0.2 0.0242 9.56611 0.2 0.0242 9.93057 0.2 0.0242 10.3055
0.2 0.0242 10.6912 0.2 0.0242 11.0879 0.2 0.0242 11.496 0.2
0.0242 11.9159 0.2 0.0242 12.3478 0.2 0.0242 12.792 0.2 0.0242
13.2491 0.2 0.0242 13.7192 0.2 0.0242 14.2028 0.2 0.0242 14.7004
0.2 0.0242 15.2121 0.2 0.0242 15.7386 0.2 0.0242 16.2802 0.2
0.0242 16.8373 0.2 0.0242 17.4104 0.2 0.0242 18 0.2 0.0242
7.58321 0.24 0.0242 7.28423 0.24 0.0242 7.89076 0.24 0.0242 8.20715
0.24 0.0242 8.53261 0.24 0.0242 8.86741 0.24 0.0242 9.21182 0.24
0.0242 9.56611 0.24 0.0242 9.93057 0.24 0.0242 10.3055 0.24 0.0242
10.6912 0.24 0.0242 11.0879 0.24 0.0242 11.496 0.24 0.0242 11.9159
0.24 0.0242 12.3478 0.24 0.0242 12.792 0.24 0.0242 13.2491 0.24
0.0242 13.7192 0.24 0.0242 14.2028 0.24 0.0242 14.7004 0.24 0.0242
15.2121 0.24 0.0242 15.7386 0.24 0.0242 16.2802 0.24 0.0242 16.8373
0.24 0.0242 17.4104 0.24 0.0242 18 0.24 0.0242 7.58321 0.28
0.0242 7.28423 0.28 0.0242 7.89076 0.28 0.0242 8.20715 0.28 0.0242
8.53261 0.28 0.0242 8.86741 0.28 0.0242 9.21182 0.28 0.0242 9.56611
0.28 0.0242 9.93057 0.28 0.0242 10.3055 0.28 0.0242 10.6912 0.28
0.0242 11.0879 0.28 0.0242 11.496 0.28 0.0242 11.9159 0.28 0.0242
12.3478 0.28 0.0242 12.792 0.28 0.0242 13.2491 0.28 0.0242 13.7192
0.28 0.0242 14.2028 0.28 0.0242 14.7004 0.28 0.0242 15.2121 0.28
0.0242 15.7386 0.28 0.0242 16.2802 0.28 0.0242 16.8373 0.28 0.0242
17.4104 0.28 0.0242 18 0.28 0.0242 7.58321 0.32 0.0242 7.28423
0.32 0.0242 7.89076 0.32 0.0242 8.20715 0.32 0.0242 8.53261 0.32
0.0242 8.86741 0.32 0.0242 9.21182 0.32 0.0242 9.56611 0.32 0.0242
9.93057 0.32 0.0242 10.3055 0.32 0.0242 10.6912 0.32 0.0242 11.0879
0.32 0.0242 11.496 0.32 0.0242 11.9159 0.32 0.0242 12.3478 0.32
0.0242 12.792 0.32 0.0242 13.2491 0.32 0.0242 13.7192 0.32 0.0242
14.2028 0.32 0.0242 14.7004 0.32 0.0242 15.2121 0.32 0.0242 15.7386
0.32 0.0242 16.2802 0.32 0.0242 16.8373 0.32 0.0242 17.4104 0.32
0.0242 18 0.32 0.0242 7.58321 0.36 0.0242 7.28423 0.36 0.0242
7.89076 0.36 0.0242 8.20715 0.36 0.0242 8.53261 0.36 0.0242 8.86741
0.36 0.0242 9.21182 0.36 0.0242 9.56611 0.36 0.0242 9.93057 0.36
0.0242 10.3055 0.36 0.0242 10.6912 0.36 0.0242 11.0879 0.36 0.0242
11.496 0.36 0.0242 11.9159 0.36 0.0242 12.3478 0.36 0.0242 12.792
0.36 0.0242 13.2491 0.36 0.0242 13.7192 0.36 0.0242 14.2028 0.36
0.0242 14.7004 0.36 0.0242 15.2121 0.36 0.0242 15.7386 0.36 0.0242
16.2802 0.36 0.0242 16.8373 0.36 0.0242 17.4104 0.36 0.0242 18
0.36 0.0242 7.58321 0.4 0.0242 7.28423 0.4 0.0242 7.89076 0.4
0.0242 8.20715 0.4 0.0242 8.53261 0.4 0.0242 8.86741 0.4 0.0242
9.21182 0.4 0.0242 9.56611 0.4 0.0242 9.93057 0.4 0.0242 10.3055
0.4 0.0242 10.6912 0.4 0.0242 11.0879 0.4 0.0242 11.496 0.4
0.0242 11.9159 0.4 0.0242 12.3478 0.4 0.0242 12.792 0.4 0.0242
13.2491 0.4 0.0242 13.7192 0.4 0.0242 14.2028 0.4 0.0242 14.7004
0.4 0.0242 15.2121 0.4 0.0242 15.7386 0.4 0.0242 16.2802 0.4
0.0242 16.8373 0.4 0.0242 17.4104 0.4 0.0242 18 0.4 0.0242
7.58321 0.44 0.0242 7.28423 0.44 0.0242 7.89076 0.44 0.0242 8.20715
0.44 0.0242 8.53261 0.44 0.0242 8.86741 0.44 0.0242 9.21182 0.44
0.0242 9.56611 0.44 0.0242 9.93057 0.44 0.0242 10.3055 0.44 0.0242
10.6912 0.44 0.0242 11.0879 0.44 0.0242 11.496 0.44 0.0242 11.9159
0.44 0.0242 12.3478 0.44 0.0242 12.792 0.44 0.0242 13.2491 0.44
0.0242 13.7192 0.44 0.0242 14.2028 0.44 0.0242 14.7004 0.44 0.0242
15.2121 0.44 0.0242 15.7386 0.44 0.0242 16.2802 0.44 0.0242 16.8373
0.44 0.0242 17.4104 0.44 0.0242 18 0.44 0.0242 7.58321 0.48
0.0242 7.28423 0.48 0.0242 7.89076 0.48 0.0242 8.20715 0.48 0.0242
8.53261 0.48 0.0242 8.86741 0.48 0.0242 9.21182 0.48 0.0242 9.56611
0.48 0.0242 9.93057 0.48 0.0242 10.3055 0.48 0.0242 10.6912 0.48
0.0242 11.0879 0.48 0.0242 11.496 0.48 0.0242 11.9159 0.48 0.0242
12.3478 0.48 0.0242 12.792 0.48 0.0242 13.2491 0.48 0.0242 13.7192
0.48 0.0242 14.2028 0.48 0.0242 14.7004 0.48 0.0242 15.2121 0.48
0.0242 15.7386 0.48 0.0242 16.2802 0.48 0.0242 16.8373 0.48 0.0242
17.4104 0.48 0.0242 18 0.48 0.0242 7.58321 0.52 0.0242 7.28423
0.52 0.0242 7.89076 0.52 0.0242 8.20715 0.52 0.0242 8.53261 0.52
0.0242 8.86741 0.52 0.0242 9.21182 0.52 0.0242 9.56611 0.52 0.0242
9.93057 0.52 0.0242 10.3055 0.52 0.0242 10.6912 0.52 0.0242 11.0879
0.52 0.0242 11.496 0.52 0.0242 11.9159 0.52 0.0242 12.3478 0.52
0.0242 12.792 0.52 0.0242 13.2491 0.52 0.0242 13.7192 0.52 0.0242
14.2028 0.52 0.0242 14.7004 0.52 0.0242 15.2121 0.52 0.0242 15.7386
0.52 0.0242 16.2802 0.52 0.0242 16.8373 0.52 0.0242 17.4104 0.52
0.0242 18 0.52 0.0242 7.58321 0.56 0.0242 7.28423 0.56 0.0242
7.89076 0.56 0.0242 8.20715 0.56 0.0242 8.53261 0.56 0.0242 8.86741
0.56 0.0242 9.21182 0.56 0.0242 9.56611 0.56 0.0242 9.93057 0.56
0.0242 10.3055 0.56 0.0242 10.6912 0.56 0.0242 11.0879 0.56 0.0242
11.496 0.56 0.0242 11.9159 0.56 0.0242 12.3478 0.56 0.0242 12.792
0.56 0.0242 13.2491 0.56 0.0242 13.7192 0.56 0.0242 14.2028 0.56
0.0242 14.7004 0.56 0.0242 15.2121 0.56 0.0242 15.7386 0.56 0.0242
16.2802 0.56 0.0242 16.8373 0.56 0.0242 17.4104 0.56 0.0242 18
0.56 0.0242 7.58321 0.6 0.0242 7.28423 0.6 0.0242 7.89076 0.6
0.0242 8.20715 0.6 0.0242 8.53261 0.6 0.0242 8.86741 0.6 0.0242
9.21182 0.6 0.0242 9.56611 0.6 0.0242 9.93057 0.6 0.0242 10.3055
0.6 0.0242 10.6912 0.6 0.0242 11.0879 0.6 0.0242 11.496 0.6
0.0242 11.9159 0.6 0.0242 12.3478 0.6 0.0242 12.792 0.6 0.0242
13.2491 0.6 0.0242 13.7192 0.6 0.0242 14.2028 0.6 0.0242 14.7004
0.6 0.0242 15.2121 0.6 0.0242 15.7386 0.6 0.0242 16.2802 0.6
0.0242 16.8373 0.6 0.0242 17.4104 0.6 0.0242 18 0.6 0.0242
7.58321 0.64 0.0242 7.28423 0.64 0.0242 7.89076 0.64 0.0242 8.20715
0.64 0.0242 8.53261 0.64 0.0242 8.86741 0.64 0.0242 9.21182 0.64
0.0242 9.56611 0.64 0.0242 9.93057 0.64 0.0242 10.3055 0.64 0.0242
10.6912 0.64 0.0242 11.0879 0.64 0.0242 11.496 0.64 0.0242 11.9159
0.64 0.0242 12.3478 0.64 0.0242 12.792 0.64 0.0242 13.2491 0.64
0.0242 13.7192 0.64 0.0242 14.2028 0.64 0.0242 14.7004 0.64 0.0242
15.2121 0.64 0.0242 15.7386 0.64 0.0242 16.2802 0.64 0.0242 16.8373
0.64 0.0242 17.4104 0.64 0.0242 18 0.64 0.0242 7.58321 0.68
0.0242 7.28423 0.68 0.0242 7.89076 0.68 0.0242 8.20715 0.68 0.0242
8.53261 0.68 0.0242 8.86741 0.68 0.0242 9.21182 0.68 0.0242 9.56611
0.68 0.0242 9.93057 0.68 0.0242 10.3055 0.68 0.0242 10.6912 0.68
0.0242 11.0879 0.68 0.0242 11.496 0.68 0.0242 11.9159 0.68 0.0242
12.3478 0.68 0.0242 12.792 0.68 0.0242 13.2491 0.68 0.0242 13.7192
0.68 0.0242 14.2028 0.68 0.0242 14.7004 0.68 0.0242 15.2121 0.68
0.0242 15.7386 0.68 0.0242 16.2802 0.68 0.0242 16.8373 0.68 0.0242
17.4104 0.68 0.0242 18 0.68 0.0242 7.58321 0.72 0.0242 7.28423
0.72 0.0242 7.89076 0.72 0.0242 8.20715 0.72 0.0242 8.53261 0.72
0.0242 8.86741 0.72 0.0242 9.21182 0.72 0.0242 9.56611 0.72 0.0242
9.93057 0.72 0.0242 10.3055 0.72 0.0242 10.6912 0.72 0.0242 11.0879
0.72 0.0242 11.496 0.72 0.0242 11.9159 0.72 0.0242 12.3478 0.72
0.0242 12.792 0.72 0.0242 13.2491 0.72 0.0242 13.7192 0.72 0.0242
14.2028 0.72 0.0242 14.7004 0.72 0.0242 15.2121 0.72 0.0242 15.7386
0.72 0.0242 16.2802 0.72 0.0242 16.8373 0.72 0.0242 17.4104 0.72
0.0242 18 0.72 0.0242 7.58321 0.76 0.0242 7.28423 0.76 0.0242
7.89076 0.76 0.0242 8.20715 0.76 0.0242 8.53261 0.76 0.0242 8.86741
0.76 0.0242 9.21182 0.76 0.0242 9.56611 0.76 0.0242 9.93057 0.76
0.0242 10.3055 0.76 0.0242 10.6912 0.76 0.0242 11.0879 0.76 0.0242
11.496 0.76 0.0242 11.9159 0.76 0.0242 12.3478 0.76 0.0242 12.792
0.76 0.0242 13.2491 0.76 0.0242 13.7192 0.76 0.0242 14.2028 0.76
0.0242 14.7004 0.76 0.0242 15.2121 0.76 0.0242 15.7386 0.76 0.0242
16.2802 0.76 0.0242 16.8373 0.76 0.0242 17.4104 0.76 0.0242 18
0.76 0.0242 7.58321 0.8 0.0242 7.28423 0.8 0.0242 7.89076 0.8
0.0242 8.20715 0.8 0.0242 8.53261 0.8 0.0242 8.86741 0.8 0.0242
9.21182 0.8 0.0242 9.56611 0.8 0.0242 9.93057 0.8 0.0242 10.3055
0.8 0.0242 10.6912 0.8 0.0242 11.0879 0.8 0.0242 11.496 0.8
0.0242 11.9159 0.8 0.0242 12.3478 0.8 0.0242 12.792 0.8 0.0242
13.2491 0.8 0.0242 13.7192 0.8 0.0242 14.2028 0.8 0.0242 14.7004
0.8 0.0242 15.2121 0.8 0.0242 15.7386 0.8 0.0242 16.2802 0.8
0.0242 16.8373 0.8 0.0242 17.4104 0.8 0.0242 18 0.8 0.0242
7.58321 0.84 0.0242 7.28423 0.84 0.0242 7.89076 0.84 0.0242 8.20715
0.84 0.0242 8.53261 0.84 0.0242 8.86741 0.84 0.0242 9.21182 0.84
0.0242 9.56611 0.84 0.0242 9.93057 0.84 0.0242 10.3055 0.84 0.0242
10.6912 0.84 0.0242 11.0879 0.84 0.0242 11.496 0.84 0.0242 11.9159
0.84 0.0242 12.3478 0.84 0.0242 12.792 0.84 0.0242 13.2491 0.84
0.0242 13.7192 0.84 0.0242 14.2028 0.84 0.0242 14.7004 0.84 0.0242
15.2121 0.84 0.0242 15.7386 0.84 0.0242 16.2802 0.84 0.0242 16.8373
0.84 0.0242 17.4104 0.84 0.0242 18 0.84 0.0242 7.58321 0.88
0.0242 7.28423 0.88 0.0242 7.89076 0.88 0.0242 8.20715 0.88 0.0242
8.53261 0.88 0.0242 8.86741 0.88 0.0242 9.21182 0.88 0.0242 9.56611
0.88 0.0242 9.93057 0.88 0.0242 10.3055 0.88 0.0242 10.6912 0.88
0.0242 11.0879 0.88 0.0242 11.496 0.88 0.0242 11.9159 0.88 0.0242
12.3478 0.88 0.0242 12.792 0.88 0.0242 13.2491 0.88 0.0242 13.7192
0.88 0.0242 14.2028 0.88 0.0242 14.7004 0.88 0.0242 15.2121 0.88
0.0242 15.7386 0.88 0.0242 16.2802 0.88 0.0242 16.8373 0.88 0.0242
17.4104 0.88 0.0242 18 0.88 0.0242 7.58321 0.92 0.0242 7.28423
0.92 0.0242 7.89076 0.92 0.0242 8.20715 0.92 0.0242 8.53261 0.92
0.0242 8.86741 0.92 0.0242 9.21182 0.92 0.0242 9.56611 0.92 0.0242
9.93057 0.92 0.0242 10.3055 0.92 0.0242 10.6912 0.92 0.0242 11.0879
0.92 0.0242 11.496 0.92 0.0242 11.9159 0.92 0.0242 12.3478 0.92
0.0242 12.792 0.92 0.0242 13.2491 0.92 0.0242 13.7192 0.92 0.0242
14.2028 0.92 0.0242 14.7004 0.92 0.0242 15.2121 0.92 0.0242 15.7386
0.92 0.0242 16.2802 0.92 0.0242 16.8373 0.92 0.0242 17.4104 0.92
0.0242 18 0.92 0.0242 7.58321 0.96 0.0242 7.28423 0.96 0.0242
7.89076 0.96 0.0242 8.20715 0.96 0.0242 8.53261 0.96 0.0242 8.86741
0.96 0.0242 9.21182 0.96 0.0242 9.56611 0.96 0.0242 9.93057 0.96
0.0242 10.3055 0.96 0.0242 10.6912 0.96 0.0242 11.0879 0.96 0.0242
11.496 0.96 0.0242 11.9159 0.96 0.0242 12.3478 0.96 0.0242 12.792
0.96 0.0242 13.2491 0.96 0.0242 13.7192 0.96 0.0242 14.2028 0.96
0.0242 14.7004 0.96 0.0242 15.2121 0.96 0.0242 15.7386 0.96 0.0242
16.2802 0.96 0.0242 16.8373 0.96 0.0242 17.4104 0.96 0.0242 18
0.96 0.0242 7.58321 1 0.0242 7.28423 1 0.0242 7.89076 1
0.0242 8.20715 1 0.0242 8.53261 1 0.0242 8.86741 1 0.0242
9.21182 1 0.0242 9.56611 1 0.0242 9.93057 1 0.0242 10.3055
1 0.0242 10.6912 1 0.0242 11.0879 1 0.0242 11.496 1
0.0242 11.9159 1 0.0242 12.3478 1 0.0242 12.792 1 0.0242
13.2491 1 0.0242 13.7192 1 0.0242 14.2028 1 0.0242 14.7004
1 0.0242 15.2121 1 0.0242 15.7386 1 0.0242 16.2802 1
0.0242 16.8373 1 0.0242 17.4104 1 0.0242 18 1 0.0242
5.65758 0.04 0.0242 5.41232 0.04 0.0242 5.41232 -0 0.0242 5.65758
-0 0.0242 5.90988 0.04 0.0242 5.90988 -0 0.0242 6.16942 0.04
0.0242 6.16942 -0 0.0242 6.43641 0.04 0.0242 6.43641 -0 0.0242
6.71106 0.04 0.0242 6.71106 -0 0.0242 6.99359 0.04 0.0242 6.99359
-0 0.0242 5.65758 0.08 0.0242 5.41232 0.08 0.0242 5.90988 0.08
0.0242 6.16942 0.08 0.0242 6.43641 0.08 0.0242 6.71106 0.08 0.0242
6.99359 0.08 0.0242 5.65758 0.12 0.0242 5.41232 0.12 0.0242 5.90988
0.12 0.0242 6.16942 0.12 0.0242 6.43641 0.12 0.0242 6.71106 0.12
0.0242 6.99359 0.12 0.0242 5.65758 0.16 0.0242 5.41232 0.16 0.0242
5.90988 0.16 0.0242 6.16942 0.16 0.0242 6.43641 0.16 0.0242 6.71106
0.16 0.0242 6.99359 0.16 0.0242 5.65758 0.2 0.0242 5.41232 0.2
0.0242 5.90988 0.2 0.0242 6.16942 0.2 0.0242 6.43641 0.2 0.0242
6.71106 0.2 0.0242 6.99359 0.2 0.0242 5.65758 0.24 0.0242 5.41232
0.24 0.0242 5.90988 0.24 0.0242 6.16942 0.24 0.0242 6.43641 0.24
0.0242 6.71106 0.24 0.0242 6.99359 0.24 0.0242 5.65758 0.28 0.0242
5.41232 0.28 0.0242 5.90988 0.28 0.0242 6.16942 0.28 0.0242 6.43641
0.28 0.0242 6.71106 0.28 0.0242 6.99359 0.28 0.0242 5.65758 0.32
0.0242 5.41232 0.32 0.0242 5.90988 0.32 0.0242 6.16942 0.32 0.0242
6.43641 0.32 0.0242 6.71106 0.32 0.0242 6.99359 0.32 0.0242 5.65758
0.36 0.0242 5.41232 0.36 0.0242 5.90988 0.36 0.0242 6.16942 0.36
0.0242 6.43641 0.36 0.0242 6.71106 0.36 0.0242 6.99359 0.36 0.0242
5.65758 0.4 0.0242 5.41232 0.4 0.0242 5.90988 0.4 0.0242 6.16942
0.4 0.0242 6.43641 0.4 0.0242 6.71106 0.4 0.0242 6.99359 0.4
0.0242 5.65758 0.44 0.0242 5.41232 0.44 0.0242 5.90988 0.44 0.0242
6.16942 0.44 0.0242 6.43641 0.44 0.0242 6.71106 0.44 0.0242 6.99359
0.44 0.0242 5.65758 0.48 0.0242 5.41232 0.48 0.0242 5.90988 0.48
0.0242 6.16942 0.48 0.0242 6.43641 0.48 0.0242 6.71106 0.48 0.0242
6.99359 0.48 0.0242 5.65758 0.52 0.0242 5.41232 0.52 0.0242 5.90988
0.52 0.0242 6.16942 0.52 0.0242 6.43641 0.52 0.0242 6.71106 0.52
0.0242 6.99359 0.52 0.0242 5.65758 0.56 0.0242 5.41232 0.56 0.0242
5.90988 0.56 0.0242 6.16942 0.56 0.0242 6.43641 0.56 0.0242 6.71106
0.56 0.0242 6.99359 0.56 0.0242 5.65758 0.6 0.0242 5.41232 0.6
0.0242 5.90988 0.6 0.0242 6.16942 0.6 0.0242 6.43641 0.6 0.0242
6.71106 0.6 0.0242 6.99359 0.6 0.0242 5.65758 0.64 0.0242 5.41232
0.64 0.0242 5.90988 0.64 0.0242 6.16942 0.64 0.0242 6.43641 0.64
0.0242 6.71106 0.64 0.0242 6.99359 0.64 0.0242 5.65758 0.68 0.0242
5.41232 0.68 0.0242 5.90988 0.68 0.0242 6.16942 0.68 0.0242 6.43641
0.68 0.0242 6.71106 0.68 0.0242 6.99359 0.68 0.0242 5.65758 0.72
0.0242 5.41232 0.72 0.0242 5.90988 0.72 0.0242 6.16942 0.72 0.0242
6.43641 0.72 0.0242 6.71106 0.72 0.0242 6.99359 0.72 0.0242 5.65758
0.76 0.0242 5.41232 0.76 0.0242 5.90988 0.76 0.0242 6.16942 0.76
0.0242 6.43641 0.76 0.0242 6.71106 0.76 0.0242 6.99359 0.76 0.0242
5.65758 0.8 0.0242 5.41232 0.8 0.0242 5.90988 0.8 0.0242 6.16942
0.8 0.0242 6.43641 0.8 0.0242 6.71106 0.8 0.0242 6.99359 0.8
0.0242 5.90988 0.84 0.0242 5.65758 0.84 0.0242 6.16942 0.84 0.0242
6.43641 0.84 0.0242 6.71106 0.84 0.0242 6.99359 0.84 0.0242 5.90988
0.88 0.0242 5.65758 0.88 0.0242 6.16942 0.88 0.0242 6.43641 0.88
0.0242 6.71106 0.88 0.0242 6.99359 0.88 0.0242 5.90988 0.92 0.0242
5.65758 0.92 0.0242 6.16942 0.92 0.0242 6.43641 0.92 0.0242 6.71106
0.92 0.0242 6.99359 0.92 0.0242 5.90988 0.96 0.0242 5.65758 0.96
0.0242 6.16942 0.96 0.0242 6.43641 0.96 0.0242 6.71106 0.96 0.0242
6.99359 0.96 0.0242 5.90988 1 0.0242 5.65758 1 0.0242 6.16942
1 0.0242 6.43641 1 0.0242 6.71106 1 0.0242 6.99359 1
0.0242 2.14901 0.0400008 0.0242 2.00164 0.0400018 0.0242 2.00164 9.27758e-41 0.0242
2.14901 3.64338e-44 0.0242 2.30062 0.0400003 0.0242 2.30062 0 0.0242 2.45658
0.0400001 0.0242 2.45658 -0 0.0242 2.61703 0.04 0.0242 2.61703 -0
0.0242 2.78207 0.04 0.0242 2.78207 -0 0.0242 2.95186 0.04 0.0242
2.95186 -0 0.0242 3.12652 0.04 0.0242 3.12652 -0 0.0242 3.30619
0.04 0.0242 3.30619 -0 0.0242 3.49101 0.04 0.0242 3.49101 -0
0.0242 3.68114 0.04 0.0242 3.68114 -0 0.0242 3.87672 0.04 0.0242
3.87672 -0 0.0242 4.07792 0.04 0.0242 4.07792 -0 0.0242 4.28489
0.04 0.0242 4.28489 -0 0.0242 4.4978 0.04 0.0242 4.4978 -0
0.0242 4.71682 0.04 0.0242 4.71682 -0 0.0242 4.94213 0.04 0.0242
4.94213 -0 0.0242 5.1739 0.04 0.0242 5.1739 -0 0.0242 2.14901
0.0800014 0.0242 2.00163 0.0800034 0.0242 2.30062 0.0800006 0.0242 2.45658 0.0800002
0.0242 2.61702 0.0800001 0.0242 2.78207 0.08 0.0242 2.95186 0.08 0.0242
3.12652 0.08 0.0242 3.30619 0.08 0.0242 3.49101 0.08 0.0242 3.68114
0.08 0.0242 3.87672 0.08 0.0242 4.07792 0.08 0.0242 4.28489 0.08
0.0242 4.4978 0.08 0.0242 4.71682 0.08 0.0242 4.94213 0.08 0.0242
5.1739 0.08 0.0242 2.14901 0.120002 0.0242 2.00163 0.120004 0.0242 2.30062
0.120001 0.0242 2.45658 0.12 0.0242 2.61702 0.12 0.0242 2.78207 0.12
0.0242 2.95186 0.12 0.0242 3.12652 0.12 0.0242 3.30619 0.12 0.0242
3.49101 0.12 0.0242 3.68114 0.12 0.0242 3.87672 0.12 0.0242 4.07792
0.12 0.0242 4.28489 0.12 0.0242 4.4978 0.12 0.0242 4.71682 0.12
0.0242 4.94213 0.12 0.0242 5.1739 0.12 0.0242 2.149 0.160002 0.0242
2.00163 0.160004 0.0242 2.30062 0.160001 0.0242 2.45658 0.16 0.0242 2.61702
0.16 0.0242 2.78207 0.16 0.0242 2.95186 0.16 0.0242 3.12652 0.16
0.0242 3.30619 0.16 0.0242 3.49101 0.16 0.0242 3.68114 0.16 0.0242
3.87672 0.16 0.0242 4.07792 0.16 0.0242 4.28489 0.16 0.0242 4.4978
0.16 0.0242 4.71682 0.16 0.0242 4.94213 0.16 0.0242 5.1739 0.16
0.0242 2.149 0.200002 0.0242 2.00163 0.200004 0.0242 2.30061 0.200001 0.0242
2.45658 0.2 0.0242 2.61702 0.2 0.0242 2.78207 0.2 0.0242 2.95186
0.2 0.0242 3.12652 0.2 0.0242 3.30619 0.2 0.0242 3.49101 0.2
0.0242 3.68114 0.2 0.0242 3.87672 0.2 0.0242 4.07792 0.2 0.0242
4.28489 0.2 0.0242 4.4978 0.2 0.0242 4.71682 0.2 0.0242 4.94213
0.2 0.0242 5.1739 0.2 0.0242 2.149 0.240003 0.0242 2.00162 0.240005
0.0242 2.30061 0.240001 0.0242 2.45658 0.240001 0.0242 2.61702 0.24 0.0242
2.78207 0.24 0.0242 2.95186 0.24 0.0242 3.12652 0.24 0.0242 3.30619
0.24 0.0242 3.49101 0.24 0.0242 3.68114 0.24 0.0242 3.87672 0.24
0.0242 4.07792 0.24 0.0242 4.28489 0.24 0.0242 4.4978 0.24 0.0242
4.71682 0.24 0.0242 4.94213 0.24 0.0242 5.1739 0.24 0.0242 2.149
0.280003 0.0242 2.00162 0.280006 0.0242 2.30061 0.280002 0.0242 2.45658 0.280001
0.0242 2.61702 0.28 0.0242 2.78207 0.28 0.0242 2.95186 0.28 0.0242
3.12652 0.28 0.0242 3.30619 0.28 0.0242 3.49101 0.28 0.0242 3.68114
0.28 0.0242 3.87672 0.28 0.0242 4.07792 0.28 0.0242 4.28489 0.28
0.0242 4.4978 0.28 0.0242 4.71682 0.28 0.0242 4.94213 0.28 0.0242
5.1739 0.28 0.0242 2.149 0.320004 0.0242 2.00162 0.320008 0.0242 2.30061
0.320002 0.0242 2.45658 0.320001 0.0242 2.61702 0.32 0.0242 2.78207 0.32
0.0242 2.95186 0.32 0.0242 3.12652 0.32 0.0242 3.30619 0.32 0.0242
3.49101 0.32 0.0242 3.68114 0.32 0.0242 3.87672 0.32 0.0242 4.07792
0.32 0.0242 4.28489 0.32 0.0242 4.4978 0.32 0.0242 4.71682 0.32
0.0242 4.94213 0.32 0.0242 5.1739 0.32 0.0242 2.149 0.360004 0.0242
2.00162 0.360008 0.0242 2.30061 0.360002 0.0242 2.45658 0.360001 0.0242 2.61702
0.36 0.0242 2.78207 0.36 0.0242 2.95186 0.36 0.0242 3.12652 0.36
0.0242 3.30619 0.36 0.0242 3.49101 0.36 0.0242 3.68114 0.36 0.0242
3.87672 0.36 0.0242 4.07792 0.36 0.0242 4.28489 0.36 0.0242 4.4978
0.36 0.0242 4.71682 0.36 0.0242 4.94213 0.36 0.0242 5.1739 0.36
0.0242 2.149 0.400003 0.0242 2.00162 0.400006 0.0242 2.30061 0.400002 0.0242
2.45658 0.400001 0.0242 2.61702 0.4 0.0242 2.78207 0.4 0.0242 2.95186
0.4 0.0242 3.12652 0.4 0.0242 3.30619 0.4 0.0242 3.49101 0.4
0.0242 3.68114 0.4 0.0242 3.87672 0.4 0.0242 4.07792 0.4 0.0242
4.28489 0.4 0.0242 4.4978 0.4 0.0242 4.71682 0.4 0.0242 4.94213
0.4 0.0242 5.1739 0.4 0.0242 2.149 0.440002 0.0242 2.00162 0.440004
0.0242 2.30061 0.440001 0.0242 2.45658 0.44 0.0242 2.61702 0.44 0.0242
2.78207 0.44 0.0242 2.95186 0.44 0.0242 3.12652 0.44 0.0242 3.30619
0.44 0.0242 3.49101 0.44 0.0242 3.68114 0.44 0.0242 3.87672 0.44
0.0242 4.07792 0.44 0.0242 4.28489 0.44 0.0242 4.4978 0.44 0.0242
4.71682 0.44 0.0242 4.94213 0.44 0.0242 5.1739 0.44 0.0242 2.149
0.480001 0.0242 2.00162 0.480001 0.0242 2.30061 0.48 0.0242 2.45658 0.48
0.0242 2.61702 0.48 0.0242 2.78207 0.48 0.0242 2.95186 0.48 0.0242
3.12652 0.48 0.0242 3.30619 0.48 0.0242 3.49101 0.48 0.0242 3.68114
0.48 0.0242 3.87672 0.48 0.0242 4.07792 0.48 0.0242 4.28489 0.48
0.0242 4.4978 0.48 0.0242 4.71682 0.48 0.0242 4.94213 0.48 0.0242
5.1739 0.48 0.0242 2.149 0.519999 0.0242 2.00162 0.519999 0.0242 2.30061
0.52 0.0242 2.45658 0.52 0.0242 2.61702 0.52 0.0242 2.78207 0.52
0.0242 2.95186 0.52 0.0242 3.12652 0.52 0.0242 3.30619 0.52 0.0242
3.49101 0.52 0.0242 3.68114 0.52 0.0242 3.87672 0.52 0.0242 4.07792
0.52 0.0242 4.28489 0.52 0.0242 4.4978 0.52 0.0242 4.71682 0.52
0.0242 4.94213 0.52 0.0242 5.1739 0.52 0.0242 2.149 0.559998 0.0242
2.00162 0.559996 0.0242 2.30061 0.559999 0.0242 2.45658 0.56 0.0242 2.61702
0.56 0.0242 2.78207 0.56 0.0242 2.95186 0.56 0.0242 3.12652 0.56
0.0242 3.30619 0.56 0.0242 3.49101 0.56 0.0242 3.68114 0.56 0.0242
3.87672 0.56 0.0242 4.07792 0.56 0.0242 4.28489 0.56 0.0242 4.4978
0.56 0.0242 4.71682 0.56 0.0242 4.94213 0.56 0.0242 5.1739 0.56
0.0242 2.149 0.599997 0.0242 2.00162 0.599994 0.0242 2.30061 0.599998 0.0242
2.45658 0.599999 0.0242 2.61702 0.6 0.0242 2.78207 0.6 0.0242 2.95186
0.6 0.0242 3.12652 0.6 0.0242 3.30619 0.6 0.0242 3.49101 0.6
0.0242 3.68114 0.6 0.0242 3.87672 0.6 0.0242 4.07792 0.6 0.0242
4.28489 0.6 0.0242 4.4978 0.6 0.0242 4.71682 0.6 0.0242 4.94213
0.6 0.0242 5.1739 0.6 0.0242 2.149 0.639996 0.0242 2.00162 0.639992
0.0242 2.30061 0.639998 0.0242 2.45658 0.639999 0.0242 2.61702 0.64 0.0242
2.78207 0.64 0.0242 2.95186 0.64 0.0242 3.12652 0.64 0.0242 3.30619
0.64 0.0242 3.49101 0.64 0.0242 3.68114 0.64 0.0242 3.87672 0.64
0.0242 4.07792 0.64 0.0242 4.28489 0.64 0.0242 4.4978 0.64 0.0242
4.71682 0.64 0.0242 4.94213 0.64 0.0242 5.1739 0.64 0.0242 2.149
0.679996 0.0242 2.00162 0.679992 0.0242 2.30061 0.679998 0.0242 2.45658 0.679999
0.0242 2.61702 0.68 0.0242 2.78207 0.68 0.0242 2.95186 0.68 0.0242
3.12652 0.68 0.0242 3.30619 0.68 0.0242 3.49101 0.68 0.0242 3.68114
0.68 0.0242 3.87672 0.68 0.0242 4.07792 0.68 0.0242 4.28489 0.68
0.0242 4.4978 0.68 0.0242 4.71682 0.68 0.0242 4.94213 0.68 0.0242
5.1739 0.68 0.0242 2.149 0.719997 0.0242 2.00162 0.719994 0.0242 2.30061
0.719998 0.0242 2.45658 0.719999 0.0242 2.61702 0.72 0.0242 2.78207 0.72
0.0242 2.95186 0.72 0.0242 3.12652 0.72 0.0242 3.30619 0.72 0.0242
3.49101 0.72 0.0242 3.68114 0.72 0.0242 3.87672 0.72 0.0242 4.07792
0.72 0.0242 4.28489 0.72 0.0242 4.4978 0.72 0.0242 4.71682 0.72
0.0242 4.94213 0.72 0.0242 5.1739 0.72 0.0242 2.149 0.759997 0.0242
2.00162 0.759995 0.0242 2.30061 0.759999 0.0242 2.45658 0.759999 0.0242 2.61702
0.76 0.0242 2.78207 0.76 0.0242 2.95186 0.76 0.0242 3.12652 0.76
0.0242 3.30619 0.76 0.0242 3.49101 0.76 0.0242 3.68114 0.76 0.0242
3.87672 0.76 0.0242 4.07792 0.76 0.0242 4.28489 0.76 0.0242 4.4978
0.76 0.0242 4.71682 0.76 0.0242 4.94213 0.76 0.0242 5.1739 0.76
0.0242 2.149 0.799998 0.0242 2.00162 0.799996 0.0242 2.30061 0.799999 0.0242
2.45658 0.8 0.0242 2.61702 0.8 0.0242 2.78207 0.8 0.0242 2.95186
0.8 0.0242 3.12652 0.8 0.0242 3.30619 0.8 0.0242 3.49101 0.8
0.0242 3.68114 0.8 0.0242 3.87672 0.8 0.0242 4.07792 0.8 0.0242
4.28489 0.8 0.0242 4.4978 0.8 0.0242 4.71682 0.8 0.0242 4.94213
0.8 0.0242 5.1739 0.8 0.0242 2.149 0.839998 0.0242 2.00163 0.839996
0.0242 2.30061 0.839999 0.0242 2.45658 0.84 0.0242 2.61702 0.84 0.0242
2.78207 0.84 0.0242 2.95186 0.84 0.0242 3.12652 0.84 0.0242 3.30619
0.84 0.0242 3.49101 0.84 0.0242 3.68114 0.84 0.0242 3.87672 0.84
0.0242 4.07792 0.84 0.0242 4.28489 0.84 0.0242 4.4978 0.84 0.0242
4.71682 0.84 0.0242 4.94213 0.84 0.0242 5.1739 0.84 0.0242 5.41232
0.84 0.0242 2.149 0.879998 0.0242 2.00163 0.879996 0.0242 2.30062 0.879999
0.0242 2.45658 0.88 0.0242 2.61702 0.88 0.0242 2.78207 0.88 0.0242
2.95186 0.88 0.0242 3.12652 0.88 0.0242 3.30619 0.88 0.0242 3.49101
0.88 0.0242 3.68114 0.88 0.0242 3.87672 0.88 0.0242 4.07792 0.88
0.0242 4.28489 0.88 0.0242 4.4978 0.88 0.0242 4.71682 0.88 0.0242
4.94213 0.88 0.0242 5.1739 0.88 0.0242 5.41232 0.88 0.0242 2.14901
0.919998 0.0242 2.00163 0.919996 0.0242 2.30062 0.919999 0.0242 2.45658 0.92
0.0242 2.61702 0.92 0.0242 2.78207 0.92 0.0242 2.95186 0.92 0.0242
3.12652 0.92 0.0242 3.30619 0.92 0.0242 3.49101 0.92 0.0242 3.68114
0.92 0.0242 3.87672 0.92 0.0242 4.07792 0.92 0.0242 4.28489 0.92
0.0242 4.4978 0.92 0.0242 4.71682 0.92 0.0242 4.94213 0.92 0.0242
5.1739 0.92 0.0242 5.41232 0.92 0.0242 2.14901 0.959999 0.0242 2.00164
0.959998 0.0242 2.30062 0.96 0.0242 2.45658 0.96 0.0242 2.61702 0.96
0.0242 2.78207 0.96 0.0242 2.95186 0.96 0.0242 3.12652 0.96 0.0242
3.30619 0.96 0.0242 3.49101 0.96 0.0242 3.68114 0.96 0.0242 3.87672
0.96 0.0242 4.07792 0.96 0.0242 4.28489 0.96 0.0242 4.4978 0.96
0.0242 4.71682 0.96 0.0242 4.94213 0.96 0.0242 5.1739 0.96 0.0242
5.41232 0.96 0.0242 2.14901 1 0.0242 2.00164 1 0.0242 2.30062
1 0.0242 2.45658 1 0.0242 2.61703 1 0.0242 2.78207 1
0.0242 2.95186 1 0.0242 3.12652 1 0.0242 3.30619 1 0.0242
3.49101 1 0.0242 3.68114 1 0.0242 3.87672 1 0.0242 4.07792
1 0.0242 4.28489 1 0.0242 4.4978 1 0.0242 4.71682 1
0.0242 4.94213 1 0.0242 5.1739 1 0.0242 5.41232 1 0.0242
1.66246 0.0190665 0.0242 1.65175 0.0196417 0.0242 1.64107 0.0198812 0.0242 1.64126
-8.28448e-42 0.0242 1.66218 3.72745e-43 0.0242 1.68271 -4.08885e-40 0.0242 1.70269 -1.53744e-37
0.0242 1.7028 0.0191291 0.0242 1.68328 0.0182279 0.0242 1.76224 0.039939 0.0242
1.72243 0.0394803 0.0242 1.72261 0.019505 0.0242 1.72258 -2.82715e-37 0.0242 1.76227
-5.49935e-35 0.0242 1.80201 0.0400319 0.0242 1.80204 8.55019e-35 0.0242 1.84184 0.040032
0.0242 1.84185 -1.81954e-36 0.0242 1.88173 0.0400189 0.0242 1.88174 -1.72177e-36 0.0242
1.92166 0.0400093 0.0242 1.92167 -4.9188e-38 0.0242 1.96164 0.0400041 0.0242 1.96164
2.67293e-39 0.0242 1.69282 0.0382875 0.0242 1.6921 0.0489137 0.0242 1.68196 0.048675
0.0242 1.68361 0.0373726 0.0242 1.76217 0.0804141 0.0242 1.72217 0.0808401 0.0242
1.72213 0.059989 0.0242 1.80199 0.0802016 0.0242 1.84183 0.0800947 0.0242 1.88172
0.0800429 0.0242 1.92166 0.0800187 0.0242 1.96163 0.0800079 0.0242 1.68114 0.0812291
0.0242 1.69134 0.0808294 0.0242 1.70169 0.0808218 0.0242 1.70287 0.10262 0.0242
1.68371 0.104447 0.0242 1.68195 0.0925148 0.0242 1.76227 0.120669 0.0242 1.72268
0.121698 0.0242 1.72259 0.101731 0.0242 1.802 0.120287 0.0242 1.84182 0.120124
0.0242 1.88171 0.120053 0.0242 1.92165 0.120023 0.0242 1.96163 0.12001 0.0242
1.65166 0.12224 0.0242 1.66237 0.122841 0.0242 1.66227 0.14212 0.0242 1.64116
0.141921 0.0242 1.64104 0.121901 0.0242 1.72261 0.160321 0.0242 1.7029 0.160264
0.0242 1.68333 0.160546 0.0242 1.68294 0.141995 0.0242 1.68331 0.123578 0.0242
1.70295 0.122598 0.0242 1.76222 0.160281 0.0242 1.80197 0.160163 0.0242 1.84179
0.160085 0.0242 1.88169 0.160041 0.0242 1.92164 0.160019 0.0242 1.96162 0.160009
0.0242 1.65181 0.162391 0.0242 1.65183 0.172789 0.0242 1.64096 0.172935 0.0242
1.64105 0.162466 0.0242 1.7028 0.179898 0.0242 1.68371 0.17966 0.0242 1.68364
0.170109 0.0242 1.76204 0.200012 0.0242 1.72202 0.199865 0.0242 1.72249 0.179997
0.0242 1.80189 0.200047 0.0242 1.84176 0.200041 0.0242 1.88167 0.200027 0.0242
1.92163 0.200015 0.0242 1.96162 0.200008 0.0242 1.69128 0.199895 0.0242 1.69118
0.209791 0.0242 1.68091 0.209856 0.0242 1.68113 0.199998 0.0242 1.76203 0.239929
0.0242 1.72209 0.239627 0.0242 1.72185 0.219712 0.0242 1.80188 0.240017 0.0242
1.84175 0.240031 0.0242 1.88166 0.240025 0.0242 1.92162 0.240015 0.0242 1.96161
0.240009 0.0242 1.68195 0.238891 0.0242 1.69178 0.239172 0.0242 1.70187 0.239354
0.0242 1.70277 0.259406 0.0242 1.68372 0.258605 0.0242 1.68376 0.248785 0.0242
1.76213 0.280135 0.0242 1.72253 0.28015 0.0242 1.72246 0.259702 0.0242 1.8019
0.280098 0.0242 1.84175 0.280064 0.0242 1.88166 0.280038 0.0242 1.92162 0.280021
0.0242 1.96161 0.280012 0.0242 1.66255 0.279279 0.0242 1.66289 0.303892 0.0242
1.65235 0.304686 0.0242 1.64183 0.304473 0.0242 1.64134 0.278944 0.0242 1.7028
0.280094 0.0242 1.70289 0.301114 0.0242 1.68343 0.302289 0.0242 1.68308 0.279898
0.0242 1.76211 0.320396 0.0242 1.72243 0.320887 0.0242 1.7226 0.300736 0.0242
1.8019 0.320195 0.0242 1.84175 0.3201 0.0242 1.88166 0.320053 0.0242 1.92162
0.320027 0.0242 1.96161 0.320014 0.0242 1.68372 0.322077 0.0242 1.70279 0.321313
0.0242 1.70179 0.340925 0.0242 1.68112 0.341068 0.0242 1.68196 0.331723 0.0242
1.762 0.360313 0.0242 1.7219 0.360555 0.0242 1.72202 0.340777 0.0242 1.80187
0.360172 0.0242 1.84175 0.360094 0.0242 1.88166 0.360051 0.0242 1.92162 0.360027
0.0242 1.96161 0.360014 0.0242 1.68087 0.360386 0.0242 1.70158 0.360557 0.0242
1.70212 0.380518 0.0242 1.68197 0.380506 0.0242 1.68109 0.370342 0.0242 1.76213
0.400108 0.0242 1.72244 0.400298 0.0242 1.72216 0.380461 0.0242 1.80191 0.400072
0.0242 1.84176 0.40005 0.0242 1.88167 0.400033 0.0242 1.92162 0.40002 0.0242
1.96161 0.400011 0.0242 1.6518 0.398099 0.0242 1.66266 0.398964 0.0242 1.6623
0.418966 0.0242 1.64112 0.4187 0.0242 1.64093 0.397935 0.0242 1.72248 0.439095
0.0242 1.7027 0.438515 0.0242 1.68293 0.43804 0.0242 1.68297 0.419558 0.0242
1.6837 0.400865 0.0242 1.70281 0.400564 0.0242 1.76215 0.439741 0.0242 1.80192
0.439936 0.0242 1.84176 0.439997 0.0242 1.88167 0.44001 0.0242 1.92163 0.44001
0.0242 1.96162 0.440006 0.0242 1.65175 0.438715 0.0242 1.65171 0.448736 0.0242
1.64111 0.449008 0.0242 1.64124 0.438958 0.0242 1.70271 0.458225 0.0242 1.68352
0.456862 0.0242 1.68318 0.447481 0.0242 1.76205 0.479787 0.0242 1.7221 0.479329
0.0242 1.72244 0.458879 0.0242 1.8019 0.47994 0.0242 1.84176 0.479987 0.0242
1.88167 0.48 0.0242 1.92163 0.480002 0.0242 1.96162 0.480002 0.0242 1.69175
0.478748 0.0242 1.69141 0.48932 0.0242 1.68114 0.489146 0.0242 1.68193 0.47815
0.0242 1.76205 0.520213 0.0242 1.7221 0.520671 0.0242 1.72191 0.5 0.0242
1.8019 0.52006 0.0242 1.84176 0.520013 0.0242 1.88167 0.52 0.0242 1.92163
0.519998 0.0242 1.96162 0.519998 0.0242 1.68193 0.52185 0.0242 1.69175 0.521251
0.0242 1.70185 0.520991 0.0242 1.70271 0.541774 0.0242 1.68352 0.543138 0.0242
1.68372 0.533608 0.0242 1.76215 0.560258 0.0242 1.72248 0.560904 0.0242 1.72244
0.54112 0.0242 1.80192 0.560064 0.0242 1.84176 0.560003 0.0242 1.88167 0.55999
0.0242 1.92163 0.55999 0.0242 1.96162 0.559994 0.0242 1.65175 0.561286 0.0242
1.66229 0.561618 0.0242 1.6623 0.581034 0.0242 1.64111 0.581299 0.0242 1.64124
0.561043 0.0242 1.72244 0.599703 0.0242 1.70281 0.599436 0.0242 1.6837 0.599136
0.0242 1.68297 0.580442 0.0242 1.68293 0.56196 0.0242 1.7027 0.561484 0.0242
1.76213 0.599892 0.0242 1.80191 0.599928 0.0242 1.84176 0.59995 0.0242 1.88167
0.599967 0.0242 1.92162 0.59998 0.0242 1.96161 0.599989 0.0242 1.6518 0.601901
0.0242 1.65175 0.611 0.0242 1.64093 0.611 0.0242 1.64093 0.602065 0.0242
1.70212 0.619482 0.0242 1.68197 0.619494 0.0242 1.68377 0.608783 0.0242 1.762
0.639687 0.0242 1.7219 0.639446 0.0242 1.72216 0.619539 0.0242 1.80187 0.639828
0.0242 1.84174 0.639906 0.0242 1.88166 0.639949 0.0242 1.92162 0.639973 0.0242
1.96161 0.639986 0.0242 1.68087 0.639614 0.0242 1.70158 0.639443 0.0242 1.70179
0.659075 0.0242 1.68112 0.658932 0.0242 1.68085 0.649387 0.0242 1.76211 0.679604
0.0242 1.72243 0.679113 0.0242 1.72202 0.659223 0.0242 1.8019 0.679805 0.0242
1.84175 0.6799 0.0242 1.88166 0.679947 0.0242 1.92162 0.679973 0.0242 1.96161
0.679986 0.0242 1.65238 0.684434 0.0242 1.64181 0.684364 0.0242 1.64174 0.675
0.0242 1.65231 0.675 0.0242 1.70279 0.678688 0.0242 1.70289 0.698886 0.0242
1.68343 0.69771 0.0242 1.68371 0.687581 0.0242 1.68372 0.677923 0.0242 1.76213
0.719864 0.0242 1.72253 0.719849 0.0242 1.7226 0.699264 0.0242 1.8019 0.719901
0.0242 1.84175 0.719936 0.0242 1.88166 0.719961 0.0242 1.92162 0.719979 0.0242
1.96161 0.719988 0.0242 1.66285 0.743825 0.0242 1.65193 0.744788 0.0242 1.64093
0.74486 0.0242 1.64134 0.721056 0.0242 1.66255 0.720721 0.0242 1.68308 0.720102
0.0242 1.7028 0.719906 0.0242 1.70277 0.740594 0.0242 1.68372 0.741395 0.0242
1.76203 0.76007 0.0242 1.72209 0.760372 0.0242 1.72246 0.740298 0.0242 1.80187
0.759982 0.0242 1.84174 0.759967 0.0242 1.88166 0.759975 0.0242 1.92162 0.759984
0.0242 1.96161 0.759991 0.0242 1.69178 0.760828 0.0242 1.69141 0.77062 0.0242
1.68115 0.770697 0.0242 1.68195 0.761109 0.0242 1.76203 0.799985 0.0242 1.72201
0.800132 0.0242 1.72185 0.780287 0.0242 1.80189 0.79995 0.0242 1.84176 0.799957
0.0242 1.88167 0.799972 0.0242 1.92163 0.799985 0.0242 1.96162 0.799991 0.0242
1.68113 0.800002 0.0242 1.69128 0.800105 0.0242 1.70159 0.800155 0.0242 1.7028
0.8201 0.0242 1.68371 0.82034 0.0242 1.68196 0.809938 0.0242 1.76221 0.839713
0.0242 1.7226 0.839675 0.0242 1.72248 0.82 0.0242 1.80195 0.839833 0.0242
1.84179 0.839912 0.0242 1.88169 0.839957 0.0242 1.92164 0.83998 0.0242 1.96162
0.83999 0.0242 1.65181 0.837608 0.0242 1.66255 0.838214 0.0242 1.66227 0.857874
0.0242 1.64116 0.858074 0.0242 1.64105 0.837533 0.0242 1.72267 0.878296 0.0242
1.70295 0.877397 0.0242 1.68331 0.876419 0.0242 1.68294 0.857998 0.0242 1.68332
0.839453 0.0242 1.7029 0.839733 0.0242 1.76226 0.879325 0.0242 1.80198 0.879708
0.0242 1.84181 0.879873 0.0242 1.8817 0.879945 0.0242 1.92164 0.879976 0.0242
1.96163 0.87999 0.0242 1.65166 0.877758 0.0242 1.65158 0.88792 0.0242 1.64092
0.88817 0.0242 1.64103 0.878097 0.0242 1.70287 0.897379 0.0242 1.68371 0.895553
0.0242 1.68361 0.885824 0.0242 1.76215 0.919581 0.0242 1.72216 0.91916 0.0242
1.72258 0.898267 0.0242 1.80197 0.919794 0.0242 1.84181 0.919902 0.0242 1.88171
0.919955 0.0242 1.92165 0.919981 0.0242 1.96163 0.919991 0.0242 1.69134 0.919173
0.0242 1.69131 0.929744 0.0242 1.68097 0.929688 0.0242 1.68114 0.918771 0.0242
1.76221 0.960053 0.0242 1.72241 0.96051 0.0242 1.72212 0.940007 0.0242 1.802
0.959963 0.0242 1.84183 0.959966 0.0242 1.88172 0.95998 0.0242 1.92166 0.95999
0.0242 1.96163 0.959995 0.0242 1.6517 0.970125 0.0242 1.64095 0.969917 0.0242
1.64091 0.961 0.0242 1.6516 0.961 0.0242 1.68361 0.962626 0.0242 1.69282
0.961709 0.0242 1.70254 0.961168 0.0242 1.70278 0.980864 0.0242 1.68327 0.98177
0.0242 1.68358 0.972351 0.0242 1.76225 1 0.0242 1.72255 1 0.0242
1.72259 0.980487 0.0242 1.80202 1 0.0242 1.84184 1 0.0242 1.88173
1 0.0242 1.92167 1 0.0242 1.96164 1 0.0242 1.64091 0.039
0.0242 1.63005 0.039 0.0242 1.6301 0.0299386 0.0242 1.64095 0.0300834 0.0242
1.6732 0.0182287 0.0242 1.6517 0.0298755 0.0242 1.6516 0.039 0.0242 1.672
0.039 0.0242 1.67378 0.0274612 0.0242 1.68358 0.0276478 0.0242 1.672 0.0916772
0.0242 1.672 0.0811509 0.0242 1.65158 0.112079 0.0242 1.64092 0.111829 0.0242
1.67316 0.123633 0.0242 1.67373 0.114467 0.0242 1.68361 0.114175 0.0242 1.67384
0.170273 0.0242 1.67325 0.160831 0.0242 1.672 0.200131 0.0242 1.672 0.190915
0.0242 1.68196 0.190062 0.0242 1.672 0.246 0.0242 1.672 0.237994 0.0242
1.64093 0.25514 0.0242 1.65193 0.255213 0.0242 1.66285 0.256175 0.0242 1.67401
0.258038 0.0242 1.672 0.332548 0.0242 1.672 0.325 0.0242 1.672 0.360298
0.0242 1.672 0.35052 0.0242 1.68085 0.350613 0.0242 1.672 0.370188 0.0242
1.64093 0.389 0.0242 1.65175 0.389 0.0242 1.67396 0.400798 0.0242 1.672
0.389 0.0242 1.68377 0.391217 0.0242 1.67303 0.447529 0.0242 1.67275 0.438021
0.0242 1.672 0.478867 0.0242 1.672 0.468 0.0242 1.68372 0.466392 0.0242
1.672 0.532 0.0242 1.672 0.521133 0.0242 1.65171 0.551264 0.0242 1.64111
0.550993 0.0242 1.67275 0.561979 0.0242 1.67303 0.552471 0.0242 1.68318 0.552519
0.0242 1.672 0.611 0.0242 1.67396 0.599202 0.0242 1.672 0.639702 0.0242
1.672 0.629812 0.0242 1.68109 0.629658 0.0242 1.672 0.64948 0.0242 1.672
0.675 0.0242 1.672 0.667452 0.0242 1.68196 0.668277 0.0242 1.67401 0.741962
0.0242 1.672 0.762006 0.0242 1.672 0.754 0.0242 1.68376 0.751215 0.0242
1.672 0.809085 0.0242 1.672 0.799869 0.0242 1.65183 0.82721 0.0242 1.64096
0.827065 0.0242 1.67325 0.839168 0.0242 1.67384 0.829727 0.0242 1.68364 0.82989
0.0242 1.67373 0.885532 0.0242 1.67316 0.876364 0.0242 1.672 0.918849 0.0242
1.672 0.908323 0.0242 1.68195 0.907485 0.0242 1.67378 0.972538 0.0242 1.672
0.961 0.0242 1.66218 1 0.0242 1.64125 1 0.0242 1.64107 0.980119
0.0242 1.65175 0.980358 0.0242 1.66246 0.980933 0.0242 1.68271 1 0.0242
1.67319 0.98177 0.0242 1.70255 0.0388265 0.0242 1.672 0.0494015 0.0242 1.672
0.0702864 0.0242 1.68097 0.0703122 0.0242 1.70178 0.0597059 0.0242 1.70214 0.0491605
0.0242 1.69131 0.0702576 0.0242 1.7016 0.0702757 0.0242 1.66255 0.161785 0.0242
1.66268 0.171984 0.0242 1.6518 0.182 0.0242 1.64093 0.182 0.0242 1.66198
0.182 0.0242 1.70159 0.199844 0.0242 1.672 0.209908 0.0242 1.672 0.22924
0.0242 1.68115 0.229303 0.0242 1.70145 0.219626 0.0242 1.70142 0.209759 0.0242
1.69141 0.22938 0.0242 1.70159 0.229458 0.0242 1.64092 0.246 0.0242 1.6519
0.246 0.0242 1.66215 0.246 0.0242 1.67343 0.302996 0.0242 1.65231 0.325
0.0242 1.64174 0.325 0.0242 1.64181 0.315635 0.0242 1.65238 0.315566 0.0242
1.67396 0.31295 0.0242 1.68371 0.312419 0.0242 1.66229 0.438382 0.0242 1.66236
0.448204 0.0242 1.65164 0.458912 0.0242 1.64095 0.459135 0.0242 1.66241 0.458136
0.0242 1.70185 0.479009 0.0242 1.672 0.489204 0.0242 1.672 0.510796 0.0242
1.68114 0.510854 0.0242 1.70153 0.5 0.0242 1.7016 0.489442 0.0242 1.69141
0.51068 0.0242 1.7016 0.510558 0.0242 1.65164 0.541088 0.0242 1.64095 0.540865
0.0242 1.6409 0.532 0.0242 1.65151 0.532 0.0242 1.66241 0.541864 0.0242
1.66159 0.532 0.0242 1.66266 0.601036 0.0242 1.66189 0.611 0.0242 1.67396
0.68705 0.0242 1.64183 0.695527 0.0242 1.65235 0.695314 0.0242 1.66289 0.696108
0.0242 1.67343 0.697004 0.0242 1.70187 0.760646 0.0242 1.672 0.77076 0.0242
1.672 0.790092 0.0242 1.68091 0.790144 0.0242 1.70145 0.780374 0.0242 1.70159
0.770542 0.0242 1.69118 0.790209 0.0242 1.70142 0.790241 0.0242 1.66237 0.877157
0.0242 1.66236 0.887126 0.0242 1.65144 0.897 0.0242 1.64089 0.897 0.0242
1.66148 0.897 0.0242 1.70169 0.91918 0.0242 1.672 0.929714 0.0242 1.672
0.950599 0.0242 1.68196 0.951324 0.0242 1.70178 0.940293 0.0242 1.70159 0.929726
0.0242 1.69209 0.951084 0.0242 1.70214 0.950836 0.0242 1.6617 0.961 0.0242
1.6625 0.970915 0.0242 1.70268 1 0.0242 1.63035 0.0197728 0.0242 1.6625
0.0290846 0.0242 1.6617 0.039 0.0242 1.672 0.103 0.0242 1.64089 0.103
0.0242 1.65144 0.103 0.0242 1.66236 0.112873 0.0242 1.66148 0.103 0.0242
1.672 0.182 0.0242 1.672 0.34107 0.0242 1.672 0.379634 0.0242 1.66189
0.389 0.0242 1.67371 0.456568 0.0242 1.65151 0.468 0.0242 1.6409 0.468
0.0242 1.66159 0.468 0.0242 1.67371 0.543432 0.0242 1.66236 0.551796 0.0242
1.672 0.620366 0.0242 1.672 0.65893 0.0242 1.6519 0.754 0.0242 1.64092
0.754 0.0242 1.66215 0.754 0.0242 1.672 0.818 0.0242 1.64093 0.818
0.0242 1.6518 0.818 0.0242 1.66268 0.828015 0.0242 1.66198 0.818 0.0242
1.672 0.897 0.0242 1.69154 0.0595911 0.0242 1.68117 0.0595083 0.0242 1.69121
0.219612 0.0242 1.68092 0.219633 0.0242 1.69128 0.5 0.0242 1.68096 0.5
0.0242 1.66236 0.675 0.0242 1.66303 0.685271 0.0242 1.69121 0.780387 0.0242
1.68092 0.780367 0.0242 1.69154 0.940408 0.0242 1.68117 0.940492 0.0242 1.672
0.0595522 0.0242 1.672 0.219682 0.0242 1.66303 0.314729 0.0242 1.66236 0.325
0.0242 1.672 0.5 0.0242 1.672 0.780318 0.0242 1.672 0.940447 0.0242
1.63037 0.121821 0.0242 1.63016 0.111889 0.0242 1.62998 0.172668 0.0242 1.63026
0.162115 0.0242 1.62978 0.25532 0.0242 1.62991 0.398132 0.0242 1.62994 0.389
0.0242 1.63051 0.449043 0.0242 1.63075 0.439089 0.0242 1.63075 0.560914 0.0242
1.63051 0.550959 0.0242 1.62994 0.611 0.0242 1.62991 0.601867 0.0242 1.62978
0.74468 0.0242 1.63026 0.837884 0.0242 1.62998 0.827332 0.0242 1.63016 0.888111
0.0242 1.63037 0.878178 0.0242 1.63005 0.961 0.0242 1.6301 0.970062 0.0242
1.63035 0.980227 0.0242 1.63149 0.30408 0.0242 1.63142 0.315274 0.0242 1.63134
0.325 0.0242 1.63134 0.675 0.0242 1.63142 0.684726 0.0242 1.63149 0.69592
0.0242 1.63016 0.103 0.0242 1.62988 0.182 0.0242 1.62976 0.246 0.0242
1.63016 0.45904 0.0242 1.6301 0.468 0.0242 1.6301 0.532 0.0242 1.63016
0.54096 0.0242 1.62976 0.754 0.0242 1.62988 0.818 0.0242 1.63016 0.897
0.0242 
POLYGONS 5843 30393
4 0 1 2 3 4 4 0 3 5 4
6 4 5 7 4 8 6 7 9 4
10 8 9 11 4 12 10 11 13 4
14 12 13 15 4 16 14 15 17 4
18 16 17 19 4 20 18 19 21 4
22 20 21 23 4 24 22 23 25 4
26 24 25 27 4 28 26 27 29 4
30 28 29 31 4 32 30 31 33 4
34 32 33 35 6 36 37 38 34 35
39 4 40 36 39 41 5 42 43 44
45 46 5 47 48 49 50 51 4 52
53 54 55 5 56 57 58 59 60 5
61 62 63 64 65 4 66 67 1 0
4 68 66 0 4 4 69 68 4 6
4 70 69 6 8 4 71 70 8 10
4 72 71 10 12 4 73 72 12 14
4 74 73 14 16 4 75 74 16 18
4 76 75 18 20 4 77 76 20 22
4 78 77 22 24 4 79 78 24 26
4 80 79 26 28 4 81 80 28 30
4 82 81 30 32 5 83 84 82 32
34 4 85 83 34 38 4 86 87 88
37 5 89 90 91 92 93 4 94 95
96 97 4 98 99 67 66 4 100 98
66 68 4 101 100 68 69 4 102 101
69 70 4 103 102 70 71 4 104 103
71 72 4 105 104 72 73 4 106 105
73 74 4 107 106 74 75 4 108 107
75 76 4 109 108 76 77 4 110 109
77 78 4 111 110 78 79 4 112 111
79 80 4 113 112 80 81 4 114 113
81 82 5 115 116 114 82 84 4 117
115 84 118 4 119 120 121 122 5 123
124 125 126 127 4 128 129 130 131 4
132 133 99 98 4 134 132 98 100 4
135 134 100 101 4 136 135 101 102 4
137 136 102 103 4 138 137 103 104 4
139 138 104 105 4 140 139 105 106 4
141 140 106 107 4 142 141 107 108 4
143 142 108 109 4 144 143 109 110 4
145 144 110 111 4 146 145 111 112 4
147 146 112 113 4 148 147 113 114 4
149 148 114 116 7 150 151 152 149 116
153 154 4 155 156 150 154 5 157 158
159 160 161 5 162 163 164 165 166 8
167 168 169 170 171 172 173 174 5 175
176 177 167 174 5 178 179 180 181 182
4 183 184 133 132 4 185 183 132 134
4 186 185 134 135 4 187 186 135 136
4 188 187 136 137 4 189 188 137 138
4 190 189 138 139 4 191 190 139 140
4 192 191 140 141 4 193 192 141 142
4 194 193 142 143 4 195 194 143 144
4 196 195 144 145 4 197 196 145 146
4 198 197 146 147 4 199 198 147 148
5 200 201 199 148 149 4 202 200 149
152 6 203 204 205 206 207 151 4 208
209 210 211 4 212 213 214 215 4 170
169 216 217 4 218 219 220 168 4 221
222 223 224 4 225 226 184 183 4 227
225 183 185 4 228 227 185 186 4 229
228 186 187 4 230 229 187 188 4 231
230 188 189 4 232 231 189 190 4 233
232 190 191 4 234 233 191 192 4 235
234 192 193 4 236 235 193 194 4 237
236 194 195 4 238 237 195 196 4 239
238 196 197 4 240 239 197 198 4 241
240 198 199 5 242 243 241 199 201 4
244 245 242 201 4 246 247 248 249 5
250 251 252 253 254 4 255 256 257 258
4 259 260 226 225 4 261 259 225 227
4 262 261 227 228 4 263 262 228 229
4 264 263 229 230 4 265 264 230 231
4 266 265 231 232 4 267 266 232 233
4 268 267 233 234 4 269 268 234 235
4 270 269 235 236 4 271 270 236 237
4 272 271 237 238 4 273 272 238 239
4 274 273 239 240 4 275 274 240 241
4 276 275 241 243 6 277 278 276 243
279 280 6 277 280 281 282 283 284 4
285 286 287 288 4 289 290 291 292 4
293 294 260 259 4 295 293 259 261 4
296 295 261 262 4 297 296 262 263 4
298 297 263 264 4 299 298 264 265 4
300 299 265 266 4 301 300 266 267 4
302 301 267 268 4 303 302 268 269 4
304 303 269 270 4 305 304 270 271 4
306 305 271 272 4 307 306 272 273 4
308 307 273 274 4 309 308 274 275 4
310 309 275 276 6 311 312 313 310 276
278 4 314 315 311 278 5 316 317 318
319 320 5 321 322 323 324 325 4 326
327 328 329 5 330 331 332 333 334 5
335 336 337 338 339 4 340 341 294 293
4 342 340 293 295 4 343 342 295 296
4 344 343 296 297 4 345 344 297 298
4 346 345 298 299 4 347 346 299 300
4 348 347 300 301 4 349 348 301 302
4 350 349 302 303 4 351 350 303 304
4 352 351 304 305 4 353 352 305 306
4 354 353 306 307 4 355 354 307 308
4 356 355 308 309 5 357 358 356 309
310 4 359 357 310 313 4 360 361 362
312 5 363 364 365 366 367 4 368 369
370 371 4 372 373 341 340 4 374 372
340 342 4 375 374 342 343 4 376 375
343 344 4 377 376 344 345 4 378 377
345 346 4 379 378 346 347 4 380 379
347 348 4 381 380 348 349 4 382 381
349 350 4 383 382 350 351 4 384 383
351 352 4 385 384 352 353 4 386 385
353 354 4 387 386 354 355 4 388 387
355 356 5 389 390 388 356 358 4 391
392 389 358 4 393 394 395 396 5 397
398 399 400 401 4 402 403 404 405 4
406 407 373 372 4 408 406 372 374 4
409 408 374 375 4 410 409 375 376 4
411 410 376 377 4 412 411 377 378 4
413 412 378 379 4 414 413 379 380 4
415 414 380 381 4 416 415 381 382 4
417 416 382 383 4 418 417 383 384 4
419 418 384 385 4 420 419 385 386 4
421 420 386 387 4 422 421 387 388 4
423 422 388 390 7 424 425 426 423 390
427 428 4 429 430 424 428 5 431 432
433 434 435 5 436 437 438 439 440 8
441 442 443 444 445 446 447 448 5 449
450 451 441 448 5 452 453 454 455 456
4 457 458 407 406 4 459 457 406 408
4 460 459 408 409 4 461 460 409 410
4 462 461 410 411 4 463 462 411 412
4 464 463 412 413 4 465 464 413 414
4 466 465 414 415 4 467 466 415 416
4 468 467 416 417 4 469 468 417 418
4 470 469 418 419 4 471 470 419 420
4 472 471 420 421 4 473 472 421 422
5 474 475 473 422 423 4 476 474 423
426 6 477 478 479 480 481 425 4 482
483 484 485 4 486 487 488 489 4 444
443 490 491 6 492 493 494 495 496 442
4 497 498 499 500 4 501 502 458 457
4 503 501 457 459 4 504 503 459 460
4 505 504 460 461 4 506 505 461 462
4 507 506 462 463 4 508 507 463 464
4 509 508 464 465 4 510 509 465 466
4 511 510 466 467 4 512 511 467 468
4 513 512 468 469 4 514 513 469 470
4 515 514 470 471 4 516 515 471 472
4 517 516 472 473 5 518 519 517 473
475 4 520 521 518 475 4 522 523 524
525 5 526 527 528 529 530 4 531 532
533 534 4 535 536 502 501 4 537 535
501 503 4 538 537 503 504 4 539 538
504 505 4 540 539 505 506 4 541 540
506 507 4 542 541 507 508 4 543 542
508 509 4 544 543 509 510 4 545 544
510 511 4 546 545 511 512 4 547 546
512 513 4 548 547 513 514 4 549 548
514 515 4 550 549 515 516 4 551 550
516 517 5 552 553 551 517 519 4 554
552 519 555 4 556 557 558 559 5 560
561 562 563 564 4 565 566 567 568 4
569 570 536 535 4 571 569 535 537 4
572 571 537 538 4 573 572 538 539 4
574 573 539 540 4 575 574 540 541 4
576 575 541 542 4 577 576 542 543 4
578 577 543 544 4 579 578 544 545 4
580 579 545 546 4 581 580 546 547 4
582 581 547 548 4 583 582 548 549 4
584 583 549 550 4 585 584 550 551 4
586 585 551 553 7 587 588 589 586 553
590 591 4 592 593 587 591 5 594 595
596 597 598 5 599 600 601 602 603 8
604 605 606 607 608 609 610 611 4 612
613 604 611 5 614 615 616 617 618 4
619 620 570 569 4 621 619 569 571 4
622 621 571 572 4 623 622 572 573 4
624 623 573 574 4 625 624 574 575 4
626 625 575 576 4 627 626 576 577 4
628 627 577 578 4 629 628 578 579 4
630 629 579 580 4 631 630 580 581 4
632 631 581 582 4 633 632 582 583 4
634 633 583 584 4 635 634 584 585 5
636 637 635 585 586 4 638 636 586 589
6 639 640 641 642 643 588 4 644 645
646 647 4 648 649 650 651 4 607 606
652 653 4 654 655 656 605 4 657 658
659 660 4 661 662 620 619 4 663 661
619 621 4 664 663 621 622 4 665 664
622 623 4 666 665 623 624 4 667 666
624 625 4 668 667 625 626 4 669 668
626 627 4 670 669 627 628 4 671 670
628 629 4 672 671 629 630 4 673 672
630 631 4 674 673 631 632 4 675 674
632 633 4 676 675 633 634 4 677 676
634 635 5 678 679 677 635 637 4 680
681 678 637 4 682 683 684 685 5 686
687 688 689 690 4 691 692 693 694 4
695 696 662 661 4 697 695 661 663 4
698 697 663 664 4 699 698 664 665 4
700 699 665 666 4 701 700 666 667 4
702 701 667 668 4 703 702 668 669 4
704 703 669 670 4 705 704 670 671 4
706 705 671 672 4 707 706 672 673 4
708 707 673 674 4 709 708 674 675 4
710 709 675 676 4 711 710 676 677 4
712 711 677 679 6 713 714 712 679 715
716 6 717 718 719 720 713 716 4 721
722 723 724 4 725 726 727 728 4 729
730 731 732 4 733 734 735 736 4 737
738 739 740 4 741 742 696 695 4 743
741 695 697 4 744 743 697 698 4 745
744 698 699 4 746 745 699 700 4 747
746 700 701 4 748 747 701 702 4 749
748 702 703 4 750 749 703 704 4 751
750 704 705 4 752 751 705 706 4 753
752 706 707 4 754 753 707 708 4 755
754 708 709 4 756 755 709 710 4 757
756 710 711 4 758 757 711 712 6 759
760 761 758 712 714 4 762 759 714 763
5 764 765 766 767 768 5 769 770 771
772 773 4 774 775 776 777 5 778 779
780 781 782 5 783 784 785 786 787 4
788 789 742 741 4 790 788 741 743 4
791 790 743 744 4 792 791 744 745 4
793 792 745 746 4 794 793 746 747 4
795 794 747 748 4 796 795 748 749 4
797 796 749 750 4 798 797 750 751 4
799 798 751 752 4 800 799 752 753 4
801 800 753 754 4 802 801 754 755 4
803 802 755 756 4 804 803 756 757 5
805 806 804 757 758 4 807 805 758 761
4 808 809 810 760 5 811 812 813 814
815 4 816 817 818 819 4 820 821 789
788 4 822 820 788 790 4 823 822 790
791 4 824 823 791 792 4 825 824 792
793 4 826 825 793 794 4 827 826 794
795 4 828 827 795 796 4 829 828 796
797 4 830 829 797 798 4 831 830 798
799 4 832 831 799 800 4 833 832 800
801 4 834 833 801 802 4 835 834 802
803 4 836 835 803 804 5 837 838 836
804 806 4 839 837 806 840 4 841 842
843 844 5 845 846 847 848 849 4 850
851 852 853 4 854 855 821 820 4 856
854 820 822 4 857 856 822 823 4 858
857 823 824 4 859 858 824 825 4 860
859 825 826 4 861 860 826 827 4 862
861 827 828 4 863 862 828 829 4 864
863 829 830 4 865 864 830 831 4 866
865 831 832 4 867 866 832 833 4 868
867 833 834 4 869 868 834 835 4 870
869 835 836 4 871 870 836 838 7 872
873 874 871 838 875 876 4 877 878 872
876 5 879 880 881 882 883 5 884 885
886 887 888 8 889 890 891 892 893 894
895 896 5 897 898 899 889 896 5 900
901 902 903 904 4 905 906 855 854 4
907 905 854 856 4 908 907 856 857 4
909 908 857 858 4 910 909 858 859 4
911 910 859 860 4 912 911 860 861 4
913 912 861 862 4 914 913 862 863 4
915 914 863 864 4 916 915 864 865 4
917 916 865 866 4 918 917 866 867 4
919 918 867 868 4 920 919 868 869 4
921 920 869 870 5 922 923 921 870 871
4 924 922 871 874 6 925 926 927 928
929 873 4 930 931 932 933 4 934 935
936 937 4 892 891 938 939 4 940 941
942 890 4 943 944 945 946 4 947 948
906 905 4 949 947 905 907 4 950 949
907 908 4 951 950 908 909 4 952 951
909 910 4 953 952 910 911 4 954 953
911 912 4 955 954 912 913 4 956 955
913 914 4 957 956 914 915 4 958 957
915 916 4 959 958 916 917 4 960 959
917 918 4 961 960 918 919 4 962 961
919 920 4 963 962 920 921 5 964 965
963 921 923 4 966 967 964 923 4 968
969 970 971 5 972 973 974 975 976 4
977 978 979 980 4 981 982 948 947 4
983 981 947 949 4 984 983 949 950 4
985 984 950 951 4 986 985 951 952 4
987 986 952 953 4 988 987 953 954 4
989 988 954 955 4 990 989 955 956 4
991 990 956 957 4 992 991 957 958 4
993 992 958 959 4 994 993 959 960 4
995 994 960 961 4 996 995 961 962 4
997 996 962 963 4 998 997 963 965 6
999 1000 998 965 1001 1002 6 999 1002 1003
1004 1005 1006 4 1007 1008 1009 1010 4 1011
1012 1013 1014 4 1015 1016 1017 1018 4 1019
1020 1021 1022 4 1023 1024 1025 1026 5 1027
40 41 42 46 6 86 37 36 40 1028
1029 4 1030 1031 1032 1033 4 47 51 52
55 4 1034 1035 1036 1037 6 93 1038 1039
1040 47 55 5 1041 56 60 61 65 4
1042 1043 94 97 4 1044 1045 1046 1047 4
1048 1049 1044 1047 6 1050 1051 1052 1053 155
154 4 161 1054 1055 1056 4 123 127 1057
1058 4 1059 1060 162 166 6 172 163 1061
1062 1063 126 4 1064 1065 175 174 4 182
1066 1067 1068 4 1069 178 182 1068 4 208
211 1070 1071 4 1072 1073 246 249 6 170
217 1074 1075 1076 1077 4 254 1078 1079 1080
4 221 224 1081 1082 4 1083 1084 255 258
4 314 278 277 284 5 320 314 284 1085
1086 6 1087 1088 1089 1090 285 288 5 321
325 1091 1092 1087 4 329 321 1087 288 5
330 334 1093 1094 1095 5 339 330 1095 1096
1097 5 1098 1099 335 339 1097 4 1100 1101
393 396 4 363 367 1102 1103 4 1104 1105
1106 397 4 1107 1108 402 405 6 1109 1110
1111 1112 429 428 4 435 1113 1114 1115 4
1104 397 401 1116 4 1117 1118 436 440 6
446 437 1119 1120 1121 400 4 1122 1123 449
448 4 456 1124 1125 1126 4 452 456 1126
1127 4 482 485 1128 1129 4 1130 1131 522
525 6 444 491 1132 1133 1134 1135 4 530
1136 1137 1138 4 497 500 1139 1140 4 1141
1142 531 534 6 1143 1144 1145 1146 592 591
4 598 1147 1148 1149 4 560 564 1150 1151
4 1152 1153 599 603 6 609 600 1154 1155
1156 563 6 1157 1158 1159 1160 612 611 4
618 1161 1162 1163 4 1164 614 618 1163 4
644 647 1165 1166 4 1167 1168 682 685 6
607 653 1169 1170 1171 1172 4 1173 1174 1175
686 4 657 660 1176 1177 4 1178 1179 691
694 4 1180 1181 717 716 4 1173 686 690
1182 4 732 1183 1184 1185 4 1186 1187 733
736 5 764 768 1188 762 763 6 808 760
759 762 1189 1190 4 769 773 774 777 6
815 1191 1192 1193 769 777 5 783 787 1194
778 782 4 1195 1196 816 819 6 1197 1198
1199 1200 877 876 4 883 1201 1202 1203 4
845 849 1204 1205 4 1206 1207 884 888 6
894 885 1208 1209 1210 848 4 1211 1212 897
896 4 904 1213 1214 1215 4 1216 900 904
1215 4 930 933 1217 1218 4 1219 1220 968
971 6 892 939 1221 1222 1223 1224 4 976
1225 1226 1227 4 943 946 1228 1229 4 1230
1231 977 980 4 1232 1007 1010 1233 4 1234
1000 999 1006 5 1235 1234 1006 1236 1237 6
1238 1239 1240 1241 1015 1018 5 1242 1243 1244
1245 1238 4 1246 1242 1238 1018 4 1247 1023
1026 1248 5 1249 1250 1251 1252 1253 5 1254
1249 1253 1255 1256 5 1257 1258 1259 1254 1256
5 1260 44 43 50 49 4 1261 1262 1030
1033 4 1034 1037 1263 1264 4 54 53 59
58 4 89 93 55 54 5 89 54 58
1042 97 4 1265 1266 119 122 4 1038 93
92 1267 4 123 1058 1268 1269 5 90 89
97 96 1270 5 124 123 1269 91 90 5
131 124 90 1270 1271 4 1272 128 131 1271
5 117 118 122 121 1050 4 153 116 115
117 4 153 117 1050 154 4 120 119 1273
1274 4 1051 1050 121 120 4 1052 1051 120
1274 4 1275 157 161 1056 4 1276 1277 1059
166 4 1278 1279 1280 1281 4 1062 1282 1278
1281 5 125 124 131 130 1283 4 173 172
126 125 5 1064 174 173 125 1283 4 1283
130 129 1284 5 156 155 1054 161 160 4
203 151 150 156 5 208 1071 203 156 160
5 159 158 1276 166 165 5 1285 209 208
160 159 5 215 1286 1285 159 165 4 164
163 172 171 5 1077 212 215 165 164 4
170 1077 164 171 5 177 176 1066 182 181
5 1287 218 168 167 177 5 221 1082 1287
177 181 5 222 221 181 180 1288 4 202
152 151 207 4 244 201 200 202 5 1072
249 244 202 207 4 1286 215 214 1289 4
213 212 1077 1076 4 1290 1291 214 213 4
1290 213 1076 1075 5 216 169 168 220 1292
5 250 254 1080 217 216 5 250 216 1292
1083 258 4 224 223 1293 1294 4 1295 1296
281 280 4 1078 254 253 1297 4 285 1090
1298 1299 5 251 250 258 257 1300 5 286
285 1299 252 251 5 292 286 251 1300 1301
4 1302 289 292 1301 5 316 320 1086 1303
1304 5 316 1304 1305 1091 325 4 1306 1307
1089 1088 4 1092 1091 1308 1306 4 1087 1092
1306 1088 5 287 286 292 291 1093 4 326
329 288 287 4 326 287 1093 334 4 1094
1093 291 290 4 1095 1094 290 1309 4 1098
1097 1310 1311 4 1099 1098 1311 1312 5 1313
315 314 320 319 6 360 312 311 315 1314
1315 4 1316 1317 1318 1319 5 1320 317 316
325 324 4 1321 1316 1319 1322 4 1323 1324
1325 1326 4 322 321 329 328 4 1327 1323
1326 1328 6 1329 1330 322 328 363 1103 5
1331 331 330 339 338 4 1332 1333 368 371
4 1334 1335 1336 1337 4 1338 1334 1337 1339
5 359 313 312 362 1340 4 391 358 357
359 5 391 359 1340 1100 396 4 361 360
1315 1341 4 1342 1340 362 361 4 1343 1342
361 1341 4 1344 1327 1329 1345 4 1346 1347
1344 1345 5 365 364 371 370 1348 5 398
397 1106 366 365 5 398 365 1348 1107 405
4 1348 370 369 1349 5 392 391 396 395
1109 4 427 390 389 392 4 427 392 1109
428 4 394 393 1350 1351 4 1110 1109 395
394 4 1111 1110 394 1351 4 431 435 1115
1352 4 1353 1354 1117 440 4 1355 1356 1357
1358 4 1120 1359 1355 1358 5 399 398 405
404 1360 4 447 446 400 399 5 1122 448
447 399 1360 4 1360 404 403 1361 5 430
429 1113 435 434 4 477 425 424 430 5
482 1129 477 430 434 5 433 432 1353 440
439 5 1362 483 482 434 433 5 489 1363
1362 433 439 4 438 437 446 445 5 1135
486 489 439 438 4 444 1135 438 445 5
451 450 1124 456 455 4 492 442 441 451
5 497 1140 492 451 455 5 498 497 455
454 1364 4 476 426 425 481 4 520 475
474 476 5 1130 525 520 476 481 4 1363
489 488 1365 4 487 486 1135 1134 4 1366
1367 488 487 4 1366 487 1134 1133 4 490
443 442 496 5 526 530 1138 491 490 5
526 490 496 1141 534 4 499 498 1364 1368
4 1369 1370 500 499 4 1369 499 1368 1371
4 1372 1373 556 559 4 1136 530 529 1374
4 560 1151 1375 1376 5 527 526 534 533
1377 5 561 560 1376 528 527 5 568 561
527 1377 1378 4 1379 565 568 1378 5 554
555 559 558 1143 4 590 553 552 554 4
590 554 1143 591 4 557 556 1380 1381 4
1144 1143 558 557 4 1145 1144 557 1381 4
1382 594 598 1149 4 1383 1384 1152 603 4
1385 1386 1387 1388 4 1389 1390 1391 1385 4
1155 1389 1385 1388 5 562 561 568 567 1157
4 610 609 563 562 4 610 562 1157 611
4 1158 1157 567 566 4 1159 1158 566 1392
4 1393 1394 1395 1396 4 1393 1396 1397 1398
5 593 592 1147 598 597 4 639 588 587
593 5 644 1166 639 593 597 5 596 595
1383 603 602 5 1399 645 644 597 596 5
651 1400 1399 596 602 4 601 600 609 608
5 1172 648 651 602 601 4 607 1172 601
608 5 613 612 1161 618 617 5 1401 654
605 604 613 5 657 1177 1401 613 617 5
658 657 617 616 1402 4 638 589 588 643
4 680 637 636 638 5 680 638 643 1167
685 4 1400 651 650 1403 4 649 648 1172
1171 4 1404 649 1171 1170 5 652 606 605
656 1405 5 687 686 1175 653 652 5 687
652 1405 1178 694 4 1406 659 658 1402 5
681 680 685 684 1407 4 715 679 678 681
5 1180 716 715 681 1407 4 683 682 1408
1409 4 1410 1407 684 683 4 1411 1410 683
1409 4 1412 1413 1414 1415 4 1416 1417 1412
1415 5 688 687 694 693 1418 5 729 732
1185 689 688 5 1186 736 729 688 1418 4
1418 693 692 1419 4 1420 721 724 1421 4
763 714 713 720 5 764 763 720 1422 1423
4 1424 725 728 1425 5 765 764 1423 1426
1427 5 772 765 1427 1428 1429 6 1430 1431
1432 1183 732 731 5 773 772 1429 1433 1430
4 774 773 1430 731 4 1434 737 740 1435
5 782 781 1436 1437 1438 5 783 782 1438
1439 1440 5 1441 1442 784 783 1440 5 1443
766 765 772 771 4 776 775 781 780 4
811 815 777 776 5 811 776 780 1195 819
4 1444 1445 841 844 4 1191 815 814 1446
4 845 1205 1447 1448 5 812 811 819 818
1449 5 846 845 1448 813 812 5 853 846
812 1449 1450 4 1451 850 853 1450 5 839
840 844 843 1197 4 875 838 837 839 4
875 839 1197 876 4 842 841 1452 1453 4
1198 1197 843 842 4 1199 1198 842 1453 4
1454 879 883 1203 4 1455 1456 1206 888 4
1457 1458 1459 1460 4 1209 1461 1457 1460 5
847 846 853 852 1462 4 895 894 848 847
5 1211 896 895 847 1462 4 1462 852 851
1463 5 878 877 1201 883 882 4 925 873
872 878 5 930 1218 925 878 882 5 881
880 1455 888 887 5 1464 931 930 882 881
5 937 1465 1464 881 887 4 886 885 894
893 5 1224 934 937 887 886 4 892 1224
886 893 5 899 898 1213 904 903 5 1466
940 890 889 899 5 943 1229 1466 899 903
5 944 943 903 902 1467 4 924 874 873
929 4 966 923 922 924 5 1219 971 966
924 929 4 1465 937 936 1468 4 935 934
1224 1223 4 1469 1470 936 935 4 1469 935
1223 1222 5 938 891 890 942 1471 5 972
976 1227 939 938 5 972 938 1471 1230 980
4 945 944 1467 1472 4 1473 1474 946 945
4 1475 1473 945 1472 4 1476 1477 1003 1002
4 1225 976 975 1478 4 1015 1241 1479 1480
5 973 972 980 979 1481 5 1016 1015 1480
974 973 5 1022 1016 973 1481 1482 4 1483
1019 1022 1482 4 1484 1011 1014 1485 5 1486
1235 1237 1487 1488 5 1244 1243 1486 1488 1489
4 1013 1012 1240 1239 4 1245 1244 1014 1013
4 1238 1245 1013 1239 5 1017 1016 1022 1021
1251 4 1490 1246 1018 1017 4 1490 1017 1251
1250 4 1020 1019 1491 1492 4 1252 1251 1021
1020 4 1253 1252 1020 1492 4 1025 1024 1493
1494 4 1257 1256 1026 1025 4 1258 1257 1025
1494 4 1035 1034 49 48 4 1040 1039 1036
1035 4 47 1040 1035 48 4 1043 1042 58
57 4 1495 1496 94 1043 4 1495 1043 57
56 4 1041 65 1047 1046 4 1046 1045 1496
1495 4 1041 1046 1495 56 4 1048 1047 65
64 4 1274 1273 1497 1498 4 1052 1274 1498
1499 4 1499 1500 1056 1055 4 1055 1054 155
1053 4 1052 1499 1055 1053 4 1281 1280 1058
1057 4 1057 127 126 1063 4 1062 1281 1057
1063 4 1060 1059 1501 1282 4 1061 163 162
1060 4 1061 1060 1282 1062 4 1502 1503 1068
1067 4 1067 1066 176 1504 4 1505 1502 1067
1504 4 1069 1068 1503 1506 4 204 203 1071
1070 4 1070 211 1507 1508 4 205 204 1070
1508 4 1073 1072 207 206 4 1509 1510 246
1073 4 1509 1073 206 205 4 1511 1512 1510
1509 4 1511 1509 205 1508 4 1513 1514 1515
1516 4 1513 1516 1290 1075 4 1074 217 1080
1079 4 1079 1078 1514 1513 4 1074 1079 1513
1075 4 1517 1287 1082 1081 4 1081 224 1294
1518 4 1517 1081 1518 1519 4 1520 1084 1083
1292 4 1521 1310 1097 1096 4 1521 1096 1095
1309 4 1341 1315 1317 1522 4 1343 1341 1522
1523 4 1101 1100 1340 1342 4 1524 1350 393
1101 4 1524 1101 1342 1343 4 1525 1526 1350
1524 4 1525 1524 1343 1523 4 1345 1329 1103
1102 4 1102 367 366 1527 4 1346 1345 1102
1527 4 1528 1357 1356 1529 4 1528 1529 1347
1346 4 1527 366 1106 1105 4 1105 1104 1357
1528 4 1527 1105 1528 1346 4 1108 1107 1348
1349 4 1351 1350 1526 1530 4 1111 1351 1530
1531 4 1114 1113 429 1112 4 1114 1112 1111
1531 4 1358 1357 1104 1116 4 1116 401 400
1121 4 1120 1358 1116 1121 4 1119 437 436
1118 4 1359 1120 1119 1118 4 1532 1125 1124
450 4 453 452 1127 1533 4 478 477 1129
1128 4 1128 485 1534 1535 4 479 478 1128
1535 4 1131 1130 481 480 4 1536 1537 522
1131 4 1536 1131 480 479 4 1535 1534 1538
1539 4 1539 1540 1537 1536 4 1535 1539 1536
479 4 1541 1542 1367 1366 4 1543 1544 1545
1541 4 1543 1541 1366 1133 4 1132 491 1138
1137 4 1137 1136 1544 1543 4 1132 1137 1543
1133 4 493 492 1140 1139 4 1139 500 1370
1546 4 494 493 1139 1546 4 1142 1141 496
495 4 1547 1142 495 494 4 1546 1370 1548
1549 4 1547 494 1546 1549 4 1550 1548 1370
1369 4 1551 1550 1369 1371 4 1381 1380 1552
1553 4 1553 1554 1555 1556 4 1145 1381 1553
1556 4 1556 1555 1149 1148 4 1148 1147 592
1146 4 1145 1556 1148 1146 4 1388 1387 1151
1150 4 1150 564 563 1156 4 1155 1388 1150
1156 4 1153 1152 1390 1389 4 1154 600 599
1153 4 1154 1153 1389 1155 4 1557 1395 1394
1558 4 1159 1392 1557 1558 4 1558 1394 1163
1162 4 1162 1161 612 1160 4 1159 1558 1162
1160 4 1164 1163 1394 1393 4 1559 615 614
1164 4 1559 1164 1393 1398 4 640 639 1166
1165 4 641 640 1165 1560 4 1168 1167 643
642 4 1561 1408 682 1168 4 1561 1168 642
641 4 1562 1563 1408 1561 4 1562 1561 641
1560 4 1564 1414 1413 1565 4 1564 1565 1404
1170 4 1169 653 1175 1174 4 1174 1173 1414
1564 4 1169 1174 1564 1170 4 1401 1177 1176
1566 4 1567 1179 1178 1405 4 1409 1408 1563
1568 4 1411 1409 1568 1569 4 1181 1180 1407
1410 4 1570 718 717 1181 4 1570 1181 1410
1411 4 1571 1420 718 1570 4 1571 1570 1411
1569 4 1415 1414 1173 1182 4 1182 690 689
1572 4 1416 1415 1182 1572 4 1573 1432 726
1574 4 1573 1574 1417 1416 4 1572 689 1185
1184 4 1184 1183 1432 1573 4 1572 1184 1573
1416 4 1187 1186 1418 1419 4 1575 1576 771
770 4 1193 1192 1577 1575 4 769 1193 1575
770 4 1196 1195 780 779 4 1578 1196 779
778 4 1194 787 1579 1580 4 1578 778 1194
1580 4 1581 1579 787 786 4 1582 1581 786
785 4 1453 1452 1583 1584 4 1199 1453 1584
1585 4 1585 1586 1203 1202 4 1202 1201 877
1200 4 1199 1585 1202 1200 4 1460 1459 1205
1204 4 1204 849 848 1210 4 1209 1460 1204
1210 4 1207 1206 1587 1461 4 1208 885 884
1207 4 1208 1207 1461 1209 4 1588 1589 1215
1214 4 1214 1213 898 1590 4 1591 1588 1214
1590 4 1216 1215 1589 1592 4 1593 901 900
1216 4 1593 1216 1592 1594 4 926 925 1218
1217 4 1217 933 1595 1596 4 927 926 1217
1596 4 1220 1219 929 928 4 1597 1598 968
1220 4 1597 1220 928 927 4 1599 1600 1598
1597 4 1599 1597 927 1596 4 1601 1602 1603
1604 4 1601 1604 1469 1222 4 1221 939 1227
1226 4 1226 1225 1602 1601 4 1221 1226 1601
1222 4 1605 1466 1229 1228 4 1228 946 1474
1606 4 1605 1228 1606 1607 4 1608 1231 1230
1471 4 1492 1491 1247 1248 4 1248 1026 1256
1255 4 1253 1492 1248 1255 5 85 38 37
88 1609 4 118 84 83 85 5 1265 122
118 85 1609 4 87 86 1029 1610 4 1611
1609 88 87 4 1612 1611 87 1610 4 1613
1036 1039 1614 4 1615 1616 1613 1614 4 1270
96 95 1617 4 210 209 1285 1618 4 1619
1507 211 210 4 1620 1619 210 1618 4 219
218 1287 1517 4 1520 1292 220 219 4 1520
219 1517 1519 5 245 244 249 248 1621 4
279 243 242 245 5 1295 280 279 245 1621
4 247 246 1510 1622 4 1623 1621 248 247
4 1624 1623 247 1622 4 1625 1515 1514 1626
4 1627 1628 1625 1626 4 1300 257 256 1629
4 1303 1086 1630 1631 4 1304 1303 1631 1632
4 327 326 334 333 4 364 363 328 327
5 1332 371 364 327 333 4 484 483 1362
1633 4 1634 1534 485 484 4 1635 1634 484
1633 5 521 520 525 524 1636 4 555 519
518 521 5 1372 559 555 521 1636 4 523
522 1537 1637 4 1638 1636 524 523 4 1639
1638 523 1637 4 1640 1545 1544 1641 4 1642
1643 1640 1641 4 1377 533 532 1644 4 1645
1555 1554 1646 4 1647 1645 1646 1648 4 1649
646 645 1399 4 655 654 1401 1566 4 1567
1405 656 655 4 723 722 1650 1651 4 1426
1423 724 723 4 1427 1426 723 1651 4 727
726 1432 1431 4 1433 1429 728 727 4 1430
1433 727 1431 5 730 729 736 735 1436 4
775 774 731 730 4 781 775 730 1436 4
734 733 1652 1653 4 1437 1436 735 734 4
1438 1437 734 1653 4 739 738 1654 1655 4
1441 1440 740 739 4 1442 1441 739 1655 5
807 761 760 810 1656 4 840 806 805 807
5 1444 844 840 807 1656 4 809 808 1190
1657 4 1658 1656 810 809 4 1659 1658 809
1657 4 1660 1577 1192 1661 4 1662 1663 1660
1661 4 1449 818 817 1664 4 932 931 1464
1665 4 1666 1595 933 932 4 1667 1666 932
1665 4 941 940 1466 1605 4 1608 1471 942
941 4 1608 941 1605 1607 5 967 966 971
970 1668 4 1001 965 964 967 5 1476 1002
1001 967 1668 4 969 968 1598 1669 4 1670
1668 970 969 4 1671 1670 969 1669 4 1672
1603 1602 1673 4 1674 1675 1672 1673 4 1481
979 978 1676 4 1009 1008 1677 1678 4 1487
1237 1010 1009 4 1488 1487 1009 1678 4 1027
46 1033 1032 4 1032 1031 1029 1028 4 1027
1032 1028 40 4 1065 1064 1283 1284 4 1504
176 175 1065 4 1505 1504 1065 1284 4 283
282 1679 1680 4 1680 1630 1086 1085 4 283
1680 1085 284 4 1123 1122 1360 1361 4 1532
450 449 1123 4 1188 768 1681 1682 4 1682
1683 1190 1189 4 1188 1682 1189 762 4 1212
1211 1462 1463 4 1590 898 897 1212 4 1591
1590 1212 1463 4 1005 1004 1232 1233 4 1233
1010 1237 1236 4 1005 1233 1236 1006 4 1261
1033 46 45 4 1684 1685 1262 1261 4 1684
1261 45 44 4 1260 49 1034 1264 4 1264
1263 1685 1684 4 1260 1264 1684 44 4 1610
1029 1031 1686 4 1612 1610 1686 1687 4 1266
1265 1609 1611 4 1688 1273 119 1266 4 1688
1266 1611 1612 4 1689 1497 1273 1688 4 1689
1688 1612 1687 4 1614 1039 1038 1267 4 1267
92 91 1690 4 1615 1614 1267 1690 4 1691
1280 1279 1692 4 1691 1692 1616 1615 4 1690
91 1269 1268 4 1268 1058 1280 1691 4 1690
1268 1691 1615 4 1272 1271 1270 1617 4 1275
1056 1500 1693 4 1694 158 157 1275 4 1694
1275 1693 1695 4 1696 1501 1059 1277 4 1277
1276 158 1694 4 1696 1277 1694 1695 4 1618
1285 1286 1289 4 1289 214 1291 1697 4 1620
1618 1289 1697 4 1622 1510 1512 1698 4 1624
1622 1698 1699 4 1296 1295 1621 1623 4 1700
282 281 1296 4 1700 1296 1623 1624 4 1701
1679 282 1700 4 1701 1700 1624 1699 4 1626
1514 1078 1297 4 1297 253 252 1702 4 1627
1626 1297 1702 4 1703 1089 1307 1704 4 1703
1704 1628 1627 4 1702 252 1299 1298 4 1298
1090 1089 1703 4 1702 1298 1703 1627 4 1302
1301 1300 1629 4 1705 1308 1091 1305 4 1705
1305 1304 1632 4 1318 1317 1315 1314 4 1313
319 1319 1318 4 1313 1318 1314 315 4 1706
1707 1321 1322 4 1322 1319 319 318 4 1706
1322 318 317 4 1325 1324 1707 1706 4 1320
324 1326 1325 4 1320 1325 1706 317 4 1330
1329 1327 1328 4 1328 1326 324 323 4 322
1330 1328 323 4 1708 1709 368 1333 4 1333
1332 333 332 4 1708 1333 332 331 4 1336
1335 1709 1708 4 1331 338 1337 1336 4 1331
1336 1708 331 4 1710 1711 1338 1339 4 1339
1337 338 337 4 1710 1339 337 336 4 432
431 1352 1712 4 1354 1353 432 1712 4 1633
1362 1363 1365 4 1365 488 1367 1713 4 1635
1633 1365 1713 4 1714 1538 1534 1634 4 1715
1714 1634 1635 4 1713 1367 1542 1716 4 1715
1635 1713 1716 4 1637 1537 1540 1717 4 1639
1637 1717 1718 4 1373 1372 1636 1638 4 1719
1380 556 1373 4 1719 1373 1638 1639 4 1720
1552 1380 1719 4 1720 1719 1639 1718 4 1641
1544 1136 1374 4 1374 529 528 1721 4 1642
1641 1374 1721 4 1722 1387 1386 1723 4 1722
1723 1643 1642 4 1721 528 1376 1375 4 1375
1151 1387 1722 4 1721 1375 1722 1642 4 1379
1378 1377 1644 4 1724 1391 1390 1725 4 1647
1648 1724 1725 4 1382 1149 1555 1645 4 1726
595 594 1382 4 1726 1382 1645 1647 4 1725
1390 1152 1384 4 1384 1383 595 1726 4 1725
1384 1726 1647 4 1649 1399 1400 1403 4 719
718 1420 1421 4 1421 724 1423 1422 4 719
1421 1422 720 4 1651 1650 1424 1425 4 1425
728 1429 1428 4 1427 1651 1425 1428 4 1653
1652 1434 1435 4 1435 740 1440 1439 4 1438
1653 1435 1439 4 1727 1681 768 767 4 1728
1727 767 766 4 1443 771 1576 1729 4 1728
766 1443 1729 4 1657 1190 1683 1730 4 1659
1657 1730 1731 4 1445 1444 1656 1658 4 1732
1452 841 1445 4 1732 1445 1658 1659 4 1733
1583 1452 1732 4 1733 1732 1659 1731 4 1661
1192 1191 1446 4 1446 814 813 1734 4 1662
1661 1446 1734 4 1735 1459 1458 1736 4 1735
1736 1663 1662 4 1734 813 1448 1447 4 1447
1205 1459 1735 4 1734 1447 1735 1662 4 1451
1450 1449 1664 4 1454 1203 1586 1737 4 1738
880 879 1454 4 1738 1454 1737 1739 4 1740
1587 1206 1456 4 1456 1455 880 1738 4 1740
1456 1738 1739 4 1665 1464 1465 1468 4 1468
936 1470 1741 4 1667 1665 1468 1741 4 1669
1598 1600 1742 4 1671 1669 1742 1743 4 1477
1476 1668 1670 4 1744 1004 1003 1477 4 1744
1477 1670 1671 4 1745 1232 1004 1744 4 1745
1744 1671 1743 4 1673 1602 1225 1478 4 1478
975 974 1746 4 1674 1673 1478 1746 4 1747
1240 1012 1748 4 1747 1748 1675 1674 4 1746
974 1480 1479 4 1479 1241 1240 1747 4 1746
1479 1747 1674 4 1483 1482 1481 1676 4 1678
1677 1484 1485 4 1485 1014 1244 1489 4 1488
1678 1485 1489 4 223 222 1288 1749 4 1750
1293 223 1749 4 1751 1752 1049 1048 4 1751
1048 64 63 4 1753 179 178 1069 4 1753
1069 1506 1754 4 1755 1756 1582 785 4 1757
1758 901 1593 4 1757 1593 1594 1759 4 1472
1467 1760 1761 4 1762 1475 1472 1761 4 1494
1493 1763 1764 4 1258 1494 1764 1765 4 1766
1767 1551 1371 4 1398 1397 1768 1769 4 1770
1771 615 1559 4 1770 1559 1398 1769 4 1772
1406 1402 1773 4 1655 1654 1774 1775 4 1442
1655 1775 1776 4 1777 1778 1779 1780 5 1781
1782 1783 1784 1785 5 1786 1787 1788 1789 1790
4 1791 1792 1793 1794 5 1795 1796 1797 1798
1799 5 1800 1801 1802 1803 1804 4 1805 1806
1807 1808 5 1809 1810 1811 1812 1813 4 1814
1815 1816 1817 4 1818 1819 1820 1821 5 1822
1823 1824 1825 1826 5 1827 1828 1829 1830 1831
4 1832 1833 1834 1835 4 1836 1837 1838 1839
4 1840 1841 1842 1843 5 1844 1845 1846 1847
1848 5 1849 1850 1851 1852 1853 8 1854 1855
1856 1857 1858 1859 1860 1861 4 1862 1863 1854
1861 5 1864 1865 1866 1867 1868 5 1869 1870
1871 1872 1873 4 1874 1875 1876 1877 4 1878
1879 1880 1881 4 1882 1883 1884 1885 4 1857
1856 1886 1887 6 1888 1889 1890 1891 1892 1855
4 1893 1894 1895 1896 6 1897 1898 1899 1900
1901 1902 5 1903 1904 1905 1906 1907 5 1908
1909 1910 1911 1912 4 1913 1914 1915 1916 4
1917 1918 1919 1920 5 1921 1922 1923 1924 1925
5 1926 1927 1928 1929 1930 4 1931 1932 1933
1934 4 1935 1936 1937 1938 4 1939 1940 1941
1942 5 1943 1944 1945 1946 1947 5 1948 1949
1950 1951 1952 8 1953 1954 1955 1956 1957 1958
1959 1960 4 1961 1962 1953 1960 5 1963 1964
1965 1966 1967 4 1968 1969 1970 1971 5 1972
1973 1974 1975 1976 5 1956 1955 1977 1978 1979
4 1980 1981 1982 1954 4 1983 1984 1985 1986
5 1987 1988 1989 1990 1991 5 1992 1993 1994
1995 1996 4 1997 1998 1999 2000 4 2001 2002
2003 2004 4 2005 2006 2007 2008 5 2009 2010
2011 2012 2013 5 2014 2015 2016 2017 2018 8
2019 2020 2021 2022 2023 2024 2025 2026 5 2027
2028 2029 2019 2026 5 2030 2031 2032 2033 2034
5 2035 2036 2037 2038 2039 4 2040 2041 2042
2043 4 2044 2045 2046 2047 4 2048 2049 2050
2051 4 2022 2021 2052 2053 6 2054 2055 2056
2057 2058 2020 4 2059 2060 2061 2062 6 2063
2064 2065 2066 2067 2068 5 2069 2070 2071 2072
2073 5 2074 2075 2076 2077 2078 4 2079 2080
2081 2082 4 2083 2084 2085 2086 5 2087 2088
2089 2090 2091 5 2092 2093 2094 2095 2096 4
2097 2098 2099 2100 4 2101 2102 2103 2104 4
2105 2106 2107 2108 5 2109 2110 2111 2112 2113
5 2114 2115 2116 2117 2118 8 2119 2120 2121
2122 2123 2124 2125 2126 4 2127 2128 2119 2126
5 2129 2130 2131 2132 2133 4 2134 2135 2136
2137 5 2138 2139 2140 2141 2142 4 2143 2144
2145 2146 4 2147 2148 2149 2150 5 2122 2121
2151 2152 2153 4 2154 2155 2156 2120 4 2157
2158 2159 2160 4 2161 2162 2163 2164 5 2165
2166 2167 2168 2169 5 2170 2171 2172 2173 2174
4 2175 2176 2177 2178 4 2179 2180 2181 2182
4 2183 2184 2185 2186 4 2187 2188 2189 2190
4 2191 2192 2193 2194 8 2195 2196 2197 2198
2199 2200 2201 2202 6 2203 2204 2205 2206 2195
2202 4 2207 2208 2209 2210 6 2211 2212 2213
2214 2215 2216 4 2217 2218 2219 2220 5 2221
2222 2223 2224 2225 5 2226 2227 2228 2229 2230
4 2198 2197 2231 2232 5 2233 2234 2235 2196
2236 5 2237 2238 2239 2240 2241 5 2242 2243
2244 2245 2246 5 2247 2248 2249 2250 2251 4
2252 2253 2254 2255 4 2256 2257 2258 2259 5
2260 2261 2262 2263 2264 5 2265 2266 2267 2268
2269 4 2270 2271 2272 2273 4 2274 2275 2276
2277 4 2278 2279 2280 2281 5 2282 2283 2284
2285 2286 5 2287 2288 2289 2290 2291 8 2292
2293 2294 2295 2296 2297 2298 2299 4 2300 2301
2292 2299 5 2302 2303 2304 2305 2306 4 2307
2308 2309 2310 5 2311 2312 2313 2314 2315 4
2316 2317 2318 2319 4 2320 2321 2322 2323 4
2295 2294 2324 2325 6 2326 2327 2328 2329 2330
2293 4 2331 2332 2333 2334 4 2335 2336 2337
2338 5 2339 2340 2341 2342 2343 5 2344 2345
2346 2347 2348 4 2349 2350 2351 2352 4 2353
2354 2355 2356 4 2357 2358 2359 2360 4 2361
2362 2363 2364 4 2365 2366 2367 2368 4 2369
2370 2371 2372 4 2373 2374 2375 2376 4 2377
2378 2379 2380 6 2381 2382 2383 2384 2385 2386
4 1777 1780 1781 1785 4 2387 2388 1778 1777
6 2389 2390 2387 1777 1785 2391 4 1786 1790
1791 1794 4 2392 2393 2394 2395 6 1813 2396
2397 2398 1786 1794 5 2399 1795 1799 1800 1804
4 2400 2401 1814 1817 4 2402 2403 2404 2405
6 2406 1805 1808 2407 1818 1821 4 2408 2409
2410 2411 5 1822 1826 2412 1840 1843 4 1848
2413 2414 2415 4 1827 1831 2416 2417 4 2418
2419 1849 1853 6 1859 1850 2420 2421 2422 1830
6 2423 2424 2425 2426 1862 1861 4 1868 2427
2428 2429 4 2430 2431 1869 1873 6 1878 1881
2432 2433 1874 1877 5 1903 1907 1875 1874 2434
4 2435 2436 2437 2438 6 1857 1887 2439 2440
2441 2442 4 1912 2443 2444 2445 4 1893 1896
2446 2447 4 2448 2449 1913 1916 4 2450 1917
1920 2451 4 2452 2453 2454 2455 4 1939 1942
1921 1925 5 1947 1939 1925 2456 2457 4 1926
1930 2458 2459 5 1948 1952 2460 2461 2462 5
1958 1948 2462 2463 1929 5 1961 1960 2464 2465
2466 5 1967 1961 2466 2467 2468 5 2469 2470
2471 1968 1971 4 2472 2473 2474 2475 5 1987
1991 1972 1976 2476 4 2477 2478 2479 2480 4
1956 1979 2481 2482 4 2483 2484 2485 1992 4
2486 2487 1997 2000 4 2488 2001 2004 2489 4
2477 2480 2490 2491 5 1990 1989 2492 2005 2008
4 2013 2493 2494 2495 4 2483 1992 1996 2496
4 2497 2498 2014 2018 4 2024 2499 2500 2501
4 2502 2503 2027 2026 4 2034 2504 2505 2506
4 2507 2508 2035 2039 6 2044 2047 2509 2510
2040 2043 5 2069 2073 2041 2040 2511 4 2512
2513 2514 2515 6 2022 2053 2516 2517 2518 2519
4 2078 2520 2521 2522 4 2059 2062 2523 2524
4 2525 2526 2079 2082 4 2527 2083 2086 2528
4 2529 2530 2531 2532 4 2105 2108 2087 2091
6 2113 2105 2091 2533 2534 2535 4 2092 2096
2536 2537 4 2538 2539 2114 2118 6 2124 2115
2540 2541 2542 2095 6 2543 2544 2545 2546 2127
2126 4 2133 2547 2548 2549 6 2550 2551 2552
2553 2134 2137 4 2143 2146 2554 2555 5 2165
2169 2138 2142 2556 4 2557 2558 2559 2560 4
2122 2153 2561 2562 4 2563 2564 2565 2170 4
2157 2160 2566 2567 4 2568 2569 2175 2178 4
2570 2179 2182 2571 4 2557 2560 2572 2573 5
2168 2167 2574 2183 2186 4 2575 2576 2577 2187
4 2563 2170 2174 2578 4 2200 2579 2580 2581
4 2582 2583 2203 2202 4 2584 2211 2216 2585
5 2221 2225 2586 2217 2220 5 2587 2218 2217
2588 2589 4 2590 2591 2592 2593 5 2198 2232
2594 2226 2230 4 2251 2595 2596 2597 5 2237
2241 2598 2233 2236 4 2599 2600 2252 2255 4
2601 2256 2259 2602 4 2603 2604 2605 2606 4
2278 2281 2260 2264 6 2286 2278 2264 2607 2608
2609 4 2265 2269 2610 2611 4 2612 2613 2287
2291 6 2297 2288 2614 2615 2616 2268 6 2617
2618 2619 2620 2300 2299 4 2306 2621 2622 2623
6 2624 2625 2626 2627 2307 2310 4 2316 2319
2628 2629 5 2339 2343 2311 2315 2630 4 2631
2632 2633 2634 6 2295 2325 2635 2636 2637 2638
4 2348 2639 2640 2641 4 2331 2334 2642 2643
4 2644 2645 2349 2352 4 2646 2353 2356 2647
6 2357 2360 2648 2361 2364 2649 4 2650 2651
2358 2357 4 2652 2650 2357 2649 6 2653 2654
2655 2656 2369 2372 5 2657 2658 2659 2660 2653
4 2661 2657 2653 2372 4 2662 2377 2380 2663
5 2664 2665 2666 2667 2668 5 2669 2664 2668
2670 2671 4 2381 2386 2672 2673 4 2674 2675
1822 1843 8 2676 2677 2678 2679 2674 1843 1842
1876 4 2680 2676 1876 1875 5 1907 1906 2681
2682 2683 5 1922 1921 2684 2685 2686 4 2687
2688 2689 2690 5 2691 2692 2693 1973 1972 5
1990 2008 2694 2695 2696 5 2697 2694 2698 2699
2700 4 2701 2702 2042 2041 5 2073 2072 2703
2704 2705 4 2087 2108 2706 2707 4 2706 2708
2709 2710 5 2711 2712 2713 2139 2138 5 2168
2186 2714 2715 2716 6 2717 2714 2718 2719 2720
2721 4 2722 2723 2219 2218 5 2724 1783 1782
1789 1788 4 2725 2726 2389 2391 4 2392 2395
2727 2728 4 1793 1792 1798 1797 4 1809 1813
1794 1793 5 1809 1793 1797 2400 1817 5 2729
1802 1801 1806 1805 4 2730 2731 2402 2405 4
2406 1821 2732 2733 5 2734 2388 2387 2735 2736
5 2734 2736 2737 1824 1823 4 2390 2389 2738
2739 4 2740 2408 2411 2741 4 2396 1813 1812
2742 4 1827 2417 2743 2744 5 1810 1809 1817
1816 2745 5 1828 1827 2744 1811 1810 5 1835
1828 1810 2745 2746 4 2747 1832 1835 2746 4
2748 1836 1839 2749 4 2750 1844 1848 2415 4
2751 2752 2418 1853 5 1829 1828 1835 1834 2423
4 1860 1859 1830 1829 4 1860 1829 2423 1861
4 1833 1832 2753 2754 4 2424 2423 1834 1833
4 2425 2424 1833 2754 4 2755 1864 1868 2429
4 2756 2757 2430 1873 4 2758 1838 1837 2759
4 1877 1876 1842 1841 5 1841 1840 2413 1848
1847 4 1878 1877 1841 1847 5 1846 1845 2751
1853 1852 5 2760 1879 1878 1847 1846 5 1885
2761 2760 1846 1852 4 1851 1850 1859 1858 5
2442 1882 1885 1852 1851 4 1857 2442 1851 1858
5 1863 1862 2427 1868 1867 4 1888 1855 1854
1863 5 1893 2447 1888 1863 1867 5 1866 1865
2756 1873 1872 5 2762 1894 1893 1867 1866 5
1902 2763 2762 1866 1872 4 1897 1902 1872 1871
4 2761 1885 1884 2764 4 1883 1882 2442 2441
4 2765 2766 1884 1883 4 2765 1883 2441 2440
4 1886 1856 1855 1892 5 1908 1912 2445 1887
1886 5 1908 1886 1892 2448 1916 4 2763 1902
1901 2767 5 1906 1905 2768 1923 1922 4 2435
2438 2769 2770 4 2771 2772 2452 2455 4 2443
1912 1911 2773 4 1926 2459 2774 2775 5 1909
1908 1916 1915 2776 5 1927 1926 2775 1910 1909
5 1934 1927 1909 2776 2777 4 2778 1931 1934
2777 4 2779 1935 1938 2780 5 1943 1947 2457
2781 2782 5 1943 2782 2783 2460 1952 4 2461
2460 2784 2785 4 2462 2461 2785 2786 5 1928
1927 1934 1933 2464 4 1959 1958 1929 1928 4
1959 1928 2464 1960 4 1932 1931 2787 2788 4
2465 2464 1933 1932 4 2466 2465 1932 2788 5
1963 1967 2468 2789 2790 5 1963 2790 2791 2469
1971 4 1974 1973 1941 1940 4 1940 1939 1947
1946 6 2472 2475 1974 1940 1946 2792 5 2793
1944 1943 1952 1951 4 2794 2472 2792 2795 4
2796 2797 2798 2799 4 1949 1948 1958 1957 4
2800 2796 2799 2801 6 2802 2803 1949 1957 1956
2482 5 2804 1962 1961 1967 1966 6 1980 1954
1953 1962 2805 2806 4 2807 2808 2809 2810 5
2811 1964 1963 1971 1970 4 2812 2807 2810 2813
4 1986 2814 2815 2816 6 1970 1969 2817 1983
1986 2816 5 1977 1955 1954 1982 2818 5 1993
1992 2485 1978 1977 5 1993 1977 2818 2486 2000
4 1981 1980 2806 2819 4 2820 2818 1982 1981
4 2820 1981 2819 2821 4 2822 1985 1984 2823
4 2009 2013 2495 2824 4 2825 2826 2497 2018
5 1994 1993 2000 1999 2827 5 2025 2024 2501
1995 1994 5 2502 2026 2025 1994 2827 4 1998
1997 2828 2829 4 2830 2827 1999 1998 4 2830
1998 2829 2831 4 2030 2034 2506 2832 4 2833
2834 2507 2039 4 2835 2003 2002 2836 4 2043
2042 2007 2006 5 2006 2005 2493 2013 2012 4
2044 2043 2006 2012 5 2011 2010 2825 2018 2017
5 2837 2045 2044 2012 2011 5 2051 2838 2837
2011 2017 5 2016 2015 2499 2024 2023 5 2519
2048 2051 2017 2016 4 2022 2519 2016 2023 5
2029 2028 2504 2034 2033 4 2054 2020 2019 2029
5 2059 2524 2054 2029 2033 5 2032 2031 2833
2039 2038 5 2839 2060 2059 2033 2032 5 2068
2840 2839 2032 2038 4 2063 2068 2038 2037 4
2838 2051 2050 2841 4 2049 2048 2519 2518 4
2842 2843 2050 2049 4 2842 2049 2518 2517 4
2052 2021 2020 2058 5 2074 2078 2522 2053 2052
5 2074 2052 2058 2525 2082 4 2840 2068 2067
2844 5 2072 2071 2845 2089 2088 4 2512 2515
2846 2847 4 2848 2529 2532 2849 4 2520 2078
2077 2850 4 2092 2537 2851 2852 5 2075 2074
2082 2081 2853 5 2093 2092 2852 2076 2075 5
2100 2093 2075 2853 2854 4 2855 2097 2100 2854
4 2856 2101 2104 2857 4 2858 2109 2113 2535
4 2859 2860 2538 2118 4 2861 2862 2863 2864
4 2541 2861 2864 2865 5 2094 2093 2100 2099
2543 4 2125 2124 2095 2094 4 2125 2094 2543
2126 4 2098 2097 2866 2867 4 2544 2543 2099
2098 4 2545 2544 2098 2867 4 2868 2129 2133
2549 4 2869 2870 2550 2137 4 2140 2139 2107
2106 4 2106 2105 2113 2112 5 2143 2555 2140
2106 2112 5 2111 2110 2859 2118 2117 5 2871
2144 2143 2112 2111 5 2150 2872 2871 2111 2117
4 2116 2115 2124 2123 5 2873 2147 2150 2117
2116 5 2873 2116 2123 2122 2562 5 2128 2127
2547 2133 2132 5 2874 2154 2120 2119 2128 5
2157 2567 2874 2128 2132 5 2131 2130 2869 2137
2136 5 2875 2158 2157 2132 2131 5 2164 2876
2875 2131 2136 5 2877 2161 2164 2136 2135 4
2872 2150 2149 2878 4 2879 2148 2147 2873 5
2151 2121 2120 2156 2880 5 2171 2170 2565 2152
2151 5 2171 2151 2880 2568 2178 4 2876 2164
2163 2881 4 2882 2163 2162 2883 5 2172 2171
2178 2177 2884 5 2201 2200 2581 2173 2172 5
2582 2202 2201 2172 2884 4 2176 2175 2885 2886
4 2887 2884 2177 2176 4 2887 2176 2886 2888
4 2889 2181 2180 2890 4 2220 2219 2185 2184
6 2184 2183 2575 2187 2190 2891 4 2221 2220
2184 2891 4 2892 2191 2194 2893 5 2222 2221
2891 2894 2895 5 2229 2222 2895 2896 2897 6
2898 2899 2900 2579 2200 2199 5 2230 2229 2897
2901 2898 4 2198 2230 2898 2199 4 2902 2207
2210 2903 4 2236 2196 2195 2206 5 2237 2236
2206 2904 2905 4 2906 2216 2215 2907 5 2238
2237 2905 2908 2909 5 2246 2238 2909 2910 2214
4 2242 2246 2214 2213 5 2911 2223 2222 2229
2228 4 2231 2197 2196 2235 5 2247 2251 2597
2232 2231 5 2247 2231 2235 2599 2255 5 2912
2239 2238 2246 2245 5 2913 2587 2589 2914 2915
4 2590 2593 2916 2917 5 2913 2915 2918 2262
2261 4 2919 2603 2606 2920 4 2595 2251 2250
2921 4 2265 2611 2922 2923 5 2248 2247 2255
2254 2924 5 2266 2265 2923 2249 2248 5 2273
2266 2248 2924 2925 4 2926 2270 2273 2925 4
2927 2274 2277 2928 4 2929 2282 2286 2609 4
2930 2931 2612 2291 5 2267 2266 2273 2272 2617
4 2298 2297 2268 2267 4 2298 2267 2617 2299
4 2271 2270 2932 2933 4 2618 2617 2272 2271
4 2619 2618 2271 2933 4 2934 2302 2306 2623
4 2935 2936 2624 2310 4 2275 2274 2937 2938
4 2626 2625 2276 2275 4 2627 2626 2275 2938
4 2279 2278 2286 2285 4 2313 2312 2280 2279
5 2316 2629 2313 2279 2285 5 2284 2283 2930
2291 2290 5 2939 2317 2316 2285 2284 5 2323
2940 2939 2284 2290 4 2289 2288 2297 2296 5
2638 2320 2323 2290 2289 4 2295 2638 2289 2296
5 2301 2300 2621 2306 2305 4 2326 2293 2292
2301 5 2331 2643 2326 2301 2305 5 2304 2303
2935 2310 2309 5 2941 2332 2331 2305 2304 5
2338 2942 2941 2304 2309 5 2335 2338 2309 2308
2943 4 2940 2323 2322 2944 4 2321 2320 2638
2637 4 2945 2946 2322 2321 4 2945 2321 2637
2636 4 2324 2294 2293 2330 5 2344 2348 2641
2325 2324 5 2344 2324 2330 2644 2352 4 2942
2338 2337 2947 4 2336 2335 2943 2948 4 2949
2950 2337 2336 4 2949 2336 2948 2951 4 2631
2634 2952 2953 5 2342 2341 2954 2360 2359 4
2955 2361 2648 2956 4 2639 2348 2347 2957 4
2369 2656 2958 2959 5 2345 2344 2352 2351 2960
5 2370 2369 2959 2346 2345 5 2376 2370 2345
2960 2961 4 2962 2373 2376 2961 4 2963 2384
2383 2964 4 2965 2966 2365 2368 5 2967 2652
2649 2968 2969 5 2659 2658 2967 2969 2970 4
2367 2366 2655 2654 4 2660 2659 2368 2367 4
2653 2660 2367 2654 5 2371 2370 2376 2375 2666
4 2971 2661 2372 2371 4 2971 2371 2666 2665
4 2374 2373 2972 2973 4 2667 2666 2375 2374
4 2668 2667 2374 2973 4 2974 2975 2383 2382
5 2976 2669 2671 2977 2978 5 2381 2673 2976
2978 2979 4 2393 2392 1788 1787 4 2398 2397
2394 2393 4 1786 2398 2393 1787 4 2401 2400
1797 1796 4 2980 2981 1814 2401 4 2980 2401
1796 1795 4 2399 1804 2405 2404 4 2404 2403
2981 2980 4 2399 2404 2980 1795 4 1825 1824
2411 2410 4 2410 2409 2982 2983 4 1826 1825
2410 2983 4 2983 2982 2415 2414 4 2414 2413
1840 2412 4 1826 2983 2414 2412 4 2984 2985
2417 2416 4 2416 1831 1830 2422 4 2984 2416
2422 2421 4 2419 2418 2986 2987 4 2420 1850
1849 2419 4 2421 2420 2419 2987 4 2988 2989
2429 2428 4 2428 2427 1862 2426 4 2988 2428
2426 2425 4 2758 2759 2431 2430 4 2433 2432
2437 2436 4 2436 2435 1903 2434 4 2433 2436
2434 1874 4 2439 1887 2445 2444 4 2444 2443
2990 2991 4 2440 2439 2444 2991 4 1889 1888
2447 2446 4 2446 1896 2992 2993 4 1890 1889
2446 2993 4 2449 2448 1892 1891 4 2994 2995
1913 2449 4 2994 2449 1891 1890 4 2450 2451
1900 1899 4 2996 2997 2468 2467 4 2996 2467
2466 2788 4 1975 1974 2475 2474 4 2474 2473
2998 2999 4 1976 1975 2474 2999 4 2999 2998
2479 2478 4 2478 2477 1987 2476 4 1976 2999
2478 2476 4 3000 2802 2482 2481 4 2481 1979
1978 3001 4 3002 3000 2481 3001 4 3001 1978
2485 2484 4 2484 2483 3003 3004 4 3002 3001
2484 3004 4 2487 2486 2818 2820 4 3005 2828
1997 2487 4 3005 2487 2820 2821 4 2488 2489
2822 2823 4 1988 1987 2477 2491 4 2491 2490
3006 3007 4 1989 1988 2491 3007 4 3007 3006
2495 2494 4 2494 2493 2005 2492 4 1989 3007
2494 2492 4 3008 3003 2483 2496 4 2496 1996
1995 3009 4 3010 3008 2496 3009 4 2015 2014
2498 3011 4 3012 2505 2504 2028 4 2508 2507
2835 2836 4 2510 2509 2514 2513 4 2513 2512
2069 2511 4 2510 2513 2511 2040 4 3013 3014
2843 2842 4 3015 3013 2842 2517 4 2516 2053
2522 2521 4 2521 2520 3016 3015 4 2516 2521
3015 2517 4 2055 2054 2524 2523 4 2523 2062
3017 3018 4 2056 2055 2523 3018 4 2526 2525
2058 2057 4 3019 3020 2079 2526 4 3019 2526
2057 2056 4 3018 3017 3021 3022 4 3019 2056
3018 3022 4 2090 2089 2532 2531 4 2531 2530
2534 2533 4 2090 2531 2533 2091 4 2865 3023
2537 2536 4 2536 2096 2095 2542 4 2541 2865
2536 2542 4 2539 2538 2862 2861 4 2540 2115
2114 2539 4 2540 2539 2861 2541 4 3024 3025
3026 3027 4 2545 2867 3024 3027 4 3027 3026
2549 2548 4 2548 2547 2127 2546 4 2545 3027
2548 2546 4 2141 2140 2555 2554 4 2554 2146
3028 3029 4 2142 2141 2554 3029 4 3029 3028
2559 2558 4 2558 2557 2165 2556 4 2142 3029
2558 2556 4 3030 2152 2565 2564 4 2564 2563
3031 3032 4 3030 2564 3032 3033 4 2874 2567
2566 3034 4 2569 2568 2880 3035 4 3036 2885
2175 2569 4 3037 3036 2569 3035 4 2570 2571
2882 2883 4 2166 2165 2557 2573 4 2573 2572
3038 3039 4 2167 2166 2573 3039 4 3039 3038
2577 2576 4 2576 2575 2183 2574 4 2167 3039
2576 2574 4 3040 3031 2563 2578 4 2578 2174
2173 3041 4 3042 3040 2578 3041 4 3041 2173
2581 2580 4 2580 2579 2900 3043 4 3042 3041
2580 3043 4 2583 2582 2884 2887 4 3044 2204
2203 2583 4 3044 2583 2887 2888 4 2584 2585
2889 2890 4 3045 3046 2228 2227 4 3047 3045
2227 2226 4 2600 2599 2235 2234 4 3048 3049
2252 2600 4 3048 2600 2234 2233 4 2598 2241
3050 3051 4 3048 2233 2598 3051 4 2263 2262
2606 2605 4 2605 2604 2608 2607 4 2263 2605
2607 2264 4 3052 3053 2611 2610 4 2610 2269
2268 2616 4 3052 2610 2616 2615 4 2613 2612
3054 3055 4 2614 2288 2287 2613 4 2615 2614
2613 3055 4 3056 3057 2623 2622 4 2622 2621
2300 2620 4 3056 2622 2620 2619 4 2314 2313
2629 2628 4 2628 2319 3058 3059 4 2315 2314
2628 3059 4 3059 3058 2633 2632 4 2632 2631
2339 2630 4 2315 3059 2632 2630 4 2635 2325
2641 2640 4 2640 2639 3060 3061 4 2636 2635
2640 3061 4 2327 2326 2643 2642 4 2642 2334
3062 3063 4 2328 2327 2642 3063 4 2645 2644
2330 2329 4 3064 3065 2349 2645 4 3064 2645
2329 2328 4 2646 2647 2950 2949 4 3066 3067
2353 2646 4 3066 2646 2949 2951 4 2973 2972
2662 2663 4 2663 2380 2671 2670 4 2668 2973
2663 2670 4 3068 3069 1779 1778 4 3068 1778
2388 3070 4 3071 3072 3069 3068 6 3073 3071
3068 3070 3074 3075 5 3076 3077 3070 2388 2734
5 3078 3079 3076 2734 1823 5 3078 1823 1822
2675 3080 4 3081 3082 3083 3084 6 3085 3081
3084 2675 2674 2679 5 3086 2680 1875 1907 2683
6 3087 3088 2677 2676 2680 3089 4 3090 3087
3089 3091 5 3092 2681 1906 1922 2686 4 3093
3094 3095 3096 4 3097 3098 3099 3100 4 2684
1921 1942 2687 4 3101 3102 3103 3104 5 3101
3104 2684 2687 2690 5 3105 3106 2691 1972 1991
4 3107 3108 3109 3110 4 3111 3112 3113 3114
5 3105 1991 1990 2696 3115 4 3116 3117 3118
3119 4 3120 3121 2697 2700 5 3122 2701 2041
2073 2705 6 3123 3124 3125 2702 2701 3126 4
3123 3126 3127 3128 5 3129 3130 2703 2072 2088
4 3131 3132 3133 3134 4 3135 3136 3137 3138
5 3129 2088 2087 2707 3139 4 3140 3141 3142
3143 6 3144 3140 3143 2707 2706 2710 5 3145
3146 2711 2138 2169 4 3147 3148 3149 3150 4
3151 3152 3153 3154 5 3145 2169 2168 2716 3155
4 3156 3157 3158 3159 4 3160 2717 2721 3161
5 3162 3163 2722 2218 2587 5 3164 2723 2722
3165 3166 4 3167 3168 3169 3162 4 3170 3171
3172 3173 8 3174 3175 3176 3177 2281 2280 2312
3178 6 3174 3178 3179 3180 3181 3182 4 3183
3184 3185 3186 6 3187 3188 3189 3190 3191 3192
5 3193 63 62 3072 3071 4 3073 3075 3194
3195 4 3196 3197 3085 2679 4 2677 3088 3198
3199 5 335 1099 3200 3101 2690 4 3201 3202
3120 2700 4 3125 3124 3203 3204 4 1771 1770
3144 2710 4 3147 3150 1772 1773 5 3164 3166
1755 785 784 4 3176 1758 1757 3205 4 3174
3182 1761 1760 4 1764 1763 3187 3192 5 3206
1259 1258 1765 3191 5 180 179 3196 2679 2678
5 1288 180 2678 2677 3199 5 3207 336 335
2690 2689 4 3208 3209 3207 2689 5 454 453
3201 2700 2699 5 1364 454 2699 3125 3204 5
616 615 1771 2710 2709 5 3147 1773 1402 616
2709 4 1775 1774 2721 2720 5 3164 784 1442
1776 2719 5 3210 3167 3162 2587 2913 4 3211
3170 3173 3212 5 3213 3214 3210 2913 2261 5
3215 3216 3213 2261 2260 6 3177 3176 3205 3217
3218 3215 4 2281 3177 3215 2260 5 902 901
1758 3176 3175 5 902 3175 3174 1760 1467 4
3179 3178 2312 2311 4 3219 3183 3186 3220 5
3221 3222 3179 2311 2343 5 3223 3224 3221 2343
2342 4 3225 3188 3187 3226 5 3189 3227 3223
2342 2359 4 3190 3189 2359 2358 4 3228 3206
3191 3190 4 3228 3190 2358 2651 4 3193 3071
3073 3195 4 3195 3194 1752 1751 4 63 3193
3195 1751 4 3229 3081 3085 3197 4 3197 3196
179 1753 4 3229 3197 1753 1754 4 1749 1288
3199 3198 4 3198 3088 3087 3230 4 1750 1749
3198 3230 4 3231 3102 3101 3200 4 3231 3200
1099 1312 4 3202 3201 453 1533 4 1368 1364
3204 3203 4 3203 3124 3123 1766 4 1368 3203
1766 1371 4 1767 1766 3123 3128 4 1769 1768
3141 3140 4 1769 3140 3144 1770 4 3232 1756
1755 3166 4 3217 3205 1757 1759 4 1762 1761
3182 3181 4 1764 3192 3191 1765 4 1815 1814
2981 3233 4 3234 2745 1816 1815 4 3234 1815
3233 3235 4 3236 1820 1819 3237 4 1880 1879
2760 3238 4 3239 2432 1881 1880 4 3240 3239
1880 3238 4 1895 1894 2762 3241 4 3242 2992
1896 1895 4 3243 3242 1895 3241 4 1914 1913
2995 3244 4 3245 2776 1915 1914 4 3245 1914
3244 3246 4 3247 1919 1918 3248 4 2781 2457
2453 3249 4 2782 2781 3249 3250 4 2789 2468
2997 3251 4 2790 2789 3251 3252 4 2046 2045
2837 3253 4 3254 2509 2047 2046 4 3255 3254
2046 3253 4 2061 2060 2839 3256 4 3257 3017
2062 2061 4 3258 3257 2061 3256 4 2080 2079
3020 3259 4 3260 2853 2081 2080 4 3260 2080
3259 3261 4 3262 2085 2084 3263 4 3264 2534
2530 3265 4 3266 3264 3265 3267 4 3268 3026
3025 3269 4 3270 3268 3269 3271 4 2103 2102
2552 2551 4 3272 2145 2144 2871 4 2155 2154
2874 3034 4 3035 2880 2156 2155 4 3037 3035
2155 3034 4 3273 2159 2158 2875 4 2189 2188
3274 3275 4 2894 2891 2190 2189 4 2895 2894
2189 3275 4 2193 2192 2900 2899 4 2901 2897
2194 2193 4 2898 2901 2193 2899 4 2209 2208
3276 3277 4 2908 2905 2210 2209 4 2909 2908
2209 3277 4 2253 2252 3049 3278 4 3279 2924
2254 2253 4 3279 2253 3278 3280 4 3281 2258
2257 3282 4 2318 2317 2939 3283 4 3284 3058
2319 2318 4 3285 3284 2318 3283 4 2333 2332
2941 3286 4 3287 3062 2334 2333 4 3288 3287
2333 3286 4 2350 2349 3065 3289 4 3290 2960
2351 2350 4 3290 2350 3289 3291 4 2354 2353
3067 3292 4 3293 3294 2355 2354 4 3293 2354
3292 3295 4 2968 2649 2364 2363 4 2363 2362
3296 3297 4 2969 2968 2363 3297 4 2977 2671
2380 2379 4 2379 2378 3298 3299 4 2978 2977
2379 3299 4 2786 3300 2459 2458 4 2458 1930
1929 2463 4 2462 2786 2458 2463 4 3009 1995
2501 2500 4 2500 2499 2015 3011 4 3010 3009
2500 3011 4 2503 2502 2827 2830 4 3012 2028
2027 2503 4 3012 2503 2830 2831 4 2066 2065
2527 2528 4 2879 2873 2562 2561 4 2561 2153
2152 3030 4 2879 2561 3030 3033 4 2594 2232
2597 2596 4 2596 2595 3301 3047 4 2594 2596
3047 2226 6 2693 3107 3110 3208 2689 2688 4
2688 2687 1942 1941 4 2693 2688 1941 1973 4
2702 3125 2699 2698 4 2698 2694 2008 2007 4
2702 2698 2007 2042 5 2713 3148 3147 2709 2708
4 2708 2706 2108 2107 4 2713 2708 2107 2139
4 2723 3164 2719 2718 4 2185 2219 2723 2718
4 2185 2718 2714 2186 4 2725 2391 1785 1784
4 3302 3303 2726 2725 4 3302 2725 1784 1783
4 2724 1788 2392 2728 4 2728 2727 3303 3302
4 2724 2728 3302 1783 4 2730 2405 1804 1803
4 3304 3305 2731 2730 4 3304 2730 1803 1802
4 2729 1805 2406 2733 4 2733 2732 3305 3304
4 2729 2733 3304 1802 4 2735 2387 2390 2739
4 2739 2738 3306 3307 4 2736 2735 2739 3307
4 3307 3306 2740 2741 4 2741 2411 1824 2737
4 2736 3307 2741 2737 4 3308 2397 2396 2742
4 2742 1812 1811 3309 4 3310 3308 2742 3309
4 3309 1811 2744 2743 4 2743 2417 2985 3311
4 3310 3309 2743 3311 4 2747 2746 2745 3234
4 3312 2753 1832 2747 4 3312 2747 3234 3235
4 2748 2749 3236 3237 4 2750 2415 2982 3313
4 3314 1845 1844 2750 4 3314 2750 3313 3315
4 3316 2986 2418 2752 4 2752 2751 1845 3314
4 3316 2752 3314 3315 4 2755 2429 2989 3317
4 3318 1865 1864 2755 4 3318 2755 3317 3319
4 3320 2758 2430 2757 4 2757 2756 1865 3318
4 3320 2757 3318 3319 4 3238 2760 2761 2764
4 2764 1884 2766 3321 4 3240 3238 2764 3321
4 3241 2762 2763 2767 4 2767 1901 1900 3322
4 3243 3241 2767 3322 4 1904 1903 2435 2770
4 2770 2769 3323 3324 4 1905 1904 2770 3324
4 2771 2455 1923 2768 4 3324 3323 2772 2771
4 1905 3324 2771 2768 4 3325 2990 2443 2773
4 2773 1911 1910 3326 4 3327 3325 2773 3326
4 3326 1910 2775 2774 4 2774 2459 3300 3328
4 3327 3326 2774 3328 4 2778 2777 2776 3245
4 3329 2787 1931 2778 4 3329 2778 3245 3246
4 2779 2780 3247 3248 4 3330 2784 2460 2783
4 3330 2783 2782 3250 4 3331 1937 2469 2791
4 3331 2791 2790 3252 4 3332 3333 2794 2795
4 2795 2792 1946 1945 4 3332 2795 1945 1944
4 2798 2797 3333 3332 4 2793 1951 2799 2798
4 2793 2798 3332 1944 4 2803 2802 2800 2801
4 2801 2799 1951 1950 4 1949 2803 2801 1950
4 2809 2808 2806 2805 4 2804 1966 2810 2809
4 2804 2809 2805 1962 4 3334 3335 2812 2813
4 2813 2810 1966 1965 4 3334 2813 1965 1964
4 2815 2814 3335 3334 4 2811 1970 2816 2815
4 2811 2815 3334 1964 4 2010 2009 2824 3336
4 2826 2825 2010 3336 4 2031 2030 2832 3337
4 2834 2833 2031 3337 4 3253 2837 2838 2841
4 2841 2050 2843 3338 4 3255 3253 2841 3338
4 3339 2514 2509 3254 4 3340 3339 3254 3255
4 3338 2843 3014 3341 4 3340 3255 3338 3341
4 3256 2839 2840 2844 4 2844 2067 2066 3342
4 3258 3256 2844 3342 4 3343 3021 3017 3257
4 3344 3343 3257 3258 4 3342 2066 2528 3345
4 3344 3258 3342 3345 4 2070 2069 2512 2847
4 2847 2846 3346 3347 4 2071 2070 2847 3347
4 3347 3346 2848 2849 4 2849 2532 2089 2845
4 2071 3347 2849 2845 4 3348 3016 2520 2850
4 2850 2077 2076 3349 4 3350 3348 2850 3349
4 3349 2076 2852 2851 4 2851 2537 3023 3351
4 3350 3349 2851 3351 4 2855 2854 2853 3260
4 3352 2866 2097 2855 4 3352 2855 3260 3261
4 2856 2857 3262 3263 4 3353 2863 2862 3354
4 3266 3267 3353 3354 4 2858 2535 2534 3264
4 3355 2110 2109 2858 4 3355 2858 3264 3266
4 3354 2862 2538 2860 4 2860 2859 2110 3355
4 3354 2860 3355 3266 4 3356 2103 2551 3357
4 3270 3271 3356 3357 4 2868 2549 3026 3268
4 3358 2130 2129 2868 4 3358 2868 3268 3270
4 3357 2551 2550 2870 4 2870 2869 2130 3358
4 3357 2870 3358 3270 4 3272 2871 2872 2878
4 3273 2875 2876 2881 4 3275 3274 2892 2893
4 2893 2194 2897 2896 4 2895 3275 2893 2896
4 2205 2204 2902 2903 4 2903 2210 2905 2904
4 2205 2903 2904 2206 4 3277 3276 2906 2907
4 2907 2215 2214 2910 4 2909 3277 2907 2910
4 3359 2592 2225 2224 4 3360 3359 2224 2223
4 2911 2228 3046 3361 4 3360 2223 2911 3361
4 3362 3050 2241 2240 4 3363 3362 2240 2239
4 2912 2245 2602 3364 4 3363 2239 2912 3364
4 2914 2589 2590 2917 4 2917 2916 3365 3366
4 2915 2914 2917 3366 4 3366 3365 2919 2920
4 2920 2606 2262 2918 4 2915 3366 2920 2918
4 3367 3301 2595 2921 4 2921 2250 2249 3368
4 3369 3367 2921 3368 4 3368 2249 2923 2922
4 2922 2611 3053 3370 4 3369 3368 2922 3370
4 2926 2925 2924 3279 4 3371 2932 2270 2926
4 3371 2926 3279 3280 4 2927 2928 3281 3282
4 2929 2609 2608 3372 4 3373 2283 2282 2929
4 3373 2929 3372 3374 4 3375 3054 2612 2931
4 2931 2930 2283 3373 4 3375 2931 3373 3374
4 2934 2623 3057 3376 4 3377 2303 2302 2934
4 3377 2934 3376 3378 4 3379 2625 2624 2936
4 2936 2935 2303 3377 4 3379 2936 3377 3378
4 3283 2939 2940 2944 4 2944 2322 2946 3380
4 3285 3283 2944 3380 4 3286 2941 2942 2947
4 2947 2337 2950 3381 4 3288 3286 2947 3381
4 2340 2339 2631 2953 4 2953 2952 3382 3383
4 2341 2340 2953 3383 4 3383 3382 2955 2956
4 2956 2648 2360 2954 4 2341 3383 2956 2954
4 3384 3060 2639 2957 4 2957 2347 2346 3385
4 3386 3384 2957 3385 4 3385 2346 2959 2958
4 2958 2656 2655 3387 4 3386 3385 2958 3387
4 2962 2961 2960 3290 4 3388 2972 2373 2962
4 3388 2962 3290 3291 4 2963 2964 3294 3293
4 3389 2385 2384 2963 4 3389 2963 3293 3295
4 2965 2368 2659 2970 4 3297 3296 2966 2965
4 2969 3297 2965 2970 4 2974 2382 2381 2979
4 3299 3298 2975 2974 4 2978 3299 2974 2979
4 3390 3075 3074 3391 4 3392 3393 3390 3391
4 3391 3074 3070 3077 4 3392 3391 3077 3076
4 3394 3393 3392 3395 4 3396 3397 3394 3395
4 3079 3078 3396 3395 4 3079 3395 3392 3076
4 3083 3082 3397 3396 4 3083 3396 3078 3080
4 2675 3084 3083 3080 4 3093 3096 3090 3091
4 3086 2683 3093 3091 4 3086 3091 3089 2680
4 3398 3399 3095 3094 4 3094 3093 2683 2682
4 3398 3094 2682 2681 4 3097 3100 3399 3398
4 3092 2686 3098 3097 4 3092 3097 3398 2681
4 3103 3102 3099 3098 4 3103 3098 2686 2685
4 2684 3104 3103 2685 4 3111 3114 3109 3108
4 3108 3107 2693 2692 4 3111 3108 2692 2691
4 3400 3401 3113 3112 4 3106 3105 3400 3112
4 3106 3112 3111 2691 4 3116 3119 3401 3400
4 3116 3400 3105 3115 4 3117 3116 3115 2696
4 3121 3120 3118 3117 4 2695 2694 2697 3121
4 2695 3121 3117 2696 4 3131 3134 3128 3127
4 3122 2705 3131 3127 4 3122 3127 3126 2701
4 3135 3138 3133 3132 4 3132 3131 2705 2704
4 3135 3132 2704 2703 4 3402 3403 3137 3136
4 3130 3129 3402 3136 4 3130 3136 3135 2703
4 3142 3141 3403 3402 4 3142 3402 3129 3139
4 2707 3143 3142 3139 4 3151 3154 3150 3149
4 3149 3148 2713 2712 4 3151 3149 2712 2711
4 3404 3405 3153 3152 4 3146 3145 3404 3152
4 3146 3152 3151 2711 4 3156 3159 3405 3404
4 3156 3404 3145 3155 4 3157 3156 3155 2716
4 3160 3161 3158 3157 4 2715 2714 2717 3160
4 2715 3160 3157 2716 4 3406 3232 3166 3165
4 3406 3165 2722 3163 4 3406 3163 3162 3169
4 3407 3232 3406 3169 4 3408 3407 3169 3168
4 3409 3410 3408 3168 4 3409 3168 3167 3210
4 3218 3217 3172 3171 4 3171 3170 3213 3216
4 3215 3218 3171 3216 4 3411 3412 3185 3184
4 3184 3183 3221 3224 4 3411 3184 3224 3223
4 3209 3208 3110 3413 4 3209 3413 1711 1710
4 336 3207 3209 1710 4 1775 2720 2719 1776
4 3211 3212 3410 3409 4 3214 3213 3170 3211
4 3214 3211 3409 3210 4 3219 3220 3181 3180
4 3222 3221 3183 3219 4 3179 3222 3219 3180
4 3225 3226 3412 3411 4 3227 3189 3188 3225
4 3227 3225 3411 3223 4 1936 1935 3414 3415
4 2470 2469 1937 1936 4 2471 2470 1936 3415
4 1924 1923 2455 2454 4 2454 2453 2457 2456
4 1924 2454 2456 1925 4 2586 2225 2592 2591
4 2591 2590 2589 2588 4 2586 2591 2588 2217
4 2601 2602 2245 2244 4 3416 3417 2256 2601
4 3416 2601 2244 2243 5 1870 3418 3419 3420
3421 4 1898 1897 3422 3423 5 3424 3425 1898
3423 3426 5 2471 3415 3414 3427 3428 4 1968
2471 3428 3429 5 3430 3431 2817 3432 3433 5
3434 3435 3430 3433 3436 5 3437 3438 3434 3436
3439 5 2036 3440 3437 3439 3441 4 2064 2063
3442 3443 5 3444 3445 2064 3443 3446 5 2553
3447 3448 3449 3450 4 2134 2553 3450 3451 5
3452 3453 2877 3454 3455 5 3456 3457 3452 3455
3458 5 3459 3460 3456 3458 3461 5 2212 3462
3459 3461 3463 4 2243 2242 3464 3465 5 3417
3416 2243 3465 3466 5 2627 2938 2937 3467 3468
4 2307 2627 3468 3469 5 2951 2948 2943 3470
3471 5 3067 3066 2951 3471 3472 4 2386 2385
3473 3474 4 3475 2672 2386 3474 4 1837 1836
3476 3477 4 2759 1837 3477 3419 4 1871 1870
3421 3478 4 3422 1897 1871 3478 5 3479 3480
3424 3426 3481 5 3482 3479 3481 3427 3414 4
1969 1968 3429 3483 4 3432 2817 1969 3483 4
1984 1983 2817 3431 4 2823 1984 3431 3430 4
2002 2001 3434 3438 4 2836 2002 3438 3437 4
2037 2036 3441 3484 4 3442 2063 2037 3484 5
3485 3486 3444 3446 3487 5 3488 3485 3487 3449
3448 4 2135 2134 3451 3489 4 3454 2877 2135
3489 4 2162 2161 2877 3453 4 2883 2162 3453
3452 4 2180 2179 3456 3460 4 2890 2180 3460
3459 4 2213 2212 3463 3490 4 3464 2242 2213
3490 5 3491 3492 3417 3466 3493 5 3494 3491
3493 3467 2937 4 2308 2307 3469 3495 4 3470
2943 2308 3495 5 3295 3292 3067 3472 3496 5
3473 2385 3389 3295 3496 4 3418 1870 1869 2431
4 2759 3419 3418 2431 4 3425 3424 1917 2450
4 1898 3425 2450 1899 4 3435 3434 2001 2488
4 2823 3430 3435 2488 4 3440 2036 2035 2508
4 2836 3437 3440 2508 4 3457 3456 2179 2570
4 2883 3452 3457 2570 4 3462 2212 2211 2584
4 2890 3459 3462 2584 4 1819 1818 2407 3497
4 3237 1819 3497 3498 4 1918 1917 3424 3480
4 3248 1918 3480 3479 4 2084 2083 3444 3486
4 3263 2084 3486 3485 4 2102 2101 3448 3447
4 2552 2102 3447 2553 4 2257 2256 3417 3492
4 3282 2257 3492 3491 4 3445 3444 2083 2527
4 2064 3445 2527 2065 4 3499 3476 1836 2748
4 3499 2748 3237 3498 4 3482 3414 1935 2779
4 3248 3479 3482 2779 4 3488 3448 2101 2856
4 3263 3485 3488 2856 4 3494 2937 2274 2927
4 3282 3491 3494 2927 4 3500 3501 3502 3503
5 3504 3505 3506 3507 3508 4 3509 3510 3511
3512 8 3513 3514 3515 3516 3517 3518 3519 3520
4 3521 3522 3513 3520 4 3523 3524 3525 3526
4 3527 3528 3529 3530 4 3531 3532 3533 3534
4 3535 3536 3537 3538 4 3539 3540 3541 3542
4 3543 3544 3545 3546 4 3547 3548 3549 3550
4 3551 3552 3553 3554 4 3555 3556 3557 3558
4 3559 3527 3530 3560 4 3561 3531 3534 3562
4 3563 3535 3538 3564 4 3565 3566 3567 3568
4 3569 3547 3550 3570 4 3500 3503 3571 3572
4 3504 3508 3501 3500 6 3573 3504 3500 3572
3574 3575 4 3576 3573 3575 3577 5 3507 3506
3578 3509 3512 4 3579 3580 3581 3582 6 3510
3509 3579 3582 3583 3584 4 3516 3515 3511 3510
5 3517 3516 3510 3584 3585 5 3521 3520 3519
3586 3587 4 3588 3589 3522 3521 6 3590 3588
3521 3587 3591 3592 4 3593 3523 3526 3594 4
3595 3529 3528 3596 4 3597 3598 3599 3600 4
3601 3539 3542 3602 4 3603 3543 3546 3604 4
3605 3606 3551 3554 4 3553 3552 3607 3608 4
3609 3610 3555 3558 4 3593 3594 3559 3560 4
3595 3596 3561 3562 4 3611 3612 3563 3564 4
3601 3602 3565 3568 4 3603 3604 3569 3570 5
3613 3614 3615 3616 3617 5 3618 3619 3620 3621
3622 4 3623 3624 3625 3626 4 3627 3628 3629
3630 5 3631 3632 3633 3634 3635 5 3636 3637
3638 3639 3640 5 3641 3642 3643 3644 3645 4
3646 3647 3648 3649 5 3650 3651 3652 3653 3654
4 3655 3656 3657 3658 5 3659 3660 3661 3662
3663 5 3664 3665 3666 3667 3668 8 3669 3670
3671 3672 3673 3674 3675 3676 4 3677 3678 3669
3676 5 3679 3680 3681 3682 3683 5 3684 3685
3686 3687 3688 4 3689 3690 3691 3692 4 3693
3694 3695 3696 4 3672 3671 3697 3698 6 3699
3700 3701 3702 3703 3670 4 3704 3705 3706 3707
4 3708 3709 3710 3711 5 3712 3713 3714 3715
3716 4 3717 3718 3719 3720 5 3589 3588 3721
3722 3723 5 3724 3725 3726 3727 3728 4 3729
3730 3731 3732 4 3733 3734 3735 3736 5 3737
3738 3739 3740 3741 5 3742 3743 3744 3745 3746
8 3747 3748 3749 3750 3751 3752 3753 3754 4
3755 3756 3747 3754 5 3757 3758 3759 3760 3761
5 3762 3763 3764 3765 3766 5 3750 3749 3767
3768 3769 4 3770 3771 3772 3748 4 3773 3774
3775 3776 5 3777 3778 3779 3780 3781 4 3782
3783 3784 3785 4 3786 3787 3788 3789 5 3790
3791 3792 3793 3794 5 3795 3796 3797 3798 3799
8 3800 3801 3802 3803 3804 3805 3806 3807 5
3808 3809 3810 3800 3807 5 3811 3812 3813 3814
3815 5 3816 3817 3818 3819 3820 4 3821 3822
3823 3824 4 3825 3826 3827 3828 4 3803 3802
3829 3830 6 3831 3832 3833 3834 3835 3801 4
3836 3837 3838 3839 6 3840 3841 3842 3843 3844
3845 4 3846 3847 3848 3849 5 3850 3851 3852
3853 3854 4 3855 3856 3857 3858 5 3859 3860
3861 3862 3863 5 3864 3865 3866 3867 3868 4
3869 3870 3871 3872 4 3873 3874 3875 3876 5
3877 3878 3879 3880 3881 5 3882 3883 3884 3885
3886 8 3887 3888 3889 3890 3891 3892 3893 3894
4 3895 3896 3887 3894 5 3897 3898 3899 3900
3901 4 3902 3903 3904 3905 8 3906 3907 3908
3909 3557 3910 3524 3911 4 3912 3913 3914 3915
4 3916 3917 3918 3919 5 3890 3889 3920 3921
3922 4 3923 3924 3925 3888 4 3926 3927 3928
3929 4 3930 3931 3932 3933 4 3906 3911 3934
3935 5 3936 3937 3938 3939 3940 4 3941 3942
3943 3944 4 3945 3946 3947 3948 4 3949 3950
3951 3952 4 3953 3954 3955 3956 8 3957 3958
3959 3960 3961 3962 3963 3964 6 3965 3966 3967
3968 3957 3964 4 3969 3970 3971 3972 4 3973
3974 3975 3976 5 3534 3533 3977 3978 3979 5
3980 3981 3982 3983 3984 5 3985 3986 3987 3988
3989 4 3960 3959 3990 3991 5 3992 3993 3994
3958 3995 5 3996 3997 3998 3999 4000 5 4001
4002 4003 4004 4005 4 4006 4007 4008 4009 5
4010 4011 4012 4013 4014 4 4015 4016 4017 4018
5 4019 4020 4021 4022 4023 5 4024 4025 4026
4027 4028 4 4029 4030 4031 4032 4 4033 4034
4035 4036 5 4037 4038 4039 4040 4041 5 4042
4043 4044 4045 4046 8 4047 4048 4049 4050 4051
4052 4053 4054 4 4055 4056 4047 4054 5 4057
4058 4059 4060 4061 5 4062 4063 4064 4065 4066
8 4067 4068 4069 4070 3567 4071 3544 4072 4
4073 4074 4075 4076 4 4050 4049 4077 4078 6
4079 4080 4081 4082 4083 4048 4 4084 4085 4086
4087 4 4088 4089 4090 4091 4 4067 4072 4092
4093 5 4094 4095 4096 4097 4098 4 4099 4100
4101 4102 5 4103 4104 4105 4106 4107 4 4108
4109 4110 4111 5 4112 4113 4114 4115 4116 6
4117 4118 4119 4120 4121 4122 4 4123 4124 4125
4126 4 4127 4128 4129 4130 4 4131 4132 4133
4134 5 4135 3613 3617 3618 3622 4 4136 4137
4138 4139 4 4140 4141 4142 4143 5 4144 3620
3619 3623 3626 4 4145 4146 4140 4143 4 3645
4147 4148 4149 5 4150 3627 3630 3631 3635 6
3628 3627 4151 4152 3646 3649 4 4153 4154 4155
4156 4 3636 3640 3502 3501 4 4157 4158 4159
4160 5 4161 4162 3636 3501 3508 4 4163 3659
3663 4164 4 3668 4165 4166 4167 4 3650 3654
4168 4169 4 4170 3664 3668 4167 6 3674 3665
4171 4172 4173 3653 6 4174 4175 4176 4177 3677
3676 4 3683 4178 4179 4180 5 4181 4182 4183
3512 3511 4 4184 4185 3684 3688 5 3685 4186
4181 3511 3515 4 3693 3696 4187 4188 6 3672
3698 4189 4190 4191 4192 4 3716 4193 4194 4195
4 3704 3707 4196 4197 4 4198 4199 3717 3720
5 4200 4201 4202 3513 3522 5 4203 4204 4200
3522 3589 5 3737 3741 4205 4206 4207 5 3746
3737 4207 4208 4209 4 3724 3728 4210 4211 5
3742 3746 4209 4212 4213 5 3752 3742 4213 4214
3727 5 3755 3754 4215 4216 4217 5 3761 3755
4217 4218 4219 5 4220 4221 4222 3733 3736 5
3762 3766 4223 4224 4220 4 4225 3762 4220 3736
4 3750 3769 4226 4227 4 4228 4229 4230 3777
4 4231 4232 3782 3785 5 4233 4234 4235 3773
3776 5 4236 4237 4233 3776 3786 4 3790 3794
4238 4239 4 3799 4240 4241 4242 4 4228 3777
3781 4243 4 3795 3799 4242 4244 4 3805 4245
4246 4247 4 4248 4249 3808 3807 4 3815 4250
4251 4252 5 4253 4254 4236 3786 3789 4 4255
4256 3816 3820 5 4257 3817 4258 4253 3789 4
3825 3828 4259 4260 6 3803 3830 4261 4262 4263
4264 4 3854 4265 4266 4267 4 3836 3839 4268
4269 4 4270 4271 3855 3858 4 3840 3845 3846
3849 5 3863 4272 4273 3840 3849 4 4274 3877
3881 4275 4 3886 4276 4277 4278 4 3864 3868
4279 4280 4 4281 3882 3886 4278 6 3892 3883
4282 4283 4284 3867 6 4285 4286 4287 4288 3895
3894 4 3901 4289 4290 4291 5 4292 4293 4294
3873 3876 6 3902 3905 4295 4296 4297 4292 4
3908 3902 4292 3876 4 3916 3919 4298 4299 4
3890 3922 4300 4301 4 4302 4303 4304 3936 4
3926 3929 4305 4306 4 4307 4308 3941 3944 5
4309 4310 4311 3906 3935 5 4312 4313 4309 3935
3945 4 4302 3936 3940 4314 4 3962 4315 4316
4317 4 4318 4319 3965 3964 5 4320 4321 4312
3945 3948 5 4322 4323 4324 4320 3948 5 3985
3989 4325 3980 3984 5 3960 3991 4326 3987 3986
4 4014 4327 4328 4329 5 3996 4000 4330 3992
3995 4 4331 4332 4015 4018 4 4001 4005 4006
4009 5 4023 4333 4334 4001 4009 4 4335 4037
4041 4336 4 4046 4337 4338 4339 4 4024 4028
4340 4341 4 4342 4042 4046 4339 6 4052 4043
4343 4344 4345 4027 6 4346 4347 4348 4349 4055
4054 4 4061 4350 4351 4352 5 4353 4354 4355
4033 4036 4 4356 4357 4062 4066 5 4069 4063
4358 4353 4036 4 4073 4076 4359 4360 6 4050
4078 4361 4362 4363 4364 4 4098 4365 4366 4367
4 4084 4087 4368 4369 4 4370 4371 4099 4102
5 4372 4373 4374 4067 4093 5 4107 4375 4376
4372 4093 4 4377 4108 4111 4378 5 4379 4380
4381 4382 4383 5 4384 4379 4383 4385 4386 4
4112 4116 4387 4388 5 4389 4384 4386 4390 4391
5 4392 4389 4391 4393 4115 4 4394 4123 4126
4395 4 4396 4397 4117 4122 5 4398 4396 4122
4399 4400 5 4401 4402 4403 4131 4134 5 4404
4405 4406 4407 4401 4 4408 4404 4401 4134 4
3625 3624 3629 3628 5 3641 3645 4149 3626 3625
4 3641 3625 3628 3649 5 4409 3633 3632 3639
3638 4 4410 4411 4153 4156 4 4157 4160 4412
4413 4 4147 3645 3644 4414 4 3650 4169 4415
4416 5 3642 3641 3649 3648 4417 5 3651 3650
4416 3643 3642 5 3658 3651 3642 4417 4418 4
4419 3655 3658 4418 5 4420 4421 4161 3508 3507
5 4422 4420 3507 3512 4183 5 3652 3651 3658
3657 4174 4 3675 3674 3653 3652 4 3675 3652
4174 3676 4 3656 3655 4423 4424 4 4175 4174
3657 3656 4 4176 4175 3656 4424 4 4425 3679
3683 4180 4 4426 4427 4184 3688 4 4428 4429
4183 4182 4 4430 4428 4182 4181 5 3661 3660
4165 3668 3667 5 4431 3689 3692 3662 3661 5
3693 4188 4431 3661 3667 4 3666 3665 3674 3673
5 4192 3694 3693 3667 3666 4 3672 4192 3666
3673 5 3678 3677 4178 3683 3682 4 3699 3670
3669 3678 5 3704 4197 3699 3678 3682 5 3681
3680 4426 3688 3687 5 4432 3705 3704 3682 3681
5 3711 4433 4432 3681 3687 4 3686 3685 3515
3514 5 4202 3708 3711 3687 3686 4 3513 4202
3686 3514 4 3690 3689 4431 4434 4 4435 4436
3691 3690 4 4437 4435 3690 4434 4 3695 3694
4192 4191 4 4438 4439 3696 3695 4 4438 3695
4191 4190 4 3697 3671 3670 3703 5 3712 3716
4195 3698 3697 5 3712 3697 3703 4198 3720 4
4433 3711 3710 4440 4 4193 3716 3715 4441 4
3724 4211 4442 4443 5 3713 3712 3720 3719 4444
5 3725 3724 4443 3714 3713 5 3732 3725 3713
4444 4445 4 4446 3729 3732 4445 5 4447 4448
4203 3589 3723 5 3733 4222 4449 4447 3723 5
3734 3733 3723 3722 4450 4 4206 4205 4451 4452
4 4207 4206 4452 4453 4 4212 4209 4454 4455
4 4213 4212 4455 4456 5 3726 3725 3732 3731
4215 4 3753 3752 3727 3726 4 3753 3726 4215
3754 5 3757 3761 4219 4457 4458 5 3757 4458
4459 4223 3766 6 3735 3734 4460 4461 4462 4463
4 4464 4225 3736 3735 4 4464 3735 4463 4465
5 4466 3738 3737 3746 3745 4 4467 4468 4469
4470 4 4471 4472 4473 4474 4 3743 3742 3752
3751 4 4475 4471 4474 4476 6 4477 4478 3743
3751 3750 4227 5 4479 3756 3755 3761 3760 6
3770 3748 3747 3756 4480 4481 4 4482 4483 4484
4485 5 4486 3758 3757 3766 3765 4 4487 4482
4485 4488 4 4489 4490 4491 4492 4 3763 3762
4225 4493 4 4494 4489 4492 4495 5 3773 4235
4496 3763 4493 5 3767 3749 3748 3772 4497 5
3778 3777 4230 3768 3767 5 3778 3767 4497 4231
3785 4 3771 3770 4481 4498 4 4499 4497 3772
3771 4 4499 3771 4498 4500 4 4501 4494 4235
4234 4 4502 4501 4234 4233 5 3775 3774 4503
4504 4505 4 3787 3786 3776 3775 5 3787 3775
4505 4506 4507 5 3779 3778 3785 3784 4508 5
3806 3805 4247 3780 3779 5 4248 3807 3806 3779
4508 4 3783 3782 4509 4510 4 4511 4508 3784
3783 4 4511 3783 4510 4512 4 3811 3815 4252
4513 4 4514 4515 4255 3820 4 4516 4517 4236
4254 4 4518 4516 4254 4253 5 3788 3787 4507
4519 4520 4 4521 4257 3789 3788 5 4521 3788
4520 4522 4523 5 3792 3791 4240 3799 3798 5
4524 3821 3824 3793 3792 5 3825 4260 4524 3792
3798 5 3797 3796 4245 3805 3804 5 4264 3826
3825 3798 3797 4 3803 4264 3797 3804 5 3810
3809 4250 3815 3814 4 3831 3801 3800 3810 5
3836 4269 3831 3810 3814 5 3813 3812 4514 3820
3819 5 4525 3837 3836 3814 3813 5 3844 4526
4525 3813 3819 4 3818 3817 4257 4527 4 3845
3844 3819 3818 4 3846 3845 3818 4527 4 3822
3821 4524 4528 4 4529 4530 3823 3822 4 4531
4529 3822 4528 4 3827 3826 4264 4263 4 4532
4533 3828 3827 4 4532 3827 4263 4262 4 3829
3802 3801 3835 5 3850 3854 4267 3830 3829 5
3850 3829 3835 4270 3858 4 4526 3844 3843 4534
5 3848 3847 4535 4536 4537 4 3859 3863 3849
3848 6 4538 3859 3848 4537 4539 4540 4 4265
3854 3853 4541 4 3864 4280 4542 4543 5 3851
3850 3858 3857 4544 5 3865 3864 4543 3852 3851
5 3872 3865 3851 4544 4545 4 4546 3869 3872
4545 5 4547 4548 4272 3863 3862 5 3873 4294
4549 4547 3862 5 3874 3873 3862 3861 4550 4
4551 4552 4553 4554 4 4555 4551 4554 4556 4
4557 4558 4559 4560 4 4283 4557 4560 4561 5
3866 3865 3872 3871 4285 4 3893 3892 3867 3866
4 3893 3866 4285 3894 4 3870 3869 4562 4563
4 4286 4285 3871 3870 4 4287 4286 3870 4563
4 4564 3897 3901 4291 4 4565 4566 4295 3905
4 4567 4568 4294 4293 4 4297 4296 4569 4567
4 4292 4297 4567 4293 6 3875 3874 4570 4571
4572 3609 4 3909 3908 3876 3875 5 3557 3909
3875 3609 3558 5 3879 3878 4276 3886 3885 5
4573 3912 3915 3880 3879 5 3916 4299 4573 3879
3885 4 3884 3883 3892 3891 5 4574 3917 3916
3885 3884 5 4574 3884 3891 3890 4301 5 3896
3895 4289 3901 3900 5 4575 3923 3888 3887 3896
5 3926 4306 4575 3896 3900 5 3899 3898 4565
3905 3904 5 4576 3927 3926 3900 3899 5 3933
4577 4576 3899 3904 4 3903 3902 3908 3907 5
4311 3930 3933 3904 3903 4 3906 4311 3903 3907
4 4578 3913 3912 4573 4 4579 3918 3917 4574
5 3920 3889 3888 3925 4580 5 3937 3936 4304
3921 3920 5 3937 3920 4580 4307 3944 4 4577
3933 3932 4581 4 3931 3930 4311 4310 4 4582
3931 4310 4309 5 3934 3911 3524 3523 3593 4
3946 3945 3935 3934 5 3946 3934 3593 3560 3530
5 3938 3937 3944 3943 4583 5 3963 3962 4317
3939 3938 5 4318 3964 3963 3938 4583 4 3942
3941 4584 4585 4 4586 4583 3943 3942 4 4586
3942 4585 4587 4 4588 4589 4312 4321 4 4590
4588 4321 4320 5 3947 3946 3530 3529 3595 4
3979 4322 3948 3947 5 3534 3979 3947 3595 3562
4 4591 3953 3956 4592 5 3984 3983 4593 4594
4595 5 3985 3984 4595 4596 4597 6 4598 4599
4600 4315 3962 3961 5 3986 3985 4597 4601 4598
4 3960 3986 4598 3961 4 4602 3969 3972 4603
4 3995 3958 3957 3968 5 3996 3995 3968 4604
4605 4 4606 3973 3976 4607 5 3997 3996 4605
4608 4609 5 4004 3997 4609 4610 4611 5 4612
4613 4323 4322 4614 5 4005 4004 4611 4615 4612
4 4006 4005 4612 4614 4 3990 3959 3958 3994
5 4010 4014 4329 3991 3990 5 4010 3990 3994
4331 4018 5 4616 3998 3997 4004 4003 4 4008
4007 4617 3611 4 4019 4023 4009 4008 6 4618
4019 4008 3611 3564 3538 4 4327 4014 4013 4619
4 4024 4341 4620 4621 5 4011 4010 4018 4017
4622 5 4025 4024 4621 4012 4011 5 4032 4025
4011 4622 4623 4 4624 4029 4032 4623 5 4625
4626 4333 4023 4022 5 4033 4355 4627 4625 4022
4 4628 4618 3538 3537 5 4034 4033 4022 4021
4629 4 3597 3600 4630 4631 5 4026 4025 4032
4031 4346 4 4053 4052 4027 4026 4 4053 4026
4346 4054 4 4030 4029 4632 4633 4 4347 4346
4031 4030 4 4348 4347 4030 4633 4 4634 4057
4061 4352 4 4635 4636 4356 4066 4 4637 4638
4355 4354 4 4639 4637 4354 4353 6 4035 4034
4640 3540 3539 3601 4 4070 4069 4036 4035 5
3567 4070 4035 3601 3568 5 4039 4038 4337 4046
4045 5 4641 4642 4643 4040 4039 5 4073 4360
4641 4039 4045 4 4044 4043 4052 4051 5 4364
4074 4073 4045 4044 4 4050 4364 4044 4051 5
4056 4055 4350 4061 4060 4 4079 4048 4047 4056
5 4084 4369 4079 4056 4060 5 4059 4058 4635
4066 4065 5 4644 4085 4084 4060 4059 5 4091
4645 4644 4059 4065 4 4064 4063 4069 4068 5
4374 4088 4091 4065 4064 4 4067 4374 4064 4068
4 4646 4642 4641 4647 4 4648 4649 4646 4647
4 4075 4074 4364 4363 4 4650 4651 4076 4075
4 4650 4075 4363 4362 4 4077 4049 4048 4083
5 4094 4098 4367 4078 4077 5 4094 4077 4083
4370 4102 4 4652 4645 4091 4090 4 4089 4088
4374 4373 4 4653 4654 4090 4089 4 4653 4089
4373 4372 5 4092 4072 3544 3543 3603 4 4103
4107 4093 4092 6 4655 4103 4092 3603 3570 3550
4 4365 4098 4097 4656 4 4112 4388 4657 4658
5 4095 4094 4102 4101 4659 5 4113 4112 4658
4096 4095 5 4118 4113 4095 4659 4660 4 4119
4118 4660 4661 5 4662 4663 4375 4107 4106 5
4131 4403 4664 4662 4106 4 4665 4655 3550 3549
5 4132 4131 4106 4105 4666 4 4667 4668 3605
3554 4 4669 4670 4671 4672 4 4383 4382 4669
4672 4 4110 4109 4673 4674 4 4390 4386 4111
4110 4 4391 4390 4110 4674 4 4114 4113 4118
4117 4 4675 4392 4115 4114 4 4675 4114 4117
4397 4 4676 4127 4130 4677 5 4678 4398 4400
4679 4680 5 4406 4405 4678 4680 4681 6 4133
4132 4667 3554 3553 3608 4 4682 4408 4134 4133
4 4683 4682 4133 3608 4 4136 4139 3615 3614
4 4684 4685 4137 4136 4 4684 4136 3614 3613
4 4135 3622 4143 4142 4 4142 4141 4685 4684
4 4135 4142 4684 3613 4 4145 4143 3622 3621
4 4686 4687 4146 4145 4 4686 4145 3621 3620
4 4144 3626 4149 4148 4 4148 4147 4687 4686
4 4144 4148 4686 3620 4 4150 3635 4156 4155
4 4155 4154 4152 4151 4 4150 4155 4151 3627
4 4163 4164 4688 4689 4 4690 3660 3659 4163
4 4690 4163 4689 4691 4 4692 4693 4167 4166
4 4166 4165 3660 4690 4 4692 4166 4690 4691
4 4694 4695 4169 4168 4 4168 3654 3653 4173
4 4694 4168 4173 4172 4 4170 4167 4693 4696
4 4171 3665 3664 4170 4 4172 4171 4170 4696
4 4697 4698 4180 4179 4 4179 4178 3677 4177
4 4697 4179 4177 4176 4 4185 4184 4699 4430
4 4186 3685 3684 4185 4 4186 4185 4430 4181
4 4434 4431 4188 4187 4 4187 3696 4439 4700
4 4437 4434 4187 4700 4 4189 3698 4195 4194
4 4194 4193 4701 4702 4 4190 4189 4194 4702
4 3700 3699 4197 4196 4 4196 3707 4703 4704
4 3701 3700 4196 4704 4 4199 4198 3703 3702
4 4705 4706 3717 4199 4 4705 4199 3702 3701
4 4204 4203 4707 4708 4 4200 4204 4708 4709
4 4710 4454 4209 4208 4 4710 4208 4207 4453
4 4456 4711 4211 4210 4 4210 3728 3727 4214
4 4213 4456 4210 4214 4 4712 4713 4219 4218
4 4714 4712 4218 4217 4 4715 4477 4227 4226
4 4226 3769 3768 4716 4 4717 4715 4226 4716
4 4716 3768 4230 4229 4 4229 4228 4718 4719
4 4717 4716 4229 4719 4 4232 4231 4497 4499
4 4720 4509 3782 4232 4 4720 4232 4499 4500
4 4237 4236 4517 4721 4 4502 4233 4237 4721
4 3791 3790 4239 4722 4 4241 4240 3791 4722
4 4723 4718 4228 4243 4 4243 3781 3780 4724
4 4725 4723 4243 4724 4 3796 3795 4244 4726
4 4727 4251 4250 3809 4 4258 3817 3816 4256
4 4518 4253 4258 4256 4 4528 4524 4260 4259
4 4259 3828 4533 4728 4 4531 4528 4259 4728
4 4729 4730 4530 4529 4 4731 4729 4529 4531
4 4728 4533 4732 4733 4 4731 4531 4728 4733
4 4734 4732 4533 4532 4 4735 4734 4532 4262
4 4261 3830 4267 4266 4 4266 4265 4736 4735
4 4261 4266 4735 4262 4 3832 3831 4269 4268
4 4268 3839 4737 4738 4 3833 3832 4268 4738
4 4271 4270 3835 3834 4 4739 4740 3855 4271
4 4739 4271 3834 3833 4 4738 4737 4741 4742
4 4739 3833 4738 4742 4 4743 4744 3842 3841
4 4273 4272 4745 4743 4 3840 4273 4743 3841
4 4746 4559 4558 4747 4 4555 4556 4746 4747
4 4274 4275 4552 4551 4 4748 3878 3877 4274
4 4748 4274 4551 4555 4 4747 4558 4278 4277
4 4277 4276 3878 4748 4 4747 4277 4748 4555
4 4561 4749 4280 4279 4 4279 3868 3867 4284
4 4283 4561 4279 4284 4 4281 4278 4558 4557
4 4282 3883 3882 4281 4 4282 4281 4557 4283
4 4750 4751 4752 4753 4 4287 4563 4750 4753
4 4753 4752 4291 4290 4 4290 4289 3895 4288
4 4287 4753 4290 4288 4 4578 4573 4299 4298
4 4754 3921 4304 4303 4 4303 4302 4755 4756
4 4754 4303 4756 4757 4 4575 4306 4305 4758
4 4308 4307 4580 4759 4 4760 4584 3941 4308
4 4761 4760 4308 4759 4 4313 4312 4589 4762
4 4582 4309 4313 4762 4 4763 4755 4302 4314
4 4314 3940 3939 4764 4 4765 4763 4314 4764
4 4764 3939 4317 4316 4 4316 4315 4600 4766
4 4765 4764 4316 4766 4 4319 4318 4583 4586
4 4767 3966 3965 4319 4 4767 4319 4586 4587
4 4324 4323 3974 4768 4 4590 4320 4324 4768
4 4769 4770 3982 3981 4 4771 4769 3981 3980
4 4325 3989 4772 4773 4 4771 3980 4325 4773
4 4774 4772 3989 3988 4 4775 4774 3988 3987
4 4326 3991 4329 4328 4 4328 4327 4776 4775
4 4326 4328 4775 3987 4 4330 4000 4777 4778
4 3992 4330 4778 4779 4 4335 4336 4780 4781
4 4782 4038 4037 4335 4 4782 4335 4781 4783
4 4784 4785 4339 4338 4 4338 4337 4038 4782
4 4784 4338 4782 4783 4 4786 4787 4341 4340
4 4340 4028 4027 4345 4 4786 4340 4345 4344
4 4342 4339 4785 4788 4 4343 4043 4042 4342
4 4344 4343 4342 4788 4 4789 4790 4352 4351
4 4351 4350 4055 4349 4 4789 4351 4349 4348
4 4647 4641 4360 4359 4 4359 4076 4651 4791
4 4648 4647 4359 4791 4 4361 4078 4367 4366
4 4366 4365 4792 4793 4 4362 4361 4366 4793
4 4080 4079 4369 4368 4 4368 4087 4794 4795
4 4081 4080 4368 4795 4 4371 4370 4083 4082
4 4796 4797 4099 4371 4 4796 4371 4082 4081
4 4376 4375 4798 4799 4 4653 4372 4376 4799
4 4672 4671 4377 4378 4 4378 4111 4386 4385
4 4383 4672 4378 4385 4 4674 4673 4388 4387
4 4387 4116 4115 4393 4 4391 4674 4387 4393
4 4121 4120 4394 4395 4 4395 4126 4400 4399
4 4121 4395 4399 4122 4 3977 3533 3532 4800
4 3537 3536 3598 3597 4 4801 3549 3548 4802
4 3576 3577 4803 4804 4 3505 3504 3573 3576
4 3506 3505 3576 4804 4 4804 4803 3581 3580
4 3580 3579 3509 3578 4 3506 4804 3580 3578
4 3600 3599 3541 3540 4 4801 4802 3606 3605
4 3647 3646 4152 4805 4 4806 4417 3648 3647
4 4806 3647 4805 4807 4 4808 4159 4161 4421
4 4809 4808 4421 4420 4 3706 3705 4432 4810
4 4811 4703 3707 3706 4 4812 4811 3706 4810
4 3709 3708 4202 4201 4 4709 4813 3710 3709
4 4200 4709 3709 4201 4 3718 3717 4706 4814
4 4815 4444 3719 3718 4 4815 3718 4814 4816
4 4817 4707 4203 4448 4 4818 4817 4448 4447
4 3730 3729 4819 4714 4 4216 4215 3731 3730
4 4216 3730 4714 4217 4 4457 4219 4713 4820
4 4458 4457 4820 4821 5 4822 4823 4503 3774
4824 4 4464 4465 4822 4824 4 4493 4225 4464
4824 4 3773 4493 4824 3774 4 3838 3837 4525
4825 4 4826 4737 3839 3838 4 4827 4826 3838
4825 4 3856 3855 4740 4828 4 4829 4544 3857
3856 4 4829 3856 4828 4830 4 4831 4745 4272
4548 4 4832 4831 4548 4547 4 4833 4752 4751
4834 4 4835 4833 4834 4836 4 3924 3923 4575
4758 4 4759 4580 3925 3924 4 4761 4759 3924
4758 4 4837 3928 3927 4576 4 3949 3952 4838
4839 4 4594 4593 3950 3949 4 4595 4594 3949
4839 4 3955 3954 4600 4599 4 4601 4597 3956
3955 4 4598 4601 3955 4599 4 3971 3970 4840
4841 4 4608 4605 3972 3971 4 4609 4608 3971
4841 4 3975 3974 4323 4613 4 4615 4611 3976
3975 4 4612 4615 3975 4613 4 3978 3977 4617
4007 4 4614 4322 3979 3978 4 4006 4614 3978
4007 4 4016 4015 4842 4843 4 4844 4622 4017
4016 4 4844 4016 4843 4845 4 4846 4847 4333
4626 4 4848 4846 4626 4625 4 4849 4794 4087
4086 4 4086 4085 4644 4850 4 4851 4849 4086
4850 4 4100 4099 4797 4852 4 4853 4659 4101
4100 4 4853 4100 4852 4854 4 4855 4798 4375
4663 4 4856 4855 4663 4662 4 4125 4124 4857
4858 4 4679 4400 4126 4125 4 4680 4679 4125
4858 4 4724 3780 4247 4246 4 4246 4245 3796
4726 4 4725 4724 4246 4726 4 4249 4248 4508
4511 4 4727 3809 3808 4249 4 4727 4249 4511
4512 4 4579 4574 4301 4300 4 4300 3922 3921
4754 4 4579 4300 4754 4757 4 4332 4331 3994
3993 4 4779 4842 4015 4332 4 3992 4779 4332
3993 4 4357 4356 4859 4639 4 4358 4063 4062
4357 4 4358 4357 4639 4353 4 4410 4156 3635
3634 4 4860 4861 4411 4410 4 4860 4410 3634
3633 4 4409 3638 4157 4413 4 4413 4412 4861
4860 4 4409 4413 4860 3633 4 4862 4687 4147
4414 4 4414 3644 3643 4863 4 4864 4862 4414
4863 4 4415 4169 4695 4865 4 4863 3643 4416
4415 4 4864 4863 4415 4865 4 4419 4418 4417
4806 4 4866 4423 3655 4419 4 4866 4419 4806
4807 4 4422 4183 4429 4867 4 4809 4420 4422
4867 4 4425 4180 4698 4868 4 4869 3680 3679
4425 4 4869 4425 4868 4870 4 4871 4699 4184
4427 4 4427 4426 3680 4869 4 4871 4427 4869
4870 4 4810 4432 4433 4440 4 4440 3710 4813
4872 4 4812 4810 4440 4872 4 4873 4701 4193
4441 4 4441 3715 3714 4874 4 4875 4873 4441
4874 4 4874 3714 4443 4442 4 4442 4211 4711
4876 4 4875 4874 4442 4876 4 4446 4445 4444
4815 4 4877 4819 3729 4446 4 4877 4446 4815
4816 4 4449 4222 4878 4879 4 4818 4447 4449
4879 4 4880 4881 4882 4883 4 3590 3592 4880
4883 4 3721 3588 3590 4883 4 3722 3721 4883
4882 4 4884 4461 4460 4885 4 4882 4881 4884
4885 4 4885 4460 3734 4450 4 3722 4882 4885
4450 4 4886 4887 4223 4459 4 4886 4459 4458
4821 4 4888 4889 4467 4470 4 4470 4469 3740
3739 4 4888 4470 3739 3738 4 4473 4472 4889
4888 4 4466 3745 4474 4473 4 4466 4473 4888
3738 4 4478 4477 4475 4476 4 4476 4474 3745
3744 4 3743 4478 4476 3744 4 4484 4483 4481
4480 4 4479 3760 4485 4484 4 4479 4484 4480
3756 4 4890 4891 4487 4488 4 4488 4485 3760
3759 4 4890 4488 3759 3758 4 4491 4490 4891
4890 4 4486 3765 4492 4491 4 4486 4491 4890
3758 4 4496 4235 4494 4495 4 4495 4492 3765
3764 4 3763 4496 4495 3764 4 3812 3811 4513
4892 4 4515 4514 3812 4892 4 4825 4525 4526
4534 4 4534 3843 3842 4893 4 4827 4825 4534
4893 4 4894 4741 4737 4826 4 4895 4894 4826
4827 4 4893 3842 4744 4896 4 4895 4827 4893
4896 4 4897 4736 4265 4541 4 4541 3853 3852
4898 4 4899 4897 4541 4898 4 4542 4280 4749
4900 4 4898 3852 4543 4542 4 4899 4898 4542
4900 4 4546 4545 4544 4829 4 4901 4562 3869
4546 4 4901 4546 4829 4830 4 4549 4294 4568
4902 4 4832 4547 4549 4902 4 4903 4538 4540
4904 4 4903 4904 4905 4906 4 3860 3859 4538
4903 4 3861 3860 4903 4906 4 4907 4906 4905
4908 4 4907 4908 4571 4570 4 4907 4570 3874
4550 4 3861 4906 4907 4550 4 4909 4569 4296
4910 4 4835 4836 4909 4910 4 4564 4291 4752
4833 4 4911 3898 3897 4564 4 4911 4564 4833
4835 4 4910 4296 4295 4566 4 4566 4565 3898
4911 4 4910 4566 4911 4835 4 4837 4576 4577
4581 4 4839 4838 4591 4592 4 4592 3956 4597
4596 4 4595 4839 4592 4596 4 3967 3966 4602
4603 4 4603 3972 4605 4604 4 3967 4603 4604
3968 4 4841 4840 4606 4607 4 4607 3976 4611
4610 4 4609 4841 4607 4610 4 4912 4777 4000
3999 4 4913 4912 3999 3998 4 4616 4003 4914
4915 4 4913 3998 4616 4915 4 4916 4776 4327
4619 4 4619 4013 4012 4917 4 4918 4916 4619
4917 4 4620 4341 4787 4919 4 4917 4012 4621
4620 4 4918 4917 4620 4919 4 4624 4623 4622
4844 4 4920 4632 4029 4624 4 4920 4624 4844
4845 4 4627 4355 4638 4921 4 4848 4625 4627
4921 4 4628 3537 3597 4631 4 4020 4019 4618
4628 4 4021 4020 4628 4631 4 4630 3600 3540
4640 4 4630 4640 4034 4629 4 4021 4631 4630
4629 4 4634 4352 4790 4922 4 4923 4058 4057
4634 4 4923 4634 4922 4924 4 4925 4859 4356
4636 4 4636 4635 4058 4923 4 4925 4636 4923
4924 4 4652 4090 4654 4926 4 4850 4644 4645
4652 4 4851 4850 4652 4926 4 4927 4792 4365
4656 4 4656 4097 4096 4928 4 4929 4927 4656
4928 4 4928 4096 4658 4657 4 4657 4388 4673
4930 4 4929 4928 4657 4930 4 4931 4120 4119
4661 4 4661 4660 4659 4853 4 4931 4661 4853
4854 4 4664 4403 4128 4932 4 4856 4662 4664
4932 4 4665 3549 4801 4933 4 4104 4103 4655
4665 4 4105 4104 4665 4933 4 4933 4801 3605
4668 4 4668 4667 4132 4666 4 4105 4933 4668
4666 4 4858 4857 4676 4677 4 4677 4130 4406
4681 4 4680 4858 4677 4681 4 4934 4935 4936
4937 5 4938 4939 4940 4941 4942 5 4943 4944
4945 4946 3420 8 3422 3478 3421 4947 3663 3662
3692 4948 4 4949 3423 3422 4948 5 4950 4951
4952 3481 3426 5 4953 4954 4955 3428 3427 4
4956 4957 3483 3429 5 3433 3432 4958 4959 4960
5 4961 4962 4963 3439 3436 4 4964 4965 3484
3441 4 4966 3443 3442 4967 5 4968 4969 4970
3487 3446 5 4971 4972 4973 3450 3449 4 4974
4975 3489 3451 5 3455 3454 4976 4977 4978 5
4979 4980 4981 3461 3458 4 4982 4983 3490 3463
4 4984 3465 3464 4985 5 4986 4987 4988 3493
3466 5 4989 4990 4991 3468 3467 8 3470 3495
3469 4992 4041 4040 4643 4993 4 4994 3471 3470
4993 4 4643 4642 4646 4995 5 4996 4997 4998
3496 3472 4 4999 5000 3474 3473 4 5001 4670
4669 5002 4 1808 1807 4934 4937 4 4942 2407
1808 4937 5 4943 3420 3419 3477 3476 4 4936
4935 3616 3615 4 4938 4942 4937 4936 6 5003
4938 4936 3615 4139 4138 5 3498 3497 2407 4942
4941 5 4943 3476 3499 3498 4941 4 5004 5003
4138 5005 5 4944 4943 4941 4940 5006 4 5007
5008 5009 5010 4 5011 5007 5010 5012 4 4947
3421 3420 4946 6 4688 4164 3663 4947 4946 5013
6 5014 4949 4948 3692 3691 4436 5 4950 3426
3423 4949 5015 4 5016 5017 5018 5019 4 5020
5016 5019 5021 5 4953 3427 3481 4952 5022 4
5023 5024 5025 5026 4 5027 5023 5026 4451 4
4956 3429 3428 4955 5 4956 4955 5028 4205 3741
4 4468 5029 5030 5031 5 4961 3436 3433 4960
5032 4 5033 5034 5035 5036 4 5037 5033 5036
5038 5 4964 3441 3439 4963 5039 4 5040 5041
4238 3794 6 3824 3823 4530 5042 4966 4967 5
4968 3446 3443 4966 5043 4 5044 5045 4730 5046
4 5047 5044 5046 5048 5 4971 3449 3487 4970
5049 4 5050 5051 5052 5053 4 5054 5050 5053
4553 4 4974 3451 3450 4973 6 4974 4973 5055
4552 4275 3881 4 3915 3914 5056 5057 5 4979
3458 3455 4978 5058 4 5059 5060 5061 5062 4
5063 5059 5062 5064 5 4982 3463 3461 4981 5065
4 5066 5067 5068 3951 5 3983 3982 5069 4984
4985 5 4986 3466 3465 4984 5070 4 5071 5072
4770 5073 4 5074 5071 5073 5075 5 4989 3467
3493 4988 5076 4 5077 5078 5079 5080 4 5081
5077 5080 5082 4 4992 3469 3468 4991 6 4780
4336 4041 4992 4991 5083 6 5084 5085 4994 4993
4643 4995 5 4996 3472 3471 4994 5086 4 5087
5088 5089 5090 4 5084 4995 4646 4649 4 5091
5087 5090 5092 5 4999 3473 3496 4998 5093 4
5094 5095 5096 5001 6 5000 4999 5094 5001 5002
4381 4 5097 3475 3474 5000 4 5097 5000 4381
4380 4 4381 5002 4669 4382 4 4957 4956 3741
3740 4 4958 3432 3483 4957 6 4958 4957 3740
4469 4468 5031 5 4965 4964 5040 3794 3793 4
4967 3442 3484 4965 4 3824 4967 4965 3793 4
4975 4974 3881 3880 4 4976 3454 3489 4975 5
4976 4975 3880 3915 5057 6 4983 4982 5066 3951
3950 4593 4 4985 3464 3490 4983 4 3983 4985
4983 4593 4 5004 5005 5098 5099 4 4939 4938
5003 5004 4 4940 4939 5004 5099 4 5099 5098
5009 5008 4 5008 5007 4944 5006 4 4940 5099
5008 5006 4 5011 5012 4688 5013 4 4945 4944
5007 5011 4 4945 5011 5013 4946 4 5014 4436
5018 5017 4 5017 5016 4950 5015 4 5014 5017
5015 4949 4 5020 5021 5100 5101 4 4951 4950
5016 5020 4 4952 4951 5020 5101 4 5101 5100
5025 5024 4 5024 5023 4953 5022 4 4952 5101
5024 5022 4 5027 4451 4205 5028 4 4954 4953
5023 5027 4 4954 5027 5028 4955 4 5030 5029
5102 5103 4 4959 4958 5031 5030 4 4960 4959
5030 5103 4 5103 5102 5035 5034 4 5034 5033
4961 5032 4 4960 5103 5034 5032 4 5037 5038
5104 5105 4 4962 4961 5033 5037 4 4963 4962
5037 5105 4 5105 5104 4238 5041 4 5041 5040
4964 5039 4 4963 5105 5041 5039 4 5042 4530
4730 5045 4 5045 5044 4968 5043 4 5042 5045
5043 4966 4 5047 5048 5106 5107 4 4969 4968
5044 5047 4 4970 4969 5047 5107 4 5107 5106
5052 5051 4 5051 5050 4971 5049 4 4970 5107
5051 5049 4 5054 4553 4552 5055 4 4972 4971
5050 5054 4 4972 5054 5055 4973 4 5056 3914
5108 5109 4 4977 4976 5057 5056 4 4978 4977
5056 5109 4 5109 5108 5061 5060 4 5060 5059
4979 5058 4 4978 5109 5060 5058 4 5063 5064
5110 5111 4 4980 4979 5059 5063 4 4981 4980
5063 5111 4 5111 5110 5068 5067 4 5067 5066
4982 5065 4 4981 5111 5067 5065 4 5069 3982
4770 5072 4 5072 5071 4986 5070 4 5069 5072
5070 4984 4 5074 5075 5112 5113 4 4987 4986
5071 5074 4 4988 4987 5074 5113 4 5113 5112
5079 5078 4 5078 5077 4989 5076 4 4988 5113
5078 5076 4 5081 5082 4780 5083 4 4990 4989
5077 5081 4 4990 5081 5083 4991 4 5085 5084
5089 5088 4 5088 5087 4996 5086 4 5085 5088
5086 4994 4 5091 5092 5114 5115 4 4997 4996
5087 5091 4 4998 4997 5091 5115 4 5115 5114
5096 5095 4 5095 5094 4999 5093 4 4998 5115
5095 5093 4 5116 4878 4222 4221 4 4224 4223
4887 5116 4 4220 4224 5116 4221 4 4129 4128
4403 4402 4 4407 4406 4130 4129 4 4401 4407
4129 4402 4 4158 4157 3638 3637 4 4162 4161
4159 4158 4 3636 4162 4158 3637 4 5117 4914
4003 4002 4 4334 4333 4847 5117 4 4001 4334
5117 4002 4 5118 4521 4523 5119 4 5118 5119
4535 3847 4 4527 4257 4521 5118 4 3846 4527
5118 3847 5 3572 3571 5120 5121 5122 4 5123
5124 3577 3575 4 5125 5126 3583 3582 5 5127
5128 5129 3518 3517 4 5130 5131 3586 3519 4
4462 4461 5132 5133 5 5134 5135 5136 4822 4465
4 4504 4503 5137 5138 4 5139 5140 4519 4507
5 5141 5142 5143 5119 4523 4 5144 5145 4536
4535 4 4572 4571 5146 5147 5 3910 3557 3556
5148 5149 5 5150 5151 3612 3611 4617 5 4071
3567 3566 5152 5153 4 5154 5123 3575 3574 4
5155 5127 3517 3585 4 5156 5157 3592 3591 5
5158 5159 5134 4465 4463 4 5160 5139 4507 4506
4 5161 5141 4523 4522 4 5162 5163 4540 4539
5 5164 5165 4683 3608 3607 4 5166 5125 3582
3581 4 3584 3583 5126 5167 5 5130 3519 3518
5129 5168 4 5131 5130 5168 5169 4 5170 3587
3586 5131 4 5171 5170 5131 5169 4 5158 4463
4462 5133 4 5159 5158 5133 5172 4 4505 4504
5138 5173 4 4520 4519 5140 5174 5 5144 4535
5119 5143 5175 4 5145 5144 5175 5176 4 5177
4537 4536 5145 4 5177 5145 5176 5178 4 3610
3609 4572 5147 4 3610 5147 5179 5180 5 3525
3524 3910 5149 5181 4 5182 3526 3525 5181 5
5183 5150 4617 3977 4800 5 3545 3544 4071 5153
5184 4 3546 3545 5184 5185 4 5186 3604 3546
5185 4 3552 3551 5187 5188 4 5164 3607 3552
5188 4 5154 3574 3572 5122 4 5189 5190 5123
5154 4 5189 5154 5122 5121 4 5155 3585 3584
5167 4 5191 5128 5127 5155 4 5191 5155 5167
5192 4 5156 3591 3587 5170 4 5160 4506 4505
5173 4 5161 4522 4520 5174 4 5142 5141 5161
5193 4 5162 4539 4537 5177 4 5194 5162 5177
5178 4 5195 5148 3556 3555 4 5195 3555 3610
5180 4 5196 3563 3612 5151 4 5197 5152 3566
3565 4 5197 3565 3602 5198 4 4803 3577 5124
5199 4 5200 5201 4881 4880 4 5200 4880 3592
5157 4 4904 4540 5163 5202 4 4905 4904 5202
5203 4 3532 3531 5204 5205 4 5183 4800 3532
5205 4 5166 3581 4803 5199 4 5206 5132 4461
4884 4 5206 4884 4881 5201 4 5207 5137 4503
4823 4 5207 4823 4822 5136 4 5208 5209 5137
5207 4 5208 5207 5136 5135 4 4908 4905 5203
5210 4 5146 4571 4908 5210 4 5211 5212 5213
5214 4 5215 5211 5214 5216 4 5217 5215 5216
5218 4 5219 5217 5218 5220 4 5221 5219 5220
5222 4 5223 5221 5222 5224 4 5225 5223 5224
5226 4 5227 5225 5226 5228 4 5229 5227 5228
5230 4 5231 5229 5230 5232 4 5233 5231 5232
5234 4 5235 5233 5234 5236 4 5237 5235 5236
5238 4 5239 5237 5238 5240 4 5241 5239 5240
5242 4 5243 5241 5242 5244 4 5245 5243 5244
5246 4 5247 5245 5246 5248 4 5249 5247 5248
5250 4 5251 5249 5250 5252 4 5253 5251 5252
5254 4 5255 5253 5254 5256 4 5257 5255 5256
5258 4 5259 5257 5258 5260 4 5259 5260 5261
5262 4 5263 5264 5212 5211 4 5265 5263 5211
5215 4 5266 5265 5215 5217 4 5267 5266 5217
5219 4 5268 5267 5219 5221 4 5269 5268 5221
5223 4 5270 5269 5223 5225 4 5271 5270 5225
5227 4 5272 5271 5227 5229 4 5273 5272 5229
5231 4 5274 5273 5231 5233 4 5275 5274 5233
5235 4 5276 5275 5235 5237 4 5277 5276 5237
5239 4 5278 5277 5239 5241 4 5279 5278 5241
5243 4 5280 5279 5243 5245 4 5281 5280 5245
5247 4 5282 5281 5247 5249 4 5283 5282 5249
5251 4 5284 5283 5251 5253 4 5285 5284 5253
5255 4 5286 5285 5255 5257 4 5287 5286 5257
5259 4 5287 5259 5262 5288 4 5289 5290 5264
5263 4 5291 5289 5263 5265 4 5292 5291 5265
5266 4 5293 5292 5266 5267 4 5294 5293 5267
5268 4 5295 5294 5268 5269 4 5296 5295 5269
5270 4 5297 5296 5270 5271 4 5298 5297 5271
5272 4 5299 5298 5272 5273 4 5300 5299 5273
5274 4 5301 5300 5274 5275 4 5302 5301 5275
5276 4 5303 5302 5276 5277 4 5304 5303 5277
5278 4 5305 5304 5278 5279 4 5306 5305 5279
5280 4 5307 5306 5280 5281 4 5308 5307 5281
5282 4 5309 5308 5282 5283 4 5310 5309 5283
5284 4 5311 5310 5284 5285 4 5312 5311 5285
5286 4 5313 5312 5286 5287 4 5313 5287 5288
5314 4 5315 5316 5290 5289 4 5317 5315 5289
5291 4 5318 5317 5291 5292 4 5319 5318 5292
5293 4 5320 5319 5293 5294 4 5321 5320 5294
5295 4 5322 5321 5295 5296 4 5323 5322 5296
5297 4 5324 5323 5297 5298 4 5325 5324 5298
5299 4 5326 5325 5299 5300 4 5327 5326 5300
5301 4 5328 5327 5301 5302 4 5329 5328 5302
5303 4 5330 5329 5303 5304 4 5331 5330 5304
5305 4 5332 5331 5305 5306 4 5333 5332 5306
5307 4 5334 5333 5307 5308 4 5335 5334 5308
5309 4 5336 5335 5309 5310 4 5337 5336 5310
5311 4 5338 5337 5311 5312 4 5339 5338 5312
5313 4 5339 5313 5314 5340 4 5341 5342 5316
5315 4 5343 5341 5315 5317 4 5344 5343 5317
5318 4 5345 5344 5318 5319 4 5346 5345 5319
5320 4 5347 5346 5320 5321 4 5348 5347 5321
5322 4 5349 5348 5322 5323 4 5350 5349 5323
5324 4 5351 5350 5324 5325 4 5352 5351 5325
5326 4 5353 5352 5326 5327 4 5354 5353 5327
5328 4 5355 5354 5328 5329 4 5356 5355 5329
5330 4 5357 5356 5330 5331 4 5358 5357 5331
5332 4 5359 5358 5332 5333 4 5360 5359 5333
5334 4 5361 5360 5334 5335 4 5362 5361 5335
5336 4 5363 5362 5336 5337 4 5364 5363 5337
5338 4 5365 5364 5338 5339 4 5365 5339 5340
5366 4 5367 5368 5342 5341 4 5369 5367 5341
5343 4 5370 5369 5343 5344 4 5371 5370 5344
5345 4 5372 5371 5345 5346 4 5373 5372 5346
5347 4 5374 5373 5347 5348 4 5375 5374 5348
5349 4 5376 5375 5349 5350 4 5377 5376 5350
5351 4 5378 5377 5351 5352 4 5379 5378 5352
5353 4 5380 5379 5353 5354 4 5381 5380 5354
5355 4 5382 5381 5355 5356 4 5383 5382 5356
5357 4 5384 5383 5357 5358 4 5385 5384 5358
5359 4 5386 5385 5359 5360 4 5387 5386 5360
5361 4 5388 5387 5361 5362 4 5389 5388 5362
5363 4 5390 5389 5363 5364 4 5391 5390 5364
5365 4 5391 5365 5366 5392 4 5393 5394 5368
5367 4 5395 5393 5367 5369 4 5396 5395 5369
5370 4 5397 5396 5370 5371 4 5398 5397 5371
5372 4 5399 5398 5372 5373 4 5400 5399 5373
5374 4 5401 5400 5374 5375 4 5402 5401 5375
5376 4 5403 5402 5376 5377 4 5404 5403 5377
5378 4 5405 5404 5378 5379 4 5406 5405 5379
5380 4 5407 5406 5380 5381 4 5408 5407 5381
5382 4 5409 5408 5382 5383 4 5410 5409 5383
5384 4 5411 5410 5384 5385 4 5412 5411 5385
5386 4 5413 5412 5386 5387 4 5414 5413 5387
5388 4 5415 5414 5388 5389 4 5416 5415 5389
5390 4 5417 5416 5390 5391 4 5417 5391 5392
5418 4 5419 5420 5394 5393 4 5421 5419 5393
5395 4 5422 5421 5395 5396 4 5423 5422 5396
5397 4 5424 5423 5397 5398 4 5425 5424 5398
5399 4 5426 5425 5399 5400 4 5427 5426 5400
5401 4 5428 5427 5401 5402 4 5429 5428 5402
5403 4 5430 5429 5403 5404 4 5431 5430 5404
5405 4 5432 5431 5405 5406 4 5433 5432 5406
5407 4 5434 5433 5407 5408 4 5435 5434 5408
5409 4 5436 5435 5409 5410 4 5437 5436 5410
5411 4 5438 5437 5411 5412 4 5439 5438 5412
5413 4 5440 5439 5413 5414 4 5441 5440 5414
5415 4 5442 5441 5415 5416 4 5443 5442 5416
5417 4 5443 5417 5418 5444 4 5445 5446 5420
5419 4 5447 5445 5419 5421 4 5448 5447 5421
5422 4 5449 5448 5422 5423 4 5450 5449 5423
5424 4 5451 5450 5424 5425 4 5452 5451 5425
5426 4 5453 5452 5426 5427 4 5454 5453 5427
5428 4 5455 5454 5428 5429 4 5456 5455 5429
5430 4 5457 5456 5430 5431 4 5458 5457 5431
5432 4 5459 5458 5432 5433 4 5460 5459 5433
5434 4 5461 5460 5434 5435 4 5462 5461 5435
5436 4 5463 5462 5436 5437 4 5464 5463 5437
5438 4 5465 5464 5438 5439 4 5466 5465 5439
5440 4 5467 5466 5440 5441 4 5468 5467 5441
5442 4 5469 5468 5442 5443 4 5469 5443 5444
5470 4 5471 5472 5446 5445 4 5473 5471 5445
5447 4 5474 5473 5447 5448 4 5475 5474 5448
5449 4 5476 5475 5449 5450 4 5477 5476 5450
5451 4 5478 5477 5451 5452 4 5479 5478 5452
5453 4 5480 5479 5453 5454 4 5481 5480 5454
5455 4 5482 5481 5455 5456 4 5483 5482 5456
5457 4 5484 5483 5457 5458 4 5485 5484 5458
5459 4 5486 5485 5459 5460 4 5487 5486 5460
5461 4 5488 5487 5461 5462 4 5489 5488 5462
5463 4 5490 5489 5463 5464 4 5491 5490 5464
5465 4 5492 5491 5465 5466 4 5493 5492 5466
5467 4 5494 5493 5467 5468 4 5495 5494 5468
5469 4 5495 5469 5470 5496 4 5497 5498 5472
5471 4 5499 5497 5471 5473 4 5500 5499 5473
5474 4 5501 5500 5474 5475 4 5502 5501 5475
5476 4 5503 5502 5476 5477 4 5504 5503 5477
5478 4 5505 5504 5478 5479 4 5506 5505 5479
5480 4 5507 5506 5480 5481 4 5508 5507 5481
5482 4 5509 5508 5482 5483 4 5510 5509 5483
5484 4 5511 5510 5484 5485 4 5512 5511 5485
5486 4 5513 5512 5486 5487 4 5514 5513 5487
5488 4 5515 5514 5488 5489 4 5516 5515 5489
5490 4 5517 5516 5490 5491 4 5518 5517 5491
5492 4 5519 5518 5492 5493 4 5520 5519 5493
5494 4 5521 5520 5494 5495 4 5521 5495 5496
5522 4 5523 5524 5498 5497 4 5525 5523 5497
5499 4 5526 5525 5499 5500 4 5527 5526 5500
5501 4 5528 5527 5501 5502 4 5529 5528 5502
5503 4 5530 5529 5503 5504 4 5531 5530 5504
5505 4 5532 5531 5505 5506 4 5533 5532 5506
5507 4 5534 5533 5507 5508 4 5535 5534 5508
5509 4 5536 5535 5509 5510 4 5537 5536 5510
5511 4 5538 5537 5511 5512 4 5539 5538 5512
5513 4 5540 5539 5513 5514 4 5541 5540 5514
5515 4 5542 5541 5515 5516 4 5543 5542 5516
5517 4 5544 5543 5517 5518 4 5545 5544 5518
5519 4 5546 5545 5519 5520 4 5547 5546 5520
5521 4 5547 5521 5522 5548 4 5549 5550 5524
5523 4 5551 5549 5523 5525 4 5552 5551 5525
5526 4 5553 5552 5526 5527 4 5554 5553 5527
5528 4 5555 5554 5528 5529 4 5556 5555 5529
5530 4 5557 5556 5530 5531 4 5558 5557 5531
5532 4 5559 5558 5532 5533 4 5560 5559 5533
5534 4 5561 5560 5534 5535 4 5562 5561 5535
5536 4 5563 5562 5536 5537 4 5564 5563 5537
5538 4 5565 5564 5538 5539 4 5566 5565 5539
5540 4 5567 5566 5540 5541 4 5568 5567 5541
5542 4 5569 5568 5542 5543 4 5570 5569 5543
5544 4 5571 5570 5544 5545 4 5572 5571 5545
5546 4 5573 5572 5546 5547 4 5573 5547 5548
5574 4 5575 5576 5550 5549 4 5577 5575 5549
5551 4 5578 5577 5551 5552 4 5579 5578 5552
5553 4 5580 5579 5553 5554 4 5581 5580 5554
5555 4 5582 5581 5555 5556 4 5583 5582 5556
5557 4 5584 5583 5557 5558 4 5585 5584 5558
5559 4 5586 5585 5559 5560 4 5587 5586 5560
5561 4 5588 5587 5561 5562 4 5589 5588 5562
5563 4 5590 5589 5563 5564 4 5591 5590 5564
5565 4 5592 5591 5565 5566 4 5593 5592 5566
5567 4 5594 5593 5567 5568 4 5595 5594 5568
5569 4 5596 5595 5569 5570 4 5597 5596 5570
5571 4 5598 5597 5571 5572 4 5599 5598 5572
5573 4 5599 5573 5574 5600 4 5601 5602 5576
5575 4 5603 5601 5575 5577 4 5604 5603 5577
5578 4 5605 5604 5578 5579 4 5606 5605 5579
5580 4 5607 5606 5580 5581 4 5608 5607 5581
5582 4 5609 5608 5582 5583 4 5610 5609 5583
5584 4 5611 5610 5584 5585 4 5612 5611 5585
5586 4 5613 5612 5586 5587 4 5614 5613 5587
5588 4 5615 5614 5588 5589 4 5616 5615 5589
5590 4 5617 5616 5590 5591 4 5618 5617 5591
5592 4 5619 5618 5592 5593 4 5620 5619 5593
5594 4 5621 5620 5594 5595 4 5622 5621 5595
5596 4 5623 5622 5596 5597 4 5624 5623 5597
5598 4 5625 5624 5598 5599 4 5625 5599 5600
5626 4 5627 5628 5602 5601 4 5629 5627 5601
5603 4 5630 5629 5603 5604 4 5631 5630 5604
5605 4 5632 5631 5605 5606 4 5633 5632 5606
5607 4 5634 5633 5607 5608 4 5635 5634 5608
5609 4 5636 5635 5609 5610 4 5637 5636 5610
5611 4 5638 5637 5611 5612 4 5639 5638 5612
5613 4 5640 5639 5613 5614 4 5641 5640 5614
5615 4 5642 5641 5615 5616 4 5643 5642 5616
5617 4 5644 5643 5617 5618 4 5645 5644 5618
5619 4 5646 5645 5619 5620 4 5647 5646 5620
5621 4 5648 5647 5621 5622 4 5649 5648 5622
5623 4 5650 5649 5623 5624 4 5651 5650 5624
5625 4 5651 5625 5626 5652 4 5653 5654 5628
5627 4 5655 5653 5627 5629 4 5656 5655 5629
5630 4 5657 5656 5630 5631 4 5658 5657 5631
5632 4 5659 5658 5632 5633 4 5660 5659 5633
5634 4 5661 5660 5634 5635 4 5662 5661 5635
5636 4 5663 5662 5636 5637 4 5664 5663 5637
5638 4 5665 5664 5638 5639 4 5666 5665 5639
5640 4 5667 5666 5640 5641 4 5668 5667 5641
5642 4 5669 5668 5642 5643 4 5670 5669 5643
5644 4 5671 5670 5644 5645 4 5672 5671 5645
5646 4 5673 5672 5646 5647 4 5674 5673 5647
5648 4 5675 5674 5648 5649 4 5676 5675 5649
5650 4 5677 5676 5650 5651 4 5677 5651 5652
5678 4 5679 5680 5654 5653 4 5681 5679 5653
5655 4 5682 5681 5655 5656 4 5683 5682 5656
5657 4 5684 5683 5657 5658 4 5685 5684 5658
5659 4 5686 5685 5659 5660 4 5687 5686 5660
5661 4 5688 5687 5661 5662 4 5689 5688 5662
5663 4 5690 5689 5663 5664 4 5691 5690 5664
5665 4 5692 5691 5665 5666 4 5693 5692 5666
5667 4 5694 5693 5667 5668 4 5695 5694 5668
5669 4 5696 5695 5669 5670 4 5697 5696 5670
5671 4 5698 5697 5671 5672 4 5699 5698 5672
5673 4 5700 5699 5673 5674 4 5701 5700 5674
5675 4 5702 5701 5675 5676 4 5703 5702 5676
5677 4 5703 5677 5678 5704 4 5705 5706 5680
5679 4 5707 5705 5679 5681 4 5708 5707 5681
5682 4 5709 5708 5682 5683 4 5710 5709 5683
5684 4 5711 5710 5684 5685 4 5712 5711 5685
5686 4 5713 5712 5686 5687 4 5714 5713 5687
5688 4 5715 5714 5688 5689 4 5716 5715 5689
5690 4 5717 5716 5690 5691 4 5718 5717 5691
5692 4 5719 5718 5692 5693 4 5720 5719 5693
5694 4 5721 5720 5694 5695 4 5722 5721 5695
5696 4 5723 5722 5696 5697 4 5724 5723 5697
5698 4 5725 5724 5698 5699 4 5726 5725 5699
5700 4 5727 5726 5700 5701 4 5728 5727 5701
5702 4 5729 5728 5702 5703 4 5729 5703 5704
5730 4 5731 5732 5706 5705 4 5733 5731 5705
5707 4 5734 5733 5707 5708 4 5735 5734 5708
5709 4 5736 5735 5709 5710 4 5737 5736 5710
5711 4 5738 5737 5711 5712 4 5739 5738 5712
5713 4 5740 5739 5713 5714 4 5741 5740 5714
5715 4 5742 5741 5715 5716 4 5743 5742 5716
5717 4 5744 5743 5717 5718 4 5745 5744 5718
5719 4 5746 5745 5719 5720 4 5747 5746 5720
5721 4 5748 5747 5721 5722 4 5749 5748 5722
5723 4 5750 5749 5723 5724 4 5751 5750 5724
5725 4 5752 5751 5725 5726 4 5753 5752 5726
5727 4 5754 5753 5727 5728 4 5755 5754 5728
5729 4 5755 5729 5730 5756 4 5757 5758 5732
5731 4 5759 5757 5731 5733 4 5760 5759 5733
5734 4 5761 5760 5734 5735 4 5762 5761 5735
5736 4 5763 5762 5736 5737 4 5764 5763 5737
5738 4 5765 5764 5738 5739 4 5766 5765 5739
5740 4 5767 5766 5740 5741 4 5768 5767 5741
5742 4 5769 5768 5742 5743 4 5770 5769 5743
5744 4 5771 5770 5744 5745 4 5772 5771 5745
5746 4 5773 5772 5746 5747 4 5774 5773 5747
5748 4 5775 5774 5748 5749 4 5776 5775 5749
5750 4 5777 5776 5750 5751 4 5778 5777 5751
5752 4 5779 5778 5752 5753 4 5780 5779 5753
5754 4 5781 5780 5754 5755 4 5781 5755 5756
5782 4 5783 5784 5758 5757 4 5785 5783 5757
5759 4 5786 5785 5759 5760 4 5787 5786 5760
5761 4 5788 5787 5761 5762 4 5789 5788 5762
5763 4 5790 5789 5763 5764 4 5791 5790 5764
5765 4 5792 5791 5765 5766 4 5793 5792 5766
5767 4 5794 5793 5767 5768 4 5795 5794 5768
5769 4 5796 5795 5769 5770 4 5797 5796 5770
5771 4 5798 5797 5771 5772 4 5799 5798 5772
5773 4 5800 5799 5773 5774 4 5801 5800 5774
5775 4 5802 5801 5775 5776 4 5803 5802 5776
5777 4 5804 5803 5777 5778 4 5805 5804 5778
5779 4 5806 5805 5779 5780 4 5807 5806 5780
5781 4 5807 5781 5782 5808 4 5809 5810 5784
5783 4 5811 5809 5783 5785 4 5812 5811 5785
5786 4 5813 5812 5786 5787 4 5814 5813 5787
5788 4 5815 5814 5788 5789 4 5816 5815 5789
5790 4 5817 5816 5790 5791 4 5818 5817 5791
5792 4 5819 5818 5792 5793 4 5820 5819 5793
5794 4 5821 5820 5794 5795 4 5822 5821 5795
5796 4 5823 5822 5796 5797 4 5824 5823 5797
5798 4 5825 5824 5798 5799 4 5826 5825 5799
5800 4 5827 5826 5800 5801 4 5828 5827 5801
5802 4 5829 5828 5802 5803 4 5830 5829 5803
5804 4 5831 5830 5804 5805 4 5832 5831 5805
5806 4 5833 5832 5806 5807 4 5833 5807 5808
5834 4 5835 5836 5810 5809 4 5837 5835 5809
5811 4 5838 5837 5811 5812 4 5839 5838 5812
5813 4 5840 5839 5813 5814 4 5841 5840 5814
5815 4 5842 5841 5815 5816 4 5843 5842 5816
5817 4 5844 5843 5817 5818 4 5845 5844 5818
5819 4 5846 5845 5819 5820 4 5847 5846 5820
5821 4 5848 5847 5821 5822 4 5849 5848 5822
5823 4 5850 5849 5823 5824 4 5851 5850 5824
5825 4 5852 5851 5825 5826 4 5853 5852 5826
5827 4 5854 5853 5827 5828 4 5855 5854 5828
5829 4 5856 5855 5829 5830 4 5857 5856 5830
5831 4 5858 5857 5831 5832 4 5859 5858 5832
5833 4 5859 5833 5834 5860 4 5861 5862 5836
5835 4 5863 5861 5835 5837 4 5864 5863 5837
5838 4 5865 5864 5838 5839 4 5866 5865 5839
5840 4 5867 5866 5840 5841 4 5868 5867 5841
5842 4 5869 5868 5842 5843 4 5870 5869 5843
5844 4 5871 5870 5844 5845 4 5872 5871 5845
5846 4 5873 5872 5846 5847 4 5874 5873 5847
5848 4 5875 5874 5848 5849 4 5876 5875 5849
5850 4 5877 5876 5850 5851 4 5878 5877 5851
5852 4 5879 5878 5852 5853 4 5880 5879 5853
5854 4 5881 5880 5854 5855 4 5882 5881 5855
5856 4 5883 5882 5856 5857 4 5884 5883 5857
5858 4 5885 5884 5858 5859 4 5885 5859 5860
5886 4 5887 5888 5889 5890 4 5891 5887 5890
5892 4 5893 5891 5892 5894 4 5895 5893 5894
5896 4 5897 5895 5896 5898 4 5899 5897 5898
5900 4 5899 5900 5213 5212 4 5901 5902 5888
5887 4 5903 5901 5887 5891 4 5904 5903 5891
5893 4 5905 5904 5893 5895 4 5906 5905 5895
5897 4 5907 5906 5897 5899 4 5907 5899 5212
5264 4 5908 5909 5902 5901 4 5910 5908 5901
5903 4 5911 5910 5903 5904 4 5912 5911 5904
5905 4 5913 5912 5905 5906 4 5914 5913 5906
5907 4 5914 5907 5264 5290 4 5915 5916 5909
5908 4 5917 5915 5908 5910 4 5918 5917 5910
5911 4 5919 5918 5911 5912 4 5920 5919 5912
5913 4 5921 5920 5913 5914 4 5921 5914 5290
5316 4 5922 5923 5916 5915 4 5924 5922 5915
5917 4 5925 5924 5917 5918 4 5926 5925 5918
5919 4 5927 5926 5919 5920 4 5928 5927 5920
5921 4 5928 5921 5316 5342 4 5929 5930 5923
5922 4 5931 5929 5922 5924 4 5932 5931 5924
5925 4 5933 5932 5925 5926 4 5934 5933 5926
5927 4 5935 5934 5927 5928 4 5935 5928 5342
5368 4 5936 5937 5930 5929 4 5938 5936 5929
5931 4 5939 5938 5931 5932 4 5940 5939 5932
5933 4 5941 5940 5933 5934 4 5942 5941 5934
5935 4 5942 5935 5368 5394 4 5943 5944 5937
5936 4 5945 5943 5936 5938 4 5946 5945 5938
5939 4 5947 5946 5939 5940 4 5948 5947 5940
5941 4 5949 5948 5941 5942 4 5949 5942 5394
5420 4 5950 5951 5944 5943 4 5952 5950 5943
5945 4 5953 5952 5945 5946 4 5954 5953 5946
5947 4 5955 5954 5947 5948 4 5956 5955 5948
5949 4 5956 5949 5420 5446 4 5957 5958 5951
5950 4 5959 5957 5950 5952 4 5960 5959 5952
5953 4 5961 5960 5953 5954 4 5962 5961 5954
5955 4 5963 5962 5955 5956 4 5963 5956 5446
5472 4 5964 5965 5958 5957 4 5966 5964 5957
5959 4 5967 5966 5959 5960 4 5968 5967 5960
5961 4 5969 5968 5961 5962 4 5970 5969 5962
5963 4 5970 5963 5472 5498 4 5971 5972 5965
5964 4 5973 5971 5964 5966 4 5974 5973 5966
5967 4 5975 5974 5967 5968 4 5976 5975 5968
5969 4 5977 5976 5969 5970 4 5977 5970 5498
5524 4 5978 5979 5972 5971 4 5980 5978 5971
5973 4 5981 5980 5973 5974 4 5982 5981 5974
5975 4 5983 5982 5975 5976 4 5984 5983 5976
5977 4 5984 5977 5524 5550 4 5985 5986 5979
5978 4 5987 5985 5978 5980 4 5988 5987 5980
5981 4 5989 5988 5981 5982 4 5990 5989 5982
5983 4 5991 5990 5983 5984 4 5991 5984 5550
5576 4 5992 5993 5986 5985 4 5994 5992 5985
5987 4 5995 5994 5987 5988 4 5996 5995 5988
5989 4 5997 5996 5989 5990 4 5998 5997 5990
5991 4 5998 5991 5576 5602 4 5999 6000 5993
5992 4 6001 5999 5992 5994 4 6002 6001 5994
5995 4 6003 6002 5995 5996 4 6004 6003 5996
5997 4 6005 6004 5997 5998 4 6005 5998 5602
5628 4 6006 6007 6000 5999 4 6008 6006 5999
6001 4 6009 6008 6001 6002 4 6010 6009 6002
6003 4 6011 6010 6003 6004 4 6012 6011 6004
6005 4 6012 6005 5628 5654 4 6013 6014 6007
6006 4 6015 6013 6006 6008 4 6016 6015 6008
6009 4 6017 6016 6009 6010 4 6018 6017 6010
6011 4 6019 6018 6011 6012 4 6019 6012 5654
5680 4 6020 6021 6014 6013 4 6022 6020 6013
6015 4 6023 6022 6015 6016 4 6024 6023 6016
6017 4 6025 6024 6017 6018 4 6026 6025 6018
6019 4 6026 6019 5680 5706 4 6027 6028 6021
6020 4 6029 6027 6020 6022 4 6030 6029 6022
6023 4 6031 6030 6023 6024 4 6032 6031 6024
6025 4 6033 6032 6025 6026 4 6033 6026 5706
5732 4 6034 6035 6027 6029 4 6036 6034 6029
6030 4 6037 6036 6030 6031 4 6038 6037 6031
6032 4 6039 6038 6032 6033 4 6039 6033 5732
5758 4 6040 6041 6035 6034 4 6042 6040 6034
6036 4 6043 6042 6036 6037 4 6044 6043 6037
6038 4 6045 6044 6038 6039 4 6045 6039 5758
5784 4 6046 6047 6041 6040 4 6048 6046 6040
6042 4 6049 6048 6042 6043 4 6050 6049 6043
6044 4 6051 6050 6044 6045 4 6051 6045 5784
5810 4 6052 6053 6047 6046 4 6054 6052 6046
6048 4 6055 6054 6048 6049 4 6056 6055 6049
6050 4 6057 6056 6050 6051 4 6057 6051 5810
5836 4 6058 6059 6053 6052 4 6060 6058 6052
6054 4 6061 6060 6054 6055 4 6062 6061 6055
6056 4 6063 6062 6056 6057 4 6063 6057 5836
5862 4 6064 6065 6066 6067 4 6068 6064 6067
6069 4 6070 6068 6069 6071 4 6072 6070 6071
6073 4 6074 6072 6073 6075 4 6076 6074 6075
6077 4 6078 6076 6077 6079 4 6080 6078 6079
6081 4 6082 6080 6081 6083 4 6084 6082 6083
6085 4 6086 6084 6085 6087 4 6088 6086 6087
6089 4 6090 6088 6089 6091 4 6092 6090 6091
6093 4 6094 6092 6093 6095 4 6096 6094 6095
6097 4 6098 6096 6097 6099 4 6098 6099 5889
5888 4 6100 6101 6065 6064 4 6102 6100 6064
6068 4 6103 6102 6068 6070 4 6104 6103 6070
6072 4 6105 6104 6072 6074 4 6106 6105 6074
6076 4 6107 6106 6076 6078 4 6108 6107 6078
6080 4 6109 6108 6080 6082 4 6110 6109 6082
6084 4 6111 6110 6084 6086 4 6112 6111 6086
6088 4 6113 6112 6088 6090 4 6114 6113 6090
6092 4 6115 6114 6092 6094 4 6116 6115 6094
6096 4 6117 6116 6096 6098 4 6117 6098 5888
5902 4 6118 6119 6101 6100 4 6120 6118 6100
6102 4 6121 6120 6102 6103 4 6122 6121 6103
6104 4 6123 6122 6104 6105 4 6124 6123 6105
6106 4 6125 6124 6106 6107 4 6126 6125 6107
6108 4 6127 6126 6108 6109 4 6128 6127 6109
6110 4 6129 6128 6110 6111 4 6130 6129 6111
6112 4 6131 6130 6112 6113 4 6132 6131 6113
6114 4 6133 6132 6114 6115 4 6134 6133 6115
6116 4 6135 6134 6116 6117 4 6135 6117 5902
5909 4 6136 6137 6119 6118 4 6138 6136 6118
6120 4 6139 6138 6120 6121 4 6140 6139 6121
6122 4 6141 6140 6122 6123 4 6142 6141 6123
6124 4 6143 6142 6124 6125 4 6144 6143 6125
6126 4 6145 6144 6126 6127 4 6146 6145 6127
6128 4 6147 6146 6128 6129 4 6148 6147 6129
6130 4 6149 6148 6130 6131 4 6150 6149 6131
6132 4 6151 6150 6132 6133 4 6152 6151 6133
6134 4 6153 6152 6134 6135 4 6153 6135 5909
5916 4 6154 6155 6137 6136 4 6156 6154 6136
6138 4 6157 6156 6138 6139 4 6158 6157 6139
6140 4 6159 6158 6140 6141 4 6160 6159 6141
6142 4 6161 6160 6142 6143 4 6162 6161 6143
6144 4 6163 6162 6144 6145 4 6164 6163 6145
6146 4 6165 6164 6146 6147 4 6166 6165 6147
6148 4 6167 6166 6148 6149 4 6168 6167 6149
6150 4 6169 6168 6150 6151 4 6170 6169 6151
6152 4 6171 6170 6152 6153 4 6171 6153 5916
5923 4 6172 6173 6155 6154 4 6174 6172 6154
6156 4 6175 6174 6156 6157 4 6176 6175 6157
6158 4 6177 6176 6158 6159 4 6178 6177 6159
6160 4 6179 6178 6160 6161 4 6180 6179 6161
6162 4 6181 6180 6162 6163 4 6182 6181 6163
6164 4 6183 6182 6164 6165 4 6184 6183 6165
6166 4 6185 6184 6166 6167 4 6186 6185 6167
6168 4 6187 6186 6168 6169 4 6188 6187 6169
6170 4 6189 6188 6170 6171 4 6189 6171 5923
5930 4 6190 6191 6173 6172 4 6192 6190 6172
6174 4 6193 6192 6174 6175 4 6194 6193 6175
6176 4 6195 6194 6176 6177 4 6196 6195 6177
6178 4 6197 6196 6178 6179 4 6198 6197 6179
6180 4 6199 6198 6180 6181 4 6200 6199 6181
6182 4 6201 6200 6182 6183 4 6202 6201 6183
6184 4 6203 6202 6184 6185 4 6204 6203 6185
6186 4 6205 6204 6186 6187 4 6206 6205 6187
6188 4 6207 6206 6188 6189 4 6207 6189 5930
5937 4 6208 6209 6191 6190 4 6210 6208 6190
6192 4 6211 6210 6192 6193 4 6212 6211 6193
6194 4 6213 6212 6194 6195 4 6214 6213 6195
6196 4 6215 6214 6196 6197 4 6216 6215 6197
6198 4 6217 6216 6198 6199 4 6218 6217 6199
6200 4 6219 6218 6200 6201 4 6220 6219 6201
6202 4 6221 6220 6202 6203 4 6222 6221 6203
6204 4 6223 6222 6204 6205 4 6224 6223 6205
6206 4 6225 6224 6206 6207 4 6225 6207 5937
5944 4 6226 6227 6209 6208 4 6228 6226 6208
6210 4 6229 6228 6210 6211 4 6230 6229 6211
6212 4 6231 6230 6212 6213 4 6232 6231 6213
6214 4 6233 6232 6214 6215 4 6234 6233 6215
6216 4 6235 6234 6216 6217 4 6236 6235 6217
6218 4 6237 6236 6218 6219 4 6238 6237 6219
6220 4 6239 6238 6220 6221 4 6240 6239 6221
6222 4 6241 6240 6222 6223 4 6242 6241 6223
6224 4 6243 6242 6224 6225 4 6243 6225 5944
5951 4 6244 6245 6227 6226 4 6246 6244 6226
6228 4 6247 6246 6228 6229 4 6248 6247 6229
6230 4 6249 6248 6230 6231 4 6250 6249 6231
6232 4 6251 6250 6232 6233 4 6252 6251 6233
6234 4 6253 6252 6234 6235 4 6254 6253 6235
6236 4 6255 6254 6236 6237 4 6256 6255 6237
6238 4 6257 6256 6238 6239 4 6258 6257 6239
6240 4 6259 6258 6240 6241 4 6260 6259 6241
6242 4 6261 6260 6242 6243 4 6261 6243 5951
5958 4 6262 6263 6245 6244 4 6264 6262 6244
6246 4 6265 6264 6246 6247 4 6266 6265 6247
6248 4 6267 6266 6248 6249 4 6268 6267 6249
6250 4 6269 6268 6250 6251 4 6270 6269 6251
6252 4 6271 6270 6252 6253 4 6272 6271 6253
6254 4 6273 6272 6254 6255 4 6274 6273 6255
6256 4 6275 6274 6256 6257 4 6276 6275 6257
6258 4 6277 6276 6258 6259 4 6278 6277 6259
6260 4 6279 6278 6260 6261 4 6279 6261 5958
5965 4 6280 6281 6263 6262 4 6282 6280 6262
6264 4 6283 6282 6264 6265 4 6284 6283 6265
6266 4 6285 6284 6266 6267 4 6286 6285 6267
6268 4 6287 6286 6268 6269 4 6288 6287 6269
6270 4 6289 6288 6270 6271 4 6290 6289 6271
6272 4 6291 6290 6272 6273 4 6292 6291 6273
6274 4 6293 6292 6274 6275 4 6294 6293 6275
6276 4 6295 6294 6276 6277 4 6296 6295 6277
6278 4 6297 6296 6278 6279 4 6297 6279 5965
5972 4 6298 6299 6281 6280 4 6300 6298 6280
6282 4 6301 6300 6282 6283 4 6302 6301 6283
6284 4 6303 6302 6284 6285 4 6304 6303 6285
6286 4 6305 6304 6286 6287 4 6306 6305 6287
6288 4 6307 6306 6288 6289 4 6308 6307 6289
6290 4 6309 6308 6290 6291 4 6310 6309 6291
6292 4 6311 6310 6292 6293 4 6312 6311 6293
6294 4 6313 6312 6294 6295 4 6314 6313 6295
6296 4 6315 6314 6296 6297 4 6315 6297 5972
5979 4 6316 6317 6299 6298 4 6318 6316 6298
6300 4 6319 6318 6300 6301 4 6320 6319 6301
6302 4 6321 6320 6302 6303 4 6322 6321 6303
6304 4 6323 6322 6304 6305 4 6324 6323 6305
6306 4 6325 6324 6306 6307 4 6326 6325 6307
6308 4 6327 6326 6308 6309 4 6328 6327 6309
6310 4 6329 6328 6310 6311 4 6330 6329 6311
6312 4 6331 6330 6312 6313 4 6332 6331 6313
6314 4 6333 6332 6314 6315 4 6333 6315 5979
5986 4 6334 6335 6317 6316 4 6336 6334 6316
6318 4 6337 6336 6318 6319 4 6338 6337 6319
6320 4 6339 6338 6320 6321 4 6340 6339 6321
6322 4 6341 6340 6322 6323 4 6342 6341 6323
6324 4 6343 6342 6324 6325 4 6344 6343 6325
6326 4 6345 6344 6326 6327 4 6346 6345 6327
6328 4 6347 6346 6328 6329 4 6348 6347 6329
6330 4 6349 6348 6330 6331 4 6350 6349 6331
6332 4 6351 6350 6332 6333 4 6351 6333 5986
5993 4 6352 6353 6335 6334 4 6354 6352 6334
6336 4 6355 6354 6336 6337 4 6356 6355 6337
6338 4 6357 6356 6338 6339 4 6358 6357 6339
6340 4 6359 6358 6340 6341 4 6360 6359 6341
6342 4 6361 6360 6342 6343 4 6362 6361 6343
6344 4 6363 6362 6344 6345 4 6364 6363 6345
6346 4 6365 6364 6346 6347 4 6366 6365 6347
6348 4 6367 6366 6348 6349 4 6368 6367 6349
6350 4 6369 6368 6350 6351 4 6369 6351 5993
6000 4 6370 6371 6353 6352 4 6372 6370 6352
6354 4 6373 6372 6354 6355 4 6374 6373 6355
6356 4 6375 6374 6356 6357 4 6376 6375 6357
6358 4 6377 6376 6358 6359 4 6378 6377 6359
6360 4 6379 6378 6360 6361 4 6380 6379 6361
6362 4 6381 6380 6362 6363 4 6382 6381 6363
6364 4 6383 6382 6364 6365 4 6384 6383 6365
6366 4 6385 6384 6366 6367 4 6386 6385 6367
6368 4 6387 6386 6368 6369 4 6387 6369 6000
6007 4 6388 6389 6371 6370 4 6390 6388 6370
6372 4 6391 6390 6372 6373 4 6392 6391 6373
6374 4 6393 6392 6374 6375 4 6394 6393 6375
6376 4 6395 6394 6376 6377 4 6396 6395 6377
6378 4 6397 6396 6378 6379 4 6398 6397 6379
6380 4 6399 6398 6380 6381 4 6400 6399 6381
6382 4 6401 6400 6382 6383 4 6402 6401 6383
6384 4 6403 6402 6384 6385 4 6404 6403 6385
6386 4 6405 6404 6386 6387 4 6405 6387 6007
6014 4 6406 6407 6389 6388 4 6408 6406 6388
6390 4 6409 6408 6390 6391 4 6410 6409 6391
6392 4 6411 6410 6392 6393 4 6412 6411 6393
6394 4 6413 6412 6394 6395 4 6414 6413 6395
6396 4 6415 6414 6396 6397 4 6416 6415 6397
6398 4 6417 6416 6398 6399 4 6418 6417 6399
6400 4 6419 6418 6400 6401 4 6420 6419 6401
6402 4 6421 6420 6402 6403 4 6422 6421 6403
6404 4 6423 6422 6404 6405 4 6423 6405 6014
6021 4 6424 6425 6407 6406 4 6426 6424 6406
6408 4 6427 6426 6408 6409 4 6428 6427 6409
6410 4 6429 6428 6410 6411 4 6430 6429 6411
6412 4 6431 6430 6412 6413 4 6432 6431 6413
6414 4 6433 6432 6414 6415 4 6434 6433 6415
6416 4 6435 6434 6416 6417 4 6436 6435 6417
6418 4 6437 6436 6418 6419 4 6438 6437 6419
6420 4 6439 6438 6420 6421 4 6440 6439 6421
6422 4 6441 6440 6422 6423 4 6441 6423 6021
6028 4 6442 6443 6425 6424 4 6444 6442 6424
6426 4 6445 6444 6426 6427 4 6446 6445 6427
6428 4 6447 6446 6428 6429 4 6448 6447 6429
6430 4 6449 6448 6430 6431 4 6450 6449 6431
6432 4 6451 6450 6432 6433 4 6452 6451 6433
6434 4 6453 6452 6434 6435 4 6454 6453 6435
6436 4 6455 6454 6436 6437 4 6456 6455 6437
6438 4 6457 6456 6438 6439 4 6458 6457 6439
6440 4 6459 6458 6440 6441 4 6460 6459 6441
6028 4 6460 6028 6027 6035 4 6461 6462 6443
6442 4 6463 6461 6442 6444 4 6464 6463 6444
6445 4 6465 6464 6445 6446 4 6466 6465 6446
6447 4 6467 6466 6447 6448 4 6468 6467 6448
6449 4 6469 6468 6449 6450 4 6470 6469 6450
6451 4 6471 6470 6451 6452 4 6472 6471 6452
6453 4 6473 6472 6453 6454 4 6474 6473 6454
6455 4 6475 6474 6455 6456 4 6476 6475 6456
6457 4 6477 6476 6457 6458 4 6478 6477 6458
6459 4 6479 6478 6459 6460 4 6479 6460 6035
6041 4 6480 6481 6462 6461 4 6482 6480 6461
6463 4 6483 6482 6463 6464 4 6484 6483 6464
6465 4 6485 6484 6465 6466 4 6486 6485 6466
6467 4 6487 6486 6467 6468 4 6488 6487 6468
6469 4 6489 6488 6469 6470 4 6490 6489 6470
6471 4 6491 6490 6471 6472 4 6492 6491 6472
6473 4 6493 6492 6473 6474 4 6494 6493 6474
6475 4 6495 6494 6475 6476 4 6496 6495 6476
6477 4 6497 6496 6477 6478 4 6498 6497 6478
6479 4 6498 6479 6041 6047 4 6499 6500 6481
6480 4 6501 6499 6480 6482 4 6502 6501 6482
6483 4 6503 6502 6483 6484 4 6504 6503 6484
6485 4 6505 6504 6485 6486 4 6506 6505 6486
6487 4 6507 6506 6487 6488 4 6508 6507 6488
6489 4 6509 6508 6489 6490 4 6510 6509 6490
6491 4 6511 6510 6491 6492 4 6512 6511 6492
6493 4 6513 6512 6493 6494 4 6514 6513 6494
6495 4 6515 6514 6495 6496 4 6516 6515 6496
6497 4 6517 6516 6497 6498 4 6517 6498 6047
6053 4 6518 6519 6500 6499 4 6520 6518 6499
6501 4 6521 6520 6501 6502 4 6522 6521 6502
6503 4 6523 6522 6503 6504 4 6524 6523 6504
6505 4 6525 6524 6505 6506 4 6526 6525 6506
6507 4 6527 6526 6507 6508 4 6528 6527 6508
6509 4 6529 6528 6509 6510 4 6530 6529 6510
6511 4 6531 6530 6511 6512 4 6532 6531 6512
6513 4 6533 6532 6513 6514 4 6534 6533 6514
6515 4 6535 6534 6515 6516 4 6536 6535 6516
6517 4 6536 6517 6053 6059 5 6537 6538 6539
6540 6541 4 6542 6543 6544 6545 5 6546 6547
6548 6549 6550 4 6551 6546 6550 6552 4 6553
6551 6552 6554 4 6555 6553 6554 6556 4 6557
6555 6556 6558 4 6559 6557 6558 6560 4 6559
6560 6066 6065 4 6561 6562 6563 6564 5 6565
6566 6567 6547 6546 4 6568 6565 6546 6551 4
6569 6568 6551 6553 4 6570 6569 6553 6555 4
6571 6570 6555 6557 4 6572 6571 6557 6559 4
6572 6559 6065 6101 6 6573 6574 6575 6576 6577
6578 5 6579 6580 6581 6566 6565 4 6582 6579
6565 6568 4 6583 6582 6568 6569 4 6584 6583
6569 6570 4 6585 6584 6570 6571 4 6586 6585
6571 6572 4 6586 6572 6101 6119 5 6587 6588
6589 6590 6591 7 6592 6593 6594 6595 6596 6597
6580 4 6598 6592 6580 6579 4 6599 6598 6579
6582 4 6600 6599 6582 6583 4 6601 6600 6583
6584 4 6602 6601 6584 6585 4 6603 6602 6585
6586 4 6603 6586 6119 6137 4 6604 6605 6606
6607 5 6594 6593 6608 6609 6610 5 6611 6612
6613 6592 6598 4 6614 6611 6598 6599 4 6615
6614 6599 6600 4 6616 6615 6600 6601 4 6617
6616 6601 6602 4 6618 6617 6602 6603 4 6618
6603 6137 6155 4 6619 6620 6621 6622 5 6623
6624 6625 6612 6611 4 6626 6623 6611 6614 4
6627 6626 6614 6615 4 6628 6627 6615 6616 4
6629 6628 6616 6617 4 6630 6629 6617 6618 4
6630 6618 6155 6173 6 6631 6632 6633 6634 6635
6636 5 6637 6638 6639 6624 6623 4 6640 6637
6623 6626 4 6641 6640 6626 6627 4 6642 6641
6627 6628 4 6643 6642 6628 6629 4 6644 6643
6629 6630 4 6644 6630 6173 6191 5 6645 6646
6647 6648 6649 4 6650 6651 6652 6653 5 6654
6655 6656 6638 6637 4 6657 6654 6637 6640 4
6658 6657 6640 6641 4 6659 6658 6641 6642 4
6660 6659 6642 6643 4 6661 6660 6643 6644 4
6661 6644 6191 6209 5 6662 6663 6664 6665 6666
5 6667 6668 6669 6655 6654 4 6670 6667 6654
6657 4 6671 6670 6657 6658 4 6672 6671 6658
6659 4 6673 6672 6659 6660 4 6674 6673 6660
6661 4 6674 6661 6209 6227 5 6675 6676 6677
6678 6679 5 6680 6681 6682 6668 6667 4 6683
6680 6667 6670 4 6684 6683 6670 6671 4 6685
6684 6671 6672 4 6686 6685 6672 6673 4 6687
6686 6673 6674 4 6687 6674 6227 6245 5 6688
6689 6690 6691 6692 7 6693 6694 6695 6696 6697
6698 6681 4 6699 6693 6681 6680 4 6700 6699
6680 6683 4 6701 6700 6683 6684 4 6702 6701
6684 6685 4 6703 6702 6685 6686 4 6704 6703
6686 6687 4 6704 6687 6245 6263 4 6705 6706
6707 6708 5 6695 6694 6709 6710 6711 5 6712
6713 6714 6693 6699 4 6715 6712 6699 6700 4
6716 6715 6700 6701 4 6717 6716 6701 6702 4
6718 6717 6702 6703 4 6719 6718 6703 6704 4
6719 6704 6263 6281 4 6720 6721 6722 6723 5
6724 6725 6726 6713 6712 4 6727 6724 6712 6715
4 6728 6727 6715 6716 4 6729 6728 6716 6717
4 6730 6729 6717 6718 4 6731 6730 6718 6719
4 6731 6719 6281 6299 6 6732 6733 6734 6735
6736 6737 5 6738 6739 6740 6725 6724 4 6741
6738 6724 6727 4 6742 6741 6727 6728 4 6743
6742 6728 6729 4 6744 6743 6729 6730 4 6745
6744 6730 6731 4 6745 6731 6299 6317 5 6746
6747 6748 6749 6750 7 6751 6752 6753 6754 6755
6756 6739 4 6757 6751 6739 6738 4 6758 6757
6738 6741 4 6759 6758 6741 6742 4 6760 6759
6742 6743 4 6761 6760 6743 6744 4 6762 6761
6744 6745 4 6762 6745 6317 6335 4 6763 6764
6765 6766 5 6753 6752 6767 6768 6769 5 6770
6771 6772 6751 6757 4 6773 6770 6757 6758 4
6774 6773 6758 6759 4 6775 6774 6759 6760 4
6776 6775 6760 6761 4 6777 6776 6761 6762 4
6777 6762 6335 6353 5 6778 6779 6780 6781 6782
5 6783 6784 6785 6771 6770 4 6786 6783 6770
6773 4 6787 6786 6773 6774 4 6788 6787 6774
6775 4 6789 6788 6775 6776 4 6790 6789 6776
6777 4 6790 6777 6353 6371 4 6791 6792 6793
6794 5 6795 6796 6797 6798 6799 5 6800 6801
6802 6784 6783 4 6803 6800 6783 6786 4 6804
6803 6786 6787 4 6805 6804 6787 6788 4 6806
6805 6788 6789 4 6807 6806 6789 6790 4 6807
6790 6371 6389 5 6808 6809 6810 6811 6812 4
6813 6814 6815 6816 5 6817 6818 6819 6801 6800
4 6820 6817 6800 6803 4 6821 6820 6803 6804
4 6822 6821 6804 6805 4 6823 6822 6805 6806
4 6824 6823 6806 6807 4 6824 6807 6389 6407
4 6825 6826 6827 6828 5 6829 6830 6831 6818
6817 4 6832 6829 6817 6820 4 6833 6832 6820
6821 4 6834 6833 6821 6822 4 6835 6834 6822
6823 4 6836 6835 6823 6824 4 6836 6824 6407
6425 6 6837 6838 6839 6840 6841 6842 5 6843
6844 6845 6830 6829 4 6846 6843 6829 6832 4
6847 6846 6832 6833 4 6848 6847 6833 6834 4
6849 6848 6834 6835 4 6850 6849 6835 6836 4
6850 6836 6425 6443 5 6851 6852 6853 6854 6855
7 6856 6857 6858 6859 6860 6861 6844 4 6862
6856 6844 6843 4 6863 6862 6843 6846 4 6864
6863 6846 6847 4 6865 6864 6847 6848 4 6866
6865 6848 6849 4 6867 6866 6849 6850 4 6867
6850 6443 6462 4 6868 6869 6870 6871 5 6858
6857 6872 6873 6874 5 6875 6876 6877 6856 6862
4 6878 6875 6862 6863 4 6879 6878 6863 6864
4 6880 6879 6864 6865 4 6881 6880 6865 6866
4 6882 6881 6866 6867 4 6882 6867 6462 6481
4 6883 6884 6885 6886 5 6887 6888 6889 6876
6875 4 6890 6887 6875 6878 4 6891 6890 6878
6879 4 6892 6891 6879 6880 4 6893 6892 6880
6881 4 6894 6893 6881 6882 4 6894 6882 6481
6500 4 6895 6896 6897 6898 6 6899 6900 6901
6902 6903 6904 5 6905 6906 6907 6888 6887 4
6908 6905 6887 6890 4 6909 6908 6890 6891 4
6910 6909 6891 6892 4 6911 6910 6892 6893 4
6912 6911 6893 6894 4 6912 6894 6500 6519 4
6913 6914 6915 6916 5 6917 6537 6541 6542 6545
4 6918 6919 6913 6916 4 6564 6920 6921 6922
4 6573 6578 6923 6924 4 6925 6587 6591 6926
4 6596 6927 6928 6929 4 6594 6610 6930 6931
4 6622 6932 6933 6934 4 6631 6636 6935 6936
5 6645 6649 6937 6938 6939 5 6653 6645 6939
6940 6635 4 6662 6666 6941 6942 4 6943 6944
6945 6675 4 6946 6943 6675 6679 4 6688 6692
6947 6948 4 6697 6949 6950 6951 4 6695 6711
6952 6953 4 6723 6954 6955 6956 4 6732 6737
6957 6958 4 6959 6746 6750 6960 4 6755 6961
6962 6963 4 6753 6769 6964 6965 4 6966 6967
6968 6778 4 6969 6966 6778 6782 4 6799 6970
6971 6972 5 6813 6816 6973 6808 6812 4 6828
6974 6975 6976 4 6837 6842 6977 6978 4 6979
6851 6855 6980 4 6860 6981 6982 6983 4 6858
6874 6984 6985 4 6886 6986 6987 6988 4 6899
6904 6989 6990 5 6991 6992 6993 6994 6995 5
6996 6991 6995 6997 6903 4 6544 6543 6549 6548
6 6998 6561 6564 6922 6545 6544 4 6998 6544
6548 6547 4 6999 6920 6564 6563 4 6573 6924
7000 7001 5 7002 7003 6998 6547 6567 4 7004
6574 6573 7001 5 6575 7005 7002 6567 6566 4
6576 6575 6566 6581 5 6597 6596 6929 6577 6576
4 6580 6597 6576 6581 5 6589 6588 6927 6596
6595 5 7006 6604 6607 6590 6589 5 7006 6589
6595 6594 6931 4 6605 6604 7006 7007 4 7008
7009 6606 6605 4 7010 7008 6605 7007 4 6608
6593 6592 6613 6 7011 6619 6622 6934 6609 6608
4 7011 6608 6613 6612 4 7012 6932 6622 6621
4 6631 6936 7013 7014 5 7015 7016 7011 6612
6625 4 7017 6632 6631 7014 5 6633 7018 7015
6625 6624 4 6938 6937 7019 7020 4 6939 6938
7020 7021 4 6634 6633 6624 6639 4 6650 6653
6635 6634 4 6650 6634 6639 6638 5 7022 6646
6645 6653 6652 4 7023 7024 7025 7026 4 6662
6942 7027 7028 4 6664 6663 6655 6669 5 6676
6675 6945 6665 6664 4 6676 6664 6669 6668 4
6677 6676 6668 6682 5 6698 6697 6951 6678 6677
4 6681 6698 6677 6682 5 6690 6689 6949 6697
6696 5 7029 6705 6708 6691 6690 5 7029 6690
6696 6695 6953 4 6706 6705 7029 7030 4 7031
7032 6707 6706 4 7033 7031 6706 7030 4 6709
6694 6693 6714 6 7034 6720 6723 6956 6710 6709
4 7034 6709 6714 6713 4 7035 6954 6723 6722
4 6732 6958 7036 7037 5 7038 7039 7034 6713
6726 4 7040 6733 6732 7037 5 6734 7041 7038
6726 6725 4 7042 7043 7044 7045 4 7046 7042
7045 7047 4 6735 6734 6725 6740 5 6756 6755
6963 6736 6735 4 6739 6756 6735 6740 5 6748
6747 6961 6755 6754 5 7048 6763 6766 6749 6748
5 7048 6748 6754 6753 6965 4 7049 6764 6763
7048 4 6767 6752 6751 6772 5 6779 6778 6968
6768 6767 4 6779 6767 6772 6771 4 6780 6779
6771 6785 5 6795 6799 6972 6781 6780 4 6795
6780 6785 6784 4 6970 6799 6798 7050 5 6812
6811 7051 7052 7053 5 6813 6812 7053 7054 6797
4 6815 6814 6801 6819 6 7055 6825 6828 6976
6816 6815 4 7055 6815 6819 6818 4 7056 6974
6828 6827 4 6837 6978 7057 7058 5 7059 7060
7055 6818 6831 4 7061 6838 6837 7058 5 6839
7062 7059 6831 6830 4 6840 6839 6830 6845 5
6861 6860 6983 6841 6840 4 6844 6861 6840 6845
5 6853 6852 6981 6860 6859 5 7063 6868 6871
6854 6853 5 7063 6853 6859 6858 6985 4 6869
6868 7063 7064 4 7065 7066 6870 6869 4 7067
7065 6869 7064 4 6872 6857 6856 6877 6 7068
6883 6886 6988 6873 6872 4 7068 6872 6877 6876
4 7069 6986 6886 6885 4 6899 6990 7070 7071
5 7072 7073 7068 6876 6889 4 7074 6900 6899
7071 5 6901 7075 7072 6889 6888 4 6895 6898
7076 7077 4 6994 6993 6896 6895 4 6995 6994
6895 7077 4 6902 6901 6888 6907 4 7078 6996
6903 6902 4 7078 6902 6907 6906 4 6916 6915
7079 6539 4 6918 6916 6539 6538 4 7080 7081
6919 6918 4 7080 6918 6538 6537 4 6917 6545
6922 6921 4 6921 6920 7081 7080 4 6917 6921
7080 6537 4 7082 6923 6578 6577 4 6925 6926
7083 7084 4 7085 6588 6587 6925 4 7085 6925
7084 7086 4 7082 6577 6929 6928 4 6928 6927
6588 7085 4 7082 6928 7085 7086 4 7007 7006
6931 6930 4 6930 6610 6609 7087 4 7010 7007
6930 7087 4 7087 6609 6934 6933 4 6935 6636
6635 6940 4 6935 6940 6939 7021 4 7088 6941
6666 6665 4 7088 6665 6945 6944 4 7089 6946
6679 6678 4 6689 6688 6948 7090 4 7089 6678
6951 6950 4 6950 6949 6689 7090 4 7030 7029
6953 6952 4 6952 6711 6710 7091 4 7033 7030
6952 7091 4 7092 7093 7032 7031 4 7094 7092
7031 7033 4 7091 6710 6956 6955 4 7094 7033
7091 6955 4 6957 6737 6736 7095 4 7046 7047
6957 7095 4 6959 6960 7043 7042 4 7096 6747
6746 6959 4 7096 6959 7042 7046 4 7095 6736
6963 6962 4 6962 6961 6747 7096 4 7095 6962
7096 7046 4 7049 7048 6965 6964 4 7097 6964
6769 6768 4 7097 6768 6968 6967 4 7098 6969
6782 6781 4 7098 6781 6972 6971 4 7099 7100
6810 6809 4 7101 7099 6809 6808 4 6973 6816
6976 6975 4 7101 6808 6973 6975 4 7102 6977
6842 6841 4 6979 6980 7103 7104 4 7105 6852
6851 6979 4 7105 6979 7104 7106 4 7102 6841
6983 6982 4 6982 6981 6852 7105 4 7102 6982
7105 7106 4 7064 7063 6985 6984 4 6984 6874
6873 7107 4 7067 7064 6984 7107 4 7107 6873
6988 6987 4 7077 7076 6990 6989 4 6989 6904
6903 6997 4 6995 7077 6989 6997 4 7108 7109
6563 6562 4 6562 6561 6998 7003 4 7108 6562
7003 7002 4 7110 7111 6621 6620 4 6620 6619
7011 7016 4 7110 6620 7016 7015 4 6651 6650
6638 6656 5 6663 6662 7028 6652 6651 4 6655
6663 6651 6656 4 7112 7113 6722 6721 4 6721
6720 7034 7039 4 7112 6721 7039 7038 4 6791
6794 7114 7115 4 7052 7051 6792 6791 4 7053
7052 6791 7115 4 6796 6795 6784 6802 4 6814
6813 6797 6796 4 6801 6814 6796 6802 4 7116
7117 6827 6826 4 6826 6825 7055 7060 4 7116
6826 7060 7059 4 7118 7119 6885 6884 4 6884
6883 7068 7073 4 7118 6884 7073 7072 4 7120
6999 6563 7109 4 7001 7000 7120 7109 4 7004
7001 7109 7108 4 7005 6575 6574 7004 4 7005
7004 7108 7002 4 7121 7012 6621 7111 4 7014
7013 7121 7111 4 7017 7014 7111 7110 4 7018
6633 6632 7017 4 7018 7017 7110 7015 4 7122
7123 7023 7026 4 7026 7025 6648 6647 4 7122
7026 6647 6646 4 7027 6942 7123 7122 4 7022
6652 7028 7027 4 7022 7027 7122 6646 4 7124
7035 6722 7113 4 7037 7036 7124 7113 4 7040
7037 7113 7112 4 7041 6734 6733 7040 4 7041
7040 7112 7038 4 7115 7114 6970 7050 4 7050
6798 6797 7054 4 7053 7115 7050 7054 4 7125
7056 6827 7117 4 7058 7057 7125 7117 4 7061
7058 7117 7116 4 7062 6839 6838 7061 4 7062
7061 7116 7059 4 7126 7069 6885 7119 4 7071
7070 7126 7119 4 7074 7071 7119 7118 4 7075
6901 6900 7074 4 7075 7074 7118 7072 5 5121
5120 6540 6539 7079 4 7127 7128 6926 6591 4
6607 6606 7129 7130 5 5134 5159 7131 6937 6649
4 7132 7133 6947 6692 4 6708 6707 7134 7135
4 7136 7137 6960 6750 4 6766 6765 7138 7139
5 6811 6810 7140 5151 5150 4 7141 7142 6980
6855 4 6871 6870 7143 7144 4 7145 6897 6896
7146 5 6993 6992 5165 5164 7147 5 5129 5128
7127 6591 6590 5 5168 5129 6590 6607 7130 5
7148 5135 5134 6649 6648 4 7149 7025 7024 7150
5 5143 5142 7132 6692 6691 5 5175 5143 6691
6708 7135 5 5149 5148 7136 6750 6749 5 5181
5149 6749 6766 7139 4 7151 6793 6792 7152 5
7051 6811 5150 5183 7153 5 5153 5152 7141 6855
6854 5 5184 5153 6854 6871 7144 4 6915 6914
5190 5189 4 5121 7079 6915 5189 4 7154 7083
6926 7128 4 7128 7127 5128 5191 4 7154 7128
5191 5192 4 5169 5168 7130 7129 4 7129 6606
7009 7155 4 5171 5169 7129 7155 4 7156 7019
6937 7131 4 7156 7131 5159 5172 4 7133 7132
5142 5193 4 5176 5175 7135 7134 4 7134 6707
7032 7157 4 5178 5176 7134 7157 4 7157 7032
7093 7158 4 5194 5178 7157 7158 4 7159 7044
7043 7160 4 5180 5179 7159 7160 4 7160 7043
6960 7137 4 7137 7136 5148 5195 4 5180 7160
7137 5195 4 5182 5181 7139 7138 4 7140 6810
7100 7161 4 5196 5151 7140 7161 4 7162 7103
6980 7142 4 7142 7141 5152 5197 4 7162 7142
5197 5198 4 5185 5184 7144 7143 4 7143 6870
7066 7163 4 5186 5185 7143 7163 4 5188 5187
7145 7146 4 7146 6896 6993 7147 4 5188 7146
7147 5164 4 7149 7150 5209 5208 4 7148 6648
7025 7149 4 5135 7148 7149 5208 4 5205 5204
7151 7152 4 7152 6792 7051 7153 4 5205 7152
7153 5183 
POINT_DATA 7164
FIELD attributes 6
p 1 7164 float
741.53 749.195 747.518 741.898 745.511 747.197 760.194 760.983 762.766 763.296 762.054
762.423 761.945 762.195 762.207 762.378 762.348 762.466 762.335 762.418 762.261
762.318 762.165 762.202 762.052 762.068 761.928 761.91 761.816 761.722 761.786
761.5 761.976 761.246 763.546 760.886 758.919 764.123 766.229 757.337 750.134
749.597 733.61 721.811 722.712 724.229 729.107 720.246 720.678 720.554 720.323
720.845 720.466 719.791 720.866 719.997 711.072 714.232 717.753 717.249 712.962
710.35 710.003 709.708 709.765 710.028 741.274 751.159 743.908 759.616 762.393
761.785 761.766 762.092 762.274 762.287 762.23 762.148 762.052 761.952 761.889
761.977 762.461 765.613 765.384 768.385 770.26 774.44 772.394 721.215 720.555
716.577 716.8 718.042 714.966 724.943 724.408 721.155 741.531 751.625 744.094
759.971 762.718 762 761.911 762.203 762.361 762.356 762.285 762.193 762.086
761.965 761.845 761.768 761.822 764.222 762.486 765.722 768.418 778.189 775.703
773.168 774.896 715.255 721.558 722.45 716.954 715.129 729.135 729.649 729.006
728.074 741.652 751.756 744.223 760.211 763.016 762.218 762.064 762.327 762.468
762.446 762.361 762.261 762.15 762.03 761.916 761.849 761.918 762.528 758.261
760.955 763.132 763.141 761.629 752.948 751.371 726.937 724.545 722.923 735.523
732.423 720.404 719.463 720.318 720.568 720.996 715.415 714.081 722.568 721.178
719.546 718.969 721.576 715.349 716.675 713.112 712.734 710.27 709.81 709.156
709.924 710.929 741.554 751.612 744.228 760.339 763.201 762.37 762.183 762.431
762.561 762.527 762.433 762.329 762.224 762.129 762.089 762.236 762.847 764.575
766.289 766.113 751.976 748.843 763.514 771.234 768.763 731.49 726.23 718.022
714.933 721.518 720.923 720.818 721.346 723.017 721.007 714.665 713.043 718.431
710.051 709.909 709.581 709.185 741.418 751.443 744.181 760.378 763.274 762.444
762.249 762.494 762.621 762.584 762.486 762.381 762.273 762.175 762.128 762.244
762.78 767.116 765.405 769.715 770.651 780.516 782.22 778.835 776.941 722.132
722.579 717.076 717.878 718.453 727.465 728.993 728.079 726.51 741.308 751.315
744.13 760.377 763.293 762.48 762.294 762.541 762.669 762.63 762.529 762.418
762.3 762.17 762.035 761.923 761.91 762.212 764.234 759.671 769.015 769.939
777.713 783.561 761.722 750.307 718.579 723.089 721.653 719.444 736.443 723.544
726.872 733.896 741.232 751.23 744.088 760.361 763.289 762.496 762.323 762.574
762.704 762.667 762.57 762.464 762.356 762.25 762.171 762.192 762.47 764.373
759.586 765.241 767.352 753.257 751.433 725.633 725.248 727.681 732.202 738.822
719.52 719.708 720.947 721.255 721.072 719.921 719.892 718.636 719.242 715.431
713.66 717.357 719.488 719.284 708.998 709.937 710.569 711.177 710.9 741.184
751.181 744.057 760.342 763.276 762.501 762.341 762.599 762.731 762.697 762.604
762.504 762.409 762.333 762.327 762.531 763.243 766.797 766.837 769.927 771.037
775.917 773.846 719.909 722.16 723.247 715.26 716.465 718.529 730.522 729.78
723.113 741.156 751.153 744.034 760.324 763.262 762.5 762.351 762.614 762.749
762.717 762.626 762.527 762.428 762.335 762.272 762.304 762.563 766.102 764.037
770.562 768.696 782.348 781.076 777.497 778.371 717.128 722.145 722.393 719.333
717.717 730.376 727.618 726.838 728.823 741.139 751.137 744.02 760.311 763.252
762.498 762.355 762.622 762.759 762.729 762.639 762.54 762.439 762.341 762.255
762.218 762.304 762.943 759.225 760.63 763.193 766.051 765.55 750.761 752.423
711.206 718.599 725.241 737.627 706.697 722.296 721.102 718.583 720.804 720.818
715.484 717.229 719.939 718.737 718.03 719.526 722.032 710.607 707.811 702.307
711.284 705.139 705.785 706.615 707.194 704.888 741.131 751.13 744.012 760.303
763.245 762.496 762.356 762.625 762.764 762.735 762.648 762.553 762.465 762.394
762.381 762.541 763.113 764.324 765.948 765.263 750.991 751.307 753.446 764.166
765.136 731.676 724.849 724.882 729.798 720.663 720.122 721.218 721 721.091
719.933 710.201 710.495 704.625 709.394 717.212 705.895 706.106 706.487 706.421
741.129 751.128 744.009 760.301 763.244 762.494 762.354 762.622 762.761 762.732
762.645 762.552 762.463 762.392 762.378 762.538 763.108 767.188 765.938 768.639
770.23 777.36 780.417 777.335 774.593 721.76 721.288 715.636 715.831 714.236
732.239 729.446 728.417 730.586 741.132 751.131 744.013 760.305 763.246 762.492
762.348 762.615 762.751 762.721 762.631 762.531 762.43 762.33 762.243 762.202
762.286 764.306 762.919 765.24 768.625 777.328 769.912 769.698 774.569 714.172
721.779 721.126 719.838 716.009 732.466 717.884 724.556 730.784 741.143 751.142
744.022 760.314 763.252 762.49 762.34 762.602 762.736 762.703 762.611 762.51
762.41 762.317 762.253 762.285 762.542 764.012 759.212 765.54 766.024 763.164
760.592 750.944 752.421 724.772 722.497 725.249 737.633 731.606 720.626 719.78
718.605 720.817 720.946 715.597 710.7 722.067 719.576 718.06 718.761 720.003
717.359 710.412 711.451 706.346 706.671 706.824 707.403 706.139 741.168 751.167
744.041 760.328 763.262 762.486 762.325 762.581 762.713 762.678 762.583 762.481
762.383 762.305 762.297 762.499 763.208 766.072 766.794 768.661 750.8 762.719
783.61 778.16 773.953 706.836 711.303 707.252 697.22 722.356 712.718 720.878
720.873 722.418 719.383 707.964 715.644 721.18 705.069 705.323 705.032 704.143
741.211 751.212 744.068 760.344 763.271 762.477 762.303 762.553 762.681 762.642
762.543 762.434 762.323 762.215 762.133 762.151 762.421 766.739 764.314 770.513
769.867 782.304 782.182 778.773 778.322 717.188 722.186 723.315 715.323 716.8
730.408 729.838 728.862 728.856 741.283 751.293 744.106 760.357 763.273 762.458
762.271 762.516 762.641 762.6 762.497 762.383 762.26 762.128 761.989 761.871
761.857 762.159 759.538 759.654 767.29 765.173 770.965 763.136 748.808 751.387
701.819 710.231 718.919 716.306 719.449 719.018 720.466 720.674 722.222 719.962
718.705 719.962 718.617 715.711 719.742 723.184 709.032 709.339 710.167 710.394
741.389 751.417 744.153 760.355 763.251 762.418 762.222 762.464 762.589 762.548
762.447 762.336 762.225 762.123 762.07 762.184 762.721 765.347 764.226 769.908
768.953 750.374 753.28 738.911 725.78 720.037 712.142 707.862 721.681 722.797
721.601 721.216 719.631 719.317 719.981 721.69 719.506 706.961 712.477 719.008
719.375 715.601 711.151 709.3 708.262 708.273 708.524 741.521 751.584 744.196
760.313 763.174 762.341 762.151 762.397 762.524 762.487 762.388 762.279 762.169
762.069 762.025 762.168 762.775 767.048 766.203 770.577 777.702 780.843 777.391
723.086 722.594 717.128 716.887 718.587 736.504 732.03 730.802 733.943 741.616
751.726 744.189 760.183 762.986 762.187 762.029 762.29 762.427 762.4 762.311
762.204 762.087 761.96 761.839 761.767 761.831 764.475 762.435 766.004 769.621
780.442 776.094 773.706 776.858 718.53 722.285 723.211 721.053 719.321 727.59
724.895 724.53 726.652 741.494 751.593 744.057 759.941 762.686 761.966 761.874
762.162 762.316 762.306 762.229 762.13 762.015 761.886 761.758 761.675 761.73
762.413 758.193 761.599 763.089 763.026 760.838 751.849 751.312 726.218 724.281
723.027 735.509 731.398 721.625 721.272 720.681 720.848 721.463 715.806 715.674
721.997 719.597 719.874 721.266 722.726 714.537 715.225 711.716 713.242 710.334
710.345 709.644 710.458 710.532 741.234 751.125 743.868 759.584 762.359 761.749
761.727 762.049 762.226 762.234 762.169 762.081 761.975 761.865 761.792 761.877
762.378 764.182 765.392 765.716 752.932 750.717 765.235 771.992 769.043 732.457
727.035 720.045 717.991 721.131 720.67 721.071 721.553 722.851 717.849 717.048
716.859 721.342 711.444 710.82 710.497 710.808 741.489 749.16 745.472 760.162
762.732 762.017 761.905 762.163 762.3 762.281 762.199 762.095 761.971 761.835
761.714 761.688 761.933 765.713 763.759 768.48 768.571 778.232 778.895 775.951
774.97 722.007 721.388 717.371 717.24 716.38 729.205 728.09 727.209 728.151
741.859 747.481 747.16 760.951 763.262 762.386 762.155 762.334 762.418 762.363
762.256 762.131 761.985 761.814 761.614 761.399 761.224 761.211 760.464 758.966
766.577 764.924 771.173 764.35 750.216 752.416 705.202 713.154 719.914 717.652
720.915 717.991 721.182 721.591 718.761 721.898 721.335 720.601 716.857 714.996
719.492 722.557 709.761 710.101 710.446 710.38 739.901 747.803 762.799 700.343
735.959 730.865 713.623 720.012 720.12 717.421 719.296 717.556 717.676 719.643
710.022 718.417 713.575 708.639 707.065 708.417 709.277 709.41 709.082 769.052
772.025 765.303 750.75 743.323 734.699 717.96 714.197 714.338 720.438 719.828
718.916 715.252 715.127 721.171 716.655 711.539 710.138 710.307 709.958 732.056
742.355 773.813 776.201 720.298 718.353 720.826 721.178 717.287 718.743 719.263
707.947 710.095 724.262 724.64 725.769 707.605 721.544 715.911 710.839 714.975
721.43 722.633 718.902 712.275 706.687 706.496 708.296 707.955 707.862 778.823
782.227 714.181 718.382 715.346 715.16 716.734 728.811 729.793 773.978 778.174
783.597 762.674 726.175 740.358 697.053 715.585 720.816 712.672 716.258 711.999
716.181 721.093 715.496 702.792 701.454 703.963 704.849 741.53 742.169 769.734
769.961 719.615 719.489 718.949 719.795 712.762 715.276 716.173 707.654 707.004
724.297 717.54 765.095 764.11 753.349 751.234 742.109 741.441 729.696 715.154
712.715 721.129 720.049 718.897 719.383 719.505 717.441 709.729 704.971 710.741
707.243 707.921 706.691 706.739 740.479 726.283 777.46 781.048 716.244 712.057
716.314 721.162 715.409 715.645 717.764 701.655 702.987 726.852 727.635 773.781
775.851 715.223 718.42 714.236 716.525 729.826 730.564 725.93 761.795 783.6
715.041 710.987 716.049 706.73 726.97 723.728 768.644 771.109 763.351 748.67
742.224 731.86 714.781 718.756 717.344 720.912 720.99 720.863 718.349 720.301
718.927 713.664 710.638 708.542 709.671 709.991 734.677 743.318 773.197 775.706
716.132 716.455 719.837 720.211 715.543 715.335 716.205 710.588 712.042 728.892
729.543 739.135 734.226 751.969 736.444 742.716 732.177 721.145 720.423 718.256
718.448 722.004 722.124 722.163 721.814 721.278 708.441 709.685 713.785 717.896
718.643 715.404 712.27 711.236 711.133 711.068 710.788 710.658 710.85 721.146
716.619 709.408 718.594 720.029 775.826 778.796 716.831 715.573 716.152 725.624
726.834 727.708 782.624 779.514 719.926 722.245 721.179 713.502 715.957 715.217
713.717 715.633 725.041 719.081 724.218 722.266 711.129 709.917 721.081 716.532
719.975 720.261 709.081 708.207 777.435 780.869 716.706 714.254 716.877 730.188
730.821 732.043 711.873 719.805 720.556 712.332 709.593 720.909 703.778 707.148
707.497 707.33 742.46 748.889 763.225 701.943 740.684 732.899 716.401 722.952
710.316 719.025 719.398 719.137 721.357 720.612 718.969 720.405 718.191 719.692
711.981 719.657 715.609 708.907 707.366 709.719 710.277 709.222 710.063 776.987
778.881 780.391 785.006 715.527 714.084 712.503 713.745 730.124 731.591 787.381
786.347 707.144 719.735 719.168 716.402 716.793 715.797 715.35 710.532 727.426
728.639 722.571 721.412 706.441 721.96 720.349 720.934 706.683 706.19 705.979
706.384 777.324 780.404 715.002 715.013 715.865 730.432 728.536 729.572 781.048
765.165 724.779 721.344 721.862 716.203 714.733 713.737 716.096 720.229 720.81
720.344 700.895 706.49 706.288 705.385 705.932 706.231 706.653 718.665 719.795
702.507 705.977 719.234 710.583 727.464 705.717 776.932 787.349 787.07 780.34
784.959 716.742 716.848 715.856 715.632 712.568 713.803 730.174 731.634 740.567
732.806 742.41 732.15 719.17 721.404 727.571 725.208 723.028 721.344 719.788
719.75 718.229 721.026 707.514 709.857 719.578 717.457 713.79 712.123 711.322
710.697 710.152 720.749 778.768 782.165 714.327 716.797 717.96 730.136 728.08
728.979 785.078 779.459 717.998 722.367 721.175 715.755 718.275 717.636 717.04
716.559 720.662 714.174 724.764 722.634 713.554 710.295 721.609 716.888 720.411
724.984 710.001 710.062 710.105 709.593 772.916 775.021 716.712 717.596 717.503
726.775 726.198 726.77 720.71 722.057 724.405 727.076 725.12 723.139 720.395
708.261 709.986 709.926 710.266 708.45 706.505 784.955 781.595 739.094 705.352
719.745 708.85 709.639 711.07 709.258 709.572 700.509 738.375 779.564 785.135
781.246 787.464 717.038 717.576 718.206 715.742 707.597 705.926 704.621 713.622
705.109 780.265 787.361 787.106 789.528 789.86 712.31 715.572 716.685 788.871
786.117 699.178 705.522 713.643 731.945 765.25 781.093 699.346 736.576 783.371
716.355 720.482 716.211 713.827 714.88 705.41 700.5 705.064 702.915 705.619
705.951 783.319 736.395 699.104 713.459 731.791 703.257 705.729 706.902 786.142
786.331 788.861 789.833 715.414 716.461 699.394 728.682 789.497 787.315 778.811
780.191 712.376 714.134 715.578 712.481 721.086 709.758 704.082 707.372 705.348
707.822 707.757 787.416 781.143 738.165 700.305 720.055 706.578 708.732 708.285
705.391 709.512 710.147 709.698 705.386 739.023 779.458 782.599 781.502 784.889
715.056 716.521 717.371 715.045 711.405 709.244 709.496 719.086 774.653 777.615
777.686 781.866 716.738 716.925 717.142 717.922 726.537 721.053 710.131 717.617
778.428 786.976 782.271 787.153 718.099 717.171 715.384 716.197 731.982 697.703
707.577 716.887 723.058 717.045 720.405 777.571 785.158 781.277 786.213 717.541
716.271 716.171 717.384 732.408 716.894 709.382 720.27 717.124 716.333 717.522
721.85 707.204 710.416 709.028 709.803 778.366 786.121 782.224 787.132 714.576
713.749 715.509 716.334 731.911 722.062 713.33 719.155 774.916 783.235 777.948
782.074 718.5 717.616 717.994 718.755 727.741 719.357 722.285 786.222 743.292
697.974 743.462 786.284 719.736 716.617 779.348 784.087 783.21 785.504 716.151
716.386 717.196 713.192 721.814 718.884 719.829 719.478 789.309 789.557 786.116
788.633 715.141 713.602 714.408 719.658 721.897 717.551 710.286 707.065 709.618
708.828 716.258 720.941 709.565 717.279 719.548 787.676 788.813 785.143 787.66
714.719 716.213 717.443 719.402 720.81 722.956 707.839 717.118 719.856 788.655
789.551 786.944 789.29 715.228 717.279 718.217 710.085 721.118 717.668 719.559
720.284 785.485 784.256 778.236 779.977 716.992 717.402 716.919 709.77 709.323
709.314 709.007 709.5 709.127 708.298 708.1 710.635 711.119 709.888 710.442
709.888 709.259 709.743 710.332 710.978 706.836 706.812 707.095 707.093 706.916
706.83 707.125 707.127 708.685 709.856 710.766 708.071 709.618 708.736 707.519
702.034 696.287 694.32 694.863 698.996 695.471 695.378 694.901 695.408 695.953
695.591 696.209 687.65 691.61 686.573 689.179 691.093 691.359 686.867 683.287
682.404 682.6 682.574 682.637 682.552 682.23 681.852 682.031 690.84 693.454
690.584 691.745 693.439 695.742 697.956 696.111 696.502 678.316 677.5 676.977
678.467 709.462 708.757 713.975 715.216 714.851 688.377 693.538 694.442 690.479
688.136 701.632 703.209 700.897 699.482 676.064 674.388 674.338 677.22 708.337
700.583 701.907 709.164 699.42 697.564 697.205 698.737 703.753 695.753 695.127
694.466 695.256 695.956 693.355 694.738 697.097 695.367 693.723 693.785 694.933
695.405 690.154 690.085 683.759 683.259 682.75 684.834 684.772 680.116 679.872
673.565 678.189 681.935 710.51 711.788 710.675 705.208 698.915 695.21 692.186
695.071 695.881 695.535 695.127 695.322 697.578 694.946 686.18 682.297 688.648
696.631 696.65 681.995 682.072 681.603 680.168 679.202 682.016 678.357 677.085
683.309 683.044 713.917 715.105 715.96 710.241 710.624 696.378 695.59 688.888
690.461 690.525 701.523 702.891 700.602 699.776 677.524 677.938 678.872 678.247
710.572 711.041 718.191 715.235 710.471 689.216 696.32 695.715 695.511 693.077
709.761 702.767 700.802 703.793 672.853 677.27 673.451 671.197 709.487 708.313
709.379 708.959 700.034 697.343 698.604 701.525 705.766 695 696.408 696.778
696.726 696.824 692.468 690.457 695.259 689.687 695.666 693.981 694.376 694.422
691.471 688.609 683.561 684.635 685.001 685.417 686.792 680.484 682.815 684.429
681.313 710.878 711.26 711.652 715.913 716.325 694.529 688.323 690.136 695.672
697.943 695.897 677.432 674.093 671.914 675.598 715.088 713.427 713.703 710.477
709.604 688.801 693.695 694.246 688.667 688.673 702.416 701.67 699.085 699.47
677.664 677.698 678.384 678.689 707.563 707.343 707.877 709.673 687.221 689.985
694.879 701.498 694.621 692.325 692.748 691.823 692.842 691.622 692.769 693.419
692.879 691.37 691.278 689.156 694.195 689.986 691.773 684.769 689.614 680.231
680.801 681.824 684.266 679.378 682.414 681.915 680.095 680.428 681.761 708.018
708.354 707.803 707.379 699.796 695.262 695.638 699.532 692.652 692.616 693.003
692.791 693.419 692.495 687.837 687.608 684.545 691.364 694.081 681.7 681.221
681.597 681.875 680.197 681.068 681.694 681.341 680.517 680.667 713.496 712.808
713.849 707.738 708.203 693.363 692.957 688.068 688.293 687.115 702.723 700.788
698.371 699.246 674.235 677.386 678.365 674.214 708.482 708.389 713.141 710.822
707.569 687.537 693.48 693.762 693.128 689.977 700.892 695.624 695.879 697.953
675.018 677.806 676.676 675.411 707.205 707.263 707.932 707.898 694.571 692.542
694.703 701.29 699.216 692.939 692.503 692.008 692.85 692.826 692.661 690.054
694.33 689.336 691.519 691.912 693.346 693.258 687.299 689.444 681.158 681.424
681.855 684.187 681.434 680.602 680.232 680.548 680.947 710.627 709.791 707.584
711.064 713.819 694.453 686.974 684.717 703.17 692.39 692.385 691.31 691.622
694.367 688.859 691.288 691.874 699.009 698.276 679.37 680.244 679.695 677.688
682.367 677.731 674.726 681.738 715.212 715.224 716.492 711.042 709.751 688.991
693.822 694.71 688.45 689.268 702.409 700.98 698.691 699.481 677.554 677.664
678.418 678.567 711.798 708.419 709.485 711.385 701.081 696.591 697.421 699.768
695.994 695.472 696.165 696.436 692.353 694.393 694.448 694.08 695.685 689.832
695.434 690.505 695.641 692.342 686.971 688.33 683.123 683.795 684.39 684.137
677.268 682.371 682.683 684.266 684.965 675.428 710.567 710.756 709.113 709.614
705.86 700.124 695.311 693.697 701.166 695.362 695.268 695.639 696.926 695.108
695.811 695.711 686.773 693.512 695.705 691.357 686.649 683.463 682.319 681.854
680.826 680.445 682.667 683.132 682.489 681.26 696.43 695.761 689.234 688.479
689.588 709.563 705.268 701.624 703.658 673.089 675.355 676.16 671.451 712.089
710.978 714.223 712.523 710.96 690.675 696.626 697.775 695.133 692.164 701.745
699.707 698.666 700.123 677.644 676.698 675.121 678.387 705.607 700.958 702.311
710.949 695.751 695.444 697.6 699.152 699.497 696.078 695.831 694.663 695.566
695.573 693.629 695.511 695.024 693.893 693.841 695.452 697.202 695.142 686.836
690.468 682.52 682.767 683.141 685.27 682.505 679.331 673.665 678.467 683.334
709.834 709.637 708.738 711.855 714.917 704.164 699.846 698.142 704.008 695.969
695.404 695.929 696.223 694.5 690.574 690.409 689.501 696.738 702.456 699.558
685.123 684.1 683.857 684.377 680.478 679.98 681.794 682.295 714.113 713.582
712.908 709.162 709.115 693.573 693.612 690.604 690.085 688.507 701.472 700.642
698.5 699.319 676.995 678.675 679.472 678.011 708.577 709.977 710.03 710.887
704.319 692.573 693.728 697.247 694.549 694.51 694.948 694.739 693.558 690.933
687.689 691.668 696.271 692.121 694.361 697.07 680.546 682.059 682.582 681.685
683.037 682.912 678.855 679.122 680.913 682.227 710.119 709.612 703.298 710.706
696.332 694.614 694.886 694.498 694.446 692.024 691.983 694.962 683.342 693.941
691.653 680.051 679.326 681.208 681.235 682.344 680.099 717.346 719.143 717.567
716.055 711.528 706.926 709.61 703.609 687.446 688.859 695.702 695.217 694.895
690.017 688.666 699.597 702.454 696.564 689.258 686.741 685.912 684.047 681.359
679.357 702.366 710.432 712.094 715.547 713.226 714.479 716.699 690.991 689.835
695.885 695.657 690.154 689.198 691.992 679.285 682.312 698.069 699.235 676.571
674.993 726.693 714.013 716.594 723.207 708.102 701.135 690.415 685.983 695.515
695.102 695.147 695.809 695.73 693.59 686.863 679.157 680.852 682.409 683.021
682.587 700.97 711.293 714.095 707.504 715.051 717.348 716.508 717.43 718.633
687.152 689.703 689.307 689.739 689.125 698.597 700.945 677.799 678.571 716.129
715.035 710.981 703.244 709.649 703.273 689.051 691.321 692.333 693.359 689.413
691.137 698.169 698.88 677.712 675.56 677.683 674.742 677.786 696.831 704.7
711.475 716.383 711.024 704.825 718.197 693.1 692.695 691.831 692.07 685.746
688.615 689.466 684.057 683.856 697.523 697.689 677.096 675.654 717.276 703.387
710.007 715.67 703.913 695.842 698.761 689.427 686.647 693.042 692.937 692.354
693.266 693.708 693.116 689.985 683.663 686.935 683.371 683.497 681.533 680.811
681.75 682.22 681.672 709.673 703.193 713.515 717.467 715.152 716.277 718.75
689.596 693.558 689.478 689.264 688.914 675.586 677.715 699.14 701.727 677.6
678.273 717.567 716.663 716.069 707.648 714.23 711.408 689.849 689.762 687.201
690.297 695.997 697.944 673.945 671.755 708.156 711.268 715.307 718.247 723.19
716.621 713.99 726.63 696.049 686.425 690.723 693.342 679.087 700.714 702.637
677.419 673.589 716.92 714.821 713.613 715.802 710.908 703.003 695.808 689.256
690.269 695.361 695.696 695.994 689.815 691.089 697.215 697.227 689.35 683.13
682.939 680.042 680.724 683.581 677.255 678.504 682.148 709.929 707.312 715.122
716.174 717.468 719.027 717.437 688.799 690.177 695.069 695.298 689.005 687.6
688.245 686.218 687.067 700.748 703.136 675.453 675.026 711.639 699.68 707.838
709.093 702.424 695.575 694.967 691.73 691.962 696.182 695.633 695.068 695.506
695.813 679.744 681.599 687.237 691.555 691.401 689.597 686.98 683.771 683.719
683.051 681.961 682.543 708.192 706.025 710.183 706.368 708.328 705.518 710.011
703.723 704.957 705.117 709.506 707.384 704.047 707.626 708.621 710.038 707.872
701.455 702.504 707.071 709.011 707.767 705.099 709.013 706.573 706.411 707.808
707.146 706.35 702.975 703.201 702.424 706.538 707.44 706.7 706.578 706.486
705.288 707.958 709.167 707.238 702.642 701.586 702.762 708.77 710.343 710.411
702.082 709.8 707.785 694.481 693.066 691.843 693.964 694.178 682.821 682.088
681.535 681.904 682.403 708.657 711.241 712.2 713.136 713.764 712.557 716.597
715.176 691.056 690.544 689.991 697.304 698.516 700.725 677.883 678.8 697.719
696.561 696.259 702.905 704.745 683.531 682.755 682.495 677.187 676.28 695.031
695.152 682.359 683.054 694.676 695.037 694.834 682.809 716.578 718.616 717.148
719.624 721.908 690.69 687.998 688.057 701.13 701.773 705.472 675.095 675.899
693.661 695.237 695.596 695.02 694.973 686.99 714.046 700.204 681.862 682.321
682.174 699.676 696.915 696.505 697.337 695.936 695.935 696.422 696.378 695.432
696.125 688.692 696.095 686.596 687.362 692.657 683.587 684.05 685.287 684.544
684.915 684.117 684.684 684.157 684.745 685.152 682.517 697.313 699.767 699.571
701.206 676.264 675.579 684.981 691.015 690.581 700.282 704.178 703.434 704.342
707.078 679.683 681.328 681.3 673.652 674.769 693.078 692.676 681.344 681.248
693.142 692.775 692.826 681.241 712.901 716.314 714.919 716.171 714.88 688.837
689.359 688.615 699.325 697.907 700.186 677.829 678.978 694.851 692.417 692.876
693.121 692.88 692.57 693.269 688.534 702.91 690.328 681.464 681.432 681.42
689.839 690.952 692.908 684.845 680.805 681.307 681.856 690.509 687.106 700.396
681.272 673.609 674.714 697.449 704.175 702.56 699.624 701.184 676.088 675.425
701.623 696.007 696.492 698.689 697.422 696.986 696.79 696.445 696.117 688.67
696.826 683.498 684.818 686.234 685.088 683.955 684.556 684.734 684.428 684.743
695.698 682.196 710.529 716.623 716.069 721.873 719.619 715.284 718.728 717.285
688.462 690.959 690.75 701.067 700.66 702.864 678.09 679.032 692.832 695.464
694.991 702.813 700.746 682.056 683.412 683.13 677.733 679.174 697.938 696.883
683.589 683.105 680.094 696.54 694.805 695.555 682.857 679.176 677.322 677.625
678.024 716.983 715.599 712.092 714.681 713.476 690.637 690.971 691.853 697.614
696.707 698.404 678.185 677.371 694.345 694.125 696.641 695.42 694.621 694.677
696.319 690.024 686.331 682.931 682.419 682.862 683.041 683.089 683.337 685.929
689.665 709.267 715.152 687.121 689.779 695.38 694.664 685.319 683.687 690.792
687.469 678.975 677.135 700.431 702.708 676.953 678.829 718.609 717.887 685.594
688.112 689.082 690.476 690.75 702.577 717.275 715.766 689.943 686.617 685.693
686.942 694.402 692.894 692.485 687.31 685.569 680.305 679.917 692.109 704.977
678.355 675.695 686.961 675.461 678.298 680.093 679.511 717.399 715.881 686.829
690.623 690.119 685.905 694.47 704.452 703.497 707.174 718.738 718.035 690.832
688.175 689.112 685.568 699.694 695.144 695.148 687.29 700.058 713.834 678.801
676.88 687.431 690.886 695.087 695.191 678.005 679.589 709.39 715.205 689.92
687.296 683.984 685.594 704.765 702.8 676.12 676.32 709.102 709.08 708.105
709.93 709.762 709.602 706.362 706.22 705.399 706.455 703.911 705.104 703.9
704.918 702.223 702.82 703.966 709.591 707.032 704.749 710.829 706.15 702.09
704.1 702.936 704.777 705.225 706.006 705.333 702.734 701.044 699.47 703.324
708.321 701.876 704.795 709.293 704.098 703.307 702.64 699.179 697.688 701.89
700.574 703.397 704.097 701.276 704.65 705.009 703.033 702.172 705.913 703.134
705.674 704.704 707.03 706.162 706.256 707.501 703.803 702.723 702.504 703.315
701.25 703.825 704.783 701.107 703.476 703.995 705.034 704.552 704.872 707.338
703.096 704.059 707.833 706.392 704.243 704.817 707.961 709.172 705.83 703.257
703.186 705.166 706.059 702.288 703.439 703.518 700.682 701.369 704.21 699.276
697.761 704.454 707.74 708.109 709.672 708.747 703.417 703.236 701.498 705.051
704.322 702.245 705.592 705.917 708.759 706.736 710.472 708.66 706.713 705.041
705.871 710.005 705.353 706.554 707.302 706.163 706.693 706.926 708.748 709.587
710.699 710.375 710.101 708.955 709.492 710.091 709.468 710.274 710.7 707.847
706.947 706.942 706.695 706.574 711.178 710.48 710.436 710.043 709.54 704.178
705.599 706.366 705.426 705.343 710.336 707.351 704.951 706.4 704.065 703.653
704.911 704.836 705.995 705.973 705.92 704.973 707.027 709.606 708.809 709.551
707.624 702.334 699.401 699.267 700.445 679.079 678.26 693.304 689.909 692.082
682.22 681.161 681.998 704.535 704.525 706.955 677.034 675.891 691.564 693.492
681.147 681.772 693.414 691.759 692.205 681.525 681.148 681.305 702.369 702.434
704.198 678.176 677.029 690.833 686.622 691.621 689.903 681.063 680.362 681.381
681.083 688.291 680.429 695.651 696.393 684.042 684.487 708.079 704.382 706.781
677.246 676.097 696.886 696.5 695.976 683.371 683.674 683.215 702.064 699.448
700.495 678.083 678.921 679.628 678.273 692.831 693.438 682.494 682.841 684.26
684.714 693.145 692.522 682.326 681.968 714.946 713.838 690.578 691.12 691.9
691.344 702.186 696.105 696.535 695.667 695.879 683.381 683.044 682.92 682.345
694.186 682.354 721.069 718.988 691.528 688.872 689.883 688.69 708.304 695.008
682.036 696.316 695.571 684.707 684.276 688.453 680.428 692.867 687.655 690.523
692.191 681.384 680.342 680.927 681.482 718.372 716.714 689.788 688.542 689.668
690.489 701.683 691.948 692.618 692.832 681.793 681.622 681.565 691.595 693.564
695.11 681.137 681.767 682.058 721.109 719.05 689.163 689.256 690.275 691.771
704.456 690.649 693.741 692.559 694.53 681.636 682.608 682.383 682.65 696.107
682.663 715.637 714.569 691.429 691.121 691.89 690.31 699.66 679.013 704.663
705.471 705.874 706.562 706.308 705.6 704.215 705.001 703.664 704.576 704.295
705.299 701.435 701.455 704.428 705.425 705.213 699.945 703.83 704.134 705.04
706.514 707.218 708.388 676.005 679.776 679.889 676.192 678.593 676.851 681.835
682.107 683.563 684.368 677.649 679.065 683.2 683.206 682.861 681.577 676.354
678.122 684.368 683.596 677.401 677.539 682.544 677.135 677.539 682.959 679.594
682.48 681.823 682.091 675.473 677.761 681.781 678.29 675.886 681.869 682.265
681.998 677.058 679.506 682.351 682.806 677.307 677.454 682.425 676.242 677.433
683.527 678 684.265 681.525 682.865 683.249 683.213 684.396 683.594 682.074
681.974 681.247 682.427 682.875 681.815 675.396 674.767 674.923 675.743 677.544
682.656 675.009 682.798 681.584 676.501 676.775 681.405 677.04 681.57 682.674
675.922 675.253 682.713 677.674 674.838 681.163 678.117 677.608 677.283 651.08
651.066 649.88 648.528 652.232 651.841 653.147 649.195 651.051 653.374 654.289
649.631 648.222 653.516 649.957 650.689 653.225 643.913 642.177 640.931 654.36
656.512 654.892 661.421 645.313 639.116 654.083 668.453 664.219 663.492 666.602
631.015 635.832 643.821 641.124 674.996 667.617 664.472 669.824 658.388 661.349
662.408 658.748 650.578 643.652 642.638 643.457 661.002 659.753 657.993 659.658
643.385 638.892 646.655 652.726 643.418 642.559 643.762 649.759 666.446 665.394
649.375 653.914 656.996 661.785 635.154 638.462 641.03 645.124 661.925 661.234
643.748 644.781 652.293 645.486 651.566 652.939 655.211 652.331 655.206 654.535
657.936 659.856 661.586 656.836 650.929 644.971 650.27 657.062 652.839 658.033
658.339 661.573 669.548 671.698 664.438 665.469 663.747 666.656 664.04 662.269
650.408 638.63 656.468 648.188 655.973 657.53 639.811 645.665 649.06 639.854
649.526 638.502 668.476 669.349 673.263 676.014 670.625 669.344 669.687 668.597
668.735 668.655 669.261 669.714 661.177 667.567 659.021 662.799 665.085 660.299
655.686 653.622 653.392 653.662 654.09 651.586 652.181 652.531 652.656 651.2
664.268 666.881 663.151 664.321 665.935 669.264 670.975 669.092 668.272 660.61
666.789 667.64 662.76 660.057 675.716 677.087 674.821 673.542 673.195 671.228
671.717 675.356 672.402 669.341 668.46 668.047 669.326 669.741 666.327 667.503
670.426 668.985 667.072 667.013 668.157 668.545 662.563 662.783 654.783 653.909
653.434 656.63 656.131 651.466 650.693 651.091 652.319 652.193 669.771 666.732
669.587 668.767 669.327 669.801 669.6 669.185 670.873 668.13 658.55 654.261
660.409 669.637 669.498 653.008 652.668 651.766 650.365 653.273 652.711 652.633
652.763 669.687 669.029 661.404 663.212 663.256 675.676 677.529 674.969 673.619
656.506 658.321 651.555 661.583 669.483 669.297 668.672 665.531 683.666 675.888
673.943 677.639 652.643 658.287 655.763 652.932 673.15 669.618 670.853 674.137
678.916 667.915 668.605 668.946 668.951 669.596 665.449 665.449 670.69 665.284
668.159 667.2 668.177 668.635 665.516 660.973 655.293 655.235 655.82 656.513
659.607 651.924 654.35 654.472 654.201 653.253 670.697 660.717 662.143 670.882
674.7 672.247 656.108 658.799 659.721 654.354 662.93 669.674 670.079 662.808
663.383 679.782 679.04 676.175 676.464 653.531 658.891 659.734 654.284 664.885
666.171 672.345 678.282 673.112 668.413 668.413 667.788 669.451 668.051 668.902
669.651 668.939 667.244 667.085 664.591 669.87 665.98 667.687 659.987 665.531
652.72 653.454 655.417 659.172 651.676 655.182 654.276 652.6 653.765 653.802
672.099 672.513 676.441 676.487 669.018 668.818 668.801 669.22 669.317 668.372
663.582 663.584 659.86 667.037 670.036 655.832 654.76 655.181 656.006 654.883
655.926 654.417 654.448 654.408 653.1 653.197 653.669 655.95 653.463 669.058
668.653 663.17 663.546 662.112 679.292 677.631 674.876 675.57 656.256 655.925
657.568 652.444 653.217 662.378 669.143 669.452 668.676 664.981 677.962 671.854
671.997 674.496 653.304 656.02 655.68 653.632 670.912 668.741 671.876 677.779
675.278 668.52 667.973 667.668 669.125 668.549 668.601 665.643 669.73 664.511
667.09 667.422 669.068 669.236 662.904 665.229 654.507 654.567 655.456 659.061
655.407 653.169 652.378 653.777 654.348 653.313 651.972 653.145 653.981 647.33
658.292 664.627 662.354 682.169 672.865 667.835 668.217 668.15 667.392 669.911
662.772 665.532 667.361 674.892 674.038 651.819 652.899 651.998 649.386 655.106
643.689 653.912 653.843 659.305 653.997 662.892 669.538 670.552 660.557 663.517
679.342 677.471 674.841 676.121 653.242 658.545 659.349 654.068 668.453 671.487
677.762 666.798 667.742 667.365 668.012 668.241 665.181 668.428 668.051 667.043
667.923 665.041 670.505 665.323 670.767 664.21 657.479 660.621 651.126 652.559
653.918 653.377 652.636 645.681 653.334 653.229 646.393 653.992 658.524 666.367
665.133 673.53 678.782 672.972 669.406 667.736 668.389 668.152 668.17 669.221
668.683 659.557 666.611 669.061 665.181 659.077 654.539 652.743 651.996 650.912
652.777 653.435 652.309 652.446 651.382 651.654 651.981 655.615 652.719 669.473
669.038 661.582 660.867 661.782 683.295 679.772 676.028 677.436 658.117 658.612
658.27 651.237 652.365 663.323 669.611 670.793 668.139 664.821 675.647 672.924
671.429 673.597 652.539 656.991 656.448 654.593 670.016 669.479 671.854 675.414
668.963 669.992 669.616 668.268 669.533 669.513 666.448 668.707 668.529 667.361
667.279 669.074 670.439 667.601 658.703 662.847 652.714 652.712 653.546 656.673
653.108 653.208 652.992 651.217 652.481 652.733 650.895 650.041 653.389 654.329
642.113 653.268 669.908 669.58 669.2 669.697 668.12 663.284 662.474 661.031
667.793 675.642 673.072 656.049 654.808 654.376 654.921 651.856 651.469 652.172
652.52 654.23 649.839 667.318 667.123 663.612 663.226 661.293 675.69 674.826
672.5 673.627 653.439 652.516 653.391 649.454 648.497 668.695 668.661 668.828
668.838 666.127 664.353 661.521 667.814 666.289 663.368 668.859 670.165 663.514
658.158 659.805 652.599 653.283 653.726 653.438 652.398 646.534 651.998 652.697
651.156 652.398 651.391 651.209 668.389 667.512 666.331 676.273 670.678 668.226
667.685 667.972 668.368 667.649 668.438 668.266 664.646 666.407 666.095 655.441
657.085 662.211 651.566 652.3 653.616 652.581 652.244 651.655 646.515 651.966
647.017 651.276 671.99 675.556 670.274 669.97 669.55 659.448 661.145 668.973
668.405 662.486 660.778 673.13 676 668.24 661.194 658.567 657.354 655.076
645.52 642.597 647.049 651.806 651.007 650.428 668.613 669.18 663.75 662.453
669.811 669.438 662.916 661.792 664.78 650.456 654.07 671.413 672.864 647.959
653.127 653.085 648.749 645.239 673.806 665.502 666.656 667.705 668.366 662.855
658.148 668.282 668.41 669.024 669.316 666.999 660.132 651.008 651.643 653.092
645.445 640.081 652.931 653.845 651.854 661.259 667.412 662.99 663.876 663.641
675.061 677.765 648.756 644.281 648.217 649.318 650.602 682.428 662.581 667.278
666.577 667.603 663.451 668.35 668.801 663.478 665.613 674.464 675.37 650.856
648.304 649.167 642.345 647.947 653.837 643.423 653.72 646.918 669.405 668.955
669.159 668.83 667.895 668.107 660.837 664.037 664.673 659.23 658.868 673.424
673.507 644.139 648.086 671.209 674.948 668.323 668.643 668.692 664.295 661.228
668.499 667.812 668.761 669.253 668.96 665.606 658.816 662.69 658.226 658.518
655.535 654.914 648.32 644.468 654.35 654.396 655.872 666.349 667.041 663.446
668.723 662.938 663.428 663.372 648.488 650.964 675.776 678.541 642.507 647.063
654.02 649.205 647.845 663.728 667.191 661.069 661.948 672.16 674.598 648.686
650.52 655.819 648.095 644.266 667.469 669.075 658.421 662.985 665.615 650.232
673.683 675.507 639.898 645.31 667.092 669.935 669.367 668.799 669.343 661.941
663.047 669.746 669.946 662.633 663.874 669.493 669.715 660.7 654.51 654.214
650.734 650.538 647.511 644.714 648.37 652.524 652.525 652.89 670.071 670.389
661.448 663.098 668.718 668.768 661.892 660.204 660.697 657.126 658.43 674.626
676.72 646.075 650.897 651.052 647.611 643.188 668.275 668.556 671.251 676.437
674.018 670.23 669.194 669.756 668.97 669.118 666.698 664.974 669.889 669.106
668.904 669.463 667.935 653.656 654.705 660.926 665.705 656.32 656.221 654.759
651.876 651.511 647.038 651.605 653.252 653.033 652.58 650.122 652.935 653.047
652.521 652.475 652.692 663.432 663.089 662.547 670.572 672.241 674.587 648.388
645.176 648.113 676.976 678.632 654.386 652.941 652.658 642.232 647.254 645.131
669.27 652.688 652.618 667.283 664.595 675.671 665.961 669.186 668.977 652.474
663.486 660.57 660.594 675.642 676.191 680.047 645.401 648.835 643.794 657.807
686.033 663.235 664.396 667.8 668.167 658.605 652.713 653.469 652.75 659.037
670.173 662.138 649.696 652.035 648.468 669.12 667.005 677.905 671.663 668.656
667.981 667.639 668.357 668.483 667.621 668.263 666.652 668.155 658.119 657.819
664.437 651.633 651.947 654.701 653.892 654.674 653.181 654.545 653.244 653.726
654.306 653.88 654.491 645.884 653.794 654.31 673.857 676.919 676.495 678.577
643.215 648.256 641.195 654.403 665.018 664.02 667.211 677.316 681.727 680.942
681.839 684.876 651.788 653.204 652.949 647.805 649.236 640.459 665.791 670.017
657.157 662.024 650.91 669.602 654.666 654.694 652.862 669.895 668.218 673.389
668.093 668.987 669.006 654.649 648.348 650.145 649.543 656.849 657.828 664.784
664.22 664.385 663.635 675.875 674.404 677.077 648.787 649.735 649.799 655.814
666.868 671.588 677.782 662.326 667.057 664.805 668.71 668.488 668.146 668.883
662.743 680.387 664.498 654.867 654.601 654.518 645.796 643.156 654.595 656.533
664.314 657.168 665.903 668.297 659.853 653.617 653.351 663.884 660.138 676.881
653.112 640.686 673.728 681.239 679.339 676.325 678.368 650.51 649.133 648.208
667.41 668.124 673.977 670.661 669.405 668.886 668.714 668.369 667.897 666.435
668.708 651.552 654.292 657.697 655.984 653.005 653.569 655.182 654.498 653.898
653.477 653.905 653.974 654.332 653.892 652.031 648.388 659.754 660.871 663.637
663.327 675.556 674.902 677.42 645.229 643.544 648.605 660.039 657.334 659.128
659.809 677.009 674.35 651.834 652.607 652.423 643.851 648.101 646.061 658.699
671.306 673.267 672.459 654.044 653.188 672.109 670.354 669.781 671.255 668.762
669.461 652.911 645.657 651.932 655.213 663.839 663.877 664.596 671 669.745
671.805 648.717 648.607 645.159 654.677 652.03 652.818 653.365 668.562 667.498
667.196 667.894 664.883 667.939 670.155 653.013 653.227 654.286 654.27 653.985
653.489 648.801 644.277 667.109 666.363 667.573 664.511 682.856 671.129 670.265
669.705 669.713 669.344 659.326 662.249 668.57 656.64 654.557 651.57 668.11
663.708 660.045 648.677 648.039 674.288 677.063 648.482 644.37 646.445 666.897
656.505 648.652 648.992 671.316 661.575 659.034 660.329 664.25 664.831 679.686
650.589 664.131 664.276 659.922 658.71 660.137 668.586 668.869 663.714 680.157
665.793 668.613 667.901 669.128 662.372 661.017 653.364 653.986 665.784 681.752
650.374 648.71 645.524 654.581 642.796 667.182 668.077 668.879 661.589 648.136
650.019 652.984 653.366 659.945 664.175 664.23 658.767 668.26 681.24 680.384
684.169 647.724 664.669 658.856 660.139 661.405 676.793 643.234 662.833 685.67
664.076 667.597 666.65 668.039 658.706 656.805 648.203 647.816 670.665 675.984
665.051 667.539 666.269 668.313 669.131 660.257 663.865 669.303 648.444 648.935
669.786 663.061 660.196 654.324 656.315 678.201 676.913 647.847 642.84 639.901
657.187 658.233 656.871 653.578 672.733 672.676 674.189 644.726 648.573 652.354
651.033 652.079 652.352 679.308 679.324 681.855 648.796 644.998 688.026 651.702
652.602 646.406 643.827 654.02 654.882 654.215 654.383 679.403 679.48 681.554
649.809 648.601 653.923 652.609 654.19 653.608 652.922 666.339 667.643 653.185
654.022 687.531 682.597 679.185 681.673 643.467 638.065 644.848 654.081 653.762
653.586 676.451 673.167 674.697 648.825 648.894 653.451 653.69 652.207 653.089
652.82 662.839 663.677 664.538 663.998 676.196 648.314 654.145 653.634 653.49
652.49 652.304 664.497 661.431 662.683 661.446 682.964 638.236 643.709 662.372
664.664 658.925 658.45 664.633 659.256 652.401 652.733 667.865 666.562 654.737
653.895 652.724 654.217 652.87 653.728 653.949 665.365 663.689 664.97 665.618
678.837 649.872 657.94 662.081 664.47 658.635 657.798 661.918 653.944 654.149
654.678 650.965 651.865 652.139 651.69 661.753 661.643 662.895 664.657 679.163
648.563 651.144 652.358 652.099 652.243 652.726 664.813 664.306 665.246 663.351
673.603 644.653 653.872 681.893 680.947 681.566 682.984 682.68 683.526 684.983
681.05 682.485 680.991 687.444 688.844 687.449 683.98 682.133 683.172 686.887
688.149 688.746 690.857 687.535 682.909 682.227 681.267 682.892 684.702 686.372
688.345 688.174 689.569 683.13 682.252 683.043 682.513 688.142 687.345 688.156
686.645 684.298 681.495 681.933 681.95 682.872 686.994 689.332 688.154 687.352
686.278 682.807 681.14 682.826 682.141 690.738 689.085 688.716 686.907 684.857
683.252 682.211 683.923 686.977 675.683 686.999 686.055 684.785 682.816 681.69
677.151 671.731 683.159 685.052 686.502 686.345 689.553 688.485 689.959 690.816
691.049 692.509 690.142 683.252 684.792 688.857 686.219 687.661 690.23 690.549
692.253 689.199 696.645 692.758 695.489 700.851 689.423 680.584 687.785 686.307
683.432 687.484 691.305 689.648 691.159 693.109 690.878 692.718 687.237 680.643
688.047 680.31 686.313 691.745 686.504 694.082 689.899 691.554 686.732 689.724
689.137 690.722 691.858 684.021 678.187 687.799 680.391 687.944 691.096 690.637
692.471 692.896 689.499 691.002 684.632 683.344 686.219 687.684 680.43 687.428
696.411 689.234 700.539 692.578 695.265 688.154 688.861 690.523 692.195 690.209
686.293 687.718 683.368 682.514 689.492 688.161 689.022 690.265 691.682 690.256
688.188 689.695 683.535 683.513 685.195 686.71 680.958 688.054 686.795 694.537
692.149 689.667 688.282 696.781 693.874 693.322 691.441 696.503 693.611 689.543
688.168 694.448 692.086 687.984 686.659 641.713 641.45 653.506 650.134 636.171
633.551 638.658 641.517 656.662 661.282 662.312 643.081 637.384 636.429 638.323
634.86 675.352 657.48 640.054 633.573 639.879 630.903 649.811 669.158 666.872
639.421 629.893 641.953 642.782 643.604 667.465 649.117 637.059 641.363 639.91
629.209 632.493 636.271 637.344 644.018 658.721 662.597 638.706 629.469 664.797
654.273 649.433 667.972 634.643 636.967 659.749 648.847 632.425 625.605 638.274
620.044 625.329 666.12 672.184 637.089 636.139 640.052 630.597 625.684 630.747
630.141 626.233 633.633 636.873 634.713 632.605 627.999 630.953 629.399 626.097
635.402 633.413 625.767 625.41 636.202 625.081 625.896 620.526 657.914 664.603
667.647 664.34 667.138 625.011 628.733 668.214 635.73 628.53 624.685 664.168
625.38 627.891 627.892 625.38 622.733 622.733 619.96 619.96 617.078 617.078
614.112 614.112 611.092 611.093 608.05 608.052 605.021 605.025 602.034 602.033
599.127 599.123 596.323 596.323 593.605 593.606 590.953 590.954 588.351 588.351
585.74 585.741 583.147 583.147 580.292 580.292 577.966 577.966 573.696 573.696
573.995 573.995 563.504 563.505 574.73 574.728 543.83 543.834 582.56 582.552
683.568 683.567 625.379 627.891 622.732 619.959 617.077 614.111 611.09 608.048
605.018 602.035 599.132 596.324 593.603 590.952 588.349 585.739 583.146 580.291
577.966 573.696 573.996 563.505 574.73 543.83 582.559 683.565 625.379 627.891
622.731 619.958 617.076 614.109 611.089 608.046 605.017 602.036 599.134 596.324
593.601 590.95 588.347 585.737 583.144 580.29 577.966 573.696 573.996 563.505
574.73 543.829 582.556 683.562 625.378 627.89 622.73 619.956 617.074 614.108
611.086 608.043 605.014 602.036 599.134 596.322 593.598 590.946 588.344 585.735
583.142 580.289 577.965 573.696 573.996 563.505 574.73 543.829 582.554 683.559
625.377 627.89 622.729 619.955 617.073 614.106 611.083 608.04 605.011 602.032
599.131 596.319 593.594 590.943 588.341 585.732 583.14 580.287 577.964 573.695
573.996 563.504 574.73 543.828 582.55 683.555 625.376 627.889 622.727 619.953
617.07 614.103 611.08 608.036 605.007 602.028 599.128 596.315 593.59 590.938
588.337 585.729 583.138 580.286 577.963 573.695 573.996 563.504 574.729 543.827
582.546 683.55 625.375 627.888 622.726 619.951 617.068 614.1 611.077 608.033
605.002 602.024 599.124 596.311 593.586 590.934 588.333 585.726 583.135 580.283
577.962 573.694 573.996 563.502 574.728 543.824 582.541 683.546 625.374 627.887
622.724 619.95 617.066 614.098 611.074 608.029 604.998 602.02 599.119 596.306
593.581 590.93 588.329 585.722 583.132 580.282 577.96 573.693 573.995 563.501
574.726 543.822 582.537 683.542 625.373 627.887 622.723 619.948 617.064 614.095
611.071 608.026 604.995 602.016 599.115 596.302 593.577 590.926 588.326 585.719
583.13 580.28 577.959 573.692 573.996 563.5 574.725 543.821 582.534 683.539
625.372 627.887 622.722 619.946 617.062 614.092 611.068 608.022 604.992 602.012
599.111 596.298 593.573 590.923 588.323 585.717 583.127 580.278 577.958 573.69
573.994 563.498 574.726 543.821 582.531 683.536 625.371 627.887 622.721 619.945
617.061 614.091 611.065 608.02 604.989 602.01 599.108 596.295 593.57 590.92
588.321 585.715 583.125 580.276 577.956 573.688 573.992 563.497 574.726 543.821
582.529 683.535 625.371 627.887 622.721 619.944 617.059 614.089 611.063 608.017
604.987 602.007 599.105 596.292 593.568 590.918 588.319 585.713 583.124 580.274
577.954 573.687 573.991 563.497 574.727 543.822 582.529 683.534 625.371 627.887
622.72 619.944 617.058 614.088 611.062 608.016 604.985 602.005 599.103 596.29
593.566 590.917 588.318 585.712 583.123 580.273 577.953 573.685 573.99 563.497
574.727 543.823 582.53 683.535 625.372 627.888 622.721 619.944 617.058 614.087
611.06 608.014 604.983 602.003 599.101 596.289 593.566 590.917 588.318 585.712
583.122 580.272 577.952 573.684 573.989 563.495 574.726 543.822 582.532 683.536
625.373 627.889 622.721 619.944 617.058 614.086 611.06 608.014 604.983 602.002
599.099 596.289 593.566 590.917 588.318 585.712 583.122 580.271 577.95 573.682
573.986 563.494 574.724 543.822 582.534 683.539 625.374 627.89 622.722 619.945
617.058 614.087 611.061 608.015 604.985 602.001 599.098 596.29 593.567 590.919
588.319 585.713 583.122 580.271 577.949 573.681 573.984 563.492 574.723 543.822
582.538 683.543 625.375 627.891 622.723 619.946 617.059 614.087 611.061 608.015
604.985 602.002 599.099 596.291 593.569 590.921 588.321 585.714 583.123 580.271
577.948 573.679 573.981 563.491 574.721 543.822 582.542 683.547 625.376 627.892
622.724 619.947 617.06 614.087 611.061 608.015 604.985 602.005 599.103 596.292
593.571 590.923 588.323 585.715 583.123 580.271 577.947 573.678 573.979 563.489
574.719 543.822 582.548 683.552 625.377 627.893 622.725 619.948 617.061 614.088
611.062 608.016 604.987 602.008 599.105 596.294 593.573 590.926 588.326 585.717
583.124 580.271 577.946 573.676 573.976 563.488 574.718 543.822 582.552 683.557
625.378 627.894 622.726 619.949 617.062 614.089 611.063 608.018 604.99 602.011
599.109 596.296 593.575 590.928 588.328 585.719 583.126 580.271 577.945 573.675
573.974 563.487 574.717 543.822 582.557 683.562 625.379 627.895 622.728 619.95
617.063 614.09 611.064 608.019 604.991 602.013 599.111 596.299 593.578 590.93
588.33 585.721 583.127 580.271 577.944 573.674 573.972 563.486 574.715 543.822
582.561 683.567 625.38 627.896 622.729 619.951 617.064 614.091 611.065 608.02
604.992 602.014 599.112 596.3 593.579 590.932 588.332 585.723 583.128 580.272
577.943 573.673 573.97 563.485 574.714 543.822 582.565 683.571 625.381 627.897
622.729 619.951 617.064 614.092 611.065 608.021 604.992 602.014 599.114 596.302
593.582 590.934 588.334 585.724 583.128 580.272 577.943 573.672 573.969 563.485
574.713 543.822 582.567 683.574 625.382 627.898 622.73 619.952 617.065 614.092
611.066 608.021 604.992 602.015 599.116 596.304 593.583 590.935 588.335 585.725
583.129 580.272 577.943 573.672 573.969 563.484 574.713 543.821 582.568 683.576
625.382 627.898 622.73 619.952 617.065 614.092 611.066 608.022 604.993 602.015
599.117 596.305 593.584 590.936 588.335 585.725 583.129 580.272 577.943 573.672
573.968 563.485 574.711 543.825 582.56 683.578 640.166 641.802 641.803 640.166
638.425 638.425 636.573 636.573 634.6 634.6 632.499 632.499 630.264 630.265
640.166 641.802 638.425 636.573 634.6 632.499 630.264 640.166 641.803 638.425
636.573 634.6 632.499 630.264 640.166 641.803 638.426 636.573 634.6 632.499
630.263 640.166 641.803 638.426 636.573 634.6 632.498 630.263 640.166 641.803
638.426 636.573 634.6 632.498 630.263 640.167 641.804 638.426 636.573 634.6
632.498 630.262 640.167 641.804 638.427 636.574 634.6 632.499 630.262 640.168
641.805 638.427 636.574 634.601 632.499 630.262 640.168 641.805 638.428 636.575
634.601 632.499 630.262 640.169 641.806 638.428 636.575 634.601 632.499 630.262
640.169 641.806 638.429 636.576 634.602 632.5 630.263 640.169 641.806 638.429
636.576 634.603 632.501 630.263 640.17 641.806 638.43 636.577 634.604 632.501
630.264 640.17 641.806 638.43 636.578 634.604 632.502 630.265 640.17 641.806
638.43 636.578 634.605 632.503 630.266 640.17 641.806 638.431 636.579 634.606
632.504 630.267 640.17 641.806 638.431 636.579 634.607 632.505 630.268 640.17
641.806 638.431 636.58 634.608 632.506 630.269 640.17 641.806 638.432 636.581
634.609 632.507 630.27 638.432 640.17 636.581 634.609 632.508 630.271 638.432
640.17 636.581 634.61 632.509 630.272 638.432 640.17 636.582 634.61 632.51
630.273 638.432 640.17 636.582 634.61 632.51 630.274 638.432 640.17 636.582
634.611 632.51 630.274 657.929 657.378 657.257 657.85 657.735 657.654 657.264
657.231 656.737 656.72 656.159 656.15 655.529 655.525 654.822 654.819 653.988
653.986 653.042 653.041 652.032 652.032 650.976 650.976 649.869 649.868 648.702
648.702 647.472 647.472 646.172 646.172 644.799 644.799 643.344 643.344 657.937
657.388 657.749 657.266 656.738 656.16 655.53 654.822 653.988 653.042 652.032
650.976 649.869 648.702 647.472 646.172 644.799 643.344 657.908 657.359 657.702
657.257 656.735 656.158 655.529 654.821 653.987 653.041 652.031 650.975 649.868
648.702 647.472 646.172 644.799 643.344 657.888 657.322 657.69 657.25 656.732
656.157 655.529 654.82 653.986 653.04 652.031 650.975 649.868 648.702 647.472
646.173 644.799 643.345 657.945 657.352 657.757 657.273 656.743 656.164 655.533
654.822 653.987 653.04 652.031 650.975 649.868 648.702 647.472 646.173 644.799
643.345 657.946 657.35 657.751 657.275 656.746 656.165 655.533 654.822 653.986
653.039 652.03 650.974 649.867 648.702 647.472 646.173 644.8 643.345 657.884
657.302 657.678 657.247 656.732 656.157 655.529 654.819 653.984 653.038 652.029
650.973 649.867 648.702 647.472 646.173 644.8 643.346 657.984 657.413 657.764
657.284 656.752 656.169 655.535 654.824 653.987 653.039 652.029 650.974 649.867
648.702 647.472 646.173 644.8 643.346 657.995 657.389 657.79 657.29 656.755
656.172 655.538 654.827 653.99 653.041 652.031 650.974 649.867 648.702 647.472
646.174 644.8 643.347 657.979 657.389 657.759 657.289 656.758 656.174 655.54
654.828 653.991 653.042 652.031 650.975 649.868 648.702 647.472 646.174 644.801
643.347 657.91 657.299 657.709 657.271 656.75 656.17 655.538 654.828 653.991
653.043 652.032 650.975 649.868 648.702 647.472 646.174 644.801 643.347 657.957
657.295 657.776 657.293 656.76 656.176 655.542 654.831 653.994 653.044 652.033
650.976 649.868 648.702 647.472 646.174 644.801 643.347 657.966 657.298 657.784
657.297 656.762 656.177 655.543 654.831 653.994 653.045 652.033 650.976 649.868
648.702 647.472 646.174 644.801 643.347 657.936 657.309 657.732 657.283 656.756
656.173 655.54 654.829 653.992 653.043 652.032 650.975 649.867 648.701 647.472
646.173 644.801 643.347 658.035 657.428 657.801 657.312 656.769 656.18 655.543
654.83 653.992 653.043 652.031 650.974 649.866 648.7 647.471 646.173 644.8
643.347 658.067 657.437 657.846 657.32 656.771 656.181 655.543 654.829 653.991
653.042 652.03 650.973 649.865 648.699 647.47 646.172 644.8 643.347 658.072
657.482 657.831 657.321 656.771 656.179 655.541 654.826 653.987 653.039 652.028
650.971 649.864 648.698 647.469 646.172 644.799 643.347 657.988 657.402 657.754
657.289 656.755 656.169 655.534 654.821 653.984 653.037 652.026 650.97 649.863
648.698 647.469 646.171 644.799 643.346 658.057 657.457 657.835 657.323 656.772
656.179 655.54 654.825 653.987 653.038 652.027 650.97 649.862 648.697 647.468
646.17 644.798 643.346 658.063 657.47 657.846 657.324 656.771 656.178 655.54
654.826 653.987 653.038 652.027 650.97 649.862 648.697 647.468 646.17 644.798
643.346 658.009 657.456 657.78 657.305 656.762 656.173 655.536 654.823 653.987
653.038 652.026 650.969 649.862 648.696 647.467 646.169 644.798 643.345 641.805
658.03 657.527 657.791 657.313 656.767 656.175 655.538 654.824 653.987 653.038
652.026 650.969 649.861 648.696 647.467 646.169 644.797 643.345 641.805 658.067
657.584 657.842 657.325 656.771 656.177 655.539 654.826 653.988 653.039 652.026
650.969 649.861 648.696 647.467 646.169 644.797 643.345 641.805 658.058 657.582
657.825 657.322 656.769 656.176 655.538 654.824 653.987 653.038 652.026 650.968
649.861 648.695 647.466 646.169 644.797 643.345 641.805 657.968 657.455 657.732
657.283 656.751 656.166 655.532 654.821 653.985 653.037 652.025 650.968 649.861
648.696 647.467 646.169 644.797 643.345 641.805 628.753 629.682 630.959 631.427
629.992 630.018 633.618 631.813 627.907 646.488 635.839 637.272 639.126 647.469
651.063 651.425 653.716 653.727 655.352 655.234 656.33 656.179 656.935 656.81
621.879 619.585 614.538 618.029 647.22 633.57 634.016 651.638 653.907 655.444
656.401 656.971 622.03 622.297 625.358 629.648 620.412 615.229 646.159 638.876
636.518 651.148 653.632 655.249 656.258 656.889 631.349 630.288 629.215 630.907
632.921 640.344 634.819 624.863 628.503 625.766 633.873 647.264 651.415 653.644
655.202 656.209 656.844 628.544 627.868 628.582 629.846 631.983 616.706 626.895
649.027 637.543 640.824 652.466 654.047 655.385 656.329 656.913 620.882 621.575
619.303 617.601 648.083 638.263 636.643 651.723 653.703 655.26 656.277 656.89
610.748 619.178 627.619 632.785 628.613 617.817 648.369 641.369 639.77 651.009
653.153 654.983 656.13 656.805 629.572 628.368 628.82 629.898 632.44 635.042
634.595 629.74 629.922 647.555 640.726 639.724 651.011 653.264 655.087 656.251
656.933 618.499 632.803 630.414 619.372 613.554 648.241 638.337 639.055 651.661
653.562 655.161 656.263 656.923 619.969 629.243 631.336 612.761 617.89 646.858
639.788 639.925 650.96 653.333 655.051 656.181 656.884 630.99 630.767 632.07
634.848 631.808 640.797 635.297 628.667 631.187 625.952 633.453 647.404 651.127
653.374 655.033 656.106 656.783 632.999 633.014 633.636 633.661 633.974 629.537
630.863 647.588 638.267 640.517 651.151 653.38 655.072 656.149 656.801 624.121
624.384 621.25 615.003 647.598 638.254 637.221 651.149 653.38 655.073 656.152
656.803 614.724 623.754 630.332 633.918 629.498 619.49 647.332 640.792 640.49
651.041 653.32 655.006 656.1 656.787 632.975 632.603 632.191 634.886 633.662
639.681 633.58 626.389 631.329 628.585 635.347 646.602 650.74 653.199 654.986
656.168 656.904 631.435 631.071 631.209 632.216 631.583 613.735 619.912 647.93
638.281 639.817 651.404 653.39 655.073 656.242 656.946 620.775 629.584 630.815
620.176 622.694 647.38 640.653 639.039 650.865 653.161 655.045 656.267 656.984
627.825 628.377 626.853 626.793 633.062 634.613 629.844 627.667 619.214 648.313
641.316 639.656 650.979 653.151 655.015 656.194 656.89 628.591 628.952 630.26
632.237 629.368 629.816 634.997 632.744 628.557 648.129 638.348 639.746 651.753
653.76 655.336 656.365 656.988 619.347 617.668 614.846 610.992 649.075 637.611
636.8 652.534 654.136 655.486 656.436 657.025 618.412 621.471 627.155 632.118
617.305 611.545 647.337 640.275 640.793 651.593 653.817 655.357 656.353 656.983
628.529 627.938 628.982 630.699 629.802 638.766 633.27 625.071 628.233 624.927
634.782 646.474 651.513 653.958 655.518 656.48 657.081 630.855 630.464 631.921
632.463 628.861 618.526 627.907 647.599 633.309 636.455 652.07 654.326 655.798
656.686 657.206 620.54 620.368 619.529 620.033 646.813 635.451 633.537 651.504
654.147 655.711 656.618 657.174 629.33 630.648 629.866 628.796 616.411 620.647
626.532 631.08 627.276 624.74 647.815 639.004 636.903 651.892 654.152 655.567
656.442 657.033 629.285 627.853 629.675 630.051 627.916 629.07 628.588 616.615
626.287 625.641 614.834 622.059 631.042 632.457 629.886 628.888 628.963 626.207
628.111 616.589 609.473 610.773 613.23 607.786 630.616 629.271 628.829 628.722
612.25 615.458 619.156 621.288 621.949 617.361 630.785 630.615 630.703 614.786
619.136 631.474 632.877 611.229 616.782 619.582 616.768 611.016 632.96 633.632
632.755 631.415 630.865 615.695 631.171 620.008 618.271 618.773 622.071 616.175
613.207 614.511 628.629 608.06 613.352 617.949 610.29 617.441 627.907 628.608
628.186 626.433 627.158 627.972 629.254 620.019 612.368 612.864 625.69 615.177
630.097 632.074 631.579 630.01 628.752 629.591 627.549 627.37 612.544 622.252
621.422 624.341 623.719 622.014 624.67 627.923 626.948 627.205 627.376 626.137
626.839 619.653 615.33 614.58 625.539 625.717 617.44 623.783 629.338 628.759
628.278 628.816 626.677 626.711 628.295 627.753 626.621 627.384 632.678 632.425
632.358 632.706 631.886 630.553 621.529 621.067 620.841 629.94 629.063 624.07
628.837 632.313 632.716 631.825 631.807 631.787 631.599 631.217 630.974 626.867
629.903 628.827 628.404 628.911 627.719 615.589 620.38 619.956 625.696 623.948
622.002 625.974 629.749 629.071 629.979 631.241 628.43 624.109 620.349 610.218
612.3 623.115 623.345 617.938 622.681 626.977 627.652 633.166 631.731 627.78
627.198 618.938 631.832 630.618 629.764 629.225 613.741 618.26 610 630.508
630.534 631.798 631.749 631.668 630.462 632.335 611.082 619.085 628.445 628.979
628.053 614.354 627.463 627.284 627.049 626.286 617.079 619.025 619.033 619.312
618.417 624.601 622.746 626.021 627.182 619.55 618.755 617.225 616.933 619.568
618.604 627.05 625.831 622.099 618.969 617.543 634.574 633.389 627.378 630.57
629.17 630.231 628.648 634.094 634.318 634.383 634.169 629.11 630.667 628.848
630.547 627.47 632.799 634.086 628.943 630.66 632.609 630.811 627.8 625.079
625.326 627.953 630.859 632.116 624.456 627.457 631.707 629.428 629.633 631.823
627.139 624.655 631.447 
alpha.water 1 7164 float
0.999731 1 1 1 0.999845 1 1 1 1 1 1
1 1 1 1 1 1 1 1 1 1
1 1 1 1 1 1 1 1 1 1
1 1 1 1 1 1 1 1 1 1
1 1 1 1 1 1 1 1 1 1
1 1 1 1 1 1 1 1 1 1
1 1 1 1 1 0.999409 1 0.999659 1 1
1 1 1 1 1 1 1 1 1 1
1 1 1 1 1 1 1 1 1 1
1 1 1 1 1 1 1 0.999396 1 0.999652
1 1 1 1 1 1 1 1 1 1
1 1 1 1 1 1 1 1 1 1
1 1 1 1 1 1 1 1 1 1
1 0.999448 1 0.999683 1 1 1 1 1 1
1 1 1 1 1 1 1 1 1 1
1 1 1 1 1 1 1 1 1 1
1 1 1 1 1 1 1 1 1 1
1 1 1 1 1 1 1 1 1 1
1 1 0.999459 1 0.99969 1 1 1 1 1
1 1 1 1 1 1 1 1 1 1
1 1 1 1 1 1 1 1 1 1
1 1 1 1 1 1 1 1 1 1
1 1 1 1 0.999452 1 0.999686 1 1 1
1 1 1 1 1 1 1 1 1 1
1 1 1 1 1 1 1 1 1 1
1 1 1 1 1 1 1 1 0.999441 1
0.999681 1 1 1 1 1 1 1 1 1
1 1 1 1 1 1 1 1 1 1
1 1 1 1 1 1 1 1 1 1
1 1 0.999433 1 0.999676 1 1 1 1 1
1 1 1 1 1 1 1 1 1 1
1 1 1 1 1 1 1 1 1 1
1 1 1 1 1 1 1 1 1 1
1 1 1 1 1 1 1 1 1 0.999428
1 0.999673 1 1 1 1 1 1 1 1
1 1 1 1 1 1 1 1 1 1
1 1 1 1 1 1 1 1 1 1
1 0.999425 1 0.999672 1 1 1 1 1 1
1 1 1 1 1 1 1 1 1 1
1 1 1 1 1 1 1 1 1 1
1 1 1 1 1 0.999424 1 0.999671 1 1
1 1 1 1 1 1 1 1 1 1
1 1 1 1 1 1 1 1 1 1
1 1 1 1 1 1 1 1 1 1
1 1 1 1 1 1 1 1 1 1
1 1 1 1 1 1 0.999423 1 0.999671 1
1 1 1 1 1 1 1 1 1 1
1 1 1 1 1 1 1 1 1 1
1 1 1 1 1 1 1 1 1 1
1 1 1 1 1 1 1 1 1 1
0.999423 1 0.999671 1 1 1 1 1 1 1
1 1 1 1 1 1 1 1 1 1
1 1 1 1 1 1 1 1 1 1
1 1 1 1 0.999423 1 0.999671 1 1 1
1 1 1 1 1 1 1 1 1 1
1 1 1 1 1 1 1 1 1 1
1 1 1 1 1 1 1 1 0.999424 1
0.999671 1 1 1 1 1 1 1 1 1
1 1 1 1 1 1 1 1 1 1
1 1 1 1 1 1 1 1 1 1
1 1 1 1 1 1 1 1 1 1
1 1 1 1 1 1 1 1 0.999426 1
0.999673 1 1 1 1 1 1 1 1 1
1 1 1 1 1 1 1 1 1 1
1 1 1 1 1 1 1 1 1 1
1 1 1 1 1 1 1 1 1 1
0.999431 1 0.999675 1 1 1 1 1 1 1
1 1 1 1 1 1 1 1 1 1
1 1 1 1 1 1 1 1 1 1
1 1 1 1 0.999439 1 0.999679 1 1 1
1 1 1 1 1 1 1 1 1 1
1 1 1 1 1 1 1 1 1 1
1 1 1 1 1 1 1 1 1 1
1 1 1 1 1 1 1 1 1 1
0.999449 1 0.999685 1 1 1 1 1 1 1
1 1 1 1 1 1 1 1 1 1
1 1 1 1 1 1 1 1 1 1
1 1 1 1 1 1 1 1 1 1
1 1 1 1 1 1 1 0.999456 1 0.999688
1 1 1 1 1 1 1 1 1 1
1 1 1 1 1 1 1 1 1 1
1 1 1 1 1 1 1 1 1 0.999445
1 0.999681 1 1 1 1 1 1 1 1
1 1 1 1 1 1 1 1 1 1
1 1 1 1 1 1 1 1 1 1
1 1 1 0.999392 1 0.99965 1 1 1 1
1 1 1 1 1 1 1 1 1 1
1 1 1 1 1 1 1 1 1 1
1 1 1 1 1 1 1 1 1 1
1 1 1 1 1 1 1 1 1 1
1 1 1 1 0.999405 1 0.999657 1 1 1
1 1 1 1 1 1 1 1 1 1
1 1 1 1 1 1 1 1 1 1
1 1 1 1 1 1 1 1 1 1
1 1 1 1 1 1 0.999729 1 0.999844 1
1 1 1 1 1 1 1 1 1 1
1 1 1 1 1 1 1 1 1 1
1 1 1 1 1 1 1 1 1 1
1 1 1 1 1 1 1 1 1 1
1 1 1 1 1 1 1 1 1 1
1 1 1 1 1 1 1 1 1 1
1 1 1 1 1 1 1 1 1 1
1 1 1 1 1 1 1 1 1 1
1 1 1 1 1 1 1 1 1 1
1 1 1 1 1 1 1 1 1 1
1 1 1 1 1 1 1 1 1 1
1 1 1 1 1 1 1 1 1 1
1 1 1 1 1 1 1 1 1 1
1 1 1 1 1 1 1 1 1 1
1 1 1 1 1 1 1 1 1 1
1 1 1 1 1 1 1 1 1 1
1 1 1 1 1 1 1 1 1 1
1 1 1 1 1 1 1 1 1 1
1 1 1 1 1 1 1 1 1 1
1 1 1 1 1 1 1 1 1 1
1 1 1 1 1 1 1 1 1 1
1 1 1 1 1 1 1 1 1 1
1 1 1 1 1 1 1 1 1 1
1 1 1 1 1 1 1 1 1 1
1 1 1 1 1 1 1 1 1 1
1 1 1 1 1 1 1 1 1 1
1 1 1 1 1 1 1 1 1 1
1 1 1 1 1 1 1 1 1 1
1 1 1 1 1 1 1 1 1 1
1 1 1 1 1 1 1 1 1 1
1 1 1 1 1 1 1 1 1 1
1 1 1 1 1 1 1 1 1 1
1 1 1 1 1 1 1 1 1 1
1 1 1 1 1 1 1 1 1 1
1 1 1 1 1 1 1 1 1 1
1 1 1 1 1 1 1 1 1 1
1 1 1 1 1 1 1 1 1 1
1 1 1 1 1 1 1 1 1 1
1 1 1 1 1 1 1 1 1 1
1 1 1 1 1 1 1 1 1 1
1 1 1 1 1 1 1 1 1 1
1 1 1 1 1 1 1 1 1 1
1 1 1 1 1 1 1 1 1 1
1 1 1 1 1 1 1 1 1 1
1 1 1 1 1 1 1 1 1 1
1 1 1 1 1 1 1 1 1 1
1 1 1 1 1 1 1 1 1 1
1 1 1 1 1 1 1 1 1 1
1 1 1 1 1 1 1 1 1 1
1 1 1 1 1 1 1 1 1 1
1 1 1 1 1 1 1 1 1 1
1 1 1 1 1 1 1 1 1 1
1 1 1 1 1 1 1 1 1 1
1 1 1 1 1 1 1 1 1 1
1 1 1 1 1 1 1 1 1 1
1 1 1 1 1 1 1 1 1 1
1 1 1 1 1 1 1 1 1 1
1 1 1 1 1 1 1 1 1 1
1 1 1 1 1 1 1 1 1 1
1 1 1 1 1 1 1 1 1 1
1 1 1 1 1 1 1 1 1 1
1 1 1 1 1 1 1 1 1 1
1 1 1 1 1 1 1 1 1 1
1 1 1 1 1 1 1 1 1 1
1 1 1 1 1 1 1 1 1 1
1 1 1 1 1 1 1 1 1 1
1 1 1 1 1 1 1 1 1 1
1 1 1 1 1 1 1 1 1 1
1 1 1 1 1 1 1 1 1 1
1 1 1 1 1 1 1 1 1 1
1 1 1 1 1 1 1 1 1 1
1 1 1 1 1 1 1 1 1 1
1 1 1 1 1 1 1 1 1 1
1 1 1 1 1 1 1 1 1 1
1 1 1 1 1 1 1 1 1 1
1 1 1 1 1 1 1 1 1 1
1 1 1 1 1 1 1 1 1 1
1 1 1 1 1 1 1 1 1 1
1 1 1 1 1 1 1 1 1 1
1 1 1 1 1 1 1 1 1 1
1 1 1 1 1 1 1 1 1 1
1 1 1 1 1 1 1 1 1 1
1 1 1 1 1 1 1 1 1 1
1 1 1 1 1 1 1 1 1 1
1 1 1 1 1 1 1 1 1 1
1 1 1 1 1 1 1 1 1 1
1 1 1 1 1 1 1 1 1 1
1 1 1 1 1 1 1 1 1 1
1 1 1 1 1 1 1 1 1 1
1 1 1 1 1 1 1 1 1 1
1 1 1 1 1 1 1 1 1 1
1 1 1 1 1 1 1 1 1 1
1 1 1 1 1 1 1 1 1 1
1 1 1 1 1 1 1 1 1 1
1 1 1 1 1 1 1 1 1 1
1 1 1 1 1 1 1 1 1 1
1 1 1 1 1 1 1 1 1 1
1 1 1 1 1 1 1 1 1 1
1 1 1 1 0.999996 0.999997 0.999992 0.999992 1 1
1 1 1 1 1 1 1 1 1 1
1 1 1 1 1 1 1 1 1 1
1 1 1 1 1 1 1 1 1 1
1 1 1 1 1 1 1 1 1 1
1 1 1 1 1 1 1 1 1 1
1 1 1 1 1 1 1 1 1 1
1 1 1 1 1 1 1 1 1 1
1 1 1 1 1 1 1 1 1 1
1 1 1 1 1 1 1 1 1 1
1 1 1 1 1 1 1 1 1 1
1 1 1 1 1 1 1 1 1 1
1 1 1 1 1 1 1 1 1 1
1 1 1 1 1 1 1 1 1 1
1 1 1 1 1 1 1 1 1 1
1 1 1 1 1 1 1 1 1 1
1 1 1 1 1 1 1 1 1 1
1 1 1 1 1 1 1 1 1 1
1 1 1 1 1 1 1 1 1 1
1 1 1 1 1 1 1 1 1 1
1 1 1 1 1 1 1 1 1 1
1 1 1 1 1 1 1 1 1 1
1 1 1 1 1 1 1 1 1 1
1 1 1 1 1 1 1 1 1 1
1 1 1 1 1 1 1 1 1 1
1 1 1 1 1 1 1 1 1 1
1 1 1 1 1 1 1 1 1 1
1 1 1 1 1 1 1 1 1 1
1 1 1 1 1 1 1 1 1 1
1 1 1 1 1 1 1 1 1 1
1 1 1 1 1 1 1 1 1 1
1 1 1 1 1 1 1 1 1 1
1 1 1 1 1 1 1 1 1 1
1 1 1 1 1 1 1 1 1 1
1 1 1 0.999999 0.999999 1 0.999999 1 1 1
1 1 1 1 1 1 1 1 1 1
1 1 1 1 1 1 1 1 1 1
1 1 1 1 1 1 1 1 1 1
1 1 1 1 1 1 1 1 1 1
1 1 1 1 1 1 1 1 1 1
1 1 1 1 1 1 1 1 1 1
1 1 1 1 1 1 1 1 1 1
1 1 1 1 1 1 1 1 1 1
1 1 1 1 1 1 1 1 1 1
1 1 1 1 1 1 1 1 1 1
1 1 1 1 1 1 1 1 1 1
1 1 1 1 1 1 1 1 1 1
1 1 1 1 1 1 1 1 1 1
1 1 1 1 1 1 1 1 1 1
1 1 1 1 1 1 1 1 1 1
1 1 1 1 1 1 1 1 1 1
1 1 1 1 1 1 1 1 1 1
1 1 1 1 1 1 1 1 1 1
1 1 1 1 1 1 1 1 1 1
1 1 1 1 1 1 1 1 1 1
1 1 1 1 1 1 1 1 1 1
1 1 1 1 1 1 1 1 1 1
1 1 1 1 1 1 1 1 1 1
1 1 1 1 1 1 1 1 1 1
1 1 1 1 1 1 1 1 1 1
1 1 1 1 1 1 1 1 1 1
1 1 1 1 1 1 1 1 1 1
1 1 1 1 1 1 1 1 1 1
1 1 1 1 1 1 1 1 1 1
1 1 1 1 1 1 1 1 1 1
1 1 1 1 1 1 1 1 1 1
1 1 1 1 1 1 1 1 1 1
1 1 1 1 1 1 1 1 1 1
1 1 1 1 1 1 1 1 1 1
1 1 1 1 1 1 1 1 1 1
1 1 1 1 1 1 1 1 1 1
1 1 1 1 1 1 1 1 1 1
1 1 1 1 1 1 1 1 1 1
1 1 1 1 1 1 1 1 1 1
1 1 1 1 1 1 1 1 1 1
1 1 1 1 1 1 1 1 1 1
1 1 1 1 1 1 1 1 1 1
1 1 1 1 1 1 1 1 1 1
1 1 1 1 1 1 1 1 1 1
1 1 1 1 1 1 1 1 1 1
1 1 1 1 1 1 1 1 1 1
1 1 1 1 1 1 1 1 1 1
1 1 1 1 1 1 1 1 1 1
1 1 1 1 1 1 1 1 1 1
1 1 1 1 1 1 1 1 1 1
1 1 1 1 1 1 1 1 1 1
1 1 1 1 1 1 1 1 1 1
1 1 1 1 1 1 1 1 1 1
1 1 1 1 1 1 1 1 1 1
1 1 1 1 1 1 1 1 1 1
1 1 1 1 1 1 1 1 1 1
1 1 1 1 1 1 1 1 1 1
1 1 1 1 1 1 1 1 1 1
1 1 1 1 1 1 1 1 1 1
1 1 1 1 1 1 1 1 1 1
1 1 1 1 1 1 1 1 1 1
1 1 1 1 1 1 1 1 1 1
1 1 1 1 1 1 1 1 1 1
1 1 1 1 1 1 1 1 1 1
1 1 1 1 1 1 0.999999 1 1 1
1 1 1 1 1 1 0.999999 0.999999 1 1
1 1 1 1 1 1 1 1 1 1
1 1 1 1 1 1 1 1 1 1
1 1 1 1 1 1 1 1 1 1
1 1 1 1 1 1 1 1 1 1
1 1 1 1 1 1 1 1 1 1
1 1 1 1 1 1 1 1 1 1
1 1 1 1 1 1 1 1 1 1
1 1 1 1 1 1 1 1 1 1
1 1 1 1 1 1 1 1 1 1
1 1 1 1 1 1 1 1 1 1
1 1 1 1 1 1 1 1 1 1
1 1 1 1 1 1 1 1 1 1
1 1 1 1 1 1 1 1 1 1
1 1 1 1 1 1 1 1 1 1
1 1 1 1 1 1 1 1 1 1
1 1 1 1 1 1 1 1 1 1
1 1 1 1 1 1 1 1 1 1
1 1 1 1 1 1 1 1 1 1
1 1 1 1 1 1 1 1 1 1
1 1 1 1 1 1 1 1 1 1
1 1 1 1 1 1 1 1 1 1
1 1 1 1 1 1 1 1 1 1
1 1 1 1 1 1 1 1 1 1
1 1 1 1 1 1 1 1 1 1
1 1 1 1 1 1 1 1 1 1
1 1 1 1 1 1 1 1 1 1
1 1 1 1 1 1 1 1 1 1
1 1 1 1 1 1 1 1 1 1
1 1 1 1 1 1 1 1 1 1
1 1 1 1 1 1 1 1 1 1
1 1 1 1 1 1 1 1 1 1
1 1 1 1 1 1 1 1 1 1
1 1 1 1 1 1 1 1 1 1
1 1 1 1 1 1 1 1 1 1
1 1 1 1 1 1 1 1 1 1
1 1 1 1 1 1 1 1 1 1
1 1 1 1 1 1 1 1 1 1
1 1 1 1 1 1 1 1 1 1
1 1 1 1 1 1 1 1 1 1
1 1 1 1 1 1 1 1 1 1
1 1 1 1 1 1 1 1 1 1
1 1 1 1 1 1 1 1 1 1
1 1 1 1 1 1 1 1 1 1
1 1 1 1 1 1 1 1 1 1
1 1 1 1 1 1 1 1 1 1
1 1 1 1 1 1 1 1 1 1
1 1 1 1 1 1 1 1 1 1
1 1 1 1 1 1 1 1 1 1
1 1 1 1 1 1 1 1 1 1
1 1 1 1 1 1 1 1 1 1
1 1 1 1 1 1 1 1 1 1
1 1 1 1 1 1 1 1 1 1
1 1 1 1 1 1 0.999998 0.999999 1 1
1 1 1 1 1 1 1 1 1 1
1 1 1 1 1 1 1 1 1 1
1 1 0.999999 0.999999 1 1 1 1 1 1
1 1 1 1 1 1 1 1 1 1
1 1 1 1 1 1 1 0.999999 1 1
1 1 1 1 1 1 1 1 1 1
1 1 1 1 1 1 0.999997 1 0.999999 0.999999
1 1 1 1 1 1 1 1 1 1
1 1 1 1 1 1 1 1 1 1
1 1 1 1 1 1 0.999999 0.999999 1 1
1 1 1 1 1 1 1 1 1 1
1 1 1 1 1 1 1 0.999979 0.999979 0.999999
1 1 1 1 1 1 0.999981 1 1 0.999983
0.999999 1 1 1 1 1 1 1 1 1
1 1 1 1 1 1 1 1 1 1
1 1 1 1 1 1 1 1 1 1
1 1 1 1 1 1 1 1 1 1
1 1 1 1 1 1 1 1 1 1
1 1 1 1 1 1 1 1 1 1
1 1 1 1 1 1 1 1 1 1
1 1 1 1 1 1 1 1 1 1
1 1 1 1 1 1 1 1 1 1
1 1 1 1 1 1 0.999999 0.99999 1 1
1 1 1 1 1 1 1 1 1 1
1 0.99997 0.99997 1 0.999968 0.999963 1 1 0.99998 0.999987
0.999945 0.999925 0.999979 1 1 1 1 1 0.999999 1
1 1 1 0.999984 1 1 1 1 1 1
1 1 1 1 1 1 1 1 1 1
1 1 1 1 1 1 1 1 1 1
1 1 1 1 1 1 1 1 1 1
1 1 1 1 1 1 1 1 1 1
1 1 1 1 1 1 1 1 1 1
1 1 1 1 1 1 1 1 1 1
1 1 1 1 1 1 1 1 1 1
1 1 1 1 1 1 1 1 1 1
1 1 1 1 1 1 1 1 1 1
1 1 1 1 1 1 1 1 1 1
1 1 1 1 1 1 1 1 1 1
1 1 1 1 1 1 1 1 1 1
1 1 1 1 1 1 1 1 1 1
1 1 1 1 1 1 1 1 1 1
1 1 1 1 1 1 1 1 1 1
1 1 1 1 1 1 1 1 1 1
1 1 1 1 1 1 1 1 1 1
1 1 1 1 1 1 1 1 1 1
1 1 1 1 1 1 1 1 1 1
1 1 1 1 1 1 1 1 1 1
1 1 1 1 1 1 1 1 1 1
1 1 1 1 1 1 1 1 1 1
1 1 1 1 1 1 1 1 1 1
1 1 1 0.999986 1 1 1 1 1 1
1 1 1 1 1 1 1 1 1 1
1 1 1 1 1 1 1 1 1 1
1 1 1 1 1 1 1 1 1 0.999971
0.999948 0.999999 1 1 0.999965 0.99992 0.999867 0.999936 1 0.999992
0.99995 0.999977 0.999998 0.999999 0.999977 0.999999 0.999996 0.999996 1 1
1 0.999985 0.999971 0.999967 0.99999 0.999991 1 1 1 1
1 1 1 1 1 1 1 1 1 1
1 0.999999 1 1 1 1 1 1 1 1
1 1 1 1 1 1 1 1 1 0.999999
1 1 1 1 1 1 1 1 1 1
1 1 1 1 1 1 1 1 1 1
1 1 1 1 1 1 1 1 1 1
1 1 1 1 1 1 1 1 1 1
1 1 1 1 1 1 1 1 1 1
1 1 1 1 1 1 1 1 1 1
1 1 1 1 1 1 1 1 1 1
1 1 1 1 1 1 1 1 1 1
1 1 1 1 1 1 1 1 1 1
1 1 1 1 1 1 1 1 1 1
1 1 1 1 1 1 1 1 1 1
1 1 1 1 1 1 1 1 0.99999 1
1 1 0.999898 0.99994 0.999982 1 1 1 1 1
1 1 1 1 1 1 1 1 1 1
1 1 1 1 1 1 1 1 1 1
1 1 1 1 1 1 1 1 1 1
1 1 1 1 1 1 1 1 1 1
1 1 1 1 1 1 1 1 1 1
1 1 1 1 1 1 1 1 1 1
1 1 1 1 1 1 1 1 1 1
1 1 1 1 1 1 1 1 1 1
1 1 1 1 1 1 1 1 1 1
1 1 1 1 1 1 1 1 1 1
1 1 1 1 1 1 1 1 1 1
1 1 1 1 1 1 1 1 1 1
1 1 0.999991 0.999988 1 1 1 1 1 1
1 1 1 1 1 1 1 1 1 0.999997
1 1 1 0.999998 0.999995 1 1 1 1 1
1 1 1 1 0.999999 1 1 1 1 1
1 1 1 1 1 1 1 1 1 1
1 1 1 1 1 1 1 1 1 1
1 1 1 1 1 1 1 1 1 1
1 1 1 1 1 1 1 1 1 1
1 1 1 1 1 1 1 1 1 1
1 1 1 1 1 1 1 1 1 1
1 1 1 1 1 1 1 1 1 1
1 1 1 1 1 1 1 1 1 1
0.999956 1 1 0.999925 0.999937 0.999926 1 0.999999 1 0.999954
1 1 1 1 1 1 1 1 1 0.999965
0.999983 1 1 1 1 1 1 1 1 1
1 1 1 1 1 1 1 1 1 1
1 1 1 1 1 1 1 1 1 1
1 1 1 1 1 1 1 1 1 1
1 1 1 1 1 1 1 1 1 1
1 1 1 1 1 1 1 1 1 1
1 1 1 1 1 1 1 1 1 1
1 1 1 1 1 1 1 1 1 1
1 1 1 1 1 1 1 1 1 1
1 1 1 1 1 1 1 1 1 1
1 1 1 1 1 1 1 1 1 1
1 1 1 1 1 1 1 1 1 1
1 1 1 1 1 1 1 1 1 1
1 1 1 1 1 1 1 1 1 1
1 1 1 1 1 1 1 1 1 1
1 1 1 1 1 1 1 1 1 1
0.999999 0.999916 0.999975 0.999998 0.999999 1 0.999999 0.999993 0.999947 0.999965
0.999959 1 1 1 1 1 1 1 1 0.999997
1 1 1 1 1 1 1 1 1 1
1 1 1 1 1 1 1 1 1 1
1 1 1 1 1 1 1 1 1 1
1 1 1 1 1 1 1 1 1 1
1 1 1 1 1 1 1 1 1 1
1 1 1 1 1 1 1 1 1 1
0.999849 0.9999 1 1 1 1 1 1 1 1
1 1 1 1 1 1 1 1 1 1
1 1 1 1 1 1 1 1 1 1
1 1 1 1 1 1 1 1 1 1
1 1 1 1 1 1 1 1 1 1
1 1 1 1 1 1 1 1 1 1
1 1 1 1 1 1 1 0.999986 1 1
1 1 1 1 1 1 1 1 1 0.999999
0.999999 1 1 1 1 0.999998 1 1 1 1
1 1 1 1 1 1 1 1 1 1
1 1 1 1 1 1 1 1 1 1
1 1 1 1 0.999926 0.999928 1 1 1 1
1 1 1 1 1 1 1 1 1 1
1 1 1 1 1 1 1 1 1 1
1 0.999999 0.999972 0.999951 0.999972 1 1 1 1 1
1 1 1 1 1 1 1 1 1 1
1 1 1 1 1 1 1 1 1 1
1 1 0.99995 1 1 1 0.99993 1 1 0.999966
0.999939 0.999926 0.999961 0.999959 0.999943 1 1 1 1 1
1 1 1 1 1 1 1 1 1 1
1 1 1 1 1 1 1 1 1 1
1 1 1 1 1 1 1 1 1 1
1 1 1 1 1 1 1 1 1 1
1 1 1 1 1 1 1 1 1 1
1 1 1 1 1 1 1 1 1 1
1 1 1 1 1 1 1 1 1 1
1 1 1 1 1 1 1 1 1 1
1 1 1 1 1 1 1 1 1 1
1 1 1 1 1 1 1 1 0.999995 0.999986
0.999989 0.999999 1 1 1 1 1 1 1 1
1 1 1 1 1 1 1 1 1 1
1 1 1 1 1 1 1 1 1 1
1 1 1 1 1 1 1 1 1 1
1 1 1 1 1 1 1 1 1 1
1 1 1 1 1 1 1 1 1 1
1 1 1 1 1 1 1 1 1 1
1 1 1 1 1 1 1 1 1 1
1 1 1 1 1 0.999999 0.999997 1 1 1
0.999992 0.999999 0.99999 1 1 1 1 1 1 1
1 1 1 1 1 1 1 1 1 1
1 1 1 1 1 1 1 1 1 1
1 1 1 1 1 1 1 1 1 1
1 1 1 1 1 1 1 1 1 1
1 1 1 1 1 1 1 1 1 1
1 1 1 1 1 1 1 1 1 1
1 1 1 1 1 1 1 1 1 1
1 1 1 1 1 1 1 1 1 1
1 1 1 1 1 1 1 1 1 1
1 1 1 1 1 1 1 1 1 1
1 1 1 1 1 1 1 1 1 0.999969
0.999943 1 1 1 1 0.999974 1 1 1 1
0.999998 0.999998 0.999997 0.999997 0.999999 0.999999 0.999995 0.99999 0.999986 0.999979
0.999986 0.999981 0.999995 0.999991 0.999986 0.999973 0.99992 0.99984 0.999735 0.999574
0.999723 0.999554 0.999924 0.999848 1 1 1 1 1 1
1 1 1 1 1 1 1 1 1 1
1 1 1 1 1 1 1 1 1 1
1 1 0.999999 0.999999 1 1 0.999996 0.999995 0.999999 0.999999
0.999999 0.999948 0.999946 1 1 1 1 1 1 1
1 1 1 1 1 1 1 1 1 1
1 1 1 1 0.999997 0.999994 0.999993 0.999995 0.999999 1
1 1 1 1 1 1 1 1 1 1
1 1 1 1 0.999999 0.999999 1 1 1 1
0.999997 0.999994 0.999991 0.999993 0.999999 0.999999 0.999999 0.999999 0.999999 0.999999
1 1 1 1 1 1 1 1 1 1
0.999999 0.999999 1 1 1 1 1 1 0.999997 0.999997
1 1 1 0.999999 0.999999 0.999999 1 1 1 1
1 1 1 1 1 1 1 1 1 1
1 0.999999 0.999999 1 1 1 1 1 1 1
1 1 1 1 1 1 1 1 1 1
1 1 1 1 1 1 0.999999 0.999998 0.999998 0.999999
1 1 1 1 1 1 1 1 1 1
1 1 1 1 1 1 1 1 1 1
1 1 0.999999 0.999998 0.999998 1 1 1 1 1
1 1 1 1 1 1 1 0.999999 0.999999 0.999999
0.999956 0.99995 0.999994 1 1 1 1 1 1 0.999999
0.999999 1 0.999999 0.999999 0.999999 0.999999 0.999999 0.999999 0.999999 0.999999
0.999999 0.999999 0.999999 0.999999 0.999984 0.999943 0.999862 0.999873 0.999971 1
1 1 1 1 1 1 1 0.999999 0.999999 0.999999
0.999999 0.999999 0.999999 0.999999 0.999999 0.999999 0.999999 0.999999 0.999999 0.999999
0.999984 0.999944 0.999906 0.999923 0.999977 1 1 1 0.999999 0.999998
0.999998 0.999998 0.999999 0.999999 0.999999 0.999999 0.999995 0.999989 0.999987 0.999992
0.999998 1 1 1 1 1 1 1 1 1
1 1 1 1 0.999999 0.999998 0.999997 0.999998 0.999999 0.999999
0.999999 0.999999 0.999995 0.999989 0.999983 0.999987 0.999999 1 1 1
1 1 1 1 1 1 1 1 1 1
1 1 0.999999 0.999999 1 1 1 1 1 1
0.999995 0.999995 1 1 1 1 1 1 1 1
1 1 1 1 1 1 1 1 1 1
1 1 1 1 1 1 1 1 1 1
1 1 1 1 1 1 1 1 1 1
1 1 1 1 0.999999 0.999999 1 1 0.999996 0.999949
0.999938 0.999986 1 1 1 1 1 1 1 1
1 1 1 1 1 1 1 1 1 0.999999
0.999999 0.999999 0.999999 0.999976 0.999942 0.999848 0.999852 0.999971 1 1
1 1 1 1 1 1 1 1 1 1
1 1 1 1 1 0.999999 0.999999 0.999999 0.999999 0.999976
0.999945 0.999899 0.999914 0.999984 1 1 1 1 1 1
1 1 1 1 1 1 1 1 1 1
1 1 1 1 1 1 1 1 1 1
1 1 1 1 1 1 1 1 1 1
1 1 1 1 1 1 1 1 1 1
1 1 1 1 1 0.99999 0.999989 1 1 0.999999
0.999999 0.999999 1 1 1 1 1 1 1 1
1 1 1 1 0.999999 0.999999 0.999999 0.999999 0.999999 0.999983
0.999959 0.999936 0.999953 0.999993 0.999999 0.999999 0.999999 0.999999 1 1
1 1 1 1 1 1 1 1 1 0.999999
0.999999 0.999999 0.999998 0.999998 0.999999 0.999983 0.999959 0.999931 0.999947 0.999993
1 1 1 1 1 1 1 1 1 1
1 1 1 1 1 0.999999 0.999999 0.999999 0.999997 0.999997
0.999999 0.999999 0.999999 0.999984 0.999984 1 1 1 1 1
1 1 1 1 1 1 1 1 1 1
1 1 1 0.999999 0.999998 0.999998 0.999998 0.999996 0.999995 0.999997
0.999999 0.999999 0.999999 0.999999 0.999996 0.99999 0.999992 0.999998 1 1
1 1 1 1 1 1 1 1 1 0.999999
0.999999 0.999997 0.999994 0.999991 0.999993 0.999997 1 0.999999 0.999999 0.999999
0.999991 0.999981 0.999986 0.999996 1 1 1 1 1 1
1 1 1 1 1 1 0.999999 0.999995 0.999991 0.99999
0.999995 1 1 1 1 0.999999 0.999989 0.99998 0.999986 0.999996
1 1 1 1 1 1 1 1 1 1
1 1 1 1 1 1 0.999999 0.999999 0.999999 0.999998
1 0.999999 1 1 1 1 1 1 0.999999 1
1 1 1 1 1 1 1 1 1 1
0.999999 1 1 1 1 1 1 0.999999 1 1
1 1 1 1 1 1 1 1 1 1
1 1 1 1 1 1 1 1 1 1
1 1 1 1 1 1 1 1 1 1
1 1 1 1 1 1 1 1 1 1
1 1 1 1 1 1 1 1 1 1
1 1 1 1 1 1 1 1 1 1
1 1 1 1 1 1 1 1 1 1
1 1 1 1 1 1 1 1 1 1
1 1 1 1 1 1 1 1 1 1
1 1 1 1 1 1 1 1 1 1
1 1 1 1 1 1 1 1 1 1
0.999999 0.999999 0.999999 0.999999 0.999999 1 0.999998 0.999999 0.999999 0.999998
0.999999 1 0.999999 1 1 0.999999 1 1 1 1
1 1 1 1 1 1 1 1 1 1
1 0.999997 1 0.999995 1 0.999995 1 0.999997 1 0.999999
1 0.999998 1 0.999999 1 0.999998 1 0.999994 1 0.99999
1 0.999992 1 0.999997 1 1 1 1 1 1
1 1 1 0.999997 0.999995 0.999995 0.999997 0.999999 0.999998 0.999999
0.999998 0.999993 0.999988 0.99999 0.999997 1 1 1 1 1
1 1 1 1 1 1 1 1 1 1
0.999997 0.999997 1 1 0.999999 1 1 1 1 1
1 1 1 1 1 1 1 1 1 1
1 1 1 1 1 1 1 1 1 1
1 1 1 1 1 1 1 1 1 1
1 1 1 1 1 1 1 1 1 1
1 1 1 1 1 1 1 1 1 1
1 1 1 1 1 1 1 1 1 1
1 1 1 1 1 1 1 1 1 1
1 1 1 1 1 1 1 1 1 1
1 1 1 1 1 1 1 1 1 1
1 1 1 1 1 1 1 1 1 1
1 1 1 1 1 1 1 1 1 1
1 1 1 1 1 1 1 1 1 1
1 1 1 1 1 1 1 1 1 1
1 1 1 1 1 1 1 1 1 1
1 1 1 1 1 1 1 1 1 1
1 1 1 1 1 1 1 1 1 1
1 1 1 1 1 1 1 1 1 1
1 1 1 1 1 1 1 1 1 1
1 1 1 1 1 1 1 1 1 1
1 1 1 1 1 1 1 1 1 1
1 1 1 1 1 1 1 1 1 1
1 1 1 1 1 1 1 1 1 1
1 1 1 1 1 1 1 1 1 1
1 1 1 1 1 1 1 1 1 1
1 1 1 1 1 1 1 1 1 1
1 1 1 1 1 1 1 1 1 1
1 1 1 1 1 1 1 1 1 1
1 1 1 1 1 1 1 1 0.999999 0.999999
0.999998 0.999999 0.999999 0.999997 0.999996 0.999999 1 1 1 1
1 1 1 0.999999 0.999999 0.999999 0.999999 0.999999 0.999998 0.999998
0.999999 0.999997 0.999996 0.999999 1 1 1 1 1 1
1 0.999999 0.999999 0.999999 1 1 0.999999 0.999999 1 1
1 1 1 1 1 1 1 1 1 1
1 0.999999 0.999999 1 1 1 0.999999 0.999998 0.999998 1
1 1 1 0.999999 0.999998 0.999999 1 1 0.999999 0.999999
1 1 0.999999 0.999999 0.999999 0.999999 0.999998 0.999997 1 1
1 1 0.999999 0.999999 0.999999 1 1 0.999999 1 1
1 1 1 1 1 1 0.999999 1 1 1
1 1 1 1 1 1 1 1 1 1
1 1 1 1 1 1 1 1 1 1
1 1 1 1 1 0.999795 1 1 1 1
0.999793 1 0.999999 1 1 1 1 1 1 1
1 1 1 1 0.999795 1 1 0.999793 0.999999 1
1 1 1 1 1 1 1 1 1 1
1 1 1 1 1 1 1 1 1 1
1 1 1 1 1 1 1 1 1 1
1 1 1 1 1 1 1 1 0.999995 1
0.99994 1 1 0.999933 0.999993 1 1 1 1 1
1 1 0.99994 1 1 0.999933 0.999993 1 1 1
0.999992 1 1 0.999999 1 0.999992 1 1 1 1
1 1 1 1 1 1 1 1 1 1
1 1 1 0.999865 1 1 0.999865 1 1 1
1 1 1 1 1 1 0.999866 1 1 0.999865
1 1 1 1 1 1 1 1 1 1
1 1 1 1 1 1 1 1 1 1
1 1 1 1 1 1 1 1 1 1
1 1 1 1 1 1 1 1 1 1
1 0.999965 1 1 0.999965 1 1 1 1 1
1 1 1 0.999965 1 1 0.999965 1 1 1
1 1 1 1 1 1 1 1 1 1
1 1 1 1 1 1 1 1 1 1
0.999999 0.999998 1 1 1 1 1 1 1 1
1 1 1 1 1 1 0.999998 1 1 0.99992
0.999999 0.999998 0.99992 1 1 1 1 1 0.999999 1
1 1 0.99992 1 1 0.99992 1 1 1 1
1 1 1 1 1 1 1 1 1 1
1 1 1 1 1 1 1 1 1 1
1 1 1 1 0.999999 1 0.999856 0.999988 1 0.999837
0.999964 0.999981 0.999997 1 0.999862 0.999914 0.999846 0.999865 0.999854 1
0.999987 0.999837 0.999964 0.999978 0.999993 0.999996 0.999991 0.99998 0.999987 1
1 1 0.999997 1 1 1 0.999999 0.999997 0.999996 0.999996
1 1 1 1 1 1 1 1 1 1
1 0.999999 1 1 1 1 1 1 1 1
1 1 1 1 0.999705 1 1 0.999705 1 1
1 1 1 1 1 1 0.999705 1 1 0.999705
1 1 1 1 1 1 1 1 1 1
1 1 1 1 1 1 1 1 1 1
1 1 1 1 1 1 1 1 1 1
1 1 1 1 1 1 1 1 1 1
1 1 0.999992 0.999993 0.999988 0.999988 1 1 1 1
1 1 1 1 1 1 1 1 1 1
1 1 1 1 1 1 1 1 1 1
1 1 1 1 1 1 1 1 1 1
1 1 1 0.999888 0.999999 0.999999 1 1 1 1
1 1 1 1 1 1 1 1 1 1
1 1 1 1 1 1 1 1 1 1
1 1 1 1 1 1 1 1 1 1
1 1 1 1 1 1 1 1 1 1
1 1 1 1 1 1 1 1 1 1
1 1 1 1 1 1 1 1 1 1
1 1 1 1 1 1 1 1 1 1
1 1 1 1 0.999943 0.999814 1 0.999918 0.999987 0.999954
0.999892 0.999981 1 1 1 1 1 1 1 1
1 1 1 1 1 1 1 1 1 1
1 1 1 1 1 1 0.999992 1 1 1
1 1 1 1 1 1 1 1 1 1
1 1 1 1 1 1 1 1 1 1
1 1 1 1 1 0.999908 0.999884 1 1 1
1 1 1 1 0.99993 1 1 1 1 1
1 1 1 1 1 1 1 1 1 1
1 1 1 1 1 1 1 1 1 1
1 1 1 1 1 1 1 1 1 1
1 1 1 
Ux 1 7164 float
0.282709 0.170645 0.227183 0.280338 0.251645 0.251001 0.217455 0.219446 0.21074 0.213312 0.208809
0.211547 0.205197 0.2079 0.201459 0.203996 0.198637 0.200942 0.196572 0.198625 0.194956
0.196763 0.193658 0.195249 0.192627 0.194064 0.191783 0.193199 0.190949 0.192654 0.189735
0.19245 0.186482 0.192664 0.176317 0.194973 0.215508 0.150457 0.16062 0.216657 0.243047
0.248328 0.286984 0.302815 0.2816 0.279072 0.27731 0.281282 0.283957 0.28491 0.302719
0.299918 0.298033 0.299354 0.265898 0.267889 0.268685 0.263497 0.265533 0.303855 0.30771
0.30818 0.306732 0.271298 0.266841 0.268598 0.287926 0.172767 0.254933 0.217807 0.210372
0.208104 0.204368 0.200667 0.197976 0.196084 0.194649 0.193518 0.192616 0.191822 0.190845
0.189016 0.183476 0.163732 0.16853 0.147036 0.133566 0.105906 0.123349 0.116684 -0.0205934
-0.0421325 -0.0187874 0.0737748 0 0 0.0262091 0.132435 0.296178 0.178438 0.263921
0.226867 0.219011 0.216247 0.212005 0.207805 0.204644 0.202319 0.20049 0.199005 0.197811
0.196847 0.195999 0.195034 0.192829 0.176861 0.189285 0.168138 0.150209 0.089284 0.106329
0.125528 0.114221 -0.0272256 -0.00184657 0.143411 0.112069 0.0202736 0 0 0.0303235
0.00763127 0.30381 0.18376 0.272979 0.236654 0.22864 0.225633 0.22107 0.21647 0.212878
0.210123 0.207867 0.205966 0.204367 0.203009 0.201785 0.200473 0.197981 0.195481 0.225405
0.209936 0.193314 0.185368 0.203851 0.235719 0.252652 0.277263 0.28334 0.307575 0.289952
0.272769 0.292633 0.291555 0.309382 0.309712 0.291658 0.312778 0.267266 0.252943 0.268576
0.309388 0.276386 0.261707 0.275021 0.277068 0.283917 0.315199 0.286204 0.290713 0.317529
0.317105 0.286904 0.306484 0.185645 0.276219 0.240337 0.232547 0.229739 0.225304 0.220751
0.217157 0.214365 0.21204 0.210031 0.208265 0.206614 0.204772 0.202023 0.195177 0.186656
0.178437 0.178524 0.24023 0.225362 0.150671 0.144283 0.162101 0.27442 0.276512 0.24207
0.258926 0.284984 0.252055 0.245404 0.286087 0.125969 0.100901 0.267029 0.239229 0.235503
0.271872 0.269995 0.238285 0.237137 0.306688 0.185847 0.276394 0.240544 0.232883 0.230249
0.225978 0.221565 0.218093 0.215405 0.213167 0.211228 0.209522 0.207937 0.206208 0.203718
0.197915 0.172781 0.18289 0.159411 0.152859 0.0952272 0.0825917 0.108063 0.121777 -0.015157
-0.0136677 -0.0340409 -0.0557344 -0.0367115 0 0 -0.0163589 -0.00102547 0.306159 0.185539
0.275647 0.23966 0.232007 0.229421 0.225224 0.220899 0.21752 0.214929 0.21279 0.210959
0.209401 0.208085 0.206958 0.205877 0.204265 0.203012 0.197355 0.217114 0.16322 0.138933
0.111993 0.0972109 0.185592 0.220375 0.0847996 0.0938487 0.237303 0.244761 0 0
0.165146 0.0930485 0.305676 0.185251 0.274968 0.238834 0.23113 0.228512 0.224313 0.220009
0.216664 0.214109 0.212003 0.210193 0.208622 0.207214 0.2058 0.203989 0.199904 0.188957
0.227734 0.165578 0.173629 0.244221 0.251282 0.303566 0.290905 0.284766 0.282309 0.281702
0.312557 0.302695 0.301742 0.299798 0.310948 0.308651 0.293891 0.297349 0.310904 0.312589
0.291885 0.286008 0.288862 0.30848 0.322181 0.301294 0.296576 0.296305 0.318783 0.305343
0.185046 0.274506 0.238265 0.230504 0.227834 0.223604 0.21929 0.215945 0.213394 0.211288
0.209464 0.207839 0.206271 0.204435 0.201564 0.194274 0.17558 0.176268 0.158477 0.150342
0.121116 0.138105 0.208093 0.180298 0.0278747 0.0139488 0.117145 0 0 0.0639442
0.1626 0.30514 0.184917 0.274227 0.237919 0.230112 0.227396 0.223133 0.218802 0.215448
0.212893 0.210788 0.208975 0.207389 0.20595 0.204497 0.202691 0.198928 0.179556 0.191556
0.155306 0.166363 0.0852941 0.0913793 0.117201 0.113863 -0.0472234 -0.0257573 0.0509196 0.0291389
-0.0312932 0 0 0.00393303 -0.0150073 0.305034 0.184848 0.274082 0.237736 0.2299
0.227151 0.222863 0.218516 0.215152 0.212591 0.210482 0.208671 0.2071 0.205712 0.204415
0.203031 0.200692 0.199062 0.224182 0.216934 0.199142 0.182614 0.187575 0.211818 0.24802
0.224922 0.212047 0.301729 0.282113 0.255039 0.22518 0.227194 0.310325 0.309101 0.22095
0.305305 0.295909 0.288036 0.297502 0.308028 0.199367 0.161738 0.195381 0.199479 0.210734
0.30856 0.200672 0.2175 0.311226 0.311614 0.201477 0.304993 0.184821 0.274025 0.237663
0.229812 0.227047 0.222747 0.218391 0.215019 0.212449 0.210327 0.208486 0.206846 0.205284
0.203525 0.200941 0.19478 0.191254 0.180882 0.187068 0.2502 0.244488 0.214666 0.187235
0.183265 0.291597 0.300574 0.286228 0.282616 0.305475 0.292974 0.291149 0.305007 0.203722
0.21891 0.303918 0.292278 0.222398 0.193228 0.194182 0.306155 0.303837 0.292385 0.293777
0.304998 0.184824 0.27403 0.237668 0.229818 0.227054 0.222754 0.218398 0.215027 0.212457
0.210333 0.208492 0.206852 0.205292 0.203536 0.200953 0.194795 0.172416 0.180897 0.165998
0.153916 0.114839 0.0925216 0.116002 0.136599 0.0467309 -0.0309077 -0.0507241 -0.0467373 0.0171392
0 0 0.00120879 0.059986 0.305049 0.184858 0.274097 0.237752 0.229917 0.22717
0.222884 0.21854 0.215178 0.212618 0.210511 0.208701 0.207132 0.205748 0.204459 0.203082
0.200748 0.191283 0.199114 0.187092 0.166009 0.114846 0.156839 0.161825 0.136605 0.0181137
0.0474604 0.203861 0.219097 0.130872 0 0 0.126925 0.0598674 0.305165 0.184935
0.274252 0.237945 0.230142 0.227428 0.223168 0.21884 0.21549 0.212938 0.210837 0.209028
0.207446 0.20601 0.20456 0.202761 0.199015 0.19168 0.224283 0.187716 0.182762 0.199186
0.216985 0.250258 0.248118 0.300633 0.303388 0.301831 0.282214 0.291666 0.305412 0.305417
0.310383 0.30918 0.304989 0.305129 0.195218 0.161727 0.199419 0.308049 0.297374 0.287805
0.295633 0.303568 0.308349 0.303647 0.30385 0.311099 0.311411 0.305877 0.305377 0.18507
0.274541 0.238302 0.230545 0.227879 0.223653 0.219344 0.216004 0.213459 0.211359 0.209542
0.207924 0.206365 0.204536 0.201675 0.194412 0.179714 0.176459 0.166544 0.211918 0.167204
0.0886102 0.107682 0.136037 0.255152 0.225205 0 0 0.225408 0 0
0.221239 0.0510886 0.0292086 0.199228 0 0.13761 0.201539 0.200989 0 0
0.30572 0.185283 0.275015 0.238883 0.231184 0.228572 0.224378 0.22008 0.216742 0.214195
0.212097 0.210296 0.208733 0.207335 0.205931 0.204136 0.200072 0.17579 0.189138 0.155524
0.158695 0.0855241 0.0852209 0.110637 0.114116 -0.0471845 -0.0257241 0.0276876 0.0140145 -0.0428842
0 0 -0.00535056 -0.0148803 0.306217 0.18558 0.275708 0.239725 0.232079 0.229499
0.225309 0.220991 0.217622 0.21504 0.21291 0.211091 0.209544 0.208241 0.207129 0.20606
0.204457 0.203195 0.227823 0.21724 0.173813 0.165731 0.150483 0.159 0.237722 0.251302
0 0 0.254047 0.268443 0 0 0.27272 0.262164 0.180087 0.293619
0.297096 0.2079 0 0.261377 0.26032 0.162347 0 0 0.266714 0.264165
0.30676 0.185899 0.276471 0.240626 0.232975 0.230349 0.226087 0.221684 0.218223 0.215548
0.213324 0.211401 0.20971 0.20814 0.206426 0.203942 0.198152 0.183166 0.197527 0.139224
0.16353 0.22048 0.244282 0.281684 0.303479 0.222286 0.234411 0.262801 0.248975 0.242079
0.235078 0.310819 0.312445 0.310828 0.308567 0.237387 0.244867 0.226626 0.213985 0.219087
0.308288 0.31222 0.318271 0.321665 0.236275 0.218897 0.219395 0.306571 0.185707 0.276313
0.240437 0.232658 0.229861 0.225437 0.220896 0.217316 0.21454 0.212231 0.210241 0.208494
0.20686 0.205033 0.202297 0.19548 0.173101 0.178802 0.153211 0.112261 0.0910979 0.11632
0.0940735 -0.0138201 -0.0345682 0.0123949 0.0850126 0 0 0.0241041 0.093344 0.303902
0.183826 0.273078 0.23676 0.228759 0.225763 0.221212 0.216626 0.213052 0.210315 0.208081
0.206205 0.204632 0.203302 0.202104 0.200813 0.198337 0.187063 0.195856 0.178948 0.159809
0.0955874 0.11837 0.137471 0.122186 -0.0366581 -0.0154347 0.12604 0.102436 0.00948402 0
0 0.0262359 -0.00240564 0.296259 0.178495 0.264004 0.226955 0.219114 0.216362 0.212133
0.207949 0.204809 0.202509 0.200707 0.199254 0.198096 0.197171 0.196359 0.195416 0.193178
0.189513 0.225645 0.203872 0.185482 0.193708 0.210331 0.240565 0.252773 0.276165 0.279966
0.307003 0.289797 0.274384 0.284432 0.282802 0.308333 0.308762 0.28547 0.311679 0.272007
0.258757 0.273462 0.308422 0.268332 0.25278 0.266697 0.266414 0.271308 0.313991 0.269819
0.274673 0.316589 0.315949 0.271417 0.287999 0.172819 0.255006 0.217884 0.210462 0.208206
0.204484 0.200802 0.198134 0.19627 0.194866 0.193772 0.192914 0.192167 0.191228 0.189399
0.18369 0.176979 0.168348 0.16813 0.235551 0.217319 0.13937 0.129753 0.149493 0.272275
0.276413 0.242874 0.255269 0.289885 0.259899 0.251847 0.289367 0.139585 0.106174 0.273805
0.249847 0.243919 0.283624 0.282562 0.25682 0.255657 0.282788 0.1707 0.251727 0.217545
0.210843 0.208925 0.205327 0.201607 0.198807 0.196768 0.195184 0.193925 0.192942 0.19215
0.191345 0.190066 0.18631 0.163042 0.174682 0.149792 0.145837 0.0886774 0.0797491 0.103127
0.11358 -0.00696221 -0.0155384 -0.0380947 -0.0545518 -0.0313541 0 0 -0.00929964 0.00723227
0.280419 0.227248 0.251091 0.219546 0.213426 0.211674 0.208041 0.204155 0.201122 0.198831
0.197001 0.195528 0.194394 0.193586 0.193072 0.192763 0.192241 0.192 0.209149 0.210318
0.158263 0.146835 0.13002 0.141238 0.222575 0.236146 0 0 0.244498 0.25779
0 0 0.258466 0.250958 0.0914865 0.131511 0.275125 0.275543 0 0.25017
0.245433 0.142771 0 0 0.252673 0.251862 0.262621 0.228959 0.14517 0
0 0.250167 0.262948 0.246464 0.25241 0 0 0.0407392 0.108038 0.250594
0.265394 0.232959 0.238136 0 0 0.24046 0.23876 0.239744 0 0.149638
0.129913 0.139614 0.217609 0.254781 0.240535 0.255896 0.0162813 -0.028016 0.255102 0.263643
0.262774 0.131289 0.0807602 0.247061 0.253037 0.283008 0.259654 0.259303 0.26067 0.246517
0.258511 0.13703 0.117962 0.0753363 0.130857 0.251171 0.283257 -0.0397503 0.00685823 0.0079195
0.239235 0.267982 0.0279681 0 0.24954 0.262751 0.248976 0.179369 0.055744 0.0581526
0.235085 0.242121 0.219302 0.214406 0.227107 0.21516 0.21961 0.218726 0.235832 0.110386
0.0850011 0.114979 0.213462 -0.0507056 -0.0423681 -0.0428803 -0.00487459 0 0.135849 0.107516
0.0884706 0.167081 0.240224 0 0 -0.0321156 0 0 0.146334 0.0281536
0.0115424 0.137733 0 0.195706 0 0 0 0.264339 0.271359 0.161816
0.156824 0.221781 0.24106 0.292491 0.305495 0.00460945 0.128252 0.130243 0.293866 0.304641
0.127302 0 0.183286 0.187262 0.214703 0.244527 0.271424 0.26439 0.282659 0.128723
0.00560336 0.291114 0.292917 0.29241 0.240988 0.221825 0.193842 0.192772 0.222031 0.291892
0.304293 0.293521 0.293527 0.292227 0 0.240278 0.117423 0.091577 0.0115381 0.0281715
0.146476 0.227361 -0.0506996 -0.032084 -0.0311936 0 0.195577 0.00450241 0 0.138289
0.12128 -0.0423648 0.213289 0.114954 0.117132 0.0637646 0 0.249585 0.185754 0.0974309
0.0579011 0.0554716 0.179273 0.21474 0.164919 0 0.162552 0.144723 0.151019 0.225723
0.25874 0.246748 0.258784 0.00826732 -0.0397048 0.244592 0.25147 0.250726 0.131471 0.0771652
0.235022 0.238576 0.267489 0.23872 0.23677 0.23814 0.24016 0.254482 0.125275 0.106057
0.075465 0.126422 0.258806 0.288713 -0.0313557 0.0120858 0.0150772 0.256075 0.279625 0.0323813
0 0 0.243757 0.241567 0.281319 0.255866 0.271639 0.285144 0.258008 0.122365
0.0585283 0.301535 0.301993 0.285957 0.286551 0.301606 0 0.253314 0.314109 0.309558
0.275611 0.274445 0.279603 0.315152 0.277198 0.280199 0.278767 0.282782 0.314404 0.282652
0.246684 0 0 0.240197 0.104212 0.0807322 -0.0186403 -0.0462898 -0.050721 0.00624078
-0.00509455 0 0.0572861 0.0783458 0.24396 0.286797 0.245721 0 0 -0.0198474
0.0214118 0 0.14457 0 0.280507 0.282451 0.27194 0.274335 0.237601 0
0 0.133292 0 0 0.11597 0.0907864 -0.0537344 0.00125188 0.0123545 -0.00533526
0.02302 0 0.234264 0.222143 0.218607 0 0 0 0 0
0 0 0.267383 0.237712 0.158934 0 0 0.256081 0.268606 0.294676
0 0.254382 0 0 0.253832 0.262616 0 0.273134 0.221832 0.280514
0.290913 0.26067 0.26176 0 0 0.265052 0.264826 0 0.267406 0.123128
0.0926235 0.0974891 0.062645 0 0.112599 -0.00806429 0 0.0295704 0 0.0484185
0.0558953 0 0.206306 0 0 0 -0.0412782 -0.0325457 0 0.0676249
0 0.303343 0.303837 0.304131 0.288801 0.249355 0.241501 0.291523 0.229071 0.227063
0.233337 0.116017 0.092537 -0.0436587 -0.0426461 -0.0458072 -0.0186973 0.00127129 0 0.0834984
0.153982 0.286241 0.303853 0.288789 0 0 0.0085942 0.133117 0.249285 0.241399
0 0 0.228894 0.226879 0 0 0 0.232823 0.212402 0.206671
0.210468 0.217968 0 0 0.0678008 0 0.123345 0.0485706 0.0496067 0.0976783
0.0627589 0 0 -0.041271 -0.0300543 -0.00802027 0 0.0292358 0 0
0.256045 0.267345 0.282184 0 0.253353 0.284527 0.290602 0.29434 0.29948 0.302401
0.280124 0.221538 0.301422 0 0.26453 0.288507 0.285604 0.291398 0.290279 0.295517
0.295903 0.301096 0.218701 0.108455 0.0829353 0.00101011 -0.0542782 -0.0565048 -0.00413424 -0.01615
0 0.0603586 0.0882854 0.241448 0.281816 0.236641 0 0 -0.0332333 0.0237445
0 0.132439 0 0.282027 0.284912 0.280722 0.286792 0.243204 0 0
0.143837 0.259175 0 0 0 0.120776 0.103385 -0.0495405 -0.00466671 -0.00296122
0.00553599 0.0315561 0 0 0.242947 0.299507 0.275296 0.279637 0.282374 0.3042
0 0.255276 0 0.254969 0.243192 0 0 0 0 0
0 0 0 0.259998 0 0 0 0 0.0879872 0.0601202
0 0 0.02295 -0.0332554 0 0 0.243215 0 0 0
0 0 0 0.0494683 0 0 -0.00190764 -0.0300615 0 0
0 0 0 0.260762 0.247694 0.153959 0.083495 0 0 0
0 0 0.132722 0.00750406 0 0.228139 0 0 0 0
0 0 0 0 0.260768 0.247751 0 0.227862 0.291249 0
0.0560317 0 0 -0.0325335 0 0 0 0 0 0.0927239
0 -0.00182437 0.112513 0 0 0 0 0 0 0
0 0 0 0 0 0 0 0 0 0.242513
0 0 0.240738 0 0 0 0.0780451 0.0568089 0 0
0.0178717 -0.0222207 0 0 0.256611 0 0 0 0.112719 0.0790789
0.0885105 0.0569334 0 -0.000498162 -0.0298455 0 0 0.234826 0 0
0.111794 0.0472956 0.0834688 0.0468428 0 -0.0421408 -0.0352249 0 0 0
0 0 0.28728 0.242517 0.233552 0.115212 0.0592713 0.0885367 0.0535668 0
-0.0302208 -0.0335256 0 0 0.242404 0 0.233387 0 0 0
0.248729 0 0.265977 0 0.270696 0.11218 0.0558128 0.0838121 0.0470741 0
-0.0136487 -0.0353447 0 0 0.238923 0 0 0.110928 0.0478606 0.0868553
0.0557687 0 -0.03644 -0.0283731 0 0 0 0.239438 0 0
0 0 0 0.238842 0 0 0 0.0485345 0 -0.0409461
-0.0333673 0 0 0.240668 0 0 0 0 0 0.0555917
0 -0.0408668 -0.0135512 0 0 0.249177 0 0.266419 0 0.270905
0 0 0.234388 0 0 0 0 0 0.0592837 0
-0.0487486 -0.0291041 0 0 0.234231 0.287279 0 0 0 0
0 0.0475236 0 -0.0412467 -0.0424203 0 0 0.233911 0 0
0 0 0 0.0770815 0 -0.0380871 0.0113411 0 0.240304 0
0.242223 0 0.263503 0 0.244149 0 0.244137 0.272787 0 0.287025
0.263516 0 0 0.259216 0.282585 0.241542 0 0 0.240578 0.291994
0.303321 0 0.224888 0 0.274617 0.300072 0.265383 0.264767 0.300786 0.304057
0.311423 0.314279 0.26679 0.263551 0.268074 0.275049 0.268653 0.268667 0.311087 0.307197
0.298507 0.287091 0.266935 0.272534 0.265277 0.258146 0.259726 0.286006 0.288061 0.290734
0.290086 0.267578 0.264932 0.267008 0.269884 0.288357 0.285826 0.262405 0.0993007 -0.0274507
-0.0351513 -0.0182858 0.0723797 0.137777 0.0183812 0.00568915 0.130595 0.070478 0.00412131 0
0 0.149528 0.00186905 0.00623085 0.0435444 0.158894 -0.0212044 0.000657384 0.159711 0.120015
0.0188078 0.00129414 0.028932 0.0335148 -0.0028444 -0.0209212 0.0221683 0 0 0.281106
0.312199 0.311068 0.279905 0.295807 0.299465 0.31764 0.315233 0.292384 0.304037 0.307076
0.318967 0.319001 0.303338 0.311008 0.253563 0.240969 0.264719 0.316884 0.298108 0.283273
0.289231 0.2981 0.314734 0.303057 0.307109 0.32172 0.319876 0.302789 0.30863 0.306786
0.321331 0.322656 0.310924 0.0832158 0.118463 0.257379 0.258462 0.260672 0.254598 0.237342
0.235079 0.264483 0.240341 0.235813 0.263896 0.116171 0.109039 0.260416 0.232388 0
0.0561977 0.0773362 0.259539 0.258251 0.234082 0.233727 0.271603 0.108856 0.105281 0
0.247437 0.277005 -0.0170811 -0.0282917 -0.0114234 -0.00705926 -0.0137329 -0.0178228 -0.00681555 -0.0347363
-0.0512841 -0.0281592 -0.0205325 -0.025305 -0.0375369 -0.0276668 -0.0304919 -0.0444186 0 0
0.252387 0.11069 0.103825 0.180821 0.233642 0.0949764 0.123737 0.269518 0.282268 0.214691
0.106375 0.192959 0.199475 0.116995 0.0747565 0.212527 0 0 0.316873 0.300171
0.303895 0.317427 0.3274 0.289609 0.282959 0.288419 0.321015 0.335073 0.30565 0.296015
0.295189 0.332487 0.30732 0.118289 0.0982293 0.147493 0.312997 0.330677 0.322734 0.320329
0.323261 0.311134 0.334618 0.313962 0.310704 0.311856 0.329003 0.335962 0.318433 0.318081
0.337393 0.033864 0.183795 0.157301 0.0837953 0.0373722 -8.03115e-05 -0.0177274 0.0567341 0.0986013
0.0404022 0.0402745 0.157469 0.0633203 0 0 -0.0214348 -0.00638906 0.068073 0.057783
-0.0235216 -0.0366806 -0.0210402 0.0876875 0.0582912 -0.0170375 -0.0196076 0.0134346 0.00949896 -0.0277125
-0.0358977 -0.0218398 0 0 0.204604 0.304467 0.301655 0.216587 0.224452 0.220119
0.318767 0.312825 0.224232 0.239048 0.254899 0.321795 0.321249 0.229813 0.312015 0.30077
0.294795 0.309644 0.318627 0.250146 0.201343 0.220563 0.218457 0.237349 0.315856 0.23081
0.243794 0.325018 0.321333 0.236083 0.264257 0.263346 0.322765 0.325925 0.266798 0.194495
0.204205 0.296212 0.301451 0.312338 0.314459 0.299552 0.297173 0.316958 0.302899 0.30067
0.316992 0.216995 0.240416 0.313961 0.300955 0.235958 0.199249 0.20466 0.318767 0.317445
0.302414 0.30285 0.312957 0.240424 0.24411 0.257891 0.306189 0.319501 0.0613433 -0.00251523
-0.0276559 -0.0215015 0.0554888 0.0629567 -0.0247782 -0.0353647 -0.0266983 0.0324908 0.0633715 0.00304129
-0.00512565 0.067887 0.0252014 -0.0240659 0 0 0.201892 0.0502169 0.0571905 0.126456
0.192749 0.022508 0.0504407 0.205727 0.230689 0.139233 0.0577071 0.135228 0.132655 0.0597249
0.0150218 0.145416 0 0 0.301785 0.305154 0.302073 0.296216 0.314593 0.316924
0.318982 0.31349 0.312844 0.313728 0.31564 0.320907 0.32086 0.314631 0.310411 0.21894
0.200396 0.24891 0.317429 0.304592 0.287572 0.29467 0.308159 0.313949 0.309294 0.309958
0.321956 0.318842 0.311518 0.303913 0.318959 0.322365 0.31126 0.0581508 0.217227 0.205189
0.145119 0.0686685 0.225016 0.225206 0 0 0.238053 0 0 0.229202
0.0871834 0.0573768 0.17451 0.21669 0.161308 0.164451 0.234447 0.228821 0 0
0.261786 0.18009 0 0.264276 -0.0215222 -0.00277807 0.0370871 0.0339061 -0.0235989 -0.0370371
-0.0212674 -0.000376193 -0.0172832 -0.0493198 -0.0187085 -0.0242333 -0.0369032 -0.0272072 -0.0359383 -0.0452673
0 0 0.157145 0.29994 0.303723 0.183856 0 0 0.271644 0.268914
0 0 0.279008 0.274888 0.307259 0.32045 0.32277 0.330597 0.313121 0.148075
0.0979217 0.11755 0.0977215 0 0.301715 0.310989 0 0 0.299895 0.301484
0.157624 0.168522 0.317605 0.317277 0.301915 0 0.233319 0.252043 0.317098 0.316576
0.320753 0.327159 0.245216 0.246076 0.243778 0.279676 0.263082 0.254522 0.332261 0.334902
0.269318 0.281716 0.256883 0.240269 0.250627 0.323351 0.328951 0.334396 0.26058 0.249251
0.256045 0.335638 0.285862 0.284718 0.284306 0.337074 0.122939 -0.00773527 -0.0348932 -0.00141125
0.0934416 0.106287 0.0308568 0.0286034 0.116702 0.0735021 -0.0133967 0 0 0.121476
-0.0122387 -0.0162274 0.00774053 0.0854891 -0.0260907 -0.0159044 0.120479 0.114193 0.0277123 -0.0201868
0.00400558 -0.000203311 -0.0263186 -0.0303239 0.0315363 0 0 0.260552 0.31297 0.311525
0.259351 0.257017 0.261366 0.31937 0.31647 0.26292 0.267738 0.276683 0.321561 0.321199
0.266839 0.314797 0.291015 0.284204 0.298935 0.319848 0.268503 0.245029 0.25729 0.263461
0.318519 0.260969 0.269463 0.325787 0.323717 0.262383 0.274333 0.325524 0.32684 0.279929
0.144937 0.277559 0.27885 0.258147 0.155969 0.290341 0.293836 0.275613 0.266971 0.303344
0.284168 0.279777 0.302434 0.159749 0.1192 0.2991 0.284701 0 0.0921164 0.122495
0.303784 0.304139 0.291915 0.291351 0.311718 0.298607 0.299738 0.31322 0.00356792 -0.0198101
-0.00934502 -0.0146569 -0.00238919 0.000791283 -0.0269391 -0.034977 -0.0415861 -0.0213504 0.00312553 -0.0158787
-0.0280444 -0.00121886 -0.0217512 -0.0363426 0 0 0.281216 0.279735 0.127749 0.0958794
0 0 0.266298 0.262813 0 0 0.266638 0.263395 0.0799052 0.107186
0.283318 0.289412 0.144647 0.254682 0.256938 0.139311 0 0 0.256336 0.258398
0.283235 0.26265 0 0.0800891 0.0842039 0.277254 0.0852755 0.114734 0 0.0638836
0.245133 0.245232 0.24861 0 0 0.0655565 0 0.251009 0.265669 0.241045
0.24017 0 0 0.250185 0.247485 0.251363 0.0735114 0 0 0.0400933
0.00915502 0.261633 0.281937 0.262164 0.269975 0.0223691 -0.0198823 0.281753 0.285836 0.289105
0 0.100834 0.122037 0.0913036 0 0.284635 0.297733 0.289225 0.291126 0.298671
0.295736 0 0.0608079 0.00603226 -0.0121222 0.0101336 0 0 0.108032 0
0.243801 0.273332 -0.0292441 0.0327989 0.0227706 0.235633 0.253739 -0.00259249 0.00373544 0.0303871
0 0 0 0.176205 0.0942423 0.224753 0.244055 0.211674 0.0785001 0.255136
0.263826 0.280427 0.281068 0.250739 0.240376 0.257021 0.258497 0.256402 0.285254 0.285746
0.286717 0 0 0.0740438 0.126085 -0.00241273 -0.014161 0.00353318 0 0
0.053558 0.14504 -0.0337822 -0.0439656 -0.0492687 -0.0366509 -0.0238453 -0.0453189 0 0
0.0022345 0.144397 0.200224 0.147483 0 -0.0184084 0 0 0.253497 0.177178
0.175793 0.166098 0.163026 0.237739 0 0 0 0.182124 0.231653 0.191578
0.128638 0.0580938 0.132515 0 0 0.243873 0.257513 0.30487 0.319119 0.0281034
0.15695 0.149564 0.302476 0.316145 0.140024 0.140983 0.155162 0 0 0
0.131311 0.0548426 0.190132 0.230636 0.297386 0.146336 0.0169514 0.297474 0.298806 0.300051
0.250486 0.235038 0.196599 0.192017 0.228442 0.293494 0.309216 0.294894 0.294808 0.296416
0.249013 0.234414 0.229346 0.148212 0.200866 -0.00613406 -0.0141625 0.00271424 0 0
0.175876 0.252197 -0.0340198 -0.0186051 -0.0175252 0 0.236256 0.00985866 0.0139717 -0.0218959
0 0 0.003049 0.0836581 0.125849 0.0738097 0 -0.0441829 0.146296 0.0546012
0.0575455 0.0391482 0.0392289 0.0637846 0 0.224451 0.10964 0.180423 0.103315 0.0939265
0.175901 0 0 0.280326 0.0774379 0.210761 0.213827 0.258226 0.199277 0.192827
0.211231 0 0 0 0.0110238 -0.0116264 0.0622287 0 0.237669 0.0368107
-0.0285803 0.23865 0.2434 0.247142 0 0.11358 0.0806621 0.0573406 0 0.235122
0.256587 0.238233 0.236214 0.249387 0 0.107055 0.110541 0.258901 0.27949 0.0413654
0.00777587 0.0387227 0 0 0.0997081 0 0.287706 0.306956 -0.020055 0.02172
0.0183723 0.28932 0.298429 0.0348096 0.0304679 0.024953 0 0.0714141 0.284358 0.317054
0.312573 0.325251 0.29237 0.269046 0 0.0739074 0.323064 0.326389 0.286153 0.286276
0.314683 0 0.261667 0.303294 0.302012 0.276097 0.27384 0.280096 0.305324 0.279424
0.280338 0.301117 0.303211 0.276678 0.115517 0.250736 0.273676 0.316471 0.292899 0.111248
-0.0338842 -0.0476945 -0.0261778 0.262768 0.19917 0.0897811 0.321025 0.304413 0.303616 0.323383
0.000376184 0.0796667 0.169152 0.233638 0.151806 0.0338603 0.234261 0.305714 0.309815 0.23973
0.222931 0.299933 -0.0346056 -0.0283031 0.0278917 0.299698 0.220865 0.305875 0.309809 0.304491
0.0341123 0.152392 0.234057 0.16932 0.0800918 0.000614632 0.154522 0.304355 0.303903 0.279918
0 0.262385 0.320696 0.2637 0.248357 0 0 0.244135 0.26738 0.245699
0 0 0.249665 -0.0169747 0.00733857 -0.0101243 -0.0165839 0 0.0129982 0
-0.00757653 -0.00148173 -0.0320712 -0.0414176 -0.0247863 -0.028842 -0.0163689 -0.0360645 0 0.278356
0.299598 0.279305 0 0 0.291527 0.308422 0.295536 0 0.174816 0.258873
0.256601 0.266656 0.268068 0.233154 0 0 0.243375 0.0246148 0 -0.0186563
0.0263842 0 -0.0424684 -0.0114884 -0.000249508 -0.0142118 0.0288408 0.0307734 -0.0129323 0
0.246439 0.245661 0.241474 0 0 0 0 0 0.24975 0.261237
0.269042 0.269003 0.288154 0 0.271722 0 0 0.272917 0.27486 0
0.2789 0 0.284148 0.308745 0.301933 0 0 0 0.303178 0.302097
0.313046 0 0.300818 0 0.301008 0.302961 0.168536 -0.00196565 0 0.00372469
0 0 -0.0261602 0 0.215268 0 0.0892532 0 0 0.080976
0 0 0.25224 0 0 0.0476484 0.317526 0.315887 0.318125 0.318182
0.300099 0.256304 0.2478 0.304674 -0.00923204 0 0.00478421 0 -0.00180461 -0.0231116
-0.0317238 -0.0356807 -0.0356961 -0.0144621 -0.00452048 -0.0324235 0 0.29935 0.314251 0.297896
0.25033 0.242589 0 0 0 0 0 0.293803 0.309455 0.295264
0.220485 0.215143 0.253716 0.235737 0.241427 0.249702 0.261102 0 0 0.0884643
0 0 0.0468622 -0.00301525 0 0 0.00231323 0 0 -0.0258745
0.288239 0 0.272884 0.282835 0.289484 0.288073 0.295147 0.305728 0.284328 0
0.296054 0 0.302889 0.308503 0.311414 0 0.299909 0.310002 0.313172 0.312181
0.240934 0.268159 -0.00798631 0.0239597 -0.0119422 0 0.0260096 -0.0283953 0 -0.0185515
-0.0119955 -0.0428891 -0.0513079 -0.0142743 -0.0373009 -0.0246658 -0.0445185 0 0.239954 0.259304
0.235884 0 0 0.236286 0.270945 0.245343 -0.0293939 0.0225593 0.297953 0.298197
0.308566 0.310123 0.310902 0.27709 0 0 0.296355 0.294194 0.178759 0
0.163914 0 -0.00986104 0.0128002 0 0.0165811 -0.032331 0.0016684 -0.0167789 -0.0254126
0.0057211 0.0165046 0.00963566 0 0.262534 0 0.32885 0.280677 0.284166 0.28141
0.303397 0 0.257453 0.260382 0 0.304625 0.277829 0.280533 0.28025 0.244754
0 0 0.158977 0 0 0 0 0 0 0
0 0 0 0 0 0 0 0 0.0321535 0
-0.0283307 0 0 0 0 0 0.0663924 0 0.0504392 0
0 0 0 0 0 0 0.243381 0.248185 0 0
0 0 0 0 0 0.235329 0.240148 0 0.0670649 0.0497623
0 0 0 0 0.0801879 0 0 0 0.0317757 0
-0.0282346 0 0 0 0 0 0 0 0 0
0 0 0 0 0 0 0 0 0.156339 0
0 0 0 0 0 0.0186964 -0.0237645 0.270146 0.302746 0.0827769
0.275169 0.305081 0.249865 0.0793212 0 -0.0302564 -0.00683843 -0.0211724 -0.039802 0.0187993
0 0 0.0222291 0.0989834 0.272506 0.024301 0 0.246267 0.112113 0
0.0357129 -0.000577563 -0.028509 -0.0405007 0 0 -0.0113062 0.0754036 0 0
0.260906 0 0.196765 0.260525 -0.0425096 -0.0383547 0.154858 0.0683524 0 0
-0.0152981 -0.0342584 0 0 -0.0406098 -0.0378062 0.0321344 0 0 0
0.157558 0.136317 0.242429 0.294095 0.304977 0.225061 0.143115 0 0.0244021 -0.0324037
0.0241233 -0.024583 0 0 -0.030274 -0.0286724 0 0 0.133627 0.2412
0 0.140503 0.223288 0.293448 -0.0425481 -0.0407826 0.240161 0.234666 0.158164 0
0.0324903 -0.0379493 0 0 -0.0382646 -0.0342303 -0.0152429 0 0 0.06838
0 0.0889197 0.198632 0.322967 0.260234 0.260748 -0.00140816 -0.0117682 0.0749405 -0.0276248
0.0388342 0 0 0.289092 0.315893 0.274878 0.252519 0.273214 0.110588 0.0951628
0 0.267986 -0.0219205 -0.0339814 0 0 0 0.0916246 0.0953343 0.28333
0.286857 0.263221 0.270726 0 0.246394 0.29129 0.268133 0.243009 0.271693 0.243925
0.224364 0 0.292564 0.303815 0.247801 0.313955 0.299708 0.279565 0.274257 -0.0341287
-0.0406716 0 -0.0242133 -0.0474958 0.115185 0.0285398 0 0.115742 0.0199773 0
-0.0217475 0.0160266 -0.027422 -0.0404875 0.0175482 0 0.00163702 0.313131 0 0
0 0 0 -0.0108389 0 0 -0.0293656 0.233911 0 0
0.237813 0 0 0 -0.00636523 0 0 -0.0343008 0 0
0 0 0.300303 0.245932 0.241459 0.302695 0.243754 0.2486 0 -0.0253049
0 0 -0.0316373 0.244072 0 0.238139 0 0.235985 0 0.240811
0 0 0 0 0.272529 0 0.299435 0 -0.00593889 0
0 -0.0342409 0.276123 0 0 0.2934 0 0 0 -0.0128653
0 -0.0450272 -0.028468 0 -0.0323793 0 0.26438 0 0.257117 0
0 0.245941 0 0.246541 0 0 -0.00332038 0 -0.0290707 0
0 0 0 0.278575 0 0 0 0.292841 0 0
0 0 0 -0.00501796 0 -0.0337545 0 0 0 0
0 0.272594 0 0.300517 0 0 0 0.242624 0 0
0 0.25724 0 0 0 0 -0.0195328 0 -0.0310058 0
0 0 0 0.238255 0.299169 0 0.248989 0.293653 0 0
0 0 0 0 0 -0.00520745 0 -0.0338802 0 0
0 0 0.236633 0 0 0 0.239808 0 0 0
0 0 -0.00343892 0 -0.0292466 0 0 0 -0.00827725 0
0.00975758 -0.0269556 0 0 -0.0327791 -0.021396 0 -0.0329307 0 -0.0385724
0 0.0202712 0 -0.0386508 0 0.196356 0 0 -0.0331817 0
-0.0255762 0 0 0.0910556 0.215698 0.214375 0.0892449 0.289219 0.156053 0.157889
0.292188 0.261881 0.123168 -0.0300435 0.0211073 -0.016859 0.123362 0.272793 0.332491 -0.00844369
0.0702431 0.178472 0.00740691 -0.0391481 -0.0482248 -0.0237934 0.054216 -0.0222928 0.0879076 0.178935
0.244998 0.308232 0.216394 0.0294125 0.146683 0.0615185 0.137664 0.0213455 0.0502704 0.203492
0.29878 0.0533919 0.177051 0.243468 0.0873139 -0.0391846 -0.0224149 -0.0239228 -0.00777416 -0.0480239
0.00770462 0.0709584 0.178365 0.332241 0.272269 0.121767 -0.0159744 0.125133 0.264792 0.297466
0.158886 -0.00394945 0.123718 0.272484 0.299377 -0.0248841 0.0152579 0.317769 -0.0359733 -0.0539325
-0.0106732 -0.00345401 0.317148 0.318295 -0.0363927 -0.0282458 -0.0254749 -0.0362491 0.314517 0.316426
-0.0360678 -0.00464862 -0.0118647 -0.0538573 0.32218 -0.0209642 -0.0139402 -0.0352742 -0.0467222 0.292465
0.289952 0.315611 0.320934 0.103328 0.00786973 -0.024083 -0.0219287 0.134756 -0.00694359 0.172203
0.168433 -0.00821428 0.296445 0.34351 0.320508 0.308105 0.32868 0.352028 0.31359 0.282562
0.145127 0.145975 0.163036 0.228223 0.239809 0 0 0 -0.00528467 -0.0112771
0 0.311478 0.313936 0.176739 0 0 0.0265082 0.0998228 0.0351204 -0.0071164
0 0 0.304783 0.333093 0.338303 0.313766 0 0 -0.0183547 0.00338596
0 0.300612 0.290955 0.153301 0.323896 0.336922 0.33042 0.318045 0 0.0170419
0 0.0789949 0 0.196896 0.290039 0.321487 0.316305 0.279457 0 0.0358895
0.332467 0.305158 0.0830464 0.276525 0.141794 0.0149519 0.0308375 -0.0327158 -0.0089187 -0.0275673
-0.0167421 0.00423309 0.0357438 0.17516 0.300681 0.277215 0.157131 -0.0177982 -0.0100575 -0.0244729
0.0338245 -0.00843742 0.0838353 0 0.0414873 0 -0.0101316 0 0 -0.0241854
0.158994 0 0.177333 0 0.0361068 0 0.324441 0.320825 0.243174 0.261409
0.261172 0.261803 0.26373 0.259867 0.262431 0.296119 0.300934 0.300053 0.298202 0.273934
0.269079 0.267318 0.293302 0.286343 0.269492 0.27271 0.269901 0.26626 0.287878 0.293882
0.301648 0.306156 0.28011 0.274154 0.274262 0.294339 0.291352 0.289259 0.310088 0.3135
0.105908 -0.0258888 -0.0374736 -0.0167223 0.117343 0.0724344 0.0169052 0.00370381 0.0878777 -0.0247953
-8.11189e-05 0.165829 0.122677 0.0181346 -0.00185232 0.0291767 0.0334325 -0.00520208 0.298298 0.303337
0.322017 0.31838 0.296995 0.308976 0.313544 0.326686 0.325188 0.307613 0.323004 0.27545
0.262302 0.281245 0.32544 0.306289 0.292469 0.299388 0.310149 0.328899 0.316233 0.321406
0.341001 0.337033 0.315822 0.329498 0.33141 0.343804 0.342743 0.328319 0.263348 0.246073
0.24273 0.265338 0.278715 0.281183 0.257655 0.251053 0.135733 0.121421 0.286912 0.262972
0 0.0782263 0.102325 0.289047 0.288104 0.266634 0.266688 0.3063 0.285468 0.280728
0.305915 -0.0135583 -0.0115854 -0.0382452 -0.0566712 -0.0286851 -0.0139911 -0.0299238 -0.0430072 -0.0210012
-0.0341348 -0.0119422 -0.00685127 0.0901967 0.124391 0.276614 0.291761 0.217279 0.111204 0.201165
0.2068 0.12052 0.12405 0.0964063 0.275479 0.282636 0.340989 0.310201 0.304846 0.309293
0.334903 0.34792 0.325465 0.316907 0.315594 0.346066 0.31567 0.148217 0.139221 0.233723
0.327762 0.341763 0.331939 0.329373 0.333663 0.324973 0.348387 0.328988 0.324692 0.326157
0.341631 0.353005 0.336423 0.333388 0.334002 0.352032 0.0224949 0.0122773 0.134335 0.122998
0.0670004 0.0754214 0.20511 0.206047 0.0355546 0.0289907 -0.0409151 -0.0252313 0.0903827 0.0531459
-0.0243265 -0.0257494 0.0108559 0.00618764 -0.0351746 -0.0231637 -0.0153161 0.0803839 0.0860819 0.242085
0.240727 0.330638 0.324808 0.239878 0.256555 0.272052 0.336492 0.335078 0.246575 0.32741
0.312484 0.305122 0.320584 0.333478 0.264268 0.213144 0.232631 0.229575 0.249004 0.331919
0.242367 0.252047 0.344362 0.339132 0.251422 0.278375 0.27763 0.346033 0.346747 0.27254
0.322528 0.307002 0.304719 0.32067 0.327035 0.327502 0.312497 0.309722 0.224496 0.249017
0.326488 0.311503 0.24614 0.208177 0.21388 0.333937 0.333274 0.316698 0.316215 0.254387
0.258628 0.265119 0.319306 0.336025 0.334006 0.330341 0.331385 0.220248 0.225342 0.0635001
-0.0262114 -0.0380226 -0.0320175 0.0288568 0.0672338 0.00119957 -0.00775046 0.0707972 0.0450131 -0.0125301
-0.0304095 -0.022182 0.0586881 0.0247878 0.0573251 0.213842 0.239787 0.145988 0.0658742 0.147918
0.145872 0.0680589 0.0563327 0.0429347 0.214467 0.219012 0.313608 0.317235 0.326501 0.321155
0.312723 0.317278 0.32023 0.330811 0.330116 0.317233 0.320281 0.228555 0.208924 0.260225
0.327267 0.309638 0.293342 0.302454 0.318773 0.32474 0.324489 0.325981 0.336803 0.331694
0.325543 0.325639 0.339754 0.339536 0.327975 0.239621 0.338389 0.318805 0.310076 0.341441
0.197563 0.240783 0 0 0.238456 0.243809 0.253168 0 0 0.0883832
0.0513608 0.178411 0.225478 0.169311 0.172487 0.246641 0.237224 0 0 0.272819
0 0 0.266723 0.0799055 0.0845841 -0.0406586 -0.0251366 0.0236457 0.0131923 -0.0453261
-0.0253065 -0.0256597 -0.0411343 -0.0349035 -0.0231745 -0.0148838 0.0338528 0.0271795 0.295084 0.292534
0 0 0 0 0.299656 0.295647 0.316554 0.330093 0.33238 0.34197
0.327877 0.234173 0.140411 0.149114 0.123696 0 0.316609 0.325879 0 0
0.314562 0.316684 0 0 0.320795 0.31857 0.350089 0.337906 0.203851 0.260791
0.261785 0.259931 0.334803 0.340968 0.346101 0.34799 0.289442 0.27257 0.264664 0.276139
0.290547 0.26494 0.247326 0.25817 0.334699 0.343141 0.350194 0.266045 0.257998 0.267789
0.294485 0.291633 0.285478 0.353451 0.353517 0.351863 0.35379 0.274591 0.281678 0.122654
-0.0124615 -0.038019 -0.00663494 0.0876512 0.110245 0.0253203 0.0228278 0.119142 0.0949181 0.0287663
-0.00913962 -0.00727409 0.122631 -0.0281074 -0.0125729 0.136553 0.121668 0.0291713 -0.0126092 0.0219977
0.0185136 -0.0190244 -0.00828897 -0.015725 0.147466 0.14844 0.264946 0.271646 0.326516 0.323095
0.26727 0.282732 0.291907 0.330985 0.329546 0.280286 0.328093 0.304332 0.297085 0.310701
0.329904 0.283144 0.263552 0.277691 0.288266 0.333835 0.289017 0.29759 0.345375 0.341659
0.290066 0.308299 0.312054 0.34825 0.347071 0.307719 0.324594 0.348217 0.299048 0.28517
0.357339 0.312588 0.311905 0.313157 0.299419 0.296448 0.166278 0.121424 0.314609 0.299557
0 0.0969062 0.127659 0.320109 0.320272 0.307281 0.306817 0.333138 0.318931 0.315063
0.33193 0.173618 0.169567 -0.00263166 -0.0221332 -0.035804 -0.0483064 -0.0261509 -0.0024874 -0.0195853
-0.0326011 -0.00605999 -0.00925469 -0.0356733 -0.02448 -0.0205753 -0.00972439 0 0 0.265674
0.261512 0.126661 0.117243 0.28445 0.286695 0.265863 0.282113 0.100978 0.0812666 0
0.269398 0.28573 0 0 0.274609 0.274863 0 0 0.290469 0.285313
0.144702 0.116448 0.309399 0.306445 0.262178 0.248093 0 0 0.244668 0
0 0.245843 0.247555 0.27292 0.252067 0 0.138348 0.256147 0.252242 0.268672
0.254313 0 0 0 0.258901 0.259955 0.271714 0.276593 0 0
0.183687 0.276384 0.289268 0.284906 0.303351 0.290588 0.291997 0.0185143 -0.0230615 0.295216
0.297624 0 0.0978544 0.126109 0.0948134 0 0.294956 0.309312 0.299977 0.302603
0.211084 0.0454458 -0.0264517 0.311997 0.315865 0.315334 0.246515 0.269792 0.116385 0
0.262331 0.290203 -0.0316114 0.0356256 0.0287099 0.267087 0.28207 0.0159205 0.0204428 0.200408
0.284249 0.309796 -0.0349922 0.0574617 0.26032 0.262204 0.261392 0.254076 0.265745 0.214828
0.0736127 0.273953 0.290871 0.291066 0.258736 0.247731 0.264855 0.267208 0.26762 0.295615
0.228002 0.0912094 0.286244 0.292909 0.35206 0.132882 0.248463 -0.0374451 -0.0426183 -0.0460491
-0.0418807 -0.025981 -0.0332798 0.0865741 0.245886 -0.0371626 -0.0486047 0 0 0.234146
0 0 -0.022947 0 0.269619 0.185333 0.181739 0.175723 0.172412 0.250747
0 0 0.0689302 -0.0227238 0 0 0.256211 0.200966 0.308749 0.325402
0.252687 0.265789 0.31453 0.329994 0.023022 0.159725 0.151933 0.31413 0.329244 0.147998
0.149132 0.0422621 0.169696 0.297697 0.295462 0.315459 0.298682 0.299364 0.153263 0.0176343
0.30183 0.303563 0.257372 0.244494 0.208884 0.204661 0.241146 0.303146 0.320982 0.305853
0.307934 0.249622 0.166645 0.0404347 0.311242 0.260582 0.254678 0 0.232132 0.182002
0.265589 -0.0371501 -0.0232283 -0.0248992 0 0.246297 0.00588119 0.0109478 0.0674464 0.196553
0.27271 -0.0366826 -0.0220649 -0.0420928 0.248651 0.133367 0.13523 0.07659 0.0677305 -0.0329948
-0.048183 0.202855 0.244529 0.0856666 0.253193 0.289524 0.0718582 0.212919 0.215357 0.267403
0.205657 0.200402 0.0896556 0.225775 0.247167 0.244002 0.271241 0.247234 0.251578 0.0357673
-0.0311842 0.258132 0.262795 0 0.11622 0.104062 0.0794966 0 0.26305 0.282864
0.267104 0.266756 0.202 0.0590041 -0.0349575 0.281461 0.286585 0.28548 0.295214 0.307803
0.0957739 0 0.301632 0.317539 -0.0241534 0.0161278 0.0154578 0.304479 0.313802 0.0334556
0.0300527 0.212851 0.318355 0.335086 -0.0264289 0.0460047 0 0.259952 0.315272 0.310525
0.276288 0.273429 0.277667 0.31495 0.276282 0.281539 0.26944 0.147988 0.313237 0.283189
0.287847 0.308246 0.286485 0 0.273786 0.310387 0.304001 0.318089 0.283864 0.289391
0.309945 0.290636 0.195988 0.330697 0.326736 0.303793 0.306048 0.333396 0.282291 0.259985
0 0 0.266025 0.00135655 -0.0366023 -0.0473496 -0.0220498 -0.0324134 -0.0201309 -0.0318068
0.0363707 -0.0387957 0 0 0.303424 0.322759 0.307854 0 0 0
0.270024 0.296327 0.29771 0.245393 0 0 0 0 0 0.274291
-0.047492 -0.0146323 -0.00505606 -0.0221741 0.0240216 0.0260975 -0.0328942 -0.0478581 -0.0151398 0.0271421
0 0 0 0 0 0 0.258023 0.266182 0.267524 0.0763746
0.100411 0.198187 0.262179 0.354141 0.361422 0.308896 0 0 0.293106 0.295636
0 0 0.294313 0.296169 0 0.300103 0 0.305594 0.322478 0.315749
0 0 0 0.317329 0.315378 0.328993 0 0.313016 0 0
0.314268 0.31775 0.333396 0 0.320661 0.321169 0.0154482 0 0.0185914 0
0 0 0.179177 0.0817542 0.0440418 -0.0047837 -0.0134802 0.0934753 0 0
0.0854973 0 0 0.25421 0 0 0 0 0.0150675 0.0839128
0.24825 0.164266 0.237932 0.326476 0.334586 0.333493 0.34255 0.30844 0.252491 0.239719
0.24908 0.264881 0.255437 0.317824 0.341007 0.325519 0.247539 0.0359759 0.144739 0.0596359
-0.0277618 -0.0318736 -0.0357553 -0.0372973 -0.0117188 -0.00172782 -0.0364965 -0.0302251 -0.030704 -0.01424
0.245013 0.232995 0 0 0.241432 0 0.256698 0.247746 0 0
0 0 0 0.308423 0.324962 0.309711 0 0 0 0.034079
0.0588612 0.143975 0.239196 0.268237 0.244655 0.246354 0.248298 0 0 0.0917273
0 0 0.0166321 0 0 0.0191366 0 0 0 0
0 0.293747 0.308783 0.304329 0.309725 0.308444 0.315239 0.325263 0.305233 0
0.316615 0 0.318357 0.323553 0.327531 0 0.315662 0.326317 0.330722 0.330593
0.335158 0.336441 0.320855 0.332366 0.333937 0.267008 0.361216 0.07506 -0.0151201 -0.0471494
-0.0561497 -0.0225456 -0.0422285 -0.02914 -0.033277 -0.015458 -0.048437 0.0253071 -0.031496 -0.0317298
-0.0150489 0 0 0.266743 0.299048 0.274653 0 0 0 -0.0231534
0.307786 0.30274 0.301309 0.32523 0.326386 0.293837 0.295276 0 0 0
0 0.3111 0 0 -0.010981 -0.0379321 0.00578312 -0.0121064 -0.0153336 0.0153661
0.0241328 -0.0317902 -0.0394381 0.0422836 -0.0301419 0.0148276 0.0969393 0.0225336 0.261563 0
0 0.260993 0 0.2701 0.301699 0 0.279722 0.322585 0.288748 0.294566
0.29639 0.338812 0.349796 0.247048 0 0.256817 0 0 0 0.29061
0 0 0 0 0 0 0 0 0 0
0 0 0 0 0 0 0 0 0 0
0 0 0 0 0 -0.0110986 0 0 0 0
0 0 0 0.0463329 0 0 0 0.249956 0 0
0 0 0 0 0 0 0.255706 0.25877 0 0
0 0 0 0 0 0 0.242406 0.298788 0 0
0 0.250179 0.253178 0.0448011 0 0 0 0 0.0841651 0
0 0 0 -0.0105355 0 0 0 0 0 0
0 0 0 0 0 0 0 0 0 0
0 0.246338 0 0 0 0 0 0 0 0
0 0 0 0 0 0 0 0 0 0.348805
-0.00716872 0 -0.00704392 -0.0215686 0 -0.00905221 0 0 0 0.269636
0 0 0 0 -0.0141744 0 0 0 0 0
0 0.351552 0.315824 0.33918 0.317097 0.255376 0.258767 0 -0.0265927 0
0 0 0.250179 0 0.253878 0 0 0 0.294325 0
0.31427 0 0 -0.0141902 0 0 0 0 0 0.308639
0 0 -0.00381849 0 0 0 0 0.276253 0 0.262145
0 0 -0.0307254 0 0 0 0 0 0.305121 0
0 0 0 -0.036793 0 0 0 0 0 -0.0264434
-0.0132619 -0.01902 -0.0349019 0.0246033 0.0226484 0 0 0.294892 0 0.312651
0 0 0.263997 0 0 0 0 -0.0331119 0 0
0 0 -0.0108184 -0.00111289 -0.0275851 -0.0361276 -0.0123203 -0.00225799 0 0.259203
0.308867 0 0 0 0 0 -0.0363533 0 0 0
0 0 0.269819 0 0 0 0 -0.0300231 0 0
0 0 -0.0220323 0.283862 0.287643 0.258082 0.256861 0.086555 0.00683142 -0.01736
-0.0237191 0.113528 -0.0023712 -0.000968836 0.0348656 0.122545 0.28111 0.245048 0.0909237 -0.0231251
-0.0421023 -0.0208281 0.117799 0.202562 0.254059 0.331465 0.313192 0.13578 0.0486224 0.0027519
-0.0286578 0.00799056 0.0909736 0.229524 0.319004 0.207511 0.311114 0.0684291 -0.00472928 -0.0347847
0.0619352 0.137112 0.200158 0.302113 0.315418 0.228013 0.169206 0.0903255 -0.0290717 -0.0369548
0.00252987 0.135784 0.312643 0.253385 0.331298 0.116406 0.0226403 -0.0221675 -0.0215264 0.0130664
0.0935873 0.247554 0.286408 0.122419 0.289422 -0.00399032 -0.0279535 -0.0150721 0.0949009 0.273293
0 0.258099 0.0691045 0.0162015 0 -0.0272977 0.0028675 -0.0152839 0 0
0.0304353 0 0.0918174 0.068881 0.0102749 -0.0156787 0.0156571 0 0 -0.0287693
0 0.0243766 0.108493 0.0277091 0 0 0.196504 0.243439 0 0.0438015
0.0993695 -0.036261 -0.0188523 -0.0232716 0 0 0.0133661 0 0.170455 0.220884
0.166994 0.202723 0.142149 0.0645941 0.143563 0 0.00377823 0 -0.0134159 0.0605992
-0.00304663 0 0 0.140168 0.196909 0.16577 0.219413 0.00780162 -0.0191194 0.0133107
0 0 -0.0238127 0 0.0489117 0.099377 0.0439369 0 0.242805 0.201475
0.107295 0.195618 0 0.0261663 0 -0.0422358 -0.0144824 -0.0288296 0 0
0.0174897 0 0.0707981 0 0.0917142 0.0316784 0.00072961 0.0284933 0 0
-0.0153771 0 0.0111582 0.0747196 0.0191398 0 0.302788 0 -0.00680714 0
-0.0117044 0 0.0053413 0 0.0832535 0 -0.0242124 0 0.0826945 0
0.0051333 0 -0.0128823 0 -0.00479413 0 0 0.342816 0.349284 0.344783
0.318579 0.309726 0 0 0 0 0.333795 0.34228 0.359675 0.318916
0.288006 0 0 0.372228 0.355249 0.3504 0 0 0 0
0.241056 0.25943 0.359172 0.346138 0.331311 0 0 0.34522 0.348365 0.372279
0.27995 0.33093 0.364889 0.287071 0.309627 0 0 0.262806 0.28076 0
0 0 0 0.333244 0.361573 0 0 0.32824 0.298195 0
0 0 0 0 0.354843 0.335429 0.265823 0.269559 0 0.265622
0.257598 0 0.35385 0.346734 0.324135 0 0 0.309868 0.296713 0
0.320109 0 0 0 0.328235 0 0.300088 0 0 0
0 0 0 0 0.313873 0 0.313395 0.315722 0 0
0.229324 0.227771 0.227733 0.229294 0.231038 0.231016 0.232899 0.232886 0.234877 0.234874
0.236923 0.236927 0.238969 0.238957 0.240932 0.240857 0.242752 0.242581 0.244409 0.244163
0.245937 0.245712 0.247323 0.24722 0.248494 0.248509 0.249427 0.249508 0.250197 0.250305
0.250797 0.250914 0.251565 0.251682 0.251692 0.251805 0.253651 0.253756 0.251592 0.251691
0.258244 0.258332 0.249319 0.2494 0.268412 0.26847 0.241855 0.241905 0.241199 0.241209
0.0220106 0 0.229399 0.227872 0.231082 0.232907 0.234846 0.236858 0.238899 0.24092
0.24285 0.244597 0.246072 0.247275 0.248279 0.249117 0.249847 0.250438 0.251214 0.251357
0.253337 0.2513 0.257982 0.249078 0.268213 0.241691 0.241098 0 0.229489 0.228011
0.231112 0.232868 0.234731 0.236663 0.238624 0.240575 0.242455 0.244161 0.245584 0.246733
0.247696 0.24851 0.249237 0.249841 0.250642 0.250816 0.252834 0.25083 0.257558 0.24868
0.267877 0.241387 0.240859 0 0.229551 0.228135 0.231097 0.232762 0.23452 0.236339
0.238178 0.239995 0.241735 0.243325 0.244696 0.245847 0.246823 0.247653 0.248402 0.249039
0.24988 0.250099 0.252169 0.25021 0.257002 0.248157 0.267428 0.240971 0.240506 0
0.229529 0.228182 0.230991 0.232556 0.234201 0.235896 0.237605 0.239285 0.240887 0.242361
0.243668 0.2448 0.245778 0.246625 0.247405 0.248082 0.248974 0.249249 0.251384 0.249482
0.256349 0.247542 0.2669 0.240473 0.240079 0 0.229358 0.228076 0.23074 0.232208
0.233743 0.235318 0.236901 0.238454 0.239938 0.241313 0.242557 0.243658 0.244631 0.245493
0.246303 0.247024 0.247973 0.248309 0.250519 0.248682 0.255638 0.246876 0.266327 0.239926
0.239611 0 0.228978 0.227739 0.230301 0.231693 0.233137 0.23461 0.236085 0.237532
0.238918 0.240214 0.241403 0.242476 0.243442 0.244317 0.245157 0.245921 0.246924 0.247321
0.249605 0.247835 0.254885 0.246174 0.265726 0.239358 0.239128 0 0.228379 0.227149
0.229677 0.231027 0.232412 0.233813 0.235209 0.236574 0.237886 0.239123 0.24027 0.241321
0.242284 0.243171 0.244038 0.244838 0.245885 0.246327 0.248666 0.246941 0.254068 0.245407
0.265085 0.238786 0.238652 0 0.227632 0.226379 0.228936 0.230276 0.231635 0.232995
0.234339 0.23565 0.236912 0.238109 0.239231 0.240272 0.241238 0.24214 0.243032 0.243867
0.244953 0.245432 0.247809 0.24611 0.253292 0.244676 0.264485 0.238268 0.238222 0
0.226867 0.225573 0.228196 0.229547 0.230901 0.232244 0.233563 0.234844 0.236075 0.237248
0.238355 0.239394 0.240372 0.241297 0.242222 0.243098 0.244233 0.244763 0.247201 0.245556
0.252809 0.244231 0.264103 0.237892 0.237893 0 0.226237 0.224901 0.227597 0.228964
0.230325 0.231667 0.232977 0.234244 0.23546 0.236616 0.237709 0.238744 0.239735 0.24069
0.241656 0.242577 0.243762 0.244348 0.24685 0.245268 0.252584 0.244025 0.263902 0.237657
0.237677 0 0.225889 0.224523 0.227271 0.228653 0.230022 0.231366 0.232675 0.233938
0.235148 0.236296 0.237382 0.238413 0.23941 0.240384 0.241373 0.24232 0.243532 0.244145
0.246673 0.24511 0.252443 0.243883 0.263772 0.23753 0.237569 0 0.225926 0.224555
0.22731 0.228692 0.230059 0.231402 0.232712 0.23398 0.235193 0.236342 0.237422 0.238449
0.239444 0.240414 0.241399 0.242345 0.243557 0.244167 0.246688 0.245114 0.252436 0.243875
0.263772 0.237542 0.237583 0 0.226361 0.225019 0.227719 0.229079 0.230429 0.231759
0.233065 0.234336 0.235559 0.236713 0.237789 0.23881 0.2398 0.240758 0.24173 0.24266
0.243853 0.244443 0.24694 0.245345 0.252641 0.244069 0.263942 0.237708 0.237727 0
0.227123 0.225832 0.228438 0.229759 0.231074 0.23237 0.233642 0.234884 0.236089 0.237251
0.238368 0.239433 0.240441 0.241395 0.24235 0.243254 0.244415 0.24497 0.247426 0.245797
0.253045 0.24445 0.264269 0.238019 0.237995 0 0.228082 0.226846 0.229354 0.230645
0.231934 0.233203 0.234442 0.235651 0.236843 0.238028 0.239206 0.24033 0.241357 0.242302
0.24323 0.244097 0.245213 0.245719 0.248118 0.24644 0.253621 0.24499 0.26473 0.238453
0.238369 0 0.229075 0.227878 0.230328 0.231618 0.232927 0.234235 0.235526 0.236796
0.238048 0.239271 0.240442 0.241532 0.242524 0.243434 0.24432 0.245139 0.246197 0.246643
0.248972 0.247234 0.254332 0.245655 0.265297 0.238984 0.238822 0 0.229944 0.228755
0.231209 0.232536 0.233906 0.235303 0.236707 0.238095 0.239439 0.240705 0.241858 0.242897
0.243841 0.244707 0.245547 0.246311 0.247304 0.247681 0.249931 0.248125 0.255129 0.2464
0.265932 0.239577 0.239326 0 0.230599 0.229384 0.231906 0.233293 0.234743 0.236236
0.237741 0.239221 0.240637 0.241953 0.243142 0.244203 0.245157 0.246012 0.24682 0.247533
0.248462 0.248768 0.250934 0.249056 0.25596 0.247177 0.266593 0.240194 0.239847 0
0.231041 0.229781 0.232408 0.233871 0.235412 0.237005 0.238611 0.240184 0.241676 0.243046
0.24428 0.24539 0.24639 0.24727 0.248065 0.248736 0.249603 0.249839 0.251921 0.24997
0.256776 0.247938 0.267239 0.240795 0.240357 0 0.231329 0.23002 0.232759 0.234301
0.235938 0.237636 0.239355 0.241042 0.242643 0.24411 0.245417 0.246573 0.247595 0.248468
0.249234 0.249858 0.250664 0.250831 0.252833 0.250811 0.257525 0.248635 0.267832 0.241343
0.240823 0 0.23152 0.23017 0.233006 0.23462 0.236342 0.23814 0.239967 0.24177
0.243494 0.245083 0.246491 0.247696 0.248704 0.249534 0.250249 0.25082 0.251567 0.251674
0.253606 0.251525 0.258161 0.249226 0.268332 0.241801 0.241207 0 0.231654 0.230276
0.23318 0.234848 0.236639 0.238517 0.240432 0.242325 0.244134 0.245801 0.247275 0.248517
0.249526 0.250333 0.251013 0.251541 0.25224 0.2523 0.254185 0.252063 0.258642 0.249672
0.268708 0.242136 0.24147 0 0.231742 0.230352 0.23329 0.234991 0.236824 0.238753
0.240721 0.242665 0.244519 0.246224 0.247727 0.24899 0.250011 0.250816 0.25148 0.251982
0.252652 0.252685 0.254542 0.252396 0.258939 0.249945 0.268929 0.24232 0.241586 0
0.231773 0.230381 0.233328 0.235039 0.236887 0.238832 0.240817 0.242776 0.244646 0.246366
0.247879 0.249148 0.250173 0.250978 0.251638 0.252132 0.252793 0.252818 0.254666 0.25251
0.259039 0.250036 0.268995 0.242375 0.2416 0.0220275 0.221342 0.22063 0.220603 0.221306
0.222138 0.222098 0.223028 0.222984 0.224021 0.223976 0.225132 0.225088 0.226377 0.226335
0.221504 0.220795 0.222297 0.223181 0.224167 0.225268 0.226498 0.221818 0.221139 0.222583
0.223442 0.224403 0.225476 0.226675 0.222167 0.22152 0.222902 0.223729 0.224657 0.225695
0.226851 0.222461 0.221846 0.223162 0.223956 0.224848 0.225845 0.226955 0.222614 0.222051
0.223271 0.224024 0.224877 0.225835 0.226901 0.222402 0.221868 0.223036 0.223772 0.22461
0.225551 0.226595 0.221645 0.221063 0.222322 0.223096 0.223968 0.224937 0.225999 0.220482
0.219805 0.221247 0.222101 0.223045 0.224076 0.22519 0.219233 0.218469 0.220085 0.221023
0.222047 0.223152 0.22433 0.218138 0.217293 0.219071 0.220088 0.221188 0.222362 0.223604
0.217444 0.216527 0.218442 0.219521 0.220676 0.221902 0.223188 0.217419 0.216488 0.21843
0.21952 0.220686 0.221921 0.223215 0.218123 0.217243 0.219086 0.220131 0.221255 0.222451
0.22371 0.219371 0.218575 0.220251 0.221217 0.222264 0.223389 0.224582 0.220924 0.220235
0.221699 0.222563 0.223514 0.22455 0.225664 0.222477 0.221908 0.223141 0.223901 0.224758
0.22571 0.226752 0.223637 0.223136 0.224238 0.22494 0.225743 0.226648 0.227654 0.224228
0.223709 0.22484 0.225547 0.226352 0.227259 0.22827 0.22444 0.223876 0.225088 0.225827
0.22666 0.227593 0.228632 0.225191 0.22452 0.225952 0.226808 0.227766 0.228834 0.225243
0.224558 0.226017 0.226888 0.227864 0.228954 0.225307 0.224617 0.226085 0.226959 0.227941
0.229042 0.225415 0.224745 0.226178 0.227042 0.228016 0.229114 0.225477 0.224823 0.226228
0.227082 0.22805 0.229145 0.206338 0.198934 0.230757 0.224566 0.20989 0.221765 0.212122
0.219887 0.213491 0.218605 0.214418 0.21778 0.215116 0.217321 0.215721 0.217169 0.216285
0.21724 0.216775 0.217408 0.21717 0.217589 0.217501 0.217777 0.217818 0.217997 0.218153
0.218266 0.218526 0.218591 0.218952 0.218981 0.21944 0.219444 0.219998 0.219983 0.196049
0.181814 0.203161 0.207754 0.210681 0.212649 0.214037 0.215092 0.215946 0.216623 0.217138
0.217547 0.217912 0.218278 0.21867 0.219108 0.219603 0.220163 0.220319 0.222467 0.219305
0.218574 0.218031 0.217695 0.217556 0.217606 0.217799 0.218035 0.218249 0.218447 0.218662
0.218915 0.219221 0.219589 0.220028 0.220544 0.221008 0.223564 0.219898 0.219178 0.218683
0.218393 0.218283 0.218341 0.218523 0.218734 0.218916 0.219078 0.219255 0.219472 0.219741
0.220073 0.220477 0.220958 0.198687 0.185033 0.205768 0.210394 0.213337 0.215282 0.216601
0.217549 0.21827 0.218802 0.219168 0.219432 0.219659 0.219893 0.220161 0.220478 0.22086
0.221314 0.211216 0.203347 0.215089 0.217385 0.218626 0.219301 0.219675 0.219923 0.220126
0.22027 0.220343 0.220379 0.220427 0.220519 0.220669 0.220891 0.221192 0.221578 0.237433
0.245751 0.232903 0.229527 0.226947 0.224995 0.223562 0.222577 0.221939 0.221504 0.221171
0.220917 0.220755 0.220691 0.220726 0.220861 0.221097 0.221432 0.219673 0.216201 0.220754
0.221014 0.220811 0.220463 0.220121 0.219877 0.219748 0.219669 0.21959 0.219523 0.219502
0.219549 0.219673 0.219884 0.220184 0.220576 0.194142 0.177484 0.202323 0.207502 0.210721
0.212804 0.214187 0.215163 0.215901 0.216446 0.216827 0.217108 0.217356 0.217618 0.21792
0.218279 0.218708 0.219215 0.213503 0.213407 0.213587 0.213613 0.213596 0.213647 0.213791
0.214046 0.214389 0.214738 0.215038 0.215305 0.215581 0.215893 0.21626 0.216693 0.217202
0.217792 0.219215 0.225415 0.216333 0.214487 0.213309 0.212639 0.212359 0.212388 0.212632
0.21296 0.213283 0.213599 0.213937 0.214319 0.214761 0.215273 0.215862 0.216534 0.191317
0.179814 0.197322 0.201339 0.204025 0.205964 0.207447 0.208665 0.209716 0.2106 0.21132
0.211926 0.212483 0.213037 0.213617 0.214243 0.214931 0.21569 0.189643 0.177725 0.195953
0.200224 0.203116 0.205225 0.206848 0.208179 0.20932 0.210278 0.211055 0.211709 0.212306
0.212893 0.213501 0.214151 0.214859 0.215636 0.215261 0.22053 0.213075 0.211822 0.211134
0.210875 0.210934 0.21124 0.211708 0.212214 0.212682 0.213115 0.21355 0.214014 0.214524
0.215093 0.215732 0.216447 0.210024 0.208979 0.210723 0.211264 0.211676 0.212094 0.212552
0.213068 0.213625 0.214149 0.214592 0.214977 0.21535 0.215744 0.216179 0.21667 0.217228
0.217861 0.192245 0.174448 0.201013 0.206599 0.210095 0.212386 0.213937 0.215049 0.215896
0.216531 0.216986 0.217327 0.217626 0.21793 0.218266 0.218653 0.219104 0.21963 0.219899
0.215648 0.221347 0.221816 0.221702 0.221388 0.221056 0.220812 0.220678 0.220593 0.220509
0.220436 0.220409 0.220449 0.220566 0.220767 0.221055 0.221435 0.239391 0.247442 0.234951
0.231579 0.22894 0.226906 0.225391 0.224328 0.223622 0.223129 0.222745 0.222445 0.22224
0.222137 0.222135 0.222235 0.222435 0.222735 0.212977 0.20463 0.217096 0.219525 0.220807
0.221478 0.221827 0.222042 0.222208 0.222315 0.222349 0.222344 0.222349 0.222396 0.222503
0.222682 0.222939 0.22328 0.200161 0.185907 0.207581 0.212446 0.215536 0.217571 0.218945
0.219923 0.220654 0.221182 0.221532 0.221769 0.221962 0.222157 0.222382 0.222654 0.222989
0.223394 0.223299 0.225596 0.222381 0.221823 0.221435 0.221213 0.221143 0.221219 0.2214
0.221598 0.221753 0.221878 0.22201 0.222176 0.222392 0.222668 0.223013 0.223434 0.223936
0.223743 0.226169 0.222689 0.221988 0.221484 0.221177 0.221054 0.221103 0.221278 0.221482
0.22165 0.221792 0.221942 0.222126 0.222358 0.222649 0.223009 0.223444 0.223959 0.200427
0.186357 0.207519 0.212124 0.21506 0.217019 0.218381 0.219391 0.220183 0.220784 0.221212
0.221524 0.221788 0.222048 0.222331 0.222656 0.223038 0.223487 0.224012 0.213926 0.207376
0.216957 0.218774 0.219791 0.220403 0.220821 0.221173 0.221509 0.221789 0.221987 0.222133
0.222272 0.222438 0.222648 0.222917 0.223254 0.223668 0.224164 0.23475 0.24284 0.230836
0.228107 0.226146 0.224753 0.223817 0.223261 0.222986 0.222854 0.222767 0.222713 0.22271
0.222771 0.222905 0.223116 0.223411 0.223792 0.224262 0.338592 0.331543 0.327277 0.351717
0.353832 0.349271 0.336443 0.319907 0.339661 0.165934 0.176101 0.303441 0.313357 0.263512
0.172114 0.251768 0.178826 0.24432 0.185118 0.2394 0.190531 0.23597 0.194923 0.233312
0.140176 0.0550411 0.0569242 0.201523 0.124844 0.044136 0.0236543 0.136122 0.147842 0.158136
0.167042 0.174524 -0.0421722 -0.0448132 -0.0242077 0.182155 0.224739 0.0484375 0.242678 0.290176
0.181325 0.232668 0.228015 0.225466 0.224165 0.223395 0.352665 0.356727 0.368068 0.366242
0.350327 0.287676 0.309004 0.343297 0.364473 0.350502 0.316203 0.245354 0.236472 0.231323
0.227993 0.226037 0.224806 0.340117 0.310708 0.301352 0.336262 0.200599 0.245811 0.327354
0.135137 0.0620823 0.193019 0.145693 0.156014 0.164308 0.17173 0.178296 -0.0182277 -0.0559824
-0.0575044 -0.040387 0.171525 0.146812 0.0227702 0.178451 0.185023 0.19024 0.195036 0.199261
0.0913096 0.100725 0.123372 0.293082 0.315361 0.24697 0.280151 0.333675 0.281688 0.271343
0.263515 0.257285 0.252876 0.24951 0.38334 0.364467 0.358154 0.357565 0.381284 0.361108
0.344693 0.362318 0.376329 0.20119 0.211432 0.331452 0.202883 0.205652 0.208315 0.211237
0.213924 0.257009 0.221744 0.0465993 -0.0383614 0.089309 0.116324 0.0339419 0.0591409 0.127687
0.139862 0.150593 0.160376 0.168952 -0.0376375 -0.00133017 0.106886 0.082922 -0.0207706 0.2185
0.224537 0.106743 0.21427 0.212799 0.212342 0.212628 0.213136 0.263249 0.288419 0.369411
0.367152 0.256254 0.296466 0.319494 0.353239 0.364733 0.288746 0.220353 0.257066 0.246971
0.239891 0.234716 0.231113 0.228381 0.358907 0.340044 0.337756 0.359097 0.237124 0.292924
0.340766 0.135075 0.0948439 0.224181 0.144216 0.153174 0.160878 0.167895 0.173946 0.0411072
-0.0141845 -0.0274639 0.0532427 0.132341 0.095281 0.0163454 0.141658 0.150696 0.158467 0.165565
0.171711 0.0558895 0.0466949 0.0659399 0.23284 0.289071 0.202325 0.250699 0.289446 0.219582
0.240865 0.233958 0.228985 0.225621 0.223147 0.349456 0.351026 0.359155 0.35645 0.349407
0.219803 0.216229 0.285092 0.355227 0.344301 0.311954 0.212958 0.208406 0.206958 0.206761
0.2074 0.208282 0.261097 0 0 0.254285 0.105037 0.081718 0.218872 0.112212
0.0320197 0.10447 0.123014 0.135151 0.146129 0.156324 0.165366 -0.0369686 -0.00193548 0.0441609
-0.0377809 -0.0535001 0.199335 0.20919 0.0559365 0.201021 0.203928 0.206783 0.209981 0.212988
0.319388 0.313591 0 0 0.219147 0.344671 0.361684 0.33795 0.254621 0.280872
0.334621 0.331803 0.272271 0.264613 0.25853 0.254267 0.251049 0.30415 0.279438 0.275054
0.381626 0.383808 0.37689 0.361939 0.292967 0.314614 0.172765 0.146402 0.281839 0.179286
0.185768 0.19106 0.19598 0.200343 0.0995793 0.0194165 -0.0144709 0.0899534 0.135747 0.0608001
0.0221912 0.145815 0.156113 0.164567 0.172176 0.178922 -0.0423009 -0.0227677 0.00068903 0.199683
0.244772 0.0779074 0.247045 0.289679 0.192149 0.237971 0.232913 0.229717 0.227875 0.226732
0.342397 0.349574 0.373056 0.371317 0.338792 0.294539 0.321284 0.355861 0.369367 0.345547
0.310876 0.246548 0.236687 0.23214 0.229586 0.228181 0.227264 0.357419 0.333764 0.328899
0.354865 0.18804 0.231021 0.340729 0.127457 0.045159 0.185605 0.139778 0.152169 0.162758
0.17173 0.179163 -0.045579 -0.0622119 -0.0594916 -0.0438054 0.174396 0.185888 0.0247071 0.181083
0.1881 0.194389 0.199616 0.203732 0.32208 0.314297 0 0 0.212846 0.150725
0.174585 0.336814 0.356378 0.341591 0.279016 0.330402 0.319831 0.266863 0.258985 0.25352
0.249443 0.246112 0 0 0.296632 0.300469 0.340858 0.308011 0 0
0.326133 0.325742 0 0 0.329399 0.324893 0.355783 0.338949 0.33482 0.329864
0.347277 0 0 0.079209 0 0 0.27604 0.280634 0.305272 0.315081
0 0 0 0 -0.0544237 0 0 0 0.298793 0
0.221671 0.344548 0.358927 0 0 0.203321 0 0 0.333036 0.330799
0.349467 0.337196 0.333456 0 0.295338 0 0 -0.0203114 0 0
0 0.0881879 0.313927 0 0 0.245261 0 0 0.312141 0.303083
0.349501 0.330804 0.328271 0.344688 0.361169 0 0 0.0512948 0.341683 0
0.371577 0.368751 0.34226 0.346776 0.354502 0.367395 0.357256 0.163714 0 0
-0.05731 -0.0155836 0.0577691 -0.0598418 -0.0564142 0.347216 0.322234 0 0 0
0.00459087 0 0 -0.0138981 -0.0308112 -0.0514764 0.0203398 0.0318382 0 0
0 0.363308 0 0 0.315075 0.320905 0.339162 0.339631 0.360737 0.343063
0.280715 0.270939 0.294196 0.0623322 0 0 -0.0232289 -0.0243792 -0.00710998 -0.00842639
-0.00209704 0.277779 0.268041 0 0 0.29084 0 0.285486 0 0.337356
0.356441 0.356998 0.363487 0.362297 0.121884 0 0 -0.0596695 -0.0322344 0.0303836
-0.0592002 -0.05451 0.361789 0.34047 0 0 0 -0.0237419 0 0
0.0623552 -0.0145652 -0.0586728 0.0622313 0.0639792 0 0.332772 0.354384 0.320237 0.318039
0 0 0 0 0.335425 0 0 0 0 0
0.305112 0 0 0 0.301272 0.335886 0 0 0 0
0 0 0 0 0.323358 0 0 -0.0231972 -0.0319357 -0.0466677
-0.0504183 -0.0382453 -0.0436819 0 0.329399 -0.0477741 -0.0512917 -0.0215816 -0.0315254 0
0 0.331096 0 0 0 0 0.34466 0.322065 0.296701 0.328516
0.268673 0.247136 0 0.336273 0.356289 0.346929 0.329269 0 0.245251 0.267746
0.331053 0.298641 0.325961 0.349069 0 0.31031 0.334847 0.352757 0.314234 0
0 0.31261 0.351411 0 0 0 0.265958 0 0 0.262684
0 0 0 
enstrophy 1 7164 float
46.9789 46.947 45.76 46.6919 40.4715 40.0914 29.3535 29.673 25.233 25.7939 23.651
24.2761 22.3162 22.935 21.1518 21.7296 20.2904 20.8128 19.6702 20.1329 19.1978
19.6028 18.8252 19.1793 18.5287 18.8456 18.2815 18.589 18.0312 18.3934 17.6727
18.2282 16.8915 18.0782 7.6916 18.4907 3.98863 1.73829 3.74893 4.83145 5.50457
0.373996 0.682364 0.867067 9.59228 10.0941 8.10291 11.2957 5.93601 6.74917 0.949116
1.29875 1.74664 2.13846 15.7717 20.9278 8.75087 10.147 11.575 2.90748 3.36859
3.2321 3.12811 7.90641 8.70839 8.54697 48.3328 48.9115 41.8847 29.7926 25.2961
23.5708 22.1758 20.9971 20.1502 19.5593 19.1202 18.7792 18.5084 18.271 17.9905
17.5085 16.3034 2.82179 3.85478 0.22762 1.95791 1.84629 1.13664 32.7034 23.5819
13.4138 42.4487 56.7053 605.155 193.31 55.5568 69.1945 51.8402 51.1131 45.4219
32.7176 27.7848 25.7749 24.1392 22.7498 21.727 20.9894 20.4259 19.9793 19.6228
19.3312 19.0627 18.7405 18.1475 3.06781 8.3229 0.131868 0.177055 1.68072 1.59528
0.76487 0.70357 16.8174 16.7924 19.8338 45.6089 40.4343 128.159 120.001 36.0348
15.7713 55.2979 53.3642 48.9923 35.851 30.5452 28.2948 26.4514 24.8679 23.6721
22.7816 22.0817 21.512 21.0428 20.6465 20.2804 19.8654 19.1792 8.62809 3.85918
2.39015 3.9488 4.00299 2.65232 6.71231 0.276589 10.6762 9.6643 0.797014 0.630159
9.24232 5.71132 9.33241 1.39528 0.837913 6.41557 10.6728 16.4878 29.8119 24.7819
10.2583 21.6966 22.1157 8.33516 5.85819 4.9889 2.39096 5.1215 4.66355 2.30875
2.28554 4.89687 56.5339 54.1967 50.2799 37.0169 31.6376 29.3659 27.5022 25.8886
24.661 23.7382 23.0034 22.3945 21.8764 21.4058 20.8948 20.161 18.5863 3.36564
4.2945 0.0675613 5.97083 20.5004 58.0145 1.14902 0.490621 9.59351 11.808 208.807
217.932 6.49358 77.9927 156.103 7.56321 32.9213 63.3771 14.1534 86.0649 45.432
11.6929 11.8522 185.221 188.921 56.6488 54.2713 50.378 37.0935 31.7245 29.4826
27.6499 26.0622 24.8569 23.9535 23.2347 22.6379 22.1295 21.67 21.1796 20.4936
19.0997 3.12525 8.16458 0.0975905 0.142342 1.36353 1.70237 0.627854 0.492266 24.0913
16.1087 17.9845 8.86529 21.5741 201.039 253.648 36.5184 32.7799 56.4239 54.1147
50.1138 36.83 31.4782 29.2564 27.448 25.886 24.7063 23.8281 23.1339 22.5628
22.088 21.6873 21.3267 20.9356 20.364 20.0743 4.3489 5.64531 3.58366 1.36499
3.8363 74.4101 68.7622 11.4879 38.8674 21.9693 13.4788 17.9775 91.7722 410.886
21.4101 23.1293 56.2152 53.9725 49.8725 36.5874 31.2408 29.0214 27.22 25.6694
24.5023 23.6363 22.9526 22.3889 21.9139 21.4957 21.0762 20.5364 19.5041 8.77181
4.44804 1.5077 4.04428 1.27933 4.65663 2.81401 8.45383 9.33205 7.38012 2.25091
2.31263 3.64788 4.00695 5.0815 2.33998 3.30461 7.98888 5.81544 2.74379 4.7431
5.14214 5.9869 6.90096 4.29895 3.39291 4.38118 5.16493 5.06686 4.40675 56.0695
53.8745 49.7065 36.4209 31.0742 28.8504 27.0479 25.5002 24.3372 23.4749 22.7938
22.2292 21.7449 21.2951 20.7878 20.0312 18.3789 3.17975 4.23447 0.141873 1.4508
1.41406 0.902294 41.8472 20.726 19.3303 53.6148 70.6309 585.775 130.122 42.5118
59.8331 55.9794 53.8141 49.605 36.3192 30.9709 28.7416 26.9356 25.3875 24.2254
23.3642 22.6849 22.1243 21.6501 21.2301 20.8101 20.284 19.3315 3.24049 8.71058
0.111429 0.101072 1.5422 2.02492 0.560113 0.528797 12.0729 17.9134 25.9308 42.9652
32.6455 219.75 181.378 30.2707 28.8132 55.9315 53.7823 49.5516 36.2654 30.9151
28.6813 26.872 25.3226 24.1598 23.2983 22.6195 22.0602 21.5898 21.1815 20.7958
20.361 19.6987 8.82593 4.76322 2.39917 4.0351 4.09823 3.15011 14.5785 1.62113
315.261 262.742 4.03215 3.04337 311.125 127.321 42.5255 3.94431 3.57322 214.342
14.9374 13.274 17.3724 9.92621 13.0132 29.148 31.3672 26.0052 109.523 214.465
7.51512 260.202 235.022 5.06748 6.92202 237.776 55.9128 53.7699 49.5308 36.2441
30.8925 28.6562 26.8449 25.2944 24.1306 23.2677 22.5866 22.0216 21.5367 21.0911
20.6051 19.9173 18.4968 3.46989 4.3346 0.0580873 1.36202 3.61239 11.6396 0.756106
0.263278 1.74051 2.08185 8.95562 7.51814 2.14776 6.26242 7.30817 1.90489 19.8005
39.0125 3.60926 13.2407 181.849 107.189 22.3525 1.60069 1.81127 12.0296 13.0883
55.9149 53.7717 49.5329 36.2461 30.8943 28.658 26.8468 25.2963 24.1325 23.2695
22.5882 22.0229 21.5379 21.0928 20.6076 19.9205 18.501 3.09968 4.3358 0.10975
0.148561 1.16336 1.46649 0.633382 0.487178 24.9657 20.3769 8.50727 19.4243 52.3829
146.175 174.012 22.4728 24.9143 55.938 53.7876 49.5583 36.2713 30.9206 28.6868
26.8776 25.3284 24.1657 23.3044 22.6259 22.067 21.5968 21.1892 20.8053 20.3723
19.7114 3.47169 8.83157 0.0578811 0.109438 1.16089 0.850531 0.31158 0.485484 52.1022
24.481 19.3806 38.6149 64.9852 144.027 410.421 28.3994 24.4254 55.9901 53.8228
49.616 36.3288 30.98 28.7506 26.9448 25.397 24.2352 23.3745 22.6958 22.1359
21.6623 21.2429 20.8232 20.2985 19.3485 8.71756 4.75998 3.14412 4.0998 4.0373
2.40027 1.3725 1.61088 2.10319 1.86685 3.99868 3.02048 1.75906 2.16189 2.49749
3.93298 3.54696 1.91987 14.9378 25.9742 31.3661 29.1539 13.0083 9.88861 17.2656
13.1772 3.56823 7.51065 1.77267 1.82549 5.00442 6.88366 1.56603 56.0846 53.8861
49.7218 36.4343 31.0869 28.863 27.0608 25.5134 24.3511 23.4896 22.8095 22.2463
21.7633 21.3151 20.8089 20.0543 18.4061 3.24404 4.2415 0.100006 14.5202 70.5186
67.6125 2.23061 0.529235 311.135 315.656 1165.31 1361.57 127.485 431.538 770.169
214.73 26.015 42.9427 109.257 403.832 35.2001 237.546 259.655 824.664 769.786
56.2352 53.9879 49.8928 36.6053 31.2577 29.0381 27.237 25.687 24.5207 23.6558
22.9736 22.4112 21.9378 21.5214 21.1039 20.5676 19.5396 3.18636 8.78719 0.109917
0.139684 1.51767 1.63568 0.604347 0.519829 12.0355 17.9025 19.1864 53.5525 18.2488
217.244 187.014 23.5972 28.4622 56.4496 54.1347 50.1401 36.8531 31.5001 29.2782
27.47 25.9089 24.7304 23.8536 23.1609 22.5915 22.1188 21.7205 21.3627 20.9737
20.4031 20.109 4.45257 5.64844 4.04865 1.49819 1.43418 59.5326 20.9498 4.66519
1391.49 1276.19 219.881 218.633 923.887 7925.11 57.4013 150.691 20.6663 7.97818
5.81073 41.6849 584.355 81.2533 32.0624 59.6966 1394.73 1364.94 215.011 218.439
56.6814 54.2961 50.4113 37.1229 31.7525 29.5106 27.6784 26.0914 24.8876 23.9863
23.2698 22.6756 22.1701 21.7131 21.225 20.5402 19.1463 8.18113 4.34731 1.35445
3.58618 11.4229 1.27114 2.23658 2.79632 274.514 326.685 306.764 33.1482 124.367
225.583 2.32881 2.30673 2.73582 3.29344 13.4884 18.0441 216.356 96.7028 12.0996
4.28808 4.72519 4.35264 3.316 250.152 281.262 257.676 56.5732 54.2266 50.3203
37.0526 31.6716 29.4 27.5368 25.9243 24.6985 23.7779 23.0461 22.4404 21.9253
21.4571 20.9489 20.2177 18.6467 3.13375 4.30898 0.139834 3.81739 3.17948 0.930574
22.1331 16.0861 18.1374 36.6047 39.0901 90.0154 118.282 17.0611 22.5313 55.3393
53.3957 49.0347 35.8886 30.5811 28.3307 26.488 24.9059 23.7122 22.8246 22.1284
21.5631 21.0984 20.7067 20.3451 19.9331 19.2474 3.3787 8.65493 0.0667981 0.0960813
1.35266 1.16037 0.486067 0.486565 21.8821 23.6011 32.3423 62.9373 57.4885 199.443
215.47 66.3982 32.2583 51.875 51.1403 45.4569 32.7482 27.8145 25.8052 24.1706
22.7833 21.7635 21.0299 20.4709 20.03 19.68 19.3949 19.132 18.8106 18.2066
8.34647 3.86947 2.66307 4.01544 3.95735 2.39449 5.98471 0.277701 11.9391 11.2488
0.805471 0.633077 9.65889 6.5528 10.2035 1.44072 0.857916 7.66582 10.5998 8.72526
22.5291 22.131 10.2577 24.4448 29.3404 15.8643 13.5382 11.7795 2.35505 11.3135
10.1033 2.21714 2.22574 11.235 48.363 48.9361 41.9143 29.818 25.321 23.5965
22.203 21.0268 20.1834 19.5971 19.1633 18.829 18.5657 18.3358 18.0599 17.5718
16.3281 3.07558 3.85481 0.13442 6.75766 19.7295 49.7226 1.75105 0.818811 9.31012
10.7823 205.883 211.86 5.98217 85.9913 165.045 6.68715 21.427 45.4351 6.30306
79.167 29.1853 5.24162 5.53408 224.628 219.105 47.0114 46.9738 40.5034 29.3818
25.2609 23.6797 22.3465 21.1843 20.3262 19.7103 19.2433 18.8775 18.589 18.3493
18.0996 17.7179 16.8354 2.80982 7.51729 0.182296 0.230512 1.71769 2.06811 0.874174
0.721221 17.3039 23.3312 15.5424 7.20968 15.7796 129.226 186.126 22.2552 15.5879
46.7256 45.7902 40.1245 29.7037 25.8244 24.3076 22.968 21.7648 20.8512 20.1754
19.6509 19.2344 18.9091 18.6605 18.4638 18.2652 17.9705 17.9499 3.85419 4.64357
3.58418 1.73859 2.02862 53.15 19.739 5.39297 1344.3 1214.3 207.518 211.886
975.42 518.401 83.4689 162.421 58.5464 31.711 14.044 19.1579 633.834 81.3485
34.9908 64.9191 1404.33 1409.77 213.668 212.079 7.68669 20.5551 56.9503 1399.07
1077.57 108.443 221.366 157.51 83.2817 485.123 912.199 64.2894 70.1261 41.6875
9.02666 37.3841 78.9515 1255.46 1204.36 180.682 192.671 193.581 1257.15 0.812666
1.74226 49.4329 19.6855 9.36259 104.558 212.66 41.3684 16.9201 169.347 87.6033
36.5263 58.2072 54.1233 29.6437 80.7535 5.15031 206.153 225.396 231.133 106.505
8.92376 0.489229 1.16744 77.983 75.793 31.6131 10.2837 20.7599 59.6375 57.316
182.109 12.5885 66.9288 218.292 146.087 306.883 33.0859 60.2077 66.742 72.2519
225.668 124.404 12.1421 97.1649 217.408 270.312 259.49 284.967 256.034 0.615134
1.66214 103.229 78.5192 9.64596 15.6218 18.2275 23.7472 188.071 0.536442 2.25052
68.0152 70.854 154.358 1018.64 1360.96 42.1914 767.717 430.607 69.098 65.6721
65.3476 35.4098 405.749 247.569 750.649 769.578 824.219 5.33625 1.74292 0.312459
0.850686 57.6555 50.9628 6.27055 2.48787 59.5361 78.6116 65.5291 13.2571 1.60383
28.9271 414.242 0.262583 0.756115 11.6693 3.63331 1.75961 5.37348 7.57901 77.8401
59.0242 7.35774 6.2954 6.29492 50.5597 57.156 22.0474 106.53 180.892 13.1115
1.57223 13.1119 12.9183 11.8935 1016.75 154.235 0.551818 2.00241 65.2737 65.6686
69.1597 42.5462 9.60045 42.1142 32.6088 749.427 247.173 29.7273 178.768 0.890748
1.39415 15.6641 78.2979 103.006 70.4001 42.4108 129.376 145.93 68.4266 73.9975
72.3083 66.4977 60.021 268.906 21.0685 407.383 0.488184 1.14302 58.2706 20.5283
8.95991 106.68 217.953 59.9401 21.2688 155.301 77.6342 31.3066 75.2566 77.5152
44.857 85.1532 12.1127 181.281 189.168 186.56 104.382 9.43323 0.772914 1.61326
53.4744 57.5107 37.2066 9.64254 15.5875 39.8866 39.3584 200.92 5.51708 36.3739
125.4 1014.72 103.148 0.416014 0.714364 7.41777 7.68216 9.91098 37.4738 69.485
66.9582 1.19038 0.930091 5.74683 4.95282 1.50816 1337.19 197.419 2.58542 2.26511
9.44633 7.87165 6.81475 2.45784 7.1161 6.79678 7.01988 6.38011 2.37789 9.10783
212.57 1228.97 997.653 182.921 0.843848 2.00336 40.1618 7.88768 7.72223 24.7122
25.2883 203.894 7.07048 42.1275 207.51 8.89639 190.26 69.439 69.7879 11.5478
36.4086 520.959 53.0514 652.639 11.093 10.3995 12.2635 10.753 179.51 469.167
886.021 81.5754 1144.12 1167.81 0.942402 3.19867 9.05165 54.443 36.2752 27.3926
17.4951 119.088 326.614 274.404 268.075 425.674 106.849 884.668 824.431 947.132
986.622 1003.79 7.02514 20.9473 59.4162 1392.87 1043.64 104.32 218.701 7.64229
1280.05 220.258 927.985 1078.37 194.289 151.096 7946.62 57.5176 457.279 10.5305
5.53408 32.1417 81.432 1382.54 1348.38 207.388 216.592 1350.54 212.151 0.556673
63.089 1.46413 21.4989 8994.13 384.553 64.2284 104.319 16.947 112.35 3.51783
16.5165 1162.69 249.316 836.071 130.437 82.8639 10.6625 34.1768 159.075 34.1361
138.511 1.84921 1.99956 1.85787 8.76497 86.6615 155.412 10.2558 187.236 184.846
177.753 0.631047 1.46206 17.3196 17.2988 19.3851 26.29 22.1017 171.596 49.506
42.9674 9.03404 2.01782 8.83892 430.164 88.1086 45.3374 77.6394 86.5096 155.44
833.975 687.38 185.409 183.511 770.425 820.583 840.385 176.113 263.307 249.887
213.968 233.97 839.393 158.991 33.7395 847.075 0.546821 3.48141 6.16109 1.44044
21.6717 92.6114 82.3735 10.6144 11.8704 64.1737 103.862 16.838 111.097 1044.91
104.353 7.04996 7.42143 1072.95 193.69 9.3958 8.52024 7.70366 5.12302 3.6656
10.531 455.924 4.03993 1351.9 207.781 6.88128 5.97025 5.13305 5.53181 5.08358
5.14472 4.27534 268.114 0.619448 1.688 54.3965 8.98254 8.80821 26.9416 35.95
252.507 18.4533 59.8475 208.083 10.5554 178.32 132.831 104.982 25.8689 67.0715
465.842 81.1197 585.085 9.83182 9.14324 5.37691 5.1442 186.592 500.271 980.596
52.1644 213.362 1504.02 1471.02 1453.94 1.16333 1.9306 7.61009 44.9469 47.1067
20.5132 49.4301 158.777 1048.05 185.985 0.873264 9.31702 8.60408 7.94982 1.74159
1148.41 163.34 1339.8 199.573 151.801 1047.17 51.201 338.714 1011.89 1334.63
1016.66 1418.56 1516.55 169.005 1205.98 1546.61 1353.39 1070.46 59.4284 18.1829
488.175 142.732 66.9874 25.5741 105.569 133.606 155.535 1150.22 1016.29 591.591
930.891 509.164 169.904 6.08546 38.7523 19.1668 69.9057 11.9018 93.2286 92.0803
398.302 701.854 847.879 227.663 110.771 42.7685 49.19 1390.08 1101.25 400.562
431.4 835.056 78.5228 45.931 89.4049 179.578 691.348 776.163 742.044 829.412
851.048 403.307 1104.08 1390.77 227.945 110.971 737.952 178.622 10.2626 395.733
16.3354 90.6452 18.7889 34.1264 130.172 699.647 137.499 39.2249 171.282 63.3219
511.289 69.8707 383.519 8970.33 424.651 884.626 106.751 819.492 940.443 925.328
975.093 983.034 144.702 491.572 1073.36 1351.61 878.015 1145.58 1170.41 154.177
1007.84 1152.46 170.732 1075.65 1327.37 1011.18 42.5994 7.42438 341.794 53.4354
34.9693 10.8662 66.1195 66.584 165.3 1378.85 1177.06 640.285 0.741959 51.8677
1.76382 11.5484 107.564 44.0186 12.3573 82.1041 181.861 195.042 1173.09 1023.68
0.597211 5.10037 1.70657 3.80069 88.7382 11.1776 13.8318 90.1552 213.786 1403.81
1253.22 1050.09 9.40169 211.002 194.867 0.557483 9.91317 1.49483 4.14253 91.3274
12.1528 9.16652 84.9831 198.726 211.064 1162.8 194.82 995.468 946.767 1143.42
208.515 1152.7 168.813 1263.12 193.928 0.588973 21.7669 1.69143 3.7625 106.449
36.7058 13.6593 89.8674 213.095 198.973 1188.77 1088.36 0.773116 3.58828 1.84939
10.2997 68.2017 8.61064 14.096 81.8786 149.742 1104.22 199.46 403.861 990.481
1403.87 988.558 401.262 199.678 1079.59 412.596 91.4633 3.72435 21.8998 9.4026
9.13245 73.2899 1201.98 201.681 1109.77 1071.51 955.306 31.0369 19.272 21.967
104.693 18.2051 36.8648 105.871 958.525 209.102 1148.8 169.04 1154.04 193.543
1266.36 943.181 177.389 1164.15 997.807 912.836 77.9665 27.6821 10.0571 79.2754
6.1123 12.0928 90.3715 910.685 177.347 9.48697 1254.4 1051.48 959.34 103.069
18.7681 5.2078 31.6125 18.0819 11.1071 88.0825 1164.98 193.824 1011.88 943.95
1041.44 20.076 79.7124 47.7523 377.479 12.1271 47.8469 110.745 169.741 1069.6
180.325 1189.99 217.721 1478.57 233.619 916.698 136.033 10.6843 910.908 5.39143
177.026 1271.62 1156.63 162.004 6.33094 156.089 816.149 809.456 155.994 8.18772
1.97537 804.139 220.176 1060.25 151.048 4.77642 25.5942 19.4192 4.10125 5.64153
7.22438 7.32457 10.7721 11.254 17.1222 16.4871 10.8747 10.7737 6.74081 6.36608
14.0265 25.2371 30.7562 30.1368 17.6817 15.4903 15.906 17.9016 11.6536 10.054
9.25304 13.3106 13.8355 14.3516 17.3293 8.80379 8.68282 24.4697 35.7545 21.8528
12.3181 46.8453 63.6258 72.1724 59.6691 59.1338 61.663 75.1651 52.3831 127.489
571.95 24.3594 20.1069 16.1086 26.2938 29.5501 19.9365 21.1566 25.5177 60.0282
54.0136 16.9933 26.353 21.6051 14.8807 12.6605 61.3489 84.04 75.6977 7.07434
21.0865 24.5897 23.1109 4.46233 3.98668 5.14301 11.5732 6.26868 3.67411 9.76788
4.34213 4.66497 3.68299 14.5208 43.2191 41.3596 31.5416 11.847 24.585 23.2922
21.6594 8.43347 7.96923 2.53626 2.74832 7.14599 7.86003 2.52552 7.18884 11.0822
22.6905 12.8339 4.85661 49.0173 36.4431 33.5676 37.9492 25.5047 18.6135 158.415
123.884 16.8144 150.137 178.684 16.4227 39.6884 71.1498 30.9787 123.525 608.066
81.8699 55.4243 21.828 21.5102 194.579 185.062 35.6577 74.8961 90.7363 522.621
117.855 22.8234 21.051 9.91555 15.4272 17.7647 23.5442 22.7896 19.0866 15.268
8.85664 31.6631 33.3052 28.5596 8.64875 18.9191 32.1854 11.1321 81.8314 118.39
14.319 24.4534 28.7609 9.97016 7.36074 85.8148 27.3209 14.2562 23.9898 58.4509
31.5158 16.9674 10.5826 34.8225 86.9874 77.6712 596.653 104.671 4.24084 15.3998
9.68374 3.03234 4.30014 3.10431 3.30805 9.88228 4.88097 2.52439 8.53513 4.04534
3.47238 3.43001 31.2328 52.8569 43.2411 70.7059 25.0265 8.59899 13.3164 10.1835
4.65539 13.0973 3.79876 4.73589 4.97946 5.06648 4.37143 3.33611 16.2621 9.36204
3.08238 21.4845 23.679 27.2399 20.1269 15.5363 27.8842 50.7244 85.6322 69.1248
57.7248 54.002 102.845 103.452 133.784 693.559 13.2752 38.0358 43.9083 28.566
16.4276 12.3038 19.9631 25.7639 66.0148 34.7854 24.9644 28.5536 35.5098 15.1424
7.67313 19.3726 74.9088 68.2943 21.3051 8.17295 5.62967 23.7207 260.544 258.493
8.24822 9.25786 121.871 254.885 120.306 5.00525 6.71399 266.563 14.7428 14.893
18.5185 11.795 12.3437 33.9329 28.8241 15.5692 19.4863 122.936 6.9668 323.323
294.985 5.16473 6.26637 290.795 45.1633 35.3303 4.37822 4.01369 134.976 20.0626
23.216 6.95662 8.58908 4.91868 3.32821 12.1142 13.0146 3.63818 8.18665 9.84105
3.45591 23.7529 41.7474 5.68416 13.43 106.937 24.5263 19.6901 3.81714 3.9895
12.0058 12.7828 7.40719 44.001 55.0592 110.497 8.02442 4.27873 30.5624 27.222
14.893 19.1548 26.6922 27.5767 19.4983 9.69455 21.2824 54.9173 31.048 25.9529
29.0255 31.9979 53.225 14.7605 92.7641 98.0516 24.5468 27.3794 34.3188 25.9262
21.9331 56.2229 30.3811 28.5848 44.0012 70.9037 37.8766 34.2471 30.6736 41.2701
55.1 77.6436 488.64 103.096 9.29707 8.09518 5.56113 7.36964 3.70539 3.64448
8.2112 9.18593 5.34895 4.29904 4.6247 5.08527 6.74231 4.03001 14.7581 14.9381
28.0989 33.9292 12.2393 13.134 21.2224 18.1006 8.01339 7.21844 6.50357 6.37089
5.5466 6.5515 6.10064 10.4277 4.91793 4.49072 6.57207 28.3848 23.4872 20.8513
27.3209 43.8885 122.251 261.801 904.062 526.38 253.343 953.066 999.992 265.342
25.0913 64.7406 61.0344 18.9534 23.6914 16.3196 286.912 318.15 1117.39 1071.92
45.0483 73.623 541.062 133.236 13.314 13.4001 15.1307 21.2223 16.3325 11.8745
19.5425 27.4944 51.1349 15.6268 24.9417 28.7879 16.3713 15.3237 7.42815 14.5445
92.8903 65.9867 26.9841 15.3065 9.55101 23.3837 1620.57 1268.12 158.155 94.9899
1556.94 1321.43 176.085 214.789 31.402 10.1864 13.3283 8.60164 24.8208 70.1432
42.7992 53.1132 70.3256 765.583 144.551 13.2276 1970.37 2040.86 279.125 262.614
101.896 68.4557 16.1166 9.3869 138.748 688.53 7.46852 14.4792 3.0396 4.25215
4.89029 4.30612 294.34 283.752 117.057 128.721 291.018 304.734 3.43527 2.52538
14.4092 24.1322 121.419 8.41888 6.75437 4.65361 4.37107 3.80976 319.748 358
319.427 3.35719 26.3687 36.8802 138.766 3.10191 27.4464 18.827 14.5523 57.6897
85.1825 31.7372 27.8975 43.4892 35.2093 86.0198 32.9552 79.4787 103.017 35.4732
23.4104 21.2518 39.5988 47.8454 33.2996 22.4023 38.3607 68.6163 70.8148 31.8289
60.2172 40.158 18.1589 32.8994 76.7032 148.893 120.707 36.8597 21.0015 24.52
32.4088 17.4538 16.1132 4.74246 11.2939 24.2916 15.6787 17.9565 3.88163 4.24138
15.401 14.0088 22.0214 23.9775 25.1335 11.6448 30.4442 39.711 41.6888 29.5139
7.12859 20.6944 19.348 6.33557 7.06298 20.8066 35.4901 22.6501 12.3438 22.0824
25.6404 23.9148 7.43121 17.9835 30.7673 6.80317 4.94145 194.882 95.1496 4.11527
193.815 231.194 4.08574 26.0154 60.0047 8.46239 136.247 771.93 36.204 25.9902
2.59294 2.65272 266.992 247.413 7.07899 38.9284 107.53 4.90865 17.4546 12.6561
20.202 23.9328 20.522 21.2665 22.4158 12.9754 6.63965 19.5991 17.3322 21.9777
11.5383 15.3469 12.5402 8.35126 69.6699 68.3056 24.2098 18.2018 35.2433 40.6389
708.036 1382.93 181.024 134.235 1494.78 1274.23 174.06 210.055 69.7942 37.809
32.3728 31.0217 77.4245 36.3976 31.8423 64.1256 1421.75 1460.57 216.836 207.274
15.8006 124.209 605.671 79.1437 67.1008 23.8707 40.2883 33.9568 641.323 59.4935
122.336 185.339 154.603 1106.38 1293.96 73.0052 564.461 111.063 15.8651 31.0484
35.3179 1323.69 1171.17 167.409 193.287 117.404 64.2929 152.549 143.307 32.0364
17.3586 17.3253 6.26364 22.9103 96.4551 45.2995 11.8213 234.086 195.814 135.281
711.423 68.1543 25.5802 36.4868 772.214 135.894 2.48893 199.687 246.897 109.329
41.1074 616.359 74.9911 39.8409 32.3453 58.7996 246.415 227.701 89.7455 513.067
106.468 19.191 32.4089 76.6787 70.9914 159.512 24.1189 42.1616 62.4052 76.1989
146.495 106.675 508.83 16.6904 28.2134 9.61108 117.151 74.5588 86.7884 306.092
292.461 129.27 33.9289 6.65832 8.33916 121.515 305.061 320.262 139.344 36.6106
26.1064 1637.59 1456.85 111.038 175.419 13.673 23.1745 19.4454 172.696 199.152
92.1418 96.6448 10.086 13.8312 15.5618 17.0721 28.7463 14.7093 95.4281 168.09
34.6215 27.9251 25.2662 34.5817 522.27 23.0241 1006.33 961.66 41.3585 70.2377
61.5702 17.3411 24.5772 280.932 999.619 1087.8 552.155 74.5868 108.262 25.6095
23.3147 31.2005 29.6649 518.261 179.352 53.5449 105.889 7.55602 3.90009 53.8224
74.136 67.7176 12.8142 3.94997 22.7593 28.0114 74.894 516.619 180.454 518.393
32.5349 35.137 27.3053 109.131 14.0571 77.3721 54.691 11.0411 9.30638 8.7279
104.482 56.9998 25.6475 29.8153 105.167 16.8045 6.31652 15.8428 15.5684 10.5724
107.902 57.6004 45.4673 34.1642 24.7862 38.4912 23.0375 34.6323 166.019 197.181
69.5596 41.4284 9.69485 22.1897 33.7285 986.746 277.637 35.0093 27.9537 18.8399
73.1497 170.681 19.1626 19.7174 174.628 110.421 1435.6 13.7482 96.7482 92.9532
85.5707 54.1424 58.758 102.882 132.027 9.71003 24.5611 10.1466 29.2028 28.5984
16.8899 508.509 107.462 34.0145 85.8161 74.505 58.9374 304.558 10.7487 17.1028
77.6355 590.837 220.013 237.034 57.3863 31.4034 73.1344 618.425 124.002 77.8767
33.915 181.454 152.501 107.382 524.033 88.6201 52.733 79.2393 611.103 123.525
22.8845 160.679 186.996 118.774 528.831 90.6309 74.4003 23.3765 6.78204 28.087
18.5614 33.2706 152.518 161.382 68.0717 701.126 134.401 10.1475 11.6994 45.032
53.5752 200.003 2.57305 21.9689 26.2119 62.3688 79.444 59.3237 14.9858 4.21717
3.0768 5.56123 14.9713 123.166 645.014 81.1953 4.77374 5.13894 8.52242 8.54605
13.4213 1258.79 179.149 9.11934 16.5679 14.2267 13.1917 15.2651 7.82698 13.6832
12.3565 6.69714 6.7456 31.4682 53.5939 35.0079 15.177 10.7531 11.1267 66.5814
14.9182 9.70394 32.2197 21.7987 49.7369 75.0231 2.50122 11.418 7.82449 2.38125
52.3877 79.6604 54.4443 35.0131 65.7436 65.4325 43.4437 4.17793 3.62264 106.186
39.2704 5.53871 8.81541 19.7705 49.7635 5.73507 40.2211 4.12512 3.56719 2.67004
65.3965 65.4403 34.6974 53.6748 79.1959 52.5535 79.2555 11.1719 7.54985 93.1342
502.295 21.7302 2.49435 11.0918 161.596 1207.19 1384.79 197.685 12.8667 202.098
1360.01 1121.09 160.816 22.0987 32.7386 19.5599 12.4227 196.929 43.6211 200.195
21.3439 47.066 7.90338 6.81505 24.4012 11.9487 22.5318 8.6624 73.484 198.343
3.91093 247.997 161.702 121.961 266.414 2.81059 216.556 808.783 91.0005 17.1551
17.316 20.1246 19.9565 188.835 1010.33 1177.66 160.039 34.3282 246.486 27.1657
24.1067 114.954 10.6371 34.8432 59.4536 18.8991 43.0363 27.8557 33.8326 80.36
284.305 295.239 337.172 1252.75 1168.34 593.53 99.8045 560.754 359.374 321.378
309.955 95.1102 3.42009 1268.97 158.3 1556.42 1648.96 228.583 214.784 1320.13
176.003 607.744 114.868 5.82799 144.323 762.739 1978.29 1681.82 214.677 263.372
5.22903 2054.59 280.573 1591.86 210.765 139.526 69.4507 36.7411 170.408 34.3416
184.538 128.637 51.4827 897.424 287.82 979.22 32.8914 211.383 148.762 32.5986
134.124 1138.45 284.368 1086.23 94.0898 65.1092 3.23833 3.52061 3.90514 3.9623
11.2865 169.019 189.717 8.71017 28.506 164.571 25.1854 165.532 27.3626 14.8702
15.133 20.4193 14.9046 33.3484 29.581 15.5193 101.186 13.2032 4.04532 12.5313
162.403 183.174 945.164 895.765 495.526 170.394 492.367 14.5541 6.5467 11.1339
259.056 287.408 119.761 121.54 289.771 279.612 35.1921 977.86 505.808 31.7513
1063.16 92.2885 63.7543 35.9947 213.954 233.684 34.4871 184.26 125.779 51.3526
9.83353 1648.69 228.485 3.26161 3.06003 3.37205 3.42308 8.39248 114.817 609.769
3.98329 1679.7 214.619 5.92158 5.16543 1579.02 209.519 5.0981 4.84884 5.35014
335.867 308.161 17.6399 34.8328 15.6782 114.503 24.2886 10.0947 241.343 26.4822
33.7488 10.6257 9.06913 19.184 8.71414 27.6561 11.4412 83.2892 159.855 16.3094
191.538 221.949 232.794 196.701 19.1512 161.708 33.5088 72.8279 4.40428 4.36517
2.82748 2.91271 10.8345 244.521 1425.13 1630.11 215.473 38.959 89.6814 798.862
80.1611 200.213 21.4175 34.1724 185.165 43.2209 7.92116 52.7926 51.859 22.262
58.877 62.0801 55.4864 122.394 224.593 1602.63 5.68879 8.78291 8.46009 8.80497
26.032 680.356 95.2345 171.747 1201.91 7.11728 12.0173 11.4649 11.0689 89.7841
637.743 719.077 43.709 59.6939 69.2546 1658.78 1447.74 1611.16 1901.8 112.312
138.699 1221.82 1081.29 240.594 227.84 1175.15 1299.15 260.489 26.6431 117.534
43.1673 120.027 87.9535 100.266 231.294 173.9 45.2271 93.6929 65.1405 100.499
511.85 524.429 961.73 1011.87 526.339 95.7692 194.69 181.573 514.823 163.158
947.727 886.577 98.3063 816.315 871.655 184.924 173.522 174.121 45.2155 63.7661
84.4412 89.8189 97.1339 518.137 31.5884 148.961 133.339 256.861 26.2433 97.8481
43.8225 118.689 118.44 172.735 1160.42 1245.15 588.74 560.088 100.065 1294.44
1172.17 139.375 111.682 1202.46 1032.91 1100.21 1242.98 708.382 44.3152 68.715
59.1132 1901.28 1610.43 124.09 165.611 68.5171 21.1974 22.0076 3.44115 63.4468
12.638 3.13802 98.2833 74.5425 551.214 14.6389 50.6328 18.7249 6.68979 49.1811
649.171 58.5941 43.2463 62.9059 114.678 70.0757 489.216 89.7771 87.4562 144.98
78.5552 54.8867 34.7891 11.5359 84.321 122.658 33.3405 78.0772 94.0401 67.2173
105.879 510.801 64.9749 29.9101 8.65025 14.4424 80.1159 76.9781 75.6572 519.988
35.8152 12.2067 85.0415 84.992 29.9082 23.534 68.9359 108.142 87.0257 466.844
73.8307 61.9769 95.7391 6.93539 2.62507 50.8946 68.5356 471.215 51.0331 20.3965
49.2091 14.7462 88.5073 91.9945 9.01684 15.2678 90.9139 86.3362 63.3352 96.9749
471.058 70.6509 52.6575 7.09568 8.61995 29.9208 105.42 42.9911 73.5701 465.863
69.0636 23.5746 86.3235 108.097 14.5429 12.1926 35.813 84.6186 84.2678 76.4063
74.996 74.4096 49.5931 2.34422 29.5861 102.981 53.9078 32.8377 77.3658 36.0454
78.9107 145.711 123.602 11.818 10.6886 14.2701 33.7877 32.723 52.7974 61.8006
651.781 116.808 11.3648 8.74385 73.9421 65.9611 618.138 78.5171 65.7011 21.3549
11.505 107.115 7.90888 1023.37 146.135 4.84697 176.28 136.626 11.5058 240.643
221.344 806.105 8.04812 1.99161 88.3488 2.42437 4.97182 96.9915 155.224 14.43
11.7225 84.0948 33.4507 10.014 64.0628 69.4102 487.522 85.893 41.8113 58.1411
17.4047 46.7707 17.1495 7.06333 56.6697 115.731 54.7167 2.66097 1271.15 911.797
943.269 496.361 194.087 27.7837 199.51 96.9402 15.7483 180.748 1104.65 1221.12
185.695 1260.8 1202.97 257.516 25.2339 213.452 75.9436 10.9209 1067.26 1176.57
1342.84 1318.89 12.0911 178.356 190.659 10.4953 200.728 191.903 162.119 22.7512
181.722 92.4821 9.5898 177.544 847.44 187.109 885.761 190.455 925.969 182.023
944.819 934.034 1121.03 1568.38 210.957 1892.95 257.138 115.083 24.8963 211.278
75.8024 10.6847 228.936 1413.24 1622.35 251.833 2000.59 1891.33 218.311 26.1179
193.34 6.94796 16.3711 92.0313 15.7929 1566.59 213.394 1380.1 203.483 103.383
101.336 188.444 1356.85 189.722 1285.48 188.575 23.5734 103.234 12.5587 83.8996
70.2064 219.688 1443.85 232.575 1654.84 1735.97 2001.65 251.688 1895.81 1659.43
1246.75 1050.36 199.543 22.6027 77.7797 10.9077 71.9988 73.3743 115.538 1247.02
1224.92 211.112 1569.11 258.732 1908.2 930.256 1145.8 198.183 875.011 933.661
995.634 172.641 996.95 1010.94 969.067 189.158 23.399 88.5771 9.2072 88.0473
95.0947 161.91 934.104 192.496 13.3206 905.213 163.536 12.9459 1063.97 1171.51
1240.53 1336.11 1309.83 1214.82 196.998 22.348 71.0016 10.3411 69.1863 75.6476
253.518 1125.9 183.087 1247.42 1273.1 1279.14 187.703 1217.38 1061.95 1704.11
1646.01 178.713 22.7701 70.0604 13.4176 85.2578 109.147 193.933 53.9139 112.304
52.2316 15.9346 92.6101 73.0255 8.4999 11.9194 66.6651 10.9746 71.8441 8.51985
79.2748 50.7206 94.6968 8.44612 78.3463 64.4451 93.1028 66.3442 10.6495 70.3485
17.7838 94.6691 1087.16 89.2122 63.6495 64.0711 88.4344 41.4297 82.2621 28.0674
24.6056 41.064 45.3405 32.7303 72.7104 25.9495 28.6299 15.6476 4.05992 60.0621
93.7507 38.9834 32.3545 9.6749 17.256 18.9454 66.933 30.907 27.9048 67.3536
19.8465 9.04916 25.9847 55.0672 69.6774 28.5185 71.4951 56.5584 31.4499 32.3882
13.3118 65.5776 66.4466 19.4955 27.4259 9.42487 30.1319 18.5898 60.1122 17.2969
31.8997 92.9995 38.5161 4.08431 15.8714 28.7588 26.4688 45.2556 40.7048 25.761
28.565 21.7134 37.8984 20.9222 6.91022 20.8581 67.494 26.3831 15.7362 9.90948
19.7799 58.6204 15.5767 5.24357 9.78905 20.664 20.3855 20.4209 5.88471 15.4247
15.3952 57.0027 19.8344 10.3872 26.5842 25.1409 50.3743 14.5936 6.84789 28.8797
25.9924 10.2793 10.3831 61.4061 48.6793 18.3451 26.5527 43.621 16.901 26.9384
37.1923 26.1584 39.6246 17.1127 25.0697 28.1793 11.2388 17.6623 40.7053 53.7489
49.3567 53.8536 32.4558 23.2829 147.639 566.282 232.443 236.389 34.5201 30.3682
2120.61 133.273 86.67 295.83 120.436 139.559 31.09 40.4759 102.592 38.4081
250.909 348.302 44.62 11.264 7.37966 135.467 111.262 168.321 18.7745 14.9069
947.355 132.542 56.1765 92.069 20.9686 6.02003 8.94432 22.5044 132.724 16.7528
2074.73 261.202 588.791 29.8281 148.885 34.43 39.5012 82.559 150.728 52.0777
10.5433 25.6662 73.2254 60.7698 94.974 54.1158 68.1792 9.00711 14.9276 11.0957
20.5132 15.5148 50.1984 75.9439 43.1908 83.9195 129.11 21.8953 33.2758 17.0536
105.535 40.181 27.1752 143.682 55.1908 353.812 27.24 245.869 286.321 31.7993
126.925 924.473 78.9467 1021.77 67.0079 225.549 16.9279 21.3882 41.8812 120.49
16.4444 146.358 13.9074 14.3878 20.4889 10.7252 10.3884 9.88642 9.55162 14.6396
13.9439 13.9596 16.7636 27.1168 32.3761 19.685 23.1373 31.8526 20.5062 14.9599
13.1228 11.9359 15.3137 15.2498 15.3009 18.5494 14.9732 15.0936 11.0787 10.4994
38.6614 23.9122 14.5038 61.4955 86.6663 69.0998 53.4606 51.0691 55.0049 22.2736
21.6998 26.9497 64.7646 58.9328 16.2574 28.836 22.1527 14.4752 3.89634 3.9127
8.67075 16.0606 10.6051 4.19081 11.2467 7.2083 7.79213 4.03106 17.2348 47.0802
45.5161 35.4292 14.5547 27.1846 25.0728 24.5724 11.3872 10.545 4.03629 4.30491
9.10546 10.0675 4.17595 4.64511 9.37926 8.51054 8.51327 4.45135 25.1533 168.891
123.376 32.7478 19.8264 19.3443 179.467 205.07 47.0483 78.0029 32.8883 130.667
742.203 87.3866 63.5886 21.9471 21.2098 252.403 235.219 17.5166 96.7596 201.343
17.5146 28.3482 20.8315 16.8075 11.6556 38.675 38.5419 30.5008 10.24 29.6876
10.2691 13.4175 24.0835 92.8309 29.907 16.3772 28.6712 67.9811 37.931 19.318
11.4762 39.5358 34.5988 28.3461 17.2557 19.2018 5.9378 8.23811 8.94556 16.1534
6.28334 4.31901 7.48148 7.48573 7.71405 5.26918 34.5377 48.0508 44.3742 70.879
18.3663 9.97952 14.4732 12.426 7.6237 20.2359 6.53928 9.54029 10.5678 11.175
7.04334 5.74013 10.8733 8.62778 8.57526 5.61085 29.6566 87.1049 118.081 66.4961
58.9187 53.0051 46.7827 37.5383 30.9966 40.3085 10.582 19.9746 24.2469 67.8647
32.2339 22.5372 28.2095 38.7037 14.7942 21.7012 18.6286 24.278 32.7515 286.197
301.849 6.62543 7.20508 120.5 297.802 143.878 4.22589 5.60806 302.75 15.4207
15.9858 20.31 13.0354 12.6672 37.7475 28.8649 13.3274 17.4537 126.755 6.78895
373.366 351.346 5.63462 6.34366 333.686 160.359 40.0892 4.72565 4.29124 297.574
4.4304 13.3071 14.0727 6.08158 4.22893 4.22409 9.13246 10.9363 25.7545 45.8736
6.2041 14.2609 109.106 25.2208 20.5599 4.19906 4.40378 13.4151 13.8741 48.4501
155.391 219.744 9.39015 4.69513 8.19442 10.4521 11.3598 29.814 29.1749 30.379
22.5706 10.9302 22.7208 60.2465 36.0252 30.5458 33.731 36.2444 34.9483 26.3028
18.1743 24.1244 32.1218 60.7221 32.346 30.7218 45.8783 74.3894 41.5041 34.7269
29.6727 43.5123 32.4999 36.8255 31.4126 30.6964 8.2419 7.72521 7.37352 7.92362
9.8278 7.69994 7.32885 5.27264 6.50059 7.70817 15.6576 13.249 27.7274 37.4829
12.9228 16.1253 24.5026 20.3238 9.28248 7.75475 7.12305 6.78089 6.57094 7.23697
6.89004 10.4417 5.65352 5.2985 6.87561 27.0632 15.7109 19.1949 27.0575 16.8296
26.2921 282.905 1035.02 548.925 119.04 296.341 290.916 1101.54 1148.85 23.3908
65.965 65.9465 17.1833 23.2984 13.4144 321.799 358.461 1243.62 1216.14 155.521
644.222 1167.16 286.31 19.9146 30.1177 10.079 19.3969 29.0497 86.8352 24.5763
21.8515 30.6034 24.4691 14.6164 20.91 17.5285 29.9726 39.6836 202.095 131.865
746.063 1567.75 1801.19 1470.59 194.985 253.03 34.3199 12.4522 14.5794 10.0532
18.3475 69.7701 43.6293 46.5588 65.3669 888.907 144.323 19.836 2197.76 2300.08
323.553 300.617 1728.6 869.089 99.05 233.535 19.1715 18.903 37.4007 332.994
310.68 121.011 6.31047 5.96889 5.3139 4.36517 149.015 324.282 331.289 16.682
29.0733 120.288 8.75261 7.90471 7.58368 7.01594 6.53037 373.175 402.341 355.909
35.2544 159.885 309.085 5.62232 5.7972 6.48474 7.47895 17.548 19.4789 30.0346
20.8682 16.2103 58.285 91.7497 38.8744 32.7402 48.2543 39.9135 26.0225 20.819
12.7511 23.9413 34.5882 38.7726 28.7563 47.0173 77.4781 79.4258 37.798 67.1958
54.6141 29.9271 34.1114 22.5654 49.6847 54.0965 24.411 21.7117 7.69282 15.5834
31.8376 18.9447 21.2799 6.30391 6.87451 19.4377 16.5258 25.3571 26.4406 28.226
14.1256 35.4924 45.3992 46.479 32.0008 9.383 20.8734 19.1716 8.11777 9.04578
21.4481 16.9863 20.0688 7.4206 7.49646 16.9996 25.6263 16.5498 38.8207 53.4202
17.1724 29.2973 3.76452 3.9549 221.82 259.402 28.3383 66.4797 11.2374 132.014
891.972 44.8337 29.8986 3.98367 3.93359 305.147 275.486 4.49358 107.69 237.414
4.26686 28.2496 38.3009 22.3216 26.7831 16.1422 7.40038 21.7201 17.1078 22.6299
14.1423 15.8605 17.5442 9.08573 20.0794 28.4891 26.4885 1496.67 1311.71 184.506
212.058 91.5491 42.3374 33.4331 18.6763 54.4037 31.1518 54.0544 65.6938 751.237
117.414 20.945 1709.41 1821.29 254.457 232.261 1483.05 801.886 96.374 202.746
45.4587 63.4727 26.9657 25.0708 14.1912 158.482 1181.2 637.505 112.283 1341.7
1420.06 204.293 193.614 16.1351 169.822 1183.7 94.7318 49.3145 52.99 15.5185
110.72 689.182 1531.18 1271.72 166.83 213.151 188.136 92.4705 735.63 1346.45
80.602 37.534 196.622 129 3.72568 266.486 251.753 48.5305 13.4173 216.003
159.337 749.468 72.3723 27.9097 41.9648 862.08 127.91 4.16847 204.426 267.823
77.0044 63.8754 11.9388 233.113 105.8 31.8707 213.912 21.5272 98.6686 585.055
134.928 21.688 37.9042 85.8651 80.0765 188.607 24.9145 55.6095 69.2844 97.7543
38.7555 20.6957 40.3805 114.43 120.812 310.915 334.055 374.113 333.706 81.9252
90.5398 326.998 149.963 39.7274 7.64974 8.44952 119.361 319.1 354.783 34.4314
83.671 75.5726 310.366 159.927 6.37437 538.987 809.12 9.0342 23.3485 24.7352
25.0438 31.4993 43.6509 146.765 111.46 14.7339 14.7641 554.842 1045.89 332.707
1181.1 1177.12 20.3093 1132.63 46.5415 77.258 67.1035 13.7758 24.0864 308.678
1116.52 1264.05 62.2955 15.834 1223.26 672.084 22.5773 78.5288 12.47 4.42352
58.3507 120.306 8.48098 4.35011 58.3261 80.6703 74.886 13.8334 4.44648 23.8063
30.3876 54.938 78.6673 17.2775 18.6381 8.10821 15.6635 13.9846 80.6431 59.1602
12.0851 11.4415 116.481 58.4537 25.3329 28.86 107.793 17.5341 7.46563 16.4899
16.1201 48.5352 78.3365 55.562 11.2322 213.345 151.528 1160.24 327.054 75.9757
46.3262 8.72736 19.6525 30.9004 1077.64 298.487 38.0844 27.4049 59.7452 76.0294
39.6354 14.1187 15.3603 23.1099 807.964 537.239 117.133 50.8156 57.5349 42.4315
14.0414 46.7531 110.208 143.853 372.051 40.1109 89.0462 81.7956 68.626 320.71
11.7647 19.9551 74.6997 83.5738 168.974 122.932 21.1466 214.402 205.512 84.7518
37.6695 179.789 135.181 583.365 97.6189 62.148 84.8892 736.137 129.66 24.3281
187.568 234.388 97.9868 115.497 41.0996 202.303 97.0253 38.3566 274.952 3.50035
74.2459 768.743 163.431 11.2306 13.1086 49.0276 59.1741 210.752 4.00295 24.7249
31.3235 78.245 32.5579 9.20638 12.4599 65.0247 1587.54 224.133 8.59149 8.67664
18.4011 12.0037 11.6269 8.16444 11.9066 11.7055 49.8717 98.9855 7.89705 11.7228
12.6388 16.4481 14.4057 1413.99 180.237 13.7936 20.328 12.1972 12.8214 12.662
16.6126 35.5538 82.9859 9.26278 9.95111 12.6418 12.5291 8.92311 15.3193 232.999
1629.47 1540.69 220.9 64.2017 8.67746 7.15077 28.0224 13.0208 22.7516 22.5565
76.769 10.4279 155.569 124.365 297.402 4.31656 279.006 102.64 64.2319 936.669
22.2839 19.534 19.0082 201.993 1163.35 636.245 1349.05 1198.4 1351.55 238.528
12.7042 35.272 60.6749 18.4556 48.0639 32.384 15.6742 16.2875 16.0128 23.2019
583.418 1197.26 1348.51 1358.55 1273.45 606.332 401.734 373.321 381.27 45.125
41.8552 29.807 16.2588 7.3322 8.57784 8.40225 1573.66 748.892 132.46 202.933
1808.85 1933.11 271.784 253.921 1476.03 195.517 8875.98 114.329 13.2759 144.164
885.695 2181 1816.02 232.514 298.705 9.28355 2278.96 320.927 1724.36 2058.25
289.799 232.783 16.9109 873.228 98.8527 25.1941 48.0602 177.34 40.8536 165.957
204.622 121.75 300.167 267.254 56.2271 35.023 31.9063 33.5153 181.956 122.405
34.6162 131.019 1299.91 356.281 1313.63 99.1603 81.2925 141.703 18.3831 29.6989
19.6527 34.7465 23.1027 4.18602 4.22609 4.43951 5.85891 13.2153 187.611 107.451
204.635 183.989 202.451 10.5035 6.22542 22.2382 42.1338 52.533 49.8437 48.1397
16.6058 17.3471 22.7544 17.8011 37.9925 34.0599 21.5572 18.5329 19.5011 27.2343
181.155 106.785 534.134 880.223 195.948 954.382 175.218 193.09 1028.56 991.596
521.383 194.078 582.844 15.3576 6.99032 12.2276 625.715 161.413 1068.66 54.5415
49.2863 50.1703 297.847 141.07 122.919 336.517 341.051 1137.29 555.129 32.7426
1249.39 137.708 46.439 176.171 200.87 39.5095 159.505 93.7924 77.7129 117.073
1924.6 270.675 16.026 8.84726 8.16834 8.35323 7.69055 7.44604 114.048 8882.25
7.46358 1826.64 233.429 12.878 10.8632 2073.53 291.926 10.2994 9.32433 9.11809
8.45709 10.9778 25.5309 17.1272 8.59268 380.445 8.77629 41.8809 33.9696 12.8775
12.0586 18.4885 10.6714 30.218 16.0107 16.2743 16.5997 34.442 10.3413 11.9727
16.7178 219.677 232.273 251.878 18.6628 238.884 194.449 124.249 754.372 17.5053
3.59186 3.57466 10.6765 4.14827 4.20911 202.577 254.613 1950.33 1642.23 1688.35
1939.63 284.819 951.519 1818.82 15.3629 8.83763 67.8331 66.1901 30.36 51.3965
50.7731 23.1602 10.2033 81.5418 10.9561 52.7066 74.3844 57.3565 171.236 1307.13
1530 210.444 658.92 99.8745 28.6411 1705.98 239.58 10.9578 12.4831 12.6881
12.7034 8.76543 8.76976 192.698 1373.28 94.226 605.052 795.3 1593.43 246.844
1890.19 1986.43 1881.59 68.2699 79.6182 1642.35 1685.95 2053.6 1788.52 1405.37
137.363 169.685 1606.15 1350.55 238.457 222.137 120.863 190.052 749.45 1387.15
112.284 1240.21 1435.15 623.423 9931.92 116.01 232.36 82.8727 150.838 207.33
98.6967 1151.34 86.9032 67.9679 109.528 570.734 604.255 211.266 926.207 539.998
1010.66 1081.38 1063.37 1043.81 545.901 114.172 219.555 197.924 585.708 183.303
1083.64 980.364 636.169 1090.18 160.76 1008.49 201.732 16.743 115.942 956.425
1053.53 212.739 192.21 66.22 80.5948 85.1147 107.396 584.868 33.5514 118.062
127.657 96.4155 148.281 114.931 224.79 9936.36 174.091 199.134 1193.59 585.17
1340.83 1343.34 1375.31 1257.02 597.196 109.968 1435.51 1242.82 628.475 634.546
1169.11 202.416 1354.15 1407.18 1349.99 169.293 137.967 1195.5 1346.03 1601.58
2050.21 79.9181 68.8596 2110.57 1737.01 131.999 157.394 66.7378 105.961 19.0074
25.5308 164.278 26.8418 20.078 192.416 29.1753 205.969 137.858 83.6138 254.38
1688.88 1691.1 1384.02 257.803 26.5584 218.628 105.704 99.4062 110.802 1475.72
1482.4 18.6441 85.4991 18.665 12.2936 228.028 229.019 187.895 26.834 219.356
137.15 131.275 220.894 1102.56 222.012 1155.11 1263.3 1859.17 253.277 2255.45
318.566 116.179 117.646 26.4108 219.962 90.5428 136.733 102.975 2266.72 308.107
2264.95 211.179 28.2432 194.499 66.0004 83.4148 1818.52 256.896 1386.32 235.867
1633.42 136.07 14.6286 93.8185 76.1781 217.29 66.9106 2211.69 301.091 2216.15
2072.62 1595.16 91.2867 11.7236 82.1901 88.5255 114.767 137.411 86.9825 33.286
26.8595 16.534 11.4457 31.2247 36.5894 1449.18 1329.41 254.347 1866.82 315.778
2234.12 1326.94 214.367 1131.24 1179.38 1171.2 109.906 10.8471 106.625 114.817
193.949 139.538 37.5428 38.2423 29.8699 18.1123 38.4057 38.9504 1149.61 207.952
14.0312 1472.98 1475.73 1315.89 1438.8 87.4747 11.3303 82.0055 92.3736 258.018
108.172 1684.12 254.225 1686.37 1592.6 2112.81 77.1999 15.5922 95.4752 138.214
182.923 141.703 21.7916 8.91428 9.94647 27.5267 21.7768 50.3834 44.7281 24.5246
23.8941 36.6845 21.84 14.1257 20.3051 24.3721 28.5843 54.3225 58.6995 26.4372
8.78517 17.885 38.0186 11.372 7.45736 5.39706 23.474 47.1184 49.317 36.6014
15.4108 36.9345 33.2841 12.3494 6.56809 20.6086 10.3657 32.5164 29.5354 15.8073
43.0455 31.3061 27.1771 15.5691 7.273 12.0273 14.1444 32.7837 15.3042 17.2827
36.3409 46.5583 23.277 7.62877 5.42568 38.5408 46.5658 17.7738 27.4778 51.3736
57.6821 53.8333 30.5313 26.88 132.936 15.8997 13.5217 26.2751 50.9939 26.3997
689.601 119.26 64.5614 48.862 183.722 11.7244 15.6537 21.6041 205.365 149.229
26.4601 122.216 37.0319 78.4825 51.2731 34.6342 62.447 216.022 197.713 27.3641
227.748 46.1886 34.9078 29.7569 103.515 100.648 18.2153 8.60634 171.113 54.8588
64.8791 17.6027 24.0893 29.3454 227.758 206.046 28.2037 137.859 14.6011 15.5492
21.921 25.1761 23.1022 31.737 28.7624 165.581 26.5291 165.395 35.3456 39.9731
31.4083 169.975 178.667 35.3791 30.5467 21.382 15.1777 36.7487 23.5414 27.5446
132.923 200.941 28.8216 223.621 48.9184 64.3089 54.4652 169.782 8.79995 11.6033
35.7988 18.6947 104.354 30.2771 105.496 9.23789 34.4861 27.3088 228.034 195.534
61.1343 209.89 76.4518 819.373 39.7961 23.0402 17.2696 28.8425 131.005 163.053
22.9136 218.616 45.9483 64.1611 48.3696 182.29 7.80135 189.982 26.7936 192.823
24.1912 174.934 34.9388 130.398 33.0177 191.136 23.9172 127.271 32.2657 172.2
34.5979 194.148 24.2058 197.049 27.1748 698.059 688.943 6.90793 8.26206 10.1767
17.6539 21.1544 910.857 250.416 120.476 149.687 7.4821 6.45587 8.78918 35.5428
149.485 120.067 591.314 8.70668 15.4531 18.4185 2238.07 2210.89 240.879 141.504
149.251 304.774 8.34194 4.95115 20.749 213.086 611.186 5.78787 7.67362 8.96951
319.917 26.1809 7.83909 130.383 131.757 363.124 261.402 146.75 321.189 244.267
581.39 614.78 208.414 14.3867 8.41425 186.454 995.241 26.9182 248.718 930.179
1569.57 1254.44 367.798 150.995 4.9761 19.4504 123.631 229.491 1041.11 223.315
300.688 1089.56 16.0244 6.33038 283.149 2040.61 1810.57 259.914 245.148 1677.44
275.923 1992.15 1111.07 1053.63 19.2647 1244.48 249.848 1580.67 185.863 290.048
235.826 216.517 241.277 1347.68 215.158 130.961 133.215 217.306 1366.89 218.509
25.4629 25.1174 25.1091 25.4561 25.8468 25.8415 26.2664 26.263 26.7157 26.7147
27.1842 27.1843 27.656 27.6515 28.1117 28.0904 28.5368 28.491 28.9266 28.8619
29.2876 29.2289 29.6167 29.5894 29.8972 29.8995 30.1219 30.1406 30.3081 30.334
30.4542 30.4825 30.6434 30.6718 30.6769 30.7042 31.1684 31.1943 30.6818 30.7058
32.4189 32.4406 30.4098 30.4293 35.9323 35.9468 30.9192 30.931 42.8041 42.7978
72.0454 72.0755 25.48 25.1401 25.8569 26.2689 26.7095 27.1704 27.6418 28.1133
28.5674 28.9797 29.3266 29.6094 29.8478 30.0483 30.2241 30.3676 30.5584 30.5956
31.0918 30.6109 32.3537 30.3515 35.8824 30.8812 42.7973 72.0929 25.5004 25.1712
25.8642 26.2605 26.6838 27.1259 27.5784 28.0327 28.4744 28.8766 29.211 29.4809
29.7087 29.9029 30.0774 30.2237 30.42 30.4644 30.9688 30.4967 32.2488 30.2561
35.7976 30.8124 42.7622 72.0813 25.5149 25.1994 25.8615 26.2369 26.6363 27.0521
27.4755 27.8966 28.3031 28.6761 28.9983 29.2693 29.5001 29.6975 29.8771 30.0307
30.2362 30.2913 30.8071 30.347 32.1112 30.1307 35.6849 30.7187 42.7062 72.051
25.5109 25.2107 25.8386 26.1913 26.5645 26.9516 27.3442 27.7323 28.1046 28.4487
28.7548 29.0209 29.2518 29.4526 29.6386 29.8014 30.0184 30.0866 30.6167 30.1715
31.9504 29.984 35.5524 30.6071 42.6378 72.0123 25.4739 25.1885 25.7834 26.1141
26.4617 26.8204 27.1829 27.5407 27.884 28.2037 28.4937 28.7517 28.9803 29.1838
29.3763 29.5489 29.7784 29.8614 30.4077 29.9797 31.7761 29.8258 35.4091 30.4853
42.5631 71.9711 25.3906 25.1153 25.6862 25.9992 26.3254 26.6599 26.9967 27.3286
27.648 27.948 28.2242 28.4742 28.7002 28.9057 29.1044 29.2863 29.5279 29.625
30.1872 29.7771 31.5923 29.6596 35.2593 30.359 42.4863 71.929 25.2588 24.9861
25.548 25.8505 26.1625 26.4796 26.7971 27.1092 27.4103 27.6952 27.9604 28.2042
28.4284 28.6359 28.8398 29.0295 29.2804 29.3876 29.9605 29.5623 31.3909 29.4762
35.0989 30.2305 42.4107 71.8866 25.0941 24.8172 25.3838 25.6831 25.9881 26.2949
26.5997 26.8983 27.1867 27.4613 27.7197 27.9601 28.184 28.3941 28.603 28.7999
29.0588 29.1739 29.7538 29.3623 31.1983 29.2996 34.9487 30.1138 42.3427 71.8479
24.9257 24.6409 25.2201 25.5208 25.8239 26.1259 26.4239 26.7145 26.9952 27.2633
27.5174 27.7566 27.9824 28.197 28.413 28.619 28.8886 29.0157 29.6086 29.231
31.0815 29.1956 34.8546 30.0317 42.2907 71.8188 24.7872 24.4938 25.0874 25.3911
25.695 25.9961 26.2914 26.5783 26.8546 27.1182 27.3682 27.6057 27.8341 28.0555
28.2807 28.4969 28.778 28.9183 29.5262 29.1646 31.0302 29.1505 34.8057 29.9815
42.2569 71.8005 24.7108 24.4112 25.0155 25.322 25.6272 25.9286 26.2234 26.5091
26.7836 27.0449 27.2927 27.529 27.7586 27.9841 28.2147 28.4368 28.7241 28.8706
29.4843 29.1274 30.9959 29.117 34.7733 29.9536 42.2402 71.7917 24.7186 24.4181
25.0239 25.3305 25.6355 25.9369 26.2322 26.5191 26.795 27.0565 27.3029 27.5379
27.7669 27.9913 28.2208 28.4427 28.7299 28.8756 29.4875 29.1279 30.9933 29.114
34.7729 29.9557 42.2424 71.7927 24.8141 24.5193 25.1143 25.4165 25.718 26.017
26.3122 26.6008 26.8792 27.1423 27.3875 27.6213 27.8494 28.0715 28.298 28.5164
28.7996 28.9406 29.5472 29.1822 31.0425 29.1593 34.8148 29.9921 42.265 71.8049
24.9815 24.697 25.2729 25.5674 25.8617 26.1534 26.441 26.723 26.9974 27.263
27.5193 27.7648 27.998 28.2198 28.4429 28.6558 28.932 29.0651 29.6632 29.2894
31.1407 29.249 34.8958 30.0604 42.3072 71.8289 25.1927 24.9192 25.4759 25.7644
26.0539 26.3401 26.62 26.8944 27.1663 27.4387 27.7112 27.9722 28.2112 28.4317
28.6494 28.8543 29.1206 29.2426 29.8289 29.4425 31.2812 29.3768 35.0105 30.1565
42.3663 71.8626 25.412 25.1459 25.6921 25.982 26.2774 26.5738 26.8675 27.1579
27.4458 27.7283 27.9997 28.2528 28.4843 28.6974 28.9063 29.1005 29.3543 29.4625
30.0339 29.6319 31.4547 29.5343 35.1515 30.2743 42.4382 71.9031 25.6043 25.3387
25.8883 26.1876 26.4985 26.8172 27.1394 27.4595 27.771 28.0646 28.332 28.5734
28.7942 28.9978 29.1966 29.3786 29.6182 29.7105 30.2649 29.8452 31.6499 29.7113
35.3098 30.4063 42.5181 71.9472 25.7487 25.4766 26.043 26.3571 26.6874 27.0292
27.3759 27.7185 28.0478 28.3545 28.6317 28.8802 29.1044 29.3067 29.499 29.6699
29.8951 29.9709 30.5074 30.0687 31.8542 29.8963 35.4751 30.544 42.6011 71.9926
25.846 25.5632 26.1544 26.4864 26.8383 27.2039 27.5747 27.9396 28.2871 28.6073
28.8965 29.1582 29.3955 29.6054 29.796 29.9579 30.1694 30.2286 30.7468 30.2889
32.0551 30.078 35.6371 30.6788 42.6828 72.0382 25.9091 25.615 26.2322 26.5828
26.9569 27.3478 27.7455 28.1382 28.5127 28.857 29.165 29.4391 29.6826 29.892
30.0764 30.2279 30.4255 30.4683 30.9687 30.4923 32.2403 30.2452 35.786 30.802
42.7578 72.0809 25.9509 25.6474 26.2869 26.6542 27.0486 27.4628 27.8866 28.3077
28.7127 29.0883 29.4223 29.7088 29.9496 30.1485 30.3212 30.4602 30.6445 30.6727
31.1577 30.6654 32.3978 30.3871 35.9119 30.9054 42.8191 72.1144 25.9802 25.6703
26.3256 26.7056 27.1161 27.5494 27.9945 28.4373 28.8635 29.2585 29.6095 29.9061
30.1474 30.3414 30.5059 30.6347 30.8076 30.8246 31.2991 30.7961 32.5171 30.4946
36.0065 30.9817 42.8583 72.1282 25.9997 25.687 26.3502 26.7377 27.1583 27.6038
28.0616 28.5167 28.9537 29.3582 29.7167 30.0189 30.2638 30.4578 30.6189 30.7415
30.9074 30.9179 31.3866 30.8771 32.5912 30.5603 36.0624 31.0242 42.8676 72.1121
26.0069 25.6936 26.3588 26.7487 27.1726 27.6219 28.0837 28.5426 28.9836 29.3918
29.7529 30.0567 30.3028 30.497 30.657 30.7778 30.9418 30.9504 31.4169 30.9048
32.616 30.5824 36.0789 31.0374 42.8622 72.0825 23.7173 23.5675 23.5622 23.7101
23.8871 23.8786 24.0785 24.0692 24.2937 24.284 24.5361 24.5264 24.8094 24.8001
23.752 23.6024 23.9212 24.1116 24.3255 24.5658 24.8363 23.82 23.6769 23.9835
24.1686 24.3772 24.6119 24.8757 23.8958 23.7592 24.0528 24.2315 24.4333 24.6603
24.915 23.9597 23.8297 24.1099 24.2814 24.4756 24.6941 24.9387 23.9946 23.8758
24.135 24.2977 24.4834 24.6933 24.9281 23.9508 23.8386 24.0861 24.2446 24.4267
24.6326 24.8623 23.7885 23.6664 23.9327 24.0993 24.2882 24.4994 24.7324 23.539
23.3969 23.7016 23.8847 24.0885 24.3125 24.5559 23.2726 23.1127 23.4528 23.6532
23.8733 24.1123 24.3688 23.0397 22.8633 23.2363 23.4527 23.6882 23.9415 24.2109
22.8917 22.7005 23.1019 23.3308 23.5778 23.8417 24.1203 22.8861 22.6919 23.099
23.3305 23.5798 23.8456 24.126 23.0356 22.852 23.2388 23.4612 23.7021 23.9602
24.2335 23.3011 23.1342 23.4877 23.694 23.9194 24.163 24.4231 23.6331 23.4881
23.7982 23.9837 24.1895 24.415 24.659 23.9672 23.8477 24.1089 24.273 24.4592
24.6675 24.8969 24.2168 24.1115 24.3455 24.4975 24.6729 24.8718 25.094 24.3424
24.2324 24.474 24.6277 24.8041 25.0042 25.2283 24.3857 24.2657 24.5258 24.6867
24.8696 25.0758 25.3066 24.5469 24.4021 24.7128 24.9008 25.1126 25.35 24.5572
24.4094 24.7261 24.9174 25.133 25.3755 24.5706 24.4217 24.7403 24.9324 25.1495
25.3944 24.5947 24.4502 24.761 24.9506 25.1659 25.4102 24.6086 24.4677 24.7722
24.9598 25.1737 25.417 20.704 19.6902 25.837 24.42 21.3574 23.8641 21.8171
23.4997 22.1155 23.2444 22.3229 23.0755 22.479 22.9777 22.6116 22.942 22.7319
22.9515 22.832 22.9784 22.907 23.0045 22.9655 23.0302 23.0197 23.0622 23.0781
23.1053 23.146 23.162 23.2269 23.2347 23.3232 23.325 23.4364 23.434 18.5908
16.2936 19.9353 20.8714 21.4946 21.9249 22.232 22.4644 22.6499 22.7925 22.8951
22.9714 23.037 23.1026 23.1752 23.2591 23.3571 23.471 23.7142 24.4456 23.4392
23.2636 23.1376 23.0597 23.0249 23.0306 23.0661 23.108 23.1417 23.1701 23.2015
23.2419 23.295 23.3634 23.4492 23.5534 23.7885 24.6031 23.5125 23.3569 23.2531
23.1932 23.1699 23.1808 23.2162 23.2544 23.2823 23.3036 23.3276 23.3604 23.4058
23.4667 23.5453 23.6425 19.0365 16.7904 20.4093 21.3786 22.0236 22.4616 22.7625
22.9783 23.1397 23.2538 23.3264 23.3729 23.4098 23.448 23.4942 23.5529 23.6273
23.7192 21.8107 20.732 22.5001 22.9557 23.2189 23.3695 23.4555 23.5122 23.5561
23.5825 23.5887 23.5839 23.5805 23.5868 23.6071 23.6446 23.7012 23.7781 27.5036
29.5855 26.4626 25.7024 25.1211 24.68 24.3544 24.128 23.9781 23.8708 23.7832
23.7116 23.6598 23.6305 23.6245 23.6423 23.684 23.7496 23.7624 23.6701 23.8342
23.8303 23.7597 23.6713 23.5891 23.5296 23.4947 23.468 23.4381 23.4088 23.389
23.3845 23.3985 23.4328 23.4886 23.5664 18.2402 15.5651 19.7762 20.8251 21.5071
21.962 22.2691 22.4858 22.6471 22.7618 22.8359 22.8849 22.9255 22.9689 23.0219
23.0888 23.1725 23.2748 22.4269 22.9471 22.2949 22.239 22.2087 22.2074 22.2314
22.2804 22.3478 22.4139 22.4662 22.5095 22.5538 22.6065 22.6722 22.7539 22.8538
22.9732 23.6079 25.2546 22.9072 22.4716 22.1939 22.0327 21.9583 21.9521 21.9927
22.0497 22.1038 22.1551 22.211 22.2775 22.3581 22.4554 22.5715 22.7073 17.7885
16.1257 18.8603 19.6403 20.1841 20.5854 20.8946 21.1478 21.3645 21.5433 21.6839
21.7984 21.9021 22.0055 22.1157 22.2375 22.3743 22.5282 17.4252 15.6703 18.565
19.401 19.9899 20.428 20.7671 21.0444 21.2803 21.4745 21.6275 21.7522 21.8642
21.9746 22.0907 22.2175 22.3586 22.5163 22.6832 24.0649 22.1663 21.8785 21.7173
21.6499 21.6512 21.7055 21.7942 21.8896 21.9747 22.0512 22.128 22.2117 22.3068
22.4165 22.543 22.6879 21.6304 21.9254 21.6511 21.7201 21.7895 21.8707 21.9636
22.0693 22.1829 22.2865 22.3696 22.4381 22.5034 22.5737 22.654 22.7481 22.8585
22.9868 17.8918 15.0815 19.5217 20.6443 21.3796 21.8759 22.2169 22.4616 22.6458
22.7794 22.8692 22.9311 22.9824 23.0348 23.0951 23.168 23.2565 23.3628 23.8546
23.6747 23.9845 24.0169 23.9613 23.8772 23.795 23.7338 23.6967 23.6681 23.6365
23.6054 23.5838 23.5776 23.5897 23.6218 23.6752 23.7504 27.9214 29.9584 26.9038
26.1487 25.5562 25.0972 24.7527 24.5085 24.3431 24.2225 24.1232 24.0411 23.9796
23.9415 23.9273 23.9372 23.9714 24.0296 22.1531 20.9812 22.9033 23.3962 23.6743
23.8281 23.9117 23.9631 24.0004 24.0197 24.0179 24.0044 23.9919 23.9889 24
24.0282 24.0757 24.1436 19.3215 16.9658 20.7686 21.7936 22.4743 22.9355 23.2518
23.4768 23.6428 23.758 23.8285 23.8702 23.9005 23.9309 23.9685 24.018 24.0828
24.165 24.3171 25.1135 24.0642 23.9316 23.8436 23.7939 23.7771 23.7911 23.8269
23.8628 23.8856 23.8995 23.9143 23.9368 23.9714 24.0209 24.0877 24.173 24.2776
24.4585 25.2488 24.1686 23.9935 23.8714 23.7969 23.7643 23.7698 23.8025 23.8387
23.8638 23.8809 23.8992 23.9254 23.9635 24.0163 24.086 24.1742 24.2819 19.4363
17.092 20.8056 21.7607 22.3954 22.8312 23.1383 23.366 23.5425 23.672 23.7583
23.8159 23.8611 23.9053 23.9554 24.0162 24.0911 24.1827 24.2926 22.3704 21.5514
22.8957 23.254 23.4678 23.6024 23.6961 23.774 23.8458 23.9016 23.935 23.9541
23.9706 23.9932 24.0267 24.0746 24.1396 24.2232 24.3265 26.8036 28.7694 25.937
25.3425 24.91 24.5988 24.3862 24.2564 24.1878 24.148 24.1152 24.0876 24.071
24.0694 24.0852 24.1199 24.175 24.2512 24.3487 12.0516 14.0973 15.2862 9.36006
8.50196 7.84054 7.64435 21.5519 14.7944 20.6922 28.4513 21.3625 15.1877 36.3374
19.245 32.6123 18.7787 30.1285 18.7323 28.4353 18.9395 27.2947 19.262 26.497
77.7058 77.2768 92.9348 97.9441 12.4782 17.7184 17.3928 12.2347 12.7617 13.4952
14.3609 15.2563 14.5171 16.4181 20.0348 40.8883 95.9008 84.7606 32.1943 30.3755
27.0118 28.9024 27.0889 25.9629 25.2766 24.8401 5.65894 5.12948 6.50168 7.68054
5.98394 30.5069 31.0203 14.8257 15.2007 10.8858 32.4093 32.5028 29.5083 27.6867
26.4337 25.6124 25.0708 18.053 300.635 306.988 20.7038 43.6274 116.76 30.5197
12.7563 18.0223 28.4998 13.0354 13.6822 14.307 15.0331 15.8214 37.0186 13.4195
13.8158 32.8292 20.6176 22.1302 10.3446 19.8886 19.7081 19.7081 19.9323 20.2798
130.865 114.59 54.416 21.1329 40.1368 106.24 40.6452 15.3509 20.7298 37.5228
35.0023 33.027 31.6273 30.6089 6.15908 10.4131 13.3024 14.0418 7.78982 6.61139
15.2156 10.99 5.94704 26.6514 29.4843 20.0807 25.3147 24.5008 23.922 23.6755
23.6406 121.766 40.705 32.4847 35.5224 151.349 9.94672 10.6186 20.6858 10.5839
11.4866 12.3619 13.3349 14.358 13.6743 19.7924 27.2249 81.0407 17.6746 28.8879
28.2884 16.4234 26.5706 25.173 24.2141 23.6097 23.2489 381.996 342.28 4.44145
6.97105 359.914 26.727 21.7444 6.0409 13.4831 40.4913 29.1444 35.7248 32.2805
29.9325 28.2088 26.9866 26.1055 4.40706 12.6685 15.6501 4.50605 24.7335 36.1298
7.92063 14.6762 17.4867 21.6722 14.1298 14.1491 14.3873 14.8449 15.4151 73.7284
43.1063 41.3462 98.6427 14.0238 16.6386 8.27782 13.5337 13.5901 13.8559 14.336
14.9277 98.4654 73.5559 31.6591 23.7757 34.6788 96.312 33.9023 25.8417 20.8119
30.6147 28.3757 26.7466 25.6114 24.8121 5.08499 4.45515 4.28244 6.55474 5.2108
27.2246 28.0961 39.665 12.9397 6.48891 21.4329 27.5079 25.2319 23.8712 22.966
22.4266 22.1357 375.339 1369.16 1294.35 354.534 26.6143 78.7321 88.6554 9.66019
10.3593 16.1678 10.1812 10.9918 11.8249 12.7893 13.828 13.6228 19.2288 32.2338
34.9989 10.7077 26.7359 30.4624 20.8734 25.3648 24.5064 23.8999 23.6429 23.6158
297.814 303.128 1840.46 1850.14 41.4374 16.2404 11.8062 28.648 119.727 40.8636
15.8058 21.0359 37.7969 35.3077 33.3488 31.9634 30.9614 358.688 414.492 389.832
8.11242 6.52839 6.38157 7.13036 21.5736 40.8021 20.7702 22.6871 21.1103 20.0543
19.8847 19.8889 20.1272 20.4943 114.095 101.381 70.1296 130.138 12.857 18.6498
11.209 13.1169 13.7693 14.4015 15.1448 15.9566 32.1494 35.6418 30.4657 44.4609
115.864 134.292 33.1084 31.4295 29.1154 30.0323 28.1926 26.9348 26.1138 25.5767
17.8354 14.1359 5.82813 6.87961 20.3371 30.8328 32.3835 10.5767 15.014 14.8953
32.1043 33.1684 29.806 27.9725 26.8327 26.1281 25.6726 5.58878 333.745 354.758
5.89947 42.1452 101.14 36.649 12.7785 17.4708 27.3992 12.6769 13.3224 14.1489
15.0843 16.0252 18.1296 10.7543 12.4842 15.7211 22.8211 29.6075 17.2332 21.3218
20.8256 20.7501 20.9255 21.2009 317.531 328.95 2210.24 2177.08 104.58 81.3785
63.6604 20.833 13.0243 39.8842 40.7286 14.9512 21.6285 36.6513 33.8957 31.976
30.6334 29.6404 2026.21 1908.94 284.683 304.908 11.2783 293.9 1997.06 964.754
124.52 39.2843 136.474 79.536 324.733 345.877 5.26554 131.67 36.3401 123.192
12.808 74.5434 187.772 136.592 813.982 185.474 391.984 416.769 360.579 189.347
194.664 910.067 67.9802 71.8997 10.9029 88.5373 1312.24 1389.59 183.952 802.059
91.0546 7.8428 3.70704 212.881 811.765 98.4963 803.067 212.598 12.3798 15.2176
4.33819 7.86039 7.96599 782.989 179.658 68.475 88.4789 17.4089 70.7117 893.759
189.793 148.224 188.95 186.117 804.832 106.087 183.607 75.8619 302.508 309.297
12.6924 123.71 31.1984 136.084 5.06508 82.2529 144.52 91.1181 133.337 1052.69
6.64297 7.54279 12.6612 11.6583 9.72586 5.98672 9.02835 60.7874 131.469 54.4835
11.1553 26.1713 59.564 9.24242 6.66924 14.3529 267.536 1960.97 1932.3 1833.94
30.6734 64.8943 91.501 70.19 28.4782 9.04209 102.352 61.8496 1503.14 1555.41
1517.24 9.74379 1871.22 1860.16 305.748 300.431 118.129 28.0202 3.78736 9.89184
247.294 254.201 231.513 33.1998 122.868 121.328 42.6864 7.48055 20.0159 45.2473
20.3693 242.29 248.993 1264.59 1340.4 226.495 1344.01 335.068 1372.43 117.337
14.6233 13.9388 11.0984 10.5097 54.3745 96.7139 67.3178 13.5718 28.2743 60.938
12.8993 9.04236 4.949 291.119 2342.3 2451.49 2104.98 21.2258 53.101 138.207
101.657 29.2654 7.07782 84.7981 64.7408 2005.69 281.596 5.77535 17.0016 260.257
1837.12 1062.68 2394.95 2282.31 281.834 2038.76 980.982 70.1093 184.02 1398.32
117.835 1343.38 1265.96 1352.06 114.825 9.80513 179.09 68.7072 1538.93 1487.81
1501.53 974.897 1946.87 1970.08 268.476 1835.13 1105.62 42.2826 32.6929 37.0256
24.2516 7.97227 13.9435 1709.69 260.539 36.8848 24.4943 48.7625 36.8328 58.9176
69.4815 263.114 1733.38 68.2011 73.1052 56.6377 6.19599 327.249 283.962 24.5897
394.613 358.448 1219.85 18.1893 5.14848 5.84056 17.7704 1201.14 353.289 392.669
24.1144 286.109 335.48 6.16182 2079.13 305.783 14.0522 15.7042 281.212 1707.39
1687.1 278.6 16.2843 2301.42 1777.45 1416.41 243.837 1143.13 1137 238.155
1403.83 1793.25 2354.52 
U 3 7164 float
0.282709 -0.0106565 0.00747542 0.170645 -0.0117053 0.0188244 0.227183 -0 0.00683687 0.280338 -0
0.0185208 0.251645 -0.00685353 0.0303889 0.251001 -0 0.0362961 0.217455 -0.00488476 0.0152536
0.219446 -0 0.0196802 0.21074 -0.00339237 0.00903759 0.213312 0 0.0122546 0.208809
-0.00236065 0.00707575 0.211547 0 0.00948948 0.205197 -0.00167582 0.0056055 0.2079 0
0.00746115 0.201459 -0.00122301 0.00435017 0.203996 2.8026e-44 0.00579409 0.198637 -0.000926065 0.00346537
0.200942 -9.15188e-42 0.00459747 0.196572 -0.00073283 0.00283286 0.198625 -2.19436e-39 0.00372595 0.194956
-0.000612867 0.00233773 0.196763 -1.39336e-37 0.00304709 0.193658 -0.000554891 0.001944 0.195249 7.92972e-37
0.00251144 0.192627 -0.000566259 0.00164859 0.194064 3.07195e-34 0.00210551 0.191783 -0.000686432 0.00147863
0.193199 7.09429e-33 0.00184585 0.190949 -0.0010373 0.00155151 0.192654 8.10449e-33 0.00181609 0.189735
-0.00195875 0.00226777 0.19245 -8.89925e-31 0.00232617 0.186482 -0.00433887 0.0045776 0.192664 3.45075e-30
0.00420479 0.176317 -0.0135222 0.0101328 0.194973 4.02988e-30 0.00866237 0.215508 -0.0423927 0.0143417
0.150457 -0.0473592 0.0151713 0.16062 -0.0222819 0.0134949 0.216657 -2.23789e-33 0.0145516 0.243047
-0.0575399 0.0131545 0.248328 -3.30322e-33 0.0155215 0.286984 7.64569e-35 0.0137979 0.302815 2.29079e-34
0.0108245 0.2816 0.00192908 0.00462346 0.279072 -0.000775611 0.00516431 0.27731 -0.0160823 0.00759248
0.281282 -3.41087e-05 0.00933975 0.283957 0.00150526 0.00696824 0.28491 0.000558769 0.00556909 0.302719
6.43328e-35 0.0101513 0.299918 -2.30373e-34 0.0119793 0.298033 -1.33664e-34 0.0140067 0.299354 3.20433e-35
0.0150642 0.265898 -0.0048888 0.0138744 0.267889 -0.00227423 0.0126327 0.268685 0.00150153 0.00547348
0.263497 -0.00229009 0.00860985 0.265533 -0.00550737 0.0120349 0.303855 1.88255e-35 0.0144606 0.30771
3.85832e-36 0.0121441 0.30818 5.10959e-37 0.0101672 0.306732 1.63699e-37 0.0101168 0.271298 0.00538044
0.00343533 0.266841 0.00689806 0.00217571 0.268598 0.00591236 0.00284444 0.287926 -0.00381829 -0.00320358
0.172767 -0.00555662 0.0144896 0.254933 -0.00194176 0.0243329 0.217807 -0.00147298 0.0104779 0.210372
-0.00117957 0.00556072 0.208104 -0.000927921 0.00444211 0.204368 -0.00075358 0.00353926 0.200667 -0.000661946
0.00271618 0.197976 -0.000625677 0.00216615 0.196084 -0.000619961 0.00178952 0.194649 -0.000633932 0.00149316
0.193518 -0.000666438 0.0012563 0.192616 -0.000719211 0.00108636 0.191822 -0.00078801 0.00102164 0.190845
-0.00085177 0.00120874 0.189016 -0.000842072 0.00212948 0.183476 -0.000569749 0.00485464 0.163732 -0.00912382
0.0111284 0.16853 0.00211858 0.0106026 0.147036 -0.0133507 0.0140388 0.133566 -0.0652832 0.0131996
0.105906 -0.0557494 0.0124713 0.123349 -0.0425831 0.0152495 0.116684 0.00259948 0.0038357 -0.0205934
-0.0119753 -0.0116235 -0.0421325 -0.00414872 0.0169406 -0.0187874 0.00497331 0.0277683 0.0737748 0.00805803
0.0227832 0 0 0 0 0 0 0.0262091 -0.0275234 -0.0673593
0.132435 -0.0261673 -0.0274437 0.296178 0.00209419 0.000138145 0.178438 0.000685548 0.017568 0.263921
0.0022262 0.0265844 0.226867 0.00166674 0.012013 0.219011 0.000993807 0.00670824 0.216247 0.000579675
0.00528633 0.212005 0.000312322 0.00414405 0.207805 8.23278e-05 0.0031577 0.204644 -0.000125921 0.00249777
0.202319 -0.000307013 0.00204239 0.20049 -0.000464928 0.00168738 0.199005 -0.000607775 0.00140587 0.197811
-0.000740049 0.0012009 0.196847 -0.000850627 0.00110186 0.195999 -0.000887374 0.00122384 0.195034 -0.000654498
0.00196013 0.192829 0.00037621 0.00420922 0.176861 0.0100725 0.0105354 0.189285 0.00548694 0.00944187
0.168138 0.0189458 0.0132404 0.150209 0.00660811 0.0138302 0.089284 0.0203933 0.0118215 0.106329
0.0468916 0.0122235 0.125528 0.035956 0.0148795 0.114221 0.0154967 0.0151266 -0.0272256 -0.00741637
0.00343271 -0.00184657 -0.0243044 -0.0123726 0.143411 -0.0164086 -0.00433481 0.112069 -0.017852 0.00331183
0.0202736 -0.0135195 0.0059892 0 0 0 0 0 0 0.0303235
0.00535706 -0.0427588 0.00763127 -0.0229598 -0.0635192 0.30381 0.00329617 0.00401985 0.18376 0.00179436
0.0207984 0.272979 0.00344217 0.0297682 0.236654 0.00296754 0.0145707 0.22864 0.00224587 0.00869682
0.225633 0.00169783 0.00687082 0.22107 0.00127905 0.00541811 0.21647 0.00090467 0.00418495 0.212878
0.000561027 0.00333478 0.210123 0.000257331 0.00273544 0.207867 -1.19496e-05 0.00226734 0.205966 -0.000263321
0.00189501 0.204367 -0.000519742 0.0016157 0.203009 -0.000823464 0.00145356 0.201785 -0.00127616 0.00152351
0.200473 -0.00211791 0.00222135 0.197981 -0.00396896 0.00446999 0.195481 -0.0106512 0.00962417 0.225405
-0.00443793 0.0129691 0.209936 -0.0381428 0.0138558 0.193314 -0.0213155 0.0126707 0.185368 0.015144
0.0126312 0.203851 0.0306621 0.0140837 0.235719 0.052094 0.0126799 0.252652 -0.00525131 0.013294
0.277263 -0.00196829 0.00339722 0.28334 -0.00450554 0.00203226 0.307575 -0.00434496 0.00697885 0.289952
-0.00501391 0.0108645 0.272769 0.0114111 0.00648311 0.292633 -0.00445118 0.00087984 0.291555 -0.00485684
0.00147422 0.309382 -0.00703235 0.00601171 0.309712 -0.0049795 0.00544148 0.291658 -0.0034069 0.00100416
0.312778 -0.00791503 0.00534621 0.267266 -0.009865 0.0107377 0.252943 -0.00591238 0.0118 0.268576
-0.00616583 0.00803431 0.309388 -0.00882281 0.00628745 0.276386 -0.00896581 0.00061332 0.261707 -0.00907583
-0.000136678 0.275021 -0.000898591 0.00149364 0.277068 -0.0001465 0.00172932 0.283917 -0.00289483 0.00259013
0.315199 -0.00630707 0.00509566 0.286204 -0.00553466 0.00297605 0.290713 -0.00514256 0.00338507 0.317529
-0.00504732 0.00469614 0.317105 -0.00507198 0.00465272 0.286904 -0.00540927 0.00310578 0.306484 0.00282476
0.00511314 0.185645 0.00154193 0.0217561 0.276219 0.00299286 0.0307096 0.240337 0.00271247 0.0153587
0.232547 0.00224069 0.00937697 0.229739 0.00181656 0.00748838 0.225304 0.0014466 0.00596987 0.220751
0.00110212 0.00466746 0.217157 0.000777869 0.0037539 0.214365 0.000481281 0.00309982 0.21204 0.000209701
0.00258589 0.210031 -4.81298e-05 0.0021764 0.208265 -0.000308835 0.00186954 0.206614 -0.000603151 0.00169788
0.204772 -0.00100487 0.00180857 0.202023 -0.00170659 0.00271906 0.195177 -0.00319835 0.00562808 0.186656
-0.0155536 0.0110632 0.178437 -0.00854411 0.0118101 0.178524 -0.0259936 0.0137392 0.24023 -0.0626547
0.0118244 0.225362 -0.108126 0.00791125 0.150671 -0.127873 0.00493308 0.144283 -0.0734236 0.0139631
0.162101 -0.0535974 0.0156994 0.27442 -0.0206159 0.00523735 0.276512 -0.0042083 0.00236004 0.24207
-0.0230423 -0.00351782 0.258926 -0.0490317 -0.000760726 0.284984 -0.00143786 0.00294909 0.252055 0.00274609
0.00166197 0.245404 -0.00222934 -0.00238562 0.286087 -0.00200294 0.00162488 0.125969 -0.000304253 0.00555686
0.100901 0.0136784 0.0229226 0.267029 -0.00743685 0.0078997 0.239229 -0.0163141 -0.000516223 0.235503
-0.0181079 0.00482931 0.271872 0.00372263 0.00133722 0.269995 0.00374187 0.000903889 0.238285 0.00231788
-0.00631707 0.237137 0.00139807 -0.0068813 0.306688 0.00194995 0.00525229 0.185847 0.00104256 0.0218371
0.276394 0.00211816 0.0308171 0.240544 0.00203009 0.0154104 0.232883 0.00182076 0.00942378 0.230249
0.00156663 0.00754415 0.225978 0.00130275 0.00603016 0.221565 0.00104005 0.00472906 0.218093 0.000783189
0.00381598 0.215405 0.000537516 0.00316098 0.213167 0.000306248 0.00264546 0.211228 9.17509e-05 0.00223412
0.209522 -9.58505e-05 0.00192589 0.207937 -0.000218902 0.00175502 0.206208 -0.000169328 0.00187115 0.203718
0.000342548 0.00278431 0.197915 0.00205643 0.00566691 0.172781 0.00231798 0.012929 0.18289 0.00976963
0.0120738 0.159411 -0.0160262 0.015245 0.152859 0.00393038 0.0161946 0.0952272 -0.0409053 0.0142805
0.0825917 -0.0160059 0.014491 0.108063 -0.0127269 0.0178619 0.121777 -0.0313687 0.0170987 -0.015157
-0.0104202 -0.0110932 -0.0136677 -0.0262023 -0.0164921 -0.0340409 -0.0132952 0.00452806 -0.0557344 -0.00947872
0.00701106 -0.0367115 0.00147858 0.0190717 0 0 0 0 0 0
-0.0163589 -0.0504615 -0.0779125 -0.00102547 -0.0314106 -0.0742655 0.306159 0.001207 0.00514293 0.185539
0.00063533 0.0216942 0.275647 0.00135122 0.030711 0.23966 0.00136918 0.0152891 0.232007 0.00131681
0.00932469 0.229421 0.00118604 0.00745958 0.225224 0.00101272 0.00595619 0.220899 0.000825143 0.00466572
0.21752 0.000633405 0.00376296 0.214929 0.000441127 0.00311721 0.21279 0.000250084 0.00260994 0.210959
6.02053e-05 0.00220419 0.209401 -0.000126914 0.00189726 0.208085 -0.000299749 0.00172026 0.206958 -0.000418379
0.00181105 0.205877 -0.00037257 0.00261113 0.204265 0.000104772 0.00517601 0.203012 0.00190316 0.0102829
0.197355 0.0471352 0.0145764 0.217114 0.00976588 0.0140111 0.16322 0.0162466 0.015879 0.138933
0.0406612 0.0175428 0.111993 0.0533344 0.0151269 0.0972109 0.0893671 0.00201368 0.185592 0.12716
0.00466365 0.220375 0.0904982 0.00924321 0.0847996 -0.0261769 0.00103248 0.0938487 -0.0216226 -0.00924521
0.237303 -0.00912619 -0.00209225 0.244761 -0.0142274 -0.00155344 0 0 0 0
0 0 0.165146 0.0308239 -0.0153569 0.0930485 -0.0156008 -0.0325203 0.305676 0.000711005
0.00502777 0.185251 0.000367507 0.0215759 0.274968 0.000824292 0.0306108 0.238834 0.000884556 0.0151908
0.23113 0.000905853 0.0092496 0.228512 0.000851441 0.00739167 0.224313 0.000746836 0.00589129 0.220009
0.000620842 0.0046055 0.216664 0.000483996 0.00370828 0.214109 0.000337362 0.00306792 0.212003 0.000178281
0.00256577 0.210193 -1.41768e-06 0.00216509 0.208622 -0.000223062 0.00186361 0.207214 -0.000539608 0.00169339
0.2058 -0.00108122 0.00179644 0.203989 -0.00217582 0.00265368 0.199904 -0.00464147 0.00538817 0.188957
-0.0138413 0.0112945 0.227734 -0.0335879 0.0134709 0.165578 -0.0492281 0.0161866 0.173629 -0.0235041
0.0147723 0.244221 0.00721951 0.0122024 0.251282 -0.0522836 0.0112006 0.303566 -0.00918033 0.00296635
0.290905 0.00276511 -0.000888014 0.284766 -0.00230268 0.000733765 0.282309 -0.0172031 0.00379439 0.281702
-0.00361761 0.00752262 0.312557 -0.0050928 -0.000535834 0.302695 0.00156252 -0.00323149 0.301742 0.00278379
-0.00302341 0.299798 0.00289682 -0.002705 0.310948 -0.00703686 0.000484595 0.308651 -0.0017296 -0.000539327
0.293891 -0.00314099 -0.00314223 0.297349 -5.50758e-05 -0.00390606 0.310904 -0.00385619 -0.000832242 0.312589
-0.00446103 -0.00135782 0.291885 -0.00249933 -0.00483601 0.286008 -0.00789877 -0.0047634 0.288862 -0.00832166
-0.00382325 0.30848 -0.00156662 -0.000622233 0.322181 -0.00827651 -0.00280348 0.301294 0.00136171 -0.00498585
0.296576 0.00196723 -0.00514498 0.296305 0.00203656 -0.0049216 0.318783 -0.00713295 -0.00214315 0.305343
0.000402131 0.00493125 0.185046 0.000198875 0.0214873 0.274506 0.000485541 0.0305307 0.238265 0.000552969
0.0151212 0.230504 0.000598404 0.00920133 0.227834 0.000584308 0.00734986 0.223604 0.000525886 0.00585158
0.21929 0.000445637 0.00456874 0.215945 0.000352841 0.00367458 0.213394 0.000249062 0.00303685 0.211288
0.00013382 0.00253707 0.209464 4.46324e-06 0.00213945 0.207839 -0.000143833 0.00184189 0.206271 -0.000318099
0.00167772 0.204435 -0.000525566 0.00179689 0.201564 -0.000759745 0.0027299 0.194274 -0.000951641 0.00567747
0.17558 -0.0118821 0.0123466 0.176268 0.000182674 0.0119259 0.158477 -0.0175113 0.0154304 0.150342
-0.0685548 0.0144265 0.121116 -0.0640015 0.0141953 0.138105 -0.048394 0.0167116 0.208093 0.0233298
-0.00187323 0.180298 0.00755604 -0.00467792 0.0278747 0.0232063 -0.0106485 0.0139488 0.0152974 0.00498465
0.117145 0.0338896 0.00345615 0 0 0 0 0 0 0.0639442
-0.017988 -0.0409585 0.1626 -0.0287769 -0.0209537 0.30514 0.000224305 0.00486181 0.184917 0.000104356
0.0214279 0.274227 0.000281703 0.0304735 0.237919 0.000338365 0.0150743 0.230112 0.000382533 0.00916974
0.227396 0.000386189 0.00732329 0.223133 0.000357282 0.00582673 0.218802 0.000310687 0.00454615 0.215448
0.000253378 0.00365424 0.212893 0.000187359 0.00301841 0.210788 0.00011421 0.00252021 0.208975 3.72545e-05
0.00212268 0.207389 -3.27618e-05 0.00182197 0.20595 -6.45023e-05 0.00164476 0.204497 3.79451e-05 0.00171236
0.202691 0.000552852 0.00244623 0.198928 0.00225608 0.00483746 0.179556 0.010624 0.0119499 0.191556
0.00992574 0.0105718 0.155306 0.00229596 0.0154659 0.166363 0.0186264 0.0150025 0.0852941 0.00829034
0.0137425 0.0913793 0.0373393 0.0140421 0.117201 0.029723 0.0171593 0.113863 0.00676729 0.0171022
-0.0472234 -0.000638134 0.00996509 -0.0257573 0.0109149 -0.0161469 0.0509196 -0.00567435 -0.00192527 0.0291389
-0.0211085 0.0182101 -0.0312932 -0.0202298 0.0169214 0 0 0 0 0
0 0.00393303 -0.0189405 -0.0803018 -0.0150073 0.00986051 -0.0833907 0.305034 0.000121435 0.00482104
0.184848 5.38027e-05 0.0213949 0.274082 0.00015697 0.0304402 0.237736 0.000195303 0.015048 0.2299
0.00022707 0.00915247 0.227151 0.000235999 0.00730909 0.222863 0.000225648 0.00581358 0.218516 0.000203999
0.00453432 0.215152 0.00017483 0.00364372 0.212591 0.000138623 0.00300883 0.210482 9.44692e-05 0.00251113
0.208671 3.96965e-05 0.00211399 0.2071 -3.412e-05 0.00181399 0.205712 -0.000146838 0.00163685 0.204415
-0.000347437 0.00169991 0.203031 -0.000768251 0.00239594 0.200692 -0.00170141 0.00465449 0.199062 -0.00462995
0.00973081 0.224182 0.019525 0.0140155 0.216934 -0.0182298 0.01426 0.199142 -0.0121817 0.0125866
0.182614 0.0200612 0.0141407 0.187575 0.0421573 0.0152385 0.211818 0.0947621 0.0100062 0.24802
0.0157867 0.0140974 0.224922 0.0382456 -0.0016283 0.212047 0.0191606 -0.00235542 0.301729 -0.00471069
0.00922364 0.282113 0.00295482 0.0120159 0.255039 0.0626248 0.00189548 0.22518 -0.00571856 0.00309806
0.227194 -0.0164826 0.0083081 0.310325 -0.00366339 0.00830994 0.309101 -0.00412919 0.00809773 0.22095
0.00713912 -0.000356765 0.305305 -0.00340671 0.0103246 0.295909 -0.00565061 0.00532181 0.288036 -0.00877091
0.00345777 0.297502 -0.00397746 0.00411577 0.308028 -0.0033525 0.00929664 0.199367 -0.0122633 0.0150013
0.161738 -0.00514917 0.0117335 0.195381 0.0257393 -0.00529079 0.199479 0.0316973 -0.0102974 0.210734
0.014616 -0.00732628 0.30856 -0.00587233 0.00867025 0.200672 -0.0060541 -0.00468825 0.2175 -0.00910062
-0.00215018 0.311226 -0.00696052 0.0063049 0.311614 -0.00747666 0.00680565 0.201477 -0.00332178 -0.00485528
0.304993 5.60512e-05 0.00480331 0.184821 2.5502e-05 0.0213816 0.274025 7.27739e-05 0.030426 0.237663
9.03266e-05 0.015037 0.229812 0.000105936 0.00914539 0.227047 0.000114476 0.00730339 0.222747 0.000117008
0.00580826 0.218391 0.000115977 0.0045295 0.215019 0.0001124 0.00363948 0.212449 0.000105836 0.00300513
0.210327 9.44103e-05 0.00250794 0.208486 7.32906e-05 0.00211216 0.206846 3.04916e-05 0.00181619 0.205284
-6.08688e-05 0.00165366 0.203525 -0.00027675 0.00176885 0.200941 -0.000830684 0.00265699 0.19478 -0.00225505
0.00544542 0.191254 -0.0121302 0.010729 0.180882 -0.00816655 0.0113896 0.187068 -0.0206779 0.0132946
0.2502 -0.0313476 0.0145622 0.244488 -0.0590306 0.0121568 0.214666 -0.0994372 0.00955326 0.187235
-0.0664172 0.0151583 0.183265 -0.0441208 0.0157475 0.291597 -0.0207358 0.0108367 0.300574 -0.0176352
0.0080984 0.286228 -0.0116472 0.00317477 0.282616 -0.0231064 0.00609076 0.305475 -0.0117156 0.00416636
0.292974 -0.00788705 0.00010283 0.291149 -0.00799769 -0.000260723 0.305007 -0.0124684 0.00452285 0.203722
0.00233693 0.000172227 0.21891 0.0137028 0.000454682 0.303918 -0.00293534 0.00378247 0.292278 -0.000310322
-0.000236171 0.222398 -0.0113589 -0.00999241 0.193228 -0.034101 -0.0169344 0.194182 -0.027171 -0.0128704
0.306155 -0.00407789 0.00279307 0.303837 -0.00479023 0.00205939 0.292385 -0.000116716 -0.00147119 0.293777
0.000128323 -0.00115641 0.304998 1.31572e-06 0.0048039 0.184824 3.432e-06 0.0213825 0.27403 2.16275e-07
0.0304265 0.237668 -3.60407e-06 0.0150371 0.229818 -4.91943e-06 0.00914566 0.227054 1.68523e-06 0.0073037
0.222754 1.54137e-05 0.00580852 0.218398 3.39641e-05 0.00452967 0.215027 5.64005e-05 0.00363963 0.212457
8.31578e-05 0.00300549 0.210333 0.000115744 0.00250864 0.208492 0.000158206 0.00211295 0.206852 0.000222071
0.00181633 0.205292 0.000337019 0.00165268 0.203536 0.00058171 0.00176631 0.200953 0.00117038 0.00265237
0.194795 0.00263366 0.00543791 0.172416 0.000201477 0.0124039 0.180897 0.00858453 0.0113772 0.165998
-0.0163272 0.0147101 0.153916 0.000213873 0.0155691 0.114839 -0.0520134 0.0143901 0.0925216 -0.0273838
0.0142568 0.116002 -0.0205329 0.0171395 0.136599 -0.0362177 0.016569 0.0467309 0.0164747 -0.00736563
-0.0309077 -0.000688594 -0.014338 -0.0507241 -0.000279171 0.0126301 -0.0467373 0.0019044 0.0137552 0.0171392
0.00921583 0.0126706 0 0 0 0 0 0 0.00120879 0.0313182
-0.0755984 0.059986 0.00792784 -0.0535523 0.305049 -6.50122e-05 0.00482233 0.184858 -2.55858e-05 0.0213972
0.274097 -8.50725e-05 0.0304416 0.237752 -0.00010986 0.0150482 0.229917 -0.000127367 0.00915314 0.22717
-0.000121185 0.00730991 0.222884 -9.46782e-05 0.00581423 0.21854 -5.55718e-05 0.00453476 0.215178 -7.36929e-06
0.00364407 0.212618 4.98686e-05 0.00300934 0.210511 0.000117484 0.00251182 0.208701 0.000198804 0.00211464
0.207132 0.000301828 0.00181412 0.205748 0.000444566 0.00163594 0.204459 0.000675074 0.00169688 0.203082
0.00112711 0.00239046 0.200748 0.0020959 0.00464425 0.191283 0.0125734 0.0107093 0.199114 0.00508001
0.00971167 0.187092 0.0211337 0.0132719 0.166009 0.0167626 0.0146937 0.114846 0.0524929 0.0143621
0.156839 0.0685557 0.0146085 0.161825 0.0488755 0.0159533 0.136605 0.0366783 0.0165453 0.0181137
-0.00921413 0.0118345 0.0474604 -0.0173515 -0.00781706 0.203861 -0.0028675 -0.000428211 0.219097 -0.0141386
3.72542e-05 0.130872 -0.0250448 0.0060094 0 0 0 0 0 0
0.126925 0.0382287 -0.0309019 0.0598674 -0.00859624 -0.0529487 0.305165 -0.000169107 0.00486334 0.184935
-7.68725e-05 0.0214314 0.274252 -0.00021141 0.0304752 0.237945 -0.000254946 0.0150743 0.230142 -0.000285144
0.00917065 0.227428 -0.000273931 0.00732443 0.223168 -0.000229131 0.00582764 0.21884 -0.000165306 0.00454682
0.21549 -8.91107e-05 0.00365481 0.212938 -2.23254e-06 0.00301894 0.210837 9.42713e-05 0.00252058 0.209028
0.000197474 0.00212305 0.207446 0.000297302 0.00182252 0.20601 0.000361661 0.00164563 0.20456 0.000293189
0.0017134 0.202761 -0.000188611 0.00244476 0.199015 -0.00185035 0.00482893 0.19168 -0.00945438 0.0105567
0.224283 -0.0189869 0.0140032 0.187716 -0.0416324 0.0152702 0.182762 -0.0195576 0.0141361 0.199186
0.0126578 0.0125619 0.216985 0.0187394 0.0142269 0.250258 0.0318133 0.0145138 0.248118 -0.0153177
0.0140985 0.300633 0.0177683 0.00803145 0.303388 0.0141345 0.00638678 0.301831 0.0047922 0.00920141
0.282214 -0.0026755 0.0120199 0.291666 0.0209895 0.0107732 0.305412 0.0114173 0.00402811 0.305417
0.00664138 0.00466025 0.310383 0.00351574 0.00819194 0.30918 0.00406666 0.00803075 0.304989 0.0122818
0.00442097 0.305129 0.00336367 0.0101044 0.195218 -0.0255757 -0.00539156 0.161727 0.00516968 0.0116853
0.199419 0.0121719 0.0149527 0.308049 0.00319498 0.00913907 0.297374 0.00352236 0.00384097 0.287805
0.00823446 0.00301934 0.295633 0.00540724 0.00495815 0.303568 0.00287662 0.00352085 0.308349 0.00587397
0.00846856 0.303647 0.00492992 0.00204081 0.30385 0.00454877 0.00249759 0.311099 0.00706325 0.00621923
0.311411 0.00753937 0.00664858 0.305877 0.00415719 0.00265635 0.305377 -0.000348345 0.00493319 0.18507
-0.000172002 0.0214922 0.274541 -0.000417265 0.0305329 0.238302 -0.00047225 0.0151212 0.230545 -0.000504347
0.00920256 0.227879 -0.000475904 0.00735135 0.223653 -0.000402045 0.00585271 0.219344 -0.000304956 0.00456961
0.216004 -0.000193599 0.00367537 0.213459 -6.92815e-05 0.00303757 0.211359 6.89374e-05 0.00253778 0.209542
0.000223775 0.00213975 0.207924 0.000400289 0.00184119 0.206365 0.000606172 0.00167684 0.204536 0.000848688
0.00179658 0.201675 0.00112095 0.00272668 0.194412 0.0013559 0.00566825 0.179714 -0.0101356 0.0119371
0.176459 0.000273405 0.0119225 0.166544 -0.0181255 0.0150077 0.211918 -0.0942773 0.0101326 0.167204
-0.135713 0.00542802 0.0886102 -0.0916474 0.00244047 0.107682 -0.0527723 0.0149012 0.136037 -0.0402834
0.0171975 0.255152 -0.0623311 0.00200983 0.225205 -0.0380682 -0.00154659 0 0 0
0 0 0 0.225408 0.00563754 0.00307765 0 0 0 0
0 0 0.221239 -0.00719279 -0.000354185 0.0510886 0.00568477 -0.00180852 0.0292086 0.020982
0.0183114 0.199228 -0.0315096 -0.0104073 0 0 0 0.13761 -0.040337 -0.0221411
0.201539 0.00344585 -0.00504192 0.200989 0.00620663 -0.00487623 0 0 0 0
0 0 0.30572 -0.000659266 0.00503063 0.185283 -0.000341505 0.0215826 0.275015 -0.000758863
0.0306139 0.238883 -0.000807606 0.0151911 0.231184 -0.000816488 0.00925145 0.228572 -0.000748501 0.00739381
0.224378 -0.000629112 0.00589303 0.22008 -0.000486868 0.00460691 0.216742 -0.000331995 0.00370951 0.214195
-0.000165256 0.00306899 0.212097 1.5739e-05 0.00256636 0.210296 0.000219221 0.0021651 0.208733 0.000467008
0.00186306 0.207335 0.000811988 0.00169253 0.205931 0.0013844 0.00179481 0.204136 0.00251435 0.00264845
0.200072 0.00501568 0.00537626 0.17579 0.0122876 0.0123512 0.189138 0.0142405 0.0112893 0.155524
-0.00182116 0.0154875 0.158695 0.017924 0.0154602 0.0855241 -0.00781513 0.0139266 0.0852209 0.0189961
0.0142942 0.110637 0.0151116 0.0174618 0.114116 -0.00628663 0.0172015 -0.0471845 0.000330495 0.0100017
-0.0257241 -0.0110007 -0.0159834 0.0276876 -0.0232874 -0.0105799 0.0140145 -0.0155434 0.00488313 -0.0428842
-0.00546113 0.00514702 0 0 0 0 0 0 -0.00535056 -0.0264837
-0.0779521 -0.0148803 -0.00852402 -0.0830607 0.306217 -0.00115852 0.00514721 0.18558 -0.000610875 0.0217033
0.275708 -0.00129001 0.0307154 0.239725 -0.00129752 0.01529 0.232079 -0.00123383 0.0093272 0.229499
-0.00109037 0.00746238 0.225309 -0.000903006 0.00595855 0.220991 -0.000699817 0.00466764 0.217622 -0.000490631
0.00376446 0.21504 -0.000278564 0.00311847 0.21291 -6.48882e-05 0.00261082 0.211091 0.000151075 0.00220464
0.209544 0.000368044 0.00189721 0.208241 0.000574028 0.00171929 0.207129 0.000728425 0.00180766 0.20606
0.00071848 0.00260635 0.204457 0.000267902 0.00517164 0.203195 -0.00149965 0.0102908 0.227823 0.0340232
0.0134795 0.21724 -0.00931174 0.0140496 0.173813 0.0238937 0.014791 0.165731 0.0496022 0.016244
0.150483 0.0689238 0.0145277 0.159 0.120915 0.00544332 0.237722 0.0951122 0.00790784 0.251302
0.0526768 0.0112412 0 0 0 0 0 0 0.254047 0.0217698
-0.00459763 0.268443 0.0466613 -0.00124292 0 0 0 0 0 0
0.27272 -0.0031714 -0.00615478 0.262164 -0.000743558 -0.00735176 0.180087 -0.00758148 -0.00471672 0.293619
0.00325295 -0.00322582 0.297096 0.000150018 -0.00402896 0.2079 -0.0234022 -0.00203467 0 0
0 0.261377 0.018576 -0.00865714 0.26032 0.0193953 -0.00805749 0.162347 0.0287122 -0.0207474
0 0 0 0 0 0 0.266714 -0.000108402 -0.00601439 0.264165
0.00159354 -0.00615528 0.30676 -0.00190674 0.00525814 0.185899 -0.00102074 0.021849 0.276471 -0.00206342
0.0308229 0.240626 -0.001966 0.015412 0.232975 -0.00174643 0.00942722 0.230349 -0.00148069 0.00754776
0.226087 -0.0012038 0.00603307 0.221684 -0.000926341 0.00473131 0.218223 -0.000652392 0.00381755 0.215548
-0.00038719 0.00316202 0.213324 -0.000133325 0.00264639 0.211401 0.000107718 0.00223463 0.20971 0.000325601
0.00192517 0.20814 0.000482037 0.00175281 0.206426 0.000467341 0.00186694 0.203942 -1.16182e-05 0.00277566
0.198152 -0.00169034 0.00564988 0.183166 -0.00935792 0.0120505 0.197527 -0.0466864 0.0146698 0.139224
-0.0401815 0.0176268 0.16353 -0.0158088 0.0158734 0.22048 -0.0900734 0.00942077 0.244282 -0.00681038
0.0122716 0.281684 0.0039119 0.00762106 0.303479 0.00938761 0.00305166 0.222286 -0.017711 -0.00725439
0.234411 -0.0376132 -0.0056737 0.262801 -0.0619457 -0.00080302 0.248975 0.019411 -0.00394005 0.242079
0.0107098 -0.00685538 0.235078 -0.00318109 -0.00750347 0.310819 0.00718549 0.000526105 0.312445 0.00521546
-0.00053532 0.310828 0.00400812 -0.00084229 0.308567 0.00193128 -0.000533359 0.237387 0.00929482 -0.00191894
0.244867 0.0142587 -0.00138055 0.226626 -0.0174013 -0.00399045 0.213985 -0.0315416 -0.00773299 0.219087
-0.0194068 -0.00647533 0.308288 0.00174959 -0.000594407 0.31222 0.00453035 -0.0013174 0.318271 0.00703492
-0.0020912 0.321665 0.00807059 -0.00273592 0.236275 0.00763023 -0.00229589 0.218897 0.00340623 -0.00209805
0.219395 2.95785e-05 -0.00188227 0.306571 -0.00278879 0.00512137 0.185707 -0.00152375 0.0217716 0.276313
-0.00294687 0.0307176 0.240437 -0.00265809 0.015362 0.232658 -0.00217694 0.00938226 0.229861 -0.00174228
0.00749368 0.225437 -0.00136036 0.00597411 0.220896 -0.00100213 0.00467105 0.217316 -0.000662084 0.00375745
0.21454 -0.000347187 0.00310266 0.212231 -5.4237e-05 0.00258799 0.210241 0.000228361 0.00217789 0.208494
0.000517927 0.00186993 0.20686 0.000846037 0.00169731 0.205033 0.00128622 0.00180733 0.202297 0.00203046
0.00271218 0.19548 0.00357125 0.00561066 0.173101 -0.00187758 0.0128806 0.178802 0.00897484 0.0118112
0.153211 -0.00345533 0.0161858 0.112261 -0.0528445 0.0152854 0.0910979 -0.0384553 0.0148139 0.11632
-0.0304171 0.0180804 0.0940735 0.0216833 -0.0088021 -0.0138201 0.0257881 -0.0158339 -0.0345682 0.0122036
0.0048688 0.0123949 0.0217531 0.00523182 0.0850126 0.025871 0.00132555 0 0 0
0 0 0 0.0241041 0.0607116 -0.0529617 0.093344 0.0160073 -0.0320689 0.303902
-0.00327005 0.00402902 0.183826 -0.00178191 0.0208151 0.273078 -0.00340812 0.0297769 0.23676 -0.00292615
0.0145739 0.228759 -0.00219577 0.00870217 0.225763 -0.00163817 0.006876 0.221212 -0.00120882 0.00542218
0.216626 -0.000822462 0.00418855 0.213052 -0.00046508 0.00333857 0.210315 -0.000144552 0.00273891 0.208081
0.000145373 0.00227004 0.206205 0.000421206 0.00189699 0.204632 0.000707708 0.00161687 0.203302 0.00104928
0.00145493 0.202104 0.00154831 0.00152792 0.200813 0.00244244 0.00223508 0.198337 0.00433605 0.00450954
0.187063 0.0159438 0.0111224 0.195856 0.0109998 0.00972712 0.178948 0.0263652 0.0138604 0.159809
0.0164823 0.0153035 0.0955874 0.0414184 0.0145917 0.11837 0.0654517 0.0141882 0.137471 0.0505377
0.0164018 0.122186 0.0318547 0.0172934 -0.0366581 -0.00250526 0.0193956 -0.0154347 0.00915501 -0.0104948
0.12604 -0.000904831 0.00586464 0.102436 -0.0145428 0.0228524 0.00948402 -0.0180178 0.0303522 0
0 0 0 0 0 0.0262359 0.037895 -0.0615702 -0.00240564 0.033261
-0.0724166 0.296259 -0.00207601 0.000142717 0.178495 -0.000677528 0.0175802 0.264004 -0.00220137 0.0265884
0.226955 -0.00163555 0.0120115 0.219114 -0.000955118 0.00670964 0.216362 -0.000533084 0.00528793 0.212133
-0.000257481 0.00414473 0.207949 -1.81168e-05 0.00315771 0.204809 0.000201902 0.00249713 0.202509 0.000397232
0.0020418 0.200707 0.00057216 0.00168662 0.199254 0.00073646 0.00140497 0.198096 0.000896571 0.00120066
0.197171 0.0010433 0.00110432 0.196359 0.00112468 0.00123802 0.195416 0.000937675 0.00201006 0.193178
-7.17191e-05 0.00434912 0.189513 -0.00529962 0.00974817 0.225645 0.00456051 0.0133041 0.203872 -0.0307206
0.0145478 0.185482 -0.0151178 0.0130415 0.193708 0.0216332 0.0128215 0.210331 0.0383716 0.0141304
0.240565 0.0628131 0.0123153 0.252773 0.00522845 0.0137455 0.276165 0.00418416 0.00302629 0.279966
0.000563544 0.00179199 0.307003 0.00393911 0.0076941 0.289797 0.00482871 0.0114817 0.274384 0.0205984
0.00596143 0.284432 0.001017 0.00319355 0.282802 0.00331064 0.00518006 0.308333 0.0053396 0.0065381
0.308762 0.00399939 0.00611194 0.28547 0.0017748 0.00195453 0.311679 0.00588154 0.00589842 0.272007
-0.00137138 0.00182626 0.258757 0.00636207 0.000431127 0.273462 0.00633868 0.00102788 0.308422 0.00674922
0.00681237 0.268332 0.00506711 0.00824706 0.25278 0.00487119 0.0120907 0.266697 0.00878206 0.0113947
0.266414 0.00654722 0.0086745 0.271308 0.00053895 0.00479056 0.313991 0.00440691 0.00535429 0.269819
-0.00462639 0.00147826 0.274673 -0.00252332 0.00187291 0.316589 0.003173 0.00444792 0.315949 0.00319179
0.00455843 0.271417 -0.00455895 0.00197927 0.287999 0.0038346 -0.00320348 0.172819 0.00556677 0.0144986
0.255006 0.00196219 0.0243339 0.217884 0.00149764 0.0104735 0.210462 0.00120846 0.00556 0.208206
0.000961723 0.00444195 0.204484 0.000793067 0.00353847 0.200802 0.000708127 0.00271493 0.198134 0.000679961
0.00216459 0.19627 0.000683389 0.00178797 0.194866 0.000708892 0.00149179 0.193772 0.000757996 0.00125534
0.192914 0.000834106 0.00108698 0.192167 0.00093455 0.00102943 0.191228 0.00103669 0.00124133 0.189399
0.00105573 0.00223696 0.18369 0.000738687 0.00515588 0.176979 -0.0100019 0.0109636 0.168348 -0.00225874
0.0112086 0.16813 -0.0190584 0.0137615 0.235551 -0.0523034 0.0132007 0.217319 -0.0971995 0.00891262
0.13937 -0.112955 0.00425527 0.129753 -0.0597787 0.01357 0.149493 -0.0428201 0.0157155 0.272275
-0.0116659 0.0070341 0.276413 0.00164741 0.00406465 0.242874 -0.016975 -0.00260328 0.255269 -0.0390326
0.000315446 0.289885 0.0030113 0.00134031 0.259899 0.00466742 -0.0032874 0.251847 0.00019961 -0.0045914
0.289367 0.00242558 0.00163007 0.139585 0.0135825 -0.00418725 0.106174 0.0151347 0.00489204 0.273805
-0.00180147 0.00156385 0.249847 -0.010559 -0.00310989 0.243919 -0.0103887 -0.00323589 0.283624 0.00400073
0.00184655 0.282562 0.00413876 0.00157879 0.25682 0.00100145 -0.000478021 0.255657 1.41549e-06 -0.00066766
0.282788 0.0106748 0.0074838 0.1707 0.0117199 0.018836 0.251727 0.00687142 0.0303964 0.217545
0.0049033 0.0152561 0.210843 0.00341105 0.00904256 0.208925 0.0023807 0.00708076 0.205327 0.00169822
0.00560972 0.201607 0.00124836 0.00435389 0.198807 0.000954657 0.00346884 0.196768 0.000765509 0.00283571
0.195184 0.000651704 0.00234046 0.193925 0.000603033 0.00194721 0.192942 0.000629038 0.00165494 0.19215
0.000770631 0.00150089 0.191345 0.00114564 0.00162442 0.190066 0.00208406 0.00249843 0.18631 0.00440424
0.0052403 0.163042 0.00869679 0.0119151 0.174682 0.0131318 0.011107 0.149792 -0.00709222 0.0145734
0.145837 0.0124433 0.0149461 0.0886774 -0.0216251 0.012735 0.0797491 0.00410264 0.0125641 0.103127
0.00340065 0.0163852 0.11358 -0.0164833 0.0160293 -0.00696221 0.019658 -0.0116302 -0.0155384 0.0048911
-0.0108062 -0.0380947 0.00338606 0.0173987 -0.0545518 0.00703271 0.00718833 -0.0313541 0.00573935 0.00640802
0 0 0 0 0 0 -0.00929964 0.0156913 -0.08032 0.00723227
0.0241498 -0.0643812 0.280419 0 0.0185379 0.227248 0 0.00685148 0.251091 0
0.0363092 0.219546 0 0.0196887 0.213426 0 0.0122645 0.211674 0 0.00949904
0.208041 0 0.00746951 0.204155 0 0.00580151 0.201122 0 0.00460401 0.198831
0 0.00373126 0.197001 0 0.00305198 0.195528 0 0.00251649 0.194394 0
0.00211485 0.193586 0 0.00187669 0.193072 0 0.00191504 0.192763 0 0.002644
0.192241 0 0.00513501 0.192 0 0.0100328 0.209149 0.040372 0.0135252 0.210318
0 0.013623 0.158263 0.021351 0.0144856 0.146835 0.0449217 0.0155165 0.13002 0.0617948
0.0130581 0.141238 0.113228 0.00295237 0.222575 0.0933363 0.00694535 0.236146 0.054285 0.01123
0 0 0 0 0 0 0.244498 0.0172632 -0.00376312 0.25779
0.0395677 -0.00141564 0 0 0 0 0 0 0.258466 -0.00499164
0.000786692 0.250958 -0.000636624 -0.00237813 0.0914865 -0.0112278 0.0199051 0.131511 -0.00732117 0.000383695
0.275125 0.00189238 0.00699135 0.275543 -0.000742394 0.00602449 0 0 0 0.25017
0.00783104 -0.00262317 0.245433 0.00749532 -0.000380237 0.142771 0.0213031 -0.0249123 0 0
0 0 0 0 0.252673 -0.00322851 -0.00359267 0.251862 -0.00228089 -0.00398364
0.262621 -0.0457725 0.0102486 0.228959 -0.0980664 0.00845506 0.14517 -0.11867 0.00389351 0
0 0 0 0 0 0.250167 -0.082533 0.00521346 0.262948 -0.0426239
0.00147323 0.246464 -0.000925324 0.00134975 0.25241 0.0029184 0.00515272 0 0 0
0 0 0 0.0407392 0.00733712 0.0362604 0.108038 0.00452504 0.0391932 0.250594
0.0056495 0.00774145 0.265394 0.00592763 0.0030391 0.232959 -0.00955302 0.0032809 0.238136 -0.00941989
-0.00078876 0 0 0 0 0 0 0.24046 0.000459478 -0.00540943
0.23876 0.00263843 -0.00564519 0.239744 0.0036216 -0.00511154 0 0 0 0.149638
0.0424121 0.0150597 0.129913 0.0592311 0.0128868 0.139614 0.112469 0.00366587 0.217609 0.0968915
0.00836015 0.254781 0.0414416 0.00977206 0.240535 0.0791389 0.00460858 0.255896 0.0387767 -0.000231641
0.0162813 0.000150972 0.0142097 -0.028016 0.00743272 0.0133861 0.255102 -0.000968189 -0.00532494 0.263643
-0.00608151 -0.00388988 0.262774 -0.0103408 -0.00355403 0.131289 -0.00215754 0.0134435 0.0807602 -0.00915959
0.0120849 0.247061 0.00840387 -0.00288314 0.253037 0.00899875 -0.00213934 0.283008 -0.00506755 0.00279709
0.259654 0.000977132 0.00106318 0.259303 -0.00085559 0.0015193 0.26067 -0.00183437 0.00170927 0.246517
-0.09221 0.0039427 0.258511 -0.0530874 0.00859625 0.13703 -0.0501135 0.0161425 0.117962 -0.0650001
0.013823 0.0753363 0.0159901 0.0389356 0.130857 0.0105582 0.0389025 0.251171 0.00543712 0.00439939
0.283257 -0.00402376 0.00493175 -0.0397503 0.00783051 0.0358369 0.00685823 0.0179162 0.0461298 0.0079195
0.016992 0.0302204 0.239235 -0.00144706 -0.00667647 0.267982 0.00357668 0.00194441 0.0279681 -0.0381425
-0.0631497 0 0 0 0.24954 0.101586 0.00355687 0.262751 0.0622079 -0.00100599
0.248976 -0.0194707 -0.00408062 0.179369 -0.0184701 0.00308246 0.055744 0.0254689 0.0213038 0.0581526
-0.0144246 0.00752899 0.235085 0.00314128 -0.0076249 0.242121 -0.010776 -0.00696887 0.219302 0.0196864
-0.0066438 0.214406 0.0318334 -0.00785896 0.227107 0.0175713 -0.00401596 0.21516 0.00839651 -0.00220852
0.21961 3.19233e-05 -0.00182354 0.218726 -0.00333721 -0.00203022 0.235832 -0.00769527 -0.00225389 0.110386
-0.0146534 0.0173457 0.0850011 -0.0185411 0.0140975 0.114979 0.0222961 0.00824528 0.213462 0.0238526
-0.000460283 -0.0507056 -0.00315983 0.0242717 -0.0423681 -0.0100667 0.0155725 -0.0428803 0.00515159 0.00521557
-0.00487459 0.0273257 -0.0781469 0 0 0 0.135849 0.0408069 0.0171239 0.107516
0.0532888 0.0147547 0.0884706 0.092155 0.00216439 0.167081 0.136208 0.00522642 0.240224 0.103679
0.00538224 0 0 0 0 0 0 -0.0321156 -0.0161263 0.0347591
0 0 0 0 0 0 0.146334 -0.0225796 0.0251503 0.0281536
0.00373609 0.0584675 0.0115424 -0.0201993 0.0355158 0.137733 0.0406233 -0.0220903 0 0
0 0.195706 0.00468756 -0.0065812 0 0 0 0 0 0
0 0 0 0.264339 -0.0465707 0.00973001 0.271359 -0.0329861 0.0130771 0.161816
-0.048413 0.0159785 0.156824 -0.0680778 0.0146368 0.221781 0.0126466 -4.96532e-05 0.24106 0.00182161
-0.000924345 0.292491 -0.00720929 0.000175408 0.305495 -0.00699464 0.00483829 0.00460945 -0.00457439 0.0238035
0.128252 0.0161307 0.0113059 0.130243 0.0250195 0.00666984 0.293866 0.000433942 -0.000644865 0.304641
-0.00373875 0.00252113 0.127302 -0.0386875 -0.0312994 0 0 0 0.183286 0.0445945
0.0157177 0.187262 0.066905 0.0151253 0.214703 0.0999547 0.00951352 0.244527 0.059513 0.0121056
0.271424 0.0333682 0.0130204 0.26439 0.0469561 0.00967532 0.282659 0.0233201 0.00603676 0.128723
-0.0161826 0.0107158 0.00560336 0.00472286 0.0229339 0.291114 0.0077576 -0.000348073 0.292917 0.0075237
-2.90863e-05 0.29241 0.00675241 3.10172e-06 0.240988 -0.0022569 -0.00112038 0.221825 -0.0130507 -0.000318578
0.193842 0.0267943 -0.0128831 0.192772 0.033879 -0.0166625 0.222031 0.0113192 -0.00978719 0.291892
0.000242456 -0.00052117 0.304293 0.00373012 0.00229852 0.293521 -0.000424239 -0.000857321 0.293527 -1.67448e-05
-0.00125784 0.292227 0.00032231 -0.00143845 0 0 0 0.240278 -0.103262 0.00553612
0.117423 -0.0292234 0.0172482 0.091577 -0.0368551 0.0142069 0.0115381 0.0201186 0.035585 0.0281715
-0.00378133 0.0584143 0.146476 0.0225205 0.0251122 0.227361 0.0163918 0.00827654 -0.0506996 0.00289503
0.0242409 -0.032084 0.015949 0.0348305 -0.0311936 0.0199951 0.0170496 0 0 0
0.195577 -0.00455952 -0.00674707 0.00450241 0.0197803 -0.0798864 0 0 0 0.138289
0.0487648 0.0167997 0.12128 0.06438 0.0143373 -0.0423648 0.00983326 0.0154532 0.213289 -0.0239349
-0.000641275 0.114954 -0.0224405 0.00807678 0.117132 -0.034018 0.00330288 0.0637646 0.0180315 -0.0405765
0 0 0 0.249585 -0.101212 0.00376691 0.185754 -0.126708 0.00488325 0.0974309
-0.08887 0.00229171 0.0579011 0.0139936 0.007901 0.0554716 -0.025847 0.0216671 0.179273 0.0182232
0.0032567 0.21474 -0.00829522 -0.00224557 0.164919 -0.0303881 -0.0151425 0 0 0
0.162552 0.0539609 0.0159567 0.144723 0.0738078 0.0143266 0.151019 0.128306 0.00551334 0.225723
0.108422 0.00847064 0.25874 0.0531754 0.00922334 0.246748 0.0924424 0.0046472 0.258784 0.0491452
4.93499e-05 0.00826732 -0.0184076 0.0461531 -0.0397048 -0.00837235 0.0360161 0.244592 0.00207809 -0.00233606
0.25147 -0.00306688 0.001585 0.250726 -0.00590765 0.00423711 0.131471 -0.0107852 0.0384847 0.0771652
-0.0164344 0.0387675 0.235022 0.0171347 0.00571775 0.238576 0.0154176 0.000573027 0.267489 -0.00426636
0.00270325 0.23872 0.00087852 -0.00564515 0.23677 -0.00191958 -0.00598966 0.23814 -0.00286515 -0.00554746
0.24016 -0.079428 0.00512464 0.254482 -0.041689 0.0102947 0.125275 -0.0365214 0.0156269 0.106057
-0.0475907 0.0129939 0.075465 0.00686553 0.0135023 0.126422 0.0001847 0.0150076 0.258806 0.00838826
-0.00297755 0.288713 0.00289937 0.00183304 -0.0313557 -0.00742035 0.0157182 0.0120858 -0.00141628 0.0166595
0.0150772 0.0113046 0.00910104 0.256075 -0.00188495 -0.00102097 0.279625 0.00370171 0.00162899 0.0323813
-0.00441027 -0.0480761 0 0 0 0 0 0 0.243757 0.0781024
0.00307199 0.241567 0 0.012624 0.281319 0 0.00941791 0.255866 0.0425546 0.00769623
0.271639 0.0138324 0.00444696 0.285144 -0.00248786 0.00420664 0.258008 -0.00807173 0.00275963 0.122365
-0.0059373 0.0363253 0.0585283 -0.00911962 0.0357656 0.301535 0 0.00606857 0.301993 0
0.00510736 0.285957 -0.0024556 0.00178726 0.286551 -0.00359879 0.00267554 0.301606 0 0.00717785
0 0 0 0.253314 -0.000359607 -0.00409342 0.314109 0 0.00706141 0.309558
0 0.00785059 0.275611 0.00335861 0.00598273 0.274445 0.00111959 0.00400281 0.279603 -0.00183979
0.00246655 0.315152 0 0.00628109 0.277198 -0.00549747 0.00127293 0.280199 -0.00549989 0.00131635
0.278767 -0.00634197 0.000883849 0.282782 -0.00522301 0.00160826 0.314404 0 0.00617786 0.282652
0.00318955 0.0040951 0.246684 -0.0193652 -0.000568275 0 0 0 0 0
0 0.240197 -0.00379684 -0.000732792 0.104212 -0.00496976 0.0154379 0.0807322 -0.00606289 0.0117128
-0.0186403 0.00555842 0.040272 -0.0462898 0.00211615 0.0181456 -0.050721 -0.00770313 0.00595831 0.00624078
-0.0137229 -0.0786699 -0.00509455 -0.0202918 -0.0841719 0 0 0 0.0572861 0.029001
-0.00235359 0.0783458 0.0796985 0.000682894 0.24396 0.0166929 -0.00331838 0.286797 -0.00520899 0.000642335
0.245721 0.0020773 -0.00594189 0 0 0 0 0 0 -0.0198474
0.0331591 0.0312839 0.0214118 0.0230088 0.0285526 0 0 0 0.14457 0.0184383
-0.0176183 0 0 0 0.280507 -0.000599077 0.00125557 0.282451 0.000731987 0.000467705
0.27194 -0.00134388 0.00398023 0.274335 0.00153874 0.00131906 0.237601 -0.00525043 -0.00450207 0
0 0 0 0 0 0.133292 -0.0331661 -0.024666 0 0
0 0 0 0 0.11597 0.0308984 0.0179971 0.0907864 0.0389393 0.0146372
-0.0537344 0.00216065 0.0201668 0.00125188 -0.00318042 0.0121688 0.0123545 -0.0225047 0.00489967 -0.00533526
-0.0568023 -0.0649049 0.02302 -0.0597279 -0.0540495 0 0 0 0.234264 0.0377656
-0.00587128 0.222143 0.0177753 -0.00742819 0.218607 0.0105867 -0.00924871 0 0 0
0 0 0 0 0 0 0 0 0 0
0 0 0 0 0 0 0 0 0.267383 -0.0463242
0.00758152 0.237712 -0.0947321 0.00781573 0.158934 -0.120539 0.00526036 0 0 0
0 0 0 0.256081 -0.0842194 0.00366269 0.268606 -0.0464439 -0.00134372 0.294676
0.00410609 -0.00234222 0 0 0 0.254382 -0.0216367 -0.00466217 0 0
0 0 0 0 0.253832 -0.00275052 -0.00763583 0.262616 0.00075204 -0.00728246
0 0 0 0.273134 0.00315273 -0.00604776 0.221832 0.0103093 -0.00142252 0.280514
0.0036598 -0.00535868 0.290913 0.00104195 -0.00505288 0.26067 -0.0194603 -0.00808036 0.26176 -0.0186479
-0.00874285 0 0 0 0 0 0 0.265052 -0.00506794 -0.00662295
0.264826 -0.00174042 -0.00628849 0 0 0 0.267406 -9.52039e-05 -0.00612446 0.123128
-0.0317183 0.0171108 0.0926235 -0.104596 0.00283995 0.0974891 -0.0423457 0.0142174 0.062645 -0.0609257
0.000573426 0 0 0 0.112599 0.000597038 0.0170089 -0.00806429 -0.0332148 0.0328233
0 0 0 0.0295704 0.0230011 -0.0576888 0 0 0 0.0484185
0.00907144 -0.00112859 0.0558953 0.0450428 0.000220825 0 0 0 0.206306 0.013698
-0.00285127 0 0 0 0 0 0 0 0 0
-0.0412782 -0.00691838 0.0463209 -0.0325457 0.0110711 0.0614004 0 0 0 0.0676249
0.00191139 -0.049368 0 0 0 0.303343 -0.0140995 0.0064554 0.303837 -0.015072
0.00467823 0.304131 -0.00432492 0.00242382 0.288801 -0.00770752 -5.59358e-05 0.249355 -0.00263163 -0.00313721
0.241501 -0.0056139 -0.00565555 0.291523 -0.000313572 -0.00143621 0.229071 0.00326454 -0.00718078 0.227063
0.00161163 -0.0074161 0.233337 0.00426584 -0.00644385 0.116017 0.0209976 0.017118 0.092537 0.0278656
0.0142321 -0.0436587 -0.00730317 0.0250027 -0.0426461 0.00724273 0.0243618 -0.0458072 -0.00227774 0.0131144
-0.0186973 -0.000727955 -0.0804335 0.00127129 -0.0323573 -0.074852 0 0 0 0.0834984
0.0902555 0.00347851 0.153982 0.120527 0.00706038 0.286241 0.0117327 0.00312506 0.303853 0.0149941
0.00460233 0.288789 0.00757871 -0.000115942 0 0 0 0 0 0
0.0085942 0.0232067 0.044477 0.133117 -0.00189551 0.0194964 0.249285 0.00226214 -0.00325059 0.241399
0.00538051 -0.00567968 0 0 0 0 0 0 0.228894 -0.003053
-0.00671653 0.226879 -0.00148815 -0.00708672 0 0 0 0 0 0
0 0 0 0.232823 -0.00400092 -0.00578937 0.212402 -0.0190797 -0.00230419 0.206671
-0.0136909 -0.00282298 0.210468 -0.0144747 -0.00747388 0.217968 0.00921907 -0.00232657 0 0
0 0 0 0 0.0678008 -0.00161253 -0.04931 0 0 0
0.123345 0.0321233 0.0172157 0.0485706 -0.00860079 -0.000764992 0.0496067 0.026103 -0.000522466 0.0976783
0.0427493 0.0143981 0.0627589 0.0613392 0.000913851 0 0 0 0 0
0 -0.041271 0.00673959 0.046188 -0.0300543 0.0293966 0.0346976 -0.00802027 0.033099 0.0326544
0 0 0 0.0292358 -0.0227947 -0.0573204 0 0 0 0
0 0 0.256045 0.0845454 0.00377212 0.267345 0.0466458 0.00763953 0.282184 0.0174278
0.00384527 0 0 0 0.253353 0.00278423 -0.0076642 0.284527 0.00243851 0.000750797
0.290602 -0.00266518 -0.000918985 0.29434 -0.00405137 -0.00240235 0.29948 -0.00284156 -0.00278668 0.302401
-0.00152235 -0.0033509 0.280124 -0.00369578 -0.00548779 0.221538 -0.0103772 -0.00158249 0.301422 -0.0027621
-0.0031321 0 0 0 0.26453 0.00496301 -0.00646261 0.288507 0.00834901 -0.00384843
0.285604 0.00787534 -0.00475263 0.291398 0.00245551 -0.00478137 0.290279 -0.00114927 -0.00500121 0.295517
-0.00224848 -0.00491093 0.295903 -0.00231296 -0.0051692 0.301096 -0.00162403 -0.0049699 0.218701 -0.0105881
-0.00910129 0.108455 0.013266 0.0179964 0.0829353 0.0165606 0.0147382 0.00101011 0.00245972 0.0124857
-0.0542782 -0.00283543 0.0203032 -0.0565048 0.00848879 0.00730436 -0.00413424 0.0585425 -0.0633118 -0.01615
0.0532482 -0.0757497 0 0 0 0.0603586 0.0573538 0.0011756 0.0882854 0.104397
0.00336314 0.241448 0.0230845 -0.00281487 0.281816 -0.000773557 0.000849369 0.236641 0.00519395 -0.00427686
0 0 0 0 0 0 -0.0332333 -0.00249587 0.0579747 0.0237445
-0.00587155 0.0650012 0 0 0 0.132439 0.0320071 -0.0232856 0 0
0 0.282027 0.00404051 0.00277319 0.284912 0.00458437 0.00139571 0.280722 0.00131785 0.00184944
0.286792 0.0037594 0.00197593 0.243204 -0.00257321 -0.00505439 0 0 0 0
0 0 0.143837 -0.019333 -0.0206571 0.259175 0.00211712 -0.000219297 0 0
0 0 0 0 0 0 0 0.120776 0.0400976 0.0158311
0.103385 0.0523868 0.0127013 -0.0495405 -0.000454996 0.0189911 -0.00466671 -0.00595954 0.0414599 -0.00296122
-0.00730031 0.0274184 0.00553599 0.00193216 -0.0722072 0.0315561 0.0177323 -0.0587805 0 0
0 0 0 0 0.242947 0.0023257 -0.00412287 0.299507 0 0.0060877
0.275296 -0.000966826 0.00188613 0.279637 -0.00363867 0.00131237 0.282374 -0.00486622 0.000817995 0.3042
0 0.00788999 0 0 0 0.255276 0.00349421 -0.0038932 0 0
0 0.254969 -0.00421371 -0.00274469 0.243192 -0.00405728 -0.00416874 0 0 0
0 0 0 0 0 0 0 0 0 0
0 0 0 0 0 0 0 0 0 0
0 0.259998 0.00469618 -0.000140274 0 0 0 0 0 0
0 0 0 0 0 0 0.0879872 -0.103862 0.0028167 0.0601202
-0.0567762 0.000687028 0 0 0 0 0 0 0.02295 0.00598139
0.0652327 -0.0332554 0.00269917 0.0580001 0 0 0 0 0 0
0.243215 -0.00790213 -0.00506918 0 0 0 0 0 0 0
0 0 0 0 0 0 0 0 0 0
0 0.0494683 -0.025634 -0.000898921 0 0 0 0 0 0
-0.00190764 -0.00433844 0.0147005 -0.0300615 -0.0295238 0.0348937 0 0 0 0
0 0 0 0 0 0 0 0 0 0
0 0.260762 -0.0477417 -0.00121952 0.247694 -0.0889568 0.00385009 0.153959 -0.120015 0.00709089
0.083495 -0.0897346 0.00350686 0 0 0 0 0 0 0
0 0 0 0 0 0 0 0 0.132722 0.00168241
0.0201313 0.00750406 -0.0230366 0.0454634 0 0 0 0.228139 -0.00123686 -0.00757039
0 0 0 0 0 0 0 0 0 0
0 0 0 0 0 0 0 0 0 0
0 0 0 0 0.260768 0.0479722 -0.00123937 0.247751 0.0893844 0.00381236
0 0 0 0.227862 0.00128648 -0.00735579 0.291249 0.000565748 -0.00126536 0
0 0 0.0560317 -0.0445737 0.000549671 0 0 0 0 0
0 -0.0325335 -0.011181 0.0613524 0 0 0 0 0 0
0 0 0 0 0 0 0 0 0 0.0927239
0.104986 0.00310692 0 0 0 -0.00182437 0.00413304 0.0145679 0.112513 -0.000717627
0.0168362 0 0 0 0 0 0 0 0 0
0 0 0 0 0 0 0 0 0 0
0 0 0 0 0 0 0 0 0 0
0 0 0 0 0 0 0 0 0 0
0 0 0 0 0 0 0 0 0 0.242513
0.00720216 -0.00393371 0 0 0 0 0 0 0.240738 -0.00338102
-0.00433875 0 0 0 0 0 0 0 0 0
0.0780451 -0.0804868 0.00136799 0.0568089 -0.0305737 -0.00157499 0 0 0 0
0 0 0.0178717 -0.0227252 0.0307341 -0.0222207 -0.0305027 0.0329084 0 0
0 0 0 0 0.256611 -0.00580709 -0.00186209 0 0 0
0 0 0 0 0 0 0.112719 -0.0237418 0.0153245 0.0790789
-0.091886 0.000370181 0.0885105 -0.0312363 0.0119546 0.0569334 -0.0444862 -0.00251874 0 0
0 -0.000498162 0.0016472 0.0598002 -0.0298455 0.00438248 0.0503207 0 0 0
0 0 0 0.234826 -0.0108568 -0.00475728 0 0 0 0
0 0 0.111794 0.00814265 0.0178312 0.0472956 -0.0218499 -0.000885782 0.0834688 0.0102232
0.0142973 0.0468428 0.011282 -0.00128547 0 0 0 -0.0421408 0.0180766 0.0417038
-0.0352249 0.0343003 0.032513 0 0 0 0 0 0 0
0 0 0 0 0 0 0 0 0.28728 -0.00845722
0.00108332 0.242517 -0.0238608 -0.00446775 0.233552 -0.0131738 -0.00629034 0.115212 0.000230145 0.0169948
0.0592713 -0.0407949 0.000996796 0.0885367 0.000236183 0.0137292 0.0535668 0.000236376 -0.000375267 0
0 0 -0.0302208 -0.0193658 0.0472328 -0.0335256 0.000678752 0.0480255 0 0
0 0 0 0 0.242404 0.0239497 -0.0044658 0 0 0
0.233387 0.0131504 -0.00627149 0 0 0 0 0 0 0
0 0 0.248729 0.00892507 -0.00667728 0 0 0 0.265977 0.0111109
-0.00741671 0 0 0 0.270696 -0.00152747 -0.00585027 0.11218 -0.00763012 0.0179299
0.0558128 -0.0450716 0.000182749 0.0838121 -0.00969572 0.0145042 0.0470741 -0.0107217 -0.000901839 0
0 0 -0.0136487 -0.0479135 0.0286944 -0.0353447 -0.0346294 0.0324937 0 0
0 0 0 0 0.238923 -0.007106 -0.00432695 0 0 0
0 0 0 0.110928 0.0217574 0.0161444 0.0478606 0.00565053 -0.00347173 0.0868553
0.0285725 0.0125537 0.0557687 0.0408756 -0.00236482 0 0 0 -0.03644 -0.0115589
0.0394919 -0.0283731 0.00406527 0.0515683 0 0 0 0 0 0
0 0 0 0.239438 0.00709429 -0.00455333 0 0 0 0
0 0 0 0 0 0 0 0 0 0
0 0.238842 -0.00872509 -0.00127398 0 0 0 0 0 0
0 0 0 0.0485345 -0.00817122 -0.00403635 0 0 0 -0.0409461
0.00102974 0.0308205 -0.0333673 0.017182 0.0387289 0 0 0 0 0
0 0.240668 0.00674745 -0.00519829 0 0 0 0 0 0
0 0 0 0 0 0 0 0 0 0.0555917
0.0455718 -0.000155658 0 0 0 -0.0408668 0.00581765 0.01485 -0.0135512 0.0475799
0.0284407 0 0 0 0 0 0 0.249177 -0.00885173 -0.00669172
0 0 0 0.266419 -0.0111978 -0.00756384 0 0 0 0.270905
0.00133338 -0.00596664 0 0 0 0 0 0 0.234388 -0.0079005
-0.00671661 0 0 0 0 0 0 0 0 0
0 0 0 0 0 0 0.0592837 0.0413013 0.000974601 0
0 0 -0.0487486 -7.22296e-05 0.0252608 -0.0291041 0.0202276 0.0465894 0 0
0 0 0 0 0.234231 0.00777158 -0.00669799 0.287279 0.00843661 0.00103394
0 0 0 0 0 0 0 0 0 0
0 0 0 0 0 0.0475236 0.0224582 -0.000454463 0 0
0 -0.0412467 -0.00672666 0.0150192 -0.0424203 -0.0181761 0.0416139 0 0 0
0 0 0 0.233911 0.0108457 -0.00429265 0 0 0 0
0 0 0 0 0 0 0 0 0 0
0 0.0770815 0.0869057 9.74216e-06 0 0 0 -0.0380871 0.000938961 0.0318199
0.0113411 0.00213709 0.0601032 0 0 0 0.240304 0.00277923 -0.00506038 0
0 0 0.242223 0.00452945 -0.00368254 0 0 0 0.263503 -0.00296927
0.00191764 0 0 0 0.244149 0.00986368 -0.00237061 0 0 0
0.244137 -0.0041882 -0.00220009 0.272787 -0.00190242 0.00226187 0 0 0 0.287025
0.00426733 0.00195864 0.263516 0.00391327 0.000167083 0 0 0 0 0
0 0.259216 -0.00586717 -0.00119811 0.282585 -0.00590738 0.00195198 0.241542 0.00355872 -0.00496762
0 0 0 0 0 0 0.240578 -0.00327593 -0.00405286 0.291994
0.00139012 -0.000722007 0.303321 0.00476817 0.00231309 0 0 0 0.224888 0.0100452
0.000558843 0 0 0 0.274617 -0.0035327 -0.00569758 0.300072 -0.00196245 -0.00515349
0.265383 -0.00786731 0.0129836 0.264767 0.000293122 0.0148771 0.300786 8.28079e-36 0.0162148 0.304057
3.75034e-36 0.017496 0.311423 -1.48038e-35 0.0155054 0.314279 9.47728e-34 0.0118736 0.26679 0.00500273
0.0013715 0.263551 0.00208969 0.00159248 0.268074 -0.00420487 0.00541485 0.275049 0.00637777 0.00585975
0.268653 0.00629675 0.00227003 0.268667 0.00556306 0.00180091 0.311087 9.6638e-35 0.0107584 0.307197
-5.55148e-33 0.0132035 0.298507 -1.05485e-32 0.0163431 0.287091 6.83489e-33 0.0171583 0.266935 0.00542891
0.0138109 0.272534 0.00689131 0.0113541 0.265277 -0.00594351 0.00793651 0.258146 -0.00628192 0.0109801
0.259726 -0.00148682 0.0128429 0.286006 2.28444e-32 0.0153547 0.288061 1.12447e-33 0.0120178 0.290734
-1.10484e-32 0.00939162 0.290086 -2.11842e-33 0.00836277 0.267578 0.00233179 0.00249149 0.264932 0.00284187
0.00149407 0.267008 0.00205901 0.00240711 0.269884 0.00276916 0.004955 0.288357 4.32865e-36 0.00893605
0.285826 2.33567e-37 0.010577 0.262405 0.00383073 0.0101399 0.0993007 0.000244094 0.00859246 -0.0274507
-0.0161623 0.0012526 -0.0351513 0.00376455 0.0321938 -0.0182858 0.0121218 0.040984 0.0723797 0.0143171
0.0282888 0.137777 -0.017979 -0.0245265 0.0183812 -0.0188324 -0.060285 0.00568915 -0.014322 -0.0327557
0.130595 -0.00425132 -0.00851671 0.070478 0.0161947 0.0539369 0.00412131 0.00897455 0.0665434 0
0 0 0 0 0 0.149528 -0.0190011 0.000410076 0.00186905 -0.0194897
-0.00413997 0.00623085 -0.0308881 -0.0364599 0.0435444 -0.0223972 -0.0249497 0.158894 -0.00930245 -0.00968999
-0.0212044 0.00877515 0.0143668 0.000657384 -0.0258314 -0.00244539 0.159711 -0.0228095 0.00195254 0.120015
-0.0196314 0.0113998 0.0188078 -0.00471368 0.0147381 0.00129414 -0.0388674 -0.0591995 0.028932 -0.014977
-0.0377629 0.0335148 -0.0229586 -0.0161102 -0.0028444 -0.0372691 -0.029984 -0.0209212 0.0384676 0.02893
0.0221683 0.0246036 0.0289341 0 0 0 0 0 0 0.281106
-0.00425785 0.00571938 0.312199 -0.00916882 0.00878844 0.311068 -0.00965951 0.00813289 0.279905 -0.0124159
0.00422013 0.295807 -0.00365308 0.00553991 0.299465 -0.00509635 0.00476382 0.31764 -0.00428598 0.00454534
0.315233 -0.00662404 0.00710972 0.292384 -0.000239969 0.00629646 0.304037 -0.00524223 0.00361101 0.307076
-0.00673388 0.00451195 0.318967 -0.00436733 0.00363556 0.319001 -0.00365822 0.00329571 0.303338 -0.00472854
0.00386369 0.311008 -0.00936081 0.00702282 0.253563 -0.0136905 0.00595575 0.240969 0.000591569 0.00956365
0.264719 0.00322403 0.00434955 0.316884 -0.00612476 0.00462712 0.298108 -0.0135308 0.00497362 0.283273
-0.0166942 0.00404981 0.289231 -0.00591946 0.00435738 0.2981 0.000525546 0.00476955 0.314734 -0.00648202
0.00582307 0.303057 -0.00266772 0.00557425 0.307109 -0.00310748 0.00576121 0.32172 -0.00204154 0.00197803
0.319876 -0.00278039 0.00327556 0.302789 -0.00238431 0.00556123 0.30863 -0.00725364 0.00808569 0.306786
-0.0104311 0.00795709 0.321331 -0.00574341 0.00247809 0.322656 -0.00322604 0.00208763 0.310924 -0.00460641
0.00701676 0.0832158 -0.0293503 -0.013267 0.118463 0.00481902 0.0102045 0.257379 -0.00347211 0.0115833
0.258462 -0.0150963 0.00799148 0.260672 -0.00993363 -0.000149506 0.254598 -0.00152869 -0.00347094 0.237342
-0.00599249 -0.00897343 0.235079 -0.013688 -0.00599634 0.264483 0.00284291 -0.00333352 0.240341 0.00301152
-0.00722945 0.235813 0.00205397 -0.00937556 0.263896 0.00318321 -0.00390458 0.116171 0.00611453 0.00792647
0.109039 0.0283516 0.0290855 0.260416 -0.00791214 -0.00173075 0.232388 -0.0122632 -0.00797427 0
0 0 0.0561977 -0.0512724 -0.03605 0.0773362 -0.0303813 -0.0136769 0.259539 0.00538847
-0.00642192 0.258251 0.00647983 -0.0073147 0.234082 0.00250972 -0.0132672 0.233727 0.000702221 -0.0131703
0.271603 0.0041483 0.00245865 0.108856 0.0280439 0.0308477 0.105281 0.0264473 0.0501646 0
0 0 0.247437 0.0067066 -0.00659709 0.277005 0.00483067 -0.0034764 -0.0170811 -0.0400062
-0.0424757 -0.0282917 -0.0465401 -0.0468806 -0.0114234 -0.0434188 -0.0382274 -0.00705926 -0.0173103 -0.0107094
-0.0137329 -0.00193458 -0.00181449 -0.0178228 -0.00134587 -0.0024838 -0.00681555 -0.0166768 -0.0103958 -0.0347363
0.0165394 0.0107538 -0.0512841 0.0144589 0.0201732 -0.0281592 0.0195332 0.0369397 -0.0205325 -0.0585778
-0.0607139 -0.025305 -0.071679 -0.0525399 -0.0375369 -0.0533474 -0.0414437 -0.0276668 -0.0447351 -0.0398708
-0.0304919 0.00278703 0.0597239 -0.0444186 0.018618 0.0374356 0 0 0 0
0 0 0.252387 -0.0153764 -0.00367299 0.11069 -0.0243496 -0.00746447 0.103825 -0.0253886
-0.0165782 0.180821 -0.00943411 -0.00773732 0.233642 -0.00553747 -0.00460128 0.0949764 -0.0121376 0.00764497
0.123737 -0.0243944 -0.00624854 0.269518 -0.0186227 -0.00223333 0.282268 -0.0279287 -0.00198954 0.214691
-0.0309471 0.00321063 0.106375 -0.0242977 -0.0155291 0.192959 0.017655 -0.0072047 0.199475 -0.0107366
-0.00441209 0.116995 -0.0284201 -0.0108474 0.0747565 0.0211594 0.0210162 0.212527 -0.023149 0.00898011
0 0 0 0 0 0 0.316873 -0.00241516 -0.00360984 0.300171
-0.00405907 -0.00456311 0.303895 0.000621284 -0.00453857 0.317427 -0.0056332 -0.00376472 0.3274 -0.00659347
-0.00391186 0.289609 -0.000237512 -0.00510737 0.282959 -0.00313948 -0.00527056 0.288419 -0.00477937 -0.00540812
0.321015 -0.00339222 -0.00362071 0.335073 -0.00754513 -0.00289865 0.30565 0.00465219 -0.00145022 0.296015
0.00226189 -0.00335257 0.295189 0.00145454 -0.00432437 0.332487 -0.00720399 -0.00383518 0.30732 -0.0017939
0.00064794 0.118289 -0.0106419 -0.0116635 0.0982293 0.00966598 0.012388 0.147493 0.0234826 0.0277384
0.312997 0.00616565 0.00125588 0.330677 -0.0080668 -0.00152755 0.322734 -0.00759173 -0.00091913 0.320329
-0.000618287 -0.000361931 0.323261 -0.000651494 -0.00104442 0.311134 -0.0017872 -0.00208123 0.334618 -0.00659675
-0.00228927 0.313962 0.000261332 -0.0030614 0.310704 0.00043158 -0.00353347 0.311856 0.0010212 -0.00355587
0.329003 -0.00498438 -0.00199392 0.335962 -0.00829699 -0.00147405 0.318433 0.00253667 0.000944675 0.318081
0.00169853 -0.00172383 0.337393 -0.0074673 -0.00203286 0.033864 0.0258972 -7.13015e-05 0.183795 0.0149882
-0.000515568 0.157301 -0.00922757 -0.00352116 0.0837953 -0.00479331 -0.0109674 0.0373722 0.0180297 -0.0254539
-8.03115e-05 0.00778824 0.00154907 -0.0177274 0.0103385 0.042576 0.0567341 0.0250652 0.046505 0.0986013
-0.0230046 -0.0316788 0.0404022 -0.0184213 -0.0537575 0.0402745 -0.0114733 -0.0255409 0.157469 0.0175383
0.0360471 0.0633203 -0.00091373 0.058037 0 0 0 0 0 0
-0.0214348 0.0175861 -0.0514353 -0.00638906 0.00570185 -0.0492974 0.068073 -0.000845388 -0.0227795 0.057783
-0.00613169 0.00603867 -0.0235216 0.0158606 -0.003565 -0.0366806 0.00772836 0.0251923 -0.0210402 -0.0060884
-0.00989981 0.0876875 -0.018578 -0.00359503 0.0582912 -0.00595285 0.0242848 -0.0170375 0.00707268 0.0279265
-0.0196076 -0.0362217 -0.073469 0.0134346 -0.0457225 -0.0577213 0.00949896 -0.0301189 -0.0399526 -0.0277125
-0.0256678 -0.0521046 -0.0358977 0.0146345 0.0408624 -0.0218398 0.0314094 0.0372005 0 0
0 0 0 0 0.204604 0.00186195 0.0104966 0.304467 0.00233371 0.0103667
0.301655 0.000751339 0.0096342 0.216587 -0.00700642 0.0127818 0.224452 0.0124322 -0.0096264 0.220119
0.000899524 -0.00755804 0.318767 -0.0087551 0.00473314 0.312825 -0.00292369 0.00814942 0.224232 0.0308346
-0.00973516 0.239048 -0.00939051 -0.00536671 0.254899 -0.018017 -0.00263973 0.321795 -0.00751951 0.00235378
0.321249 -0.00897689 0.00303488 0.229813 -0.00750212 -0.00656798 0.312015 -0.00133184 0.00194743 0.30077
-0.00587046 -0.00020262 0.294795 -0.00477113 -0.00148237 0.309644 -0.00231571 -0.0003177 0.318627 -0.00584926
0.00205812 0.250146 -0.0240475 -0.000748392 0.201343 -0.0168042 0.00105422 0.220563 -0.00407624 -0.000943719
0.218457 0.018581 -0.00655412 0.237349 0.0283433 -0.00948722 0.315856 -0.00375506 0.00147983 0.23081
-0.00100671 -0.0028851 0.243794 -0.00542345 -0.00244844 0.325018 -0.00631948 -0.000137006 0.321333 -0.0068536
0.000554686 0.236083 0.00295509 -0.00341151 0.264257 -0.0243606 -0.000778874 0.263346 -0.0224391 -0.000424559
0.322765 -0.00355491 -0.000541143 0.325925 -0.00446957 -0.00040398 0.266798 -0.0156062 -0.00104368 0.194495
0.00102946 -0.00155434 0.204205 0.00756811 0.00294128 0.296212 -0.00250016 0.00510766 0.301451 -0.00406736
0.00575542 0.312338 -0.00404088 0.00398624 0.314459 -0.00402615 0.00268585 0.299552 0.00146899 -0.000774353
0.297173 -0.00123891 0.000229238 0.316958 -0.00391727 0.000429185 0.302899 0.000400846 -0.00299398 0.30067
0.00139904 -0.00289714 0.316992 -0.00383247 0.0010698 0.216995 0.00797358 -0.000165197 0.240416 0.0175711
-0.00315672 0.313961 -0.00437969 -0.00062481 0.300955 -0.00176871 -0.00329471 0.235958 -0.0210546 -0.0151357
0.199249 -0.0197549 -0.0129836 0.20466 0.00190017 -0.00379103 0.318767 -0.00249935 -0.000748559 0.317445
-0.00267645 -0.00115542 0.302414 0.00292243 -0.00412179 0.30285 0.00299824 -0.00385 0.312957 -9.92601e-06
-0.00180239 0.240424 0.018551 -0.00171753 0.24411 0.0185902 -0.00363231 0.257891 0.00754341 -0.00560565
0.306189 0.000214148 -0.00430086 0.319501 -0.00122269 -0.00181744 0.0613433 0.0157451 -0.0297051 -0.00251523
0.0159103 -0.0491535 -0.0276559 0.00559311 -0.0564904 -0.0215015 0.00107635 -0.00486891 0.0554888 0.0174223
-0.000133336 0.0629567 0.0185576 -0.00149762 -0.0247782 0.00394616 -0.00454735 -0.0353647 -0.00061257 0.0285238
-0.0266983 -0.00370523 0.0283384 0.0324908 0.00366127 0.0262821 0.0633715 0.0134478 -0.0508686 0.00304129
0.0348269 -0.066058 -0.00512565 0.0219944 -0.0454433 0.067887 0.0199318 -0.0270896 0.0252014 -0.0166526
0.0445488 -0.0240659 -0.0208507 0.0474629 0 0 0 0 0 0
0.201892 -0.00689423 0.00643778 0.0502169 -0.016049 0.00203006 0.0571905 -0.0106221 -0.0286666 0.126456
-0.00379878 -0.00806102 0.192749 -0.000700145 0.00272276 0.022508 -0.00547857 0.0335973 0.0504407 -0.014699
0.00380286 0.205727 -0.00785349 0.00812654 0.230689 -0.018069 0.00486887 0.139233 -0.0258918 0.0195107
0.0577071 -0.00700703 -0.0543875 0.135228 0.0202674 -0.0274475 0.132655 -0.00734587 -0.00818197 0.0597249
-0.0128303 -0.0276946 0.0150218 0.0126073 0.0536345 0.145416 -0.0194624 0.0241258 0 0
0 0 0 0 0.301785 0.00421461 0.00815268 0.305154 -0.00245977 0.0110676
0.302073 -0.000517869 0.0100638 0.296216 0.00316488 0.00670101 0.314593 0.0027479 0.00615423 0.316924
0.00209454 0.00567216 0.318982 0.00749858 0.005609 0.31349 0.00216744 0.0090044 0.312844 0.00312278
0.0071515 0.313728 0.00267036 0.00423934 0.31564 0.00176469 0.00448637 0.320907 0.00655242 0.00354856
0.32086 0.00770337 0.00399222 0.314631 0.00238749 0.00460807 0.310411 0.00116365 0.00371067 0.21894
0.00359809 -0.000342268 0.200396 0.016913 0.00112598 0.24891 0.0236917 -0.000908667 0.317429 0.00536388
0.00349691 0.304592 0.00213272 0.00405141 0.287572 0.00507684 0.00476816 0.29467 0.00515195 0.00483479
0.308159 0.00207859 0.00357228 0.313949 0.00309507 0.0030892 0.309294 0.000290372 0.00224575 0.309958
-0.000150845 0.00187445 0.321956 0.00544665 0.00127467 0.318842 0.00586354 0.00194367 0.311518 7.20555e-05
0.00276095 0.303913 -2.00315e-05 0.00241344 0.318959 0.00372122 0.00161111 0.322365 0.00401516 0.00130574
0.31126 -0.000307777 0.00158629 0.0581508 0.00583269 0.0061185 0.217227 0.0068866 0.0128212 0.205189
-0.00227223 0.0107491 0.145119 -0.00309858 0.00135301 0.0686685 0.000792387 -0.022355 0.225016 -0.0316155
-0.00940456 0.225206 -0.013167 -0.00938709 0 0 0 0 0 0
0.238053 0.00866101 -0.00554172 0 0 0 0 0 0 0.229202
0.00673262 -0.00667469 0.0871834 0.0183646 -0.0035403 0.0573768 0.00540464 0.0233982 0.17451 0.0246142
0.00948627 0.21669 -0.0193321 -0.00582986 0.161308 -0.0202495 -0.0167537 0.164451 0.00664804 -0.00662874
0.234447 -0.00393522 -0.00275767 0.228821 3.68914e-05 -0.00234764 0 0 0 0
0 0 0.261786 0.0240917 -0.00026073 0.18009 0.0192139 0.0134299 0 0
0 0.264276 0.0150683 -0.000443725 -0.0215222 -0.0176481 -0.0510982 -0.00277807 -0.0235976 -0.0420405
0.0370871 -0.0179312 -0.024931 0.0339061 -0.0260753 -0.000114639 -0.0235989 -0.0163243 -0.00342906 -0.0370371
-0.00809514 0.0247798 -0.0212674 0.00568188 -0.00951531 -0.000376193 -0.0078223 0.00180079 -0.0172832 -0.0112383
0.0424618 -0.0493198 -0.00669667 0.0285353 -0.0187085 0.0387857 -0.07228 -0.0242333 0.0232669 -0.0805864
-0.0369032 0.0212628 -0.0580177 -0.0272072 0.0268627 -0.0508033 -0.0359383 -0.0148328 0.0401604 -0.0452673
0.000987005 0.0483418 0 0 0 0 0 0 0.157145 0.00925242
-0.00329943 0.29994 0.00386191 -0.00447321 0.303723 -0.000838124 -0.00448194 0.183856 -0.0151071 -0.000506612
0 0 0 0 0 0 0.271644 0.00550025 -0.00495233 0.268914
0.00760221 -0.00531007 0 0 0 0 0 0 0.279008 -0.00180618
-0.0025061 0.274888 0.00015974 -0.00377026 0.307259 0.0020154 0.001493 0.32045 0.000262898 -4.0345e-05
0.32277 0.00712913 -0.00079287 0.330597 0.00764945 -0.00145866 0.313121 -0.00634411 0.00145248 0.148075
-0.0236312 0.0276765 0.0979217 -0.00940211 0.0127445 0.11755 0.0117422 -0.0109255 0.0977215 0.0244728
-0.030918 0 0 0 0.301715 0.00664927 -0.00194993 0.310989 0.00189541 -0.00108841
0 0 0 0 0 0 0.299895 0.000295871 -0.00373483 0.301484
0.00134942 -0.00371792 0.157624 -0.0177032 0.0353793 0.168522 -0.0260628 0.0274489 0.317605 -0.00327926
0.00132517 0.317277 -0.00236858 -0.0012012 0.301915 -0.0034562 -0.0011282 0 0 0
0.233319 0.00496747 -0.00446234 0.252043 0.0146492 -0.00349725 0.317098 0.00520228 -0.00372835 0.316576
0.00203622 -0.00358243 0.320753 0.00312747 -0.00361652 0.327159 0.00638938 -0.00393051 0.245216 -0.00491226
-0.00118017 0.246076 -0.0162098 -0.00268804 0.243778 -0.0306064 -0.00639446 0.279676 0.0187871 -0.00138011
0.263082 0.0069569 -0.00113363 0.254522 0.00426203 -0.00104952 0.332261 0.00696941 -0.00385794 0.334902
0.00719672 -0.00290883 0.269318 0.0179577 -0.00216192 0.281716 0.0272966 -0.00205895 0.256883 -0.0324235
-0.00319322 0.240269 -0.0188646 -0.00359536 0.250627 0.00646206 -0.00228694 0.323351 0.00019384 -0.000669575
0.328951 0.00424595 -0.00171459 0.334396 0.00566451 -0.00209657 0.26058 0.00220595 0.00153224 0.249251
-0.00365513 0.00185294 0.256045 -0.00799716 0.00141062 0.335638 0.00707094 -0.0013393 0.285862 0.0260652
5.32933e-05 0.284718 0.0277756 0.000691237 0.284306 0.0168974 0.000994149 0.337074 0.00637176 -0.00188052
0.122939 0.0232951 -0.00582863 -0.00773527 0.0147095 -0.00961582 -0.0348932 -0.0168981 0.011252 -0.00141125
-0.0115029 0.00908245 0.0934416 0.0110393 0.00789769 0.106287 0.0239884 -0.0155567 0.0308568 0.0681028
-0.0260432 0.0286034 0.0452441 -0.0199513 0.116702 0.0277366 -0.0105645 0.0735021 -0.0213785 0.0214718
-0.0133967 -0.0463686 0.0256868 0 0 0 0 0 0 0.121476
-0.00649862 0.0107627 -0.0122387 -0.000277769 -0.00100977 -0.0162274 0.0369962 -0.041524 0.00774053 0.035673
-0.0306599 0.0854891 0.0265095 -0.0117967 -0.0260907 -0.0200958 0.0377339 -0.0159044 -0.00145876 -0.00125164
0.120479 -0.00816783 0.00893556 0.114193 -0.028717 0.029535 0.0277123 -0.0347201 0.04743 -0.0201868
0.0572495 -0.0586884 0.00400558 0.0534736 -0.0517344 -0.000203311 0.037809 -0.0286637 -0.0263186 0.0411629
-0.038205 -0.0303239 -0.00179525 0.0607222 0.0315363 -0.0150247 0.0701959 0 0 0
0 0 0 0.260552 0.0131065 0.00833165 0.31297 0.00682778 0.00815253 0.311525
0.00734888 0.00756382 0.259351 0.00182418 0.011463 0.257017 0.000361032 -0.00217147 0.261366 -0.00435561
-0.00285098 0.31937 0.00187294 0.00385936 0.31647 0.00423229 0.0064375 0.26292 0.0083653 0.000865598
0.267738 -0.00432691 -0.00247967 0.276683 -0.00441223 -0.000625817 0.321561 0.00194699 0.00267725 0.321199
0.00122593 0.00252548 0.266839 -0.00453346 -0.00291476 0.314797 0.00730632 0.00581326 0.291015 0.00449854
0.00223853 0.284204 0.015268 0.00162837 0.298935 0.0118687 0.00252677 0.319848 0.00373989 0.0034917
0.268503 -0.00476641 0.00429528 0.245029 -0.00187729 0.00963702 0.25729 0.0118882 0.00635861 0.263461
0.00674229 -0.000519187 0.318519 0.0047197 0.00479157 0.260969 -0.00695786 -0.00556723 0.269463 -0.0060962
-0.00493936 0.325787 0.000640232 0.00133613 0.323717 0.00132201 0.00247815 0.262383 -0.0059014 -0.00482419
0.274333 -0.00507298 0.00359998 0.325524 0.00379466 0.00236314 0.32684 0.00156199 0.00164742 0.279929
-0.00563536 -0.00216573 0.144937 0.0171179 0.000726117 0.277559 0.0101884 0.00363819 0.27885 0.00236548
0.00454364 0.258147 0.00180219 0.000355688 0.155969 0.00833709 -0.0117941 0.290341 -0.00167526 0.00427815
0.293836 0.00183194 0.00301736 0.275613 -0.0054662 0.00160655 0.266971 -0.0112053 -0.00105444 0.303344
0.0035996 0.000991555 0.284168 0.00198347 0.00140906 0.279777 -0.000137057 0.00136984 0.302434 0.00302336
0.00126673 0.159749 0.0221857 0.000349294 0.1192 0.0194965 0.010375 0.2991 -0.00159595 0.00258615
0.284701 -0.00437267 0.002373 0 0 0 0.0921164 -0.00666071 -0.0223341 0.122495
0.00968372 -0.00795163 0.303784 0.00147844 0.0034696 0.304139 0.00184499 0.00347515 0.291915 5.35072e-05
0.00531718 0.291351 -0.000703191 0.00494904 0.311718 0.00536574 0.00584865 0.298607 0.0105987 0.00753103
0.299738 0.00549768 0.00611717 0.31322 0.00330917 0.00493672 0.00356792 0.0276791 -0.039038 -0.0198101
0.02499 -0.0497499 -0.00934502 0.0162295 -0.043731 -0.0146569 0.00202905 -0.000247758 -0.00238919 0.0164684
-0.00350884 0.000791283 0.0248068 -0.00244894 -0.0269391 0.0147624 0.0014055 -0.034977 -0.00462256 0.0329707
-0.0415861 -0.00516722 0.0207966 -0.0213504 -0.00917272 0.0151395 0.00312553 0.0416194 -0.0587208 -0.0158787
0.03798 -0.07093 -0.0280444 0.0367075 -0.04337 -0.00121886 0.0375249 -0.0299478 -0.0217512 -0.0343919
0.0303098 -0.0363426 -0.0142099 0.0377736 0 0 0 0 0 0
0.281216 0.00630375 0.00974607 0.279735 -0.00140746 0.0109629 0.127749 -0.0088329 0.00871019 0.0958794
0.0118575 -0.0147347 0 0 0 0 0 0 0.266298 0.000538379
-0.00165305 0.262813 0.00452666 -6.38885e-06 0 0 0 0 0 0
0.266638 -0.00560528 -0.000383092 0.263395 -0.00400566 -0.00182248 0.0799052 -0.0146898 0.0292684 0.107186
-0.000825392 0.00943857 0.283318 -0.00660797 0.0137272 0.289412 -0.00797739 0.0107577 0.144647 0.0179068
-0.0203161 0.254682 0.00876545 0.00664929 0.256938 -0.00072853 0.0106997 0.139311 0.00421007 -0.00612483
0 0 0 0 0 0 0.256336 0.000773615 -0.00197795 0.258398
0.0024137 -0.00158116 0.283235 -0.00284315 0.00486691 0.26265 -0.00432056 0.00182867 0 0
0 0.0800891 -0.0148827 0.0532438 0.0842039 -0.0187594 0.0342559 0.277254 -0.00337035 0.00902188
0.0852755 -0.0164567 -0.0152914 0.114734 0.00673897 0.00988819 0 0 0 0.0638836
-0.034811 -0.039563 0.245133 -0.00531431 -0.00126594 0.245232 0.00393267 -0.00377421 0.24861 0.00537762
-0.00209297 0 0 0 0 0 0 0.0655565 0.01203 0.0496484
0 0 0 0.251009 0.00791241 0.000221706 0.265669 -0.000683962 0.00365652 0.241045
0.000336751 0.00807967 0.24017 -0.00955222 0.00342371 0 0 0 0 0
0 0.250185 -0.00688218 -0.00352245 0.247485 -0.00261636 -0.00441112 0.251363 0.00475285 0.00110967
0.0735114 0.0197733 0.0345799 0 0 0 0 0 0 0.0400933
-0.0130123 -0.0442404 0.00915502 -0.0366516 -0.0615047 0.261633 -0.00324991 0.00174474 0.281937 0.000271649
0.00598288 0.262164 0.00640789 0.000269417 0.269975 0.0100165 0.00165276 0.0223691 0.0208491 0.0252231
-0.0198823 0.0347769 0.0283175 0.281753 -0.000905414 0.00479879 0.285836 -0.00305405 0.00467502 0.289105
-0.00688616 0.0045842 0 0 0 0.100834 -0.00527367 0.0200053 0.122037 -0.0097689
-0.00566971 0.0913036 0.00720194 -0.019387 0 0 0 0.284635 0.00363197 0.00491501
0.297733 -0.000639435 0.00526124 0.289225 0.00172941 0.0062476 0.291126 4.22457e-05 0.00724455 0.298671
-0.00631352 0.00818114 0.295736 -0.0121376 0.00975091 0 0 0 0.0608079 -0.0509733
-0.0375031 0.00603226 -0.0390109 -0.0321999 -0.0121222 -0.0532672 -0.0659058 0.0101336 -0.0537667 -0.0573149
0 0 0 0 0 0 0.108032 0.0260637 0.0469577 0
0 0 0.243801 0.00557265 -0.00421426 0.273332 0.00275258 -0.00111936 -0.0292441 0.00516286
0.0579914 0.0327989 0.0165786 0.065676 0.0227706 0.0342351 0.0466763 0.235633 -0.00504061 -0.0113901
0.253739 0.000195458 -0.00564276 -0.00259249 -0.0421412 -0.0309858 0.00373544 -0.0556851 -0.0545711 0.0303871
0.0155847 0.0692401 0 0 0 0 0 0 0 0
0 0.176205 0.0183888 -0.0119366 0.0942423 -0.0202892 -0.0242147 0.224753 0.0186799 -0.00667819
0.244055 0.0303246 -0.00627095 0.211674 -0.0249917 0.0057919 0.0785001 0.0186074 0.0175926 0.255136
-0.00447275 -0.000777537 0.263826 -0.00721856 -0.000891408 0.280427 -0.0191816 -0.0011996 0.281068 -0.0297708
-0.00156512 0.250739 -0.00705728 -0.00235041 0.240376 0.01842 -0.00354772 0.257021 0.0320731 -0.00293086
0.258497 0.0197435 0.000586745 0.256402 0.00764576 0.00201836 0.285254 -0.0177445 0.00163873 0.285746
-0.0286965 0.00130795 0.286717 -0.0271403 0.000541928 0 0 0 0 0
0 0.0740438 -0.0406709 -0.0307036 0.126085 -0.0371453 -0.0178183 -0.00241273 0.023636 -0.0423811
-0.014161 0.00899214 -0.07708 0.00353318 0.0205615 -0.0645312 0 0 0 0
0 0 0.053558 -0.00198162 0.0589 0.14504 0.0158893 0.0375923 -0.0337822 0.0166798
0.0459675 -0.0439656 0.000500081 0.0491907 -0.0492687 0.00611156 0.0286364 -0.0366509 -0.0197012 -0.0586353
-0.0238453 -0.0198596 -0.0813887 -0.0453189 -0.00123863 0.048973 0 0 0 0
0 0 0.0022345 -0.00973158 -0.071055 0.144397 0.00282649 0.00107253 0.200224 0.0244533
-0.000719668 0.147483 0.0302447 -0.0162774 0 0 0 -0.0184084 0.0309668 0.0460331
0 0 0 0 0 0 0.253497 -0.0256618 -0.00191779 0.177178
-0.0210455 0.0144264 0.175793 -0.0250451 0.0101812 0.166098 -0.00694477 -0.00693096 0.163026 0.0197364
-0.0173735 0.237739 0.0140653 -0.00596464 0 0 0 0 0 0
0 0 0 0.182124 -0.0193896 0.0133742 0.231653 -0.0209429 -0.0151909 0.191578
-0.0213112 -0.0125499 0.128638 0.00566104 -0.012004 0.0580938 0.00831773 -0.0549715 0.132515 -0.0230846
-0.0295916 0 0 0 0 0 0 0.243873 0.0184342 -0.00550196
0.257513 0.00735307 -0.00673215 0.30487 -0.000855954 -0.00295564 0.319119 -0.00282878 0.000681314 0.0281034
-0.0159793 0.0428488 0.15695 0.0184541 0.0149256 0.149564 0.0244408 0.0108359 0.302476 0.00118585
-0.00357637 0.316145 -0.00357587 -0.000942309 0.140024 0.00771474 -0.0117428 0.140983 -0.0201566 -0.0277156
0.155162 0.0179257 0.017379 0 0 0 0 0 0 0
0 0 0.131311 0.0253981 -0.0263327 0.0548426 -0.00303756 -0.053893 0.190132 0.0217003
-0.00882283 0.230636 0.0207366 -0.0119308 0.297386 0.000121938 0.00425836 0.146336 -0.0186856 0.0240198
0.0169514 0.0129158 0.0515543 0.297474 -0.00281506 0.00129951 0.298806 -0.00165917 0.00145479 0.300051
-0.000186649 0.00182883 0.250486 -0.00794158 -0.00101219 0.235038 -0.0185974 0.00174552 0.196599 -0.00351464
0.0019164 0.192017 0.0171894 -0.0103415 0.228442 0.01804 -0.014134 0.293494 -0.00116787 0.00148787
0.309216 0.00100626 0.00310319 0.294894 -0.00410923 0.000448726 0.294808 -0.00572857 -0.000463843 0.296416
-0.00191552 -0.000713127 0.249013 -0.00874982 -0.00298116 0.234414 -0.0194773 0.000304434 0.229346 -0.0197025
0.00399417 0.148212 -0.030729 -0.0158931 0.200866 -0.0250884 -0.000404189 -0.00613406 -0.00570401 -0.0487967
-0.0141625 -0.00809743 -0.0766831 0.00271424 0.0103924 -0.0705268 0 0 0 0
0 0 0.175876 0.0205235 0.0135586 0.252197 0.0252022 -0.00226386 -0.0340198 -0.0169679
0.0449131 -0.0186051 -0.0312874 0.0444308 -0.0175252 -0.00743135 0.0270364 0 0 0
0.236256 -0.0150633 -0.00518797 0.00985866 0.0309974 -0.0385164 0.0139717 0.0469618 -0.056526 -0.0218959
-0.031491 0.0364368 0 0 0 0 0 0 0.003049 -0.0198736
-0.064092 0.0836581 0.00495372 -0.0105126 0.125849 0.0372662 -0.0172719 0.0738097 0.040848 -0.0298662
0 0 0 -0.0441829 -0.000866966 0.0486686 0.146296 -0.0161635 0.0371689 0.0546012
0.00155019 0.0584256 0.0575455 -0.0256954 0.0462595 0.0391482 0.0130573 -0.0249171 0.0392289 0.0204474
-0.053041 0.0637846 0.000795531 0.0569852 0 0 0 0.224451 -0.0191041 -0.0066358
0.10964 0.0232894 -0.00704403 0.180423 0.00886116 -0.00754883 0.103315 0.0245997 -0.0164577 0.0939265
0.0197911 -0.0244292 0.175901 -0.0188224 -0.011926 0 0 0 0 0
0 0.280326 0.0292337 -0.00170938 0.0774379 -0.0190215 0.0177063 0.210761 0.0243796 0.00577947
0.213827 0.0301925 0.00323997 0.258226 -0.0200464 0.000110356 0.199277 0.0101945 -0.00432153 0.192827
-0.0180173 -0.00728965 0.211231 0.0223938 0.00868628 0 0 0 0 0
0 0 0 0 0.0110238 0.0512015 -0.0556329 -0.0116264 0.0509867 -0.0650123
0.0622287 0.0484025 -0.0355928 0 0 0 0.237669 0.0123014 -0.00422135 0.0368107
-0.0152985 0.0652324 -0.0285803 -0.00326451 0.0583735 0.23865 -0.00288718 -0.00785584 0.2434 -0.00400529
-0.00598879 0.247142 -0.00669725 -0.00329528 0 0 0 0.11358 -0.0259185 0.0461626
0.0806621 0.0267314 -0.0114726 0.0573406 0.0485907 -0.0331307 0 0 0 0.235122
0.0112462 -0.00565017 0.256587 -0.000850464 -0.00394818 0.238233 0.00442608 -0.00899629 0.236214 -0.00103557
-0.0107734 0.249387 -0.00719518 -0.00464691 0 0 0 0.107055 -0.0264136 0.0512921
0.110541 -0.0281701 0.0322638 0.258901 -0.00767147 -0.00166877 0.27949 -0.00211776 0.00439966 0.0413654
0.0211965 -0.0279999 0.00777587 0.0349116 -0.0645819 0.0387227 0.01242 -0.0485947 0 0
0 0 0 0 0.0997081 0.00524668 0.0192024 0 0 0
0.287706 0.00574887 0.00147935 0.306956 0.00497866 0.00199887 -0.020055 -0.0346373 0.0287996 0.02172
-0.0206645 0.0253791 0.0183723 0.00476756 0.0150622 0.28932 -0.00243416 0.00383774 0.298429 -0.0002672
0.00303466 0.0348096 0.0234154 -0.0177244 0.0304679 0.0163051 -0.0396362 0.024953 -0.0207665 0.0291021
0 0 0 0.0714141 0.0303881 -0.0377465 0.284358 0.00339192 0.00426325 0.317054
0 0.0120234 0.312573 0 0.0109497 0.325251 0 0.0107252 0.29237 -0.00710102
0.00558147 0.269046 -0.00821196 0.00169984 0 0 0 0.0739074 -0.0119695 0.0506112
0.323064 0 0.0104441 0.326389 0 0.00790121 0.286153 -0.00589222 0.00182504 0.286276
-0.00676321 0.0024427 0.314683 0 0.0136375 0 0 0 0.261667 0.00630085
-0.000161994 0.303294 0 0.0104064 0.302012 0 0.0137397 0.276097 0.000406136 0.013785
0.27384 0.00519929 0.01252 0.280096 0.00475882 0.0094063 0.305324 0 0.00769503 0.279424
-0.000114603 0.00534673 0.280338 -0.00264206 0.00368916 0.301117 0 0.00925192 0.303211 0
0.00750909 0.276678 -0.0155357 0.00277341 0.115517 -0.0197608 0.0120142 0.250736 0.00431906 0.00776383
0.273676 0.00112949 0.0030354 0.316471 -0.00635849 0.00527834 0.292899 -0.00750219 0.00376283 0.111248
0.0266738 0.0318633 -0.0338842 0.0122018 0.0145861 -0.0476945 0.0114822 0.0243329 -0.0261778 0.019141
0.0405261 0.262768 -0.0260913 -0.00300376 0.19917 -0.0308898 0.00197205 0.0897811 -0.014931 0.00804269
0.321025 -0.00763278 -0.00358691 0.304413 0.00436863 -0.00483559 0.303616 0.00319839 -0.00504468 0.323383
-0.00846997 -0.00322584 0.000376184 0.00207294 0.0179667 0.0796667 0.020794 0.0134722 0.169152 0.0241031
0.00580024 0.233638 -0.0198808 0.011175 0.151806 -0.0259141 0.0240522 0.0338603 -0.0115021 0.0362688
0.234261 -0.0232078 0.00930783 0.305714 -0.00204568 0.00805927 0.309815 -0.0045755 0.0069362 0.23973
-0.0165354 0.00597703 0.222931 0.0170237 0.00143333 0.299933 -0.00162156 0.00415764 -0.0346056 -0.0010998
0.0291378 -0.0283031 -0.00163489 0.0313329 0.0278917 0.00650604 0.0294033 0.299698 0.00222792 0.00493283
0.220865 -0.0169769 0.003957 0.305875 0.00231536 0.00826034 0.309809 0.00474643 0.00697396 0.304491
0.00368933 0.00345367 0.0341123 0.0113882 0.0361855 0.152392 0.0258824 0.0238363 0.234057 0.0198607
0.0110226 0.16932 -0.024329 0.00562413 0.0800918 -0.0209551 0.0130962 0.000614632 -0.00222986 0.017589
0.154522 -0.0131861 0.0121302 0.304355 -0.00446478 -0.0047682 0.303903 -0.0032442 -0.00495136 0.279918
-0.0070706 -0.00560967 0 0 0 0.262385 0.0253497 -0.00290259 0.320696 0.00725516
-0.00353976 0.2637 0.00594766 0.000490722 0.248357 -0.000817615 -0.00339625 0 0 0
0 0 0 0.244135 0.00321361 -0.00450143 0.26738 0.00262455 0.00261444 0.245699
-0.000784021 -0.0043441 0 0 0 0 0 0 0.249665 0.00204381
-0.00147262 -0.0169747 -0.00624045 -0.000385466 0.00733857 -0.0225424 -0.0344509 -0.0101243 -0.0239512 -0.0437145
-0.0165839 -0.0308425 -0.0480579 0 0 0 0.0129982 -0.0330882 -0.0601063 0
0 0 -0.00757653 -0.0343067 -0.0718695 -0.00148173 0.00725875 0.0609445 -0.0320712 0.0176235
0.0356527 -0.0414176 0.00470807 0.0200442 -0.0247863 -0.0264194 -0.0436076 -0.028842 -0.0365666 -0.0452226
-0.0163689 -0.0341704 -0.0735088 -0.0360645 0.017926 0.0364141 0 0 0 0.278356
0.00429554 0.00491107 0.299598 -0.00494223 0.00389432 0.279305 0.000283111 0.00490657 0 0
0 0 0 0 0.291527 -0.000683905 0.00755465 0.308422 -0.00364052 0.00633565
0.295536 -0.00249218 0.00773436 0 0 0 0.174816 -0.00860067 0.0202303 0.258873
0.00319264 -0.00404198 0.256601 0.00418361 -0.00475572 0.266656 0.00550117 -0.00652234 0.268068 0.00487382
-0.00601102 0.233154 0.00136141 -0.0102363 0 0 0 0 0 0
0.243375 0.00407925 -0.0100883 0.0246148 -0.0409548 -0.0290327 0 0 0 -0.0186563
-0.0624286 -0.0612406 0.0263842 -0.0603023 -0.0380766 0 0 0 -0.0424684 0.019988
0.0365042 -0.0114884 0.0464781 0.0223885 -0.000249508 0.010877 0.00872552 -0.0142118 -0.0499632 -0.0306434
0.0288408 -0.046246 -0.0204828 0.0307734 -0.0685972 -0.0262607 -0.0129323 0.0470451 0.0248083 0
0 0 0.246439 0.016024 -0.00245112 0.245661 0.00474751 -0.00090563 0.241474 0.000963277
-0.000500663 0 0 0 0 0 0 0 0 0
0 0 0 0 0 0 0.24975 0.00327936 0.00257594 0.261237
-0.00273185 0.00226624 0.269042 -0.00551307 0.00216815 0.269003 -0.00769886 -0.00552903 0.288154 0.000506419
-0.00487795 0 0 0 0.271722 -0.00559768 -0.00516849 0 0 0
0 0 0 0.272917 -0.00160494 -0.00459044 0.27486 -0.000285092 -0.00391187 0
0 0 0.2789 0.00164779 -0.00261317 0 0 0 0.284148 0.00534851
-0.000707543 0.308745 -0.00133068 -0.00307872 0.301933 -0.00634598 -0.00293125 0 0 0
0 0 0 0 0 0 0.303178 -0.00383358 -0.00385108 0.302097
-0.00144809 -0.00462471 0.313046 -0.000768084 -0.00247693 0 0 0 0.300818 -0.00049125
-0.00455927 0 0 0 0.301008 0.000284462 -0.00287616 0.302961 0.0030201 -0.00153087
0.168536 0.0258868 0.0278667 -0.00196565 -0.00969548 -0.0437059 0 0 0 0.00372469
-0.00661636 -0.0747118 0 0 0 0 0 0 -0.0261602 -0.0207629
0.0633016 0 0 0 0.215268 -0.00265088 -0.00783896 0 0 0
0.0892532 -0.0210643 -0.0215352 0 0 0 0 0 0 0.080976
-0.0161598 -0.0385779 0 0 0 0 0 0 0.25224 -0.00692536
-0.00195686 0 0 0 0 0 0 0.0476484 0.0197819 0.0325634
0.317526 -0.00351567 0.00226427 0.315887 -0.00428946 0.00129487 0.318125 -0.00205351 -0.00134115 0.318182
-0.00211107 -0.00186554 0.300099 0.00201635 -0.0025325 0.256304 0.00375601 -0.00853894 0.2478 0.00448668
-0.0098257 0.304674 0.00148154 -0.00433948 -0.00923204 -0.0065318 -0.0516305 0 0 0
0.00478421 0.0273518 -0.0700105 0 0 0 -0.00180461 -0.0150202 -0.0718817 -0.0231116
-0.0207642 0.0462988 -0.0317238 0.0121049 0.0511809 -0.0356807 0.00208495 0.0331604 -0.0356961 0.00974299
-0.0537855 -0.0144621 -0.00615696 -0.0497167 -0.00452048 -0.0175468 -0.070768 -0.0324235 0.0121052 0.053152
0 0 0 0.29935 -0.00283487 0.00320824 0.314251 0.00282659 0.00491722 0.297896
-0.00347409 0.00153987 0.25033 -0.0050005 -0.0038434 0.242589 -0.00584106 -0.00568016 0 0
0 0 0 0 0 0 0 0 0 0
0 0 0 0.293803 -0.00547268 -0.00100242 0.309455 0.000116682 0.0014585 0.295264
-0.00353704 -0.00111163 0.220485 -0.00163278 -0.00744646 0.215143 0.0018908 -0.0078938 0.253716 0.0173812
-0.00283928 0.235737 -0.0292981 -0.00858549 0.241427 0.00452002 -0.00188245 0.249702 0.00612226 -0.00139363
0.261102 0.0224372 0.000231389 0 0 0 0 0 0 0.0884643
0.0212371 -0.0207952 0 0 0 0 0 0 0.0468622 -0.0197846
0.0320038 -0.00301525 0.0113611 -0.0433014 0 0 0 0 0 0
0.00231323 0.00959807 -0.0740565 0 0 0 0 0 0 -0.0258745
0.0205634 0.0624329 0.288239 0.00465089 -0.00523122 0 0 0 0.272884 0.00149844
-0.00441578 0.282835 0.00301707 -0.0050764 0.289484 9.95906e-05 -0.00494066 0.288073 -0.000653664 -0.00473968
0.295147 -0.00163512 -0.00422429 0.305728 -0.00489904 -0.0013907 0.284328 -0.00553015 -0.000638061 0
0 0 0.296054 -0.00248007 -0.00327729 0 0 0 0.302889 0.00393448
-0.00289939 0.308503 0.00125387 -0.00209262 0.311414 -0.00133606 -0.00261134 0 0 0
0.299909 -0.00064258 -0.00234056 0.310002 -0.000818957 -0.00266886 0.313172 -0.000751274 -0.00231336 0.312181
0.000221324 -0.00186845 0.240934 -0.00112973 -0.000798624 0.268159 0.00487365 0.00144309 -0.00798631 0.0154756
-0.0101415 0.0239597 0.0397827 -0.0290369 -0.0119422 0.0416726 -0.038138 0 0 0
0.0260096 0.0594552 -0.038462 -0.0283953 0.0441939 -0.0465237 0 0 0 -0.0185515
0.0606558 -0.0610607 -0.0119955 -0.046088 0.0225504 -0.0428891 -0.0190185 0.0367825 -0.0513079 -0.014774
0.0207535 -0.0142743 0.0482667 -0.0298728 -0.0373009 0.0508812 -0.040365 -0.0246658 0.0706786 -0.0513224
-0.0445185 -0.0178849 0.0384833 0 0 0 0.239954 0.00494556 -0.00716972 0.259304
-0.00535914 -0.00353369 0.235884 -0.0021697 -0.0085609 0 0 0 0 0
0 0.236286 -0.00277729 -0.0108621 0.270945 -0.00552804 -0.00443371 0.245343 -0.00450602 -0.0079263
-0.0293939 -0.0155083 0.0395844 0.0225593 -0.0320452 0.0510881 0.297953 0.00328433 0.00218708 0.298197
0.00325641 0.0012226 0.308566 0.00220051 0.0037144 0.310123 0.00268146 0.00421157 0.310902 0.00791738
0.00597767 0.27709 -0.00135452 0.00140749 0 0 0 0 0 0
0.296355 0.00181759 0.00557737 0.294194 0.0137389 0.00825086 0.178759 0.00911883 0.0184532 0
0 0 0.163914 0.01562 0.0129351 0 0 0 -0.00986104 0.0299186
-0.0732905 0.0128002 0.0152346 -0.0331261 0 0 0 0.0165811 0.0263656 -0.0582749
-0.032331 -0.0173827 0.0361274 0.0016684 -0.00699878 0.0618218 -0.0167789 -0.0129605 0.0417572 -0.0254126
0.0261626 -0.0413846 0.0057211 0.0143415 -0.0305704 0.0165046 0.0202151 -0.0564661 0.00963566 -0.007243
0.066087 0 0 0 0.262534 -0.00320975 -0.00246192 0 0 0
0.32885 0 0.00831658 0.280677 -0.00222128 0.0015689 0.284166 -0.00503512 0.00131459 0.28141
-0.0060412 0.000771017 0.303397 0 0.0151072 0 0 0 0.257453 0.0125793
0.00202622 0.260382 -0.00189625 -0.000156948 0 0 0 0.304625 0 0.00672589
0.277829 -0.0031982 0.00271253 0.280533 -0.00267852 0.00320006 0.28025 -0.00278895 0.00320025 0.244754
-0.0135676 -0.00166778 0 0 0 0 0 0 0.158977 0.00991938
-0.0185541 0 0 0 0 0 0 0 0 0
0 0 0 0 0 0 0 0 0 0
0 0 0 0 0 0 0 0 0 0
0 0 0 0 0 0 0 0 0 0
0 0 0 0 0 0 0.0321535 -0.00155046 -0.0500955 0
0 0 -0.0283307 -0.0184833 0.0620564 0 0 0 0 0
0 0 0 0 0 0 0 0 0 0
0.0663924 0.00235525 -0.0469007 0 0 0 0.0504392 0.0159734 0.0397154 0
0 0 0 0 0 0 0 0 0 0
0 0 0 0 0 0 0 0 0 0
0.243381 0.00142164 -0.00958111 0.248185 -0.00482479 -0.0109964 0 0 0 0
0 0 0 0 0 0 0 0 0 0
0 0 0 0 0 0 0 0.235329 -0.00414763 -0.00968707
0.240148 0.00182941 -0.0106373 0 0 0 0.0670649 -0.00227611 -0.0463772 0.0497623
-0.016493 0.0381844 0 0 0 0 0 0 0 0
0 0 0 0 0.0801879 0.0163114 -0.0376821 0 0 0
0 0 0 0 0 0 0.0317757 0.00185897 -0.0492148 0
0 0 -0.0282346 0.0180505 0.0617357 0 0 0 0 0
0 0 0 0 0 0 0 0 0 0
0 0 0 0 0 0 0 0 0 0
0 0 0 0 0 0 0 0 0 0
0 0 0 0 0 0 0 0 0 0
0 0 0 0 0 0 0.156339 -0.0104129 -0.0218708 0
0 0 0 0 0 0 0 0 0 0
0 0 0 0 0 0 0 0.0186964 0.00101649 0.0173087
-0.0237645 -0.00915834 0.0169478 0.270146 0.00242318 0.0116269 0.302746 -2.96954e-37 0.0140936 0.0827769
0.0180308 0.0306631 0.275169 0.00413674 0.00679643 0.305081 -1.22566e-36 0.0118055 0.249865 0.0083105
0.00171327 0.0793212 0.0142937 0.0500119 0 0 0 -0.0302564 0.00692537 0.0361821
-0.00683843 0.018115 0.0442562 -0.0211724 0.00471806 0.0192696 -0.039802 0.00335201 0.0244233 0.0187993
-0.00871122 0.018707 0 0 0 0 0 0 0.0222291 0.0161397
0.0287768 0.0989834 -0.00748008 0.0210531 0.272506 -0.00810495 0.00237617 0.024301 0.0341161 0.0495396
0 0 0 0.246267 0.00523202 2.82694e-05 0.112113 0.0246739 0.0485578 0
0 0 0.0357129 0.015984 0.0673233 -0.000577563 0.00573575 0.0117402 -0.028509 0.00452318
0.0618267 -0.0405007 0.0170699 0.0411745 0 0 0 0 0 0
-0.0113062 0.0409039 0.0252423 0.0754036 0.0145099 0.0180411 0 0 0 0
0 0 0.260906 -0.019761 -0.00224491 0 0 0 0.196765 -0.0256867
0.00468836 0.260525 -0.0291606 -0.00262198 -0.0425096 0.000528487 0.0263149 -0.0383547 -0.00236262 0.0229652
0.154858 0.0130369 0.0123437 0.0683524 -0.0144764 0.0233135 0 0 0 0
0 0 -0.0152981 -0.0391523 0.0325979 -0.0342584 -0.0237585 0.0367216 0 0
0 0 0 0 -0.0406098 -0.00238219 0.034845 -0.0378062 0.00773538 0.0519763
0.0321344 0.00461195 0.05242 0 0 0 0 0 0 0
0 0 0.157558 -0.0230564 0.0279509 0.136317 0.0251713 0.0147696 0.242429 0.00706435
-0.00255439 0.294095 -0.00239887 -0.000595747 0.304977 -0.00329802 0.00316752 0.225061 0.0181084 -0.000373066
0.143115 0.0190918 0.0194639 0 0 0 0.0244021 -0.00801387 0.0315737 -0.0324037
-0.000360532 0.0323003 0.0241233 -0.0121718 0.0463084 -0.024583 -0.0165042 0.0489299 0 0
0 0 0 0 -0.030274 -0.00301388 0.0487025 -0.0286724 0.0123892 0.0503033
0 0 0 0 0 0 0.133627 -0.025991 0.0175761 0.2412
-0.00674378 -0.00115366 0 0 0 0.140503 -0.0194577 0.0222615 0.223288 -0.017966
0.00186194 0.293448 0.00273511 -0.000133701 -0.0425481 -0.00074457 0.0261456 -0.0407826 0.0022169 0.0348123
0.240161 0.0166143 0.00577553 0.234666 0.023265 0.00908498 0.158164 0.0231142 0.0276432 0
0 0 0.0324903 -0.00467347 0.0521512 -0.0379493 -0.00781383 0.0517713 0 0
0 0 0 0 -0.0382646 0.00217327 0.0226397 -0.0342303 0.0237681 0.0362884
-0.0152429 0.0392084 0.0321208 0 0 0 0 0 0 0.06838
0.0144707 0.0228922 0 0 0 0.0889197 0.0142176 0.00854934 0.198632 0.0301905
0.00221023 0.322967 0.0082069 -0.00315917 0.260234 0.0284844 -0.00258843 0.260748 0.0192358 -0.00224028
-0.00140816 -0.00603914 0.0123139 -0.0117682 -0.0405543 0.0257499 0.0749405 -0.0148108 0.0184582 -0.0276248
-0.00318625 0.0623735 0.0388342 -0.0153567 0.0670909 0 0 0 0 0
0 0.289092 0.00583351 0.00248679 0.315893 0.00439376 0.00496995 0.274878 -0.002278 0.0034314
0.252519 -0.00567423 0.00762596 0.273214 0.013121 0.00214563 0.110588 0.0180704 0.0134881 0.0951628
0.00651434 0.0229756 0 0 0 0.267986 0.00669307 0.000648262 -0.0219205 -0.0272293
0.0363999 -0.0339814 -0.00982203 0.0421952 0 0 0 0 0 0
0 0 0 0.0916246 -0.0136736 0.0497545 0.0953343 -0.0182424 0.0312238 0.28333
-0.00336338 0.00804849 0.286857 -0.00456945 0.00399017 0.263221 -0.00815922 0.000849837 0.270726 0.00595366
0.00412061 0 0 0 0.246394 0.006049 -0.00122527 0.29129 -0.0056392 0.0034302
0.268133 -0.00492651 0.00217675 0.243009 0.00347938 -0.00288 0.271693 0.000936526 0.00166013 0.243925
-0.0101409 -0.0023508 0.224364 -0.00996739 0.000737028 0 0 0 0.292564 -0.00112454
-0.0010396 0.303815 -0.00444988 0.00216015 0.247801 -0.00606945 0.000550672 0.313955 0 0.00733657
0.299708 0.00182847 -0.00522157 0.279565 0.0068759 -0.00573073 0.274257 0.00337421 -0.00583186 -0.0341287
-0.0125389 0.0151721 -0.0406716 -0.0161816 0.0417692 0 0 0 -0.0242133 -0.01981
0.0411756 -0.0474958 -0.0118665 0.0249812 0.115185 -0.0272488 0.0320333 0.0285398 -0.0347263 0.0499787
0 0 0 0.115742 -0.0248927 0.0480583 0.0199773 -0.0151968 0.0323761 0
0 0 -0.0217475 -0.00484712 0.0225685 0.0160266 0.00799566 0.0223394 -0.027422 -0.00654839
0.0376425 -0.0404875 -0.00255713 0.0258508 0.0175482 -0.00535781 0.0640161 0 0 0
0.00163702 -0.0184346 0.0463973 0.313131 0 0.00921355 0 0 0 0
0 0 0 0 0 0 0 0 0 0
0 -0.0108389 -0.0205337 -0.0752856 0 0 0 0 0 0
-0.0293656 0.00430369 0.0538429 0.233911 -0.000355564 -0.0102834 0 0 0 0
0 0 0.237813 0.0031656 -0.0124276 0 0 0 0 0
0 0 0 0 -0.00636523 -0.0742317 -0.0393823 0 0 0
0 0 0 -0.0343008 0.0341202 0.0269248 0 0 0 0
0 0 0 0 0 0 0 0 0.300303 0.00257835
-0.00183771 0.245932 -0.00328771 -0.0114701 0.241459 0.00199033 -0.0109137 0.302695 0.00248782 -0.00429114
0.243754 0.00382298 -0.00896118 0.2486 0.00473981 -0.00832444 0 0 0 -0.0253049
0.0125054 -0.0762753 0 0 0 0 0 0 -0.0316373 -0.0055923
0.0498366 0.244072 0.00233088 -0.00808803 0 0 0 0.238139 -0.00322753 -0.00737108
0 0 0 0.235985 -0.00633365 -0.00896145 0 0 0 0.240811
-0.00701437 -0.00783779 0 0 0 0 0 0 0 0
0 0 0 0 0.272529 0.00297157 -0.00470246 0 0 0
0.299435 -9.61191e-05 -0.00324254 0 0 0 -0.00593889 0.0734036 -0.0387762 0
0 0 0 0 0 -0.0342409 -0.0333333 0.0279105 0.276123 -0.00258862
0.00177656 0 0 0 0 0 0 0.2934 0.000778536 0.00548298
0 0 0 0 0 0 0 0 0 -0.0128653
0.0236197 -0.0719338 0 0 0 -0.0450272 -0.00347207 0.0226155 -0.028468 -0.00102079
0.0544548 0 0 0 -0.0323793 -0.00630432 0.0376393 0 0 0
0.26438 -0.00231674 -0.00253038 0 0 0 0.257117 -0.000325059 -0.00143052 0
0 0 0 0 0 0.245941 0.00231048 -0.00451687 0 0
0 0.246541 0.000415375 -0.00329212 0 0 0 0 0 0
-0.00332038 -0.0284803 -0.0718966 0 0 0 -0.0290707 0.00634654 0.0497859 0
0 0 0 0 0 0 0 0 0 0
0 0.278575 0.00146348 0.00528265 0 0 0 0 0 0
0 0 0 0.292841 -0.00141669 0.00766594 0 0 0 0
0 0 0 0 0 0 0 0 0 0
0 -0.00501796 -0.0634537 -0.0508122 0 0 0 -0.0337545 0.0346951 0.0256727
0 0 0 0 0 0 0 0 0 0
0 0 0 0 0 0.272594 -0.00307236 -0.00490481 0 0
0 0.300517 -0.000173003 -0.00393229 0 0 0 0 0 0
0 0 0 0.242624 0.00380148 -0.0105349 0 0 0 0
0 0 0 0 0 0.25724 0.0040611 -0.00739297 0 0
0 0 0 0 0 0 0 0 0 0
-0.0195328 0.00935838 -0.079512 0 0 0 -0.0310058 -0.00556363 0.0484563 0
0 0 0 0 0 0 0 0 0 0
0 0.238255 -0.00514402 -0.00675328 0.299169 -0.00404303 0.00215855 0 0 0
0.248989 -0.00599052 -0.00600413 0.293653 -0.00484474 -0.00122767 0 0 0 0
0 0 0 0 0 0 0 0 0 0
0 0 0 0 0 0 0 -0.00520745 0.0621217 -0.0510585
0 0 0 -0.0338802 -0.034036 0.0259337 0 0 0 0
0 0 0 0 0 0 0 0 0.236633 -0.000503791
-0.00853838 0 0 0 0 0 0 0 0 0
0.239808 -0.00346687 -0.0100821 0 0 0 0 0 0 0
0 0 0 0 0 0 0 0 -0.00343892 0.0210269
-0.0715397 0 0 0 -0.0292466 -0.00596191 0.0504934 0 0 0
0 0 0 0 0 0 -0.00827725 -0.0192496 0.0487786 0
0 0 0.00975758 0.00799034 0.0631391 -0.0269556 0.00342076 0.0543734 0 0
0 0 0 0 -0.0327791 0.0136158 0.040138 -0.021396 0.029584 0.0329915
0 0 0 -0.0329307 0.0303804 0.0297715 0 0 0 -0.0385724
-0.0122995 0.0431731 0 0 0 0.0202712 0.0107154 0.0490696 0 0
0 -0.0386508 0.0123287 0.0428369 0 0 0 0.196356 0.0251058 0.00485737
0 0 0 0 0 0 -0.0331817 -0.0297514 0.0302695 0
0 0 -0.0255762 0.0016483 0.0560608 0 0 0 0 0
0 0.0910556 -0.00969715 0.0107268 0.215698 -0.0295524 0.00625258 0.214375 0.028665 0.00597484
0.0892449 0.00890266 0.0111526 0.289219 -0.0160935 0.0105461 0.156053 -0.015306 0.0149856 0.157889
-0.0213814 0.00322287 0.292188 -0.0140143 0.00579904 0.261881 0.00174104 0.00612929 0.123168 0.00819202
0.00825195 -0.0300435 0.0157384 0.0385443 0.0211073 0.0321025 0.0497691 -0.016859 -0.00231485 -0.00194038
0.123362 -0.0241672 -0.00536348 0.272793 -0.018009 -0.000327901 0.332491 -0.00785206 -0.000706623 -0.00844369
0.0167867 0.0460074 0.0702431 0.0334597 0.0489683 0.178472 0.0121382 0.0148315 0.00740691 0.0144328
0.00717936 -0.0391481 0.00864603 0.023539 -0.0482248 0.00749895 0.0314534 -0.0237934 -0.00159242 -0.00655899
0.054216 -0.00230226 0.0204803 -0.0222928 0.00862078 0.0220048 0.0879076 -0.0158946 -0.00264983 0.178935
-0.0235239 0.0102195 0.244998 -0.0128235 2.57519e-05 0.308232 -0.000793687 -0.00147168 0.216394 0.01038
0.00032685 0.0294125 0.00300219 0.0280538 0.146683 0.024166 0.013364 0.0615185 0.0194887 -0.00017662
0.137664 -0.0271176 0.0202838 0.0213455 -0.00610723 0.0358143 0.0502704 -0.0151276 0.00427738 0.203492
-0.0102746 0.00776051 0.29878 0.00118126 0.00383214 0.0533919 0.00220161 0.0203154 0.177051 0.0234831
0.0103483 0.243468 0.0133609 0.000948573 0.0873139 0.0158449 -0.00200031 -0.0391846 -0.0090513 0.02329
-0.0224149 -0.00890301 0.0217269 -0.0239228 0.00114055 -0.00593579 -0.00777416 -0.0173442 0.045311 -0.0480239
-0.00802597 0.0311228 0.00770462 -0.0148151 0.00731034 0.0709584 -0.0337151 0.0480594 0.178365 -0.0124427
0.0148633 0.332241 0.006581 -0.000595852 0.272269 0.0167657 -0.000624416 0.121767 0.0231342 -0.00534905
-0.0159744 0.00130487 -0.00128359 0.125133 -0.00893535 0.00958474 0.264792 -0.00270516 0.00731795 0.297466
0.0114758 0.00493233 0.158886 0.0193621 0.00435626 -0.00394945 0.0217493 -0.000317619 0.123718 -0.0077298
0.0122013 0.272484 -0.00165368 0.012213 0.299377 0 0.0108466 -0.0248841 0.0138885 0.0160395
0.0152579 0.00424468 0.0176857 0.317769 -0.00677298 0.00271711 -0.0359733 0.0145542 0.0110347 -0.0539325
0.0112945 0.0201978 -0.0106732 -0.0174988 -0.0110585 -0.00345401 0.0115565 0.0106845 0.317148 -0.00115865
0.00405713 0.318295 -0.00256483 -0.000519403 -0.0363927 -0.000623734 0.0299827 -0.0282458 -0.00410972 0.0296265
-0.0254749 0.00449397 -0.00348312 -0.0362491 0.00226726 0.0352052 0.314517 0.0031766 0.00200464 0.316426
0.000429627 0.0043941 -0.0360678 -0.0141614 0.011823 -0.00464862 -0.0115688 0.0115258 -0.0118647 0.0164781
-0.010859 -0.0538573 -0.0109701 0.0210241 0.32218 0.0048936 0.00290484 -0.0209642 0.00693338 0.00359904
-0.0139402 0.0188277 0.0487124 -0.0352742 0.00715083 0.0371876 -0.0467222 0.00647755 0.0220549 0.292465
-0.00305107 0.00692619 0.289952 0.00370255 0.00529208 0.315611 5.80241e-35 0.00344104 0.320934 2.16083e-33
0.00556577 0.103328 -0.000173092 0.00138568 0.00786973 -0.00672124 -0.00994231 -0.024083 -0.0142094 -0.019022
-0.0219287 0.00494212 0.0161956 0.134756 0.0108966 0.0144484 -0.00694359 -0.025493 -0.0140395 0.172203
-0.0171147 -0.00112498 0.168433 -0.0155297 0.00487027 -0.00821428 -0.00766373 0.00702038 0.296445 0.000448818
0.00242722 0.34351 -0.0072997 0.000971258 0.320508 -0.0136197 0.00463035 0.308105 -0.0113167 0.00344634
0.32868 -0.000566801 0.0028217 0.352028 -0.00641435 0.000217922 0.31359 -0.0111072 -0.00460719 0.282562
-0.0082425 0.00243324 0.145127 -0.00982536 -0.00618991 0.145975 0.00898478 0.0111215 0.163036 -0.0440103
-0.0204639 0.228223 -0.0307217 -0.0105332 0.239809 -0.0359085 -0.0106304 0 0 0
0 0 0 0 0 0 -0.00528467 0.0130547 -0.0753982 -0.0112771
0.0421722 -0.0710544 0 0 0 0.311478 0.0143134 -0.0106389 0.313936 0.0173359
-0.00726336 0.176739 0.0515252 -0.0300551 0 0 0 0 0 0
0.0265082 0.0613661 -0.0411026 0.0998228 0.0204702 -0.0247054 0.0351204 0.0618275 -0.0721991 -0.0071164
0.0455533 -0.0733398 0 0 0 0 0 0 0.304783 -0.0103525
-0.000204542 0.333093 -0.000606113 0.00193116 0.338303 -0.000312961 0.00214234 0.313766 -0.0099188 0.000315146
0 0 0 0 0 0 -0.0183547 0.0292765 -0.0627602 0.00338596
0.0349494 -0.0518361 0 0 0 0.300612 0.00815511 -0.00789111 0.290955 0.0110818
-0.00381712 0.153301 0.0230389 -0.0320815 0.323896 0.00298672 -0.00766096 0.336922 0.00448944 -0.00509079
0.33042 0.00560788 -0.00416568 0.318045 0.0085449 -0.00621155 0 0 0 0.0170419
0.0541022 -0.0599357 0 0 0 0.0789949 0.0858747 -0.0535502 0 0
0 0.196896 -0.0369847 -0.0106458 0.290039 0.0194238 -0.020157 0.321487 0.00132273 -0.00807095
0.316305 0.00896693 -0.00331369 0.279457 0.0263622 -0.0131535 0 0 0 0.0358895
-0.00204466 -0.0404213 0.332467 1.24145e-34 0.00461776 0.305158 -0.00410018 0.00436158 0.0830464 -0.00803087
-0.0132511 0.276525 -0.0137998 -0.0043702 0.141794 -0.0290703 -0.0355996 0.0149519 -0.0128135 -0.0262975
0.0308375 -0.0228629 -0.0634632 -0.0327158 -0.0235227 -0.0211412 -0.0089187 -0.0326218 -0.0264915 -0.0275673
-0.029649 -0.0343443 -0.0167421 -0.0341428 -0.0644613 0.00423309 -0.0376526 -0.0530283 0.0357438 0.000531503
-0.0405371 0.17516 0.0206426 -0.015379 0.300681 0.00925615 0.000747162 0.277215 -0.0289389 -0.0151731
0.157131 -0.0570918 -0.0427552 -0.0177982 -0.0243386 -0.0257958 -0.0100575 0.00333036 0.013231 -0.0244729
-0.0345641 -0.0440041 0.0338245 -0.0646271 -0.0744013 -0.00843742 -0.0481489 -0.0745629 0.0838353 0.0103569
-0.0395229 0 0 0 0.0414873 0.0310702 -0.0627171 0 0 0
-0.0101316 0.0641412 -0.0569115 0 0 0 0 0 0 -0.0241854
0.0565206 -0.0678305 0.158994 0.0542332 -0.0405628 0 0 0 0.177333 -0.0218547
-0.0162523 0 0 0 0.0361068 0.0136512 -0.0597129 0 0 0
0.324441 -0.00223668 -0.000660429 0.320825 0.00267755 0.00228729 0.243174 0.0235399 -0.0193888 0.261409
0.0184995 -0.0207677 0.261172 -0.0233082 -0.00571031 0.261803 -0.0342027 -0.00491283 0.26373 0.00529901
0.00160193 0.259867 0.00191134 0.00243128 0.262431 -0.00364951 0.00558106 0.296119 2.78362e-34 0.0123356
0.300934 2.05758e-32 0.00876746 0.300053 7.49553e-32 0.00632716 0.298202 1.09984e-30 0.00706106 0.273934
0.00782925 0.00310963 0.269079 0.00708699 0.000890315 0.267318 0.00645262 0.000659253 0.293302 9.79652e-31
0.00942874 0.286343 -2.59769e-31 0.0108273 0.269492 0.00820264 0.0101302 0.27271 0.0117893 0.00692389
0.269901 -0.00434826 0.00147593 0.26626 -0.00245328 0.00679838 0.287878 -8.26366e-31 0.00901567 0.293882
-6.31061e-31 0.00515293 0.301648 1.98396e-33 0.00165634 0.306156 -4.24038e-34 -0.000564364 0.28011 0.00415023
-0.00261296 0.274154 0.00399447 -0.00253822 0.274262 0.00263312 -0.00157264 0.294339 0.00603088 0.00086088
0.291352 0.00536763 -0.00110255 0.289259 0.00443508 -0.00204452 0.310088 -4.91527e-35 -0.000989666 0.3135
-3.54476e-34 0.000649872 0.105908 0.00282316 0.00873547 -0.0258888 -0.014808 0.0026203 -0.0374736 0.00489489
0.034699 -0.0167223 0.0136001 0.0445839 0.117343 0.0164162 0.0245404 0.0724344 -0.0284555 -0.0409087
0.0169052 -0.0225609 -0.0641665 0.00370381 -0.0237919 -0.0329412 0.0878777 -0.0169258 -0.0147738 -0.0247953
0.0102609 0.0149295 -8.11189e-05 -0.0269096 9.37958e-05 0.165829 -0.0249491 0.00402431 0.122677 -0.0225599
0.013625 0.0181346 -0.00526765 0.0159775 -0.00185232 -0.0380008 -0.0562304 0.0291767 -0.0125677 -0.0322483
0.0334325 -0.021658 -0.00949528 -0.00520208 -0.0373826 -0.0253133 0.298298 0.000725631 0.00698074 0.303337
-0.00183344 0.00666533 0.322017 -0.00203801 0.000105352 0.31838 -0.00345612 0.00165071 0.296995 0.00307958
0.00601754 0.308976 -0.00355339 0.00462536 0.313544 -0.00596787 0.0043604 0.326686 -0.00296427 -0.00102048
0.325188 -0.00181762 -0.00130897 0.307613 -0.00287544 0.00534984 0.323004 -0.00828963 0.00173744 0.27545
-0.0111121 0.000904492 0.262302 0.00330846 0.00552849 0.281245 0.00613353 8.93497e-05 0.32544 -0.0051531
-2.29392e-06 0.306289 -0.014928 0.00427574 0.292469 -0.0181673 0.00387268 0.299388 -0.00594142 0.00279901
0.310149 0.00159127 0.00362111 0.328899 -0.00558055 0.000800525 0.316233 -0.00276801 0.00517329 0.321406
-0.0033049 0.00486597 0.341001 -0.00115789 -0.0022342 0.337033 -0.00220995 -0.00125007 0.315822 -0.00216468
0.00492512 0.329498 -0.00617843 0.00520859 0.33141 -0.00820122 0.00529482 0.343804 -0.00472787 2.37275e-05
0.342743 -0.0021499 -0.00149956 0.328319 -0.00481873 0.00501941 0.263348 0.00127933 -0.008635 0.246073
-0.00413698 -0.0139245 0.24273 -0.0105938 -0.010897 0.265338 -0.00555443 -0.00628345 0.278715 0.00670145
-0.00928449 0.281183 0.00580785 -0.00884672 0.257655 0.00502922 -0.0127544 0.251053 0.0043224 -0.015023
0.135733 0.00920552 0.0075255 0.121421 0.03145 0.0316003 0.286912 -0.00668908 -0.00709897 0.262972
-0.0111283 -0.012153 0 0 0 0.0782263 -0.0439065 -0.0397545 0.102325 -0.0234295
-0.0155154 0.289047 0.00652062 -0.0114609 0.288104 0.00860883 -0.0122916 0.266634 0.00390022 -0.0178384
0.266688 0.00138452 -0.0176946 0.3063 0.00666859 -0.00524579 0.285468 0.0111556 -0.00474824 0.280728
0.00584006 -0.0105111 0.305915 0.00676517 -0.007742 -0.0135583 -0.000870936 -0.00123827 -0.0115854 -0.018102
-0.010109 -0.0382452 0.0143342 0.0128201 -0.0566712 0.0115886 0.0224118 -0.0286851 0.0171762 0.041484
-0.0139911 -0.0426805 -0.0713807 -0.0299238 -0.0591239 -0.065966 -0.0430072 -0.0480532 -0.0486281 -0.0210012
-0.0362379 -0.043605 -0.0341348 -0.0327991 -0.0307665 -0.0119422 -0.0307739 -0.0259055 -0.00685127 -0.013605
0.00291439 0.0901967 -0.0110755 0.0127148 0.124391 -0.0261532 -0.0044914 0.276614 -0.0202117 -2.76039e-05
0.291761 -0.0286064 0.00143677 0.217279 -0.0310894 0.00748063 0.111204 -0.0211605 -0.0175174 0.201165
0.0185622 -0.00606861 0.2068 -0.0122831 -0.00269556 0.12052 -0.0272752 -0.0109844 0.12405 -0.0252244
-0.00076134 0.0964063 -0.0215968 -0.0103209 0.275479 -0.0121429 -0.00272567 0.282636 -0.0207221 -0.00133438
0.340989 -0.00558881 -0.00177409 0.310201 0.00319952 -0.00422209 0.304846 -0.00118455 -0.00232194 0.309293
-0.00453375 -0.000549747 0.334903 -0.00371093 -0.000623653 0.34792 -0.00517896 -0.00144954 0.325465 0.00616417
-0.00410757 0.316907 0.00628119 -0.00558714 0.315594 0.00560741 -0.00556492 0.346066 -0.00543602 -0.00238153
0.31567 -0.0109388 -0.00138094 0.148217 -0.0142076 -0.00826094 0.139221 0.013032 0.013675 0.233723
0.0290916 0.0132072 0.327762 0.00203647 -0.00107863 0.341763 -0.00791204 -6.44201e-05 0.331939 -0.00965327
0.000349725 0.329373 -0.00411175 -0.000400076 0.333663 -0.00332253 -0.00173212 0.324973 -0.00960252 -0.00479499
0.348387 -0.00706754 -0.00381406 0.328988 0.00154644 -0.00711335 0.324692 0.00031955 -0.00700569 0.326157
-0.00108373 -0.0065869 0.341631 -0.00600915 -0.00286726 0.353005 -0.00824336 -0.00481878 0.336423 0.00352603
-0.00560257 0.333388 0.00245289 -0.00632145 0.334002 0.00197539 -0.00686711 0.352032 -0.0071005 -0.00454999
0.0224949 0.0128624 0.00448595 0.0122773 0.013417 0.0442867 0.134335 0.0439557 0.0363244 0.122998
-0.0312965 -0.0277889 0.0670004 -0.021435 -0.046994 0.0754214 -0.010156 -0.0189581 0.20511 0.0113747
0.00983052 0.206047 -0.000785076 -0.00268973 0.0355546 0.00656861 -0.0100106 0.0289907 0.0117898 0.0191339
-0.0409151 0.00789888 0.0246805 -0.0252313 -0.0038605 -0.00665454 0.0903827 -0.0195212 -0.00216535 0.0531459
-0.00510042 0.0220105 -0.0243265 0.00475326 0.0235521 -0.0257494 -0.0371054 -0.0669036 0.0108559 -0.048016
-0.0486092 0.00618764 -0.0315699 -0.0323939 -0.0351746 -0.0275697 -0.046618 -0.0231637 -0.00775509 0.0112818
-0.0153161 -0.00940464 -0.0165502 0.0803839 -0.0175745 -0.00888948 0.0860819 -0.0213739 0.0057914 0.242085
0.0196486 -0.00336411 0.240727 0.00696042 -0.00120805 0.330638 -0.00594179 -0.000994421 0.324808 -0.00226175
-0.000416711 0.239878 0.0327799 -0.00688269 0.256555 -0.00572492 -0.000671883 0.272052 -0.0161311 -0.000292664
0.336492 -0.00507894 -0.00226551 0.335078 -0.00610391 -0.00183384 0.246575 -0.00351351 -0.000736237 0.32741
-0.000456902 -0.00160056 0.312484 -0.00399047 -0.00285056 0.305122 -0.00234924 -0.00368037 0.320584 -0.000131941
-0.00368478 0.333478 -0.0042735 -0.00220089 0.264268 -0.0254267 0.000223151 0.213144 -0.0185979 0.00078584
0.232631 -0.00357497 -0.000368024 0.229575 0.0213192 -0.00381076 0.249004 0.0350441 -0.00611473 0.331919
-0.00209203 -0.00159639 0.242367 0.0040226 -0.000345092 0.252047 -0.0019522 -0.000371521 0.344362 -0.00601035
-0.00233011 0.339132 -0.00514334 -0.00185827 0.251422 0.00931093 -0.00107092 0.278375 -0.0201894 -0.000866812
0.27763 -0.0266667 0.000119197 0.346033 -0.0046838 -0.0026818 0.346747 -0.00524894 -0.00258249 0.27254
-0.00650349 -0.000762249 0.322528 -0.00156387 -0.00179958 0.307002 0.00252098 -0.00416712 0.304719 -0.00014515
-0.00383344 0.32067 -0.00192152 -0.00178723 0.327035 -0.000365931 -0.00246426 0.327502 -0.000472525 -0.00300954
0.312497 0.00265699 -0.0051007 0.309722 0.00378652 -0.00500115 0.224496 0.0104907 0.00043692 0.249017
0.0193457 -0.00149946 0.326488 -0.00283089 -0.00334365 0.311503 -0.00138607 -0.00521091 0.24614 -0.0239354
-0.0162932 0.208177 -0.0196669 -0.0121927 0.21388 0.00393611 -0.00263743 0.333937 -0.00102178 -0.00318906
0.333274 -0.00107369 -0.00336318 0.316698 0.00470903 -0.005803 0.316215 0.0041515 -0.00566244 0.254387
0.0204465 0.000714534 0.258628 0.0142959 -0.00349685 0.265119 0.00416224 -0.0066719 0.319306 0.00311404
-0.00517235 0.336025 2.5259e-05 -0.00351264 0.334006 0.000258167 -0.00283564 0.330341 -0.000574506 -0.00215942
0.331385 -0.0033955 -0.0020175 0.220248 0.00335485 -0.00138567 0.225342 0.01016 0.00460352 0.0635001
0.0191436 0.000600037 -0.0262114 0.00216225 -0.00361979 -0.0380226 -0.000876807 0.0321902 -0.0320175 -0.00390898
0.0325725 0.0288568 0.00371722 0.0315939 0.0672338 0.0112791 -0.0531227 0.00119957 0.0320557 -0.0728569
-0.00775046 0.0198465 -0.0488793 0.0707972 0.0192217 -0.0269672 0.0450131 0.00840291 -0.0176243 -0.0125301
0.00292814 -0.0325326 -0.0304095 0.00126427 -0.0373192 -0.022182 2.04828e-05 0.0103961 0.0586881 0.0156274
0.0103321 0.0247878 -0.00668388 0.03623 0.0573251 -0.0173324 0.0029709 0.213842 -0.0111552 0.00403451
0.239787 -0.0210313 0.000386677 0.145988 -0.0279301 0.0185932 0.0658742 -0.00722536 -0.0583709 0.147918
0.0229889 -0.0308258 0.145872 -0.00812242 -0.0109896 0.0680589 -0.0144236 -0.0302118 0.0563327 -0.0159255
0.0116487 0.0429347 -0.00677426 -0.0183614 0.214467 -0.00392605 -0.00243227 0.219012 -0.0110752 0.00537234
0.313608 -0.00166076 0.00131251 0.317235 -0.0026321 0.000998694 0.326501 0.00437843 0.00106059 0.321155
0.0014162 0.00192751 0.312723 -0.000890763 0.00176906 0.317278 -0.00274846 -0.00111729 0.32023 -0.00306891
-0.00127097 0.330811 0.00337454 -0.000378112 0.330116 0.00432122 1.76635e-05 0.317233 -0.00301525 -0.000349717
0.320281 6.59638e-05 0.000205053 0.228555 0.00332642 0.000877218 0.208924 0.0186788 0.00201597 0.260225
0.0249047 0.00153891 0.327267 0.00302235 -0.00018588 0.309638 -0.00127538 -0.00146954 0.293342 0.00174677
-0.00062449 0.302454 0.00283578 -0.0005944 0.318773 0.000215577 -0.00239166 0.32474 0.00138075 -3.34791e-05
0.324489 -0.00178263 -0.00319607 0.325981 -0.00242324 -0.00345474 0.336803 0.00471496 -0.00184369 0.331694
0.00406962 -0.000743781 0.325543 -0.00175759 -0.00276211 0.325639 -0.00178216 -0.00331283 0.339754 0.00368786
-0.00309486 0.339536 0.00390223 -0.00271351 0.327975 -0.00266827 -0.00384868 0.239621 0.0150545 0.00108344
0.338389 0.00299039 -0.00292196 0.318805 -0.000637773 -0.00222445 0.310076 0.00363814 -0.00192037 0.341441
0.000633929 -0.00268957 0.197563 0.00911449 -0.0020516 0.240783 -0.0202635 -0.00222135 0 0
0 0 0 0 0.238456 -0.0332015 -0.00569742 0.243809 0.00260522 0.000365766
0.253168 0.00476748 0.000435157 0 0 0 0 0 0 0.0883832
0.0192446 -0.00110521 0.0513608 0.00517049 0.0226059 0.178411 0.0270586 0.0121064 0.225478 -0.0214953
-0.00276635 0.169311 -0.0240285 -0.0101217 0.172487 0.00609123 -0.00240648 0.246641 -0.00992059 -0.000373199
0.237224 -0.00478444 0.000119346 0 0 0 0 0 0 0.272819
0.0188421 -0.00173772 0 0 0 0 0 0 0.266723 0.00534387
-0.00129331 0.0799055 0.0184741 -0.00945738 0.0845841 0.0209108 0.0047859 -0.0406586 -0.00784185 0.0247501
-0.0251366 0.00290017 -0.00603087 0.0236457 -0.013621 0.00446675 0.0131923 -0.0130223 0.0431371 -0.0453261
-0.00049581 0.032985 -0.0253065 0.0364964 -0.0656227 -0.0256597 0.0127257 -0.0752639 -0.0411343 0.0159414
-0.0527677 -0.0349035 0.026283 -0.0455833 -0.0231745 0.00791427 0.010241 -0.0148838 0.00986964 -0.016773
0.0338528 -0.00609637 -0.00987367 0.0271795 -0.0111501 0.0188954 0.295084 0.00423216 -0.0024296 0.292534
0.00800429 2.40508e-05 0 0 0 0 0 0 0 0
0 0 0 0 0.299656 -0.00508165 -0.00599691 0.295647 -0.00334263 -0.00627742
0.316554 0.0103359 -0.00145905 0.330093 0.00307208 -0.000690795 0.33238 0.00846216 1.91453e-05 0.34197
0.00680601 -0.000294538 0.327877 -0.00279324 -0.000958588 0.234173 -0.0292664 0.0128904 0.140411 -0.0134009
0.0134977 0.149114 0.0139383 -0.0080352 0.123696 0.0312167 -0.0270208 0 0 0
0.316609 0.0158039 -0.00559203 0.325879 0.00930724 -0.00478264 0 0 0 0
0 0 0.314562 0.00215385 -0.0076393 0.316684 0.00518359 -0.00750412 0 0
0 0 0 0 0.320795 -0.00715058 -0.00337533 0.31857 -0.00146973 -0.00519188
0.350089 0.0107377 -0.00384325 0.337906 0.00958687 -0.00255286 0.203851 0.000754006 -0.00201279 0.260791
-0.00924109 0.00195325 0.261785 -0.0220595 0.000467336 0.259931 -0.0332708 -0.00260951 0.334803 0.00263834
-0.000635543 0.340968 0.00469436 -0.00183927 0.346101 0.00457094 -0.00244696 0.34799 0.00420172 -0.00155998
0.289442 0.0168682 0.00188312 0.27257 0.00435 0.0022222 0.264664 0.00176006 0.00222617 0.276139
0.0188454 -0.000363463 0.290547 0.0273768 0.000960751 0.26494 -0.0353226 -0.00350932 0.247326 -0.0179692
-0.00303303 0.25817 0.00813241 -0.00110687 0.334699 0.00252991 -0.0020796 0.343141 0.00544497 -0.00317295
0.350194 0.0065319 -0.0034809 0.266045 -0.000453526 0.00253663 0.257998 -0.0071492 0.00246051 0.267789
-0.0120948 0.00149211 0.294485 0.0291994 0.000516196 0.291633 0.0213747 0.00121015 0.285478 0.00633632
0.00192467 0.353451 0.00647871 -0.00323949 0.353517 0.00761782 -0.00315661 0.351863 0.0089545 -0.00353454
0.35379 0.00748998 -0.00411466 0.274591 0.0116448 -0.00274187 0.281678 0.0198872 -0.00105955 0.122654
0.0247532 -0.00477632 -0.0124615 0.0168514 -0.01045 -0.038019 -0.0138116 0.0135204 -0.00663494 -0.0107933
0.0138769 0.0876512 0.00987528 0.0133405 0.110245 0.0198017 -0.0195295 0.0253203 0.0633187 -0.0368577
0.0228278 0.0424462 -0.0260395 0.119142 0.0256789 -0.0120674 0.0949181 0.0205182 -0.010849 0.0287663
0.0235757 -0.0186105 -0.00913962 0.0295291 -0.0245832 -0.00727409 0.0123612 0.00233318 0.122631 0.0248707
-0.00139913 -0.0281074 -0.0164263 0.0420299 -0.0125729 -3.49617e-05 -0.0010517 0.136553 -0.00988915 0.00861794
0.121668 -0.0311437 0.0328315 0.0291713 -0.0345211 0.053646 -0.0126092 0.0399982 -0.0719224 0.0219977
0.0423466 -0.0598131 0.0185136 0.0301469 -0.0317153 -0.0190244 0.0332468 -0.0438961 -0.00828897 -0.00561451
0.0135682 -0.015725 0.0214588 -0.0251775 0.147466 0.00721737 -0.00501472 0.14844 -0.0110405 0.0121423
0.264946 -0.00170415 -0.00702208 0.271646 -0.00689058 -0.00759702 0.326516 0.000876473 0.000373845 0.323095
0.00208137 0.00197338 0.26727 0.00480009 -0.00478135 0.282732 -0.00626209 -0.00717752 0.291907 -0.00644827
-0.00482923 0.330985 0.00186566 -0.000722639 0.329546 0.000807042 -0.00102954 0.280286 -0.00707354 -0.0076489
0.328093 0.00647835 0.00187757 0.304332 0.00419072 0.00272391 0.297085 0.015906 0.00364095 0.310701
0.0130856 0.00362296 0.329904 0.00377069 0.000247108 0.283144 -0.00686464 0.00136018 0.263552 -0.00428201
0.00666838 0.277691 0.00961048 0.00184709 0.288266 0.00561603 -0.00586484 0.333835 0.00406985 0.000935667
0.289017 -0.0091691 -0.0108203 0.29759 -0.00897767 -0.00985386 0.345375 2.81342e-05 -0.00223741 0.341659
0.00106647 -0.00115016 0.290066 -0.0071346 -0.0100009 0.308299 -0.00801587 -0.00417253 0.312054 -0.00730769
-0.0014072 0.34825 0.00273241 -0.000405208 0.347071 0.000665198 -0.0017179 0.307719 -0.00780079 -0.00659916
0.324594 0.0116435 0.00326751 0.348217 0.00505726 0.000462366 0.299048 -0.0025676 0.00315464 0.28517
0.00596418 0.0035176 0.357339 0.00484107 -0.000146268 0.312588 0.00963804 0.00245468 0.311905 0.00193112
0.00408577 0.313157 0.00260269 0.0034662 0.299419 0.00205698 0.00676077 0.296448 0.000445997 0.00781551
0.166278 0.0229666 0.00522997 0.121424 0.0218289 0.0148082 0.314609 -0.00259698 0.00316142 0.299557
-0.0056722 0.00497436 0 0 0 0.0969062 -0.0113021 -0.0170633 0.127659 0.00685668
-0.00177718 0.320109 0.0014216 0.0040443 0.320272 0.00209178 0.00411223 0.307281 -0.000303944 0.00713139
0.306817 -0.00135676 0.0068732 0.333138 0.00472132 0.003454 0.318931 0.0076703 0.00653401 0.315063
0.0025021 0.00691846 0.33193 0.00367521 0.00344477 0.173618 0.0151487 -0.00205636 0.169567 0.0136537
0.00439846 -0.00263166 0.0254872 0.00101198 -0.0221332 0.0114927 0.00183506 -0.035804 -0.00232399 0.0365626
-0.0483064 -0.00220101 0.021944 -0.0261509 -0.00936723 0.016556 -0.0024874 0.0316168 -0.0600156 -0.0195853
0.0189185 -0.0755859 -0.0326011 0.0277789 -0.0460537 -0.00605999 0.031714 -0.0286718 -0.00925469 0.0220638
-0.0141497 -0.0356733 0.018919 -0.0209416 -0.02448 0.00919198 -0.0187155 -0.0205753 -0.00634172 0.0169081
-0.00972439 0.00555732 0.00769394 0 0 0 0 0 0 0.265674
-0.00542077 -0.00213283 0.261512 -0.00438548 -0.00362952 0.126661 -0.0156016 0.025561 0.117243 -0.00611263
0.00696723 0.28445 -0.00862068 0.00733973 0.286695 -0.0112306 0.00635954 0.265863 -0.015839 0.00592391
0.282113 0.000943684 0.00355457 0.100978 0.0099863 -0.0164313 0.0812666 0.0232608 -0.0407009 0
0 0 0.269398 0.00487099 -0.00262259 0.28573 0.0030391 -0.000193381 0 0
0 0 0 0 0.274609 -0.00207337 -0.00476877 0.274863 -0.00065565 -0.00446524
0 0 0 0 0 0 0.290469 -0.00969791 -0.000686088 0.285313
-0.00452984 -0.00319017 0.144702 -0.0116269 0.0139764 0.116448 -0.00401758 0.00153982 0.309399 0.00143577
0.00384509 0.306445 -0.00474819 0.00244998 0.262178 0.00660611 0.000374763 0.248093 -0.000961089 -0.00214327
0 0 0 0 0 0 0.244668 -0.00474922 0.000461772 0
0 0 0 0 0 0.245843 0.00385507 -0.00475988 0.247555 0.00466411
-0.00462191 0.27292 0.0108601 0.00443334 0.252067 0.00580037 -0.00318654 0 0 0
0.138348 0.0158606 0.0336388 0.256147 0.0144805 0.0038497 0.252242 0.0167189 0.0060816 0.268672
-0.000795239 -0.000708524 0.254313 -0.00676399 -0.00205047 0 0 0 0 0
0 0 0 0 0.258901 -0.00343696 -0.00385847 0.259955 0.000217842 -0.00557577
0.271714 0.0042491 -0.00394253 0.276593 0.00923289 -0.000726905 0 0 0 0
0 0 0.183687 0.0161278 0.0315952 0.276384 0.0130821 0.0019096 0.289268 0.00351475
0.00943791 0.284906 0.00607549 0.00802793 0.303351 -0.00243564 0.00637859 0.290588 -0.000160167 0.010277
0.291997 -0.00115275 0.00963243 0.0185143 0.0226611 0.0259781 -0.0230615 0.0377146 0.0288732 0.295216
-0.00280603 0.00835629 0.297624 -0.00671042 0.00746947 0 0 0 0.0978544 -0.00627101
0.0217425 0.126109 -0.00860794 -0.000925773 0.0948134 0.0101655 -0.0142645 0 0 0
0.294956 0.00477015 0.00561124 0.309312 0.000131175 0.00493294 0.299977 0.0028023 0.0068793 0.302603
0.000703459 0.00799469 0.211084 -0.00994265 0.0188375 0.0454458 0.0314218 0.0302539 -0.0264517 0.0428365
0.0332806 0.311997 -0.00336419 0.00878365 0.315865 -0.00888121 0.00847974 0.315334 -0.0136265 0.00834875
0.246515 0.00371722 -0.0158333 0.269792 0.00771931 -0.00996047 0.116385 0.0292426 0.0515151 0
0 0 0.262331 0.00781041 -0.00936062 0.290203 0.00593531 -0.00640051 -0.0316114 0.000955274
0.0643064 0.0356256 0.0162111 0.0730631 0.0287099 0.0353133 0.0527865 0.267087 -0.00495607 -0.0153973
0.28207 0.000380794 -0.0106357 0.0159205 -0.0329359 -0.0321346 0.0204428 -0.0447039 -0.060255 0.200408
0.021381 0.0304665 0.284249 0.0143095 -0.00071837 0.309796 0.00564986 -0.00232278 -0.0349922 -0.00688368
0.062269 0.0574617 -0.000614061 0.0703511 0.26032 0.0322772 -0.00175803 0.262204 0.0213449 0.00134901
0.261392 0.00866046 0.00278782 0.254076 0.00388624 0.00326471 0.265745 -0.00234879 0.00299354 0.214828
-0.0240874 0.0103342 0.0736127 0.0208428 0.0235768 0.273953 -0.00502691 0.00293569 0.290871 -0.0177665
0.00250805 0.291066 -0.0295395 0.00224616 0.258736 -0.00953923 -0.000570044 0.247731 0.0165428 -0.00218761
0.264855 0.0340673 -0.00239609 0.267208 0.0249466 0.000870984 0.26762 0.0113899 0.00273363 0.295615
-0.0304861 0.000114153 0.228002 -0.0299208 0.00814933 0.0912094 0.0259878 0.0217463 0.286244 -0.00732271
0.00212574 0.292909 -0.0226687 0.00108567 0.35206 -0.00943344 -0.00468722 0.132882 0.0209502 0.0400746
0.248463 0.0205026 0.0102664 -0.0374451 0.0162755 0.0434566 -0.0426183 -0.0109767 0.0515994 -0.0460491
0.000628915 0.0333829 -0.0418807 -0.0173858 -0.0535122 -0.025981 -0.0134177 -0.0765692 -0.0332798 -0.0391992
0.0619778 0.0865741 -0.0226455 0.0522432 0.245886 0.0166655 0.0161952 -0.0371626 0.018453 0.0491692
-0.0486047 -5.37639e-05 0.0563392 0 0 0 0 0 0 0.234146
0.00205684 -0.000674956 0 0 0 0 0 0 -0.022947 0.0296193
0.0398975 0 0 0 0.269619 -0.0263468 5.7066e-05 0.185333 -0.0223012 0.01456
0.181739 -0.0272269 0.0111693 0.175723 -0.00627053 -0.00345879 0.172412 0.0239067 -0.0109174 0.250747
0.0231085 -0.00306415 0 0 0 0 0 0 0.0689302 0.0226748
0.0333211 -0.0227238 0.0499399 0.0469448 0 0 0 0 0 0
0.256211 -0.014651 0.00100507 0.200966 -0.029084 0.0115417 0.308749 0.00426489 -0.00477335 0.325402
-0.000978384 -0.00207072 0.252687 0.0194631 -0.00336139 0.265789 0.00801165 -0.00584352 0.31453 0.001359
-0.00508948 0.329994 0.0001974 -0.00315867 0.023022 -0.0163387 0.0504167 0.159725 0.0187743 0.020602
0.151933 0.0253768 0.015965 0.31413 0.00154932 -0.0055049 0.329244 -0.00232097 -0.00338362 0.147998
0.00849822 -0.00934634 0.149132 -0.0225995 -0.0268092 0.0422621 -0.0128575 0.0578911 0.169696 0.0293926
0.0252579 0.297697 -0.00601601 -0.00186133 0.295462 -0.00318942 -0.000804587 0.315459 -0.00248732 0.000299584
0.298682 -0.00777236 -0.00341312 0.299364 -0.00711272 -0.00386077 0.153263 -0.0204868 0.0225908 0.0176343
0.01325 0.0552132 0.30183 -0.00573022 -0.00403109 0.303563 -0.00413779 -0.00390818 0.257372 -0.00999555
-0.00634077 0.244494 -0.0210454 -0.00307847 0.208884 -0.00520109 -0.00244054 0.204661 0.018266 -0.0144127
0.241146 0.0220218 -0.0193144 0.303146 -0.00166394 -0.00533762 0.320982 -0.000585442 -0.00289603 0.305853
-0.00457479 -0.00606607 0.307934 -0.00705186 -0.00655307 0.249622 -0.0215744 2.67491e-05 0.166645 -0.0304393
0.0260153 0.0404347 0.0103852 0.0602183 0.311242 -0.00559407 -0.00623552 0.260582 -0.00582021 -0.00911323
0.254678 -0.0155648 -0.00541908 0 0 0 0.232132 -0.00288035 0.000379568 0.182002
0.0219915 0.0154464 0.265589 0.0256501 0.0013089 -0.0371501 -0.0155771 0.043138 -0.0232283 -0.0287653
0.0397548 -0.0248992 -0.00448144 0.0238618 0 0 0 0.246297 -0.0235435 -0.00221676
0.00588119 0.0305289 -0.0310366 0.0109478 0.0471985 -0.0473757 0.0674464 -0.0220813 0.032961 0.196553
0.0281284 0.0109577 0.27271 0.0253006 -0.000567504 -0.0366826 -0.018307 0.0477808 -0.0220649 -0.0490511
0.0461164 -0.0420928 0.0115518 0.0508776 0.248651 -0.0207415 0.0100346 0.133367 -0.0207481 0.0387727
0.13523 -0.0437709 0.0350886 0.07659 0.00973248 -0.0183594 0.0677305 0.0212219 -0.0456562 -0.0329948
0.0391826 0.0606885 -0.048183 0.000157459 0.0545309 0.202855 -0.0106831 0.0108791 0.244529 -0.0155778
0.0179366 0.0856666 0.023252 0.0524062 0.253193 -0.00439959 0.00243119 0.289524 0.0284655 0.00165746
0.0718582 -0.0212216 0.0243383 0.212919 0.0230651 0.0101826 0.215357 0.0298711 0.00731671 0.267403
-0.0258887 -0.000393808 0.205657 0.0107628 -0.00332556 0.200402 -0.0201202 -0.00715039 0.0896556 -0.026117
0.0229803 0.225775 0.0287776 0.00857561 0.247167 0.00365466 -0.0119357 0.244002 0.00982002 -0.00900472
0.271241 -0.00799854 -0.0082741 0.247234 -0.00392077 -0.0137026 0.251578 -0.00456494 -0.012887 0.0357673
-0.0153323 0.0737352 -0.0311842 0.000112033 0.0647899 0.258132 -0.00539253 -0.0106763 0.262795 -0.00820152
-0.00736657 0 0 0 0.11622 -0.0287291 0.0527022 0.104062 0.0214101 -0.0147178
0.0794966 0.0419234 -0.0389641 0 0 0 0.26305 0.0101067 -0.010522 0.282864
-0.00115577 -0.00915379 0.267104 0.00418915 -0.0136483 0.266756 -0.00191076 -0.0158769 0.202 -0.0225284
0.0313704 0.0590041 0.000913966 0.0710813 -0.0349575 0.00771226 0.0634776 0.281461 -0.00663425 -0.00902541
0.286585 -0.0123356 -0.00339385 0.28548 -0.0158063 0.000553759 0.295214 -0.000526004 0.00834489 0.307803
0.00151025 0.00494046 0.0957739 0.00557592 0.0231856 0 0 0 0.301632 0.00573228
0.00607614 0.317539 0.00480098 0.00340685 -0.0241534 -0.0361093 0.0310086 0.0161278 -0.0223784 0.0282227
0.0154578 0.00517676 0.018193 0.304479 -0.00358546 0.00602251 0.313802 -0.000961042 0.00422158 0.0334556
0.0185862 -0.0115852 0.0300527 0.0097568 -0.0361589 0.212851 0.0089096 0.0186712 0.318355 0.0121319
0.00639761 0.335086 0.00643346 0.00356688 -0.0264289 -0.0422944 0.0356732 0.0460047 -0.031562 0.032887
0 0 0 0.259952 -0.00363121 -0.00393268 0.315272 0 0.00680677 0.310525
0 0.00989671 0.276288 0.00319863 0.00457525 0.273429 -0.00174829 0.00177421 0.277667 -0.00485493
0.000916161 0.31495 0 0.00524739 0.276282 -0.00618149 -6.54788e-05 0.281539 -0.00609056 0.000446746
0.26944 -0.0134549 0.00420669 0.147988 -0.0143144 0.0346495 0.313237 0 0.00662245 0.283189
-0.00666125 0.00107459 0.287847 -0.00721705 0.003329 0.308246 0 0.00854578 0.286485 -0.0100526
0.00451877 0 0 0 0.273786 0.00227769 -0.00356614 0.310387 0 0.00186148
0.304001 0 0.00541563 0.318089 0 -0.000586662 0.283864 5.58901e-05 -0.00129348 0.289391
-0.00281802 -0.00165326 0.309945 -0.00671389 -0.000752575 0.290636 -0.0136072 0.00145815 0.195988 -0.0156187
0.0301718 0.330697 0 -0.00264788 0.326736 0 -0.00350312 0.303793 -0.0049021 -0.00252817
0.306048 -0.00597466 -0.00198189 0.333396 0 -0.000586695 0.282291 0.00452798 -0.00278311 0.259985
0.00192328 -0.00620931 0 0 0 0 0 0 0.266025 0.00334253
-0.00557485 0.00135655 0.00985316 0.0649969 -0.0366023 0.0184978 0.0367361 -0.0473496 0.005036 0.0211125
-0.0220498 -0.0273586 -0.0421539 -0.0324134 -0.0368704 -0.042784 -0.0201309 -0.0297016 -0.073456 -0.0318068
-0.00612826 0.0537766 0.0363707 -0.00627611 0.065703 -0.0387957 0.0197256 0.0432632 0 0
0 0 0 0 0.303424 -0.000287839 0.00844604 0.322759 -0.00391103 0.00524926
0.307854 -0.00191676 0.00893629 0 0 0 0 0 0 0
0 0 0.270024 0.00661001 -0.00919724 0.296327 0.00832295 -0.0111989 0.29771 0.00811951
-0.010269 0.245393 0.00170779 -0.0157016 0 0 0 0 0 0
0 0 0 0 0 0 0 0 0 0.274291
0.00516396 -0.0144289 -0.047492 0.0177564 0.0408777 -0.0146323 0.0472625 0.0277434 -0.00505606 0.0106422
0.0128812 -0.0221741 -0.0481599 -0.0370737 0.0240216 -0.0443882 -0.0243505 0.0260975 -0.0650419 -0.0339722
-0.0328942 0.0399951 0.0360769 -0.0478581 0.0283053 0.0491381 -0.0151398 0.0644399 0.0317391 0.0271421
-0.0247312 -0.019515 0 0 0 0 0 0 0 0
0 0 0 0 0 0 0 0 0 0
0.258023 0.00652061 0.00370421 0.266182 -0.000222932 0.00351159 0.267524 -0.00301647 0.00365413 0.0763746
-0.0234666 -0.0182846 0.100411 -0.0200701 -0.0261055 0.198187 0.0362955 -0.0103843 0.262179 0.0228646
-0.00561695 0.354141 -0.00776842 -0.00458907 0.361422 -0.00689943 -0.00488237 0.308896 0.00450936 -0.00525617
0 0 0 0 0 0 0.293106 -0.00825416 -0.000489581 0.295636
-0.00450945 -0.00303115 0 0 0 0 0 0 0.294313 0.00154414
-0.00654088 0.296169 0.00296521 -0.00691583 0 0 0 0.300103 0.00461677 -0.00658356
0 0 0 0.305594 0.00542682 -0.00553548 0.322478 -0.00699328 -0.00594382 0.315749
-0.0159702 -0.00573007 0 0 0 0 0 0 0 0
0 0.317329 -0.0110074 -0.00678198 0.315378 -0.0052868 -0.00787373 0.328993 0.00133895 -0.00721261
0 0 0 0.313016 -0.00223532 -0.00826258 0 0 0 0
0 0 0.314268 0.000426914 -0.00807014 0.31775 0.00167947 -0.00724127 0.333396 -0.000663093
-0.00402512 0 0 0 0.320661 0.00774065 -0.00567888 0.321169 0.011513 -0.0045485
0.0154482 -0.00414678 -0.0369465 0 0 0 0.0185914 0.000805284 -0.0682739 0
0 0 0 0 0 0 0 0 0.179177 -0.0522157
-0.0311939 0.0817542 -0.0866205 -0.055409 0.0440418 -0.0280011 -0.0644235 -0.0047837 -0.00717898 -0.0778996
-0.0134802 -0.0383719 -0.0747434 0.0934753 -0.0206959 -0.0150946 0 0 0 0
0 0 0.0854973 -0.0145693 -0.0284113 0 0 0 0 0
0 0.25421 -0.00446319 -0.000255391 0 0 0 0 0 0
0 0 0 0 0 0 0.0150675 -0.0526984 -0.0628111 0.0839128
-0.00961024 -0.0401609 0.24825 -0.00483507 -0.00172342 0.164266 0.046036 -0.0203702 0.237932 0.0303157
-0.00975835 0.326476 -0.000707488 -0.00170272 0.334586 -0.000504081 -0.0034543 0.333493 -0.000683914 -0.0036736
0.34255 -0.00374385 -0.00270461 0.30844 0.00430637 -0.00446257 0.252491 -0.00544559 -0.0119268 0.239719
-0.0208214 -0.0156845 0.24908 0.00153401 -0.0103971 0.264881 0.00454501 -0.00793037 0.255437 0.00539604
-0.00893808 0.317824 0.00440516 -0.00559439 0.341007 -0.00651655 -0.00282144 0.325519 -0.0100651 -0.00362317
0.247539 -0.0247151 -0.0159017 0.0359759 0.00857203 -0.0347709 0.144739 -0.0438005 -0.040199 0.0596359
0.00592818 -0.0625226 -0.0277618 -0.019263 0.0526253 -0.0318736 0.0140891 0.0562472 -0.0357553 0.00159681
0.0367619 -0.0372973 0.00594673 -0.0576358 -0.0117188 -0.00978007 -0.0528612 -0.00172782 -0.0224983 -0.0771814
-0.0364965 -0.00141774 0.0654339 -0.0302251 -0.0281223 0.0663218 -0.030704 0.0247964 0.067992 -0.01424
-0.000383902 -0.0330009 0.245013 0.00299494 -0.0135566 0.232995 0.0190404 -0.0167824 0 0
0 0 0 0 0.241432 -0.00412125 -0.012434 0 0 0
0.256698 -0.00694882 -0.00918224 0.247746 -0.00789707 -0.0107224 0 0 0 0
0 0 0 0 0 0 0 0 0 0
0 0.308423 -0.00754933 -0.00684527 0.324962 -0.00227395 -0.00397005 0.309711 -0.00702509 -0.00670567
0 0 0 0 0 0 0 0 0 0.034079
-0.00658366 -0.0365197 0.0588612 -0.00501257 -0.0656917 0.143975 0.0433496 -0.0448198 0.239196 -0.00767248
-0.000111198 0.268237 0.0152287 0.000943622 0.244655 -0.0353068 -0.00522008 0.246354 0.00102881 -0.000219359
0.248298 0.00342066 -0.000454748 0 0 0 0 0 0 0.0917273
0.0201462 -0.0139494 0 0 0 0 0 0 0.0166321 0.00306244
-0.0361739 0 0 0 0 0 0 0.0191366 -0.0014956 -0.0667443
0 0 0 0 0 0 0 0 0 0
0 0 0 0 0 0.293747 -0.00187203 -0.00587624 0.308783 0.0040265
-6.92455e-05 0.304329 0.000761052 -0.00175306 0.309725 -0.00370774 -0.00363664 0.308444 -0.00501021 -0.00467607
0.315239 -0.00620306 -0.00504434 0.325263 -0.00691002 -0.00375266 0.305233 -0.00596777 -0.00504026 0
0 0 0.316615 -0.00692741 -0.00510904 0 0 0 0.318357 0.0108703
-0.00655979 0.323553 0.006802 -0.0058666 0.327531 0.000900213 -0.00642661 0 0 0
0.315662 -0.000387361 -0.00648277 0.326317 -0.000444754 -0.00662689 0.330722 -0.00164986 -0.00630161 0.330593
-0.00131618 -0.00584764 0.335158 -0.00182777 -0.00498954 0.336441 -0.00303076 -0.00332079 0.320855 -0.0106944
-0.00221469 0.332366 0.000899883 -0.00244877 0.333937 -0.00198853 -0.00405841 0.267008 0.00224902 0.0029356
0.361216 0.00686807 -0.00474794 0.07506 0.0231396 -0.0176262 -0.0151201 -0.0463947 0.0288788 -0.0471494
-0.0169326 0.0416868 -0.0561497 -0.0110955 0.0229309 -0.0225456 0.0457206 -0.0386414 -0.0422285 0.0452152
-0.0498556 -0.02914 0.0565301 -0.0677794 -0.033277 -0.0403016 0.0376731 -0.015458 -0.0643053 0.0334819
-0.048437 -0.0282094 0.0504499 0.0253071 0.028965 -0.0268314 -0.031496 0.030873 -0.0301182 -0.0317298
0.0368582 -0.044657 -0.0150489 0.036696 -0.0381479 0 0 0 0 0
0 0.266743 -0.00433866 -0.0160432 0.299048 -0.00889694 -0.00897095 0.274653 -0.00573183 -0.0128067
0 0 0 0 0 0 0 0 0 -0.0231534
0.0316987 -0.0435523 0.307786 0.000879213 0.00530248 0.30274 -0.00154451 0.00565368 0.301309 -0.00377002
0.005032 0.32523 0.00254157 0.00366259 0.326386 0.0030501 0.00381313 0.293837 -0.00405397 0.00768655
0.295276 -0.00167188 0.00843812 0 0 0 0 0 0 0
0 0 0 0 0 0.3111 0.00123532 0.00722658 0 0
0 0 0 0 -0.010981 0.0290394 -0.0264644 -0.0379321 -0.015007 0.0384957
0.00578312 -0.00609535 0.0667364 -0.0121064 -0.0123437 0.0471494 -0.0153336 0.0158232 -0.0436014 0.0153661
0.0129282 -0.0338036 0.0241328 0.0145174 -0.0630406 -0.0317902 0.00987824 0.0542529 -0.0394381 -0.0181128
0.0440703 0.0422836 0.00982196 0.0642927 -0.0301419 0.0246812 -0.0341779 0.0148276 0.00142592 -0.00919405
0.0969393 0.0018008 -0.0114137 0.0225336 0.00543708 -0.0247664 0.261563 0.000738675 -0.00162564 0
0 0 0 0 0 0.260993 -0.00239901 -0.00342758 0 0
0 0.2701 -0.00898635 0.00109986 0.301699 0 0.00846425 0 0 0
0.279722 -0.00348081 -0.00431379 0.322585 0 -0.00255431 0.288748 -0.00404844 -0.0021272 0.294566
-0.00428945 -0.00238969 0.29639 -0.0047935 -0.00261899 0.338812 0 0.000953312 0.349796 0
-6.34769e-05 0.247048 0.0025485 -0.00412732 0 0 0 0.256817 0.00972119 0.000338482
0 0 0 0 0 0 0 0 0 0.29061
0.00101414 0.010372 0 0 0 0 0 0 0 0
0 0 0 0 0 0 0 0 0 0
0 0 0 0 0 0 0 0 0 0
0 0 0 0 0 0 0 0 0 0
0 0 0 0 0 0 0 0 0 0
0 0 0 0 0 0 0 0 0 0
0 0 0 0 0 0 0 0 0 0
0 0 0 0 0 0 0 -0.0110986 -0.0151397 0.0633418
0 0 0 0 0 0 0 0 0 0
0 0 0 0 0 0 0 0 0 0
0 0.0463329 0.0189658 0.0351343 0 0 0 0 0 0
0 0 0 0.249956 0.00441309 -0.00965659 0 0 0 0
0 0 0 0 0 0 0 0 0 0
0 0 0 0 0 0 0 0 0 0
0.255706 -0.000151621 -0.0110654 0.25877 -0.00860841 -0.0128777 0 0 0 0
0 0 0 0 0 0 0 0 0 0
0 0 0 0 0 0 0 0 0 0
0.242406 -0.00698474 -0.0116726 0.298788 -0.00787231 -0.00276481 0 0 0 0
0 0 0 0 0 0.250179 -0.00194533 -0.0146216 0.253178 0.00652954
-0.0161793 0.0448011 -0.01859 0.0354201 0 0 0 0 0 0
0 0 0 0 0 0 0.0841651 0.0140991 -0.0275811 0
0 0 0 0 0 0 0 0 0 0
0 -0.0105355 0.015789 0.0616736 0 0 0 0 0 0
0 0 0 0 0 0 0 0 0 0
0 0 0 0 0 0 0 0 0 0
0 0 0 0 0 0 0 0 0 0
0 0 0 0 0 0 0 0 0 0
0 0 0 0 0 0.246338 -0.00196043 -0.0136256 0 0
0 0 0 0 0 0 0 0 0 0
0 0 0 0 0 0 0 0 0 0
0 0 0 0 0 0 0 0 0 0
0 0 0 0 0 0 0 0 0 0
0 0 0 0 0 0 0 0 0 0.348805
0.00649196 -0.00546796 -0.00716872 0.00938565 -0.0684324 0 0 0 -0.00704392 -0.0180209
-0.0707483 -0.0215686 -0.0201496 -0.0367691 0 0 0 -0.00905221 -0.0162945 -0.0772402
0 0 0 0 0 0 0 0 0 0.269636
0.00473588 -0.0167699 0 0 0 0 0 0 0 0
0 0 0 0 -0.0141744 -0.0682165 -0.0512075 0 0 0
0 0 0 0 0 0 0 0 0 0
0 0 0 0 0 0.351552 -0.0109733 -0.00455061 0.315824 -0.0179482
-0.00816656 0.33918 -0.00958833 -0.00339354 0.317097 0.00464092 -0.00582262 0.255376 0.00372326 -0.0100996
0.258767 0.00552487 -0.00927099 0 0 0 -0.0265927 0.00655219 -0.0841241 0
0 0 0 0 0 0 0 0 0.250179 -0.0058211
-0.0136019 0 0 0 0.253878 -0.00748621 -0.012509 0 0 0
0 0 0 0 0 0 0.294325 0.00017024 -0.00479227 0
0 0 0.31427 0.000565226 -0.00727129 0 0 0 0 0
0 -0.0141902 0.0657509 -0.0538594 0 0 0 0 0 0
0 0 0 0 0 0 0 0 0 0.308639
0.000401024 0.00723365 0 0 0 0 0 0 -0.00381849 0.00428435
-0.076986 0 0 0 0 0 0 0 0 0
0 0 0 0.276253 -0.00279966 -0.00473249 0 0 0 0.262145
0.00271794 -0.00620683 0 0 0 0 0 0 -0.0307254 0.00655818
0.052814 0 0 0 0 0 0 0 0 0
0 0 0 0 0 0 0.305121 -0.00100294 0.00873764 0
0 0 0 0 0 0 0 0 0 0
0 -0.036793 0.0340606 0.0297478 0 0 0 0 0 0
0 0 0 0 0 0 0 0 0 -0.0264434
-0.0587228 -0.0678573 -0.0132619 -0.0642247 -0.0554164 -0.01902 -0.037632 -0.038983 -0.0349019 -0.0390886
-0.0451316 0.0246033 -0.0606114 -0.0417364 0.0226484 -0.0292999 -0.0280135 0 0 0
0 0 0 0.294892 -0.000475301 -0.00545653 0 0 0 0.312651
-0.000607308 -0.00832362 0 0 0 0 0 0 0.263997 0.00625725
-0.00815552 0 0 0 0 0 0 0 0 0
0 0 0 -0.0331119 -0.00293453 0.0539594 0 0 0 0
0 0 0 0 0 0 0 0 -0.0108184 0.00435226
-0.0485856 -0.00111289 0.0249688 -0.0784055 -0.0275851 0.00177964 -0.0869221 -0.0361276 0.0014652 -0.057759
-0.0123203 -0.00168589 -0.0495272 -0.00225799 -0.0223579 -0.0796204 0 0 0 0.259203
-0.00802379 -0.0109815 0.308867 -0.00743116 -0.00693053 0 0 0 0 0
0 0 0 0 0 0 0 0 0 0
-0.0363533 -0.0330754 0.0307784 0 0 0 0 0 0 0
0 0 0 0 0 0 0 0 0.269819 -0.00518886
-0.0150437 0 0 0 0 0 0 0 0 0
0 0 0 -0.0300231 -0.00127689 0.0545895 0 0 0 0
0 0 0 0 0 0 0 0 -0.0220323 0.013328
-0.0364239 0.283862 3.78475e-36 0.0124067 0.287643 2.28218e-35 0.013732 0.258082 -0.00617549 0.0120408
0.256861 0.00182347 0.0137427 0.086555 -0.0145233 -0.0124538 0.00683142 -0.0211498 -0.0325308 -0.01736
-0.0255732 -0.0418822 -0.0237191 -0.00780104 0.00372147 0.113528 0.00778619 0.0131205 -0.0023712 -0.022527
-0.00213561 -0.000968836 -0.036071 -0.0279379 0.0348656 -0.0204437 -0.0139278 0.122545 -0.00679862 -0.00337351
0.28111 -0.00396223 0.00536762 0.245048 -0.00937278 0.00222432 0.0909237 -0.0234493 -0.0154407 -0.0231251
-0.0363715 -0.0431125 -0.0421023 -0.0469457 -0.0473783 -0.0208281 -0.0459922 -0.0364677 0.117799 -0.0268907
-0.01099 0.202562 -0.0111655 -0.00291559 0.254059 -0.00812749 -0.000656556 0.331465 -0.00468638 -0.000153945
0.313192 -0.0058971 0.00337299 0.13578 -0.00863379 -0.00296147 0.0486224 -0.0101014 -0.0176428 0.0027519
-0.00932176 -0.0375429 -0.0286578 -0.027072 -0.0482643 0.00799056 -0.0309116 -0.0359325 0.0909736 -0.0201688
-0.0178915 0.229524 -0.00300145 -0.000680061 0.319004 -0.000434298 -0.000366508 0.207511 0.00409924 -0.00364479
0.311114 -0.00248675 -0.00123704 0.0684291 0.0204699 -0.0273953 -0.00472928 0.0221845 -0.046952 -0.0347847
0.010508 -0.0557432 0.0619352 -0.0120503 -0.0297076 0.137112 -0.00766179 -0.010101 0.200158 -0.00501113
0.000118711 0.302113 0.00182978 0.00358576 0.315418 0.000633655 0.00221044 0.228013 0.00312528 0.000360681
0.169206 0.00547029 -0.00405624 0.0903255 0.0203164 -0.0165715 -0.0290717 0.0273476 -0.0467478 -0.0369548
0.0216528 -0.0536983 0.00252987 0.00921938 -0.03671 0.135784 0.00843424 -0.00247965 0.312643 0.00523461
0.00372883 0.253385 0.00694521 -0.00110861 0.331298 0.00344464 -9.62634e-05 0.116406 0.0258127 -0.0116802
0.0226403 0.0417777 -0.0255438 -0.0221675 0.0441692 -0.0379091 -0.0215264 0.0334401 -0.0430925 0.0130664
0.0303723 -0.0316481 0.0935873 0.0211667 -0.0140847 0.247554 0.00825741 0.0036177 0.286408 0.00257696
0.00469087 0.122419 0.00610557 -0.00346192 0.289422 -0.00647099 0.00653171 -0.00399032 0.0318067 -0.0303655
-0.0279535 0.0293802 -0.0466256 -0.0150721 0.0184696 -0.0432742 0.0949009 0.0102164 -0.0127993 0.273293
0.00536607 0.0105107 0 0 0 0.258099 0.00403025 0.00065913 0.0691045 -0.0296488
-0.0384825 0.0162015 -0.0263569 -0.0610225 0 0 0 -0.0272977 -0.0357499 -0.0434915
0.0028675 -0.0387183 -0.0562916 -0.0152839 -0.0335007 -0.0711248 0 0 0 0
0 0 0.0304353 -0.0115133 -0.0342368 0 0 0 0.0918174 0.012342
-0.0158059 0.068881 -0.043713 -0.039532 0.0102749 -0.0334428 -0.0325958 -0.0156787 -0.0435328 -0.067069
0.0156571 -0.0445554 -0.0588116 0 0 0 0 0 0 -0.0287693
-0.0595444 -0.0600224 0 0 0 0.0243766 -0.0430656 -0.0242463 0.108493 -0.0222306
-0.0157455 0.0277091 -0.0646258 -0.029963 0 0 0 0 0 0
0.196504 0.0178671 -0.00584021 0.243439 0.0170103 -0.00204862 0 0 0 0.0438015
-0.0235996 -0.0467194 0.0993695 -0.0269087 -0.0255353 -0.036261 -0.0214939 -0.0547914 -0.0188523 -0.0411549
-0.069461 -0.0232716 -0.0267014 -0.0777038 0 0 0 0 0 0
0.0133661 -0.0484809 -0.0526671 0 0 0 0.170455 -0.00541129 -0.0049069 0.220884
0.0210972 -0.00471263 0.166994 0.02286 -0.0130809 0.202723 -0.0181329 -0.0129439 0.142149 0.00909309
-0.0113865 0.0645941 0.0130136 -0.0517602 0.143563 -0.0198557 -0.027749 0 0 0
0.00377823 0.0340373 -0.0682517 0 0 0 -0.0134159 -0.00475751 -0.0521452 0.0605992
-0.00555423 -0.0568483 -0.00304663 -0.0164226 -0.0738384 0 0 0 0 0
0 0.140168 0.0216889 -0.0298221 0.196909 0.0171473 -0.0125338 0.16577 -0.0229729 -0.0120885
0.219413 -0.0212781 -0.00363872 0.00780162 0.0311662 -0.0340768 -0.0191194 0.0417676 -0.0677142 0.0133107
0.0489071 -0.0506329 0 0 0 0 0 0 -0.0238127 0.0269744
-0.0765136 0 0 0 0.0489117 0.00992977 -0.0169457 0.099377 0.0268666 -0.0249623
0.0439369 0.023524 -0.0460629 0 0 0 0.242805 -0.0181159 -0.00273533 0.201475
0.0100852 -0.00341881 0.107295 0.0213152 -0.0172754 0.195618 -0.0189534 -0.00669616 0 0
0 0.0261663 0.0633687 -0.0324551 0 0 0 -0.0422358 0.0444724 -0.0485006
-0.0144824 0.0404522 -0.0679231 -0.0288296 0.0567415 -0.0622504 0 0 0 0
0 0 0.0174897 0.0418055 -0.0582557 0 0 0 0.0707981 0.0413691
-0.0383676 0 0 0 0.0917142 -0.0117968 -0.0181175 0.0316784 0.0187683 -0.0146025
0.00072961 0.0326986 -0.0615995 0.0284933 0.00989504 -0.0380229 0 0 0 0
0 0 -0.0153771 0.0250646 -0.0761432 0 0 0 0.0111582 0.0141398
-0.0327318 0.0747196 0.0247082 -0.0387419 0.0191398 0.019521 -0.0617098 0 0 0
0.302788 0 0.011575 0 0 0 -0.00680714 -0.022227 -0.0736383 0
0 0 -0.0117044 -0.0672887 -0.0457108 0 0 0 0.0053413 -0.0130943
-0.0688982 0 0 0 0.0832535 -0.015552 -0.032303 0 0 0
-0.0242124 0.0125444 -0.0793428 0 0 0 0.0826945 0.015655 -0.0307859 0
0 0 0.0051333 0.0130061 -0.0680906 0 0 0 -0.0128823 0.0651483
-0.0484945 0 0 0 -0.00479413 0.0137589 -0.0763326 0 0 0
0 0 0 0.342816 0.000395172 -0.00262867 0.349284 0.00103944 -0.00316682 0.344783
-1.81897e-33 0.000264487 0.318579 0.00920635 -0.00408079 0.309726 0.00191283 0.000413016 0 0
0 0 0 0 0 0 0 0 0 0
0.333795 -0.000521865 0.00308965 0.34228 -0.00318847 0.00272754 0.359675 -0.00299658 -0.00185957 0.318916
-0.00309948 -0.00957468 0.288006 -0.0215597 -0.0222546 0 0 0 0 0
0 0.372228 -0.00748156 -0.00570339 0.355249 0.000561411 -0.00863967 0.3504 -0.00675893 -0.00606082
0 0 0 0 0 0 0 0 0 0
0 0 0.241056 0.0371616 -0.0110015 0.25943 0.0158035 -0.00727599 0.359172 -0.00275256
-0.00461413 0.346138 -0.00532253 -0.00331419 0.331311 -0.00419497 -0.00481291 0 0 0
0 0 0 0.34522 -0.00032821 -0.00597798 0.348365 0.00298533 -0.00374455 0.372279
0.00776148 -0.00557237 0.27995 -0.0154901 -0.00129829 0.33093 -0.0104432 -0.0125468 0.364889 0.00194132
-0.00208247 0.287071 -0.00986897 -0.00927433 0.309627 0.00909297 0.00133088 0 0 0
0 0 0 0.262806 0.0337886 -0.00465965 0.28076 0.0151364 -0.00101966 0
0 0 0 0 0 0 0 0 0 0
0 0.333244 -0.00832616 -0.00489903 0.361573 0 -0.00390654 0 0 0
0 0 0 0.32824 0.00930496 -0.0140367 0.298195 -0.00399273 -0.0287029 0
0 0 0 0 0 0 0 0 0 0
0 0 0 0 0.354843 -8.78272e-05 -0.00441601 0.335429 0.00481168 -0.00624372
0.265823 -0.019663 -0.0168347 0.269559 -0.00138475 -0.0153481 0 0 0 0.265622
0.000500348 -0.0194732 0.257598 -0.0153175 -0.00666074 0 0 0 0.35385 -0.000606822
-0.00829273 0.346734 0.00273521 0.00170753 0.324135 -0.00445371 0.00157191 0 0 0
0 0 0 0.309868 -0.000528804 -0.0121185 0.296713 0.000538985 -0.0141446 0
0 0 0.320109 0.00399127 0.00275769 0 0 0 0 0
0 0 0 0 0.328235 -0.00565696 -0.00916298 0 0 0
0.300088 0.00268948 -0.0265767 0 0 0 0 0 0 0
0 0 0 0 0 0 0 0 0 0
0 0 0 0 0.313873 0.0064699 -0.0134971 0 0 0
0.313395 -0.0149027 -0.0113173 0.315722 -0.00684544 -0.0137477 0 0 0 0
0 0 0.229324 -3.75528e-05 -0.000109294 0.227771 -2.92183e-05 -0.000104545 0.227733 0
-0.000102337 0.229294 0 -0.000107283 0.231038 -4.67636e-05 -0.000112153 0.231016 0 -0.000108413
0.232899 -5.72946e-05 -0.000111204 0.232886 0 -0.000101653 0.234877 -6.433e-05 -0.000106743 0.234874
0 -9.60064e-05 0.236923 -6.33648e-05 -0.000103987 0.236927 0 -9.38424e-05 0.238969 -5.89591e-05
-9.99554e-05 0.238957 0 -8.377e-05 0.240932 -7.77904e-05 -7.19194e-05 0.240857 0 -1.06432e-05
0.242752 -0.000143354 -6.48295e-06 0.242581 0 0.000154163 0.244409 -0.000270447 9.99357e-05 0.244163
0 0.000385342 0.245937 -0.000296102 0.000115311 0.245712 0 0.000410285 0.247323 -0.000163336
2.52481e-05 0.24722 0 0.000177294 0.248494 -5.77606e-05 -2.60863e-05 0.248509 0 1.67451e-05
0.249427 -1.36177e-05 -4.06357e-05 0.249508 0 -2.89335e-05 0.250197 5.47761e-06 -4.39816e-05 0.250305
0 -4.07153e-05 0.250797 1.34984e-05 -4.25029e-05 0.250914 0 -4.14158e-05 0.251565 1.82935e-05
-4.9547e-05 0.251682 0 -4.92099e-05 0.251692 1.77243e-05 -4.4521e-05 0.251805 0 -4.38858e-05
0.253651 2.07137e-05 -6.11711e-05 0.253756 0 -6.13886e-05 0.251592 1.82942e-05 -7.57462e-05 0.251691
0 -7.4394e-05 0.258244 2.11473e-05 -8.15191e-05 0.258332 -0 -8.19411e-05 0.249319 2.00395e-05
-0.000185325 0.2494 -0 -0.000183454 0.268412 2.74237e-05 -7.9649e-05 0.26847 -0 -8.16451e-05
0.241855 2.20896e-05 0.0017154 0.241905 -0 0.00171756 0.241199 4.58548e-05 0.00541476 0.241209
-0 0.00541773 0.0220106 -0 0.000529224 0 0 0 0.229399 -7.07071e-05
-0.000112026 0.227872 -5.45606e-05 -0.000107654 0.231082 -8.74704e-05 -0.000116258 0.232907 -0.000104059 -0.000121221
0.234846 -0.000116528 -0.000121922 0.236858 -0.000117714 -0.000119519 0.238899 -0.000109205 -0.00011988 0.24092
-0.000115448 -0.000141725 0.24285 -0.000162962 -0.000190422 0.244597 -0.000259321 -0.000249789 0.246072 -0.000265127
-0.000243135 0.247275 -0.000145269 -0.000150938 0.248279 -5.07658e-05 -8.00866e-05 0.249117 -5.03459e-06 -5.61086e-05
0.249847 1.81524e-05 -4.84263e-05 0.250438 2.93609e-05 -4.38694e-05 0.251214 3.58761e-05 -4.98645e-05 0.251357
3.66702e-05 -4.51333e-05 0.253337 3.86988e-05 -6.10169e-05 0.2513 3.9137e-05 -7.71646e-05 0.257982 3.91658e-05
-8.11428e-05 0.249078 4.3788e-05 -0.000187088 0.268213 4.81143e-05 -7.78035e-05 0.241691 4.95375e-05 0.00171393
0.241098 0.000111508 0.00541092 0 0 0 0.229489 -9.74476e-05 -0.000112525 0.228011
-7.41924e-05 -0.000108353 0.231112 -0.000121098 -0.000116043 0.232868 -0.000142282 -0.000119956 0.234731 -0.000157522
-0.000123225 0.236663 -0.000161295 -0.000120963 0.238624 -0.000152814 -0.000115212 0.240575 -0.000142618 -0.000127227
0.242455 -0.00014595 -0.000169511 0.244161 -0.000165331 -0.000241237 0.245584 -0.000144446 -0.000235003 0.246733
-7.66639e-05 -0.000140841 0.247696 -2.18537e-05 -8.0686e-05 0.24851 1.22764e-05 -5.65658e-05 0.249237 3.33779e-05
-4.83194e-05 0.249841 4.49994e-05 -4.36722e-05 0.250642 5.15968e-05 -4.9678e-05 0.250816 5.37198e-05 -4.50495e-05
0.252834 5.40525e-05 -6.11127e-05 0.25083 5.76806e-05 -7.72171e-05 0.257558 5.42588e-05 -8.13297e-05 0.24868
6.49303e-05 -0.000186908 0.267877 6.46699e-05 -7.81382e-05 0.241387 7.30378e-05 0.00171537 0.240859 0.000172484
0.00541058 0 0 0 0.229551 -0.000116035 -0.000111554 0.228135 -8.70725e-05 -0.000106851
0.231097 -0.000145452 -0.000115258 0.232762 -0.000171202 -0.000117783 0.23452 -0.000188945 -0.000118945 0.236339
-0.000195103 -0.000116424 0.238178 -0.000189221 -0.000109604 0.239995 -0.000173064 -0.000106236 0.241735 -0.000151911
-0.000115425 0.243325 -0.000130558 -0.000137962 0.244696 -9.47224e-05 -0.000130574 0.245847 -4.60436e-05 -9.08366e-05
0.246823 -5.33087e-06 -6.42146e-05 0.247653 2.45154e-05 -5.05526e-05 0.248402 4.4979e-05 -4.54057e-05 0.249039
5.72523e-05 -4.24834e-05 0.24988 6.40956e-05 -4.94164e-05 0.250099 6.70377e-05 -4.50907e-05 0.252169 6.64902e-05
-6.13385e-05 0.25021 7.21039e-05 -7.74601e-05 0.257002 6.67121e-05 -8.19516e-05 0.248157 8.1707e-05 -0.000187292
0.267428 7.85518e-05 -7.92757e-05 0.240971 9.05754e-05 0.00171625 0.240506 0.000218303 0.00541102 0
0 0 0.229529 -0.000125074 -0.000111332 0.228182 -9.23577e-05 -0.000106408 0.230991 -0.000158167
-0.000115175 0.232556 -0.000187155 -0.000117415 0.234201 -0.000207277 -0.000118028 0.235896 -0.000214894 -0.000116562
0.237605 -0.000209052 -0.000113354 0.239285 -0.000190203 -0.000109043 0.240887 -0.000160395 -0.000104825 0.242361
-0.000123338 -0.000101156 0.243668 -8.01819e-05 -8.93509e-05 0.2448 -3.56198e-05 -7.09558e-05 0.245778 2.40283e-06
-5.72818e-05 0.246625 3.13691e-05 -4.86022e-05 0.247405 5.20142e-05 -4.51605e-05 0.248082 6.52353e-05 -4.26055e-05
0.248974 7.24025e-05 -4.97214e-05 0.249249 7.60889e-05 -4.57173e-05 0.251384 7.47669e-05 -6.24236e-05 0.249482
8.22223e-05 -7.91901e-05 0.256349 7.57263e-05 -8.48182e-05 0.247542 9.49021e-05 -0.000190863 0.2669 8.97565e-05
-8.45191e-05 0.240473 0.000104604 0.00171482 0.240079 0.000250006 0.00541033 0 0 0
0.229358 -0.000123719 -0.000111917 0.228076 -8.86192e-05 -0.00010758 0.23074 -0.000158997 -0.000115089 0.232208
-0.000189821 -0.000116963 0.233743 -0.000211203 -0.000117172 0.235318 -0.000219429 -0.000115115 0.236901 -0.00021276
-0.000111503 0.238454 -0.000191399 -0.000106945 0.239938 -0.00015775 -0.000100383 0.241313 -0.000116863 -9.06383e-05
0.242557 -7.28156e-05 -7.80406e-05 0.243658 -2.9518e-05 -6.55718e-05 0.244631 7.68159e-06 -5.59635e-05 0.245493
3.63303e-05 -4.94953e-05 0.246303 5.66755e-05 -4.68216e-05 0.247024 6.96383e-05 -4.38186e-05 0.247973 7.64117e-05
-5.06071e-05 0.248309 8.05454e-05 -4.69521e-05 0.250519 7.92432e-05 -6.45749e-05 0.248682 8.89025e-05 -8.31721e-05
0.255638 8.42816e-05 -9.1853e-05 0.246876 0.000107418 -0.000202104 0.266327 0.000102514 -0.000103185 0.239926
0.000115891 0.00170391 0.239611 0.000263668 0.00540739 0 0 0 0.228978 -0.000113437
-0.000112016 0.227739 -7.71659e-05 -0.000107876 0.230301 -0.000149601 -0.000114809 0.231693 -0.000181143 -0.000115848
0.233137 -0.000203299 -0.000114543 0.23461 -0.000212304 -0.0001114 0.236085 -0.000205999 -0.000107551 0.237532
-0.00018423 -0.000102508 0.238918 -0.000149926 -9.48249e-05 0.240214 -0.00010904 -8.49032e-05 0.241403 -6.59534e-05
-7.42348e-05 0.242476 -2.41333e-05 -6.39911e-05 0.243442 1.18174e-05 -5.55315e-05 0.244317 3.94515e-05 -4.93804e-05
0.245157 5.85293e-05 -4.68121e-05 0.245921 7.01419e-05 -4.39673e-05 0.246924 7.57804e-05 -5.08767e-05 0.247321
7.97279e-05 -4.73593e-05 0.249605 7.86821e-05 -6.57993e-05 0.247835 9.03882e-05 -8.73094e-05 0.254885 9.04124e-05
-0.000103222 0.246174 0.000120301 -0.000221395 0.265726 0.000124546 -0.000126192 0.239358 0.000131888 0.00169234
0.239128 0.000260903 0.00540354 0 0 0 0.228379 -9.8492e-05 -0.000111952 0.227149
-6.28948e-05 -0.000107691 0.229677 -0.000133714 -0.000114844 0.231027 -0.000164492 -0.000115939 0.232412 -0.000186515
-0.000114662 0.233813 -0.000195729 -0.0001114 0.235209 -0.000189526 -0.000107073 0.236574 -0.00016837 -0.000100956
0.237886 -0.000135786 -9.22972e-05 0.239123 -9.69787e-05 -8.26287e-05 0.24027 -5.61471e-05 -7.30169e-05 0.241321
-1.72801e-05 -6.36368e-05 0.242284 1.53825e-05 -5.53492e-05 0.243171 3.99704e-05 -4.85963e-05 0.244038 5.65079e-05
-4.54138e-05 0.244838 6.60912e-05 -4.22128e-05 0.245885 7.01687e-05 -4.86067e-05 0.246327 7.33601e-05 -4.38532e-05
0.248666 7.31133e-05 -6.00781e-05 0.246941 8.83332e-05 -7.68635e-05 0.254068 0.000100635 -8.57537e-05 0.245407
0.000144382 -0.000192363 0.265085 0.000149824 -6.64223e-05 0.238786 0.000140748 0.00174307 0.238652 0.000241825
0.00540943 0 0 0 0.227632 -8.39161e-05 -0.000111865 0.226379 -5.12452e-05 -0.000107538
0.228936 -0.000115908 -0.000115174 0.230276 -0.000143581 -0.000117135 0.231635 -0.000163264 -0.000117097 0.232995
-0.000171387 -0.000114204 0.234339 -0.000165373 -0.000108693 0.23565 -0.00014601 -0.000101054 0.236912 -0.000117012
-9.15791e-05 0.238109 -8.20788e-05 -8.23231e-05 0.239231 -4.52727e-05 -7.45561e-05 0.240272 -1.06493e-05 -6.72172e-05
0.241238 1.78879e-05 -5.91999e-05 0.24214 3.78987e-05 -5.02744e-05 0.243032 5.05361e-05 -4.47199e-05 0.243867
5.73574e-05 -4.04896e-05 0.244953 5.93645e-05 -4.59909e-05 0.245432 6.0683e-05 -3.93284e-05 0.247809 5.9141e-05
-5.10085e-05 0.24611 6.94868e-05 -5.45767e-05 0.253292 7.53717e-05 -2.94329e-05 0.244676 0.000102693 -9.09229e-05
0.264485 8.75346e-05 4.8842e-05 0.238268 8.63872e-05 0.00181462 0.238222 0.00019267 0.005425 0
0 0 0.226867 -7.3158e-05 -0.000111646 0.225573 -4.56794e-05 -0.000107373 0.228196 -9.93826e-05
-0.00011508 0.229547 -0.000121411 -0.000117275 0.230901 -0.000136578 -0.000117457 0.232244 -0.000142267 -0.000114942
0.233563 -0.000136356 -0.000109311 0.234844 -0.000119527 -0.000101374 0.236075 -9.51023e-05 -9.20457e-05 0.237248
-6.46945e-05 -8.26113e-05 0.238355 -3.16589e-05 -7.43536e-05 0.239394 -1.07289e-06 -6.73979e-05 0.240372 2.2326e-05
-5.99443e-05 0.241297 3.53777e-05 -5.05163e-05 0.242222 4.17198e-05 -4.45967e-05 0.243098 4.45869e-05 -4.05987e-05
0.244233 4.39118e-05 -4.65169e-05 0.244763 4.22664e-05 -4.04025e-05 0.247201 3.71305e-05 -5.28276e-05 0.245556
3.37824e-05 -5.84577e-05 0.252809 1.2089e-05 -3.74921e-05 0.244231 -5.60868e-07 -0.00010946 0.264103 -2.10299e-05
-4.93061e-06 0.237892 1.07486e-05 0.00176978 0.237893 0.000122515 0.00541827 0 0 0
0.226237 -6.78843e-05 -0.000110718 0.224901 -4.7443e-05 -0.000106713 0.227597 -8.67161e-05 -0.000113013 0.228964
-0.000101667 -0.000113748 0.230325 -0.000110861 -0.000113554 0.231667 -0.000112551 -0.000112022 0.232977 -0.00010532
-0.000108222 0.234244 -9.01212e-05 -0.000101826 0.23546 -6.99172e-05 -9.33241e-05 0.236616 -4.51745e-05 -8.24771e-05
0.237709 -1.89804e-05 -6.65132e-05 0.238744 4.00297e-06 -5.03887e-05 0.239735 1.97971e-05 -4.12844e-05 0.24069
2.63455e-05 -3.93292e-05 0.241656 2.8167e-05 -4.18242e-05 0.242577 2.77493e-05 -4.10831e-05 0.243762 2.49412e-05
-4.87884e-05 0.244348 2.13377e-05 -4.50991e-05 0.24685 1.59064e-05 -6.2229e-05 0.245268 9.28376e-06 -8.14798e-05
0.252584 -1.09216e-05 -9.55331e-05 0.244025 -2.43897e-05 -0.000213244 0.263902 -3.10272e-05 -0.000120899 0.237657
-4.44006e-06 0.00170301 0.237677 5.70688e-05 0.00540184 0 0 0 0.225889 -6.79297e-05
-0.000110251 0.224523 -5.59523e-05 -0.000106123 0.227271 -7.84942e-05 -0.000112634 0.228653 -8.59297e-05 -0.000113075
0.230022 -8.84717e-05 -0.00011239 0.231366 -8.48506e-05 -0.000111599 0.232675 -7.48428e-05 -0.000109685 0.233938
-6.01425e-05 -0.000105542 0.235148 -4.29338e-05 -9.96176e-05 0.236296 -2.44613e-05 -9.0219e-05 0.237382 -1.10565e-05
-7.12908e-05 0.238413 -3.25512e-06 -4.76732e-05 0.23941 2.72222e-06 -3.43828e-05 0.240384 6.67797e-06 -3.53267e-05
0.241373 8.69017e-06 -4.1253e-05 0.24232 7.11833e-06 -4.15726e-05 0.243532 3.35506e-06 -5.00062e-05 0.244145
-1.11201e-06 -4.72261e-05 0.246673 -4.84994e-06 -6.55233e-05 0.24511 -9.57062e-06 -8.68951e-05 0.252443 -1.37446e-05
-0.000102488 0.243883 -1.61425e-05 -0.000216578 0.263772 -1.4436e-05 -0.000112996 0.23753 -1.00874e-05 0.00171304
0.237569 -1.28645e-05 0.00540291 0 0 0 0.225926 -7.01021e-05 -0.000111112 0.224555
-6.76938e-05 -0.000106457 0.22731 -7.09175e-05 -0.000114814 0.228692 -6.9551e-05 -0.000116893 0.230059 -6.47507e-05
-0.000117011 0.231402 -5.50416e-05 -0.000116187 0.232712 -4.0658e-05 -0.00011543 0.23398 -2.39154e-05 -0.000116143
0.235193 -6.93687e-06 -0.000119763 0.236342 7.96195e-06 -0.000122779 0.237422 8.92932e-06 -0.000105116 0.238449
-1.26919e-06 -7.35963e-05 0.239444 -7.58822e-06 -5.52989e-05 0.240414 -8.98344e-06 -4.7553e-05 0.241399 -9.95654e-06
-4.48525e-05 0.242345 -1.39876e-05 -4.23447e-05 0.243557 -1.88467e-05 -4.98665e-05 0.244167 -2.40364e-05 -4.64129e-05
0.246688 -2.63002e-05 -6.34295e-05 0.245114 -3.17194e-05 -8.11634e-05 0.252436 -2.88425e-05 -8.77997e-05 0.243875
-3.41037e-05 -0.000190688 0.263772 -2.82177e-05 -8.40892e-05 0.237542 -3.42365e-05 0.00172974 0.237583 -8.91286e-05
0.00540675 0 0 0 0.226361 -6.99171e-05 -0.000112088 0.225019 -7.71437e-05 -0.000107338
0.227719 -6.07248e-05 -0.000115658 0.229079 -5.00984e-05 -0.000117877 0.230429 -3.79369e-05 -0.000118648 0.231759
-2.3041e-05 -0.000118401 0.233065 -4.72275e-06 -0.000120349 0.234336 1.66127e-05 -0.000129217 0.235559 4.14383e-05
-0.000143309 0.236713 6.54033e-05 -0.000159568 0.237789 5.39754e-05 -0.000136897 0.23881 1.69581e-05 -8.85648e-05
0.2398 -5.35912e-06 -6.55817e-05 0.240758 -1.71626e-05 -5.29198e-05 0.24173 -2.55217e-05 -4.62166e-05 0.24266
-3.3754e-05 -4.24282e-05 0.243853 -4.03257e-05 -4.92264e-05 0.244443 -4.64781e-05 -4.51237e-05 0.24694 -4.75265e-05
-6.15209e-05 0.245345 -5.40138e-05 -7.80097e-05 0.252641 -4.57137e-05 -8.24337e-05 0.244069 -5.44322e-05 -0.0001834
0.263942 -4.52253e-05 -7.61183e-05 0.237708 -5.91984e-05 0.00173379 0.237727 -0.000161602 0.00540832 0
0 0 0.227123 -6.38044e-05 -0.000111917 0.225832 -7.96384e-05 -0.000107535 0.228438 -4.57681e-05
-0.00011486 0.229759 -2.69567e-05 -0.000116114 0.231074 -8.31186e-06 -0.000115204 0.23237 1.09931e-05 -0.000111723
0.233642 3.37877e-05 -0.000106507 0.234884 6.30203e-05 -0.000102388 0.236089 9.61887e-05 -8.88792e-05 0.237251
0.000128427 -6.26073e-05 0.238368 0.000101423 -5.20825e-05 0.239433 3.36797e-05 -5.69863e-05 0.240441 -3.80064e-06
-5.53042e-05 0.241395 -2.53171e-05 -4.87764e-05 0.24235 -4.00803e-05 -4.49066e-05 0.243254 -5.19308e-05 -4.17418e-05
0.244415 -6.01849e-05 -4.85216e-05 0.24497 -6.74706e-05 -4.42016e-05 0.247426 -6.76752e-05 -6.05727e-05 0.245797
-7.56313e-05 -7.68764e-05 0.253045 -6.42425e-05 -8.05389e-05 0.24445 -7.80492e-05 -0.00018114 0.264269 -6.60428e-05
-7.35237e-05 0.238019 -8.48599e-05 0.00173395 0.237995 -0.000227341 0.00540892 0 0 0
0.228082 -5.07092e-05 -0.000111273 0.226846 -7.33685e-05 -0.0001072 0.229354 -2.53567e-05 -0.000113842 0.230645
3.20966e-07 -0.000114274 0.231934 2.40714e-05 -0.000111308 0.233203 4.47487e-05 -0.000102015 0.234442 6.24219e-05
-7.99487e-05 0.235651 7.59114e-05 -3.4235e-05 0.236843 7.75336e-05 2.92213e-05 0.238028 6.90768e-05 9.89568e-05
0.239206 4.60167e-05 7.16254e-05 0.24033 1.36723e-05 -1.9175e-05 0.241357 -1.27327e-05 -4.60551e-05 0.242302
-3.53266e-05 -4.60261e-05 0.24323 -5.32751e-05 -4.41021e-05 0.244097 -6.75614e-05 -4.13467e-05 0.245213 -7.71259e-05
-4.81042e-05 0.245719 -8.52912e-05 -4.36756e-05 0.248118 -8.46404e-05 -6.00654e-05 0.24644 -9.36488e-05 -7.58197e-05
0.253621 -7.97079e-05 -7.92726e-05 0.24499 -9.74434e-05 -0.000180129 0.26473 -8.32551e-05 -7.23499e-05 0.238453
-0.000105779 0.00173219 0.238369 -0.000280589 0.00540928 0 0 0 0.229075 -3.18389e-05
-0.00011171 0.227878 -5.89065e-05 -0.000107443 0.230328 -1.47759e-06 -0.000114544 0.231618 2.90192e-05 -0.00011542
0.232927 5.58925e-05 -0.000113335 0.234235 7.44397e-05 -0.000105842 0.235526 7.79045e-05 -8.80671e-05 0.236796
5.88222e-05 -5.26558e-05 0.238048 1.81557e-05 -1.59915e-05 0.239271 -3.45679e-05 6.53164e-06 0.240442 -4.01784e-05
-1.46836e-05 0.241532 -1.3743e-05 -5.29e-05 0.242524 -2.11711e-05 -5.60604e-05 0.243434 -4.26211e-05 -4.88142e-05
0.24432 -6.28281e-05 -4.52315e-05 0.245139 -7.90844e-05 -4.2111e-05 0.246197 -8.97845e-05 -4.86588e-05 0.246643
-9.85634e-05 -4.40262e-05 0.248972 -9.73606e-05 -6.02725e-05 0.247234 -0.000107404 -7.58665e-05 0.254332 -9.2135e-05
-7.92502e-05 0.245655 -0.000112823 -0.000180964 0.265297 -9.73822e-05 -7.3022e-05 0.238984 -0.000121391 0.00172945
0.238822 -0.000317741 0.00540984 0 0 0 0.229944 -1.02068e-05 -0.000112753 0.228755
-3.92937e-05 -0.000108131 0.231209 2.25951e-05 -0.000116127 0.232536 5.55237e-05 -0.000118152 0.233906 8.41236e-05
-0.000118611 0.235303 0.000102815 -0.000117726 0.236707 0.000104509 -0.000117885 0.238095 8.3792e-05 -0.000125893
0.239439 4.53179e-05 -0.000142247 0.240705 1.37437e-06 -0.000166442 0.241858 -5.10033e-06 -0.000156293 0.242897
7.14399e-06 -0.000112266 0.243841 -1.26494e-05 -7.82067e-05 0.244707 -4.22756e-05 -5.5215e-05 0.245547 -6.63696e-05
-4.72002e-05 0.246311 -8.45084e-05 -4.30711e-05 0.247304 -9.6201e-05 -4.94108e-05 0.247681 -0.000105429 -4.46647e-05
0.249931 -0.000104147 -6.0734e-05 0.248125 -0.000114418 -7.6644e-05 0.255129 -9.87609e-05 -8.01125e-05 0.2464
-0.000120585 -0.000182951 0.265932 -0.000104933 -7.47807e-05 0.239577 -0.000129593 0.00172618 0.239326 -0.000336106
0.00541073 0 0 0 0.230599 9.64134e-06 -0.000113064 0.229384 -1.94967e-05 -0.00010834
0.231906 4.26487e-05 -0.000116631 0.233293 7.58466e-05 -0.000118975 0.234743 0.000104569 -0.000120124 0.236236
0.000123735 -0.000120851 0.237741 0.000128603 -0.000123592 0.239221 0.000117353 -0.000131479 0.240637 9.36698e-05
-0.000140806 0.241953 7.1973e-05 -0.00014935 0.243142 6.36856e-05 -0.00013234 0.244203 4.92606e-05 -9.5507e-05
0.245157 9.56135e-06 -6.92253e-05 0.246012 -3.44403e-05 -5.1603e-05 0.24682 -6.45278e-05 -4.50797e-05 0.247533
-8.47181e-05 -4.13369e-05 0.248462 -9.7176e-05 -4.79739e-05 0.248768 -0.00010614 -4.4059e-05 0.250934 -0.000104883
-6.06097e-05 0.249056 -0.000114527 -7.63289e-05 0.25596 -9.9522e-05 -7.99033e-05 0.247177 -0.000120793 -0.000183576
0.266593 -0.000106244 -7.5162e-05 0.240194 -0.000130132 0.00172303 0.239847 -0.000334546 0.00541186 0
0 0 0.231041 2.32959e-05 -0.000112631 0.229781 -4.40421e-06 -0.000107968 0.232408 5.48197e-05
-0.000116157 0.233871 8.65908e-05 -0.000118263 0.235412 0.000114035 -0.000118837 0.237005 0.000132569 -0.000118158
0.238611 0.00013843 -0.000116672 0.240184 0.000129852 -0.000112822 0.241676 0.000109952 -0.000102188 0.243046
8.85521e-05 -7.32659e-05 0.24428 7.01041e-05 -2.99303e-05 0.24539 4.61762e-05 -2.96447e-06 0.24639 7.43888e-06
-1.31705e-05 0.24727 -3.38695e-05 -3.32989e-05 0.248065 -6.2812e-05 -4.01261e-05 0.248736 -8.18603e-05 -4.02069e-05
0.249603 -9.32459e-05 -4.83699e-05 0.249839 -0.000100433 -4.50459e-05 0.251921 -9.92856e-05 -6.12492e-05 0.24997
-0.000107998 -7.64202e-05 0.256776 -9.47961e-05 -7.9946e-05 0.247938 -0.000114092 -0.000184419 0.267239 -0.000101867
-7.5724e-05 0.240795 -0.000122925 0.00171993 0.240357 -0.000313026 0.00541252 0 0 0
0.231329 2.91435e-05 -0.000112413 0.23002 4.36859e-06 -0.000107718 0.232759 5.75178e-05 -0.000115913 0.234301
8.61317e-05 -0.000117773 0.235938 0.000110957 -0.000117753 0.237636 0.000128378 -0.000115893 0.239355 0.00013528
-0.000111483 0.241042 0.000129317 -0.000104884 0.242643 0.00010874 -9.33033e-05 0.24411 7.26627e-05 -6.36465e-05
0.245417 3.0069e-05 -1.97858e-05 0.246573 -5.97229e-06 6.97599e-06 0.247595 -2.90857e-05 -7.60123e-06 0.248468
-4.54069e-05 -3.28122e-05 0.249234 -6.17702e-05 -4.12932e-05 0.249858 -7.46973e-05 -4.29874e-05 0.250664 -8.31706e-05
-5.304e-05 0.250831 -8.81128e-05 -5.00681e-05 0.252833 -8.75051e-05 -6.42794e-05 0.250811 -9.4686e-05 -7.75296e-05
0.257525 -8.44248e-05 -8.04225e-05 0.248635 -0.000100228 -0.000185432 0.267832 -9.18126e-05 -7.64825e-05 0.241343
-0.000108062 0.00171702 0.240823 -0.000271322 0.00541236 0 0 0 0.23152 2.81115e-05
-0.000112438 0.23017 7.70871e-06 -0.000107418 0.233006 5.15399e-05 -0.000115968 0.23462 7.50992e-05 -0.000117713
0.236342 9.54198e-05 -0.000117128 0.23814 0.000109509 -0.00011358 0.239967 0.000114628 -0.000107494 0.24177
0.00010969 -0.000102368 0.243494 9.34551e-05 -9.90579e-05 0.245083 6.24846e-05 -9.66655e-05 0.246491 1.80617e-05
-8.8394e-05 0.247696 -2.1125e-05 -7.43699e-05 0.248704 -3.69855e-05 -6.16679e-05 0.249534 -4.2841e-05 -5.08774e-05
0.250249 -5.2239e-05 -4.66226e-05 0.25082 -5.98762e-05 -4.54218e-05 0.251567 -6.37416e-05 -5.59084e-05 0.251674
-6.52411e-05 -5.35548e-05 0.253606 -6.70758e-05 -6.65727e-05 0.251525 -7.44559e-05 -7.82996e-05 0.258161 -6.85389e-05
-8.05466e-05 0.249226 -8.02473e-05 -0.000186185 0.268332 -7.60106e-05 -7.69493e-05 0.241801 -8.73452e-05 0.00171473
0.241207 -0.000213726 0.00541169 0 0 0 0.231654 2.14333e-05 -0.000112185 0.230276
6.53246e-06 -0.000107066 0.23318 3.83296e-05 -0.000115759 0.234848 5.51998e-05 -0.000117634 0.236639 6.94886e-05
-0.000117318 0.238517 7.87922e-05 -0.000114186 0.240432 8.19043e-05 -0.000109486 0.242325 7.95594e-05 -0.000105012
0.244134 7.08614e-05 -0.000100172 0.245801 5.32851e-05 -9.76032e-05 0.247275 2.44152e-05 -9.87695e-05 0.248517
-3.73858e-06 -9.52693e-05 0.249526 -1.82762e-05 -7.64205e-05 0.250333 -2.71155e-05 -5.51051e-05 0.251013 -3.55775e-05
-4.70088e-05 0.251541 -3.97031e-05 -4.29176e-05 0.25224 -3.97328e-05 -4.89436e-05 0.2523 -3.78556e-05 -4.33485e-05
0.254185 -4.31223e-05 -5.93483e-05 0.252063 -4.93313e-05 -7.58907e-05 0.258642 -4.90085e-05 -7.99697e-05 0.249672
-5.45119e-05 -0.000186568 0.268708 -5.62283e-05 -7.69257e-05 0.242136 -5.92931e-05 0.0017129 0.24147 -0.000139437
0.00541201 0 0 0 0.231742 1.1271e-05 -0.000112221 0.230352 3.30332e-06 -0.000107299
0.23329 2.01804e-05 -0.000115863 0.234991 2.90378e-05 -0.000117907 0.236824 3.64884e-05 -0.000118098 0.238753
4.12353e-05 -0.000116272 0.240721 4.31398e-05 -0.000111767 0.242665 4.30402e-05 -0.000103362 0.244519 3.89724e-05
-9.26552e-05 0.246224 2.84109e-05 -8.41612e-05 0.247727 1.33665e-05 -8.13759e-05 0.24899 4.22996e-07 -7.67198e-05
0.250011 -7.41337e-06 -6.36687e-05 0.250816 -1.32592e-05 -5.08876e-05 0.25148 -1.81614e-05 -4.47712e-05 0.251982
-1.97416e-05 -3.85365e-05 0.252652 -2.05733e-05 -4.02769e-05 0.252685 -1.91502e-05 -3.24872e-05 0.254542 -2.34947e-05
-5.28855e-05 0.252396 -2.39769e-05 -7.25368e-05 0.258939 -2.65784e-05 -8.0203e-05 0.249945 -2.57816e-05 -0.000184761
0.268929 -3.19365e-05 -7.88642e-05 0.24232 -2.68083e-05 0.00171428 0.241586 -5.96196e-05 0.00541605 0
0 0 0.231773 0 -0.000112481 0.230381 0 -0.000107607 0.233328 0
-0.000116195 0.235039 0 -0.000118301 0.236887 0 -0.000118491 0.238832 0 -0.000116502
0.240817 0 -0.000111007 0.242776 0 -9.97024e-05 0.244646 0 -8.77466e-05 0.246366
0 -8.13947e-05 0.247879 0 -7.88334e-05 0.249148 0 -7.20965e-05 0.250173 0
-5.98832e-05 0.250978 0 -4.96735e-05 0.251638 0 -4.42475e-05 0.252132 0 -3.70294e-05
0.252793 0 -3.8625e-05 0.252818 0 -3.19238e-05 0.254666 0 -5.36498e-05 0.25251
0 -7.1531e-05 0.259039 0 -8.08542e-05 0.250036 0 -0.000182855 0.268995 0
-8.09245e-05 0.242375 0 0.00171646 0.2416 0 0.00541922 0.0220275 0 0.000529703
0.221342 -5.33365e-06 -6.38533e-05 0.22063 -5.34404e-06 -5.40593e-05 0.220603 -0 -5.44247e-05 0.221306
-0 -6.40955e-05 0.222138 -5.87014e-06 -7.24816e-05 0.222098 -0 -7.26599e-05 0.223028 -7.25433e-06
-8.0315e-05 0.222984 -0 -8.04027e-05 0.224021 -9.94617e-06 -8.74712e-05 0.223976 -0 -8.73856e-05
0.225132 -1.44692e-05 -9.39393e-05 0.225088 -0 -9.32608e-05 0.226377 -2.10758e-05 -9.95837e-05 0.226335
-0 -9.79762e-05 0.221504 -1.31798e-05 -6.3267e-05 0.220795 -1.46087e-05 -5.30022e-05 0.222297 -1.32481e-05
-7.23183e-05 0.223181 -1.52464e-05 -8.04194e-05 0.224167 -1.99037e-05 -8.78892e-05 0.225268 -2.79506e-05 -9.50501e-05
0.226498 -3.97182e-05 -0.000101823 0.221818 -1.81495e-05 -6.35138e-05 0.221139 -2.06066e-05 -5.29761e-05 0.222583
-1.78392e-05 -7.28005e-05 0.223442 -2.0412e-05 -8.10157e-05 0.224403 -2.67844e-05 -8.85511e-05 0.225476 -3.77831e-05
-9.5703e-05 0.226675 -5.37483e-05 -0.00010248 0.222167 -1.61572e-05 -6.43697e-05 0.22152 -1.83697e-05 -5.42233e-05
0.222902 -1.63303e-05 -7.3335e-05 0.223729 -1.99465e-05 -8.13721e-05 0.224657 -2.81533e-05 -8.86839e-05 0.225695
-4.19695e-05 -9.53184e-05 0.226851 -6.17896e-05 -0.000101371 0.222461 -9.89545e-06 -6.43787e-05 0.221846 -1.22801e-05
-5.44511e-05 0.223162 -1.03017e-05 -7.32367e-05 0.223956 -1.46531e-05 -8.12374e-05 0.224848 -2.42829e-05 -8.85192e-05
0.225845 -4.04065e-05 -9.50968e-05 0.226955 -6.34097e-05 -0.000101001 0.222614 2.86958e-06 -6.41013e-05 0.222051
6.73713e-07 -5.3952e-05 0.223271 1.91571e-06 -7.31495e-05 0.224024 -3.34049e-06 -8.1309e-05 0.224877 -1.42736e-05
-8.87872e-05 0.225835 -3.21114e-05 -9.57586e-05 0.226901 -5.72518e-05 -0.000102121 0.222402 2.4121e-05 -6.42744e-05
0.221868 2.42441e-05 -5.40188e-05 0.223036 2.10466e-05 -7.33813e-05 0.223772 1.38711e-05 -8.15938e-05 0.22461
1.23939e-06 -8.91386e-05 0.225551 -1.80778e-05 -9.61125e-05 0.226595 -4.45268e-05 -0.000102464 0.221645 4.50269e-05
-6.50041e-05 0.221063 4.81807e-05 -5.47986e-05 0.222322 3.94537e-05 -7.40229e-05 0.223096 3.02759e-05 -8.20678e-05
0.223968 1.62134e-05 -8.94063e-05 0.224937 -3.90341e-06 -9.61884e-05 0.225999 -3.05504e-05 -0.000102342 0.220482
5.28617e-05 -6.53594e-05 0.219805 5.66354e-05 -5.50322e-05 0.221247 4.67844e-05 -7.4482e-05 0.222101 3.72866e-05
-8.25975e-05 0.223045 2.32725e-05 -8.98516e-05 0.224076 3.86356e-06 -9.63849e-05 0.22519 -2.12385e-05 -0.000102312
0.219233 4.51995e-05 -6.54559e-05 0.218469 4.79233e-05 -5.49907e-05 0.220085 4.01381e-05 -7.46576e-05 0.221023
3.17473e-05 -8.27944e-05 0.222047 1.91671e-05 -9.00044e-05 0.223152 1.90032e-06 -9.64292e-05 0.22433 -1.9987e-05
-0.000102246 0.218138 2.5076e-05 -6.61278e-05 0.217293 2.75274e-05 -5.62394e-05 0.219071 2.07181e-05 -7.47907e-05
0.220088 1.36453e-05 -8.2497e-05 0.221188 3.24144e-06 -8.94845e-05 0.222362 -1.06681e-05 -9.58922e-05 0.223604
-2.78153e-05 -0.000101684 0.217444 -9.00543e-06 -6.64296e-05 0.216527 -7.41625e-06 -5.71435e-05 0.218442 -1.20001e-05
-7.46244e-05 0.219521 -1.68636e-05 -8.20209e-05 0.220676 -2.39084e-05 -8.88542e-05 0.221902 -3.30508e-05 -9.52103e-05
0.223188 -4.39433e-05 -0.000101011 0.217419 -5.19344e-05 -6.61308e-05 0.216488 -5.25199e-05 -5.68114e-05 0.21843
-5.24865e-05 -7.43305e-05 0.21952 -5.42214e-05 -8.17114e-05 0.220686 -5.70234e-05 -8.85546e-05 0.221921 -6.05159e-05
-9.49755e-05 0.223215 -6.42554e-05 -0.000100985 0.218123 -9.07961e-05 -6.48572e-05 0.217243 -9.29828e-05 -5.50496e-05
0.219086 -8.93701e-05 -7.36314e-05 0.220131 -8.83719e-05 -8.15366e-05 0.221255 -8.73126e-05 -8.87378e-05 0.222451
-8.54899e-05 -9.54013e-05 0.22371 -8.22497e-05 -0.000101652 0.219371 -0.000118617 -6.31864e-05 0.218575 -0.000121824
-5.30286e-05 0.220251 -0.000115565 -7.23762e-05 0.221217 -0.000112206 -8.07899e-05 0.222264 -0.00010789 -8.85587e-05
0.223389 -0.000101598 -9.56693e-05 0.224582 -9.23193e-05 -0.000102037 0.220924 -0.000132749 -6.36447e-05 0.220235
-0.000137348 -5.34341e-05 0.221699 -0.000128125 -7.27708e-05 0.222563 -0.000122735 -8.10433e-05 0.223514 -0.000115652
-8.86925e-05 0.22455 -0.00010574 -9.57293e-05 0.225664 -9.18399e-05 -0.000101956 0.222477 -0.000126302 -6.49284e-05
0.221908 -0.00013066 -5.47587e-05 0.223141 -0.000121787 -7.39719e-05 0.223901 -0.000116242 -8.20176e-05 0.224758
-0.000108462 -8.92454e-05 0.22571 -9.70597e-05 -9.59108e-05 0.226752 -8.07811e-05 -0.000102067 0.223637 -0.000101541
-6.46086e-05 0.223136 -0.000102811 -5.44071e-05 0.224238 -9.94806e-05 -7.36549e-05 0.22494 -9.59417e-05 -8.1812e-05
0.225743 -8.96933e-05 -8.92681e-05 0.226648 -7.90165e-05 -9.61592e-05 0.227654 -6.24373e-05 -0.000102506 0.224228
-7.42923e-05 -6.37115e-05 0.223709 -7.30911e-05 -5.31454e-05 0.22484 -7.44367e-05 -7.30183e-05 0.225547 -7.27727e-05
-8.14205e-05 0.226352 -6.80164e-05 -8.91397e-05 0.227259 -5.84083e-05 -9.62377e-05 0.22827 -4.24374e-05 -0.000102661
0.22444 -5.52839e-05 -6.34165e-05 0.223876 -5.4431e-05 -5.30591e-05 0.225088 -5.55219e-05 -7.25823e-05 0.225827
-5.424e-05 -8.10735e-05 0.22666 -5.00269e-05 -8.89243e-05 0.227593 -4.11464e-05 -9.60487e-05 0.228632 -2.61326e-05
-0.000102402 0.225191 -4.16935e-05 -7.22014e-05 0.22452 -4.15412e-05 -6.33071e-05 0.225952 -4.03169e-05 -8.07136e-05
0.226808 -3.62867e-05 -8.87099e-05 0.227766 -2.82342e-05 -9.59221e-05 0.228834 -1.49003e-05 -0.000102215 0.225243
-3.04611e-05 -7.09499e-05 0.224558 -3.00396e-05 -6.12539e-05 0.226017 -2.93217e-05 -7.92008e-05 0.226888 -2.58101e-05
-8.67518e-05 0.227864 -1.90051e-05 -9.40974e-05 0.228954 -8.05748e-06 -0.000101123 0.225307 -2.27187e-05 -7.01901e-05
0.224617 -2.33616e-05 -6.00417e-05 0.226085 -2.1533e-05 -7.85435e-05 0.226959 -1.88661e-05 -8.58778e-05 0.227941
-1.36904e-05 -9.30205e-05 0.229042 -5.31e-06 -0.000100377 0.225415 -1.37418e-05 -7.11137e-05 0.224745 -1.50885e-05
-6.18695e-05 0.226178 -1.25628e-05 -7.97773e-05 0.227042 -1.09504e-05 -8.76952e-05 0.228016 -8.04759e-06 -9.48447e-05
0.229114 -3.2592e-06 -0.000101426 0.225477 0 -7.17587e-05 0.224823 0 -6.30249e-05 0.226228
0 -8.03512e-05 0.227082 0 -8.85703e-05 0.22805 0 -9.60026e-05 0.229145 0
-0.000102201 0.206338 0.00271405 -0.000924032 0.198934 0.0047238 -0.00179034 0.230757 2.66284e-36 -0.00357744
0.224566 7.06318e-39 -0.00203373 0.20989 0.00146443 -0.000351472 0.221765 9.58768e-42 -0.00104895 0.212122
0.000877525 -0.000185544 0.219887 -2.57839e-43 -0.000603139 0.213491 0.000537336 -0.00010639 0.218605 -4.2039e-45
-0.000351382 0.214418 0.000324011 -5.9995e-05 0.21778 -0 -0.000201539 0.215116 0.000190582 -3.98941e-05
0.217321 -0 -0.00011988 0.215721 0.000107223 -3.70718e-05 0.217169 -0 -8.03553e-05 0.216285
5.6217e-05 -2.49659e-05 0.21724 -0 -4.75803e-05 0.216775 2.67613e-05 -2.685e-06 0.217408 -0
-1.56052e-05 0.21717 1.00063e-05 1.19595e-05 0.217589 -0 4.16743e-06 0.217501 1.30877e-06 1.76103e-05
0.217777 -0 1.01434e-05 0.217818 -2.17096e-06 1.68511e-05 0.217997 -0 5.37394e-06 0.218153
-2.90756e-06 9.66469e-06 0.218266 -0 -4.88483e-06 0.218526 -3.77021e-06 -2.35725e-06 0.218591 -0
-1.4373e-05 0.218952 -5.2331e-06 -1.6526e-05 0.218981 -0 -2.22707e-05 0.21944 -5.81856e-06 -3.03188e-05
0.219444 -0 -3.22291e-05 0.219998 -5.64058e-06 -4.27965e-05 0.219983 -0 -4.35455e-05 0.196049
-0.00176366 -0.000152651 0.181814 -0.00340339 -0.000628179 0.203161 -0.000974332 0.000130629 0.207754 -0.000597892
0.000109885 0.210681 -0.00039207 7.16188e-05 0.212649 -0.000267611 4.58804e-05 0.214037 -0.000188293 2.20216e-05
0.215092 -0.000136605 -1.89003e-06 0.215946 -0.000102772 -5.66775e-06 0.216623 -8.05936e-05 8.12063e-06 0.217138
-6.54127e-05 1.79481e-05 0.217547 -5.46139e-05 2.14806e-05 0.217912 -4.69659e-05 2.11158e-05 0.218278 -4.04142e-05
1.62264e-05 0.21867 -3.37253e-05 3.52029e-06 0.219108 -2.71292e-05 -1.37598e-05 0.219603 -2.1547e-05 -2.86157e-05
0.220163 -1.74106e-05 -4.144e-05 0.220319 -0.0027207 -0.00104591 0.222467 -0.00472996 -0.00202606 0.219305
-0.00157731 -0.000448596 0.218574 -0.0010134 -0.000229451 0.218031 -0.000682004 -0.000123258 0.217695 -0.000469687
-6.40122e-05 0.217556 -0.000329732 -3.74642e-05 0.217606 -0.000235263 -3.26588e-05 0.217799 -0.000171761 -2.07721e-05
0.218035 -0.00013029 3.87053e-07 0.218249 -0.000102074 1.37819e-05 0.218447 -8.24715e-05 1.65387e-05 0.218662
-6.9186e-05 1.16448e-05 0.218915 -5.91769e-05 3.44283e-06 0.219221 -4.90923e-05 -7.07199e-06 0.219589 -3.88918e-05
-1.85637e-05 0.220028 -3.07291e-05 -2.99262e-05 0.220544 -2.47962e-05 -4.16223e-05 0.221008 0.000733087 -0.00163257
0.223564 0.0012502 -0.00291092 0.219898 0.000267985 -0.000796607 0.219178 0.000123749 -0.000445051 0.218683
4.2197e-05 -0.000256294 0.218393 -1.35174e-05 -0.000145614 0.218283 -4.75114e-05 -8.72803e-05 0.218341 -6.39978e-05
-6.24334e-05 0.218523 -6.89838e-05 -3.82336e-05 0.218734 -6.8615e-05 -1.00629e-05 0.218916 -6.49499e-05 7.67719e-06
0.219078 -5.93683e-05 1.31048e-05 0.219255 -5.33486e-05 9.15639e-06 0.219472 -4.73636e-05 -1.93512e-07 0.219741
-4.0536e-05 -1.04306e-05 0.220073 -3.32853e-05 -2.02941e-05 0.220477 -2.70568e-05 -3.14227e-05 0.220958 -2.21072e-05
-4.30505e-05 0.198687 0.000548847 -0.000894723 0.185033 0.00127341 -0.00168071 0.205768 0.000100613 -0.000354357
0.210394 -4.81936e-05 -0.000204465 0.213337 -0.000108993 -0.000131048 0.215282 -0.000132346 -8.43052e-05 0.216601
-0.000133947 -6.16826e-05 0.217549 -0.000123393 -5.40214e-05 0.21827 -0.000107515 -3.65506e-05 0.218802 -9.26673e-05
-1.09427e-05 0.219168 -7.9825e-05 5.7209e-06 0.219432 -6.8035e-05 1.19037e-05 0.219659 -5.72448e-05 9.86389e-06
0.219893 -4.74291e-05 2.19945e-06 0.220161 -3.82098e-05 -8.22205e-06 0.220478 -2.97068e-05 -1.95138e-05 0.22086
-2.24347e-05 -3.13369e-05 0.221314 -1.65953e-05 -4.32761e-05 0.211216 -0.00378737 -0.00125062 0.203347 -0.00643326
-0.00213268 0.215089 -0.00222167 -0.000646278 0.217385 -0.00142095 -0.000398818 0.218626 -0.000939397 -0.000254207
0.219301 -0.000629833 -0.000160025 0.219675 -0.000426712 -0.000107258 0.219923 -0.000290425 -7.95998e-05 0.220126
-0.000199855 -4.89323e-05 0.22027 -0.0001411 -1.61805e-05 0.220343 -0.000102134 3.76404e-06 0.220379 -7.53921e-05
1.14781e-05 0.220427 -5.60945e-05 1.04949e-05 0.220519 -4.11334e-05 3.65595e-06 0.220669 -2.88799e-05 -6.7289e-06
0.220891 -1.86738e-05 -1.85084e-05 0.221192 -1.03545e-05 -3.05919e-05 0.221578 -3.87668e-06 -4.26396e-05 0.237433
-0.000797838 -0.00253781 0.245751 -0.00132503 -0.00416254 0.232903 -0.000469155 -0.00145667 0.229527 -0.000290936
-0.000877255 0.226947 -0.000180172 -0.000529537 0.224995 -0.000109447 -0.000315395 0.223562 -6.43249e-05 -0.00019046
0.222577 -3.68623e-05 -0.000121092 0.221939 -2.1843e-05 -6.86492e-05 0.221504 -1.25351e-05 -2.51876e-05 0.221171
-5.69525e-06 6.19355e-07 0.220917 -7.68847e-07 1.10981e-05 0.220755 3.16371e-06 1.11065e-05 0.220691 7.12509e-06
4.55232e-06 0.220726 1.13452e-05 -5.98157e-06 0.220861 1.55467e-05 -1.80543e-05 0.221097 1.93361e-05 -3.03319e-05
0.221432 2.23894e-05 -4.25542e-05 0.219673 0.00364006 -0.00164336 0.216201 0.00592111 -0.00297502 0.220754
0.00218005 -0.000832344 0.221014 0.00144198 -0.000488244 0.220811 0.000987853 -0.00029686 0.220463 0.000686465
-0.000177651 0.220121 0.000481491 -0.000109641 0.219877 0.000337595 -7.72178e-05 0.219748 0.000236228 -4.72297e-05
0.219669 0.000168695 -1.45344e-05 0.21959 0.000124655 6.37821e-06 0.219523 9.57494e-05 1.44354e-05 0.219502
7.67373e-05 1.30037e-05 0.219549 6.47066e-05 5.47142e-06 0.219673 5.75808e-05 -5.74701e-06 0.219884 5.3611e-05
-1.8341e-05 0.220184 5.14295e-05 -3.10108e-05 0.220576 4.9968e-05 -4.33716e-05 0.194142 0.000196873 -0.000472128
0.177484 -0.000299204 -0.00129107 0.202323 0.000364836 -4.81614e-05 0.207502 0.000383401 -5.62924e-06 0.210721
0.000358978 -6.72559e-06 0.212804 0.000321302 -4.92627e-06 0.214187 0.000276419 -1.02441e-05 0.215163 0.000228207
-2.26465e-05 0.215901 0.000182593 -1.91252e-05 0.216446 0.000145463 -4.99348e-07 0.216827 0.000117274 1.29088e-05
0.217108 9.66829e-05 1.70215e-05 0.217356 8.20961e-05 1.36223e-05 0.217618 7.23317e-05 5.19364e-06 0.21792
6.62446e-05 -6.31015e-06 0.218279 6.27129e-05 -1.89178e-05 0.218708 6.06782e-05 -3.14998e-05 0.219215 5.89883e-05
-4.36646e-05 0.213503 -0.00228083 -0.000781752 0.213407 -0.00435372 -0.00165355 0.213587 -0.00106135 -0.000285099
0.213613 -0.000531402 -0.000128352 0.213596 -0.000242779 -6.06675e-05 0.213647 -7.41836e-05 -2.57379e-05 0.213791
1.74001e-05 -1.53001e-05 0.214046 6.00823e-05 -2.07798e-05 0.214389 7.47299e-05 -1.55435e-05 0.214738 7.51931e-05
2.1209e-06 0.215038 7.00298e-05 1.39422e-05 0.215305 6.37701e-05 1.6843e-05 0.215581 5.83231e-05 1.27817e-05
0.215893 5.4372e-05 4.08795e-06 0.21626 5.18707e-05 -7.29615e-06 0.216693 5.04799e-05 -1.95124e-05 0.217202
4.983e-05 -3.1666e-05 0.217792 4.92265e-05 -4.35843e-05 0.219215 0.001388 -0.00146839 0.225415 0.00211632
-0.00265137 0.216333 0.00087876 -0.000725142 0.214487 0.000638085 -0.000393198 0.213309 0.000480515 -0.000216163
0.212639 0.000363199 -0.0001158 0.212359 0.000272249 -6.73408e-05 0.212388 0.000202057 -5.10178e-05 0.212632
0.000149323 -3.29956e-05 0.21296 0.000110593 -8.61879e-06 0.213283 8.28195e-05 6.66604e-06 0.213599 6.35195e-05
1.13756e-05 0.213937 5.03758e-05 8.47768e-06 0.214319 4.16306e-05 6.51904e-07 0.214761 3.60097e-05 -1.00417e-05
0.215273 3.24674e-05 -2.1814e-05 0.215862 3.0339e-05 -3.36958e-05 0.216534 2.89672e-05 -4.52822e-05 0.191317
0.00251647 -0.00105956 0.179814 0.00436217 -0.00204524 0.197322 0.00140155 -0.000438607 0.201339 0.000876837
-0.000249233 0.204025 0.000571937 -0.000153024 0.205964 0.000375034 -9.35946e-05 0.207447 0.000243465 -6.59753e-05
0.208665 0.00015455 -5.83866e-05 0.209716 9.53346e-05 -4.26074e-05 0.2106 5.68831e-05 -1.7739e-05 0.21132
3.21055e-05 -1.3914e-06 0.211926 1.63652e-05 4.66551e-06 0.212483 6.46685e-06 3.20029e-06 0.213037 3.32572e-07
-3.38791e-06 0.213617 -3.2555e-06 -1.30336e-05 0.214243 -5.20174e-06 -2.4073e-05 0.214931 -6.17962e-06 -3.55349e-05
0.21569 -6.70948e-06 -4.67228e-05 0.189643 -0.00185991 -0.00115947 0.177725 -0.00347448 -0.00225599 0.195953
-0.00097233 -0.000485669 0.200224 -0.000598329 -0.000273955 0.203116 -0.000395623 -0.000166637 0.205225 -0.000273785
-0.000101695 0.206848 -0.000199114 -7.11824e-05 0.208179 -0.000152613 -6.23824e-05 0.20932 -0.000123106 -4.5891e-05
0.210278 -0.000103514 -2.01912e-05 0.211055 -8.97506e-05 -3.15195e-06 0.211709 -7.98397e-05 3.48053e-06 0.212306
-7.26142e-05 2.44839e-06 0.212893 -6.72039e-05 -3.84441e-06 0.213501 -6.29613e-05 -1.32385e-05 0.214151 -5.94151e-05
-2.40717e-05 0.214859 -5.64368e-05 -3.53849e-05 0.215636 -5.40958e-05 -4.64443e-05 0.215261 -0.000848258 -0.00166297
0.22053 -0.00121871 -0.00299554 0.213075 -0.000569421 -0.000822928 0.211822 -0.000463319 -0.000448718 0.211134
-0.000388877 -0.000247999 0.210875 -0.000329767 -0.000134043 0.210934 -0.000281273 -7.88901e-05 0.21124 -0.000240983
-5.96532e-05 0.211708 -0.000208192 -3.98426e-05 0.212214 -0.00018149 -1.37294e-05 0.212682 -0.000159748 2.82693e-06
0.213115 -0.000142452 8.5121e-06 0.21355 -0.000129191 6.46704e-06 0.214014 -0.000119142 -5.81189e-07 0.214524
-0.0001114 -1.05627e-05 0.215093 -0.00010515 -2.17656e-05 0.215732 -0.000100063 -3.32187e-05 0.216447 -9.60554e-05
-4.44074e-05 0.210024 0.00273879 -0.000875749 0.208979 0.0052038 -0.00179678 0.210723 0.0012722 -0.000326275
0.211264 0.000603008 -0.000150241 0.211676 0.000234513 -7.28208e-05 0.212094 1.7371e-05 -3.26994e-05 0.212552
-0.000102503 -1.99663e-05 0.213068 -0.000159707 -2.48925e-05 0.213625 -0.000180861 -1.90682e-05 0.214149 -0.000183359
-3.73868e-07 0.214592 -0.000176698 1.18267e-05 0.214977 -0.000166725 1.49507e-05 0.21535 -0.000156848 1.14363e-05
0.215744 -0.000148269 3.43227e-06 0.216179 -0.000141085 -7.29469e-06 0.21667 -0.000134983 -1.89497e-05 0.217228
-0.000129814 -3.06133e-05 0.217861 -0.000125488 -4.20725e-05 0.192245 8.01541e-05 -0.000468403 0.174448 0.000842265
-0.00133389 0.201013 -0.000276452 -3.45986e-05 0.206599 -0.000402246 6.99983e-06 0.210095 -0.000440564 1.39327e-06
0.212386 -0.000438705 -1.19688e-06 0.213937 -0.00041178 -8.22279e-06 0.215049 -0.000368716 -2.08161e-05 0.215896
-0.000321764 -1.78953e-05 0.216531 -0.000280565 -2.65132e-07 0.216986 -0.000245557 1.25767e-05 0.217327 -0.000217113
1.66639e-05 0.217626 -0.000195131 1.33779e-05 0.21793 -0.000178478 5.19013e-06 0.218266 -0.00016589 -6.04016e-06
0.218653 -0.000156201 -1.82704e-05 0.219104 -0.000148588 -3.03763e-05 0.21963 -0.000142469 -4.22231e-05 0.219899
-0.0036033 -0.00173376 0.215648 -0.00573193 -0.00312248 0.221347 -0.00223153 -0.000881056 0.221816 -0.0015453
-0.00051721 0.221702 -0.00112204 -0.000315212 0.221388 -0.000837872 -0.000190164 0.221056 -0.000639169 -0.000118204
0.220812 -0.000494509 -8.15295e-05 0.220678 -0.000388387 -4.86076e-05 0.220593 -0.000313116 -1.51468e-05 0.220509
-0.000259474 5.59094e-06 0.220436 -0.000221161 1.35244e-05 0.220409 -0.000193757 1.20715e-05 0.220449 -0.000174146
4.56899e-06 0.220566 -0.000159973 -6.60683e-06 0.220767 -0.000149502 -1.90552e-05 0.221055 -0.000141618 -3.14069e-05
0.221435 -0.000135555 -4.34537e-05 0.239391 0.000863553 -0.00268103 0.247442 0.0014477 -0.00430044 0.234951
0.000475605 -0.0015466 0.231579 0.00023951 -0.000936983 0.22894 9.0245e-05 -0.000569877 0.226906 -4.4278e-06
-0.00034319 0.225391 -6.22934e-05 -0.000209411 0.224328 -9.65464e-05 -0.000134225 0.223622 -0.000114316 -7.75318e-05
0.223129 -0.000120069 -3.08316e-05 0.222745 -0.000119429 -3.08387e-06 0.222445 -0.000116595 8.68007e-06 0.22224
-0.00011337 9.82501e-06 0.222137 -0.000110495 3.78692e-06 0.222135 -0.000108119 -6.77004e-06 0.222235 -0.000106198
-1.90207e-05 0.222435 -0.000104787 -3.12295e-05 0.222735 -0.000103775 -4.3107e-05 0.212977 0.00387533 -0.00136969
0.20463 0.00651882 -0.00228819 0.217096 0.00226586 -0.000715486 0.219525 0.00140963 -0.000444335 0.220807
0.000888502 -0.00028489 0.221478 0.000553217 -0.000181192 0.221827 0.000332019 -0.000120821 0.222042 0.000183773
-8.96357e-05 0.222208 8.67715e-05 -5.81018e-05 0.222315 2.74589e-05 -2.3621e-05 0.222349 -7.98474e-06 -6.6952e-07
0.222344 -2.99717e-05 9.63253e-06 0.222349 -4.43904e-05 1.05397e-05 0.222396 -5.41095e-05 5.44455e-06 0.222503
-6.06938e-05 -3.80125e-06 0.222682 -6.51355e-05 -1.56088e-05 0.222939 -6.8459e-05 -2.82959e-05 0.22328 -7.11447e-05
-4.1108e-05 0.200161 -0.000490127 -0.000973337 0.185907 -0.00117785 -0.00184456 0.207581 -7.57163e-05 -0.0003921
0.212446 2.84825e-05 -0.000228666 0.215536 5.43682e-05 -0.000147285 0.217571 5.46752e-05 -9.56728e-05 0.218945
4.10059e-05 -6.95917e-05 0.219923 2.16687e-05 -6.0566e-05 0.220654 3.03714e-06 -4.26713e-05 0.221182 -1.14994e-05
-1.55496e-05 0.221532 -2.23156e-05 3.48807e-06 0.221769 -3.06113e-05 1.18456e-05 0.221962 -3.74059e-05 1.15356e-05
0.222157 -4.30144e-05 5.79029e-06 0.222382 -4.72953e-05 -3.40107e-06 0.222654 -5.01926e-05 -1.45505e-05 0.222989
-5.2065e-05 -2.73424e-05 0.223394 -5.33803e-05 -4.09293e-05 0.223299 -0.000805085 -0.0016 0.225596 -0.00135366
-0.00288226 0.222381 -0.000319692 -0.00077504 0.221823 -0.000191258 -0.000429594 0.221435 -0.000126176 -0.00024578
0.221213 -8.14498e-05 -0.00013936 0.221143 -5.42918e-05 -8.45784e-05 0.221219 -4.03899e-05 -6.24284e-05 0.2214
-3.46839e-05 -3.96683e-05 0.221598 -3.2574e-05 -1.15527e-05 0.221753 -3.25e-05 6.93535e-06 0.221878 -3.36795e-05
1.44225e-05 0.22201 -3.55295e-05 1.30012e-05 0.222176 -3.76505e-05 5.42398e-06 0.222392 -3.96321e-05 -5.42609e-06
0.222668 -4.10139e-05 -1.71697e-05 0.223013 -4.12856e-05 -2.94578e-05 0.223434 -4.09711e-05 -4.20711e-05 0.223936
-4.10404e-05 -5.34528e-05 0.223743 0.00259227 -0.000928589 0.226169 0.00458494 -0.00184087 0.222689 0.00147422
-0.000374493 0.221988 0.000908306 -0.000178962 0.221484 0.000573017 -8.77503e-05 0.221177 0.000359246 -4.08167e-05
0.221054 0.000220282 -2.3358e-05 0.221103 0.000130173 -2.49899e-05 0.221278 7.24845e-05 -1.73875e-05 0.221482
3.64811e-05 1.854e-06 0.22165 1.35618e-05 1.4867e-05 0.221792 -1.56764e-06 1.88069e-05 0.221942 -1.16663e-05
1.55571e-05 0.222126 -1.85142e-05 7.21537e-06 0.222358 -2.33171e-05 -4.16386e-06 0.222649 -2.65111e-05 -1.64664e-05
0.223009 -2.80595e-05 -2.78901e-05 0.223444 -2.8532e-05 -3.90608e-05 0.223959 -2.91016e-05 -5.04355e-05 0.200427
0.0015944 8.13728e-05 0.186357 0.00324962 -0.000226719 0.207519 0.000816846 0.000261776 0.212124 0.000443526
0.000188457 0.21506 0.000245287 0.000120266 0.217019 0.000131057 7.51649e-05 0.218381 6.40107e-05 3.86825e-05
0.219391 2.64293e-05 7.02904e-06 0.220183 6.00616e-06 -1.46883e-06 0.220784 -5.85146e-06 1.00331e-05 0.221212
-1.30425e-05 1.91955e-05 0.221524 -1.75196e-05 2.09266e-05 0.221788 -2.02696e-05 1.68283e-05 0.222048 -2.19925e-05
8.62108e-06 0.222331 -2.3099e-05 -2.57009e-06 0.222656 -2.37834e-05 -1.47535e-05 0.223038 -2.41652e-05 -2.62563e-05
0.223487 -2.4086e-05 -3.71629e-05 0.224012 -2.37522e-05 -4.85009e-05 0.213926 -0.00314746 -0.000803434 0.207376
-0.00537138 -0.00155552 0.216957 -0.00176976 -0.000309826 0.218774 -0.00110629 -0.000164606 0.219791 -0.000715707
-9.47421e-05 0.220403 -0.000466363 -5.39133e-05 0.220821 -0.000305673 -3.75568e-05 0.221173 -0.000200488 -3.63305e-05
0.221509 -0.000131847 -2.46204e-05 0.221789 -8.91698e-05 -2.13985e-06 0.221987 -6.30422e-05 1.28637e-05 0.222133
-4.68567e-05 1.76793e-05 0.222272 -3.63828e-05 1.51324e-05 0.222438 -2.94329e-05 7.66083e-06 0.222648 -2.4701e-05
-3.19933e-06 0.222917 -2.14482e-05 -1.55053e-05 0.223254 -1.93041e-05 -2.80504e-05 0.223668 -1.78767e-05 -4.01808e-05
0.224164 -1.65675e-05 -5.15152e-05 0.23475 0 -0.0021096 0.24284 0 -0.00366345 0.230836
0 -0.00113441 0.228107 0 -0.000659814 0.226146 0 -0.00038638 0.224753 0
-0.000223931 0.223817 0 -0.000134498 0.223261 0 -8.94395e-05 0.222986 0 -5.21793e-05
0.222854 0 -1.66819e-05 0.222767 0 5.11392e-06 0.222713 0 1.35627e-05 0.22271
0 1.28854e-05 0.222771 0 6.25722e-06 0.222905 0 -4.23384e-06 0.223116 0
-1.64087e-05 0.223411 0 -2.90784e-05 0.223792 0 -4.19628e-05 0.224262 0 -5.34972e-05
0.338592 0.0131605 -0.0101184 0.331543 0.0136545 -0.00995156 0.327277 0.013072 -0.00851636 0.351717
5.20218e-38 -0.00413694 0.353832 1.0192e-37 -0.00622022 0.349271 -3.46998e-36 -0.00595923 0.336443 -6.19825e-34
-0.00497288 0.319907 0.022086 -0.0082866 0.339661 0.0186227 -0.0102231 0.165934 0.0130444 -0.00248674
0.176101 0.0315282 -0.00507161 0.303441 0.0231565 -0.00671178 0.313357 -6.63075e-34 -0.00425114 0.263512
6.58411e-32 -0.00182755 0.172114 0.00970825 -0.00119211 0.251768 3.3788e-31 -0.00208056 0.178826 0.00844066
-0.00184047 0.24432 -2.07122e-32 -0.00346748 0.185118 0.0073708 -0.00231009 0.2394 -1.29913e-32 -0.00421813
0.190531 0.00635998 -0.00224261 0.23597 -5.03995e-34 -0.00422611 0.194923 0.00553133 -0.00203956 0.233312
4.78889e-35 -0.0039763 0.140176 0.0328344 0.00304223 0.0550411 0.0261531 0.011811 0.0569242 -0.0119362
0.0207275 0.201523 0.0252142 0.000423393 0.124844 -0.00983883 -0.00180455 0.044136 -0.00907839 0.00342301
0.0236543 0.0311172 0.00245275 0.136122 -0.0100936 -6.42769e-05 0.147842 -0.00828587 -0.000535087 0.158136
-0.00657708 -0.000985383 0.167042 -0.0052668 -0.000925012 0.174524 -0.00426643 -0.000760014 -0.0421722 0.0443901
0.0365264 -0.0448132 0.0205237 0.0257982 -0.0242077 0.0112074 0.0171959 0.182155 -0.0347213 0.00431887
0.224739 -0.0198349 0.016997 0.0484375 0.0291186 0.0338004 0.242678 -0.0142218 -0.00161452 0.290176
-0.0194859 -0.00205532 0.181325 -0.0388686 0.000477926 0.232668 -0.0118831 -0.000988346 0.228015 -0.00983096
-0.00184349 0.225466 -0.00809027 -0.00252676 0.224165 -0.00670918 -0.00255983 0.223395 -0.0056595 -0.00234802
0.352665 -0.00388815 0.00132549 0.356727 -0.00333019 0.00103596 0.368068 0.00288673 -0.00600783 0.366242
0.000596712 -0.00471098 0.350327 -0.00409569 0.00139087 0.287676 0.0175904 -0.00970006 0.309004 0.0249634
-0.0140921 0.343297 0.0202196 -0.0157554 0.364473 0.00295774 -0.00575545 0.350502 -0.00805932 0.000639408
0.316203 -0.0216062 -0.00053379 0.245354 0.0069482 -0.00308899 0.236472 0.00361606 -0.00208045 0.231323
0.00235348 -0.00288193 0.227993 0.00181313 -0.00357129 0.226037 0.00150617 -0.00357639 0.224806 0.00134972
-0.00331501 0.340117 0.0158859 -0.0182076 0.310708 0.0103568 -0.0285918 0.301352 0.00810289 -0.0299831
0.336262 0.015466 -0.0174681 0.200599 0.0408333 -0.00506057 0.245811 0.0345714 -0.00851433 0.327354
0.0318458 -0.0217635 0.135137 0.00483087 -0.00277696 0.0620823 0.0188904 0.00491069 0.193019 0.0387814
-0.00613292 0.145693 0.00402942 -0.000708801 0.156014 0.00323756 -0.00138934 0.164308 0.0025211 -0.00203016
0.17173 0.00195678 -0.00205663 0.178296 0.00157385 -0.00188989 -0.0182277 0.014728 0.0287011 -0.0559824
0.0129779 0.0328217 -0.0575044 0.0111814 0.0408096 -0.040387 -0.0310225 0.0419848 0.171525 -0.0197674
-0.00324048 0.146812 -0.0409898 0.000269328 0.0227702 -0.0237973 0.00757339 0.178451 -0.0147254 -0.00124123
0.185023 -0.0117699 -0.0017243 0.19024 -0.00995343 -0.00240237 0.195036 -0.00861531 -0.00251672 0.199261
-0.00753612 -0.0023787 0.0913096 0.0172608 0.0178823 0.100725 -0.0339582 0.00594008 0.123372 -0.0482715
0.00173463 0.293082 -0.0356967 -0.00323427 0.315361 -0.038289 -0.00295078 0.24697 -0.0413921 0.00313329
0.280151 -0.00655625 -0.00580355 0.333675 -0.0073059 -0.00606571 0.281688 -0.0349408 -0.00414954 0.271343
-0.00460827 -0.0039557 0.263515 -0.00324009 -0.0041621 0.257285 -0.00239559 -0.00485989 0.252876 -0.00188389
-0.00495853 0.24951 -0.00156628 -0.00468673 0.38334 -0.00572532 -0.0058495 0.364467 0.0110932 -0.0101267
0.358154 0.00996342 -0.0109713 0.357565 0.0082571 -0.0108196 0.381284 -0.00703598 -0.00631051 0.361108
-0.00727392 -0.00521156 0.344693 0.0175972 -0.00832667 0.362318 0.0169118 -0.00898648 0.376329 -0.00619424
-0.00508776 0.20119 0.0147072 -0.00563861 0.211432 0.027214 -0.00535687 0.331452 0.0167673 -0.00874277
0.202883 0.0112663 -0.00296104 0.205652 0.00934158 -0.00329782 0.208315 0.00827625 -0.00389149 0.211237
0.00746534 -0.00382699 0.213924 0.00675416 -0.00345857 0.257009 0.0290629 0.00121866 0.221744 0.031572
-0.00158485 0.0465993 0.0251736 0.0131939 -0.0383614 -0.0422561 0.0430929 0.089309 -0.0228146 0.029655
0.116324 -0.00269825 -0.00311571 0.0339419 -0.0122002 0.00229947 0.0591409 0.0264168 0.00309085 0.127687
-0.00235628 -0.000590779 0.139862 -0.0021085 -0.00134425 0.150593 -0.00157277 -0.002027 0.160376 -0.00102836
-0.00194706 0.168952 -0.000613279 -0.00161576 -0.0376375 0.0223916 0.0399225 -0.00133017 -0.0156549 0.0132658
0.106886 -0.0447653 0.00153439 0.082922 0.0131449 0.0240186 -0.0207706 0.051455 0.0393218 0.2185
-0.0131409 -0.00213144 0.224537 -0.0243468 -0.00498981 0.106743 -0.0409456 -0.00296009 0.21427 -0.00986892
-0.000785725 0.212799 -0.00825464 -0.00150011 0.212342 -0.00708389 -0.00221782 0.212628 -0.006059 -0.00225107
0.213136 -0.00520331 -0.00198872 0.263249 -0.00562261 -0.00781346 0.288419 -0.0100595 -0.00772182 0.369411
-0.00630507 -0.00650536 0.367152 -0.00535617 -0.00602362 0.256254 -0.0021294 -0.00731922 0.296466 0.00745579
-0.00610316 0.319494 0.00879992 -0.00742868 0.353239 0.00780509 -0.00782567 0.364733 -0.00667762 -0.00593273
0.288746 -0.0387543 -0.00627788 0.220353 -0.0339926 -0.0042596 0.257066 0.00614658 -0.00323191 0.246971
0.00491396 -0.00204534 0.239891 0.00399003 -0.00266928 0.234716 0.00323125 -0.00333923 0.231113 0.00270301
-0.00335958 0.228381 0.00238059 -0.0030734 0.358907 0.00356801 -0.00726885 0.340044 0.00875163 -0.00910295
0.337756 0.00871428 -0.00844404 0.359097 0.00331407 -0.00655313 0.237124 0.0312259 -0.00503603 0.292924
0.0312864 -0.0119683 0.340766 0.0131858 -0.00959351 0.135075 0.00979031 -0.00415356 0.0948439 0.0296251
0.000651013 0.224181 0.0296099 -0.00585866 0.144216 0.00873525 -0.00172325 0.153174 0.00769836 -0.00212242
0.160878 0.00669059 -0.0026725 0.167895 0.00580687 -0.00262187 0.173946 0.00509441 -0.00235821 0.0411072
0.0347789 0.0264557 -0.0141845 0.0250103 0.03401 -0.0274639 -0.0170707 0.0493138 0.0532427 -0.0053193
0.0375721 0.132341 -0.0106822 -0.00485236 0.095281 -0.03262 -0.000905428 0.0163454 -0.00273642 0.0059817
0.141658 -0.00882145 -0.00227024 0.150696 -0.00734272 -0.00255909 0.158467 -0.00605666 -0.00303656 0.165565
-0.00500746 -0.00292793 0.171711 -0.00420235 -0.00261776 0.0558895 0.00506486 0.0340855 0.0466949 -0.0375513
0.023149 0.0659399 -0.0435839 0.0102209 0.23284 -0.0320782 -0.00711657 0.289071 -0.0318147 -0.0147268
0.202325 -0.0469237 -0.00356052 0.250699 -0.00598403 -0.00384641 0.289446 -0.00798987 -0.00723372 0.219582
-0.0303414 -0.00785304 0.240865 -0.00433055 -0.00255835 0.233958 -0.0031431 -0.0031284 0.228985 -0.00224871
-0.00377364 0.225621 -0.00167962 -0.00376652 0.223147 -0.00137827 -0.00345737 0.349456 -0.00365779 -0.00839581
0.351026 -0.00462602 -0.00857858 0.359155 0.00562998 -0.00591452 0.35645 0.00509877 -0.00517248 0.349407
-0.00342249 -0.00767982 0.219803 0.0238179 -0.00429011 0.216229 0.0330876 -0.00330002 0.285092 0.0377186
-0.00551003 0.355227 0.00584005 -0.00555701 0.344301 -0.00814486 -0.0089503 0.311954 -0.00943206 -0.00884214
0.212958 0.0132906 -0.00174833 0.208406 0.0103646 -0.000552802 0.206958 0.00903426 -0.00140944 0.206761
0.00802348 -0.00223164 0.2074 0.00704713 -0.00233437 0.208282 0.00616925 -0.00211651 0.261097 0.0056994
-0.00680434 0 0 0 0 0 0 0.254285 0.00232365 -0.00641559
0.105037 0.0438642 0.00255536 0.081718 -0.0135434 0.0247567 0.218872 0.0440268 0.00300611 0.112212
0.00328191 -0.00296028 0.0320197 0.0123528 0.00286602 0.10447 0.0404232 -0.00209097 0.123014 0.00284073
-0.000618268 0.135151 0.0026568 -0.00137272 0.146129 0.00218018 -0.00207027 0.156324 0.00165158 -0.00200852
0.165366 0.00122459 -0.0016773 -0.0369686 -0.0231311 0.0399625 -0.00193548 0.0148569 0.0138448 0.0441609
-0.0246112 0.0137574 -0.0377809 0.0407885 0.0432079 -0.0535001 -0.00768652 0.0430952 0.199335 -0.0134451
-0.00565759 0.20919 -0.0253815 -0.00495305 0.0559365 -0.0252318 0.00348086 0.201021 -0.0104275 -0.00311438
0.203928 -0.00876313 -0.00340202 0.206783 -0.00785839 -0.00400381 0.209981 -0.00714803 -0.00396404 0.212988
-0.00650076 -0.00361165 0.319388 -0.00672873 -0.0146578 0.313591 -0.00400583 -0.0155763 0 0
0 0 0 0 0.219147 -0.0295899 -0.000898747 0.344671 -0.0157113 -0.00750145
0.361684 -0.0154028 -0.00823311 0.33795 -0.0263182 -0.0105778 0.254621 -0.0276411 0.00167916 0.280872
0.00727755 -0.00547201 0.334621 0.00848236 -0.0051042 0.331803 -0.0149959 -0.00803368 0.272271 0.00512524
-0.00371409 0.264613 0.00357299 -0.00400306 0.25853 0.00260963 -0.00479955 0.254267 0.00204388 -0.0049785
0.251049 0.00170691 -0.00477516 0.30415 0.0100105 -0.000354745 0.279438 0.00517386 0.000423997 0.275054
0.00164657 7.87609e-05 0.381626 0.00765803 -0.00586533 0.383808 0.00663907 -0.00495319 0.37689 0.00736439
-0.00389516 0.361939 0.00857465 -0.00398755 0.292967 0.0359098 -0.00199986 0.314614 0.0382342 -0.0017868
0.172765 0.0200998 -0.0037654 0.146402 0.0404138 -0.00070123 0.281839 0.0351771 -0.00321307 0.179286
0.0149796 -0.00130551 0.185768 0.0119036 -0.00185736 0.19106 0.0100225 -0.00255927 0.19598 0.00867159
-0.0026673 0.200343 0.00760549 -0.0025284 0.0995793 0.0337991 0.00707508 0.0194165 0.0155501 0.0109342
-0.0144709 -0.0506033 0.0231198 0.0899534 -0.0176215 0.0194574 0.135747 -0.00355173 -0.00351424 0.0608001
-0.0160699 0.00378605 0.0221912 0.0251582 0.00471875 0.145815 -0.00310714 -0.000984408 0.156113 -0.00264516
-0.00170846 0.164567 -0.00215044 -0.00232827 0.172176 -0.00172756 -0.00230231 0.178922 -0.00143395 -0.00209031
-0.0423009 0.0323623 0.0422551 -0.0227677 -0.0109224 0.0287122 0.00068903 -0.014706 0.0190236 0.199683
-0.0387618 -0.00362368 0.244772 -0.0329521 -0.0061367 0.0779074 0.0208058 0.0273577 0.247045 -0.00559145
-0.00297863 0.289679 -0.015796 -0.00910969 0.192149 -0.036685 -0.00527384 0.237971 -0.00276568 -0.00204656
0.232913 -0.00188625 -0.00291826 0.229717 -0.0016047 -0.0036174 0.227875 -0.00146461 -0.00359699 0.226732
-0.00141518 -0.00330521 0.342397 -0.0161461 -0.0166444 0.349574 -0.0149971 -0.0156225 0.373056 -0.00257622
-0.00600594 0.371317 -0.0010015 -0.00477201 0.338792 -0.0159766 -0.0159207 0.294539 0.0216089 -0.00278378
0.321284 0.024176 -0.00196076 0.355861 0.0100281 -0.000874927 0.369367 -0.00202965 -0.00574651 0.345547
-0.0191485 -0.0144251 0.310876 -0.0231664 -0.0130413 0.246548 0.0157131 -0.00148349 0.236687 0.0128752
-0.000893519 0.23214 0.0103722 -0.0017535 0.229586 0.00830967 -0.00239314 0.228181 0.00672966 -0.00239094
0.227264 0.00556105 -0.00215702 0.357419 0.00420072 0.000101931 0.333764 0.00171824 0.00143932 0.328899
0.000516414 0.00137266 0.354865 0.00413104 0.000292401 0.18804 0.0387164 0.003417 0.231021 0.022923
0.0143792 0.340729 0.0211436 0.00150294 0.127457 0.0109037 -0.00115566 0.045159 0.0127461 0.00588391
0.185605 0.0422156 0.000444044 0.139778 0.0107621 0.000384898 0.152169 0.00862997 -0.000167513 0.162758
0.00670235 -0.000550296 0.17173 0.00525555 -0.000463997 0.179163 0.0041626 -0.000310471 -0.045579 -0.0186904
0.0281544 -0.0622119 -0.0230807 0.0314185 -0.0594916 -0.013198 0.0392092 -0.0438054 -0.0452688 0.0371501
0.174396 -0.0137652 -0.00212871 0.185888 -0.0334673 -0.00367479 0.0247071 -0.0306948 0.00589975 0.181083
-0.0105413 -0.00103601 0.1881 -0.00929431 -0.00175373 0.194389 -0.00819443 -0.00211487 0.199616 -0.00713476
-0.00199461 0.203732 -0.00625601 -0.00178486 0.32208 -0.00903986 -0.0155048 0.314297 -0.00738616 -0.0150175
0 0 0 0 0 0 0.212846 -0.0266548 -0.00445429 0.150725
-0.0352182 -0.00287876 0.174585 -0.0408521 -0.004232 0.336814 -0.0234038 -0.0099685 0.356378 -0.019349
-0.0121392 0.341591 -0.0297841 -0.0152372 0.279016 0 -0.00238035 0.330402 0 -0.00647563
0.319831 -0.0245782 -0.00788261 0.266863 0 -0.00262961 0.258985 0 -0.00390538 0.25352
0 -0.00447511 0.249443 0 -0.00438716 0.246112 0 -0.004092 0 0
0 0 0 0 0.296632 0.00572506 -0.0158387 0.300469 0.00791599 -0.0164978
0.340858 0.0164336 -0.0106564 0.308011 0.00942023 -0.0164559 0 0 0 0
0 0 0.326133 0.0209184 -0.0148179 0.325742 0.0288546 -0.0144743 0 0
0 0 0 0 0.329399 -0.00154739 0.00297475 0.324893 -0.000582758 0.00277547
0.355783 -0.00506102 0.0010848 0.338949 -0.011344 0.00358475 0.33482 -0.0187644 0.00362072 0.329864
0.0240286 -0.023331 0.347277 0.0179269 -0.0169411 0 0 0 0 0
0 0.079209 -0.0197099 0.0256403 0 0 0 0 0 0
0.27604 -0.00197003 -3.59756e-05 0.280634 -0.00543253 3.6185e-05 0.305272 -0.0101129 -0.00107154 0.315081
-0.0279219 -0.00222031 0 0 0 0 0 0 0 0
0 0 0 0 -0.0544237 0.00648277 0.0432838 0 0 0
0 0 0 0 0 0 0.298793 -0.0286445 -0.00777084 0
0 0 0.221671 -0.0451633 0.00190296 0.344548 0.0109868 -0.00971039 0.358927 0.00643122
-0.00798033 0 0 0 0 0 0 0.203321 0.0468609 -5.14307e-05
0 0 0 0 0 0 0.333036 -0.00912043 -0.011312 0.330799
-0.009165 -0.0108532 0.349467 -0.00662278 -0.00910186 0.337196 -0.011278 -0.011713 0.333456 -0.0135192
-0.0115847 0 0 0 0.295338 0.0279133 -0.00695955 0 0 0
0 0 0 -0.0203114 -0.0513905 0.0395034 0 0 0 0
0 0 0 0 0 0.0881879 0.0227918 0.0300655 0.313927 0.0277555
-0.00127415 0 0 0 0 0 0 0.245261 0.0407263 0.00444029
0 0 0 0 0 0 0.312141 -0.0106807 -0.0265514 0.303083
-0.00867166 -0.0278913 0.349501 -0.0173285 -0.0154759 0.330804 -0.0233961 -0.0214003 0.328271 -0.0307139
-0.0198956 0.344688 0.012921 0.00159252 0.361169 0.00645061 -0.000431819 0 0 0
0 0 0 0.0512948 -0.0284332 0.0317295 0.341683 -0.0214194 -0.0154165 0
0 0 0.371577 0 -0.00992779 0.368751 0 -0.00787969 0.34226 -0.0122769
-0.0094499 0.346776 -0.0131466 -0.0109786 0.354502 -0.0131101 -0.0117108 0.367395 0 -0.00964874
0.357256 -0.0167864 -0.0123847 0.163714 0.0384105 -0.00131805 0 0 0 0
0 0 -0.05731 0.0140111 0.0387854 -0.0155836 0.031778 0.0171431 0.0577691 0.0366622
0.00835995 -0.0598418 0.0241778 0.0291029 -0.0564142 0.0314039 0.0220535 0.347216 0.0150957 -0.0170847
0.322234 0.0133203 -0.0260517 0 0 0 0 0 0 0
0 0 0.00459087 0.0188296 0.0194727 0 0 0 0 0
0 -0.0138981 0.0503495 0.0218449 -0.0308112 -0.0112144 0.0169327 -0.0514764 0.00676018 0.0259089
0.0203398 -0.0155428 0.0102648 0.0318382 -0.0376511 0.00574086 0 0 0 0
0 0 0 0 0 0.363308 0.0145848 -0.00968575 0 0
0 0 0 0 0.315075 0.0040496 -0.0155578 0.320905 0.00698418 -0.0147749
0.339162 0.0205185 -0.011751 0.339631 0.0278294 -0.0110401 0.360737 0.0044192 -0.00761216 0.343063
0.00888823 -0.00955441 0.280715 0.0109055 -0.0145954 0.270939 0.00929371 -0.0146683 0.294196 0.0119309
-0.014405 0.0623322 0.0408962 0.0128002 0 0 0 0 0 0
-0.0232289 0.0177847 0.0464363 -0.0243792 -0.00235647 0.0243371 -0.00710998 0.0308702 0.0229547 -0.00842639
-0.0282346 0.0311968 -0.00209704 -0.0348387 0.0206782 0.277779 -0.0113687 -0.01772 0.268041 -0.00985029
-0.0181197 0 0 0 0 0 0 0.29084 -0.0123624 -0.0173234
0 0 0 0.285486 0.00983523 -0.00682467 0 0 0 0.337356
-0.0194352 -0.011342 0.356441 -0.00794282 -0.010558 0.356998 -0.00948567 -0.0106106 0.363487 -0.0102993
-0.00958884 0.362297 -0.0134369 -0.00904402 0.121884 0.0477302 0.00218187 0 0 0
0 0 0 -0.0596695 -0.0100691 0.0407814 -0.0322344 0.0130976 0.015774 0.0303836
0.0373656 0.00573637 -0.0592002 -0.00960413 0.0320672 -0.05451 -0.00237929 0.0243347 0.361789 0.00404752
-0.00030055 0.34047 0.0037687 0.00149819 0 0 0 0 0 0
0 0 0 -0.0237419 -0.00783411 0.0192177 0 0 0 0
0 0 0.0623552 0.0118246 0.0150324 -0.0145652 -0.0327277 0.0177486 -0.0586728 -0.0294309
0.0245281 0.0622313 -0.029207 0.00719691 0.0639792 -0.0400033 0.00541169 0 0 0
0.332772 -0.0117455 -0.0154844 0.354384 0 -0.00819963 0.320237 0.01367 -0.00710884 0.318039
0.0118424 -0.0156735 0 0 0 0 0 0 0 0
0 0 0 0 0.335425 -0.00319324 0.00325079 0 0 0
0 0 0 0 0 0 0 0 0 0
0 0 0.305112 0.0224173 -0.0142314 0 0 0 0 0
0 0 0 0 0.301272 -0.0228584 -0.017118 0.335886 -0.00921753 -0.0116244
0 0 0 0 0 0 0 0 0 0
0 0 0 0 0 0 0 0 0 0
0 0 0 0 0.323358 -0.0133214 -0.0240762 0 0 0
0 0 0 -0.0231972 0.0188162 0.0234209 -0.0319357 -0.0230009 0.0336224 -0.0466677
0.00818696 0.0227897 -0.0504183 0.0345425 0.0286622 -0.0382453 -0.00160524 0.0348649 -0.0436819 0.000951952
0.0447318 0 0 0 0.329399 -0.00996587 -0.0129961 -0.0477741 -0.00679801 0.0224071
-0.0512917 -0.0347453 0.0291401 -0.0215816 -0.0199489 0.0231975 -0.0315254 0.0247197 0.0316228 0
0 0 0 0 0 0.331096 0.0105189 -0.013291 0 0
0 0 0 0 0 0 0 0 0 0
0.34466 -0.00470735 0.00226762 0.322065 0.000809007 0.00290117 0.296701 0.00441128 -0.0301734 0.328516
0.0153783 -0.017165 0.268673 0.00609179 0.000332184 0.247136 0.00601913 -0.00682886 0 0
0 0.336273 0.00816377 -0.00743851 0.356289 0.0019682 -0.00555346 0.346929 -0.00209879 -0.00705495
0.329269 -0.00876784 -0.0101176 0 0 0 0.245251 -0.00569832 -0.00600201 0.267746
-0.00647248 0.000168153 0.331053 -0.0161663 -0.0155371 0.298641 -0.00527306 -0.0280621 0.325961 -0.00106159
0.00158376 0.349069 0.00452484 0.00118036 0 0 0 0.31031 -0.00520967 -0.0139828
0.334847 -0.0125084 -0.00766333 0.352757 0.00593412 -0.0103883 0.314234 -7.24809e-05 -0.0152984 0
0 0 0 0 0 0.31261 -7.92123e-05 -0.0153062 0.351411 -0.00583536
-0.010174 0 0 0 0 0 0 0 0 0
0.265958 0.00628361 -0.0146682 0 0 0 0 0 0 0.262684
-0.00698123 -0.0185048 0 0 0 0 0 0 0 0
0 
vorticity 3 7164 float
-0.43161 4.28482 -0.0342555 -0.499552 6.85135 -0.165431 -0.480097 0 -0.117471 -0.401682 0
-0.0108203 -0.31235 3.39233 0.022942 -0.275735 0 0.0640398 -0.229047 3.18879 0.0637145
-0.200993 0 0.103434 -0.175394 3.33794 0.0682816 -0.154582 -0 0.10395 -0.137172
3.47461 0.06448 -0.120516 -0 0.0960014 -0.107658 3.53785 0.0583591 -0.0942021 -0
0.0865792 -0.0844134 3.57133 0.050972 -0.0738102 -2.8026e-45 0.0766524 -0.0660138 3.60214 0.0431974
-0.0578212 6.74025e-43 0.0668323 -0.0514614 3.63252 0.0356716 -0.0451912 7.7063e-41 0.0576635 -0.0398238
3.65965 0.0286517 -0.0351357 1.51842e-39 0.0493454 -0.0302116 3.68324 0.0222237 -0.026884 -8.86635e-38
0.0418915 -0.0216906 3.70389 0.0164474 -0.0195113 -4.10307e-36 0.035308 -0.0129387 3.72106 0.0113082
-0.0115447 -2.99009e-35 0.0295421 -0.000973114 3.73073 0.00662882 0.00054785 1.51407e-33 0.0244161 0.0216444
3.72347 0.00137196 0.0256543 5.1294e-32 0.0187018 0.0709956 3.68469 -0.00752673 0.0839544 -6.32186e-31
-0.00576486 0.00986739 1.8862 0.0977008 0.239995 5.52215e-30 0.0703259 -0.322267 1.14162 0.601273
-0.388881 1.07973 1.04631 -0.0790687 1.22475 0.218982 -0.2772 2.46255e-32 0.166856 -0.969226
0.620797 2.53417 -0.573337 2.19891e-32 0.429137 -0.681359 4.37891e-34 0.847282 -0.749505 1.92636e-33
0.99732 -0.861007 0.532307 3.93723 -0.929082 0.497268 4.10963 -1.01349 0.464081 3.5423
-0.394154 0.734161 3.78503 -0.588926 0.606935 3.15938 -0.706313 0.577643 3.30014 -0.78633
3.74778e-33 1.01137 -0.703158 3.49316e-33 1.26593 -0.593704 2.79888e-34 1.564 -0.58113 -9.55886e-34
1.7079 -0.66645 1.75375 4.36735 -0.228949 1.35512 5.08306 -1.15694 2.07542 3.2831
-1.27353 2.19132 3.56599 -1.15448 2.04826 3.77903 -0.628292 -3.75473e-34 1.96426 -0.684969
-6.77919e-35 2.04776 -0.702626 -6.57815e-36 1.86777 -0.678889 1.05461e-36 1.73794 -0.915038 2.25765
2.97308 -0.994967 2.29922 3.1932 -1.03582 2.17631 3.19045 -0.225065 4.36572 -0.123214
-0.241223 7.4585 -0.146927 -0.179331 3.28554 -0.124161 -0.12898 3.06876 -0.108124 -0.0957992
3.24315 -0.096587 -0.0745978 3.40212 -0.0876571 -0.0586201 3.48321 -0.0817782 -0.0453673 3.53168
-0.0777307 -0.0343153 3.5752 -0.0745627 -0.025279 3.61601 -0.0719419 -0.0178317 3.65138 -0.0697585
-0.0115013 3.68127 -0.0679153 -0.00592803 3.7064 -0.0663281 -0.000991979 3.72547 -0.0649556 0.00302166
3.73211 -0.0638159 0.00477748 3.7121 -0.0627583 -0.000524277 3.63902 -0.064582 -0.0767689 0.979931
-0.00302854 -0.0108467 1.10836 -0.106024 -0.133889 0.591022 0.038056 -0.516541 1.439 0.414428
-0.466613 1.61754 0.181774 -0.382956 1.13692 0.699977 -1.33538 4.25615 6.37755 -1.48804
5.02761 2.28797 -2.00553 3.76117 1.30528 -1.6159 5.51071 6.17827 -0.733206 5.12669
8.88655 -1.15298 -3.96986 31.5546 -3.42057 -13.3944 11.7393 -3.24123 -2.39999 7.47315
-3.61786 1.01666 10.2229 0.0278988 4.40792 -0.179308 0.0507146 7.42826 -0.128165 0.00789685
3.362 -0.230913 0.015006 3.14162 -0.250973 0.0196352 3.31392 -0.241926 0.0189507 3.47207
-0.227625 0.0172575 3.55122 -0.214992 0.0165134 3.59731 -0.203003 0.0167013 3.639 -0.191142
0.0173503 3.67854 -0.179715 0.0182458 3.7129 -0.168986 0.019387 3.74198 -0.159052 0.0207058
3.76682 -0.149936 0.0217688 3.78746 -0.141698 0.0211946 3.80117 -0.13431 0.0144696 3.80193
-0.127333 -0.0094402 3.78488 -0.132307 0.0472349 0.90357 -0.133766 0.0434666 1.86678 -0.17263
0.128314 0.412456 -0.157629 0.0232976 0.489127 -0.196096 0.164151 1.66559 -0.405683 0.408372
1.41259 -0.140772 0.328623 0.927639 -0.685288 0.103287 1.0429 -0.401063 -0.203547 2.2433
-4.8395 -0.559477 3.18577 -3.72062 -0.0450718 1.80557 -5.93899 -0.198398 1.56731 -9.20072
0.131121 1.74317 -8.56917 1.19977 -15.0936 3.35339 1.68173 -8.92767 -7.5472 1.40731
-1.88946 -5.65073 0.857841 -3.28111 0.423278 0.0161541 4.43698 -0.108243 0.0322767 7.37765
-0.0538008 0.0015475 3.44856 -0.157828 0.00789409 3.24334 -0.183315 0.0147953 3.41711 -0.185049
0.0175193 3.57587 -0.18073 0.0184927 3.65335 -0.176149 0.0193617 3.69613 -0.170788 0.02053
3.73408 -0.164501 0.0217928 3.77009 -0.157733 0.0231701 3.80112 -0.150884 0.0248853 3.82694
-0.144171 0.0272718 3.84854 -0.13769 0.0310258 3.86593 -0.131572 0.0380346 3.87638 -0.125923
0.0531157 3.87372 -0.121213 0.0883142 3.85397 -0.108854 0.0019512 1.81701 -0.0807744 -0.029498
0.941106 -0.121533 -0.232992 0.802228 0.1879 -0.0775439 0.976576 -0.134041 0.103082 1.10468
-0.104087 0.228297 0.903867 -0.477942 0.899528 0.634656 -2.85415 -0.0593573 0.285144 -0.0739244
0.963252 0.544349 -4.22614 0.888249 0.565831 -3.94509 -0.0912157 0.321746 0.0419791 -0.0776419
0.31491 -0.0064109 1.00309 0.502141 -3.81302 0.665182 0.664947 -3.07083 0.438056 0.693766
-3.56013 -0.108548 0.490234 0.0894765 -0.110302 0.383496 0.0589955 0.74398 0.595514 -3.20149
-0.10697 2.01309 0.333215 -1.04028 2.99109 4.08276 -0.481351 3.69009 5.1117 0.0380059
2.19501 5.04438 -0.0359244 1.66262 0.139897 -0.0219945 1.59654 -4.68066 0.0589726 2.3048
-4.35919 0.262715 1.17811 -3.28846 0.31978 0.986322 -3.15635 0.234403 0.918869 -2.89461
-0.230705 1.03715 0.382878 0.141709 0.953498 -2.94128 0.0944057 0.945104 -2.77276 -0.309469
1.13573 0.364866 -0.284825 1.098 0.389121 0.148429 0.934491 -2.84773 -0.0178329 4.44691
-0.017851 -0.00804754 7.36703 0.020533 -0.0275709 3.47936 -0.044091 -0.0233165 3.28382 -0.058025
-0.0154349 3.46374 -0.0642343 -0.00891931 3.62937 -0.0676165 -0.00380661 3.71153 -0.0702751 0.000618016
3.75674 -0.072051 0.00469914 3.7959 -0.0729385 0.00836976 3.83235 -0.0731326 0.0117809 3.86307
-0.0728638 0.015164 3.88783 -0.0722547 0.0188261 3.90725 -0.0713783 0.0233752 3.91988 -0.0703117
0.0303105 3.91862 -0.069128 0.0436727 3.88745 -0.0680532 0.0734619 3.79678 -0.054563 -0.0169929
0.79651 -0.0302648 0.0272266 1.02152 -0.00893758 -0.111183 0.258398 -0.000151046 -0.873759 0.534846
2.62233 -1.19633 0.777503 5.45778 -0.916523 1.08057 7.31451 -0.454725 1.05565 -0.021121
-0.336414 0.653364 0.50586 -0.963604 0.448582 3.90632 -0.904767 0.509975 4.48332 -0.476429
0.798773 16.959 -0.76406 0.625535 17.0654 -0.534691 0.690153 3.31945 0.388764 1.04407
9.65089 -0.38868 1.14444 14.4549 -0.676585 0.65581 3.51184 -1.46014 4.66351 6.10038
-0.455693 6.024 8.84623 -1.15251 2.98661 3.98783 -2.0554 3.32164 10.1584 -2.60144
3.51379 7.59304 -0.886649 2.86794 3.53395 -0.858307 3.0115 3.50716 -0.196155 3.15386
15.3513 -0.227582 3.15694 15.5561 -0.0213438 4.44491 0.0174967 -0.0149364 7.36306 0.0396213
-0.0296259 3.47889 0.00814683 -0.0301637 3.28486 0.00473895 -0.0264172 3.46829 0.00095379 -0.0214216
3.63854 -0.00249001 -0.0163709 3.72492 -0.00557241 -0.0114969 3.77354 -0.00833872 -0.00681744 3.81548
-0.0108155 -0.00243646 3.85427 -0.0130081 0.00163851 3.88688 -0.0149424 0.00537718 3.91313 -0.0166265
0.00857155 3.93377 -0.0180773 0.0104965 3.94775 -0.0193178 0.00908768 3.94893 -0.0202897 -0.00170027
3.92327 -0.0201897 -0.0364654 3.84517 -0.0072389 0.056312 0.86255 -0.0144896 -0.0343875 1.83183
-0.0495877 -0.0438951 0.341887 0.0970251 0.0726293 0.447581 -0.0521425 -0.235545 1.49192 0.300314
-0.104031 1.73824 0.0576512 -0.0540485 1.08107 0.0996696 -0.149576 0.869012 0.311873 -1.87382
4.96015 2.40324 -0.662811 3.30612 -3.55045 -0.642598 2.04129 -5.02762 -1.816 2.84816
-1.43458 -2.66605 4.48125 2.58225 -3.40173 -16.8607 9.91488 -1.43959 -18.4132 12.5168
-1.4466 -5.27087 4.50131 -3.12405 -3.15597 4.55355 -0.0157686 4.43985 0.0215945 -0.0117313
7.36127 0.032948 -0.0221022 3.46881 0.0198522 -0.0248035 3.27235 0.0209514 -0.0241624 3.45639
0.019636 -0.0213877 3.62808 0.0179088 -0.0177471 3.71639 0.0163111 -0.0138736 3.7671 0.0147183
-0.00996324 3.8111 0.0130726 -0.00609958 3.85191 0.0114147 -0.00229443 3.88647 0.00979296 0.00145533
3.91476 0.00823255 0.00509696 3.93819 0.00675325 0.00838756 3.95722 0.00539404 0.0105439 3.97004
0.00420682 0.00934841 3.97151 0.00325463 -0.000326439 3.96162 0.00435553 -0.0348451 4.03456 -0.00745243
0.322859 1.26313 -0.773777 0.088609 1.32652 -0.676887 0.0237675 1.09853 -0.169376 0.294586
1.06696 -0.723432 0.484622 1.59358 -1.76822 0.949656 1.30639 -10.1073 0.955055 0.863224
-9.41543 0.814927 0.720062 -3.87728 -0.191285 1.61398 -8.50741 0.242855 2.36949 -6.11552
0.164827 1.26748 -4.75098 -0.035854 1.14606 -5.34696 2.06861 -6.49419 -3.8855 0.185348
-1.27492 -25.7368 1.10833 0.659756 -6.18131 1.72578 -1.11644 -5.15318 -0.0102865 4.43581
0.0159066 -0.00782951 7.36137 0.0215726 -0.0146788 3.45957 0.0164341 -0.0176213 3.26011 0.0184598
-0.0183923 3.44324 0.018382 -0.0171578 3.61447 0.0178542 -0.0148582 3.70296 0.0173748 -0.0121412
3.75431 0.0168264 -0.00923168 3.79912 0.0161466 -0.00616318 3.84075 0.0153692 -0.00287735 3.876
0.0145361 0.000793967 3.9047 0.0136711 0.0052491 3.92785 0.0127967 0.0114689 3.94502 0.0119384
0.021852 3.952 0.0110437 0.0429991 3.93873 0.00916417 0.0897149 3.89165 0.00853405 0.0158158
1.8999 0.095292 -0.235929 1.13408 0.369307 -0.369788 0.906418 0.971959 -0.0858046 1.1224
0.208518 0.144902 0.4447 -1.00785 -0.788057 0.544855 2.24526 0.100931 0.502182 -1.36898
-0.759453 0.564018 3.63446 -0.832521 0.541746 3.94659 -0.870732 0.491308 3.336 0.133019
0.467949 -1.22275 -0.0950428 0.641657 -1.10514 -0.369079 0.680462 2.26371 -0.523575 0.638158
2.53742 -0.600906 0.596595 2.79152 0.0404336 0.578891 -1.20851 -0.152102 0.748388 -1.31693
-0.198841 1.14748 3.01823 -0.132529 0.995419 2.58815 -0.177562 0.690151 -1.17539 -0.0661655
0.879333 -1.6514 -0.36983 1.12127 2.78064 -0.465561 1.19248 3.05484 -0.42089 1.15781
3.06348 -0.0826461 0.821504 -1.54816 -0.148772 0.948792 -1.33842 -0.224662 1.16707 2.50189
-0.247402 1.19171 2.81978 -0.267955 1.15109 2.7417 -0.122193 0.909258 -1.60798 -0.00673096
4.43332 0.0102701 -0.0052456 7.36218 0.0131799 -0.00963676 3.45329 0.0111432 -0.0120565 3.25143
0.0128443 -0.0131486 3.43327 0.013107 -0.0126932 3.60342 0.0130455 -0.0112964 3.69134 0.0130126
-0.00947094 3.74257 0.0129274 -0.00742272 3.78745 0.0127392 -0.00519014 3.82915 0.0124639 -0.00275594
3.8644 0.0121287 -6.4996e-05 3.8928 0.0117551 0.00295573 3.91485 0.0113747 0.00638782 3.92887
0.0110166 0.0101772 3.92735 0.0107443 0.0137077 3.89332 0.010795 0.0143557 3.79427 0.0119998
-0.058381 0.877446 0.0497519 0.00514731 1.04511 7.45749e-06 -0.137159 0.434118 0.113562 -0.500012
1.22133 0.568809 -0.482908 1.39836 0.325176 -0.386272 0.939819 0.711883 0.290985 1.66512
8.44244 -0.207776 2.25857 5.90358 -0.0238927 3.27537 4.87717 0.333748 1.98678 9.58963
0.332658 1.87406 11.4946 -0.035235 -2.37242 31.3274 -2.16817 -7.55015 11.3003 -1.92162
-1.13991 7.37824 -1.41725 0.609201 10.384 -0.00428593 4.43197 0.00608166 -0.00339268 7.36304
0.00769611 -0.0061427 3.44958 0.00672828 -0.00789031 3.24612 0.0078712 -0.00887004 3.42686 0.00814769
-0.00880249 3.59599 0.0082212 -0.00803746 3.6832 0.00831171 -0.00692032 3.73406 0.00837205 -0.00560882
3.77875 0.00836893 -0.00414799 3.82033 0.00830577 -0.0025658 3.85556 0.00820258 -0.000930761 3.88418
0.00808009 0.000542666 3.907 0.00796272 0.00121481 3.92362 0.00788258 -0.000887975 3.93022 0.00797763
-0.0118681 3.91807 0.00944781 -0.0473664 3.87506 0.0112367 0.0549385 0.853753 -0.0336993 -0.000644897
1.86797 -0.0626418 0.0165987 0.391629 -0.0285746 0.127681 0.373535 -0.030043 0.0540501 1.63222
-0.139234 0.384857 1.57612 -0.681119 0.281192 0.966101 -0.222636 0.0469787 0.962056 -0.113633
1.80309 3.47943 -0.0751297 1.22048 4.4346 -0.190855 1.92766 4.92919 -4.54896 1.78508
5.82862 -6.40642 2.3182 5.89771 -4.26645 0.769049 -20.7348 -2.23098 2.97337 -18.053
0.424441 2.85963 -4.67666 -2.89259 0.840111 -4.94375 -1.4773 -0.00245978 4.43134 0.00313661
-0.00194065 7.36365 0.00405904 -0.00356447 3.44766 0.00345536 -0.00466166 3.24329 0.00407722 -0.005359
3.42329 0.00426055 -0.0054612 3.59168 0.00434166 -0.00514451 3.67834 0.00443133 -0.00459943 3.72887
0.00450538 -0.00391252 3.77332 0.00454513 -0.00309674 3.81472 0.0045502 -0.00214017 3.84986 0.00453324
-0.000985877 3.87845 0.00450488 0.000545423 3.90146 0.00446365 0.00286762 3.91901 0.00441375 0.00703453
3.92879 0.0043765 0.0159321 3.92556 0.00486422 0.0349025 3.90877 0.0292259 -0.0614604 1.83668
0.0481124 0.184216 0.989876 -0.81403 -0.160779 0.709813 0.162039 -0.132754 0.963158 0.00726795
0.0612166 1.08351 -0.0255443 0.283527 1.01858 -0.537923 0.871756 0.765775 -4.36609 0.328148
0.318242 -1.21686 0.411283 0.793378 -23.5047 0.247512 0.978755 -21.0417 0.370912 0.392581
-2.03025 0.387451 0.354461 -1.72303 0.758333 0.564279 -22.6569 -0.440537 1.10366 -13.9487
-0.827796 1.03818 -8.40293 0.10722 0.504397 -1.85138 0.30549 0.451694 -1.85953 0.487295
1.33527 -18.8957 0.306365 2.10366 -2.44607 -0.58634 1.83517 2.58676 -0.378086 2.26715
2.75753 -0.246173 1.55114 1.90855 -0.0754383 1.62619 -2.22124 0.275533 2.82812 -6.0353
1.2632 4.75563 -4.92428 1.99025 2.78381 -5.83992 1.31919 2.08688 -12.2387 0.030641
1.76865 -19.1918 0.398152 1.16311 -2.38249 -0.162236 1.94429 -21.4835 0.0616813 1.85156
-19.8985 0.221933 1.26579 -1.84365 0.301621 1.21585 -2.26745 -0.147507 1.94275 -20.1486
-0.00100454 4.43111 0.00104518 -0.000739787 7.36399 0.00148465 -0.00153231 3.44688 0.00107532 -0.00202899
3.24212 0.00126064 -0.00238852 3.42176 0.00132166 -0.00255258 3.58978 0.00135222 -0.00257984 3.67616
0.0013866 -0.00253138 3.7265 0.00141811 -0.00243079 3.77077 0.00143776 -0.00226893 3.81197 0.00144736
-0.00201859 3.84683 0.00145041 -0.00159147 3.87482 0.00144514 -0.000751211 3.89643 0.00143034 0.00105898
3.91045 0.00140435 0.00541226 3.91067 0.00135276 0.0169488 3.88336 0.00115454 0.0462838 3.80519
0.0150032 -0.0352181 0.816143 0.0812585 0.00765021 1.04838 0.0727498 -0.119878 0.229528 0.1148
-0.534127 0.327789 1.12256 -1.03752 0.510067 2.22479 -1.0552 0.928826 2.99933 -0.53811
0.784595 -0.194067 -0.359186 0.486157 0.292101 -0.771486 0.268579 1.34511 -0.842723 0.246457
1.56555 -1.06177 0.459943 3.67428 -1.10847 0.429429 3.33311 -0.923302 0.441241 1.52713
-0.92031 0.743985 3.07269 -0.984362 0.652715 3.28651 -0.860764 0.348599 1.37156 -0.454973
2.7303 5.28298 0.148225 2.19075 7.93267 -0.597417 1.14508 1.6492 -0.901319 1.23049
4.19955 0.14628 1.42209 16.9707 -0.848784 1.77364 12.1314 -1.54495 2.262 5.90388
-0.570737 1.15989 1.12099 -0.606771 1.21435 1.23064 -0.746798 1.27623 3.938 -0.783034
1.24531 4.07249 0.000320592 4.43113 -0.000741883 0.000368704 7.36404 -0.000739973 0.000316333 3.44691
-0.000969041 0.000403391 3.24215 -0.0011815 0.000394823 3.4218 -0.00124887 0.000202614 3.58983 -0.00128504
-0.00013413 3.67623 -0.00132019 -0.000562184 3.72658 -0.00134933 -0.00106051 3.77088 -0.00136541 -0.00163544
3.81208 -0.00136605 -0.00231468 3.84693 -0.00136422 -0.0031825 3.87492 -0.00135967 -0.00447015 3.89655
-0.00134172 -0.00678329 3.91061 -0.00130532 -0.0117516 3.9109 -0.00124354 -0.0240031 3.88364 -0.00103638
-0.054093 3.80548 -0.0149299 -0.00120801 0.883759 0.00034792 -0.0103109 1.04838 -0.0725771 -0.0716823
0.34001 0.192099 -0.000532383 0.457205 0.000487648 -0.328716 1.31383 0.0922855 -0.260083 1.59143
0.0776033 -0.175611 1.04153 0.227316 -0.22955 0.810046 0.409412 -0.558636 4.45065 5.23071
-0.0507119 4.72015 -0.026556 -0.0534376 3.37163 -0.0602155 -0.278794 3.58443 4.20129 -0.0379301
3.68359 9.04632 -2.30437 -11.2484 3.08066 -1.66831 -17.2478 -3.29874 -1.53213 -4.44159
1.18559 -1.98366 -1.5333 4.03784 0.00176629 4.43141 -0.00283365 0.00155606 7.36379 -0.00331742
0.00234983 3.44773 -0.00334299 0.00304755 3.24336 -0.00399121 0.00338144 3.42341 -0.00418704 0.00313088
3.59184 -0.00426963 0.00245421 3.67856 -0.00435861 0.00153268 3.72914 -0.00443091 0.000445607 3.77365
-0.00446269 -0.000805854 3.8151 -0.00445933 -0.00224172 3.8503 -0.00443831 -0.00392159 3.87895 -0.00440454
-0.00601034 3.902 -0.00436321 -0.00889675 3.91964 -0.0043119 -0.0136353 3.92958 -0.00426796 -0.0231492
3.92648 -0.00474389 -0.0428323 3.90975 -0.0290511 0.0332183 0.815948 -0.0814984 0.0573747 1.83675
-0.048121 0.119241 0.229074 -0.115034 0.0707847 0.339703 -0.191625 0.327853 1.31277 -0.0891828
0.4654 0.960778 0.241576 0.342619 0.598355 -0.344077 0.228738 0.809457 -0.407436 0.0142598
3.6088 -9.06002 0.49162 4.34359 -5.24711 0.436951 2.65989 -5.26159 -0.13695 2.16099
-7.90106 -0.370514 3.03711 -10.7933 2.26598 -11.1114 -2.95909 -0.735521 -2.80171 -25.9721
1.92105 1.3291 -6.75092 1.93763 -1.53878 -3.96692 0.00359966 4.43209 -0.00578275 0.00301054
7.36328 -0.00696402 0.00494848 3.44967 -0.0066203 0.00631088 3.24621 -0.00778846 0.00693626 3.42704
-0.00807747 0.00652203 3.59626 -0.00815311 0.00540317 3.68358 -0.00824559 0.00391579 3.73454 -0.00830253
0.00220845 3.77932 -0.00829101 0.000313929 3.82099 -0.00822451 -0.00174751 3.85633 -0.00811251 -0.00391212
3.88504 -0.0079797 -0.0059771 3.90794 -0.00785637 -0.00727398 3.92465 -0.00777145 -0.0057958 3.93132
-0.00785089 0.00454816 3.9194 -0.00925251 0.0392569 3.87667 -0.0109743 -0.00336001 1.86796 0.0623975
-0.183716 0.988063 0.809844 -0.282454 1.01414 0.535128 -0.0628573 1.08175 0.0246975 0.130579
0.962802 -0.00766733 0.159755 0.709235 -0.164293 0.534804 0.327352 -1.13086 -0.324339 0.316172
1.20976 0.841815 0.246619 -1.57996 0.790836 0.266271 -1.4012 -0.368019 0.391169 2.01619
-0.383091 0.352948 1.71157 0.77159 0.268584 -1.35896 0.919686 0.440074 -1.53899 0.637769
0.543141 -1.59097 -0.108502 0.502496 1.84386 -0.304799 0.449912 1.84715 0.857988 0.347655
-1.38459 -0.313354 2.10119 2.44624 -1.98716 2.78895 5.83471 -1.25771 4.76091 4.92314
-0.273965 2.8309 6.03478 0.0735067 1.62448 2.21776 0.243616 1.54513 -1.90394 0.375187
2.25271 -2.73945 0.57104 1.81455 -2.57753 0.591132 1.12803 -1.64447 -0.406132 1.16026
2.38176 0.600943 1.19592 -1.22178 0.57629 1.22825 -1.20949 -0.227752 1.26108 1.8285
-0.309236 1.21146 2.26152 0.567674 1.14007 -1.1138 0.0060743 4.43348 -0.0100064 0.00488508
7.36251 -0.0124928 0.00848927 3.45343 -0.0110762 0.0105415 3.25154 -0.0128079 0.0112938 3.43351
-0.0130787 0.0105025 3.60383 -0.0130162 0.0087614 3.69191 -0.0129857 0.006573 3.74324 -0.0128988
0.00413354 3.78827 -0.0127074 0.00147337 3.83012 -0.0124287 -0.00143378 3.86553 -0.0120851 -0.00464509
3.89411 -0.0117029 -0.00823912 3.91631 -0.0113111 -0.0123015 3.93048 -0.010949 -0.0167705 3.92909
-0.0106777 -0.0210228 3.89532 -0.0107426 -0.0224388 3.79663 -0.0120134 -0.0566549 0.853272 0.0328722
-0.00730436 1.04442 -0.000126699 -0.127659 0.371223 0.0287214 -0.866664 0.763143 4.35701 -1.02712
1.00278 9.60127 -0.880196 1.29855 9.19158 -0.472888 1.48949 0.922932 -0.305478 0.907996
0.132182 -0.765117 0.566193 22.6547 -0.417476 0.793941 23.517 0.389876 0.862211 48.1665
-0.382583 0.610899 52.1657 0.438088 1.10193 13.9552 1.24484 -2.5513 26.7748 0.0277737
1.58413 39.185 -0.488494 1.33305 18.9097 -1.93005 4.93453 4.56383 -1.78926 5.82903
6.40255 -1.31309 2.09349 12.224 -0.531646 -1.84747 26.0398 -2.82488 2.04707 7.18599
0.165923 1.93863 20.1374 0.183515 1.93516 21.459 1.47288 2.05847 40.4904 1.75578
2.11963 39.1033 0.00967175 4.43602 -0.0157086 0.00749926 7.36179 -0.0209651 0.013598 3.45978
-0.0164378 0.0161967 3.26029 -0.0185056 0.0166461 3.44359 -0.0184372 0.0150916 3.61503 -0.0179103
0.0124625 3.70371 -0.0174317 0.00939308 3.75522 -0.0168841 0.00609865 3.80022 -0.0162085 0.00260928
3.84206 -0.0154268 -0.00112976 3.87753 -0.0145887 -0.00529033 3.90645 -0.0137164 -0.0102825 3.92978
-0.0128326 -0.0170939 3.94715 -0.0119727 -0.0281229 3.95433 -0.0110817 -0.0499484 3.94138 -0.00918236
-0.0972456 3.8945 -0.0083459 0.0563209 0.875929 -0.0488979 -0.0199465 1.89964 -0.0945512 -0.0166271
0.388553 0.0282488 0.136133 0.430438 -0.112264 -0.0541045 1.61866 0.137587 0.218862 1.69836
-0.0204717 0.168543 1.05672 -0.0408256 -0.0468887 0.953529 0.111946 -1.81335 3.46117 0.0772971
-1.23482 4.42184 0.224598 0.0106655 3.25147 -4.85719 -0.338696 1.97706 -9.58792 -0.880784
2.13402 -4.75781 -0.802829 -20.6474 1.91038 1.31935 -18.6736 3.43297 1.12229 -5.25594
0.257514 -0.87038 -4.91224 1.42493 0.0152033 4.44012 -0.0214786 0.0114334 7.36178 -0.032441
0.0211045 3.46911 -0.0199419 0.0234932 3.27264 -0.0210921 0.0225554 3.45689 -0.0197978 0.0194786
3.62881 -0.0180821 0.0155215 3.71737 -0.0164858 0.0113068 3.76831 -0.0148936 0.0070216 3.81257
-0.0132533 0.00273973 3.85365 -0.0115982 -0.00152661 3.88845 -0.00997416 -0.00579552 3.91701 -0.00840784
-0.0100379 3.94072 -0.00692497 -0.0139962 3.96001 -0.00556188 -0.0168501 3.9731 -0.00438535 -0.0163312
3.97472 -0.0034407 -0.0071728 3.96476 -0.00448937 0.026823 4.03686 0.00717 0.233776 1.13258
-0.369811 -0.0887614 1.32526 0.673763 0.0826554 1.11993 -0.207119 0.365669 0.901254 -0.968455
0.494111 1.21315 -0.564821 0.95827 1.20726 -7.70937 1.08725 0.769466 -5.43549 0.784745
0.543324 -2.2499 -0.457453 0.796446 -52.7396 -1.49548 1.01102 -50.4482 0.375727 0.812625
-17.1547 0.696429 0.674438 -16.8882 -1.80514 1.26984 -42.851 0.378695 1.61584 -107.639
0.129127 0.878571 -7.82715 0.130057 0.980821 -14.0426 0.194834 2.24684 -5.89947 0.18674
1.14449 -3.02104 0.123641 0.995817 -2.59042 -0.297059 1.66 -8.42767 0.037129 -2.34419
-31.2951 0.512002 1.10742 -9.9466 0.864076 1.21693 -6.9314 1.3938 0.607728 -10.3772
-1.53035 1.03445 -52.778 -1.41871 1.09447 -52.2101 -0.25377 1.1646 -16.4258 -0.265594
1.13454 -16.5684 0.0208586 4.44525 -0.0174539 0.014691 7.36367 -0.039234 0.0287531 3.47928
-0.00830123 0.0290129 3.28526 -0.00494734 0.0250011 3.46897 -0.0011861 0.0197274 3.63953 0.00224494
0.0143789 3.7262 0.00532278 0.00918072 3.77512 0.00808204 0.00414282 3.81735 0.0105542 -0.000650438
3.85647 0.0127447 -0.00519027 3.88942 0.0146739 -0.00945627 3.91603 0.0163542 -0.0132614 3.93705
0.0178039 -0.015862 3.95134 0.0190423 -0.0151385 3.95277 0.0200098 -0.0050446 3.92721 0.0199062
0.0289226 3.84876 0.0068732 0.0297035 1.82981 0.0485392 -0.323095 1.26033 0.769405 -0.297228
1.06046 0.717916 -0.0270176 1.09395 0.167889 -0.812791 0.718622 3.86527 -0.142627 0.443002
1.00214 -0.131858 0.467062 1.21354 -0.101491 0.50158 1.35805 0.259386 0.97115 21.4421
-0.00950443 0.808847 24.0072 -0.506248 0.594031 22.5122 0.432349 0.776331 7.40267 0.448141
0.903549 13.5523 0.201197 1.11727 19.3213 -0.0431897 0.57804 1.19957 0.0908742 0.640661
1.09814 0.172508 0.689026 1.16862 0.145663 0.747356 1.30911 -0.164399 1.2712 4.74943
0.0360968 1.1481 5.35292 0.378431 0.838585 19.2215 -0.209893 0.920123 11.0731 -0.547076
1.06032 4.69841 0.0750042 0.821315 1.5397 0.0563607 0.880409 1.63943 0.109192 0.91195
1.58564 0.133622 0.952253 1.31509 0.370701 0.863318 20.5146 0.393054 0.918853 22.4164
0.345105 0.945391 20.9365 0.0174367 4.44731 0.017943 0.00785547 7.36775 -0.0201828 0.0268376
3.47984 0.0440429 0.0223287 3.28433 0.0579424 0.0142038 3.46459 0.0641388 0.00743608 3.6306
0.0675179 0.00205312 3.71309 0.0701731 -0.00266538 3.75864 0.0719403 -0.00707328 3.79815 0.0728229
-0.0111216 3.83498 0.0730154 -0.014971 3.86613 0.0727345 -0.0188615 3.89135 0.0721033 -0.0231181
3.9112 0.071202 -0.0283638 3.92418 0.0701002 -0.0360765 3.92328 0.0688774 -0.0502456 3.89234
0.0677591 -0.0808181 3.80162 0.0541939 -0.0584497 0.858546 0.0142095 -0.0292777 1.01935 0.00837005
-0.0731791 0.441847 0.0514438 -0.486008 1.58571 1.76358 -0.422737 1.72202 1.22525 -0.302865
1.08562 0.603898 -0.247769 2.36303 6.14675 0.637814 3.24791 3.62186 0.617857 2.0264
5.05081 0.239682 1.58679 8.2588 0.188641 1.61327 8.53509 -2.02941 -6.38014 3.72461
-1.62184 -12.021 -8.98351 -1.42094 -3.50488 0.352964 -1.69626 -1.06483 5.07323 -0.0165388
4.43742 0.108587 -0.0325062 7.3784 0.054305 -0.00220521 3.44907 0.158149 -0.00878018 3.24388
0.183664 -0.0158977 3.418 0.185394 -0.0188404 3.57716 0.181072 -0.0200439 3.65501 0.176486
-0.0211642 3.69815 0.171119 -0.0226233 3.73655 0.164814 -0.0242135 3.77307 0.158009 -0.0259933
3.80464 0.151125 -0.0282051 3.83104 0.144369 -0.0311926 3.85322 0.137831 -0.0357029 3.87115
0.131647 -0.0435868 3.88207 0.125909 -0.0594608 3.87967 0.121052 -0.0949067 3.85985 0.10861
0.0151705 0.795139 0.0293737 -0.00448896 1.81811 0.0809791 0.1101 0.255521 -0.000464115 0.0439253
0.337706 -0.0975864 0.235275 1.48562 -0.298648 0.389835 1.20199 -0.0633709 0.303078 0.732317
-0.528451 0.150473 0.863366 -0.311582 2.6097 4.47982 -2.72022 1.80703 4.87398 -2.36135
1.38332 4.5611 -6.09576 0.367008 5.92013 -8.87363 1.70444 6.77332 -7.47204 3.33053
-16.4999 -10.3862 4.68033 -11.2936 -15.4772 4.37013 -1.36989 -8.92226 3.0542 -3.10923
-4.56325 -0.0282732 4.40835 0.17976 -0.0509946 7.42906 0.128682 -0.00846168 3.36239 0.231408
-0.0157511 3.14197 0.251526 -0.0205477 3.31464 0.242481 -0.0200298 3.47322 0.228174 -0.0185072
3.55275 0.215535 -0.017958 3.59927 0.20354 -0.0183859 3.64146 0.191657 -0.0193059 3.6816
0.180187 -0.0205296 3.71661 0.169424 -0.0220992 3.7464 0.159467 -0.0239706 3.77198 0.150327
-0.0257381 3.79332 0.142057 -0.0259533 3.80758 0.134636 -0.0197616 3.80834 0.127627 0.0046924
3.79051 0.133127 -0.0467801 1.87125 0.172225 0.0230407 0.9445 0.123769 -0.232757 0.910563
0.479666 -0.106504 1.11073 0.103923 0.075946 0.975291 0.134346 0.229403 0.804068 -0.186217
0.872416 0.536502 -2.62435 0.0505257 0.287848 0.0776043 0.898726 0.50705 -4.51016 0.836102
0.560758 -4.29622 0.0616942 0.325192 -0.0399789 0.0601332 0.317737 0.00947942 0.957892 0.447169
-3.92093 0.542894 0.67978 -3.33639 0.275633 0.788086 -3.77578 0.065064 0.494197 -0.0557751
0.0730351 0.388561 -0.0478818 0.678853 0.643471 -3.5381 0.0446037 1.98694 -0.264536 -0.403586
1.29666 3.35267 -0.134826 2.38951 4.4296 -0.00815763 1.64255 4.76399 -0.00376644 1.66018
-0.0874247 -0.0645627 2.15182 -5.0065 0.434036 3.58743 -5.08938 0.96407 2.8533 -4.0589
1.07971 2.84774 -3.96749 0.954619 2.6791 -3.67756 0.147602 1.0113 -0.315918 0.810635
2.86741 -3.49398 0.709399 2.75277 -3.23841 0.204748 1.1037 -0.267663 0.189018 1.0732
-0.318485 0.836681 2.73956 -3.52503 0.22499 4.36613 0.123367 0.241226 7.45949 0.147159
0.179113 3.28582 0.124277 0.128641 3.06896 0.108221 0.0953451 3.24374 0.0966907 0.0740263
3.40315 0.0877715 0.0579245 3.48464 0.0819004 0.044531 3.53358 0.077864 0.0333162 3.57763
0.0747139 0.0240841 3.61908 0.0721221 0.0163941 3.65515 0.0699755 0.00971359 3.68585 0.0681797
0.00365674 3.71185 0.066642 -0.00185237 3.73173 0.0653093 -0.00646167 3.73879 0.0642061 -0.00821249
3.718 0.0631954 -0.000532102 3.642 0.0670143 -0.0483046 0.906631 0.134882 0.0087449 1.11308
0.110176 -0.129137 0.41684 0.159718 -0.909538 0.645263 2.86099 -1.31595 0.951275 5.4565
-0.990745 1.20455 6.80036 -0.490418 1.30739 0.0179638 -0.364624 0.858411 0.728331 -1.01521
0.51482 3.82462 -0.975747 0.560287 4.24432 -0.611447 0.821123 16.7485 -0.883859 0.684771
16.7754 -0.685636 0.703411 3.13965 -0.0162604 0.992567 10.1144 -0.371449 1.05572 14.6845
-0.762779 0.629688 3.26643 -0.0665821 2.20624 6.04564 0.256314 1.80377 9.15166 -0.467377
1.12096 3.23117 -0.753607 1.01785 9.68916 -1.08245 1.16909 6.72538 -0.281273 1.06981
2.91221 -0.275966 1.10689 3.01793 -0.117425 1.00233 16.7545 -0.111994 0.971731 16.5615
0.431829 4.28521 0.0341895 0.499873 6.85193 0.165591 0.312441 3.39277 -0.0231451 0.229087
3.18924 -0.0639938 0.175375 3.33878 -0.0685581 0.137085 3.47588 -0.0647385 0.107492 3.53953
-0.0586031 0.0841616 3.57346 -0.0511952 0.0656701 3.6048 -0.0433843 0.0510023 3.6358 -0.0358028
0.0392144 3.66366 -0.0287175 0.0293789 3.68809 -0.0222257 0.020545 3.70967 -0.0163972 0.0114435
3.72768 -0.0112579 -0.000819483 3.73732 -0.00655676 -0.0230984 3.72721 -0.00104528 -0.0695919 3.6813
0.0102767 0.0718395 0.981598 0.0249149 -0.0110087 1.87356 -0.0700301 -0.0282904 0.496971 0.202789
0.126004 0.599332 -0.0187634 -0.173779 1.68461 0.40742 0.0640986 1.93345 0.195989 0.0671253
1.27656 0.184179 -0.110084 1.05525 0.411769 0.389346 3.48089 3.50816 1.13064 4.80202
-2.89071 1.82837 3.87057 -2.39343 1.15137 2.95788 1.12376 0.112463 2.33473 4.54083
-1.18182 -15.2329 -3.74237 0.294884 -18.8448 -3.21832 0.353083 -4.86699 -1.46085 -0.874931
-3.275 -0.221977 0.401931 0 0.0107663 0.480456 0 0.117622 0.275868 0
-0.0642537 0.20111 0 -0.103719 0.154674 0 -0.104237 0.12057 0 -0.0962748
0.0942086 0 -0.0868431 0.073764 0 -0.0769007 0.0577132 0 -0.067056 0.0450066
0 -0.0578519 0.0348549 0 -0.0494901 0.0264718 0 -0.0419947 0.0189129 0
-0.0353855 0.0107324 0 -0.0296894 -0.00149143 0 -0.0245715 -0.0263024 0 -0.0184037
-0.0825569 0 0.00788382 -0.235785 0 -0.0606772 0.329936 1.1819 -0.603757 0.281839
0 -0.177237 0.0770128 1.21773 -0.191469 0.380443 1.12163 -1.02601 0.520131 1.5019
-0.418373 1.02364 1.29263 -7.2039 1.26235 0.940149 -5.35307 0.983584 0.699472 -2.49511
-0.517033 0.794955 -51.8301 -1.22068 0.999715 -49.2223 0.503715 0.830236 -16.6602 0.775009
0.699973 -16.5929 -0.674721 1.37853 -44.1143 -1.32742 -4.32425 -27.4932 -0.33007 0.994902
-9.80133 0.409845 1.07811 -14.4536 0.305865 5.18152 -9.06812 0.948028 3.9626 -6.54409
0.514789 1.64334 -4.10935 0.109728 1.40355 -4.79341 0.837082 -3.34586 -32.252 1.30628
1.97839 -9.74241 1.80391 2.15227 -7.03617 2.78027 0.843726 -10.3031 -1.57083 1.7204
-52.9303 -1.3982 1.73358 -53.0363 0.15401 1.92525 -16.3026 0.152324 1.90429 -16.2672
-1.15482 0.577946 3.43418 -1.23152 0.863262 5.47716 -0.994519 1.24512 7.45045 0.00637973
0.684813 52.8745 -0.707412 0.0296756 45.6027 -1.22607 0.737146 10.7404 -0.861983 0.597513
16.9861 -0.573956 0.955876 14.4083 0.25911 0.880779 10.047 0.791045 -4.59644 26.5216
-0.0902223 1.24661 42.6643 -0.227641 5.50199 9.71443 1.44838 1.72254 11.0855 0.955662
0.987114 8.05132 -1.10738 2.18663 3.33655 -2.47224 2.58839 7.1012 -1.88278 2.3787
9.63687 2.34706 2.04076 49.9899 2.2592 2.02039 48.9585 -0.405862 2.21067 15.2004
-0.316439 2.25279 15.6195 -0.307067 2.26841 15.614 2.12664 2.02997 50.0317 0.362123
0.850598 -0.729354 0.488206 1.29685 -0.0157232 0.983576 1.17618 -6.7825 1.3045 0.936105
-5.45281 1.15535 0.623573 -3.83562 1.2693 0.805636 -10.6954 0.84728 0.669954 -16.7991
0.282409 1.83889 -8.67121 0.039828 2.23139 -5.01174 0.325954 1.01417 -14.824 0.0181546
0.945139 -10.1378 -0.330538 0.960537 -7.62916 -0.855425 0.680245 -10.5811 -0.167123 1.76621
-10.2046 0.829135 0.976796 -6.793 0.578972 0.826242 -9.77811 0.202587 0.927369 -2.96621
0.130353 0.744749 -16.1021 0.156068 0.783794 -16.7626 0.168399 0.813193 -16.9579 -1.17116
0.695835 10.8529 -1.10842 0.5295 3.7662 -0.303287 0.736146 0.528987 -0.391778 1.20719
0.0654551 0.291817 6.62676 10.236 1.91507 2.16075 11.1729 1.05522 1.10668 7.08879
-0.275343 0.802216 3.7801 -2.65382 4.1794 2.91376 -1.25598 6.37791 8.03443 -1.81304
6.82899 7.34034 -0.363598 3.12291 15.3495 -0.987967 2.9404 3.73571 -4.38348 -1.4355
8.94919 -4.67646 -11.5872 15.4053 0.874655 0.663965 -13.2858 0.491971 0.593442 -22.5188
-0.43006 0.780256 -7.39684 -1.04629 0.58209 -10.7324 -1.10791 0.0258283 -10.0722 -0.494964
1.74923 -11.5763 -0.211994 1.12063 -19.3261 -0.451161 0.908195 -13.5527 0.546064 1.05165
-4.70935 0.205399 0.90666 -11.1011 -0.384008 0.82289 -19.268 -0.37326 0.914781 -22.036
-0.345329 0.929182 -21.0124 -0.395087 0.899836 -22.5679 -0.378664 0.844465 -20.7685 -0.168849
1.06648 0.0423859 -0.22001 1.71252 0.0230555 0.649701 1.95281 14.0723 0.746124 1.74615
11.6748 1.60908 3.27721 -0.140981 0.682791 2.23909 4.32241 0.877452 2.15135 4.75088
-1.14014 -5.26307 -0.294527 -1.33669 -18.7136 -3.63037 0.305704 0.914457 -0.135854 0.474395
1.49971 -0.926395 0.884669 1.28693 -9.22137 1.03234 0.997614 -9.62387 1.03452 0.674803
-13.7865 0.948325 0.472185 -44.2824 0.357425 0.607901 -52.1538 1.71133 5.6507 -5.63921
-0.0311246 1.58648 -39.1226 -1.24438 -2.55565 -26.747 -1.67885 0.621101 -11.3792 -1.22592
0.324171 -9.35322 1.21097 6.37291 -8.94105 2.83075 2.04647 -7.21087 0.541312 -1.84178
-26.1229 -0.187634 1.94273 -21.039 -1.88659 2.06595 -38.6136 -1.71383 2.12482 -39.0995
-1.42833 2.06909 -40.4798 -1.14538 0.487263 2.7743 -0.800738 0.334467 1.40901 -0.343942
0.598563 0.344914 -0.466844 0.961065 -0.239882 0.545974 2.2589 9.98454 0.701167 1.7124
8.9412 -0.82197 0.871988 3.14235 -0.641267 0.545777 1.5816 -0.107393 3.87752 9.65807
0.531122 3.20672 12.0419 0.388454 3.0845 10.8276 -0.815973 1.21762 4.08892 -0.594276
1.14108 1.16159 -1.969 1.36181 6.78688 0.763169 -2.85438 26.095 0.357858 0.485708
-0.292029 0.536442 0.78427 0.195138 1.053 0.928128 -3.00475 1.03632 0.509786 -2.23378
0.801259 0.3343 -1.42103 1.14414 0.487025 -2.78755 1.10675 0.429406 -3.35047 -0.514216
3.16372 -11.9915 0.0889939 3.81242 -9.64712 0.981147 0.651779 -3.3018 0.917229 0.741764
-3.08503 0.818944 0.868213 -3.1525 -0.678879 1.69722 -8.91713 -0.526157 2.23264 -9.94796
1.50703 2.21244 -5.88853 0.826601 1.73905 -12.1024 -0.1518 1.39552 -16.9272 0.879351
1.20804 -4.18599 0.5931 1.122 -1.15503 0.793353 1.19475 -4.07164 0.758593 1.2205
-4.05088 0.721546 1.25297 -3.91936 -0.959416 0.499571 44.2316 -1.03467 0.675411 13.7765
-0.281664 0.958699 0.217714 -0.384501 1.56441 0.676123 -1.21385 6.3674 8.93515 1.22632
0.319432 9.35395 1.67756 0.619859 11.3846 0.826005 1.03728 8.404 -1.61877 3.2577
0.136056 -1.72132 5.637 5.63288 -2.33068 5.88895 4.26366 1.92001 2.06958 38.5802
0.20415 1.9459 21.0214 -2.84745 -4.62538 2.833 -2.95533 -17.9426 -0.637026 0.382101
0.932955 -0.707313 0.477104 1.38815 -0.320522 -0.684512 2.22392 -4.33532 -0.750992 1.74406
-11.6575 -0.653338 1.94956 -14.0559 -0.337704 1.86819 -11.476 1.90627 -1.12128 -7.38686
2.15181 -7.4755 -11.3169 -0.879297 0.664338 13.2723 -0.952191 0.870623 9.39046 -0.947232
1.32293 10.0777 0.474596 1.79223 11.5797 1.09983 0.0244747 10.0327 1.05449 0.565209
10.7194 0.372351 0.931258 21.9789 -1.10027 0.67687 6.13645 -0.183663 -1.24714 25.5932
0.335599 0.650707 -0.505629 0.452173 1.05127 0.0228729 0.911316 1.0926 -7.32785 1.19321
0.775961 -5.4622 1.10606 0.52936 -3.77432 1.18263 0.692334 -10.8648 0.799557 0.619623
-17.0733 1.18141 6.32629 -8.16447 2.60929 4.18538 -3.07501 0.39021 1.12673 -14.4365
-0.379187 1.02499 -9.6399 -1.04294 1.08379 -7.06523 -1.92264 2.11015 -11.1463 -0.357109
6.51671 -10.2643 2.51254 3.3544 -7.60607 2.00322 3.1811 -10.1474 0.93342 2.81143
-3.72756 0.38675 2.99995 -15.3324 0.250879 3.02916 -15.5847 0.213461 3.01632 -15.4294
-1.29029 0.820442 10.6936 -1.1664 0.635717 3.84722 -0.32756 0.933979 0.690262 -0.407809
1.4248 0.146705 0.21763 1.95541 10.1085 0.867759 0.785621 10.4945 0.359525 1.01311
7.7029 -0.465795 0.733005 3.62956 -0.109299 2.26956 4.74223 -0.225916 1.94048 8.45562
-0.0428537 1.92803 8.38941 -0.106802 0.929715 15.9318 -0.339506 1.06764 3.02967 -1.57243
-2.00039 5.64115 -1.83555 -9.82141 7.18888 0.512598 -0.00842824 -44.1925 1.221 0.82856
-10.4656 0.571343 0 -0.442635 0.674054 0 -0.83616 1.18314 0.670586 -3.34727
1.04785 0.564688 -3.42335 0.346736 0.845473 -3.45787 -1.00446 1.0836 -7.54696 -1.68258
1.65754 -10.9858 -0.192056 5.57857 -9.93683 0.685462 0 -1.13043 0.770718 0
-0.93729 0.704093 0.70004 -3.00802 0.580474 0.729492 -2.84386 0.574844 0 -1.36912
-1.6038 1.68599 -51.6384 0.197675 1.86393 -15.7588 0.580547 0 -1.77675 0.572012
0 -1.69119 0.836774 1.77825 -3.4814 0.87646 1.87975 -3.25462 0.785277 1.78251
-3.00198 0.569756 0 -1.62691 0.723065 1.86805 -3.08109 0.66768 1.85192 -2.96672
0.627173 1.94575 -3.01108 0.58413 1.90258 -2.81222 0.543566 0 -1.52349 -0.777721
0.572413 3.91021 -0.633578 0.718639 16.9316 0.555569 0.876186 49.5179 0.522659 1.17524
44.6318 -0.503149 0.915659 15.729 -0.0874505 1.25302 -0.174765 -0.0867226 1.90038 -0.198142
-1.20818 5.0508 6.06327 -1.22188 2.84612 -1.94872 -1.34485 2.89863 -1.77778 -1.91808
-3.60663 2.68635 -0.357391 -5.05439 2.01048 -0.275698 -19.6718 4.13637 0.37047 1.17754
-2.31598 0.664938 1.20616 -5.64675 0.563991 0.802931 -16.7996 0.845354 0.602426 -3.84363
0.31384 1.00514 -15.9732 -0.761188 -6.72877 -0.233247 -0.167779 -8.80709 7.67861 -0.0378998
-0.544484 -1.9322 -0.220427 -0.139773 -6.92528 -1.39705 -2.01217 -27.0871 1.32804 0.0368806
-9.74664 0.42862 -2.61376 -32.857 -0.841429 0.566942 4.26376 -0.772611 0.635621 4.19695
-1.01626 2.80367 3.6914 -0.762394 2.91262 3.27309 -0.304045 1.08719 15.7148 1.56082
-4.19679 26.6715 0.706184 1.51777 42.0306 -4.23029 1.97954 10.9549 2.51716 2.95986
47.6266 2.76109 2.99087 48.1096 0.300212 1.09358 -0.608747 0.421293 1.73092 -1.22909
-1.776 2.86293 -1.45738 -0.381008 1.6947 -9.80182 -0.257425 1.59458 -8.21412 0.145067
-4.2749 2.42656 1.43432 -3.62041 -0.474995 1.64086 -12.3086 8.67501 -0.0078707 0.810015
-24.0061 -0.274202 0.974629 -21.4397 -0.409721 1.10393 -21.7425 -1.64526 -0.70615 -25.7422
-1.40676 -4.98455 -0.598554 -1.83823 1.27794 -41.9792 -1.15267 0.858207 -40.5121 -0.637864
0.985581 -43.503 -0.663852 0.929354 -44.3961 -0.678764 0.871028 -44.7879 -1.00892 0.567478
3.2918 -1.09487 0.771039 5.43272 -0.967345 1.20664 7.70386 0.483796 0.794206 52.7658
-0.666173 0.323303 45.0726 -1.0972 0.732497 10.6521 -0.694744 0.672889 16.8849 -0.718361
0.595554 3.55441 1.51784 1.00814 50.5248 -0.374764 0.810409 17.1611 1.79398 1.26678
42.9462 2.27009 1.29717 46.3525 -0.0883629 0.986965 16.0519 -0.136444 0.978754 14.053
-0.462562 1.6137 107.794 -0.133554 0.876437 7.8277 1.32786 1.62861 23.6534 -0.094386
0.853991 4.20115 -0.310952 1.16194 2.95886 -0.886139 1.22864 6.93585 -0.528662 1.11976
9.95404 1.57802 1.05313 52.5446 1.68637 0.979576 51.8827 0.25488 1.09931 16.2196
0.261981 1.15121 16.4942 1.46611 1.11376 51.9321 0.248647 1.1855 16.3001 -0.257861
0.958895 0.217336 -0.811139 1.34873 7.72576 -0.345171 1.56848 0.208152 -0.610819 1.31108
4.48673 -0.733364 -2.84762 107.424 1.50844 0.659507 23.3055 0.504271 -0.668453 7.37397
0.764662 -9.89901 -2.86077 -1.96685 -2.89006 1.40116 -2.40152 -13.5119 -1.65199 0.093576
1.20952 -0.737677 0.618514 1.29514 -4.1051 -0.408002 0.861175 -48.1105 0.268712 1.1938
-20.9291 -0.653061 1.339 -40.8409 -0.56163 -14.9746 3.24162 0.520381 -12.5913 -1.72265
0.922327 -0.884882 -0.15854 0.27269 -0.322291 -4.3671 -2.31028 -11.0985 -4.34292 3.39045
-0.992327 -5.57284 3.72592 -10.2057 -5.96229 -0.792268 0.266358 1.38722 -0.889467 0.312943
1.48412 -0.584226 1.24368 1.21287 -1.02226 0.611413 3.59048 0.187607 1.38789 10.5168
-0.390758 1.40614 14.5983 -0.709147 1.31638 3.66908 0.0226801 1.76656 16.5654 0.0144078
1.67141 16.599 -0.00228971 1.82161 15.9918 0.17454 1.04025 -0.225632 0.258762 1.58953
-0.0757245 -0.309232 3.5875 3.68153 0.240592 3.52712 -3.7947 0.194409 3.5084 -4.28801
-0.0283956 -4.5861 0.0664432 1.48452 -4.43962 -1.06989 1.63046 -17.1037 3.50317 0.609485
1.30397 -6.36621 0.832801 1.18367 -5.35605 1.05967 0.460277 -3.69382 0.887218 0.312481
-1.49805 1.01921 0.61143 -3.60949 -1.12124 -2.99796 -24.4837 -0.791293 -9.60714 -0.586346
-0.300644 0.776158 -7.01993 -1.17956 1.93256 -12.0409 -0.176137 1.38147 -10.5115 0.390005
1.40219 -14.6068 -1.01242 1.87453 -40.7488 -3.03502 1.49491 -36.885 -0.0101816 1.73541
-16.4894 -0.0128869 1.6412 -16.5396 -2.3378 1.99783 -39.102 -2.09241 2.16653 -40.3628
-1.67237 2.24096 -40.8674 0.0250992 1.79197 -15.9352 -0.251133 0.977322 21.0607 -0.271453
1.19131 20.9502 -0.019639 1.77618 19.1695 -0.0431217 1.83963 19.8502 0.645934 1.33639
40.9222 2.31115 -11.0822 4.33994 -3.37017 -0.980141 5.52961 0.890518 1.99146 41.0669
0.255471 0.950613 -0.214376 -0.0937313 1.22435 0.710291 0.339676 1.28979 -1.90569 0.341233
1.55598 -0.204721 0.604472 1.32381 -4.50661 -0.014931 -10.1905 7.16948 -0.524998 -12.5542
1.68994 -0.929134 -0.889612 0.144276 -0.228628 -0.768007 -0.785022 -0.503232 -0.663218 -7.37911
-0.763389 -9.85519 2.85298 1.96461 -2.87553 -1.4234 2.40237 -13.4309 1.58096 0.67299
0.353294 -45.1059 1.09298 0.732322 -10.6578 1.0041 0.566836 -3.30072 0.866333 0.491864
-3.3485 -2.26947 1.30057 -46.2356 0.0844141 0.98941 -16.0368 0.82782 0.543049 -3.96266
0.755188 0.565278 -3.65173 0.713692 0.596746 -3.57133 0.595737 0.597268 -2.80613 0.362895
0.681587 -2.27309 0.0911551 0.856625 -4.2044 -1.3375 1.63059 -23.6194 0.517446 0.638912
-2.55082 -1.63897 0.963129 -51.951 -0.257096 1.08509 -16.2344 0.40606 1.14981 -3.06516
0.449409 1.18262 -3.05691 0.353713 1.11181 -2.7851 0.293765 1.15169 -2.96519 0.249767
1.14014 -2.755 0.227475 1.17335 -2.82394 0.204962 1.14015 -2.47815 0.396054 1.09929
21.743 0.0551994 1.07328 -0.099186 0.104437 1.72999 -0.0550064 0.350368 1.71493 9.79352
1.75828 2.85225 1.39021 1.79981 2.83389 1.38052 -0.179669 -4.16104 -2.50488 1.36013
-5.1777 -4.55281 1.34271 -17.9626 -13.1159 0.493635 1.28571 -4.1606 0.686101 1.22499
-7.26535 0.511567 0.789708 -16.9457 0.771736 0.625148 -4.23168 0.316388 1.07281 -15.6854
-1.81939 -12.0226 -8.37311 0.16327 -14.1175 -2.53999 1.21851 -0.985177 -3.8309 -0.56714
0.71172 -9.60246 -1.58962 -4.15728 -26.5898 4.17017 1.92715 -10.9676 1.99677 -2.71753
-31.61 -0.9012 0.588025 3.97662 -0.859031 0.633188 3.89424 -0.373081 1.04614 2.96838
-0.227694 1.09483 2.88169 -0.368791 1.03522 15.8573 1.3108 -2.15656 26.4027 1.47482
1.35998 44.2207 -1.64798 0.1494 9.58906 -0.128748 1.02689 16.3764 0.434256 0.844027
54.8334 0.541123 0.802969 54.2264 0.311155 0.886442 53.9028 0.371023 1.1747 -0.69342
0.463012 1.67571 -0.199725 1.11152 2.93371 1.31537 0.974091 5.18112 -7.00877 1.26323
5.66059 -7.03167 1.81421 -3.37359 -2.05712 2.73343 -2.07232 -7.12805 2.95023 -11.6
-10.289 -1.30123 1.33605 -45.7289 0.340195 1.04762 -15.7044 0.741123 0 -0.956387
0.957261 0.601136 -3.92304 0.876515 0.639127 -3.70274 0.783347 0.681646 -3.62116 0.554551
0 -1.47201 -1.53164 1.64728 -47.7778 0.317628 1.8377 -14.3775 -1.04098 1.75596
-51.6936 0.202816 1.94231 -15.7737 -0.626043 2.17993 13.9846 1.88611 1.98056 45.5957
0.518464 -2.24341 -8.48739 0.855288 -1.11287 -23.6908 0.481651 0.0241221 -44.0467 -0.502347
0.761359 -51.639 -1.64071 1.31775 -45.026 -0.141333 0.548272 -53.2431 0.0666849 0.600629
-55.0659 0.0936098 0.72307 -14.6383 -0.561268 0.508496 -49.0142 0.179445 0.648609 -55.6103
0.457158 0.74587 51.9958 -0.538932 0.193542 45.664 -0.689549 1.19499 7.23838 -0.496391
1.25437 4.12889 -0.909801 -0.629688 29.9777 -0.672093 -1.54244 15.9164 0.529463 0.733948
9.55539 -1.25331 -0.991196 3.75248 -0.196746 -14.1457 2.62732 1.78555 -12.0711 8.44044
-0.685733 3.09237 14.2568 2.63447 2.97588 47.755 1.9859 2.92286 44.8486 -1.87626
-2.83087 31.7371 -0.734495 0.950023 -43.1257 -1.05219 -0.495334 30.9329 -0.793824 -1.4818
17.4503 -0.342214 1.27438 1.88142 -0.418047 -2.16291 7.28129 0.127155 -2.22742 -2.3364
0.285348 2.04721 10.7867 0.227558 -0.770701 0.770644 0.0135965 -10.2419 -7.19273 0.761892
-1.59701 -12.519 1.06243 -0.346124 -26.6094 -2.11042 1.91085 -37.3079 -0.847734 2.00617
-41.0862 -0.810147 0.663752 17.3904 -1.17684 0.771888 10.4919 -0.83478 1.185 5.34462
-0.610971 1.30692 6.34246 0.352918 0.772794 52.6745 -0.514344 0.292279 46.0717 -0.809761
-0.496383 26.2319 1.12092 -3.10686 24.5042 1.02322 1.88104 40.7739 1.19808 1.94164
12.1007 0.276133 0.773816 7.05976 0.764026 -9.78563 0.667888 -0.020166 1.5312 16.4307
3.14128 1.5238 36.9824 2.50615 2.03198 39.2354 2.72415 1.77975 38.3624 2.297
2.20166 40.5672 1.91527 2.27385 41.1163 0.807755 -0.503004 -26.3396 0.511459 0.288702
-46.139 -0.352971 0.771025 -52.6866 0.807651 0.662708 -17.4083 1.17402 0.770834 -10.5069
-2.58849 1.74594 -38.2672 0.0133258 1.50219 -16.3875 0.683271 1.29464 -3.67594 -1.05707
-0.278085 26.5102 -0.616582 1.30785 4.07803 -0.759255 -1.50272 12.4201 -0.127254 -2.11935
2.23195 -0.277832 -0.331645 4.35822 0.558831 -14.9543 -3.26223 2.13194 1.92015 37.2467
-3.69767 -10.1925 5.86113 0.414868 -2.05229 -7.38642 0.786385 -1.38678 -17.5378 0.802871
1.35603 -7.74056 1.04289 -0.427628 -31.006 -0.286884 2.03999 -10.7909 -1.51575 0.663731
-23.2794 0.643172 -2.83018 -107.29 1.64451 -0.734885 25.6728 1.81385 1.27398 41.9792
1.41795 -5.05861 0.520129 1.1434 0.876995 40.3899 0.650423 1.0044 43.3482 0.739851
0.968397 42.996 0.674236 0.950391 44.1364 0.679439 0.893275 44.3204 0.668295 -1.40608
-16.0506 0.906577 -0.492143 -30.0981 0.614136 0.261645 -45.7334 -0.287121 0.735891 -51.9613
-0.728972 1.4972 -41.8421 -2.39626 2.87097 -47.6791 -2.55077 2.88203 -48.1851 0.696675
2.96956 -14.2135 -1.74709 2.81977 -44.6773 -2.33427 2.84585 -47.8211 0.251196 3.00511
-14.7526 -1.78553 2.81932 -46.1981 0.386324 0.776613 51.498 -0.534016 0.0825072 44.0499
-0.668441 1.25393 5.6927 -0.386489 1.23725 2.40413 -0.862461 -0.985457 23.8537 -0.537574
-2.09261 8.86827 0.181137 -0.101382 6.76535 -0.045209 -0.554801 1.9381 0.0792202 -9.0869
-6.80608 0.694475 -7.08815 0.351432 -0.114289 0.903814 14.5139 0.693093 0.748959 52.4858
0.981612 0.703234 48.4164 -0.405803 -2.93175 32.392 -0.216997 1.14797 0.0861049 -0.728273
1.33845 6.50335 -0.280566 1.76403 0.0249437 -0.472363 1.23376 3.02015 0.889553 -11.5053
7.06992 0.0366255 0.537576 7.04651 -1.13095 -0.887338 1.67003 -0.547549 -12.3696 2.85778
-2.04009 -18.3342 4.13579 -0.329978 0.972276 16.4342 1.27714 1.01151 48.3511 1.63322
1.26531 45.1828 0.110296 1.02487 -0.143503 -0.223272 1.28217 1.60306 0.127547 1.7151
-0.212901 0.180022 1.25299 -1.00586 -0.876105 -11.5672 5.56361 -1.2635 -0.917743 0.404914
-0.316228 -0.791355 -0.889503 -0.117483 -9.33639 9.50539 0.339073 -16.2075 12.4985 -0.299798
0.620069 -52.9766 -1.4024 0.860085 -49.9565 -2.1356 1.09146 -45.736 -1.05064 0.544436
3.71887 -0.526922 0.855782 17.1076 -0.376213 1.07438 16.5718 -0.000833395 1.00464 0.000121251
-0.470872 1.30643 2.75939 -0.00105567 1.6119 -0.000365363 -0.00139211 1.21562 -0.0139478 -0.0442521
-12.21 -3.39779 -0.199384 -0.36461 1.46671 -0.0296575 -0.722702 -0.0492022 -0.0217535 -12.9611
0.220865 -0.022914 -19.7979 0.152798 0.526229 0.855075 -17.1193 -1.19212 1.04667 -48.1266
0.37754 1.07374 -16.5803 -1.61522 1.34217 -44.5475 0.790904 1.11963 43.4559 -2.15125
1.21765 -47.7436 0.17697 0.941564 -16.7007 -1.84458 0.910224 -47.8671 -0.207747 1.05506
-14.691 -1.26723 1.14526 -50.2059 -0.219686 1.19018 -15.5767 -0.110947 1.0171 0.142818
-0.693276 1.40879 4.87528 -0.127929 1.70648 0.213699 -0.179976 1.27852 0.974749 0.418288
-8.28974 -11.8812 0.400961 -0.61004 4.90382 0.29381 -0.801185 0.852008 0.100779 -9.32171
-9.49242 -0.376492 -15.803 -12.9591 -0.445615 0.960085 16.4531 1.18066 0.992695 48.7046
1.67067 1.20389 46.5993 0.202648 1.17494 -0.0854007 0.0534732 1.25195 -0.214213 0.265179
1.80932 -0.038206 0.465847 1.27875 -2.81171 0.525809 -10.8559 -3.49754 0.778656 -0.674366
0.162231 1.08032 -0.91751 -2.20425 0.393555 -12.6549 -0.751821 2.00756 -16.8542 -1.84968
-1.50152 1.20635 -46.9425 0.367243 0.966056 -16.3364 1.15447 -0.388606 -27.1066 0.74771
0.465515 -43.5718 0.259205 0.621142 52.9783 -0.762846 0.4933 43.5198 -1.15078 -0.318447
27.0078 -0.520176 0.839714 16.4655 0.75044 1.05375 46.4328 -0.922244 -1.1342 26.9007
-0.605904 -2.26273 12.4145 -0.0755363 1.1958 0.362863 -0.0666171 -2.90059 2.04975 -1.93327
3.40272 0.863771 -0.819963 -0.731598 -0.214269 -0.55758 -10.7448 5.13173 -1.34655 0.973779
-48.9733 0.390619 0.938446 -16.5372 -1.88292 1.18603 -47.0499 -1.97891 1.30073 -46.2199
1.43717 1.43597 43.643 -0.297309 -2.23902 6.1979 0.219013 -2.35408 -2.9489 0.693747
1.3883 -4.90269 0.863771 -1.73954 -13.2793 -0.568544 1.98994 -5.26424 -0.42463 -0.607647
-4.94756 -0.423582 -8.23564 11.871 -2.25937 1.20446 -43.6963 -0.178278 0.939124 16.714
2.16444 1.2144 47.8556 0.202924 1.06805 14.7001 1.88094 0.924545 47.8945 0.218461
1.21639 15.5442 1.32318 1.16319 50.2762 -0.802632 1.12095 -43.3729 -0.345555 1.27006
15.7996 1.20045 1.04835 48.1553 1.63365 1.3443 44.5993 1.54496 1.63801 42.64
-0.606524 -1.39639 11.5593 -0.00159288 -1.92123 -0.0516383 0.468723 1.30307 -2.78593 0.603833
-1.40209 -11.6692 -0.045749 3.33793 -0.0963739 0.146657 -0.373925 -1.51361 -0.00364528 -12.1049
3.68025 -1.52271 1.63483 -42.5908 0.347289 1.26859 -15.8073 1.0481 0.544987 -3.73933
1.36055 0.858964 49.982 2.09819 1.08742 45.7682 2.22872 1.19921 43.7167 -0.862663
-1.63865 13.1712 -0.218902 -2.2358 2.82012 0.222238 1.31123 -1.63583 0.295551 -2.10896
-6.34107 0.5412 1.97616 5.24396 1.24728 -0.918569 -0.445787 0.863055 -11.5233 -5.52498
-1.11641 0.99698 -48.1844 0.355312 0.960873 -16.405 -1.52741 1.24992 -44.9252 -1.40168
1.41918 -43.3849 1.76665 1.32627 45.5718 0.0464007 -2.80916 -1.41828 0.606567 -2.27166
-11.503 0.738497 1.368 -6.21754 0.935195 -1.24589 -25.6269 1.91198 3.52739 -2.14479
-0.274385 0.375541 -7.62111 -1.215 -11.5661 -6.22759 -0.240064 3.15832 14.6857 1.95134
2.93749 46.0511 -0.379265 2.28315 15.074 1.57205 2.03409 48.6762 0.172882 0.840297
-16.4951 0.254783 0.703624 -54.357 0.348796 0.828293 20.3132 0.604323 0.839136 42.7918
0.322072 2.99119 -13.2395 0.63818 2.85819 -3.37138 -0.957711 2.7963 -42.465 -0.195618
1.12265 2.98611 -0.125814 1.05128 14.9479 0.172875 0.923634 50.3554 -0.48814 1.77227
-47.9776 0.272165 1.9429 -14.211 0.52725 1.94688 -2.80608 -0.105029 1.80833 14.7773
1.25089 2.2443 40.2823 -0.968873 2.22655 -40.1226 0.12928 1.79013 -14.8003 0.636756
1.33236 -3.28805 0.60915 1.28985 -1.27241 -0.0131615 1.94849 40.0126 -0.265126 1.84304
19.6207 -1.06391 1.18776 -45.9395 -0.168345 1.2137 -13.8625 0.186215 1.1727 -2.6907
-1.46452 3.44145 4.87441 -0.591304 3.00334 4.41489 -0.497836 3.95354e-35 1.77282 -0.704989
1.60995e-34 2.05744 -0.906938 7.97611e-35 2.43288 -0.854006 9.80971e-33 2.40823 -0.878211 3.4362
2.83917 -0.955313 3.45524 2.95085 -1.31809 3.36331 3.76094 -0.351795 3.36379 3.63767
-0.772168 3.54615 2.77335 -0.830034 3.49854 2.77202 -0.763204 2.02572e-32 2.09082 -0.631639
-2.45913e-32 1.79208 -0.441541 -1.38703e-31 1.76609 -0.274659 -1.54104e-31 1.97148 -0.408121 4.83034
4.36716 0.0728498 3.94256 5.06019 -1.83686 4.77039 2.64893 -1.82013 4.40924 2.31606
-1.21729 4.17191 2.45764 -0.366969 1.04578e-31 1.6437 -0.491015 3.23115e-31 1.34749 -0.519409
1.64795e-31 1.18613 -0.526588 2.10056e-32 1.08169 -1.20095 4.43472 2.18419 -1.36852 4.43027
2.31804 -1.42903 4.50411 2.30287 -0.53853 4.23614 2.97246 -0.477475 -2.68475e-35 1.04028
-0.410295 9.80808e-36 1.10331 0.0808968 3.88285 4.5587 -1.39969 4.95623 6.02052 -1.57854
4.52018 1.5887 -1.93488 3.54462 0.888089 -1.49861 5.86516 6.21302 -0.407736 6.0079
9.05862 -4.05585 3.47876 10.0257 -3.85079 1.45074 7.5251 -3.7587 6.79098 6.96284
-3.38098 5.71504 8.46373 1.0698 3.41878 10.821 -0.0130979 1.09398 7.69958 0.891394
-13.0685 6.97264 0.929845 -3.94682 28.4188 -0.057192 1.97823 -6.55868 -0.52247 3.3654
-4.34443 0.335509 4.07613 -3.5309 0.919824 3.35664 -6.08431 0.967249 2.00823 -7.23012
-0.0448224 1.89736 -5.47523 -0.563895 2.56785 -5.00467 -0.196531 1.61001 -6.79135 -0.338562
0.960074 -10.597 0.236043 1.26063 -9.96404 0.981674 -0.737929 0.0179544 1.27698 -0.0950525
-4.49134 0.617404 2.66873 -5.6402 0.580256 3.87687 -3.28088 0.0751207 -0.638518 -1.96251
0.14333 0.400286 -8.81374 0.135008 -6.00674 -0.292483 -0.0717807 -8.14819 8.95023 0.136093
1.30739 -2.36898 -0.327697 3.58813 0.646057 -0.162912 3.96518 0.532223 -0.131758 2.50123
-3.84825 0.00888206 1.4908 -2.36403 -0.119088 1.42988 -2.20778 -0.77543 2.09844 1.02949
-0.655633 2.6873 0.925252 0.191911 1.64698 -2.5381 -0.227152 1.35337 -2.17251 -0.438746
1.38272 -3.02531 -0.721556 2.09732 0.781665 -0.743251 2.09596 0.93779 -0.213291 1.39849
-2.11459 -0.818509 3.57161 1.02066 -1.94742 5.66413 5.45879 -0.623566 6.28348 5.10682
0.100799 4.55859 5.00724 -0.583296 2.99315 0.719658 -0.537159 2.04178 -4.65617 -0.256084
2.4624 -4.39602 -0.117926 2.25851 -4.19902 -0.437819 1.44433 -2.60814 -1.01428 2.83643
1.12457 -0.572519 1.28353 -1.59594 -0.580344 1.4098 -1.59639 -0.937333 2.82419 0.957909
-0.981452 2.82625 1.11669 -0.574292 1.30665 -1.53288 -0.940963 2.01454 -2.15425 -0.88033
2.09875 -2.96918 -0.712573 4.48908 0.688479 -0.865089 3.46161 0.776363 -0.769174 1.81787
-1.66614 -3.81156 6.36378 6.18374 -1.58617 5.70872 5.67963 -0.466719 4.90396 4.51221
-1.59794 4.76776 5.11918 -1.66892 4.40922 4.33069 -1.26953 4.57583 3.55605 -0.646742
5.17283 13.6889 -1.56921 5.32369 11.8425 -0.900693 4.46887 3.31995 -0.204136 4.80146
13.4302 -0.108957 4.93471 14.6166 -0.979305 4.42502 3.23148 -1.56232 6.29605 5.60015
0.691611 7.05139 9.09482 -1.90241 5.31549 4.63912 -1.62878 6.24471 11.7001 -2.42276
-1.83803 31.725 -5.02213 3.95873 9.71727 -3.98959 6.85476 6.53762 -1.22986 5.25706
3.56509 -1.15599 5.31184 3.43933 -0.00448846 5.76581 15.0883 -0.17996 5.93693 14.7428
0.0436524 5.16636 4.96294 0.664203 7.53059 9.18265 1.99748 5.02042 11.4942 2.3526
-1.7593 28.0628 0.147702 5.27612 11.4279 -0.54981 4.75571 3.85869 -3.14717 5.04426
0.294596 -1.54458 3.05267 -2.17771 -0.365921 2.27824 -4.74934 -1.08836 2.6838 -4.21192
-2.2046 4.87732 1.67227 -2.01963 4.41254 1.48718 -0.946335 1.70874 -4.85912 -0.678087
1.93918 -4.46785 -1.98069 2.81376 -0.444717 -2.4853 4.75407 4.38864 -3.08316 -0.741519
3.88483 -1.02821 -2.48832 2.32112 -1.19544 1.60379 -2.88514 -3.05819 4.2366 0.180203
-1.44796 -0.736137 4.54413 -1.48191 -0.676222 0.825167 -1.01428 -10.9588 5.09986 -0.146604
-14.9743 1.98213 -0.12953 1.24416 -4.80995 -0.160838 1.67487 -6.73383 0.519662 1.30923
-7.00028 0.264499 1.31068 -3.99871 -0.0145115 1.11804 -3.39173 -0.125454 1.29567 -12.7357
-0.168681 1.0243 -7.2732 -0.240324 1.18982 -4.60294 -0.597298 0.797546 -6.26812 -0.573335
0.811623 -10.3516 0.614199 -0.502721 -6.52843 0.150829 0.419514 -5.29857 0.0283624 0.845039
-4.16813 0.330475 0.577814 -7.82466 -0.462926 -0.178014 -12.0795 -0.942275 0.262052 -12.0489
-0.617392 -1.38272 -30.2853 -0.951111 -5.09882 -2.63215 -0.210602 1.11173 -1.22242 -0.283203
1.46674 4.12982 0.00405757 1.4449 3.23872 -0.23385 1.07429 -1.10033 -0.215869 1.15027
-1.01628 -0.00694837 1.28649 2.07162 -0.00137403 1.27795 2.18673 -0.183247 1.21173 3.28334
-0.201008 1.13498 -1.10574 -0.239828 1.19862 -0.570535 0.276436 1.33445 3.10798 0.00370131
1.38877 2.39098 -0.0104196 1.37886 2.15839 -0.236797 1.17399 -0.852777 -0.7542 3.34019
4.89933 -2.57334 5.79493 7.56535 -1.49432 6.5716 5.46834 1.39371 4.02386 10.2675
0.581469 2.68837 4.3735 -0.233776 1.84053 -0.418291 -0.269148 2.28717 -0.906918 -0.243929
2.16541 -0.857343 -0.251718 1.71875 -1.15454 -0.525405 2.74373 2.50134 -0.294586 1.68717
-1.01788 -0.212396 2.61985 1.29258 -0.211034 2.68193 1.25874 -0.215681 2.70362 1.14849
-0.269435 1.6846 -1.15986 -0.342634 1.75391 -0.79288 0.363454 2.42814 3.86181 0.0767011
2.45589 2.55001 -0.311261 1.71699 -0.723426 0.0847073 3.05372 5.26238 0.208888 2.14995
6.42955 -0.673517 2.42396 6.81561 -1.21386 3.54659 3.90521 -1.38533 3.96649 2.77536
-1.86093 5.75098 3.11062 -2.00208 5.14374 7.32385 0.0226081 5.00934 11.6135 -3.19893
3.14484 10.0081 -3.85992 2.16956 7.44937 -3.57679 7.27674 6.1343 2.67699 1.78945
13.4309 1.8875 0.167652 13.1269 2.77621 -10.2863 5.59696 1.99183 -1.74255 31.7184
0.247312 4.52836 -0.772178 2.61625 4.67958 -5.69651 3.29083 5.1307 -6.3415 1.37265
4.48202 -5.48099 0.848589 4.18455 -0.14585 -0.182384 3.55552 -2.51474 -0.661624 4.31209
-2.80534 0.445076 3.50633 -6.13721 -0.20425 3.64229 -10.5823 0.445275 3.26744 -6.99926
0.455694 -2.42536 -0.3998 1.78027 -1.61536 -3.26463 1.52056 3.00414 -7.35229 0.160748
3.58393 -3.35025 -0.175605 -0.754879 -0.664881 -0.0749659 -0.891117 -3.68722 -0.361051 -10.1033
6.23643 0.0655916 -11.1903 3.19783 1.29913 4.00173 -4.50311 0.229526 1.79256 -2.31513
0.021614 1.52775 -1.89423 0.591508 2.99208 -5.6606 -0.340461 2.26877 -21.3251 -0.327266
2.35486 -20.8989 0.420872 1.93898 -2.27455 0.426678 1.92233 -2.45633 1.20463 2.73986
-12.3133 -0.18252 2.23079 -20.9912 -0.762415 2.05005 -12.8772 0.216325 1.98172 -1.45906
0.31514 1.97237 -1.92231 -0.306486 2.27277 -21.1165 0.0771196 2.95827 -1.9948 -0.409265
3.0904 2.53518 -0.241165 3.54871 2.61816 -0.296638 2.84003 1.8595 0.112729 2.88268
-1.43964 -0.637929 2.31825 -7.14428 0.319613 3.85798 -5.2943 0.599052 3.0546 -4.25182
1.01467 2.67547 -5.25141 0.512148 1.95098 -12.4822 0.125317 2.02687 -1.9165 -0.379915
1.80655 -23.7564 -0.304507 1.80309 -22.1305 0.0306719 1.9288 -1.55354 0.0939587 1.95635
-1.84041 -0.358988 1.7707 -22.091 -1.22421 1.64356 -8.75049 -0.74786 1.77131 -7.51197
-0.0814788 1.93223 -1.2401 -0.0102752 1.92484 -1.15128 -0.786558 1.70185 -13.5446 -0.950509
3.73449 4.79765 -0.349738 3.26332 5.63839 -0.215311 1.70569 2.3973 -0.421976 1.86584
2.57789 -0.435133 1.72506 1.8875 -0.459048 1.76313 1.61479 -0.860964 1.88753 3.94512
-0.916945 1.93641 4.1838 -0.553679 1.9466 1.54916 -0.68513 2.06005 3.12691 -0.730666
2.02161 3.50754 -0.509536 1.86098 1.50874 -0.251995 3.56626 5.46393 0.738944 2.6184
8.01732 -0.37174 2.27619 1.87746 -0.69579 2.31274 4.06728 -0.760683 2.45156 11.4928
-1.39422 3.50775 5.60471 -0.690348 3.7787 4.75639 -0.380813 2.16127 1.47732 -0.424987
2.18846 1.55096 -0.528973 2.211 3.8066 -0.55862 2.19256 3.93818 -0.20231 2.46437
2.12446 0.87255 2.66389 8.26817 1.61141 2.37791 9.54125 0.764463 2.33631 11.8208
-0.471064 2.30642 2.96898 -0.364401 2.22611 1.51309 -1.91211 4.94273 5.06899 -1.749
4.36503 5.13479 0.062474 4.55146 0.619413 0.154914 4.83098 0.256669 -0.565321 4.57007
5.35115 -0.328032 4.24001 5.83676 0.463684 4.51086 0.499212 0.343627 3.56053 0.822823
-0.269858 3.39759 4.81853 0.330717 3.88558 9.30328 -1.98511 0.400499 4.95782 -1.60095
-1.47454 2.77147 -1.59442 3.70158 5.97365 -1.64581 4.49174 5.76035 0.930009 0.690213
8.24369 0.0854872 -0.572472 2.46565 0.448606 -12.1524 -4.26562 1.48014 -8.9534 1.5609
0.430415 3.39709 -5.74248 0.825788 4.77603 -5.13505 2.47517 5.22801 -5.14818 1.82362
5.33818 -4.04137 1.09978 4.00139 -4.87875 0.125001 4.51953 -9.02341 1.11128 5.02233
-5.33776 0.598957 4.35409 -5.5949 -0.686194 2.98503 -8.16956 -0.994544 3.93942 -10.9677
2.82961 0.938673 -5.43251 2.50027 3.68188 -5.63899 1.9757 5.89934 -4.32064 2.76292
5.5935 -5.78373 -0.645385 0.888773 -8.29373 -1.87858 2.5362 -11.8244 -1.37716 -2.37262
-26.758 -1.10824 -10.2327 -2.2811 0.415441 1.9519 -2.68357 -0.232326 1.78829 2.27863
-0.0274108 1.52447 1.86573 0.185228 1.74059 -2.48171 0.424987 1.90009 -1.67805 0.434555
1.90654 -1.58584 -0.444414 1.94389 2.22958 -0.436712 1.92075 2.41391 0.411518 1.83809
-1.96012 0.540849 2.15386 -1.65787 0.443973 2.13325 -1.64236 -0.245984 2.01165 1.40759
-0.344509 1.9885 1.87591 0.494878 2.04911 -1.60431 -0.0944055 3.05737 1.84528 -0.584453
2.93857 4.22074 -0.317808 3.75074 5.23865 0.613877 2.27917 7.15581 -0.159514 2.91349
1.35684 0.283405 3.10575 -2.0682 0.2576 4.0594 -2.87473 0.494229 3.67614 -2.78321
0.430251 2.92065 -2.06337 -0.128828 2.15727 1.75898 0.487517 2.9866 -1.69438 0.46929
2.97469 -1.61991 -0.0437997 2.10277 1.38787 -0.109949 2.10379 1.67106 0.430126 2.89588
-1.62685 0.281521 3.15855 -2.32469 0.0864994 2.17582 1.07864 0.005964 2.13113 0.995678
0.427328 2.94564 -1.65039 -1.36526 4.43517 5.49507 -0.584616 2.95323 5.64937 -1.2829
3.93898 4.47632 -2.36037 5.15902 4.30929 -3.26887 5.08334 6.37383 -1.19478 2.70063
12.3275 0.332745 2.23781 21.3767 2.45798 2.27839 42.3564 -0.535775 -3.1822 29.677
0.208033 2.21808 20.9326 1.31239 2.24525 43.5441 1.89681 2.30732 44.5889 0.324364
2.26176 21.072 -0.388256 3.35224 6.13724 0.228353 3.42948 10.5404 0.877077 2.89724
10.3059 -0.993438 2.571 5.23226 -1.35715 2.04468 5.78339 -0.967107 3.28592 4.41697
0.311691 1.73425 21.9466 0.332617 1.77017 23.5701 0.800892 1.72831 47.2133 0.971223
1.65027 46.2406 1.20145 1.672 8.73537 1.35621 1.21954 11.7705 1.10712 -1.51693
28.5545 0.765503 1.73375 13.469 -0.263639 4.50828 0.88584 1.25517 4.12592 -2.26099
1.37508 3.88757 -2.76039 -0.0934631 2.9911 -5.25098 -0.857024 4.14818 0.158241 0.23374
3.44071 2.48798 0.712315 4.19869 2.83969 1.87531 5.69257 -3.06229 1.99826 5.11733
-7.3939 1.53671 4.26048 -1.6097 -0.48619 -2.37556 0.372254 1.66049 -2.0547 -2.24741
1.90715 4.39544 -0.701036 -0.153548 3.54428 3.51064 0.167833 -0.747334 0.636049 1.15066
-0.497141 -1.06822 0.73378 -12.5618 1.84801 -0.0794905 -10.9763 -3.2162 0.648185 2.3585
-6.80615 0.260431 1.45017 -4.12017 -0.0187984 1.42977 -3.21705 -0.215417 2.09499 -6.40437
-12.8716 1.99781 -53.6277 -0.962095 1.20894 -50.1749 -0.283875 1.25424 -13.8219 -0.077076
1.27073 -10.5797 -0.755606 1.28873 -55.7545 -0.38796 1.33067 -51.3008 -0.17158 1.37381
-14.6467 -0.252024 1.36144 -16.0412 0.739946 3.33587 -4.92552 0.212108 2.16825 0.854746
0.239815 2.29261 0.916201 0.201926 1.84283 0.430949 -0.597007 2.66559 -4.34838 -1.3978
3.96438 -10.2347 1.49622 6.52721 -5.43136 2.62973 5.80044 -7.56574 3.26256 3.18066
-10.0849 2.11118 -3.36257 -33.7568 0.50324 2.94081 -12.1916 0.52271 2.74743 -2.53601
-0.873168 2.8909 -62.6316 -0.982206 2.79812 -63.7701 -0.093897 2.79114 -17.559 -0.0499052
2.86956 -16.9654 -2.63421 1.7586 -13.3737 -1.60842 3.53996 -10.4642 -0.379443 2.43721
-3.85484 -0.0831448 2.47489 -2.56543 -0.264414 2.59573 -12.0927 -1.93793 -1.6848 -31.634
-0.00309099 1.1444 3.41347 0.116256 1.26077 4.83309 0.212665 1.07632 1.10781 0.186181
1.11455 1.22915 0.174029 1.13844 1.11167 0.187399 1.15418 1.02212 0.328562 0.823071
22.2287 0.443924 0.718917 22.3289 0.00279959 0.773708 11.8434 0.67123 0.745426 13.1564
0.333821 0.843647 22.5734 0.331868 0.860978 22.5498 0.207201 1.17792 0.859648 0.208325
1.20093 0.582184 0.224487 1.21108 4.62645 0.587604 0.823671 6.28731 0.136261 0.571706
11.8888 0.0402392 0.759041 3.72055 0.187876 0.928869 3.17216 0.215981 1.72156 1.14232
0.229773 1.69029 1.14544 0.249224 1.69714 1.00551 0.175172 0.646245 23.0547 0.146694
0.596063 25.1212 0.185445 0.582859 23.12 0.287638 1.77061 0.784562 0.635323 0.816916
6.56475 0.957606 0.622852 8.02653 0.668299 0.658092 13.5934 0.259667 1.73101 0.71403
0.162151 1.04474 7.29053 0.935708 1.71476 4.76356 0.689556 1.94218 4.30001 -0.0994568
1.65069 9.88131 0.146036 1.29008 12.693 -0.625738 -0.452557 6.55677 -0.792529 -1.45296
3.32168 -0.45737 0.434747 9.07662 -0.338496 0.634959 7.86545 0.535874 -0.182986 12.0027
-0.135878 -0.475948 5.00824 0.105024 -7.60496 -9.98731 1.02797 -5.15451 2.64408 1.47422
5.54489 -5.71814 2.14456 4.87072 -1.8175 3.15618 5.07973 -0.313439 4.25786 6.56865
-3.47793 3.68574 6.24879 -6.18169 2.40607 4.67761 -4.82845 1.93135 4.3526 -1.68634
1.39886 6.06554 -5.70401 -0.854472 6.59374 -9.16637 0.529091 6.75185 -9.29693 3.03147
-0.740973 -3.66947 4.64644 1.82853 -7.13641 4.29008 6.36804 -3.701 2.9919 4.14991
-0.0498672 1.49158 -0.778221 -4.58873 -0.662285 1.91045 -10.12 -2.03943 -12.5757 -8.38439
0.180886 -15.1696 -1.70278 1.46133 4.59134 -5.09632 0.250931 3.5159 -0.550613 0.104887
3.9096 -0.436857 0.374027 4.72322 -4.44698 1.12594 4.39102 -3.50106 0.954581 4.25719
-3.36002 0.624117 1.9712 -0.940412 0.52781 2.58509 -0.827326 1.50897 4.22378 -4.28032
0.786466 4.23201 -3.32193 0.344591 3.82323 -3.88111 0.574787 1.94906 -0.698928 0.59287
1.96001 -0.850976 0.858125 4.20915 -3.23556 0.667388 3.3791 -0.959358 0.0405382 2.31284
4.27795 0.236061 2.6269 4.46349 0.502447 2.14006 4.74024 0.451969 2.86627 -0.644027
-0.190356 4.34559 -4.9645 0.479129 6.01616 -5.09034 1.72739 5.4025 -5.48238 1.68977
5.07397 -4.64318 0.8388 2.60001 -1.07141 0.998882 5.12446 -3.50606 0.958205 4.92717
-3.38063 0.769658 2.57534 -0.941435 0.804929 2.59044 -1.07824 1.06132 5.05425 -3.5972
-0.139895 4.9696 -5.04277 0.569633 4.28046 -0.736471 0.705979 3.22347 -0.788754 0.407902
4.5208 -3.94743 -0.0232863 2.30842 6.63894 0.102143 2.613 3.9925 -0.203961 1.3947
2.49167 -0.81568 1.26237 5.14309 -1.13368 2.33592 7.25941 -0.303756 1.77095 2.66642
-0.123459 1.62847 2.48929 0.152911 0.669473 15.257 -0.539844 0.780546 10.0365 0.10885
1.46495 2.32091 0.0912118 0.917123 15.2457 0.113977 0.796099 16.6788 0.0923661 1.50671
2.25395 0.239407 1.7981 6.82405 0.450026 1.06986 10.5895 0.351903 1.45499 2.69866
0.160419 0.965169 12.1841 -0.95772 -3.25983 33.4598 -0.906042 0.256735 8.11681 -0.232668
1.71718 6.91639 0.497501 1.34486 1.63419 0.501175 1.33631 1.69582 0.103959 1.02342
17.466 0.153563 0.969068 16.8142 0.871501 2.04116 2.12849 1.08943 1.26146 7.13063
0.781508 1.24611 10.2358 0.693907 1.82582 1.7473 -0.440939 4.28362 3.64781 0.650153
4.55442 1.22695 2.0228 5.544 -1.1406 1.32921 5.03769 -2.42525 0.383721 3.66
4.1209 0.633699 2.63971 5.00022 1.54069 4.48528 -1.76363 1.92075 3.58591 -1.10552
1.1663 2.40563 2.03754 0.0998173 1.89838 5.41112 -0.87246 -0.716219 0.0094988 0.336913
-1.39085 -1.35942 0.428404 4.31917 1.32551 -0.449754 3.87482 3.52123 -0.0598168 -0.587417
2.29019 0.857365 -0.868832 0.152973 0.576438 -10.6517 -4.30504 0.147547 -8.31683 -7.93648
1.1826 2.904 -4.92587 0.41048 2.54518 -4.39815 1.06092 4.65467 -6.57516 2.45252
5.1519 -6.71889 1.9893 -4.12264 -32.9522 -0.391926 3.2585 -52.3865 0.320483 3.22663
-14.5791 0.900693 3.33687 -12.4082 -0.629515 3.12545 -54.5176 -0.255057 3.05182 -50.2757
0.256702 3.11095 -14.4324 0.198593 3.17975 -15.8707 0.245965 5.99063 -9.63392 1.27171
4.83352 -6.35951 0.300079 4.4754 -4.56112 -0.210508 3.48765 -5.24034 3.88295 3.03572
-10.8043 2.53986 3.4723 -6.15316 1.94574 3.52254 -5.75053 3.18213 5.20579 -9.08832
-0.847894 2.51479 -53.2257 -0.960466 2.62456 -53.9454 0.597049 3.25649 -16.0316 0.697668
3.21166 -15.714 0.352174 3.74322 -3.14024 0.213529 3.42423 -11.8261 -0.905665 -3.98922
-29.2124 -1.23775 3.32328 -11.138 -0.258264 6.17512 -9.38909 -0.159376 3.46904 -4.67916
-2.81074 5.40594 6.35251 -1.30854 4.87931 6.18025 -2.01823 -4.13244 31.5084 -3.61484
2.27346 8.72353 -1.19289 3.90923 11.8458 -0.286895 3.70034 14.9185 -0.358749 3.63796
13.6008 0.698308 3.51622 46.7813 1.18999 3.6131 50.6494 0.536445 3.95392 10.7362
0.783196 -2.87614 28.3786 -0.0522696 3.62501 11.3953 -1.65479 4.64151 2.45751 -2.20472
4.04913 5.34702 -2.87471 4.04004 5.67501 1.48867 3.10823 51.2864 1.34399 3.08007
48.1826 -0.975729 3.81341 13.9093 -0.747623 3.73885 15.0116 -0.324852 3.81538 11.3793
0.0603282 6.26193 9.0758 0.727098 -15.9278 6.82122 1.43172 -11.1639 -4.2927 1.25704
-0.0050466 -5.18106 0.636993 -0.808528 -0.42723 0.710103 1.05437 -5.05955 0.395893 1.44901
-2.3315 0.91458 0.789811 -5.63118 0.436705 0.544108 -10.0453 -0.0372652 -0.410927 -7.80541
-0.00680584 -0.539831 -1.99227 -0.0355986 0.582807 -16.7184 -0.0362402 0.72402 -15.256 -0.216597
0.862852 -12.4439 0.0464857 -2.20351 -30.768 -0.55177 -0.0259261 -11.4917 0.278497 1.4992
-6.90751 0.988872 0.158203 -8.16917 1.25614 -3.03398 -33.6069 -0.131553 0.842854 -12.129
-0.56334 1.20063 -1.60473 -0.196779 0.827773 -14.9822 -0.0708697 0.859916 -16.7525 -0.766668
1.19164 -10.2772 -1.12969 1.19448 -7.33386 -2.49648 -3.04105 31.769 -4.8295 3.4527
9.22762 -4.31094 6.56781 3.48035 -2.93469 -0.459858 3.6012 -4.47328 1.65455 6.87848
-4.42204 -12.5317 16.9818 -2.63787 -15.7731 13.9269 2.00768 4.77085 11.5936 2.09643
-1.35292 28.1316 0.0746623 4.73155 11.0261 -0.447268 4.06018 3.9153 -1.24706 -0.682683
4.76207 0.846963 2.06432 10.264 -0.717216 7.12273 8.97187 -0.653746 6.04927 13.651
-1.42777 5.44933 3.80754 -4.43522 6.50191 3.84914 -4.72299 1.83574 7.33393 0.68238
2.06116 10.0447 2.07369 -12.362 8.50268 1.21704 -5.50896 -3.59298 0.0725375 -1.73344
-28.5177 0.492832 0.72118 -5.18648 0.949297 -0.378536 -5.99323 0.19454 1.00732 -3.98188
-0.0193552 0.745173 -11.8423 -0.957832 0.384056 -11.7662 -0.602726 -0.0755281 -12.181 -0.322631
0.826897 -22.598 -0.329611 0.808491 -22.6281 -0.676024 0.713848 -13.1762 -0.889144 0.668472
-7.71708 -0.207873 0.898705 -3.1491 -0.066061 0.722604 -3.7023 -0.151245 0.537669 -11.8887
-0.28919 0.455396 -23.1516 -0.15085 0.546924 -23.1496 -0.651262 0.634424 -13.607 -0.948064
0.602896 -7.99731 -0.638998 0.7939 -6.53222 13.2264 2.04727 53.7663 14.1628 -4.34656
45.5298 -0.897256 1.38584 10.8047 0.268591 2.60099 15.97 -1.26038 4.16641 2.33608
0.164797 -1.81142 -0.965382 -1.30358 -1.34703 0.749639 -1.14061 -17.5774 -2.99286 0.267547
-19.7597 -0.643452 1.17837 1.24499 12.179 2.28093 2.71947 13.0414 0.0998013 -0.705251
-0.80644 -0.959099 -0.386908 0.696154 -1.50433 4.29983 1.54769 -1.92483 4.48942 0.978955
-1.66993 -2.01899 2.27252 -1.16755 -0.525168 1.02169 -0.739343 -12.7632 -1.85288 2.48081
-17.3303 1.45248 2.59901 -1.14883 -4.13062 2.38986 5.24016 -4.33127 2.00831 3.93753
-5.13444 2.80657 3.52404 -5.82362 0.532835 -3.20795 -29.5391 -0.104422 -0.780766 -3.81858
-1.82141 2.3199 -44.7325 -1.22253 2.26091 -43.7419 -1.21187 2.01253 -8.29992 -1.58727
1.9537 -11.2925 -0.891961 3.00789 -10.3086 1.01463 3.45666 -4.47607 1.39683 2.15194
-5.83948 -0.482172 1.66293 -22.1302 -1.59128 1.59161 -44.6083 -1.08293 1.72051 -46.5746
-1.1709 -1.52166 -28.8447 -1.39657 1.25478 -11.831 -1.0583 2.3564 11.5387 -1.78625
3.56449 5.6363 -1.44655 5.04097 3.99345 -2.14364 0.486871 4.664 -2.07816 2.96768
5.48675 0.802513 -5.00138 28.5293 -2.00939 -13.2091 3.86101 1.48129 2.35557 9.4252
0.630048 2.26864 11.5797 -0.666193 2.12258 2.97233 -0.455603 1.92987 1.51139 1.03235
0.830491 8.3559 1.80096 2.21395 11.6548 1.13521 3.45966 10.855 -0.632369 2.2183
3.91079 -0.384897 2.19186 1.53638 -1.10445 4.78115 4.32532 -1.69091 2.85713 5.62718
1.80186 2.10147 11.7283 1.64307 -1.99444 27.6074 2.40645 -12.8602 -5.07999 -0.432943
-4.65304 -28.9606 2.37146 3.26547 -5.6374 2.65438 0.714442 -5.16738 1.94167 3.83347
-5.6762 1.24976 2.52062 -11.6028 0.950974 2.09068 -4.30779 -1.67775 2.46986 -11.8551
-0.526913 1.028 -8.33115 0.772169 2.25971 -3.65308 0.719769 2.31195 -3.26559 0.69256
2.39311 -3.12234 -0.540969 2.49626 -11.6171 -1.56182 2.59514 -9.68155 1.19511 4.81744
-4.84964 2.00232 4.49089 -5.58394 1.27594 3.22047 -11.2859 0.967916 3.17378 -4.19303
0.429558 2.93328 -1.69687 0.909757 3.07797 -4.00263 0.826921 3.0708 -3.98945 0.649081
3.18276 -2.96407 -0.665036 3.01315 -11.6361 -1.71287 2.98338 -9.58233 -0.836815 3.40467
-8.18864 -2.77733 3.46899 5.81052 -1.98456 3.87633 5.10729 -2.62119 4.66726 5.79836
-0.18871 -1.79796 1.0082 -2.60834 -1.12264 4.16288 -2.49277 -17.2116 -1.67761 -0.296567
-19.6656 0.320774 1.55225 1.88367 11.2673 1.17402 1.989 8.32182 -0.0710941 -0.709406
0.783343 0.110748 -0.820284 3.77312 -0.385755 3.05463 6.96138 1.46737 1.51061 44.3295
0.432371 1.6099 22.0043 -1.43305 2.97979 7.3413 -1.73088 -1.54451 3.13591 0.0533861
-0.916233 3.63148 0.316456 -9.90421 -6.27534 1.13633 -17.4776 2.73546 1.30007 -1.34655
-0.736526 1.18717 3.45133 -3.90539 -0.261513 2.53548 -15.9453 0.888599 1.34822 -10.8028
-13.7706 -4.25476 -45.3983 0.989206 -0.377983 -0.747869 -2.30332 2.62549 -13.0499 -1.21708
1.18071 -12.2673 -0.0403155 4.95777 -11.6279 3.65046 7.28489 -6.0907 3.92308 2.22857
-7.55124 -1.88899 0.157245 -13.1175 -2.75567 -10.1373 -5.57966 -0.216523 1.03865 3.99934
0.145053 1.71713 6.74077 -0.284396 1.35244 4.02578 -0.549837 1.3717 7.04149 -0.989134
-0.343575 6.04137 -0.5223 0.756175 5.21199 -0.0885479 -1.74028 28.5292 -1.26224 -5.58207
3.64916 0.88397 0.698962 7.72746 0.623986 -0.0768057 12.1095 0.967061 0.410477 11.7653
0.583078 0.840888 10.3903 0.309717 0.490083 23.1324 -0.0386999 0.888528 4.19853 -0.170697
0.456352 5.32098 0.991298 0.283517 12.0499 0.717293 -1.36691 30.1069 2.64559 -15.5868
-13.5785 4.39056 -12.2061 -16.6555 4.43826 1.71417 -6.76087 2.95018 -0.401429 -3.47642
4.71657 3.42961 -9.15942 2.58168 -2.92146 -31.8016 1.49127 5.11601 -11.8854 -0.999224
1.71992 -10.5049 1.1928 -0.747238 -4.99531 0.128972 4.72102 -14.7809 0.205129 4.57726
-13.5896 -0.0912025 4.49516 -11.1075 -2.06879 -1.46774 -28.4154 -2.1525 4.27655 -11.6622
3.77075 6.64422 -6.47946 4.85544 3.89507 -9.62225 2.56621 -1.61074 -31.8458 1.52759
6.03048 -11.7809 1.24319 5.2456 -3.80787 0.643852 5.85089 -13.7565 0.21368 5.74808
-14.8861 -0.159796 5.10824 -11.5596 -2.14844 -1.95767 -28.2144 -2.00231 4.82787 -11.5542
-0.69483 7.37866 -9.25503 -1.07769 1.01512 5.69191 -0.484078 1.57762 2.46529 -1.08621
3.7363 6.1384 -0.716917 -0.858457 0.650825 -1.40451 0.0152808 5.20199 -1.55221 -12.11
4.21834 -0.783572 -16.5586 -6.66531 0.679432 0.0685302 11.4831 0.312014 -2.03495 30.5689
0.243841 1.04907 12.4734 0.340977 1.45695 3.15626 0.0432188 -0.576226 1.95564 0.14391
-0.395111 7.76565 -0.113426 1.29463 9.91736 0.267999 0.940321 15.0363 0.486689 1.25323
1.70378 -0.500205 2.82391 5.67887 -1.14371 -0.0561263 4.42604 -0.107104 0.679833 9.14138
-0.0378767 -5.76627 1.04004 3.2626 2.17142 -8.98602 0.961872 2.81379 -3.65473 0.554757
0 -1.89068 0.390623 0 -1.60405 0.70185 0 -2.29195 0.11979 2.76236
-3.63004 -0.083139 3.09025 -11.9986 -0.623559 -3.18277 -30.376 -0.661697 3.93402 -11.4164
0.463955 0 -1.74131 0.57426 0 -2.00499 0.523723 2.9323 -2.68239 0.48499
2.9481 -2.69468 0.318009 0 -1.77378 -0.62807 2.42304 -50.0322 0.901343 3.24844
-14.5655 0.339656 0 -1.37031 0.255205 0 -1.67975 0.957201 3.64614 -2.5716
1.45857 3.89659 -2.46713 1.47763 4.24446 -2.84768 0.366933 0 -1.23226 1.32332
4.14257 -2.66301 1.13424 4.00797 -2.51359 0.328036 0 -1.13727 0.366047 0
-1.08794 -0.461388 2.2486 -5.62737 -0.561355 1.27952 -9.96965 0.398263 4.37712 5.528
-0.209817 2.93131 3.82211 -0.259823 2.19012 0.420801 -0.172003 1.10822 -3.49692 0.595626
6.37299 8.96627 -0.919009 2.19752 -4.23875 -2.21589 3.09247 -0.373667 -2.63138 4.89908
4.35491 -0.491587 0.808774 -6.07532 -0.58236 0.924786 -9.59229 -0.330736 1.41713 -11.8857
-0.217704 1.03035 -0.905147 0.168474 1.34875 3.53698 -0.0255552 1.13675 3.12357 -0.177753
0.990322 -0.9199 0.394435 2.01968 9.29051 0.653895 1.66984 12.3266 0.720561 1.51762
9.86251 -0.558534 2.16054 -7.4382 -0.619206 3.58012 -10.5994 0.847336 4.78305 -9.88013
-1.36808 1.85602 -8.54478 0.0453001 1.36242 -1.56676 0.142908 1.29861 -1.43575 -0.698048
1.68694 -12.3209 0.684604 2.36144 7.89738 -0.25716 1.58309 2.12024 0.0866 3.50486
0.337629 -0.570582 3.53976 4.3357 0.0602914 4.02464 8.7238 0.226956 1.58545 -2.1789
-0.716089 2.38954 -7.99689 -0.0530548 1.36061 1.54643 -0.14903 1.29592 1.41565 0.479834
1.31896 -1.44393 -0.839137 4.74495 9.8944 0.624671 3.53922 10.5838 0.55702 2.13542
7.40752 -0.703887 1.48092 -9.79755 -0.638824 1.63846 -12.2914 -0.391334 1.99486 -9.3138
-1.20442 0.804663 -12.1907 -0.174448 1.33358 -3.49157 0.0147737 1.10784 -3.05468 -0.236233
1.23559 -10.601 -1.41891 -0.64999 -27.4229 0.487671 0.823482 6.06422 0.198067 1.03208
0.912107 -0.846794 3.54412 2.83687 -0.498811 3.77147 13.8207 0.753273 3.83191 48.8764
1.3684 3.70977 52.4173 -0.249145 3.74474 15.3548 -1.09059 4.38771 2.16344 -0.646612
3.74171 15.3158 1.51083 3.14244 51.9887 0.459177 3.29537 47.1284 -0.71181 3.83132
13.5217 -1.51506 4.90735 1.87081 -2.97683 6.06748 3.7737 -2.03193 5.52877 0.768675
-0.650016 4.5637 -1.26404 -3.22129 -14.0465 12.057 -3.16989 0.891616 5.71318 -0.43817
-18.4844 7.52623 -0.505979 -1.30368 1.13389 -0.428683 1.60663 7.07871 -0.819417 -0.797414
-0.182586 -1.14767 2.41435 -2.13426 -2.16437 5.53653 2.3455 -0.359806 4.47927 -0.853289
-0.312662 -1.39464 1.52035 -0.866991 -0.959369 -0.0560169 -0.579871 -10.5611 5.31023 -0.104182
0.43733 -15.3326 -0.137084 1.35656 -2.26142 -0.0421728 0.480313 -17.1849 1.11316 -16.3537
6.94378 1.80785 -10.5903 -2.95015 -0.0181361 0.917481 -17.4007 -0.578148 1.4307 -1.64693
-0.0719226 1.06974 -15.6298 0.790921 -1.91903 -33.7561 -0.803767 1.00918 -13.2732 -1.08717
4.44624 3.39234 -1.02883 4.56843 3.32483 -1.11546 5.12867 3.2909 -1.01956 5.10171
3.30756 -0.106577 5.04652 14.983 1.72831 4.7083 44.4967 2.50551 4.88325 48.0871
-0.126688 5.37467 13.6798 0.395914 1.55628 -7.85646 -0.948475 -15.3821 15.8364 -1.20562
-1.93004 2.28883 0.767815 -1.33397 -2.85525 1.03272 -9.433 11.4403 -1.46194 -0.72124
1.04617 0.0167638 -0.39612 -5.24589 0.123407 1.67904 -10.0542 -0.0427882 0.766586 -5.81755
0.439899 0.364072 -9.03268 0.776671 -1.53564 -3.28912 0.184065 -0.449427 -5.07328 -0.0527576
-7.44484 10.1988 -0.439381 0.690495 -22.3497 -0.319123 0.793051 -22.261 -0.31384 0.83216
-24.4025 -0.250636 0.812177 -50.0426 -0.293401 0.79417 -48.3157 -0.91876 -0.881495 -30.6332
0.781947 -3.72597 -3.42824 -0.0112735 -1.14283 -29.8593 -0.0949283 0.558577 -25.1687 -0.130121
0.61277 -23.1112 -0.146028 0.644079 -23.2231 0.0744339 1.2997 10.5859 0.013782 1.35869
2.17697 1.00095 1.23857 50.1902 0.288987 1.28343 13.8285 0.791947 1.31946 55.7434
0.9961 1.27681 57.3982 0.312267 1.34436 16.4958 0.254985 1.39269 16.0413 0.412737
1.36211 51.2738 0.170611 1.40595 14.6451 1.43126 -1.49006 30.0907 0.439949 1.44274
11.4883 -0.240521 2.82298 1.15828 -0.463285 2.92961 12.164 -2.003 -3.45146 33.5578
1.06453 2.86694 62.7557 0.697982 2.97155 57.7465 -0.0197986 2.94742 15.213 0.104116
2.84747 16.9752 -0.209827 2.61077 1.63335 1.1639 2.76921 63.9844 0.146479 2.76521
17.5892 0.653952 2.62919 56.2186 0.0424708 2.65911 15.4049 0.290635 2.57376 12.1194
1.64004 3.58075 10.5277 -3.49953 6.47849 3.77798 -3.9106 -12.2242 11.0692 -3.5215
0.0602728 3.84133 -3.26715 -18.3816 3.29587 0.596474 -14.9013 -5.39655 -0.425723 -0.959908
6.45233 -2.47764 2.31143 -42.195 -0.442279 2.3605 -22.4582 -2.12919 2.4088 -44.0948
1.48888 3.25223 -6.74025 0.511458 -18.8703 7.9445 1.8616 -14.806 8.19174 1.95367
0.113498 -5.88277 2.15242 -9.36938 -3.6685 -0.895362 1.79022 -47.6499 -0.232303 1.81264
-22.0776 -0.508675 1.81299 -46.5429 -1.48535 -6.97995 -2.32048 -0.859494 -0.0174045 -10.0106
-0.461622 1.76049 1.51685 -0.520933 1.84413 1.61003 -0.411994 2.19744 1.46871 -0.442051
2.23021 1.47465 -0.767239 1.96596 3.79615 0.0159254 2.27482 14.9832 0.137629 2.25324
16.1189 -0.478127 2.25848 3.11917 2.12244 4.57601 -4.58725 -1.32639 -16.91 -5.05277
-1.60608 -1.2294 2.60722 1.69412 -17.0885 2.07707 1.97456 -1.22657 -2.96499 0.127049
-0.506977 2.57716 0.418292 -0.420239 -2.17732 0.942273 3.91535 -3.65195 0.289857 3.96055
0.653401 2.4588 4.48869 -5.39581 2.22185 -1.19991 -3.39268 0.434181 -0.504179 -2.10998
-0.0142018 -13.0801 1.77037 0.8995 2.05276 -4.0766 0.502118 2.02133 -1.69345 0.811963
2.18177 -3.94572 0.286332 2.48223 -14.7627 0.168497 2.42653 -15.9291 -1.96683 2.57032
-43.3142 -1.14386 2.64425 -42.1749 -1.09014 -2.19403 -27.2249 2.48344 -13.0364 -4.44063
-0.611927 -4.20212 -27.9337 0.77942 3.10078 -3.81512 0.502577 3.04044 -1.61325 0.670214
3.1394 -3.09881 0.326026 2.33811 20.9223 0.453244 2.3529 22.4439 0.745937 2.03792
12.8672 -0.512706 1.89999 12.425 0.267352 1.78751 21.9375 0.204165 1.81523 21.8937
0.736184 1.80998 7.48297 2.17674 2.40214 44.064 1.60303 -1.161 27.897 -1.39062
3.1497 6.66027 0.442345 1.79028 46.0491 1.41356 -6.87072 2.23115 0.814505 -0.0752828
9.9063 3.54121 6.42276 -3.60343 -0.56264 -18.6846 -8.66041 1.46365 -20.4191 -5.92701
3.5824 0.0626216 -3.89476 3.34562 -18.1952 -4.0919 -0.594244 -14.7053 5.41986 0.39316
-0.93554 -6.49963 0.166993 1.19049 -3.27869 -0.953226 1.24655 -57.3952 -0.306793 1.31427
-16.4919 -0.00895022 1.25274 -2.18096 -0.00546693 1.2625 -2.06638 -0.0258696 1.33219 -2.17221
-0.0041524 1.35247 -2.15367 -0.290719 1.30773 -3.08803 -0.440669 1.40872 -11.4757 -1.45564
-1.52768 -30.1853 -0.0187056 1.35989 -2.38302 -0.515296 2.98773 -57.7125 0.0712677 2.9629
-15.2265 0.239622 2.8338 -1.19348 0.210796 2.71792 -1.18188 -0.550937 2.6565 -55.9904
-0.0114361 2.68405 -15.3729 0.208453 2.70101 -1.29414 0.206199 2.63798 -1.32822 0.204488
2.63129 -1.66463 0.329059 0.865808 24.3561 0.187323 0.675002 23.1579 1.07013 2.73838
4.11735 -0.427313 1.64444 7.8929 0.357194 2.3659 4.75123 -1.06261 -9.54075 -11.3217
-0.798807 -1.2901 2.9161 1.56471 3.10592 2.16487 0.944425 -15.3413 -15.5557 1.21195
-1.88053 -2.19174 0.00760627 -0.40979 5.16939 1.47983 -0.705226 -1.10688 1.9871 2.83443
0.186517 0.0245688 0.817715 5.84628 1.1699 1.59027 2.95966 0.974665 -2.42645 -2.1842
1.52743 -0.661301 -0.815172 1.04694 -11.175 -4.87361 0.630666 4.97182 -13.7719 0.905867
4.37061 -3.31723 0.130311 4.83846 -15.1321 2.95279 -14.1353 -15.055 4.75609 -10.9806
-17.2206 0.0575386 5.59629 -15.2465 0.866995 4.88735 -3.4112 0.152174 5.21513 -13.8412
2.73058 4.90539 -4.49974 0.884021 7.27253 -9.03499 0.00286967 1.55412 2.33655 0.0183404
1.49402 2.39353 0.507854 1.43607 1.69442 0.511881 1.46461 1.73699 0.821485 2.08638
2.88375 0.132063 0.71083 17.1246 -0.194202 0.443687 53.3264 -0.100428 0.216819 57.0821
0.136121 1.16962 15.647 0.780932 1.24092 7.54578 0.839763 1.30197 13.1415 -0.578876
-1.49716 33.7454 0.700792 1.81551 12.1531 0.442957 -18.7571 -6.85304 0.513969 -1.42948
-0.872852 2.7797 6.09074 -4.22725 3.11159 -13.6172 -11.2368 3.02821 0.976646 -5.78987
0.828154 -0.834895 0.154757 0.347841 1.65446 -7.64338 1.39687 6.01528 -6.72111 2.08514
5.25068 -2.04899 3.56399 6.3874 -7.227 3.79288 1.31132 -7.89973 -0.108956 1.0604
-8.08086 -0.981482 -12.7236 -6.63236 0.1598 3.21642 -16.341 -0.783119 3.18637 -56.4752
0.646097 0 -2.29172 0.600063 2.93376 -2.763 0.549718 2.9057 -2.68803 0.52073
3.00182 -2.7231 0.199537 0 -2.03996 1.97641 -3.70163 -33.0568 2.03377 3.36438
-9.93262 0.614079 3.40821 -14.1405 -0.224148 2.90542 -48.8496 0.382517 0 -1.1293
1.08475 3.94795 -2.54496 0.947121 3.93711 -2.40143 0.852977 3.89736 -2.36577 -2.28897
3.95755 9.35525 -1.56123 -3.84875 31.7555 0.636982 -4.35956 -33.2276 1.3487 0.437865
-8.85906 -0.427483 -6.21324 0.909817 -0.160957 -8.12649 8.33926 0.834093 -0.0330421 -57.576
0.824127 0.218169 -53.7423 0.946253 0.730122 -56.6413 1.43995 0.737398 -61.6256 0.0419396
-14.53 2.31001 2.23233 -11.5648 8.81931 3.06884 6.09466 48.8062 1.96278 6.22381
45.8629 -4.7824 -11.5187 17.3095 -2.99395 -14.5483 15.0448 -0.130804 0.362608 -48.4333
0.340345 0.436417 -50.9665 -1.89997 -15.3708 6.90224 -1.82553 -0.510106 2.74833 2.1963
-9.36632 6.22804 -0.790525 -0.553409 5.58811 0.453675 -14.821 -3.7986 0.19353 -12.6131
3.9652 -0.55486 -13.3724 -0.91002 -1.45354 -20.553 4.99476 3.34069 -11.2884 -6.63483
3.56474 0.999925 -6.58501 -0.630507 -11.9962 6.15384 -1.16101 0.614374 -9.8631 -1.97351
-7.9132 -3.01664 -1.57754 -1.22094 -28.0916 0.0433419 -2.65845 -28.9766 2.15133 2.48823
43.6909 2.89233 2.46117 44.7897 1.91369 -1.49461 28.1917 1.61878 -8.46222 1.91775
0.291493 2.20449 16.6734 0.22383 2.11748 16.0888 0.833703 -4.16601 28.4624 -1.97816
-12.3313 3.23277 2.88349 2.22774 43.3489 3.4131 2.03027 41.8785 -1.03414 -9.78059
-2.53795 -3.74762 2.55086 -40.0981 -3.32027 2.72261 -41.478 0.00944129 2.8766 -16.2128
0.148842 2.80272 -15.7073 -3.32603 -11.1967 6.60916 -3.54504 0.996386 6.59867 1.14017
0.521883 9.78303 -0.184896 -12.3077 -4.03518 0.592683 -11.6135 -6.26067 1.91444 -7.64748
2.86199 -0.0809576 -2.60978 28.8427 -1.88216 0.111926 5.76007 -1.84818 -14.6075 -8.58195
-2.11968 -9.19861 3.53864 1.89643 -15.1346 -7.02218 1.81807 -0.509858 -2.76583 0.581021
-13.1841 0.864476 0.784936 -0.553597 -5.69742 -0.459343 -14.7388 3.738 -2.24978 -9.3706
-6.3455 3.957 -12.0291 -11.5546 0.334723 0.832705 48.1504 0.309165 0.850851 49.8893
0.939473 -0.861582 30.4846 0.0241012 -1.15107 29.8487 -0.796149 -3.74628 3.42676 -0.204617
0.477248 50.8744 0.219892 0.400612 48.372 -2.36096 -11.6309 -8.47542 -0.0921969 -14.5684
-1.66971 -2.16217 4.67404 -48.6469 -1.4725 4.50165 -45.0415 -1.52931 6.00508 -46.3212
-2.55269 5.88363 -49.3009 -0.480671 -4.78525 32.8499 -1.57349 0.611747 8.82539 0.182353
-8.16171 -8.23379 0.510742 -6.16563 -0.873653 -0.971946 0.844546 61.6247 -0.499396 0.843968
56.6328 -1.66795 -10.8699 2.50403 -1.03569 -16.1979 -7.8748 -0.0687033 2.26355 10.9063
-0.061593 1.95054 5.57762 -0.0195433 2.44823 4.94398 -0.535017 -1.85615e-35 1.65724 0.142379
5.82401 9.16104 -0.385509 2.18016 3.62163 -0.619564 -5.19289e-36 1.64644 -0.168275 2.36964
10.9339 1.10681 3.47352 10.8693 0.963436 -3.32837 28.6197 -1.82262 3.82635 1.88421
-0.965959 6.038 7.01819 -0.124263 2.14863 -5.11519 -1.16171 2.71358 -1.56173 -0.0547934
1.56464 -9.49041 -0.263637 -1.75612 -30.1441 -0.617764 -6.37086 0.046742 -0.314198 -0.360403
-7.81539 -0.816661 0.232709 -11.0229 -0.0806655 0.925028 -11.7039 -0.793175 6.96962 8.98878
1.71948 -2.16342 27.878 -0.0191201 3.20067 10.4706 1.94199 4.02258 11.5363 2.28259
-11.9813 9.01287 0.846332 1.64997 10.4584 -0.167376 1.77437 -9.65725 -1.29422 -0.828019
4.76087 -1.62342 -0.809187 0.870638 -1.10943 -11.5282 4.48286 0.0762268 -15.2605 2.16623
-0.25151 -0.509695 -5.29504 -0.831532 -0.0279199 -11.6341 -1.28027 -4.29137 -3.98124 -0.366959
-7.293 8.93925 -0.623838 0.690184 -12.1134 -1.07913 -0.639706 -28.8529 -0.986638 0.49507
-10.9725 -0.793692 0.672776 -7.29554 1.0095 2.90959 1.15609 0.443243 2.24361 4.5527
1.22983 0.827526 12.2521 1.13083 0.0763342 11.6488 1.55235 -5.15101 2.57424 1.46288
-0.653752 27.8534 0.50177 -0.635886 5.33711 0.311984 -0.859048 1.10944 0.160486 -9.97245
-7.90166 0.609779 -8.78233 -9.50726 1.70682 4.17887 -4.48515 0.753044 -0.419795 -3.65743
-0.206522 1.16878 -10.2264 -1.18753 -9.383 -6.13401 -0.0940876 -12.6711 -0.404772 -0.460881
-1.96655 -27.5303 -1.37724 2.21313 -11.5179 0.997898 3.44436 10.3648 0.594467 1.81211
11.2795 -0.635425 1.4126 3.04569 -0.492373 1.32914 1.4127 1.49219 2.09769 9.25375
1.67708 2.12026 11.2039 1.28576 -1.69765 26.9292 0.113788 4.2181 -8.73444 0.790396
3.80618 -3.96164 0.74743 0.783723 7.99873 -0.120701 -0.581924 2.47037 0.298229 -12.2381
-3.16891 1.33979 -8.96739 2.38894 0.0539678 -0.812941 0.106411 0.292982 -0.465051 -2.41857
-0.145058 -12.4767 2.09354 0.0457537 -12.9699 -0.832609 -0.97767 3.49212 -10.4735 -0.634406
1.80502 -11.392 -1.04799 -1.94253 -26.915 -1.674 2.13274 -11.3802 -1.57237 2.10622
-9.40777 0.605099 1.39765 -3.09856 -1.01648 2.88033 -1.18928 -1.70883 4.15022 4.48111
0.698304 1.67276 12.2669 1.35972 1.83567 8.50187 1.38038 2.18121 11.498 0.496246
-1.95073 27.5233 0.221224 1.14175 10.2503 -0.75062 -0.428028 3.66618 0.100313 -12.6087
0.420455 1.2067 -9.33837 6.15419 -0.445196 2.2179 -4.58675 -0.312543 -0.850107 -1.12684
-0.494882 -0.622576 -5.33919 -0.599028 -8.67623 9.56956 -0.159258 -9.86793 7.93323 -1.1091
0.0744658 -11.6061 -1.52526 -5.08897 -2.49155 0.336923 1.43871 11.8354 0.597792 0.938199
9.57842 0.159882 0.992649 0.920102 0.789079 0.689487 7.25162 0.613368 0.70824 11.9536
0.163596 1.79842 9.54388 0.266609 -0.520699 5.26127 0.858215 -0.0391624 11.5796 1.25161
-0.874401 -4.94484 -0.962485 1.40166 -10.5813 -2.3916 -12.0735 -8.75962 -0.119685 -15.3791
-1.67799 0.0902589 1.23781 3.63968 0.162641 2.16279 -0.297621 0.153057 2.76126 -3.73691
-0.455051 4.22222 -5.41867 0.50603 2.38841 5.81413 0.717659 1.50546 9.87988 1.02559
0.409183 10.9164 0.565013 -1.77706 30.1284 0.0935551 1.09909 11.827 0.107646 -0.733293
2.13206 0.803733 -0.800302 0.0307848 0.577199 -11.4429 -3.0546 0.282418 -9.29181 -6.51033
-1.02889 -3.50372 -30.21 -1.44312 3.02014 -11.28 -0.496393 5.50357 -9.56405 -0.140077
2.10847 -4.90987 0.144008 1.80466 -3.50724 -0.0540311 1.99131 -11.2998 -0.832486 2.35087
2.95415 0.737046 2.04 45.0979 -0.478533 2.29879 13.5636 0.0660893 0.966288 -2.85874
0.149787 0.87361 -14.8639 -0.322083 3.15868 13.2572 -0.693517 3.04567 3.42493 -0.360619
0.807435 -20.6358 0.284507 1.85623 -19.6756 0.05703 1.96371 -40.0602 -0.66405 1.35218
3.24565 -0.615615 1.30715 1.26051 0.00387702 3.02078 -10.3816 0.492539 0 -1.47912
-0.20473 1.21002 2.74505 0.238856 1.26526 10.8163 0.172861 1.24273 14.0692 0.926603
2.23288 4.08352 1.65325 -0.791196 -0.952104 1.1466 -11.6129 -4.12057 2.57243 4.86819
-4.70014 2.22905 3.15604 0.121344 -0.708143 6.03722 -8.92989 0.658873 6.69952 -9.17112
-1.71994 -2.26145 -27.8316 -2.03955 3.6709 -11.5048 0.472985 -0.344591 7.65316 0.729008
-6.75365 0.363452 0.0647303 2.32377 4.78929 0.200153 1.71525 9.18097 1.77892 3.97573
-2.71182 1.05955 2.96482 1.07645 -0.315424 1.05435 -8.40554 -1.22978 -12.0819 -6.61269
0.729124 5.91766 -7.78195 0.42128 0 -1.51421 0.291484 0.754907 -50.3384 1.07962
2.92304 42.4733 -0.612414 0.815622 -43.4094 1.09483 -0.64827 28.4719 -3.69938 -14.0363
10.3902 -2.2085 -0.592897 3.09475 -2.1651 -18.9985 4.93586 -0.496618 -13.4909 2.54343
-1.24035 -1.03466 2.29125 -0.254248 5.13889 14.6736 1.65361 5.31377 46.5367 2.49856
5.26099 48.9538 -0.0098896 5.57596 14.7586 3.4296 5.83107 49.6035 3.18117 5.52463
48.4749 -0.939374 -13.5939 17.9394 0.307976 -2.31022 0.062641 0.444663 -10.4762 17.6224
0.0234603 -8.29674 9.00512 -0.170773 -0.515232 -0.756554 -0.709653 0.658411 -46.1573 -0.307166
0.771402 -48.4935 0.462909 0.486479 -51.817 0.436201 0.512445 -51.3479 -0.801869 1.91316
3.94746 0.0355033 1.97766 15.9085 0.141169 2.12207 16.4682 -0.502968 2.24356 3.51708
0.298626 2.26897 16.7909 0.249404 2.31208 16.2483 -1.43345 -16.3832 -6.5731 0.245851
-2.15406 -0.214841 0.269335 -18.7469 -2.83293 0.194752 -13.3369 -1.73735 0.261283 -0.81222
0.31479 0.220943 2.10944 -15.9468 -3.39755 2.15764 -40.9367 0.142118 2.26207 -16.4099
-2.91712 2.39008 -41.8797 -0.0298528 2.9239 -16.2886 -2.95516 2.81176 -42.7836 0.0155397
2.96412 -15.7342 -2.37135 2.8756 -43.256 2.27288 2.40569 43.0586 0.661946 1.74283
47.293 -0.99739 1.21015 -55.96 -0.313454 1.27214 -15.8433 -0.85921 2.71359 -61.3884
-0.0697742 2.73429 -16.9051 -1.01974 -6.87636 -12.9865 -0.337545 -2.2162 0.00239785 -0.475063
-10.3141 -17.6035 0.00475002 -8.50414 -8.79569 0.201526 -0.517209 0.757167 0.128482 0.665332
16.5933 0.539132 -0.196119 53.0927 0.0941203 -0.0704164 56.9444 0.0944307 1.08839 17.013
-1.20429 0.885436 63.2331 -1.22384 0.944341 61.4566 0.343188 -19.171 -8.17301 2.1722
-0.659168 -2.97613 2.18081 -18.3435 -5.99597 1.19685 2.50781 1.67618 1.18545 -0.976752
-2.45358 0.428192 -13.3116 -1.65841 1.89457 3.74895 -2.19851 -0.727399 3.23164 -55.8266
0.190225 3.22897 -15.9171 -0.734605 2.7621 -52.4087 0.586475 3.33157 -15.5231 -1.08091
-4.38281 -3.41216 1.09827 -4.36507 3.42945 -0.305117 3.76813 14.9938 1.24734 3.78863
51.8769 -0.65292 3.7825 14.8257 1.15015 3.2069 50.5216 -1.72118 -17.8232 7.27592
-1.89513 -0.480765 2.2383 0.511626 -11.3928 7.21058 -1.22749 -0.761791 1.63117 -0.512261
-12.4323 3.24798 -0.549768 -10.2762 5.35201 -0.356496 -19.7175 6.90767 0.100712 -0.462577
-53.6663 -0.0457805 0.430194 -16.6649 0.664562 -0.340749 -57.5072 0.786365 -0.219739 -58.9165
1.67423 0.781817 -63.2404 -0.0157796 0.987748 -16.9582 1.66178 0.840529 -61.5215 1.44365
0.901341 -57.5263 2.75072 5.09023 49.4765 2.30917 5.27202 45.2821 0.190625 -12.8717
15.0897 0.00260899 -1.85288 0.216637 -1.01244 -10.6044 5.14196 -0.287822 -0.518753 -0.59831
-0.0567497 -7.8448 8.96904 -0.155198 -6.85761 9.93227 1.00645 -6.92842 12.9826 -0.226058
0.82441 -49.9258 0.31912 0.571921 -49.4777 0.31971 1.30152 15.8497 1.04117 1.23994
55.9715 0.113691 2.70818 16.9415 1.00795 2.68382 61.6363 -2.26344 2.42252 -42.969
-0.745725 1.79173 -47.8081 0.175745 2.20753 16.6378 4.00845 2.06223 41.5543 3.65235
2.30602 42.9575 3.3769 2.42675 44.3897 0.134088 2.34246 15.1406 2.57551 2.34518
44.4806 2.1869 2.40032 44.8145 1.64066 2.45748 43.8863 0.0796825 -19.2577 -2.34146
0.0542567 -1.94175 -0.0288363 0.513342 -11.8527 -4.18918 0.242934 -0.736096 0.321764 0.186824
-13.002 -1.73018 -0.0279711 -12.6516 1.69036 1.87135 -17.007 2.85503 -2.53429 2.51047
-43.0313 0.125259 2.35868 -16.4973 0.844577 2.10367 -4.09485 -1.53862 2.98926 -42.3533
0.147218 3.02077 -14.6295 0.726092 3.13447 -3.50382 0.750299 0.689454 46.0856 0.365988
0.805155 48.3882 0.291021 0.861065 49.7946 -0.299484 0.527519 51.6879 -0.269581 0.55018
51.1714 -0.174613 0.605528 49.2733 -0.204123 -12.9356 -14.8734 -0.0154158 -1.80075 -0.142054
0.17595 -6.84948 -9.69317 0.306776 -0.516489 0.574273 0.075393 -7.84284 -8.65389 1.03323
-10.5757 -4.71616 0.873875 -13.2985 -17.9598 -1.33834 5.09683 -47.0268 0.266147 4.93168
-14.8005 -2.14104 5.03561 -49.5362 -2.37737 4.87138 -50.0565 -2.87147 5.64751 -50.0364
0.0599451 5.41897 -14.9233 -2.63977 5.37105 -48.8276 -1.85411 5.13677 -45.5799 -0.00167737
0.0466131 58.3792 -1.06099 1.01145 57.294 1.78899 -17.7123 -6.01159 1.95185 -0.503694
-2.09292 0.551921 -10.3392 -5.18889 1.20231 -0.779139 -1.82937 0.465683 -12.5613 -3.17065
-0.58531 -11.5563 -7.55792 3.78469 -13.2898 -11.2402 0.921358 6.12999 -7.3923 0.987694
-11.8809 7.10334 0.0886357 1.35393 7.84814 -1.11301 -0.892525 2.31859 -0.368299 -13.3136
2.27819 -0.6202 -11.0305 4.2466 -0.866342 -0.876257 -0.0792298 -0.122784 -0.686493 -2.1829
-0.281411 -8.75233 7.30521 -0.497586 -0.615552 -0.727897 -0.217855 -8.60674 8.1984 0.715434
-0.931654 0.11045 0.465239 -11.6333 -4.53715 -0.568356 0.855796 -8.14059 -1.15366 -9.4184
-2.69563 -0.719453 -0.929902 -0.130388 -0.465311 -11.5402 4.56939 1.00516 0.498252 10.9257
1.32563 -4.35583 3.96498 0.397148 -7.38306 -8.76392 0.516476 -0.612815 0.695008 0.239146
-8.6805 -7.93594 1.05473 -0.904165 -2.68727 0.239806 -13.6357 -0.861988 1.12283 1.20592
46.5313 0.0295856 1.44641 -12.9692 -0.560669 0.773816 -10.7931 0.601004 0.805321 10.8296
0.0263196 1.47675 12.9106 -0.811096 1.10422 -7.82297 -0.690546 1.66209 -12.3527 -0.275094
1.57631 -7.14133 -0.507138 2.9711 -3.84239 -0.602958 6.31574 4.60149 -1.57843 6.83025
5.95042 -2.68458 4.87964 4.35495 -0.882695 7.37455 8.92401 -2.14176 4.84653 1.95391
-9.10321e-05 1.17725 -7.43241 -0.232539 1.2756 -4.90618 -0.349839 1.82378 -0.981954 -1.45895
4.60575 8.77734 0.795221 4.33328 12.6363 -0.676267 4.69401 6.9883 -1.8579 5.3439
4.21958 -0.595103 2.92427 -1.96165 -1.72889 3.9427 2.50468 -1.03014 3.7173 -2.69378
-0.200153 2.41599 -11.0123 0.178335 2.23248 -6.75919 0.0790221 2.62124 -6.91537 -0.863156
2.16164 -11.1252 -0.0288625 2.12697 -5.5068 -0.150071 2.51332 2.5081 -0.161506 3.67872
5.85904 0.288638 3.84997 9.3106 1.17048 3.42269 11.0431 -0.291532 4.33999 5.90677
-1.22656 4.03328 -10.9639 -0.0153055 4.49971 -9.03844 1.08948 5.2538 -5.3045 0.578071
4.89904 -5.85248 0.232433 3.40658 -2.76299 0.188423 2.29693 10.9216 0.839609 2.10582
11.0687 0.0342229 2.15944 5.42804 -0.0688156 2.5268 6.88938 0.592746 2.85618 1.92399
-0.171919 2.11556 6.69894 1.01289 3.62728 2.68687 1.39672 4.55684 -8.82339 1.69854
3.91315 -2.56739 1.81418 5.28525 -4.21294 -0.814217 4.26765 -12.6051 0.655011 4.65229
-6.96081 0.292849 1.84162 0.97699 0.203611 1.31632 4.93765 -0.00573131 1.28736 7.43416
2.1731 4.94597 -2.09686 1.53866 6.74461 -6.0552 0.507274 6.13994 -4.66976 0.470535
3.0501 3.95441 0.221172 1.77288 7.19209 0.493336 2.67421 4.76537 1.21343 5.26499
-6.58633 0.413934 3.83895 -4.17609 0.326288 0 -1.25614 -0.0243545 1.82047 -5.61504
0.058699 2.11422 -10.8508 -0.609239 4.928 0.780005 -0.528737 2.10656 -4.57639 -2.02833
2.98147 -0.667464 -0.864319 2.04405 -4.69811 0.376727 1.89188 -9.93288 0.00219187 2.78114
3.63764 -0.124561 1.94241 -1.50435 0.365271 3.57657 0.803408 -0.29148 3.40498 4.72457
0.449874 4.66522 0.495081 0.961249 3.95153 -3.6373 0.136454 2.23602 1.29841 -0.0303359
2.78107 -3.63118 0.561423 2.18615 4.4671 -0.339005 1.91967 9.76945 0.885569 2.20968
4.59281 2.08753 3.0911 0.576537 0.478841 4.7614 -0.832553 1.48473 4.90502 -2.3218
-1.09139 6.0524 6.93317 -1.9563 3.62569 1.81861 -1.23785 2.31292 -1.87864 -0.628124
5.04821 4.41763 -0.0845436 4.6996 4.30509 -0.243558 -4.36369e-33 1.09863 -0.352213 7.84661e-33
1.28817 -2.27578 6.87349 8.16348 -2.92219 6.5943 5.86747 -2.19875 4.59781 1.40569
-1.11082 4.30709 2.91732 -0.461276 5.43331 7.41522 -0.444077 2.46113 -4.59351 -0.102962
1.91548 -6.94368 -0.333458 1.59487 -8.32689 -0.646193 2.06829 -5.49237 -0.594736 5.91401
4.89215 -0.868493 4.189 0.523128 -0.664953 2.76482 -4.53225 -0.371628 3.09378 -4.78247
-0.536652 2.26289 -3.32787 -0.948994 4.30436 0.634975 -2.37565 6.56397 4.71581 -1.41371
7.46973 5.24884 -2.22287 7.02048 6.12256 -0.928142 6.84174 7.30282 -1.23923 0.645887
7.59191 -0.729827 1.79264 6.0872 -0.285489 1.30707 14.0143 -0.119352 -2.32298 30.4397
0.0375684 -18.0825 -10.5302 2.64156 -18.2868 -6.28871 2.51006 -4.9316 -3.21765 0.200368
-4.57761 -2.12172 -21.8622 2.99569 -57.4719 1.11677 3.60821 -13.1463 1.65832 3.88401
-10.4423 0.378406 3.2772 -21.9116 -1.60769 -5.4181 4.04826 -1.48195 -10.5187 -12.335
-1.18943 -1.39298 4.07209 -1.32748 -0.731082 7.71979 4.5688 -1.79201 -11.7087 3.31828
-1.81367 -5.13982 3.40677 -16.9277 -14.0169 4.70655 -13.0486 -21.059 -0.391818 1.53298
8.09839 0.461793 2.19239 3.3896 0.465172 1.98186 2.98984 -0.13272 1.39343 12.0172
-1.04806 -13.2498 -5.99455 0.088156 -17.0549 -6.45324 0.177578 -1.30925 -0.977064 -0.858974
-1.50423 0.455578 0.824256 -4.0573 -38.572 1.56836 4.53933 -11.4784 2.43742 4.8991
-8.07251 3.69166 4.15195 -11.0047 1.11678 2.94602 -4.79492 0.529578 2.75507 -1.77173
0.461791 2.94246 -1.77998 1.12925 3.1894 -4.9632 -1.53094 -13.7113 -8.0762 -1.34332
-3.8424 0.415168 -23.5549 -4.05619 -52.4139 0.276905 0.0308683 -19.8694 -0.2585 -1.43004
30.7821 -0.509123 0.141051 7.45357 2.61558 6.46372 -12.4209 2.23499 6.0951 -4.60201
2.18739 6.40008 -4.74945 3.81761 7.19959 -8.88583 -1.65544 -8.59664 7.62402 -1.48535
-1.82632 6.85087 -0.458942 2.60733e-32 1.5199 -1.30573 5.3818 3.81197 -3.0628 8.19799
8.0769 -3.03912 5.84045 7.84897 -4.18773 4.64921 10.7196 -3.16633 7.40771 5.77997
-3.50882 1.8026 7.85822 -1.19188 3.14429 -1.8986 0.0614375 3.30796 -3.98898 -0.723065
3.7896 -1.67105 -0.226902 -1.32745 1.23058 0.811908 -1.54939 -0.184894 1.51058 -1.87044
-6.57326 1.36508 0.261418 -11.6906 0.338431 1.52834 -7.9554 -3.98678 7.33587 8.86069
-4.97366 3.72552 13.1436 -2.27169 4.76263 2.29761 -1.59159 5.22846 2.95546 -2.49934
4.39776 1.85848 -4.57591 -1.87407 11.9304 -3.21431 -1.90317 5.47027 -1.59606 -1.42998
4.8452 -1.93284 -8.3862 3.67505 2.98945 -3.02011 -6.44673 3.36031 -15.6207 -13.2042
-0.172065 -1.91869 0.263463 -0.305122 -14.7931 -16.3259 1.46988 -17.536 -15.9376 1.62327
-1.9885 -2.52745 4.90448 3.69434 -13.0807 0.46941 -3.31193 -39.813 -1.36617 0.276344
11.9293 -0.884784 -2.77941 40.4237 3.26514 1.74913 -8.00047 3.45761 -14.2865 -11.4312
0.955886 4.4939 -3.31221 0.887556 4.5808 -3.88975 2.36389 3.44516 -7.79883 1.45469
2.7502 -12.5586 -0.00196654 0.904072 5.55863 0.199048 0.579708 13.5041 -0.819029 4.59098
2.35731 -0.945489 4.59375 2.49175 -1.33546 4.62825 3.3482 -0.811835 2.70134e-33 1.92843
-0.735336 1.97463e-31 1.91943 -0.650117 9.44026e-31 1.66435 -0.544621 8.3892e-30 1.40182 -0.532676
4.7291 2.26451 -0.660764 4.68336 2.21633 -0.731979 4.64563 2.28197 -0.358389 2.20124e-29
1.4923 -0.182835 2.57857e-29 1.78289 -0.257196 5.59264 4.11441 -0.324869 4.80788 3.14683
-1.19119 5.24282 3.14299 -1.0991 5.27212 4.36643 -0.323211 1.86238e-29 1.4814 -0.445402
6.85097e-30 1.39384 -0.406733 -4.94602e-33 1.38584 -0.370791 3.47427e-33 1.20635 -0.633302 5.05491
2.06361 -0.703947 5.01908 2.10462 -0.749982 5.02308 2.08147 -0.200982 4.89595 2.81318
-0.416912 4.98728 2.07886 -0.512083 5.06001 1.96284 -0.341985 -2.49062e-34 1.05509 -0.280513
-2.31174e-33 0.997482 -1.30539 5.79132 5.86055 -1.58134 4.79456 1.62394 -2.06735 3.75866
1.23586 -1.28009 6.42129 7.33608 0.320753 6.14265 11.0775 -3.77084 3.1967 9.52724
-3.51758 1.55432 6.80592 -3.213 7.23425 5.89879 -2.86982 6.35898 7.55726 -0.0343231
1.71123 -5.85964 -0.597052 2.14727 -5.10959 -0.404843 1.43557 -6.99288 -0.288976 0.794038
-10.9948 0.374593 0.938165 -10.4716 1.19667 -0.740653 -0.152994 1.4038 -0.0509907 -5.00513
0.605188 2.28391 -5.85028 0.732125 3.6263 -3.28384 -1.03603 1.40352 -1.86265 -1.03717
1.54262 -1.76249 -1.15174 3.23928 0.850712 -1.01461 4.01556 0.920723 -0.835016 1.62288
-2.77665 -0.97697 1.65587 -1.94718 -1.03119 1.85205 -2.97722 -1.0463 3.11835 0.549326
-1.0896 3.16101 0.71952 -1.01218 1.67779 -1.7957 -1.05457 4.35215 0.75633 -1.95437
6.22384 5.33419 -0.578959 6.84053 5.06326 0.129774 5.25307 4.9365 -0.860568 3.90755
0.50666 -0.867959 2.57757 -4.80969 -0.573317 2.84485 -4.53722 -0.480173 2.76168 -4.42117
-0.802589 1.99014 -3.01753 -1.27662 3.62821 0.812551 -0.910845 1.70945 -1.88714 -0.930102
1.8485 -1.86458 -1.15257 3.43287 0.655022 -1.22645 3.51771 0.786334 -0.920082 1.77782
-1.82977 -0.947201 1.96098 -1.95848 -0.951044 2.06779 -2.75821 -1.0731 3.37433 0.48705
-1.11413 3.38122 0.54796 -0.936776 1.98562 -1.82374 -1.35161 5.6994 3.6958 -0.465314
6.27239 13.9869 -1.45156 6.4958 11.4552 -1.81601 5.75981 4.34773 -1.05338 5.1931
3.09372 -0.976428 5.11329 3.0904 0.059765 5.34278 14.355 0.211858 5.58462 15.4044
-1.56025 6.95774 6.04299 0.933047 7.39801 9.52232 -1.84803 5.70148 4.46472 -1.414
6.44505 11.8009 -1.83428 -1.36152 34.7752 -4.80538 4.30963 10.2237 -3.78878 7.47704
7.23254 -1.13988 5.47049 3.25449 -1.03 5.43083 3.16479 0.406534 5.7959 17.0378
0.180986 6.02765 16.4855 -0.804185 4.95309 2.78962 0.64599 5.04917 9.31099 -0.0291693
5.22624 15.1911 -0.925749 4.99011 2.71349 -2.14105 5.13339 2.23957 -0.890435 2.30382
-4.67239 -0.581867 2.26101 -4.62721 -2.22995 3.2577 -0.368781 -2.81146 5.13805 5.07854
-3.66589 -0.152842 4.4604 -1.46334 -2.31976 2.73879 -1.56821 2.82125 -1.38291 -3.57263
5.71131 1.91022 -1.5624 3.63389 -0.984259 -0.527656 2.67901 -3.90817 -1.12964 2.60995
-4.9643 0.0127686 1.51631 -13.2201 -0.0108932 1.29894 -7.57335 -0.30208 1.45337 -4.857
-0.733392 0.862951 -6.83308 -0.652565 0.792884 -11.1727 1.06892 -0.602948 -7.42488 0.251385
0.363336 -5.58808 0.09078 0.785333 -4.31273 0.619964 0.730735 -8.28478 -0.367182 1.59331
-8.01677 0.0606712 1.86869 -7.18676 -0.243309 1.60532 -5.26913 -0.431578 1.5673 -5.43157
-0.376676 1.8967 -1.03905 -0.0905636 3.33797 1.96002 -0.12443 3.46142 2.0414 -0.495694
3.28155 3.23519 -0.389823 1.91837 -1.06083 -0.386438 1.96581 -0.739298 0.0104932 2.92252
2.07816 -0.0622621 3.13686 1.99468 -0.0868457 3.17933 2.01055 -0.388824 1.92008 -0.953003
-0.858319 4.51166 4.80552 -2.18698 6.08934 6.86257 -1.29647 6.47784 5.60249 1.92719
3.7608 10.0443 0.0807367 3.80117 2.7102 -0.365184 2.49544 -0.632874 -0.393982 2.81483
-1.08074 -0.423212 2.938 -0.937149 -0.455227 2.60514 -1.11534 -0.663579 4.20551 2.85777
-0.452691 2.43533 -1.15153 -0.21892 3.77843 1.64307 -0.21987 3.92788 1.66968 -0.262708
4.01985 1.55167 -0.440439 2.47784 -1.16039 -0.468982 2.44762 -1.00146 -0.0393455 3.50871
2.29141 -0.19006 3.58572 1.74615 -0.216694 3.62587 1.602 -0.446761 2.43632 -0.924609
-1.87313 5.50523 4.03932 0.0129463 4.22747 11.1831 1.97579 4.00129 14.0401 -2.74667
3.78069 9.48075 -3.7832 2.57623 7.69223 -3.37536 7.23024 6.16391 0.160614 4.95923
7.79697 -0.81272 5.06513 6.54264 -1.51242 5.36318 4.60718 -0.710404 4.9626 6.21846
-0.525268 3.1079 -1.74564 -0.84514 3.77601 -2.15794 0.169462 2.54234 -6.42299 -0.135174
2.32309 -11.0532 0.377581 2.45571 -6.82398 0.20914 -2.29893 -0.25812 1.68324 -1.50256
-3.70289 1.32696 2.35354 -7.98163 -0.0666361 3.07891 -3.2771 -0.692781 3.60101 -2.05205
-0.723677 4.28506 -1.54674 0.288521 3.02994 -6.10557 -0.167002 2.59681 -7.50157 -0.46225
1.16015 -22.4406 -0.341502 1.27536 -22.582 -0.0450281 1.81536 -1.96559 -0.0213716 1.86651
-2.03794 0.218502 1.3966 -12.4022 -0.28514 1.36299 -22.6068 -0.93538 1.29319 -14.0107
-0.126833 1.81359 -1.28915 -0.0890663 1.80502 -1.70681 -0.314379 1.34228 -22.49 -0.151959
2.83909 -1.92707 -0.370558 3.15063 2.70409 -0.15073 3.7203 2.7804 -0.217315 3.04695
1.99375 -0.158173 2.79836 -1.30748 -0.942827 1.54868 -7.68894 0.0298064 3.06817 -5.55536
0.112317 2.12321 -4.356 0.410262 1.84546 -5.35884 0.177694 1.41664 -12.8211 -0.136827
1.81712 -1.89712 -0.308283 1.31814 -25.6633 -0.297882 1.34663 -24.2348 -0.189 1.70141
-1.75473 -0.150309 1.74188 -1.90229 -0.325102 1.27584 -23.722 -0.926373 1.13273 -15.1871
-1.08842 1.13771 -8.06652 -0.271354 1.64938 -1.43079 -0.20482 1.67852 -1.36078 -0.300501
1.40765 -22.1545 -0.346104 2.2037 1.75836 -0.621636 2.32119 4.05942 -0.675177 2.42903
4.22142 -0.34243 2.21512 2.03228 -0.360405 2.1708 1.64295 -0.376527 2.20406 1.63584
-0.435947 2.31539 3.25463 -0.470174 2.31497 3.65392 -0.172161 3.69834 5.71027 0.991352
2.68662 8.40104 -0.372771 2.29813 2.10039 -0.634651 2.42713 4.23838 -0.742204 2.53889
11.6174 -1.28655 3.65956 5.63117 -0.570821 3.90659 4.83109 -0.378927 2.17765 1.6868
-0.416255 2.2055 1.7727 -0.486289 2.27418 4.10718 -0.521986 2.27014 4.17761 1.44917
2.22291 8.62572 1.32867 2.15982 15.1243 0.202359 2.442 17.8038 -0.407534 2.37445
3.32851 -0.364711 2.19968 1.7419 -0.176283 2.36307 2.36439 -0.0560296 2.40598 2.862
-0.220717 2.45256 2.99525 -0.785376 4.23244 5.98028 -0.136029 3.63208 6.41176 -0.438556
4.55978 6.01471 0.263613 4.95112 0.295424 0.2197 3.87786 0.374187 -0.48669 3.84221
4.62719 0.144689 4.27715 9.61211 -2.39657 0.502434 5.49589 -1.91542 -1.44545 3.10325
-1.92297 4.31529 6.06498 -1.97293 4.80731 6.05254 -1.55335 5.42194 5.89745 -1.39109
5.49607 3.96572 0.113531 5.38347 0.10957 0.113154 5.28291 0.123207 -0.543526 4.72402
6.07792 -0.155846 4.63708 -9.42209 0.903022 5.25424 -5.5637 0.4864 4.83008 -5.54697
-0.926511 3.42517 -8.16282 -1.35888 4.09359 -11.1623 2.85564 0.827667 -5.82702 2.35409
3.64837 -5.73414 1.74524 5.87233 -4.24442 2.62787 5.68609 -6.09494 0.717432 5.02987
-5.83654 1.80091 5.80295 -5.79088 1.00159 4.92895 -5.55745 0.279732 4.29491 -6.1404
0.509215 3.32443 -1.91922 0.502315 3.22802 -1.80972 0.0663399 2.18249 1.71662 0.0466156
2.22471 1.78216 0.508416 3.27065 -2.2083 0.533689 3.26957 -1.74931 0.461183 3.10388
-1.68742 0.159636 2.24666 1.10889 0.112143 2.20467 1.48447 0.518712 3.23836 -1.7738
0.200522 3.26242 1.76628 -0.0847782 2.29783 4.26288 -0.0217662 3.12133 5.39861 0.945088
1.6701 7.62875 0.181809 3.15252 1.13338 0.387473 3.90346 -2.07258 0.323777 4.76302
-2.82815 0.600847 4.1762 -2.73702 0.581689 3.23248 -2.15304 0.20389 2.32728 1.75619
0.612246 3.10281 -1.78923 0.585651 3.05076 -1.67884 0.247179 2.19313 1.6392 0.211455
2.23331 1.76487 0.571686 3.06572 -1.72161 0.33471 3.07352 -2.3501 0.342012 2.13365
1.32649 0.264843 2.17243 1.27702 0.527441 2.98675 -1.71456 0.316664 2.65402 5.79865
0.360581 3.06148 1.69761 0.171311 3.74711 -2.79299 0.393647 4.51375 -3.19978 0.0904824
2.9327 2.12864 -0.213218 3.45896 4.85483 0.372237 1.1743 22.2972 0.836953 1.06149
45.4267 -0.201723 -1.84292 30.0981 -0.256502 1.41914 12.3014 0.226068 1.39813 22.2368
0.204918 1.44403 22.3324 0.0383099 1.37795 46.9044 0.0799636 1.3094 47.9061 -0.175946
2.54242 6.29311 0.115874 2.27173 10.895 0.937806 1.76814 10.9997 -0.403544 2.00914
5.24637 -0.863943 1.49816 6.07318 -0.461131 2.274 4.51767 0.28465 1.4273 23.2861
0.282896 1.44579 25.1393 0.125477 1.33531 49.8439 0.257447 1.23807 49.2903 0.989788
1.36693 14.9558 1.30851 -1.14693 32.4308 0.33638 1.54917 48.2645 0.365834 1.63029
21.7215 -0.295926 2.99995 5.42669 0.13434 2.66925 7.12905 0.485295 3.0406 1.61663
0.793206 3.72757 2.05135 1.80105 5.40021 -4.08825 -0.108432 4.05682 -11.2329 1.13372
3.78427 -3.95931 -0.286629 -2.23599 0.314532 2.11756 -1.71938 -3.07413 2.41831 4.31672
-2.56862 0.00425875 3.05366 3.27738 0.728483 3.51073 2.06018 0.757099 4.08964 1.64432
1.56695 5.18833 -4.50069 0.796658 4.85601 -6.16044 0.0054729 3.63662 -15.1781 0.467198
3.65645 -11.953 2.19075 -2.30475 -34.0019 -0.444491 3.65023 -55.7025 -1.5182 3.39627
-59.8326 -1.27684 3.27142 -53.9374 -0.312977 3.27356 -15.0289 -0.348542 3.39912 -17.0939
0.783281 4.4714 -4.80113 0.351773 2.94227 0.972758 0.33644 2.83751 1.11948 0.301073
2.52238 0.658345 -0.124187 3.80527 -2.70354 -1.87608 3.68137 -9.99703 1.23618 6.35712
-5.60983 2.08061 5.93233 -6.82828 2.63513 3.68312 -9.45572 1.36441 -1.47975 -37.2909
0.447358 4.32821 -11.9794 0.603472 4.13503 -2.86003 -1.61059 4.19741 -66.0079 -1.82857
4.04158 -67.5734 -0.357206 3.99645 -18.933 -0.257023 4.14334 -18.198 -1.01511 3.65293
-58.5059 -2.50027 -0.406496 -37.9191 -0.64027 3.50132 -9.19073 -0.194745 3.66952 -16.1629
0.617832 3.90139 -4.03268 0.332167 3.79812 -3.55076 0.850007 5.00427 -6.58093 0.186706
0.586397 23.6565 0.314699 0.486689 23.4393 0.144895 0.605605 11.9649 0.324121 1.9383
1.06527 0.309617 1.91976 1.0441 0.319979 1.94636 0.963032 0.314893 1.99398 0.754945
0.704675 0.716624 14.0979 0.155304 0.704528 23.7279 0.156677 0.656973 23.4879 0.257669
1.51514 4.90861 0.727346 0.909999 6.88502 0.236792 0.691584 11.9312 0.0962432 0.888994
3.76546 0.242494 1.12336 3.36437 0.374154 2.59954 1.14696 0.359713 2.47634 1.19014
0.374855 2.43765 1.18285 0.214702 0.579666 24.9777 0.22041 0.545051 26.7398 0.303249
0.601595 24.4591 0.88141 0.853092 7.51241 0.80001 0.653952 15.1244 0.279653 0.774601
22.6188 0.372776 2.44589 0.95526 0.400239 2.46982 1.02136 0.424394 2.48939 1.23512
0.41079 2.47845 1.44692 0.186195 1.67814 5.31325 0.359206 1.6299 5.47619 -0.0152556
1.47001 7.56187 0.897204 2.52016 4.54895 0.585187 2.36306 4.47266 -0.413128 2.06273
9.86923 0.0352629 1.59131 13.1326 -1.18642 -0.539788 7.50687 -1.29355 -1.60537 4.10211
-0.879901 1.28428 9.36045 -0.689125 0.928826 8.30102 -0.281857 1.21305 7.07332 -0.374469
1.78513 6.01504 0.317085 2.82444 3.78748 1.07401 2.78162 4.8266 0.295565 1.72726
7.98637 2.83952 5.15097 -5.13114 2.16946 5.23427 -2.35505 1.53169 6.90565 -6.11439
-0.918412 7.31777 -9.54644 0.745271 7.30715 -9.71141 3.64833 -0.15991 -4.33732 4.7793
2.34847 -7.73492 4.4916 7.66641 -5.0409 3.57626 5.79647 -1.98457 1.57372 5.35318
-3.09944 2.28915 4.93629 -2.32685 2.23154 6.99877 -6.19082 0.870665 6.80873 -7.374
1.22122 5.54568 -3.74493 1.03481 5.2867 -3.48956 0.983027 2.98309 -0.911345 0.859051
3.81342 -0.980452 1.67359 5.58845 -4.38822 0.866638 4.96401 -3.21669 0.40558 4.56562
-3.78779 0.877665 2.86995 -0.621296 0.922662 2.91232 -0.783967 0.94168 5.04785 -3.21272
0.895476 4.11677 -0.807875 0.35491 2.76065 4.53756 0.542174 2.94701 4.68053 0.821918
2.60204 4.91738 0.710782 3.70953 -0.585116 -0.21658 5.12477 -5.04356 0.505658 6.74213
-5.13863 1.82924 6.05363 -5.42054 1.70309 5.50541 -4.55515 1.09779 3.34677 -0.865787
0.928422 5.30293 -3.29072 0.907487 5.06626 -3.14182 0.98171 3.17902 -0.721317 1.05377
3.25633 -0.851122 1.02242 5.32155 -3.36806 0.689532 4.77541 -2.93418 0.486771 4.63629
-3.54305 0.894987 3.10289 -0.54265 0.939391 3.12506 -0.613685 0.815328 4.81987 -2.85627
0.602343 2.72232 4.61983 0.714627 3.9656 -0.565926 0.46953 5.73086 -4.94616 1.32435
7.35715 -5.28968 0.814895 4.10582 -0.655637 0.32148 3.11843 4.904 0.88322 1.70959
1.76283 0.850325 1.68684 1.91568 0.29371 1.30021 15.8836 0.221367 1.20821 17.2502
0.330603 1.75423 7.12581 0.360047 0.922585 11.1394 0.687386 1.9616 3.03302 0.348682
1.31177 12.0656 -1.29789 -2.38702 37.1155 -1.08741 0.443111 9.03368 -0.201388 1.76957
7.42903 0.833097 1.78756 1.83062 0.827581 1.73862 1.89498 0.200237 1.34568 18.7061
0.258855 1.3002 17.8159 0.84557 1.92829 1.98681 0.868448 1.57151 10.1484 0.25998
1.5411 16.5294 0.834997 1.95394 1.8444 0.0880124 2.0052 7.11513 0.347952 1.80506
8.43834 0.457563 2.54992 4.86349 1.4926 5.12173 -2.22513 2.06808 3.87838 -1.79077
1.19608 2.5264 1.91843 -0.03213 1.8739 5.72032 -1.28078 -0.740863 0.474892 0.32149
-1.38326 -1.48726 0.27953 4.64051 -0.375721 -0.929289 4.00796 3.13682 0.414961 2.5376
4.64627 1.15228 3.16469 1.76899 2.09428 4.64278 -2.04847 1.00361 4.32783 -3.35565
0.650128 2.27697 5.39678 -1.15002 4.09335 -54.4607 -0.760446 4.03334 -50.9402 0.202505
4.17617 -14.4075 0.147981 4.20335 -15.6017 -0.546158 5.97229 -11.5726 1.27366 5.85555
-6.29874 0.204112 5.40422 -4.2496 0.2508 4.4275 -3.26238 -0.510217 4.31599 -8.15307
0.915566 4.87528 -4.4986 2.62846 6.26388 -7.58375 3.35939 3.01532 -9.4165 1.74152
-2.97352 -33.8513 1.0416 4.27088 -11.1481 0.957032 4.73277 -3.21206 -1.06106 4.18105
-58.2365 -1.31458 4.10297 -60.1419 0.151747 4.18621 -16.9856 0.265855 4.20219 -16.2485
-0.538114 3.93917 -54.2004 -1.24075 -1.63716 -35.6058 -0.646706 4.09409 -9.35203 0.159266
4.18662 -15.167 0.288006 5.07609 -7.89636 1.90033 6.3803 -8.82474 0.396023 4.40393
-4.62071 -0.0780513 4.15748 -4.5272 -0.771895 4.66165 2.35108 -0.656056 4.79185 13.3848
0.393335 4.8736 48.2048 -2.31046 -2.96064 31.2895 -1.35079 4.89238 10.9025 1.49645
4.55129 51.4776 1.56022 4.69949 52.9783 -0.231323 4.74618 15.2222 -0.213827 4.68386
14.8226 -0.403733 4.83074 2.56444 -0.259101 4.65053 13.7222 1.05112 4.4735 48.3112
1.67919 4.22187 12.4862 0.980223 4.58056 7.24256 0.391778 4.66282 7.89011 -0.889464
4.98032 2.20144 -1.27505 4.90608 10.6783 -2.06419 -2.79138 32.4641 1.32093 4.87038
55.0186 0.512768 4.91371 50.0029 -0.627287 4.87796 13.6149 -0.329308 4.87929 15.457
-0.212735 4.86179 14.431 0.607351 4.75374 8.98228 1.28696 -1.34635 34.1214 0.776356
4.64516 51.5421 2.14721 2.98418 11.3223 1.17895 4.70579 6.11811 -0.386337 0.849037
-15.0287 -0.415159 0.872045 -11.8746 -1.01615 1.49027 -1.80311 -0.16422 0.957477 -17.4848
-0.192233 1.06677 -17.0228 0.151826 -0.767578 -7.87934 0.0933538 -0.707815 -1.99623 -0.287897
1.17889 -15.7026 -0.54706 1.25242 -13.3771 0.418104 -2.38812 -30.5219 -0.427764 -0.381764
-11.784 0.0221343 1.33528 -7.24996 0.881597 0.260035 -8.79717 1.25621 -2.07272 -36.521
-0.406169 1.20802 -11.8949 -0.900806 1.65342 -1.94735 -0.392382 1.18182 -15.3723 -0.246159
1.19689 -17.5772 -1.10056 0.159333 -11.9584 -0.381333 -1.82317 -9.09632 -0.227574 -2.30362
-1.23107 -0.229737 1.47629 -16.3738 -0.85161 1.52822 -10.0499 -1.18961 1.53733 -6.66285
0.231303 5.83277 15.7294 -1.07542 5.41605 3.27138 2.33748 4.78903 12.1312 2.80654
-2.26051 29.5964 0.335766 5.21427 12.1438 -0.517359 4.73531 3.67462 -1.55919 -0.857313
5.01998 0.875362 1.83597 10.8051 -0.711521 7.38679 9.7074 -0.396956 6.23706 14.7228
-1.34496 5.73552 3.52538 -4.56279 7.70107 5.08076 -4.84982 2.38976 7.89632 2.5604
4.20964 11.8909 1.13 5.11756 6.13296 -0.614063 4.8317 3.42536 -0.10238 -3.70953
4.88635 2.09433 -0.627492 12.9446 -0.157313 0.560014 -11.9383 -0.262686 0.443825 -23.4456
-0.13292 0.539991 -23.6888 -0.074043 0.538992 -25.7034 -0.110918 0.607178 -23.5653 -1.04915
0.222428 -12.3868 -0.500841 -0.27988 -12.2769 -0.119721 0.654073 -23.8202 -0.690215 0.671374
-14.1175 -1.0406 0.630199 -8.34538 -0.291782 1.03154 -3.30404 -0.157203 0.77949 -3.70178
-0.26722 0.604235 -11.8644 -0.392358 0.413197 -23.7899 -0.23075 0.515277 -24.4128 -0.885431
0.82113 -7.42024 -1.20475 -0.019404 -12.311 -1.11013 -1.06356 -10.6381 -0.27817 0.734952
-22.6532 -0.794297 0.625508 -15.079 -0.491693 2.44927 -1.22602 2.71249 0.937596 26.9031
2.24086 3.47324 32.0805 -0.253872 -0.746967 -0.433063 -0.853524 -0.712744 1.35924 -1.23762
3.86796 3.86501 -2.49473 4.39834 2.58965 -2.19751 -1.72176 3.14628 0.649145 -4.01578
4.40786 3.0914 -2.28474 14.965 2.58718 2.10718 12.8523 -0.265286 -3.04492 -0.0700241
-0.798401 -3.86375 0.196016 0.127449 -1.94635 -30.2341 -1.04266 1.07065 -45.6597 -0.33859
1.3195 -24.1656 -0.343892 1.27232 -48.5749 -0.290693 1.28591 -48.4924 0.0347837 -0.882789
-3.76751 -0.228297 1.32341 -47.5636 -1.41337 1.24138 -8.93753 -1.51937 0.767931 -12.0728
-0.949936 1.74117 -11.0952 0.486143 2.19085 -4.63422 0.865237 1.4069 -6.21349 -0.422727
1.16371 -23.3418 -0.882605 1.0533 -47.1558 -0.396628 1.16676 -50.2533 -1.56379 -1.39054
-9.02475 -0.634537 -3.14414 -2.33266 -0.201565 1.3807 -49.4176 -1.21729 -1.28346 -33.0997
-0.386226 1.75716 -6.10592 -1.67408 0.292694 -12.0794 -0.504823 2.29248 3.94813 -0.378967
2.19246 1.75457 1.82175 2.39245 9.81062 0.884922 2.36747 12.3054 -0.420945 2.3535
3.10989 -0.312265 2.14696 1.58771 0.836724 0.678602 8.54926 1.92579 2.11595 12.1158
1.20388 3.64621 11.3866 -0.602035 2.31689 4.13714 -0.374074 2.24197 1.77054 -1.17332
4.88647 4.40504 -1.83318 2.98614 5.86245 1.32467 -0.982096 7.65839 2.03914 1.33236
11.9556 0.97936 3.55307 -4.0466 1.03972 3.71212 -4.23052 0.552509 3.31093 -1.88003
0.825717 3.46656 -3.85764 0.763224 3.45085 -3.55121 -2.05113 2.52501 -12.0033 -0.842236
0.802078 -8.56898 0.69956 3.40657 -3.15192 0.676974 3.40957 -3.01509 -0.774008 3.14213
-11.9702 -1.81179 3.04548 -9.62247 0.995684 5.01584 -4.63737 1.77781 4.60757 -5.36318
1.08576 3.36059 -11.2804 0.947789 3.51502 -4.14049 0.579408 3.18102 -1.82425 0.901541
3.33301 -4.02203 0.806137 3.23436 -4.04025 -1.43282 2.73886 -8.45198 -2.0932 1.68456
-11.8409 -1.34444 -0.837328 -7.71383 0.633294 3.19971 -3.14365 -0.162253 3.03304 -17.3884
-1.34255 2.66389 -14.8317 0.129957 1.27731 48.1455 0.240532 1.34831 23.9481 1.48679
0.79136 11.9768 1.40348 1.35056 8.89323 0.220974 -0.762157 0.399308 -0.0588476 -0.920645
3.69434 -0.387437 2.37504 6.66343 0.730934 1.11717 46.3289 0.371393 1.29168 22.9434
-1.35819 2.38555 7.90398 -1.71012 -1.38124 3.67359 1.56115 -1.31567 8.82623 1.70199
0.443801 11.8807 1.12919 1.39778 7.96489 0.257428 -2.97076 0.0863619 0.613288 -3.09728
2.29062 0.771628 -0.711242 -1.36935 -2.16933 3.40437 -32.0449 -2.65583 0.906707 -26.8676
-1.96886 3.83248 -14.0228 3.25166 7.01799 -6.1271 3.66829 2.49715 -7.67219 -0.550994
-3.9557 -4.34301 0.820059 -3.75923 -0.172939 -0.107798 4.92004 -7.83767 -2.49966 2.06738
-12.8285 -2.93218 -2.32489 -14.8241 0.137132 0.589461 25.6371 1.05251 0.674026 8.38794
0.577552 -0.276556 12.1519 1.10709 0.259522 12.3821 0.697011 0.850964 11.2246 0.452844
0.500123 23.8543 -0.148185 0.918786 4.35688 -0.33993 0.462149 5.66218 1.15071 -1.10902
10.5495 1.25375 -0.0143977 12.326 0.459662 6.14551 -14.0454 1.39168 6.35633 -11.4985
0.965165 5.2867 -3.37145 -0.176509 5.73645 -15.8191 -0.155162 5.49816 -15.5006 -0.812479
1.73862 -10.736 1.59583 -0.86958 -4.96978 -0.0192715 5.25545 -14.4499 -0.324776 5.12737
-12.2358 -2.58114 -2.43675 -29.4903 -2.28752 4.67758 -12.1015 3.69239 7.38141 -7.18324
4.69927 4.22629 -10.0932 1.90932 -1.38454 -34.5912 1.35383 6.31714 -11.8431 1.21873
5.58709 -3.62947 0.386401 6.11743 -14.7579 -0.152912 5.91855 -16.533 -2.56411 4.08967
-11.9388 -2.11927 -0.782138 -13.0084 0.0738393 -3.77518 -4.94347 0.0467867 5.11901 -15.3188
-0.669251 4.93133 -9.41957 -1.17933 4.99933 -6.20801 0.204524 1.1147 17.7275 0.893285
1.55869 1.76255 0.519329 -0.302883 11.9386 -0.239717 -2.45451 30.8448 0.545093 1.36933
13.5304 0.919597 1.83882 2.97903 -0.11511 -0.683233 2.00643 -0.110138 -0.753896 7.88885
-0.355486 1.03935 10.4447 0.381366 1.28319 15.5936 0.82051 1.68026 1.94442 -0.848721
2.88439 5.98066 -1.57936 0.0957341 5.30942 1.25733 0.219965 12.0282 1.21076 1.57518
6.73271 0.854037 1.99877 2.7897 0.269411 -2.39894 1.27083 0.577559 -1.90399 9.13252
-1.23373 4.20822 -56.1123 0.144948 4.25408 -16.025 0.604546 0 -1.93795 0.662008
0 -1.92575 1.08211 4.10616 -3.39283 0.702099 4.11368 -2.46051 0.616142 4.10228
-2.35448 0.54472 0 -1.69454 0.580214 4.16369 -2.37018 0.562853 4.13815 -2.31916
-1.07968 4.18262 -7.44827 -1.8447 3.93627 -12.8877 0.459626 0 -1.4493 0.513058
4.17356 -2.27165 0.417316 4.25079 -2.3279 0.285576 0 -1.57031 0.323995 4.40245
-2.63578 -0.50406 4.26053 -52.8218 0.479648 4.23632 -14.2635 0.245006 0 -1.44507
0.180513 0 -1.52957 0.211558 0 -1.48914 0.68738 4.42118 -2.20548 0.571498
4.45635 -2.12018 0.0370196 4.32784 -2.99109 -1.20975 4.04666 -6.29156 -2.14063 2.46808
-11.6475 0.106815 0 -1.12169 0.151344 0 -1.19908 0.33759 4.48581 -2.12212
0.245615 4.3991 -2.23939 0.0840548 0 -1.18331 -0.583369 5.05763 2.07592 -0.175108
4.8841 16.1312 1.6901 4.81442 56.7779 1.42142 4.67353 55.1899 -0.128384 4.85684
15.7317 -0.102395 1.84866 8.44894 -0.850301 -0.962126 -0.12216 -1.21364 2.32076 -2.15184
-2.13945 6.12875 2.65344 -0.307462 4.53088 -0.235605 -0.298981 -1.32469 1.70698 -0.169558
-3.11741 3.47516 1.22883 -1.30236 10.3683 -0.616177 -3.26246 1.26512 1.34113 -16.1441
6.33577 2.04803 -9.73871 -4.23242 -0.172584 1.24463 -18.4739 -0.920697 1.83801 -1.92803
-0.152562 1.38795 -17.9605 -0.426618 -6.51614 -2.83512 -0.116464 -8.15546 7.50395 0.492842
-2.03485 -37.7729 -1.15428 5.43758 3.41505 -1.01132 5.20882 3.00522 -0.938611 5.17509
2.91903 0.0433118 6.07478 15.3328 2.43758 6.44805 47.5253 -1.92759 -1.73842 32.0166
3.69104 6.22831 51.2795 2.89006 5.22953 48.4181 3.81737 5.52276 51.4036 0.263166
5.35744 16.5952 -1.66091 -0.703729 0.918874 0.219022 -0.561813 -5.19089 0.42785 1.98811
-10.1194 0.0692484 1.70739 -5.32811 0.852427 0.978057 -9.39918 1.23599 -1.68763 -4.04568
-0.492584 -2.39479 0.93611 -1.2208 -3.68008 2.12125 -0.421752 -2.11329 -2.5891 0.146933
2.14577 -6.25751 0.0820065 -0.961032 -30.7066 -0.0808906 0.326485 -48.8657 0.415397 0.391199
-51.9261 0.550658 0.465733 -52.1136 0.45101 0.550438 -50.4522 -0.661324 -1.68728 -30.3668
-0.129936 0.454786 -26.7137 -0.151792 0.504158 -24.9721 -0.142634 0.516373 -25.9639 0.488787
2.31152 -8.84576 1.31326 -0.47232 -7.75855 0.537489 0.084878 -7.44269 -0.0432815 0.84352
-5.53098 -0.475766 2.41734 -1.44449 -0.432049 2.33927 -1.66196 -0.0640687 3.35327 2.06187
0.553016 3.69286 55.8033 -2.16959 -2.3277 34.049 -0.460817 3.69874 11.9656 0.0163203
3.6779 15.1957 1.6674 3.42871 59.9534 1.63878 3.55228 62.004 0.359138 3.54476
17.6546 0.376728 3.42892 17.1072 1.39995 3.29774 54.0314 0.330671 3.29845 15.0345
-3.94184 3.47344 115.726 0.301481 3.21273 10.4947 -0.33982 4.23778 1.6181 -0.490909
4.41026 11.9502 -1.41782 -1.54241 37.1957 1.70895 4.27745 65.7438 1.08685 4.4562
59.794 0.00678866 4.39983 15.8824 0.253058 4.21767 18.1259 -0.203888 3.71965 1.73276
2.00328 4.10957 67.2494 0.371957 4.06168 18.8444 1.41298 3.67353 58.4304 1.86316
3.78336 63.9118 0.372336 3.78578 18.0399 0.261717 3.69791 16.1303 0.0330042 3.57155
3.38708 2.77606 -0.256446 38.089 0.666239 3.51056 9.15841 0.959669 3.46142 5.1702
-3.94526 6.47876 5.63028 -3.89376 -10.6479 12.728 -4.03228 0.476074 4.92305 -3.73246
-17.1297 2.32175 3.54316 -9.38232 10.9302 0.925675 -14.7737 -3.97903 -0.270918 3.26812
22.0287 -0.141784 -0.0369339 20.0603 -2.84212 -3.1457 6.32273 -2.52228 -5.03398 2.99399
-0.275392 -4.7372 1.93971 1.09634 2.21993 -7.24517 0.224591 -17.2543 7.8489 1.84806
-12.8024 8.27208 1.67224 -0.0259188 -6.57332 1.98981 -7.0421 -5.0291 -0.212637 1.26458
-50.9617 -0.298845 1.36881 -24.9721 -0.15386 1.33866 -51.2265 -0.745839 -10.948 7.97111
-0.190103 -11.8964 4.4659 -1.90913 -7.10516 -3.30905 1.47695 -4.04892 -0.634312 1.70369
-1.52794 -5.15176 -0.0224656 1.9303 -5.72132 1.24065 0.563815 -7.95786 0.618107 1.39009
-6.49548 -0.341052 2.14413 1.66378 -0.407602 2.19319 1.66179 -0.429379 2.24863 1.72843
-0.318436 1.61469 -1.73771 -0.541264 2.28166 4.07387 0.25973 2.15452 16.3453 -0.744294
2.50617 11.5415 0.347459 2.22153 17.0511 0.165476 2.37521 15.5595 0.292215 2.33202
16.6342 -0.418403 2.31913 3.55681 -0.285308 2.15534 2.17009 -0.951685 2.54592 5.3436
-2.11602 2.90397 8.15868 -2.22493 6.11107 7.50399 -2.71406 1.25732 8.83302 -2.45583
-0.155587 6.66983 -0.0848921 -0.576263 2.44977 0.328718 -0.593446 -2.32904 0.833212 4.12422
-4.12344 0.140574 4.57441 0.249329 2.38183 4.90355 -5.91967 2.23391 -1.29265 -3.58814
0.0735351 -3.69809 -0.0704124 0.254359 -3.77504 1.92254 -0.194956 -3.85951 -2.08573 1.62821
5.66995 -3.82586 0.0739704 3.0542 -15.9246 1.29044 3.5083 -11.2305 -0.996962 -3.96772
-29.2747 -4.27067 2.60041 -41.5963 -0.113099 3.08093 -16.5457 -3.88648 2.75315 -43.3765
0.0158214 3.18515 -15.0011 -0.122158 3.13732 -16.0714 -2.97467 2.93045 -45.1102 -2.16807
3.05541 -44.3151 -1.87789 -2.74493 -27.4132 2.65817 -13.7166 -5.18437 -1.31559 -3.6789
-30.7886 0.756405 3.19744 -3.94226 0.601042 3.10251 -1.71945 0.650199 3.16603 -3.36389
-1.62035 -1.74131 -32.0299 -1.84315 -10.8787 -4.27685 -1.7821 2.96564 -46.0369 2.44654
6.37045 -7.49087 2.54168 -0.154131 -6.73373 2.95017 1.44744 -8.63514 0.250294 1.30371
22.4147 0.89683 1.40381 13.8736 -0.199579 1.59313 12.5977 0.309216 1.4966 23.7127
0.340756 1.5256 24.4259 0.300125 1.18768 47.6673 1.04872 -2.31786 28.7825 -1.08511
2.2879 7.11653 0.214986 1.44669 49.9533 1.90721 -7.02136 3.26509 3.84143 6.31725
-5.62294 -0.312273 -16.9277 -7.82683 1.84238 -19.0861 -3.43578 3.94183 0.439032 -4.88385
3.65743 -16.7673 -2.27277 0.767738 -12.5664 0.722907 0.170774 -11.6098 -4.42632 -0.824418
-14.4681 3.9813 -1.48355 3.51555 -61.8735 -0.326259 3.51124 -17.6341 0.469156 3.25669
-3.24399 0.108045 3.42927 -2.05651 0.0693628 3.31338 -1.97606 0.0433946 3.33008 -2.08208
0.0577482 3.16243 -2.03249 -0.0478623 2.91537 -2.08442 -0.29699 3.19136 -10.4909 3.89467
3.42698 -115.742 0.0314476 3.12055 -2.01455 -1.05156 4.36902 -59.9797 -0.0299826 4.31866
-15.9318 0.292398 4.16638 -1.62084 0.217253 3.9561 -1.55385 -1.49514 3.74829 -64.1594
-0.308512 3.74558 -18.1147 0.175169 3.86837 -1.67388 0.174268 3.72805 -1.64352 0.16085
3.67662 -1.73836 0.170491 3.59416 -1.60636 0.00146619 3.50946 -2.32563 -0.960782 3.46322
-5.22826 -0.0523485 3.58168 -3.44664 0.149191 3.56919 -1.76178 0.189349 0.574466 25.9433
0.370054 2.41914 1.66054 -0.720247 1.17332 8.77745 -0.180009 -0.582605 5.076 1.6688
-0.671669 -0.893847 2.24883 3.36987 0.30226 -0.0438854 2.01514 5.21704 1.6121 3.03457
1.26533 1.47204 -2.27568 -2.65507 0.446607 -2.45598 -0.978789 0.413193 -2.21809 2.5373
1.19433 -3.71806 -2.16839 -0.686867 1.84838 7.63234 1.38777 3.67729 0.996153 1.55239
3.65734 1.2968 0.0439547 2.85903 4.68978 3.50206 -17.2747 -10.9969 4.82877 -12.6782
-15.4979 -0.359853 5.69748 -17.101 0.84117 5.03419 -3.06421 -0.221586 5.26342 -16.6956
-2.62048 -11.0332 -11.9143 -0.273026 -15.2978 -2.66017 -2.16569 -0.335693 -35.4079 2.68907
4.48367 -1.72297 0.911499 1.59567 1.71319 0.914324 1.47687 1.80353 0.700373 1.68071
2.76245 0.837909 1.84922 1.87624 0.830226 1.84274 1.94534 0.395851 1.0174 15.2112
0.256248 1.04745 17.0886 -1.64596 0.8984 62.4011 -1.09833 0.898607 57.1702 -1.45862
1.13232 58.0134 -1.78459 1.02499 62.2227 0.19309 1.46985 18.147 -0.186417 -2.11158
38.0406 -1.47469 1.34155 60.2039 -0.124185 3.28992 4.11231 0.864729 -0.913118 0.196989
-0.0131874 1.65484 -8.81195 1.11287 6.42532 -7.99594 2.15034 6.26988 -3.25303 3.05926
7.34503 -5.98479 3.2473 1.55665 -6.46011 0.0915155 -3.13546 -3.52991 0.570298 -3.27444
-1.17218 -1.34012 -1.52802 -10.7173 0.684347 3.71148 1.59314 2.62089 6.47901 -6.80051
2.66399 7.6603 -8.71537 2.92993 7.19304 -6.68302 0.474776 4.29626 -13.986 -0.290247
4.3502 -50.7951 -0.975886 4.30121 -55.0695 0.241842 4.28652 -15.5523 -1.17655 -3.37262
-31.1495 -0.676862 4.08274 -9.79417 0.118653 0 -1.88567 -1.06375 3.95754 -58.1868
0.104977 4.16731 -16.5464 0.175691 0 -1.33994 0.537262 4.41009 -2.17299 0.462508
4.46517 -2.16841 0.415602 4.4569 -2.20932 0.177455 0 -1.33258 0.243773 0
-1.5704 -0.359458 4.78375 14.8112 1.22976 4.81784 52.085 0.602067 4.53249 9.41843
1.26744 -3.03572 30.0181 1.44312 -2.43798 -34.8723 1.42249 0.716506 -56.3098 -0.221627
0.881009 -16.8629 2.06326 0.717239 -61.4209 2.31581 0.772758 -62.9796 2.1958 0.860065
-61.274 -0.205914 -6.72945 2.04472 0.0153323 -8.43223 9.14463 1.7932 0.983047 -57.2132
0.927111 1.05163 -57.8949 1.53555 1.03156 -64.0225 1.82957 1.24795 -59.6941 4.09871
5.89247 52.3771 -0.200525 -16.1968 1.40293 2.29857 -13.3799 8.65237 4.0275 6.19336
56.0438 2.54526 6.42665 51.2562 -4.8884 -12.7129 15.8688 -3.53493 -17.1088 11.4548
0.247562 -15.0445 2.85541 2.59291 -10.7897 11.96 2.29228 -0.191773 35.2613 0.554733
0.439031 -52.6651 -1.01471 -5.73024 -2.45179 -0.23629 0.247984 -49.7013 0.37997 0.28958
-53.569 0.0640244 -1.04425 -32.0795 -4.02664 -5.28615 113.127 0.919124 -1.27013 10.2099
1.30935 -16.5251 -0.993901 -0.0785742 -12.0029 4.22342 -0.626589 -13.6678 -3.95188 -1.924
-19.416 3.4755 -0.756642 -12.9421 -0.721682 -0.51314 1.18965 -47.9583 -0.320628 -10.8038
6.47761 -0.84638 -0.295554 -10.0818 -1.49365 -7.88396 -1.84797 -1.16971 -2.2965 -29.1938
0.125803 -1.49107 -31.8907 0.35147 2.28494 17.1782 3.64994 2.00223 42.784 1.01654
-3.84188 29.3424 3.11604 2.17636 44.7642 2.33336 2.36534 46.3549 2.76464 2.29859
45.9414 1.74527 2.44789 45.5543 1.73634 -2.88055 28.0823 1.43582 -10.4042 1.62169
0.413851 2.19394 17.6932 0.298628 2.14209 16.8373 1.06161 -3.49248 30.9553 -2.41193
-12.8386 4.50709 3.22275 2.13135 46.3615 3.75055 1.98361 44.009 1.40362 -2.02118
32.2374 1.29508 2.49563 46.563 1.78775 -10.734 3.80842 -3.53479 2.85273 -44.625
-0.167398 3.10932 -16.6254 0.88333 3.48428 -4.02321 -1.36095 -10.9352 -2.03355 -4.56437
2.45993 -43.3513 -4.174 2.58641 -45.5939 -0.363478 2.88549 -17.26 -0.162395 2.879
-16.4312 0.798604 -0.335944 9.94199 0.0512491 -11.888 -4.00332 0.284118 -10.7304 -6.2923
1.42689 -7.89921 1.82071 -0.206214 -1.40763 31.4054 -1.66242 0.0916774 6.44891 -1.86917
-12.5005 -8.22173 -1.98239 -6.8594 4.94774 0.722804 -10.8084 -7.84959 0.57047 -13.4526
4.12515 -0.966689 -1.27085 -10.1914 -1.30246 -16.092 1.15772 3.94385 -5.08571 -113.121
3.79157 -10.3634 -12.7513 -3.3736 -9.40855 -10.7566 0.258843 0.371391 48.7914 -0.0591502
-1.06311 30.8227 -0.22254 0.440904 51.779 -0.376615 0.519258 51.8215 -0.362385 0.492145
52.4411 -0.311931 0.603731 50.1258 0.763997 -1.68503 30.0846 1.10623 -5.83957 2.44831
-0.0946629 0.39114 53.5763 0.475694 0.345077 49.7525 -0.0392505 -1.12194 32.2824 2.04303
-1.75548 -31.903 -2.09873 6.30612 -47.684 -0.0081903 5.96201 -15.4112 -3.25615 6.09921
-51.4282 -3.61269 5.78714 -52.4633 -3.33255 5.44214 -51.4188 -2.21174 -13.5235 -8.4407
0.243612 -16.2701 -1.13473 -2.45929 5.16579 -48.3916 -2.26642 6.29653 -51.2008 -3.65796
6.07215 -56.005 -1.87159 0.947461 63.996 0.00482304 -8.88727 -8.7147 0.263358 -7.08115
-1.88902 -1.30549 1.14653 64.91 -0.789895 1.16415 58.7685 -2.13571 -10.5708 4.88862
-1.31932 -16.7612 -4.96151 0.17362 -8.69499 -7.2382 0.655439 -7.02293 2.95091 0.657631
3.90228 -4.30262 1.84623 -0.510292 -3.3201 1.7778 -17.4961 -3.68854 -1.91892 -0.521389
3.40024 -2.15396 5.07744 1.77757 -3.66792 -15.1188 9.07365 -2.18711 -0.254279 3.16898
-2.14683 -19.8199 3.0474 1.53229 -10.7126 8.37793 0.0106217 -12.5252 1.59395 0.410046
5.55719 17.1164 4.53053 5.88087 57.4984 4.33481 5.54424 57.5893 2.08277 5.12217
52.1326 -1.40733 -16.9791 14.6032 0.382441 -2.41178 -0.0032317 0.458146 -13.6771 15.5905
-1.05431 -11.9164 6.96588 -0.261237 -9.40903 10.3933 1.32917 -4.43493 -5.47046 0.622709
0.301672 -54.3217 0.709676 0.269402 -54.4439 -0.629327 3.7961 3.9932 -1.64925 3.778
10.3828 -0.351476 3.76108 3.49653 -0.457014 2.299 3.9037 0.422783 2.25856 17.9131
0.383599 2.29946 17.798 -1.72019 -18.0607 -5.6298 0.110316 -2.18951 -0.200536 0.131663
-20.8103 -1.37056 0.449361 -14.9556 -3.7754 0.0700892 -15.9511 -0.318708 -0.408384 2.91097
-17.4607 -3.81333 2.69343 -46.6774 -0.372535 2.92004 -17.3398 -3.35298 2.74807 -47.8197
0.141298 1.3614 50.2357 -1.1495 3.60527 -60.7959 -0.215947 3.59633 -17.0187 -1.76953
3.88433 -66.933 -0.361847 3.85969 -18.8126 -1.48078 -4.85124 5.69082 -1.574 -9.8486
-10.9515 -0.379678 -2.32329 0.0618898 -0.47689 -14.2845 -15.1372 0.415728 -8.4368 -10.4066
1.36579 -5.4486 4.67247 0.228409 -9.75935 -10.4216 -1.59755 1.17616 67.2937 0.177666
1.39758 18.8152 -1.72155 1.21789 67.2636 0.420618 -20.2185 -2.81868 2.17506 -0.229033
-2.84466 2.07599 -19.484 -0.767759 0.458642 -10.5368 -4.20933 -0.08297 -12.5599 -0.923594
-1.3122 4.01482 -60.0999 0.104927 4.16838 -17.0952 -1.78167 5.03828 -52.2032 -0.120093
4.8692 16.2427 1.71404 4.73421 56.849 0.884603 -12.0191 9.00935 -1.26191 -0.793106
2.03356 -0.445336 -13.0997 3.52643 -0.550137 -10.6463 5.6609 -0.385859 -20.0883 5.09599
-0.502795 -10.4019 4.69097 1.89476 1.06226 -66.4649 -0.140574 1.30371 -18.602 2.06442
1.1071 -66.5269 2.05811 1.18024 -64.3075 3.50521 5.27971 55.9726 -1.16266 -11.859
4.72401 -0.207389 -0.58908 -0.855112 -0.00138882 -9.0773 8.92188 -0.0374993 -8.21164 10.3916
1.48804 -9.20024 11.2214 -1.2964 -5.19742 -4.77305 -0.40299 -8.05854 10.3674 -1.49295
-2.16822 2.96765 0.301302 -2.27464 -0.0704659 -0.0830378 2.45812 -4.66152 -1.51075 3.63739
-1.14924 1.23663 -1.52213 -4.06854 0.577928 2.13319 -7.77415 0.641982 0.363627 -53.8275
0.336242 0.535167 -51.5303 0.246862 3.63434 17.0405 1.29184 3.64591 60.9152 0.402675
3.91296 18.7216 2.04329 3.93637 66.6026 -0.157379 1.28671 -51.4887 0.302138 2.33565
17.0305 2.84557 2.2586 47.3932 2.46576 2.32082 48.4154 1.96398 2.38466 48.2636
0.299035 -13.4875 -3.72879 0.155065 -0.855676 0.127181 0.110352 -14.4227 -0.824034 -0.113091
-14.006 2.4551 1.94752 -18.7007 3.76002 -0.412108 -15.2789 3.08308 -1.75898 5.71468
5.32265 -1.82712 -1.13592 3.75206 0.0581097 -2.14814 -0.0366988 0.0854962 5.12503 0.102234
1.9503 5.82888 -5.23097 1.90785 -1.12069 -3.87093 -2.68054 2.81715 -47.7405 -0.268784
2.9393 -16.5891 0.709076 3.18067 -3.71675 -0.329664 0.402365 54.2732 -0.446768 0.357327
54.3234 -0.235359 0.578083 51.2662 -0.446016 0.426717 53.6357 0.0947987 -8.42656 -10.1083
0.213784 -0.584656 0.838122 0.0133657 -9.30376 -8.674 1.16432 -12.0281 -4.50397 1.387
-17.3946 -14.1417 1.03542 -12.1704 -6.87918 -4.12144 5.77407 -57.4619 -0.359515 5.46464
-17.1966 -3.92498 5.45284 -57.5498 -3.13374 5.19915 -55.9617 -1.68925 1.28455 64.9361
0.578366 -11.0945 -4.83859 1.26899 -0.89159 -2.15286 0.431377 -13.4989 -2.2602 -0.944838
-12.3336 -8.27496 3.31173 -14.6848 -8.18723 -1.63691 -10.6929 -8.2028 2.11101 5.00624
-2.45111 -0.411368 3.45628e-35 1.25873 -0.641912 2.34625e-34 1.58005 -1.40893 4.65715 4.43609
-0.513138 4.30832 4.01605 -3.21206 6.42521 6.79881 -3.5919 6.98936 4.82289 -2.41038
5.8188 1.83783 -1.67749 4.71503 1.87228 -1.36926 5.45924 6.19318 -0.654943 2.39543
-5.02223 0.484926 3.62094 -3.33884 0.54473 2.32228 -5.54905 0.119925 1.24906 -6.7826
-0.175672 2.55909 -5.04411 -2.01831 7.03204 5.76751 -3.86108 7.4023 6.62547 -3.48783
5.23444 1.58347 -1.531 2.20826 -1.66081 -0.0102199 1.1233 -5.41662 0.603373 0.602235
-8.14629 0.127432 0.804358 -4.32261 -0.194122 0.924941 -3.35038 -0.377565 1.89853 -1.07954
-0.684781 3.13269 4.51666 -2.34887 5.61544 7.17071 -3.76212 6.97849 5.52781 -3.98319
6.20259 3.60371 -0.183735 3.36285 -3.61084 1.1904 2.56107 -7.72403 1.16326 2.47182
-7.16683 0.202294 2.08868 -4.29848 -0.0692608 1.92445 -1.84589 -0.608708 3.81332 4.95472
-0.335666 2.53925 2.70536 -1.69726 4.59264 5.79018 -1.65259 3.95114 5.85469 0.257494
4.27843 0.565669 2.79973 5.78228 -5.87562 1.97754 6.03723 -4.27681 1.19631 5.15489
-4.84051 0.526121 3.59 -2.94189 0.0909627 2.26292 1.60424 -0.19859 2.09916 4.22761
-0.612754 2.4095 4.49784 -1.11366 2.4202 7.12109 0.135327 3.27384 3.66572 2.34404
4.30389 -0.679933 3.94329 6.15759 -3.63706 2.30815 5.57553 -7.13654 0.64585 3.12171
-4.51122 0.16142 0.976925 3.39032 0.315417 1.91692 1.08154 -0.653735 0.73725 8.18678
-0.803883 0.788927 9.27964 0.0228584 1.42657 5.29644 3.54551 5.40894 -1.7367 4.54402
7.48241 -4.66322 3.76462 7.32423 -6.61983 1.91079 6.89806 -5.83044 0.0873755 2.72036
5.24632 -0.245573 1.58735 7.07871 0.370228 1.04411 12.0259 -0.717668 4.17414 3.04953
0.445523 4.75738 0.186103 2.28638 6.07157 -2.25725 2.8697 6.22991 -7.19321 1.22403
4.1401 -4.62231 2.18874 -3.33068 -32.2963 1.10047 4.38139 -11.3651 -4.03752 3.12173
8.88536 -3.75284 1.45008 6.19134 -3.7454 -14.1419 10.2436 -0.569324 4.30686 -0.689231
0.925482 -0.69864 -0.0695962 -0.491114 -1.34875 1.54967 -0.502532 -19.0685 6.59496 1.09121
-15.5749 6.91378 1.24161 -0.109349 -4.62307 1.81654 -9.65065 -3.85756 0.867485 0.0865651
-8.227 -4.8005 4.2426 9.38385 -4.5789 7.43845 4.63382 -3.48644 -0.235682 4.19041
-4.72483 2.31127 7.36622 -4.63895 -12.1624 15.1617 -3.29291 -15.6082 11.5431 -1.39504
-2.41646 2.48501 -1.30398 -14.9733 14.7769 0.756244 0.536917 -9.28019 0.885996 -0.537796
-7.04354 1.00543 -1.68737 -3.83806 1.15015 -7.58907 11.6182 1.01068 -3.73237 -4.43208
0.239625 0.412302 -5.48493 -0.0755815 0.734101 -3.78397 -4.21979 -10.7862 12.7536 -4.16613
2.4181 7.08175 -3.28593 3.49066 9.33228 -2.40085 4.38315 0.693647 0.210182 -2.26519
-0.255902 -2.09513 -1.87655 2.41135 -1.83872 -19.6983 7.15283 0.330264 -17.8528 9.4445
1.56784 -1.57771 -3.31122 1.74791 -13.592 8.91294 0.644351 2.45914 -4.55796 0.542458
1.89383 -4.97812 1.0024 1.52446 -5.80936 -1.32193 3.53313 5.7321 -1.06837 4.77274
4.42319 -2.05826 0.451462 5.05985 -1.69342 2.87279 5.76644 -2.05143 -12.3338 3.67564
-1.62881 -1.41244 2.76753 -1.43445 -16.7001 -6.16363 2.46521 4.78505 -5.456 2.8798
0.980743 -5.66168 2.23256 -1.15537 -3.54384 1.8913 -17.4801 2.53778 2.54137 -13.2352
-5.05497 2.52384 3.77807 -5.69292 2.02055 4.73327 -5.49693 -0.975501 1.5185 5.74527
-0.545398 1.89054 4.91097 -1.18344 2.49294 7.73985 -0.277728 -2.22147 0.264765 -1.57214
-1.49047 3.28489 -1.76109 -13.1365 -9.0427 -0.407096 -17.4765 -9.59381 2.0393 -1.85894
-2.42051 1.78687 -19.4562 -7.21609 3.7174 6.94905 -5.52669 3.24635 3.48415 -9.29492
4.1324 2.43774 -7.07421 4.19086 -10.691 -12.7402 0.0365961 0.790397 3.82631 -0.158419
0.88067 4.36182 -0.982549 -0.519259 7.13212 -0.293457 0.457159 5.54546 -1.13901 -4.11303
4.61628 -1.07987 -1.6518 3.90827 -1.24431 -8.22189 -11.3609 1.60726 2.47528 1.46582
3.53138 -0.174056 -4.12443 1.44307 -2.34367 -2.46672 1.32677 -15.5253 -14.2186 3.31807
-15.8811 -10.9673 4.70002 2.32783 -7.24055 4.62416 -12.1624 -14.7214 4.71306 4.18787
-9.27892 -1.43856 -2.74341 35.242 -1.06727 0.244103 8.50494 -0.754593 2.84664 5.6919
-1.08434 -0.657385 0.230669 -1.44827 0.019383 4.85103 -1.99744 -10.7705 4.33305 -1.16405
-16.9708 -5.44877 0.42389 -1.35456 -1.38795 0.475535 -20.3164 -4.61124 3.30454 7.03731
-5.18457 3.69963 2.94238 -9.08849 3.5223 1.37881 -6.11076 3.55961 -14.4878 -9.25605
0.517716 0 -1.5602 -2.21781 -18.5245 5.11656 -2.35505 -0.339571 2.8298 0.364234
-11.6503 15.6036 0.27989 -2.48523 -0.158645 -3.81476 -17.0934 5.54607 -4.09203 0.252773
3.93444 2.04454 -7.85496 -4.13984 1.74419 -0.0510475 -6.18926 0.259632 -19.2877 -2.74237
0.222445 -2.09147 -0.287114 -1.99902 -7.51909 4.07142 -1.69157 0.0156835 6.12417 3.79317
-16.9461 -5.53933 4.06366 0.280194 -3.96268 -0.376133 -12.3448 -15.1543 -0.282932 -2.42181
0.189887 2.15723 -19.3019 -3.32127 2.28379 -0.367605 -2.58606 -0.762046 -1.26718 -33.8657
0.83073 -1.33105 33.6043 -0.254534 1.56141 -1.94406 -0.0999603 1.49734 -2.24436 -0.506744
1.50543e-32 1.57754 -1.08942 4.91731 2.89212 -1.39949 5.26265 3.24594 -0.798354 -4.19438
38.0105 -3.77281 -15.09 12.9428 1.00525 -13.6454 6.54308 1.68494 -8.69101 -7.2392
-0.540755 2.04929 -2.9281 -0.59703 2.03857 -2.59191 -1.13573 3.42339 0.577779 -2.4341
6.23881 4.56671 -2.73358 6.57054 12.3848 1.66252 -5.80274 -4.24896 0.347288 -1.42278
-30.7859 -0.437455 2.23473 -1.63944 -0.53077 3.47882 3.86479 -0.661448 3.78173 4.26801
22.5403 2.96192 58.8823 24.3354 -4.29079 53.9685 -0.139521 -19.0204 9.59198 1.68284
-14.4676 7.57427 0.211021 1.0657 -14.1603 -0.64361 1.00613 -22.7422 -0.0347456 1.41872
-2.37389 -0.338348 2.16015 2.01807 -0.932582 2.36204 5.13055 2.41536 -14.6428 -4.47812
-1.20215 -4.80669 -31.058 0.552132 2.56807 -1.87439 0.113003 1.85092 2.11958 0.377409
2.33216 1.64275 0.493464 0.62432 23.2079 1.81797 5.42565 -3.98765 0.987935 3.18665
-0.593406 -2.03596 5.3593 11.1328 0.0992412 1.38836 -11.832 -4.75843 -13.4018 21.5422
-3.46883 -17.1506 14.4646 -0.232141 0.531284 -13.503 -0.508969 0.583149 -23.2444 -2.66232
-18.8807 4.9939 0.0352891 -2.41489 -30.9081 0.861337 -4.49323 31.3274 -2.41116 -14.0838
4.34888 0.726698 4.22314 -2.99242 0.266869 0 -1.66399 -0.15922 -17.6917 7.45969
1.00775 -2.72364 -39.8716 -1.98728 5.55158 3.94175 -0.291235 5.6769 17.2971 -0.3426
-3.48255 39.9595 6.5504 5.3454 55.2583 -0.403716 0.367448 -50.0315 -3.17901 -16.1276
12.4261 2.06284 -8.67824 -3.90314 -0.358842 1.99991 2.1119 -0.780428 2.19407 5.14856
-1.33093 2.28881 12.929 0.11508 2.00388 18.4209 -5.15847 2.06078 -45.2563 -0.183322
2.37147 -18.0296 0.540807 1.26324 22.5122 1.49871 1.08361 46.6084 0.526696 3.61216
-3.89532 0.518863 1.9693 2.65233 0.299911 1.30821 18.3193 0.266835 0.999275 63.774
-3.53945 3.79907 -59.8331 -0.0252251 4.11789 -17.4722 -0.175255 4.79941 16.8405 4.09551
4.43536 57.4854 -0.292176 1.29702 -18.0679 -0.0494407 0.9657 -63.0108 -1.75277 0.969165
-47.0648 4.31985 1.85512 45.634 0.962454 2.71967 -4.79932 0.455308 0.398974 49.8322
0.280751 5.60171 -17.3755 -6.16399 5.26756 -55.5103 -1.92392 -18.2593 5.45661 -1.49062
-17.5162 16.1643 0.37924 -14.4418 15.9312 -1.64905 -19.6656 -4.43466 0.0445695 -21.9199
-0.3887 -3.11761 3.1492 -51.5283 -0.256928 3.46811 -16.7442 1.52474 -10.6801 11.6197
-1.09864 3.48553 13.1415 0.280858 3.34037 16.8247 3.16788 3.02164 51.9054 1.65193
-19.8502 3.87188 0.000595917 4.81231 -0.00134194 0.000408707 4.78106 -0.0017617 0.000169029 0
-0.000941788 0.000266237 0 -0.000763037 0.000689496 4.84693 -0.000849111 0.000270603 0 -0.000566674
0.000528727 4.88477 -0.000293778 5.85078e-05 0 -0.000347819 0.000424995 4.92535 0.000345575 1.20291e-05
-0 -6.40824e-05 0.000431308 4.96774 0.000868298 3.69371e-05 -0 9.79242e-05 7.42437e-05 5.01046
0.000705144 -0.000304223 -0 -0.000335788 -0.00271424 5.05187 -0.000900438 -0.00279075 0 -0.00199105
-0.0088551 5.09073 -0.00362386 -0.00815598 0 -0.00448983 -0.017096 5.12736 -0.00563525 -0.0146076
0 -0.00634517 -0.0176184 5.16217 -0.00437 -0.0150337 0 -0.00552123 -0.00870484 5.19274
-0.00038515 -0.0077409 -0 -0.00231062 -0.00253955 5.21749 0.00306698 -0.00216463 -0 0.000536462
-0.000808882 5.23731 0.00496245 -0.00062919 -0 0.00207337 -0.000424603 5.25366 0.00576485 -0.00027034
-0 0.00273596 -0.000373764 5.26614 0.0059659 -0.000206149 -0 0.00294481 -0.000401919 5.28085
0.00585498 -0.000215131 -0 0.00293448 -0.000396426 5.28219 0.0055967 -0.000200382 -0 0.00281897
-0.000441986 5.31699 0.00524111 -0.000232556 -0 0.00265069 -0.000453433 5.26795 0.0048817 -0.000233265
-0 0.00245985 -0.000461142 5.38296 0.00438419 -0.000243358 0 0.00220451 -0.000493762 5.17042
0.00401799 -0.000256859 0 0.00198159 -0.000519124 5.5036 0.00324116 -0.000268201 0 0.00152754
-0.000478483 4.88489 0.00262633 -0.000231424 0 0.00111048 -0.00113385 7.62353 0.00142471 -0.000524512
-0 0.000358136 -0.000953528 -0 -0.000548949 -0.00193879 11.9555 -0.000250125 0.00128759 4.81364
-0.00211729 0.000936548 4.78296 -0.00305176 0.00159607 4.84756 -0.000978395 0.00171109 4.88456 0.000340552
0.00165569 4.92417 0.00180121 0.00167124 4.96564 0.00326874 0.00153238 5.00787 0.00432343 -0.000223475
5.04956 0.00439644 -0.00442167 5.08932 0.00351174 -0.0110537 5.12608 0.00296089 -0.0116308 5.15891
0.00455075 -0.00532935 5.18703 0.0076361 -0.0017086 5.21048 0.0101534 -0.000726886 5.22969 0.0115473
-0.000600892 5.24577 0.0120413 -0.000663937 5.25828 0.0119644 -0.000745215 5.27325 0.0115448 -0.000769536
5.27497 0.0109599 -0.000820683 5.31026 0.0102155 -0.00086267 5.26167 0.00953789 -0.000853342 5.3773
0.00857947 -0.000939303 5.16528 0.00799505 -0.000971438 5.49945 0.00669295 -0.000971224 4.8816 0.00590601
-0.00232761 7.62262 0.00421107 -0.00369394 11.9572 0.0012954 0.00192652 4.81514 -0.00197725 0.00145059
4.78545 -0.00336237 0.00241437 4.84784 -0.000268449 0.0028383 4.88343 0.00176258 0.00304611 4.92145
0.00404252 0.00312724 4.9612 0.00649628 0.00311284 5.00184 0.00903536 0.00282462 5.04225 0.0115747
0.00204008 5.08111 0.0139105 0.00046771 5.1168 0.0159058 -0.000105189 5.14816 0.0173144 0.00020417
5.17502 0.0179986 -9.35906e-05 5.19768 0.0183109 -0.000388874 5.21647 0.0183704 -0.000675354 5.23256
0.0180943 -0.000901848 5.2454 0.0175109 -0.00104405 5.26092 0.0166831 -0.00110324 5.26331 0.0157361
-0.00113915 5.29942 0.0146061 -0.00122091 5.25154 0.0136277 -0.00117996 5.36817 0.01226 -0.00133928
5.15683 0.0115201 -0.00133543 5.4924 0.00982387 -0.00141033 4.87544 0.00909332 -0.0033586 7.61894
0.00734124 -0.00499661 11.9567 0.0035434 0.00233486 4.81593 -0.000597829 0.0017505 4.78752 -0.00223913
0.00293386 4.84706 0.00142328 0.00348222 4.88078 0.00384092 0.00387375 4.91668 0.00659558 0.00398932
4.95416 0.00958182 0.00376295 4.9924 0.0127599 0.00340441 5.03046 0.016172 0.00315169 5.06715
0.0196577 0.00312039 5.10105 0.022577 0.0025305 5.13115 0.0240615 0.00124382 5.1572 0.0242747
0.00022382 5.17944 0.0240506 -0.000433599 5.19822 0.023618 -0.000870209 5.21464 0.022938 -0.00114841
5.22809 0.0220109 -0.00130471 5.24448 0.0208544 -0.00138338 5.24782 0.0195913 -0.00140446 5.28506
0.018121 -0.00153459 5.23815 0.0168505 -0.00146369 5.35609 0.0151277 -0.00170874 5.14563 0.0142393
-0.0016471 5.48298 0.0122137 -0.0017661 4.86696 0.011553 -0.00418777 7.61322 0.00967512 -0.00597124
11.955 0.00507767 0.00248657 4.81478 0.00230921 0.00179307 4.78778 0.000636411 0.00319714 4.8442
0.00437061 0.00382558 4.87587 0.0068376 0.00427798 4.90945 0.00967024 0.00444392 4.94438 0.0127595
0.00420317 4.97994 0.0160013 0.00365188 5.01528 0.0193229 0.00308272 5.0494 0.0225578 0.00267148
5.08122 0.0252452 0.00199146 5.10994 0.0268553 0.000946392 5.13523 0.0274645 3.34735e-05 5.15722
0.0274737 -0.000652487 5.17616 0.027056 -0.00110925 5.19312 0.0262807 -0.00136202 5.20741 0.0252046
-0.00149017 5.22487 0.0238552 -0.00157193 5.2294 0.0223692 -0.00157854 5.26803 0.0206297 -0.00175896
5.22228 0.0191004 -0.00167631 5.34182 0.0170621 -0.00202493 5.13239 0.0160256 -0.00196078 5.47181
0.0137783 -0.00207428 4.85676 0.0132015 -0.0047959 7.6062 0.0111059 -0.00666653 11.9527 0.00581594
0.00245514 4.81035 0.0067788 0.00169755 4.78464 0.0054233 0.0032323 4.83817 0.00852711 0.00392646
4.86792 0.0106949 0.00444999 4.89926 0.0132439 0.00469224 4.93172 0.0160708 0.00455236 4.96469
0.0190405 0.00404205 4.99742 0.0219924 0.0033215 5.02911 0.0247212 0.00256042 5.05895 0.0269449
0.00169768 5.08629 0.0284194 0.000747481 5.11082 0.0291495 -9.27499e-05 5.13258 0.0292784 -0.000748488
5.15174 0.0289139 -0.00118892 5.16932 0.02814 -0.00143314 5.18454 0.0270373 -0.00154522 5.20318
0.0256456 -0.00161277 5.20902 0.0241017 -0.00159118 5.24919 0.0222529 -0.00179074 5.20476 0.0205843
-0.00171106 5.32607 0.0183141 -0.00210277 5.11781 0.0171239 -0.00199024 5.45953 0.0146883 -0.00211946
4.8455 0.0140722 -0.00502742 7.59845 0.0117993 -0.00692029 11.9502 0.00612354 0.00227757 4.80163
0.0121141 0.00151301 4.77676 0.0114658 0.003055 4.8283 0.0131784 0.0037537 4.85654 0.0146841
0.00427927 4.88606 0.0165906 0.00452378 4.91644 0.0188063 0.00441481 4.94719 0.0211937 0.0039753
4.9777 0.0235769 0.00328474 5.00733 0.0257465 0.00244571 5.03547 0.0274944 0.00153544 5.06162
0.0286905 0.000636908 5.08547 0.0293127 -0.000138806 5.10705 0.0294162 -0.000728554 5.12648 0.0290731
-0.00112282 5.14468 0.0283531 -0.00134898 5.1608 0.0273448 -0.0014344 5.18059 0.0261033 -0.00144974
5.18771 0.0247769 -0.00132961 5.2294 0.023182 -0.00135368 5.18627 0.0217832 -0.00099648 5.30941
0.0196499 -0.000956273 5.10241 0.0183877 1.57352e-06 5.44663 0.0155352 -0.000571702 4.83381 0.0143651
-0.00463915 7.59046 0.0118873 -0.00662548 11.9477 0.00623407 0.00200263 4.78862 0.0167091 0.00126328
4.76391 0.0168964 0.00273776 4.81478 0.0169511 0.0033761 4.84215 0.0176344 0.00382327 4.87046
0.0187367 0.0040244 4.89935 0.020191 0.00395169 4.92843 0.0218673 0.00358921 4.95724 0.0235918
0.00296489 4.9853 0.0251674 0.00217159 5.01214 0.0264233 0.00130855 5.03737 0.027257 0.000475154
5.06073 0.0276455 -0.000216751 5.08223 0.0276269 -0.000714083 5.10197 0.0272564 -0.00103283 5.12078
0.0265849 -0.00120942 5.13774 0.0256895 -0.00125184 5.15856 0.0246409 -0.00120701 5.16677 0.0236142
-0.000957592 5.20976 0.022456 -0.000606875 5.1677 0.0215964 0.00072169 5.29256 0.0199677 0.00200937
5.08684 0.0187747 0.00319827 5.43372 0.0155101 0.00136392 4.82245 0.0137082 -0.00374998 7.58271
0.0112091 -0.00583789 11.9451 0.00601072 0.00173214 4.77275 0.0188019 0.00105411 4.74757 0.0195982
0.00239713 4.79903 0.018409 0.00296626 4.82616 0.0184291 0.00335309 4.85388 0.0188476 0.00350589
4.88189 0.0196107 0.00342623 4.90989 0.0206106 0.00309816 4.93757 0.0217007 0.0025381 4.96455
0.0227212 0.00183669 4.9905 0.0235298 0.00108955 5.01514 0.0240255 0.000376089 5.03823 0.0241628
-0.000223089 5.05979 0.0239618 -0.000652659 5.0799 0.0234693 -0.000930044 5.09935 0.0227153 -0.00108486
5.11713 0.021759 -0.00112911 5.13891 0.020659 -0.00111713 5.14811 0.0195508 -0.000958497 5.19224
0.0183139 -0.000784083 5.15105 0.0173251 0.000169426 5.27736 0.0157722 0.000844353 5.0729 0.0147212
0.000378163 5.4223 0.0122587 -0.000866927 4.81243 0.0112619 -0.00335768 7.57582 0.00942206 -0.00478916
11.9427 0.00509303 0.0015502 4.75669 0.0173489 0.0009754 4.73071 0.018384 0.00213098 4.78348
0.0166668 0.00264069 4.8108 0.016339 0.00297413 4.83841 0.0163331 0.00305662 4.86605 0.016596
0.00290346 4.89347 0.017061 0.00255787 4.92047 0.0176363 0.00206049 4.94679 0.0182246 0.00150626
4.9722 0.0187438 0.00108059 4.99649 0.0191001 0.000746357 5.01951 0.019158 0.000316952 5.04128
0.018829 -0.00023529 5.06185 0.0181457 -0.000694253 5.08199 0.017213 -0.000896168 5.10062 0.0161257
-0.000975547 5.1234 0.0148889 -0.00105286 5.13367 0.0135454 -0.00115088 5.17901 0.0119846 -0.00164274
5.13885 0.0105014 -0.0026699 5.26651 0.00880904 -0.00439554 5.06295 0.00810064 -0.00541443 5.41393
0.00729637 -0.00404041 4.80454 0.00776351 -0.00312702 7.5703 0.00681619 -0.00346969 11.941 0.00364879
0.00145705 4.74365 0.0121508 0.00103669 4.71683 0.0130623 0.00187884 4.77104 0.0115088 0.00225063
4.79873 0.011131 0.00248281 4.82646 0.0109723 0.00248876 4.85402 0.0109802 0.00228018 4.88121
0.0111232 0.00193126 4.90784 0.0113623 0.00149163 4.93379 0.0116555 0.00102864 4.95887 0.0119689
0.000748361 4.98295 0.0122355 0.000688588 5.00599 0.0123172 0.000510544 5.02804 0.0120447 1.34498e-05
5.04911 0.0114189 -0.000434134 5.06989 0.0106117 -0.00058483 5.0893 0.00972498 -0.000632954 5.11299
0.00875335 -0.000695726 5.12421 0.00772379 -0.000827046 5.17063 0.00658997 -0.00131289 5.13146 0.0055505
-0.00242478 5.26016 0.00454079 -0.00386828 5.05697 0.00432756 -0.00395896 5.40859 0.00414637 -0.00251094
4.79922 0.00460447 -0.00171498 7.56657 0.00405694 -0.00171722 11.9398 0.00220293 0.00141315 4.73658
0.00385186 0.0011899 4.70916 0.00427621 0.00159344 4.7644 0.00355575 0.00172139 4.79235 0.00339251
0.00178923 4.8202 0.00333184 0.00174295 4.84775 0.00332702 0.00154982 4.87484 0.00333905 0.00121903
4.90133 0.00335123 0.000777134 4.92709 0.00338076 0.00024892 4.95199 0.00346985 -0.000198793 4.97596
0.00361604 -0.000395248 4.99901 0.00370721 -0.00044631 5.02125 0.00364584 -0.000397827 5.04264 0.00346607
-0.000283074 5.06383 0.00320933 -0.000200678 5.08372 0.00288874 -0.00013622 5.10794 0.00255003 -9.12524e-05
5.1197 0.00224995 -8.67178e-05 5.16666 0.00201363 -0.000121338 5.1279 0.00190591 -0.000220091 5.25699
0.00184368 -0.000200684 5.05396 0.00187341 -7.42289e-05 5.40594 0.0016224 2.51327e-05 4.79667 0.00143008
0.000195468 7.56481 0.00118044 0.000292864 11.9393 0.000784797 0.00141993 4.73744 -0.00589897 0.0013904
4.70997 -0.00621347 0.00140092 4.76527 -0.00560003 0.00132776 4.79317 -0.00531776 0.00122285 4.82092
-0.00506164 0.00110452 4.84837 -0.00487659 0.000920061 4.87538 -0.00483117 0.000628493 4.90181 -0.00492796
0.000270461 4.92751 -0.00509481 -0.000215209 4.95235 -0.00518959 -0.000575501 4.97627 -0.00510504 -0.000752935
4.99931 -0.00498345 -0.000785638 5.02157 -0.00487358 -0.000410336 5.04301 -0.00467889 1.69086e-05 5.06429
-0.00446429 0.000238714 5.08426 -0.00426365 0.000386987 5.10854 -0.00402893 0.000508735 5.12033 -0.00373488
0.00055728 5.16725 -0.00334199 0.000681921 5.12842 -0.00294286 0.000675601 5.25742 -0.00247508 0.000862565
5.05436 -0.00232187 0.000773867 5.40629 -0.0021173 0.000754203 4.79705 -0.0022812 0.00173403 7.56508
-0.00194903 0.00228623 11.9394 -0.000793421 0.0014436 4.74655 -0.0149389 0.00158687 4.71964 -0.0159386
0.00126699 4.77388 -0.0140664 0.00106331 4.80135 -0.0133116 0.000864383 4.82873 -0.0126432 0.000735873
4.85587 -0.012048 0.000733591 4.88268 -0.0115639 0.000919752 4.90901 -0.0112412 0.00155 4.93473
-0.0111268 0.00253511 4.95966 -0.0113408 0.0020772 4.98368 -0.011882 0.000568556 5.00679 -0.0123757
5.04416e-05 5.029 -0.0124965 0.000214003 5.0503 -0.0122928 0.000483632 5.07138 -0.0118986 0.000699375
5.09108 -0.0113765 0.000870175 5.11501 -0.0107412 0.00101917 5.12639 -0.0100432 0.00104509 5.17282
-0.00922915 0.00118523 5.13358 -0.00852506 0.00105355 5.26204 -0.00760587 0.00121516 5.05867 -0.00718021
0.00102124 5.40996 -0.00620949 0.00117788 4.80048 -0.00605431 0.00310517 7.56747 -0.00510307 0.00414594
11.9401 -0.0024779 0.00137061 4.76256 -0.0214533 0.00168067 4.73662 -0.022787 0.00101746 4.78905
-0.0203761 0.000663499 4.81584 -0.0195082 0.000380545 4.84266 -0.0187581 0.000298849 4.86934 -0.0179889
0.000703783 4.89577 -0.0171329 0.0020726 4.92188 -0.0163485 0.00418199 4.94756 -0.0159665 0.0065576
4.97284 -0.0164312 0.00532182 4.99757 -0.0178318 0.00173364 5.02103 -0.0191332 0.000636488 5.04312
-0.019545 0.000652847 5.06413 -0.0193412 0.000864529 5.08476 -0.0187801 0.00109979 5.10391 -0.0179837
0.00128815 5.12715 -0.0170068 0.00145279 5.13777 -0.0159558 0.00145949 5.18332 -0.0147377 0.00163806
5.14335 -0.0136896 0.0014456 5.27082 -0.0122636 0.00166615 5.06683 -0.0115219 0.00140365 5.41686
-0.00986198 0.00163742 4.80683 -0.00944444 0.00434441 7.57189 -0.00795619 0.00581071 11.9416 -0.00402203
0.00110591 4.78279 -0.0243167 0.00157099 4.75796 -0.0255017 0.000578058 4.80847 -0.0235432 4.07891e-05
4.83469 -0.0231582 -0.000435411 4.86116 -0.0230991 -0.00074237 4.88763 -0.023252 -0.000675295 4.91391
-0.0235052 0.000108214 4.93996 -0.0238839 0.000885355 4.9658 -0.0245005 0.00106284 4.99172 -0.0252919
0.00059151 5.01742 -0.0259993 0.000102648 5.04131 -0.0263039 0.000345366 5.06315 -0.0261014 0.000751508
5.08371 -0.0255288 0.00110311 5.1037 -0.0246711 0.00139756 5.12203 -0.0235844 0.00161131 5.14429
-0.0222936 0.00179134 5.15386 -0.0209192 0.00178983 5.19818 -0.0193346 0.00199718 5.1572 -0.0179657
0.00176022 5.28328 -0.0160865 0.00202664 5.07834 -0.0150752 0.00171467 5.42655 -0.012861 0.0020202
4.8157 -0.0122329 0.00536641 7.57806 -0.0102609 0.00720251 11.9436 -0.00520938 0.000694279 4.80393
-0.0231882 0.00127006 4.7799 -0.0237812 3.47157e-05 4.82917 -0.0230913 -0.000660438 4.85535 -0.0235454
-0.00134566 4.88213 -0.0245835 -0.00202913 4.90922 -0.0262161 -0.00287551 4.93635 -0.02834 -0.0043124
4.96337 -0.0306298 -0.00615929 4.99015 -0.0325795 -0.00813015 5.01662 -0.0335381 -0.00644085 5.04234
-0.0331238 -0.00219102 5.06612 -0.0320578 -0.000162174 5.08779 -0.0310832 0.000751334 5.10785 -0.0301157
0.00126529 5.12705 -0.0290074 0.00161685 5.14436 -0.027698 0.00184687 5.16541 -0.0261667 0.00203218
5.17368 -0.0245418 0.00202721 5.21651 -0.0226745 0.00223387 5.17426 -0.0210584 0.00197033 5.2986
-0.0188419 0.00226413 5.09249 -0.0176324 0.00192535 5.43842 -0.015026 0.00230229 4.82653 -0.0142404
0.00609542 7.58554 -0.0118715 0.00821794 11.9461 -0.00597866 0.000267849 4.82282 -0.0189492 0.000888988
4.79901 -0.0187403 -0.000447468 4.84824 -0.0196185 -0.00119903 4.87502 -0.0208326 -0.00193188 4.90286
-0.0226285 -0.00264987 4.93142 -0.0249811 -0.00348685 4.96033 -0.02771 -0.00473954 4.98914 -0.0303865
-0.00582301 5.01739 -0.0324753 -0.00625709 5.04456 -0.0335981 -0.0042554 5.07017 -0.0337331 -0.00102646
5.09381 -0.0334034 0.000381071 5.11538 -0.0329692 0.00099496 5.13495 -0.032297 0.00145668 5.15332
-0.0312936 0.00181063 5.16951 -0.0299583 0.00203725 5.18918 -0.0283282 0.00219984 5.19598 -0.0265751
0.00217835 5.23711 -0.0245403 0.00238819 5.19342 -0.022769 0.00211728 5.31578 -0.0203595 0.00243139
5.10835 -0.0190304 0.00208962 5.45172 -0.0162053 0.00246487 4.83863 -0.015327 0.00646823 7.59386
-0.0127159 0.00876976 11.9488 -0.00635375 -9.23378e-05 4.83759 -0.0136072 0.000523931 4.81334 -0.0127387
-0.000801479 4.86378 -0.0148701 -0.00152688 4.89174 -0.0165917 -0.0021855 4.92116 -0.0187545 -0.00270329
4.95163 -0.0212343 -0.00299467 4.98262 -0.0238023 -0.00290854 5.01341 -0.0261566 -0.00222586 5.04334
-0.0280155 -0.000583049 5.07177 -0.0293095 0.00137132 5.09817 -0.0303005 0.0024453 5.12228 -0.0312278
0.0021564 5.14397 -0.0319595 0.00155304 5.1632 -0.0321185 0.00162762 5.1808 -0.0315297 0.00188379
5.19587 -0.030354 0.00207759 5.21412 -0.0287589 0.00222011 5.21935 -0.0269773 0.00220242 5.25867
-0.0248832 0.00241553 5.21345 -0.023052 0.00215942 5.33374 -0.0205928 0.00247263 5.12491 -0.019222
0.00215511 5.4656 -0.0163531 0.00248666 4.85123 -0.0154287 0.00643847 7.60247 -0.0127929 0.00879236
11.9515 -0.00641985 -0.000360646 4.84803 -0.0090294 0.000223617 4.82291 -0.0078701 -0.00103006 4.8754
-0.0105637 -0.00170332 4.90489 -0.0125166 -0.00228653 4.93619 -0.0148614 -0.00268298 4.96882 -0.0174737
-0.00277986 5.00208 -0.0201806 -0.00253278 5.03511 -0.0228028 -0.00186067 5.06701 -0.0251325 -0.000426829
5.097 -0.0270142 0.00124035 5.12459 -0.0284936 0.00213982 5.14962 -0.0297018 0.0018719 5.17186
-0.0305667 0.00137001 5.19098 -0.0307797 0.0014789 5.20787 -0.0302262 0.00171569 5.22186 -0.0290983
0.00188533 5.2387 -0.0275474 0.00203111 5.24237 -0.0257915 0.0020593 5.27988 -0.023733 0.00226637
5.23312 -0.0219328 0.0020491 5.35136 -0.0195653 0.00233238 5.14113 -0.0182348 0.00206657 5.47918
-0.0154928 0.00235369 4.86353 -0.0145512 0.00600297 7.6109 -0.0120973 0.00828103 11.9543 -0.00616769
-0.000505139 4.85508 -0.00590174 2.69323e-05 4.82898 -0.00479218 -0.00110542 4.88372 -0.00738602 -0.00170584
4.91482 -0.00928021 -0.00221532 4.94807 -0.0115606 -0.00253354 4.98293 -0.0141493 -0.00260527 5.0186
-0.0169462 -0.00252033 5.05406 -0.019862 -0.00238037 5.08824 -0.0227991 -0.00254788 5.12018 -0.0255656
-0.00278633 5.14925 -0.0277445 -0.00239842 5.17522 -0.0288989 -0.00112003 5.19785 -0.0289742 0.000311095
5.21678 -0.0283365 0.00108 5.23299 -0.0273322 0.00147056 5.24594 -0.0260701 0.00168026 5.26142
-0.0245644 0.0018161 5.26362 -0.0229374 0.00184678 5.29943 -0.0210682 0.00200142 5.25122 -0.0194364
0.00183004 5.36756 -0.017317 0.00205541 5.156 -0.0161136 0.00186891 5.49161 -0.0136634 0.00208071
4.87472 -0.0127257 0.00520234 7.6186 -0.0105441 0.00731433 11.9569 -0.00538497 -0.000502474 4.85983
-0.0039882 -6.05159e-05 4.8329 -0.00313476 -0.000998554 4.88961 -0.00518712 -0.00149821 4.92217 -0.00677061
-0.00192814 4.95719 -0.00871821 -0.00220593 4.99411 -0.0109776 -0.00232136 5.03204 -0.0134638 -0.00227877
5.06986 -0.0160666 -0.00215615 5.10636 -0.0186977 -0.00249241 5.14039 -0.0212375 -0.00326469 5.17103
-0.0233377 -0.00335626 5.19777 -0.0243681 -0.00183296 5.22043 -0.0241747 1.1198e-06 5.239 -0.0233338
0.000865532 5.25455 -0.0222631 0.00132629 5.26651 -0.0210479 0.00168412 5.28079 -0.0197084 0.00188284
5.28171 -0.0183691 0.00178627 5.31605 -0.0169144 0.00170675 5.2666 -0.0156547 0.0015221 5.3813
-0.0139636 0.00166196 5.16859 -0.0129713 0.00156648 5.50211 -0.0109546 0.00168598 4.88405 -0.0100255
0.00415106 7.62486 -0.0080266 0.00604056 11.9588 -0.00377316 -0.000392631 4.8631 -0.00271652 -8.44568e-05
4.83559 -0.00222192 -0.000749421 4.8937 -0.00349583 -0.00111338 4.92738 -0.00458892 -0.00144167 4.96381
-0.00599191 -0.00169597 5.00238 -0.00764687 -0.00181417 5.0421 -0.00943192 -0.0016565 5.08176 -0.0112015
-0.00127982 5.12005 -0.0128491 -0.000966382 5.15571 -0.0143175 -0.000971421 5.18761 -0.0155236 -0.000931573
5.215 -0.016234 -0.000347854 5.23774 -0.0163612 0.000322364 5.25603 -0.016051 0.000744088 5.27099
-0.0154083 0.00111576 5.28212 -0.0145362 0.00155346 5.29545 -0.0135568 0.00176576 5.29541 -0.0126415
0.00156827 5.32867 -0.0117144 0.00129506 5.27828 -0.0108976 0.00111054 5.39174 -0.00973998 0.00118149
5.17813 -0.0089892 0.00115043 5.50999 -0.00747211 0.00116712 4.89084 -0.0065546 0.0028698 7.62894
-0.00468554 0.00440958 11.9594 -0.00144841 -0.000221307 4.86512 -0.00147228 -6.44626e-05 4.83733 -0.00129193
-0.000409655 4.89619 -0.00182697 -0.000601699 4.93054 -0.00236272 -0.00077613 4.96786 -0.00307993 -0.000916022
5.00746 -0.00392615 -0.000944141 5.0483 -0.00480763 -0.000740321 5.0891 -0.00564551 -0.000461532 5.12848
-0.00641703 -0.000307485 5.16511 -0.00709387 -0.000211992 5.19776 -0.00759134 -3.59229e-05 5.22559 -0.00791436
0.000144837 5.24847 -0.00809942 0.000265834 5.26661 -0.00807523 0.000424996 5.2812 -0.00781611 0.000638705
5.2918 -0.00739121 0.00088901 5.30455 -0.00691501 0.000933902 5.30392 -0.00647315 0.000820949 5.33654
-0.00601796 0.000668565 5.28557 -0.00558444 0.000587723 5.39821 -0.00498015 0.000625327 5.18396 -0.00452658
0.00061623 5.51465 -0.00363815 0.000575453 4.89453 -0.00295805 0.00140719 7.63011 -0.0016675 0.00230315
11.9578 0.000176671 -0.000121722 0 -0.000786903 -4.10544e-05 0 -0.000727149 -0.000219439 0
-0.000946722 -0.000317727 0 -0.00120441 -0.000402222 0 -0.00155711 -0.000456833 0 -0.00196661
-0.00043818 0 -0.00238528 -0.00028048 0 -0.00278546 -0.000159026 0 -0.00318884 -0.000210464
0 -0.00357304 -0.000224354 0 -0.00382913 -8.36849e-05 0 -0.00397311 5.71994e-05 0
-0.00406586 0.000128695 0 -0.00406331 0.00021057 0 -0.00394375 0.00032851 0 -0.0037445
0.000420292 0 -0.00353653 0.000359441 0 -0.00332854 0.000330767 0 -0.0030863 0.000309586
0 -0.00283445 0.000299199 0 -0.0025116 0.000325143 0 -0.00223947 0.000317548 0
-0.001727 0.000276976 0 -0.00127691 0.000660171 0 -0.000479732 0.00113728 0 0.000514676
0.000147906 4.6484 -0.00247496 0.00017169 4.63175 -0.00239726 8.00376e-05 -0 -0.000678425 7.08209e-05
-0 -0.000883728 0.000138328 4.66599 -0.0024966 6.98656e-05 -0 -0.0010165 0.000149937 4.68484
-0.00246973 7.70629e-05 -0 -0.0010948 0.000183713 4.70534 -0.00239488 9.29111e-05 -0 -0.00112548
0.000230643 4.72793 -0.00226664 0.000105943 -0 -0.00111514 0.000295245 4.75304 -0.00206635 0.000121408
-0 -0.00105977 0.000271532 4.65197 -0.00594675 0.000315695 4.63547 -0.00635309 0.000254208 4.66938
-0.00556557 0.00027941 4.68805 -0.00518777 0.000354699 4.70833 -0.00479112 0.00048457 4.73064 -0.00433792
0.000673271 4.75539 -0.00377791 0.000314154 4.65801 -0.00828221 0.000350926 4.64204 -0.00905477 0.000313132
4.67491 -0.00756234 0.000363657 4.69307 -0.00686726 0.000487989 4.71284 -0.00615936 0.000709842 4.7346
-0.00538524 0.00103532 4.75869 -0.0044768 0.000280453 4.66484 -0.00803944 0.000305812 4.64956 -0.00883052
0.000295157 4.68107 -0.00724574 0.000368645 4.69854 -0.00644316 0.000531618 4.71761 -0.00560002 0.000813573
4.7386 -0.00466523 0.00122666 4.76181 -0.00356876 0.000154716 4.67042 -0.0055857 0.000192479 4.65593
-0.00662216 0.000165954 4.68586 -0.00461911 0.000250075 4.70257 -0.00370182 0.000435595 4.72086 -0.00279196
0.000745689 4.74098 -0.00182201 0.00119897 4.76321 -0.000708751 -0.000140028 4.67217 0.000739555 -0.000105711
4.65857 -0.000249606 -0.00011628 4.68682 0.00156277 -9.90678e-06 4.70278 0.00227022 0.000206316 4.72034
0.00292111 0.000554823 4.73971 0.0035965 0.00105153 4.7611 0.00439376 -0.00057268 4.66624 0.0121148
-0.000579821 4.65301 0.0123571 -0.000507784 4.6806 0.0118369 -0.000359116 4.69633 0.0115509 -9.84999e-05
4.71367 0.0112987 0.000297151 4.73278 0.0111444 0.000838168 4.75379 0.0111684 -0.000956092 4.65023
0.0239824 -0.00101017 4.63621 0.0257675 -0.000851231 4.66534 0.0223391 -0.000667673 4.68179 0.0208352
-0.000376064 4.69979 0.0194936 4.27449e-05 4.71943 0.0183532 0.000594275 4.74081 0.017466 -0.00108953
4.62653 0.0301272 -0.00116018 4.61087 0.0324099 -0.000971149 4.6432 0.0279388 -0.000780425 4.66112
0.0258678 -0.000490554 4.68048 0.0239519 -8.5895e-05 4.70133 0.0222334 0.000433679 4.72371 0.0207616
-0.00093031 4.60074 0.0292812 -0.00100935 4.58331 0.0314007 -0.000806196 4.61916 0.0271738 -0.000619291
4.63878 0.0251219 -0.000353103 4.65973 0.0231628 1.51351e-06 4.68207 0.0213487 0.00044784 4.70576
0.0197363 -0.000469728 4.57841 0.0223531 -0.000557742 4.55936 0.0242737 -0.00035059 4.59846 0.0205095
-0.000188276 4.61967 0.0187533 2.74421e-05 4.64212 0.0170977 0.000303287 4.66585 0.0155719 0.000643206
4.6908 0.0142154 0.000283846 4.5649 0.00898191 0.000236844 4.54462 0.0100534 0.00035259 4.58612
0.00799485 0.000451264 4.60844 0.00707803 0.00058596 4.63194 0.00623996 0.000758931 4.65663 0.00548487
0.000964445 4.68243 0.00482321 0.00118766 4.5647 -0.00848985 0.00121418 4.54416 -0.00895688 0.00117712
4.58614 -0.0080514 0.00118937 4.60866 -0.00764179 0.00122638 4.63235 -0.00725357 0.00128106 4.6572
-0.00688611 0.00133964 4.68314 -0.00654211 0.00201696 4.57886 -0.0243881 0.00208921 4.5592 -0.0260731
0.00195411 4.59944 -0.0227612 0.00189723 4.62113 -0.0212012 0.00184035 4.64403 -0.0197218 0.00177559
4.66815 -0.0183402 0.00169459 4.69342 -0.0170727 0.0025458 4.60447 -0.0349984 0.00263911 4.58644
-0.0373765 0.00246241 4.62342 -0.0326568 0.00237762 4.64352 -0.0303846 0.00227248 4.66489 -0.0282185
0.00212707 4.6876 -0.0262042 0.00193179 4.71156 -0.0243801 0.00273475 4.63644 -0.0388059 0.00283975
4.62052 -0.0416524 0.00264098 4.65332 -0.0360954 0.00254306 4.67143 -0.03353 0.00241688 4.69091
-0.031139 0.00222741 4.71185 -0.0289691 0.00194741 4.73424 -0.0270721 0.00262465 4.66821 -0.0338936
0.00271813 4.65439 -0.0362451 0.00253849 4.68309 -0.0317089 0.00243682 4.69929 -0.0296794 0.00229051
4.71699 -0.0278226 0.00206556 4.73632 -0.0261771 0.00173012 4.75732 -0.0248042 0.0022422 4.69284
-0.0218893 0.00230053 4.68022 -0.0225054 0.00218318 4.70659 -0.0212289 0.0021002 4.72168 -0.0205501
0.00196059 4.73833 -0.0198938 0.00172995 4.75672 -0.0193159 0.00137885 4.77695 -0.0188969 0.00173994
4.70719 -0.0100412 0.0017547 4.69445 -0.00926128 0.0017171 4.72096 -0.0106309 0.0016635 4.73599
-0.0110778 0.00155012 4.75255 -0.0114325 0.00134128 4.77087 -0.0117644 0.00100477 4.7911 -0.0121626
0.00131258 4.71359 -0.00365275 0.00130382 4.70014 -0.00283546 0.00130791 4.72795 -0.00438957 0.00127175
4.74351 -0.00505627 0.00117715 4.76054 -0.00567734 0.000989474 4.7793 -0.00629872 0.00067686 4.80003
-0.00699585 0.00101522 4.7311 -0.00192726 0.00104255 4.71621 -0.0014766 0.00098908 4.74718 -0.00237359
0.000917983 4.76473 -0.00283353 0.000749839 4.78402 -0.003345 0.000452913 4.80534 -0.00397046 0.000771045
4.73289 -0.00144185 0.000812912 4.71767 -0.00121066 0.000744594 4.74929 -0.00165204 0.000691879 4.76717
-0.00187233 0.000557808 4.78686 -0.00215186 0.000302682 4.80866 -0.00254832 0.000504546 4.73467 -0.00215294
0.000511046 4.71937 -0.00234188 0.000466747 4.75114 -0.00200423 0.000403584 4.76911 -0.00190451 0.000305772
4.78893 -0.00187772 0.000147729 4.81098 -0.00196392 0.000242209 4.73662 -0.00212637 0.00022598 4.72158
-0.0025683 0.000215518 4.75292 -0.00178803 0.000161822 4.77076 -0.0015332 9.86724e-05 4.79051 -0.00135321
3.43237e-05 4.81257 -0.00126498 0.000119685 0 -0.00154267 0.000107395 0 -0.00193753 0.000108702
0 -0.00124515 7.56578e-05 0 -0.00102132 3.34565e-05 0 -0.000855729 3.76467e-06 0
-0.000756455 -0.00693967 4.52313 0.345093 -0.0274818 4.6029 0.591456 -0.0502205 -1.26412e-35 0.762907
-0.010015 -7.14327e-38 0.432192 0.00151663 4.4934 0.226497 0.00392358 -6.00414e-41 0.285597 0.00218599
4.47839 0.148706 0.00487256 1.15607e-42 0.188653 0.00178101 4.47006 0.0973262 0.00369054 1.4013e-44
0.124861 0.00134228 4.46756 0.0630826 0.00248865 0 0.0823467 0.000987522 4.46972 0.0404164
0.00156608 0 0.0541582 0.000717836 4.47495 0.0255916 0.000913791 0 0.035663 0.000537231
4.4827 0.0159643 0.000516233 0 0.0235886 0.000459347 4.4935 0.00969128 0.000356329 0
0.0156571 0.000408179 4.50674 0.00556789 0.000279582 0 0.010385 0.000430936 4.5213 0.00284634
0.000350528 0 0.00685149 0.000552187 4.53669 0.00104982 0.000577666 0 0.00446529 0.000667372
4.55252 -0.000151514 0.00073318 0 0.00281619 0.000590605 4.56845 -0.00099357 0.00062134 0
0.00161127 0.000377273 4.58425 -0.00159049 0.000339224 -0 0.000713636 0.000252786 4.59993 -0.00198993
0.00016152 -0 7.22837e-05 0.000202408 4.61569 -0.00224367 0.000102705 -0 -0.000371661 -0.00223586
4.3581 -0.166213 0.00340774 4.28932 -0.277215 -0.00455055 4.39974 -0.113862 -0.00308642 4.42645
-0.0787933 -0.00157841 4.44205 -0.0557207 -0.000507267 4.4534 -0.0403417 0.000186845 4.46355 -0.0301112
0.000579139 4.47332 -0.0233265 0.000760562 4.48365 -0.0187816 0.000809881 4.49593 -0.0156522 0.000790082
4.51002 -0.0134196 0.000672018 4.52505 -0.0117734 0.000487719 4.54066 -0.0105111 0.000377283 4.5566
-0.0095014 0.000355953 4.57257 -0.00865889 0.000377908 4.58833 -0.00793992 0.000388232 4.60391 -0.00732942
0.000359322 4.61955 -0.00680707 -0.0182098 4.6609 -0.300958 -0.0206628 4.85426 -0.503153 -0.0159138
4.58116 -0.2036 -0.0104405 4.53764 -0.13996 -0.00614373 4.51342 -0.0983388 -0.00321307 4.50152
-0.0707335 -0.00131888 4.49792 -0.0523892 -0.000179708 4.49937 -0.0401736 0.000457407 4.50446 -0.0319283
0.000766111 4.51324 -0.0262052 0.00089134 4.52484 -0.0220939 0.000830172 4.53804 -0.0190518 0.000612378
4.55223 -0.0167272 0.000382459 4.56696 -0.0148794 0.000339511 4.5819 -0.013336 0.000434294 4.59681
-0.0120152 0.000449565 4.61168 -0.0108921 0.000404189 4.62669 -0.00991665 -0.0397538 4.72488 0.267057
-0.069073 4.97399 0.465404 -0.0219455 4.62187 0.167196 -0.0135318 4.56684 0.101523 -0.00810853
4.5369 0.0582405 -0.0045053 4.522 0.02989 -0.00224888 4.5166 0.0117875 -0.000846253 4.51672
0.000657961 1.39477e-06 4.52069 -0.00589604 0.000471038 4.52841 -0.00956662 0.000701549 4.539 -0.0114638
0.000791646 4.55121 -0.0122786 0.000780691 4.56449 -0.0124368 0.000684344 4.57835 -0.0121961 0.000597596
4.59243 -0.0117108 0.000538087 4.60653 -0.0110819 0.000453008 4.62066 -0.0103742 0.000368171 4.63493
-0.00961488 -0.039127 4.44907 0.118317 -0.0729481 4.417 0.246512 -0.0210523 4.47562 0.0581434
-0.0120117 4.49447 0.0217482 -0.00663722 4.50505 0.000441691 -0.00331737 4.51243 -0.0114355 -0.00138613
4.51883 -0.0173726 -0.000266847 4.52488 -0.0196934 0.000367226 4.53158 -0.0199522 0.00069673 4.54035
-0.0191247 0.000829362 4.55105 -0.0177766 0.000849306 4.56292 -0.0162122 0.000811106 4.57559 -0.014604
0.000735074 4.58874 -0.0130413 0.000620842 4.60205 -0.0115668 0.0004887 4.61535 -0.0101965 0.000369781
4.62865 -0.0089177 0.00026794 4.64211 -0.0077283 -0.0186758 4.58815 -0.469622 -0.0197096 4.60285
-0.736505 -0.017522 4.58255 -0.331416 -0.0114634 4.57652 -0.235081 -0.00672399 4.5686 -0.167672
-0.00353937 4.56192 -0.119871 -0.00151875 4.55772 -0.0860275 -0.000369329 4.5558 -0.0622089 0.000218556
4.55646 -0.0454461 0.000497432 4.56056 -0.0335152 0.000603185 4.56759 -0.0248612 0.000593879 4.57651
-0.0184516 0.000522423 4.58678 -0.013614 0.000423081 4.5979 -0.00990216 0.000304229 4.6095 -0.00701523
0.000179088 4.62135 -0.00474181 6.42087e-05 4.63339 -0.00292025 -3.32343e-05 4.64573 -0.00144931 -0.0124553
4.95031 -0.10272 -0.0218579 5.26293 -0.155772 -0.00894071 4.80216 -0.0691515 -0.00608348 4.71098
-0.0444454 -0.00418091 4.65279 -0.0267406 -0.00281934 4.61535 -0.0141691 -0.00183446 4.59204 -0.00536492
-0.00127317 4.57801 0.000690843 -0.00097721 4.57076 0.00479205 -0.000740278 4.56946 0.00756072 -0.000541718
4.57267 0.0094422 -0.000417905 4.57878 0.0107234 -0.000364984 4.58692 0.0115852 -0.000362227 4.59643
0.0121434 -0.000393273 4.60678 0.0124674 -0.000443645 4.61764 0.0126132 -0.000500626 4.6289 0.0126242
-0.000550541 4.64064 0.0125317 -0.0149516 4.70546 0.528131 -0.0390459 4.83642 0.835944 -0.00390699
4.64319 0.375034 -0.00284512 4.60348 0.271519 -0.0030391 4.57584 0.200494 -0.00304252 4.5574
0.150869 -0.00291596 4.54615 0.11617 -0.00276704 4.53994 0.0919736 -0.00257736 4.53792 0.0750092
-0.00226498 4.54029 0.0629196 -0.00192166 4.54619 0.0541007 -0.00162717 4.55434 0.0474938 -0.00140276
4.56411 0.0424036 -0.00124524 4.57494 0.038363 -0.00114319 4.58641 0.0350537 -0.00108589 4.59826
0.0322669 -0.00105883 4.61044 0.0298537 -0.00103879 4.62302 0.0277112 0.00568948 4.32551 0.0794738
0.018705 4.21857 0.0409265 -0.000209631 4.38551 0.0902077 -0.0024915 4.42252 0.0925059 -0.00345334
4.44278 0.0899916 -0.00373803 4.45536 0.0849512 -0.00367031 4.46458 0.0788524 -0.00340129 4.47216
0.0726225 -0.00307284 4.47975 0.066759 -0.00271808 4.48914 0.0614648 -0.0023758 4.50038 0.0567742
-0.00206515 4.51273 0.0526329 -0.00180352 4.52589 0.0489583 -0.00159838 4.53956 0.0456584 -0.00144622
4.55346 0.0426519 -0.00134006 4.56746 0.0398743 -0.00126709 4.58157 0.0372677 -0.0012113 4.59597
0.0347879 0.0028862 4.48671 -0.301937 0.0256548 4.606 -0.581815 -0.00712711 4.44567 -0.169371
-0.00737 4.42756 -0.0847061 -0.00640712 4.41956 -0.0309336 -0.00545578 4.41811 0.00283959 -0.00458925
4.42121 0.0232518 -0.0038193 4.42694 0.0348577 -0.00318503 4.43481 0.040898 -0.00268041 4.44547
0.0435715 -0.00227133 4.4584 0.0442734 -0.00193767 4.4726 0.0438325 -0.00166993 4.48764 0.0427218
-0.0014619 4.50315 0.041216 -0.00130729 4.51886 0.039471 -0.00119835 4.53462 0.0375729 -0.00112205
4.55049 0.0355721 -0.00106444 4.56665 0.0335038 -0.0286913 4.55109 0.273064 -0.0426366 4.79449
0.414347 -0.0181733 4.45558 0.200857 -0.0132427 4.40814 0.152155 -0.00994277 4.38549 0.118789
-0.00751345 4.37733 0.0954128 -0.00573306 4.37816 0.0788283 -0.00438932 4.38403 0.066912 -0.0033719
4.3932 0.0581623 -0.00260903 4.40564 0.0515384 -0.00204106 4.42052 0.0463546 -0.00161479 4.43666
0.0421637 -0.00129033 4.45356 0.0386666 -0.00104758 4.47084 0.0356634 -0.000874736 4.48827 0.0330102
-0.000760613 4.50573 0.030605 -0.000685221 4.52325 0.0283756 -0.00062415 4.54106 0.0262737 -0.0287558
4.22901 0.359355 -0.0551926 4.22523 0.581107 -0.0136883 4.24926 0.249374 -0.00860268 4.26978
0.175655 -0.00596712 4.28693 0.125857 -0.00424338 4.30356 0.0916877 -0.00303349 4.32035 0.0682433
-0.00214545 4.33682 0.052196 -0.00148953 4.35335 0.0411321 -0.000995388 4.37118 0.0333564 -0.000633649
4.39015 0.0277398 -0.000364971 4.40949 0.0235557 -0.000165133 4.42898 0.0203436 -2.20405e-05 4.44843
0.0178077 7.51743e-05 4.46771 0.0157444 0.000136272 4.4868 0.0140175 0.000173759 4.50582 0.0125344
0.00020324 4.52501 0.0112285 0.00600384 4.20873 -0.290561 0.0192588 4.20395 -0.494306 -9.72379e-05
4.23127 -0.192774 0.000262535 4.25427 -0.129201 0.00102511 4.27376 -0.0878583 0.00152125 4.29258
-0.0607935 0.0018155 4.31127 -0.0432331 0.0019097 4.32935 -0.0319725 0.00187693 4.34719 -0.0247614
0.00179951 4.3661 -0.0200776 0.00170976 4.38599 -0.0169619 0.00161857 4.40607 -0.0148236 0.00153234
4.42619 -0.013309 0.0014573 4.44618 -0.0121894 0.0013942 4.46591 -0.0113185 0.00134082 4.4854
-0.0106082 0.00129326 4.50477 -0.00999878 0.00125031 4.52427 -0.00945486 0.0154381 4.50789 -0.252542
0.022686 4.75353 -0.387355 0.0102472 4.41537 -0.183363 0.00864985 4.37266 -0.137433 0.00748371
4.35505 -0.106594 0.00652281 4.35183 -0.0855451 0.00577382 4.35714 -0.0710409 0.0051189 4.36684
-0.0609086 0.00452107 4.37918 -0.0536486 0.00401289 4.39426 -0.0482597 0.00358807 4.41134 -0.0441042
0.00323304 4.42929 -0.0407694 0.00294229 4.44772 -0.0379928 0.00271064 4.46633 -0.0355983 0.00252743
4.48487 -0.0334518 0.00238412 4.50328 -0.0314711 0.00227011 4.52166 -0.0296024 0.00217306 4.54021
-0.0278082 -0.0116738 4.44699 0.273993 -0.0421118 4.56795 0.556235 0.00274473 4.4088 0.143758
0.00564425 4.39527 0.0619769 0.00626303 4.39216 0.0111725 0.0063176 4.39554 -0.0199101 0.00612768
4.40306 -0.0380531 0.00577327 4.41262 -0.0478265 0.0053095 4.4237 -0.0524161 0.00483861 4.43705
-0.0539531 0.00442168 4.45225 -0.0537587 0.00405644 4.46833 -0.0525999 0.00373203 4.48494 -0.0509007
0.00345502 4.5018 -0.0489089 0.0032228 4.51867 -0.0467445 0.00303284 4.53545 -0.0444735 0.00287877
4.5522 -0.042139 0.00274911 4.56911 -0.0397635 -0.0159026 4.30015 -0.12737 -0.0381834 4.17989
-0.0908698 -0.00477519 4.36818 -0.134393 0.000700388 4.41093 -0.132423 0.00360909 4.43519 -0.125439
0.00507703 4.45087 -0.116088 0.00572329 4.46262 -0.106106 0.00585697 4.47234 -0.0965464 0.00567887
4.4817 -0.0879169 0.00531571 4.49255 -0.0803542 0.00490176 4.50503 -0.0737975 0.00449697 4.51843
-0.0681136 0.00412614 4.53246 -0.0631394 0.00380444 4.54687 -0.0587364 0.00353229 4.56142 -0.0547813
0.0033058 4.57596 -0.0511637 0.00311965 4.59053 -0.0478052 0.00296627 4.6053 -0.0446469 0.00654366
4.73037 -0.577149 0.0258264 4.86126 -0.896333 -0.00059494 4.66738 -0.41746 0.00112004 4.62668
-0.308711 0.00319037 4.5978 -0.233374 0.00443102 4.57829 -0.180048 0.0050489 4.56628 -0.142168
0.00522338 4.5596 -0.11528 0.00511735 4.55729 -0.0960782 0.0048346 4.55948 -0.0821281 0.00448277
4.56526 -0.0717451 0.00412967 4.57333 -0.0638088 0.00381719 4.58301 -0.057563 0.00354692 4.59376
-0.0525069 0.00331745 4.60516 -0.0483096 0.00312406 4.61692 -0.0447305 0.00296272 4.62895 -0.0415994
0.00282943 4.64138 -0.0387991 0.00454252 5.02243 0.0831442 0.00968752 5.3549 0.132449 0.00451188
4.86244 0.0510883 0.00439922 4.76302 0.0274069 0.00431191 4.69884 0.0104353 0.00415718 4.65711
-0.00157792 0.0039334 4.63072 -0.00990541 0.00366208 4.61446 -0.01552 0.00338914 4.60555 -0.0191966
0.0031594 4.603 -0.0215407 0.00298636 4.6052 -0.0229893 0.00285085 4.61044 -0.023828 0.00274378
4.61782 -0.0242353 0.00266781 4.62664 -0.0243312 0.00261005 4.63636 -0.0242089 0.00254317 4.64663
-0.0239307 0.00246069 4.6573 -0.0235379 0.00237359 4.66845 -0.0230594 0.00995047 4.6506 0.475526
0.00370413 4.6739 0.746996 0.0128391 4.64068 0.334029 0.00965787 4.63145 0.234771 0.00671982
4.62077 0.164904 0.00467932 4.61179 0.115024 0.00338784 4.60572 0.0794869 0.00259866 4.6022
0.0543673 0.00212254 4.60149 0.0366633 0.00187253 4.60442 0.0240843 0.00176858 4.61041 0.015011
0.00174083 4.61835 0.00836148 0.00173874 4.62767 0.00341631 0.00176293 4.63791 -0.000295294 0.00180652
4.64867 -0.00310704 0.00183965 4.6597 -0.00526103 0.00182667 4.67093 -0.00693428 0.00178182 4.68246
-0.008243 0.0342013 4.48834 -0.125199 0.0632954 4.44932 -0.256686 0.0184722 4.52084 -0.0643443
0.0113346 4.54389 -0.0283126 0.00726058 4.55689 -0.00776486 0.00477326 4.56552 0.00327231 0.00333226
4.57238 0.00845484 0.00247467 4.57834 0.0101783 0.00193747 4.58457 0.0100094 0.00161812 4.59269
0.00890523 0.00144339 4.60265 0.0074034 0.00135892 4.6137 0.00578691 0.00130722 4.62549 0.00420228
0.00126055 4.63771 0.00272403 0.00123846 4.65009 0.00137748 0.00125194 4.66246 0.000160909 0.00127193
4.67482 -0.000938102 0.00128706 4.68731 -0.00193264 0.0390744 4.76277 -0.291251 0.0670155 4.99801
-0.501403 0.0219063 4.66918 -0.18682 0.014473 4.62105 -0.118657 0.00974563 4.59559 -0.074016
0.0065391 4.58335 -0.0448676 0.00448997 4.5793 -0.0262362 0.00317082 4.57985 -0.0146955 0.00231275
4.58364 -0.00777606 0.00177254 4.5908 -0.0037453 0.00143317 4.6006 -0.00148205 0.00122972 4.61188
-0.00029396 0.00111314 4.62413 0.000245508 0.00103153 4.6369 0.000388606 0.000973088 4.64985 0.000291948
0.000946037 4.6628 5.69369e-05 0.0009817 4.67573 -0.000252807 0.00104518 4.6888 -0.000619748 0.0010634
4.70221 -0.00103454 0.0190433 4.71762 0.275013 0.0204908 4.90222 0.470944 0.0169537 4.64445
0.180249 0.0119401 4.60646 0.118366 0.00798718 4.58619 0.0779906 0.00525662 4.57664 0.0513572
0.00346629 4.57411 0.033854 0.0023433 4.57568 0.02243 0.0016485 4.58024 0.0149598 0.00124265
4.58805 0.0100095 0.00100221 4.59843 0.00665966 0.000861858 4.61025 0.00435205 0.000803184 4.62299
0.00273399 0.000792896 4.63621 0.0015793 0.000787472 4.64957 0.000744998 0.000780586 4.66289 0.000137217
0.000806093 4.67618 -0.000311142 0.000855894 4.68959 -0.00065909 0.000859115 4.70333 -0.000951535 -0.000380114
4.43401 0.114142 -0.0105596 4.348 0.217065 0.00339363 4.48378 0.0678669 0.00312506 4.51606
0.0383537 0.00242873 4.53486 0.0202023 0.00183884 4.54754 0.00912739 0.00138744 4.55762 0.00260491
0.00109675 4.56634 -0.00104694 0.000930384 4.57503 -0.00297009 0.000822726 4.5853 -0.00389236 0.000737907
4.59722 -0.00424708 0.000672704 4.61003 -0.00428256 0.000637517 4.62341 -0.00414382 0.000624582 4.63706
-0.00391182 0.000611047 4.65071 -0.00363476 0.000589091 4.66422 -0.00334632 0.00054986 4.67765 -0.00307049
0.000522545 4.69115 -0.00280951 0.000514358 4.70496 -0.00256299 0.00024707 4.63585 -0.416457 0.0150974
4.69676 -0.683149 -0.0055628 4.61216 -0.284738 -0.00408202 4.59918 -0.196414 -0.00227662 4.59028
-0.136587 -0.00105903 4.58552 -0.0954362 -0.000300263 4.58451 -0.0671647 0.000154602 4.58605 -0.0478787
0.000416732 4.59 -0.0347341 0.000509149 4.59703 -0.0256841 0.000514995 4.60662 -0.0193319 0.000489924
4.6177 -0.0147881 0.000454596 4.62976 -0.0114746 0.00041652 4.64238 -0.00901247 0.000379844 4.65521
-0.00715672 0.000339637 4.66808 -0.00574076 0.000282463 4.68097 -0.00465312 0.000217333 4.69402 -0.00380633
0.00019637 4.70747 -0.00312499 0.00260801 0 -0.495222 0.0389972 0 -0.850017 -0.00869968
0 -0.33471 -0.00744129 0 -0.227278 -0.0047992 0 -0.15557 -0.00278018 0
-0.10685 -0.00141991 0 -0.0737913 -0.000562199 0 -0.0515308 -6.19276e-05 0 -0.0365583
0.00015661 0 -0.0263945 0.000241156 0 -0.0193681 0.000268161 0 -0.0144238 0.000262587
0 -0.0108814 0.000239959 0 -0.00829954 0.000213658 0 -0.00639502 0.000187047 0
-0.00497101 0.000155668 0 -0.00389696 0.000103781 0 -0.00308226 8.13987e-05 0 -0.00244628
-0.592096 4.25002 2.1456 -0.726285 4.48236 2.5312 -0.82385 4.62187 2.67802 -0.52611
-1.20281e-37 1.38309 -0.469096 7.31752e-37 1.13251 -0.383104 -1.0136e-35 0.968944 -0.260109 -3.24674e-33
1.06154 0.164601 3.66277 4.14823 -0.217721 3.87934 2.86016 -0.189109 4.68144 1.55821
0.470285 3.79745 5.46308 0.0708042 4.09353 3.53336 -0.184952 -1.79621e-32 1.63078 -0.2953
-1.12783e-29 2.43038 -0.133805 4.65607 1.38466 -0.238443 -3.11908e-30 1.94062 -0.102283 4.68001
1.175 -0.187127 4.8412e-31 1.56833 -0.0770799 4.67682 0.988911 -0.141302 1.10923e-31 1.28959
-0.0551759 4.66016 0.838265 -0.10187 2.58089e-33 1.07736 -0.0389981 4.63813 0.715607 -0.0713894
-2.9884e-34 0.910688 1.36176 2.9286 11.7199 1.78224 0.834048 11.8545 2.67508 -0.747421
12.1931 2.09834 1.71645 13.0633 0.0963693 3.805 -1.00819 0.0113287 2.67826 -3.24451
0.583363 3.09604 3.09138 0.067757 3.89231 -0.737703 0.0448384 4.03435 -0.571112 0.0274666
4.12925 -0.466836 0.0155035 4.19721 -0.391645 0.00751482 4.24936 -0.33395 0.30698 -2.09854
-1.92061 0.384457 0.870975 -4.01946 0.227677 1.18178 -4.30991 -0.614794 1.70817 -8.50477
-1.34244 0.206258 -13.2536 -0.66067 -2.037 -10.7531 0.0736498 5.66282 -1.38366 -0.333125
3.94952 -3.59695 -0.386104 2.34255 -6.35159 0.0342149 5.43057 -1.19289 0.0120176 5.2817
-0.994047 -0.00372663 5.15349 -0.833466 -0.0143755 5.04508 -0.706793 -0.0201984 4.95277 -0.605122
-0.608691 2.01404 -2.41554 -0.63832 2.10413 -2.10676 -0.99265 3.01025 0.358772 -1.081
3.23124 0.510259 -0.619824 2.03369 -2.4627 -0.11808 4.88147 3.14766 0.0686779 4.57795
4.55227 -0.775641 3.91309 2.81519 -0.849322 3.72221 0.236329 -0.698611 2.15347 -3.00913
-0.572328 3.10744 -5.43571 -0.23427 5.91419 1.19978 -0.159831 5.6934 1.03486 -0.128841
5.5224 0.879295 -0.109294 5.36168 0.754562 -0.093296 5.22141 0.649877 -0.0808304 5.1012
0.560787 -1.49564 4.71231 3.09534 0.57847 4.64237 18.7891 0.576737 5.01502 19.0871
-1.64157 4.94882 3.40978 0.891223 3.60742 7.91858 2.42542 2.0931 13.5132 0.168343
3.77269 5.94555 -0.165215 3.9977 0.897439 0.349467 3.14616 3.29864 0.502283 3.88058
5.84746 -0.145772 4.12342 0.711575 -0.131392 4.2588 0.561675 -0.115586 4.32537 0.45633
-0.100514 4.3664 0.375729 -0.0874131 4.39707 0.3112 1.81808 1.39825 7.72131 0.624606
0.499798 2.30061 0.413405 -2.16101 1.9056 2.05459 -2.18124 5.38706 0.138935 4.37355
-1.64885 -0.466243 2.11505 -5.2533 -0.379113 2.09338 -2.35852 0.0551875 4.43621 -1.46705
0.0179937 4.52721 -1.2828 -0.00111913 4.56736 -1.12235 -0.012811 4.58902 -0.98399 -0.0191849
4.6026 -0.864752 -1.51647 -0.982499 -14.7819 -0.883098 0.709548 -14.4697 -0.356212 0.749677
-10.0192 -0.639669 1.41568 -5.77493 -0.896616 0.742817 -8.13175 -1.33771 -0.144139 -13.7663
0.00805053 6.31617 -0.31271 -0.325777 3.14814 -1.02773 -0.463945 2.2861 -4.7578 -0.0109455
6.09704 -0.262753 -0.0239522 5.90115 -0.229637 -0.0295913 5.7157 -0.20873 -0.0297443 5.55445
-0.19202 -0.0268422 5.41512 -0.176594 -0.459232 2.11665 -1.1615 -0.300925 3.02967 3.04689
-0.362368 3.21201 3.72545 -0.407832 3.26768 3.75963 -0.47101 2.15354 -1.492 -0.47031
2.1064 -1.3001 0.0644827 2.96396 3.51339 -0.0828328 2.82844 3.12875 -0.471145 2.10827
-1.1305 -0.194917 5.12562 1.93419 0.302258 3.69041 5.59829 -0.0265239 3.626 3.13361
-0.124929 5.06431 1.72476 -0.0960182 5.04298 1.50705 -0.0789279 4.991 1.30984 -0.0635256
4.93986 1.13709 -0.0503085 4.89458 0.989145 2.15204 1.48711 13.8413 0.667307 3.25548
7.94751 0.476596 2.81724 6.37293 1.1287 -3.01288 4.58379 2.85913 -1.51254 15.6734
0.0763765 3.63284 -0.175016 -0.359046 2.9693 -0.833456 0.153111 3.24719 4.61714 0.0604621
3.77289 -0.14076 0.0545843 3.93154 -0.081691 0.0444988 4.0259 -0.0376064 0.0341262 4.09816
-0.00569764 0.0257429 4.16142 0.0184323 0.0845333 -2.87618 -0.152186 -0.413785 2.37345 -2.23356
-0.643657 1.96024 -6.80979 -1.75855 -1.21598 -10.6066 -0.73467 -2.86618 -3.49739 0.164194
5.06523 -1.61616 -0.132032 3.48103 -3.92375 -0.392521 2.34473 -4.83076 0.102884 4.94963
-1.43515 0.0821473 4.87601 -1.21758 0.0662813 4.79734 -1.02477 0.0501136 4.72627 -0.860911
0.0365972 4.66789 -0.72309 -0.877396 1.30104 -25.882 -0.78622 1.21335 -23.7585 -0.136904
1.26632 -1.6346 -0.0949868 1.34186 -2.19222 -0.804522 1.3069 -24.656 -0.00513296 3.98743
2.10397 0.0801914 3.24371 2.95602 -0.16148 1.7672 1.84906 -0.146738 2.29521 -1.43382
-0.947831 1.01283 -7.94259 -0.373543 2.67047 -5.51836 -0.137076 5.77747 0.96376 -0.0984182
5.54387 0.843829 -0.0781218 5.35952 0.723084 -0.0634967 5.19062 0.627067 -0.0533385 5.04436
0.548615 -0.0472212 4.92128 0.483009 -0.375011 1.84039 2.03618 -0.534339 2.08603 4.15179
-0.59817 2.12231 4.63633 -0.359751 1.86048 2.01226 0.509416 2.691 6.04238 0.607524
1.78121 7.38533 -0.254665 1.89108 3.31698 -0.173284 4.00567 1.51064 0.124243 3.32389
3.91477 0.255409 3.15549 5.10851 -0.13271 4.05873 1.29031 -0.111576 4.14604 1.0896
-0.0937864 4.18587 0.929687 -0.0780472 4.20753 0.79955 -0.0659298 4.22181 0.691661 1.17977
3.81734 10.8511 0.976598 2.08019 7.21914 1.74579 -1.94074 5.75595 3.09346 -0.437225
11.7474 0.132002 3.98581 -1.36726 -0.311951 3.28763 -3.79683 -0.181004 3.07731 -0.020104
0.090575 4.03866 -1.16647 0.0684168 4.12594 -0.975465 0.0506628 4.1655 -0.822349 0.0362625
4.18682 -0.69854 0.0260091 4.20076 -0.597064 -3.37104 -0.44124 -11.6717 -1.51935 3.58894
-10.8334 -0.803836 3.10524 -6.94869 -0.482141 2.89733 -5.80061 -0.518853 2.03398 -7.09641
-2.74372 0.65774 -12.9337 0.142521 5.74803 -0.9163 0.0646672 4.16157 -2.03088 -0.23942
3.31691 -4.90147 0.0929318 5.51381 -0.793956 0.0648827 5.32759 -0.676047 0.0455896 5.15634
-0.585216 0.0330046 5.00784 -0.512138 0.0260441 4.88263 -0.451587 0.564948 2.3687 -1.79439
0.506949 2.24522 -1.60341 0.198643 1.62299 1.44863 0.168131 1.73078 1.97731 0.54918
2.4034 -1.78372 0.132159 3.56203 3.85005 0.375641 2.78165 5.39995 0.967687 1.31329
7.79379 0.204617 2.57413 1.28584 0.306974 2.23145 -1.69183 0.0119086 3.52652 -2.85232
-0.16957 5.04507 1.5986 -0.116932 4.92346 1.42511 -0.0998875 4.84583 1.20783 -0.0858601
4.76469 1.01152 -0.0701497 4.69167 0.843251 -0.0557334 4.63157 0.701033 0.745372 1.57691
25.6018 1.58135 1.57231 52.2695 1.53976 1.52395 50.8117 0.682811 1.55807 24.4058
0.602809 2.04448 6.71294 1.75721 -1.16231 10.4217 1.6238 0.522141 12.4628 -0.111201
3.59985 0.129255 0.318683 2.96086 0.874906 0.346361 2.42449 4.77466 -0.094771 3.72439
0.0902977 -0.0860284 3.8771 0.0317944 -0.0733685 3.97343 -0.012064 -0.060327 4.04946 -0.0438919
-0.0490676 4.11704 -0.0682293 -0.0749028 -2.87661 0.0623153 0.377948 2.35971 2.27201 -0.485185
2.85332 -6.28104 -1.13353 -3.03161 -4.60306 -0.0806348 -3.43379 -0.6855 0.162926 5.15457
-2.00406 -0.319364 3.83649 -5.67951 -0.170979 3.28661 -4.57827 0.0997818 5.08545 -1.80332
0.0742614 5.06144 -1.58489 0.0599201 5.01105 -1.38444 0.0468591 4.96197 -1.20719 0.0353758
4.9185 -1.05469 -0.650084 3.21435 -19.3648 -0.69805 3.32054 -19.5993 -4.18038 3.0619
-60.4066 -3.75906 2.96591 -60.6018 -0.68013 3.40988 -7.98978 -0.0777326 3.1683 -3.59599
0.0653837 3.03161 -3.18962 -0.636238 2.93965 -6.30344 -2.17106 1.5524 -13.7355 -0.0432717
6.4171 0.26767 0.288442 3.33227 1.01318 0.0133393 3.82298 -3.22257 -0.0123074 6.20117
0.224203 0.00342615 6.00717 0.195016 0.0118538 5.82095 0.177158 0.0142842 5.65731 0.163607
0.0130413 5.51429 0.15095 0.42716 0.821947 24.4016 0.382777 0.681206 27.0945 0.396311
0.690486 25.6331 0.417114 2.27178 1.50229 0.411604 2.25705 1.17395 0.431184 2.27377
1.13933 0.435579 2.30167 1.30184 0.57883 1.53182 5.82639 0.875261 0.823688 8.20152
-0.179198 4.46547 1.64588 0.391382 2.3474 5.2802 0.388172 2.4132 4.79446 -0.0876588
4.52214 1.47461 -0.0472258 4.61231 1.29306 -0.0244585 4.64773 1.13374 -0.00945241 4.66625
0.995805 -0.000154552 4.6772 0.876526 0.735033 0.925865 14.4356 1.71107 -1.45076 13.1031
1.55535 -2.49937 7.85094 1.48253 -1.02489 14.7105 0.143176 4.04181 -0.910914 -0.281014
3.30709 -3.32428 0.377316 2.44614 2.36428 0.120486 4.158 -0.728579 0.110493 4.29252
-0.579148 0.0982112 4.35562 -0.472212 0.0859754 4.39581 -0.389826 0.07526 4.42727 -0.32338
-1.88085 -2.30021 -5.23533 -1.65404 1.38089 -7.5426 -1.10769 1.95453 -6.32832 -0.847924
3.62473 -8.02811 -2.38104 2.06024 -13.5271 -3.4309 -1.35095 -14.365 0.212288 5.92876
-1.25215 0.0856837 4.89517 -3.24854 -0.462008 3.90793 -5.93976 0.139148 5.70488 -1.09512
0.1148 5.53481 -0.937836 0.100154 5.37527 -0.808134 0.0874371 5.23709 -0.697882 0.0772769
5.12012 -0.603155 1.37277 4.63324 -3.18117 1.18926 4.2429 -2.63414 0.864646 2.81686
-0.390288 0.942831 3.01829 -0.528696 1.50274 4.85274 -3.48048 0.34371 3.92813 3.5722
0.584674 3.08287 5.38144 0.64072 2.07009 2.99529 0.732001 3.57826 -0.281911 0.682302
3.8476 -2.92048 -0.111397 4.59843 -4.67944 -0.0979603 5.69954 1.35564 -0.0525312 5.4692
1.15364 -0.0251768 5.32263 0.950021 -0.00404584 5.19571 0.790716 0.0104024 5.08844 0.667219
0.0186408 4.99778 0.569184 0.539873 1.94953 2.47328 0.272924 1.48559 19.84 0.277425
1.41012 20.474 0.5455 1.96615 2.52551 0.737694 1.60725 8.61413 1.37555 0.259633
13.5771 1.06861 1.62852 7.22445 -0.118973 3.78959 0.941656 -0.00898439 2.40085 3.27011
0.48088 2.26762 6.39776 -0.0897553 3.89509 0.667091 -0.0645203 4.05519 0.50017 -0.0434674
4.16106 0.39803 -0.0282793 4.23894 0.325442 -0.0175143 4.29947 0.270458 -0.368132 0.49287
4.48041 -1.58917 0.478999 -1.21146 -1.61296 -2.03734 -1.54735 -0.24113 -2.25435 2.13509
0.154947 4.68761 -1.71834 -0.603818 3.42309 -5.75883 -0.685658 2.64128 -3.27552 0.104032
4.68066 -1.52879 0.0783629 4.72416 -1.30372 0.0566379 4.73532 -1.1065 0.0372589 4.73238
-0.946752 0.0236309 4.72151 -0.81618 -0.557832 3.65652 -19.2663 -0.508877 3.83437 -19.6561
-4.29503 3.52186 -66.2055 -4.08482 3.35527 -65.7252 -1.98399 1.43204 -13.6192 -1.35492
2.191 -12.1671 -1.00269 2.37552 -10.4842 -0.306791 3.12187 -4.3264 0.0369935 3.24095
-3.00163 -0.553427 3.13692 -7.19044 0.259451 0 -2.6041 0.065056 0 -1.72723
-0.237644 3.66868 -3.71719 0.211884 0 -2.09262 0.168741 0 -1.70125 0.126028
0 -1.40844 0.0880257 0 -1.18437 0.0588351 0 -1.00747 4.85122 4.09796
63.2731 4.72011 4.29239 61.3757 0.213027 4.63666 18.2218 0.387974 4.46114 18.7917
-0.465404 4.10389 2.11822 0.423763 4.25601 18.4013 4.48525 3.8939 62.8535 3.4834
0.104974 38.8242 0.385043 3.85169 10.5903 0.546126 3.70946 6.88284 -0.602858 -7.05772
-3.17885 0.322019 -8.97684 8.34112 -0.229841 1.48101 -19.5559 -0.240272 1.39675 -20.1991
-0.664247 2.05392 -2.23282 -0.773354 1.62598 -11.2197 -1.11605 1.6592 -7.18871 0.163836
3.95965 10.4314 -1.11706 4.11782 2.42387 2.0334 -10.3682 -5.77591 3.90162 -5.43943
8.45416 3.60014 -1.25015 14.4744 -1.2658 -1.13919 -37.0477 -1.46156 -5.02098 -5.50514
-0.435522 0.643699 -25.692 -0.446757 0.635935 -27.1592 -0.512413 0.76107 -24.4525 -0.830896
0.62769 -16.3204 3.1548 -6.06705 10.7781 3.23886 0.317577 39.2551 0.159464 -9.88295
6.03063 0.0493709 -10.0529 0.530716 0.090281 -3.44995 0.561337 -0.737735 -9.43687 8.56194
-1.85261 1.36432 -51.1596 -1.89707 1.34422 -52.658 -0.993892 0.926432 -15.9619 -2.08896
-0.669892 -36.957 -1.62123 0.317676 -12.645 -0.389332 1.9229 3.23476 -0.290143 1.68325
1.8593 3.90936 -8.11793 3.88319 3.88708 -0.666701 37.0545 2.64543 0.581092 13.1694
-4.32959 -0.362167 -36.7779 -4.15275 -7.73164 -3.40782 0.70504 2.55281 -3.78419 0.773086
2.60396 -4.25985 0.46057 2.19604 -1.6492 0.549362 2.36107 -2.91016 0.402299 2.30769
-3.02977 1.97001 -0.534149 36.468 0.967969 1.26102 15.7153 -0.142605 -9.85378 -6.16206
0.76077 -9.43267 -8.59762 0.746585 -2.88622 3.38023 -0.0402614 -10.0008 -0.787846 -3.24412
0.349655 -38.8457 -3.17906 -6.10626 -10.6915 -2.88085 -1.54227 -15.4922 0.787118 0.691681
16.3404 1.50328 -5.40039 5.32249 1.2159 -1.26569 36.8001 1.35337 -0.156923 13.7737
-3.71879 -5.68962 -8.29686 -1.86906 -10.5092 5.83239 -0.53648 4.59682 -18.9008 -0.537766
4.95868 -19.2075 1.01233 4.04278 -2.53021 -0.198369 3.93066 -10.5333 -0.238411 3.75614
-6.06843 0.761594 1.59861 11.3921 0.599232 1.96631 2.25406 -0.243424 -8.89433 -8.69092
0.742233 -6.63923 3.35973 0.810014 -1.90451 11.2295 -0.47825 3.26315 -11.1077 -3.39215
0.423837 -40.6435 0.262074 0 -1.21805 0.29662 0 -1.47659 0.520951 3.95347
-2.83634 0.444527 3.82149 -2.70685 0.337487 3.59279 -2.30692 0.202689 0 -1.04416
0.22934 3.44604 -2.26504 0.969774 3.15182 10.0468 2.78701 -5.28183 4.52341 1.21514
-9.41238 2.32468 1.45949 -1.7981 1.55192 1.19198 0.695627 6.10852 1.09101 1.32578
10.2938 1.42909 0.929856 1.27359 1.01207 1.33545 0.970145 -1.30594 4.32921 2.53875
0.385929 4.33591 17.5161 7.30907 4.3388 61.9623 7.9707 4.73112 61.368 5.95744
4.04766 60.0475 1.22527 1.884 6.39408 0.178337 -9.60424 1.33419 -0.650489 -6.53424
11.6887 -1.64215 -2.48572 -7.87372 -0.964861 -0.842685 -5.46801 0.42074 0.934307 1.49324
-1.91236 -1.67971 -13.1105 -0.929594 -0.947204 -10.4222 -0.0660668 0.468157 -54.8224 -0.135472
0.520571 -55.7702 -0.34368 0.610804 -55.0721 -0.227455 2.969 2.9845 3.73677 2.87157
60.9569 4.13114 2.95688 60.7426 0.700799 3.19988 19.6791 0.65402 3.09417 19.4414
0.541418 2.82352 10.7954 0.621545 2.78242 6.26477 -0.331393 1.71825 1.81367 -0.469986
2.03371 3.63289 0.4383 2.27854 18.4398 0.42077 2.26678 18.9773 0.387497 2.23593
17.4752 0.502626 3.33898 7.04895 1.96768 -11.9636 -5.28165 -2.15035 -11.5244 6.12772
-2.1039 -1.95332 -6.01285 -0.265714 1.05281 -0.246249 0.321668 2.41578 5.00982 -1.48747
1.785 -7.67373 -0.795894 2.07503 -5.2711 -0.514962 2.56532 -18.0723 -0.517762 2.56816
-18.604 -4.85384 2.51574 -49.9423 -4.46062 2.53494 -51.4902 -0.439592 2.52244 -17.1081
-3.94169 2.49554 -51.6111 0.692447 1.54658 23.4392 1.50093 1.55288 52.3373 -0.545596
2.97012 -10.7792 0.408738 3.41482 -3.7877 0.362735 3.36765 -3.76068 0.293566 3.20404
-3.09466 0.218039 3.15961 -3.04264 0.250085 0.976921 10.0102 0.650556 -6.96132 -11.8799
-0.0734273 -9.74028 -1.36878 -0.269991 -2.18136 -1.66902 0.86611 -0.574371 5.58151 0.747899
-0.664652 10.3814 -0.496201 0.593413 -1.97679 -0.350476 1.10004 -1.27742 0.568238 2.01668
2.14463 0.288465 1.56556 18.3592 -0.211232 1.19987 68.4116 -0.0819038 1.11982 70.0074
-0.284831 1.28914 64.8296 -0.217113 0.798777 4.65686 -1.36937 -9.11589 -2.22083 -2.79057
-4.10287 -4.58018 -2.71928 -0.703487 -12.8314 -1.40257 0.018839 -6.43436 -1.16887 0.851382
-0.834734 -1.87992 0.129532 -12.4779 -1.18142 0.438736 -10.8205 -3.60997 3.22653 -63.0916
-0.52053 3.49525 -17.9513 0.102431 0 -1.12826 -0.958315 4.82034 2.91814 0.352985
4.0893 17.1245 3.78386 3.7559 60.3066 -0.256631 -2.13785 -40.4484 0.411318 1.07879
-69.1946 0.563418 1.1652 -67.5264 -0.240746 1.57545 -18.0569 0.664963 1.26704 -63.7935
4.88291 1.56126 40.2681 1.25648 -10.5353 -4.97885 -2.05407 -5.685 -5.17621 -1.77137
1.26314 -52.8329 0.444952 1.89495 11.5394 3.79469 2.37903 51.6134 4.0714 2.35915
50.0529 3.37124 2.32401 51.8186 -0.400214 2.17329 -11.2048 0.636406 2.48911 -3.28526
2.05959 -5.69016 5.00148 -1.26369 -10.5446 4.67467 0.0537562 0.555793 55.4739 0.0505834
0.502736 54.542 0.205493 0.657296 54.7863 -4.60426 1.34766 -40.0768 -7.4928 4.66807
-61.6725 -6.84059 4.294 -62.1667 -0.356631 4.2972 -17.6045 -5.53922 4.01888 -60.1082
0.512105 -1.83965 41.4664 2.15839 -0.111267 8.00587 2.39903 -1.6833 5.84442 -1.69997
-2.07593 -6.13046 -1.26387 -3.02832 -1.3974 -0.310939 -0.119946 -0.42377 -0.224188 -3.21181
-0.248839 -2.9824 2.9115 -58.2669 -0.500591 3.13046 -17.9011 1.62837 -1.86606 6.35254
1.26532 -2.98277 1.53867 -2.40824 -0.662939 -8.55509 -2.62884 -1.67787 -6.211 1.8949
-8.02578 -5.40048 -0.416629 -7.15385 8.93182 0.505246 2.99959 17.9757 2.99083 2.81249
58.6795 -0.113617 -11.2995 0.52286 0.428441 -7.3868 -9.16399 -2.10977 -7.09209 5.99509
-0.593565 1.93054 -2.65084 -0.256367 1.33386 -19.7131 0.324558 5.36079 18.4708 -1.8127
5.33378 3.83851 -0.433657 0.582009 -26.4698 -0.751107 1.20928 -25.1923 -1.68669 1.22814
-49.3365 -0.668051 2.14901 5.02078 -0.383212 1.97352 2.23703 0.579788 2.51523 -1.97696
0.846122 2.64811 -4.65171 1.40391 1.35522 48.9581 0.628206 1.4232 24.9589 0.418646
0.621398 26.412 1.6632 5.23633 -3.89546 -0.302523 5.29248 -18.5839 0.282529 1.34887
19.977 0.519263 1.87834 2.7168 -4.10639 3.67875 -64.1817 -0.347635 3.98151 -19.0157
0.627232 4.13681 -3.04947 -0.462852 3.41924 4.09206 0.601472 3.2673 19.0025 3.94693
3.00384 58.1642 -3.97881 3.1235 -57.8035 -0.593752 3.39292 -18.9176 0.465221 3.55673
-4.11923 0.251628 1.02286 -67.8158 7.71443 5.09683 58.7832 -0.096628 0.451181 -53.2131
0.308228 2.17205 18.8741 4.1399 2.18621 47.5438 -5.00189 2.36177 -47.3151 -0.408612
2.49959 -18.4925 0.13098 0.482855 52.9759 -7.27103 5.01987 -59.1167 0.0360103 1.06138
68.5941 
